idx_query,idx_anchor,UNIPROT
1024,3504,P00533
1024,998,P00533
1024,364,P00533
1024,1039,P00533
1024,993,P00533
1024,985,P00533
1024,1041,P00533
1024,1045,P00533
1024,1115,P00533
1024,1019,P00533
1024,1092,P00533
1024,1087,P00533
1024,1078,P00533
1024,1057,P00533
1024,1050,P00533
1024,1043,P00533
1024,1074,P00533
1024,979,P00533
1024,1014,P00533
1024,996,P00533
1024,1056,P00533
1024,1086,P00533
1024,991,P00533
1024,1080,P00533
1024,1058,P00533
1024,1116,P00533
1024,1114,P00533
1024,100,P00533
1024,1090,P00533
1024,1005,P00533
1024,1082,P00533
1024,1026,P00533
1024,994,P00533
1024,1065,P00533
1024,1097,P00533
1024,1101,P00533
1024,1025,P00533
1024,999,P00533
1024,1093,P00533
1024,1032,P00533
1024,1083,P00533
1024,1106,P00533
1024,982,P00533
1024,1095,P00533
1024,3155,P00533
1024,1118,P00533
1024,1037,P00533
1024,1105,P00533
1024,1018,P00533
1024,1006,P00533
1024,1035,P00533
1027,3504,P00533
1027,998,P00533
1027,364,P00533
1027,1039,P00533
1027,993,P00533
1027,985,P00533
1027,1041,P00533
1027,1045,P00533
1027,1115,P00533
1027,1019,P00533
1027,1092,P00533
1027,1087,P00533
1027,1078,P00533
1027,1057,P00533
1027,1050,P00533
1027,1043,P00533
1027,1074,P00533
1027,979,P00533
1027,1014,P00533
1027,996,P00533
1027,1056,P00533
1027,1086,P00533
1027,991,P00533
1027,1080,P00533
1027,1058,P00533
1027,1116,P00533
1027,1114,P00533
1027,100,P00533
1027,1090,P00533
1027,1005,P00533
1027,1082,P00533
1027,1026,P00533
1027,994,P00533
1027,1065,P00533
1027,1097,P00533
1027,1101,P00533
1027,1025,P00533
1027,999,P00533
1027,1093,P00533
1027,1032,P00533
1027,1083,P00533
1027,1106,P00533
1027,982,P00533
1027,1095,P00533
1027,3155,P00533
1027,1118,P00533
1027,1037,P00533
1027,1105,P00533
1027,1018,P00533
1027,1006,P00533
1027,1035,P00533
1028,3504,P00533
1028,998,P00533
1028,364,P00533
1028,1039,P00533
1028,993,P00533
1028,985,P00533
1028,1041,P00533
1028,1045,P00533
1028,1115,P00533
1028,1019,P00533
1028,1092,P00533
1028,1087,P00533
1028,1078,P00533
1028,1057,P00533
1028,1050,P00533
1028,1043,P00533
1028,1074,P00533
1028,979,P00533
1028,1014,P00533
1028,996,P00533
1028,1056,P00533
1028,1086,P00533
1028,991,P00533
1028,1080,P00533
1028,1058,P00533
1028,1116,P00533
1028,1114,P00533
1028,100,P00533
1028,1090,P00533
1028,1005,P00533
1028,1082,P00533
1028,1026,P00533
1028,994,P00533
1028,1065,P00533
1028,1097,P00533
1028,1101,P00533
1028,1025,P00533
1028,999,P00533
1028,1093,P00533
1028,1032,P00533
1028,1083,P00533
1028,1106,P00533
1028,982,P00533
1028,1095,P00533
1028,3155,P00533
1028,1118,P00533
1028,1037,P00533
1028,1105,P00533
1028,1018,P00533
1028,1006,P00533
1028,1035,P00533
1029,3504,P00533
1029,998,P00533
1029,364,P00533
1029,1039,P00533
1029,993,P00533
1029,985,P00533
1029,1041,P00533
1029,1045,P00533
1029,1115,P00533
1029,1019,P00533
1029,1092,P00533
1029,1087,P00533
1029,1078,P00533
1029,1057,P00533
1029,1050,P00533
1029,1043,P00533
1029,1074,P00533
1029,979,P00533
1029,1014,P00533
1029,996,P00533
1029,1056,P00533
1029,1086,P00533
1029,991,P00533
1029,1080,P00533
1029,1058,P00533
1029,1116,P00533
1029,1114,P00533
1029,100,P00533
1029,1090,P00533
1029,1005,P00533
1029,1082,P00533
1029,1026,P00533
1029,994,P00533
1029,1065,P00533
1029,1097,P00533
1029,1101,P00533
1029,1025,P00533
1029,999,P00533
1029,1093,P00533
1029,1032,P00533
1029,1083,P00533
1029,1106,P00533
1029,982,P00533
1029,1095,P00533
1029,3155,P00533
1029,1118,P00533
1029,1037,P00533
1029,1105,P00533
1029,1018,P00533
1029,1006,P00533
1029,1035,P00533
1030,3504,P00533
1030,998,P00533
1030,364,P00533
1030,1039,P00533
1030,993,P00533
1030,985,P00533
1030,1041,P00533
1030,1045,P00533
1030,1115,P00533
1030,1019,P00533
1030,1092,P00533
1030,1087,P00533
1030,1078,P00533
1030,1057,P00533
1030,1050,P00533
1030,1043,P00533
1030,1074,P00533
1030,979,P00533
1030,1014,P00533
1030,996,P00533
1030,1056,P00533
1030,1086,P00533
1030,991,P00533
1030,1080,P00533
1030,1058,P00533
1030,1116,P00533
1030,1114,P00533
1030,100,P00533
1030,1090,P00533
1030,1005,P00533
1030,1082,P00533
1030,1026,P00533
1030,994,P00533
1030,1065,P00533
1030,1097,P00533
1030,1101,P00533
1030,1025,P00533
1030,999,P00533
1030,1093,P00533
1030,1032,P00533
1030,1083,P00533
1030,1106,P00533
1030,982,P00533
1030,1095,P00533
1030,3155,P00533
1030,1118,P00533
1030,1037,P00533
1030,1105,P00533
1030,1018,P00533
1030,1006,P00533
1030,1035,P00533
1031,3504,P00533
1031,998,P00533
1031,364,P00533
1031,1039,P00533
1031,993,P00533
1031,985,P00533
1031,1041,P00533
1031,1045,P00533
1031,1115,P00533
1031,1019,P00533
1031,1092,P00533
1031,1087,P00533
1031,1078,P00533
1031,1057,P00533
1031,1050,P00533
1031,1043,P00533
1031,1074,P00533
1031,979,P00533
1031,1014,P00533
1031,996,P00533
1031,1056,P00533
1031,1086,P00533
1031,991,P00533
1031,1080,P00533
1031,1058,P00533
1031,1116,P00533
1031,1114,P00533
1031,100,P00533
1031,1090,P00533
1031,1005,P00533
1031,1082,P00533
1031,1026,P00533
1031,994,P00533
1031,1065,P00533
1031,1097,P00533
1031,1101,P00533
1031,1025,P00533
1031,999,P00533
1031,1093,P00533
1031,1032,P00533
1031,1083,P00533
1031,1106,P00533
1031,982,P00533
1031,1095,P00533
1031,3155,P00533
1031,1118,P00533
1031,1037,P00533
1031,1105,P00533
1031,1018,P00533
1031,1006,P00533
1031,1035,P00533
1033,3504,P00533
1033,998,P00533
1033,364,P00533
1033,1039,P00533
1033,993,P00533
1033,985,P00533
1033,1041,P00533
1033,1045,P00533
1033,1115,P00533
1033,1019,P00533
1033,1092,P00533
1033,1087,P00533
1033,1078,P00533
1033,1057,P00533
1033,1050,P00533
1033,1043,P00533
1033,1074,P00533
1033,979,P00533
1033,1014,P00533
1033,996,P00533
1033,1056,P00533
1033,1086,P00533
1033,991,P00533
1033,1080,P00533
1033,1058,P00533
1033,1116,P00533
1033,1114,P00533
1033,100,P00533
1033,1090,P00533
1033,1005,P00533
1033,1082,P00533
1033,1026,P00533
1033,994,P00533
1033,1065,P00533
1033,1097,P00533
1033,1101,P00533
1033,1025,P00533
1033,999,P00533
1033,1093,P00533
1033,1032,P00533
1033,1083,P00533
1033,1106,P00533
1033,982,P00533
1033,1095,P00533
1033,3155,P00533
1033,1118,P00533
1033,1037,P00533
1033,1105,P00533
1033,1018,P00533
1033,1006,P00533
1033,1035,P00533
1034,3504,P00533
1034,998,P00533
1034,364,P00533
1034,1039,P00533
1034,993,P00533
1034,985,P00533
1034,1041,P00533
1034,1045,P00533
1034,1115,P00533
1034,1019,P00533
1034,1092,P00533
1034,1087,P00533
1034,1078,P00533
1034,1057,P00533
1034,1050,P00533
1034,1043,P00533
1034,1074,P00533
1034,979,P00533
1034,1014,P00533
1034,996,P00533
1034,1056,P00533
1034,1086,P00533
1034,991,P00533
1034,1080,P00533
1034,1058,P00533
1034,1116,P00533
1034,1114,P00533
1034,100,P00533
1034,1090,P00533
1034,1005,P00533
1034,1082,P00533
1034,1026,P00533
1034,994,P00533
1034,1065,P00533
1034,1097,P00533
1034,1101,P00533
1034,1025,P00533
1034,999,P00533
1034,1093,P00533
1034,1032,P00533
1034,1083,P00533
1034,1106,P00533
1034,982,P00533
1034,1095,P00533
1034,3155,P00533
1034,1118,P00533
1034,1037,P00533
1034,1105,P00533
1034,1018,P00533
1034,1006,P00533
1034,1035,P00533
1036,3504,P00533
1036,998,P00533
1036,364,P00533
1036,1039,P00533
1036,993,P00533
1036,985,P00533
1036,1041,P00533
1036,1045,P00533
1036,1115,P00533
1036,1019,P00533
1036,1092,P00533
1036,1087,P00533
1036,1078,P00533
1036,1057,P00533
1036,1050,P00533
1036,1043,P00533
1036,1074,P00533
1036,979,P00533
1036,1014,P00533
1036,996,P00533
1036,1056,P00533
1036,1086,P00533
1036,991,P00533
1036,1080,P00533
1036,1058,P00533
1036,1116,P00533
1036,1114,P00533
1036,100,P00533
1036,1090,P00533
1036,1005,P00533
1036,1082,P00533
1036,1026,P00533
1036,994,P00533
1036,1065,P00533
1036,1097,P00533
1036,1101,P00533
1036,1025,P00533
1036,999,P00533
1036,1093,P00533
1036,1032,P00533
1036,1083,P00533
1036,1106,P00533
1036,982,P00533
1036,1095,P00533
1036,3155,P00533
1036,1118,P00533
1036,1037,P00533
1036,1105,P00533
1036,1018,P00533
1036,1006,P00533
1036,1035,P00533
14,3504,P00533
14,998,P00533
14,364,P00533
14,1039,P00533
14,993,P00533
14,985,P00533
14,1041,P00533
14,1045,P00533
14,1115,P00533
14,1019,P00533
14,1092,P00533
14,1087,P00533
14,1078,P00533
14,1057,P00533
14,1050,P00533
14,1043,P00533
14,1074,P00533
14,979,P00533
14,1014,P00533
14,996,P00533
14,1056,P00533
14,1086,P00533
14,991,P00533
14,1080,P00533
14,1058,P00533
14,1116,P00533
14,1114,P00533
14,100,P00533
14,1090,P00533
14,1005,P00533
14,1082,P00533
14,1026,P00533
14,994,P00533
14,1065,P00533
14,1097,P00533
14,1101,P00533
14,1025,P00533
14,999,P00533
14,1093,P00533
14,1032,P00533
14,1083,P00533
14,1106,P00533
14,982,P00533
14,1095,P00533
14,3155,P00533
14,1118,P00533
14,1037,P00533
14,1105,P00533
14,1018,P00533
14,1006,P00533
14,1035,P00533
15,3504,P00533
15,998,P00533
15,364,P00533
15,1039,P00533
15,993,P00533
15,985,P00533
15,1041,P00533
15,1045,P00533
15,1115,P00533
15,1019,P00533
15,1092,P00533
15,1087,P00533
15,1078,P00533
15,1057,P00533
15,1050,P00533
15,1043,P00533
15,1074,P00533
15,979,P00533
15,1014,P00533
15,996,P00533
15,1056,P00533
15,1086,P00533
15,991,P00533
15,1080,P00533
15,1058,P00533
15,1116,P00533
15,1114,P00533
15,100,P00533
15,1090,P00533
15,1005,P00533
15,1082,P00533
15,1026,P00533
15,994,P00533
15,1065,P00533
15,1097,P00533
15,1101,P00533
15,1025,P00533
15,999,P00533
15,1093,P00533
15,1032,P00533
15,1083,P00533
15,1106,P00533
15,982,P00533
15,1095,P00533
15,3155,P00533
15,1118,P00533
15,1037,P00533
15,1105,P00533
15,1018,P00533
15,1006,P00533
15,1035,P00533
1038,3504,P00533
1038,998,P00533
1038,364,P00533
1038,1039,P00533
1038,993,P00533
1038,985,P00533
1038,1041,P00533
1038,1045,P00533
1038,1115,P00533
1038,1019,P00533
1038,1092,P00533
1038,1087,P00533
1038,1078,P00533
1038,1057,P00533
1038,1050,P00533
1038,1043,P00533
1038,1074,P00533
1038,979,P00533
1038,1014,P00533
1038,996,P00533
1038,1056,P00533
1038,1086,P00533
1038,991,P00533
1038,1080,P00533
1038,1058,P00533
1038,1116,P00533
1038,1114,P00533
1038,100,P00533
1038,1090,P00533
1038,1005,P00533
1038,1082,P00533
1038,1026,P00533
1038,994,P00533
1038,1065,P00533
1038,1097,P00533
1038,1101,P00533
1038,1025,P00533
1038,999,P00533
1038,1093,P00533
1038,1032,P00533
1038,1083,P00533
1038,1106,P00533
1038,982,P00533
1038,1095,P00533
1038,3155,P00533
1038,1118,P00533
1038,1037,P00533
1038,1105,P00533
1038,1018,P00533
1038,1006,P00533
1038,1035,P00533
1040,3504,P00533
1040,998,P00533
1040,364,P00533
1040,1039,P00533
1040,993,P00533
1040,985,P00533
1040,1041,P00533
1040,1045,P00533
1040,1115,P00533
1040,1019,P00533
1040,1092,P00533
1040,1087,P00533
1040,1078,P00533
1040,1057,P00533
1040,1050,P00533
1040,1043,P00533
1040,1074,P00533
1040,979,P00533
1040,1014,P00533
1040,996,P00533
1040,1056,P00533
1040,1086,P00533
1040,991,P00533
1040,1080,P00533
1040,1058,P00533
1040,1116,P00533
1040,1114,P00533
1040,100,P00533
1040,1090,P00533
1040,1005,P00533
1040,1082,P00533
1040,1026,P00533
1040,994,P00533
1040,1065,P00533
1040,1097,P00533
1040,1101,P00533
1040,1025,P00533
1040,999,P00533
1040,1093,P00533
1040,1032,P00533
1040,1083,P00533
1040,1106,P00533
1040,982,P00533
1040,1095,P00533
1040,3155,P00533
1040,1118,P00533
1040,1037,P00533
1040,1105,P00533
1040,1018,P00533
1040,1006,P00533
1040,1035,P00533
1042,3504,P00533
1042,998,P00533
1042,364,P00533
1042,1039,P00533
1042,993,P00533
1042,985,P00533
1042,1041,P00533
1042,1045,P00533
1042,1115,P00533
1042,1019,P00533
1042,1092,P00533
1042,1087,P00533
1042,1078,P00533
1042,1057,P00533
1042,1050,P00533
1042,1043,P00533
1042,1074,P00533
1042,979,P00533
1042,1014,P00533
1042,996,P00533
1042,1056,P00533
1042,1086,P00533
1042,991,P00533
1042,1080,P00533
1042,1058,P00533
1042,1116,P00533
1042,1114,P00533
1042,100,P00533
1042,1090,P00533
1042,1005,P00533
1042,1082,P00533
1042,1026,P00533
1042,994,P00533
1042,1065,P00533
1042,1097,P00533
1042,1101,P00533
1042,1025,P00533
1042,999,P00533
1042,1093,P00533
1042,1032,P00533
1042,1083,P00533
1042,1106,P00533
1042,982,P00533
1042,1095,P00533
1042,3155,P00533
1042,1118,P00533
1042,1037,P00533
1042,1105,P00533
1042,1018,P00533
1042,1006,P00533
1042,1035,P00533
1044,3504,P00533
1044,998,P00533
1044,364,P00533
1044,1039,P00533
1044,993,P00533
1044,985,P00533
1044,1041,P00533
1044,1045,P00533
1044,1115,P00533
1044,1019,P00533
1044,1092,P00533
1044,1087,P00533
1044,1078,P00533
1044,1057,P00533
1044,1050,P00533
1044,1043,P00533
1044,1074,P00533
1044,979,P00533
1044,1014,P00533
1044,996,P00533
1044,1056,P00533
1044,1086,P00533
1044,991,P00533
1044,1080,P00533
1044,1058,P00533
1044,1116,P00533
1044,1114,P00533
1044,100,P00533
1044,1090,P00533
1044,1005,P00533
1044,1082,P00533
1044,1026,P00533
1044,994,P00533
1044,1065,P00533
1044,1097,P00533
1044,1101,P00533
1044,1025,P00533
1044,999,P00533
1044,1093,P00533
1044,1032,P00533
1044,1083,P00533
1044,1106,P00533
1044,982,P00533
1044,1095,P00533
1044,3155,P00533
1044,1118,P00533
1044,1037,P00533
1044,1105,P00533
1044,1018,P00533
1044,1006,P00533
1044,1035,P00533
1046,3504,P00533
1046,998,P00533
1046,364,P00533
1046,1039,P00533
1046,993,P00533
1046,985,P00533
1046,1041,P00533
1046,1045,P00533
1046,1115,P00533
1046,1019,P00533
1046,1092,P00533
1046,1087,P00533
1046,1078,P00533
1046,1057,P00533
1046,1050,P00533
1046,1043,P00533
1046,1074,P00533
1046,979,P00533
1046,1014,P00533
1046,996,P00533
1046,1056,P00533
1046,1086,P00533
1046,991,P00533
1046,1080,P00533
1046,1058,P00533
1046,1116,P00533
1046,1114,P00533
1046,100,P00533
1046,1090,P00533
1046,1005,P00533
1046,1082,P00533
1046,1026,P00533
1046,994,P00533
1046,1065,P00533
1046,1097,P00533
1046,1101,P00533
1046,1025,P00533
1046,999,P00533
1046,1093,P00533
1046,1032,P00533
1046,1083,P00533
1046,1106,P00533
1046,982,P00533
1046,1095,P00533
1046,3155,P00533
1046,1118,P00533
1046,1037,P00533
1046,1105,P00533
1046,1018,P00533
1046,1006,P00533
1046,1035,P00533
1047,3504,P00533
1047,998,P00533
1047,364,P00533
1047,1039,P00533
1047,993,P00533
1047,985,P00533
1047,1041,P00533
1047,1045,P00533
1047,1115,P00533
1047,1019,P00533
1047,1092,P00533
1047,1087,P00533
1047,1078,P00533
1047,1057,P00533
1047,1050,P00533
1047,1043,P00533
1047,1074,P00533
1047,979,P00533
1047,1014,P00533
1047,996,P00533
1047,1056,P00533
1047,1086,P00533
1047,991,P00533
1047,1080,P00533
1047,1058,P00533
1047,1116,P00533
1047,1114,P00533
1047,100,P00533
1047,1090,P00533
1047,1005,P00533
1047,1082,P00533
1047,1026,P00533
1047,994,P00533
1047,1065,P00533
1047,1097,P00533
1047,1101,P00533
1047,1025,P00533
1047,999,P00533
1047,1093,P00533
1047,1032,P00533
1047,1083,P00533
1047,1106,P00533
1047,982,P00533
1047,1095,P00533
1047,3155,P00533
1047,1118,P00533
1047,1037,P00533
1047,1105,P00533
1047,1018,P00533
1047,1006,P00533
1047,1035,P00533
1048,3504,P00533
1048,998,P00533
1048,364,P00533
1048,1039,P00533
1048,993,P00533
1048,985,P00533
1048,1041,P00533
1048,1045,P00533
1048,1115,P00533
1048,1019,P00533
1048,1092,P00533
1048,1087,P00533
1048,1078,P00533
1048,1057,P00533
1048,1050,P00533
1048,1043,P00533
1048,1074,P00533
1048,979,P00533
1048,1014,P00533
1048,996,P00533
1048,1056,P00533
1048,1086,P00533
1048,991,P00533
1048,1080,P00533
1048,1058,P00533
1048,1116,P00533
1048,1114,P00533
1048,100,P00533
1048,1090,P00533
1048,1005,P00533
1048,1082,P00533
1048,1026,P00533
1048,994,P00533
1048,1065,P00533
1048,1097,P00533
1048,1101,P00533
1048,1025,P00533
1048,999,P00533
1048,1093,P00533
1048,1032,P00533
1048,1083,P00533
1048,1106,P00533
1048,982,P00533
1048,1095,P00533
1048,3155,P00533
1048,1118,P00533
1048,1037,P00533
1048,1105,P00533
1048,1018,P00533
1048,1006,P00533
1048,1035,P00533
1049,3504,P00533
1049,998,P00533
1049,364,P00533
1049,1039,P00533
1049,993,P00533
1049,985,P00533
1049,1041,P00533
1049,1045,P00533
1049,1115,P00533
1049,1019,P00533
1049,1092,P00533
1049,1087,P00533
1049,1078,P00533
1049,1057,P00533
1049,1050,P00533
1049,1043,P00533
1049,1074,P00533
1049,979,P00533
1049,1014,P00533
1049,996,P00533
1049,1056,P00533
1049,1086,P00533
1049,991,P00533
1049,1080,P00533
1049,1058,P00533
1049,1116,P00533
1049,1114,P00533
1049,100,P00533
1049,1090,P00533
1049,1005,P00533
1049,1082,P00533
1049,1026,P00533
1049,994,P00533
1049,1065,P00533
1049,1097,P00533
1049,1101,P00533
1049,1025,P00533
1049,999,P00533
1049,1093,P00533
1049,1032,P00533
1049,1083,P00533
1049,1106,P00533
1049,982,P00533
1049,1095,P00533
1049,3155,P00533
1049,1118,P00533
1049,1037,P00533
1049,1105,P00533
1049,1018,P00533
1049,1006,P00533
1049,1035,P00533
1051,3504,P00533
1051,998,P00533
1051,364,P00533
1051,1039,P00533
1051,993,P00533
1051,985,P00533
1051,1041,P00533
1051,1045,P00533
1051,1115,P00533
1051,1019,P00533
1051,1092,P00533
1051,1087,P00533
1051,1078,P00533
1051,1057,P00533
1051,1050,P00533
1051,1043,P00533
1051,1074,P00533
1051,979,P00533
1051,1014,P00533
1051,996,P00533
1051,1056,P00533
1051,1086,P00533
1051,991,P00533
1051,1080,P00533
1051,1058,P00533
1051,1116,P00533
1051,1114,P00533
1051,100,P00533
1051,1090,P00533
1051,1005,P00533
1051,1082,P00533
1051,1026,P00533
1051,994,P00533
1051,1065,P00533
1051,1097,P00533
1051,1101,P00533
1051,1025,P00533
1051,999,P00533
1051,1093,P00533
1051,1032,P00533
1051,1083,P00533
1051,1106,P00533
1051,982,P00533
1051,1095,P00533
1051,3155,P00533
1051,1118,P00533
1051,1037,P00533
1051,1105,P00533
1051,1018,P00533
1051,1006,P00533
1051,1035,P00533
1052,3504,P00533
1052,998,P00533
1052,364,P00533
1052,1039,P00533
1052,993,P00533
1052,985,P00533
1052,1041,P00533
1052,1045,P00533
1052,1115,P00533
1052,1019,P00533
1052,1092,P00533
1052,1087,P00533
1052,1078,P00533
1052,1057,P00533
1052,1050,P00533
1052,1043,P00533
1052,1074,P00533
1052,979,P00533
1052,1014,P00533
1052,996,P00533
1052,1056,P00533
1052,1086,P00533
1052,991,P00533
1052,1080,P00533
1052,1058,P00533
1052,1116,P00533
1052,1114,P00533
1052,100,P00533
1052,1090,P00533
1052,1005,P00533
1052,1082,P00533
1052,1026,P00533
1052,994,P00533
1052,1065,P00533
1052,1097,P00533
1052,1101,P00533
1052,1025,P00533
1052,999,P00533
1052,1093,P00533
1052,1032,P00533
1052,1083,P00533
1052,1106,P00533
1052,982,P00533
1052,1095,P00533
1052,3155,P00533
1052,1118,P00533
1052,1037,P00533
1052,1105,P00533
1052,1018,P00533
1052,1006,P00533
1052,1035,P00533
1053,3504,P00533
1053,998,P00533
1053,364,P00533
1053,1039,P00533
1053,993,P00533
1053,985,P00533
1053,1041,P00533
1053,1045,P00533
1053,1115,P00533
1053,1019,P00533
1053,1092,P00533
1053,1087,P00533
1053,1078,P00533
1053,1057,P00533
1053,1050,P00533
1053,1043,P00533
1053,1074,P00533
1053,979,P00533
1053,1014,P00533
1053,996,P00533
1053,1056,P00533
1053,1086,P00533
1053,991,P00533
1053,1080,P00533
1053,1058,P00533
1053,1116,P00533
1053,1114,P00533
1053,100,P00533
1053,1090,P00533
1053,1005,P00533
1053,1082,P00533
1053,1026,P00533
1053,994,P00533
1053,1065,P00533
1053,1097,P00533
1053,1101,P00533
1053,1025,P00533
1053,999,P00533
1053,1093,P00533
1053,1032,P00533
1053,1083,P00533
1053,1106,P00533
1053,982,P00533
1053,1095,P00533
1053,3155,P00533
1053,1118,P00533
1053,1037,P00533
1053,1105,P00533
1053,1018,P00533
1053,1006,P00533
1053,1035,P00533
1054,3504,P00533
1054,998,P00533
1054,364,P00533
1054,1039,P00533
1054,993,P00533
1054,985,P00533
1054,1041,P00533
1054,1045,P00533
1054,1115,P00533
1054,1019,P00533
1054,1092,P00533
1054,1087,P00533
1054,1078,P00533
1054,1057,P00533
1054,1050,P00533
1054,1043,P00533
1054,1074,P00533
1054,979,P00533
1054,1014,P00533
1054,996,P00533
1054,1056,P00533
1054,1086,P00533
1054,991,P00533
1054,1080,P00533
1054,1058,P00533
1054,1116,P00533
1054,1114,P00533
1054,100,P00533
1054,1090,P00533
1054,1005,P00533
1054,1082,P00533
1054,1026,P00533
1054,994,P00533
1054,1065,P00533
1054,1097,P00533
1054,1101,P00533
1054,1025,P00533
1054,999,P00533
1054,1093,P00533
1054,1032,P00533
1054,1083,P00533
1054,1106,P00533
1054,982,P00533
1054,1095,P00533
1054,3155,P00533
1054,1118,P00533
1054,1037,P00533
1054,1105,P00533
1054,1018,P00533
1054,1006,P00533
1054,1035,P00533
1055,3504,P00533
1055,998,P00533
1055,364,P00533
1055,1039,P00533
1055,993,P00533
1055,985,P00533
1055,1041,P00533
1055,1045,P00533
1055,1115,P00533
1055,1019,P00533
1055,1092,P00533
1055,1087,P00533
1055,1078,P00533
1055,1057,P00533
1055,1050,P00533
1055,1043,P00533
1055,1074,P00533
1055,979,P00533
1055,1014,P00533
1055,996,P00533
1055,1056,P00533
1055,1086,P00533
1055,991,P00533
1055,1080,P00533
1055,1058,P00533
1055,1116,P00533
1055,1114,P00533
1055,100,P00533
1055,1090,P00533
1055,1005,P00533
1055,1082,P00533
1055,1026,P00533
1055,994,P00533
1055,1065,P00533
1055,1097,P00533
1055,1101,P00533
1055,1025,P00533
1055,999,P00533
1055,1093,P00533
1055,1032,P00533
1055,1083,P00533
1055,1106,P00533
1055,982,P00533
1055,1095,P00533
1055,3155,P00533
1055,1118,P00533
1055,1037,P00533
1055,1105,P00533
1055,1018,P00533
1055,1006,P00533
1055,1035,P00533
1059,3504,P00533
1059,998,P00533
1059,364,P00533
1059,1039,P00533
1059,993,P00533
1059,985,P00533
1059,1041,P00533
1059,1045,P00533
1059,1115,P00533
1059,1019,P00533
1059,1092,P00533
1059,1087,P00533
1059,1078,P00533
1059,1057,P00533
1059,1050,P00533
1059,1043,P00533
1059,1074,P00533
1059,979,P00533
1059,1014,P00533
1059,996,P00533
1059,1056,P00533
1059,1086,P00533
1059,991,P00533
1059,1080,P00533
1059,1058,P00533
1059,1116,P00533
1059,1114,P00533
1059,100,P00533
1059,1090,P00533
1059,1005,P00533
1059,1082,P00533
1059,1026,P00533
1059,994,P00533
1059,1065,P00533
1059,1097,P00533
1059,1101,P00533
1059,1025,P00533
1059,999,P00533
1059,1093,P00533
1059,1032,P00533
1059,1083,P00533
1059,1106,P00533
1059,982,P00533
1059,1095,P00533
1059,3155,P00533
1059,1118,P00533
1059,1037,P00533
1059,1105,P00533
1059,1018,P00533
1059,1006,P00533
1059,1035,P00533
1060,3504,P00533
1060,998,P00533
1060,364,P00533
1060,1039,P00533
1060,993,P00533
1060,985,P00533
1060,1041,P00533
1060,1045,P00533
1060,1115,P00533
1060,1019,P00533
1060,1092,P00533
1060,1087,P00533
1060,1078,P00533
1060,1057,P00533
1060,1050,P00533
1060,1043,P00533
1060,1074,P00533
1060,979,P00533
1060,1014,P00533
1060,996,P00533
1060,1056,P00533
1060,1086,P00533
1060,991,P00533
1060,1080,P00533
1060,1058,P00533
1060,1116,P00533
1060,1114,P00533
1060,100,P00533
1060,1090,P00533
1060,1005,P00533
1060,1082,P00533
1060,1026,P00533
1060,994,P00533
1060,1065,P00533
1060,1097,P00533
1060,1101,P00533
1060,1025,P00533
1060,999,P00533
1060,1093,P00533
1060,1032,P00533
1060,1083,P00533
1060,1106,P00533
1060,982,P00533
1060,1095,P00533
1060,3155,P00533
1060,1118,P00533
1060,1037,P00533
1060,1105,P00533
1060,1018,P00533
1060,1006,P00533
1060,1035,P00533
1061,3504,P00533
1061,998,P00533
1061,364,P00533
1061,1039,P00533
1061,993,P00533
1061,985,P00533
1061,1041,P00533
1061,1045,P00533
1061,1115,P00533
1061,1019,P00533
1061,1092,P00533
1061,1087,P00533
1061,1078,P00533
1061,1057,P00533
1061,1050,P00533
1061,1043,P00533
1061,1074,P00533
1061,979,P00533
1061,1014,P00533
1061,996,P00533
1061,1056,P00533
1061,1086,P00533
1061,991,P00533
1061,1080,P00533
1061,1058,P00533
1061,1116,P00533
1061,1114,P00533
1061,100,P00533
1061,1090,P00533
1061,1005,P00533
1061,1082,P00533
1061,1026,P00533
1061,994,P00533
1061,1065,P00533
1061,1097,P00533
1061,1101,P00533
1061,1025,P00533
1061,999,P00533
1061,1093,P00533
1061,1032,P00533
1061,1083,P00533
1061,1106,P00533
1061,982,P00533
1061,1095,P00533
1061,3155,P00533
1061,1118,P00533
1061,1037,P00533
1061,1105,P00533
1061,1018,P00533
1061,1006,P00533
1061,1035,P00533
1062,3504,P00533
1062,998,P00533
1062,364,P00533
1062,1039,P00533
1062,993,P00533
1062,985,P00533
1062,1041,P00533
1062,1045,P00533
1062,1115,P00533
1062,1019,P00533
1062,1092,P00533
1062,1087,P00533
1062,1078,P00533
1062,1057,P00533
1062,1050,P00533
1062,1043,P00533
1062,1074,P00533
1062,979,P00533
1062,1014,P00533
1062,996,P00533
1062,1056,P00533
1062,1086,P00533
1062,991,P00533
1062,1080,P00533
1062,1058,P00533
1062,1116,P00533
1062,1114,P00533
1062,100,P00533
1062,1090,P00533
1062,1005,P00533
1062,1082,P00533
1062,1026,P00533
1062,994,P00533
1062,1065,P00533
1062,1097,P00533
1062,1101,P00533
1062,1025,P00533
1062,999,P00533
1062,1093,P00533
1062,1032,P00533
1062,1083,P00533
1062,1106,P00533
1062,982,P00533
1062,1095,P00533
1062,3155,P00533
1062,1118,P00533
1062,1037,P00533
1062,1105,P00533
1062,1018,P00533
1062,1006,P00533
1062,1035,P00533
1063,3504,P00533
1063,998,P00533
1063,364,P00533
1063,1039,P00533
1063,993,P00533
1063,985,P00533
1063,1041,P00533
1063,1045,P00533
1063,1115,P00533
1063,1019,P00533
1063,1092,P00533
1063,1087,P00533
1063,1078,P00533
1063,1057,P00533
1063,1050,P00533
1063,1043,P00533
1063,1074,P00533
1063,979,P00533
1063,1014,P00533
1063,996,P00533
1063,1056,P00533
1063,1086,P00533
1063,991,P00533
1063,1080,P00533
1063,1058,P00533
1063,1116,P00533
1063,1114,P00533
1063,100,P00533
1063,1090,P00533
1063,1005,P00533
1063,1082,P00533
1063,1026,P00533
1063,994,P00533
1063,1065,P00533
1063,1097,P00533
1063,1101,P00533
1063,1025,P00533
1063,999,P00533
1063,1093,P00533
1063,1032,P00533
1063,1083,P00533
1063,1106,P00533
1063,982,P00533
1063,1095,P00533
1063,3155,P00533
1063,1118,P00533
1063,1037,P00533
1063,1105,P00533
1063,1018,P00533
1063,1006,P00533
1063,1035,P00533
1064,3504,P00533
1064,998,P00533
1064,364,P00533
1064,1039,P00533
1064,993,P00533
1064,985,P00533
1064,1041,P00533
1064,1045,P00533
1064,1115,P00533
1064,1019,P00533
1064,1092,P00533
1064,1087,P00533
1064,1078,P00533
1064,1057,P00533
1064,1050,P00533
1064,1043,P00533
1064,1074,P00533
1064,979,P00533
1064,1014,P00533
1064,996,P00533
1064,1056,P00533
1064,1086,P00533
1064,991,P00533
1064,1080,P00533
1064,1058,P00533
1064,1116,P00533
1064,1114,P00533
1064,100,P00533
1064,1090,P00533
1064,1005,P00533
1064,1082,P00533
1064,1026,P00533
1064,994,P00533
1064,1065,P00533
1064,1097,P00533
1064,1101,P00533
1064,1025,P00533
1064,999,P00533
1064,1093,P00533
1064,1032,P00533
1064,1083,P00533
1064,1106,P00533
1064,982,P00533
1064,1095,P00533
1064,3155,P00533
1064,1118,P00533
1064,1037,P00533
1064,1105,P00533
1064,1018,P00533
1064,1006,P00533
1064,1035,P00533
1066,3504,P00533
1066,998,P00533
1066,364,P00533
1066,1039,P00533
1066,993,P00533
1066,985,P00533
1066,1041,P00533
1066,1045,P00533
1066,1115,P00533
1066,1019,P00533
1066,1092,P00533
1066,1087,P00533
1066,1078,P00533
1066,1057,P00533
1066,1050,P00533
1066,1043,P00533
1066,1074,P00533
1066,979,P00533
1066,1014,P00533
1066,996,P00533
1066,1056,P00533
1066,1086,P00533
1066,991,P00533
1066,1080,P00533
1066,1058,P00533
1066,1116,P00533
1066,1114,P00533
1066,100,P00533
1066,1090,P00533
1066,1005,P00533
1066,1082,P00533
1066,1026,P00533
1066,994,P00533
1066,1065,P00533
1066,1097,P00533
1066,1101,P00533
1066,1025,P00533
1066,999,P00533
1066,1093,P00533
1066,1032,P00533
1066,1083,P00533
1066,1106,P00533
1066,982,P00533
1066,1095,P00533
1066,3155,P00533
1066,1118,P00533
1066,1037,P00533
1066,1105,P00533
1066,1018,P00533
1066,1006,P00533
1066,1035,P00533
1067,3504,P00533
1067,998,P00533
1067,364,P00533
1067,1039,P00533
1067,993,P00533
1067,985,P00533
1067,1041,P00533
1067,1045,P00533
1067,1115,P00533
1067,1019,P00533
1067,1092,P00533
1067,1087,P00533
1067,1078,P00533
1067,1057,P00533
1067,1050,P00533
1067,1043,P00533
1067,1074,P00533
1067,979,P00533
1067,1014,P00533
1067,996,P00533
1067,1056,P00533
1067,1086,P00533
1067,991,P00533
1067,1080,P00533
1067,1058,P00533
1067,1116,P00533
1067,1114,P00533
1067,100,P00533
1067,1090,P00533
1067,1005,P00533
1067,1082,P00533
1067,1026,P00533
1067,994,P00533
1067,1065,P00533
1067,1097,P00533
1067,1101,P00533
1067,1025,P00533
1067,999,P00533
1067,1093,P00533
1067,1032,P00533
1067,1083,P00533
1067,1106,P00533
1067,982,P00533
1067,1095,P00533
1067,3155,P00533
1067,1118,P00533
1067,1037,P00533
1067,1105,P00533
1067,1018,P00533
1067,1006,P00533
1067,1035,P00533
1068,3504,P00533
1068,998,P00533
1068,364,P00533
1068,1039,P00533
1068,993,P00533
1068,985,P00533
1068,1041,P00533
1068,1045,P00533
1068,1115,P00533
1068,1019,P00533
1068,1092,P00533
1068,1087,P00533
1068,1078,P00533
1068,1057,P00533
1068,1050,P00533
1068,1043,P00533
1068,1074,P00533
1068,979,P00533
1068,1014,P00533
1068,996,P00533
1068,1056,P00533
1068,1086,P00533
1068,991,P00533
1068,1080,P00533
1068,1058,P00533
1068,1116,P00533
1068,1114,P00533
1068,100,P00533
1068,1090,P00533
1068,1005,P00533
1068,1082,P00533
1068,1026,P00533
1068,994,P00533
1068,1065,P00533
1068,1097,P00533
1068,1101,P00533
1068,1025,P00533
1068,999,P00533
1068,1093,P00533
1068,1032,P00533
1068,1083,P00533
1068,1106,P00533
1068,982,P00533
1068,1095,P00533
1068,3155,P00533
1068,1118,P00533
1068,1037,P00533
1068,1105,P00533
1068,1018,P00533
1068,1006,P00533
1068,1035,P00533
1069,3504,P00533
1069,998,P00533
1069,364,P00533
1069,1039,P00533
1069,993,P00533
1069,985,P00533
1069,1041,P00533
1069,1045,P00533
1069,1115,P00533
1069,1019,P00533
1069,1092,P00533
1069,1087,P00533
1069,1078,P00533
1069,1057,P00533
1069,1050,P00533
1069,1043,P00533
1069,1074,P00533
1069,979,P00533
1069,1014,P00533
1069,996,P00533
1069,1056,P00533
1069,1086,P00533
1069,991,P00533
1069,1080,P00533
1069,1058,P00533
1069,1116,P00533
1069,1114,P00533
1069,100,P00533
1069,1090,P00533
1069,1005,P00533
1069,1082,P00533
1069,1026,P00533
1069,994,P00533
1069,1065,P00533
1069,1097,P00533
1069,1101,P00533
1069,1025,P00533
1069,999,P00533
1069,1093,P00533
1069,1032,P00533
1069,1083,P00533
1069,1106,P00533
1069,982,P00533
1069,1095,P00533
1069,3155,P00533
1069,1118,P00533
1069,1037,P00533
1069,1105,P00533
1069,1018,P00533
1069,1006,P00533
1069,1035,P00533
1070,3504,P00533
1070,998,P00533
1070,364,P00533
1070,1039,P00533
1070,993,P00533
1070,985,P00533
1070,1041,P00533
1070,1045,P00533
1070,1115,P00533
1070,1019,P00533
1070,1092,P00533
1070,1087,P00533
1070,1078,P00533
1070,1057,P00533
1070,1050,P00533
1070,1043,P00533
1070,1074,P00533
1070,979,P00533
1070,1014,P00533
1070,996,P00533
1070,1056,P00533
1070,1086,P00533
1070,991,P00533
1070,1080,P00533
1070,1058,P00533
1070,1116,P00533
1070,1114,P00533
1070,100,P00533
1070,1090,P00533
1070,1005,P00533
1070,1082,P00533
1070,1026,P00533
1070,994,P00533
1070,1065,P00533
1070,1097,P00533
1070,1101,P00533
1070,1025,P00533
1070,999,P00533
1070,1093,P00533
1070,1032,P00533
1070,1083,P00533
1070,1106,P00533
1070,982,P00533
1070,1095,P00533
1070,3155,P00533
1070,1118,P00533
1070,1037,P00533
1070,1105,P00533
1070,1018,P00533
1070,1006,P00533
1070,1035,P00533
1071,3504,P00533
1071,998,P00533
1071,364,P00533
1071,1039,P00533
1071,993,P00533
1071,985,P00533
1071,1041,P00533
1071,1045,P00533
1071,1115,P00533
1071,1019,P00533
1071,1092,P00533
1071,1087,P00533
1071,1078,P00533
1071,1057,P00533
1071,1050,P00533
1071,1043,P00533
1071,1074,P00533
1071,979,P00533
1071,1014,P00533
1071,996,P00533
1071,1056,P00533
1071,1086,P00533
1071,991,P00533
1071,1080,P00533
1071,1058,P00533
1071,1116,P00533
1071,1114,P00533
1071,100,P00533
1071,1090,P00533
1071,1005,P00533
1071,1082,P00533
1071,1026,P00533
1071,994,P00533
1071,1065,P00533
1071,1097,P00533
1071,1101,P00533
1071,1025,P00533
1071,999,P00533
1071,1093,P00533
1071,1032,P00533
1071,1083,P00533
1071,1106,P00533
1071,982,P00533
1071,1095,P00533
1071,3155,P00533
1071,1118,P00533
1071,1037,P00533
1071,1105,P00533
1071,1018,P00533
1071,1006,P00533
1071,1035,P00533
1072,3504,P00533
1072,998,P00533
1072,364,P00533
1072,1039,P00533
1072,993,P00533
1072,985,P00533
1072,1041,P00533
1072,1045,P00533
1072,1115,P00533
1072,1019,P00533
1072,1092,P00533
1072,1087,P00533
1072,1078,P00533
1072,1057,P00533
1072,1050,P00533
1072,1043,P00533
1072,1074,P00533
1072,979,P00533
1072,1014,P00533
1072,996,P00533
1072,1056,P00533
1072,1086,P00533
1072,991,P00533
1072,1080,P00533
1072,1058,P00533
1072,1116,P00533
1072,1114,P00533
1072,100,P00533
1072,1090,P00533
1072,1005,P00533
1072,1082,P00533
1072,1026,P00533
1072,994,P00533
1072,1065,P00533
1072,1097,P00533
1072,1101,P00533
1072,1025,P00533
1072,999,P00533
1072,1093,P00533
1072,1032,P00533
1072,1083,P00533
1072,1106,P00533
1072,982,P00533
1072,1095,P00533
1072,3155,P00533
1072,1118,P00533
1072,1037,P00533
1072,1105,P00533
1072,1018,P00533
1072,1006,P00533
1072,1035,P00533
1073,3504,P00533
1073,998,P00533
1073,364,P00533
1073,1039,P00533
1073,993,P00533
1073,985,P00533
1073,1041,P00533
1073,1045,P00533
1073,1115,P00533
1073,1019,P00533
1073,1092,P00533
1073,1087,P00533
1073,1078,P00533
1073,1057,P00533
1073,1050,P00533
1073,1043,P00533
1073,1074,P00533
1073,979,P00533
1073,1014,P00533
1073,996,P00533
1073,1056,P00533
1073,1086,P00533
1073,991,P00533
1073,1080,P00533
1073,1058,P00533
1073,1116,P00533
1073,1114,P00533
1073,100,P00533
1073,1090,P00533
1073,1005,P00533
1073,1082,P00533
1073,1026,P00533
1073,994,P00533
1073,1065,P00533
1073,1097,P00533
1073,1101,P00533
1073,1025,P00533
1073,999,P00533
1073,1093,P00533
1073,1032,P00533
1073,1083,P00533
1073,1106,P00533
1073,982,P00533
1073,1095,P00533
1073,3155,P00533
1073,1118,P00533
1073,1037,P00533
1073,1105,P00533
1073,1018,P00533
1073,1006,P00533
1073,1035,P00533
1075,3504,P00533
1075,998,P00533
1075,364,P00533
1075,1039,P00533
1075,993,P00533
1075,985,P00533
1075,1041,P00533
1075,1045,P00533
1075,1115,P00533
1075,1019,P00533
1075,1092,P00533
1075,1087,P00533
1075,1078,P00533
1075,1057,P00533
1075,1050,P00533
1075,1043,P00533
1075,1074,P00533
1075,979,P00533
1075,1014,P00533
1075,996,P00533
1075,1056,P00533
1075,1086,P00533
1075,991,P00533
1075,1080,P00533
1075,1058,P00533
1075,1116,P00533
1075,1114,P00533
1075,100,P00533
1075,1090,P00533
1075,1005,P00533
1075,1082,P00533
1075,1026,P00533
1075,994,P00533
1075,1065,P00533
1075,1097,P00533
1075,1101,P00533
1075,1025,P00533
1075,999,P00533
1075,1093,P00533
1075,1032,P00533
1075,1083,P00533
1075,1106,P00533
1075,982,P00533
1075,1095,P00533
1075,3155,P00533
1075,1118,P00533
1075,1037,P00533
1075,1105,P00533
1075,1018,P00533
1075,1006,P00533
1075,1035,P00533
1076,3504,P00533
1076,998,P00533
1076,364,P00533
1076,1039,P00533
1076,993,P00533
1076,985,P00533
1076,1041,P00533
1076,1045,P00533
1076,1115,P00533
1076,1019,P00533
1076,1092,P00533
1076,1087,P00533
1076,1078,P00533
1076,1057,P00533
1076,1050,P00533
1076,1043,P00533
1076,1074,P00533
1076,979,P00533
1076,1014,P00533
1076,996,P00533
1076,1056,P00533
1076,1086,P00533
1076,991,P00533
1076,1080,P00533
1076,1058,P00533
1076,1116,P00533
1076,1114,P00533
1076,100,P00533
1076,1090,P00533
1076,1005,P00533
1076,1082,P00533
1076,1026,P00533
1076,994,P00533
1076,1065,P00533
1076,1097,P00533
1076,1101,P00533
1076,1025,P00533
1076,999,P00533
1076,1093,P00533
1076,1032,P00533
1076,1083,P00533
1076,1106,P00533
1076,982,P00533
1076,1095,P00533
1076,3155,P00533
1076,1118,P00533
1076,1037,P00533
1076,1105,P00533
1076,1018,P00533
1076,1006,P00533
1076,1035,P00533
1077,3504,P00533
1077,998,P00533
1077,364,P00533
1077,1039,P00533
1077,993,P00533
1077,985,P00533
1077,1041,P00533
1077,1045,P00533
1077,1115,P00533
1077,1019,P00533
1077,1092,P00533
1077,1087,P00533
1077,1078,P00533
1077,1057,P00533
1077,1050,P00533
1077,1043,P00533
1077,1074,P00533
1077,979,P00533
1077,1014,P00533
1077,996,P00533
1077,1056,P00533
1077,1086,P00533
1077,991,P00533
1077,1080,P00533
1077,1058,P00533
1077,1116,P00533
1077,1114,P00533
1077,100,P00533
1077,1090,P00533
1077,1005,P00533
1077,1082,P00533
1077,1026,P00533
1077,994,P00533
1077,1065,P00533
1077,1097,P00533
1077,1101,P00533
1077,1025,P00533
1077,999,P00533
1077,1093,P00533
1077,1032,P00533
1077,1083,P00533
1077,1106,P00533
1077,982,P00533
1077,1095,P00533
1077,3155,P00533
1077,1118,P00533
1077,1037,P00533
1077,1105,P00533
1077,1018,P00533
1077,1006,P00533
1077,1035,P00533
1079,3504,P00533
1079,998,P00533
1079,364,P00533
1079,1039,P00533
1079,993,P00533
1079,985,P00533
1079,1041,P00533
1079,1045,P00533
1079,1115,P00533
1079,1019,P00533
1079,1092,P00533
1079,1087,P00533
1079,1078,P00533
1079,1057,P00533
1079,1050,P00533
1079,1043,P00533
1079,1074,P00533
1079,979,P00533
1079,1014,P00533
1079,996,P00533
1079,1056,P00533
1079,1086,P00533
1079,991,P00533
1079,1080,P00533
1079,1058,P00533
1079,1116,P00533
1079,1114,P00533
1079,100,P00533
1079,1090,P00533
1079,1005,P00533
1079,1082,P00533
1079,1026,P00533
1079,994,P00533
1079,1065,P00533
1079,1097,P00533
1079,1101,P00533
1079,1025,P00533
1079,999,P00533
1079,1093,P00533
1079,1032,P00533
1079,1083,P00533
1079,1106,P00533
1079,982,P00533
1079,1095,P00533
1079,3155,P00533
1079,1118,P00533
1079,1037,P00533
1079,1105,P00533
1079,1018,P00533
1079,1006,P00533
1079,1035,P00533
1081,3504,P00533
1081,998,P00533
1081,364,P00533
1081,1039,P00533
1081,993,P00533
1081,985,P00533
1081,1041,P00533
1081,1045,P00533
1081,1115,P00533
1081,1019,P00533
1081,1092,P00533
1081,1087,P00533
1081,1078,P00533
1081,1057,P00533
1081,1050,P00533
1081,1043,P00533
1081,1074,P00533
1081,979,P00533
1081,1014,P00533
1081,996,P00533
1081,1056,P00533
1081,1086,P00533
1081,991,P00533
1081,1080,P00533
1081,1058,P00533
1081,1116,P00533
1081,1114,P00533
1081,100,P00533
1081,1090,P00533
1081,1005,P00533
1081,1082,P00533
1081,1026,P00533
1081,994,P00533
1081,1065,P00533
1081,1097,P00533
1081,1101,P00533
1081,1025,P00533
1081,999,P00533
1081,1093,P00533
1081,1032,P00533
1081,1083,P00533
1081,1106,P00533
1081,982,P00533
1081,1095,P00533
1081,3155,P00533
1081,1118,P00533
1081,1037,P00533
1081,1105,P00533
1081,1018,P00533
1081,1006,P00533
1081,1035,P00533
1084,3504,P00533
1084,998,P00533
1084,364,P00533
1084,1039,P00533
1084,993,P00533
1084,985,P00533
1084,1041,P00533
1084,1045,P00533
1084,1115,P00533
1084,1019,P00533
1084,1092,P00533
1084,1087,P00533
1084,1078,P00533
1084,1057,P00533
1084,1050,P00533
1084,1043,P00533
1084,1074,P00533
1084,979,P00533
1084,1014,P00533
1084,996,P00533
1084,1056,P00533
1084,1086,P00533
1084,991,P00533
1084,1080,P00533
1084,1058,P00533
1084,1116,P00533
1084,1114,P00533
1084,100,P00533
1084,1090,P00533
1084,1005,P00533
1084,1082,P00533
1084,1026,P00533
1084,994,P00533
1084,1065,P00533
1084,1097,P00533
1084,1101,P00533
1084,1025,P00533
1084,999,P00533
1084,1093,P00533
1084,1032,P00533
1084,1083,P00533
1084,1106,P00533
1084,982,P00533
1084,1095,P00533
1084,3155,P00533
1084,1118,P00533
1084,1037,P00533
1084,1105,P00533
1084,1018,P00533
1084,1006,P00533
1084,1035,P00533
1085,3504,P00533
1085,998,P00533
1085,364,P00533
1085,1039,P00533
1085,993,P00533
1085,985,P00533
1085,1041,P00533
1085,1045,P00533
1085,1115,P00533
1085,1019,P00533
1085,1092,P00533
1085,1087,P00533
1085,1078,P00533
1085,1057,P00533
1085,1050,P00533
1085,1043,P00533
1085,1074,P00533
1085,979,P00533
1085,1014,P00533
1085,996,P00533
1085,1056,P00533
1085,1086,P00533
1085,991,P00533
1085,1080,P00533
1085,1058,P00533
1085,1116,P00533
1085,1114,P00533
1085,100,P00533
1085,1090,P00533
1085,1005,P00533
1085,1082,P00533
1085,1026,P00533
1085,994,P00533
1085,1065,P00533
1085,1097,P00533
1085,1101,P00533
1085,1025,P00533
1085,999,P00533
1085,1093,P00533
1085,1032,P00533
1085,1083,P00533
1085,1106,P00533
1085,982,P00533
1085,1095,P00533
1085,3155,P00533
1085,1118,P00533
1085,1037,P00533
1085,1105,P00533
1085,1018,P00533
1085,1006,P00533
1085,1035,P00533
1088,3504,P00533
1088,998,P00533
1088,364,P00533
1088,1039,P00533
1088,993,P00533
1088,985,P00533
1088,1041,P00533
1088,1045,P00533
1088,1115,P00533
1088,1019,P00533
1088,1092,P00533
1088,1087,P00533
1088,1078,P00533
1088,1057,P00533
1088,1050,P00533
1088,1043,P00533
1088,1074,P00533
1088,979,P00533
1088,1014,P00533
1088,996,P00533
1088,1056,P00533
1088,1086,P00533
1088,991,P00533
1088,1080,P00533
1088,1058,P00533
1088,1116,P00533
1088,1114,P00533
1088,100,P00533
1088,1090,P00533
1088,1005,P00533
1088,1082,P00533
1088,1026,P00533
1088,994,P00533
1088,1065,P00533
1088,1097,P00533
1088,1101,P00533
1088,1025,P00533
1088,999,P00533
1088,1093,P00533
1088,1032,P00533
1088,1083,P00533
1088,1106,P00533
1088,982,P00533
1088,1095,P00533
1088,3155,P00533
1088,1118,P00533
1088,1037,P00533
1088,1105,P00533
1088,1018,P00533
1088,1006,P00533
1088,1035,P00533
1089,3504,P00533
1089,998,P00533
1089,364,P00533
1089,1039,P00533
1089,993,P00533
1089,985,P00533
1089,1041,P00533
1089,1045,P00533
1089,1115,P00533
1089,1019,P00533
1089,1092,P00533
1089,1087,P00533
1089,1078,P00533
1089,1057,P00533
1089,1050,P00533
1089,1043,P00533
1089,1074,P00533
1089,979,P00533
1089,1014,P00533
1089,996,P00533
1089,1056,P00533
1089,1086,P00533
1089,991,P00533
1089,1080,P00533
1089,1058,P00533
1089,1116,P00533
1089,1114,P00533
1089,100,P00533
1089,1090,P00533
1089,1005,P00533
1089,1082,P00533
1089,1026,P00533
1089,994,P00533
1089,1065,P00533
1089,1097,P00533
1089,1101,P00533
1089,1025,P00533
1089,999,P00533
1089,1093,P00533
1089,1032,P00533
1089,1083,P00533
1089,1106,P00533
1089,982,P00533
1089,1095,P00533
1089,3155,P00533
1089,1118,P00533
1089,1037,P00533
1089,1105,P00533
1089,1018,P00533
1089,1006,P00533
1089,1035,P00533
1091,3504,P00533
1091,998,P00533
1091,364,P00533
1091,1039,P00533
1091,993,P00533
1091,985,P00533
1091,1041,P00533
1091,1045,P00533
1091,1115,P00533
1091,1019,P00533
1091,1092,P00533
1091,1087,P00533
1091,1078,P00533
1091,1057,P00533
1091,1050,P00533
1091,1043,P00533
1091,1074,P00533
1091,979,P00533
1091,1014,P00533
1091,996,P00533
1091,1056,P00533
1091,1086,P00533
1091,991,P00533
1091,1080,P00533
1091,1058,P00533
1091,1116,P00533
1091,1114,P00533
1091,100,P00533
1091,1090,P00533
1091,1005,P00533
1091,1082,P00533
1091,1026,P00533
1091,994,P00533
1091,1065,P00533
1091,1097,P00533
1091,1101,P00533
1091,1025,P00533
1091,999,P00533
1091,1093,P00533
1091,1032,P00533
1091,1083,P00533
1091,1106,P00533
1091,982,P00533
1091,1095,P00533
1091,3155,P00533
1091,1118,P00533
1091,1037,P00533
1091,1105,P00533
1091,1018,P00533
1091,1006,P00533
1091,1035,P00533
1094,3504,P00533
1094,998,P00533
1094,364,P00533
1094,1039,P00533
1094,993,P00533
1094,985,P00533
1094,1041,P00533
1094,1045,P00533
1094,1115,P00533
1094,1019,P00533
1094,1092,P00533
1094,1087,P00533
1094,1078,P00533
1094,1057,P00533
1094,1050,P00533
1094,1043,P00533
1094,1074,P00533
1094,979,P00533
1094,1014,P00533
1094,996,P00533
1094,1056,P00533
1094,1086,P00533
1094,991,P00533
1094,1080,P00533
1094,1058,P00533
1094,1116,P00533
1094,1114,P00533
1094,100,P00533
1094,1090,P00533
1094,1005,P00533
1094,1082,P00533
1094,1026,P00533
1094,994,P00533
1094,1065,P00533
1094,1097,P00533
1094,1101,P00533
1094,1025,P00533
1094,999,P00533
1094,1093,P00533
1094,1032,P00533
1094,1083,P00533
1094,1106,P00533
1094,982,P00533
1094,1095,P00533
1094,3155,P00533
1094,1118,P00533
1094,1037,P00533
1094,1105,P00533
1094,1018,P00533
1094,1006,P00533
1094,1035,P00533
1096,3504,P00533
1096,998,P00533
1096,364,P00533
1096,1039,P00533
1096,993,P00533
1096,985,P00533
1096,1041,P00533
1096,1045,P00533
1096,1115,P00533
1096,1019,P00533
1096,1092,P00533
1096,1087,P00533
1096,1078,P00533
1096,1057,P00533
1096,1050,P00533
1096,1043,P00533
1096,1074,P00533
1096,979,P00533
1096,1014,P00533
1096,996,P00533
1096,1056,P00533
1096,1086,P00533
1096,991,P00533
1096,1080,P00533
1096,1058,P00533
1096,1116,P00533
1096,1114,P00533
1096,100,P00533
1096,1090,P00533
1096,1005,P00533
1096,1082,P00533
1096,1026,P00533
1096,994,P00533
1096,1065,P00533
1096,1097,P00533
1096,1101,P00533
1096,1025,P00533
1096,999,P00533
1096,1093,P00533
1096,1032,P00533
1096,1083,P00533
1096,1106,P00533
1096,982,P00533
1096,1095,P00533
1096,3155,P00533
1096,1118,P00533
1096,1037,P00533
1096,1105,P00533
1096,1018,P00533
1096,1006,P00533
1096,1035,P00533
1098,3504,P00533
1098,998,P00533
1098,364,P00533
1098,1039,P00533
1098,993,P00533
1098,985,P00533
1098,1041,P00533
1098,1045,P00533
1098,1115,P00533
1098,1019,P00533
1098,1092,P00533
1098,1087,P00533
1098,1078,P00533
1098,1057,P00533
1098,1050,P00533
1098,1043,P00533
1098,1074,P00533
1098,979,P00533
1098,1014,P00533
1098,996,P00533
1098,1056,P00533
1098,1086,P00533
1098,991,P00533
1098,1080,P00533
1098,1058,P00533
1098,1116,P00533
1098,1114,P00533
1098,100,P00533
1098,1090,P00533
1098,1005,P00533
1098,1082,P00533
1098,1026,P00533
1098,994,P00533
1098,1065,P00533
1098,1097,P00533
1098,1101,P00533
1098,1025,P00533
1098,999,P00533
1098,1093,P00533
1098,1032,P00533
1098,1083,P00533
1098,1106,P00533
1098,982,P00533
1098,1095,P00533
1098,3155,P00533
1098,1118,P00533
1098,1037,P00533
1098,1105,P00533
1098,1018,P00533
1098,1006,P00533
1098,1035,P00533
1099,3504,P00533
1099,998,P00533
1099,364,P00533
1099,1039,P00533
1099,993,P00533
1099,985,P00533
1099,1041,P00533
1099,1045,P00533
1099,1115,P00533
1099,1019,P00533
1099,1092,P00533
1099,1087,P00533
1099,1078,P00533
1099,1057,P00533
1099,1050,P00533
1099,1043,P00533
1099,1074,P00533
1099,979,P00533
1099,1014,P00533
1099,996,P00533
1099,1056,P00533
1099,1086,P00533
1099,991,P00533
1099,1080,P00533
1099,1058,P00533
1099,1116,P00533
1099,1114,P00533
1099,100,P00533
1099,1090,P00533
1099,1005,P00533
1099,1082,P00533
1099,1026,P00533
1099,994,P00533
1099,1065,P00533
1099,1097,P00533
1099,1101,P00533
1099,1025,P00533
1099,999,P00533
1099,1093,P00533
1099,1032,P00533
1099,1083,P00533
1099,1106,P00533
1099,982,P00533
1099,1095,P00533
1099,3155,P00533
1099,1118,P00533
1099,1037,P00533
1099,1105,P00533
1099,1018,P00533
1099,1006,P00533
1099,1035,P00533
1100,3504,P00533
1100,998,P00533
1100,364,P00533
1100,1039,P00533
1100,993,P00533
1100,985,P00533
1100,1041,P00533
1100,1045,P00533
1100,1115,P00533
1100,1019,P00533
1100,1092,P00533
1100,1087,P00533
1100,1078,P00533
1100,1057,P00533
1100,1050,P00533
1100,1043,P00533
1100,1074,P00533
1100,979,P00533
1100,1014,P00533
1100,996,P00533
1100,1056,P00533
1100,1086,P00533
1100,991,P00533
1100,1080,P00533
1100,1058,P00533
1100,1116,P00533
1100,1114,P00533
1100,100,P00533
1100,1090,P00533
1100,1005,P00533
1100,1082,P00533
1100,1026,P00533
1100,994,P00533
1100,1065,P00533
1100,1097,P00533
1100,1101,P00533
1100,1025,P00533
1100,999,P00533
1100,1093,P00533
1100,1032,P00533
1100,1083,P00533
1100,1106,P00533
1100,982,P00533
1100,1095,P00533
1100,3155,P00533
1100,1118,P00533
1100,1037,P00533
1100,1105,P00533
1100,1018,P00533
1100,1006,P00533
1100,1035,P00533
1102,3504,P00533
1102,998,P00533
1102,364,P00533
1102,1039,P00533
1102,993,P00533
1102,985,P00533
1102,1041,P00533
1102,1045,P00533
1102,1115,P00533
1102,1019,P00533
1102,1092,P00533
1102,1087,P00533
1102,1078,P00533
1102,1057,P00533
1102,1050,P00533
1102,1043,P00533
1102,1074,P00533
1102,979,P00533
1102,1014,P00533
1102,996,P00533
1102,1056,P00533
1102,1086,P00533
1102,991,P00533
1102,1080,P00533
1102,1058,P00533
1102,1116,P00533
1102,1114,P00533
1102,100,P00533
1102,1090,P00533
1102,1005,P00533
1102,1082,P00533
1102,1026,P00533
1102,994,P00533
1102,1065,P00533
1102,1097,P00533
1102,1101,P00533
1102,1025,P00533
1102,999,P00533
1102,1093,P00533
1102,1032,P00533
1102,1083,P00533
1102,1106,P00533
1102,982,P00533
1102,1095,P00533
1102,3155,P00533
1102,1118,P00533
1102,1037,P00533
1102,1105,P00533
1102,1018,P00533
1102,1006,P00533
1102,1035,P00533
1103,3504,P00533
1103,998,P00533
1103,364,P00533
1103,1039,P00533
1103,993,P00533
1103,985,P00533
1103,1041,P00533
1103,1045,P00533
1103,1115,P00533
1103,1019,P00533
1103,1092,P00533
1103,1087,P00533
1103,1078,P00533
1103,1057,P00533
1103,1050,P00533
1103,1043,P00533
1103,1074,P00533
1103,979,P00533
1103,1014,P00533
1103,996,P00533
1103,1056,P00533
1103,1086,P00533
1103,991,P00533
1103,1080,P00533
1103,1058,P00533
1103,1116,P00533
1103,1114,P00533
1103,100,P00533
1103,1090,P00533
1103,1005,P00533
1103,1082,P00533
1103,1026,P00533
1103,994,P00533
1103,1065,P00533
1103,1097,P00533
1103,1101,P00533
1103,1025,P00533
1103,999,P00533
1103,1093,P00533
1103,1032,P00533
1103,1083,P00533
1103,1106,P00533
1103,982,P00533
1103,1095,P00533
1103,3155,P00533
1103,1118,P00533
1103,1037,P00533
1103,1105,P00533
1103,1018,P00533
1103,1006,P00533
1103,1035,P00533
1104,3504,P00533
1104,998,P00533
1104,364,P00533
1104,1039,P00533
1104,993,P00533
1104,985,P00533
1104,1041,P00533
1104,1045,P00533
1104,1115,P00533
1104,1019,P00533
1104,1092,P00533
1104,1087,P00533
1104,1078,P00533
1104,1057,P00533
1104,1050,P00533
1104,1043,P00533
1104,1074,P00533
1104,979,P00533
1104,1014,P00533
1104,996,P00533
1104,1056,P00533
1104,1086,P00533
1104,991,P00533
1104,1080,P00533
1104,1058,P00533
1104,1116,P00533
1104,1114,P00533
1104,100,P00533
1104,1090,P00533
1104,1005,P00533
1104,1082,P00533
1104,1026,P00533
1104,994,P00533
1104,1065,P00533
1104,1097,P00533
1104,1101,P00533
1104,1025,P00533
1104,999,P00533
1104,1093,P00533
1104,1032,P00533
1104,1083,P00533
1104,1106,P00533
1104,982,P00533
1104,1095,P00533
1104,3155,P00533
1104,1118,P00533
1104,1037,P00533
1104,1105,P00533
1104,1018,P00533
1104,1006,P00533
1104,1035,P00533
1107,3504,P00533
1107,998,P00533
1107,364,P00533
1107,1039,P00533
1107,993,P00533
1107,985,P00533
1107,1041,P00533
1107,1045,P00533
1107,1115,P00533
1107,1019,P00533
1107,1092,P00533
1107,1087,P00533
1107,1078,P00533
1107,1057,P00533
1107,1050,P00533
1107,1043,P00533
1107,1074,P00533
1107,979,P00533
1107,1014,P00533
1107,996,P00533
1107,1056,P00533
1107,1086,P00533
1107,991,P00533
1107,1080,P00533
1107,1058,P00533
1107,1116,P00533
1107,1114,P00533
1107,100,P00533
1107,1090,P00533
1107,1005,P00533
1107,1082,P00533
1107,1026,P00533
1107,994,P00533
1107,1065,P00533
1107,1097,P00533
1107,1101,P00533
1107,1025,P00533
1107,999,P00533
1107,1093,P00533
1107,1032,P00533
1107,1083,P00533
1107,1106,P00533
1107,982,P00533
1107,1095,P00533
1107,3155,P00533
1107,1118,P00533
1107,1037,P00533
1107,1105,P00533
1107,1018,P00533
1107,1006,P00533
1107,1035,P00533
3156,3504,P00533
3156,998,P00533
3156,364,P00533
3156,1039,P00533
3156,993,P00533
3156,985,P00533
3156,1041,P00533
3156,1045,P00533
3156,1115,P00533
3156,1019,P00533
3156,1092,P00533
3156,1087,P00533
3156,1078,P00533
3156,1057,P00533
3156,1050,P00533
3156,1043,P00533
3156,1074,P00533
3156,979,P00533
3156,1014,P00533
3156,996,P00533
3156,1056,P00533
3156,1086,P00533
3156,991,P00533
3156,1080,P00533
3156,1058,P00533
3156,1116,P00533
3156,1114,P00533
3156,100,P00533
3156,1090,P00533
3156,1005,P00533
3156,1082,P00533
3156,1026,P00533
3156,994,P00533
3156,1065,P00533
3156,1097,P00533
3156,1101,P00533
3156,1025,P00533
3156,999,P00533
3156,1093,P00533
3156,1032,P00533
3156,1083,P00533
3156,1106,P00533
3156,982,P00533
3156,1095,P00533
3156,3155,P00533
3156,1118,P00533
3156,1037,P00533
3156,1105,P00533
3156,1018,P00533
3156,1006,P00533
3156,1035,P00533
3157,3504,P00533
3157,998,P00533
3157,364,P00533
3157,1039,P00533
3157,993,P00533
3157,985,P00533
3157,1041,P00533
3157,1045,P00533
3157,1115,P00533
3157,1019,P00533
3157,1092,P00533
3157,1087,P00533
3157,1078,P00533
3157,1057,P00533
3157,1050,P00533
3157,1043,P00533
3157,1074,P00533
3157,979,P00533
3157,1014,P00533
3157,996,P00533
3157,1056,P00533
3157,1086,P00533
3157,991,P00533
3157,1080,P00533
3157,1058,P00533
3157,1116,P00533
3157,1114,P00533
3157,100,P00533
3157,1090,P00533
3157,1005,P00533
3157,1082,P00533
3157,1026,P00533
3157,994,P00533
3157,1065,P00533
3157,1097,P00533
3157,1101,P00533
3157,1025,P00533
3157,999,P00533
3157,1093,P00533
3157,1032,P00533
3157,1083,P00533
3157,1106,P00533
3157,982,P00533
3157,1095,P00533
3157,3155,P00533
3157,1118,P00533
3157,1037,P00533
3157,1105,P00533
3157,1018,P00533
3157,1006,P00533
3157,1035,P00533
1108,3504,P00533
1108,998,P00533
1108,364,P00533
1108,1039,P00533
1108,993,P00533
1108,985,P00533
1108,1041,P00533
1108,1045,P00533
1108,1115,P00533
1108,1019,P00533
1108,1092,P00533
1108,1087,P00533
1108,1078,P00533
1108,1057,P00533
1108,1050,P00533
1108,1043,P00533
1108,1074,P00533
1108,979,P00533
1108,1014,P00533
1108,996,P00533
1108,1056,P00533
1108,1086,P00533
1108,991,P00533
1108,1080,P00533
1108,1058,P00533
1108,1116,P00533
1108,1114,P00533
1108,100,P00533
1108,1090,P00533
1108,1005,P00533
1108,1082,P00533
1108,1026,P00533
1108,994,P00533
1108,1065,P00533
1108,1097,P00533
1108,1101,P00533
1108,1025,P00533
1108,999,P00533
1108,1093,P00533
1108,1032,P00533
1108,1083,P00533
1108,1106,P00533
1108,982,P00533
1108,1095,P00533
1108,3155,P00533
1108,1118,P00533
1108,1037,P00533
1108,1105,P00533
1108,1018,P00533
1108,1006,P00533
1108,1035,P00533
1109,3504,P00533
1109,998,P00533
1109,364,P00533
1109,1039,P00533
1109,993,P00533
1109,985,P00533
1109,1041,P00533
1109,1045,P00533
1109,1115,P00533
1109,1019,P00533
1109,1092,P00533
1109,1087,P00533
1109,1078,P00533
1109,1057,P00533
1109,1050,P00533
1109,1043,P00533
1109,1074,P00533
1109,979,P00533
1109,1014,P00533
1109,996,P00533
1109,1056,P00533
1109,1086,P00533
1109,991,P00533
1109,1080,P00533
1109,1058,P00533
1109,1116,P00533
1109,1114,P00533
1109,100,P00533
1109,1090,P00533
1109,1005,P00533
1109,1082,P00533
1109,1026,P00533
1109,994,P00533
1109,1065,P00533
1109,1097,P00533
1109,1101,P00533
1109,1025,P00533
1109,999,P00533
1109,1093,P00533
1109,1032,P00533
1109,1083,P00533
1109,1106,P00533
1109,982,P00533
1109,1095,P00533
1109,3155,P00533
1109,1118,P00533
1109,1037,P00533
1109,1105,P00533
1109,1018,P00533
1109,1006,P00533
1109,1035,P00533
1110,3504,P00533
1110,998,P00533
1110,364,P00533
1110,1039,P00533
1110,993,P00533
1110,985,P00533
1110,1041,P00533
1110,1045,P00533
1110,1115,P00533
1110,1019,P00533
1110,1092,P00533
1110,1087,P00533
1110,1078,P00533
1110,1057,P00533
1110,1050,P00533
1110,1043,P00533
1110,1074,P00533
1110,979,P00533
1110,1014,P00533
1110,996,P00533
1110,1056,P00533
1110,1086,P00533
1110,991,P00533
1110,1080,P00533
1110,1058,P00533
1110,1116,P00533
1110,1114,P00533
1110,100,P00533
1110,1090,P00533
1110,1005,P00533
1110,1082,P00533
1110,1026,P00533
1110,994,P00533
1110,1065,P00533
1110,1097,P00533
1110,1101,P00533
1110,1025,P00533
1110,999,P00533
1110,1093,P00533
1110,1032,P00533
1110,1083,P00533
1110,1106,P00533
1110,982,P00533
1110,1095,P00533
1110,3155,P00533
1110,1118,P00533
1110,1037,P00533
1110,1105,P00533
1110,1018,P00533
1110,1006,P00533
1110,1035,P00533
1111,3504,P00533
1111,998,P00533
1111,364,P00533
1111,1039,P00533
1111,993,P00533
1111,985,P00533
1111,1041,P00533
1111,1045,P00533
1111,1115,P00533
1111,1019,P00533
1111,1092,P00533
1111,1087,P00533
1111,1078,P00533
1111,1057,P00533
1111,1050,P00533
1111,1043,P00533
1111,1074,P00533
1111,979,P00533
1111,1014,P00533
1111,996,P00533
1111,1056,P00533
1111,1086,P00533
1111,991,P00533
1111,1080,P00533
1111,1058,P00533
1111,1116,P00533
1111,1114,P00533
1111,100,P00533
1111,1090,P00533
1111,1005,P00533
1111,1082,P00533
1111,1026,P00533
1111,994,P00533
1111,1065,P00533
1111,1097,P00533
1111,1101,P00533
1111,1025,P00533
1111,999,P00533
1111,1093,P00533
1111,1032,P00533
1111,1083,P00533
1111,1106,P00533
1111,982,P00533
1111,1095,P00533
1111,3155,P00533
1111,1118,P00533
1111,1037,P00533
1111,1105,P00533
1111,1018,P00533
1111,1006,P00533
1111,1035,P00533
1112,3504,P00533
1112,998,P00533
1112,364,P00533
1112,1039,P00533
1112,993,P00533
1112,985,P00533
1112,1041,P00533
1112,1045,P00533
1112,1115,P00533
1112,1019,P00533
1112,1092,P00533
1112,1087,P00533
1112,1078,P00533
1112,1057,P00533
1112,1050,P00533
1112,1043,P00533
1112,1074,P00533
1112,979,P00533
1112,1014,P00533
1112,996,P00533
1112,1056,P00533
1112,1086,P00533
1112,991,P00533
1112,1080,P00533
1112,1058,P00533
1112,1116,P00533
1112,1114,P00533
1112,100,P00533
1112,1090,P00533
1112,1005,P00533
1112,1082,P00533
1112,1026,P00533
1112,994,P00533
1112,1065,P00533
1112,1097,P00533
1112,1101,P00533
1112,1025,P00533
1112,999,P00533
1112,1093,P00533
1112,1032,P00533
1112,1083,P00533
1112,1106,P00533
1112,982,P00533
1112,1095,P00533
1112,3155,P00533
1112,1118,P00533
1112,1037,P00533
1112,1105,P00533
1112,1018,P00533
1112,1006,P00533
1112,1035,P00533
1113,3504,P00533
1113,998,P00533
1113,364,P00533
1113,1039,P00533
1113,993,P00533
1113,985,P00533
1113,1041,P00533
1113,1045,P00533
1113,1115,P00533
1113,1019,P00533
1113,1092,P00533
1113,1087,P00533
1113,1078,P00533
1113,1057,P00533
1113,1050,P00533
1113,1043,P00533
1113,1074,P00533
1113,979,P00533
1113,1014,P00533
1113,996,P00533
1113,1056,P00533
1113,1086,P00533
1113,991,P00533
1113,1080,P00533
1113,1058,P00533
1113,1116,P00533
1113,1114,P00533
1113,100,P00533
1113,1090,P00533
1113,1005,P00533
1113,1082,P00533
1113,1026,P00533
1113,994,P00533
1113,1065,P00533
1113,1097,P00533
1113,1101,P00533
1113,1025,P00533
1113,999,P00533
1113,1093,P00533
1113,1032,P00533
1113,1083,P00533
1113,1106,P00533
1113,982,P00533
1113,1095,P00533
1113,3155,P00533
1113,1118,P00533
1113,1037,P00533
1113,1105,P00533
1113,1018,P00533
1113,1006,P00533
1113,1035,P00533
3158,3504,P00533
3158,998,P00533
3158,364,P00533
3158,1039,P00533
3158,993,P00533
3158,985,P00533
3158,1041,P00533
3158,1045,P00533
3158,1115,P00533
3158,1019,P00533
3158,1092,P00533
3158,1087,P00533
3158,1078,P00533
3158,1057,P00533
3158,1050,P00533
3158,1043,P00533
3158,1074,P00533
3158,979,P00533
3158,1014,P00533
3158,996,P00533
3158,1056,P00533
3158,1086,P00533
3158,991,P00533
3158,1080,P00533
3158,1058,P00533
3158,1116,P00533
3158,1114,P00533
3158,100,P00533
3158,1090,P00533
3158,1005,P00533
3158,1082,P00533
3158,1026,P00533
3158,994,P00533
3158,1065,P00533
3158,1097,P00533
3158,1101,P00533
3158,1025,P00533
3158,999,P00533
3158,1093,P00533
3158,1032,P00533
3158,1083,P00533
3158,1106,P00533
3158,982,P00533
3158,1095,P00533
3158,3155,P00533
3158,1118,P00533
3158,1037,P00533
3158,1105,P00533
3158,1018,P00533
3158,1006,P00533
3158,1035,P00533
3159,3504,P00533
3159,998,P00533
3159,364,P00533
3159,1039,P00533
3159,993,P00533
3159,985,P00533
3159,1041,P00533
3159,1045,P00533
3159,1115,P00533
3159,1019,P00533
3159,1092,P00533
3159,1087,P00533
3159,1078,P00533
3159,1057,P00533
3159,1050,P00533
3159,1043,P00533
3159,1074,P00533
3159,979,P00533
3159,1014,P00533
3159,996,P00533
3159,1056,P00533
3159,1086,P00533
3159,991,P00533
3159,1080,P00533
3159,1058,P00533
3159,1116,P00533
3159,1114,P00533
3159,100,P00533
3159,1090,P00533
3159,1005,P00533
3159,1082,P00533
3159,1026,P00533
3159,994,P00533
3159,1065,P00533
3159,1097,P00533
3159,1101,P00533
3159,1025,P00533
3159,999,P00533
3159,1093,P00533
3159,1032,P00533
3159,1083,P00533
3159,1106,P00533
3159,982,P00533
3159,1095,P00533
3159,3155,P00533
3159,1118,P00533
3159,1037,P00533
3159,1105,P00533
3159,1018,P00533
3159,1006,P00533
3159,1035,P00533
3160,3504,P00533
3160,998,P00533
3160,364,P00533
3160,1039,P00533
3160,993,P00533
3160,985,P00533
3160,1041,P00533
3160,1045,P00533
3160,1115,P00533
3160,1019,P00533
3160,1092,P00533
3160,1087,P00533
3160,1078,P00533
3160,1057,P00533
3160,1050,P00533
3160,1043,P00533
3160,1074,P00533
3160,979,P00533
3160,1014,P00533
3160,996,P00533
3160,1056,P00533
3160,1086,P00533
3160,991,P00533
3160,1080,P00533
3160,1058,P00533
3160,1116,P00533
3160,1114,P00533
3160,100,P00533
3160,1090,P00533
3160,1005,P00533
3160,1082,P00533
3160,1026,P00533
3160,994,P00533
3160,1065,P00533
3160,1097,P00533
3160,1101,P00533
3160,1025,P00533
3160,999,P00533
3160,1093,P00533
3160,1032,P00533
3160,1083,P00533
3160,1106,P00533
3160,982,P00533
3160,1095,P00533
3160,3155,P00533
3160,1118,P00533
3160,1037,P00533
3160,1105,P00533
3160,1018,P00533
3160,1006,P00533
3160,1035,P00533
1117,3504,P00533
1117,998,P00533
1117,364,P00533
1117,1039,P00533
1117,993,P00533
1117,985,P00533
1117,1041,P00533
1117,1045,P00533
1117,1115,P00533
1117,1019,P00533
1117,1092,P00533
1117,1087,P00533
1117,1078,P00533
1117,1057,P00533
1117,1050,P00533
1117,1043,P00533
1117,1074,P00533
1117,979,P00533
1117,1014,P00533
1117,996,P00533
1117,1056,P00533
1117,1086,P00533
1117,991,P00533
1117,1080,P00533
1117,1058,P00533
1117,1116,P00533
1117,1114,P00533
1117,100,P00533
1117,1090,P00533
1117,1005,P00533
1117,1082,P00533
1117,1026,P00533
1117,994,P00533
1117,1065,P00533
1117,1097,P00533
1117,1101,P00533
1117,1025,P00533
1117,999,P00533
1117,1093,P00533
1117,1032,P00533
1117,1083,P00533
1117,1106,P00533
1117,982,P00533
1117,1095,P00533
1117,3155,P00533
1117,1118,P00533
1117,1037,P00533
1117,1105,P00533
1117,1018,P00533
1117,1006,P00533
1117,1035,P00533
3161,3504,P00533
3161,998,P00533
3161,364,P00533
3161,1039,P00533
3161,993,P00533
3161,985,P00533
3161,1041,P00533
3161,1045,P00533
3161,1115,P00533
3161,1019,P00533
3161,1092,P00533
3161,1087,P00533
3161,1078,P00533
3161,1057,P00533
3161,1050,P00533
3161,1043,P00533
3161,1074,P00533
3161,979,P00533
3161,1014,P00533
3161,996,P00533
3161,1056,P00533
3161,1086,P00533
3161,991,P00533
3161,1080,P00533
3161,1058,P00533
3161,1116,P00533
3161,1114,P00533
3161,100,P00533
3161,1090,P00533
3161,1005,P00533
3161,1082,P00533
3161,1026,P00533
3161,994,P00533
3161,1065,P00533
3161,1097,P00533
3161,1101,P00533
3161,1025,P00533
3161,999,P00533
3161,1093,P00533
3161,1032,P00533
3161,1083,P00533
3161,1106,P00533
3161,982,P00533
3161,1095,P00533
3161,3155,P00533
3161,1118,P00533
3161,1037,P00533
3161,1105,P00533
3161,1018,P00533
3161,1006,P00533
3161,1035,P00533
1119,3504,P00533
1119,998,P00533
1119,364,P00533
1119,1039,P00533
1119,993,P00533
1119,985,P00533
1119,1041,P00533
1119,1045,P00533
1119,1115,P00533
1119,1019,P00533
1119,1092,P00533
1119,1087,P00533
1119,1078,P00533
1119,1057,P00533
1119,1050,P00533
1119,1043,P00533
1119,1074,P00533
1119,979,P00533
1119,1014,P00533
1119,996,P00533
1119,1056,P00533
1119,1086,P00533
1119,991,P00533
1119,1080,P00533
1119,1058,P00533
1119,1116,P00533
1119,1114,P00533
1119,100,P00533
1119,1090,P00533
1119,1005,P00533
1119,1082,P00533
1119,1026,P00533
1119,994,P00533
1119,1065,P00533
1119,1097,P00533
1119,1101,P00533
1119,1025,P00533
1119,999,P00533
1119,1093,P00533
1119,1032,P00533
1119,1083,P00533
1119,1106,P00533
1119,982,P00533
1119,1095,P00533
1119,3155,P00533
1119,1118,P00533
1119,1037,P00533
1119,1105,P00533
1119,1018,P00533
1119,1006,P00533
1119,1035,P00533
3168,3504,P00533
3168,998,P00533
3168,364,P00533
3168,1039,P00533
3168,993,P00533
3168,985,P00533
3168,1041,P00533
3168,1045,P00533
3168,1115,P00533
3168,1019,P00533
3168,1092,P00533
3168,1087,P00533
3168,1078,P00533
3168,1057,P00533
3168,1050,P00533
3168,1043,P00533
3168,1074,P00533
3168,979,P00533
3168,1014,P00533
3168,996,P00533
3168,1056,P00533
3168,1086,P00533
3168,991,P00533
3168,1080,P00533
3168,1058,P00533
3168,1116,P00533
3168,1114,P00533
3168,100,P00533
3168,1090,P00533
3168,1005,P00533
3168,1082,P00533
3168,1026,P00533
3168,994,P00533
3168,1065,P00533
3168,1097,P00533
3168,1101,P00533
3168,1025,P00533
3168,999,P00533
3168,1093,P00533
3168,1032,P00533
3168,1083,P00533
3168,1106,P00533
3168,982,P00533
3168,1095,P00533
3168,3155,P00533
3168,1118,P00533
3168,1037,P00533
3168,1105,P00533
3168,1018,P00533
3168,1006,P00533
3168,1035,P00533
99,3504,P00533
99,998,P00533
99,364,P00533
99,1039,P00533
99,993,P00533
99,985,P00533
99,1041,P00533
99,1045,P00533
99,1115,P00533
99,1019,P00533
99,1092,P00533
99,1087,P00533
99,1078,P00533
99,1057,P00533
99,1050,P00533
99,1043,P00533
99,1074,P00533
99,979,P00533
99,1014,P00533
99,996,P00533
99,1056,P00533
99,1086,P00533
99,991,P00533
99,1080,P00533
99,1058,P00533
99,1116,P00533
99,1114,P00533
99,100,P00533
99,1090,P00533
99,1005,P00533
99,1082,P00533
99,1026,P00533
99,994,P00533
99,1065,P00533
99,1097,P00533
99,1101,P00533
99,1025,P00533
99,999,P00533
99,1093,P00533
99,1032,P00533
99,1083,P00533
99,1106,P00533
99,982,P00533
99,1095,P00533
99,3155,P00533
99,1118,P00533
99,1037,P00533
99,1105,P00533
99,1018,P00533
99,1006,P00533
99,1035,P00533
101,3504,P00533
101,998,P00533
101,364,P00533
101,1039,P00533
101,993,P00533
101,985,P00533
101,1041,P00533
101,1045,P00533
101,1115,P00533
101,1019,P00533
101,1092,P00533
101,1087,P00533
101,1078,P00533
101,1057,P00533
101,1050,P00533
101,1043,P00533
101,1074,P00533
101,979,P00533
101,1014,P00533
101,996,P00533
101,1056,P00533
101,1086,P00533
101,991,P00533
101,1080,P00533
101,1058,P00533
101,1116,P00533
101,1114,P00533
101,100,P00533
101,1090,P00533
101,1005,P00533
101,1082,P00533
101,1026,P00533
101,994,P00533
101,1065,P00533
101,1097,P00533
101,1101,P00533
101,1025,P00533
101,999,P00533
101,1093,P00533
101,1032,P00533
101,1083,P00533
101,1106,P00533
101,982,P00533
101,1095,P00533
101,3155,P00533
101,1118,P00533
101,1037,P00533
101,1105,P00533
101,1018,P00533
101,1006,P00533
101,1035,P00533
3258,3504,P00533
3258,998,P00533
3258,364,P00533
3258,1039,P00533
3258,993,P00533
3258,985,P00533
3258,1041,P00533
3258,1045,P00533
3258,1115,P00533
3258,1019,P00533
3258,1092,P00533
3258,1087,P00533
3258,1078,P00533
3258,1057,P00533
3258,1050,P00533
3258,1043,P00533
3258,1074,P00533
3258,979,P00533
3258,1014,P00533
3258,996,P00533
3258,1056,P00533
3258,1086,P00533
3258,991,P00533
3258,1080,P00533
3258,1058,P00533
3258,1116,P00533
3258,1114,P00533
3258,100,P00533
3258,1090,P00533
3258,1005,P00533
3258,1082,P00533
3258,1026,P00533
3258,994,P00533
3258,1065,P00533
3258,1097,P00533
3258,1101,P00533
3258,1025,P00533
3258,999,P00533
3258,1093,P00533
3258,1032,P00533
3258,1083,P00533
3258,1106,P00533
3258,982,P00533
3258,1095,P00533
3258,3155,P00533
3258,1118,P00533
3258,1037,P00533
3258,1105,P00533
3258,1018,P00533
3258,1006,P00533
3258,1035,P00533
358,3504,P00533
358,998,P00533
358,364,P00533
358,1039,P00533
358,993,P00533
358,985,P00533
358,1041,P00533
358,1045,P00533
358,1115,P00533
358,1019,P00533
358,1092,P00533
358,1087,P00533
358,1078,P00533
358,1057,P00533
358,1050,P00533
358,1043,P00533
358,1074,P00533
358,979,P00533
358,1014,P00533
358,996,P00533
358,1056,P00533
358,1086,P00533
358,991,P00533
358,1080,P00533
358,1058,P00533
358,1116,P00533
358,1114,P00533
358,100,P00533
358,1090,P00533
358,1005,P00533
358,1082,P00533
358,1026,P00533
358,994,P00533
358,1065,P00533
358,1097,P00533
358,1101,P00533
358,1025,P00533
358,999,P00533
358,1093,P00533
358,1032,P00533
358,1083,P00533
358,1106,P00533
358,982,P00533
358,1095,P00533
358,3155,P00533
358,1118,P00533
358,1037,P00533
358,1105,P00533
358,1018,P00533
358,1006,P00533
358,1035,P00533
359,3504,P00533
359,998,P00533
359,364,P00533
359,1039,P00533
359,993,P00533
359,985,P00533
359,1041,P00533
359,1045,P00533
359,1115,P00533
359,1019,P00533
359,1092,P00533
359,1087,P00533
359,1078,P00533
359,1057,P00533
359,1050,P00533
359,1043,P00533
359,1074,P00533
359,979,P00533
359,1014,P00533
359,996,P00533
359,1056,P00533
359,1086,P00533
359,991,P00533
359,1080,P00533
359,1058,P00533
359,1116,P00533
359,1114,P00533
359,100,P00533
359,1090,P00533
359,1005,P00533
359,1082,P00533
359,1026,P00533
359,994,P00533
359,1065,P00533
359,1097,P00533
359,1101,P00533
359,1025,P00533
359,999,P00533
359,1093,P00533
359,1032,P00533
359,1083,P00533
359,1106,P00533
359,982,P00533
359,1095,P00533
359,3155,P00533
359,1118,P00533
359,1037,P00533
359,1105,P00533
359,1018,P00533
359,1006,P00533
359,1035,P00533
360,3504,P00533
360,998,P00533
360,364,P00533
360,1039,P00533
360,993,P00533
360,985,P00533
360,1041,P00533
360,1045,P00533
360,1115,P00533
360,1019,P00533
360,1092,P00533
360,1087,P00533
360,1078,P00533
360,1057,P00533
360,1050,P00533
360,1043,P00533
360,1074,P00533
360,979,P00533
360,1014,P00533
360,996,P00533
360,1056,P00533
360,1086,P00533
360,991,P00533
360,1080,P00533
360,1058,P00533
360,1116,P00533
360,1114,P00533
360,100,P00533
360,1090,P00533
360,1005,P00533
360,1082,P00533
360,1026,P00533
360,994,P00533
360,1065,P00533
360,1097,P00533
360,1101,P00533
360,1025,P00533
360,999,P00533
360,1093,P00533
360,1032,P00533
360,1083,P00533
360,1106,P00533
360,982,P00533
360,1095,P00533
360,3155,P00533
360,1118,P00533
360,1037,P00533
360,1105,P00533
360,1018,P00533
360,1006,P00533
360,1035,P00533
361,3504,P00533
361,998,P00533
361,364,P00533
361,1039,P00533
361,993,P00533
361,985,P00533
361,1041,P00533
361,1045,P00533
361,1115,P00533
361,1019,P00533
361,1092,P00533
361,1087,P00533
361,1078,P00533
361,1057,P00533
361,1050,P00533
361,1043,P00533
361,1074,P00533
361,979,P00533
361,1014,P00533
361,996,P00533
361,1056,P00533
361,1086,P00533
361,991,P00533
361,1080,P00533
361,1058,P00533
361,1116,P00533
361,1114,P00533
361,100,P00533
361,1090,P00533
361,1005,P00533
361,1082,P00533
361,1026,P00533
361,994,P00533
361,1065,P00533
361,1097,P00533
361,1101,P00533
361,1025,P00533
361,999,P00533
361,1093,P00533
361,1032,P00533
361,1083,P00533
361,1106,P00533
361,982,P00533
361,1095,P00533
361,3155,P00533
361,1118,P00533
361,1037,P00533
361,1105,P00533
361,1018,P00533
361,1006,P00533
361,1035,P00533
362,3504,P00533
362,998,P00533
362,364,P00533
362,1039,P00533
362,993,P00533
362,985,P00533
362,1041,P00533
362,1045,P00533
362,1115,P00533
362,1019,P00533
362,1092,P00533
362,1087,P00533
362,1078,P00533
362,1057,P00533
362,1050,P00533
362,1043,P00533
362,1074,P00533
362,979,P00533
362,1014,P00533
362,996,P00533
362,1056,P00533
362,1086,P00533
362,991,P00533
362,1080,P00533
362,1058,P00533
362,1116,P00533
362,1114,P00533
362,100,P00533
362,1090,P00533
362,1005,P00533
362,1082,P00533
362,1026,P00533
362,994,P00533
362,1065,P00533
362,1097,P00533
362,1101,P00533
362,1025,P00533
362,999,P00533
362,1093,P00533
362,1032,P00533
362,1083,P00533
362,1106,P00533
362,982,P00533
362,1095,P00533
362,3155,P00533
362,1118,P00533
362,1037,P00533
362,1105,P00533
362,1018,P00533
362,1006,P00533
362,1035,P00533
363,3504,P00533
363,998,P00533
363,364,P00533
363,1039,P00533
363,993,P00533
363,985,P00533
363,1041,P00533
363,1045,P00533
363,1115,P00533
363,1019,P00533
363,1092,P00533
363,1087,P00533
363,1078,P00533
363,1057,P00533
363,1050,P00533
363,1043,P00533
363,1074,P00533
363,979,P00533
363,1014,P00533
363,996,P00533
363,1056,P00533
363,1086,P00533
363,991,P00533
363,1080,P00533
363,1058,P00533
363,1116,P00533
363,1114,P00533
363,100,P00533
363,1090,P00533
363,1005,P00533
363,1082,P00533
363,1026,P00533
363,994,P00533
363,1065,P00533
363,1097,P00533
363,1101,P00533
363,1025,P00533
363,999,P00533
363,1093,P00533
363,1032,P00533
363,1083,P00533
363,1106,P00533
363,982,P00533
363,1095,P00533
363,3155,P00533
363,1118,P00533
363,1037,P00533
363,1105,P00533
363,1018,P00533
363,1006,P00533
363,1035,P00533
365,3504,P00533
365,998,P00533
365,364,P00533
365,1039,P00533
365,993,P00533
365,985,P00533
365,1041,P00533
365,1045,P00533
365,1115,P00533
365,1019,P00533
365,1092,P00533
365,1087,P00533
365,1078,P00533
365,1057,P00533
365,1050,P00533
365,1043,P00533
365,1074,P00533
365,979,P00533
365,1014,P00533
365,996,P00533
365,1056,P00533
365,1086,P00533
365,991,P00533
365,1080,P00533
365,1058,P00533
365,1116,P00533
365,1114,P00533
365,100,P00533
365,1090,P00533
365,1005,P00533
365,1082,P00533
365,1026,P00533
365,994,P00533
365,1065,P00533
365,1097,P00533
365,1101,P00533
365,1025,P00533
365,999,P00533
365,1093,P00533
365,1032,P00533
365,1083,P00533
365,1106,P00533
365,982,P00533
365,1095,P00533
365,3155,P00533
365,1118,P00533
365,1037,P00533
365,1105,P00533
365,1018,P00533
365,1006,P00533
365,1035,P00533
366,3504,P00533
366,998,P00533
366,364,P00533
366,1039,P00533
366,993,P00533
366,985,P00533
366,1041,P00533
366,1045,P00533
366,1115,P00533
366,1019,P00533
366,1092,P00533
366,1087,P00533
366,1078,P00533
366,1057,P00533
366,1050,P00533
366,1043,P00533
366,1074,P00533
366,979,P00533
366,1014,P00533
366,996,P00533
366,1056,P00533
366,1086,P00533
366,991,P00533
366,1080,P00533
366,1058,P00533
366,1116,P00533
366,1114,P00533
366,100,P00533
366,1090,P00533
366,1005,P00533
366,1082,P00533
366,1026,P00533
366,994,P00533
366,1065,P00533
366,1097,P00533
366,1101,P00533
366,1025,P00533
366,999,P00533
366,1093,P00533
366,1032,P00533
366,1083,P00533
366,1106,P00533
366,982,P00533
366,1095,P00533
366,3155,P00533
366,1118,P00533
366,1037,P00533
366,1105,P00533
366,1018,P00533
366,1006,P00533
366,1035,P00533
367,3504,P00533
367,998,P00533
367,364,P00533
367,1039,P00533
367,993,P00533
367,985,P00533
367,1041,P00533
367,1045,P00533
367,1115,P00533
367,1019,P00533
367,1092,P00533
367,1087,P00533
367,1078,P00533
367,1057,P00533
367,1050,P00533
367,1043,P00533
367,1074,P00533
367,979,P00533
367,1014,P00533
367,996,P00533
367,1056,P00533
367,1086,P00533
367,991,P00533
367,1080,P00533
367,1058,P00533
367,1116,P00533
367,1114,P00533
367,100,P00533
367,1090,P00533
367,1005,P00533
367,1082,P00533
367,1026,P00533
367,994,P00533
367,1065,P00533
367,1097,P00533
367,1101,P00533
367,1025,P00533
367,999,P00533
367,1093,P00533
367,1032,P00533
367,1083,P00533
367,1106,P00533
367,982,P00533
367,1095,P00533
367,3155,P00533
367,1118,P00533
367,1037,P00533
367,1105,P00533
367,1018,P00533
367,1006,P00533
367,1035,P00533
975,3504,P00533
975,998,P00533
975,364,P00533
975,1039,P00533
975,993,P00533
975,985,P00533
975,1041,P00533
975,1045,P00533
975,1115,P00533
975,1019,P00533
975,1092,P00533
975,1087,P00533
975,1078,P00533
975,1057,P00533
975,1050,P00533
975,1043,P00533
975,1074,P00533
975,979,P00533
975,1014,P00533
975,996,P00533
975,1056,P00533
975,1086,P00533
975,991,P00533
975,1080,P00533
975,1058,P00533
975,1116,P00533
975,1114,P00533
975,100,P00533
975,1090,P00533
975,1005,P00533
975,1082,P00533
975,1026,P00533
975,994,P00533
975,1065,P00533
975,1097,P00533
975,1101,P00533
975,1025,P00533
975,999,P00533
975,1093,P00533
975,1032,P00533
975,1083,P00533
975,1106,P00533
975,982,P00533
975,1095,P00533
975,3155,P00533
975,1118,P00533
975,1037,P00533
975,1105,P00533
975,1018,P00533
975,1006,P00533
975,1035,P00533
976,3504,P00533
976,998,P00533
976,364,P00533
976,1039,P00533
976,993,P00533
976,985,P00533
976,1041,P00533
976,1045,P00533
976,1115,P00533
976,1019,P00533
976,1092,P00533
976,1087,P00533
976,1078,P00533
976,1057,P00533
976,1050,P00533
976,1043,P00533
976,1074,P00533
976,979,P00533
976,1014,P00533
976,996,P00533
976,1056,P00533
976,1086,P00533
976,991,P00533
976,1080,P00533
976,1058,P00533
976,1116,P00533
976,1114,P00533
976,100,P00533
976,1090,P00533
976,1005,P00533
976,1082,P00533
976,1026,P00533
976,994,P00533
976,1065,P00533
976,1097,P00533
976,1101,P00533
976,1025,P00533
976,999,P00533
976,1093,P00533
976,1032,P00533
976,1083,P00533
976,1106,P00533
976,982,P00533
976,1095,P00533
976,3155,P00533
976,1118,P00533
976,1037,P00533
976,1105,P00533
976,1018,P00533
976,1006,P00533
976,1035,P00533
977,3504,P00533
977,998,P00533
977,364,P00533
977,1039,P00533
977,993,P00533
977,985,P00533
977,1041,P00533
977,1045,P00533
977,1115,P00533
977,1019,P00533
977,1092,P00533
977,1087,P00533
977,1078,P00533
977,1057,P00533
977,1050,P00533
977,1043,P00533
977,1074,P00533
977,979,P00533
977,1014,P00533
977,996,P00533
977,1056,P00533
977,1086,P00533
977,991,P00533
977,1080,P00533
977,1058,P00533
977,1116,P00533
977,1114,P00533
977,100,P00533
977,1090,P00533
977,1005,P00533
977,1082,P00533
977,1026,P00533
977,994,P00533
977,1065,P00533
977,1097,P00533
977,1101,P00533
977,1025,P00533
977,999,P00533
977,1093,P00533
977,1032,P00533
977,1083,P00533
977,1106,P00533
977,982,P00533
977,1095,P00533
977,3155,P00533
977,1118,P00533
977,1037,P00533
977,1105,P00533
977,1018,P00533
977,1006,P00533
977,1035,P00533
978,3504,P00533
978,998,P00533
978,364,P00533
978,1039,P00533
978,993,P00533
978,985,P00533
978,1041,P00533
978,1045,P00533
978,1115,P00533
978,1019,P00533
978,1092,P00533
978,1087,P00533
978,1078,P00533
978,1057,P00533
978,1050,P00533
978,1043,P00533
978,1074,P00533
978,979,P00533
978,1014,P00533
978,996,P00533
978,1056,P00533
978,1086,P00533
978,991,P00533
978,1080,P00533
978,1058,P00533
978,1116,P00533
978,1114,P00533
978,100,P00533
978,1090,P00533
978,1005,P00533
978,1082,P00533
978,1026,P00533
978,994,P00533
978,1065,P00533
978,1097,P00533
978,1101,P00533
978,1025,P00533
978,999,P00533
978,1093,P00533
978,1032,P00533
978,1083,P00533
978,1106,P00533
978,982,P00533
978,1095,P00533
978,3155,P00533
978,1118,P00533
978,1037,P00533
978,1105,P00533
978,1018,P00533
978,1006,P00533
978,1035,P00533
980,3504,P00533
980,998,P00533
980,364,P00533
980,1039,P00533
980,993,P00533
980,985,P00533
980,1041,P00533
980,1045,P00533
980,1115,P00533
980,1019,P00533
980,1092,P00533
980,1087,P00533
980,1078,P00533
980,1057,P00533
980,1050,P00533
980,1043,P00533
980,1074,P00533
980,979,P00533
980,1014,P00533
980,996,P00533
980,1056,P00533
980,1086,P00533
980,991,P00533
980,1080,P00533
980,1058,P00533
980,1116,P00533
980,1114,P00533
980,100,P00533
980,1090,P00533
980,1005,P00533
980,1082,P00533
980,1026,P00533
980,994,P00533
980,1065,P00533
980,1097,P00533
980,1101,P00533
980,1025,P00533
980,999,P00533
980,1093,P00533
980,1032,P00533
980,1083,P00533
980,1106,P00533
980,982,P00533
980,1095,P00533
980,3155,P00533
980,1118,P00533
980,1037,P00533
980,1105,P00533
980,1018,P00533
980,1006,P00533
980,1035,P00533
981,3504,P00533
981,998,P00533
981,364,P00533
981,1039,P00533
981,993,P00533
981,985,P00533
981,1041,P00533
981,1045,P00533
981,1115,P00533
981,1019,P00533
981,1092,P00533
981,1087,P00533
981,1078,P00533
981,1057,P00533
981,1050,P00533
981,1043,P00533
981,1074,P00533
981,979,P00533
981,1014,P00533
981,996,P00533
981,1056,P00533
981,1086,P00533
981,991,P00533
981,1080,P00533
981,1058,P00533
981,1116,P00533
981,1114,P00533
981,100,P00533
981,1090,P00533
981,1005,P00533
981,1082,P00533
981,1026,P00533
981,994,P00533
981,1065,P00533
981,1097,P00533
981,1101,P00533
981,1025,P00533
981,999,P00533
981,1093,P00533
981,1032,P00533
981,1083,P00533
981,1106,P00533
981,982,P00533
981,1095,P00533
981,3155,P00533
981,1118,P00533
981,1037,P00533
981,1105,P00533
981,1018,P00533
981,1006,P00533
981,1035,P00533
983,3504,P00533
983,998,P00533
983,364,P00533
983,1039,P00533
983,993,P00533
983,985,P00533
983,1041,P00533
983,1045,P00533
983,1115,P00533
983,1019,P00533
983,1092,P00533
983,1087,P00533
983,1078,P00533
983,1057,P00533
983,1050,P00533
983,1043,P00533
983,1074,P00533
983,979,P00533
983,1014,P00533
983,996,P00533
983,1056,P00533
983,1086,P00533
983,991,P00533
983,1080,P00533
983,1058,P00533
983,1116,P00533
983,1114,P00533
983,100,P00533
983,1090,P00533
983,1005,P00533
983,1082,P00533
983,1026,P00533
983,994,P00533
983,1065,P00533
983,1097,P00533
983,1101,P00533
983,1025,P00533
983,999,P00533
983,1093,P00533
983,1032,P00533
983,1083,P00533
983,1106,P00533
983,982,P00533
983,1095,P00533
983,3155,P00533
983,1118,P00533
983,1037,P00533
983,1105,P00533
983,1018,P00533
983,1006,P00533
983,1035,P00533
984,3504,P00533
984,998,P00533
984,364,P00533
984,1039,P00533
984,993,P00533
984,985,P00533
984,1041,P00533
984,1045,P00533
984,1115,P00533
984,1019,P00533
984,1092,P00533
984,1087,P00533
984,1078,P00533
984,1057,P00533
984,1050,P00533
984,1043,P00533
984,1074,P00533
984,979,P00533
984,1014,P00533
984,996,P00533
984,1056,P00533
984,1086,P00533
984,991,P00533
984,1080,P00533
984,1058,P00533
984,1116,P00533
984,1114,P00533
984,100,P00533
984,1090,P00533
984,1005,P00533
984,1082,P00533
984,1026,P00533
984,994,P00533
984,1065,P00533
984,1097,P00533
984,1101,P00533
984,1025,P00533
984,999,P00533
984,1093,P00533
984,1032,P00533
984,1083,P00533
984,1106,P00533
984,982,P00533
984,1095,P00533
984,3155,P00533
984,1118,P00533
984,1037,P00533
984,1105,P00533
984,1018,P00533
984,1006,P00533
984,1035,P00533
986,3504,P00533
986,998,P00533
986,364,P00533
986,1039,P00533
986,993,P00533
986,985,P00533
986,1041,P00533
986,1045,P00533
986,1115,P00533
986,1019,P00533
986,1092,P00533
986,1087,P00533
986,1078,P00533
986,1057,P00533
986,1050,P00533
986,1043,P00533
986,1074,P00533
986,979,P00533
986,1014,P00533
986,996,P00533
986,1056,P00533
986,1086,P00533
986,991,P00533
986,1080,P00533
986,1058,P00533
986,1116,P00533
986,1114,P00533
986,100,P00533
986,1090,P00533
986,1005,P00533
986,1082,P00533
986,1026,P00533
986,994,P00533
986,1065,P00533
986,1097,P00533
986,1101,P00533
986,1025,P00533
986,999,P00533
986,1093,P00533
986,1032,P00533
986,1083,P00533
986,1106,P00533
986,982,P00533
986,1095,P00533
986,3155,P00533
986,1118,P00533
986,1037,P00533
986,1105,P00533
986,1018,P00533
986,1006,P00533
986,1035,P00533
987,3504,P00533
987,998,P00533
987,364,P00533
987,1039,P00533
987,993,P00533
987,985,P00533
987,1041,P00533
987,1045,P00533
987,1115,P00533
987,1019,P00533
987,1092,P00533
987,1087,P00533
987,1078,P00533
987,1057,P00533
987,1050,P00533
987,1043,P00533
987,1074,P00533
987,979,P00533
987,1014,P00533
987,996,P00533
987,1056,P00533
987,1086,P00533
987,991,P00533
987,1080,P00533
987,1058,P00533
987,1116,P00533
987,1114,P00533
987,100,P00533
987,1090,P00533
987,1005,P00533
987,1082,P00533
987,1026,P00533
987,994,P00533
987,1065,P00533
987,1097,P00533
987,1101,P00533
987,1025,P00533
987,999,P00533
987,1093,P00533
987,1032,P00533
987,1083,P00533
987,1106,P00533
987,982,P00533
987,1095,P00533
987,3155,P00533
987,1118,P00533
987,1037,P00533
987,1105,P00533
987,1018,P00533
987,1006,P00533
987,1035,P00533
988,3504,P00533
988,998,P00533
988,364,P00533
988,1039,P00533
988,993,P00533
988,985,P00533
988,1041,P00533
988,1045,P00533
988,1115,P00533
988,1019,P00533
988,1092,P00533
988,1087,P00533
988,1078,P00533
988,1057,P00533
988,1050,P00533
988,1043,P00533
988,1074,P00533
988,979,P00533
988,1014,P00533
988,996,P00533
988,1056,P00533
988,1086,P00533
988,991,P00533
988,1080,P00533
988,1058,P00533
988,1116,P00533
988,1114,P00533
988,100,P00533
988,1090,P00533
988,1005,P00533
988,1082,P00533
988,1026,P00533
988,994,P00533
988,1065,P00533
988,1097,P00533
988,1101,P00533
988,1025,P00533
988,999,P00533
988,1093,P00533
988,1032,P00533
988,1083,P00533
988,1106,P00533
988,982,P00533
988,1095,P00533
988,3155,P00533
988,1118,P00533
988,1037,P00533
988,1105,P00533
988,1018,P00533
988,1006,P00533
988,1035,P00533
989,3504,P00533
989,998,P00533
989,364,P00533
989,1039,P00533
989,993,P00533
989,985,P00533
989,1041,P00533
989,1045,P00533
989,1115,P00533
989,1019,P00533
989,1092,P00533
989,1087,P00533
989,1078,P00533
989,1057,P00533
989,1050,P00533
989,1043,P00533
989,1074,P00533
989,979,P00533
989,1014,P00533
989,996,P00533
989,1056,P00533
989,1086,P00533
989,991,P00533
989,1080,P00533
989,1058,P00533
989,1116,P00533
989,1114,P00533
989,100,P00533
989,1090,P00533
989,1005,P00533
989,1082,P00533
989,1026,P00533
989,994,P00533
989,1065,P00533
989,1097,P00533
989,1101,P00533
989,1025,P00533
989,999,P00533
989,1093,P00533
989,1032,P00533
989,1083,P00533
989,1106,P00533
989,982,P00533
989,1095,P00533
989,3155,P00533
989,1118,P00533
989,1037,P00533
989,1105,P00533
989,1018,P00533
989,1006,P00533
989,1035,P00533
990,3504,P00533
990,998,P00533
990,364,P00533
990,1039,P00533
990,993,P00533
990,985,P00533
990,1041,P00533
990,1045,P00533
990,1115,P00533
990,1019,P00533
990,1092,P00533
990,1087,P00533
990,1078,P00533
990,1057,P00533
990,1050,P00533
990,1043,P00533
990,1074,P00533
990,979,P00533
990,1014,P00533
990,996,P00533
990,1056,P00533
990,1086,P00533
990,991,P00533
990,1080,P00533
990,1058,P00533
990,1116,P00533
990,1114,P00533
990,100,P00533
990,1090,P00533
990,1005,P00533
990,1082,P00533
990,1026,P00533
990,994,P00533
990,1065,P00533
990,1097,P00533
990,1101,P00533
990,1025,P00533
990,999,P00533
990,1093,P00533
990,1032,P00533
990,1083,P00533
990,1106,P00533
990,982,P00533
990,1095,P00533
990,3155,P00533
990,1118,P00533
990,1037,P00533
990,1105,P00533
990,1018,P00533
990,1006,P00533
990,1035,P00533
992,3504,P00533
992,998,P00533
992,364,P00533
992,1039,P00533
992,993,P00533
992,985,P00533
992,1041,P00533
992,1045,P00533
992,1115,P00533
992,1019,P00533
992,1092,P00533
992,1087,P00533
992,1078,P00533
992,1057,P00533
992,1050,P00533
992,1043,P00533
992,1074,P00533
992,979,P00533
992,1014,P00533
992,996,P00533
992,1056,P00533
992,1086,P00533
992,991,P00533
992,1080,P00533
992,1058,P00533
992,1116,P00533
992,1114,P00533
992,100,P00533
992,1090,P00533
992,1005,P00533
992,1082,P00533
992,1026,P00533
992,994,P00533
992,1065,P00533
992,1097,P00533
992,1101,P00533
992,1025,P00533
992,999,P00533
992,1093,P00533
992,1032,P00533
992,1083,P00533
992,1106,P00533
992,982,P00533
992,1095,P00533
992,3155,P00533
992,1118,P00533
992,1037,P00533
992,1105,P00533
992,1018,P00533
992,1006,P00533
992,1035,P00533
995,3504,P00533
995,998,P00533
995,364,P00533
995,1039,P00533
995,993,P00533
995,985,P00533
995,1041,P00533
995,1045,P00533
995,1115,P00533
995,1019,P00533
995,1092,P00533
995,1087,P00533
995,1078,P00533
995,1057,P00533
995,1050,P00533
995,1043,P00533
995,1074,P00533
995,979,P00533
995,1014,P00533
995,996,P00533
995,1056,P00533
995,1086,P00533
995,991,P00533
995,1080,P00533
995,1058,P00533
995,1116,P00533
995,1114,P00533
995,100,P00533
995,1090,P00533
995,1005,P00533
995,1082,P00533
995,1026,P00533
995,994,P00533
995,1065,P00533
995,1097,P00533
995,1101,P00533
995,1025,P00533
995,999,P00533
995,1093,P00533
995,1032,P00533
995,1083,P00533
995,1106,P00533
995,982,P00533
995,1095,P00533
995,3155,P00533
995,1118,P00533
995,1037,P00533
995,1105,P00533
995,1018,P00533
995,1006,P00533
995,1035,P00533
997,3504,P00533
997,998,P00533
997,364,P00533
997,1039,P00533
997,993,P00533
997,985,P00533
997,1041,P00533
997,1045,P00533
997,1115,P00533
997,1019,P00533
997,1092,P00533
997,1087,P00533
997,1078,P00533
997,1057,P00533
997,1050,P00533
997,1043,P00533
997,1074,P00533
997,979,P00533
997,1014,P00533
997,996,P00533
997,1056,P00533
997,1086,P00533
997,991,P00533
997,1080,P00533
997,1058,P00533
997,1116,P00533
997,1114,P00533
997,100,P00533
997,1090,P00533
997,1005,P00533
997,1082,P00533
997,1026,P00533
997,994,P00533
997,1065,P00533
997,1097,P00533
997,1101,P00533
997,1025,P00533
997,999,P00533
997,1093,P00533
997,1032,P00533
997,1083,P00533
997,1106,P00533
997,982,P00533
997,1095,P00533
997,3155,P00533
997,1118,P00533
997,1037,P00533
997,1105,P00533
997,1018,P00533
997,1006,P00533
997,1035,P00533
1000,3504,P00533
1000,998,P00533
1000,364,P00533
1000,1039,P00533
1000,993,P00533
1000,985,P00533
1000,1041,P00533
1000,1045,P00533
1000,1115,P00533
1000,1019,P00533
1000,1092,P00533
1000,1087,P00533
1000,1078,P00533
1000,1057,P00533
1000,1050,P00533
1000,1043,P00533
1000,1074,P00533
1000,979,P00533
1000,1014,P00533
1000,996,P00533
1000,1056,P00533
1000,1086,P00533
1000,991,P00533
1000,1080,P00533
1000,1058,P00533
1000,1116,P00533
1000,1114,P00533
1000,100,P00533
1000,1090,P00533
1000,1005,P00533
1000,1082,P00533
1000,1026,P00533
1000,994,P00533
1000,1065,P00533
1000,1097,P00533
1000,1101,P00533
1000,1025,P00533
1000,999,P00533
1000,1093,P00533
1000,1032,P00533
1000,1083,P00533
1000,1106,P00533
1000,982,P00533
1000,1095,P00533
1000,3155,P00533
1000,1118,P00533
1000,1037,P00533
1000,1105,P00533
1000,1018,P00533
1000,1006,P00533
1000,1035,P00533
1001,3504,P00533
1001,998,P00533
1001,364,P00533
1001,1039,P00533
1001,993,P00533
1001,985,P00533
1001,1041,P00533
1001,1045,P00533
1001,1115,P00533
1001,1019,P00533
1001,1092,P00533
1001,1087,P00533
1001,1078,P00533
1001,1057,P00533
1001,1050,P00533
1001,1043,P00533
1001,1074,P00533
1001,979,P00533
1001,1014,P00533
1001,996,P00533
1001,1056,P00533
1001,1086,P00533
1001,991,P00533
1001,1080,P00533
1001,1058,P00533
1001,1116,P00533
1001,1114,P00533
1001,100,P00533
1001,1090,P00533
1001,1005,P00533
1001,1082,P00533
1001,1026,P00533
1001,994,P00533
1001,1065,P00533
1001,1097,P00533
1001,1101,P00533
1001,1025,P00533
1001,999,P00533
1001,1093,P00533
1001,1032,P00533
1001,1083,P00533
1001,1106,P00533
1001,982,P00533
1001,1095,P00533
1001,3155,P00533
1001,1118,P00533
1001,1037,P00533
1001,1105,P00533
1001,1018,P00533
1001,1006,P00533
1001,1035,P00533
1002,3504,P00533
1002,998,P00533
1002,364,P00533
1002,1039,P00533
1002,993,P00533
1002,985,P00533
1002,1041,P00533
1002,1045,P00533
1002,1115,P00533
1002,1019,P00533
1002,1092,P00533
1002,1087,P00533
1002,1078,P00533
1002,1057,P00533
1002,1050,P00533
1002,1043,P00533
1002,1074,P00533
1002,979,P00533
1002,1014,P00533
1002,996,P00533
1002,1056,P00533
1002,1086,P00533
1002,991,P00533
1002,1080,P00533
1002,1058,P00533
1002,1116,P00533
1002,1114,P00533
1002,100,P00533
1002,1090,P00533
1002,1005,P00533
1002,1082,P00533
1002,1026,P00533
1002,994,P00533
1002,1065,P00533
1002,1097,P00533
1002,1101,P00533
1002,1025,P00533
1002,999,P00533
1002,1093,P00533
1002,1032,P00533
1002,1083,P00533
1002,1106,P00533
1002,982,P00533
1002,1095,P00533
1002,3155,P00533
1002,1118,P00533
1002,1037,P00533
1002,1105,P00533
1002,1018,P00533
1002,1006,P00533
1002,1035,P00533
1003,3504,P00533
1003,998,P00533
1003,364,P00533
1003,1039,P00533
1003,993,P00533
1003,985,P00533
1003,1041,P00533
1003,1045,P00533
1003,1115,P00533
1003,1019,P00533
1003,1092,P00533
1003,1087,P00533
1003,1078,P00533
1003,1057,P00533
1003,1050,P00533
1003,1043,P00533
1003,1074,P00533
1003,979,P00533
1003,1014,P00533
1003,996,P00533
1003,1056,P00533
1003,1086,P00533
1003,991,P00533
1003,1080,P00533
1003,1058,P00533
1003,1116,P00533
1003,1114,P00533
1003,100,P00533
1003,1090,P00533
1003,1005,P00533
1003,1082,P00533
1003,1026,P00533
1003,994,P00533
1003,1065,P00533
1003,1097,P00533
1003,1101,P00533
1003,1025,P00533
1003,999,P00533
1003,1093,P00533
1003,1032,P00533
1003,1083,P00533
1003,1106,P00533
1003,982,P00533
1003,1095,P00533
1003,3155,P00533
1003,1118,P00533
1003,1037,P00533
1003,1105,P00533
1003,1018,P00533
1003,1006,P00533
1003,1035,P00533
1004,3504,P00533
1004,998,P00533
1004,364,P00533
1004,1039,P00533
1004,993,P00533
1004,985,P00533
1004,1041,P00533
1004,1045,P00533
1004,1115,P00533
1004,1019,P00533
1004,1092,P00533
1004,1087,P00533
1004,1078,P00533
1004,1057,P00533
1004,1050,P00533
1004,1043,P00533
1004,1074,P00533
1004,979,P00533
1004,1014,P00533
1004,996,P00533
1004,1056,P00533
1004,1086,P00533
1004,991,P00533
1004,1080,P00533
1004,1058,P00533
1004,1116,P00533
1004,1114,P00533
1004,100,P00533
1004,1090,P00533
1004,1005,P00533
1004,1082,P00533
1004,1026,P00533
1004,994,P00533
1004,1065,P00533
1004,1097,P00533
1004,1101,P00533
1004,1025,P00533
1004,999,P00533
1004,1093,P00533
1004,1032,P00533
1004,1083,P00533
1004,1106,P00533
1004,982,P00533
1004,1095,P00533
1004,3155,P00533
1004,1118,P00533
1004,1037,P00533
1004,1105,P00533
1004,1018,P00533
1004,1006,P00533
1004,1035,P00533
1007,3504,P00533
1007,998,P00533
1007,364,P00533
1007,1039,P00533
1007,993,P00533
1007,985,P00533
1007,1041,P00533
1007,1045,P00533
1007,1115,P00533
1007,1019,P00533
1007,1092,P00533
1007,1087,P00533
1007,1078,P00533
1007,1057,P00533
1007,1050,P00533
1007,1043,P00533
1007,1074,P00533
1007,979,P00533
1007,1014,P00533
1007,996,P00533
1007,1056,P00533
1007,1086,P00533
1007,991,P00533
1007,1080,P00533
1007,1058,P00533
1007,1116,P00533
1007,1114,P00533
1007,100,P00533
1007,1090,P00533
1007,1005,P00533
1007,1082,P00533
1007,1026,P00533
1007,994,P00533
1007,1065,P00533
1007,1097,P00533
1007,1101,P00533
1007,1025,P00533
1007,999,P00533
1007,1093,P00533
1007,1032,P00533
1007,1083,P00533
1007,1106,P00533
1007,982,P00533
1007,1095,P00533
1007,3155,P00533
1007,1118,P00533
1007,1037,P00533
1007,1105,P00533
1007,1018,P00533
1007,1006,P00533
1007,1035,P00533
1008,3504,P00533
1008,998,P00533
1008,364,P00533
1008,1039,P00533
1008,993,P00533
1008,985,P00533
1008,1041,P00533
1008,1045,P00533
1008,1115,P00533
1008,1019,P00533
1008,1092,P00533
1008,1087,P00533
1008,1078,P00533
1008,1057,P00533
1008,1050,P00533
1008,1043,P00533
1008,1074,P00533
1008,979,P00533
1008,1014,P00533
1008,996,P00533
1008,1056,P00533
1008,1086,P00533
1008,991,P00533
1008,1080,P00533
1008,1058,P00533
1008,1116,P00533
1008,1114,P00533
1008,100,P00533
1008,1090,P00533
1008,1005,P00533
1008,1082,P00533
1008,1026,P00533
1008,994,P00533
1008,1065,P00533
1008,1097,P00533
1008,1101,P00533
1008,1025,P00533
1008,999,P00533
1008,1093,P00533
1008,1032,P00533
1008,1083,P00533
1008,1106,P00533
1008,982,P00533
1008,1095,P00533
1008,3155,P00533
1008,1118,P00533
1008,1037,P00533
1008,1105,P00533
1008,1018,P00533
1008,1006,P00533
1008,1035,P00533
1009,3504,P00533
1009,998,P00533
1009,364,P00533
1009,1039,P00533
1009,993,P00533
1009,985,P00533
1009,1041,P00533
1009,1045,P00533
1009,1115,P00533
1009,1019,P00533
1009,1092,P00533
1009,1087,P00533
1009,1078,P00533
1009,1057,P00533
1009,1050,P00533
1009,1043,P00533
1009,1074,P00533
1009,979,P00533
1009,1014,P00533
1009,996,P00533
1009,1056,P00533
1009,1086,P00533
1009,991,P00533
1009,1080,P00533
1009,1058,P00533
1009,1116,P00533
1009,1114,P00533
1009,100,P00533
1009,1090,P00533
1009,1005,P00533
1009,1082,P00533
1009,1026,P00533
1009,994,P00533
1009,1065,P00533
1009,1097,P00533
1009,1101,P00533
1009,1025,P00533
1009,999,P00533
1009,1093,P00533
1009,1032,P00533
1009,1083,P00533
1009,1106,P00533
1009,982,P00533
1009,1095,P00533
1009,3155,P00533
1009,1118,P00533
1009,1037,P00533
1009,1105,P00533
1009,1018,P00533
1009,1006,P00533
1009,1035,P00533
1010,3504,P00533
1010,998,P00533
1010,364,P00533
1010,1039,P00533
1010,993,P00533
1010,985,P00533
1010,1041,P00533
1010,1045,P00533
1010,1115,P00533
1010,1019,P00533
1010,1092,P00533
1010,1087,P00533
1010,1078,P00533
1010,1057,P00533
1010,1050,P00533
1010,1043,P00533
1010,1074,P00533
1010,979,P00533
1010,1014,P00533
1010,996,P00533
1010,1056,P00533
1010,1086,P00533
1010,991,P00533
1010,1080,P00533
1010,1058,P00533
1010,1116,P00533
1010,1114,P00533
1010,100,P00533
1010,1090,P00533
1010,1005,P00533
1010,1082,P00533
1010,1026,P00533
1010,994,P00533
1010,1065,P00533
1010,1097,P00533
1010,1101,P00533
1010,1025,P00533
1010,999,P00533
1010,1093,P00533
1010,1032,P00533
1010,1083,P00533
1010,1106,P00533
1010,982,P00533
1010,1095,P00533
1010,3155,P00533
1010,1118,P00533
1010,1037,P00533
1010,1105,P00533
1010,1018,P00533
1010,1006,P00533
1010,1035,P00533
1011,3504,P00533
1011,998,P00533
1011,364,P00533
1011,1039,P00533
1011,993,P00533
1011,985,P00533
1011,1041,P00533
1011,1045,P00533
1011,1115,P00533
1011,1019,P00533
1011,1092,P00533
1011,1087,P00533
1011,1078,P00533
1011,1057,P00533
1011,1050,P00533
1011,1043,P00533
1011,1074,P00533
1011,979,P00533
1011,1014,P00533
1011,996,P00533
1011,1056,P00533
1011,1086,P00533
1011,991,P00533
1011,1080,P00533
1011,1058,P00533
1011,1116,P00533
1011,1114,P00533
1011,100,P00533
1011,1090,P00533
1011,1005,P00533
1011,1082,P00533
1011,1026,P00533
1011,994,P00533
1011,1065,P00533
1011,1097,P00533
1011,1101,P00533
1011,1025,P00533
1011,999,P00533
1011,1093,P00533
1011,1032,P00533
1011,1083,P00533
1011,1106,P00533
1011,982,P00533
1011,1095,P00533
1011,3155,P00533
1011,1118,P00533
1011,1037,P00533
1011,1105,P00533
1011,1018,P00533
1011,1006,P00533
1011,1035,P00533
1012,3504,P00533
1012,998,P00533
1012,364,P00533
1012,1039,P00533
1012,993,P00533
1012,985,P00533
1012,1041,P00533
1012,1045,P00533
1012,1115,P00533
1012,1019,P00533
1012,1092,P00533
1012,1087,P00533
1012,1078,P00533
1012,1057,P00533
1012,1050,P00533
1012,1043,P00533
1012,1074,P00533
1012,979,P00533
1012,1014,P00533
1012,996,P00533
1012,1056,P00533
1012,1086,P00533
1012,991,P00533
1012,1080,P00533
1012,1058,P00533
1012,1116,P00533
1012,1114,P00533
1012,100,P00533
1012,1090,P00533
1012,1005,P00533
1012,1082,P00533
1012,1026,P00533
1012,994,P00533
1012,1065,P00533
1012,1097,P00533
1012,1101,P00533
1012,1025,P00533
1012,999,P00533
1012,1093,P00533
1012,1032,P00533
1012,1083,P00533
1012,1106,P00533
1012,982,P00533
1012,1095,P00533
1012,3155,P00533
1012,1118,P00533
1012,1037,P00533
1012,1105,P00533
1012,1018,P00533
1012,1006,P00533
1012,1035,P00533
1013,3504,P00533
1013,998,P00533
1013,364,P00533
1013,1039,P00533
1013,993,P00533
1013,985,P00533
1013,1041,P00533
1013,1045,P00533
1013,1115,P00533
1013,1019,P00533
1013,1092,P00533
1013,1087,P00533
1013,1078,P00533
1013,1057,P00533
1013,1050,P00533
1013,1043,P00533
1013,1074,P00533
1013,979,P00533
1013,1014,P00533
1013,996,P00533
1013,1056,P00533
1013,1086,P00533
1013,991,P00533
1013,1080,P00533
1013,1058,P00533
1013,1116,P00533
1013,1114,P00533
1013,100,P00533
1013,1090,P00533
1013,1005,P00533
1013,1082,P00533
1013,1026,P00533
1013,994,P00533
1013,1065,P00533
1013,1097,P00533
1013,1101,P00533
1013,1025,P00533
1013,999,P00533
1013,1093,P00533
1013,1032,P00533
1013,1083,P00533
1013,1106,P00533
1013,982,P00533
1013,1095,P00533
1013,3155,P00533
1013,1118,P00533
1013,1037,P00533
1013,1105,P00533
1013,1018,P00533
1013,1006,P00533
1013,1035,P00533
1015,3504,P00533
1015,998,P00533
1015,364,P00533
1015,1039,P00533
1015,993,P00533
1015,985,P00533
1015,1041,P00533
1015,1045,P00533
1015,1115,P00533
1015,1019,P00533
1015,1092,P00533
1015,1087,P00533
1015,1078,P00533
1015,1057,P00533
1015,1050,P00533
1015,1043,P00533
1015,1074,P00533
1015,979,P00533
1015,1014,P00533
1015,996,P00533
1015,1056,P00533
1015,1086,P00533
1015,991,P00533
1015,1080,P00533
1015,1058,P00533
1015,1116,P00533
1015,1114,P00533
1015,100,P00533
1015,1090,P00533
1015,1005,P00533
1015,1082,P00533
1015,1026,P00533
1015,994,P00533
1015,1065,P00533
1015,1097,P00533
1015,1101,P00533
1015,1025,P00533
1015,999,P00533
1015,1093,P00533
1015,1032,P00533
1015,1083,P00533
1015,1106,P00533
1015,982,P00533
1015,1095,P00533
1015,3155,P00533
1015,1118,P00533
1015,1037,P00533
1015,1105,P00533
1015,1018,P00533
1015,1006,P00533
1015,1035,P00533
1016,3504,P00533
1016,998,P00533
1016,364,P00533
1016,1039,P00533
1016,993,P00533
1016,985,P00533
1016,1041,P00533
1016,1045,P00533
1016,1115,P00533
1016,1019,P00533
1016,1092,P00533
1016,1087,P00533
1016,1078,P00533
1016,1057,P00533
1016,1050,P00533
1016,1043,P00533
1016,1074,P00533
1016,979,P00533
1016,1014,P00533
1016,996,P00533
1016,1056,P00533
1016,1086,P00533
1016,991,P00533
1016,1080,P00533
1016,1058,P00533
1016,1116,P00533
1016,1114,P00533
1016,100,P00533
1016,1090,P00533
1016,1005,P00533
1016,1082,P00533
1016,1026,P00533
1016,994,P00533
1016,1065,P00533
1016,1097,P00533
1016,1101,P00533
1016,1025,P00533
1016,999,P00533
1016,1093,P00533
1016,1032,P00533
1016,1083,P00533
1016,1106,P00533
1016,982,P00533
1016,1095,P00533
1016,3155,P00533
1016,1118,P00533
1016,1037,P00533
1016,1105,P00533
1016,1018,P00533
1016,1006,P00533
1016,1035,P00533
1017,3504,P00533
1017,998,P00533
1017,364,P00533
1017,1039,P00533
1017,993,P00533
1017,985,P00533
1017,1041,P00533
1017,1045,P00533
1017,1115,P00533
1017,1019,P00533
1017,1092,P00533
1017,1087,P00533
1017,1078,P00533
1017,1057,P00533
1017,1050,P00533
1017,1043,P00533
1017,1074,P00533
1017,979,P00533
1017,1014,P00533
1017,996,P00533
1017,1056,P00533
1017,1086,P00533
1017,991,P00533
1017,1080,P00533
1017,1058,P00533
1017,1116,P00533
1017,1114,P00533
1017,100,P00533
1017,1090,P00533
1017,1005,P00533
1017,1082,P00533
1017,1026,P00533
1017,994,P00533
1017,1065,P00533
1017,1097,P00533
1017,1101,P00533
1017,1025,P00533
1017,999,P00533
1017,1093,P00533
1017,1032,P00533
1017,1083,P00533
1017,1106,P00533
1017,982,P00533
1017,1095,P00533
1017,3155,P00533
1017,1118,P00533
1017,1037,P00533
1017,1105,P00533
1017,1018,P00533
1017,1006,P00533
1017,1035,P00533
1020,3504,P00533
1020,998,P00533
1020,364,P00533
1020,1039,P00533
1020,993,P00533
1020,985,P00533
1020,1041,P00533
1020,1045,P00533
1020,1115,P00533
1020,1019,P00533
1020,1092,P00533
1020,1087,P00533
1020,1078,P00533
1020,1057,P00533
1020,1050,P00533
1020,1043,P00533
1020,1074,P00533
1020,979,P00533
1020,1014,P00533
1020,996,P00533
1020,1056,P00533
1020,1086,P00533
1020,991,P00533
1020,1080,P00533
1020,1058,P00533
1020,1116,P00533
1020,1114,P00533
1020,100,P00533
1020,1090,P00533
1020,1005,P00533
1020,1082,P00533
1020,1026,P00533
1020,994,P00533
1020,1065,P00533
1020,1097,P00533
1020,1101,P00533
1020,1025,P00533
1020,999,P00533
1020,1093,P00533
1020,1032,P00533
1020,1083,P00533
1020,1106,P00533
1020,982,P00533
1020,1095,P00533
1020,3155,P00533
1020,1118,P00533
1020,1037,P00533
1020,1105,P00533
1020,1018,P00533
1020,1006,P00533
1020,1035,P00533
1021,3504,P00533
1021,998,P00533
1021,364,P00533
1021,1039,P00533
1021,993,P00533
1021,985,P00533
1021,1041,P00533
1021,1045,P00533
1021,1115,P00533
1021,1019,P00533
1021,1092,P00533
1021,1087,P00533
1021,1078,P00533
1021,1057,P00533
1021,1050,P00533
1021,1043,P00533
1021,1074,P00533
1021,979,P00533
1021,1014,P00533
1021,996,P00533
1021,1056,P00533
1021,1086,P00533
1021,991,P00533
1021,1080,P00533
1021,1058,P00533
1021,1116,P00533
1021,1114,P00533
1021,100,P00533
1021,1090,P00533
1021,1005,P00533
1021,1082,P00533
1021,1026,P00533
1021,994,P00533
1021,1065,P00533
1021,1097,P00533
1021,1101,P00533
1021,1025,P00533
1021,999,P00533
1021,1093,P00533
1021,1032,P00533
1021,1083,P00533
1021,1106,P00533
1021,982,P00533
1021,1095,P00533
1021,3155,P00533
1021,1118,P00533
1021,1037,P00533
1021,1105,P00533
1021,1018,P00533
1021,1006,P00533
1021,1035,P00533
1022,3504,P00533
1022,998,P00533
1022,364,P00533
1022,1039,P00533
1022,993,P00533
1022,985,P00533
1022,1041,P00533
1022,1045,P00533
1022,1115,P00533
1022,1019,P00533
1022,1092,P00533
1022,1087,P00533
1022,1078,P00533
1022,1057,P00533
1022,1050,P00533
1022,1043,P00533
1022,1074,P00533
1022,979,P00533
1022,1014,P00533
1022,996,P00533
1022,1056,P00533
1022,1086,P00533
1022,991,P00533
1022,1080,P00533
1022,1058,P00533
1022,1116,P00533
1022,1114,P00533
1022,100,P00533
1022,1090,P00533
1022,1005,P00533
1022,1082,P00533
1022,1026,P00533
1022,994,P00533
1022,1065,P00533
1022,1097,P00533
1022,1101,P00533
1022,1025,P00533
1022,999,P00533
1022,1093,P00533
1022,1032,P00533
1022,1083,P00533
1022,1106,P00533
1022,982,P00533
1022,1095,P00533
1022,3155,P00533
1022,1118,P00533
1022,1037,P00533
1022,1105,P00533
1022,1018,P00533
1022,1006,P00533
1022,1035,P00533
1023,3504,P00533
1023,998,P00533
1023,364,P00533
1023,1039,P00533
1023,993,P00533
1023,985,P00533
1023,1041,P00533
1023,1045,P00533
1023,1115,P00533
1023,1019,P00533
1023,1092,P00533
1023,1087,P00533
1023,1078,P00533
1023,1057,P00533
1023,1050,P00533
1023,1043,P00533
1023,1074,P00533
1023,979,P00533
1023,1014,P00533
1023,996,P00533
1023,1056,P00533
1023,1086,P00533
1023,991,P00533
1023,1080,P00533
1023,1058,P00533
1023,1116,P00533
1023,1114,P00533
1023,100,P00533
1023,1090,P00533
1023,1005,P00533
1023,1082,P00533
1023,1026,P00533
1023,994,P00533
1023,1065,P00533
1023,1097,P00533
1023,1101,P00533
1023,1025,P00533
1023,999,P00533
1023,1093,P00533
1023,1032,P00533
1023,1083,P00533
1023,1106,P00533
1023,982,P00533
1023,1095,P00533
1023,3155,P00533
1023,1118,P00533
1023,1037,P00533
1023,1105,P00533
1023,1018,P00533
1023,1006,P00533
1023,1035,P00533
