idx_query,idx_anchor,UNIPROT
3155,1062,P00533
3155,3168,P00533
3155,987,P00533
3155,1045,P00533
3155,1019,P00533
3155,1052,P00533
3155,1112,P00533
3155,1076,P00533
3155,1036,P00533
3155,980,P00533
3155,1063,P00533
3155,1057,P00533
3155,1009,P00533
3155,1079,P00533
3155,1037,P00533
3155,1002,P00533
3155,1061,P00533
3155,1025,P00533
3155,1011,P00533
3155,363,P00533
3155,990,P00533
3155,361,P00533
3155,366,P00533
3155,1083,P00533
3155,1015,P00533
3155,14,P00533
3155,1086,P00533
3155,1118,P00533
3155,1048,P00533
3155,1024,P00533
3155,359,P00533
3155,1040,P00533
3155,1072,P00533
3155,1096,P00533
3155,1017,P00533
3155,1044,P00533
3155,1119,P00533
3155,983,P00533
3155,1004,P00533
3155,1109,P00533
3155,997,P00533
3155,1108,P00533
3155,1105,P00533
3155,1026,P00533
3155,1092,P00533
3155,1104,P00533
3155,1034,P00533
3155,986,P00533
3155,1049,P00533
3155,364,P00533
3155,1000,P00533
1027,1062,P00533
1027,3168,P00533
1027,987,P00533
1027,1045,P00533
1027,1019,P00533
1027,1052,P00533
1027,1112,P00533
1027,1076,P00533
1027,1036,P00533
1027,980,P00533
1027,1063,P00533
1027,1057,P00533
1027,1009,P00533
1027,1079,P00533
1027,1037,P00533
1027,1002,P00533
1027,1061,P00533
1027,1025,P00533
1027,1011,P00533
1027,363,P00533
1027,990,P00533
1027,361,P00533
1027,366,P00533
1027,1083,P00533
1027,1015,P00533
1027,14,P00533
1027,1086,P00533
1027,1118,P00533
1027,1048,P00533
1027,1024,P00533
1027,359,P00533
1027,1040,P00533
1027,1072,P00533
1027,1096,P00533
1027,1017,P00533
1027,1044,P00533
1027,1119,P00533
1027,983,P00533
1027,1004,P00533
1027,1109,P00533
1027,997,P00533
1027,1108,P00533
1027,1105,P00533
1027,1026,P00533
1027,1092,P00533
1027,1104,P00533
1027,1034,P00533
1027,986,P00533
1027,1049,P00533
1027,364,P00533
1027,1000,P00533
1028,1062,P00533
1028,3168,P00533
1028,987,P00533
1028,1045,P00533
1028,1019,P00533
1028,1052,P00533
1028,1112,P00533
1028,1076,P00533
1028,1036,P00533
1028,980,P00533
1028,1063,P00533
1028,1057,P00533
1028,1009,P00533
1028,1079,P00533
1028,1037,P00533
1028,1002,P00533
1028,1061,P00533
1028,1025,P00533
1028,1011,P00533
1028,363,P00533
1028,990,P00533
1028,361,P00533
1028,366,P00533
1028,1083,P00533
1028,1015,P00533
1028,14,P00533
1028,1086,P00533
1028,1118,P00533
1028,1048,P00533
1028,1024,P00533
1028,359,P00533
1028,1040,P00533
1028,1072,P00533
1028,1096,P00533
1028,1017,P00533
1028,1044,P00533
1028,1119,P00533
1028,983,P00533
1028,1004,P00533
1028,1109,P00533
1028,997,P00533
1028,1108,P00533
1028,1105,P00533
1028,1026,P00533
1028,1092,P00533
1028,1104,P00533
1028,1034,P00533
1028,986,P00533
1028,1049,P00533
1028,364,P00533
1028,1000,P00533
1029,1062,P00533
1029,3168,P00533
1029,987,P00533
1029,1045,P00533
1029,1019,P00533
1029,1052,P00533
1029,1112,P00533
1029,1076,P00533
1029,1036,P00533
1029,980,P00533
1029,1063,P00533
1029,1057,P00533
1029,1009,P00533
1029,1079,P00533
1029,1037,P00533
1029,1002,P00533
1029,1061,P00533
1029,1025,P00533
1029,1011,P00533
1029,363,P00533
1029,990,P00533
1029,361,P00533
1029,366,P00533
1029,1083,P00533
1029,1015,P00533
1029,14,P00533
1029,1086,P00533
1029,1118,P00533
1029,1048,P00533
1029,1024,P00533
1029,359,P00533
1029,1040,P00533
1029,1072,P00533
1029,1096,P00533
1029,1017,P00533
1029,1044,P00533
1029,1119,P00533
1029,983,P00533
1029,1004,P00533
1029,1109,P00533
1029,997,P00533
1029,1108,P00533
1029,1105,P00533
1029,1026,P00533
1029,1092,P00533
1029,1104,P00533
1029,1034,P00533
1029,986,P00533
1029,1049,P00533
1029,364,P00533
1029,1000,P00533
1030,1062,P00533
1030,3168,P00533
1030,987,P00533
1030,1045,P00533
1030,1019,P00533
1030,1052,P00533
1030,1112,P00533
1030,1076,P00533
1030,1036,P00533
1030,980,P00533
1030,1063,P00533
1030,1057,P00533
1030,1009,P00533
1030,1079,P00533
1030,1037,P00533
1030,1002,P00533
1030,1061,P00533
1030,1025,P00533
1030,1011,P00533
1030,363,P00533
1030,990,P00533
1030,361,P00533
1030,366,P00533
1030,1083,P00533
1030,1015,P00533
1030,14,P00533
1030,1086,P00533
1030,1118,P00533
1030,1048,P00533
1030,1024,P00533
1030,359,P00533
1030,1040,P00533
1030,1072,P00533
1030,1096,P00533
1030,1017,P00533
1030,1044,P00533
1030,1119,P00533
1030,983,P00533
1030,1004,P00533
1030,1109,P00533
1030,997,P00533
1030,1108,P00533
1030,1105,P00533
1030,1026,P00533
1030,1092,P00533
1030,1104,P00533
1030,1034,P00533
1030,986,P00533
1030,1049,P00533
1030,364,P00533
1030,1000,P00533
1031,1062,P00533
1031,3168,P00533
1031,987,P00533
1031,1045,P00533
1031,1019,P00533
1031,1052,P00533
1031,1112,P00533
1031,1076,P00533
1031,1036,P00533
1031,980,P00533
1031,1063,P00533
1031,1057,P00533
1031,1009,P00533
1031,1079,P00533
1031,1037,P00533
1031,1002,P00533
1031,1061,P00533
1031,1025,P00533
1031,1011,P00533
1031,363,P00533
1031,990,P00533
1031,361,P00533
1031,366,P00533
1031,1083,P00533
1031,1015,P00533
1031,14,P00533
1031,1086,P00533
1031,1118,P00533
1031,1048,P00533
1031,1024,P00533
1031,359,P00533
1031,1040,P00533
1031,1072,P00533
1031,1096,P00533
1031,1017,P00533
1031,1044,P00533
1031,1119,P00533
1031,983,P00533
1031,1004,P00533
1031,1109,P00533
1031,997,P00533
1031,1108,P00533
1031,1105,P00533
1031,1026,P00533
1031,1092,P00533
1031,1104,P00533
1031,1034,P00533
1031,986,P00533
1031,1049,P00533
1031,364,P00533
1031,1000,P00533
1032,1062,P00533
1032,3168,P00533
1032,987,P00533
1032,1045,P00533
1032,1019,P00533
1032,1052,P00533
1032,1112,P00533
1032,1076,P00533
1032,1036,P00533
1032,980,P00533
1032,1063,P00533
1032,1057,P00533
1032,1009,P00533
1032,1079,P00533
1032,1037,P00533
1032,1002,P00533
1032,1061,P00533
1032,1025,P00533
1032,1011,P00533
1032,363,P00533
1032,990,P00533
1032,361,P00533
1032,366,P00533
1032,1083,P00533
1032,1015,P00533
1032,14,P00533
1032,1086,P00533
1032,1118,P00533
1032,1048,P00533
1032,1024,P00533
1032,359,P00533
1032,1040,P00533
1032,1072,P00533
1032,1096,P00533
1032,1017,P00533
1032,1044,P00533
1032,1119,P00533
1032,983,P00533
1032,1004,P00533
1032,1109,P00533
1032,997,P00533
1032,1108,P00533
1032,1105,P00533
1032,1026,P00533
1032,1092,P00533
1032,1104,P00533
1032,1034,P00533
1032,986,P00533
1032,1049,P00533
1032,364,P00533
1032,1000,P00533
1033,1062,P00533
1033,3168,P00533
1033,987,P00533
1033,1045,P00533
1033,1019,P00533
1033,1052,P00533
1033,1112,P00533
1033,1076,P00533
1033,1036,P00533
1033,980,P00533
1033,1063,P00533
1033,1057,P00533
1033,1009,P00533
1033,1079,P00533
1033,1037,P00533
1033,1002,P00533
1033,1061,P00533
1033,1025,P00533
1033,1011,P00533
1033,363,P00533
1033,990,P00533
1033,361,P00533
1033,366,P00533
1033,1083,P00533
1033,1015,P00533
1033,14,P00533
1033,1086,P00533
1033,1118,P00533
1033,1048,P00533
1033,1024,P00533
1033,359,P00533
1033,1040,P00533
1033,1072,P00533
1033,1096,P00533
1033,1017,P00533
1033,1044,P00533
1033,1119,P00533
1033,983,P00533
1033,1004,P00533
1033,1109,P00533
1033,997,P00533
1033,1108,P00533
1033,1105,P00533
1033,1026,P00533
1033,1092,P00533
1033,1104,P00533
1033,1034,P00533
1033,986,P00533
1033,1049,P00533
1033,364,P00533
1033,1000,P00533
1035,1062,P00533
1035,3168,P00533
1035,987,P00533
1035,1045,P00533
1035,1019,P00533
1035,1052,P00533
1035,1112,P00533
1035,1076,P00533
1035,1036,P00533
1035,980,P00533
1035,1063,P00533
1035,1057,P00533
1035,1009,P00533
1035,1079,P00533
1035,1037,P00533
1035,1002,P00533
1035,1061,P00533
1035,1025,P00533
1035,1011,P00533
1035,363,P00533
1035,990,P00533
1035,361,P00533
1035,366,P00533
1035,1083,P00533
1035,1015,P00533
1035,14,P00533
1035,1086,P00533
1035,1118,P00533
1035,1048,P00533
1035,1024,P00533
1035,359,P00533
1035,1040,P00533
1035,1072,P00533
1035,1096,P00533
1035,1017,P00533
1035,1044,P00533
1035,1119,P00533
1035,983,P00533
1035,1004,P00533
1035,1109,P00533
1035,997,P00533
1035,1108,P00533
1035,1105,P00533
1035,1026,P00533
1035,1092,P00533
1035,1104,P00533
1035,1034,P00533
1035,986,P00533
1035,1049,P00533
1035,364,P00533
1035,1000,P00533
1038,1062,P00533
1038,3168,P00533
1038,987,P00533
1038,1045,P00533
1038,1019,P00533
1038,1052,P00533
1038,1112,P00533
1038,1076,P00533
1038,1036,P00533
1038,980,P00533
1038,1063,P00533
1038,1057,P00533
1038,1009,P00533
1038,1079,P00533
1038,1037,P00533
1038,1002,P00533
1038,1061,P00533
1038,1025,P00533
1038,1011,P00533
1038,363,P00533
1038,990,P00533
1038,361,P00533
1038,366,P00533
1038,1083,P00533
1038,1015,P00533
1038,14,P00533
1038,1086,P00533
1038,1118,P00533
1038,1048,P00533
1038,1024,P00533
1038,359,P00533
1038,1040,P00533
1038,1072,P00533
1038,1096,P00533
1038,1017,P00533
1038,1044,P00533
1038,1119,P00533
1038,983,P00533
1038,1004,P00533
1038,1109,P00533
1038,997,P00533
1038,1108,P00533
1038,1105,P00533
1038,1026,P00533
1038,1092,P00533
1038,1104,P00533
1038,1034,P00533
1038,986,P00533
1038,1049,P00533
1038,364,P00533
1038,1000,P00533
15,1062,P00533
15,3168,P00533
15,987,P00533
15,1045,P00533
15,1019,P00533
15,1052,P00533
15,1112,P00533
15,1076,P00533
15,1036,P00533
15,980,P00533
15,1063,P00533
15,1057,P00533
15,1009,P00533
15,1079,P00533
15,1037,P00533
15,1002,P00533
15,1061,P00533
15,1025,P00533
15,1011,P00533
15,363,P00533
15,990,P00533
15,361,P00533
15,366,P00533
15,1083,P00533
15,1015,P00533
15,14,P00533
15,1086,P00533
15,1118,P00533
15,1048,P00533
15,1024,P00533
15,359,P00533
15,1040,P00533
15,1072,P00533
15,1096,P00533
15,1017,P00533
15,1044,P00533
15,1119,P00533
15,983,P00533
15,1004,P00533
15,1109,P00533
15,997,P00533
15,1108,P00533
15,1105,P00533
15,1026,P00533
15,1092,P00533
15,1104,P00533
15,1034,P00533
15,986,P00533
15,1049,P00533
15,364,P00533
15,1000,P00533
1039,1062,P00533
1039,3168,P00533
1039,987,P00533
1039,1045,P00533
1039,1019,P00533
1039,1052,P00533
1039,1112,P00533
1039,1076,P00533
1039,1036,P00533
1039,980,P00533
1039,1063,P00533
1039,1057,P00533
1039,1009,P00533
1039,1079,P00533
1039,1037,P00533
1039,1002,P00533
1039,1061,P00533
1039,1025,P00533
1039,1011,P00533
1039,363,P00533
1039,990,P00533
1039,361,P00533
1039,366,P00533
1039,1083,P00533
1039,1015,P00533
1039,14,P00533
1039,1086,P00533
1039,1118,P00533
1039,1048,P00533
1039,1024,P00533
1039,359,P00533
1039,1040,P00533
1039,1072,P00533
1039,1096,P00533
1039,1017,P00533
1039,1044,P00533
1039,1119,P00533
1039,983,P00533
1039,1004,P00533
1039,1109,P00533
1039,997,P00533
1039,1108,P00533
1039,1105,P00533
1039,1026,P00533
1039,1092,P00533
1039,1104,P00533
1039,1034,P00533
1039,986,P00533
1039,1049,P00533
1039,364,P00533
1039,1000,P00533
1041,1062,P00533
1041,3168,P00533
1041,987,P00533
1041,1045,P00533
1041,1019,P00533
1041,1052,P00533
1041,1112,P00533
1041,1076,P00533
1041,1036,P00533
1041,980,P00533
1041,1063,P00533
1041,1057,P00533
1041,1009,P00533
1041,1079,P00533
1041,1037,P00533
1041,1002,P00533
1041,1061,P00533
1041,1025,P00533
1041,1011,P00533
1041,363,P00533
1041,990,P00533
1041,361,P00533
1041,366,P00533
1041,1083,P00533
1041,1015,P00533
1041,14,P00533
1041,1086,P00533
1041,1118,P00533
1041,1048,P00533
1041,1024,P00533
1041,359,P00533
1041,1040,P00533
1041,1072,P00533
1041,1096,P00533
1041,1017,P00533
1041,1044,P00533
1041,1119,P00533
1041,983,P00533
1041,1004,P00533
1041,1109,P00533
1041,997,P00533
1041,1108,P00533
1041,1105,P00533
1041,1026,P00533
1041,1092,P00533
1041,1104,P00533
1041,1034,P00533
1041,986,P00533
1041,1049,P00533
1041,364,P00533
1041,1000,P00533
1042,1062,P00533
1042,3168,P00533
1042,987,P00533
1042,1045,P00533
1042,1019,P00533
1042,1052,P00533
1042,1112,P00533
1042,1076,P00533
1042,1036,P00533
1042,980,P00533
1042,1063,P00533
1042,1057,P00533
1042,1009,P00533
1042,1079,P00533
1042,1037,P00533
1042,1002,P00533
1042,1061,P00533
1042,1025,P00533
1042,1011,P00533
1042,363,P00533
1042,990,P00533
1042,361,P00533
1042,366,P00533
1042,1083,P00533
1042,1015,P00533
1042,14,P00533
1042,1086,P00533
1042,1118,P00533
1042,1048,P00533
1042,1024,P00533
1042,359,P00533
1042,1040,P00533
1042,1072,P00533
1042,1096,P00533
1042,1017,P00533
1042,1044,P00533
1042,1119,P00533
1042,983,P00533
1042,1004,P00533
1042,1109,P00533
1042,997,P00533
1042,1108,P00533
1042,1105,P00533
1042,1026,P00533
1042,1092,P00533
1042,1104,P00533
1042,1034,P00533
1042,986,P00533
1042,1049,P00533
1042,364,P00533
1042,1000,P00533
1043,1062,P00533
1043,3168,P00533
1043,987,P00533
1043,1045,P00533
1043,1019,P00533
1043,1052,P00533
1043,1112,P00533
1043,1076,P00533
1043,1036,P00533
1043,980,P00533
1043,1063,P00533
1043,1057,P00533
1043,1009,P00533
1043,1079,P00533
1043,1037,P00533
1043,1002,P00533
1043,1061,P00533
1043,1025,P00533
1043,1011,P00533
1043,363,P00533
1043,990,P00533
1043,361,P00533
1043,366,P00533
1043,1083,P00533
1043,1015,P00533
1043,14,P00533
1043,1086,P00533
1043,1118,P00533
1043,1048,P00533
1043,1024,P00533
1043,359,P00533
1043,1040,P00533
1043,1072,P00533
1043,1096,P00533
1043,1017,P00533
1043,1044,P00533
1043,1119,P00533
1043,983,P00533
1043,1004,P00533
1043,1109,P00533
1043,997,P00533
1043,1108,P00533
1043,1105,P00533
1043,1026,P00533
1043,1092,P00533
1043,1104,P00533
1043,1034,P00533
1043,986,P00533
1043,1049,P00533
1043,364,P00533
1043,1000,P00533
1046,1062,P00533
1046,3168,P00533
1046,987,P00533
1046,1045,P00533
1046,1019,P00533
1046,1052,P00533
1046,1112,P00533
1046,1076,P00533
1046,1036,P00533
1046,980,P00533
1046,1063,P00533
1046,1057,P00533
1046,1009,P00533
1046,1079,P00533
1046,1037,P00533
1046,1002,P00533
1046,1061,P00533
1046,1025,P00533
1046,1011,P00533
1046,363,P00533
1046,990,P00533
1046,361,P00533
1046,366,P00533
1046,1083,P00533
1046,1015,P00533
1046,14,P00533
1046,1086,P00533
1046,1118,P00533
1046,1048,P00533
1046,1024,P00533
1046,359,P00533
1046,1040,P00533
1046,1072,P00533
1046,1096,P00533
1046,1017,P00533
1046,1044,P00533
1046,1119,P00533
1046,983,P00533
1046,1004,P00533
1046,1109,P00533
1046,997,P00533
1046,1108,P00533
1046,1105,P00533
1046,1026,P00533
1046,1092,P00533
1046,1104,P00533
1046,1034,P00533
1046,986,P00533
1046,1049,P00533
1046,364,P00533
1046,1000,P00533
1047,1062,P00533
1047,3168,P00533
1047,987,P00533
1047,1045,P00533
1047,1019,P00533
1047,1052,P00533
1047,1112,P00533
1047,1076,P00533
1047,1036,P00533
1047,980,P00533
1047,1063,P00533
1047,1057,P00533
1047,1009,P00533
1047,1079,P00533
1047,1037,P00533
1047,1002,P00533
1047,1061,P00533
1047,1025,P00533
1047,1011,P00533
1047,363,P00533
1047,990,P00533
1047,361,P00533
1047,366,P00533
1047,1083,P00533
1047,1015,P00533
1047,14,P00533
1047,1086,P00533
1047,1118,P00533
1047,1048,P00533
1047,1024,P00533
1047,359,P00533
1047,1040,P00533
1047,1072,P00533
1047,1096,P00533
1047,1017,P00533
1047,1044,P00533
1047,1119,P00533
1047,983,P00533
1047,1004,P00533
1047,1109,P00533
1047,997,P00533
1047,1108,P00533
1047,1105,P00533
1047,1026,P00533
1047,1092,P00533
1047,1104,P00533
1047,1034,P00533
1047,986,P00533
1047,1049,P00533
1047,364,P00533
1047,1000,P00533
1050,1062,P00533
1050,3168,P00533
1050,987,P00533
1050,1045,P00533
1050,1019,P00533
1050,1052,P00533
1050,1112,P00533
1050,1076,P00533
1050,1036,P00533
1050,980,P00533
1050,1063,P00533
1050,1057,P00533
1050,1009,P00533
1050,1079,P00533
1050,1037,P00533
1050,1002,P00533
1050,1061,P00533
1050,1025,P00533
1050,1011,P00533
1050,363,P00533
1050,990,P00533
1050,361,P00533
1050,366,P00533
1050,1083,P00533
1050,1015,P00533
1050,14,P00533
1050,1086,P00533
1050,1118,P00533
1050,1048,P00533
1050,1024,P00533
1050,359,P00533
1050,1040,P00533
1050,1072,P00533
1050,1096,P00533
1050,1017,P00533
1050,1044,P00533
1050,1119,P00533
1050,983,P00533
1050,1004,P00533
1050,1109,P00533
1050,997,P00533
1050,1108,P00533
1050,1105,P00533
1050,1026,P00533
1050,1092,P00533
1050,1104,P00533
1050,1034,P00533
1050,986,P00533
1050,1049,P00533
1050,364,P00533
1050,1000,P00533
1051,1062,P00533
1051,3168,P00533
1051,987,P00533
1051,1045,P00533
1051,1019,P00533
1051,1052,P00533
1051,1112,P00533
1051,1076,P00533
1051,1036,P00533
1051,980,P00533
1051,1063,P00533
1051,1057,P00533
1051,1009,P00533
1051,1079,P00533
1051,1037,P00533
1051,1002,P00533
1051,1061,P00533
1051,1025,P00533
1051,1011,P00533
1051,363,P00533
1051,990,P00533
1051,361,P00533
1051,366,P00533
1051,1083,P00533
1051,1015,P00533
1051,14,P00533
1051,1086,P00533
1051,1118,P00533
1051,1048,P00533
1051,1024,P00533
1051,359,P00533
1051,1040,P00533
1051,1072,P00533
1051,1096,P00533
1051,1017,P00533
1051,1044,P00533
1051,1119,P00533
1051,983,P00533
1051,1004,P00533
1051,1109,P00533
1051,997,P00533
1051,1108,P00533
1051,1105,P00533
1051,1026,P00533
1051,1092,P00533
1051,1104,P00533
1051,1034,P00533
1051,986,P00533
1051,1049,P00533
1051,364,P00533
1051,1000,P00533
1053,1062,P00533
1053,3168,P00533
1053,987,P00533
1053,1045,P00533
1053,1019,P00533
1053,1052,P00533
1053,1112,P00533
1053,1076,P00533
1053,1036,P00533
1053,980,P00533
1053,1063,P00533
1053,1057,P00533
1053,1009,P00533
1053,1079,P00533
1053,1037,P00533
1053,1002,P00533
1053,1061,P00533
1053,1025,P00533
1053,1011,P00533
1053,363,P00533
1053,990,P00533
1053,361,P00533
1053,366,P00533
1053,1083,P00533
1053,1015,P00533
1053,14,P00533
1053,1086,P00533
1053,1118,P00533
1053,1048,P00533
1053,1024,P00533
1053,359,P00533
1053,1040,P00533
1053,1072,P00533
1053,1096,P00533
1053,1017,P00533
1053,1044,P00533
1053,1119,P00533
1053,983,P00533
1053,1004,P00533
1053,1109,P00533
1053,997,P00533
1053,1108,P00533
1053,1105,P00533
1053,1026,P00533
1053,1092,P00533
1053,1104,P00533
1053,1034,P00533
1053,986,P00533
1053,1049,P00533
1053,364,P00533
1053,1000,P00533
1054,1062,P00533
1054,3168,P00533
1054,987,P00533
1054,1045,P00533
1054,1019,P00533
1054,1052,P00533
1054,1112,P00533
1054,1076,P00533
1054,1036,P00533
1054,980,P00533
1054,1063,P00533
1054,1057,P00533
1054,1009,P00533
1054,1079,P00533
1054,1037,P00533
1054,1002,P00533
1054,1061,P00533
1054,1025,P00533
1054,1011,P00533
1054,363,P00533
1054,990,P00533
1054,361,P00533
1054,366,P00533
1054,1083,P00533
1054,1015,P00533
1054,14,P00533
1054,1086,P00533
1054,1118,P00533
1054,1048,P00533
1054,1024,P00533
1054,359,P00533
1054,1040,P00533
1054,1072,P00533
1054,1096,P00533
1054,1017,P00533
1054,1044,P00533
1054,1119,P00533
1054,983,P00533
1054,1004,P00533
1054,1109,P00533
1054,997,P00533
1054,1108,P00533
1054,1105,P00533
1054,1026,P00533
1054,1092,P00533
1054,1104,P00533
1054,1034,P00533
1054,986,P00533
1054,1049,P00533
1054,364,P00533
1054,1000,P00533
1055,1062,P00533
1055,3168,P00533
1055,987,P00533
1055,1045,P00533
1055,1019,P00533
1055,1052,P00533
1055,1112,P00533
1055,1076,P00533
1055,1036,P00533
1055,980,P00533
1055,1063,P00533
1055,1057,P00533
1055,1009,P00533
1055,1079,P00533
1055,1037,P00533
1055,1002,P00533
1055,1061,P00533
1055,1025,P00533
1055,1011,P00533
1055,363,P00533
1055,990,P00533
1055,361,P00533
1055,366,P00533
1055,1083,P00533
1055,1015,P00533
1055,14,P00533
1055,1086,P00533
1055,1118,P00533
1055,1048,P00533
1055,1024,P00533
1055,359,P00533
1055,1040,P00533
1055,1072,P00533
1055,1096,P00533
1055,1017,P00533
1055,1044,P00533
1055,1119,P00533
1055,983,P00533
1055,1004,P00533
1055,1109,P00533
1055,997,P00533
1055,1108,P00533
1055,1105,P00533
1055,1026,P00533
1055,1092,P00533
1055,1104,P00533
1055,1034,P00533
1055,986,P00533
1055,1049,P00533
1055,364,P00533
1055,1000,P00533
1056,1062,P00533
1056,3168,P00533
1056,987,P00533
1056,1045,P00533
1056,1019,P00533
1056,1052,P00533
1056,1112,P00533
1056,1076,P00533
1056,1036,P00533
1056,980,P00533
1056,1063,P00533
1056,1057,P00533
1056,1009,P00533
1056,1079,P00533
1056,1037,P00533
1056,1002,P00533
1056,1061,P00533
1056,1025,P00533
1056,1011,P00533
1056,363,P00533
1056,990,P00533
1056,361,P00533
1056,366,P00533
1056,1083,P00533
1056,1015,P00533
1056,14,P00533
1056,1086,P00533
1056,1118,P00533
1056,1048,P00533
1056,1024,P00533
1056,359,P00533
1056,1040,P00533
1056,1072,P00533
1056,1096,P00533
1056,1017,P00533
1056,1044,P00533
1056,1119,P00533
1056,983,P00533
1056,1004,P00533
1056,1109,P00533
1056,997,P00533
1056,1108,P00533
1056,1105,P00533
1056,1026,P00533
1056,1092,P00533
1056,1104,P00533
1056,1034,P00533
1056,986,P00533
1056,1049,P00533
1056,364,P00533
1056,1000,P00533
1058,1062,P00533
1058,3168,P00533
1058,987,P00533
1058,1045,P00533
1058,1019,P00533
1058,1052,P00533
1058,1112,P00533
1058,1076,P00533
1058,1036,P00533
1058,980,P00533
1058,1063,P00533
1058,1057,P00533
1058,1009,P00533
1058,1079,P00533
1058,1037,P00533
1058,1002,P00533
1058,1061,P00533
1058,1025,P00533
1058,1011,P00533
1058,363,P00533
1058,990,P00533
1058,361,P00533
1058,366,P00533
1058,1083,P00533
1058,1015,P00533
1058,14,P00533
1058,1086,P00533
1058,1118,P00533
1058,1048,P00533
1058,1024,P00533
1058,359,P00533
1058,1040,P00533
1058,1072,P00533
1058,1096,P00533
1058,1017,P00533
1058,1044,P00533
1058,1119,P00533
1058,983,P00533
1058,1004,P00533
1058,1109,P00533
1058,997,P00533
1058,1108,P00533
1058,1105,P00533
1058,1026,P00533
1058,1092,P00533
1058,1104,P00533
1058,1034,P00533
1058,986,P00533
1058,1049,P00533
1058,364,P00533
1058,1000,P00533
1059,1062,P00533
1059,3168,P00533
1059,987,P00533
1059,1045,P00533
1059,1019,P00533
1059,1052,P00533
1059,1112,P00533
1059,1076,P00533
1059,1036,P00533
1059,980,P00533
1059,1063,P00533
1059,1057,P00533
1059,1009,P00533
1059,1079,P00533
1059,1037,P00533
1059,1002,P00533
1059,1061,P00533
1059,1025,P00533
1059,1011,P00533
1059,363,P00533
1059,990,P00533
1059,361,P00533
1059,366,P00533
1059,1083,P00533
1059,1015,P00533
1059,14,P00533
1059,1086,P00533
1059,1118,P00533
1059,1048,P00533
1059,1024,P00533
1059,359,P00533
1059,1040,P00533
1059,1072,P00533
1059,1096,P00533
1059,1017,P00533
1059,1044,P00533
1059,1119,P00533
1059,983,P00533
1059,1004,P00533
1059,1109,P00533
1059,997,P00533
1059,1108,P00533
1059,1105,P00533
1059,1026,P00533
1059,1092,P00533
1059,1104,P00533
1059,1034,P00533
1059,986,P00533
1059,1049,P00533
1059,364,P00533
1059,1000,P00533
1060,1062,P00533
1060,3168,P00533
1060,987,P00533
1060,1045,P00533
1060,1019,P00533
1060,1052,P00533
1060,1112,P00533
1060,1076,P00533
1060,1036,P00533
1060,980,P00533
1060,1063,P00533
1060,1057,P00533
1060,1009,P00533
1060,1079,P00533
1060,1037,P00533
1060,1002,P00533
1060,1061,P00533
1060,1025,P00533
1060,1011,P00533
1060,363,P00533
1060,990,P00533
1060,361,P00533
1060,366,P00533
1060,1083,P00533
1060,1015,P00533
1060,14,P00533
1060,1086,P00533
1060,1118,P00533
1060,1048,P00533
1060,1024,P00533
1060,359,P00533
1060,1040,P00533
1060,1072,P00533
1060,1096,P00533
1060,1017,P00533
1060,1044,P00533
1060,1119,P00533
1060,983,P00533
1060,1004,P00533
1060,1109,P00533
1060,997,P00533
1060,1108,P00533
1060,1105,P00533
1060,1026,P00533
1060,1092,P00533
1060,1104,P00533
1060,1034,P00533
1060,986,P00533
1060,1049,P00533
1060,364,P00533
1060,1000,P00533
1064,1062,P00533
1064,3168,P00533
1064,987,P00533
1064,1045,P00533
1064,1019,P00533
1064,1052,P00533
1064,1112,P00533
1064,1076,P00533
1064,1036,P00533
1064,980,P00533
1064,1063,P00533
1064,1057,P00533
1064,1009,P00533
1064,1079,P00533
1064,1037,P00533
1064,1002,P00533
1064,1061,P00533
1064,1025,P00533
1064,1011,P00533
1064,363,P00533
1064,990,P00533
1064,361,P00533
1064,366,P00533
1064,1083,P00533
1064,1015,P00533
1064,14,P00533
1064,1086,P00533
1064,1118,P00533
1064,1048,P00533
1064,1024,P00533
1064,359,P00533
1064,1040,P00533
1064,1072,P00533
1064,1096,P00533
1064,1017,P00533
1064,1044,P00533
1064,1119,P00533
1064,983,P00533
1064,1004,P00533
1064,1109,P00533
1064,997,P00533
1064,1108,P00533
1064,1105,P00533
1064,1026,P00533
1064,1092,P00533
1064,1104,P00533
1064,1034,P00533
1064,986,P00533
1064,1049,P00533
1064,364,P00533
1064,1000,P00533
1065,1062,P00533
1065,3168,P00533
1065,987,P00533
1065,1045,P00533
1065,1019,P00533
1065,1052,P00533
1065,1112,P00533
1065,1076,P00533
1065,1036,P00533
1065,980,P00533
1065,1063,P00533
1065,1057,P00533
1065,1009,P00533
1065,1079,P00533
1065,1037,P00533
1065,1002,P00533
1065,1061,P00533
1065,1025,P00533
1065,1011,P00533
1065,363,P00533
1065,990,P00533
1065,361,P00533
1065,366,P00533
1065,1083,P00533
1065,1015,P00533
1065,14,P00533
1065,1086,P00533
1065,1118,P00533
1065,1048,P00533
1065,1024,P00533
1065,359,P00533
1065,1040,P00533
1065,1072,P00533
1065,1096,P00533
1065,1017,P00533
1065,1044,P00533
1065,1119,P00533
1065,983,P00533
1065,1004,P00533
1065,1109,P00533
1065,997,P00533
1065,1108,P00533
1065,1105,P00533
1065,1026,P00533
1065,1092,P00533
1065,1104,P00533
1065,1034,P00533
1065,986,P00533
1065,1049,P00533
1065,364,P00533
1065,1000,P00533
1066,1062,P00533
1066,3168,P00533
1066,987,P00533
1066,1045,P00533
1066,1019,P00533
1066,1052,P00533
1066,1112,P00533
1066,1076,P00533
1066,1036,P00533
1066,980,P00533
1066,1063,P00533
1066,1057,P00533
1066,1009,P00533
1066,1079,P00533
1066,1037,P00533
1066,1002,P00533
1066,1061,P00533
1066,1025,P00533
1066,1011,P00533
1066,363,P00533
1066,990,P00533
1066,361,P00533
1066,366,P00533
1066,1083,P00533
1066,1015,P00533
1066,14,P00533
1066,1086,P00533
1066,1118,P00533
1066,1048,P00533
1066,1024,P00533
1066,359,P00533
1066,1040,P00533
1066,1072,P00533
1066,1096,P00533
1066,1017,P00533
1066,1044,P00533
1066,1119,P00533
1066,983,P00533
1066,1004,P00533
1066,1109,P00533
1066,997,P00533
1066,1108,P00533
1066,1105,P00533
1066,1026,P00533
1066,1092,P00533
1066,1104,P00533
1066,1034,P00533
1066,986,P00533
1066,1049,P00533
1066,364,P00533
1066,1000,P00533
1067,1062,P00533
1067,3168,P00533
1067,987,P00533
1067,1045,P00533
1067,1019,P00533
1067,1052,P00533
1067,1112,P00533
1067,1076,P00533
1067,1036,P00533
1067,980,P00533
1067,1063,P00533
1067,1057,P00533
1067,1009,P00533
1067,1079,P00533
1067,1037,P00533
1067,1002,P00533
1067,1061,P00533
1067,1025,P00533
1067,1011,P00533
1067,363,P00533
1067,990,P00533
1067,361,P00533
1067,366,P00533
1067,1083,P00533
1067,1015,P00533
1067,14,P00533
1067,1086,P00533
1067,1118,P00533
1067,1048,P00533
1067,1024,P00533
1067,359,P00533
1067,1040,P00533
1067,1072,P00533
1067,1096,P00533
1067,1017,P00533
1067,1044,P00533
1067,1119,P00533
1067,983,P00533
1067,1004,P00533
1067,1109,P00533
1067,997,P00533
1067,1108,P00533
1067,1105,P00533
1067,1026,P00533
1067,1092,P00533
1067,1104,P00533
1067,1034,P00533
1067,986,P00533
1067,1049,P00533
1067,364,P00533
1067,1000,P00533
1068,1062,P00533
1068,3168,P00533
1068,987,P00533
1068,1045,P00533
1068,1019,P00533
1068,1052,P00533
1068,1112,P00533
1068,1076,P00533
1068,1036,P00533
1068,980,P00533
1068,1063,P00533
1068,1057,P00533
1068,1009,P00533
1068,1079,P00533
1068,1037,P00533
1068,1002,P00533
1068,1061,P00533
1068,1025,P00533
1068,1011,P00533
1068,363,P00533
1068,990,P00533
1068,361,P00533
1068,366,P00533
1068,1083,P00533
1068,1015,P00533
1068,14,P00533
1068,1086,P00533
1068,1118,P00533
1068,1048,P00533
1068,1024,P00533
1068,359,P00533
1068,1040,P00533
1068,1072,P00533
1068,1096,P00533
1068,1017,P00533
1068,1044,P00533
1068,1119,P00533
1068,983,P00533
1068,1004,P00533
1068,1109,P00533
1068,997,P00533
1068,1108,P00533
1068,1105,P00533
1068,1026,P00533
1068,1092,P00533
1068,1104,P00533
1068,1034,P00533
1068,986,P00533
1068,1049,P00533
1068,364,P00533
1068,1000,P00533
1069,1062,P00533
1069,3168,P00533
1069,987,P00533
1069,1045,P00533
1069,1019,P00533
1069,1052,P00533
1069,1112,P00533
1069,1076,P00533
1069,1036,P00533
1069,980,P00533
1069,1063,P00533
1069,1057,P00533
1069,1009,P00533
1069,1079,P00533
1069,1037,P00533
1069,1002,P00533
1069,1061,P00533
1069,1025,P00533
1069,1011,P00533
1069,363,P00533
1069,990,P00533
1069,361,P00533
1069,366,P00533
1069,1083,P00533
1069,1015,P00533
1069,14,P00533
1069,1086,P00533
1069,1118,P00533
1069,1048,P00533
1069,1024,P00533
1069,359,P00533
1069,1040,P00533
1069,1072,P00533
1069,1096,P00533
1069,1017,P00533
1069,1044,P00533
1069,1119,P00533
1069,983,P00533
1069,1004,P00533
1069,1109,P00533
1069,997,P00533
1069,1108,P00533
1069,1105,P00533
1069,1026,P00533
1069,1092,P00533
1069,1104,P00533
1069,1034,P00533
1069,986,P00533
1069,1049,P00533
1069,364,P00533
1069,1000,P00533
1070,1062,P00533
1070,3168,P00533
1070,987,P00533
1070,1045,P00533
1070,1019,P00533
1070,1052,P00533
1070,1112,P00533
1070,1076,P00533
1070,1036,P00533
1070,980,P00533
1070,1063,P00533
1070,1057,P00533
1070,1009,P00533
1070,1079,P00533
1070,1037,P00533
1070,1002,P00533
1070,1061,P00533
1070,1025,P00533
1070,1011,P00533
1070,363,P00533
1070,990,P00533
1070,361,P00533
1070,366,P00533
1070,1083,P00533
1070,1015,P00533
1070,14,P00533
1070,1086,P00533
1070,1118,P00533
1070,1048,P00533
1070,1024,P00533
1070,359,P00533
1070,1040,P00533
1070,1072,P00533
1070,1096,P00533
1070,1017,P00533
1070,1044,P00533
1070,1119,P00533
1070,983,P00533
1070,1004,P00533
1070,1109,P00533
1070,997,P00533
1070,1108,P00533
1070,1105,P00533
1070,1026,P00533
1070,1092,P00533
1070,1104,P00533
1070,1034,P00533
1070,986,P00533
1070,1049,P00533
1070,364,P00533
1070,1000,P00533
1071,1062,P00533
1071,3168,P00533
1071,987,P00533
1071,1045,P00533
1071,1019,P00533
1071,1052,P00533
1071,1112,P00533
1071,1076,P00533
1071,1036,P00533
1071,980,P00533
1071,1063,P00533
1071,1057,P00533
1071,1009,P00533
1071,1079,P00533
1071,1037,P00533
1071,1002,P00533
1071,1061,P00533
1071,1025,P00533
1071,1011,P00533
1071,363,P00533
1071,990,P00533
1071,361,P00533
1071,366,P00533
1071,1083,P00533
1071,1015,P00533
1071,14,P00533
1071,1086,P00533
1071,1118,P00533
1071,1048,P00533
1071,1024,P00533
1071,359,P00533
1071,1040,P00533
1071,1072,P00533
1071,1096,P00533
1071,1017,P00533
1071,1044,P00533
1071,1119,P00533
1071,983,P00533
1071,1004,P00533
1071,1109,P00533
1071,997,P00533
1071,1108,P00533
1071,1105,P00533
1071,1026,P00533
1071,1092,P00533
1071,1104,P00533
1071,1034,P00533
1071,986,P00533
1071,1049,P00533
1071,364,P00533
1071,1000,P00533
1073,1062,P00533
1073,3168,P00533
1073,987,P00533
1073,1045,P00533
1073,1019,P00533
1073,1052,P00533
1073,1112,P00533
1073,1076,P00533
1073,1036,P00533
1073,980,P00533
1073,1063,P00533
1073,1057,P00533
1073,1009,P00533
1073,1079,P00533
1073,1037,P00533
1073,1002,P00533
1073,1061,P00533
1073,1025,P00533
1073,1011,P00533
1073,363,P00533
1073,990,P00533
1073,361,P00533
1073,366,P00533
1073,1083,P00533
1073,1015,P00533
1073,14,P00533
1073,1086,P00533
1073,1118,P00533
1073,1048,P00533
1073,1024,P00533
1073,359,P00533
1073,1040,P00533
1073,1072,P00533
1073,1096,P00533
1073,1017,P00533
1073,1044,P00533
1073,1119,P00533
1073,983,P00533
1073,1004,P00533
1073,1109,P00533
1073,997,P00533
1073,1108,P00533
1073,1105,P00533
1073,1026,P00533
1073,1092,P00533
1073,1104,P00533
1073,1034,P00533
1073,986,P00533
1073,1049,P00533
1073,364,P00533
1073,1000,P00533
1074,1062,P00533
1074,3168,P00533
1074,987,P00533
1074,1045,P00533
1074,1019,P00533
1074,1052,P00533
1074,1112,P00533
1074,1076,P00533
1074,1036,P00533
1074,980,P00533
1074,1063,P00533
1074,1057,P00533
1074,1009,P00533
1074,1079,P00533
1074,1037,P00533
1074,1002,P00533
1074,1061,P00533
1074,1025,P00533
1074,1011,P00533
1074,363,P00533
1074,990,P00533
1074,361,P00533
1074,366,P00533
1074,1083,P00533
1074,1015,P00533
1074,14,P00533
1074,1086,P00533
1074,1118,P00533
1074,1048,P00533
1074,1024,P00533
1074,359,P00533
1074,1040,P00533
1074,1072,P00533
1074,1096,P00533
1074,1017,P00533
1074,1044,P00533
1074,1119,P00533
1074,983,P00533
1074,1004,P00533
1074,1109,P00533
1074,997,P00533
1074,1108,P00533
1074,1105,P00533
1074,1026,P00533
1074,1092,P00533
1074,1104,P00533
1074,1034,P00533
1074,986,P00533
1074,1049,P00533
1074,364,P00533
1074,1000,P00533
1075,1062,P00533
1075,3168,P00533
1075,987,P00533
1075,1045,P00533
1075,1019,P00533
1075,1052,P00533
1075,1112,P00533
1075,1076,P00533
1075,1036,P00533
1075,980,P00533
1075,1063,P00533
1075,1057,P00533
1075,1009,P00533
1075,1079,P00533
1075,1037,P00533
1075,1002,P00533
1075,1061,P00533
1075,1025,P00533
1075,1011,P00533
1075,363,P00533
1075,990,P00533
1075,361,P00533
1075,366,P00533
1075,1083,P00533
1075,1015,P00533
1075,14,P00533
1075,1086,P00533
1075,1118,P00533
1075,1048,P00533
1075,1024,P00533
1075,359,P00533
1075,1040,P00533
1075,1072,P00533
1075,1096,P00533
1075,1017,P00533
1075,1044,P00533
1075,1119,P00533
1075,983,P00533
1075,1004,P00533
1075,1109,P00533
1075,997,P00533
1075,1108,P00533
1075,1105,P00533
1075,1026,P00533
1075,1092,P00533
1075,1104,P00533
1075,1034,P00533
1075,986,P00533
1075,1049,P00533
1075,364,P00533
1075,1000,P00533
1077,1062,P00533
1077,3168,P00533
1077,987,P00533
1077,1045,P00533
1077,1019,P00533
1077,1052,P00533
1077,1112,P00533
1077,1076,P00533
1077,1036,P00533
1077,980,P00533
1077,1063,P00533
1077,1057,P00533
1077,1009,P00533
1077,1079,P00533
1077,1037,P00533
1077,1002,P00533
1077,1061,P00533
1077,1025,P00533
1077,1011,P00533
1077,363,P00533
1077,990,P00533
1077,361,P00533
1077,366,P00533
1077,1083,P00533
1077,1015,P00533
1077,14,P00533
1077,1086,P00533
1077,1118,P00533
1077,1048,P00533
1077,1024,P00533
1077,359,P00533
1077,1040,P00533
1077,1072,P00533
1077,1096,P00533
1077,1017,P00533
1077,1044,P00533
1077,1119,P00533
1077,983,P00533
1077,1004,P00533
1077,1109,P00533
1077,997,P00533
1077,1108,P00533
1077,1105,P00533
1077,1026,P00533
1077,1092,P00533
1077,1104,P00533
1077,1034,P00533
1077,986,P00533
1077,1049,P00533
1077,364,P00533
1077,1000,P00533
1078,1062,P00533
1078,3168,P00533
1078,987,P00533
1078,1045,P00533
1078,1019,P00533
1078,1052,P00533
1078,1112,P00533
1078,1076,P00533
1078,1036,P00533
1078,980,P00533
1078,1063,P00533
1078,1057,P00533
1078,1009,P00533
1078,1079,P00533
1078,1037,P00533
1078,1002,P00533
1078,1061,P00533
1078,1025,P00533
1078,1011,P00533
1078,363,P00533
1078,990,P00533
1078,361,P00533
1078,366,P00533
1078,1083,P00533
1078,1015,P00533
1078,14,P00533
1078,1086,P00533
1078,1118,P00533
1078,1048,P00533
1078,1024,P00533
1078,359,P00533
1078,1040,P00533
1078,1072,P00533
1078,1096,P00533
1078,1017,P00533
1078,1044,P00533
1078,1119,P00533
1078,983,P00533
1078,1004,P00533
1078,1109,P00533
1078,997,P00533
1078,1108,P00533
1078,1105,P00533
1078,1026,P00533
1078,1092,P00533
1078,1104,P00533
1078,1034,P00533
1078,986,P00533
1078,1049,P00533
1078,364,P00533
1078,1000,P00533
1080,1062,P00533
1080,3168,P00533
1080,987,P00533
1080,1045,P00533
1080,1019,P00533
1080,1052,P00533
1080,1112,P00533
1080,1076,P00533
1080,1036,P00533
1080,980,P00533
1080,1063,P00533
1080,1057,P00533
1080,1009,P00533
1080,1079,P00533
1080,1037,P00533
1080,1002,P00533
1080,1061,P00533
1080,1025,P00533
1080,1011,P00533
1080,363,P00533
1080,990,P00533
1080,361,P00533
1080,366,P00533
1080,1083,P00533
1080,1015,P00533
1080,14,P00533
1080,1086,P00533
1080,1118,P00533
1080,1048,P00533
1080,1024,P00533
1080,359,P00533
1080,1040,P00533
1080,1072,P00533
1080,1096,P00533
1080,1017,P00533
1080,1044,P00533
1080,1119,P00533
1080,983,P00533
1080,1004,P00533
1080,1109,P00533
1080,997,P00533
1080,1108,P00533
1080,1105,P00533
1080,1026,P00533
1080,1092,P00533
1080,1104,P00533
1080,1034,P00533
1080,986,P00533
1080,1049,P00533
1080,364,P00533
1080,1000,P00533
1081,1062,P00533
1081,3168,P00533
1081,987,P00533
1081,1045,P00533
1081,1019,P00533
1081,1052,P00533
1081,1112,P00533
1081,1076,P00533
1081,1036,P00533
1081,980,P00533
1081,1063,P00533
1081,1057,P00533
1081,1009,P00533
1081,1079,P00533
1081,1037,P00533
1081,1002,P00533
1081,1061,P00533
1081,1025,P00533
1081,1011,P00533
1081,363,P00533
1081,990,P00533
1081,361,P00533
1081,366,P00533
1081,1083,P00533
1081,1015,P00533
1081,14,P00533
1081,1086,P00533
1081,1118,P00533
1081,1048,P00533
1081,1024,P00533
1081,359,P00533
1081,1040,P00533
1081,1072,P00533
1081,1096,P00533
1081,1017,P00533
1081,1044,P00533
1081,1119,P00533
1081,983,P00533
1081,1004,P00533
1081,1109,P00533
1081,997,P00533
1081,1108,P00533
1081,1105,P00533
1081,1026,P00533
1081,1092,P00533
1081,1104,P00533
1081,1034,P00533
1081,986,P00533
1081,1049,P00533
1081,364,P00533
1081,1000,P00533
1082,1062,P00533
1082,3168,P00533
1082,987,P00533
1082,1045,P00533
1082,1019,P00533
1082,1052,P00533
1082,1112,P00533
1082,1076,P00533
1082,1036,P00533
1082,980,P00533
1082,1063,P00533
1082,1057,P00533
1082,1009,P00533
1082,1079,P00533
1082,1037,P00533
1082,1002,P00533
1082,1061,P00533
1082,1025,P00533
1082,1011,P00533
1082,363,P00533
1082,990,P00533
1082,361,P00533
1082,366,P00533
1082,1083,P00533
1082,1015,P00533
1082,14,P00533
1082,1086,P00533
1082,1118,P00533
1082,1048,P00533
1082,1024,P00533
1082,359,P00533
1082,1040,P00533
1082,1072,P00533
1082,1096,P00533
1082,1017,P00533
1082,1044,P00533
1082,1119,P00533
1082,983,P00533
1082,1004,P00533
1082,1109,P00533
1082,997,P00533
1082,1108,P00533
1082,1105,P00533
1082,1026,P00533
1082,1092,P00533
1082,1104,P00533
1082,1034,P00533
1082,986,P00533
1082,1049,P00533
1082,364,P00533
1082,1000,P00533
1084,1062,P00533
1084,3168,P00533
1084,987,P00533
1084,1045,P00533
1084,1019,P00533
1084,1052,P00533
1084,1112,P00533
1084,1076,P00533
1084,1036,P00533
1084,980,P00533
1084,1063,P00533
1084,1057,P00533
1084,1009,P00533
1084,1079,P00533
1084,1037,P00533
1084,1002,P00533
1084,1061,P00533
1084,1025,P00533
1084,1011,P00533
1084,363,P00533
1084,990,P00533
1084,361,P00533
1084,366,P00533
1084,1083,P00533
1084,1015,P00533
1084,14,P00533
1084,1086,P00533
1084,1118,P00533
1084,1048,P00533
1084,1024,P00533
1084,359,P00533
1084,1040,P00533
1084,1072,P00533
1084,1096,P00533
1084,1017,P00533
1084,1044,P00533
1084,1119,P00533
1084,983,P00533
1084,1004,P00533
1084,1109,P00533
1084,997,P00533
1084,1108,P00533
1084,1105,P00533
1084,1026,P00533
1084,1092,P00533
1084,1104,P00533
1084,1034,P00533
1084,986,P00533
1084,1049,P00533
1084,364,P00533
1084,1000,P00533
1085,1062,P00533
1085,3168,P00533
1085,987,P00533
1085,1045,P00533
1085,1019,P00533
1085,1052,P00533
1085,1112,P00533
1085,1076,P00533
1085,1036,P00533
1085,980,P00533
1085,1063,P00533
1085,1057,P00533
1085,1009,P00533
1085,1079,P00533
1085,1037,P00533
1085,1002,P00533
1085,1061,P00533
1085,1025,P00533
1085,1011,P00533
1085,363,P00533
1085,990,P00533
1085,361,P00533
1085,366,P00533
1085,1083,P00533
1085,1015,P00533
1085,14,P00533
1085,1086,P00533
1085,1118,P00533
1085,1048,P00533
1085,1024,P00533
1085,359,P00533
1085,1040,P00533
1085,1072,P00533
1085,1096,P00533
1085,1017,P00533
1085,1044,P00533
1085,1119,P00533
1085,983,P00533
1085,1004,P00533
1085,1109,P00533
1085,997,P00533
1085,1108,P00533
1085,1105,P00533
1085,1026,P00533
1085,1092,P00533
1085,1104,P00533
1085,1034,P00533
1085,986,P00533
1085,1049,P00533
1085,364,P00533
1085,1000,P00533
1087,1062,P00533
1087,3168,P00533
1087,987,P00533
1087,1045,P00533
1087,1019,P00533
1087,1052,P00533
1087,1112,P00533
1087,1076,P00533
1087,1036,P00533
1087,980,P00533
1087,1063,P00533
1087,1057,P00533
1087,1009,P00533
1087,1079,P00533
1087,1037,P00533
1087,1002,P00533
1087,1061,P00533
1087,1025,P00533
1087,1011,P00533
1087,363,P00533
1087,990,P00533
1087,361,P00533
1087,366,P00533
1087,1083,P00533
1087,1015,P00533
1087,14,P00533
1087,1086,P00533
1087,1118,P00533
1087,1048,P00533
1087,1024,P00533
1087,359,P00533
1087,1040,P00533
1087,1072,P00533
1087,1096,P00533
1087,1017,P00533
1087,1044,P00533
1087,1119,P00533
1087,983,P00533
1087,1004,P00533
1087,1109,P00533
1087,997,P00533
1087,1108,P00533
1087,1105,P00533
1087,1026,P00533
1087,1092,P00533
1087,1104,P00533
1087,1034,P00533
1087,986,P00533
1087,1049,P00533
1087,364,P00533
1087,1000,P00533
1088,1062,P00533
1088,3168,P00533
1088,987,P00533
1088,1045,P00533
1088,1019,P00533
1088,1052,P00533
1088,1112,P00533
1088,1076,P00533
1088,1036,P00533
1088,980,P00533
1088,1063,P00533
1088,1057,P00533
1088,1009,P00533
1088,1079,P00533
1088,1037,P00533
1088,1002,P00533
1088,1061,P00533
1088,1025,P00533
1088,1011,P00533
1088,363,P00533
1088,990,P00533
1088,361,P00533
1088,366,P00533
1088,1083,P00533
1088,1015,P00533
1088,14,P00533
1088,1086,P00533
1088,1118,P00533
1088,1048,P00533
1088,1024,P00533
1088,359,P00533
1088,1040,P00533
1088,1072,P00533
1088,1096,P00533
1088,1017,P00533
1088,1044,P00533
1088,1119,P00533
1088,983,P00533
1088,1004,P00533
1088,1109,P00533
1088,997,P00533
1088,1108,P00533
1088,1105,P00533
1088,1026,P00533
1088,1092,P00533
1088,1104,P00533
1088,1034,P00533
1088,986,P00533
1088,1049,P00533
1088,364,P00533
1088,1000,P00533
1089,1062,P00533
1089,3168,P00533
1089,987,P00533
1089,1045,P00533
1089,1019,P00533
1089,1052,P00533
1089,1112,P00533
1089,1076,P00533
1089,1036,P00533
1089,980,P00533
1089,1063,P00533
1089,1057,P00533
1089,1009,P00533
1089,1079,P00533
1089,1037,P00533
1089,1002,P00533
1089,1061,P00533
1089,1025,P00533
1089,1011,P00533
1089,363,P00533
1089,990,P00533
1089,361,P00533
1089,366,P00533
1089,1083,P00533
1089,1015,P00533
1089,14,P00533
1089,1086,P00533
1089,1118,P00533
1089,1048,P00533
1089,1024,P00533
1089,359,P00533
1089,1040,P00533
1089,1072,P00533
1089,1096,P00533
1089,1017,P00533
1089,1044,P00533
1089,1119,P00533
1089,983,P00533
1089,1004,P00533
1089,1109,P00533
1089,997,P00533
1089,1108,P00533
1089,1105,P00533
1089,1026,P00533
1089,1092,P00533
1089,1104,P00533
1089,1034,P00533
1089,986,P00533
1089,1049,P00533
1089,364,P00533
1089,1000,P00533
1090,1062,P00533
1090,3168,P00533
1090,987,P00533
1090,1045,P00533
1090,1019,P00533
1090,1052,P00533
1090,1112,P00533
1090,1076,P00533
1090,1036,P00533
1090,980,P00533
1090,1063,P00533
1090,1057,P00533
1090,1009,P00533
1090,1079,P00533
1090,1037,P00533
1090,1002,P00533
1090,1061,P00533
1090,1025,P00533
1090,1011,P00533
1090,363,P00533
1090,990,P00533
1090,361,P00533
1090,366,P00533
1090,1083,P00533
1090,1015,P00533
1090,14,P00533
1090,1086,P00533
1090,1118,P00533
1090,1048,P00533
1090,1024,P00533
1090,359,P00533
1090,1040,P00533
1090,1072,P00533
1090,1096,P00533
1090,1017,P00533
1090,1044,P00533
1090,1119,P00533
1090,983,P00533
1090,1004,P00533
1090,1109,P00533
1090,997,P00533
1090,1108,P00533
1090,1105,P00533
1090,1026,P00533
1090,1092,P00533
1090,1104,P00533
1090,1034,P00533
1090,986,P00533
1090,1049,P00533
1090,364,P00533
1090,1000,P00533
1091,1062,P00533
1091,3168,P00533
1091,987,P00533
1091,1045,P00533
1091,1019,P00533
1091,1052,P00533
1091,1112,P00533
1091,1076,P00533
1091,1036,P00533
1091,980,P00533
1091,1063,P00533
1091,1057,P00533
1091,1009,P00533
1091,1079,P00533
1091,1037,P00533
1091,1002,P00533
1091,1061,P00533
1091,1025,P00533
1091,1011,P00533
1091,363,P00533
1091,990,P00533
1091,361,P00533
1091,366,P00533
1091,1083,P00533
1091,1015,P00533
1091,14,P00533
1091,1086,P00533
1091,1118,P00533
1091,1048,P00533
1091,1024,P00533
1091,359,P00533
1091,1040,P00533
1091,1072,P00533
1091,1096,P00533
1091,1017,P00533
1091,1044,P00533
1091,1119,P00533
1091,983,P00533
1091,1004,P00533
1091,1109,P00533
1091,997,P00533
1091,1108,P00533
1091,1105,P00533
1091,1026,P00533
1091,1092,P00533
1091,1104,P00533
1091,1034,P00533
1091,986,P00533
1091,1049,P00533
1091,364,P00533
1091,1000,P00533
1093,1062,P00533
1093,3168,P00533
1093,987,P00533
1093,1045,P00533
1093,1019,P00533
1093,1052,P00533
1093,1112,P00533
1093,1076,P00533
1093,1036,P00533
1093,980,P00533
1093,1063,P00533
1093,1057,P00533
1093,1009,P00533
1093,1079,P00533
1093,1037,P00533
1093,1002,P00533
1093,1061,P00533
1093,1025,P00533
1093,1011,P00533
1093,363,P00533
1093,990,P00533
1093,361,P00533
1093,366,P00533
1093,1083,P00533
1093,1015,P00533
1093,14,P00533
1093,1086,P00533
1093,1118,P00533
1093,1048,P00533
1093,1024,P00533
1093,359,P00533
1093,1040,P00533
1093,1072,P00533
1093,1096,P00533
1093,1017,P00533
1093,1044,P00533
1093,1119,P00533
1093,983,P00533
1093,1004,P00533
1093,1109,P00533
1093,997,P00533
1093,1108,P00533
1093,1105,P00533
1093,1026,P00533
1093,1092,P00533
1093,1104,P00533
1093,1034,P00533
1093,986,P00533
1093,1049,P00533
1093,364,P00533
1093,1000,P00533
1094,1062,P00533
1094,3168,P00533
1094,987,P00533
1094,1045,P00533
1094,1019,P00533
1094,1052,P00533
1094,1112,P00533
1094,1076,P00533
1094,1036,P00533
1094,980,P00533
1094,1063,P00533
1094,1057,P00533
1094,1009,P00533
1094,1079,P00533
1094,1037,P00533
1094,1002,P00533
1094,1061,P00533
1094,1025,P00533
1094,1011,P00533
1094,363,P00533
1094,990,P00533
1094,361,P00533
1094,366,P00533
1094,1083,P00533
1094,1015,P00533
1094,14,P00533
1094,1086,P00533
1094,1118,P00533
1094,1048,P00533
1094,1024,P00533
1094,359,P00533
1094,1040,P00533
1094,1072,P00533
1094,1096,P00533
1094,1017,P00533
1094,1044,P00533
1094,1119,P00533
1094,983,P00533
1094,1004,P00533
1094,1109,P00533
1094,997,P00533
1094,1108,P00533
1094,1105,P00533
1094,1026,P00533
1094,1092,P00533
1094,1104,P00533
1094,1034,P00533
1094,986,P00533
1094,1049,P00533
1094,364,P00533
1094,1000,P00533
1095,1062,P00533
1095,3168,P00533
1095,987,P00533
1095,1045,P00533
1095,1019,P00533
1095,1052,P00533
1095,1112,P00533
1095,1076,P00533
1095,1036,P00533
1095,980,P00533
1095,1063,P00533
1095,1057,P00533
1095,1009,P00533
1095,1079,P00533
1095,1037,P00533
1095,1002,P00533
1095,1061,P00533
1095,1025,P00533
1095,1011,P00533
1095,363,P00533
1095,990,P00533
1095,361,P00533
1095,366,P00533
1095,1083,P00533
1095,1015,P00533
1095,14,P00533
1095,1086,P00533
1095,1118,P00533
1095,1048,P00533
1095,1024,P00533
1095,359,P00533
1095,1040,P00533
1095,1072,P00533
1095,1096,P00533
1095,1017,P00533
1095,1044,P00533
1095,1119,P00533
1095,983,P00533
1095,1004,P00533
1095,1109,P00533
1095,997,P00533
1095,1108,P00533
1095,1105,P00533
1095,1026,P00533
1095,1092,P00533
1095,1104,P00533
1095,1034,P00533
1095,986,P00533
1095,1049,P00533
1095,364,P00533
1095,1000,P00533
1097,1062,P00533
1097,3168,P00533
1097,987,P00533
1097,1045,P00533
1097,1019,P00533
1097,1052,P00533
1097,1112,P00533
1097,1076,P00533
1097,1036,P00533
1097,980,P00533
1097,1063,P00533
1097,1057,P00533
1097,1009,P00533
1097,1079,P00533
1097,1037,P00533
1097,1002,P00533
1097,1061,P00533
1097,1025,P00533
1097,1011,P00533
1097,363,P00533
1097,990,P00533
1097,361,P00533
1097,366,P00533
1097,1083,P00533
1097,1015,P00533
1097,14,P00533
1097,1086,P00533
1097,1118,P00533
1097,1048,P00533
1097,1024,P00533
1097,359,P00533
1097,1040,P00533
1097,1072,P00533
1097,1096,P00533
1097,1017,P00533
1097,1044,P00533
1097,1119,P00533
1097,983,P00533
1097,1004,P00533
1097,1109,P00533
1097,997,P00533
1097,1108,P00533
1097,1105,P00533
1097,1026,P00533
1097,1092,P00533
1097,1104,P00533
1097,1034,P00533
1097,986,P00533
1097,1049,P00533
1097,364,P00533
1097,1000,P00533
1098,1062,P00533
1098,3168,P00533
1098,987,P00533
1098,1045,P00533
1098,1019,P00533
1098,1052,P00533
1098,1112,P00533
1098,1076,P00533
1098,1036,P00533
1098,980,P00533
1098,1063,P00533
1098,1057,P00533
1098,1009,P00533
1098,1079,P00533
1098,1037,P00533
1098,1002,P00533
1098,1061,P00533
1098,1025,P00533
1098,1011,P00533
1098,363,P00533
1098,990,P00533
1098,361,P00533
1098,366,P00533
1098,1083,P00533
1098,1015,P00533
1098,14,P00533
1098,1086,P00533
1098,1118,P00533
1098,1048,P00533
1098,1024,P00533
1098,359,P00533
1098,1040,P00533
1098,1072,P00533
1098,1096,P00533
1098,1017,P00533
1098,1044,P00533
1098,1119,P00533
1098,983,P00533
1098,1004,P00533
1098,1109,P00533
1098,997,P00533
1098,1108,P00533
1098,1105,P00533
1098,1026,P00533
1098,1092,P00533
1098,1104,P00533
1098,1034,P00533
1098,986,P00533
1098,1049,P00533
1098,364,P00533
1098,1000,P00533
1099,1062,P00533
1099,3168,P00533
1099,987,P00533
1099,1045,P00533
1099,1019,P00533
1099,1052,P00533
1099,1112,P00533
1099,1076,P00533
1099,1036,P00533
1099,980,P00533
1099,1063,P00533
1099,1057,P00533
1099,1009,P00533
1099,1079,P00533
1099,1037,P00533
1099,1002,P00533
1099,1061,P00533
1099,1025,P00533
1099,1011,P00533
1099,363,P00533
1099,990,P00533
1099,361,P00533
1099,366,P00533
1099,1083,P00533
1099,1015,P00533
1099,14,P00533
1099,1086,P00533
1099,1118,P00533
1099,1048,P00533
1099,1024,P00533
1099,359,P00533
1099,1040,P00533
1099,1072,P00533
1099,1096,P00533
1099,1017,P00533
1099,1044,P00533
1099,1119,P00533
1099,983,P00533
1099,1004,P00533
1099,1109,P00533
1099,997,P00533
1099,1108,P00533
1099,1105,P00533
1099,1026,P00533
1099,1092,P00533
1099,1104,P00533
1099,1034,P00533
1099,986,P00533
1099,1049,P00533
1099,364,P00533
1099,1000,P00533
1100,1062,P00533
1100,3168,P00533
1100,987,P00533
1100,1045,P00533
1100,1019,P00533
1100,1052,P00533
1100,1112,P00533
1100,1076,P00533
1100,1036,P00533
1100,980,P00533
1100,1063,P00533
1100,1057,P00533
1100,1009,P00533
1100,1079,P00533
1100,1037,P00533
1100,1002,P00533
1100,1061,P00533
1100,1025,P00533
1100,1011,P00533
1100,363,P00533
1100,990,P00533
1100,361,P00533
1100,366,P00533
1100,1083,P00533
1100,1015,P00533
1100,14,P00533
1100,1086,P00533
1100,1118,P00533
1100,1048,P00533
1100,1024,P00533
1100,359,P00533
1100,1040,P00533
1100,1072,P00533
1100,1096,P00533
1100,1017,P00533
1100,1044,P00533
1100,1119,P00533
1100,983,P00533
1100,1004,P00533
1100,1109,P00533
1100,997,P00533
1100,1108,P00533
1100,1105,P00533
1100,1026,P00533
1100,1092,P00533
1100,1104,P00533
1100,1034,P00533
1100,986,P00533
1100,1049,P00533
1100,364,P00533
1100,1000,P00533
1101,1062,P00533
1101,3168,P00533
1101,987,P00533
1101,1045,P00533
1101,1019,P00533
1101,1052,P00533
1101,1112,P00533
1101,1076,P00533
1101,1036,P00533
1101,980,P00533
1101,1063,P00533
1101,1057,P00533
1101,1009,P00533
1101,1079,P00533
1101,1037,P00533
1101,1002,P00533
1101,1061,P00533
1101,1025,P00533
1101,1011,P00533
1101,363,P00533
1101,990,P00533
1101,361,P00533
1101,366,P00533
1101,1083,P00533
1101,1015,P00533
1101,14,P00533
1101,1086,P00533
1101,1118,P00533
1101,1048,P00533
1101,1024,P00533
1101,359,P00533
1101,1040,P00533
1101,1072,P00533
1101,1096,P00533
1101,1017,P00533
1101,1044,P00533
1101,1119,P00533
1101,983,P00533
1101,1004,P00533
1101,1109,P00533
1101,997,P00533
1101,1108,P00533
1101,1105,P00533
1101,1026,P00533
1101,1092,P00533
1101,1104,P00533
1101,1034,P00533
1101,986,P00533
1101,1049,P00533
1101,364,P00533
1101,1000,P00533
1102,1062,P00533
1102,3168,P00533
1102,987,P00533
1102,1045,P00533
1102,1019,P00533
1102,1052,P00533
1102,1112,P00533
1102,1076,P00533
1102,1036,P00533
1102,980,P00533
1102,1063,P00533
1102,1057,P00533
1102,1009,P00533
1102,1079,P00533
1102,1037,P00533
1102,1002,P00533
1102,1061,P00533
1102,1025,P00533
1102,1011,P00533
1102,363,P00533
1102,990,P00533
1102,361,P00533
1102,366,P00533
1102,1083,P00533
1102,1015,P00533
1102,14,P00533
1102,1086,P00533
1102,1118,P00533
1102,1048,P00533
1102,1024,P00533
1102,359,P00533
1102,1040,P00533
1102,1072,P00533
1102,1096,P00533
1102,1017,P00533
1102,1044,P00533
1102,1119,P00533
1102,983,P00533
1102,1004,P00533
1102,1109,P00533
1102,997,P00533
1102,1108,P00533
1102,1105,P00533
1102,1026,P00533
1102,1092,P00533
1102,1104,P00533
1102,1034,P00533
1102,986,P00533
1102,1049,P00533
1102,364,P00533
1102,1000,P00533
1103,1062,P00533
1103,3168,P00533
1103,987,P00533
1103,1045,P00533
1103,1019,P00533
1103,1052,P00533
1103,1112,P00533
1103,1076,P00533
1103,1036,P00533
1103,980,P00533
1103,1063,P00533
1103,1057,P00533
1103,1009,P00533
1103,1079,P00533
1103,1037,P00533
1103,1002,P00533
1103,1061,P00533
1103,1025,P00533
1103,1011,P00533
1103,363,P00533
1103,990,P00533
1103,361,P00533
1103,366,P00533
1103,1083,P00533
1103,1015,P00533
1103,14,P00533
1103,1086,P00533
1103,1118,P00533
1103,1048,P00533
1103,1024,P00533
1103,359,P00533
1103,1040,P00533
1103,1072,P00533
1103,1096,P00533
1103,1017,P00533
1103,1044,P00533
1103,1119,P00533
1103,983,P00533
1103,1004,P00533
1103,1109,P00533
1103,997,P00533
1103,1108,P00533
1103,1105,P00533
1103,1026,P00533
1103,1092,P00533
1103,1104,P00533
1103,1034,P00533
1103,986,P00533
1103,1049,P00533
1103,364,P00533
1103,1000,P00533
1106,1062,P00533
1106,3168,P00533
1106,987,P00533
1106,1045,P00533
1106,1019,P00533
1106,1052,P00533
1106,1112,P00533
1106,1076,P00533
1106,1036,P00533
1106,980,P00533
1106,1063,P00533
1106,1057,P00533
1106,1009,P00533
1106,1079,P00533
1106,1037,P00533
1106,1002,P00533
1106,1061,P00533
1106,1025,P00533
1106,1011,P00533
1106,363,P00533
1106,990,P00533
1106,361,P00533
1106,366,P00533
1106,1083,P00533
1106,1015,P00533
1106,14,P00533
1106,1086,P00533
1106,1118,P00533
1106,1048,P00533
1106,1024,P00533
1106,359,P00533
1106,1040,P00533
1106,1072,P00533
1106,1096,P00533
1106,1017,P00533
1106,1044,P00533
1106,1119,P00533
1106,983,P00533
1106,1004,P00533
1106,1109,P00533
1106,997,P00533
1106,1108,P00533
1106,1105,P00533
1106,1026,P00533
1106,1092,P00533
1106,1104,P00533
1106,1034,P00533
1106,986,P00533
1106,1049,P00533
1106,364,P00533
1106,1000,P00533
1107,1062,P00533
1107,3168,P00533
1107,987,P00533
1107,1045,P00533
1107,1019,P00533
1107,1052,P00533
1107,1112,P00533
1107,1076,P00533
1107,1036,P00533
1107,980,P00533
1107,1063,P00533
1107,1057,P00533
1107,1009,P00533
1107,1079,P00533
1107,1037,P00533
1107,1002,P00533
1107,1061,P00533
1107,1025,P00533
1107,1011,P00533
1107,363,P00533
1107,990,P00533
1107,361,P00533
1107,366,P00533
1107,1083,P00533
1107,1015,P00533
1107,14,P00533
1107,1086,P00533
1107,1118,P00533
1107,1048,P00533
1107,1024,P00533
1107,359,P00533
1107,1040,P00533
1107,1072,P00533
1107,1096,P00533
1107,1017,P00533
1107,1044,P00533
1107,1119,P00533
1107,983,P00533
1107,1004,P00533
1107,1109,P00533
1107,997,P00533
1107,1108,P00533
1107,1105,P00533
1107,1026,P00533
1107,1092,P00533
1107,1104,P00533
1107,1034,P00533
1107,986,P00533
1107,1049,P00533
1107,364,P00533
1107,1000,P00533
3156,1062,P00533
3156,3168,P00533
3156,987,P00533
3156,1045,P00533
3156,1019,P00533
3156,1052,P00533
3156,1112,P00533
3156,1076,P00533
3156,1036,P00533
3156,980,P00533
3156,1063,P00533
3156,1057,P00533
3156,1009,P00533
3156,1079,P00533
3156,1037,P00533
3156,1002,P00533
3156,1061,P00533
3156,1025,P00533
3156,1011,P00533
3156,363,P00533
3156,990,P00533
3156,361,P00533
3156,366,P00533
3156,1083,P00533
3156,1015,P00533
3156,14,P00533
3156,1086,P00533
3156,1118,P00533
3156,1048,P00533
3156,1024,P00533
3156,359,P00533
3156,1040,P00533
3156,1072,P00533
3156,1096,P00533
3156,1017,P00533
3156,1044,P00533
3156,1119,P00533
3156,983,P00533
3156,1004,P00533
3156,1109,P00533
3156,997,P00533
3156,1108,P00533
3156,1105,P00533
3156,1026,P00533
3156,1092,P00533
3156,1104,P00533
3156,1034,P00533
3156,986,P00533
3156,1049,P00533
3156,364,P00533
3156,1000,P00533
3157,1062,P00533
3157,3168,P00533
3157,987,P00533
3157,1045,P00533
3157,1019,P00533
3157,1052,P00533
3157,1112,P00533
3157,1076,P00533
3157,1036,P00533
3157,980,P00533
3157,1063,P00533
3157,1057,P00533
3157,1009,P00533
3157,1079,P00533
3157,1037,P00533
3157,1002,P00533
3157,1061,P00533
3157,1025,P00533
3157,1011,P00533
3157,363,P00533
3157,990,P00533
3157,361,P00533
3157,366,P00533
3157,1083,P00533
3157,1015,P00533
3157,14,P00533
3157,1086,P00533
3157,1118,P00533
3157,1048,P00533
3157,1024,P00533
3157,359,P00533
3157,1040,P00533
3157,1072,P00533
3157,1096,P00533
3157,1017,P00533
3157,1044,P00533
3157,1119,P00533
3157,983,P00533
3157,1004,P00533
3157,1109,P00533
3157,997,P00533
3157,1108,P00533
3157,1105,P00533
3157,1026,P00533
3157,1092,P00533
3157,1104,P00533
3157,1034,P00533
3157,986,P00533
3157,1049,P00533
3157,364,P00533
3157,1000,P00533
1110,1062,P00533
1110,3168,P00533
1110,987,P00533
1110,1045,P00533
1110,1019,P00533
1110,1052,P00533
1110,1112,P00533
1110,1076,P00533
1110,1036,P00533
1110,980,P00533
1110,1063,P00533
1110,1057,P00533
1110,1009,P00533
1110,1079,P00533
1110,1037,P00533
1110,1002,P00533
1110,1061,P00533
1110,1025,P00533
1110,1011,P00533
1110,363,P00533
1110,990,P00533
1110,361,P00533
1110,366,P00533
1110,1083,P00533
1110,1015,P00533
1110,14,P00533
1110,1086,P00533
1110,1118,P00533
1110,1048,P00533
1110,1024,P00533
1110,359,P00533
1110,1040,P00533
1110,1072,P00533
1110,1096,P00533
1110,1017,P00533
1110,1044,P00533
1110,1119,P00533
1110,983,P00533
1110,1004,P00533
1110,1109,P00533
1110,997,P00533
1110,1108,P00533
1110,1105,P00533
1110,1026,P00533
1110,1092,P00533
1110,1104,P00533
1110,1034,P00533
1110,986,P00533
1110,1049,P00533
1110,364,P00533
1110,1000,P00533
1111,1062,P00533
1111,3168,P00533
1111,987,P00533
1111,1045,P00533
1111,1019,P00533
1111,1052,P00533
1111,1112,P00533
1111,1076,P00533
1111,1036,P00533
1111,980,P00533
1111,1063,P00533
1111,1057,P00533
1111,1009,P00533
1111,1079,P00533
1111,1037,P00533
1111,1002,P00533
1111,1061,P00533
1111,1025,P00533
1111,1011,P00533
1111,363,P00533
1111,990,P00533
1111,361,P00533
1111,366,P00533
1111,1083,P00533
1111,1015,P00533
1111,14,P00533
1111,1086,P00533
1111,1118,P00533
1111,1048,P00533
1111,1024,P00533
1111,359,P00533
1111,1040,P00533
1111,1072,P00533
1111,1096,P00533
1111,1017,P00533
1111,1044,P00533
1111,1119,P00533
1111,983,P00533
1111,1004,P00533
1111,1109,P00533
1111,997,P00533
1111,1108,P00533
1111,1105,P00533
1111,1026,P00533
1111,1092,P00533
1111,1104,P00533
1111,1034,P00533
1111,986,P00533
1111,1049,P00533
1111,364,P00533
1111,1000,P00533
3158,1062,P00533
3158,3168,P00533
3158,987,P00533
3158,1045,P00533
3158,1019,P00533
3158,1052,P00533
3158,1112,P00533
3158,1076,P00533
3158,1036,P00533
3158,980,P00533
3158,1063,P00533
3158,1057,P00533
3158,1009,P00533
3158,1079,P00533
3158,1037,P00533
3158,1002,P00533
3158,1061,P00533
3158,1025,P00533
3158,1011,P00533
3158,363,P00533
3158,990,P00533
3158,361,P00533
3158,366,P00533
3158,1083,P00533
3158,1015,P00533
3158,14,P00533
3158,1086,P00533
3158,1118,P00533
3158,1048,P00533
3158,1024,P00533
3158,359,P00533
3158,1040,P00533
3158,1072,P00533
3158,1096,P00533
3158,1017,P00533
3158,1044,P00533
3158,1119,P00533
3158,983,P00533
3158,1004,P00533
3158,1109,P00533
3158,997,P00533
3158,1108,P00533
3158,1105,P00533
3158,1026,P00533
3158,1092,P00533
3158,1104,P00533
3158,1034,P00533
3158,986,P00533
3158,1049,P00533
3158,364,P00533
3158,1000,P00533
1113,1062,P00533
1113,3168,P00533
1113,987,P00533
1113,1045,P00533
1113,1019,P00533
1113,1052,P00533
1113,1112,P00533
1113,1076,P00533
1113,1036,P00533
1113,980,P00533
1113,1063,P00533
1113,1057,P00533
1113,1009,P00533
1113,1079,P00533
1113,1037,P00533
1113,1002,P00533
1113,1061,P00533
1113,1025,P00533
1113,1011,P00533
1113,363,P00533
1113,990,P00533
1113,361,P00533
1113,366,P00533
1113,1083,P00533
1113,1015,P00533
1113,14,P00533
1113,1086,P00533
1113,1118,P00533
1113,1048,P00533
1113,1024,P00533
1113,359,P00533
1113,1040,P00533
1113,1072,P00533
1113,1096,P00533
1113,1017,P00533
1113,1044,P00533
1113,1119,P00533
1113,983,P00533
1113,1004,P00533
1113,1109,P00533
1113,997,P00533
1113,1108,P00533
1113,1105,P00533
1113,1026,P00533
1113,1092,P00533
1113,1104,P00533
1113,1034,P00533
1113,986,P00533
1113,1049,P00533
1113,364,P00533
1113,1000,P00533
1114,1062,P00533
1114,3168,P00533
1114,987,P00533
1114,1045,P00533
1114,1019,P00533
1114,1052,P00533
1114,1112,P00533
1114,1076,P00533
1114,1036,P00533
1114,980,P00533
1114,1063,P00533
1114,1057,P00533
1114,1009,P00533
1114,1079,P00533
1114,1037,P00533
1114,1002,P00533
1114,1061,P00533
1114,1025,P00533
1114,1011,P00533
1114,363,P00533
1114,990,P00533
1114,361,P00533
1114,366,P00533
1114,1083,P00533
1114,1015,P00533
1114,14,P00533
1114,1086,P00533
1114,1118,P00533
1114,1048,P00533
1114,1024,P00533
1114,359,P00533
1114,1040,P00533
1114,1072,P00533
1114,1096,P00533
1114,1017,P00533
1114,1044,P00533
1114,1119,P00533
1114,983,P00533
1114,1004,P00533
1114,1109,P00533
1114,997,P00533
1114,1108,P00533
1114,1105,P00533
1114,1026,P00533
1114,1092,P00533
1114,1104,P00533
1114,1034,P00533
1114,986,P00533
1114,1049,P00533
1114,364,P00533
1114,1000,P00533
1115,1062,P00533
1115,3168,P00533
1115,987,P00533
1115,1045,P00533
1115,1019,P00533
1115,1052,P00533
1115,1112,P00533
1115,1076,P00533
1115,1036,P00533
1115,980,P00533
1115,1063,P00533
1115,1057,P00533
1115,1009,P00533
1115,1079,P00533
1115,1037,P00533
1115,1002,P00533
1115,1061,P00533
1115,1025,P00533
1115,1011,P00533
1115,363,P00533
1115,990,P00533
1115,361,P00533
1115,366,P00533
1115,1083,P00533
1115,1015,P00533
1115,14,P00533
1115,1086,P00533
1115,1118,P00533
1115,1048,P00533
1115,1024,P00533
1115,359,P00533
1115,1040,P00533
1115,1072,P00533
1115,1096,P00533
1115,1017,P00533
1115,1044,P00533
1115,1119,P00533
1115,983,P00533
1115,1004,P00533
1115,1109,P00533
1115,997,P00533
1115,1108,P00533
1115,1105,P00533
1115,1026,P00533
1115,1092,P00533
1115,1104,P00533
1115,1034,P00533
1115,986,P00533
1115,1049,P00533
1115,364,P00533
1115,1000,P00533
1116,1062,P00533
1116,3168,P00533
1116,987,P00533
1116,1045,P00533
1116,1019,P00533
1116,1052,P00533
1116,1112,P00533
1116,1076,P00533
1116,1036,P00533
1116,980,P00533
1116,1063,P00533
1116,1057,P00533
1116,1009,P00533
1116,1079,P00533
1116,1037,P00533
1116,1002,P00533
1116,1061,P00533
1116,1025,P00533
1116,1011,P00533
1116,363,P00533
1116,990,P00533
1116,361,P00533
1116,366,P00533
1116,1083,P00533
1116,1015,P00533
1116,14,P00533
1116,1086,P00533
1116,1118,P00533
1116,1048,P00533
1116,1024,P00533
1116,359,P00533
1116,1040,P00533
1116,1072,P00533
1116,1096,P00533
1116,1017,P00533
1116,1044,P00533
1116,1119,P00533
1116,983,P00533
1116,1004,P00533
1116,1109,P00533
1116,997,P00533
1116,1108,P00533
1116,1105,P00533
1116,1026,P00533
1116,1092,P00533
1116,1104,P00533
1116,1034,P00533
1116,986,P00533
1116,1049,P00533
1116,364,P00533
1116,1000,P00533
1117,1062,P00533
1117,3168,P00533
1117,987,P00533
1117,1045,P00533
1117,1019,P00533
1117,1052,P00533
1117,1112,P00533
1117,1076,P00533
1117,1036,P00533
1117,980,P00533
1117,1063,P00533
1117,1057,P00533
1117,1009,P00533
1117,1079,P00533
1117,1037,P00533
1117,1002,P00533
1117,1061,P00533
1117,1025,P00533
1117,1011,P00533
1117,363,P00533
1117,990,P00533
1117,361,P00533
1117,366,P00533
1117,1083,P00533
1117,1015,P00533
1117,14,P00533
1117,1086,P00533
1117,1118,P00533
1117,1048,P00533
1117,1024,P00533
1117,359,P00533
1117,1040,P00533
1117,1072,P00533
1117,1096,P00533
1117,1017,P00533
1117,1044,P00533
1117,1119,P00533
1117,983,P00533
1117,1004,P00533
1117,1109,P00533
1117,997,P00533
1117,1108,P00533
1117,1105,P00533
1117,1026,P00533
1117,1092,P00533
1117,1104,P00533
1117,1034,P00533
1117,986,P00533
1117,1049,P00533
1117,364,P00533
1117,1000,P00533
3159,1062,P00533
3159,3168,P00533
3159,987,P00533
3159,1045,P00533
3159,1019,P00533
3159,1052,P00533
3159,1112,P00533
3159,1076,P00533
3159,1036,P00533
3159,980,P00533
3159,1063,P00533
3159,1057,P00533
3159,1009,P00533
3159,1079,P00533
3159,1037,P00533
3159,1002,P00533
3159,1061,P00533
3159,1025,P00533
3159,1011,P00533
3159,363,P00533
3159,990,P00533
3159,361,P00533
3159,366,P00533
3159,1083,P00533
3159,1015,P00533
3159,14,P00533
3159,1086,P00533
3159,1118,P00533
3159,1048,P00533
3159,1024,P00533
3159,359,P00533
3159,1040,P00533
3159,1072,P00533
3159,1096,P00533
3159,1017,P00533
3159,1044,P00533
3159,1119,P00533
3159,983,P00533
3159,1004,P00533
3159,1109,P00533
3159,997,P00533
3159,1108,P00533
3159,1105,P00533
3159,1026,P00533
3159,1092,P00533
3159,1104,P00533
3159,1034,P00533
3159,986,P00533
3159,1049,P00533
3159,364,P00533
3159,1000,P00533
3160,1062,P00533
3160,3168,P00533
3160,987,P00533
3160,1045,P00533
3160,1019,P00533
3160,1052,P00533
3160,1112,P00533
3160,1076,P00533
3160,1036,P00533
3160,980,P00533
3160,1063,P00533
3160,1057,P00533
3160,1009,P00533
3160,1079,P00533
3160,1037,P00533
3160,1002,P00533
3160,1061,P00533
3160,1025,P00533
3160,1011,P00533
3160,363,P00533
3160,990,P00533
3160,361,P00533
3160,366,P00533
3160,1083,P00533
3160,1015,P00533
3160,14,P00533
3160,1086,P00533
3160,1118,P00533
3160,1048,P00533
3160,1024,P00533
3160,359,P00533
3160,1040,P00533
3160,1072,P00533
3160,1096,P00533
3160,1017,P00533
3160,1044,P00533
3160,1119,P00533
3160,983,P00533
3160,1004,P00533
3160,1109,P00533
3160,997,P00533
3160,1108,P00533
3160,1105,P00533
3160,1026,P00533
3160,1092,P00533
3160,1104,P00533
3160,1034,P00533
3160,986,P00533
3160,1049,P00533
3160,364,P00533
3160,1000,P00533
3161,1062,P00533
3161,3168,P00533
3161,987,P00533
3161,1045,P00533
3161,1019,P00533
3161,1052,P00533
3161,1112,P00533
3161,1076,P00533
3161,1036,P00533
3161,980,P00533
3161,1063,P00533
3161,1057,P00533
3161,1009,P00533
3161,1079,P00533
3161,1037,P00533
3161,1002,P00533
3161,1061,P00533
3161,1025,P00533
3161,1011,P00533
3161,363,P00533
3161,990,P00533
3161,361,P00533
3161,366,P00533
3161,1083,P00533
3161,1015,P00533
3161,14,P00533
3161,1086,P00533
3161,1118,P00533
3161,1048,P00533
3161,1024,P00533
3161,359,P00533
3161,1040,P00533
3161,1072,P00533
3161,1096,P00533
3161,1017,P00533
3161,1044,P00533
3161,1119,P00533
3161,983,P00533
3161,1004,P00533
3161,1109,P00533
3161,997,P00533
3161,1108,P00533
3161,1105,P00533
3161,1026,P00533
3161,1092,P00533
3161,1104,P00533
3161,1034,P00533
3161,986,P00533
3161,1049,P00533
3161,364,P00533
3161,1000,P00533
99,1062,P00533
99,3168,P00533
99,987,P00533
99,1045,P00533
99,1019,P00533
99,1052,P00533
99,1112,P00533
99,1076,P00533
99,1036,P00533
99,980,P00533
99,1063,P00533
99,1057,P00533
99,1009,P00533
99,1079,P00533
99,1037,P00533
99,1002,P00533
99,1061,P00533
99,1025,P00533
99,1011,P00533
99,363,P00533
99,990,P00533
99,361,P00533
99,366,P00533
99,1083,P00533
99,1015,P00533
99,14,P00533
99,1086,P00533
99,1118,P00533
99,1048,P00533
99,1024,P00533
99,359,P00533
99,1040,P00533
99,1072,P00533
99,1096,P00533
99,1017,P00533
99,1044,P00533
99,1119,P00533
99,983,P00533
99,1004,P00533
99,1109,P00533
99,997,P00533
99,1108,P00533
99,1105,P00533
99,1026,P00533
99,1092,P00533
99,1104,P00533
99,1034,P00533
99,986,P00533
99,1049,P00533
99,364,P00533
99,1000,P00533
100,1062,P00533
100,3168,P00533
100,987,P00533
100,1045,P00533
100,1019,P00533
100,1052,P00533
100,1112,P00533
100,1076,P00533
100,1036,P00533
100,980,P00533
100,1063,P00533
100,1057,P00533
100,1009,P00533
100,1079,P00533
100,1037,P00533
100,1002,P00533
100,1061,P00533
100,1025,P00533
100,1011,P00533
100,363,P00533
100,990,P00533
100,361,P00533
100,366,P00533
100,1083,P00533
100,1015,P00533
100,14,P00533
100,1086,P00533
100,1118,P00533
100,1048,P00533
100,1024,P00533
100,359,P00533
100,1040,P00533
100,1072,P00533
100,1096,P00533
100,1017,P00533
100,1044,P00533
100,1119,P00533
100,983,P00533
100,1004,P00533
100,1109,P00533
100,997,P00533
100,1108,P00533
100,1105,P00533
100,1026,P00533
100,1092,P00533
100,1104,P00533
100,1034,P00533
100,986,P00533
100,1049,P00533
100,364,P00533
100,1000,P00533
101,1062,P00533
101,3168,P00533
101,987,P00533
101,1045,P00533
101,1019,P00533
101,1052,P00533
101,1112,P00533
101,1076,P00533
101,1036,P00533
101,980,P00533
101,1063,P00533
101,1057,P00533
101,1009,P00533
101,1079,P00533
101,1037,P00533
101,1002,P00533
101,1061,P00533
101,1025,P00533
101,1011,P00533
101,363,P00533
101,990,P00533
101,361,P00533
101,366,P00533
101,1083,P00533
101,1015,P00533
101,14,P00533
101,1086,P00533
101,1118,P00533
101,1048,P00533
101,1024,P00533
101,359,P00533
101,1040,P00533
101,1072,P00533
101,1096,P00533
101,1017,P00533
101,1044,P00533
101,1119,P00533
101,983,P00533
101,1004,P00533
101,1109,P00533
101,997,P00533
101,1108,P00533
101,1105,P00533
101,1026,P00533
101,1092,P00533
101,1104,P00533
101,1034,P00533
101,986,P00533
101,1049,P00533
101,364,P00533
101,1000,P00533
3258,1062,P00533
3258,3168,P00533
3258,987,P00533
3258,1045,P00533
3258,1019,P00533
3258,1052,P00533
3258,1112,P00533
3258,1076,P00533
3258,1036,P00533
3258,980,P00533
3258,1063,P00533
3258,1057,P00533
3258,1009,P00533
3258,1079,P00533
3258,1037,P00533
3258,1002,P00533
3258,1061,P00533
3258,1025,P00533
3258,1011,P00533
3258,363,P00533
3258,990,P00533
3258,361,P00533
3258,366,P00533
3258,1083,P00533
3258,1015,P00533
3258,14,P00533
3258,1086,P00533
3258,1118,P00533
3258,1048,P00533
3258,1024,P00533
3258,359,P00533
3258,1040,P00533
3258,1072,P00533
3258,1096,P00533
3258,1017,P00533
3258,1044,P00533
3258,1119,P00533
3258,983,P00533
3258,1004,P00533
3258,1109,P00533
3258,997,P00533
3258,1108,P00533
3258,1105,P00533
3258,1026,P00533
3258,1092,P00533
3258,1104,P00533
3258,1034,P00533
3258,986,P00533
3258,1049,P00533
3258,364,P00533
3258,1000,P00533
358,1062,P00533
358,3168,P00533
358,987,P00533
358,1045,P00533
358,1019,P00533
358,1052,P00533
358,1112,P00533
358,1076,P00533
358,1036,P00533
358,980,P00533
358,1063,P00533
358,1057,P00533
358,1009,P00533
358,1079,P00533
358,1037,P00533
358,1002,P00533
358,1061,P00533
358,1025,P00533
358,1011,P00533
358,363,P00533
358,990,P00533
358,361,P00533
358,366,P00533
358,1083,P00533
358,1015,P00533
358,14,P00533
358,1086,P00533
358,1118,P00533
358,1048,P00533
358,1024,P00533
358,359,P00533
358,1040,P00533
358,1072,P00533
358,1096,P00533
358,1017,P00533
358,1044,P00533
358,1119,P00533
358,983,P00533
358,1004,P00533
358,1109,P00533
358,997,P00533
358,1108,P00533
358,1105,P00533
358,1026,P00533
358,1092,P00533
358,1104,P00533
358,1034,P00533
358,986,P00533
358,1049,P00533
358,364,P00533
358,1000,P00533
360,1062,P00533
360,3168,P00533
360,987,P00533
360,1045,P00533
360,1019,P00533
360,1052,P00533
360,1112,P00533
360,1076,P00533
360,1036,P00533
360,980,P00533
360,1063,P00533
360,1057,P00533
360,1009,P00533
360,1079,P00533
360,1037,P00533
360,1002,P00533
360,1061,P00533
360,1025,P00533
360,1011,P00533
360,363,P00533
360,990,P00533
360,361,P00533
360,366,P00533
360,1083,P00533
360,1015,P00533
360,14,P00533
360,1086,P00533
360,1118,P00533
360,1048,P00533
360,1024,P00533
360,359,P00533
360,1040,P00533
360,1072,P00533
360,1096,P00533
360,1017,P00533
360,1044,P00533
360,1119,P00533
360,983,P00533
360,1004,P00533
360,1109,P00533
360,997,P00533
360,1108,P00533
360,1105,P00533
360,1026,P00533
360,1092,P00533
360,1104,P00533
360,1034,P00533
360,986,P00533
360,1049,P00533
360,364,P00533
360,1000,P00533
362,1062,P00533
362,3168,P00533
362,987,P00533
362,1045,P00533
362,1019,P00533
362,1052,P00533
362,1112,P00533
362,1076,P00533
362,1036,P00533
362,980,P00533
362,1063,P00533
362,1057,P00533
362,1009,P00533
362,1079,P00533
362,1037,P00533
362,1002,P00533
362,1061,P00533
362,1025,P00533
362,1011,P00533
362,363,P00533
362,990,P00533
362,361,P00533
362,366,P00533
362,1083,P00533
362,1015,P00533
362,14,P00533
362,1086,P00533
362,1118,P00533
362,1048,P00533
362,1024,P00533
362,359,P00533
362,1040,P00533
362,1072,P00533
362,1096,P00533
362,1017,P00533
362,1044,P00533
362,1119,P00533
362,983,P00533
362,1004,P00533
362,1109,P00533
362,997,P00533
362,1108,P00533
362,1105,P00533
362,1026,P00533
362,1092,P00533
362,1104,P00533
362,1034,P00533
362,986,P00533
362,1049,P00533
362,364,P00533
362,1000,P00533
365,1062,P00533
365,3168,P00533
365,987,P00533
365,1045,P00533
365,1019,P00533
365,1052,P00533
365,1112,P00533
365,1076,P00533
365,1036,P00533
365,980,P00533
365,1063,P00533
365,1057,P00533
365,1009,P00533
365,1079,P00533
365,1037,P00533
365,1002,P00533
365,1061,P00533
365,1025,P00533
365,1011,P00533
365,363,P00533
365,990,P00533
365,361,P00533
365,366,P00533
365,1083,P00533
365,1015,P00533
365,14,P00533
365,1086,P00533
365,1118,P00533
365,1048,P00533
365,1024,P00533
365,359,P00533
365,1040,P00533
365,1072,P00533
365,1096,P00533
365,1017,P00533
365,1044,P00533
365,1119,P00533
365,983,P00533
365,1004,P00533
365,1109,P00533
365,997,P00533
365,1108,P00533
365,1105,P00533
365,1026,P00533
365,1092,P00533
365,1104,P00533
365,1034,P00533
365,986,P00533
365,1049,P00533
365,364,P00533
365,1000,P00533
367,1062,P00533
367,3168,P00533
367,987,P00533
367,1045,P00533
367,1019,P00533
367,1052,P00533
367,1112,P00533
367,1076,P00533
367,1036,P00533
367,980,P00533
367,1063,P00533
367,1057,P00533
367,1009,P00533
367,1079,P00533
367,1037,P00533
367,1002,P00533
367,1061,P00533
367,1025,P00533
367,1011,P00533
367,363,P00533
367,990,P00533
367,361,P00533
367,366,P00533
367,1083,P00533
367,1015,P00533
367,14,P00533
367,1086,P00533
367,1118,P00533
367,1048,P00533
367,1024,P00533
367,359,P00533
367,1040,P00533
367,1072,P00533
367,1096,P00533
367,1017,P00533
367,1044,P00533
367,1119,P00533
367,983,P00533
367,1004,P00533
367,1109,P00533
367,997,P00533
367,1108,P00533
367,1105,P00533
367,1026,P00533
367,1092,P00533
367,1104,P00533
367,1034,P00533
367,986,P00533
367,1049,P00533
367,364,P00533
367,1000,P00533
3504,1062,P00533
3504,3168,P00533
3504,987,P00533
3504,1045,P00533
3504,1019,P00533
3504,1052,P00533
3504,1112,P00533
3504,1076,P00533
3504,1036,P00533
3504,980,P00533
3504,1063,P00533
3504,1057,P00533
3504,1009,P00533
3504,1079,P00533
3504,1037,P00533
3504,1002,P00533
3504,1061,P00533
3504,1025,P00533
3504,1011,P00533
3504,363,P00533
3504,990,P00533
3504,361,P00533
3504,366,P00533
3504,1083,P00533
3504,1015,P00533
3504,14,P00533
3504,1086,P00533
3504,1118,P00533
3504,1048,P00533
3504,1024,P00533
3504,359,P00533
3504,1040,P00533
3504,1072,P00533
3504,1096,P00533
3504,1017,P00533
3504,1044,P00533
3504,1119,P00533
3504,983,P00533
3504,1004,P00533
3504,1109,P00533
3504,997,P00533
3504,1108,P00533
3504,1105,P00533
3504,1026,P00533
3504,1092,P00533
3504,1104,P00533
3504,1034,P00533
3504,986,P00533
3504,1049,P00533
3504,364,P00533
3504,1000,P00533
975,1062,P00533
975,3168,P00533
975,987,P00533
975,1045,P00533
975,1019,P00533
975,1052,P00533
975,1112,P00533
975,1076,P00533
975,1036,P00533
975,980,P00533
975,1063,P00533
975,1057,P00533
975,1009,P00533
975,1079,P00533
975,1037,P00533
975,1002,P00533
975,1061,P00533
975,1025,P00533
975,1011,P00533
975,363,P00533
975,990,P00533
975,361,P00533
975,366,P00533
975,1083,P00533
975,1015,P00533
975,14,P00533
975,1086,P00533
975,1118,P00533
975,1048,P00533
975,1024,P00533
975,359,P00533
975,1040,P00533
975,1072,P00533
975,1096,P00533
975,1017,P00533
975,1044,P00533
975,1119,P00533
975,983,P00533
975,1004,P00533
975,1109,P00533
975,997,P00533
975,1108,P00533
975,1105,P00533
975,1026,P00533
975,1092,P00533
975,1104,P00533
975,1034,P00533
975,986,P00533
975,1049,P00533
975,364,P00533
975,1000,P00533
976,1062,P00533
976,3168,P00533
976,987,P00533
976,1045,P00533
976,1019,P00533
976,1052,P00533
976,1112,P00533
976,1076,P00533
976,1036,P00533
976,980,P00533
976,1063,P00533
976,1057,P00533
976,1009,P00533
976,1079,P00533
976,1037,P00533
976,1002,P00533
976,1061,P00533
976,1025,P00533
976,1011,P00533
976,363,P00533
976,990,P00533
976,361,P00533
976,366,P00533
976,1083,P00533
976,1015,P00533
976,14,P00533
976,1086,P00533
976,1118,P00533
976,1048,P00533
976,1024,P00533
976,359,P00533
976,1040,P00533
976,1072,P00533
976,1096,P00533
976,1017,P00533
976,1044,P00533
976,1119,P00533
976,983,P00533
976,1004,P00533
976,1109,P00533
976,997,P00533
976,1108,P00533
976,1105,P00533
976,1026,P00533
976,1092,P00533
976,1104,P00533
976,1034,P00533
976,986,P00533
976,1049,P00533
976,364,P00533
976,1000,P00533
977,1062,P00533
977,3168,P00533
977,987,P00533
977,1045,P00533
977,1019,P00533
977,1052,P00533
977,1112,P00533
977,1076,P00533
977,1036,P00533
977,980,P00533
977,1063,P00533
977,1057,P00533
977,1009,P00533
977,1079,P00533
977,1037,P00533
977,1002,P00533
977,1061,P00533
977,1025,P00533
977,1011,P00533
977,363,P00533
977,990,P00533
977,361,P00533
977,366,P00533
977,1083,P00533
977,1015,P00533
977,14,P00533
977,1086,P00533
977,1118,P00533
977,1048,P00533
977,1024,P00533
977,359,P00533
977,1040,P00533
977,1072,P00533
977,1096,P00533
977,1017,P00533
977,1044,P00533
977,1119,P00533
977,983,P00533
977,1004,P00533
977,1109,P00533
977,997,P00533
977,1108,P00533
977,1105,P00533
977,1026,P00533
977,1092,P00533
977,1104,P00533
977,1034,P00533
977,986,P00533
977,1049,P00533
977,364,P00533
977,1000,P00533
978,1062,P00533
978,3168,P00533
978,987,P00533
978,1045,P00533
978,1019,P00533
978,1052,P00533
978,1112,P00533
978,1076,P00533
978,1036,P00533
978,980,P00533
978,1063,P00533
978,1057,P00533
978,1009,P00533
978,1079,P00533
978,1037,P00533
978,1002,P00533
978,1061,P00533
978,1025,P00533
978,1011,P00533
978,363,P00533
978,990,P00533
978,361,P00533
978,366,P00533
978,1083,P00533
978,1015,P00533
978,14,P00533
978,1086,P00533
978,1118,P00533
978,1048,P00533
978,1024,P00533
978,359,P00533
978,1040,P00533
978,1072,P00533
978,1096,P00533
978,1017,P00533
978,1044,P00533
978,1119,P00533
978,983,P00533
978,1004,P00533
978,1109,P00533
978,997,P00533
978,1108,P00533
978,1105,P00533
978,1026,P00533
978,1092,P00533
978,1104,P00533
978,1034,P00533
978,986,P00533
978,1049,P00533
978,364,P00533
978,1000,P00533
979,1062,P00533
979,3168,P00533
979,987,P00533
979,1045,P00533
979,1019,P00533
979,1052,P00533
979,1112,P00533
979,1076,P00533
979,1036,P00533
979,980,P00533
979,1063,P00533
979,1057,P00533
979,1009,P00533
979,1079,P00533
979,1037,P00533
979,1002,P00533
979,1061,P00533
979,1025,P00533
979,1011,P00533
979,363,P00533
979,990,P00533
979,361,P00533
979,366,P00533
979,1083,P00533
979,1015,P00533
979,14,P00533
979,1086,P00533
979,1118,P00533
979,1048,P00533
979,1024,P00533
979,359,P00533
979,1040,P00533
979,1072,P00533
979,1096,P00533
979,1017,P00533
979,1044,P00533
979,1119,P00533
979,983,P00533
979,1004,P00533
979,1109,P00533
979,997,P00533
979,1108,P00533
979,1105,P00533
979,1026,P00533
979,1092,P00533
979,1104,P00533
979,1034,P00533
979,986,P00533
979,1049,P00533
979,364,P00533
979,1000,P00533
981,1062,P00533
981,3168,P00533
981,987,P00533
981,1045,P00533
981,1019,P00533
981,1052,P00533
981,1112,P00533
981,1076,P00533
981,1036,P00533
981,980,P00533
981,1063,P00533
981,1057,P00533
981,1009,P00533
981,1079,P00533
981,1037,P00533
981,1002,P00533
981,1061,P00533
981,1025,P00533
981,1011,P00533
981,363,P00533
981,990,P00533
981,361,P00533
981,366,P00533
981,1083,P00533
981,1015,P00533
981,14,P00533
981,1086,P00533
981,1118,P00533
981,1048,P00533
981,1024,P00533
981,359,P00533
981,1040,P00533
981,1072,P00533
981,1096,P00533
981,1017,P00533
981,1044,P00533
981,1119,P00533
981,983,P00533
981,1004,P00533
981,1109,P00533
981,997,P00533
981,1108,P00533
981,1105,P00533
981,1026,P00533
981,1092,P00533
981,1104,P00533
981,1034,P00533
981,986,P00533
981,1049,P00533
981,364,P00533
981,1000,P00533
982,1062,P00533
982,3168,P00533
982,987,P00533
982,1045,P00533
982,1019,P00533
982,1052,P00533
982,1112,P00533
982,1076,P00533
982,1036,P00533
982,980,P00533
982,1063,P00533
982,1057,P00533
982,1009,P00533
982,1079,P00533
982,1037,P00533
982,1002,P00533
982,1061,P00533
982,1025,P00533
982,1011,P00533
982,363,P00533
982,990,P00533
982,361,P00533
982,366,P00533
982,1083,P00533
982,1015,P00533
982,14,P00533
982,1086,P00533
982,1118,P00533
982,1048,P00533
982,1024,P00533
982,359,P00533
982,1040,P00533
982,1072,P00533
982,1096,P00533
982,1017,P00533
982,1044,P00533
982,1119,P00533
982,983,P00533
982,1004,P00533
982,1109,P00533
982,997,P00533
982,1108,P00533
982,1105,P00533
982,1026,P00533
982,1092,P00533
982,1104,P00533
982,1034,P00533
982,986,P00533
982,1049,P00533
982,364,P00533
982,1000,P00533
984,1062,P00533
984,3168,P00533
984,987,P00533
984,1045,P00533
984,1019,P00533
984,1052,P00533
984,1112,P00533
984,1076,P00533
984,1036,P00533
984,980,P00533
984,1063,P00533
984,1057,P00533
984,1009,P00533
984,1079,P00533
984,1037,P00533
984,1002,P00533
984,1061,P00533
984,1025,P00533
984,1011,P00533
984,363,P00533
984,990,P00533
984,361,P00533
984,366,P00533
984,1083,P00533
984,1015,P00533
984,14,P00533
984,1086,P00533
984,1118,P00533
984,1048,P00533
984,1024,P00533
984,359,P00533
984,1040,P00533
984,1072,P00533
984,1096,P00533
984,1017,P00533
984,1044,P00533
984,1119,P00533
984,983,P00533
984,1004,P00533
984,1109,P00533
984,997,P00533
984,1108,P00533
984,1105,P00533
984,1026,P00533
984,1092,P00533
984,1104,P00533
984,1034,P00533
984,986,P00533
984,1049,P00533
984,364,P00533
984,1000,P00533
985,1062,P00533
985,3168,P00533
985,987,P00533
985,1045,P00533
985,1019,P00533
985,1052,P00533
985,1112,P00533
985,1076,P00533
985,1036,P00533
985,980,P00533
985,1063,P00533
985,1057,P00533
985,1009,P00533
985,1079,P00533
985,1037,P00533
985,1002,P00533
985,1061,P00533
985,1025,P00533
985,1011,P00533
985,363,P00533
985,990,P00533
985,361,P00533
985,366,P00533
985,1083,P00533
985,1015,P00533
985,14,P00533
985,1086,P00533
985,1118,P00533
985,1048,P00533
985,1024,P00533
985,359,P00533
985,1040,P00533
985,1072,P00533
985,1096,P00533
985,1017,P00533
985,1044,P00533
985,1119,P00533
985,983,P00533
985,1004,P00533
985,1109,P00533
985,997,P00533
985,1108,P00533
985,1105,P00533
985,1026,P00533
985,1092,P00533
985,1104,P00533
985,1034,P00533
985,986,P00533
985,1049,P00533
985,364,P00533
985,1000,P00533
988,1062,P00533
988,3168,P00533
988,987,P00533
988,1045,P00533
988,1019,P00533
988,1052,P00533
988,1112,P00533
988,1076,P00533
988,1036,P00533
988,980,P00533
988,1063,P00533
988,1057,P00533
988,1009,P00533
988,1079,P00533
988,1037,P00533
988,1002,P00533
988,1061,P00533
988,1025,P00533
988,1011,P00533
988,363,P00533
988,990,P00533
988,361,P00533
988,366,P00533
988,1083,P00533
988,1015,P00533
988,14,P00533
988,1086,P00533
988,1118,P00533
988,1048,P00533
988,1024,P00533
988,359,P00533
988,1040,P00533
988,1072,P00533
988,1096,P00533
988,1017,P00533
988,1044,P00533
988,1119,P00533
988,983,P00533
988,1004,P00533
988,1109,P00533
988,997,P00533
988,1108,P00533
988,1105,P00533
988,1026,P00533
988,1092,P00533
988,1104,P00533
988,1034,P00533
988,986,P00533
988,1049,P00533
988,364,P00533
988,1000,P00533
989,1062,P00533
989,3168,P00533
989,987,P00533
989,1045,P00533
989,1019,P00533
989,1052,P00533
989,1112,P00533
989,1076,P00533
989,1036,P00533
989,980,P00533
989,1063,P00533
989,1057,P00533
989,1009,P00533
989,1079,P00533
989,1037,P00533
989,1002,P00533
989,1061,P00533
989,1025,P00533
989,1011,P00533
989,363,P00533
989,990,P00533
989,361,P00533
989,366,P00533
989,1083,P00533
989,1015,P00533
989,14,P00533
989,1086,P00533
989,1118,P00533
989,1048,P00533
989,1024,P00533
989,359,P00533
989,1040,P00533
989,1072,P00533
989,1096,P00533
989,1017,P00533
989,1044,P00533
989,1119,P00533
989,983,P00533
989,1004,P00533
989,1109,P00533
989,997,P00533
989,1108,P00533
989,1105,P00533
989,1026,P00533
989,1092,P00533
989,1104,P00533
989,1034,P00533
989,986,P00533
989,1049,P00533
989,364,P00533
989,1000,P00533
991,1062,P00533
991,3168,P00533
991,987,P00533
991,1045,P00533
991,1019,P00533
991,1052,P00533
991,1112,P00533
991,1076,P00533
991,1036,P00533
991,980,P00533
991,1063,P00533
991,1057,P00533
991,1009,P00533
991,1079,P00533
991,1037,P00533
991,1002,P00533
991,1061,P00533
991,1025,P00533
991,1011,P00533
991,363,P00533
991,990,P00533
991,361,P00533
991,366,P00533
991,1083,P00533
991,1015,P00533
991,14,P00533
991,1086,P00533
991,1118,P00533
991,1048,P00533
991,1024,P00533
991,359,P00533
991,1040,P00533
991,1072,P00533
991,1096,P00533
991,1017,P00533
991,1044,P00533
991,1119,P00533
991,983,P00533
991,1004,P00533
991,1109,P00533
991,997,P00533
991,1108,P00533
991,1105,P00533
991,1026,P00533
991,1092,P00533
991,1104,P00533
991,1034,P00533
991,986,P00533
991,1049,P00533
991,364,P00533
991,1000,P00533
992,1062,P00533
992,3168,P00533
992,987,P00533
992,1045,P00533
992,1019,P00533
992,1052,P00533
992,1112,P00533
992,1076,P00533
992,1036,P00533
992,980,P00533
992,1063,P00533
992,1057,P00533
992,1009,P00533
992,1079,P00533
992,1037,P00533
992,1002,P00533
992,1061,P00533
992,1025,P00533
992,1011,P00533
992,363,P00533
992,990,P00533
992,361,P00533
992,366,P00533
992,1083,P00533
992,1015,P00533
992,14,P00533
992,1086,P00533
992,1118,P00533
992,1048,P00533
992,1024,P00533
992,359,P00533
992,1040,P00533
992,1072,P00533
992,1096,P00533
992,1017,P00533
992,1044,P00533
992,1119,P00533
992,983,P00533
992,1004,P00533
992,1109,P00533
992,997,P00533
992,1108,P00533
992,1105,P00533
992,1026,P00533
992,1092,P00533
992,1104,P00533
992,1034,P00533
992,986,P00533
992,1049,P00533
992,364,P00533
992,1000,P00533
993,1062,P00533
993,3168,P00533
993,987,P00533
993,1045,P00533
993,1019,P00533
993,1052,P00533
993,1112,P00533
993,1076,P00533
993,1036,P00533
993,980,P00533
993,1063,P00533
993,1057,P00533
993,1009,P00533
993,1079,P00533
993,1037,P00533
993,1002,P00533
993,1061,P00533
993,1025,P00533
993,1011,P00533
993,363,P00533
993,990,P00533
993,361,P00533
993,366,P00533
993,1083,P00533
993,1015,P00533
993,14,P00533
993,1086,P00533
993,1118,P00533
993,1048,P00533
993,1024,P00533
993,359,P00533
993,1040,P00533
993,1072,P00533
993,1096,P00533
993,1017,P00533
993,1044,P00533
993,1119,P00533
993,983,P00533
993,1004,P00533
993,1109,P00533
993,997,P00533
993,1108,P00533
993,1105,P00533
993,1026,P00533
993,1092,P00533
993,1104,P00533
993,1034,P00533
993,986,P00533
993,1049,P00533
993,364,P00533
993,1000,P00533
994,1062,P00533
994,3168,P00533
994,987,P00533
994,1045,P00533
994,1019,P00533
994,1052,P00533
994,1112,P00533
994,1076,P00533
994,1036,P00533
994,980,P00533
994,1063,P00533
994,1057,P00533
994,1009,P00533
994,1079,P00533
994,1037,P00533
994,1002,P00533
994,1061,P00533
994,1025,P00533
994,1011,P00533
994,363,P00533
994,990,P00533
994,361,P00533
994,366,P00533
994,1083,P00533
994,1015,P00533
994,14,P00533
994,1086,P00533
994,1118,P00533
994,1048,P00533
994,1024,P00533
994,359,P00533
994,1040,P00533
994,1072,P00533
994,1096,P00533
994,1017,P00533
994,1044,P00533
994,1119,P00533
994,983,P00533
994,1004,P00533
994,1109,P00533
994,997,P00533
994,1108,P00533
994,1105,P00533
994,1026,P00533
994,1092,P00533
994,1104,P00533
994,1034,P00533
994,986,P00533
994,1049,P00533
994,364,P00533
994,1000,P00533
995,1062,P00533
995,3168,P00533
995,987,P00533
995,1045,P00533
995,1019,P00533
995,1052,P00533
995,1112,P00533
995,1076,P00533
995,1036,P00533
995,980,P00533
995,1063,P00533
995,1057,P00533
995,1009,P00533
995,1079,P00533
995,1037,P00533
995,1002,P00533
995,1061,P00533
995,1025,P00533
995,1011,P00533
995,363,P00533
995,990,P00533
995,361,P00533
995,366,P00533
995,1083,P00533
995,1015,P00533
995,14,P00533
995,1086,P00533
995,1118,P00533
995,1048,P00533
995,1024,P00533
995,359,P00533
995,1040,P00533
995,1072,P00533
995,1096,P00533
995,1017,P00533
995,1044,P00533
995,1119,P00533
995,983,P00533
995,1004,P00533
995,1109,P00533
995,997,P00533
995,1108,P00533
995,1105,P00533
995,1026,P00533
995,1092,P00533
995,1104,P00533
995,1034,P00533
995,986,P00533
995,1049,P00533
995,364,P00533
995,1000,P00533
996,1062,P00533
996,3168,P00533
996,987,P00533
996,1045,P00533
996,1019,P00533
996,1052,P00533
996,1112,P00533
996,1076,P00533
996,1036,P00533
996,980,P00533
996,1063,P00533
996,1057,P00533
996,1009,P00533
996,1079,P00533
996,1037,P00533
996,1002,P00533
996,1061,P00533
996,1025,P00533
996,1011,P00533
996,363,P00533
996,990,P00533
996,361,P00533
996,366,P00533
996,1083,P00533
996,1015,P00533
996,14,P00533
996,1086,P00533
996,1118,P00533
996,1048,P00533
996,1024,P00533
996,359,P00533
996,1040,P00533
996,1072,P00533
996,1096,P00533
996,1017,P00533
996,1044,P00533
996,1119,P00533
996,983,P00533
996,1004,P00533
996,1109,P00533
996,997,P00533
996,1108,P00533
996,1105,P00533
996,1026,P00533
996,1092,P00533
996,1104,P00533
996,1034,P00533
996,986,P00533
996,1049,P00533
996,364,P00533
996,1000,P00533
998,1062,P00533
998,3168,P00533
998,987,P00533
998,1045,P00533
998,1019,P00533
998,1052,P00533
998,1112,P00533
998,1076,P00533
998,1036,P00533
998,980,P00533
998,1063,P00533
998,1057,P00533
998,1009,P00533
998,1079,P00533
998,1037,P00533
998,1002,P00533
998,1061,P00533
998,1025,P00533
998,1011,P00533
998,363,P00533
998,990,P00533
998,361,P00533
998,366,P00533
998,1083,P00533
998,1015,P00533
998,14,P00533
998,1086,P00533
998,1118,P00533
998,1048,P00533
998,1024,P00533
998,359,P00533
998,1040,P00533
998,1072,P00533
998,1096,P00533
998,1017,P00533
998,1044,P00533
998,1119,P00533
998,983,P00533
998,1004,P00533
998,1109,P00533
998,997,P00533
998,1108,P00533
998,1105,P00533
998,1026,P00533
998,1092,P00533
998,1104,P00533
998,1034,P00533
998,986,P00533
998,1049,P00533
998,364,P00533
998,1000,P00533
999,1062,P00533
999,3168,P00533
999,987,P00533
999,1045,P00533
999,1019,P00533
999,1052,P00533
999,1112,P00533
999,1076,P00533
999,1036,P00533
999,980,P00533
999,1063,P00533
999,1057,P00533
999,1009,P00533
999,1079,P00533
999,1037,P00533
999,1002,P00533
999,1061,P00533
999,1025,P00533
999,1011,P00533
999,363,P00533
999,990,P00533
999,361,P00533
999,366,P00533
999,1083,P00533
999,1015,P00533
999,14,P00533
999,1086,P00533
999,1118,P00533
999,1048,P00533
999,1024,P00533
999,359,P00533
999,1040,P00533
999,1072,P00533
999,1096,P00533
999,1017,P00533
999,1044,P00533
999,1119,P00533
999,983,P00533
999,1004,P00533
999,1109,P00533
999,997,P00533
999,1108,P00533
999,1105,P00533
999,1026,P00533
999,1092,P00533
999,1104,P00533
999,1034,P00533
999,986,P00533
999,1049,P00533
999,364,P00533
999,1000,P00533
1001,1062,P00533
1001,3168,P00533
1001,987,P00533
1001,1045,P00533
1001,1019,P00533
1001,1052,P00533
1001,1112,P00533
1001,1076,P00533
1001,1036,P00533
1001,980,P00533
1001,1063,P00533
1001,1057,P00533
1001,1009,P00533
1001,1079,P00533
1001,1037,P00533
1001,1002,P00533
1001,1061,P00533
1001,1025,P00533
1001,1011,P00533
1001,363,P00533
1001,990,P00533
1001,361,P00533
1001,366,P00533
1001,1083,P00533
1001,1015,P00533
1001,14,P00533
1001,1086,P00533
1001,1118,P00533
1001,1048,P00533
1001,1024,P00533
1001,359,P00533
1001,1040,P00533
1001,1072,P00533
1001,1096,P00533
1001,1017,P00533
1001,1044,P00533
1001,1119,P00533
1001,983,P00533
1001,1004,P00533
1001,1109,P00533
1001,997,P00533
1001,1108,P00533
1001,1105,P00533
1001,1026,P00533
1001,1092,P00533
1001,1104,P00533
1001,1034,P00533
1001,986,P00533
1001,1049,P00533
1001,364,P00533
1001,1000,P00533
1003,1062,P00533
1003,3168,P00533
1003,987,P00533
1003,1045,P00533
1003,1019,P00533
1003,1052,P00533
1003,1112,P00533
1003,1076,P00533
1003,1036,P00533
1003,980,P00533
1003,1063,P00533
1003,1057,P00533
1003,1009,P00533
1003,1079,P00533
1003,1037,P00533
1003,1002,P00533
1003,1061,P00533
1003,1025,P00533
1003,1011,P00533
1003,363,P00533
1003,990,P00533
1003,361,P00533
1003,366,P00533
1003,1083,P00533
1003,1015,P00533
1003,14,P00533
1003,1086,P00533
1003,1118,P00533
1003,1048,P00533
1003,1024,P00533
1003,359,P00533
1003,1040,P00533
1003,1072,P00533
1003,1096,P00533
1003,1017,P00533
1003,1044,P00533
1003,1119,P00533
1003,983,P00533
1003,1004,P00533
1003,1109,P00533
1003,997,P00533
1003,1108,P00533
1003,1105,P00533
1003,1026,P00533
1003,1092,P00533
1003,1104,P00533
1003,1034,P00533
1003,986,P00533
1003,1049,P00533
1003,364,P00533
1003,1000,P00533
1005,1062,P00533
1005,3168,P00533
1005,987,P00533
1005,1045,P00533
1005,1019,P00533
1005,1052,P00533
1005,1112,P00533
1005,1076,P00533
1005,1036,P00533
1005,980,P00533
1005,1063,P00533
1005,1057,P00533
1005,1009,P00533
1005,1079,P00533
1005,1037,P00533
1005,1002,P00533
1005,1061,P00533
1005,1025,P00533
1005,1011,P00533
1005,363,P00533
1005,990,P00533
1005,361,P00533
1005,366,P00533
1005,1083,P00533
1005,1015,P00533
1005,14,P00533
1005,1086,P00533
1005,1118,P00533
1005,1048,P00533
1005,1024,P00533
1005,359,P00533
1005,1040,P00533
1005,1072,P00533
1005,1096,P00533
1005,1017,P00533
1005,1044,P00533
1005,1119,P00533
1005,983,P00533
1005,1004,P00533
1005,1109,P00533
1005,997,P00533
1005,1108,P00533
1005,1105,P00533
1005,1026,P00533
1005,1092,P00533
1005,1104,P00533
1005,1034,P00533
1005,986,P00533
1005,1049,P00533
1005,364,P00533
1005,1000,P00533
1006,1062,P00533
1006,3168,P00533
1006,987,P00533
1006,1045,P00533
1006,1019,P00533
1006,1052,P00533
1006,1112,P00533
1006,1076,P00533
1006,1036,P00533
1006,980,P00533
1006,1063,P00533
1006,1057,P00533
1006,1009,P00533
1006,1079,P00533
1006,1037,P00533
1006,1002,P00533
1006,1061,P00533
1006,1025,P00533
1006,1011,P00533
1006,363,P00533
1006,990,P00533
1006,361,P00533
1006,366,P00533
1006,1083,P00533
1006,1015,P00533
1006,14,P00533
1006,1086,P00533
1006,1118,P00533
1006,1048,P00533
1006,1024,P00533
1006,359,P00533
1006,1040,P00533
1006,1072,P00533
1006,1096,P00533
1006,1017,P00533
1006,1044,P00533
1006,1119,P00533
1006,983,P00533
1006,1004,P00533
1006,1109,P00533
1006,997,P00533
1006,1108,P00533
1006,1105,P00533
1006,1026,P00533
1006,1092,P00533
1006,1104,P00533
1006,1034,P00533
1006,986,P00533
1006,1049,P00533
1006,364,P00533
1006,1000,P00533
1007,1062,P00533
1007,3168,P00533
1007,987,P00533
1007,1045,P00533
1007,1019,P00533
1007,1052,P00533
1007,1112,P00533
1007,1076,P00533
1007,1036,P00533
1007,980,P00533
1007,1063,P00533
1007,1057,P00533
1007,1009,P00533
1007,1079,P00533
1007,1037,P00533
1007,1002,P00533
1007,1061,P00533
1007,1025,P00533
1007,1011,P00533
1007,363,P00533
1007,990,P00533
1007,361,P00533
1007,366,P00533
1007,1083,P00533
1007,1015,P00533
1007,14,P00533
1007,1086,P00533
1007,1118,P00533
1007,1048,P00533
1007,1024,P00533
1007,359,P00533
1007,1040,P00533
1007,1072,P00533
1007,1096,P00533
1007,1017,P00533
1007,1044,P00533
1007,1119,P00533
1007,983,P00533
1007,1004,P00533
1007,1109,P00533
1007,997,P00533
1007,1108,P00533
1007,1105,P00533
1007,1026,P00533
1007,1092,P00533
1007,1104,P00533
1007,1034,P00533
1007,986,P00533
1007,1049,P00533
1007,364,P00533
1007,1000,P00533
1008,1062,P00533
1008,3168,P00533
1008,987,P00533
1008,1045,P00533
1008,1019,P00533
1008,1052,P00533
1008,1112,P00533
1008,1076,P00533
1008,1036,P00533
1008,980,P00533
1008,1063,P00533
1008,1057,P00533
1008,1009,P00533
1008,1079,P00533
1008,1037,P00533
1008,1002,P00533
1008,1061,P00533
1008,1025,P00533
1008,1011,P00533
1008,363,P00533
1008,990,P00533
1008,361,P00533
1008,366,P00533
1008,1083,P00533
1008,1015,P00533
1008,14,P00533
1008,1086,P00533
1008,1118,P00533
1008,1048,P00533
1008,1024,P00533
1008,359,P00533
1008,1040,P00533
1008,1072,P00533
1008,1096,P00533
1008,1017,P00533
1008,1044,P00533
1008,1119,P00533
1008,983,P00533
1008,1004,P00533
1008,1109,P00533
1008,997,P00533
1008,1108,P00533
1008,1105,P00533
1008,1026,P00533
1008,1092,P00533
1008,1104,P00533
1008,1034,P00533
1008,986,P00533
1008,1049,P00533
1008,364,P00533
1008,1000,P00533
1010,1062,P00533
1010,3168,P00533
1010,987,P00533
1010,1045,P00533
1010,1019,P00533
1010,1052,P00533
1010,1112,P00533
1010,1076,P00533
1010,1036,P00533
1010,980,P00533
1010,1063,P00533
1010,1057,P00533
1010,1009,P00533
1010,1079,P00533
1010,1037,P00533
1010,1002,P00533
1010,1061,P00533
1010,1025,P00533
1010,1011,P00533
1010,363,P00533
1010,990,P00533
1010,361,P00533
1010,366,P00533
1010,1083,P00533
1010,1015,P00533
1010,14,P00533
1010,1086,P00533
1010,1118,P00533
1010,1048,P00533
1010,1024,P00533
1010,359,P00533
1010,1040,P00533
1010,1072,P00533
1010,1096,P00533
1010,1017,P00533
1010,1044,P00533
1010,1119,P00533
1010,983,P00533
1010,1004,P00533
1010,1109,P00533
1010,997,P00533
1010,1108,P00533
1010,1105,P00533
1010,1026,P00533
1010,1092,P00533
1010,1104,P00533
1010,1034,P00533
1010,986,P00533
1010,1049,P00533
1010,364,P00533
1010,1000,P00533
1012,1062,P00533
1012,3168,P00533
1012,987,P00533
1012,1045,P00533
1012,1019,P00533
1012,1052,P00533
1012,1112,P00533
1012,1076,P00533
1012,1036,P00533
1012,980,P00533
1012,1063,P00533
1012,1057,P00533
1012,1009,P00533
1012,1079,P00533
1012,1037,P00533
1012,1002,P00533
1012,1061,P00533
1012,1025,P00533
1012,1011,P00533
1012,363,P00533
1012,990,P00533
1012,361,P00533
1012,366,P00533
1012,1083,P00533
1012,1015,P00533
1012,14,P00533
1012,1086,P00533
1012,1118,P00533
1012,1048,P00533
1012,1024,P00533
1012,359,P00533
1012,1040,P00533
1012,1072,P00533
1012,1096,P00533
1012,1017,P00533
1012,1044,P00533
1012,1119,P00533
1012,983,P00533
1012,1004,P00533
1012,1109,P00533
1012,997,P00533
1012,1108,P00533
1012,1105,P00533
1012,1026,P00533
1012,1092,P00533
1012,1104,P00533
1012,1034,P00533
1012,986,P00533
1012,1049,P00533
1012,364,P00533
1012,1000,P00533
1013,1062,P00533
1013,3168,P00533
1013,987,P00533
1013,1045,P00533
1013,1019,P00533
1013,1052,P00533
1013,1112,P00533
1013,1076,P00533
1013,1036,P00533
1013,980,P00533
1013,1063,P00533
1013,1057,P00533
1013,1009,P00533
1013,1079,P00533
1013,1037,P00533
1013,1002,P00533
1013,1061,P00533
1013,1025,P00533
1013,1011,P00533
1013,363,P00533
1013,990,P00533
1013,361,P00533
1013,366,P00533
1013,1083,P00533
1013,1015,P00533
1013,14,P00533
1013,1086,P00533
1013,1118,P00533
1013,1048,P00533
1013,1024,P00533
1013,359,P00533
1013,1040,P00533
1013,1072,P00533
1013,1096,P00533
1013,1017,P00533
1013,1044,P00533
1013,1119,P00533
1013,983,P00533
1013,1004,P00533
1013,1109,P00533
1013,997,P00533
1013,1108,P00533
1013,1105,P00533
1013,1026,P00533
1013,1092,P00533
1013,1104,P00533
1013,1034,P00533
1013,986,P00533
1013,1049,P00533
1013,364,P00533
1013,1000,P00533
1014,1062,P00533
1014,3168,P00533
1014,987,P00533
1014,1045,P00533
1014,1019,P00533
1014,1052,P00533
1014,1112,P00533
1014,1076,P00533
1014,1036,P00533
1014,980,P00533
1014,1063,P00533
1014,1057,P00533
1014,1009,P00533
1014,1079,P00533
1014,1037,P00533
1014,1002,P00533
1014,1061,P00533
1014,1025,P00533
1014,1011,P00533
1014,363,P00533
1014,990,P00533
1014,361,P00533
1014,366,P00533
1014,1083,P00533
1014,1015,P00533
1014,14,P00533
1014,1086,P00533
1014,1118,P00533
1014,1048,P00533
1014,1024,P00533
1014,359,P00533
1014,1040,P00533
1014,1072,P00533
1014,1096,P00533
1014,1017,P00533
1014,1044,P00533
1014,1119,P00533
1014,983,P00533
1014,1004,P00533
1014,1109,P00533
1014,997,P00533
1014,1108,P00533
1014,1105,P00533
1014,1026,P00533
1014,1092,P00533
1014,1104,P00533
1014,1034,P00533
1014,986,P00533
1014,1049,P00533
1014,364,P00533
1014,1000,P00533
1016,1062,P00533
1016,3168,P00533
1016,987,P00533
1016,1045,P00533
1016,1019,P00533
1016,1052,P00533
1016,1112,P00533
1016,1076,P00533
1016,1036,P00533
1016,980,P00533
1016,1063,P00533
1016,1057,P00533
1016,1009,P00533
1016,1079,P00533
1016,1037,P00533
1016,1002,P00533
1016,1061,P00533
1016,1025,P00533
1016,1011,P00533
1016,363,P00533
1016,990,P00533
1016,361,P00533
1016,366,P00533
1016,1083,P00533
1016,1015,P00533
1016,14,P00533
1016,1086,P00533
1016,1118,P00533
1016,1048,P00533
1016,1024,P00533
1016,359,P00533
1016,1040,P00533
1016,1072,P00533
1016,1096,P00533
1016,1017,P00533
1016,1044,P00533
1016,1119,P00533
1016,983,P00533
1016,1004,P00533
1016,1109,P00533
1016,997,P00533
1016,1108,P00533
1016,1105,P00533
1016,1026,P00533
1016,1092,P00533
1016,1104,P00533
1016,1034,P00533
1016,986,P00533
1016,1049,P00533
1016,364,P00533
1016,1000,P00533
1018,1062,P00533
1018,3168,P00533
1018,987,P00533
1018,1045,P00533
1018,1019,P00533
1018,1052,P00533
1018,1112,P00533
1018,1076,P00533
1018,1036,P00533
1018,980,P00533
1018,1063,P00533
1018,1057,P00533
1018,1009,P00533
1018,1079,P00533
1018,1037,P00533
1018,1002,P00533
1018,1061,P00533
1018,1025,P00533
1018,1011,P00533
1018,363,P00533
1018,990,P00533
1018,361,P00533
1018,366,P00533
1018,1083,P00533
1018,1015,P00533
1018,14,P00533
1018,1086,P00533
1018,1118,P00533
1018,1048,P00533
1018,1024,P00533
1018,359,P00533
1018,1040,P00533
1018,1072,P00533
1018,1096,P00533
1018,1017,P00533
1018,1044,P00533
1018,1119,P00533
1018,983,P00533
1018,1004,P00533
1018,1109,P00533
1018,997,P00533
1018,1108,P00533
1018,1105,P00533
1018,1026,P00533
1018,1092,P00533
1018,1104,P00533
1018,1034,P00533
1018,986,P00533
1018,1049,P00533
1018,364,P00533
1018,1000,P00533
1020,1062,P00533
1020,3168,P00533
1020,987,P00533
1020,1045,P00533
1020,1019,P00533
1020,1052,P00533
1020,1112,P00533
1020,1076,P00533
1020,1036,P00533
1020,980,P00533
1020,1063,P00533
1020,1057,P00533
1020,1009,P00533
1020,1079,P00533
1020,1037,P00533
1020,1002,P00533
1020,1061,P00533
1020,1025,P00533
1020,1011,P00533
1020,363,P00533
1020,990,P00533
1020,361,P00533
1020,366,P00533
1020,1083,P00533
1020,1015,P00533
1020,14,P00533
1020,1086,P00533
1020,1118,P00533
1020,1048,P00533
1020,1024,P00533
1020,359,P00533
1020,1040,P00533
1020,1072,P00533
1020,1096,P00533
1020,1017,P00533
1020,1044,P00533
1020,1119,P00533
1020,983,P00533
1020,1004,P00533
1020,1109,P00533
1020,997,P00533
1020,1108,P00533
1020,1105,P00533
1020,1026,P00533
1020,1092,P00533
1020,1104,P00533
1020,1034,P00533
1020,986,P00533
1020,1049,P00533
1020,364,P00533
1020,1000,P00533
1021,1062,P00533
1021,3168,P00533
1021,987,P00533
1021,1045,P00533
1021,1019,P00533
1021,1052,P00533
1021,1112,P00533
1021,1076,P00533
1021,1036,P00533
1021,980,P00533
1021,1063,P00533
1021,1057,P00533
1021,1009,P00533
1021,1079,P00533
1021,1037,P00533
1021,1002,P00533
1021,1061,P00533
1021,1025,P00533
1021,1011,P00533
1021,363,P00533
1021,990,P00533
1021,361,P00533
1021,366,P00533
1021,1083,P00533
1021,1015,P00533
1021,14,P00533
1021,1086,P00533
1021,1118,P00533
1021,1048,P00533
1021,1024,P00533
1021,359,P00533
1021,1040,P00533
1021,1072,P00533
1021,1096,P00533
1021,1017,P00533
1021,1044,P00533
1021,1119,P00533
1021,983,P00533
1021,1004,P00533
1021,1109,P00533
1021,997,P00533
1021,1108,P00533
1021,1105,P00533
1021,1026,P00533
1021,1092,P00533
1021,1104,P00533
1021,1034,P00533
1021,986,P00533
1021,1049,P00533
1021,364,P00533
1021,1000,P00533
1022,1062,P00533
1022,3168,P00533
1022,987,P00533
1022,1045,P00533
1022,1019,P00533
1022,1052,P00533
1022,1112,P00533
1022,1076,P00533
1022,1036,P00533
1022,980,P00533
1022,1063,P00533
1022,1057,P00533
1022,1009,P00533
1022,1079,P00533
1022,1037,P00533
1022,1002,P00533
1022,1061,P00533
1022,1025,P00533
1022,1011,P00533
1022,363,P00533
1022,990,P00533
1022,361,P00533
1022,366,P00533
1022,1083,P00533
1022,1015,P00533
1022,14,P00533
1022,1086,P00533
1022,1118,P00533
1022,1048,P00533
1022,1024,P00533
1022,359,P00533
1022,1040,P00533
1022,1072,P00533
1022,1096,P00533
1022,1017,P00533
1022,1044,P00533
1022,1119,P00533
1022,983,P00533
1022,1004,P00533
1022,1109,P00533
1022,997,P00533
1022,1108,P00533
1022,1105,P00533
1022,1026,P00533
1022,1092,P00533
1022,1104,P00533
1022,1034,P00533
1022,986,P00533
1022,1049,P00533
1022,364,P00533
1022,1000,P00533
1023,1062,P00533
1023,3168,P00533
1023,987,P00533
1023,1045,P00533
1023,1019,P00533
1023,1052,P00533
1023,1112,P00533
1023,1076,P00533
1023,1036,P00533
1023,980,P00533
1023,1063,P00533
1023,1057,P00533
1023,1009,P00533
1023,1079,P00533
1023,1037,P00533
1023,1002,P00533
1023,1061,P00533
1023,1025,P00533
1023,1011,P00533
1023,363,P00533
1023,990,P00533
1023,361,P00533
1023,366,P00533
1023,1083,P00533
1023,1015,P00533
1023,14,P00533
1023,1086,P00533
1023,1118,P00533
1023,1048,P00533
1023,1024,P00533
1023,359,P00533
1023,1040,P00533
1023,1072,P00533
1023,1096,P00533
1023,1017,P00533
1023,1044,P00533
1023,1119,P00533
1023,983,P00533
1023,1004,P00533
1023,1109,P00533
1023,997,P00533
1023,1108,P00533
1023,1105,P00533
1023,1026,P00533
1023,1092,P00533
1023,1104,P00533
1023,1034,P00533
1023,986,P00533
1023,1049,P00533
1023,364,P00533
1023,1000,P00533
