PDB,Mutation,uniprot_ids,ddG,Pred_ddG,Category_By_Distance,Random_Number,Spearman_All
2M0B,I646L,P00533,0.656,0.2544149150716907,distal allosteric,3704576,0.2624440921762402
7SZ0,K28N,P00533,-0.86,-0.5526128617086831,distal allosteric,3704576,0.2624440921762402
2N5S,L62R,P00533,0.651,-0.2243166790315334,intermediate,3704576,0.2624440921762402
2N5S,L62R,P00533,0.883,-0.24856828907219808,intermediate,3704576,0.2624440921762402
2N5S,L62R,P00533,0.476,-0.3129408382001498,intermediate,3704576,0.2624440921762402
2N5S,L62R,P00533,1.078,-0.2934473529265208,intermediate,3704576,0.2624440921762402
2N5S,L62R,P00533,1.369,-0.45199611605791484,intermediate,3704576,0.2624440921762402
1MOX,L76P,P00533,-0.985,-0.5526128617086831,distal allosteric,3704576,0.2624440921762402
1MOX,L76P,P00533,-0.97,-0.5302783466463579,distal allosteric,3704576,0.2624440921762402
2M20,L76P,P00533,-0.064,-0.4944103341356796,intermediate,3704576,0.2624440921762402
2M20,L76P,P00533,-0.699,-0.5224960886625682,intermediate,3704576,0.2624440921762402
2M20,L76P,P00533,0.398,-0.4778357542420134,intermediate,3704576,0.2624440921762402
5FED,G719S+T790M,P00533,-0.56,-0.35245599398542854,binding pocket,3704576,0.2624440921762402
5FED,L858R+T790M,P00533,-0.7,1.1644844257410834,intermediate,3704576,0.2624440921762402
1MOX,L76P,P00533,-1.343,-0.7038438839316368,distal allosteric,3704576,0.2624440921762402
2M20,L76P,P00533,-1.839,-0.6500300900708226,intermediate,3704576,0.2624440921762402
6D8E,L858R,P00533,-4.042,-0.3787433224373004,intermediate,3704576,0.2624440921762402
6D8E,L858R,P00533,-2.66,-0.6004391141481259,intermediate,3704576,0.2624440921762402
5CAN,L861Q,P00533,-0.896,-0.4911717020658885,distal allosteric,3704576,0.2624440921762402
5CAN,L861Q,P00533,-0.526,-0.5231078069135546,distal allosteric,3704576,0.2624440921762402
5CAN,L861Q,P00533,-1.064,-0.5907246552434037,distal allosteric,3704576,0.2624440921762402
6D8E,L861Q,P00533,-0.736,-0.37077001480319927,intermediate,3704576,0.2624440921762402
6D8E,L861Q,P00533,-0.619,-0.655576199054718,intermediate,3704576,0.2624440921762402
5CAN,L883F,P00533,0.58,-0.3311549862106057,distal allosteric,3704576,0.2624440921762402
5CAN,L883F,P00533,0.226,-0.34134242972074186,distal allosteric,3704576,0.2624440921762402
5CAN,L883F,P00533,0.281,-0.381428571206901,distal allosteric,3704576,0.2624440921762402
5CAN,L883F,P00533,0.945,-0.6421658508286756,distal allosteric,3704576,0.2624440921762402
3PFV,P1071L,P00533,0.324,-0.5526128617086831,binding pocket,3704576,0.2624440921762402
3PFV,P1071L,P00533,-0.931,-0.34754478359748336,binding pocket,3704576,0.2624440921762402
3PFV,P1071L,P00533,-0.113,-0.5302783466463579,binding pocket,3704576,0.2624440921762402
3PFV,P1071L,P00533,-0.12,-0.7038438839316368,binding pocket,3704576,0.2624440921762402
5CAN,P753S,P00533,-1.218,-0.7160140056627637,distal allosteric,3704576,0.2624440921762402
5CAN,P753S,P00533,1.334,-0.5575600184088243,distal allosteric,3704576,0.2624440921762402
5CAN,Q701R,P00533,-0.279,-0.33341167717339365,distal allosteric,3704576,0.2624440921762402
6TG1,Q701R,P00533,-0.382,-0.2645869953365011,distal allosteric,3704576,0.2624440921762402
5CAN,Q701R,P00533,0.29,-0.3043297481639859,distal allosteric,3704576,0.2624440921762402
6D8E,Q701R,P00533,-0.347,-0.38134759169554006,distal allosteric,3704576,0.2624440921762402
5CAN,Q701R,P00533,0.084,-0.25523561681061985,distal allosteric,3704576,0.2624440921762402
5CAN,Q701R,P00533,-0.522,-0.38509424782128016,distal allosteric,3704576,0.2624440921762402
1MOX,R165Q,P00533,0.288,-0.7475492646177024,intermediate,3704576,0.2624440921762402
1MOX,R451C,P00533,-0.719,-0.5526128617086831,distal allosteric,3704576,0.2624440921762402
1MOX,R451C,P00533,-0.817,-0.5302783466463579,distal allosteric,3704576,0.2624440921762402
1MOX,R451C,P00533,-0.695,-0.7475492646177024,distal allosteric,3704576,0.2624440921762402
7SZ0,R451C,P00533,-1.115,-0.7199232113245216,distal allosteric,3704576,0.2624440921762402
1MOX,R451C,P00533,0.991,-0.34754478359748336,distal allosteric,3704576,0.2624440921762402
2M0B,R675Q,P00533,0.948,-0.0645795380503816,intermediate,3704576,0.2624440921762402
2M0B,R675Q,P00533,0.704,-0.1720916944198749,intermediate,3704576,0.2624440921762402
2M0B,R675Q,P00533,1.255,-0.10846587109697219,intermediate,3704576,0.2624440921762402
2M0B,R675Q,P00533,0.318,-0.3374316104878398,intermediate,3704576,0.2624440921762402
2M0B,R677C,P00533,-1.091,-0.26098943231342475,distal allosteric,3704576,0.2624440921762402
5CAN,R832C,P00533,-1.389,-0.6946941861580399,distal allosteric,3704576,0.2624440921762402
5CAN,R832C,P00533,-1.507,-0.7391648833611432,distal allosteric,3704576,0.2624440921762402
5CAN,R832C,P00533,-0.512,-0.7962933307430323,distal allosteric,3704576,0.2624440921762402
5CAN,S768I,P00533,-2.066,-0.49752223182951694,intermediate,3704576,0.2624440921762402
6D8E,S768I,P00533,-1.336,-0.5544163108993978,intermediate,3704576,0.2624440921762402
5CAN,S768I,P00533,-1.442,-0.27292598842303545,intermediate,3704576,0.2624440921762402
5CAN,S768I,P00533,-2.007,-0.35924273179559146,intermediate,3704576,0.2624440921762402
5CAN,S768I,P00533,-1.274,-0.35096330193736974,intermediate,3704576,0.2624440921762402
5CAN,S768I,P00533,-3.63,-0.5436828879665802,intermediate,3704576,0.2624440921762402
5CAN,S811F,P00533,0.566,-0.3707260044427479,distal allosteric,3704576,0.2624440921762402
5CAN,S811F,P00533,0.765,-0.4475215754333664,distal allosteric,3704576,0.2624440921762402
5CAN,S811F,P00533,0.132,-0.5151659011209712,distal allosteric,3704576,0.2624440921762402
5CAN,S811F,P00533,0.163,-0.30902185541128413,distal allosteric,3704576,0.2624440921762402
5CAN,S811F,P00533,-0.607,-0.4885251563506967,distal allosteric,3704576,0.2624440921762402
6TG1,T751I,P00533,0.033,-0.39417581595195567,intermediate,3704576,0.2624440921762402
5CAN,T751I,P00533,0.148,-0.39616057822634193,distal allosteric,3704576,0.2624440921762402
5CAN,T751I,P00533,-0.088,-0.41900124508493086,distal allosteric,3704576,0.2624440921762402
5CAN,T751I,P00533,-0.18,-0.3252806157119134,distal allosteric,3704576,0.2624440921762402
5CAN,T751I,P00533,-0.629,-0.4292402073328986,distal allosteric,3704576,0.2624440921762402
5CAN,V1011M,P00533,-2.524,-0.6353489727903814,intermediate,3704576,0.2624440921762402
5CAN,V1011M,P00533,-0.24,-0.4720749813213067,intermediate,3704576,0.2624440921762402
5CAN,V1011M,P00533,-0.267,-0.5397337353595477,intermediate,3704576,0.2624440921762402
5CAN,V1011M,P00533,-0.597,-0.5718352851429406,intermediate,3704576,0.2624440921762402
5CAN,V1011M,P00533,-1.178,-0.41310912094834973,intermediate,3704576,0.2624440921762402
5CAN,V1011M,P00533,-1.794,-0.6310254495178951,intermediate,3704576,0.2624440921762402
1MOX,V292M,P00533,-0.108,-0.5526128617086831,distal allosteric,3704576,0.2624440921762402
7SZ0,V592F,P00533,-0.734,-0.5526128617086831,distal allosteric,3704576,0.2624440921762402
7SZ0,V592F,P00533,0.123,-0.5224960886625682,distal allosteric,3704576,0.2624440921762402
7SZ0,V592F,P00533,1.952,-0.6500300900708226,distal allosteric,3704576,0.2624440921762402
5CAN,V738D,P00533,-0.931,-0.3721143609706093,distal allosteric,3704576,0.2624440921762402
6D8E,V738D,P00533,-0.288,-0.5477957845034406,distal allosteric,3704576,0.2624440921762402
5CAN,V738D,P00533,-0.471,-0.4143246780230718,distal allosteric,3704576,0.2624440921762402
5CAN,V738D,P00533,-0.628,-0.3686064597683794,distal allosteric,3704576,0.2624440921762402
5CAN,V738D,P00533,-1.784,-0.4781346829853513,distal allosteric,3704576,0.2624440921762402
5CAN,V904I,P00533,-0.686,-0.6734600424135432,distal allosteric,3704576,0.2624440921762402
5CAN,V904I,P00533,-0.631,-0.5602408871409646,distal allosteric,3704576,0.2624440921762402
5CAN,V904I,P00533,-0.007,-0.7741246633038801,distal allosteric,3704576,0.2624440921762402
5CAN,V904I,P00533,-0.208,-0.7017665012163273,distal allosteric,3704576,0.2624440921762402
5CAN,V904I,P00533,-0.86,-0.6437736190662664,distal allosteric,3704576,0.2624440921762402
5CAN,V904I,P00533,-0.362,-0.8034926589166416,distal allosteric,3704576,0.2624440921762402
1XKK,T790M+L858R,P00533,1.259,1.5786907482427708,binding pocket,3704576,0.2624440921762402
5CAN,G719S,P00533,0.48,-0.8035942879038698,binding pocket,3704576,0.2624440921762402
2ITY,T790M,P00533,-1.21,-0.10100396479578581,binding pocket,3704576,0.2624440921762402
1XKK,E866D,P00533,0.355,-0.3159892133737312,distal allosteric,3704576,0.2624440921762402
1XKK,T790M+L858R,P00533,1.129,1.4241071538644676,binding pocket,3704576,0.2624440921762402
1XKK,T790M+L858R,P00533,0.063,1.4564458116643568,binding pocket,3704576,0.2624440921762402
1XKK,T790M+L858R,P00533,2.123,1.972479930933784,binding pocket,3704576,0.2624440921762402
2ITY,G719S+T790M,P00533,0.48,-0.3243133345535573,binding pocket,3704576,0.2624440921762402
1XKK,T790M+L858R,P00533,1.177,1.5278947548585777,binding pocket,3704576,0.2624440921762402
1XKK,T790M+L858R,P00533,0.931,1.5125574103804194,binding pocket,3704576,0.2624440921762402
2J5E,E866D+H988P,P00533,0.327,-0.27606376926951554,intermediate,3704576,0.2624440921762402
2J5E,E866D+H988P,P00533,0.441,-0.3268778166020399,intermediate,3704576,0.2624440921762402
2J5E,E866D+H988P,P00533,0.185,-0.4495831423191463,intermediate,3704576,0.2624440921762402
2J5E,E866D+H988P,P00533,-0.393,-0.2507774459333981,intermediate,3704576,0.2624440921762402
2J5E,E866D+H988P,P00533,-0.316,-0.7719348532447919,intermediate,3704576,0.2624440921762402
2J5E,T790M+L858R,P00533,0.397,1.1877723636627195,binding pocket,3704576,0.2624440921762402
6D8E,T790M+L858R,P00533,-0.105,1.0934986351798561,binding pocket,3704576,0.2624440921762402
6D8E,T790M+L858R,P00533,-0.07,1.175794421111836,binding pocket,3704576,0.2624440921762402
6D8E,T790M+L858R,P00533,-2.794,1.0191201727811026,binding pocket,3704576,0.2624440921762402
1XKK,T790M+L858R,P00533,-2.597,1.4564458116643568,binding pocket,3704576,0.2624440921762402
2ITY,G719S,P00533,0.48,-0.941818634138388,binding pocket,3704576,0.2624440921762402
1MOX,A289D,P00533,-0.356,-0.3646122397771653,distal allosteric,3704576,0.2624440921762402
1MOX,A289D,P00533,0.668,-0.4294813058201004,distal allosteric,3704576,0.2624440921762402
1MOX,A289V,P00533,0.287,0.0004894795527352743,distal allosteric,3704576,0.2624440921762402
7SZ0,A289V,P00533,1.005,-0.4778357542420134,distal allosteric,3704576,0.2624440921762402
1MOX,A289V,P00533,0.516,-0.03472313907479541,distal allosteric,3704576,0.2624440921762402
5CAN,A702D,P00533,-1.549,-0.4566159332526081,distal allosteric,3704576,0.2624440921762402
5CAN,A702D,P00533,0.098,-0.5989876367397168,distal allosteric,3704576,0.2624440921762402
6D8E,A864V,P00533,-1.162,-0.23701294965702382,distal allosteric,3704576,0.2624440921762402
6D8E,A864V,P00533,-1.228,-0.2696111095218974,distal allosteric,3704576,0.2624440921762402
6D8E,A864V,P00533,-1.186,-0.381767752177575,distal allosteric,3704576,0.2624440921762402
6D8E,A864V,P00533,-0.945,-0.4323511839213178,distal allosteric,3704576,0.2624440921762402
6D8E,A864V,P00533,-0.788,-0.2603147508493241,distal allosteric,3704576,0.2624440921762402
6D8E,A864V,P00533,-0.396,-0.20431542960429727,distal allosteric,3704576,0.2624440921762402
6D8E,A864V,P00533,-1.432,-0.3985470995552399,distal allosteric,3704576,0.2624440921762402
1MOX,C251Y,P00533,-0.693,-0.5526128617086831,distal allosteric,3704576,0.2624440921762402
1MOX,C311F,P00533,2.202,-0.7475492646177024,distal allosteric,3704576,0.2624440921762402
7SZ0,C523R,P00533,-0.637,-0.34754478359748336,distal allosteric,3704576,0.2624440921762402
7SZ0,C523R,P00533,0.304,-0.5302783466463579,distal allosteric,3704576,0.2624440921762402
7SZ0,C523R,P00533,0.093,-0.7475492646177024,distal allosteric,3704576,0.2624440921762402
7SZ0,C523R,P00533,-0.466,-0.7038438839316368,distal allosteric,3704576,0.2624440921762402
7SZ0,C523R,P00533,0.621,-0.34754478359748336,distal allosteric,3704576,0.2624440921762402
5CAN,E711K,P00533,-0.282,-0.10309295020164815,distal allosteric,3704576,0.2624440921762402
6TG1,E711K,P00533,0.102,-0.18030466082604496,intermediate,3704576,0.2624440921762402
5CAN,E711K,P00533,0.011,-0.2521442199919154,distal allosteric,3704576,0.2624440921762402
5CAN,E711K,P00533,0.301,-0.20788039440442538,distal allosteric,3704576,0.2624440921762402
5CAN,E711K,P00533,1.056,-0.2576037591185202,distal allosteric,3704576,0.2624440921762402
5CAN,F961L,P00533,0.414,-0.6534902847672209,distal allosteric,3704576,0.2624440921762402
5CAN,F961L,P00533,-0.23,-0.6777364983961862,distal allosteric,3704576,0.2624440921762402
5CAN,F961L,P00533,-0.145,-0.707202558989034,distal allosteric,3704576,0.2624440921762402
2M0B,G659R,P00533,-0.828,-0.5526128617086831,binding pocket,3704576,0.2624440921762402
5CAN,G719S,P00533,-0.311,-0.7050211687982082,binding pocket,3704576,0.2624440921762402
6TG1,G719S,P00533,-2.08,-0.6834995270897359,binding pocket,3704576,0.2624440921762402
5CAN,G719S,P00533,-1.534,-0.8035942879038698,binding pocket,3704576,0.2624440921762402
5CAN,G719S,P00533,0.896,-0.8502142707460066,binding pocket,3704576,0.2624440921762402
5CAN,G917R,P00533,-0.265,-0.44089832549410707,distal allosteric,3704576,0.2624440921762402
5CAN,G917R,P00533,0.04,-0.5164160895351977,distal allosteric,3704576,0.2624440921762402
5CAN,G917R,P00533,-0.148,-0.5631776720859548,distal allosteric,3704576,0.2624440921762402
5CAN,G917R,P00533,-0.372,-0.3723938285509015,distal allosteric,3704576,0.2624440921762402
5CAN,H988P,P00533,-0.191,-0.44893170074987065,distal allosteric,3704576,0.2624440921762402
2M0B,I646L,P00533,0.139,0.28100510841958654,distal allosteric,3704576,0.2624440921762402
2M0B,I646L,P00533,0.342,0.2713560611750272,distal allosteric,3704576,0.2624440921762402
5LV6,I646L,P00533,-0.278,0.3467707206852295,distal allosteric,3704576,0.2624440921762402
2M0B,I646L,P00533,0.656,-0.24640364830831393,distal allosteric,698535,0.20426755695828247
2M0B,I646L,P00533,0.677,-0.34269026013156945,distal allosteric,698535,0.20426755695828247
7SZ0,K28N,P00533,-0.86,-0.08327819344927283,distal allosteric,698535,0.20426755695828247
2N5S,L62R,P00533,0.651,0.4514112793198403,intermediate,698535,0.20426755695828247
2N5S,L62R,P00533,0.476,0.5374306372053482,intermediate,698535,0.20426755695828247
2N5S,L62R,P00533,1.078,0.4966935946731006,intermediate,698535,0.20426755695828247
2N5S,L62R,P00533,1.369,0.414112821184537,intermediate,698535,0.20426755695828247
1MOX,L76P,P00533,-0.985,-0.08327819344927283,distal allosteric,698535,0.20426755695828247
1MOX,L76P,P00533,-0.97,-0.12556843682422358,distal allosteric,698535,0.20426755695828247
2M20,L76P,P00533,-0.064,-0.1086589922291391,intermediate,698535,0.20426755695828247
2M20,L76P,P00533,-0.699,-0.15838002943116075,intermediate,698535,0.20426755695828247
1MOX,L76P,P00533,-0.228,-0.09353487504054518,distal allosteric,698535,0.20426755695828247
2M20,L76P,P00533,0.398,0.028899252186145856,intermediate,698535,0.20426755695828247
5FED,G719S+T790M,P00533,-0.56,0.18271889161362367,binding pocket,698535,0.20426755695828247
5FED,L858R+T790M,P00533,-0.7,0.8050444005236905,intermediate,698535,0.20426755695828247
1MOX,L76P,P00533,-1.343,-0.1657325791234479,distal allosteric,698535,0.20426755695828247
2M20,L76P,P00533,-1.839,-0.1434277395045056,intermediate,698535,0.20426755695828247
6D8E,L858R,P00533,-4.042,-0.09634582781462984,intermediate,698535,0.20426755695828247
6D8E,L858R,P00533,-2.66,-0.20092521293811938,intermediate,698535,0.20426755695828247
5CAN,L861Q,P00533,-0.896,-0.15817716348872465,distal allosteric,698535,0.20426755695828247
5CAN,L861Q,P00533,-0.526,-0.023987965475986955,distal allosteric,698535,0.20426755695828247
5CAN,L861Q,P00533,-1.064,-0.0047257769782753254,distal allosteric,698535,0.20426755695828247
6D8E,L861Q,P00533,-0.736,-0.15419532428068272,intermediate,698535,0.20426755695828247
6D8E,L861Q,P00533,-0.619,-0.4294653353375547,intermediate,698535,0.20426755695828247
5CAN,L883F,P00533,-0.382,-0.03906639296517652,distal allosteric,698535,0.20426755695828247
5CAN,L883F,P00533,0.58,0.013950296656242301,distal allosteric,698535,0.20426755695828247
5CAN,L883F,P00533,0.226,-0.07864819624143488,distal allosteric,698535,0.20426755695828247
5CAN,L883F,P00533,0.281,-0.017491220369058494,distal allosteric,698535,0.20426755695828247
5CAN,L883F,P00533,0.945,-0.33433630134866515,distal allosteric,698535,0.20426755695828247
3PFV,P1071L,P00533,0.324,-0.08327819344927283,binding pocket,698535,0.20426755695828247
3PFV,P1071L,P00533,-0.931,-0.032799943277502755,binding pocket,698535,0.20426755695828247
3PFV,P1071L,P00533,-0.113,-0.12556843682422358,binding pocket,698535,0.20426755695828247
3PFV,P1071L,P00533,0.13,-0.09353487504054518,binding pocket,698535,0.20426755695828247
3PFV,P1071L,P00533,1.21,-0.032799943277502755,binding pocket,698535,0.20426755695828247
5CAN,P753S,P00533,-1.218,-0.1612361285327112,distal allosteric,698535,0.20426755695828247
5CAN,P753S,P00533,1.334,-0.4604988565269639,distal allosteric,698535,0.20426755695828247
5CAN,Q701R,P00533,-0.279,-0.16583970828266703,distal allosteric,698535,0.20426755695828247
6TG1,Q701R,P00533,-0.382,-0.3012616794705391,distal allosteric,698535,0.20426755695828247
5CAN,Q701R,P00533,0.29,-0.12649073904665076,distal allosteric,698535,0.20426755695828247
6D8E,Q701R,P00533,-0.347,-0.21454765862248398,distal allosteric,698535,0.20426755695828247
5CAN,Q701R,P00533,0.084,-0.11735846992088002,distal allosteric,698535,0.20426755695828247
5CAN,Q701R,P00533,-0.522,-0.23246337520900895,distal allosteric,698535,0.20426755695828247
1MOX,R165Q,P00533,0.288,-0.09353487504054518,intermediate,698535,0.20426755695828247
1MOX,R451C,P00533,-0.719,-0.08327819344927283,distal allosteric,698535,0.20426755695828247
7SZ0,R451C,P00533,-1.196,-0.08470690780001527,distal allosteric,698535,0.20426755695828247
1MOX,R451C,P00533,-0.817,-0.12556843682422358,distal allosteric,698535,0.20426755695828247
1MOX,R451C,P00533,-0.695,-0.09353487504054518,distal allosteric,698535,0.20426755695828247
7SZ0,R451C,P00533,-1.115,-0.1929787099729566,distal allosteric,698535,0.20426755695828247
1MOX,R451C,P00533,0.991,-0.032799943277502755,distal allosteric,698535,0.20426755695828247
2M0B,R675Q,P00533,0.202,-0.3388672169008676,intermediate,698535,0.20426755695828247
2M0B,R675Q,P00533,0.948,-0.24118286046210458,intermediate,698535,0.20426755695828247
2M0B,R675Q,P00533,0.704,-0.23299338475045037,intermediate,698535,0.20426755695828247
2M0B,R675Q,P00533,1.255,-0.17537740994200987,intermediate,698535,0.20426755695828247
2M0B,R675Q,P00533,0.318,-0.24622465082126505,intermediate,698535,0.20426755695828247
2M0B,R677C,P00533,-1.091,-0.12742288819744307,distal allosteric,698535,0.20426755695828247
5CAN,R832C,P00533,-1.389,-0.2530911401939743,distal allosteric,698535,0.20426755695828247
5CAN,R832C,P00533,-1.507,-0.22041223596299395,distal allosteric,698535,0.20426755695828247
5CAN,R832C,P00533,-0.512,-0.3536830304887365,distal allosteric,698535,0.20426755695828247
5CAN,S703F,P00533,-2.773,-0.09353487504054518,distal allosteric,698535,0.20426755695828247
6D8E,S768I,P00533,-1.336,-0.6385386336743832,intermediate,698535,0.20426755695828247
5CAN,S768I,P00533,-1.442,-0.5727554667451803,intermediate,698535,0.20426755695828247
5CAN,S768I,P00533,-1.274,-0.4896541757548557,intermediate,698535,0.20426755695828247
5CAN,S768I,P00533,-3.63,-0.619313293337822,intermediate,698535,0.20426755695828247
5CAN,S811F,P00533,0.765,0.1695735047696268,distal allosteric,698535,0.20426755695828247
5CAN,S811F,P00533,0.132,0.140749606102705,distal allosteric,698535,0.20426755695828247
5CAN,S811F,P00533,0.163,0.1547848904575495,distal allosteric,698535,0.20426755695828247
6TG1,T751I,P00533,0.033,-0.2092245100982049,intermediate,698535,0.20426755695828247
5CAN,T751I,P00533,0.148,-0.04990530108112622,distal allosteric,698535,0.20426755695828247
5CAN,T751I,P00533,-0.088,-0.11015315335638383,distal allosteric,698535,0.20426755695828247
5CAN,T751I,P00533,-0.18,-0.11645574104435304,distal allosteric,698535,0.20426755695828247
5CAN,T751I,P00533,-0.629,-0.32515911345271503,distal allosteric,698535,0.20426755695828247
5CAN,V1011M,P00533,-2.524,-0.18104156581531552,intermediate,698535,0.20426755695828247
5CAN,V1011M,P00533,-0.24,-0.1348027665097924,intermediate,698535,0.20426755695828247
5CAN,V1011M,P00533,-0.267,-0.1894370003642843,intermediate,698535,0.20426755695828247
5CAN,V1011M,P00533,-0.597,-0.17779880568560433,intermediate,698535,0.20426755695828247
5CAN,V1011M,P00533,-1.178,-0.16601979341752388,intermediate,698535,0.20426755695828247
5CAN,V1011M,P00533,-1.794,-0.1467692225663101,intermediate,698535,0.20426755695828247
1MOX,V292M,P00533,-0.108,-0.08327819344927283,distal allosteric,698535,0.20426755695828247
7SZ0,V592F,P00533,-0.734,-0.08327819344927283,distal allosteric,698535,0.20426755695828247
7SZ0,V592F,P00533,0.123,-0.15838002943116075,distal allosteric,698535,0.20426755695828247
7SZ0,V592F,P00533,1.952,-0.1434277395045056,distal allosteric,698535,0.20426755695828247
6D8E,V738D,P00533,-0.288,-0.07898207253568312,distal allosteric,698535,0.20426755695828247
5CAN,V738D,P00533,-0.471,-0.25750569739937784,distal allosteric,698535,0.20426755695828247
5CAN,V738D,P00533,-0.628,-0.15810721480846404,distal allosteric,698535,0.20426755695828247
5CAN,V738D,P00533,-1.784,-0.3457554044460549,distal allosteric,698535,0.20426755695828247
5CAN,V904I,P00533,-0.686,-0.1747177285236471,distal allosteric,698535,0.20426755695828247
5CAN,V904I,P00533,-0.631,-0.059060008685378466,distal allosteric,698535,0.20426755695828247
5CAN,V904I,P00533,-0.007,-0.16820700963367433,distal allosteric,698535,0.20426755695828247
5CAN,V904I,P00533,-0.86,-0.13227688612482127,distal allosteric,698535,0.20426755695828247
5CAN,V904I,P00533,-0.362,-0.2806365385143196,distal allosteric,698535,0.20426755695828247
1XKK,T790M+L858R,P00533,1.259,1.3006538119456348,binding pocket,698535,0.20426755695828247
5CAN,G719S,P00533,0.48,-0.284395191745723,binding pocket,698535,0.20426755695828247
6D8E,L858R,P00533,-1.6,-0.09634582781462984,intermediate,698535,0.20426755695828247
2ITY,T790M,P00533,-1.21,0.08568387474908548,binding pocket,698535,0.20426755695828247
1XKK,E866D,P00533,0.355,-0.2240795532938312,distal allosteric,698535,0.20426755695828247
1XKK,T790M+L858R,P00533,1.129,1.109110191646744,binding pocket,698535,0.20426755695828247
1XKK,T790M+L858R,P00533,0.063,1.1619634419749765,binding pocket,698535,0.20426755695828247
2ITY,G719S+T790M,P00533,0.48,0.04768632652720108,binding pocket,698535,0.20426755695828247
1XKK,T790M+L858R,P00533,2.31,1.6299092613669002,binding pocket,698535,0.20426755695828247
2J5E,E866D+H988P,P00533,0.327,-0.16760325214316082,intermediate,698535,0.20426755695828247
2J5E,E866D+H988P,P00533,0.441,-0.11430891124816502,intermediate,698535,0.20426755695828247
2J5E,E866D+H988P,P00533,0.185,-0.17720267114569158,intermediate,698535,0.20426755695828247
2J5E,E866D+H988P,P00533,-0.393,-0.2361937772631645,intermediate,698535,0.20426755695828247
2J5E,E866D+H988P,P00533,-0.316,-0.1511912208199501,intermediate,698535,0.20426755695828247
2J5E,T790M+L858R,P00533,0.397,0.7506641799982856,binding pocket,698535,0.20426755695828247
6D8E,T790M+L858R,P00533,-0.105,0.7007210078993263,binding pocket,698535,0.20426755695828247
6D8E,T790M+L858R,P00533,-0.07,0.7794305504315039,binding pocket,698535,0.20426755695828247
6D8E,T790M+L858R,P00533,-2.794,0.7115195640816407,binding pocket,698535,0.20426755695828247
1XKK,T790M+L858R,P00533,-2.597,1.1619634419749765,binding pocket,698535,0.20426755695828247
2ITY,G719S,P00533,0.48,-0.23944510424575385,binding pocket,698535,0.20426755695828247
1MOX,A289D,P00533,-0.356,-0.19013774530151312,distal allosteric,698535,0.20426755695828247
1MOX,A289D,P00533,0.668,-0.30372536021733987,distal allosteric,698535,0.20426755695828247
7SZ0,A289V,P00533,0.598,-0.1547339154665961,distal allosteric,698535,0.20426755695828247
1MOX,A289V,P00533,0.528,-0.1376884974469157,distal allosteric,698535,0.20426755695828247
1MOX,A289V,P00533,0.287,-0.22250933620158364,distal allosteric,698535,0.20426755695828247
1MOX,A289V,P00533,0.516,-0.31636135371467644,distal allosteric,698535,0.20426755695828247
5CAN,A702D,P00533,-1.549,-0.03603807654187959,distal allosteric,698535,0.20426755695828247
6D8E,A864V,P00533,-1.162,-0.7418518897294999,distal allosteric,698535,0.20426755695828247
6D8E,A864V,P00533,-1.228,-0.580470841962625,distal allosteric,698535,0.20426755695828247
6D8E,A864V,P00533,-1.186,-0.9021359601371429,distal allosteric,698535,0.20426755695828247
6D8E,A864V,P00533,-0.945,-0.9505856293895666,distal allosteric,698535,0.20426755695828247
6D8E,A864V,P00533,-0.788,-0.8509472843408585,distal allosteric,698535,0.20426755695828247
6D8E,A864V,P00533,-0.396,-0.7102653382385479,distal allosteric,698535,0.20426755695828247
6D8E,A864V,P00533,-1.02,-0.653527821505771,distal allosteric,698535,0.20426755695828247
6D8E,A864V,P00533,-0.67,-0.989322914614397,distal allosteric,698535,0.20426755695828247
1MOX,C251Y,P00533,-0.693,-0.08327819344927283,distal allosteric,698535,0.20426755695828247
1MOX,C311F,P00533,2.202,-0.09353487504054518,distal allosteric,698535,0.20426755695828247
7SZ0,C523R,P00533,-0.599,-0.08327819344927283,distal allosteric,698535,0.20426755695828247
7SZ0,C523R,P00533,-0.637,-0.032799943277502755,distal allosteric,698535,0.20426755695828247
7SZ0,C523R,P00533,0.304,-0.12556843682422358,distal allosteric,698535,0.20426755695828247
7SZ0,C523R,P00533,-0.466,-0.1657325791234479,distal allosteric,698535,0.20426755695828247
7SZ0,C523R,P00533,0.621,-0.032799943277502755,distal allosteric,698535,0.20426755695828247
5CAN,E711K,P00533,-0.282,-0.09203739665185703,distal allosteric,698535,0.20426755695828247
6TG1,E711K,P00533,0.102,0.019858280269538658,intermediate,698535,0.20426755695828247
5CAN,E711K,P00533,0.011,-0.05694487360426608,distal allosteric,698535,0.20426755695828247
5CAN,E711K,P00533,0.301,0.016055712877827536,distal allosteric,698535,0.20426755695828247
5CAN,E711K,P00533,1.056,-0.16826912304233102,distal allosteric,698535,0.20426755695828247
5CAN,F961L,P00533,0.414,-0.08156679677760556,distal allosteric,698535,0.20426755695828247
5CAN,F961L,P00533,-0.23,-0.09369478359911589,distal allosteric,698535,0.20426755695828247
5CAN,F961L,P00533,-0.145,-0.22434635748933343,distal allosteric,698535,0.20426755695828247
2M0B,G659R,P00533,-0.828,-0.08327819344927283,binding pocket,698535,0.20426755695828247
6TG1,G719S,P00533,-2.08,-0.29693455707457134,binding pocket,698535,0.20426755695828247
6D8E,G719S,P00533,-1.345,-0.18528740133608088,binding pocket,698535,0.20426755695828247
5CAN,G719S,P00533,-1.534,-0.284395191745723,binding pocket,698535,0.20426755695828247
5CAN,G719S,P00533,-1.594,-0.24344138804779333,binding pocket,698535,0.20426755695828247
5CAN,G719S,P00533,0.896,-0.4011837031841278,binding pocket,698535,0.20426755695828247
5CAN,G917R,P00533,-0.265,-0.31604052733147847,distal allosteric,698535,0.20426755695828247
5CAN,G917R,P00533,0.04,-0.24507216937577023,distal allosteric,698535,0.20426755695828247
5CAN,G917R,P00533,-0.148,-0.2367555661604685,distal allosteric,698535,0.20426755695828247
5CAN,H988P,P00533,-0.191,-0.14478092611449606,distal allosteric,698535,0.20426755695828247
2M0B,I646L,P00533,0.139,-0.40044400822765686,distal allosteric,698535,0.20426755695828247
2M0B,I646L,P00533,0.342,-0.20250326815072228,distal allosteric,698535,0.20426755695828247
5LV6,I646L,P00533,-0.278,-0.24232496653584873,distal allosteric,698535,0.20426755695828247
2M0B,I646L,P00533,0.656,-0.04204871784895653,distal allosteric,376815,0.28229738389903114
2M0B,I646L,P00533,0.677,-0.1985895050251308,distal allosteric,376815,0.28229738389903114
7SZ0,K28N,P00533,-0.86,0.07796729290310077,distal allosteric,376815,0.28229738389903114
2N5S,L62R,P00533,0.883,0.8614134209997514,intermediate,376815,0.28229738389903114
2N5S,L62R,P00533,0.476,0.8858151190421161,intermediate,376815,0.28229738389903114
2N5S,L62R,P00533,1.078,0.8462957012302735,intermediate,376815,0.28229738389903114
1MOX,L76P,P00533,-0.985,0.07796729290310077,distal allosteric,376815,0.28229738389903114
1MOX,L76P,P00533,-0.97,0.06333637303289245,distal allosteric,376815,0.28229738389903114
2M20,L76P,P00533,-0.699,0.06609108036055285,intermediate,376815,0.28229738389903114
1MOX,L76P,P00533,-0.228,0.07519868903738611,distal allosteric,376815,0.28229738389903114
2M20,L76P,P00533,0.398,0.08775319630170571,intermediate,376815,0.28229738389903114
5FED,G719S+T790M,P00533,-0.56,0.0296802439672106,binding pocket,376815,0.28229738389903114
5FED,L858R+T790M,P00533,-0.7,-0.08871022787164237,intermediate,376815,0.28229738389903114
1MOX,L76P,P00533,-1.343,0.11048467523034881,distal allosteric,376815,0.28229738389903114
2M20,L76P,P00533,-1.839,0.11021727498839885,intermediate,376815,0.28229738389903114
6D8E,L858R,P00533,-4.042,-0.07652750616783599,intermediate,376815,0.28229738389903114
6D8E,L858R,P00533,-2.66,-0.17208914561471078,intermediate,376815,0.28229738389903114
5CAN,L861Q,P00533,-0.896,-0.10074076374225752,distal allosteric,376815,0.28229738389903114
5CAN,L861Q,P00533,-0.526,-0.1432500767850262,distal allosteric,376815,0.28229738389903114
5CAN,L861Q,P00533,-1.064,-0.19620906286325085,distal allosteric,376815,0.28229738389903114
5CAN,L883F,P00533,-0.382,-0.130580457036986,distal allosteric,376815,0.28229738389903114
5CAN,L883F,P00533,0.58,0.15859917025355735,distal allosteric,376815,0.28229738389903114
5CAN,L883F,P00533,0.281,0.1527442810509135,distal allosteric,376815,0.28229738389903114
3PFV,P1071L,P00533,0.324,0.07796729290310077,binding pocket,376815,0.28229738389903114
3PFV,P1071L,P00533,-0.931,0.234470427967608,binding pocket,376815,0.28229738389903114
3PFV,P1071L,P00533,-0.113,0.06333637303289245,binding pocket,376815,0.28229738389903114
3PFV,P1071L,P00533,0.13,0.07519868903738611,binding pocket,376815,0.28229738389903114
3PFV,P1071L,P00533,-0.12,0.11048467523034881,binding pocket,376815,0.28229738389903114
5CAN,P753S,P00533,-1.218,-0.3130676741985714,distal allosteric,376815,0.28229738389903114
5CAN,P753S,P00533,1.334,-0.22567513102994244,distal allosteric,376815,0.28229738389903114
5CAN,Q701R,P00533,-0.279,-0.008140287307255356,distal allosteric,376815,0.28229738389903114
6TG1,Q701R,P00533,-0.382,-0.17221764190232047,distal allosteric,376815,0.28229738389903114
5CAN,Q701R,P00533,0.29,0.03014589911874608,distal allosteric,376815,0.28229738389903114
6D8E,Q701R,P00533,-0.347,0.05997444349615016,distal allosteric,376815,0.28229738389903114
5CAN,Q701R,P00533,0.084,-0.03312219098648599,distal allosteric,376815,0.28229738389903114
5CAN,Q701R,P00533,-0.522,-0.04916153541382616,distal allosteric,376815,0.28229738389903114
1MOX,R165Q,P00533,0.288,0.07519868903738611,intermediate,376815,0.28229738389903114
1MOX,R451C,P00533,-0.719,0.07796729290310077,distal allosteric,376815,0.28229738389903114
7SZ0,R451C,P00533,-1.196,-0.02922494205481862,distal allosteric,376815,0.28229738389903114
1MOX,R451C,P00533,-0.817,0.06333637303289245,distal allosteric,376815,0.28229738389903114
1MOX,R451C,P00533,-0.695,0.07519868903738611,distal allosteric,376815,0.28229738389903114
7SZ0,R451C,P00533,-1.115,-0.2570801605607438,distal allosteric,376815,0.28229738389903114
2M0B,R675Q,P00533,0.202,-0.33941860606565194,intermediate,376815,0.28229738389903114
2M0B,R675Q,P00533,0.948,-0.1688183471560478,intermediate,376815,0.28229738389903114
2M0B,R675Q,P00533,0.704,-0.27235065872424885,intermediate,376815,0.28229738389903114
2M0B,R675Q,P00533,1.255,-0.0903265196795794,intermediate,376815,0.28229738389903114
2M0B,R675Q,P00533,0.318,-0.20259765426025667,intermediate,376815,0.28229738389903114
2M0B,R677C,P00533,-1.091,-0.21221242434180831,distal allosteric,376815,0.28229738389903114
5CAN,R832C,P00533,-1.389,-0.1456157611109494,distal allosteric,376815,0.28229738389903114
5CAN,R832C,P00533,-1.507,-0.11829760224174922,distal allosteric,376815,0.28229738389903114
5CAN,S703F,P00533,-2.773,0.07519868903738611,distal allosteric,376815,0.28229738389903114
6D8E,S768I,P00533,-1.336,-0.8556796119493597,intermediate,376815,0.28229738389903114
5CAN,S768I,P00533,-1.442,-0.9855103606686872,intermediate,376815,0.28229738389903114
5CAN,S768I,P00533,-2.007,-1.1781700043117298,intermediate,376815,0.28229738389903114
5CAN,S768I,P00533,-1.274,-0.9747741529170204,intermediate,376815,0.28229738389903114
5CAN,S768I,P00533,-3.63,-1.2499493255334742,intermediate,376815,0.28229738389903114
5CAN,S811F,P00533,0.566,-0.17090511453502313,distal allosteric,376815,0.28229738389903114
5CAN,S811F,P00533,0.765,-0.22681981872986343,distal allosteric,376815,0.28229738389903114
5CAN,S811F,P00533,0.132,-0.24778143579469009,distal allosteric,376815,0.28229738389903114
5CAN,S811F,P00533,0.163,-0.17773507393020038,distal allosteric,376815,0.28229738389903114
5CAN,S811F,P00533,-0.607,-0.263956628191997,distal allosteric,376815,0.28229738389903114
6TG1,T751I,P00533,0.033,-0.3174103696775787,intermediate,376815,0.28229738389903114
5CAN,T751I,P00533,0.148,-0.35512977049631234,distal allosteric,376815,0.28229738389903114
5CAN,T751I,P00533,-0.088,-0.4521929481450249,distal allosteric,376815,0.28229738389903114
5CAN,T751I,P00533,-0.18,-0.35361010153942246,distal allosteric,376815,0.28229738389903114
5CAN,V1011M,P00533,-2.524,-0.18568281247280533,intermediate,376815,0.28229738389903114
5CAN,V1011M,P00533,-0.24,-0.17591523225693137,intermediate,376815,0.28229738389903114
5CAN,V1011M,P00533,-0.267,-0.22183543499833078,intermediate,376815,0.28229738389903114
5CAN,V1011M,P00533,-0.597,-0.2214764621766174,intermediate,376815,0.28229738389903114
5CAN,V1011M,P00533,-1.178,-0.09327507983235747,intermediate,376815,0.28229738389903114
5CAN,V1011M,P00533,-1.794,-0.26001740679802265,intermediate,376815,0.28229738389903114
1MOX,V292M,P00533,-0.108,0.07796729290310077,distal allosteric,376815,0.28229738389903114
7SZ0,V592F,P00533,-0.734,0.07796729290310077,distal allosteric,376815,0.28229738389903114
7SZ0,V592F,P00533,0.123,0.06609108036055285,distal allosteric,376815,0.28229738389903114
7SZ0,V592F,P00533,1.952,0.11021727498839885,distal allosteric,376815,0.28229738389903114
5CAN,V738D,P00533,-0.931,-0.23273940045071542,distal allosteric,376815,0.28229738389903114
6D8E,V738D,P00533,-0.288,-0.3027194412151242,distal allosteric,376815,0.28229738389903114
5CAN,V738D,P00533,-0.471,-0.3141893420149298,distal allosteric,376815,0.28229738389903114
5CAN,V738D,P00533,-0.628,-0.18330144564456793,distal allosteric,376815,0.28229738389903114
5CAN,V738D,P00533,-1.784,-0.2855828236788511,distal allosteric,376815,0.28229738389903114
5CAN,V904I,P00533,-0.686,-0.2052608309861491,distal allosteric,376815,0.28229738389903114
5CAN,V904I,P00533,-0.631,-0.028616448754773382,distal allosteric,376815,0.28229738389903114
5CAN,V904I,P00533,-0.007,-0.24556296253029034,distal allosteric,376815,0.28229738389903114
5CAN,V904I,P00533,-0.208,-0.2764133161262554,distal allosteric,376815,0.28229738389903114
5CAN,V904I,P00533,-0.86,-0.02176646307549052,distal allosteric,376815,0.28229738389903114
5CAN,V904I,P00533,-0.362,-0.06219506132252071,distal allosteric,376815,0.28229738389903114
1XKK,T790M+L858R,P00533,1.259,0.3490854224518818,binding pocket,376815,0.28229738389903114
5CAN,G719S,P00533,0.48,-0.0529375757802935,binding pocket,376815,0.28229738389903114
6D8E,L858R,P00533,-1.6,-0.07652750616783599,intermediate,376815,0.28229738389903114
2ITY,T790M,P00533,-1.21,0.08662649397464361,binding pocket,376815,0.28229738389903114
1XKK,E866D,P00533,0.355,-0.19503397894475386,distal allosteric,376815,0.28229738389903114
1XKK,T790M+L858R,P00533,1.129,0.3067511179320076,binding pocket,376815,0.28229738389903114
1XKK,T790M+L858R,P00533,0.063,0.3196205268613994,binding pocket,376815,0.28229738389903114
1XKK,T790M+L858R,P00533,2.123,0.31092889585039196,binding pocket,376815,0.28229738389903114
2ITY,G719S+T790M,P00533,0.48,0.04055657873258876,binding pocket,376815,0.28229738389903114
1XKK,T790M+L858R,P00533,2.31,0.31092889585039196,binding pocket,376815,0.28229738389903114
1XKK,T790M+L858R,P00533,1.177,0.2771616472917445,binding pocket,376815,0.28229738389903114
2J5E,E866D+H988P,P00533,0.327,-0.010267692727639369,intermediate,376815,0.28229738389903114
2J5E,E866D+H988P,P00533,0.441,0.02811602826285017,intermediate,376815,0.28229738389903114
2J5E,E866D+H988P,P00533,0.185,0.012395141098429227,intermediate,376815,0.28229738389903114
2J5E,E866D+H988P,P00533,-0.393,-0.016674167969647536,intermediate,376815,0.28229738389903114
2J5E,E866D+H988P,P00533,-0.316,0.08754941486917875,intermediate,376815,0.28229738389903114
2J5E,T790M+L858R,P00533,0.397,-0.1242274808533051,binding pocket,376815,0.28229738389903114
6D8E,T790M+L858R,P00533,-0.105,-0.09537191776668319,binding pocket,376815,0.28229738389903114
6D8E,T790M+L858R,P00533,-2.794,-0.23270161493736152,binding pocket,376815,0.28229738389903114
1XKK,T790M+L858R,P00533,-2.597,0.3196205268613994,binding pocket,376815,0.28229738389903114
2ITY,G719S,P00533,0.48,-0.07845831476151938,binding pocket,376815,0.28229738389903114
1MOX,A289D,P00533,-0.356,-0.18244282026117775,distal allosteric,376815,0.28229738389903114
1MOX,A289D,P00533,0.668,-0.128170413458172,distal allosteric,376815,0.28229738389903114
7SZ0,A289V,P00533,0.598,0.05107952205135542,distal allosteric,376815,0.28229738389903114
1MOX,A289V,P00533,0.528,-0.20323037180830444,distal allosteric,376815,0.28229738389903114
1MOX,A289V,P00533,0.287,-0.24331679589608132,distal allosteric,376815,0.28229738389903114
7SZ0,A289V,P00533,1.005,0.08775319630170571,distal allosteric,376815,0.28229738389903114
1MOX,A289V,P00533,0.516,-0.31561504594762535,distal allosteric,376815,0.28229738389903114
5CAN,A702D,P00533,-1.549,-0.23753875269390204,distal allosteric,376815,0.28229738389903114
5CAN,A702D,P00533,0.098,-0.17294855185729613,distal allosteric,376815,0.28229738389903114
6D8E,A864V,P00533,-1.162,-0.8746353230055641,distal allosteric,376815,0.28229738389903114
6D8E,A864V,P00533,-1.186,-0.9041770267135957,distal allosteric,376815,0.28229738389903114
6D8E,A864V,P00533,-0.945,-0.8855429701507092,distal allosteric,376815,0.28229738389903114
6D8E,A864V,P00533,-0.788,-0.9619352186427397,distal allosteric,376815,0.28229738389903114
6D8E,A864V,P00533,-0.396,-0.9167392534368178,distal allosteric,376815,0.28229738389903114
6D8E,A864V,P00533,-1.432,-0.9257987351978526,distal allosteric,376815,0.28229738389903114
6D8E,A864V,P00533,-0.67,-0.8480640106341418,distal allosteric,376815,0.28229738389903114
1MOX,C251Y,P00533,-0.693,0.07796729290310077,distal allosteric,376815,0.28229738389903114
1MOX,C311F,P00533,2.202,0.07519868903738611,distal allosteric,376815,0.28229738389903114
7SZ0,C523R,P00533,-0.599,0.07796729290310077,distal allosteric,376815,0.28229738389903114
7SZ0,C523R,P00533,-0.637,0.234470427967608,distal allosteric,376815,0.28229738389903114
7SZ0,C523R,P00533,0.304,0.06333637303289245,distal allosteric,376815,0.28229738389903114
7SZ0,C523R,P00533,0.093,0.07519868903738611,distal allosteric,376815,0.28229738389903114
7SZ0,C523R,P00533,-0.466,0.11048467523034881,distal allosteric,376815,0.28229738389903114
5CAN,E711K,P00533,-0.282,-0.1106043216936728,distal allosteric,376815,0.28229738389903114
6TG1,E711K,P00533,0.102,-0.2729784977786681,intermediate,376815,0.28229738389903114
5CAN,E711K,P00533,0.011,0.01402375649879963,distal allosteric,376815,0.28229738389903114
5CAN,E711K,P00533,0.301,-0.019666630829520033,distal allosteric,376815,0.28229738389903114
5CAN,E711K,P00533,1.056,-0.030977243009735506,distal allosteric,376815,0.28229738389903114
5CAN,F961L,P00533,0.414,0.019829268512480437,distal allosteric,376815,0.28229738389903114
5CAN,F961L,P00533,-0.23,-0.018011171589879377,distal allosteric,376815,0.28229738389903114
5CAN,F961L,P00533,-0.145,-0.02592278157525841,distal allosteric,376815,0.28229738389903114
2M0B,G659R,P00533,-0.828,0.07796729290310077,binding pocket,376815,0.28229738389903114
5CAN,G719S,P00533,-0.311,-0.04033377229729117,binding pocket,376815,0.28229738389903114
6TG1,G719S,P00533,-2.08,-0.44027600525056615,binding pocket,376815,0.28229738389903114
6D8E,G719S,P00533,-1.345,-0.09608950937057237,binding pocket,376815,0.28229738389903114
5CAN,G719S,P00533,-1.534,-0.0529375757802935,binding pocket,376815,0.28229738389903114
5CAN,G719S,P00533,-1.594,-0.15522534389267945,binding pocket,376815,0.28229738389903114
5CAN,G719S,P00533,0.896,-0.06913999774876757,binding pocket,376815,0.28229738389903114
5CAN,G917R,P00533,-0.265,-0.157181682284264,distal allosteric,376815,0.28229738389903114
5CAN,G917R,P00533,0.04,-0.03219804123920548,distal allosteric,376815,0.28229738389903114
5CAN,G917R,P00533,-0.148,-0.12313446073847653,distal allosteric,376815,0.28229738389903114
5CAN,G917R,P00533,-0.372,-0.0892327660146881,distal allosteric,376815,0.28229738389903114
5CAN,H988P,P00533,-0.191,-0.03650609820204617,distal allosteric,376815,0.28229738389903114
2M0B,I646L,P00533,0.139,-0.0016194813172606339,distal allosteric,376815,0.28229738389903114
2M0B,I646L,P00533,0.342,-0.020913976902032547,distal allosteric,376815,0.28229738389903114
5LV6,I646L,P00533,-0.278,-0.1317977819810895,distal allosteric,376815,0.28229738389903114
2M0B,I646L,P00533,0.656,-0.4132164048447328,distal allosteric,3977074,0.29047187342542613
2M0B,I646L,P00533,0.677,-0.26782880858572966,distal allosteric,3977074,0.29047187342542613
7SZ0,K28N,P00533,-0.86,-0.23744654327630996,distal allosteric,3977074,0.29047187342542613
2N5S,L62R,P00533,0.651,-0.2416045519008356,intermediate,3977074,0.29047187342542613
2N5S,L62R,P00533,0.883,-0.3346181117524119,intermediate,3977074,0.29047187342542613
2N5S,L62R,P00533,0.476,-0.3020433433003285,intermediate,3977074,0.29047187342542613
2N5S,L62R,P00533,1.078,-0.07421562142231884,intermediate,3977074,0.29047187342542613
2N5S,L62R,P00533,1.369,-0.3187382240483866,intermediate,3977074,0.29047187342542613
1MOX,L76P,P00533,-0.985,-0.23744654327630996,distal allosteric,3977074,0.29047187342542613
1MOX,L76P,P00533,-0.97,-0.2866217151152737,distal allosteric,3977074,0.29047187342542613
2M20,L76P,P00533,-0.064,-0.2453833886455087,intermediate,3977074,0.29047187342542613
2M20,L76P,P00533,-0.699,-0.27250139624318653,intermediate,3977074,0.29047187342542613
1MOX,L76P,P00533,-0.228,-0.1980547025230001,distal allosteric,3977074,0.29047187342542613
2M20,L76P,P00533,0.398,-0.28728220262071663,intermediate,3977074,0.29047187342542613
5FED,G719S+T790M,P00533,-0.56,0.03324350231710603,binding pocket,3977074,0.29047187342542613
5FED,L858R+T790M,P00533,-0.7,0.7560223781361299,intermediate,3977074,0.29047187342542613
1MOX,L76P,P00533,-1.343,-0.2787288795312976,distal allosteric,3977074,0.29047187342542613
2M20,L76P,P00533,-1.839,-0.4262992759487208,intermediate,3977074,0.29047187342542613
6D8E,L858R,P00533,-4.042,-0.14898795766865505,intermediate,3977074,0.29047187342542613
6D8E,L858R,P00533,-2.66,-0.3581127415991881,intermediate,3977074,0.29047187342542613
5CAN,L861Q,P00533,-0.896,-0.17008302356171257,distal allosteric,3977074,0.29047187342542613
5CAN,L861Q,P00533,-0.526,-0.13055676795213536,distal allosteric,3977074,0.29047187342542613
5CAN,L861Q,P00533,-1.064,-0.17367541026652736,distal allosteric,3977074,0.29047187342542613
6D8E,L861Q,P00533,-0.736,-0.24781544419772483,intermediate,3977074,0.29047187342542613
6D8E,L861Q,P00533,-0.619,-0.2894784985745654,intermediate,3977074,0.29047187342542613
5CAN,L883F,P00533,-0.382,-0.34585046999156477,distal allosteric,3977074,0.29047187342542613
5CAN,L883F,P00533,0.58,-0.10016012735007439,distal allosteric,3977074,0.29047187342542613
5CAN,L883F,P00533,0.226,-0.25033960382728015,distal allosteric,3977074,0.29047187342542613
5CAN,L883F,P00533,0.281,-0.23439008880406617,distal allosteric,3977074,0.29047187342542613
5CAN,L883F,P00533,0.945,-0.2772321211218075,distal allosteric,3977074,0.29047187342542613
3PFV,P1071L,P00533,0.324,-0.23744654327630996,binding pocket,3977074,0.29047187342542613
3PFV,P1071L,P00533,-0.931,-0.2350292912059847,binding pocket,3977074,0.29047187342542613
3PFV,P1071L,P00533,-0.113,-0.2866217151152737,binding pocket,3977074,0.29047187342542613
3PFV,P1071L,P00533,0.13,-0.1980547025230001,binding pocket,3977074,0.29047187342542613
3PFV,P1071L,P00533,1.21,-0.2350292912059847,binding pocket,3977074,0.29047187342542613
5CAN,P753S,P00533,-1.218,-0.35823929835275253,distal allosteric,3977074,0.29047187342542613
5CAN,P753S,P00533,1.334,-0.31903154338107387,distal allosteric,3977074,0.29047187342542613
5CAN,Q701R,P00533,-0.279,0.028362107837901416,distal allosteric,3977074,0.29047187342542613
6TG1,Q701R,P00533,-0.382,0.05945126821013059,distal allosteric,3977074,0.29047187342542613
5CAN,Q701R,P00533,0.29,0.12331525739501505,distal allosteric,3977074,0.29047187342542613
6D8E,Q701R,P00533,-0.347,0.07855089440722676,distal allosteric,3977074,0.29047187342542613
5CAN,Q701R,P00533,0.084,-0.035150414889349633,distal allosteric,3977074,0.29047187342542613
5CAN,Q701R,P00533,-0.522,-0.01120836299570167,distal allosteric,3977074,0.29047187342542613
1MOX,R165Q,P00533,0.288,-0.1980547025230001,intermediate,3977074,0.29047187342542613
1MOX,R451C,P00533,-0.719,-0.23744654327630996,distal allosteric,3977074,0.29047187342542613
7SZ0,R451C,P00533,-1.196,-0.3306061652960146,distal allosteric,3977074,0.29047187342542613
1MOX,R451C,P00533,-0.817,-0.2866217151152737,distal allosteric,3977074,0.29047187342542613
1MOX,R451C,P00533,-0.695,-0.1980547025230001,distal allosteric,3977074,0.29047187342542613
1MOX,R451C,P00533,0.991,-0.2350292912059847,distal allosteric,3977074,0.29047187342542613
2M0B,R675Q,P00533,0.202,0.390328564398429,intermediate,3977074,0.29047187342542613
2M0B,R675Q,P00533,0.948,0.4351217257976532,intermediate,3977074,0.29047187342542613
2M0B,R675Q,P00533,1.255,0.27355114322457025,intermediate,3977074,0.29047187342542613
2M0B,R675Q,P00533,0.318,0.30706641099032234,intermediate,3977074,0.29047187342542613
2M0B,R677C,P00533,-1.091,-0.14959354294135288,distal allosteric,3977074,0.29047187342542613
5CAN,R832C,P00533,-1.389,-0.34312154243974125,distal allosteric,3977074,0.29047187342542613
5CAN,R832C,P00533,-1.507,-0.2941988717633135,distal allosteric,3977074,0.29047187342542613
5CAN,R832C,P00533,-0.512,-0.6438655370167073,distal allosteric,3977074,0.29047187342542613
5CAN,S703F,P00533,-2.773,-0.1980547025230001,distal allosteric,3977074,0.29047187342542613
5CAN,S768I,P00533,-2.066,-0.6661837182150168,intermediate,3977074,0.29047187342542613
6D8E,S768I,P00533,-1.336,-0.758248075632488,intermediate,3977074,0.29047187342542613
5CAN,S768I,P00533,-1.442,-0.5875016943474902,intermediate,3977074,0.29047187342542613
5CAN,S768I,P00533,-2.007,-0.6442514647105161,intermediate,3977074,0.29047187342542613
5CAN,S768I,P00533,-3.63,-0.7521681386845953,intermediate,3977074,0.29047187342542613
5CAN,S811F,P00533,0.566,-0.19954938039046657,distal allosteric,3977074,0.29047187342542613
5CAN,S811F,P00533,0.765,-0.11001833189497974,distal allosteric,3977074,0.29047187342542613
5CAN,S811F,P00533,0.163,-0.2182735701946213,distal allosteric,3977074,0.29047187342542613
5CAN,S811F,P00533,-0.607,-0.21522664609693867,distal allosteric,3977074,0.29047187342542613
6TG1,T751I,P00533,0.033,-0.40982353578595554,intermediate,3977074,0.29047187342542613
5CAN,T751I,P00533,0.148,-0.2203437212175306,distal allosteric,3977074,0.29047187342542613
5CAN,T751I,P00533,-0.088,-0.2033211402682697,distal allosteric,3977074,0.29047187342542613
5CAN,T751I,P00533,-0.18,-0.316687905841014,distal allosteric,3977074,0.29047187342542613
5CAN,T751I,P00533,-0.629,-0.3169588531071649,distal allosteric,3977074,0.29047187342542613
5CAN,V1011M,P00533,-2.524,-0.38135413881172153,intermediate,3977074,0.29047187342542613
5CAN,V1011M,P00533,-0.24,-0.44474005653468124,intermediate,3977074,0.29047187342542613
5CAN,V1011M,P00533,-0.267,-0.33378442257204477,intermediate,3977074,0.29047187342542613
5CAN,V1011M,P00533,-0.597,-0.3595421170793912,intermediate,3977074,0.29047187342542613
5CAN,V1011M,P00533,-1.178,-0.34522542172056786,intermediate,3977074,0.29047187342542613
5CAN,V1011M,P00533,-1.794,-0.29248789835721256,intermediate,3977074,0.29047187342542613
1MOX,V292M,P00533,-0.108,-0.23744654327630996,distal allosteric,3977074,0.29047187342542613
7SZ0,V592F,P00533,-0.734,-0.23744654327630996,distal allosteric,3977074,0.29047187342542613
7SZ0,V592F,P00533,0.123,-0.27250139624318653,distal allosteric,3977074,0.29047187342542613
7SZ0,V592F,P00533,1.952,-0.4262992759487208,distal allosteric,3977074,0.29047187342542613
5CAN,V738D,P00533,-0.931,-0.2576934561659308,distal allosteric,3977074,0.29047187342542613
6D8E,V738D,P00533,-0.288,-0.2020499516410671,distal allosteric,3977074,0.29047187342542613
5CAN,V738D,P00533,-0.471,-0.3419480014899198,distal allosteric,3977074,0.29047187342542613
5CAN,V738D,P00533,-1.784,-0.45260126210310875,distal allosteric,3977074,0.29047187342542613
5CAN,V904I,P00533,-0.631,-0.33016339208273326,distal allosteric,3977074,0.29047187342542613
5CAN,V904I,P00533,-0.007,-0.37696214196436545,distal allosteric,3977074,0.29047187342542613
5CAN,V904I,P00533,-0.208,-0.4145260455503183,distal allosteric,3977074,0.29047187342542613
5CAN,V904I,P00533,-0.86,-0.4058156059594715,distal allosteric,3977074,0.29047187342542613
5CAN,V904I,P00533,-0.362,-0.5125629797473769,distal allosteric,3977074,0.29047187342542613
1XKK,T790M+L858R,P00533,1.259,1.255342015659108,binding pocket,3977074,0.29047187342542613
5CAN,G719S,P00533,0.48,0.17676529134021088,binding pocket,3977074,0.29047187342542613
6D8E,L858R,P00533,-1.6,-0.14898795766865505,intermediate,3977074,0.29047187342542613
1XKK,T790M+L858R,P00533,1.129,1.0148778121611652,binding pocket,3977074,0.29047187342542613
1XKK,T790M+L858R,P00533,0.063,1.1058139329798082,binding pocket,3977074,0.29047187342542613
2ITY,G719S+T790M,P00533,0.48,0.02212952229906533,binding pocket,3977074,0.29047187342542613
1XKK,T790M+L858R,P00533,2.31,1.453264382166021,binding pocket,3977074,0.29047187342542613
1XKK,T790M+L858R,P00533,1.177,1.0815294965575724,binding pocket,3977074,0.29047187342542613
1XKK,T790M+L858R,P00533,0.931,1.097251315537621,binding pocket,3977074,0.29047187342542613
2J5E,E866D+H988P,P00533,0.327,0.07003652599366272,intermediate,3977074,0.29047187342542613
2J5E,E866D+H988P,P00533,0.185,-0.005556936001076396,intermediate,3977074,0.29047187342542613
2J5E,E866D+H988P,P00533,-0.393,-0.06292724215809035,intermediate,3977074,0.29047187342542613
2J5E,E866D+H988P,P00533,-0.316,-0.008429839120191678,intermediate,3977074,0.29047187342542613
2J5E,T790M+L858R,P00533,0.397,0.8242482247072108,binding pocket,3977074,0.29047187342542613
6D8E,T790M+L858R,P00533,-0.105,0.7460358004710254,binding pocket,3977074,0.29047187342542613
6D8E,T790M+L858R,P00533,-0.07,0.7838622596684625,binding pocket,3977074,0.29047187342542613
6D8E,T790M+L858R,P00533,-2.794,0.5712075726424947,binding pocket,3977074,0.29047187342542613
1XKK,T790M+L858R,P00533,-2.597,1.1058139329798082,binding pocket,3977074,0.29047187342542613
1MOX,A289D,P00533,-0.356,-0.2349582711760612,distal allosteric,3977074,0.29047187342542613
1MOX,A289D,P00533,0.668,-0.3109979255431715,distal allosteric,3977074,0.29047187342542613
7SZ0,A289V,P00533,0.598,-0.2749274324932519,distal allosteric,3977074,0.29047187342542613
1MOX,A289V,P00533,0.528,-0.12711171105504035,distal allosteric,3977074,0.29047187342542613
1MOX,A289V,P00533,0.287,-0.22567052992170347,distal allosteric,3977074,0.29047187342542613
7SZ0,A289V,P00533,1.005,-0.28728220262071663,distal allosteric,3977074,0.29047187342542613
1MOX,A289V,P00533,0.516,-0.16767086407279266,distal allosteric,3977074,0.29047187342542613
5CAN,A702D,P00533,-1.549,-0.22289436804459375,distal allosteric,3977074,0.29047187342542613
5CAN,A702D,P00533,0.098,-0.5022200633147184,distal allosteric,3977074,0.29047187342542613
6D8E,A864V,P00533,-1.162,-0.6305057077811045,distal allosteric,3977074,0.29047187342542613
6D8E,A864V,P00533,-1.228,-0.47957500487565996,distal allosteric,3977074,0.29047187342542613
6D8E,A864V,P00533,-0.945,-0.6121063848278102,distal allosteric,3977074,0.29047187342542613
6D8E,A864V,P00533,-0.788,-0.7034509157959152,distal allosteric,3977074,0.29047187342542613
6D8E,A864V,P00533,-0.396,-0.5455384132923449,distal allosteric,3977074,0.29047187342542613
6D8E,A864V,P00533,-1.02,-0.5642010011140476,distal allosteric,3977074,0.29047187342542613
6D8E,A864V,P00533,-1.432,-0.6488108370979042,distal allosteric,3977074,0.29047187342542613
6D8E,A864V,P00533,-0.67,-0.6703833799677736,distal allosteric,3977074,0.29047187342542613
1MOX,C251Y,P00533,-0.693,-0.23744654327630996,distal allosteric,3977074,0.29047187342542613
1MOX,C311F,P00533,2.202,-0.1980547025230001,distal allosteric,3977074,0.29047187342542613
7SZ0,C523R,P00533,-0.599,-0.23744654327630996,distal allosteric,3977074,0.29047187342542613
7SZ0,C523R,P00533,-0.637,-0.2350292912059847,distal allosteric,3977074,0.29047187342542613
7SZ0,C523R,P00533,0.304,-0.2866217151152737,distal allosteric,3977074,0.29047187342542613
7SZ0,C523R,P00533,0.621,-0.2350292912059847,distal allosteric,3977074,0.29047187342542613
5CAN,E711K,P00533,-0.282,-0.14771900480284408,distal allosteric,3977074,0.29047187342542613
6TG1,E711K,P00533,0.102,-0.14785437059424378,intermediate,3977074,0.29047187342542613
5CAN,E711K,P00533,0.011,-0.11539229066713767,distal allosteric,3977074,0.29047187342542613
5CAN,E711K,P00533,0.301,-0.1237323824403917,distal allosteric,3977074,0.29047187342542613
5CAN,E711K,P00533,1.056,-0.2601421512614059,distal allosteric,3977074,0.29047187342542613
5CAN,F961L,P00533,0.414,-0.20218540181131922,distal allosteric,3977074,0.29047187342542613
5CAN,F961L,P00533,-0.23,-0.22929641188944086,distal allosteric,3977074,0.29047187342542613
5CAN,F961L,P00533,-0.145,-0.3463621919630917,distal allosteric,3977074,0.29047187342542613
2M0B,G659R,P00533,-0.828,-0.23744654327630996,binding pocket,3977074,0.29047187342542613
5CAN,G719S,P00533,-0.311,0.14451190675006195,binding pocket,3977074,0.29047187342542613
6TG1,G719S,P00533,-2.08,-0.08406627332462982,binding pocket,3977074,0.29047187342542613
6D8E,G719S,P00533,-1.345,0.16375609070062638,binding pocket,3977074,0.29047187342542613
5CAN,G719S,P00533,-1.534,0.17676529134021088,binding pocket,3977074,0.29047187342542613
5CAN,G719S,P00533,-1.594,0.04202607558054085,binding pocket,3977074,0.29047187342542613
5CAN,G719S,P00533,0.896,0.04561031104887234,binding pocket,3977074,0.29047187342542613
5CAN,G917R,P00533,-0.265,-0.16384807131307966,distal allosteric,3977074,0.29047187342542613
5CAN,G917R,P00533,-0.372,-0.17389845301123225,distal allosteric,3977074,0.29047187342542613
5CAN,H988P,P00533,-0.191,-0.11038233515970847,distal allosteric,3977074,0.29047187342542613
2M0B,I646L,P00533,0.139,-0.4197027856462142,distal allosteric,3977074,0.29047187342542613
2M0B,I646L,P00533,0.342,-0.3297226115710595,distal allosteric,3977074,0.29047187342542613
5LV6,I646L,P00533,-0.278,-0.2747136688714518,distal allosteric,3977074,0.29047187342542613
2M0B,I646L,P00533,0.656,-0.24520002581091493,distal allosteric,8886655,0.17334731032107795
2M0B,I646L,P00533,0.677,-0.5547272375787006,distal allosteric,8886655,0.17334731032107795
7SZ0,K28N,P00533,-0.86,-0.4225709108692759,distal allosteric,8886655,0.17334731032107795
2N5S,L62R,P00533,0.651,-0.3155885398116182,intermediate,8886655,0.17334731032107795
2N5S,L62R,P00533,0.883,-0.4388790366351605,intermediate,8886655,0.17334731032107795
2N5S,L62R,P00533,0.476,-0.41158902438598527,intermediate,8886655,0.17334731032107795
2N5S,L62R,P00533,1.078,-0.49492142975680975,intermediate,8886655,0.17334731032107795
2N5S,L62R,P00533,1.369,-0.5296917760582531,intermediate,8886655,0.17334731032107795
1MOX,L76P,P00533,-0.985,-0.4225709108692759,distal allosteric,8886655,0.17334731032107795
1MOX,L76P,P00533,-0.97,-0.47984527009287303,distal allosteric,8886655,0.17334731032107795
2M20,L76P,P00533,-0.064,-0.3931273039158653,intermediate,8886655,0.17334731032107795
2M20,L76P,P00533,-0.699,-0.44190327638562993,intermediate,8886655,0.17334731032107795
1MOX,L76P,P00533,-0.228,-0.4416724419497392,distal allosteric,8886655,0.17334731032107795
1MOX,L76P,P00533,-1.343,-0.5873936541983309,distal allosteric,8886655,0.17334731032107795
2M20,L76P,P00533,-1.839,-0.6772403654754162,intermediate,8886655,0.17334731032107795
6D8E,L858R,P00533,-4.042,-1.1117642505589653,intermediate,8886655,0.17334731032107795
5CAN,L861Q,P00533,-0.896,-0.618973391640274,distal allosteric,8886655,0.17334731032107795
5CAN,L861Q,P00533,-0.526,-0.5734925710023108,distal allosteric,8886655,0.17334731032107795
5CAN,L861Q,P00533,-1.064,-0.6978591777112555,distal allosteric,8886655,0.17334731032107795
6D8E,L861Q,P00533,-0.736,-0.5492589502378421,intermediate,8886655,0.17334731032107795
6D8E,L861Q,P00533,-0.619,-0.820830198021496,intermediate,8886655,0.17334731032107795
5CAN,L883F,P00533,-0.382,-0.7638354853290846,distal allosteric,8886655,0.17334731032107795
5CAN,L883F,P00533,0.58,-0.5135007327150773,distal allosteric,8886655,0.17334731032107795
5CAN,L883F,P00533,0.226,-0.4942294666162309,distal allosteric,8886655,0.17334731032107795
5CAN,L883F,P00533,0.281,-0.5982810883428902,distal allosteric,8886655,0.17334731032107795
5CAN,L883F,P00533,0.945,-0.9445047747948591,distal allosteric,8886655,0.17334731032107795
3PFV,P1071L,P00533,0.324,-0.4225709108692759,binding pocket,8886655,0.17334731032107795
3PFV,P1071L,P00533,-0.931,-0.3226019044518471,binding pocket,8886655,0.17334731032107795
3PFV,P1071L,P00533,-0.113,-0.47984527009287303,binding pocket,8886655,0.17334731032107795
3PFV,P1071L,P00533,0.13,-0.4416724419497392,binding pocket,8886655,0.17334731032107795
3PFV,P1071L,P00533,-0.12,-0.5873936541983309,binding pocket,8886655,0.17334731032107795
5CAN,P753S,P00533,-1.218,-0.6469789915610763,distal allosteric,8886655,0.17334731032107795
5CAN,P753S,P00533,1.334,-0.8710716297906989,distal allosteric,8886655,0.17334731032107795
5CAN,Q701R,P00533,0.29,-0.387545300609487,distal allosteric,8886655,0.17334731032107795
6D8E,Q701R,P00533,-0.347,-0.294146840093767,distal allosteric,8886655,0.17334731032107795
5CAN,Q701R,P00533,0.084,-0.3708262025983457,distal allosteric,8886655,0.17334731032107795
5CAN,Q701R,P00533,-0.522,-0.6823932593580994,distal allosteric,8886655,0.17334731032107795
1MOX,R165Q,P00533,0.288,-0.4416724419497392,intermediate,8886655,0.17334731032107795
1MOX,R451C,P00533,-0.719,-0.4225709108692759,distal allosteric,8886655,0.17334731032107795
7SZ0,R451C,P00533,-1.196,-0.5652985912092469,distal allosteric,8886655,0.17334731032107795
1MOX,R451C,P00533,-0.817,-0.47984527009287303,distal allosteric,8886655,0.17334731032107795
1MOX,R451C,P00533,-0.695,-0.4416724419497392,distal allosteric,8886655,0.17334731032107795
7SZ0,R451C,P00533,-1.115,-0.7258801542608178,distal allosteric,8886655,0.17334731032107795
1MOX,R451C,P00533,0.991,-0.3226019044518471,distal allosteric,8886655,0.17334731032107795
2M0B,R675Q,P00533,0.202,-0.5588415612715352,intermediate,8886655,0.17334731032107795
2M0B,R675Q,P00533,0.948,-0.6624289600564277,intermediate,8886655,0.17334731032107795
2M0B,R675Q,P00533,0.704,-0.6893231740168789,intermediate,8886655,0.17334731032107795
2M0B,R675Q,P00533,1.255,-0.7559556806736133,intermediate,8886655,0.17334731032107795
2M0B,R675Q,P00533,0.318,-1.0973511869802195,intermediate,8886655,0.17334731032107795
2M0B,R677C,P00533,-1.091,-0.7494938238964362,distal allosteric,8886655,0.17334731032107795
5CAN,R832C,P00533,-1.389,-0.7454247297337827,distal allosteric,8886655,0.17334731032107795
5CAN,R832C,P00533,-1.507,-0.6784636789606336,distal allosteric,8886655,0.17334731032107795
5CAN,R832C,P00533,-0.512,-0.7356603131522151,distal allosteric,8886655,0.17334731032107795
5CAN,S703F,P00533,-2.773,-0.4416724419497392,distal allosteric,8886655,0.17334731032107795
5CAN,S768I,P00533,-2.066,-2.180113610225565,intermediate,8886655,0.17334731032107795
6D8E,S768I,P00533,-1.336,-1.3759335118567242,intermediate,8886655,0.17334731032107795
5CAN,S768I,P00533,-1.442,-1.8415179201294394,intermediate,8886655,0.17334731032107795
5CAN,S768I,P00533,-2.007,-2.020166640898761,intermediate,8886655,0.17334731032107795
5CAN,S768I,P00533,-1.274,-1.7808905867478426,intermediate,8886655,0.17334731032107795
5CAN,S811F,P00533,0.765,-0.3247908587898402,distal allosteric,8886655,0.17334731032107795
5CAN,S811F,P00533,0.132,-0.32981315662229765,distal allosteric,8886655,0.17334731032107795
5CAN,S811F,P00533,0.163,-0.34744315453662594,distal allosteric,8886655,0.17334731032107795
5CAN,S811F,P00533,-0.607,-0.5813820834492937,distal allosteric,8886655,0.17334731032107795
6TG1,T751I,P00533,0.033,-0.43019161794137434,intermediate,8886655,0.17334731032107795
5CAN,T751I,P00533,0.148,-0.5963583588766701,distal allosteric,8886655,0.17334731032107795
5CAN,T751I,P00533,-0.088,-0.5663431133584064,distal allosteric,8886655,0.17334731032107795
5CAN,T751I,P00533,-0.18,-0.6803553171403268,distal allosteric,8886655,0.17334731032107795
5CAN,T751I,P00533,-0.629,-0.7080985683676075,distal allosteric,8886655,0.17334731032107795
5CAN,V1011M,P00533,-2.524,-0.5888429774439291,intermediate,8886655,0.17334731032107795
5CAN,V1011M,P00533,-0.24,-0.6385528537446962,intermediate,8886655,0.17334731032107795
5CAN,V1011M,P00533,-0.267,-0.5975078574603095,intermediate,8886655,0.17334731032107795
5CAN,V1011M,P00533,-0.597,-0.6436929228498656,intermediate,8886655,0.17334731032107795
5CAN,V1011M,P00533,-1.178,-0.5789561484942541,intermediate,8886655,0.17334731032107795
5CAN,V1011M,P00533,-1.794,-0.8625960842160618,intermediate,8886655,0.17334731032107795
1MOX,V292M,P00533,-0.108,-0.4225709108692759,distal allosteric,8886655,0.17334731032107795
7SZ0,V592F,P00533,-0.734,-0.4225709108692759,distal allosteric,8886655,0.17334731032107795
7SZ0,V592F,P00533,0.123,-0.44190327638562993,distal allosteric,8886655,0.17334731032107795
7SZ0,V592F,P00533,1.952,-0.6772403654754162,distal allosteric,8886655,0.17334731032107795
5CAN,V738D,P00533,-0.931,-0.6639105001740596,distal allosteric,8886655,0.17334731032107795
6D8E,V738D,P00533,-0.288,-0.6720819540269235,distal allosteric,8886655,0.17334731032107795
5CAN,V738D,P00533,-0.471,-0.637520104663337,distal allosteric,8886655,0.17334731032107795
5CAN,V738D,P00533,-0.628,-0.60727030873211,distal allosteric,8886655,0.17334731032107795
5CAN,V738D,P00533,-1.784,-0.7909098842950428,distal allosteric,8886655,0.17334731032107795
5CAN,V904I,P00533,-0.686,-0.6416544186063111,distal allosteric,8886655,0.17334731032107795
5CAN,V904I,P00533,-0.631,-0.6049129782301538,distal allosteric,8886655,0.17334731032107795
5CAN,V904I,P00533,-0.007,-0.7068063131535754,distal allosteric,8886655,0.17334731032107795
5CAN,V904I,P00533,-0.208,-0.7154290851591265,distal allosteric,8886655,0.17334731032107795
5CAN,V904I,P00533,-0.362,-0.7647501605126789,distal allosteric,8886655,0.17334731032107795
1XKK,T790M+L858R,P00533,1.259,-1.1271729556024075,binding pocket,8886655,0.17334731032107795
5CAN,G719S,P00533,0.48,-0.5228163494949831,binding pocket,8886655,0.17334731032107795
6D8E,L858R,P00533,-1.6,-1.1117642505589653,intermediate,8886655,0.17334731032107795
2ITY,T790M,P00533,-1.21,-0.8227117019050262,binding pocket,8886655,0.17334731032107795
1XKK,E866D,P00533,0.355,-0.6192583561329281,distal allosteric,8886655,0.17334731032107795
1XKK,T790M+L858R,P00533,1.129,-1.7355565131972819,binding pocket,8886655,0.17334731032107795
1XKK,T790M+L858R,P00533,0.063,-1.8195963075879742,binding pocket,8886655,0.17334731032107795
1XKK,T790M+L858R,P00533,2.123,-1.2030631142889752,binding pocket,8886655,0.17334731032107795
2ITY,G719S+T790M,P00533,0.48,-0.5223609690227929,binding pocket,8886655,0.17334731032107795
1XKK,T790M+L858R,P00533,2.31,-1.2030631142889752,binding pocket,8886655,0.17334731032107795
1XKK,T790M+L858R,P00533,1.177,-1.401509534912951,binding pocket,8886655,0.17334731032107795
1XKK,T790M+L858R,P00533,0.931,-1.27579239439789,binding pocket,8886655,0.17334731032107795
2J5E,E866D+H988P,P00533,0.327,-0.370782388171729,intermediate,8886655,0.17334731032107795
2J5E,E866D+H988P,P00533,0.441,-0.25839737001828417,intermediate,8886655,0.17334731032107795
2J5E,E866D+H988P,P00533,-0.393,-0.35284271651681737,intermediate,8886655,0.17334731032107795
2J5E,E866D+H988P,P00533,-0.316,-0.4625163398959181,intermediate,8886655,0.17334731032107795
2J5E,T790M+L858R,P00533,0.397,-0.8381834616092417,binding pocket,8886655,0.17334731032107795
6D8E,T790M+L858R,P00533,-0.105,-0.7730421289310736,binding pocket,8886655,0.17334731032107795
6D8E,T790M+L858R,P00533,-0.07,-0.7720921527322602,binding pocket,8886655,0.17334731032107795
6D8E,T790M+L858R,P00533,-2.794,-0.7473320311430623,binding pocket,8886655,0.17334731032107795
2ITY,G719S,P00533,0.48,-0.5388408278226852,binding pocket,8886655,0.17334731032107795
1MOX,A289D,P00533,-0.356,-0.32435652538608106,distal allosteric,8886655,0.17334731032107795
7SZ0,A289V,P00533,0.598,-0.36673077438596424,distal allosteric,8886655,0.17334731032107795
1MOX,A289V,P00533,0.528,-0.5007993430613595,distal allosteric,8886655,0.17334731032107795
1MOX,A289V,P00533,0.287,-0.6081539043117972,distal allosteric,8886655,0.17334731032107795
7SZ0,A289V,P00533,1.005,-0.3151100108237828,distal allosteric,8886655,0.17334731032107795
1MOX,A289V,P00533,0.516,-0.7125130286606796,distal allosteric,8886655,0.17334731032107795
5CAN,A702D,P00533,-1.549,-0.5915029156462235,distal allosteric,8886655,0.17334731032107795
5CAN,A702D,P00533,0.098,-0.7639069939746577,distal allosteric,8886655,0.17334731032107795
6D8E,A864V,P00533,-1.162,-0.6692619063674528,distal allosteric,8886655,0.17334731032107795
6D8E,A864V,P00533,-1.228,-0.6260038685658399,distal allosteric,8886655,0.17334731032107795
6D8E,A864V,P00533,-0.945,-0.7451805956828244,distal allosteric,8886655,0.17334731032107795
6D8E,A864V,P00533,-0.788,-0.661675675405299,distal allosteric,8886655,0.17334731032107795
6D8E,A864V,P00533,-0.396,-0.6584114267054727,distal allosteric,8886655,0.17334731032107795
6D8E,A864V,P00533,-1.02,-0.6106066023549612,distal allosteric,8886655,0.17334731032107795
6D8E,A864V,P00533,-1.432,-0.7834186346217552,distal allosteric,8886655,0.17334731032107795
6D8E,A864V,P00533,-0.67,-0.8537255605739706,distal allosteric,8886655,0.17334731032107795
1MOX,C251Y,P00533,-0.693,-0.4225709108692759,distal allosteric,8886655,0.17334731032107795
1MOX,C311F,P00533,2.202,-0.4416724419497392,distal allosteric,8886655,0.17334731032107795
7SZ0,C523R,P00533,-0.599,-0.4225709108692759,distal allosteric,8886655,0.17334731032107795
7SZ0,C523R,P00533,-0.637,-0.3226019044518471,distal allosteric,8886655,0.17334731032107795
7SZ0,C523R,P00533,0.304,-0.47984527009287303,distal allosteric,8886655,0.17334731032107795
7SZ0,C523R,P00533,0.093,-0.4416724419497392,distal allosteric,8886655,0.17334731032107795
7SZ0,C523R,P00533,-0.466,-0.5873936541983309,distal allosteric,8886655,0.17334731032107795
7SZ0,C523R,P00533,0.621,-0.3226019044518471,distal allosteric,8886655,0.17334731032107795
5CAN,E711K,P00533,-0.282,-0.3054614212968771,distal allosteric,8886655,0.17334731032107795
6TG1,E711K,P00533,0.102,-0.5485578073245638,intermediate,8886655,0.17334731032107795
5CAN,E711K,P00533,0.011,-0.4956304971295245,distal allosteric,8886655,0.17334731032107795
5CAN,E711K,P00533,0.301,-0.4301016070115216,distal allosteric,8886655,0.17334731032107795
5CAN,E711K,P00533,1.056,-0.7930462694729076,distal allosteric,8886655,0.17334731032107795
5CAN,F961L,P00533,-0.23,-0.1453058896205005,distal allosteric,8886655,0.17334731032107795
5CAN,F961L,P00533,-0.145,-0.34519032839817165,distal allosteric,8886655,0.17334731032107795
2M0B,G659R,P00533,-0.828,-0.4225709108692759,binding pocket,8886655,0.17334731032107795
5CAN,G719S,P00533,-0.311,-0.47534878070159436,binding pocket,8886655,0.17334731032107795
6TG1,G719S,P00533,-2.08,-0.4809936816587168,binding pocket,8886655,0.17334731032107795
6D8E,G719S,P00533,-1.345,-0.6228888445864706,binding pocket,8886655,0.17334731032107795
5CAN,G719S,P00533,-1.534,-0.5228163494949831,binding pocket,8886655,0.17334731032107795
5CAN,G719S,P00533,-1.594,-0.6343971225873513,binding pocket,8886655,0.17334731032107795
5CAN,G719S,P00533,0.896,-0.7695992384272463,binding pocket,8886655,0.17334731032107795
5CAN,G917R,P00533,-0.265,-0.4870424371050562,distal allosteric,8886655,0.17334731032107795
5CAN,G917R,P00533,0.04,-0.6298723219896064,distal allosteric,8886655,0.17334731032107795
5CAN,G917R,P00533,-0.148,-0.7655898918947753,distal allosteric,8886655,0.17334731032107795
5CAN,H988P,P00533,-0.191,-0.38566332894180194,distal allosteric,8886655,0.17334731032107795
2M0B,I646L,P00533,0.342,-0.35848370376886696,distal allosteric,8886655,0.17334731032107795
5LV6,I646L,P00533,-0.278,-0.36510879197453755,distal allosteric,8886655,0.17334731032107795
2M0B,I646L,P00533,0.656,0.15873474942586002,distal allosteric,9371058,0.2893266108617803
2M0B,I646L,P00533,0.677,0.16225814520611484,distal allosteric,9371058,0.2893266108617803
7SZ0,K28N,P00533,-0.86,-0.11905716317653765,distal allosteric,9371058,0.2893266108617803
2N5S,L62R,P00533,0.651,-0.20679905805342336,intermediate,9371058,0.2893266108617803
2N5S,L62R,P00533,0.883,-0.22467442024104733,intermediate,9371058,0.2893266108617803
2N5S,L62R,P00533,0.476,-0.27156063062566166,intermediate,9371058,0.2893266108617803
2N5S,L62R,P00533,1.078,-0.12201655824712532,intermediate,9371058,0.2893266108617803
2N5S,L62R,P00533,1.369,-0.3746244721403893,intermediate,9371058,0.2893266108617803
1MOX,L76P,P00533,-0.985,-0.11905716317653765,distal allosteric,9371058,0.2893266108617803
1MOX,L76P,P00533,-0.97,-0.2545189745465622,distal allosteric,9371058,0.2893266108617803
2M20,L76P,P00533,-0.064,-0.17354975742276976,intermediate,9371058,0.2893266108617803
2M20,L76P,P00533,-0.699,-0.20261990309243694,intermediate,9371058,0.2893266108617803
1MOX,L76P,P00533,-0.228,0.060062007073093886,distal allosteric,9371058,0.2893266108617803
2M20,L76P,P00533,0.398,-0.21975134348869324,intermediate,9371058,0.2893266108617803
5FED,L858R+T790M,P00533,-0.7,0.11686468110540335,intermediate,9371058,0.2893266108617803
1MOX,L76P,P00533,-1.343,-0.3014093115119373,distal allosteric,9371058,0.2893266108617803
2M20,L76P,P00533,-1.839,-0.22580787487591014,intermediate,9371058,0.2893266108617803
6D8E,L858R,P00533,-4.042,-0.9844305939604254,intermediate,9371058,0.2893266108617803
6D8E,L858R,P00533,-2.66,-0.9333270997755668,intermediate,9371058,0.2893266108617803
5CAN,L861Q,P00533,-0.526,-0.3638545703979976,distal allosteric,9371058,0.2893266108617803
5CAN,L861Q,P00533,-1.064,-0.3294253118406324,distal allosteric,9371058,0.2893266108617803
6D8E,L861Q,P00533,-0.736,-0.19163508973621268,intermediate,9371058,0.2893266108617803
6D8E,L861Q,P00533,-0.619,-0.2496775266291464,intermediate,9371058,0.2893266108617803
5CAN,L883F,P00533,-0.382,-0.023978578900699234,distal allosteric,9371058,0.2893266108617803
5CAN,L883F,P00533,0.226,0.22060089785561843,distal allosteric,9371058,0.2893266108617803
5CAN,L883F,P00533,0.281,0.264437249120544,distal allosteric,9371058,0.2893266108617803
5CAN,L883F,P00533,0.945,0.18062553957279992,distal allosteric,9371058,0.2893266108617803
3PFV,P1071L,P00533,0.324,-0.11905716317653765,binding pocket,9371058,0.2893266108617803
3PFV,P1071L,P00533,-0.931,-0.15142074852020423,binding pocket,9371058,0.2893266108617803
3PFV,P1071L,P00533,-0.113,-0.2545189745465622,binding pocket,9371058,0.2893266108617803
3PFV,P1071L,P00533,0.13,0.060062007073093886,binding pocket,9371058,0.2893266108617803
3PFV,P1071L,P00533,-0.12,-0.3014093115119373,binding pocket,9371058,0.2893266108617803
3PFV,P1071L,P00533,1.21,-0.15142074852020423,binding pocket,9371058,0.2893266108617803
5CAN,P753S,P00533,1.334,-0.8645419359277278,distal allosteric,9371058,0.2893266108617803
5CAN,Q701R,P00533,-0.279,-0.200160390452427,distal allosteric,9371058,0.2893266108617803
6TG1,Q701R,P00533,-0.382,-0.2366890483825084,distal allosteric,9371058,0.2893266108617803
5CAN,Q701R,P00533,0.29,-0.19493918770201066,distal allosteric,9371058,0.2893266108617803
6D8E,Q701R,P00533,-0.347,-0.3232515132453512,distal allosteric,9371058,0.2893266108617803
5CAN,Q701R,P00533,0.084,-0.09905425852372804,distal allosteric,9371058,0.2893266108617803
5CAN,Q701R,P00533,-0.522,-0.28893179394567714,distal allosteric,9371058,0.2893266108617803
1MOX,R165Q,P00533,0.288,0.060062007073093886,intermediate,9371058,0.2893266108617803
1MOX,R451C,P00533,-0.719,-0.11905716317653765,distal allosteric,9371058,0.2893266108617803
7SZ0,R451C,P00533,-1.196,-0.4093217859881766,distal allosteric,9371058,0.2893266108617803
1MOX,R451C,P00533,-0.695,0.060062007073093886,distal allosteric,9371058,0.2893266108617803
7SZ0,R451C,P00533,-1.115,-0.48738677325976243,distal allosteric,9371058,0.2893266108617803
1MOX,R451C,P00533,0.991,-0.15142074852020423,distal allosteric,9371058,0.2893266108617803
2M0B,R675Q,P00533,0.202,0.2755630372131572,intermediate,9371058,0.2893266108617803
2M0B,R675Q,P00533,0.948,0.4393347200155258,intermediate,9371058,0.2893266108617803
2M0B,R675Q,P00533,1.255,0.2646601100108203,intermediate,9371058,0.2893266108617803
2M0B,R675Q,P00533,0.318,0.35147202022987256,intermediate,9371058,0.2893266108617803
2M0B,R677C,P00533,-1.091,-0.13434062158047932,distal allosteric,9371058,0.2893266108617803
5CAN,R832C,P00533,-1.389,-0.20891036342654157,distal allosteric,9371058,0.2893266108617803
5CAN,R832C,P00533,-1.507,-0.422108297703459,distal allosteric,9371058,0.2893266108617803
5CAN,R832C,P00533,-0.512,-0.2614221380326678,distal allosteric,9371058,0.2893266108617803
5CAN,S703F,P00533,-2.773,0.060062007073093886,distal allosteric,9371058,0.2893266108617803
5CAN,S768I,P00533,-2.066,-0.1272417287672596,intermediate,9371058,0.2893266108617803
6D8E,S768I,P00533,-1.336,-0.4631787104930948,intermediate,9371058,0.2893266108617803
5CAN,S768I,P00533,-1.442,-0.2654423933108063,intermediate,9371058,0.2893266108617803
5CAN,S768I,P00533,-2.007,-0.26039239309662404,intermediate,9371058,0.2893266108617803
5CAN,S768I,P00533,-1.274,-0.2222599467442316,intermediate,9371058,0.2893266108617803
5CAN,S768I,P00533,-3.63,-0.36339241846426223,intermediate,9371058,0.2893266108617803
5CAN,S811F,P00533,0.566,-0.11303114418353995,distal allosteric,9371058,0.2893266108617803
5CAN,S811F,P00533,0.765,-0.22404411492803517,distal allosteric,9371058,0.2893266108617803
5CAN,S811F,P00533,0.132,-0.3065271828174591,distal allosteric,9371058,0.2893266108617803
5CAN,S811F,P00533,0.163,-0.1534845020011622,distal allosteric,9371058,0.2893266108617803
5CAN,S811F,P00533,-0.607,-0.19924703498031285,distal allosteric,9371058,0.2893266108617803
6TG1,T751I,P00533,0.033,-0.2529311485412147,intermediate,9371058,0.2893266108617803
5CAN,T751I,P00533,0.148,-0.29621230167325807,distal allosteric,9371058,0.2893266108617803
5CAN,T751I,P00533,-0.088,-0.407973391977851,distal allosteric,9371058,0.2893266108617803
5CAN,T751I,P00533,-0.18,-0.24876083710439065,distal allosteric,9371058,0.2893266108617803
5CAN,T751I,P00533,-0.629,-0.313640483738745,distal allosteric,9371058,0.2893266108617803
5CAN,V1011M,P00533,-2.524,-0.30276273993709507,intermediate,9371058,0.2893266108617803
5CAN,V1011M,P00533,-0.267,-0.2615641534398584,intermediate,9371058,0.2893266108617803
5CAN,V1011M,P00533,-0.597,-0.3548165856437648,intermediate,9371058,0.2893266108617803
5CAN,V1011M,P00533,-1.178,-0.26153405829869647,intermediate,9371058,0.2893266108617803
5CAN,V1011M,P00533,-1.794,-0.398289508133031,intermediate,9371058,0.2893266108617803
1MOX,V292M,P00533,-0.108,-0.11905716317653765,distal allosteric,9371058,0.2893266108617803
7SZ0,V592F,P00533,-0.734,-0.11905716317653765,distal allosteric,9371058,0.2893266108617803
7SZ0,V592F,P00533,1.952,-0.22580787487591014,distal allosteric,9371058,0.2893266108617803
5CAN,V738D,P00533,-0.931,-0.5660528116326999,distal allosteric,9371058,0.2893266108617803
6D8E,V738D,P00533,-0.288,-0.5239574016525466,distal allosteric,9371058,0.2893266108617803
5CAN,V738D,P00533,-0.471,-0.6164329172236955,distal allosteric,9371058,0.2893266108617803
5CAN,V738D,P00533,-0.628,-0.5393995876329788,distal allosteric,9371058,0.2893266108617803
5CAN,V738D,P00533,-1.784,-0.6538991129643777,distal allosteric,9371058,0.2893266108617803
5CAN,V904I,P00533,-0.686,-0.18615563698814194,distal allosteric,9371058,0.2893266108617803
5CAN,V904I,P00533,-0.007,-0.20708696229317608,distal allosteric,9371058,0.2893266108617803
5CAN,V904I,P00533,-0.208,-0.3335432687734856,distal allosteric,9371058,0.2893266108617803
5CAN,V904I,P00533,-0.86,-0.22340106090465012,distal allosteric,9371058,0.2893266108617803
5CAN,V904I,P00533,-0.362,-0.2652836491588284,distal allosteric,9371058,0.2893266108617803
1XKK,T790M+L858R,P00533,1.259,0.2306612187378547,binding pocket,9371058,0.2893266108617803
5CAN,G719S,P00533,0.48,-0.38335293128911185,binding pocket,9371058,0.2893266108617803
2ITY,T790M,P00533,-1.21,-0.17803193850815296,binding pocket,9371058,0.2893266108617803
1XKK,E866D,P00533,0.355,-0.2066160792445435,distal allosteric,9371058,0.2893266108617803
1XKK,T790M+L858R,P00533,1.129,-0.11109157939430545,binding pocket,9371058,0.2893266108617803
1XKK,T790M+L858R,P00533,0.063,0.066968891192885,binding pocket,9371058,0.2893266108617803
1XKK,T790M+L858R,P00533,2.123,0.16962712529126336,binding pocket,9371058,0.2893266108617803
2ITY,G719S+T790M,P00533,0.48,-0.31922591414784685,binding pocket,9371058,0.2893266108617803
1XKK,T790M+L858R,P00533,2.31,0.16962712529126336,binding pocket,9371058,0.2893266108617803
1XKK,T790M+L858R,P00533,1.177,0.054057179236455866,binding pocket,9371058,0.2893266108617803
1XKK,T790M+L858R,P00533,0.931,0.08924150907774181,binding pocket,9371058,0.2893266108617803
2J5E,E866D+H988P,P00533,0.327,-0.3081976917368524,intermediate,9371058,0.2893266108617803
2J5E,E866D+H988P,P00533,0.441,-0.4592306269074187,intermediate,9371058,0.2893266108617803
2J5E,E866D+H988P,P00533,0.185,-0.29567586997786865,intermediate,9371058,0.2893266108617803
2J5E,E866D+H988P,P00533,-0.393,-0.19322207495843416,intermediate,9371058,0.2893266108617803
6D8E,T790M+L858R,P00533,-0.105,0.10485697414243922,binding pocket,9371058,0.2893266108617803
6D8E,T790M+L858R,P00533,-0.07,0.13739116673259175,binding pocket,9371058,0.2893266108617803
6D8E,T790M+L858R,P00533,-2.794,0.11753850350660437,binding pocket,9371058,0.2893266108617803
1XKK,T790M+L858R,P00533,-2.597,0.066968891192885,binding pocket,9371058,0.2893266108617803
2ITY,G719S,P00533,0.48,-0.3202874226346612,binding pocket,9371058,0.2893266108617803
1MOX,A289D,P00533,-0.356,-0.2888240567971678,distal allosteric,9371058,0.2893266108617803
1MOX,A289D,P00533,0.668,-0.25989123513418083,distal allosteric,9371058,0.2893266108617803
7SZ0,A289V,P00533,0.598,-0.1985433246572228,distal allosteric,9371058,0.2893266108617803
1MOX,A289V,P00533,0.528,-0.3347986591721282,distal allosteric,9371058,0.2893266108617803
1MOX,A289V,P00533,0.287,-0.3742355072393137,distal allosteric,9371058,0.2893266108617803
7SZ0,A289V,P00533,1.005,-0.21975134348869324,distal allosteric,9371058,0.2893266108617803
1MOX,A289V,P00533,0.516,-0.39058634177387197,distal allosteric,9371058,0.2893266108617803
5CAN,A702D,P00533,-1.549,-0.3261652522297466,distal allosteric,9371058,0.2893266108617803
5CAN,A702D,P00533,0.098,-0.5876564105221016,distal allosteric,9371058,0.2893266108617803
6D8E,A864V,P00533,-1.162,-0.4668900431149146,distal allosteric,9371058,0.2893266108617803
6D8E,A864V,P00533,-1.228,-0.6420806299307769,distal allosteric,9371058,0.2893266108617803
6D8E,A864V,P00533,-0.788,-0.600326317774899,distal allosteric,9371058,0.2893266108617803
6D8E,A864V,P00533,-0.396,-0.44023406541347504,distal allosteric,9371058,0.2893266108617803
6D8E,A864V,P00533,-1.02,-0.4272003751537379,distal allosteric,9371058,0.2893266108617803
6D8E,A864V,P00533,-1.432,-0.5502086812782595,distal allosteric,9371058,0.2893266108617803
6D8E,A864V,P00533,-0.67,-0.5328894572293058,distal allosteric,9371058,0.2893266108617803
1MOX,C251Y,P00533,-0.693,-0.11905716317653765,distal allosteric,9371058,0.2893266108617803
7SZ0,C523R,P00533,-0.599,-0.11905716317653765,distal allosteric,9371058,0.2893266108617803
7SZ0,C523R,P00533,-0.637,-0.15142074852020423,distal allosteric,9371058,0.2893266108617803
7SZ0,C523R,P00533,0.304,-0.2545189745465622,distal allosteric,9371058,0.2893266108617803
7SZ0,C523R,P00533,0.093,0.060062007073093886,distal allosteric,9371058,0.2893266108617803
7SZ0,C523R,P00533,-0.466,-0.3014093115119373,distal allosteric,9371058,0.2893266108617803
7SZ0,C523R,P00533,0.621,-0.15142074852020423,distal allosteric,9371058,0.2893266108617803
5CAN,E711K,P00533,-0.282,-0.166741027854383,distal allosteric,9371058,0.2893266108617803
6TG1,E711K,P00533,0.102,-0.25855309584824476,intermediate,9371058,0.2893266108617803
5CAN,E711K,P00533,0.011,-0.25850764697790146,distal allosteric,9371058,0.2893266108617803
5CAN,E711K,P00533,0.301,-0.1229423640913823,distal allosteric,9371058,0.2893266108617803
5CAN,E711K,P00533,1.056,-0.36883108046826196,distal allosteric,9371058,0.2893266108617803
5CAN,F961L,P00533,0.414,-0.39540357671502757,distal allosteric,9371058,0.2893266108617803
5CAN,F961L,P00533,-0.23,-0.40258494860591254,distal allosteric,9371058,0.2893266108617803
5CAN,F961L,P00533,-0.145,-0.3197785975522745,distal allosteric,9371058,0.2893266108617803
2M0B,G659R,P00533,-0.828,-0.11905716317653765,binding pocket,9371058,0.2893266108617803
6TG1,G719S,P00533,-2.08,-0.2437741775081,binding pocket,9371058,0.2893266108617803
6D8E,G719S,P00533,-1.345,-0.3024311386926976,binding pocket,9371058,0.2893266108617803
5CAN,G719S,P00533,-1.534,-0.38335293128911185,binding pocket,9371058,0.2893266108617803
5CAN,G719S,P00533,-1.594,-0.3306435397019719,binding pocket,9371058,0.2893266108617803
5CAN,G719S,P00533,0.896,-0.37187685656021624,binding pocket,9371058,0.2893266108617803
5CAN,G917R,P00533,-0.265,-0.3419268768131733,distal allosteric,9371058,0.2893266108617803
5CAN,G917R,P00533,0.04,-0.3618666274207644,distal allosteric,9371058,0.2893266108617803
5CAN,G917R,P00533,-0.148,-0.4249958177660318,distal allosteric,9371058,0.2893266108617803
5CAN,G917R,P00533,-0.372,-0.3508541560199331,distal allosteric,9371058,0.2893266108617803
5CAN,H988P,P00533,-0.191,-0.3210053662236999,distal allosteric,9371058,0.2893266108617803
2M0B,I646L,P00533,0.139,0.2148958493611392,distal allosteric,9371058,0.2893266108617803
5LV6,I646L,P00533,-0.278,0.19874102630334742,distal allosteric,9371058,0.2893266108617803
2M0B,I646L,P00533,0.656,-0.6070315129520261,distal allosteric,4349650,0.277153121677391
7SZ0,K28N,P00533,-0.86,-0.5667935017071225,distal allosteric,4349650,0.277153121677391
2N5S,L62R,P00533,0.651,-0.5206513566642396,intermediate,4349650,0.277153121677391
2N5S,L62R,P00533,0.883,-0.5015169919536393,intermediate,4349650,0.277153121677391
2N5S,L62R,P00533,0.476,-0.5953621712992077,intermediate,4349650,0.277153121677391
2N5S,L62R,P00533,1.078,-0.43374067654635967,intermediate,4349650,0.277153121677391
2N5S,L62R,P00533,1.369,-0.6295684875714427,intermediate,4349650,0.277153121677391
1MOX,L76P,P00533,-0.985,-0.5667935017071225,distal allosteric,4349650,0.277153121677391
1MOX,L76P,P00533,-0.97,-0.6842241993406238,distal allosteric,4349650,0.277153121677391
2M20,L76P,P00533,-0.064,-0.6067470104501527,intermediate,4349650,0.277153121677391
2M20,L76P,P00533,-0.699,-0.6612270742339246,intermediate,4349650,0.277153121677391
1MOX,L76P,P00533,-0.228,-0.4879177656441872,distal allosteric,4349650,0.277153121677391
2M20,L76P,P00533,0.398,-0.5970505040480809,intermediate,4349650,0.277153121677391
5FED,G719S+T790M,P00533,-0.56,-0.5570263761821037,binding pocket,4349650,0.277153121677391
5FED,L858R+T790M,P00533,-0.7,-0.3311186933026594,intermediate,4349650,0.277153121677391
2M20,L76P,P00533,-1.839,-0.6794119802152409,intermediate,4349650,0.277153121677391
6D8E,L858R,P00533,-2.66,-2.9762553468031037,intermediate,4349650,0.277153121677391
5CAN,L861Q,P00533,-0.896,-0.6763623002381884,distal allosteric,4349650,0.277153121677391
5CAN,L861Q,P00533,-0.526,-0.6328101055709754,distal allosteric,4349650,0.277153121677391
5CAN,L861Q,P00533,-1.064,-0.7976076743742998,distal allosteric,4349650,0.277153121677391
6D8E,L861Q,P00533,-0.736,-0.7701185652999316,intermediate,4349650,0.277153121677391
6D8E,L861Q,P00533,-0.619,-0.7586765304111381,intermediate,4349650,0.277153121677391
5CAN,L883F,P00533,0.58,-0.6190223182181224,distal allosteric,4349650,0.277153121677391
5CAN,L883F,P00533,0.226,-0.6290369102306225,distal allosteric,4349650,0.277153121677391
5CAN,L883F,P00533,0.281,-0.5905484623453195,distal allosteric,4349650,0.277153121677391
5CAN,L883F,P00533,0.945,-0.7631958473815637,distal allosteric,4349650,0.277153121677391
3PFV,P1071L,P00533,0.324,-0.5667935017071225,binding pocket,4349650,0.277153121677391
3PFV,P1071L,P00533,-0.931,-0.5877036068546859,binding pocket,4349650,0.277153121677391
3PFV,P1071L,P00533,-0.113,-0.6842241993406238,binding pocket,4349650,0.277153121677391
3PFV,P1071L,P00533,-0.12,-0.7333590897251577,binding pocket,4349650,0.277153121677391
3PFV,P1071L,P00533,1.21,-0.5877036068546859,binding pocket,4349650,0.277153121677391
5CAN,P753S,P00533,-1.218,-0.9853734690161311,distal allosteric,4349650,0.277153121677391
5CAN,P753S,P00533,1.334,-1.1679926953455981,distal allosteric,4349650,0.277153121677391
5CAN,Q701R,P00533,-0.279,-0.4473771137910731,distal allosteric,4349650,0.277153121677391
6TG1,Q701R,P00533,-0.382,-0.5052581950898337,distal allosteric,4349650,0.277153121677391
5CAN,Q701R,P00533,0.29,-0.48633901911973954,distal allosteric,4349650,0.277153121677391
6D8E,Q701R,P00533,-0.347,-0.2637937617337003,distal allosteric,4349650,0.277153121677391
5CAN,Q701R,P00533,0.084,-0.4522768410812406,distal allosteric,4349650,0.277153121677391
5CAN,Q701R,P00533,-0.522,-0.6359242290470145,distal allosteric,4349650,0.277153121677391
1MOX,R451C,P00533,-0.719,-0.5667935017071225,distal allosteric,4349650,0.277153121677391
1MOX,R451C,P00533,-0.817,-0.6842241993406238,distal allosteric,4349650,0.277153121677391
1MOX,R451C,P00533,-0.695,-0.4879177656441872,distal allosteric,4349650,0.277153121677391
7SZ0,R451C,P00533,-1.115,-0.8719486351521575,distal allosteric,4349650,0.277153121677391
1MOX,R451C,P00533,0.991,-0.5877036068546859,distal allosteric,4349650,0.277153121677391
2M0B,R675Q,P00533,0.202,-0.6789939182768849,intermediate,4349650,0.277153121677391
2M0B,R675Q,P00533,0.948,-0.7100303550976591,intermediate,4349650,0.277153121677391
2M0B,R675Q,P00533,0.704,-1.0028479730942672,intermediate,4349650,0.277153121677391
2M0B,R675Q,P00533,1.255,-0.6043880385743343,intermediate,4349650,0.277153121677391
2M0B,R675Q,P00533,0.318,-1.010221422651235,intermediate,4349650,0.277153121677391
2M0B,R677C,P00533,-1.091,-1.1588061908273137,distal allosteric,4349650,0.277153121677391
5CAN,R832C,P00533,-1.389,-0.7440463883596307,distal allosteric,4349650,0.277153121677391
5CAN,R832C,P00533,-1.507,-0.8289420463924898,distal allosteric,4349650,0.277153121677391
5CAN,S703F,P00533,-2.773,-0.4879177656441872,distal allosteric,4349650,0.277153121677391
5CAN,S768I,P00533,-2.066,-0.6308286122662179,intermediate,4349650,0.277153121677391
6D8E,S768I,P00533,-1.336,-0.6633755946545039,intermediate,4349650,0.277153121677391
5CAN,S768I,P00533,-1.442,-0.42094571446884865,intermediate,4349650,0.277153121677391
5CAN,S768I,P00533,-2.007,-0.5526979308698107,intermediate,4349650,0.277153121677391
5CAN,S768I,P00533,-1.274,-0.4651603896512704,intermediate,4349650,0.277153121677391
5CAN,S768I,P00533,-3.63,-0.8115418385179602,intermediate,4349650,0.277153121677391
5CAN,S811F,P00533,0.566,-0.4918751655817031,distal allosteric,4349650,0.277153121677391
5CAN,S811F,P00533,0.765,-0.6472485847236479,distal allosteric,4349650,0.277153121677391
5CAN,S811F,P00533,0.132,-0.6496193236410617,distal allosteric,4349650,0.277153121677391
5CAN,S811F,P00533,0.163,-0.5698213764643844,distal allosteric,4349650,0.277153121677391
5CAN,S811F,P00533,-0.607,-0.8265145496094927,distal allosteric,4349650,0.277153121677391
5CAN,T751I,P00533,0.148,-0.45703786644558697,distal allosteric,4349650,0.277153121677391
5CAN,T751I,P00533,-0.088,-0.5268757690360002,distal allosteric,4349650,0.277153121677391
5CAN,T751I,P00533,-0.18,-0.4780545950015186,distal allosteric,4349650,0.277153121677391
5CAN,T751I,P00533,-0.629,-0.5898157433510264,distal allosteric,4349650,0.277153121677391
5CAN,V1011M,P00533,-2.524,-0.7047208269852048,intermediate,4349650,0.277153121677391
5CAN,V1011M,P00533,-0.24,-0.6235974640872548,intermediate,4349650,0.277153121677391
5CAN,V1011M,P00533,-0.597,-0.7339845326577915,intermediate,4349650,0.277153121677391
5CAN,V1011M,P00533,-1.178,-0.669468735126888,intermediate,4349650,0.277153121677391
5CAN,V1011M,P00533,-1.794,-0.689622576568933,intermediate,4349650,0.277153121677391
1MOX,V292M,P00533,-0.108,-0.5667935017071225,distal allosteric,4349650,0.277153121677391
7SZ0,V592F,P00533,-0.734,-0.5667935017071225,distal allosteric,4349650,0.277153121677391
7SZ0,V592F,P00533,0.123,-0.6612270742339246,distal allosteric,4349650,0.277153121677391
7SZ0,V592F,P00533,1.952,-0.6794119802152409,distal allosteric,4349650,0.277153121677391
5CAN,V738D,P00533,-0.931,-0.5216547836946213,distal allosteric,4349650,0.277153121677391
6D8E,V738D,P00533,-0.288,-0.8001287930712979,distal allosteric,4349650,0.277153121677391
5CAN,V738D,P00533,-0.471,-0.884077542901039,distal allosteric,4349650,0.277153121677391
5CAN,V738D,P00533,-0.628,-0.7405024170340859,distal allosteric,4349650,0.277153121677391
5CAN,V738D,P00533,-1.784,-0.9106704474933006,distal allosteric,4349650,0.277153121677391
5CAN,V904I,P00533,-0.686,-0.772501139245489,distal allosteric,4349650,0.277153121677391
5CAN,V904I,P00533,-0.631,-0.6544883872998111,distal allosteric,4349650,0.277153121677391
5CAN,V904I,P00533,-0.007,-0.7402660457211381,distal allosteric,4349650,0.277153121677391
5CAN,V904I,P00533,-0.208,-0.8450535742086084,distal allosteric,4349650,0.277153121677391
5CAN,V904I,P00533,-0.86,-0.6662797475904225,distal allosteric,4349650,0.277153121677391
5CAN,V904I,P00533,-0.362,-0.8358356582890538,distal allosteric,4349650,0.277153121677391
1XKK,T790M+L858R,P00533,1.259,-0.3173031676025952,binding pocket,4349650,0.277153121677391
6D8E,L858R,P00533,-1.6,-3.405551398557775,intermediate,4349650,0.277153121677391
2ITY,T790M,P00533,-1.21,-0.41746922418168364,binding pocket,4349650,0.277153121677391
1XKK,E866D,P00533,0.355,-0.5935656048562377,distal allosteric,4349650,0.277153121677391
1XKK,T790M+L858R,P00533,1.129,-0.5543706419836072,binding pocket,4349650,0.277153121677391
1XKK,T790M+L858R,P00533,0.063,-0.49165010907106543,binding pocket,4349650,0.277153121677391
1XKK,T790M+L858R,P00533,2.123,-0.29938911093420845,binding pocket,4349650,0.277153121677391
2ITY,G719S+T790M,P00533,0.48,-0.6008199708111145,binding pocket,4349650,0.277153121677391
1XKK,T790M+L858R,P00533,2.31,-0.29938911093420845,binding pocket,4349650,0.277153121677391
1XKK,T790M+L858R,P00533,1.177,-0.3864932934602394,binding pocket,4349650,0.277153121677391
1XKK,T790M+L858R,P00533,0.931,-0.2977000041604042,binding pocket,4349650,0.277153121677391
2J5E,E866D+H988P,P00533,0.327,-0.43560563221787474,intermediate,4349650,0.277153121677391
2J5E,E866D+H988P,P00533,0.441,-0.4045776189044118,intermediate,4349650,0.277153121677391
2J5E,E866D+H988P,P00533,0.185,-0.5625156971693914,intermediate,4349650,0.277153121677391
2J5E,E866D+H988P,P00533,-0.393,-0.44114770680140036,intermediate,4349650,0.277153121677391
2J5E,E866D+H988P,P00533,-0.316,-0.8724098120664848,intermediate,4349650,0.277153121677391
2J5E,T790M+L858R,P00533,0.397,-0.2125395291552824,binding pocket,4349650,0.277153121677391
6D8E,T790M+L858R,P00533,-0.07,-0.20787516636357586,binding pocket,4349650,0.277153121677391
6D8E,T790M+L858R,P00533,-2.794,-0.4781815171364476,binding pocket,4349650,0.277153121677391
1XKK,T790M+L858R,P00533,-2.597,-0.49165010907106543,binding pocket,4349650,0.277153121677391
2ITY,G719S,P00533,0.48,-0.42346697262455435,binding pocket,4349650,0.277153121677391
1MOX,A289D,P00533,-0.356,-0.5973083971300545,distal allosteric,4349650,0.277153121677391
1MOX,A289D,P00533,0.668,-0.5385975201682132,distal allosteric,4349650,0.277153121677391
7SZ0,A289V,P00533,0.598,-0.616140569671112,distal allosteric,4349650,0.277153121677391
1MOX,A289V,P00533,0.287,-0.244123245919452,distal allosteric,4349650,0.277153121677391
7SZ0,A289V,P00533,1.005,-0.5970505040480809,distal allosteric,4349650,0.277153121677391
5CAN,A702D,P00533,-1.549,-0.7845584588576765,distal allosteric,4349650,0.277153121677391
5CAN,A702D,P00533,0.098,-0.7079714106628122,distal allosteric,4349650,0.277153121677391
6D8E,A864V,P00533,-1.162,-0.7810124735744559,distal allosteric,4349650,0.277153121677391
6D8E,A864V,P00533,-1.186,-0.867909325233277,distal allosteric,4349650,0.277153121677391
6D8E,A864V,P00533,-0.945,-0.8039391900371102,distal allosteric,4349650,0.277153121677391
6D8E,A864V,P00533,-0.788,-0.8952246111118617,distal allosteric,4349650,0.277153121677391
6D8E,A864V,P00533,-0.396,-0.748238930425223,distal allosteric,4349650,0.277153121677391
6D8E,A864V,P00533,-1.02,-0.6572247085667707,distal allosteric,4349650,0.277153121677391
6D8E,A864V,P00533,-1.432,-0.8776570314773741,distal allosteric,4349650,0.277153121677391
6D8E,A864V,P00533,-0.67,-0.8817830293945529,distal allosteric,4349650,0.277153121677391
1MOX,C251Y,P00533,-0.693,-0.5667935017071225,distal allosteric,4349650,0.277153121677391
1MOX,C311F,P00533,2.202,-0.4879177656441872,distal allosteric,4349650,0.277153121677391
7SZ0,C523R,P00533,-0.599,-0.5667935017071225,distal allosteric,4349650,0.277153121677391
7SZ0,C523R,P00533,-0.637,-0.5877036068546859,distal allosteric,4349650,0.277153121677391
7SZ0,C523R,P00533,0.304,-0.6842241993406238,distal allosteric,4349650,0.277153121677391
7SZ0,C523R,P00533,0.093,-0.4879177656441872,distal allosteric,4349650,0.277153121677391
7SZ0,C523R,P00533,-0.466,-0.7333590897251577,distal allosteric,4349650,0.277153121677391
7SZ0,C523R,P00533,0.621,-0.5877036068546859,distal allosteric,4349650,0.277153121677391
5CAN,E711K,P00533,-0.282,-0.4223058305228239,distal allosteric,4349650,0.277153121677391
6TG1,E711K,P00533,0.102,-0.3548435684416224,intermediate,4349650,0.277153121677391
5CAN,E711K,P00533,0.011,-0.3716169926488005,distal allosteric,4349650,0.277153121677391
5CAN,E711K,P00533,0.301,-0.36318370831494823,distal allosteric,4349650,0.277153121677391
5CAN,E711K,P00533,1.056,-0.3776786056195989,distal allosteric,4349650,0.277153121677391
5CAN,F961L,P00533,0.414,-0.6887286791371947,distal allosteric,4349650,0.277153121677391
5CAN,F961L,P00533,-0.145,-0.9143745231400517,distal allosteric,4349650,0.277153121677391
2M0B,G659R,P00533,-0.828,-0.5667935017071225,binding pocket,4349650,0.277153121677391
5CAN,G719S,P00533,-0.311,-0.4148151143193245,binding pocket,4349650,0.277153121677391
6TG1,G719S,P00533,-2.08,-0.6772938595056971,binding pocket,4349650,0.277153121677391
6D8E,G719S,P00533,-1.345,-0.39487734486425624,binding pocket,4349650,0.277153121677391
5CAN,G719S,P00533,-1.534,-0.3974869199219872,binding pocket,4349650,0.277153121677391
5CAN,G719S,P00533,-1.594,-0.4265891426968223,binding pocket,4349650,0.277153121677391
5CAN,G719S,P00533,0.896,-0.6000923376872258,binding pocket,4349650,0.277153121677391
5CAN,G917R,P00533,-0.265,-0.6476290050140198,distal allosteric,4349650,0.277153121677391
5CAN,G917R,P00533,0.04,-0.5500226805876283,distal allosteric,4349650,0.277153121677391
5CAN,G917R,P00533,-0.372,-0.5890410571536596,distal allosteric,4349650,0.277153121677391
5CAN,H988P,P00533,-0.191,-0.5013391277492046,distal allosteric,4349650,0.277153121677391
2M0B,I646L,P00533,0.139,-0.7041685608064426,distal allosteric,4349650,0.277153121677391
2M0B,I646L,P00533,0.342,-0.737244295341127,distal allosteric,4349650,0.277153121677391
5LV6,I646L,P00533,-0.278,-0.7140532254857175,distal allosteric,4349650,0.277153121677391
2M0B,I646L,P00533,0.656,-0.17988184086189551,distal allosteric,2328442,0.2559940372917938
2M0B,I646L,P00533,0.677,0.032001685543095355,distal allosteric,2328442,0.2559940372917938
7SZ0,K28N,P00533,-0.86,0.09667171020192257,distal allosteric,2328442,0.2559940372917938
2N5S,L62R,P00533,0.651,0.06065098982435814,intermediate,2328442,0.2559940372917938
2N5S,L62R,P00533,0.883,0.1633402738338884,intermediate,2328442,0.2559940372917938
2N5S,L62R,P00533,0.476,0.14746360880728152,intermediate,2328442,0.2559940372917938
2N5S,L62R,P00533,1.078,0.12062589591390944,intermediate,2328442,0.2559940372917938
2N5S,L62R,P00533,1.369,0.05501262227314359,intermediate,2328442,0.2559940372917938
1MOX,L76P,P00533,-0.985,0.09667171020192257,distal allosteric,2328442,0.2559940372917938
1MOX,L76P,P00533,-0.97,0.07228804946734624,distal allosteric,2328442,0.2559940372917938
2M20,L76P,P00533,-0.064,0.11702640220435225,intermediate,2328442,0.2559940372917938
2M20,L76P,P00533,-0.699,0.09750100935365565,intermediate,2328442,0.2559940372917938
1MOX,L76P,P00533,-0.228,0.1368540310412645,distal allosteric,2328442,0.2559940372917938
2M20,L76P,P00533,0.398,0.07911325750127433,intermediate,2328442,0.2559940372917938
5FED,G719S+T790M,P00533,-0.56,0.1772858339144903,binding pocket,2328442,0.2559940372917938
5FED,L858R+T790M,P00533,-0.7,0.09812602600762071,intermediate,2328442,0.2559940372917938
1MOX,L76P,P00533,-1.343,0.1180250305848963,distal allosteric,2328442,0.2559940372917938
2M20,L76P,P00533,-1.839,0.09088886370356467,intermediate,2328442,0.2559940372917938
6D8E,L858R,P00533,-4.042,0.12639819893679197,intermediate,2328442,0.2559940372917938
6D8E,L858R,P00533,-2.66,0.004729098777560618,intermediate,2328442,0.2559940372917938
5CAN,L861Q,P00533,-0.896,-0.029193829460644763,distal allosteric,2328442,0.2559940372917938
5CAN,L861Q,P00533,-0.526,0.09596736047110135,distal allosteric,2328442,0.2559940372917938
5CAN,L861Q,P00533,-1.064,0.07079809731551828,distal allosteric,2328442,0.2559940372917938
6D8E,L861Q,P00533,-0.736,0.10674752544304902,intermediate,2328442,0.2559940372917938
6D8E,L861Q,P00533,-0.619,-0.02071169969220373,intermediate,2328442,0.2559940372917938
5CAN,L883F,P00533,-0.382,0.27975894431331577,distal allosteric,2328442,0.2559940372917938
5CAN,L883F,P00533,0.58,0.6175348691589692,distal allosteric,2328442,0.2559940372917938
5CAN,L883F,P00533,0.226,0.5783061136165086,distal allosteric,2328442,0.2559940372917938
5CAN,L883F,P00533,0.281,0.5343506286635118,distal allosteric,2328442,0.2559940372917938
3PFV,P1071L,P00533,0.324,0.09667171020192257,binding pocket,2328442,0.2559940372917938
3PFV,P1071L,P00533,-0.931,0.15393738396597256,binding pocket,2328442,0.2559940372917938
3PFV,P1071L,P00533,-0.113,0.07228804946734624,binding pocket,2328442,0.2559940372917938
3PFV,P1071L,P00533,0.13,0.1368540310412645,binding pocket,2328442,0.2559940372917938
3PFV,P1071L,P00533,-0.12,0.1180250305848963,binding pocket,2328442,0.2559940372917938
3PFV,P1071L,P00533,1.21,0.15393738396597256,binding pocket,2328442,0.2559940372917938
5CAN,P753S,P00533,-1.218,0.06737624692259464,distal allosteric,2328442,0.2559940372917938
5CAN,P753S,P00533,1.334,0.05075913018514128,distal allosteric,2328442,0.2559940372917938
5CAN,Q701R,P00533,-0.279,-0.18410846736150632,distal allosteric,2328442,0.2559940372917938
5CAN,Q701R,P00533,0.29,-0.19228993419207197,distal allosteric,2328442,0.2559940372917938
6D8E,Q701R,P00533,-0.347,-0.10580174874163725,distal allosteric,2328442,0.2559940372917938
5CAN,Q701R,P00533,-0.522,-0.2868435669085559,distal allosteric,2328442,0.2559940372917938
1MOX,R165Q,P00533,0.288,0.1368540310412645,intermediate,2328442,0.2559940372917938
1MOX,R451C,P00533,-0.719,0.09667171020192257,distal allosteric,2328442,0.2559940372917938
7SZ0,R451C,P00533,-1.196,0.10606260560063972,distal allosteric,2328442,0.2559940372917938
1MOX,R451C,P00533,-0.817,0.07228804946734624,distal allosteric,2328442,0.2559940372917938
1MOX,R451C,P00533,-0.695,0.1368540310412645,distal allosteric,2328442,0.2559940372917938
7SZ0,R451C,P00533,-1.115,0.031280744574525766,distal allosteric,2328442,0.2559940372917938
1MOX,R451C,P00533,0.991,0.15393738396597256,distal allosteric,2328442,0.2559940372917938
2M0B,R675Q,P00533,0.202,0.5356970664170735,intermediate,2328442,0.2559940372917938
2M0B,R675Q,P00533,0.704,0.6201743372608634,intermediate,2328442,0.2559940372917938
2M0B,R675Q,P00533,1.255,0.5962190004341742,intermediate,2328442,0.2559940372917938
2M0B,R675Q,P00533,0.318,0.5234853714460178,intermediate,2328442,0.2559940372917938
2M0B,R677C,P00533,-1.091,0.18245922637139173,distal allosteric,2328442,0.2559940372917938
5CAN,R832C,P00533,-1.389,0.10158117921866804,distal allosteric,2328442,0.2559940372917938
5CAN,R832C,P00533,-1.507,-0.011010706561453212,distal allosteric,2328442,0.2559940372917938
5CAN,R832C,P00533,-0.512,-0.10083987906224587,distal allosteric,2328442,0.2559940372917938
5CAN,S703F,P00533,-2.773,0.1368540310412645,distal allosteric,2328442,0.2559940372917938
5CAN,S768I,P00533,-2.066,0.07426396393074708,intermediate,2328442,0.2559940372917938
6D8E,S768I,P00533,-1.336,-0.2989800543083864,intermediate,2328442,0.2559940372917938
5CAN,S768I,P00533,-1.442,0.06409784069525844,intermediate,2328442,0.2559940372917938
5CAN,S768I,P00533,-2.007,0.030574615414966547,intermediate,2328442,0.2559940372917938
5CAN,S768I,P00533,-1.274,0.07791106131716682,intermediate,2328442,0.2559940372917938
5CAN,S768I,P00533,-3.63,0.05413816209137439,intermediate,2328442,0.2559940372917938
5CAN,S811F,P00533,0.765,-0.1013542072056067,distal allosteric,2328442,0.2559940372917938
5CAN,S811F,P00533,0.132,-0.2525794761636678,distal allosteric,2328442,0.2559940372917938
5CAN,S811F,P00533,0.163,0.0213224235650371,distal allosteric,2328442,0.2559940372917938
5CAN,S811F,P00533,-0.607,-0.23272912508977908,distal allosteric,2328442,0.2559940372917938
6TG1,T751I,P00533,0.033,0.1529269676164669,intermediate,2328442,0.2559940372917938
5CAN,T751I,P00533,0.148,0.07697704836563206,distal allosteric,2328442,0.2559940372917938
5CAN,T751I,P00533,-0.18,-0.0068654831332319016,distal allosteric,2328442,0.2559940372917938
5CAN,T751I,P00533,-0.629,-0.1059667872235398,distal allosteric,2328442,0.2559940372917938
5CAN,V1011M,P00533,-2.524,-0.4597525584837969,intermediate,2328442,0.2559940372917938
5CAN,V1011M,P00533,-0.24,-0.3592040974041995,intermediate,2328442,0.2559940372917938
5CAN,V1011M,P00533,-0.267,-0.44039303428635873,intermediate,2328442,0.2559940372917938
5CAN,V1011M,P00533,-1.794,-0.45064732752828035,intermediate,2328442,0.2559940372917938
1MOX,V292M,P00533,-0.108,0.09667171020192257,distal allosteric,2328442,0.2559940372917938
7SZ0,V592F,P00533,0.123,0.09750100935365565,distal allosteric,2328442,0.2559940372917938
7SZ0,V592F,P00533,1.952,0.09088886370356467,distal allosteric,2328442,0.2559940372917938
5CAN,V738D,P00533,-0.931,-0.015752501922495235,distal allosteric,2328442,0.2559940372917938
5CAN,V738D,P00533,-0.471,-0.17082752985857866,distal allosteric,2328442,0.2559940372917938
5CAN,V738D,P00533,-0.628,-0.2646526386685231,distal allosteric,2328442,0.2559940372917938
5CAN,V738D,P00533,-1.784,-0.21917163462849226,distal allosteric,2328442,0.2559940372917938
5CAN,V904I,P00533,-0.686,0.035316008992493146,distal allosteric,2328442,0.2559940372917938
5CAN,V904I,P00533,-0.631,-0.01888715812695378,distal allosteric,2328442,0.2559940372917938
5CAN,V904I,P00533,-0.007,-0.019598538959727577,distal allosteric,2328442,0.2559940372917938
5CAN,V904I,P00533,-0.208,-0.025675401666585145,distal allosteric,2328442,0.2559940372917938
5CAN,V904I,P00533,-0.86,-0.09362835516473825,distal allosteric,2328442,0.2559940372917938
5CAN,V904I,P00533,-0.362,0.01674869478537755,distal allosteric,2328442,0.2559940372917938
5CAN,G719S,P00533,0.48,0.287816511001657,binding pocket,2328442,0.2559940372917938
6D8E,L858R,P00533,-1.6,0.12639819893679197,intermediate,2328442,0.2559940372917938
2ITY,T790M,P00533,-1.21,0.02475514972385237,binding pocket,2328442,0.2559940372917938
1XKK,T790M+L858R,P00533,1.129,0.5493168286221265,binding pocket,2328442,0.2559940372917938
1XKK,T790M+L858R,P00533,0.063,0.5333009233755224,binding pocket,2328442,0.2559940372917938
1XKK,T790M+L858R,P00533,2.123,0.5097509202111293,binding pocket,2328442,0.2559940372917938
2ITY,G719S+T790M,P00533,0.48,0.17515856096104662,binding pocket,2328442,0.2559940372917938
1XKK,T790M+L858R,P00533,2.31,0.5097509202111293,binding pocket,2328442,0.2559940372917938
1XKK,T790M+L858R,P00533,1.177,0.5997903211975799,binding pocket,2328442,0.2559940372917938
1XKK,T790M+L858R,P00533,0.931,0.5860960415347534,binding pocket,2328442,0.2559940372917938
2J5E,E866D+H988P,P00533,0.327,0.13251749428887577,intermediate,2328442,0.2559940372917938
2J5E,E866D+H988P,P00533,0.441,-0.003921540042933305,intermediate,2328442,0.2559940372917938
2J5E,E866D+H988P,P00533,0.185,-0.055781821692691136,intermediate,2328442,0.2559940372917938
2J5E,E866D+H988P,P00533,-0.393,-0.030695538611534772,intermediate,2328442,0.2559940372917938
2J5E,E866D+H988P,P00533,-0.316,-0.03315397341001561,intermediate,2328442,0.2559940372917938
6D8E,T790M+L858R,P00533,-0.105,0.01579864199897821,binding pocket,2328442,0.2559940372917938
6D8E,T790M+L858R,P00533,-0.07,0.00036943497103364095,binding pocket,2328442,0.2559940372917938
1XKK,T790M+L858R,P00533,-2.597,0.5333009233755224,binding pocket,2328442,0.2559940372917938
1MOX,A289D,P00533,-0.356,0.03835568682531661,distal allosteric,2328442,0.2559940372917938
1MOX,A289D,P00533,0.668,-0.01664852978201473,distal allosteric,2328442,0.2559940372917938
7SZ0,A289V,P00533,0.598,0.049722551724489986,distal allosteric,2328442,0.2559940372917938
1MOX,A289V,P00533,0.528,0.06509834884085197,distal allosteric,2328442,0.2559940372917938
1MOX,A289V,P00533,0.287,0.09376101242400266,distal allosteric,2328442,0.2559940372917938
7SZ0,A289V,P00533,1.005,0.07911325750127433,distal allosteric,2328442,0.2559940372917938
1MOX,A289V,P00533,0.516,0.13310320508304763,distal allosteric,2328442,0.2559940372917938
5CAN,A702D,P00533,-1.549,-0.032669044510406614,distal allosteric,2328442,0.2559940372917938
5CAN,A702D,P00533,0.098,-0.10430471744256863,distal allosteric,2328442,0.2559940372917938
6D8E,A864V,P00533,-1.162,0.04089640637005076,distal allosteric,2328442,0.2559940372917938
6D8E,A864V,P00533,-1.228,0.004743282929939373,distal allosteric,2328442,0.2559940372917938
6D8E,A864V,P00533,-1.186,-0.03468706305390773,distal allosteric,2328442,0.2559940372917938
6D8E,A864V,P00533,-0.945,-0.05893867136888646,distal allosteric,2328442,0.2559940372917938
6D8E,A864V,P00533,-0.788,-0.019726405276095177,distal allosteric,2328442,0.2559940372917938
6D8E,A864V,P00533,-0.396,0.03415259968182619,distal allosteric,2328442,0.2559940372917938
6D8E,A864V,P00533,-1.02,0.1351465950996122,distal allosteric,2328442,0.2559940372917938
6D8E,A864V,P00533,-1.432,-0.0691321256897029,distal allosteric,2328442,0.2559940372917938
6D8E,A864V,P00533,-0.67,-0.042971060528912974,distal allosteric,2328442,0.2559940372917938
1MOX,C251Y,P00533,-0.693,0.09667171020192257,distal allosteric,2328442,0.2559940372917938
7SZ0,C523R,P00533,-0.599,0.09667171020192257,distal allosteric,2328442,0.2559940372917938
7SZ0,C523R,P00533,-0.637,0.15393738396597256,distal allosteric,2328442,0.2559940372917938
7SZ0,C523R,P00533,0.304,0.07228804946734624,distal allosteric,2328442,0.2559940372917938
7SZ0,C523R,P00533,0.093,0.1368540310412645,distal allosteric,2328442,0.2559940372917938
7SZ0,C523R,P00533,-0.466,0.1180250305848963,distal allosteric,2328442,0.2559940372917938
7SZ0,C523R,P00533,0.621,0.15393738396597256,distal allosteric,2328442,0.2559940372917938
5CAN,E711K,P00533,-0.282,0.24072501685163553,distal allosteric,2328442,0.2559940372917938
6TG1,E711K,P00533,0.102,0.29241586397149977,intermediate,2328442,0.2559940372917938
5CAN,E711K,P00533,0.011,0.21491276930272576,distal allosteric,2328442,0.2559940372917938
5CAN,E711K,P00533,0.301,0.24984703637571895,distal allosteric,2328442,0.2559940372917938
5CAN,E711K,P00533,1.056,0.1156731325423016,distal allosteric,2328442,0.2559940372917938
5CAN,F961L,P00533,0.414,0.07095379412524838,distal allosteric,2328442,0.2559940372917938
5CAN,F961L,P00533,-0.23,0.06038624670049722,distal allosteric,2328442,0.2559940372917938
5CAN,F961L,P00533,-0.145,-0.04820898156043362,distal allosteric,2328442,0.2559940372917938
2M0B,G659R,P00533,-0.828,0.09667171020192257,binding pocket,2328442,0.2559940372917938
5CAN,G719S,P00533,-0.311,0.32484578979497447,binding pocket,2328442,0.2559940372917938
6TG1,G719S,P00533,-2.08,0.07969557514490887,binding pocket,2328442,0.2559940372917938
6D8E,G719S,P00533,-1.345,0.3523375678754905,binding pocket,2328442,0.2559940372917938
5CAN,G719S,P00533,-1.534,0.287816511001657,binding pocket,2328442,0.2559940372917938
5CAN,G719S,P00533,-1.594,0.13991579416175098,binding pocket,2328442,0.2559940372917938
5CAN,G917R,P00533,-0.265,-0.019169951268417,distal allosteric,2328442,0.2559940372917938
5CAN,G917R,P00533,0.04,0.11062603901326655,distal allosteric,2328442,0.2559940372917938
5CAN,G917R,P00533,-0.148,0.05909806169481837,distal allosteric,2328442,0.2559940372917938
5CAN,G917R,P00533,-0.372,-0.1448119369552416,distal allosteric,2328442,0.2559940372917938
5CAN,H988P,P00533,-0.191,0.06969203479500376,distal allosteric,2328442,0.2559940372917938
2M0B,I646L,P00533,0.139,-0.07907747074611046,distal allosteric,2328442,0.2559940372917938
2M0B,I646L,P00533,0.342,0.02332718481386408,distal allosteric,2328442,0.2559940372917938
5LV6,I646L,P00533,-0.278,0.029850203407161366,distal allosteric,2328442,0.2559940372917938
2M0B,I646L,P00533,0.656,-0.4893080313977073,distal allosteric,7134262,0.20346097577084865
2M0B,I646L,P00533,0.677,-0.41010154697299006,distal allosteric,7134262,0.20346097577084865
7SZ0,K28N,P00533,-0.86,-0.7492645947138833,distal allosteric,7134262,0.20346097577084865
2N5S,L62R,P00533,0.651,0.03616057751459237,intermediate,7134262,0.20346097577084865
2N5S,L62R,P00533,0.883,0.12434713519320771,intermediate,7134262,0.20346097577084865
2N5S,L62R,P00533,1.078,0.014408275253632516,intermediate,7134262,0.20346097577084865
2N5S,L62R,P00533,1.369,-0.22394601366449804,intermediate,7134262,0.20346097577084865
1MOX,L76P,P00533,-0.985,-0.7492645947138833,distal allosteric,7134262,0.20346097577084865
1MOX,L76P,P00533,-0.97,-0.7445788403328727,distal allosteric,7134262,0.20346097577084865
2M20,L76P,P00533,-0.064,-0.7505200600155135,intermediate,7134262,0.20346097577084865
2M20,L76P,P00533,-0.699,-0.7243242165306034,intermediate,7134262,0.20346097577084865
1MOX,L76P,P00533,-0.228,-0.7465182563741417,distal allosteric,7134262,0.20346097577084865
2M20,L76P,P00533,0.398,-0.7771677918416612,intermediate,7134262,0.20346097577084865
5FED,G719S+T790M,P00533,-0.56,-0.861996990476461,binding pocket,7134262,0.20346097577084865
5FED,L858R+T790M,P00533,-0.7,-0.8360131464144762,intermediate,7134262,0.20346097577084865
2M20,L76P,P00533,-1.839,-0.6614409707171075,intermediate,7134262,0.20346097577084865
5CAN,L861Q,P00533,-0.896,-0.8092877906048122,distal allosteric,7134262,0.20346097577084865
5CAN,L861Q,P00533,-1.064,-0.5897563965566017,distal allosteric,7134262,0.20346097577084865
6D8E,L861Q,P00533,-0.736,-0.8880721758625962,intermediate,7134262,0.20346097577084865
6D8E,L861Q,P00533,-0.619,-0.9466543112292009,intermediate,7134262,0.20346097577084865
5CAN,L883F,P00533,-0.382,-0.9941560325938112,distal allosteric,7134262,0.20346097577084865
5CAN,L883F,P00533,0.58,-0.9212461706264053,distal allosteric,7134262,0.20346097577084865
5CAN,L883F,P00533,0.226,-1.0111755780340994,distal allosteric,7134262,0.20346097577084865
5CAN,L883F,P00533,0.281,-0.8314942153402987,distal allosteric,7134262,0.20346097577084865
5CAN,L883F,P00533,0.945,-1.1108927897793404,distal allosteric,7134262,0.20346097577084865
3PFV,P1071L,P00533,0.324,-0.7492645947138833,binding pocket,7134262,0.20346097577084865
3PFV,P1071L,P00533,-0.931,-0.7192877734969644,binding pocket,7134262,0.20346097577084865
3PFV,P1071L,P00533,-0.113,-0.7445788403328727,binding pocket,7134262,0.20346097577084865
3PFV,P1071L,P00533,0.13,-0.7465182563741417,binding pocket,7134262,0.20346097577084865
3PFV,P1071L,P00533,-0.12,-0.8692878912161378,binding pocket,7134262,0.20346097577084865
3PFV,P1071L,P00533,1.21,-0.7192877734969644,binding pocket,7134262,0.20346097577084865
5CAN,P753S,P00533,-1.218,-0.9504712407106862,distal allosteric,7134262,0.20346097577084865
5CAN,P753S,P00533,1.334,-0.9842604287091423,distal allosteric,7134262,0.20346097577084865
5CAN,Q701R,P00533,-0.279,-0.4239617798819261,distal allosteric,7134262,0.20346097577084865
6TG1,Q701R,P00533,-0.382,-0.7420642871313234,distal allosteric,7134262,0.20346097577084865
5CAN,Q701R,P00533,0.29,-0.5766475967747323,distal allosteric,7134262,0.20346097577084865
6D8E,Q701R,P00533,-0.347,-0.6116997822146205,distal allosteric,7134262,0.20346097577084865
5CAN,Q701R,P00533,0.084,-0.6184374855625279,distal allosteric,7134262,0.20346097577084865
5CAN,Q701R,P00533,-0.522,-0.6489678790285526,distal allosteric,7134262,0.20346097577084865
1MOX,R165Q,P00533,0.288,-0.7465182563741417,intermediate,7134262,0.20346097577084865
1MOX,R451C,P00533,-0.719,-0.7492645947138833,distal allosteric,7134262,0.20346097577084865
7SZ0,R451C,P00533,-1.196,-0.9166079382808769,distal allosteric,7134262,0.20346097577084865
1MOX,R451C,P00533,-0.695,-0.7465182563741417,distal allosteric,7134262,0.20346097577084865
7SZ0,R451C,P00533,-1.115,-0.8392118820495464,distal allosteric,7134262,0.20346097577084865
1MOX,R451C,P00533,0.991,-0.7192877734969644,distal allosteric,7134262,0.20346097577084865
2M0B,R675Q,P00533,0.202,-0.9046197051222928,intermediate,7134262,0.20346097577084865
2M0B,R675Q,P00533,0.948,-0.8795471763744511,intermediate,7134262,0.20346097577084865
2M0B,R675Q,P00533,0.704,-0.8552870758219676,intermediate,7134262,0.20346097577084865
2M0B,R675Q,P00533,1.255,-0.817236717405455,intermediate,7134262,0.20346097577084865
2M0B,R675Q,P00533,0.318,-1.043487559577998,intermediate,7134262,0.20346097577084865
2M0B,R677C,P00533,-1.091,-1.0506580202579499,distal allosteric,7134262,0.20346097577084865
5CAN,R832C,P00533,-1.389,-1.0208280321114203,distal allosteric,7134262,0.20346097577084865
5CAN,R832C,P00533,-0.512,-1.2170607360093033,distal allosteric,7134262,0.20346097577084865
5CAN,S703F,P00533,-2.773,-0.7465182563741417,distal allosteric,7134262,0.20346097577084865
5CAN,S768I,P00533,-2.066,-0.9662350349470096,intermediate,7134262,0.20346097577084865
6D8E,S768I,P00533,-1.336,-1.095704365533941,intermediate,7134262,0.20346097577084865
5CAN,S768I,P00533,-2.007,-0.9761280258692362,intermediate,7134262,0.20346097577084865
5CAN,S768I,P00533,-1.274,-0.9309980444294564,intermediate,7134262,0.20346097577084865
5CAN,S811F,P00533,0.566,-0.8553777015068951,distal allosteric,7134262,0.20346097577084865
5CAN,S811F,P00533,0.765,-0.7994874004835592,distal allosteric,7134262,0.20346097577084865
5CAN,S811F,P00533,0.132,-0.917343973577899,distal allosteric,7134262,0.20346097577084865
5CAN,S811F,P00533,0.163,-0.8715466090107665,distal allosteric,7134262,0.20346097577084865
5CAN,S811F,P00533,-0.607,-1.0403708614093414,distal allosteric,7134262,0.20346097577084865
6TG1,T751I,P00533,0.033,-0.5231771951335318,intermediate,7134262,0.20346097577084865
5CAN,T751I,P00533,-0.088,-0.4477339847245637,distal allosteric,7134262,0.20346097577084865
5CAN,T751I,P00533,-0.18,-0.470539932041922,distal allosteric,7134262,0.20346097577084865
5CAN,T751I,P00533,-0.629,-0.6268204725744093,distal allosteric,7134262,0.20346097577084865
5CAN,V1011M,P00533,-2.524,-0.7673620667212149,intermediate,7134262,0.20346097577084865
5CAN,V1011M,P00533,-0.24,-0.9153451867086045,intermediate,7134262,0.20346097577084865
5CAN,V1011M,P00533,-0.267,-0.7484726886223344,intermediate,7134262,0.20346097577084865
5CAN,V1011M,P00533,-0.597,-0.8627566257614423,intermediate,7134262,0.20346097577084865
5CAN,V1011M,P00533,-1.178,-0.7948728920466759,intermediate,7134262,0.20346097577084865
5CAN,V1011M,P00533,-1.794,-0.9854478939175605,intermediate,7134262,0.20346097577084865
1MOX,V292M,P00533,-0.108,-0.7492645947138833,distal allosteric,7134262,0.20346097577084865
7SZ0,V592F,P00533,-0.734,-0.7492645947138833,distal allosteric,7134262,0.20346097577084865
7SZ0,V592F,P00533,0.123,-0.7243242165306034,distal allosteric,7134262,0.20346097577084865
5CAN,V738D,P00533,-0.931,-0.6237940567065687,distal allosteric,7134262,0.20346097577084865
6D8E,V738D,P00533,-0.288,-0.6578063004060702,distal allosteric,7134262,0.20346097577084865
5CAN,V738D,P00533,-0.628,-0.5356884570367195,distal allosteric,7134262,0.20346097577084865
5CAN,V738D,P00533,-1.784,-0.6449490747372894,distal allosteric,7134262,0.20346097577084865
5CAN,V904I,P00533,-0.686,-0.7659055768251418,distal allosteric,7134262,0.20346097577084865
5CAN,V904I,P00533,-0.631,-0.7239561271702541,distal allosteric,7134262,0.20346097577084865
5CAN,V904I,P00533,-0.007,-0.7578777392681907,distal allosteric,7134262,0.20346097577084865
5CAN,V904I,P00533,-0.208,-0.8540540377129526,distal allosteric,7134262,0.20346097577084865
5CAN,V904I,P00533,-0.86,-0.7232903573949109,distal allosteric,7134262,0.20346097577084865
5CAN,V904I,P00533,-0.362,-0.698672775739256,distal allosteric,7134262,0.20346097577084865
1XKK,T790M+L858R,P00533,1.259,-0.8238950615652343,binding pocket,7134262,0.20346097577084865
5CAN,G719S,P00533,0.48,-0.7401684603831347,binding pocket,7134262,0.20346097577084865
6D8E,L858R,P00533,-1.6,-2.2388970003969533,intermediate,7134262,0.20346097577084865
2ITY,T790M,P00533,-1.21,-0.9983573558260412,binding pocket,7134262,0.20346097577084865
1XKK,E866D,P00533,0.355,-0.7301780561874894,distal allosteric,7134262,0.20346097577084865
1XKK,T790M+L858R,P00533,1.129,-0.8604810588074957,binding pocket,7134262,0.20346097577084865
1XKK,T790M+L858R,P00533,0.063,-0.813568123409415,binding pocket,7134262,0.20346097577084865
1XKK,T790M+L858R,P00533,2.123,-0.8557408773189081,binding pocket,7134262,0.20346097577084865
2ITY,G719S+T790M,P00533,0.48,-0.7244494226883877,binding pocket,7134262,0.20346097577084865
1XKK,T790M+L858R,P00533,2.31,-0.8557408773189081,binding pocket,7134262,0.20346097577084865
1XKK,T790M+L858R,P00533,1.177,-0.8068508819306598,binding pocket,7134262,0.20346097577084865
1XKK,T790M+L858R,P00533,0.931,-0.7548232864272945,binding pocket,7134262,0.20346097577084865
2J5E,E866D+H988P,P00533,0.327,-0.607673159538823,intermediate,7134262,0.20346097577084865
2J5E,E866D+H988P,P00533,0.441,-0.6231287423205726,intermediate,7134262,0.20346097577084865
2J5E,E866D+H988P,P00533,0.185,-0.6113051050191416,intermediate,7134262,0.20346097577084865
2J5E,E866D+H988P,P00533,-0.393,-0.6738153091764817,intermediate,7134262,0.20346097577084865
2J5E,E866D+H988P,P00533,-0.316,-0.7821375851587337,intermediate,7134262,0.20346097577084865
2J5E,T790M+L858R,P00533,0.397,-0.9729051074026261,binding pocket,7134262,0.20346097577084865
6D8E,T790M+L858R,P00533,-0.105,-0.8553470881258082,binding pocket,7134262,0.20346097577084865
6D8E,T790M+L858R,P00533,-0.07,-0.8190352724001687,binding pocket,7134262,0.20346097577084865
6D8E,T790M+L858R,P00533,-2.794,-0.8427968395393999,binding pocket,7134262,0.20346097577084865
1XKK,T790M+L858R,P00533,-2.597,-0.813568123409415,binding pocket,7134262,0.20346097577084865
2ITY,G719S,P00533,0.48,-0.7084641261696815,binding pocket,7134262,0.20346097577084865
1MOX,A289D,P00533,-0.356,-0.8333217486423604,distal allosteric,7134262,0.20346097577084865
1MOX,A289D,P00533,0.668,-0.8840436001485761,distal allosteric,7134262,0.20346097577084865
7SZ0,A289V,P00533,0.598,-0.8125399064176222,distal allosteric,7134262,0.20346097577084865
1MOX,A289V,P00533,0.528,-0.3053767779855167,distal allosteric,7134262,0.20346097577084865
7SZ0,A289V,P00533,1.005,-0.7771677918416612,distal allosteric,7134262,0.20346097577084865
1MOX,A289V,P00533,0.516,-0.38628576686189453,distal allosteric,7134262,0.20346097577084865
5CAN,A702D,P00533,-1.549,-0.7850693483576178,distal allosteric,7134262,0.20346097577084865
5CAN,A702D,P00533,0.098,-0.9071191595442154,distal allosteric,7134262,0.20346097577084865
6D8E,A864V,P00533,-1.228,-0.8180517839007079,distal allosteric,7134262,0.20346097577084865
6D8E,A864V,P00533,-1.186,-0.9191916553864584,distal allosteric,7134262,0.20346097577084865
6D8E,A864V,P00533,-0.945,-1.0124508359537405,distal allosteric,7134262,0.20346097577084865
6D8E,A864V,P00533,-0.788,-0.9169292340506525,distal allosteric,7134262,0.20346097577084865
6D8E,A864V,P00533,-0.396,-0.8815235993125858,distal allosteric,7134262,0.20346097577084865
6D8E,A864V,P00533,-1.02,-0.8533917691900449,distal allosteric,7134262,0.20346097577084865
6D8E,A864V,P00533,-1.432,-0.9379435926798512,distal allosteric,7134262,0.20346097577084865
6D8E,A864V,P00533,-0.67,-0.9567112950183012,distal allosteric,7134262,0.20346097577084865
1MOX,C251Y,P00533,-0.693,-0.7492645947138833,distal allosteric,7134262,0.20346097577084865
1MOX,C311F,P00533,2.202,-0.7465182563741417,distal allosteric,7134262,0.20346097577084865
7SZ0,C523R,P00533,-0.599,-0.7492645947138833,distal allosteric,7134262,0.20346097577084865
7SZ0,C523R,P00533,-0.637,-0.7192877734969644,distal allosteric,7134262,0.20346097577084865
7SZ0,C523R,P00533,0.304,-0.7445788403328727,distal allosteric,7134262,0.20346097577084865
7SZ0,C523R,P00533,0.093,-0.7465182563741417,distal allosteric,7134262,0.20346097577084865
7SZ0,C523R,P00533,-0.466,-0.8692878912161378,distal allosteric,7134262,0.20346097577084865
7SZ0,C523R,P00533,0.621,-0.7192877734969644,distal allosteric,7134262,0.20346097577084865
5CAN,E711K,P00533,-0.282,-0.9456166517769589,distal allosteric,7134262,0.20346097577084865
6TG1,E711K,P00533,0.102,-0.6881380772669525,intermediate,7134262,0.20346097577084865
5CAN,E711K,P00533,0.011,-0.7501972035682376,distal allosteric,7134262,0.20346097577084865
5CAN,E711K,P00533,0.301,-0.761571577214581,distal allosteric,7134262,0.20346097577084865
5CAN,E711K,P00533,1.056,-0.8890394776744001,distal allosteric,7134262,0.20346097577084865
5CAN,F961L,P00533,0.414,-0.25017689235420787,distal allosteric,7134262,0.20346097577084865
5CAN,F961L,P00533,-0.23,-0.24816810472397244,distal allosteric,7134262,0.20346097577084865
2M0B,G659R,P00533,-0.828,-0.7492645947138833,binding pocket,7134262,0.20346097577084865
5CAN,G719S,P00533,-0.311,-0.7614359331768663,binding pocket,7134262,0.20346097577084865
6TG1,G719S,P00533,-2.08,-0.696524040511864,binding pocket,7134262,0.20346097577084865
6D8E,G719S,P00533,-1.345,-0.6485053570515968,binding pocket,7134262,0.20346097577084865
5CAN,G719S,P00533,-1.534,-0.7401684603831347,binding pocket,7134262,0.20346097577084865
5CAN,G719S,P00533,-1.594,-0.9070983010959975,binding pocket,7134262,0.20346097577084865
5CAN,G719S,P00533,0.896,-0.7705065334160428,binding pocket,7134262,0.20346097577084865
5CAN,G917R,P00533,-0.265,-0.8302963069036932,distal allosteric,7134262,0.20346097577084865
5CAN,G917R,P00533,0.04,-0.8805960076983799,distal allosteric,7134262,0.20346097577084865
5CAN,G917R,P00533,-0.148,-0.8409824174239354,distal allosteric,7134262,0.20346097577084865
5CAN,G917R,P00533,-0.372,-0.8651582709471969,distal allosteric,7134262,0.20346097577084865
2M0B,I646L,P00533,0.139,-0.5689723792005987,distal allosteric,7134262,0.20346097577084865
2M0B,I646L,P00533,0.342,-0.42471876281499865,distal allosteric,7134262,0.20346097577084865
2M0B,I646L,P00533,0.656,-0.7164745984550784,distal allosteric,2144956,0.013647525377086038
2M0B,I646L,P00533,0.677,-0.8616201434564941,distal allosteric,2144956,0.013647525377086038
7SZ0,K28N,P00533,-0.86,-0.5261997611925883,distal allosteric,2144956,0.013647525377086038
2N5S,L62R,P00533,0.651,-0.6099509714780486,intermediate,2144956,0.013647525377086038
2N5S,L62R,P00533,0.883,-0.6758322017438272,intermediate,2144956,0.013647525377086038
2N5S,L62R,P00533,0.476,-0.7019582753076273,intermediate,2144956,0.013647525377086038
2N5S,L62R,P00533,1.078,-0.6782327069359667,intermediate,2144956,0.013647525377086038
2N5S,L62R,P00533,1.369,-0.8474638245842037,intermediate,2144956,0.013647525377086038
1MOX,L76P,P00533,-0.985,-0.5261997611925883,distal allosteric,2144956,0.013647525377086038
1MOX,L76P,P00533,-0.97,-0.5574038699988056,distal allosteric,2144956,0.013647525377086038
2M20,L76P,P00533,-0.064,-0.5425395435988903,intermediate,2144956,0.013647525377086038
2M20,L76P,P00533,-0.699,-0.5479802067343365,intermediate,2144956,0.013647525377086038
1MOX,L76P,P00533,-0.228,-0.5202074953909306,distal allosteric,2144956,0.013647525377086038
2M20,L76P,P00533,0.398,-0.5811279558692785,intermediate,2144956,0.013647525377086038
5FED,G719S+T790M,P00533,-0.56,-0.8441805465536959,binding pocket,2144956,0.013647525377086038
5FED,L858R+T790M,P00533,-0.7,-1.4251569864127565,intermediate,2144956,0.013647525377086038
1MOX,L76P,P00533,-1.343,-0.5614219042643467,distal allosteric,2144956,0.013647525377086038
2M20,L76P,P00533,-1.839,-0.5931721117847106,intermediate,2144956,0.013647525377086038
6D8E,L858R,P00533,-4.042,-1.794953615202623,intermediate,2144956,0.013647525377086038
5CAN,L861Q,P00533,-0.526,-0.7323961556676556,distal allosteric,2144956,0.013647525377086038
5CAN,L861Q,P00533,-1.064,-0.7617754829834927,distal allosteric,2144956,0.013647525377086038
6D8E,L861Q,P00533,-0.736,-0.5322907757842366,intermediate,2144956,0.013647525377086038
6D8E,L861Q,P00533,-0.619,-0.6130969556329005,intermediate,2144956,0.013647525377086038
5CAN,L883F,P00533,-0.382,-0.6522514102055746,distal allosteric,2144956,0.013647525377086038
5CAN,L883F,P00533,0.58,-0.6673716030199738,distal allosteric,2144956,0.013647525377086038
5CAN,L883F,P00533,0.226,-0.74371250835587,distal allosteric,2144956,0.013647525377086038
5CAN,L883F,P00533,0.281,-0.6538788429358426,distal allosteric,2144956,0.013647525377086038
5CAN,L883F,P00533,0.945,-1.1382654306704505,distal allosteric,2144956,0.013647525377086038
3PFV,P1071L,P00533,0.324,-0.5261997611925883,binding pocket,2144956,0.013647525377086038
3PFV,P1071L,P00533,-0.931,-0.4378810554146767,binding pocket,2144956,0.013647525377086038
3PFV,P1071L,P00533,-0.113,-0.5574038699988056,binding pocket,2144956,0.013647525377086038
3PFV,P1071L,P00533,0.13,-0.5202074953909306,binding pocket,2144956,0.013647525377086038
3PFV,P1071L,P00533,-0.12,-0.5614219042643467,binding pocket,2144956,0.013647525377086038
3PFV,P1071L,P00533,1.21,-0.4378810554146767,binding pocket,2144956,0.013647525377086038
5CAN,P753S,P00533,-1.218,-0.6359491192304036,distal allosteric,2144956,0.013647525377086038
5CAN,P753S,P00533,1.334,-0.8552744031013811,distal allosteric,2144956,0.013647525377086038
5CAN,Q701R,P00533,-0.279,-0.5564371947479598,distal allosteric,2144956,0.013647525377086038
6TG1,Q701R,P00533,-0.382,-0.5995787780300221,distal allosteric,2144956,0.013647525377086038
5CAN,Q701R,P00533,0.29,-0.5249813504907138,distal allosteric,2144956,0.013647525377086038
6D8E,Q701R,P00533,-0.347,-0.6174555823706529,distal allosteric,2144956,0.013647525377086038
5CAN,Q701R,P00533,0.084,-0.5658474506104694,distal allosteric,2144956,0.013647525377086038
5CAN,Q701R,P00533,-0.522,-0.7988489209571306,distal allosteric,2144956,0.013647525377086038
1MOX,R165Q,P00533,0.288,-0.5202074953909306,intermediate,2144956,0.013647525377086038
1MOX,R451C,P00533,-0.719,-0.5261997611925883,distal allosteric,2144956,0.013647525377086038
7SZ0,R451C,P00533,-1.196,-0.6572791132151204,distal allosteric,2144956,0.013647525377086038
1MOX,R451C,P00533,-0.817,-0.5574038699988056,distal allosteric,2144956,0.013647525377086038
1MOX,R451C,P00533,-0.695,-0.5202074953909306,distal allosteric,2144956,0.013647525377086038
7SZ0,R451C,P00533,-1.115,-0.8481375757666195,distal allosteric,2144956,0.013647525377086038
1MOX,R451C,P00533,0.991,-0.4378810554146767,distal allosteric,2144956,0.013647525377086038
2M0B,R675Q,P00533,0.202,-0.9029555720831541,intermediate,2144956,0.013647525377086038
2M0B,R675Q,P00533,0.948,-0.719371552157928,intermediate,2144956,0.013647525377086038
2M0B,R675Q,P00533,0.704,-0.7295792055322844,intermediate,2144956,0.013647525377086038
2M0B,R675Q,P00533,1.255,-0.6298029857913361,intermediate,2144956,0.013647525377086038
2M0B,R675Q,P00533,0.318,-0.8595278066589552,intermediate,2144956,0.013647525377086038
2M0B,R677C,P00533,-1.091,-0.866362384647131,distal allosteric,2144956,0.013647525377086038
5CAN,R832C,P00533,-1.389,-0.6437775576658109,distal allosteric,2144956,0.013647525377086038
5CAN,R832C,P00533,-1.507,-0.633154346624718,distal allosteric,2144956,0.013647525377086038
5CAN,R832C,P00533,-0.512,-0.766897464790765,distal allosteric,2144956,0.013647525377086038
5CAN,S703F,P00533,-2.773,-0.5202074953909306,distal allosteric,2144956,0.013647525377086038
5CAN,S768I,P00533,-2.066,-0.8449601542704246,intermediate,2144956,0.013647525377086038
6D8E,S768I,P00533,-1.336,-0.6920598963008208,intermediate,2144956,0.013647525377086038
5CAN,S768I,P00533,-1.442,-0.6481808610979248,intermediate,2144956,0.013647525377086038
5CAN,S768I,P00533,-2.007,-0.6291738492881551,intermediate,2144956,0.013647525377086038
5CAN,S768I,P00533,-1.274,-0.5758857835693395,intermediate,2144956,0.013647525377086038
5CAN,S768I,P00533,-3.63,-1.0019899202024234,intermediate,2144956,0.013647525377086038
5CAN,S811F,P00533,0.765,-0.32191899521889933,distal allosteric,2144956,0.013647525377086038
5CAN,S811F,P00533,0.132,-0.3851721699465724,distal allosteric,2144956,0.013647525377086038
5CAN,S811F,P00533,0.163,-0.3495413923313951,distal allosteric,2144956,0.013647525377086038
5CAN,S811F,P00533,-0.607,-0.7912177360951901,distal allosteric,2144956,0.013647525377086038
6TG1,T751I,P00533,0.033,-0.5449134772814372,intermediate,2144956,0.013647525377086038
5CAN,T751I,P00533,0.148,-0.5140688907635562,distal allosteric,2144956,0.013647525377086038
5CAN,T751I,P00533,-0.088,-0.5805955002775745,distal allosteric,2144956,0.013647525377086038
5CAN,T751I,P00533,-0.629,-0.7949924366719583,distal allosteric,2144956,0.013647525377086038
5CAN,V1011M,P00533,-2.524,-0.8844537632710794,intermediate,2144956,0.013647525377086038
5CAN,V1011M,P00533,-0.24,-0.7315916689283708,intermediate,2144956,0.013647525377086038
5CAN,V1011M,P00533,-0.267,-0.8912692287669463,intermediate,2144956,0.013647525377086038
5CAN,V1011M,P00533,-0.597,-0.8468043039285523,intermediate,2144956,0.013647525377086038
5CAN,V1011M,P00533,-1.794,-1.1773053195279308,intermediate,2144956,0.013647525377086038
1MOX,V292M,P00533,-0.108,-0.5261997611925883,distal allosteric,2144956,0.013647525377086038
7SZ0,V592F,P00533,-0.734,-0.5261997611925883,distal allosteric,2144956,0.013647525377086038
7SZ0,V592F,P00533,0.123,-0.5479802067343365,distal allosteric,2144956,0.013647525377086038
7SZ0,V592F,P00533,1.952,-0.5931721117847106,distal allosteric,2144956,0.013647525377086038
5CAN,V738D,P00533,-0.931,-0.6916729686130934,distal allosteric,2144956,0.013647525377086038
6D8E,V738D,P00533,-0.288,-0.7417815499459394,distal allosteric,2144956,0.013647525377086038
5CAN,V738D,P00533,-0.471,-0.8754534737432704,distal allosteric,2144956,0.013647525377086038
5CAN,V738D,P00533,-0.628,-0.6481848088099676,distal allosteric,2144956,0.013647525377086038
5CAN,V738D,P00533,-1.784,-1.2516503181369865,distal allosteric,2144956,0.013647525377086038
5CAN,V904I,P00533,-0.686,-0.8230953995199765,distal allosteric,2144956,0.013647525377086038
5CAN,V904I,P00533,-0.631,-0.7513857936000123,distal allosteric,2144956,0.013647525377086038
5CAN,V904I,P00533,-0.007,-0.8518754010095316,distal allosteric,2144956,0.013647525377086038
5CAN,V904I,P00533,-0.362,-0.8987078318981564,distal allosteric,2144956,0.013647525377086038
1XKK,T790M+L858R,P00533,1.259,-1.6168365433216092,binding pocket,2144956,0.013647525377086038
5CAN,G719S,P00533,0.48,-0.9111039619515924,binding pocket,2144956,0.013647525377086038
6D8E,L858R,P00533,-1.6,-1.794953615202623,intermediate,2144956,0.013647525377086038
2ITY,T790M,P00533,-1.21,-0.8259785075240276,binding pocket,2144956,0.013647525377086038
1XKK,E866D,P00533,0.355,-0.5321734522585483,distal allosteric,2144956,0.013647525377086038
1XKK,T790M+L858R,P00533,1.129,-2.1268356589990507,binding pocket,2144956,0.013647525377086038
1XKK,T790M+L858R,P00533,0.063,-2.3458766628994665,binding pocket,2144956,0.013647525377086038
1XKK,T790M+L858R,P00533,2.123,-1.7788554051623624,binding pocket,2144956,0.013647525377086038
2ITY,G719S+T790M,P00533,0.48,-0.8270019904936061,binding pocket,2144956,0.013647525377086038
1XKK,T790M+L858R,P00533,2.31,-1.7788554051623624,binding pocket,2144956,0.013647525377086038
1XKK,T790M+L858R,P00533,1.177,-1.9974663475261016,binding pocket,2144956,0.013647525377086038
1XKK,T790M+L858R,P00533,0.931,-1.8574838803375466,binding pocket,2144956,0.013647525377086038
2J5E,E866D+H988P,P00533,0.327,-0.7007511734092499,intermediate,2144956,0.013647525377086038
2J5E,E866D+H988P,P00533,0.441,-0.9678355063866166,intermediate,2144956,0.013647525377086038
2J5E,E866D+H988P,P00533,0.185,-0.8432316528804162,intermediate,2144956,0.013647525377086038
2J5E,E866D+H988P,P00533,-0.393,-0.821235972583294,intermediate,2144956,0.013647525377086038
2J5E,E866D+H988P,P00533,-0.316,-1.1801709285834254,intermediate,2144956,0.013647525377086038
2J5E,T790M+L858R,P00533,0.397,-1.1887130842797238,binding pocket,2144956,0.013647525377086038
6D8E,T790M+L858R,P00533,-0.105,-1.277743110669448,binding pocket,2144956,0.013647525377086038
6D8E,T790M+L858R,P00533,-0.07,-1.417721843692748,binding pocket,2144956,0.013647525377086038
6D8E,T790M+L858R,P00533,-2.794,-1.309176545881173,binding pocket,2144956,0.013647525377086038
1MOX,A289D,P00533,-0.356,-0.5684211408301421,distal allosteric,2144956,0.013647525377086038
1MOX,A289D,P00533,0.668,-0.7988562021465863,distal allosteric,2144956,0.013647525377086038
7SZ0,A289V,P00533,0.598,-0.5349040159250007,distal allosteric,2144956,0.013647525377086038
1MOX,A289V,P00533,0.287,-0.315546896846198,distal allosteric,2144956,0.013647525377086038
7SZ0,A289V,P00533,1.005,-0.5811279558692785,distal allosteric,2144956,0.013647525377086038
1MOX,A289V,P00533,0.516,-0.5332266841638176,distal allosteric,2144956,0.013647525377086038
5CAN,A702D,P00533,-1.549,-0.8485948591499645,distal allosteric,2144956,0.013647525377086038
5CAN,A702D,P00533,0.098,-1.1028999730786855,distal allosteric,2144956,0.013647525377086038
6D8E,A864V,P00533,-1.162,-0.6697552117196953,distal allosteric,2144956,0.013647525377086038
6D8E,A864V,P00533,-1.228,-0.5402374925701058,distal allosteric,2144956,0.013647525377086038
6D8E,A864V,P00533,-1.186,-0.7353394205359852,distal allosteric,2144956,0.013647525377086038
6D8E,A864V,P00533,-0.945,-0.715735922036802,distal allosteric,2144956,0.013647525377086038
6D8E,A864V,P00533,-0.788,-0.6551792168722433,distal allosteric,2144956,0.013647525377086038
6D8E,A864V,P00533,-1.02,-0.6105886190369287,distal allosteric,2144956,0.013647525377086038
6D8E,A864V,P00533,-1.432,-0.8542220091399024,distal allosteric,2144956,0.013647525377086038
6D8E,A864V,P00533,-0.67,-0.9168013578232597,distal allosteric,2144956,0.013647525377086038
1MOX,C251Y,P00533,-0.693,-0.5261997611925883,distal allosteric,2144956,0.013647525377086038
1MOX,C311F,P00533,2.202,-0.5202074953909306,distal allosteric,2144956,0.013647525377086038
7SZ0,C523R,P00533,-0.599,-0.5261997611925883,distal allosteric,2144956,0.013647525377086038
7SZ0,C523R,P00533,-0.637,-0.4378810554146767,distal allosteric,2144956,0.013647525377086038
7SZ0,C523R,P00533,0.304,-0.5574038699988056,distal allosteric,2144956,0.013647525377086038
5CAN,E711K,P00533,0.011,-0.46297203942870396,distal allosteric,2144956,0.013647525377086038
5CAN,E711K,P00533,0.301,-0.4031043907195768,distal allosteric,2144956,0.013647525377086038
5CAN,E711K,P00533,1.056,-0.7529248418457368,distal allosteric,2144956,0.013647525377086038
5CAN,F961L,P00533,0.414,-0.8418816624599345,distal allosteric,2144956,0.013647525377086038
5CAN,F961L,P00533,-0.23,-0.972960398330408,distal allosteric,2144956,0.013647525377086038
5CAN,F961L,P00533,-0.145,-1.2524866022011811,distal allosteric,2144956,0.013647525377086038
2M0B,G659R,P00533,-0.828,-0.5261997611925883,binding pocket,2144956,0.013647525377086038
5CAN,G719S,P00533,-0.311,-1.0052932525114977,binding pocket,2144956,0.013647525377086038
6D8E,G719S,P00533,-1.345,-0.7135770516641,binding pocket,2144956,0.013647525377086038
5CAN,G719S,P00533,-1.534,-0.9111039619515924,binding pocket,2144956,0.013647525377086038
5CAN,G719S,P00533,-1.594,-0.921103981121498,binding pocket,2144956,0.013647525377086038
5CAN,G719S,P00533,0.896,-1.0863826365435822,binding pocket,2144956,0.013647525377086038
5CAN,G917R,P00533,-0.265,-0.6943136333823204,distal allosteric,2144956,0.013647525377086038
5CAN,G917R,P00533,0.04,-0.7635831730885103,distal allosteric,2144956,0.013647525377086038
5CAN,G917R,P00533,-0.148,-0.8314021098981885,distal allosteric,2144956,0.013647525377086038
5CAN,G917R,P00533,-0.372,-0.6935348747578614,distal allosteric,2144956,0.013647525377086038
5CAN,H988P,P00533,-0.191,-0.7014363638898906,distal allosteric,2144956,0.013647525377086038
2M0B,I646L,P00533,0.139,-0.7412684439742828,distal allosteric,2144956,0.013647525377086038
2M0B,I646L,P00533,0.342,-0.6625251131960574,distal allosteric,2144956,0.013647525377086038
5LV6,I646L,P00533,-0.278,-0.6101294375907849,distal allosteric,2144956,0.013647525377086038
2M0B,I646L,P00533,0.656,0.22917868819547926,distal allosteric,1316056,0.21673957196168955
7SZ0,K28N,P00533,-0.86,-0.43957712297798957,distal allosteric,1316056,0.21673957196168955
2N5S,L62R,P00533,0.651,0.6459804618919598,intermediate,1316056,0.21673957196168955
2N5S,L62R,P00533,0.883,0.8363357154621798,intermediate,1316056,0.21673957196168955
2N5S,L62R,P00533,0.476,0.7916251485698363,intermediate,1316056,0.21673957196168955
2N5S,L62R,P00533,1.078,0.8066378914117813,intermediate,1316056,0.21673957196168955
1MOX,L76P,P00533,-0.985,-0.43957712297798957,distal allosteric,1316056,0.21673957196168955
1MOX,L76P,P00533,-0.97,-0.4272906034558135,distal allosteric,1316056,0.21673957196168955
2M20,L76P,P00533,-0.064,-0.3510072112881085,intermediate,1316056,0.21673957196168955
2M20,L76P,P00533,-0.699,-0.3852928626436521,intermediate,1316056,0.21673957196168955
1MOX,L76P,P00533,-0.228,-0.39870039690592707,distal allosteric,1316056,0.21673957196168955
5FED,L858R+T790M,P00533,-0.7,-0.18163953750865425,intermediate,1316056,0.21673957196168955
1MOX,L76P,P00533,-1.343,-0.46100690790265797,distal allosteric,1316056,0.21673957196168955
6D8E,L858R,P00533,-4.042,-0.31049586623556474,intermediate,1316056,0.21673957196168955
6D8E,L858R,P00533,-2.66,-0.31398744891320957,intermediate,1316056,0.21673957196168955
5CAN,L861Q,P00533,-0.896,-0.8620290542490342,distal allosteric,1316056,0.21673957196168955
5CAN,L861Q,P00533,-0.526,-0.5791869618686682,distal allosteric,1316056,0.21673957196168955
6D8E,L861Q,P00533,-0.619,-0.5937819617776309,intermediate,1316056,0.21673957196168955
5CAN,L883F,P00533,-0.382,-0.40262620402258986,distal allosteric,1316056,0.21673957196168955
5CAN,L883F,P00533,0.58,-0.1969125137092436,distal allosteric,1316056,0.21673957196168955
5CAN,L883F,P00533,0.226,-0.24207158194175538,distal allosteric,1316056,0.21673957196168955
5CAN,L883F,P00533,0.281,-0.17250276761545855,distal allosteric,1316056,0.21673957196168955
5CAN,L883F,P00533,0.945,-0.4823796132171855,distal allosteric,1316056,0.21673957196168955
3PFV,P1071L,P00533,0.324,-0.43957712297798957,binding pocket,1316056,0.21673957196168955
3PFV,P1071L,P00533,-0.931,-0.19589636561712798,binding pocket,1316056,0.21673957196168955
3PFV,P1071L,P00533,0.13,-0.39870039690592707,binding pocket,1316056,0.21673957196168955
3PFV,P1071L,P00533,-0.12,-0.46100690790265797,binding pocket,1316056,0.21673957196168955
3PFV,P1071L,P00533,1.21,-0.19589636561712798,binding pocket,1316056,0.21673957196168955
5CAN,P753S,P00533,-1.218,-0.2700280588698738,distal allosteric,1316056,0.21673957196168955
5CAN,P753S,P00533,1.334,-0.38729752960634034,distal allosteric,1316056,0.21673957196168955
5CAN,Q701R,P00533,-0.279,-0.18798427671939133,distal allosteric,1316056,0.21673957196168955
6TG1,Q701R,P00533,-0.382,-0.14969044134108458,distal allosteric,1316056,0.21673957196168955
6D8E,Q701R,P00533,-0.347,-0.023217224453301974,distal allosteric,1316056,0.21673957196168955
5CAN,Q701R,P00533,0.084,-0.17275242013615721,distal allosteric,1316056,0.21673957196168955
5CAN,Q701R,P00533,-0.522,-0.14953484390895155,distal allosteric,1316056,0.21673957196168955
1MOX,R165Q,P00533,0.288,-0.39870039690592707,intermediate,1316056,0.21673957196168955
1MOX,R451C,P00533,-0.719,-0.43957712297798957,distal allosteric,1316056,0.21673957196168955
7SZ0,R451C,P00533,-1.196,-0.34231115471440204,distal allosteric,1316056,0.21673957196168955
1MOX,R451C,P00533,-0.817,-0.4272906034558135,distal allosteric,1316056,0.21673957196168955
1MOX,R451C,P00533,-0.695,-0.39870039690592707,distal allosteric,1316056,0.21673957196168955
7SZ0,R451C,P00533,-1.115,-0.4844217333411797,distal allosteric,1316056,0.21673957196168955
2M0B,R675Q,P00533,0.202,-0.4521866590801407,intermediate,1316056,0.21673957196168955
2M0B,R675Q,P00533,0.948,-0.4741944627867025,intermediate,1316056,0.21673957196168955
2M0B,R675Q,P00533,0.704,-0.4616682822463267,intermediate,1316056,0.21673957196168955
2M0B,R675Q,P00533,1.255,-0.44291898829292725,intermediate,1316056,0.21673957196168955
2M0B,R675Q,P00533,0.318,-0.41721061154794603,intermediate,1316056,0.21673957196168955
2M0B,R677C,P00533,-1.091,-0.41367738561682843,distal allosteric,1316056,0.21673957196168955
5CAN,R832C,P00533,-1.389,-0.5959290251714341,distal allosteric,1316056,0.21673957196168955
5CAN,R832C,P00533,-1.507,-0.6157769263807464,distal allosteric,1316056,0.21673957196168955
5CAN,R832C,P00533,-0.512,-0.8375015080115373,distal allosteric,1316056,0.21673957196168955
5CAN,S703F,P00533,-2.773,-0.39870039690592707,distal allosteric,1316056,0.21673957196168955
5CAN,S768I,P00533,-2.066,-0.3635122222637429,intermediate,1316056,0.21673957196168955
6D8E,S768I,P00533,-1.336,-0.6428996825183139,intermediate,1316056,0.21673957196168955
5CAN,S768I,P00533,-1.442,-0.35414548228418125,intermediate,1316056,0.21673957196168955
5CAN,S768I,P00533,-2.007,-0.4719855522055397,intermediate,1316056,0.21673957196168955
5CAN,S768I,P00533,-1.274,-0.30384167973258913,intermediate,1316056,0.21673957196168955
5CAN,S768I,P00533,-3.63,-0.4998713754696004,intermediate,1316056,0.21673957196168955
5CAN,S811F,P00533,0.566,-0.2226861087964738,distal allosteric,1316056,0.21673957196168955
5CAN,S811F,P00533,0.765,-0.32244045686502665,distal allosteric,1316056,0.21673957196168955
5CAN,S811F,P00533,0.132,-0.5706936347986407,distal allosteric,1316056,0.21673957196168955
5CAN,S811F,P00533,0.163,-0.4034507498110085,distal allosteric,1316056,0.21673957196168955
5CAN,S811F,P00533,-0.607,-0.5608448562516886,distal allosteric,1316056,0.21673957196168955
6TG1,T751I,P00533,0.033,-0.4777685137496275,intermediate,1316056,0.21673957196168955
5CAN,T751I,P00533,0.148,-0.38877325690493864,distal allosteric,1316056,0.21673957196168955
5CAN,T751I,P00533,-0.088,-0.5562707024602328,distal allosteric,1316056,0.21673957196168955
5CAN,T751I,P00533,-0.18,-0.2576828543291811,distal allosteric,1316056,0.21673957196168955
5CAN,T751I,P00533,-0.629,-0.587938657241709,distal allosteric,1316056,0.21673957196168955
5CAN,V1011M,P00533,-0.24,-1.2741367848620695,intermediate,1316056,0.21673957196168955
5CAN,V1011M,P00533,-0.267,-1.6270768253382515,intermediate,1316056,0.21673957196168955
5CAN,V1011M,P00533,-0.597,-1.6661674832736744,intermediate,1316056,0.21673957196168955
5CAN,V1011M,P00533,-1.794,-1.657945601042579,intermediate,1316056,0.21673957196168955
1MOX,V292M,P00533,-0.108,-0.43957712297798957,distal allosteric,1316056,0.21673957196168955
7SZ0,V592F,P00533,-0.734,-0.43957712297798957,distal allosteric,1316056,0.21673957196168955
7SZ0,V592F,P00533,0.123,-0.3852928626436521,distal allosteric,1316056,0.21673957196168955
7SZ0,V592F,P00533,1.952,-0.6122788205708458,distal allosteric,1316056,0.21673957196168955
5CAN,V738D,P00533,-0.931,-0.4078610302144114,distal allosteric,1316056,0.21673957196168955
6D8E,V738D,P00533,-0.288,-0.4533616502635619,distal allosteric,1316056,0.21673957196168955
5CAN,V738D,P00533,-0.471,-0.6442291224844315,distal allosteric,1316056,0.21673957196168955
5CAN,V738D,P00533,-0.628,-0.5402843547522583,distal allosteric,1316056,0.21673957196168955
5CAN,V738D,P00533,-1.784,-0.6228033246064887,distal allosteric,1316056,0.21673957196168955
5CAN,V904I,P00533,-0.686,-0.42233738981713265,distal allosteric,1316056,0.21673957196168955
5CAN,V904I,P00533,-0.631,-0.2453846862351193,distal allosteric,1316056,0.21673957196168955
5CAN,V904I,P00533,-0.007,-0.35019807140957837,distal allosteric,1316056,0.21673957196168955
5CAN,V904I,P00533,-0.208,-0.3802513771419797,distal allosteric,1316056,0.21673957196168955
5CAN,V904I,P00533,-0.86,-0.34210568808106817,distal allosteric,1316056,0.21673957196168955
5CAN,V904I,P00533,-0.362,-0.3551608509140856,distal allosteric,1316056,0.21673957196168955
1XKK,T790M+L858R,P00533,1.259,0.10973480837660678,binding pocket,1316056,0.21673957196168955
5CAN,G719S,P00533,0.48,-0.3706669955271132,binding pocket,1316056,0.21673957196168955
6D8E,L858R,P00533,-1.6,-0.31049586623556474,intermediate,1316056,0.21673957196168955
1XKK,E866D,P00533,0.355,-0.17457458699319292,distal allosteric,1316056,0.21673957196168955
1XKK,T790M+L858R,P00533,1.129,-0.022166006368749266,binding pocket,1316056,0.21673957196168955
1XKK,T790M+L858R,P00533,0.063,-0.0345444531265427,binding pocket,1316056,0.21673957196168955
2ITY,G719S+T790M,P00533,0.48,-0.55883395944974,binding pocket,1316056,0.21673957196168955
1XKK,T790M+L858R,P00533,2.31,-0.010016713995705629,binding pocket,1316056,0.21673957196168955
1XKK,T790M+L858R,P00533,1.177,-0.10234168461447253,binding pocket,1316056,0.21673957196168955
2J5E,E866D+H988P,P00533,0.327,-0.1935786511944059,intermediate,1316056,0.21673957196168955
2J5E,E866D+H988P,P00533,0.441,-0.27190146654712805,intermediate,1316056,0.21673957196168955
2J5E,E866D+H988P,P00533,0.185,-0.3610155262412394,intermediate,1316056,0.21673957196168955
2J5E,E866D+H988P,P00533,-0.393,-0.20360720814238575,intermediate,1316056,0.21673957196168955
2J5E,E866D+H988P,P00533,-0.316,-0.3035271693599575,intermediate,1316056,0.21673957196168955
2J5E,T790M+L858R,P00533,0.397,-0.013108502846430314,binding pocket,1316056,0.21673957196168955
6D8E,T790M+L858R,P00533,-0.105,-0.16310308357897926,binding pocket,1316056,0.21673957196168955
6D8E,T790M+L858R,P00533,-0.07,-0.15621045735040132,binding pocket,1316056,0.21673957196168955
6D8E,T790M+L858R,P00533,-2.794,-0.12524037330772947,binding pocket,1316056,0.21673957196168955
1XKK,T790M+L858R,P00533,-2.597,-0.0345444531265427,binding pocket,1316056,0.21673957196168955
2ITY,G719S,P00533,0.48,-0.2709859044979162,binding pocket,1316056,0.21673957196168955
1MOX,A289D,P00533,-0.356,-0.41221154480383676,distal allosteric,1316056,0.21673957196168955
1MOX,A289D,P00533,0.668,-0.3100106307938695,distal allosteric,1316056,0.21673957196168955
7SZ0,A289V,P00533,0.598,-0.2727390896545942,distal allosteric,1316056,0.21673957196168955
1MOX,A289V,P00533,0.287,-0.26856739018419207,distal allosteric,1316056,0.21673957196168955
7SZ0,A289V,P00533,1.005,-0.3823692590905463,distal allosteric,1316056,0.21673957196168955
1MOX,A289V,P00533,0.516,-0.29633331374736394,distal allosteric,1316056,0.21673957196168955
5CAN,A702D,P00533,-1.549,-0.3895603261590004,distal allosteric,1316056,0.21673957196168955
6D8E,A864V,P00533,-1.162,-0.1052888672281714,distal allosteric,1316056,0.21673957196168955
6D8E,A864V,P00533,-1.228,-0.07788041090789963,distal allosteric,1316056,0.21673957196168955
6D8E,A864V,P00533,-1.186,-0.11754699050591272,distal allosteric,1316056,0.21673957196168955
6D8E,A864V,P00533,-0.945,-0.07565021404536332,distal allosteric,1316056,0.21673957196168955
6D8E,A864V,P00533,-0.788,-0.057666332617402075,distal allosteric,1316056,0.21673957196168955
6D8E,A864V,P00533,-0.396,-0.040854077559183626,distal allosteric,1316056,0.21673957196168955
6D8E,A864V,P00533,-1.02,-0.048276453476508746,distal allosteric,1316056,0.21673957196168955
6D8E,A864V,P00533,-1.432,-0.052424820351250026,distal allosteric,1316056,0.21673957196168955
6D8E,A864V,P00533,-0.67,-0.15713855130356902,distal allosteric,1316056,0.21673957196168955
1MOX,C251Y,P00533,-0.693,-0.43957712297798957,distal allosteric,1316056,0.21673957196168955
1MOX,C311F,P00533,2.202,-0.39870039690592707,distal allosteric,1316056,0.21673957196168955
7SZ0,C523R,P00533,-0.599,-0.43957712297798957,distal allosteric,1316056,0.21673957196168955
7SZ0,C523R,P00533,-0.637,-0.19589636561712798,distal allosteric,1316056,0.21673957196168955
7SZ0,C523R,P00533,0.304,-0.4272906034558135,distal allosteric,1316056,0.21673957196168955
7SZ0,C523R,P00533,0.093,-0.39870039690592707,distal allosteric,1316056,0.21673957196168955
7SZ0,C523R,P00533,-0.466,-0.46100690790265797,distal allosteric,1316056,0.21673957196168955
7SZ0,C523R,P00533,0.621,-0.19589636561712798,distal allosteric,1316056,0.21673957196168955
5CAN,E711K,P00533,-0.282,-0.2457453055118813,distal allosteric,1316056,0.21673957196168955
6TG1,E711K,P00533,0.102,-0.1589715260289719,intermediate,1316056,0.21673957196168955
5CAN,E711K,P00533,0.011,-0.26315947566488207,distal allosteric,1316056,0.21673957196168955
5CAN,E711K,P00533,0.301,-0.14753721809759734,distal allosteric,1316056,0.21673957196168955
5CAN,E711K,P00533,1.056,-0.18926846815908657,distal allosteric,1316056,0.21673957196168955
5CAN,F961L,P00533,0.414,-0.3088639810575063,distal allosteric,1316056,0.21673957196168955
5CAN,F961L,P00533,-0.23,-0.4054698204433217,distal allosteric,1316056,0.21673957196168955
5CAN,F961L,P00533,-0.145,-0.36310610355130013,distal allosteric,1316056,0.21673957196168955
2M0B,G659R,P00533,-0.828,-0.43957712297798957,binding pocket,1316056,0.21673957196168955
5CAN,G719S,P00533,-0.311,-0.2624695717880831,binding pocket,1316056,0.21673957196168955
6TG1,G719S,P00533,-2.08,-0.3656024371249711,binding pocket,1316056,0.21673957196168955
6D8E,G719S,P00533,-1.345,-0.2516240799611106,binding pocket,1316056,0.21673957196168955
5CAN,G719S,P00533,-1.534,-0.3706669955271132,binding pocket,1316056,0.21673957196168955
5CAN,G719S,P00533,-1.594,-0.39353781861066817,binding pocket,1316056,0.21673957196168955
5CAN,G719S,P00533,0.896,-0.3276136700423325,binding pocket,1316056,0.21673957196168955
5CAN,G917R,P00533,-0.265,-0.20781689574700946,distal allosteric,1316056,0.21673957196168955
5CAN,G917R,P00533,0.04,-0.498661446322413,distal allosteric,1316056,0.21673957196168955
5CAN,G917R,P00533,-0.148,-0.4762449745448196,distal allosteric,1316056,0.21673957196168955
5CAN,G917R,P00533,-0.372,-0.2453457617724643,distal allosteric,1316056,0.21673957196168955
5CAN,H988P,P00533,-0.191,-0.25102605931493727,distal allosteric,1316056,0.21673957196168955
2M0B,I646L,P00533,0.139,0.1566595514657743,distal allosteric,1316056,0.21673957196168955
2M0B,I646L,P00533,0.342,0.2329300410905305,distal allosteric,1316056,0.21673957196168955
5LV6,I646L,P00533,-0.278,0.34192132238430134,distal allosteric,1316056,0.21673957196168955
2M0B,I646L,P00533,0.656,0.2765050598119988,distal allosteric,8547247,0.3355643613794756
7SZ0,K28N,P00533,-0.86,-0.33855017676993326,distal allosteric,8547247,0.3355643613794756
2N5S,L62R,P00533,0.651,0.0839309911272105,intermediate,8547247,0.3355643613794756
2N5S,L62R,P00533,0.476,0.20408692953516455,intermediate,8547247,0.3355643613794756
2N5S,L62R,P00533,1.078,0.17729355786828435,intermediate,8547247,0.3355643613794756
2N5S,L62R,P00533,1.369,0.03211595564817681,intermediate,8547247,0.3355643613794756
1MOX,L76P,P00533,-0.985,-0.33855017676993326,distal allosteric,8547247,0.3355643613794756
2M20,L76P,P00533,-0.064,-0.3282574883578893,intermediate,8547247,0.3355643613794756
2M20,L76P,P00533,-0.699,-0.36959472635256896,intermediate,8547247,0.3355643613794756
1MOX,L76P,P00533,-0.228,-0.36694848517985906,distal allosteric,8547247,0.3355643613794756
2M20,L76P,P00533,0.398,-0.34647110821942195,intermediate,8547247,0.3355643613794756
5FED,G719S+T790M,P00533,-0.56,-0.4549709685830509,binding pocket,8547247,0.3355643613794756
5FED,L858R+T790M,P00533,-0.7,-0.3284671130109688,intermediate,8547247,0.3355643613794756
1MOX,L76P,P00533,-1.343,-0.4596548421992099,distal allosteric,8547247,0.3355643613794756
2M20,L76P,P00533,-1.839,-0.38170744374328675,intermediate,8547247,0.3355643613794756
6D8E,L858R,P00533,-4.042,-0.3006552501333987,intermediate,8547247,0.3355643613794756
6D8E,L858R,P00533,-2.66,-0.45593522195693326,intermediate,8547247,0.3355643613794756
5CAN,L861Q,P00533,-0.896,-0.47327669449413523,distal allosteric,8547247,0.3355643613794756
5CAN,L861Q,P00533,-0.526,-0.46363675991226644,distal allosteric,8547247,0.3355643613794756
5CAN,L861Q,P00533,-1.064,-0.46229109017112674,distal allosteric,8547247,0.3355643613794756
6D8E,L861Q,P00533,-0.736,-0.25749352935635866,intermediate,8547247,0.3355643613794756
6D8E,L861Q,P00533,-0.619,-0.24844280249318657,intermediate,8547247,0.3355643613794756
5CAN,L883F,P00533,-0.382,-0.32080517476139697,distal allosteric,8547247,0.3355643613794756
5CAN,L883F,P00533,0.58,-0.347623310679022,distal allosteric,8547247,0.3355643613794756
5CAN,L883F,P00533,0.226,-0.3842190950532608,distal allosteric,8547247,0.3355643613794756
5CAN,L883F,P00533,0.281,-0.28573299640066485,distal allosteric,8547247,0.3355643613794756
5CAN,L883F,P00533,0.945,-0.48733227275136637,distal allosteric,8547247,0.3355643613794756
3PFV,P1071L,P00533,0.324,-0.33855017676993326,binding pocket,8547247,0.3355643613794756
3PFV,P1071L,P00533,-0.931,-0.2662476982947658,binding pocket,8547247,0.3355643613794756
3PFV,P1071L,P00533,-0.113,-0.38977349612248297,binding pocket,8547247,0.3355643613794756
3PFV,P1071L,P00533,0.13,-0.36694848517985906,binding pocket,8547247,0.3355643613794756
3PFV,P1071L,P00533,-0.12,-0.4596548421992099,binding pocket,8547247,0.3355643613794756
3PFV,P1071L,P00533,1.21,-0.2662476982947658,binding pocket,8547247,0.3355643613794756
5CAN,P753S,P00533,-1.218,-0.2445948069667553,distal allosteric,8547247,0.3355643613794756
5CAN,P753S,P00533,1.334,-0.32915644284381584,distal allosteric,8547247,0.3355643613794756
5CAN,Q701R,P00533,-0.279,-0.194775902964613,distal allosteric,8547247,0.3355643613794756
6TG1,Q701R,P00533,-0.382,-0.22561408429094315,distal allosteric,8547247,0.3355643613794756
5CAN,Q701R,P00533,0.29,-0.13337737039432807,distal allosteric,8547247,0.3355643613794756
6D8E,Q701R,P00533,-0.347,-0.19753500665527057,distal allosteric,8547247,0.3355643613794756
5CAN,Q701R,P00533,0.084,-0.20966361849352388,distal allosteric,8547247,0.3355643613794756
5CAN,Q701R,P00533,-0.522,-0.25343044274475646,distal allosteric,8547247,0.3355643613794756
1MOX,R165Q,P00533,0.288,-0.36694848517985906,intermediate,8547247,0.3355643613794756
1MOX,R451C,P00533,-0.719,-0.33855017676993326,distal allosteric,8547247,0.3355643613794756
7SZ0,R451C,P00533,-1.196,-0.2911102566017824,distal allosteric,8547247,0.3355643613794756
1MOX,R451C,P00533,-0.817,-0.38977349612248297,distal allosteric,8547247,0.3355643613794756
7SZ0,R451C,P00533,-1.115,-0.3460734583244604,distal allosteric,8547247,0.3355643613794756
2M0B,R675Q,P00533,0.948,-0.017560434607021946,intermediate,8547247,0.3355643613794756
2M0B,R675Q,P00533,0.704,0.0027599152589545557,intermediate,8547247,0.3355643613794756
2M0B,R675Q,P00533,1.255,-0.02779018202073434,intermediate,8547247,0.3355643613794756
2M0B,R675Q,P00533,0.318,-0.08317568977352452,intermediate,8547247,0.3355643613794756
5CAN,R832C,P00533,-1.389,-0.4410683594012962,distal allosteric,8547247,0.3355643613794756
5CAN,R832C,P00533,-1.507,-0.3801685308954295,distal allosteric,8547247,0.3355643613794756
5CAN,R832C,P00533,-0.512,-0.4869741962043678,distal allosteric,8547247,0.3355643613794756
5CAN,S703F,P00533,-2.773,-0.36694848517985906,distal allosteric,8547247,0.3355643613794756
5CAN,S768I,P00533,-2.066,-0.7583363297476488,intermediate,8547247,0.3355643613794756
6D8E,S768I,P00533,-1.336,-0.8689900818800225,intermediate,8547247,0.3355643613794756
5CAN,S768I,P00533,-1.442,-0.7390112081678475,intermediate,8547247,0.3355643613794756
5CAN,S768I,P00533,-2.007,-0.7511369422433131,intermediate,8547247,0.3355643613794756
5CAN,S768I,P00533,-3.63,-0.7374143441562705,intermediate,8547247,0.3355643613794756
5CAN,S811F,P00533,0.566,0.15104057922258096,distal allosteric,8547247,0.3355643613794756
5CAN,S811F,P00533,0.132,0.1631774550387088,distal allosteric,8547247,0.3355643613794756
5CAN,S811F,P00533,0.163,0.09062554860115052,distal allosteric,8547247,0.3355643613794756
5CAN,S811F,P00533,-0.607,0.014582333294784325,distal allosteric,8547247,0.3355643613794756
6TG1,T751I,P00533,0.033,-0.2678947124656509,intermediate,8547247,0.3355643613794756
5CAN,T751I,P00533,0.148,-0.4530506556660813,distal allosteric,8547247,0.3355643613794756
5CAN,T751I,P00533,-0.088,-0.48900806457067236,distal allosteric,8547247,0.3355643613794756
5CAN,T751I,P00533,-0.18,-0.33587258958027644,distal allosteric,8547247,0.3355643613794756
5CAN,T751I,P00533,-0.629,-0.6352459812946618,distal allosteric,8547247,0.3355643613794756
5CAN,V1011M,P00533,-2.524,-0.4615269273436245,intermediate,8547247,0.3355643613794756
5CAN,V1011M,P00533,-0.24,-0.41074100741831693,intermediate,8547247,0.3355643613794756
5CAN,V1011M,P00533,-0.267,-0.40634755759817714,intermediate,8547247,0.3355643613794756
5CAN,V1011M,P00533,-0.597,-0.49275598085803146,intermediate,8547247,0.3355643613794756
5CAN,V1011M,P00533,-1.178,-0.38593847279645066,intermediate,8547247,0.3355643613794756
5CAN,V1011M,P00533,-1.794,-0.40725084248754906,intermediate,8547247,0.3355643613794756
1MOX,V292M,P00533,-0.108,-0.33855017676993326,distal allosteric,8547247,0.3355643613794756
7SZ0,V592F,P00533,-0.734,-0.33855017676993326,distal allosteric,8547247,0.3355643613794756
7SZ0,V592F,P00533,1.952,-0.38170744374328675,distal allosteric,8547247,0.3355643613794756
5CAN,V738D,P00533,-0.931,-1.0458959906662213,distal allosteric,8547247,0.3355643613794756
6D8E,V738D,P00533,-0.288,-1.006483623892069,distal allosteric,8547247,0.3355643613794756
5CAN,V738D,P00533,-0.471,-1.2534850744009018,distal allosteric,8547247,0.3355643613794756
5CAN,V738D,P00533,-0.628,-1.0999293577390559,distal allosteric,8547247,0.3355643613794756
5CAN,V904I,P00533,-0.686,-0.5028736160436974,distal allosteric,8547247,0.3355643613794756
5CAN,V904I,P00533,-0.631,-0.396400303768761,distal allosteric,8547247,0.3355643613794756
5CAN,V904I,P00533,-0.007,-0.40902380099892616,distal allosteric,8547247,0.3355643613794756
5CAN,V904I,P00533,-0.86,-0.4449572897049434,distal allosteric,8547247,0.3355643613794756
5CAN,V904I,P00533,-0.362,-0.5157139667500468,distal allosteric,8547247,0.3355643613794756
1XKK,T790M+L858R,P00533,1.259,-0.19694794086892814,binding pocket,8547247,0.3355643613794756
5CAN,G719S,P00533,0.48,-0.5250411976155113,binding pocket,8547247,0.3355643613794756
6D8E,L858R,P00533,-1.6,-0.3006552501333987,intermediate,8547247,0.3355643613794756
2ITY,T790M,P00533,-1.21,-0.09122503814276527,binding pocket,8547247,0.3355643613794756
1XKK,T790M+L858R,P00533,1.129,-0.3454144233535318,binding pocket,8547247,0.3355643613794756
1XKK,T790M+L858R,P00533,0.063,-0.4115360528476098,binding pocket,8547247,0.3355643613794756
1XKK,T790M+L858R,P00533,2.123,-0.34430873385510025,binding pocket,8547247,0.3355643613794756
2ITY,G719S+T790M,P00533,0.48,-0.562808973629685,binding pocket,8547247,0.3355643613794756
1XKK,T790M+L858R,P00533,2.31,-0.34430873385510025,binding pocket,8547247,0.3355643613794756
1XKK,T790M+L858R,P00533,1.177,-0.3515252753351541,binding pocket,8547247,0.3355643613794756
1XKK,T790M+L858R,P00533,0.931,-0.34828505382643027,binding pocket,8547247,0.3355643613794756
2J5E,E866D+H988P,P00533,0.327,-0.2416642557130031,intermediate,8547247,0.3355643613794756
2J5E,E866D+H988P,P00533,0.441,-0.09615172338661025,intermediate,8547247,0.3355643613794756
2J5E,E866D+H988P,P00533,0.185,-0.0943588216979714,intermediate,8547247,0.3355643613794756
2J5E,E866D+H988P,P00533,-0.393,-0.12255321946121095,intermediate,8547247,0.3355643613794756
2J5E,E866D+H988P,P00533,-0.316,-0.014756076719831016,intermediate,8547247,0.3355643613794756
2J5E,T790M+L858R,P00533,0.397,-0.25881781158273054,binding pocket,8547247,0.3355643613794756
6D8E,T790M+L858R,P00533,-0.105,-0.21958077731531334,binding pocket,8547247,0.3355643613794756
6D8E,T790M+L858R,P00533,-0.07,-0.2917434255399686,binding pocket,8547247,0.3355643613794756
6D8E,T790M+L858R,P00533,-2.794,-0.3053075198658249,binding pocket,8547247,0.3355643613794756
1XKK,T790M+L858R,P00533,-2.597,-0.4115360528476098,binding pocket,8547247,0.3355643613794756
2ITY,G719S,P00533,0.48,-0.3939317462882575,binding pocket,8547247,0.3355643613794756
1MOX,A289D,P00533,-0.356,-0.361408693589818,distal allosteric,8547247,0.3355643613794756
1MOX,A289D,P00533,0.668,-0.4263908363685888,distal allosteric,8547247,0.3355643613794756
7SZ0,A289V,P00533,0.598,-0.30526848074092583,distal allosteric,8547247,0.3355643613794756
1MOX,A289V,P00533,0.528,-0.46334072752735195,distal allosteric,8547247,0.3355643613794756
1MOX,A289V,P00533,0.287,-0.4498935456030509,distal allosteric,8547247,0.3355643613794756
7SZ0,A289V,P00533,1.005,-0.34647110821942195,distal allosteric,8547247,0.3355643613794756
1MOX,A289V,P00533,0.516,-0.3601025783647509,distal allosteric,8547247,0.3355643613794756
5CAN,A702D,P00533,-1.549,-0.2809221397454248,distal allosteric,8547247,0.3355643613794756
5CAN,A702D,P00533,0.098,-0.5530726020195905,distal allosteric,8547247,0.3355643613794756
6D8E,A864V,P00533,-1.162,-0.5877628567709642,distal allosteric,8547247,0.3355643613794756
6D8E,A864V,P00533,-1.228,-0.5226303168324863,distal allosteric,8547247,0.3355643613794756
6D8E,A864V,P00533,-1.186,-0.6395375899777693,distal allosteric,8547247,0.3355643613794756
6D8E,A864V,P00533,-0.396,-0.5870527044622337,distal allosteric,8547247,0.3355643613794756
6D8E,A864V,P00533,-1.02,-0.4905388889093609,distal allosteric,8547247,0.3355643613794756
6D8E,A864V,P00533,-1.432,-0.646134202995721,distal allosteric,8547247,0.3355643613794756
1MOX,C251Y,P00533,-0.693,-0.33855017676993326,distal allosteric,8547247,0.3355643613794756
1MOX,C311F,P00533,2.202,-0.36694848517985906,distal allosteric,8547247,0.3355643613794756
7SZ0,C523R,P00533,-0.599,-0.33855017676993326,distal allosteric,8547247,0.3355643613794756
7SZ0,C523R,P00533,-0.637,-0.2662476982947658,distal allosteric,8547247,0.3355643613794756
7SZ0,C523R,P00533,0.304,-0.38977349612248297,distal allosteric,8547247,0.3355643613794756
7SZ0,C523R,P00533,0.093,-0.36694848517985906,distal allosteric,8547247,0.3355643613794756
7SZ0,C523R,P00533,-0.466,-0.4596548421992099,distal allosteric,8547247,0.3355643613794756
7SZ0,C523R,P00533,0.621,-0.2662476982947658,distal allosteric,8547247,0.3355643613794756
5CAN,E711K,P00533,-0.282,-0.2237242106593707,distal allosteric,8547247,0.3355643613794756
5CAN,E711K,P00533,0.011,-0.24597897459741902,distal allosteric,8547247,0.3355643613794756
5CAN,E711K,P00533,0.301,-0.12296627975222381,distal allosteric,8547247,0.3355643613794756
5CAN,E711K,P00533,1.056,-0.32519758363681683,distal allosteric,8547247,0.3355643613794756
5CAN,F961L,P00533,0.414,-0.24279843523868305,distal allosteric,8547247,0.3355643613794756
5CAN,F961L,P00533,-0.23,-0.30083514434712777,distal allosteric,8547247,0.3355643613794756
5CAN,F961L,P00533,-0.145,-0.5102922193513197,distal allosteric,8547247,0.3355643613794756
2M0B,G659R,P00533,-0.828,-0.33855017676993326,binding pocket,8547247,0.3355643613794756
5CAN,G719S,P00533,-0.311,-0.43481671264767646,binding pocket,8547247,0.3355643613794756
6TG1,G719S,P00533,-2.08,-0.24130454019577627,binding pocket,8547247,0.3355643613794756
6D8E,G719S,P00533,-1.345,-0.3414136509053847,binding pocket,8547247,0.3355643613794756
5CAN,G719S,P00533,-1.534,-0.5250411976155113,binding pocket,8547247,0.3355643613794756
5CAN,G719S,P00533,-1.594,-0.3153535128980875,binding pocket,8547247,0.3355643613794756
5CAN,G719S,P00533,0.896,-0.49178555895125164,binding pocket,8547247,0.3355643613794756
5CAN,G917R,P00533,-0.265,-0.06438284928570776,distal allosteric,8547247,0.3355643613794756
5CAN,G917R,P00533,0.04,-0.19914443443778573,distal allosteric,8547247,0.3355643613794756
5CAN,G917R,P00533,-0.148,-0.25532368600412325,distal allosteric,8547247,0.3355643613794756
5CAN,G917R,P00533,-0.372,-0.18541666319966316,distal allosteric,8547247,0.3355643613794756
5CAN,H988P,P00533,-0.191,-0.22639803689455285,distal allosteric,8547247,0.3355643613794756
2M0B,I646L,P00533,0.139,0.08417163764904527,distal allosteric,8547247,0.3355643613794756
2M0B,I646L,P00533,0.342,0.28782428820518885,distal allosteric,8547247,0.3355643613794756
5LV6,I646L,P00533,-0.278,0.33066994475266515,distal allosteric,8547247,0.3355643613794756
2M0B,I646L,P00533,0.656,-0.24856399062801812,distal allosteric,8764029,0.2680439761417439
2M0B,I646L,P00533,0.677,-0.6025999241848201,distal allosteric,8764029,0.2680439761417439
2N5S,L62R,P00533,0.883,0.315109833443866,intermediate,8764029,0.2680439761417439
2N5S,L62R,P00533,0.476,0.25888425136313714,intermediate,8764029,0.2680439761417439
2N5S,L62R,P00533,1.078,0.3599312357210061,intermediate,8764029,0.2680439761417439
2N5S,L62R,P00533,1.369,0.13980691685396082,intermediate,8764029,0.2680439761417439
1MOX,L76P,P00533,-0.97,-0.5119807708964629,distal allosteric,8764029,0.2680439761417439
2M20,L76P,P00533,-0.064,-0.5215051374956966,intermediate,8764029,0.2680439761417439
2M20,L76P,P00533,-0.699,-0.5207866012294065,intermediate,8764029,0.2680439761417439
2M20,L76P,P00533,0.398,-0.47387679444858805,intermediate,8764029,0.2680439761417439
5FED,G719S+T790M,P00533,-0.56,-0.019827104421222923,binding pocket,8764029,0.2680439761417439
5FED,L858R+T790M,P00533,-0.7,0.29356543130734386,intermediate,8764029,0.2680439761417439
1MOX,L76P,P00533,-1.343,-0.5472603654773797,distal allosteric,8764029,0.2680439761417439
2M20,L76P,P00533,-1.839,-0.4604709165674799,intermediate,8764029,0.2680439761417439
6D8E,L858R,P00533,-4.042,-0.6415717439353466,intermediate,8764029,0.2680439761417439
6D8E,L858R,P00533,-2.66,-0.6975694287524503,intermediate,8764029,0.2680439761417439
5CAN,L861Q,P00533,-0.896,-0.2658532618775087,distal allosteric,8764029,0.2680439761417439
5CAN,L861Q,P00533,-0.526,-0.3842715112339047,distal allosteric,8764029,0.2680439761417439
5CAN,L861Q,P00533,-1.064,-0.37697293672491516,distal allosteric,8764029,0.2680439761417439
6D8E,L861Q,P00533,-0.736,-0.2623414196605411,intermediate,8764029,0.2680439761417439
6D8E,L861Q,P00533,-0.619,-0.41683060158263235,intermediate,8764029,0.2680439761417439
5CAN,L883F,P00533,-0.382,-0.16502260188818638,distal allosteric,8764029,0.2680439761417439
5CAN,L883F,P00533,0.58,-0.14878428038593164,distal allosteric,8764029,0.2680439761417439
5CAN,L883F,P00533,0.226,-0.16328171123038318,distal allosteric,8764029,0.2680439761417439
5CAN,L883F,P00533,0.281,-0.15503915685667274,distal allosteric,8764029,0.2680439761417439
5CAN,L883F,P00533,0.945,-0.1938457417531925,distal allosteric,8764029,0.2680439761417439
3PFV,P1071L,P00533,0.324,-0.5543733909463181,binding pocket,8764029,0.2680439761417439
3PFV,P1071L,P00533,-0.931,-0.4628540702339481,binding pocket,8764029,0.2680439761417439
3PFV,P1071L,P00533,-0.113,-0.5119807708964629,binding pocket,8764029,0.2680439761417439
3PFV,P1071L,P00533,0.13,-0.4781203260930146,binding pocket,8764029,0.2680439761417439
3PFV,P1071L,P00533,-0.12,-0.5472603654773797,binding pocket,8764029,0.2680439761417439
3PFV,P1071L,P00533,1.21,-0.4628540702339481,binding pocket,8764029,0.2680439761417439
5CAN,P753S,P00533,-1.218,-0.19052636029089196,distal allosteric,8764029,0.2680439761417439
5CAN,P753S,P00533,1.334,-0.20490126321475732,distal allosteric,8764029,0.2680439761417439
5CAN,Q701R,P00533,-0.279,-0.13154546245494306,distal allosteric,8764029,0.2680439761417439
6TG1,Q701R,P00533,-0.382,-0.18763453587451398,distal allosteric,8764029,0.2680439761417439
5CAN,Q701R,P00533,0.29,-0.14153944832375545,distal allosteric,8764029,0.2680439761417439
6D8E,Q701R,P00533,-0.347,-0.3323372454283869,distal allosteric,8764029,0.2680439761417439
5CAN,Q701R,P00533,0.084,-0.15852193367393574,distal allosteric,8764029,0.2680439761417439
5CAN,Q701R,P00533,-0.522,-0.19433081432300456,distal allosteric,8764029,0.2680439761417439
1MOX,R165Q,P00533,0.288,-0.4781203260930146,intermediate,8764029,0.2680439761417439
1MOX,R451C,P00533,-0.719,-0.5543733909463181,distal allosteric,8764029,0.2680439761417439
7SZ0,R451C,P00533,-1.196,-0.3248663496088086,distal allosteric,8764029,0.2680439761417439
1MOX,R451C,P00533,-0.817,-0.5119807708964629,distal allosteric,8764029,0.2680439761417439
1MOX,R451C,P00533,-0.695,-0.4781203260930146,distal allosteric,8764029,0.2680439761417439
7SZ0,R451C,P00533,-1.115,-0.43466601696194096,distal allosteric,8764029,0.2680439761417439
1MOX,R451C,P00533,0.991,-0.4628540702339481,distal allosteric,8764029,0.2680439761417439
2M0B,R675Q,P00533,0.202,0.1739214484788039,intermediate,8764029,0.2680439761417439
2M0B,R675Q,P00533,0.948,0.4843645378771951,intermediate,8764029,0.2680439761417439
2M0B,R675Q,P00533,1.255,0.4128958217186087,intermediate,8764029,0.2680439761417439
2M0B,R675Q,P00533,0.318,0.3003431587359484,intermediate,8764029,0.2680439761417439
2M0B,R677C,P00533,-1.091,0.00048643917502724625,distal allosteric,8764029,0.2680439761417439
5CAN,R832C,P00533,-1.389,-0.5482043577643001,distal allosteric,8764029,0.2680439761417439
5CAN,R832C,P00533,-1.507,-0.44996374536086536,distal allosteric,8764029,0.2680439761417439
5CAN,R832C,P00533,-0.512,-0.3920731981405441,distal allosteric,8764029,0.2680439761417439
5CAN,S703F,P00533,-2.773,-0.4781203260930146,distal allosteric,8764029,0.2680439761417439
5CAN,S768I,P00533,-2.066,-0.29000492777565823,intermediate,8764029,0.2680439761417439
6D8E,S768I,P00533,-1.336,-0.46563567886895985,intermediate,8764029,0.2680439761417439
5CAN,S768I,P00533,-1.442,-0.2092297126769143,intermediate,8764029,0.2680439761417439
5CAN,S768I,P00533,-2.007,-0.21182632221785538,intermediate,8764029,0.2680439761417439
5CAN,S768I,P00533,-1.274,-0.28775522154043703,intermediate,8764029,0.2680439761417439
5CAN,S768I,P00533,-3.63,-0.25461239244569756,intermediate,8764029,0.2680439761417439
5CAN,S811F,P00533,0.765,0.12962053170975515,distal allosteric,8764029,0.2680439761417439
5CAN,S811F,P00533,0.132,0.0672155409382985,distal allosteric,8764029,0.2680439761417439
5CAN,S811F,P00533,0.163,0.15504118386436908,distal allosteric,8764029,0.2680439761417439
5CAN,S811F,P00533,-0.607,0.017597097601084143,distal allosteric,8764029,0.2680439761417439
6TG1,T751I,P00533,0.033,-0.3052364222661538,intermediate,8764029,0.2680439761417439
5CAN,T751I,P00533,0.148,-0.2549208980886375,distal allosteric,8764029,0.2680439761417439
5CAN,T751I,P00533,-0.088,-0.3374442563279916,distal allosteric,8764029,0.2680439761417439
5CAN,T751I,P00533,-0.18,-0.25269014497999764,distal allosteric,8764029,0.2680439761417439
5CAN,T751I,P00533,-0.629,-0.432156712228761,distal allosteric,8764029,0.2680439761417439
5CAN,V1011M,P00533,-2.524,-0.3785131471516455,intermediate,8764029,0.2680439761417439
5CAN,V1011M,P00533,-0.267,-0.2774790464911391,intermediate,8764029,0.2680439761417439
5CAN,V1011M,P00533,-0.597,-0.4522144571231569,intermediate,8764029,0.2680439761417439
5CAN,V1011M,P00533,-1.178,-0.35831083157483273,intermediate,8764029,0.2680439761417439
5CAN,V1011M,P00533,-1.794,-0.2889715401083231,intermediate,8764029,0.2680439761417439
1MOX,V292M,P00533,-0.108,-0.5543733909463181,distal allosteric,8764029,0.2680439761417439
7SZ0,V592F,P00533,-0.734,-0.5543733909463181,distal allosteric,8764029,0.2680439761417439
7SZ0,V592F,P00533,0.123,-0.5207866012294065,distal allosteric,8764029,0.2680439761417439
7SZ0,V592F,P00533,1.952,-0.4604709165674799,distal allosteric,8764029,0.2680439761417439
5CAN,V738D,P00533,-0.931,-0.36754370309001605,distal allosteric,8764029,0.2680439761417439
6D8E,V738D,P00533,-0.288,-0.3930737963231171,distal allosteric,8764029,0.2680439761417439
5CAN,V738D,P00533,-0.471,-0.46493748008547453,distal allosteric,8764029,0.2680439761417439
5CAN,V738D,P00533,-0.628,-0.40474512482938524,distal allosteric,8764029,0.2680439761417439
5CAN,V738D,P00533,-1.784,-0.4912786518015405,distal allosteric,8764029,0.2680439761417439
5CAN,V904I,P00533,-0.686,-0.562333288192749,distal allosteric,8764029,0.2680439761417439
5CAN,V904I,P00533,-0.631,-0.41219752739457527,distal allosteric,8764029,0.2680439761417439
5CAN,V904I,P00533,-0.007,-0.5497650549045818,distal allosteric,8764029,0.2680439761417439
5CAN,V904I,P00533,-0.208,-0.5792007698031032,distal allosteric,8764029,0.2680439761417439
5CAN,V904I,P00533,-0.86,-0.3760212670803509,distal allosteric,8764029,0.2680439761417439
5CAN,V904I,P00533,-0.362,-0.516319231542156,distal allosteric,8764029,0.2680439761417439
1XKK,T790M+L858R,P00533,1.259,0.6384593715387233,binding pocket,8764029,0.2680439761417439
5CAN,G719S,P00533,0.48,-0.27878476090510107,binding pocket,8764029,0.2680439761417439
2ITY,T790M,P00533,-1.21,-0.07061438276268102,binding pocket,8764029,0.2680439761417439
1XKK,E866D,P00533,0.355,-0.2684416153260014,distal allosteric,8764029,0.2680439761417439
1XKK,T790M+L858R,P00533,1.129,0.35399969045291924,binding pocket,8764029,0.2680439761417439
1XKK,T790M+L858R,P00533,0.063,0.4607770443225609,binding pocket,8764029,0.2680439761417439
1XKK,T790M+L858R,P00533,2.123,0.4996111233269468,binding pocket,8764029,0.2680439761417439
2ITY,G719S+T790M,P00533,0.48,-0.0669550332251717,binding pocket,8764029,0.2680439761417439
1XKK,T790M+L858R,P00533,2.31,0.4996111233269468,binding pocket,8764029,0.2680439761417439
2J5E,E866D+H988P,P00533,0.441,0.0964381022313062,intermediate,8764029,0.2680439761417439
2J5E,E866D+H988P,P00533,0.185,0.06889928408843629,intermediate,8764029,0.2680439761417439
2J5E,E866D+H988P,P00533,-0.393,0.0439918189408148,intermediate,8764029,0.2680439761417439
2J5E,E866D+H988P,P00533,-0.316,0.13370045430520003,intermediate,8764029,0.2680439761417439
2J5E,T790M+L858R,P00533,0.397,0.2301611051993335,binding pocket,8764029,0.2680439761417439
6D8E,T790M+L858R,P00533,-0.105,0.24665154804201683,binding pocket,8764029,0.2680439761417439
6D8E,T790M+L858R,P00533,-0.07,0.31322057482074284,binding pocket,8764029,0.2680439761417439
6D8E,T790M+L858R,P00533,-2.794,0.1917058411591193,binding pocket,8764029,0.2680439761417439
1XKK,T790M+L858R,P00533,-2.597,0.4607770443225609,binding pocket,8764029,0.2680439761417439
2ITY,G719S,P00533,0.48,-0.19497430058963158,binding pocket,8764029,0.2680439761417439
1MOX,A289D,P00533,-0.356,-0.23445720726952834,distal allosteric,8764029,0.2680439761417439
1MOX,A289D,P00533,0.668,-0.3066511197738788,distal allosteric,8764029,0.2680439761417439
7SZ0,A289V,P00533,0.598,-0.5196129694893299,distal allosteric,8764029,0.2680439761417439
1MOX,A289V,P00533,0.528,-0.3483673670230543,distal allosteric,8764029,0.2680439761417439
1MOX,A289V,P00533,0.287,-0.4111904203628793,distal allosteric,8764029,0.2680439761417439
7SZ0,A289V,P00533,1.005,-0.47387679444858805,distal allosteric,8764029,0.2680439761417439
1MOX,A289V,P00533,0.516,-0.3262082118935445,distal allosteric,8764029,0.2680439761417439
5CAN,A702D,P00533,-1.549,-0.328118177652359,distal allosteric,8764029,0.2680439761417439
5CAN,A702D,P00533,0.098,-0.4120949121915243,distal allosteric,8764029,0.2680439761417439
6D8E,A864V,P00533,-1.162,-0.37986640483233397,distal allosteric,8764029,0.2680439761417439
6D8E,A864V,P00533,-1.228,-0.334726829165045,distal allosteric,8764029,0.2680439761417439
6D8E,A864V,P00533,-1.186,-0.439469897874138,distal allosteric,8764029,0.2680439761417439
6D8E,A864V,P00533,-0.788,-0.4556283573630978,distal allosteric,8764029,0.2680439761417439
6D8E,A864V,P00533,-0.396,-0.34084478050908623,distal allosteric,8764029,0.2680439761417439
6D8E,A864V,P00533,-1.432,-0.4434052339546821,distal allosteric,8764029,0.2680439761417439
1MOX,C251Y,P00533,-0.693,-0.5543733909463181,distal allosteric,8764029,0.2680439761417439
1MOX,C311F,P00533,2.202,-0.4781203260930146,distal allosteric,8764029,0.2680439761417439
7SZ0,C523R,P00533,-0.599,-0.5543733909463181,distal allosteric,8764029,0.2680439761417439
7SZ0,C523R,P00533,0.304,-0.5119807708964629,distal allosteric,8764029,0.2680439761417439
7SZ0,C523R,P00533,0.093,-0.4781203260930146,distal allosteric,8764029,0.2680439761417439
7SZ0,C523R,P00533,-0.466,-0.5472603654773797,distal allosteric,8764029,0.2680439761417439
7SZ0,C523R,P00533,0.621,-0.4628540702339481,distal allosteric,8764029,0.2680439761417439
5CAN,E711K,P00533,-0.282,-0.21339323883985772,distal allosteric,8764029,0.2680439761417439
6TG1,E711K,P00533,0.102,-0.029617701466469217,intermediate,8764029,0.2680439761417439
5CAN,E711K,P00533,0.011,-0.11114395568804705,distal allosteric,8764029,0.2680439761417439
5CAN,E711K,P00533,0.301,-0.1329419367738506,distal allosteric,8764029,0.2680439761417439
5CAN,E711K,P00533,1.056,-0.2604862633172203,distal allosteric,8764029,0.2680439761417439
5CAN,F961L,P00533,0.414,-0.47534795256221996,distal allosteric,8764029,0.2680439761417439
5CAN,F961L,P00533,-0.23,-0.49698894095771445,distal allosteric,8764029,0.2680439761417439
5CAN,F961L,P00533,-0.145,-0.4336380246106316,distal allosteric,8764029,0.2680439761417439
2M0B,G659R,P00533,-0.828,-0.5543733909463181,binding pocket,8764029,0.2680439761417439
5CAN,G719S,P00533,-0.311,-0.2347818906429936,binding pocket,8764029,0.2680439761417439
6TG1,G719S,P00533,-2.08,-0.4117974660041578,binding pocket,8764029,0.2680439761417439
6D8E,G719S,P00533,-1.345,-0.202108905473724,binding pocket,8764029,0.2680439761417439
5CAN,G719S,P00533,-1.534,-0.27878476090510107,binding pocket,8764029,0.2680439761417439
5CAN,G719S,P00533,-1.594,-0.23498755833243623,binding pocket,8764029,0.2680439761417439
5CAN,G719S,P00533,0.896,-0.2305079166350119,binding pocket,8764029,0.2680439761417439
5CAN,G917R,P00533,-0.265,-0.10737253550330504,distal allosteric,8764029,0.2680439761417439
5CAN,G917R,P00533,-0.148,-0.17445695945445228,distal allosteric,8764029,0.2680439761417439
5CAN,G917R,P00533,-0.372,-0.18892829424318142,distal allosteric,8764029,0.2680439761417439
2M0B,I646L,P00533,0.139,-0.37496459174682106,distal allosteric,8764029,0.2680439761417439
2M0B,I646L,P00533,0.342,-0.4036239844976978,distal allosteric,8764029,0.2680439761417439
5LV6,I646L,P00533,-0.278,-0.44705268628457007,distal allosteric,8764029,0.2680439761417439
2M0B,I646L,P00533,0.656,-0.5381428553652676,distal allosteric,8304668,0.1438596821596353
2M0B,I646L,P00533,0.677,-0.5690240186733359,distal allosteric,8304668,0.1438596821596353
7SZ0,K28N,P00533,-0.86,-0.23266657390204418,distal allosteric,8304668,0.1438596821596353
2N5S,L62R,P00533,0.651,-0.2598989296415272,intermediate,8304668,0.1438596821596353
2N5S,L62R,P00533,0.883,-0.27558417552928705,intermediate,8304668,0.1438596821596353
2N5S,L62R,P00533,0.476,-0.39036504869908084,intermediate,8304668,0.1438596821596353
2N5S,L62R,P00533,1.078,-0.19399197591753561,intermediate,8304668,0.1438596821596353
2N5S,L62R,P00533,1.369,-0.48949126050489783,intermediate,8304668,0.1438596821596353
1MOX,L76P,P00533,-0.985,-0.23266657390204418,distal allosteric,8304668,0.1438596821596353
2M20,L76P,P00533,-0.064,-0.23107812154117746,intermediate,8304668,0.1438596821596353
2M20,L76P,P00533,-0.699,-0.2566456875310224,intermediate,8304668,0.1438596821596353
5FED,G719S+T790M,P00533,-0.56,0.07534678192305216,binding pocket,8304668,0.1438596821596353
1MOX,L76P,P00533,-1.343,-0.12792107260577815,distal allosteric,8304668,0.1438596821596353
6D8E,L858R,P00533,-4.042,-0.5901342496205779,intermediate,8304668,0.1438596821596353
6D8E,L858R,P00533,-2.66,-0.5835288663927247,intermediate,8304668,0.1438596821596353
5CAN,L861Q,P00533,-0.896,-0.3322829626649617,distal allosteric,8304668,0.1438596821596353
5CAN,L861Q,P00533,-0.526,-0.36664411179458384,distal allosteric,8304668,0.1438596821596353
5CAN,L861Q,P00533,-1.064,-0.3473947527583907,distal allosteric,8304668,0.1438596821596353
6D8E,L861Q,P00533,-0.736,-0.3176330576197189,intermediate,8304668,0.1438596821596353
6D8E,L861Q,P00533,-0.619,-0.3355229963204439,intermediate,8304668,0.1438596821596353
5CAN,L883F,P00533,-0.382,-0.4982792828819331,distal allosteric,8304668,0.1438596821596353
5CAN,L883F,P00533,0.58,-0.17816431815308678,distal allosteric,8304668,0.1438596821596353
5CAN,L883F,P00533,0.226,-0.37039954703257355,distal allosteric,8304668,0.1438596821596353
5CAN,L883F,P00533,0.281,-0.19564516988621256,distal allosteric,8304668,0.1438596821596353
5CAN,L883F,P00533,0.945,-0.46167805736511935,distal allosteric,8304668,0.1438596821596353
3PFV,P1071L,P00533,-0.931,-0.20633172655105586,binding pocket,8304668,0.1438596821596353
3PFV,P1071L,P00533,0.13,-0.23309432052689436,binding pocket,8304668,0.1438596821596353
3PFV,P1071L,P00533,-0.12,-0.12792107260577815,binding pocket,8304668,0.1438596821596353
3PFV,P1071L,P00533,1.21,-0.20633172655105586,binding pocket,8304668,0.1438596821596353
5CAN,P753S,P00533,-1.218,-0.5415766721849933,distal allosteric,8304668,0.1438596821596353
5CAN,P753S,P00533,1.334,-0.6283015610470492,distal allosteric,8304668,0.1438596821596353
6TG1,Q701R,P00533,-0.382,-0.2770173873326138,distal allosteric,8304668,0.1438596821596353
5CAN,Q701R,P00533,0.29,-0.07038833897078736,distal allosteric,8304668,0.1438596821596353
6D8E,Q701R,P00533,-0.347,-0.11373084252546813,distal allosteric,8304668,0.1438596821596353
5CAN,Q701R,P00533,0.084,-0.08052546361527019,distal allosteric,8304668,0.1438596821596353
5CAN,Q701R,P00533,-0.522,-0.09846230218690982,distal allosteric,8304668,0.1438596821596353
1MOX,R165Q,P00533,0.288,-0.23309432052689436,intermediate,8304668,0.1438596821596353
1MOX,R451C,P00533,-0.719,-0.23266657390204418,distal allosteric,8304668,0.1438596821596353
7SZ0,R451C,P00533,-1.196,-0.18335188443564315,distal allosteric,8304668,0.1438596821596353
1MOX,R451C,P00533,-0.817,-0.25295339410094647,distal allosteric,8304668,0.1438596821596353
1MOX,R451C,P00533,-0.695,-0.23309432052689436,distal allosteric,8304668,0.1438596821596353
7SZ0,R451C,P00533,-1.115,-0.27334652200516524,distal allosteric,8304668,0.1438596821596353
1MOX,R451C,P00533,0.991,-0.20633172655105586,distal allosteric,8304668,0.1438596821596353
2M0B,R675Q,P00533,0.202,0.06875959021904891,intermediate,8304668,0.1438596821596353
2M0B,R675Q,P00533,0.948,0.12623522150867128,intermediate,8304668,0.1438596821596353
2M0B,R675Q,P00533,0.704,-0.004218628907904881,intermediate,8304668,0.1438596821596353
2M0B,R675Q,P00533,1.255,0.14163629606190853,intermediate,8304668,0.1438596821596353
2M0B,R677C,P00533,-1.091,-0.5412418234804097,distal allosteric,8304668,0.1438596821596353
5CAN,R832C,P00533,-1.389,-0.32011827925505,distal allosteric,8304668,0.1438596821596353
5CAN,R832C,P00533,-1.507,-0.4005947304819436,distal allosteric,8304668,0.1438596821596353
5CAN,R832C,P00533,-0.512,-0.23155299221176434,distal allosteric,8304668,0.1438596821596353
5CAN,S703F,P00533,-2.773,-0.23309432052689436,distal allosteric,8304668,0.1438596821596353
5CAN,S768I,P00533,-2.066,-0.39836941347577987,intermediate,8304668,0.1438596821596353
6D8E,S768I,P00533,-1.336,-0.542015556195203,intermediate,8304668,0.1438596821596353
5CAN,S768I,P00533,-1.442,-0.2698367976020363,intermediate,8304668,0.1438596821596353
5CAN,S768I,P00533,-2.007,-0.30373436914165225,intermediate,8304668,0.1438596821596353
5CAN,S768I,P00533,-1.274,-0.322499884241644,intermediate,8304668,0.1438596821596353
5CAN,S768I,P00533,-3.63,-0.33991626469703273,intermediate,8304668,0.1438596821596353
5CAN,S811F,P00533,0.566,-0.35306944523181977,distal allosteric,8304668,0.1438596821596353
5CAN,S811F,P00533,0.765,-0.5150897947234266,distal allosteric,8304668,0.1438596821596353
5CAN,S811F,P00533,0.132,-0.4916776021543671,distal allosteric,8304668,0.1438596821596353
5CAN,S811F,P00533,0.163,-0.20289333020594405,distal allosteric,8304668,0.1438596821596353
5CAN,S811F,P00533,-0.607,-0.47302734608444214,distal allosteric,8304668,0.1438596821596353
6TG1,T751I,P00533,0.033,-0.3064676991648533,intermediate,8304668,0.1438596821596353
5CAN,T751I,P00533,0.148,-0.22037306006515725,distal allosteric,8304668,0.1438596821596353
5CAN,T751I,P00533,-0.088,-0.26731319369813966,distal allosteric,8304668,0.1438596821596353
5CAN,T751I,P00533,-0.18,-0.21979473416594894,distal allosteric,8304668,0.1438596821596353
5CAN,T751I,P00533,-0.629,-0.29445090426375864,distal allosteric,8304668,0.1438596821596353
5CAN,V1011M,P00533,-2.524,-0.4346518610260065,intermediate,8304668,0.1438596821596353
5CAN,V1011M,P00533,-0.24,-0.44267607946343274,intermediate,8304668,0.1438596821596353
5CAN,V1011M,P00533,-0.267,-0.45229429089146495,intermediate,8304668,0.1438596821596353
5CAN,V1011M,P00533,-0.597,-0.4950455413513324,intermediate,8304668,0.1438596821596353
5CAN,V1011M,P00533,-1.178,-0.40688458540159106,intermediate,8304668,0.1438596821596353
5CAN,V1011M,P00533,-1.794,-0.3886958914711413,intermediate,8304668,0.1438596821596353
1MOX,V292M,P00533,-0.108,-0.23266657390204418,distal allosteric,8304668,0.1438596821596353
7SZ0,V592F,P00533,-0.734,-0.23266657390204418,distal allosteric,8304668,0.1438596821596353
7SZ0,V592F,P00533,0.123,-0.2566456875310224,distal allosteric,8304668,0.1438596821596353
5CAN,V738D,P00533,-0.931,-0.6184558331019738,distal allosteric,8304668,0.1438596821596353
6D8E,V738D,P00533,-0.288,-0.4409363844046807,distal allosteric,8304668,0.1438596821596353
5CAN,V738D,P00533,-0.471,-0.530587370949633,distal allosteric,8304668,0.1438596821596353
5CAN,V738D,P00533,-0.628,-0.5160059273172828,distal allosteric,8304668,0.1438596821596353
5CAN,V738D,P00533,-1.784,-0.48794464170231533,distal allosteric,8304668,0.1438596821596353
5CAN,V904I,P00533,-0.686,-0.38234764600895776,distal allosteric,8304668,0.1438596821596353
5CAN,V904I,P00533,-0.631,-0.42163845913550424,distal allosteric,8304668,0.1438596821596353
5CAN,V904I,P00533,-0.007,-0.3396610185433836,distal allosteric,8304668,0.1438596821596353
5CAN,V904I,P00533,-0.208,-0.4294194209374048,distal allosteric,8304668,0.1438596821596353
5CAN,V904I,P00533,-0.362,-0.3028177779536036,distal allosteric,8304668,0.1438596821596353
1XKK,T790M+L858R,P00533,1.259,-0.36243840871663646,binding pocket,8304668,0.1438596821596353
5CAN,G719S,P00533,0.48,-0.45754548025657144,binding pocket,8304668,0.1438596821596353
6D8E,L858R,P00533,-1.6,-0.5901342496205779,intermediate,8304668,0.1438596821596353
2ITY,T790M,P00533,-1.21,-0.12386664337708667,binding pocket,8304668,0.1438596821596353
1XKK,E866D,P00533,0.355,-0.2706558658397372,distal allosteric,8304668,0.1438596821596353
1XKK,T790M+L858R,P00533,1.129,-0.48147909480596285,binding pocket,8304668,0.1438596821596353
1XKK,T790M+L858R,P00533,0.063,-0.45497346993053656,binding pocket,8304668,0.1438596821596353
1XKK,T790M+L858R,P00533,2.123,-0.25084076268883304,binding pocket,8304668,0.1438596821596353
1XKK,T790M+L858R,P00533,2.31,-0.25084076268883304,binding pocket,8304668,0.1438596821596353
1XKK,T790M+L858R,P00533,1.177,-0.418479626084623,binding pocket,8304668,0.1438596821596353
1XKK,T790M+L858R,P00533,0.931,-0.34762219169318176,binding pocket,8304668,0.1438596821596353
2J5E,E866D+H988P,P00533,0.327,-0.47008925857526407,intermediate,8304668,0.1438596821596353
2J5E,E866D+H988P,P00533,0.441,-0.4463680359190877,intermediate,8304668,0.1438596821596353
2J5E,E866D+H988P,P00533,0.185,-0.5060852035809966,intermediate,8304668,0.1438596821596353
2J5E,E866D+H988P,P00533,-0.393,-0.44145133954812493,intermediate,8304668,0.1438596821596353
2J5E,E866D+H988P,P00533,-0.316,-0.6222151164552745,intermediate,8304668,0.1438596821596353
2J5E,T790M+L858R,P00533,0.397,-0.3688914241746944,binding pocket,8304668,0.1438596821596353
6D8E,T790M+L858R,P00533,-0.105,-0.45329715887150335,binding pocket,8304668,0.1438596821596353
6D8E,T790M+L858R,P00533,-0.07,-0.47637124036778417,binding pocket,8304668,0.1438596821596353
6D8E,T790M+L858R,P00533,-2.794,-0.39027769727040734,binding pocket,8304668,0.1438596821596353
1XKK,T790M+L858R,P00533,-2.597,-0.45497346993053656,binding pocket,8304668,0.1438596821596353
2ITY,G719S,P00533,0.48,-0.3878288642159279,binding pocket,8304668,0.1438596821596353
1MOX,A289D,P00533,-0.356,-0.24472511346462889,distal allosteric,8304668,0.1438596821596353
1MOX,A289D,P00533,0.668,-0.28756836161192717,distal allosteric,8304668,0.1438596821596353
7SZ0,A289V,P00533,0.598,-0.24102492828097405,distal allosteric,8304668,0.1438596821596353
1MOX,A289V,P00533,0.528,-0.04736723395130211,distal allosteric,8304668,0.1438596821596353
7SZ0,A289V,P00533,1.005,-0.13780633333150072,distal allosteric,8304668,0.1438596821596353
1MOX,A289V,P00533,0.516,-0.03863076586670733,distal allosteric,8304668,0.1438596821596353
5CAN,A702D,P00533,0.098,-0.6574447963097516,distal allosteric,8304668,0.1438596821596353
6D8E,A864V,P00533,-1.162,-0.26968707884234533,distal allosteric,8304668,0.1438596821596353
6D8E,A864V,P00533,-1.228,-0.23452740095895436,distal allosteric,8304668,0.1438596821596353
6D8E,A864V,P00533,-1.186,-0.3102999751988578,distal allosteric,8304668,0.1438596821596353
6D8E,A864V,P00533,-0.945,-0.2550668343393241,distal allosteric,8304668,0.1438596821596353
6D8E,A864V,P00533,-0.788,-0.28047327088203056,distal allosteric,8304668,0.1438596821596353
6D8E,A864V,P00533,-0.396,-0.2534692296249901,distal allosteric,8304668,0.1438596821596353
6D8E,A864V,P00533,-1.02,-0.210046080340508,distal allosteric,8304668,0.1438596821596353
6D8E,A864V,P00533,-1.432,-0.33296128864082336,distal allosteric,8304668,0.1438596821596353
6D8E,A864V,P00533,-0.67,-0.30517991517571835,distal allosteric,8304668,0.1438596821596353
1MOX,C251Y,P00533,-0.693,-0.23266657390204418,distal allosteric,8304668,0.1438596821596353
1MOX,C311F,P00533,2.202,-0.23309432052689436,distal allosteric,8304668,0.1438596821596353
7SZ0,C523R,P00533,-0.637,-0.20633172655105586,distal allosteric,8304668,0.1438596821596353
7SZ0,C523R,P00533,0.304,-0.25295339410094647,distal allosteric,8304668,0.1438596821596353
7SZ0,C523R,P00533,0.093,-0.23309432052689436,distal allosteric,8304668,0.1438596821596353
7SZ0,C523R,P00533,-0.466,-0.12792107260577815,distal allosteric,8304668,0.1438596821596353
7SZ0,C523R,P00533,0.621,-0.20633172655105586,distal allosteric,8304668,0.1438596821596353
5CAN,E711K,P00533,-0.282,-0.3162553766781792,distal allosteric,8304668,0.1438596821596353
6TG1,E711K,P00533,0.102,-0.24199722921322367,intermediate,8304668,0.1438596821596353
5CAN,E711K,P00533,0.011,-0.13582638643309472,distal allosteric,8304668,0.1438596821596353
5CAN,E711K,P00533,0.301,-0.20338558751169367,distal allosteric,8304668,0.1438596821596353
5CAN,E711K,P00533,1.056,-0.17973262271964371,distal allosteric,8304668,0.1438596821596353
5CAN,F961L,P00533,0.414,-0.4349157152298618,distal allosteric,8304668,0.1438596821596353
5CAN,F961L,P00533,-0.23,-0.44291084408058834,distal allosteric,8304668,0.1438596821596353
5CAN,F961L,P00533,-0.145,-0.41925571892147545,distal allosteric,8304668,0.1438596821596353
2M0B,G659R,P00533,-0.828,-0.23266657390204418,binding pocket,8304668,0.1438596821596353
5CAN,G719S,P00533,-0.311,-0.4272092720533118,binding pocket,8304668,0.1438596821596353
6TG1,G719S,P00533,-2.08,-0.32132333698255167,binding pocket,8304668,0.1438596821596353
6D8E,G719S,P00533,-1.345,-0.3209328248533693,binding pocket,8304668,0.1438596821596353
5CAN,G719S,P00533,-1.534,-0.45754548025657144,binding pocket,8304668,0.1438596821596353
5CAN,G719S,P00533,-1.594,-0.3886627929105477,binding pocket,8304668,0.1438596821596353
5CAN,G719S,P00533,0.896,-0.42756713253347306,binding pocket,8304668,0.1438596821596353
5CAN,G917R,P00533,-0.265,-0.12346393577053263,distal allosteric,8304668,0.1438596821596353
5CAN,G917R,P00533,0.04,-0.18749127816803313,distal allosteric,8304668,0.1438596821596353
5CAN,G917R,P00533,-0.148,-0.266680845378405,distal allosteric,8304668,0.1438596821596353
5CAN,H988P,P00533,-0.191,-0.3245953037169049,distal allosteric,8304668,0.1438596821596353
2M0B,I646L,P00533,0.139,-0.4979887082664405,distal allosteric,8304668,0.1438596821596353
2M0B,I646L,P00533,0.342,-0.4908391129374504,distal allosteric,8304668,0.1438596821596353
2M0B,I646L,P00533,0.656,0.37047781576829797,distal allosteric,2028580,0.20539971518130792
7SZ0,K28N,P00533,-0.86,-0.48041528483206297,distal allosteric,2028580,0.20539971518130792
2N5S,L62R,P00533,0.651,0.14130996365582243,intermediate,2028580,0.20539971518130792
2N5S,L62R,P00533,0.883,0.28064669055798475,intermediate,2028580,0.20539971518130792
2N5S,L62R,P00533,1.078,0.20589363663336813,intermediate,2028580,0.20539971518130792
2N5S,L62R,P00533,1.369,0.12771652026036207,intermediate,2028580,0.20539971518130792
1MOX,L76P,P00533,-0.985,-0.48041528483206297,distal allosteric,2028580,0.20539971518130792
1MOX,L76P,P00533,-0.97,-0.4133531663715839,distal allosteric,2028580,0.20539971518130792
2M20,L76P,P00533,-0.064,-0.4065814057075802,intermediate,2028580,0.20539971518130792
2M20,L76P,P00533,-0.699,-0.35294162448451805,intermediate,2028580,0.20539971518130792
1MOX,L76P,P00533,-0.228,-0.5512563172000295,distal allosteric,2028580,0.20539971518130792
2M20,L76P,P00533,0.398,-0.40982195027567014,intermediate,2028580,0.20539971518130792
5FED,G719S+T790M,P00533,-0.56,-0.4106419147743899,binding pocket,2028580,0.20539971518130792
5FED,L858R+T790M,P00533,-0.7,0.11010148508408493,intermediate,2028580,0.20539971518130792
2M20,L76P,P00533,-1.839,-0.4934634980401572,intermediate,2028580,0.20539971518130792
6D8E,L858R,P00533,-4.042,-0.3898458483504022,intermediate,2028580,0.20539971518130792
6D8E,L858R,P00533,-2.66,-0.5443190020603292,intermediate,2028580,0.20539971518130792
5CAN,L861Q,P00533,-0.896,-0.6731955423223621,distal allosteric,2028580,0.20539971518130792
5CAN,L861Q,P00533,-0.526,-0.635945969199433,distal allosteric,2028580,0.20539971518130792
5CAN,L861Q,P00533,-1.064,-0.594018993344377,distal allosteric,2028580,0.20539971518130792
6D8E,L861Q,P00533,-0.736,-0.5263420883496018,intermediate,2028580,0.20539971518130792
6D8E,L861Q,P00533,-0.619,-0.7706618212531594,intermediate,2028580,0.20539971518130792
5CAN,L883F,P00533,-0.382,-0.37062188061896495,distal allosteric,2028580,0.20539971518130792
5CAN,L883F,P00533,0.58,-0.36646614617459916,distal allosteric,2028580,0.20539971518130792
5CAN,L883F,P00533,0.226,-0.2900378449804643,distal allosteric,2028580,0.20539971518130792
5CAN,L883F,P00533,0.281,-0.3961590845067712,distal allosteric,2028580,0.20539971518130792
5CAN,L883F,P00533,0.945,-0.47297925928673323,distal allosteric,2028580,0.20539971518130792
3PFV,P1071L,P00533,0.324,-0.48041528483206297,binding pocket,2028580,0.20539971518130792
3PFV,P1071L,P00533,-0.931,-0.16233714066621133,binding pocket,2028580,0.20539971518130792
3PFV,P1071L,P00533,-0.113,-0.4133531663715839,binding pocket,2028580,0.20539971518130792
3PFV,P1071L,P00533,0.13,-0.5512563172000295,binding pocket,2028580,0.20539971518130792
3PFV,P1071L,P00533,-0.12,-0.5401448502189973,binding pocket,2028580,0.20539971518130792
5CAN,P753S,P00533,-1.218,-0.4582926527910373,distal allosteric,2028580,0.20539971518130792
5CAN,P753S,P00533,1.334,-0.5919662753378644,distal allosteric,2028580,0.20539971518130792
6TG1,Q701R,P00533,-0.382,-0.19237356895208357,distal allosteric,2028580,0.20539971518130792
5CAN,Q701R,P00533,0.29,-0.044959270771811964,distal allosteric,2028580,0.20539971518130792
6D8E,Q701R,P00533,-0.347,-0.20283951631539007,distal allosteric,2028580,0.20539971518130792
5CAN,Q701R,P00533,0.084,-0.11326406457143669,distal allosteric,2028580,0.20539971518130792
5CAN,Q701R,P00533,-0.522,-0.13060157854942714,distal allosteric,2028580,0.20539971518130792
1MOX,R165Q,P00533,0.288,-0.5512563172000295,intermediate,2028580,0.20539971518130792
1MOX,R451C,P00533,-0.719,-0.48041528483206297,distal allosteric,2028580,0.20539971518130792
1MOX,R451C,P00533,-0.817,-0.4133531663715839,distal allosteric,2028580,0.20539971518130792
1MOX,R451C,P00533,-0.695,-0.5512563172000295,distal allosteric,2028580,0.20539971518130792
1MOX,R451C,P00533,0.991,-0.16233714066621133,distal allosteric,2028580,0.20539971518130792
2M0B,R675Q,P00533,0.202,-0.5335091133257922,intermediate,2028580,0.20539971518130792
2M0B,R675Q,P00533,0.948,-0.7094682582090882,intermediate,2028580,0.20539971518130792
2M0B,R675Q,P00533,0.704,-0.7469515405963448,intermediate,2028580,0.20539971518130792
2M0B,R675Q,P00533,1.255,-0.656919579945943,intermediate,2028580,0.20539971518130792
2M0B,R675Q,P00533,0.318,-0.7447973160989144,intermediate,2028580,0.20539971518130792
5CAN,R832C,P00533,-1.389,-0.5124885003690279,distal allosteric,2028580,0.20539971518130792
5CAN,R832C,P00533,-1.507,-0.49805889814829124,distal allosteric,2028580,0.20539971518130792
5CAN,R832C,P00533,-0.512,-0.5101138090315986,distal allosteric,2028580,0.20539971518130792
5CAN,S768I,P00533,-2.066,-0.3646862101397094,intermediate,2028580,0.20539971518130792
6D8E,S768I,P00533,-1.336,-0.7626910275326055,intermediate,2028580,0.20539971518130792
5CAN,S768I,P00533,-1.442,-0.32575044024253597,intermediate,2028580,0.20539971518130792
5CAN,S768I,P00533,-2.007,-0.3231044096035116,intermediate,2028580,0.20539971518130792
5CAN,S768I,P00533,-1.274,-0.32900376973301176,intermediate,2028580,0.20539971518130792
5CAN,S768I,P00533,-3.63,-0.3756904944926501,intermediate,2028580,0.20539971518130792
5CAN,S811F,P00533,0.566,-0.1389724399605218,distal allosteric,2028580,0.20539971518130792
5CAN,S811F,P00533,0.765,-0.12346490701945388,distal allosteric,2028580,0.20539971518130792
5CAN,S811F,P00533,0.163,-0.19823986426773754,distal allosteric,2028580,0.20539971518130792
5CAN,S811F,P00533,-0.607,-0.36236256732835487,distal allosteric,2028580,0.20539971518130792
6TG1,T751I,P00533,0.033,-0.4670034323694075,intermediate,2028580,0.20539971518130792
5CAN,T751I,P00533,0.148,-0.3228161064289949,distal allosteric,2028580,0.20539971518130792
5CAN,T751I,P00533,-0.088,-0.3835570001082824,distal allosteric,2028580,0.20539971518130792
5CAN,T751I,P00533,-0.18,-0.3133108190135921,distal allosteric,2028580,0.20539971518130792
5CAN,T751I,P00533,-0.629,-0.47225671649811896,distal allosteric,2028580,0.20539971518130792
5CAN,V1011M,P00533,-0.24,-0.48545738769103497,intermediate,2028580,0.20539971518130792
5CAN,V1011M,P00533,-0.267,-0.5532080572959693,intermediate,2028580,0.20539971518130792
5CAN,V1011M,P00533,-1.178,-0.5973389329428181,intermediate,2028580,0.20539971518130792
5CAN,V1011M,P00533,-1.794,-0.6673713763557813,intermediate,2028580,0.20539971518130792
1MOX,V292M,P00533,-0.108,-0.48041528483206297,distal allosteric,2028580,0.20539971518130792
7SZ0,V592F,P00533,-0.734,-0.48041528483206297,distal allosteric,2028580,0.20539971518130792
7SZ0,V592F,P00533,1.952,-0.4934634980401572,distal allosteric,2028580,0.20539971518130792
5CAN,V738D,P00533,-0.931,-0.4244704942409059,distal allosteric,2028580,0.20539971518130792
6D8E,V738D,P00533,-0.288,-0.8135943386414471,distal allosteric,2028580,0.20539971518130792
5CAN,V738D,P00533,-0.471,-0.5902001535559401,distal allosteric,2028580,0.20539971518130792
5CAN,V738D,P00533,-0.628,-0.5169834243611378,distal allosteric,2028580,0.20539971518130792
5CAN,V738D,P00533,-1.784,-0.6394985233746907,distal allosteric,2028580,0.20539971518130792
5CAN,V904I,P00533,-0.686,-0.6081844243863049,distal allosteric,2028580,0.20539971518130792
5CAN,V904I,P00533,-0.631,-0.38830292443317527,distal allosteric,2028580,0.20539971518130792
5CAN,V904I,P00533,-0.007,-0.5127566278129816,distal allosteric,2028580,0.20539971518130792
5CAN,V904I,P00533,-0.208,-0.5059696655540782,distal allosteric,2028580,0.20539971518130792
5CAN,V904I,P00533,-0.86,-0.45247056701560234,distal allosteric,2028580,0.20539971518130792
5CAN,V904I,P00533,-0.362,-0.5003330245653496,distal allosteric,2028580,0.20539971518130792
1XKK,T790M+L858R,P00533,1.259,0.14117709504155554,binding pocket,2028580,0.20539971518130792
5CAN,G719S,P00533,0.48,-0.3546623168990893,binding pocket,2028580,0.20539971518130792
6D8E,L858R,P00533,-1.6,-0.3898458483504022,intermediate,2028580,0.20539971518130792
2ITY,T790M,P00533,-1.21,-0.07926324995300346,binding pocket,2028580,0.20539971518130792
1XKK,E866D,P00533,0.355,-0.5767684283541405,distal allosteric,2028580,0.20539971518130792
1XKK,T790M+L858R,P00533,1.129,0.07905125969297748,binding pocket,2028580,0.20539971518130792
1XKK,T790M+L858R,P00533,0.063,0.03952017240927502,binding pocket,2028580,0.20539971518130792
1XKK,T790M+L858R,P00533,2.123,0.1087915073492948,binding pocket,2028580,0.20539971518130792
2ITY,G719S+T790M,P00533,0.48,-0.3836612968142419,binding pocket,2028580,0.20539971518130792
1XKK,T790M+L858R,P00533,2.31,0.1087915073492948,binding pocket,2028580,0.20539971518130792
1XKK,T790M+L858R,P00533,1.177,0.1881820230869686,binding pocket,2028580,0.20539971518130792
1XKK,T790M+L858R,P00533,0.931,0.0781678338331335,binding pocket,2028580,0.20539971518130792
2J5E,E866D+H988P,P00533,0.327,-0.4115780241279041,intermediate,2028580,0.20539971518130792
2J5E,E866D+H988P,P00533,0.441,-0.4793491087893353,intermediate,2028580,0.20539971518130792
2J5E,E866D+H988P,P00533,0.185,-0.5246961817951763,intermediate,2028580,0.20539971518130792
2J5E,E866D+H988P,P00533,-0.393,-0.6546082482603105,intermediate,2028580,0.20539971518130792
2J5E,E866D+H988P,P00533,-0.316,-0.816614062463536,intermediate,2028580,0.20539971518130792
6D8E,T790M+L858R,P00533,-0.105,0.13462666554310743,binding pocket,2028580,0.20539971518130792
6D8E,T790M+L858R,P00533,-0.07,0.21991742622151095,binding pocket,2028580,0.20539971518130792
6D8E,T790M+L858R,P00533,-2.794,0.11133762767472691,binding pocket,2028580,0.20539971518130792
1XKK,T790M+L858R,P00533,-2.597,0.03952017240927502,binding pocket,2028580,0.20539971518130792
2ITY,G719S,P00533,0.48,-0.36810402867285646,binding pocket,2028580,0.20539971518130792
1MOX,A289D,P00533,-0.356,-0.38082174739701785,distal allosteric,2028580,0.20539971518130792
1MOX,A289D,P00533,0.668,-0.478661309509812,distal allosteric,2028580,0.20539971518130792
7SZ0,A289V,P00533,0.598,-0.32457393168811416,distal allosteric,2028580,0.20539971518130792
7SZ0,A289V,P00533,1.005,-0.40982195027567014,distal allosteric,2028580,0.20539971518130792
1MOX,A289V,P00533,0.516,0.08867726475701615,distal allosteric,2028580,0.20539971518130792
5CAN,A702D,P00533,-1.549,-0.3912046576697818,distal allosteric,2028580,0.20539971518130792
5CAN,A702D,P00533,0.098,-0.45701879070480084,distal allosteric,2028580,0.20539971518130792
6D8E,A864V,P00533,-1.162,-0.3925242986021673,distal allosteric,2028580,0.20539971518130792
6D8E,A864V,P00533,-1.228,-0.22522517479254917,distal allosteric,2028580,0.20539971518130792
6D8E,A864V,P00533,-1.186,-0.4452872618086198,distal allosteric,2028580,0.20539971518130792
6D8E,A864V,P00533,-0.945,-0.576857892241548,distal allosteric,2028580,0.20539971518130792
6D8E,A864V,P00533,-0.788,-0.38629985095998826,distal allosteric,2028580,0.20539971518130792
6D8E,A864V,P00533,-0.396,-0.4083165138451492,distal allosteric,2028580,0.20539971518130792
6D8E,A864V,P00533,-1.02,-0.2692314019247013,distal allosteric,2028580,0.20539971518130792
6D8E,A864V,P00533,-1.432,-0.4286624629199505,distal allosteric,2028580,0.20539971518130792
6D8E,A864V,P00533,-0.67,-0.41723634148520583,distal allosteric,2028580,0.20539971518130792
1MOX,C251Y,P00533,-0.693,-0.48041528483206297,distal allosteric,2028580,0.20539971518130792
1MOX,C311F,P00533,2.202,-0.5512563172000295,distal allosteric,2028580,0.20539971518130792
7SZ0,C523R,P00533,-0.599,-0.48041528483206297,distal allosteric,2028580,0.20539971518130792
7SZ0,C523R,P00533,-0.637,-0.16233714066621133,distal allosteric,2028580,0.20539971518130792
7SZ0,C523R,P00533,0.304,-0.4133531663715839,distal allosteric,2028580,0.20539971518130792
7SZ0,C523R,P00533,0.093,-0.5512563172000295,distal allosteric,2028580,0.20539971518130792
7SZ0,C523R,P00533,-0.466,-0.5401448502189973,distal allosteric,2028580,0.20539971518130792
7SZ0,C523R,P00533,0.621,-0.16233714066621133,distal allosteric,2028580,0.20539971518130792
5CAN,E711K,P00533,-0.282,-0.14074118423724874,distal allosteric,2028580,0.20539971518130792
6TG1,E711K,P00533,0.102,-0.19026461522324994,intermediate,2028580,0.20539971518130792
5CAN,E711K,P00533,0.011,-0.12265059701835407,distal allosteric,2028580,0.20539971518130792
5CAN,E711K,P00533,0.301,-0.24254386433082467,distal allosteric,2028580,0.20539971518130792
5CAN,E711K,P00533,1.056,-0.24933246437525924,distal allosteric,2028580,0.20539971518130792
5CAN,F961L,P00533,0.414,-0.49720487299167054,distal allosteric,2028580,0.20539971518130792
5CAN,F961L,P00533,-0.23,-0.4959316737879725,distal allosteric,2028580,0.20539971518130792
5CAN,F961L,P00533,-0.145,-0.6225524001191644,distal allosteric,2028580,0.20539971518130792
2M0B,G659R,P00533,-0.828,-0.48041528483206297,binding pocket,2028580,0.20539971518130792
5CAN,G719S,P00533,-0.311,-0.3946097439413562,binding pocket,2028580,0.20539971518130792
6TG1,G719S,P00533,-2.08,-0.22394643950615734,binding pocket,2028580,0.20539971518130792
6D8E,G719S,P00533,-1.345,-0.3883447050978156,binding pocket,2028580,0.20539971518130792
5CAN,G719S,P00533,-1.534,-0.3546623168990893,binding pocket,2028580,0.20539971518130792
5CAN,G719S,P00533,-1.594,-0.36701252946257595,binding pocket,2028580,0.20539971518130792
5CAN,G719S,P00533,0.896,-0.35998514307619023,binding pocket,2028580,0.20539971518130792
5CAN,G917R,P00533,0.04,-0.2017501885110841,distal allosteric,2028580,0.20539971518130792
5CAN,G917R,P00533,-0.148,-0.14497659792970208,distal allosteric,2028580,0.20539971518130792
5CAN,G917R,P00533,-0.372,-0.20880195727856718,distal allosteric,2028580,0.20539971518130792
5CAN,H988P,P00533,-0.191,-0.45938565888124355,distal allosteric,2028580,0.20539971518130792
2M0B,I646L,P00533,0.139,0.37577705699556013,distal allosteric,2028580,0.20539971518130792
2M0B,I646L,P00533,0.342,0.38436888246676504,distal allosteric,2028580,0.20539971518130792
5LV6,I646L,P00533,-0.278,0.49361308796265546,distal allosteric,2028580,0.20539971518130792
2M0B,I646L,P00533,0.656,-0.9758557850788622,distal allosteric,9251966,0.20547610307112235
2M0B,I646L,P00533,0.677,-1.059575270038865,distal allosteric,9251966,0.20547610307112235
7SZ0,K28N,P00533,-0.86,-0.8530963107470205,distal allosteric,9251966,0.20547610307112235
2N5S,L62R,P00533,0.651,-0.8165995365083217,intermediate,9251966,0.20547610307112235
2N5S,L62R,P00533,0.883,-0.569461497682859,intermediate,9251966,0.20547610307112235
2N5S,L62R,P00533,0.476,-0.6713943499927136,intermediate,9251966,0.20547610307112235
2N5S,L62R,P00533,1.078,-0.6195265887817917,intermediate,9251966,0.20547610307112235
2N5S,L62R,P00533,1.369,-0.7303690630250118,intermediate,9251966,0.20547610307112235
1MOX,L76P,P00533,-0.985,-0.8530963107470205,distal allosteric,9251966,0.20547610307112235
1MOX,L76P,P00533,-0.97,-0.8425883762393805,distal allosteric,9251966,0.20547610307112235
2M20,L76P,P00533,-0.064,-0.8510839385657627,intermediate,9251966,0.20547610307112235
2M20,L76P,P00533,-0.699,-0.8467642677364982,intermediate,9251966,0.20547610307112235
1MOX,L76P,P00533,-0.228,-0.7748095595188002,distal allosteric,9251966,0.20547610307112235
2M20,L76P,P00533,0.398,-0.8641562347621384,intermediate,9251966,0.20547610307112235
5FED,G719S+T790M,P00533,-0.56,-0.6662484824184111,binding pocket,9251966,0.20547610307112235
5FED,L858R+T790M,P00533,-0.7,-0.5682311139527491,intermediate,9251966,0.20547610307112235
1MOX,L76P,P00533,-1.343,-0.9902393414549091,distal allosteric,9251966,0.20547610307112235
2M20,L76P,P00533,-1.839,-0.9465059047858505,intermediate,9251966,0.20547610307112235
6D8E,L858R,P00533,-4.042,-1.2897370455313255,intermediate,9251966,0.20547610307112235
6D8E,L858R,P00533,-2.66,-1.4066453946828843,intermediate,9251966,0.20547610307112235
5CAN,L861Q,P00533,-0.896,-1.1330474083002875,distal allosteric,9251966,0.20547610307112235
5CAN,L861Q,P00533,-0.526,-0.854220621259664,distal allosteric,9251966,0.20547610307112235
5CAN,L861Q,P00533,-1.064,-0.8601693020550645,distal allosteric,9251966,0.20547610307112235
6D8E,L861Q,P00533,-0.736,-0.8680344616630499,intermediate,9251966,0.20547610307112235
6D8E,L861Q,P00533,-0.619,-0.960260812233476,intermediate,9251966,0.20547610307112235
5CAN,L883F,P00533,0.58,-0.635277871058843,distal allosteric,9251966,0.20547610307112235
5CAN,L883F,P00533,0.226,-0.7832759622997222,distal allosteric,9251966,0.20547610307112235
5CAN,L883F,P00533,0.281,-0.934060277293272,distal allosteric,9251966,0.20547610307112235
5CAN,L883F,P00533,0.945,-1.048373339108027,distal allosteric,9251966,0.20547610307112235
3PFV,P1071L,P00533,0.324,-0.8530963107470205,binding pocket,9251966,0.20547610307112235
3PFV,P1071L,P00533,-0.931,-0.8011696572435254,binding pocket,9251966,0.20547610307112235
3PFV,P1071L,P00533,-0.113,-0.8425883762393805,binding pocket,9251966,0.20547610307112235
3PFV,P1071L,P00533,0.13,-0.7748095595188002,binding pocket,9251966,0.20547610307112235
3PFV,P1071L,P00533,-0.12,-0.9902393414549091,binding pocket,9251966,0.20547610307112235
3PFV,P1071L,P00533,1.21,-0.8011696572435254,binding pocket,9251966,0.20547610307112235
5CAN,P753S,P00533,-1.218,-0.7827587775357945,distal allosteric,9251966,0.20547610307112235
5CAN,P753S,P00533,1.334,-0.8592351513277083,distal allosteric,9251966,0.20547610307112235
5CAN,Q701R,P00533,-0.279,-0.2715179011190639,distal allosteric,9251966,0.20547610307112235
6TG1,Q701R,P00533,-0.382,-0.4837070031166077,distal allosteric,9251966,0.20547610307112235
5CAN,Q701R,P00533,0.29,-0.21776490114716923,distal allosteric,9251966,0.20547610307112235
6D8E,Q701R,P00533,-0.347,-0.46976981140760815,distal allosteric,9251966,0.20547610307112235
5CAN,Q701R,P00533,-0.522,-0.39711260470923254,distal allosteric,9251966,0.20547610307112235
1MOX,R165Q,P00533,0.288,-0.7748095595188002,intermediate,9251966,0.20547610307112235
1MOX,R451C,P00533,-0.719,-0.8530963107470205,distal allosteric,9251966,0.20547610307112235
1MOX,R451C,P00533,-0.817,-0.8425883762393805,distal allosteric,9251966,0.20547610307112235
1MOX,R451C,P00533,-0.695,-0.7748095595188002,distal allosteric,9251966,0.20547610307112235
7SZ0,R451C,P00533,-1.115,-0.7594440793200014,distal allosteric,9251966,0.20547610307112235
1MOX,R451C,P00533,0.991,-0.8011696572435254,distal allosteric,9251966,0.20547610307112235
2M0B,R675Q,P00533,0.202,-0.7385182457776631,intermediate,9251966,0.20547610307112235
2M0B,R675Q,P00533,0.948,-0.83597974713322,intermediate,9251966,0.20547610307112235
2M0B,R675Q,P00533,0.704,-1.0069408062153002,intermediate,9251966,0.20547610307112235
2M0B,R675Q,P00533,1.255,-0.7597383518613438,intermediate,9251966,0.20547610307112235
2M0B,R675Q,P00533,0.318,-0.851576800005401,intermediate,9251966,0.20547610307112235
2M0B,R677C,P00533,-1.091,-1.1221020382081761,distal allosteric,9251966,0.20547610307112235
5CAN,R832C,P00533,-1.389,-1.0418567075634664,distal allosteric,9251966,0.20547610307112235
5CAN,R832C,P00533,-0.512,-1.0804925423299565,distal allosteric,9251966,0.20547610307112235
5CAN,S703F,P00533,-2.773,-0.7748095595188002,distal allosteric,9251966,0.20547610307112235
5CAN,S768I,P00533,-2.066,-1.1578132990493495,intermediate,9251966,0.20547610307112235
6D8E,S768I,P00533,-1.336,-1.227437115588609,intermediate,9251966,0.20547610307112235
5CAN,S768I,P00533,-2.007,-1.1580784804426572,intermediate,9251966,0.20547610307112235
5CAN,S768I,P00533,-3.63,-1.228333315688021,intermediate,9251966,0.20547610307112235
5CAN,S811F,P00533,0.566,-0.7721959244219369,distal allosteric,9251966,0.20547610307112235
5CAN,S811F,P00533,0.765,-0.7185685001716895,distal allosteric,9251966,0.20547610307112235
5CAN,S811F,P00533,0.132,-0.7314871974035222,distal allosteric,9251966,0.20547610307112235
5CAN,S811F,P00533,0.163,-0.7189317420528216,distal allosteric,9251966,0.20547610307112235
6TG1,T751I,P00533,0.033,-0.6546173857462538,intermediate,9251966,0.20547610307112235
5CAN,T751I,P00533,0.148,-0.6772244413074326,distal allosteric,9251966,0.20547610307112235
5CAN,T751I,P00533,-0.088,-0.7377153347266072,distal allosteric,9251966,0.20547610307112235
5CAN,T751I,P00533,-0.18,-0.6610182287465125,distal allosteric,9251966,0.20547610307112235
5CAN,T751I,P00533,-0.629,-0.9300881207447281,distal allosteric,9251966,0.20547610307112235
5CAN,V1011M,P00533,-2.524,-0.6455982417709688,intermediate,9251966,0.20547610307112235
5CAN,V1011M,P00533,-0.24,-0.4193370730526307,intermediate,9251966,0.20547610307112235
5CAN,V1011M,P00533,-0.597,-0.5895267234532273,intermediate,9251966,0.20547610307112235
5CAN,V1011M,P00533,-1.178,-0.6595930587903542,intermediate,9251966,0.20547610307112235
5CAN,V1011M,P00533,-1.794,-0.7088052027659382,intermediate,9251966,0.20547610307112235
1MOX,V292M,P00533,-0.108,-0.8530963107470205,distal allosteric,9251966,0.20547610307112235
7SZ0,V592F,P00533,-0.734,-0.8530963107470205,distal allosteric,9251966,0.20547610307112235
7SZ0,V592F,P00533,0.123,-0.8467642677364982,distal allosteric,9251966,0.20547610307112235
7SZ0,V592F,P00533,1.952,-0.9465059047858505,distal allosteric,9251966,0.20547610307112235
5CAN,V738D,P00533,-0.931,-0.671186247127569,distal allosteric,9251966,0.20547610307112235
6D8E,V738D,P00533,-0.288,-0.8372432707719067,distal allosteric,9251966,0.20547610307112235
5CAN,V738D,P00533,-0.471,-0.8292337408254253,distal allosteric,9251966,0.20547610307112235
5CAN,V738D,P00533,-0.628,-0.8131826453396285,distal allosteric,9251966,0.20547610307112235
5CAN,V738D,P00533,-1.784,-0.9061168737236193,distal allosteric,9251966,0.20547610307112235
5CAN,V904I,P00533,-0.686,-0.6010477336814409,distal allosteric,9251966,0.20547610307112235
5CAN,V904I,P00533,-0.631,-0.7118530739501996,distal allosteric,9251966,0.20547610307112235
5CAN,V904I,P00533,-0.007,-0.5663698298492853,distal allosteric,9251966,0.20547610307112235
5CAN,V904I,P00533,-0.86,-0.6060374363126124,distal allosteric,9251966,0.20547610307112235
5CAN,V904I,P00533,-0.362,-0.5677593873449985,distal allosteric,9251966,0.20547610307112235
1XKK,T790M+L858R,P00533,1.259,-0.4178724532035344,binding pocket,9251966,0.20547610307112235
5CAN,G719S,P00533,0.48,-0.8901110447469881,binding pocket,9251966,0.20547610307112235
2ITY,T790M,P00533,-1.21,-0.7417245806193166,binding pocket,9251966,0.20547610307112235
1XKK,E866D,P00533,0.355,-0.8101266574736905,distal allosteric,9251966,0.20547610307112235
1XKK,T790M+L858R,P00533,1.129,-0.641822086139637,binding pocket,9251966,0.20547610307112235
1XKK,T790M+L858R,P00533,0.063,-0.46319556645698406,binding pocket,9251966,0.20547610307112235
1XKK,T790M+L858R,P00533,2.123,-0.5481302694765962,binding pocket,9251966,0.20547610307112235
2ITY,G719S+T790M,P00533,0.48,-0.6391362721394092,binding pocket,9251966,0.20547610307112235
1XKK,T790M+L858R,P00533,2.31,-0.5481302694765962,binding pocket,9251966,0.20547610307112235
1XKK,T790M+L858R,P00533,1.177,-0.5250687350319589,binding pocket,9251966,0.20547610307112235
1XKK,T790M+L858R,P00533,0.931,-0.4773158146581229,binding pocket,9251966,0.20547610307112235
2J5E,E866D+H988P,P00533,0.441,-0.2520088371950037,intermediate,9251966,0.20547610307112235
2J5E,E866D+H988P,P00533,-0.393,-0.3284673437002827,intermediate,9251966,0.20547610307112235
2J5E,E866D+H988P,P00533,-0.316,-0.43618865621966474,intermediate,9251966,0.20547610307112235
2J5E,T790M+L858R,P00533,0.397,-0.5878391446236741,binding pocket,9251966,0.20547610307112235
6D8E,T790M+L858R,P00533,-0.07,-0.5885720803422088,binding pocket,9251966,0.20547610307112235
6D8E,T790M+L858R,P00533,-2.794,-0.6363848813062206,binding pocket,9251966,0.20547610307112235
1XKK,T790M+L858R,P00533,-2.597,-0.46319556645698406,binding pocket,9251966,0.20547610307112235
2ITY,G719S,P00533,0.48,-0.8581259844899178,binding pocket,9251966,0.20547610307112235
1MOX,A289D,P00533,-0.356,-0.7637764060286916,distal allosteric,9251966,0.20547610307112235
1MOX,A289D,P00533,0.668,-0.8765347059782773,distal allosteric,9251966,0.20547610307112235
7SZ0,A289V,P00533,0.598,-0.8354165303540582,distal allosteric,9251966,0.20547610307112235
1MOX,A289V,P00533,0.528,-0.7279963864088059,distal allosteric,9251966,0.20547610307112235
1MOX,A289V,P00533,0.287,-0.8893550486597508,distal allosteric,9251966,0.20547610307112235
7SZ0,A289V,P00533,1.005,-0.8641562347621384,distal allosteric,9251966,0.20547610307112235
1MOX,A289V,P00533,0.516,-0.8006584301227156,distal allosteric,9251966,0.20547610307112235
5CAN,A702D,P00533,-1.549,-0.8105337767278886,distal allosteric,9251966,0.20547610307112235
5CAN,A702D,P00533,0.098,-0.9135549207867727,distal allosteric,9251966,0.20547610307112235
6D8E,A864V,P00533,-1.162,-0.8063780643339544,distal allosteric,9251966,0.20547610307112235
6D8E,A864V,P00533,-1.228,-0.8177024488302278,distal allosteric,9251966,0.20547610307112235
6D8E,A864V,P00533,-1.186,-0.9401071627534489,distal allosteric,9251966,0.20547610307112235
6D8E,A864V,P00533,-0.788,-0.9052177983575008,distal allosteric,9251966,0.20547610307112235
6D8E,A864V,P00533,-0.396,-0.7699554038144211,distal allosteric,9251966,0.20547610307112235
6D8E,A864V,P00533,-1.02,-0.8322126005275505,distal allosteric,9251966,0.20547610307112235
6D8E,A864V,P00533,-1.432,-1.0367867217309334,distal allosteric,9251966,0.20547610307112235
6D8E,A864V,P00533,-0.67,-1.0261766016886515,distal allosteric,9251966,0.20547610307112235
1MOX,C251Y,P00533,-0.693,-0.8530963107470205,distal allosteric,9251966,0.20547610307112235
1MOX,C311F,P00533,2.202,-0.7748095595188002,distal allosteric,9251966,0.20547610307112235
7SZ0,C523R,P00533,-0.599,-0.8530963107470205,distal allosteric,9251966,0.20547610307112235
7SZ0,C523R,P00533,-0.637,-0.8011696572435254,distal allosteric,9251966,0.20547610307112235
7SZ0,C523R,P00533,0.304,-0.8425883762393805,distal allosteric,9251966,0.20547610307112235
7SZ0,C523R,P00533,0.093,-0.7748095595188002,distal allosteric,9251966,0.20547610307112235
7SZ0,C523R,P00533,-0.466,-0.9902393414549091,distal allosteric,9251966,0.20547610307112235
7SZ0,C523R,P00533,0.621,-0.8011696572435254,distal allosteric,9251966,0.20547610307112235
5CAN,E711K,P00533,-0.282,-0.7872870074002183,distal allosteric,9251966,0.20547610307112235
6TG1,E711K,P00533,0.102,-0.5857843257177842,intermediate,9251966,0.20547610307112235
5CAN,E711K,P00533,0.011,-0.620734478606459,distal allosteric,9251966,0.20547610307112235
5CAN,E711K,P00533,0.301,-0.6755619216017864,distal allosteric,9251966,0.20547610307112235
5CAN,E711K,P00533,1.056,-0.7250468954710181,distal allosteric,9251966,0.20547610307112235
5CAN,F961L,P00533,0.414,-0.7892770762410674,distal allosteric,9251966,0.20547610307112235
5CAN,F961L,P00533,-0.23,-0.9216597424949357,distal allosteric,9251966,0.20547610307112235
5CAN,F961L,P00533,-0.145,-1.0089797617942096,distal allosteric,9251966,0.20547610307112235
5CAN,G719S,P00533,-0.311,-0.7956695052092375,binding pocket,9251966,0.20547610307112235
6TG1,G719S,P00533,-2.08,-0.8292216895660934,binding pocket,9251966,0.20547610307112235
6D8E,G719S,P00533,-1.345,-0.7396117462358055,binding pocket,9251966,0.20547610307112235
5CAN,G719S,P00533,-1.594,-0.7715733057455544,binding pocket,9251966,0.20547610307112235
5CAN,G719S,P00533,0.896,-1.0170447162810494,binding pocket,9251966,0.20547610307112235
5CAN,G917R,P00533,0.04,-0.6483763318419019,distal allosteric,9251966,0.20547610307112235
5CAN,G917R,P00533,-0.148,-0.5944107019690907,distal allosteric,9251966,0.20547610307112235
5CAN,G917R,P00533,-0.372,-0.6259760999195279,distal allosteric,9251966,0.20547610307112235
5CAN,H988P,P00533,-0.191,-0.3685830930541543,distal allosteric,9251966,0.20547610307112235
2M0B,I646L,P00533,0.139,-1.004294894895133,distal allosteric,9251966,0.20547610307112235
2M0B,I646L,P00533,0.342,-0.8676445593584111,distal allosteric,9251966,0.20547610307112235
5LV6,I646L,P00533,-0.278,-0.8870826495995418,distal allosteric,9251966,0.20547610307112235
2M0B,I646L,P00533,0.677,-0.26307429153176354,distal allosteric,8315810,0.3192061772872105
7SZ0,K28N,P00533,-0.86,-0.3721890097032575,distal allosteric,8315810,0.3192061772872105
2N5S,L62R,P00533,0.651,-0.3002004984753097,intermediate,8315810,0.3192061772872105
2N5S,L62R,P00533,0.883,-0.283330010137959,intermediate,8315810,0.3192061772872105
2N5S,L62R,P00533,0.476,-0.09798886102136661,intermediate,8315810,0.3192061772872105
2N5S,L62R,P00533,1.078,-0.15881428958387933,intermediate,8315810,0.3192061772872105
2N5S,L62R,P00533,1.369,-0.1689336757381611,intermediate,8315810,0.3192061772872105
1MOX,L76P,P00533,-0.985,-0.3721890097032575,distal allosteric,8315810,0.3192061772872105
2M20,L76P,P00533,-0.064,-0.38770970440995606,intermediate,8315810,0.3192061772872105
2M20,L76P,P00533,-0.699,-0.42788545089258867,intermediate,8315810,0.3192061772872105
1MOX,L76P,P00533,-0.228,-0.29926531869129225,distal allosteric,8315810,0.3192061772872105
2M20,L76P,P00533,0.398,-0.4020397379652542,intermediate,8315810,0.3192061772872105
5FED,G719S+T790M,P00533,-0.56,-0.5052268423236468,binding pocket,8315810,0.3192061772872105
5FED,L858R+T790M,P00533,-0.7,0.003499678797581631,intermediate,8315810,0.3192061772872105
1MOX,L76P,P00533,-1.343,-0.69494703809654,distal allosteric,8315810,0.3192061772872105
2M20,L76P,P00533,-1.839,-0.557325163394651,intermediate,8315810,0.3192061772872105
6D8E,L858R,P00533,-4.042,-0.39806100784066845,intermediate,8315810,0.3192061772872105
6D8E,L858R,P00533,-2.66,-0.6062203698614065,intermediate,8315810,0.3192061772872105
5CAN,L861Q,P00533,-0.896,-0.26998895163352,distal allosteric,8315810,0.3192061772872105
5CAN,L861Q,P00533,-0.526,-0.166495100352694,distal allosteric,8315810,0.3192061772872105
5CAN,L861Q,P00533,-1.064,-0.22428482379632836,distal allosteric,8315810,0.3192061772872105
6D8E,L861Q,P00533,-0.736,-0.3126673301011324,intermediate,8315810,0.3192061772872105
6D8E,L861Q,P00533,-0.619,-0.3625226442962885,intermediate,8315810,0.3192061772872105
5CAN,L883F,P00533,-0.382,-0.4490977044478059,distal allosteric,8315810,0.3192061772872105
5CAN,L883F,P00533,0.58,-0.39291863957398077,distal allosteric,8315810,0.3192061772872105
5CAN,L883F,P00533,0.226,-0.5032922551351435,distal allosteric,8315810,0.3192061772872105
5CAN,L883F,P00533,0.281,-0.328687044946696,distal allosteric,8315810,0.3192061772872105
5CAN,L883F,P00533,0.945,-0.4431250919629546,distal allosteric,8315810,0.3192061772872105
3PFV,P1071L,P00533,0.324,-0.3721890097032575,binding pocket,8315810,0.3192061772872105
3PFV,P1071L,P00533,-0.931,-0.38575681576045123,binding pocket,8315810,0.3192061772872105
3PFV,P1071L,P00533,-0.113,-0.4655308750061428,binding pocket,8315810,0.3192061772872105
3PFV,P1071L,P00533,0.13,-0.29926531869129225,binding pocket,8315810,0.3192061772872105
3PFV,P1071L,P00533,-0.12,-0.69494703809654,binding pocket,8315810,0.3192061772872105
3PFV,P1071L,P00533,1.21,-0.38575681576045123,binding pocket,8315810,0.3192061772872105
5CAN,P753S,P00533,1.334,-0.8488681996008928,distal allosteric,8315810,0.3192061772872105
6TG1,Q701R,P00533,-0.382,-0.39378624949472796,distal allosteric,8315810,0.3192061772872105
5CAN,Q701R,P00533,0.29,-0.21996912166125632,distal allosteric,8315810,0.3192061772872105
5CAN,Q701R,P00533,-0.522,-0.2850534240482923,distal allosteric,8315810,0.3192061772872105
1MOX,R165Q,P00533,0.288,-0.29926531869129225,intermediate,8315810,0.3192061772872105
1MOX,R451C,P00533,-0.719,-0.3721890097032575,distal allosteric,8315810,0.3192061772872105
7SZ0,R451C,P00533,-1.196,-0.38332798126953493,distal allosteric,8315810,0.3192061772872105
1MOX,R451C,P00533,-0.817,-0.4655308750061428,distal allosteric,8315810,0.3192061772872105
1MOX,R451C,P00533,-0.695,-0.29926531869129225,distal allosteric,8315810,0.3192061772872105
7SZ0,R451C,P00533,-1.115,-0.41988455090978566,distal allosteric,8315810,0.3192061772872105
1MOX,R451C,P00533,0.991,-0.38575681576045123,distal allosteric,8315810,0.3192061772872105
2M0B,R675Q,P00533,0.202,0.30733379937620725,intermediate,8315810,0.3192061772872105
2M0B,R675Q,P00533,0.948,0.3527907462584623,intermediate,8315810,0.3192061772872105
2M0B,R675Q,P00533,1.255,0.1365791168843999,intermediate,8315810,0.3192061772872105
2M0B,R675Q,P00533,0.318,0.21695276697242963,intermediate,8315810,0.3192061772872105
2M0B,R677C,P00533,-1.091,-0.12370983607497284,distal allosteric,8315810,0.3192061772872105
5CAN,R832C,P00533,-1.389,-0.48482087871256996,distal allosteric,8315810,0.3192061772872105
5CAN,R832C,P00533,-1.507,-0.42596566543289843,distal allosteric,8315810,0.3192061772872105
5CAN,R832C,P00533,-0.512,-0.5042013285230188,distal allosteric,8315810,0.3192061772872105
5CAN,S703F,P00533,-2.773,-0.29926531869129225,distal allosteric,8315810,0.3192061772872105
5CAN,S768I,P00533,-2.066,-0.43415998714461046,intermediate,8315810,0.3192061772872105
6D8E,S768I,P00533,-1.336,-0.600066639240612,intermediate,8315810,0.3192061772872105
5CAN,S768I,P00533,-1.442,-0.3977340689922464,intermediate,8315810,0.3192061772872105
5CAN,S768I,P00533,-2.007,-0.4582684767912416,intermediate,8315810,0.3192061772872105
5CAN,S768I,P00533,-1.274,-0.4268921878066133,intermediate,8315810,0.3192061772872105
5CAN,S768I,P00533,-3.63,-0.4457570176668027,intermediate,8315810,0.3192061772872105
5CAN,S811F,P00533,0.566,-0.2604399426772314,distal allosteric,8315810,0.3192061772872105
5CAN,S811F,P00533,0.765,-0.2667701394777088,distal allosteric,8315810,0.3192061772872105
5CAN,S811F,P00533,0.132,-0.30226697962161375,distal allosteric,8315810,0.3192061772872105
5CAN,S811F,P00533,0.163,-0.32657887669258256,distal allosteric,8315810,0.3192061772872105
5CAN,S811F,P00533,-0.607,-0.3704667922890581,distal allosteric,8315810,0.3192061772872105
6TG1,T751I,P00533,0.033,-0.5686987913255306,intermediate,8315810,0.3192061772872105
5CAN,T751I,P00533,0.148,-0.3968082165989806,distal allosteric,8315810,0.3192061772872105
5CAN,T751I,P00533,-0.088,-0.4462648033418364,distal allosteric,8315810,0.3192061772872105
5CAN,T751I,P00533,-0.629,-0.4648287596825291,distal allosteric,8315810,0.3192061772872105
5CAN,V1011M,P00533,-2.524,-0.8147697635310537,intermediate,8315810,0.3192061772872105
5CAN,V1011M,P00533,-0.597,-0.8003442660289651,intermediate,8315810,0.3192061772872105
5CAN,V1011M,P00533,-1.794,-0.8172073631917728,intermediate,8315810,0.3192061772872105
1MOX,V292M,P00533,-0.108,-0.3721890097032575,distal allosteric,8315810,0.3192061772872105
7SZ0,V592F,P00533,-0.734,-0.3721890097032575,distal allosteric,8315810,0.3192061772872105
7SZ0,V592F,P00533,0.123,-0.42788545089258867,distal allosteric,8315810,0.3192061772872105
7SZ0,V592F,P00533,1.952,-0.557325163394651,distal allosteric,8315810,0.3192061772872105
5CAN,V738D,P00533,-0.931,-0.47297143166862865,distal allosteric,8315810,0.3192061772872105
6D8E,V738D,P00533,-0.288,-0.2944876494968639,distal allosteric,8315810,0.3192061772872105
5CAN,V738D,P00533,-0.471,-0.4605302529944217,distal allosteric,8315810,0.3192061772872105
5CAN,V738D,P00533,-0.628,-0.39266816984511477,distal allosteric,8315810,0.3192061772872105
5CAN,V738D,P00533,-1.784,-0.43968216864370246,distal allosteric,8315810,0.3192061772872105
5CAN,V904I,P00533,-0.631,-0.6852971019867587,distal allosteric,8315810,0.3192061772872105
5CAN,V904I,P00533,-0.007,-0.6080590587644015,distal allosteric,8315810,0.3192061772872105
5CAN,V904I,P00533,-0.208,-0.6193464876413345,distal allosteric,8315810,0.3192061772872105
5CAN,V904I,P00533,-0.86,-0.5624278446646298,distal allosteric,8315810,0.3192061772872105
1XKK,T790M+L858R,P00533,1.259,-0.11501335837911156,binding pocket,8315810,0.3192061772872105
5CAN,G719S,P00533,0.48,-0.5050467942225583,binding pocket,8315810,0.3192061772872105
6D8E,L858R,P00533,-1.6,-0.39806100784066845,intermediate,8315810,0.3192061772872105
2ITY,T790M,P00533,-1.21,-0.22232940256573697,binding pocket,8315810,0.3192061772872105
1XKK,E866D,P00533,0.355,-0.2987270333352773,distal allosteric,8315810,0.3192061772872105
1XKK,T790M+L858R,P00533,1.129,-0.2631404681501581,binding pocket,8315810,0.3192061772872105
1XKK,T790M+L858R,P00533,0.063,-0.14763368207775054,binding pocket,8315810,0.3192061772872105
1XKK,T790M+L858R,P00533,2.123,-0.12280371831461567,binding pocket,8315810,0.3192061772872105
2ITY,G719S+T790M,P00533,0.48,-0.526282057197655,binding pocket,8315810,0.3192061772872105
1XKK,T790M+L858R,P00533,2.31,-0.12280371831461567,binding pocket,8315810,0.3192061772872105
1XKK,T790M+L858R,P00533,1.177,-0.057828943454715245,binding pocket,8315810,0.3192061772872105
1XKK,T790M+L858R,P00533,0.931,-0.10262888629296245,binding pocket,8315810,0.3192061772872105
2J5E,E866D+H988P,P00533,0.327,-0.6059036991491037,intermediate,8315810,0.3192061772872105
2J5E,E866D+H988P,P00533,0.441,-0.6919264174929874,intermediate,8315810,0.3192061772872105
2J5E,E866D+H988P,P00533,0.185,-0.7847008140087128,intermediate,8315810,0.3192061772872105
2J5E,E866D+H988P,P00533,-0.393,-0.6976131591165767,intermediate,8315810,0.3192061772872105
2J5E,E866D+H988P,P00533,-0.316,-0.6340935416835196,intermediate,8315810,0.3192061772872105
2J5E,T790M+L858R,P00533,0.397,-0.07918459048691917,binding pocket,8315810,0.3192061772872105
6D8E,T790M+L858R,P00533,-0.105,-0.09042646043309392,binding pocket,8315810,0.3192061772872105
6D8E,T790M+L858R,P00533,-0.07,0.017241317254217233,binding pocket,8315810,0.3192061772872105
6D8E,T790M+L858R,P00533,-2.794,-0.13647577397065125,binding pocket,8315810,0.3192061772872105
1XKK,T790M+L858R,P00533,-2.597,-0.14763368207775054,binding pocket,8315810,0.3192061772872105
2ITY,G719S,P00533,0.48,-0.5277806828935795,binding pocket,8315810,0.3192061772872105
1MOX,A289D,P00533,-0.356,-0.42226736163041173,distal allosteric,8315810,0.3192061772872105
1MOX,A289D,P00533,0.668,-0.4619169820634758,distal allosteric,8315810,0.3192061772872105
7SZ0,A289V,P00533,0.598,-0.3915624414263019,distal allosteric,8315810,0.3192061772872105
1MOX,A289V,P00533,0.528,-0.33627526750108777,distal allosteric,8315810,0.3192061772872105
1MOX,A289V,P00533,0.287,-0.3334673762856161,distal allosteric,8315810,0.3192061772872105
7SZ0,A289V,P00533,1.005,-0.4020397379652542,distal allosteric,8315810,0.3192061772872105
1MOX,A289V,P00533,0.516,-0.4702698746600791,distal allosteric,8315810,0.3192061772872105
5CAN,A702D,P00533,0.098,-0.6482058494283872,distal allosteric,8315810,0.3192061772872105
6D8E,A864V,P00533,-1.162,-0.6397523490260629,distal allosteric,8315810,0.3192061772872105
6D8E,A864V,P00533,-1.228,-0.6941190051120869,distal allosteric,8315810,0.3192061772872105
6D8E,A864V,P00533,-1.186,-0.7276501853115418,distal allosteric,8315810,0.3192061772872105
6D8E,A864V,P00533,-0.945,-0.6123506133486243,distal allosteric,8315810,0.3192061772872105
6D8E,A864V,P00533,-0.788,-0.6999479817432516,distal allosteric,8315810,0.3192061772872105
6D8E,A864V,P00533,-0.396,-0.6440718538059907,distal allosteric,8315810,0.3192061772872105
6D8E,A864V,P00533,-1.432,-0.7080287300365813,distal allosteric,8315810,0.3192061772872105
6D8E,A864V,P00533,-0.67,-0.6990698839250733,distal allosteric,8315810,0.3192061772872105
1MOX,C251Y,P00533,-0.693,-0.3721890097032575,distal allosteric,8315810,0.3192061772872105
7SZ0,C523R,P00533,-0.599,-0.3721890097032575,distal allosteric,8315810,0.3192061772872105
7SZ0,C523R,P00533,-0.637,-0.38575681576045123,distal allosteric,8315810,0.3192061772872105
7SZ0,C523R,P00533,0.304,-0.4655308750061428,distal allosteric,8315810,0.3192061772872105
7SZ0,C523R,P00533,0.093,-0.29926531869129225,distal allosteric,8315810,0.3192061772872105
7SZ0,C523R,P00533,-0.466,-0.69494703809654,distal allosteric,8315810,0.3192061772872105
7SZ0,C523R,P00533,0.621,-0.38575681576045123,distal allosteric,8315810,0.3192061772872105
5CAN,E711K,P00533,-0.282,-0.1714965359842514,distal allosteric,8315810,0.3192061772872105
6TG1,E711K,P00533,0.102,-0.13828081722951985,intermediate,8315810,0.3192061772872105
5CAN,E711K,P00533,0.011,-0.15602477073318816,distal allosteric,8315810,0.3192061772872105
5CAN,E711K,P00533,1.056,-0.2300486198175041,distal allosteric,8315810,0.3192061772872105
5CAN,F961L,P00533,0.414,-0.35171605756593977,distal allosteric,8315810,0.3192061772872105
5CAN,F961L,P00533,-0.23,-0.4567270522485761,distal allosteric,8315810,0.3192061772872105
5CAN,F961L,P00533,-0.145,-0.4809185412534896,distal allosteric,8315810,0.3192061772872105
2M0B,G659R,P00533,-0.828,-0.3721890097032575,binding pocket,8315810,0.3192061772872105
5CAN,G719S,P00533,-0.311,-0.3787208714783192,binding pocket,8315810,0.3192061772872105
6TG1,G719S,P00533,-2.08,-0.48918344324651886,binding pocket,8315810,0.3192061772872105
6D8E,G719S,P00533,-1.345,-0.36071535224949614,binding pocket,8315810,0.3192061772872105
5CAN,G719S,P00533,-1.534,-0.5050467942225583,binding pocket,8315810,0.3192061772872105
5CAN,G719S,P00533,-1.594,-0.48270384006289874,binding pocket,8315810,0.3192061772872105
5CAN,G719S,P00533,0.896,-0.4537809303017224,binding pocket,8315810,0.3192061772872105
5CAN,G917R,P00533,-0.265,-0.44637012903940154,distal allosteric,8315810,0.3192061772872105
5CAN,G917R,P00533,0.04,-0.37810897787846626,distal allosteric,8315810,0.3192061772872105
5CAN,G917R,P00533,-0.148,-0.22542298960861037,distal allosteric,8315810,0.3192061772872105
5CAN,G917R,P00533,-0.372,-0.27573539495117527,distal allosteric,8315810,0.3192061772872105
5CAN,H988P,P00533,-0.191,-0.4086099033942994,distal allosteric,8315810,0.3192061772872105
2M0B,I646L,P00533,0.139,-0.29507187570806814,distal allosteric,8315810,0.3192061772872105
2M0B,I646L,P00533,0.342,-0.139830113995382,distal allosteric,8315810,0.3192061772872105
5LV6,I646L,P00533,-0.278,-0.11980128033941281,distal allosteric,8315810,0.3192061772872105
2M0B,I646L,P00533,0.656,0.09701998834180481,distal allosteric,7180197,0.210434868602747
2M0B,I646L,P00533,0.677,0.08970302968954338,distal allosteric,7180197,0.210434868602747
7SZ0,K28N,P00533,-0.86,-0.046276437436833094,distal allosteric,7180197,0.210434868602747
2N5S,L62R,P00533,0.651,0.612625545887386,intermediate,7180197,0.210434868602747
2N5S,L62R,P00533,0.476,0.6787322917510481,intermediate,7180197,0.210434868602747
2N5S,L62R,P00533,1.078,0.6105856634781641,intermediate,7180197,0.210434868602747
2N5S,L62R,P00533,1.369,0.5376984972392811,intermediate,7180197,0.210434868602747
1MOX,L76P,P00533,-0.985,-0.046276437436833094,distal allosteric,7180197,0.210434868602747
1MOX,L76P,P00533,-0.97,0.0608591238374767,distal allosteric,7180197,0.210434868602747
2M20,L76P,P00533,-0.064,0.01153185800331481,intermediate,7180197,0.210434868602747
2M20,L76P,P00533,-0.699,0.09303170268325245,intermediate,7180197,0.210434868602747
1MOX,L76P,P00533,-0.228,-0.09219387840961707,distal allosteric,7180197,0.210434868602747
2M20,L76P,P00533,0.398,0.020996739331413723,intermediate,7180197,0.210434868602747
5FED,G719S+T790M,P00533,-0.56,0.2266156416601118,binding pocket,7180197,0.210434868602747
5FED,L858R+T790M,P00533,-0.7,0.4820217043814413,intermediate,7180197,0.210434868602747
1MOX,L76P,P00533,-1.343,-0.06356337468238436,distal allosteric,7180197,0.210434868602747
2M20,L76P,P00533,-1.839,0.07116315953170553,intermediate,7180197,0.210434868602747
6D8E,L858R,P00533,-4.042,0.008748784014407332,intermediate,7180197,0.210434868602747
6D8E,L858R,P00533,-2.66,-0.002037350023055773,intermediate,7180197,0.210434868602747
5CAN,L861Q,P00533,-0.896,-0.049102819568970606,distal allosteric,7180197,0.210434868602747
5CAN,L861Q,P00533,-0.526,-0.10634483965705421,distal allosteric,7180197,0.210434868602747
5CAN,L861Q,P00533,-1.064,-0.15511765121800056,distal allosteric,7180197,0.210434868602747
6D8E,L861Q,P00533,-0.619,-0.37397946503933743,intermediate,7180197,0.210434868602747
5CAN,L883F,P00533,-0.382,-0.0843414554595947,distal allosteric,7180197,0.210434868602747
5CAN,L883F,P00533,0.58,0.11159023906553492,distal allosteric,7180197,0.210434868602747
5CAN,L883F,P00533,0.226,0.002606986046275677,distal allosteric,7180197,0.210434868602747
5CAN,L883F,P00533,0.945,-0.17475637792489107,distal allosteric,7180197,0.210434868602747
3PFV,P1071L,P00533,0.324,-0.046276437436833094,binding pocket,7180197,0.210434868602747
3PFV,P1071L,P00533,-0.931,0.19917027850536742,binding pocket,7180197,0.210434868602747
3PFV,P1071L,P00533,-0.113,0.0608591238374767,binding pocket,7180197,0.210434868602747
3PFV,P1071L,P00533,0.13,-0.09219387840961707,binding pocket,7180197,0.210434868602747
3PFV,P1071L,P00533,-0.12,-0.06356337468238436,binding pocket,7180197,0.210434868602747
5CAN,P753S,P00533,-1.218,-0.18746179034429436,distal allosteric,7180197,0.210434868602747
5CAN,P753S,P00533,1.334,-0.19094937841506562,distal allosteric,7180197,0.210434868602747
5CAN,Q701R,P00533,-0.279,0.3014971714243293,distal allosteric,7180197,0.210434868602747
6TG1,Q701R,P00533,-0.382,0.30248690611255524,distal allosteric,7180197,0.210434868602747
5CAN,Q701R,P00533,0.29,0.29714195243011726,distal allosteric,7180197,0.210434868602747
6D8E,Q701R,P00533,-0.347,0.2813682673631565,distal allosteric,7180197,0.210434868602747
5CAN,Q701R,P00533,0.084,0.35423564451757594,distal allosteric,7180197,0.210434868602747
5CAN,Q701R,P00533,-0.522,0.24133627599828386,distal allosteric,7180197,0.210434868602747
1MOX,R165Q,P00533,0.288,-0.09219387840961707,intermediate,7180197,0.210434868602747
1MOX,R451C,P00533,-0.719,-0.046276437436833094,distal allosteric,7180197,0.210434868602747
7SZ0,R451C,P00533,-1.196,0.1749007969323327,distal allosteric,7180197,0.210434868602747
1MOX,R451C,P00533,-0.817,0.0608591238374767,distal allosteric,7180197,0.210434868602747
7SZ0,R451C,P00533,-1.115,0.22043782632535,distal allosteric,7180197,0.210434868602747
1MOX,R451C,P00533,0.991,0.19917027850536742,distal allosteric,7180197,0.210434868602747
2M0B,R675Q,P00533,0.202,0.5958555088867159,intermediate,7180197,0.210434868602747
2M0B,R675Q,P00533,0.704,0.6679133062958718,intermediate,7180197,0.210434868602747
2M0B,R677C,P00533,-1.091,0.1843877611611525,distal allosteric,7180197,0.210434868602747
5CAN,R832C,P00533,-1.389,0.03131659910696395,distal allosteric,7180197,0.210434868602747
5CAN,R832C,P00533,-1.507,0.05400626264496107,distal allosteric,7180197,0.210434868602747
5CAN,R832C,P00533,-0.512,0.031136107148493047,distal allosteric,7180197,0.210434868602747
5CAN,S703F,P00533,-2.773,-0.09219387840961707,distal allosteric,7180197,0.210434868602747
5CAN,S768I,P00533,-2.066,0.02133784279840834,intermediate,7180197,0.210434868602747
6D8E,S768I,P00533,-1.336,0.010588391858865238,intermediate,7180197,0.210434868602747
5CAN,S768I,P00533,-1.442,0.11355010815578348,intermediate,7180197,0.210434868602747
5CAN,S768I,P00533,-2.007,0.09255649599695906,intermediate,7180197,0.210434868602747
5CAN,S768I,P00533,-1.274,0.10003531878660707,intermediate,7180197,0.210434868602747
5CAN,S768I,P00533,-3.63,0.03557412053469349,intermediate,7180197,0.210434868602747
5CAN,S811F,P00533,0.566,0.28475982850264103,distal allosteric,7180197,0.210434868602747
5CAN,S811F,P00533,0.765,0.2482187158588101,distal allosteric,7180197,0.210434868602747
5CAN,S811F,P00533,0.132,0.23244632233766951,distal allosteric,7180197,0.210434868602747
5CAN,S811F,P00533,0.163,0.37780735637291385,distal allosteric,7180197,0.210434868602747
5CAN,S811F,P00533,-0.607,0.20578638659746332,distal allosteric,7180197,0.210434868602747
6TG1,T751I,P00533,0.033,-0.06476429750200578,intermediate,7180197,0.210434868602747
5CAN,T751I,P00533,-0.088,-0.029084526211023327,distal allosteric,7180197,0.210434868602747
5CAN,T751I,P00533,-0.18,0.059441040937953146,distal allosteric,7180197,0.210434868602747
5CAN,T751I,P00533,-0.629,-0.11615758037567137,distal allosteric,7180197,0.210434868602747
5CAN,V1011M,P00533,-2.524,-0.10567295703642507,intermediate,7180197,0.210434868602747
5CAN,V1011M,P00533,-0.267,-0.128466863832053,intermediate,7180197,0.210434868602747
5CAN,V1011M,P00533,-0.597,-0.086332797117093,intermediate,7180197,0.210434868602747
5CAN,V1011M,P00533,-1.178,0.09819692390762709,intermediate,7180197,0.210434868602747
5CAN,V1011M,P00533,-1.794,-0.12673767633122554,intermediate,7180197,0.210434868602747
1MOX,V292M,P00533,-0.108,-0.046276437436833094,distal allosteric,7180197,0.210434868602747
7SZ0,V592F,P00533,1.952,0.07116315953170553,distal allosteric,7180197,0.210434868602747
5CAN,V738D,P00533,-0.931,-0.1411048585772514,distal allosteric,7180197,0.210434868602747
6D8E,V738D,P00533,-0.288,-0.13794656836416788,distal allosteric,7180197,0.210434868602747
5CAN,V738D,P00533,-0.471,-0.29994214851014755,distal allosteric,7180197,0.210434868602747
5CAN,V738D,P00533,-0.628,-0.2277283401068519,distal allosteric,7180197,0.210434868602747
5CAN,V738D,P00533,-1.784,-0.3561814799799639,distal allosteric,7180197,0.210434868602747
5CAN,V904I,P00533,-0.686,-0.005981187161277304,distal allosteric,7180197,0.210434868602747
5CAN,V904I,P00533,-0.631,0.09590778761116021,distal allosteric,7180197,0.210434868602747
5CAN,V904I,P00533,-0.007,-0.02922973999906987,distal allosteric,7180197,0.210434868602747
5CAN,V904I,P00533,-0.208,0.03462147385057282,distal allosteric,7180197,0.210434868602747
5CAN,V904I,P00533,-0.86,0.14476602514614081,distal allosteric,7180197,0.210434868602747
5CAN,V904I,P00533,-0.362,0.06411244326829911,distal allosteric,7180197,0.210434868602747
1XKK,T790M+L858R,P00533,1.259,0.53774263332828,binding pocket,7180197,0.210434868602747
5CAN,G719S,P00533,0.48,-0.18098353637316644,binding pocket,7180197,0.210434868602747
6D8E,L858R,P00533,-1.6,0.008748784014407332,intermediate,7180197,0.210434868602747
2ITY,T790M,P00533,-1.21,0.2774270117278485,binding pocket,7180197,0.210434868602747
1XKK,E866D,P00533,0.355,0.1432680994350025,distal allosteric,7180197,0.210434868602747
1XKK,T790M+L858R,P00533,1.129,0.3355661657305764,binding pocket,7180197,0.210434868602747
1XKK,T790M+L858R,P00533,0.063,0.5117765718847513,binding pocket,7180197,0.210434868602747
1XKK,T790M+L858R,P00533,2.123,0.4030071332717643,binding pocket,7180197,0.210434868602747
2ITY,G719S+T790M,P00533,0.48,0.20697279806917207,binding pocket,7180197,0.210434868602747
1XKK,T790M+L858R,P00533,2.31,0.4030071332717643,binding pocket,7180197,0.210434868602747
1XKK,T790M+L858R,P00533,1.177,0.5420162682800608,binding pocket,7180197,0.210434868602747
1XKK,T790M+L858R,P00533,0.931,0.5151778303486404,binding pocket,7180197,0.210434868602747
2J5E,E866D+H988P,P00533,0.327,0.10189292285109267,intermediate,7180197,0.210434868602747
2J5E,E866D+H988P,P00533,-0.316,-0.03668296872955912,intermediate,7180197,0.210434868602747
2J5E,T790M+L858R,P00533,0.397,0.3578423533474697,binding pocket,7180197,0.210434868602747
6D8E,T790M+L858R,P00533,-0.105,0.46198276058891236,binding pocket,7180197,0.210434868602747
6D8E,T790M+L858R,P00533,-0.07,0.40775616331091696,binding pocket,7180197,0.210434868602747
6D8E,T790M+L858R,P00533,-2.794,0.3848211292885244,binding pocket,7180197,0.210434868602747
1XKK,T790M+L858R,P00533,-2.597,0.5117765718847513,binding pocket,7180197,0.210434868602747
2ITY,G719S,P00533,0.48,-0.10366778370475066,binding pocket,7180197,0.210434868602747
1MOX,A289D,P00533,-0.356,0.08131417892007706,distal allosteric,7180197,0.210434868602747
1MOX,A289D,P00533,0.668,-0.01716939358851487,distal allosteric,7180197,0.210434868602747
7SZ0,A289V,P00533,0.598,0.09538650100344367,distal allosteric,7180197,0.210434868602747
1MOX,A289V,P00533,0.287,0.3152574916639748,distal allosteric,7180197,0.210434868602747
7SZ0,A289V,P00533,1.005,0.020996739331413723,distal allosteric,7180197,0.210434868602747
1MOX,A289V,P00533,0.516,0.27145206711197495,distal allosteric,7180197,0.210434868602747
5CAN,A702D,P00533,-1.549,0.023287090319044454,distal allosteric,7180197,0.210434868602747
5CAN,A702D,P00533,0.098,-0.13815951784568672,distal allosteric,7180197,0.210434868602747
6D8E,A864V,P00533,-1.162,0.14739200408143155,distal allosteric,7180197,0.210434868602747
6D8E,A864V,P00533,-1.228,0.20052333308668696,distal allosteric,7180197,0.210434868602747
6D8E,A864V,P00533,-1.186,0.08498021384712089,distal allosteric,7180197,0.210434868602747
6D8E,A864V,P00533,-0.945,0.17198459388753948,distal allosteric,7180197,0.210434868602747
6D8E,A864V,P00533,-0.788,0.11730800548195838,distal allosteric,7180197,0.210434868602747
6D8E,A864V,P00533,-0.396,0.15354316665555404,distal allosteric,7180197,0.210434868602747
6D8E,A864V,P00533,-1.02,0.25214875120735347,distal allosteric,7180197,0.210434868602747
6D8E,A864V,P00533,-1.432,0.12347546056526548,distal allosteric,7180197,0.210434868602747
6D8E,A864V,P00533,-0.67,0.12298328129202127,distal allosteric,7180197,0.210434868602747
1MOX,C251Y,P00533,-0.693,-0.046276437436833094,distal allosteric,7180197,0.210434868602747
1MOX,C311F,P00533,2.202,-0.09219387840961707,distal allosteric,7180197,0.210434868602747
7SZ0,C523R,P00533,-0.599,-0.046276437436833094,distal allosteric,7180197,0.210434868602747
7SZ0,C523R,P00533,-0.637,0.19917027850536742,distal allosteric,7180197,0.210434868602747
7SZ0,C523R,P00533,0.304,0.0608591238374767,distal allosteric,7180197,0.210434868602747
7SZ0,C523R,P00533,0.093,-0.09219387840961707,distal allosteric,7180197,0.210434868602747
7SZ0,C523R,P00533,-0.466,-0.06356337468238436,distal allosteric,7180197,0.210434868602747
7SZ0,C523R,P00533,0.621,0.19917027850536742,distal allosteric,7180197,0.210434868602747
5CAN,E711K,P00533,-0.282,0.2513359468466986,distal allosteric,7180197,0.210434868602747
6TG1,E711K,P00533,0.102,0.14836860790202283,intermediate,7180197,0.210434868602747
5CAN,E711K,P00533,0.301,0.17670191874793348,distal allosteric,7180197,0.210434868602747
5CAN,E711K,P00533,1.056,-0.05399275274224139,distal allosteric,7180197,0.210434868602747
5CAN,F961L,P00533,0.414,-0.015604669108110298,distal allosteric,7180197,0.210434868602747
5CAN,F961L,P00533,-0.23,-0.08400821750479584,distal allosteric,7180197,0.210434868602747
5CAN,F961L,P00533,-0.145,-0.13221843013693302,distal allosteric,7180197,0.210434868602747
2M0B,G659R,P00533,-0.828,-0.046276437436833094,binding pocket,7180197,0.210434868602747
5CAN,G719S,P00533,-0.311,-0.08688636895532115,binding pocket,7180197,0.210434868602747
6TG1,G719S,P00533,-2.08,0.05006847904184286,binding pocket,7180197,0.210434868602747
6D8E,G719S,P00533,-1.345,-0.050711790472707304,binding pocket,7180197,0.210434868602747
5CAN,G719S,P00533,-1.534,-0.18098353637316644,binding pocket,7180197,0.210434868602747
5CAN,G719S,P00533,-1.594,0.10204231663398883,binding pocket,7180197,0.210434868602747
5CAN,G719S,P00533,0.896,-0.3260148391022402,binding pocket,7180197,0.210434868602747
5CAN,G917R,P00533,-0.265,0.12298180909016553,distal allosteric,7180197,0.210434868602747
5CAN,G917R,P00533,0.04,0.038538242262514205,distal allosteric,7180197,0.210434868602747
5CAN,G917R,P00533,-0.148,0.009118710990611689,distal allosteric,7180197,0.210434868602747
5CAN,G917R,P00533,-0.372,-0.007267526833450075,distal allosteric,7180197,0.210434868602747
5CAN,H988P,P00533,-0.191,0.14178331230230193,distal allosteric,7180197,0.210434868602747
2M0B,I646L,P00533,0.139,0.027998789059765203,distal allosteric,7180197,0.210434868602747
2M0B,I646L,P00533,0.342,0.07700806533983524,distal allosteric,7180197,0.210434868602747
5LV6,I646L,P00533,-0.278,0.12631909594115087,distal allosteric,7180197,0.210434868602747
2M0B,I646L,P00533,0.656,-1.2061431882749585,distal allosteric,5747889,-0.07896134708020915
2M0B,I646L,P00533,0.677,-1.305567825033384,distal allosteric,5747889,-0.07896134708020915
7SZ0,K28N,P00533,-0.86,-1.0220786131874602,distal allosteric,5747889,-0.07896134708020915
2N5S,L62R,P00533,0.651,-1.0245951830327975,intermediate,5747889,-0.07896134708020915
2N5S,L62R,P00533,0.883,-0.8301890967260388,intermediate,5747889,-0.07896134708020915
2N5S,L62R,P00533,0.476,-0.9729344918074851,intermediate,5747889,-0.07896134708020915
2N5S,L62R,P00533,1.078,-0.8272868450577643,intermediate,5747889,-0.07896134708020915
2N5S,L62R,P00533,1.369,-1.0233228575175297,intermediate,5747889,-0.07896134708020915
1MOX,L76P,P00533,-0.985,-1.0220786131874602,distal allosteric,5747889,-0.07896134708020915
1MOX,L76P,P00533,-0.97,-1.0610207214469418,distal allosteric,5747889,-0.07896134708020915
2M20,L76P,P00533,-0.064,-1.0009523786122307,intermediate,5747889,-0.07896134708020915
2M20,L76P,P00533,-0.699,-1.0827106266567372,intermediate,5747889,-0.07896134708020915
1MOX,L76P,P00533,-0.228,-1.1721202365435002,distal allosteric,5747889,-0.07896134708020915
2M20,L76P,P00533,0.398,-0.987544301854556,intermediate,5747889,-0.07896134708020915
5FED,G719S+T790M,P00533,-0.56,-1.2479341496176577,binding pocket,5747889,-0.07896134708020915
1MOX,L76P,P00533,-1.343,-0.901992106931832,distal allosteric,5747889,-0.07896134708020915
6D8E,L858R,P00533,-2.66,-2.7781036986322967,intermediate,5747889,-0.07896134708020915
5CAN,L861Q,P00533,-0.896,-0.9452513850394032,distal allosteric,5747889,-0.07896134708020915
5CAN,L861Q,P00533,-0.526,-1.0891953260100937,distal allosteric,5747889,-0.07896134708020915
6D8E,L861Q,P00533,-0.736,-1.15018759704688,intermediate,5747889,-0.07896134708020915
6D8E,L861Q,P00533,-0.619,-1.335109919362756,intermediate,5747889,-0.07896134708020915
5CAN,L883F,P00533,-0.382,-0.9912289557414238,distal allosteric,5747889,-0.07896134708020915
5CAN,L883F,P00533,0.58,-0.8886937866902306,distal allosteric,5747889,-0.07896134708020915
5CAN,L883F,P00533,0.226,-1.0995073210404198,distal allosteric,5747889,-0.07896134708020915
5CAN,L883F,P00533,0.281,-0.9144450659874606,distal allosteric,5747889,-0.07896134708020915
5CAN,L883F,P00533,0.945,-1.225080370620605,distal allosteric,5747889,-0.07896134708020915
3PFV,P1071L,P00533,0.324,-1.0220786131874602,binding pocket,5747889,-0.07896134708020915
3PFV,P1071L,P00533,-0.931,-0.8960585521709393,binding pocket,5747889,-0.07896134708020915
3PFV,P1071L,P00533,-0.113,-1.0610207214469418,binding pocket,5747889,-0.07896134708020915
3PFV,P1071L,P00533,0.13,-1.1721202365435002,binding pocket,5747889,-0.07896134708020915
3PFV,P1071L,P00533,1.21,-0.8960585521709393,binding pocket,5747889,-0.07896134708020915
5CAN,P753S,P00533,-1.218,-0.9236915577597477,distal allosteric,5747889,-0.07896134708020915
5CAN,P753S,P00533,1.334,-1.1991033016495845,distal allosteric,5747889,-0.07896134708020915
5CAN,Q701R,P00533,-0.279,-0.7828213235429106,distal allosteric,5747889,-0.07896134708020915
5CAN,Q701R,P00533,0.29,-0.6653531762782265,distal allosteric,5747889,-0.07896134708020915
6D8E,Q701R,P00533,-0.347,-0.9039800144640234,distal allosteric,5747889,-0.07896134708020915
5CAN,Q701R,P00533,0.084,-0.8078854337167544,distal allosteric,5747889,-0.07896134708020915
5CAN,Q701R,P00533,-0.522,-0.9179377670739504,distal allosteric,5747889,-0.07896134708020915
1MOX,R165Q,P00533,0.288,-1.1721202365435002,intermediate,5747889,-0.07896134708020915
1MOX,R451C,P00533,-0.719,-1.0220786131874602,distal allosteric,5747889,-0.07896134708020915
7SZ0,R451C,P00533,-1.196,-0.9243903451938839,distal allosteric,5747889,-0.07896134708020915
1MOX,R451C,P00533,-0.817,-1.0610207214469418,distal allosteric,5747889,-0.07896134708020915
1MOX,R451C,P00533,-0.695,-1.1721202365435002,distal allosteric,5747889,-0.07896134708020915
7SZ0,R451C,P00533,-1.115,-1.1430239890384322,distal allosteric,5747889,-0.07896134708020915
1MOX,R451C,P00533,0.991,-0.8960585521709393,distal allosteric,5747889,-0.07896134708020915
2M0B,R675Q,P00533,0.202,-1.2460670240398715,intermediate,5747889,-0.07896134708020915
2M0B,R675Q,P00533,0.948,-1.2100721373452858,intermediate,5747889,-0.07896134708020915
2M0B,R675Q,P00533,0.704,-1.2945181279673295,intermediate,5747889,-0.07896134708020915
2M0B,R675Q,P00533,1.255,-1.1599554658768807,intermediate,5747889,-0.07896134708020915
2M0B,R675Q,P00533,0.318,-1.278780710539397,intermediate,5747889,-0.07896134708020915
2M0B,R677C,P00533,-1.091,-1.2606314663238383,distal allosteric,5747889,-0.07896134708020915
5CAN,R832C,P00533,-1.389,-1.205454791661571,distal allosteric,5747889,-0.07896134708020915
5CAN,R832C,P00533,-0.512,-1.2128718033389132,distal allosteric,5747889,-0.07896134708020915
5CAN,S768I,P00533,-2.066,-1.132153605205171,intermediate,5747889,-0.07896134708020915
6D8E,S768I,P00533,-1.336,-1.0951308062804095,intermediate,5747889,-0.07896134708020915
5CAN,S768I,P00533,-1.442,-0.9242682838111238,intermediate,5747889,-0.07896134708020915
5CAN,S768I,P00533,-2.007,-0.9913838512713417,intermediate,5747889,-0.07896134708020915
5CAN,S768I,P00533,-1.274,-1.1341398837548844,intermediate,5747889,-0.07896134708020915
5CAN,S768I,P00533,-3.63,-1.1981757954157448,intermediate,5747889,-0.07896134708020915
5CAN,S811F,P00533,0.566,-1.0387328767119084,distal allosteric,5747889,-0.07896134708020915
5CAN,S811F,P00533,0.765,-1.3908957351831828,distal allosteric,5747889,-0.07896134708020915
5CAN,S811F,P00533,0.132,-1.3491994667754452,distal allosteric,5747889,-0.07896134708020915
5CAN,S811F,P00533,0.163,-1.0660980924372285,distal allosteric,5747889,-0.07896134708020915
5CAN,S811F,P00533,-0.607,-1.5433287935397202,distal allosteric,5747889,-0.07896134708020915
6TG1,T751I,P00533,0.033,-1.0748603814230846,intermediate,5747889,-0.07896134708020915
5CAN,T751I,P00533,0.148,-1.2501807229659134,distal allosteric,5747889,-0.07896134708020915
5CAN,T751I,P00533,-0.088,-1.3607476129426674,distal allosteric,5747889,-0.07896134708020915
5CAN,T751I,P00533,-0.18,-1.1349537008124237,distal allosteric,5747889,-0.07896134708020915
5CAN,T751I,P00533,-0.629,-1.406935739973012,distal allosteric,5747889,-0.07896134708020915
5CAN,V1011M,P00533,-2.524,-1.244562335954431,intermediate,5747889,-0.07896134708020915
5CAN,V1011M,P00533,-0.24,-1.0656838439908973,intermediate,5747889,-0.07896134708020915
5CAN,V1011M,P00533,-0.267,-1.1035616659296346,intermediate,5747889,-0.07896134708020915
5CAN,V1011M,P00533,-1.178,-1.1192789704878539,intermediate,5747889,-0.07896134708020915
1MOX,V292M,P00533,-0.108,-1.0220786131874602,distal allosteric,5747889,-0.07896134708020915
7SZ0,V592F,P00533,-0.734,-1.0220786131874602,distal allosteric,5747889,-0.07896134708020915
7SZ0,V592F,P00533,0.123,-1.0827106266567372,distal allosteric,5747889,-0.07896134708020915
7SZ0,V592F,P00533,1.952,-1.097581481901819,distal allosteric,5747889,-0.07896134708020915
6D8E,V738D,P00533,-0.288,-0.9287617025086107,distal allosteric,5747889,-0.07896134708020915
5CAN,V738D,P00533,-0.471,-1.0930348397353116,distal allosteric,5747889,-0.07896134708020915
5CAN,V738D,P00533,-0.628,-1.0703641428623127,distal allosteric,5747889,-0.07896134708020915
5CAN,V738D,P00533,-1.784,-1.1793857696038834,distal allosteric,5747889,-0.07896134708020915
5CAN,V904I,P00533,-0.631,-0.9290880026580657,distal allosteric,5747889,-0.07896134708020915
5CAN,V904I,P00533,-0.007,-0.9467072247867198,distal allosteric,5747889,-0.07896134708020915
5CAN,V904I,P00533,-0.208,-1.0870014923430211,distal allosteric,5747889,-0.07896134708020915
5CAN,V904I,P00533,-0.86,-0.9731107729278942,distal allosteric,5747889,-0.07896134708020915
5CAN,V904I,P00533,-0.362,-1.0534555913507937,distal allosteric,5747889,-0.07896134708020915
1XKK,T790M+L858R,P00533,1.259,-1.521683095939019,binding pocket,5747889,-0.07896134708020915
5CAN,G719S,P00533,0.48,-1.250371480619206,binding pocket,5747889,-0.07896134708020915
6D8E,L858R,P00533,-1.6,-3.0437424375029174,intermediate,5747889,-0.07896134708020915
2ITY,T790M,P00533,-1.21,-1.1082099245995392,binding pocket,5747889,-0.07896134708020915
1XKK,E866D,P00533,0.355,-0.950394988209009,distal allosteric,5747889,-0.07896134708020915
1XKK,T790M+L858R,P00533,1.129,-1.4692170172228531,binding pocket,5747889,-0.07896134708020915
1XKK,T790M+L858R,P00533,0.063,-1.3681503239975255,binding pocket,5747889,-0.07896134708020915
1XKK,T790M+L858R,P00533,2.123,-1.2478137084622591,binding pocket,5747889,-0.07896134708020915
2ITY,G719S+T790M,P00533,0.48,-1.2636889033413983,binding pocket,5747889,-0.07896134708020915
1XKK,T790M+L858R,P00533,2.31,-1.2478137084622591,binding pocket,5747889,-0.07896134708020915
1XKK,T790M+L858R,P00533,1.177,-1.4639307987339354,binding pocket,5747889,-0.07896134708020915
1XKK,T790M+L858R,P00533,0.931,-1.4315165718863991,binding pocket,5747889,-0.07896134708020915
2J5E,E866D+H988P,P00533,0.327,-1.092717675476828,intermediate,5747889,-0.07896134708020915
2J5E,E866D+H988P,P00533,0.441,-1.1175557757738757,intermediate,5747889,-0.07896134708020915
2J5E,E866D+H988P,P00533,0.185,-1.1659119437459635,intermediate,5747889,-0.07896134708020915
2J5E,E866D+H988P,P00533,-0.393,-1.0377139461018583,intermediate,5747889,-0.07896134708020915
2J5E,E866D+H988P,P00533,-0.316,-1.4733191311534712,intermediate,5747889,-0.07896134708020915
2J5E,T790M+L858R,P00533,0.397,-1.1874777072448939,binding pocket,5747889,-0.07896134708020915
6D8E,T790M+L858R,P00533,-0.105,-1.526612727010951,binding pocket,5747889,-0.07896134708020915
6D8E,T790M+L858R,P00533,-0.07,-1.3206648960665743,binding pocket,5747889,-0.07896134708020915
6D8E,T790M+L858R,P00533,-2.794,-1.2658031579939757,binding pocket,5747889,-0.07896134708020915
1XKK,T790M+L858R,P00533,-2.597,-1.3681503239975255,binding pocket,5747889,-0.07896134708020915
2ITY,G719S,P00533,0.48,-1.241616148650646,binding pocket,5747889,-0.07896134708020915
1MOX,A289D,P00533,-0.356,-1.0567718020432135,distal allosteric,5747889,-0.07896134708020915
1MOX,A289D,P00533,0.668,-1.1016632099208585,distal allosteric,5747889,-0.07896134708020915
7SZ0,A289V,P00533,0.598,-0.9412910914210165,distal allosteric,5747889,-0.07896134708020915
1MOX,A289V,P00533,0.287,-0.46256434253033474,distal allosteric,5747889,-0.07896134708020915
7SZ0,A289V,P00533,1.005,-0.987544301854556,distal allosteric,5747889,-0.07896134708020915
1MOX,A289V,P00533,0.516,-0.5571840003746398,distal allosteric,5747889,-0.07896134708020915
5CAN,A702D,P00533,0.098,-1.4662426095850325,distal allosteric,5747889,-0.07896134708020915
6D8E,A864V,P00533,-1.162,-0.8361630781455076,distal allosteric,5747889,-0.07896134708020915
6D8E,A864V,P00533,-1.228,-0.7447054718522466,distal allosteric,5747889,-0.07896134708020915
6D8E,A864V,P00533,-1.186,-0.8946337353503878,distal allosteric,5747889,-0.07896134708020915
6D8E,A864V,P00533,-0.945,-0.8983172498873488,distal allosteric,5747889,-0.07896134708020915
6D8E,A864V,P00533,-0.396,-0.7597185615844587,distal allosteric,5747889,-0.07896134708020915
6D8E,A864V,P00533,-1.02,-0.8511156250624095,distal allosteric,5747889,-0.07896134708020915
6D8E,A864V,P00533,-1.432,-0.9903368093056931,distal allosteric,5747889,-0.07896134708020915
6D8E,A864V,P00533,-0.67,-1.0770293679482794,distal allosteric,5747889,-0.07896134708020915
1MOX,C251Y,P00533,-0.693,-1.0220786131874602,distal allosteric,5747889,-0.07896134708020915
1MOX,C311F,P00533,2.202,-1.1721202365435002,distal allosteric,5747889,-0.07896134708020915
7SZ0,C523R,P00533,-0.599,-1.0220786131874602,distal allosteric,5747889,-0.07896134708020915
7SZ0,C523R,P00533,-0.637,-0.8960585521709393,distal allosteric,5747889,-0.07896134708020915
7SZ0,C523R,P00533,0.304,-1.0610207214469418,distal allosteric,5747889,-0.07896134708020915
7SZ0,C523R,P00533,0.093,-1.1721202365435002,distal allosteric,5747889,-0.07896134708020915
7SZ0,C523R,P00533,-0.466,-0.901992106931832,distal allosteric,5747889,-0.07896134708020915
6TG1,E711K,P00533,0.102,-0.7626521006956533,intermediate,5747889,-0.07896134708020915
5CAN,E711K,P00533,0.011,-0.6204283133762725,distal allosteric,5747889,-0.07896134708020915
5CAN,E711K,P00533,0.301,-0.4483228411735036,distal allosteric,5747889,-0.07896134708020915
5CAN,E711K,P00533,1.056,-0.8134591703642817,distal allosteric,5747889,-0.07896134708020915
5CAN,F961L,P00533,0.414,-1.2123596722325856,distal allosteric,5747889,-0.07896134708020915
5CAN,F961L,P00533,-0.23,-1.2290187526121734,distal allosteric,5747889,-0.07896134708020915
5CAN,F961L,P00533,-0.145,-1.3038566471198025,distal allosteric,5747889,-0.07896134708020915
2M0B,G659R,P00533,-0.828,-1.0220786131874602,binding pocket,5747889,-0.07896134708020915
5CAN,G719S,P00533,-0.311,-1.2608603854126788,binding pocket,5747889,-0.07896134708020915
6TG1,G719S,P00533,-2.08,-1.068495899697437,binding pocket,5747889,-0.07896134708020915
6D8E,G719S,P00533,-1.345,-1.2023096690896677,binding pocket,5747889,-0.07896134708020915
5CAN,G719S,P00533,-1.534,-1.250371480619206,binding pocket,5747889,-0.07896134708020915
5CAN,G719S,P00533,-1.594,-1.2100160189148257,binding pocket,5747889,-0.07896134708020915
5CAN,G719S,P00533,0.896,-1.2700701046115992,binding pocket,5747889,-0.07896134708020915
5CAN,G917R,P00533,-0.265,-0.9899601808883358,distal allosteric,5747889,-0.07896134708020915
5CAN,G917R,P00533,0.04,-1.104124161837732,distal allosteric,5747889,-0.07896134708020915
5CAN,G917R,P00533,-0.148,-1.2161565728551322,distal allosteric,5747889,-0.07896134708020915
5CAN,G917R,P00533,-0.372,-1.2430137574848006,distal allosteric,5747889,-0.07896134708020915
5CAN,H988P,P00533,-0.191,-1.2340649341572731,distal allosteric,5747889,-0.07896134708020915
2M0B,I646L,P00533,0.139,-1.1740158603866309,distal allosteric,5747889,-0.07896134708020915
2M0B,I646L,P00533,0.342,-1.2185785569343714,distal allosteric,5747889,-0.07896134708020915
5LV6,I646L,P00533,-0.278,-1.2076100490505204,distal allosteric,5747889,-0.07896134708020915
2M0B,I646L,P00533,0.656,-0.3890987895280122,distal allosteric,6291703,0.2570426132263121
2M0B,I646L,P00533,0.677,-0.3463656674538026,distal allosteric,6291703,0.2570426132263121
7SZ0,K28N,P00533,-0.86,-0.0631961221931612,distal allosteric,6291703,0.2570426132263121
2N5S,L62R,P00533,0.651,-0.15183232456106036,intermediate,6291703,0.2570426132263121
2N5S,L62R,P00533,0.883,-0.20556456473645043,intermediate,6291703,0.2570426132263121
2N5S,L62R,P00533,0.476,-0.2789452953854685,intermediate,6291703,0.2570426132263121
2N5S,L62R,P00533,1.078,-0.11527786835195387,intermediate,6291703,0.2570426132263121
2N5S,L62R,P00533,1.369,-0.292042031732333,intermediate,6291703,0.2570426132263121
1MOX,L76P,P00533,-0.985,-0.0631961221931612,distal allosteric,6291703,0.2570426132263121
1MOX,L76P,P00533,-0.97,-0.09502707146371114,distal allosteric,6291703,0.2570426132263121
2M20,L76P,P00533,-0.064,-0.0690701366664075,intermediate,6291703,0.2570426132263121
1MOX,L76P,P00533,-0.228,-0.10496889151895748,distal allosteric,6291703,0.2570426132263121
2M20,L76P,P00533,0.398,-0.09505397687983864,intermediate,6291703,0.2570426132263121
5FED,G719S+T790M,P00533,-0.56,-0.08464609019282988,binding pocket,6291703,0.2570426132263121
5FED,L858R+T790M,P00533,-0.7,0.045063528521095984,intermediate,6291703,0.2570426132263121
1MOX,L76P,P00533,-1.343,-0.23843929882259934,distal allosteric,6291703,0.2570426132263121
2M20,L76P,P00533,-1.839,-0.10570415699569619,intermediate,6291703,0.2570426132263121
6D8E,L858R,P00533,-4.042,-0.056288253281922926,intermediate,6291703,0.2570426132263121
6D8E,L858R,P00533,-2.66,-0.20848829933212085,intermediate,6291703,0.2570426132263121
5CAN,L861Q,P00533,-0.896,-0.2878265692977345,distal allosteric,6291703,0.2570426132263121
5CAN,L861Q,P00533,-0.526,-0.15068192920965306,distal allosteric,6291703,0.2570426132263121
5CAN,L861Q,P00533,-1.064,-0.20763682169198772,distal allosteric,6291703,0.2570426132263121
6D8E,L861Q,P00533,-0.736,-0.09404521683274825,intermediate,6291703,0.2570426132263121
6D8E,L861Q,P00533,-0.619,-0.14191138738926556,intermediate,6291703,0.2570426132263121
5CAN,L883F,P00533,-0.382,0.013270430829595095,distal allosteric,6291703,0.2570426132263121
5CAN,L883F,P00533,0.226,0.1469237040877342,distal allosteric,6291703,0.2570426132263121
5CAN,L883F,P00533,0.281,0.21165692227026994,distal allosteric,6291703,0.2570426132263121
5CAN,L883F,P00533,0.945,0.09749701697335522,distal allosteric,6291703,0.2570426132263121
3PFV,P1071L,P00533,0.324,-0.0631961221931612,binding pocket,6291703,0.2570426132263121
3PFV,P1071L,P00533,-0.931,0.08583431276065459,binding pocket,6291703,0.2570426132263121
3PFV,P1071L,P00533,-0.113,-0.09502707146371114,binding pocket,6291703,0.2570426132263121
3PFV,P1071L,P00533,0.13,-0.10496889151895748,binding pocket,6291703,0.2570426132263121
3PFV,P1071L,P00533,-0.12,-0.23843929882259934,binding pocket,6291703,0.2570426132263121
5CAN,P753S,P00533,-1.218,-0.0017179763754282147,distal allosteric,6291703,0.2570426132263121
5CAN,P753S,P00533,1.334,-0.11871213574006279,distal allosteric,6291703,0.2570426132263121
5CAN,Q701R,P00533,-0.279,0.2136858547364964,distal allosteric,6291703,0.2570426132263121
6D8E,Q701R,P00533,-0.347,0.1666926203773302,distal allosteric,6291703,0.2570426132263121
5CAN,Q701R,P00533,0.084,0.08152328126307794,distal allosteric,6291703,0.2570426132263121
5CAN,Q701R,P00533,-0.522,0.04063484337137024,distal allosteric,6291703,0.2570426132263121
1MOX,R165Q,P00533,0.288,-0.10496889151895748,intermediate,6291703,0.2570426132263121
1MOX,R451C,P00533,-0.719,-0.0631961221931612,distal allosteric,6291703,0.2570426132263121
7SZ0,R451C,P00533,-1.196,0.03880854861876542,distal allosteric,6291703,0.2570426132263121
1MOX,R451C,P00533,-0.817,-0.09502707146371114,distal allosteric,6291703,0.2570426132263121
1MOX,R451C,P00533,-0.695,-0.10496889151895748,distal allosteric,6291703,0.2570426132263121
7SZ0,R451C,P00533,-1.115,-0.15241847882228082,distal allosteric,6291703,0.2570426132263121
1MOX,R451C,P00533,0.991,0.08583431276065459,distal allosteric,6291703,0.2570426132263121
2M0B,R675Q,P00533,0.202,-0.4179685373148498,intermediate,6291703,0.2570426132263121
2M0B,R675Q,P00533,0.704,-0.45184032442201577,intermediate,6291703,0.2570426132263121
2M0B,R675Q,P00533,1.255,-0.39143769583982574,intermediate,6291703,0.2570426132263121
2M0B,R675Q,P00533,0.318,-0.39524317060148006,intermediate,6291703,0.2570426132263121
2M0B,R677C,P00533,-1.091,-0.39768744116145016,distal allosteric,6291703,0.2570426132263121
5CAN,R832C,P00533,-1.389,-0.1624257959933842,distal allosteric,6291703,0.2570426132263121
5CAN,R832C,P00533,-1.507,-0.25334104543486063,distal allosteric,6291703,0.2570426132263121
5CAN,R832C,P00533,-0.512,-0.1263542651214144,distal allosteric,6291703,0.2570426132263121
5CAN,S703F,P00533,-2.773,-0.10496889151895748,distal allosteric,6291703,0.2570426132263121
5CAN,S768I,P00533,-2.066,-0.40689030818020755,intermediate,6291703,0.2570426132263121
5CAN,S768I,P00533,-1.442,-0.4010486491971155,intermediate,6291703,0.2570426132263121
5CAN,S768I,P00533,-2.007,-0.49253874467839204,intermediate,6291703,0.2570426132263121
5CAN,S768I,P00533,-1.274,-0.4266570288100664,intermediate,6291703,0.2570426132263121
5CAN,S768I,P00533,-3.63,-0.5049488439404352,intermediate,6291703,0.2570426132263121
5CAN,S811F,P00533,0.566,-0.054929193368291176,distal allosteric,6291703,0.2570426132263121
5CAN,S811F,P00533,0.765,-0.02423466170798332,distal allosteric,6291703,0.2570426132263121
5CAN,S811F,P00533,0.132,-0.04461901102039746,distal allosteric,6291703,0.2570426132263121
5CAN,S811F,P00533,0.163,0.003514272564350989,distal allosteric,6291703,0.2570426132263121
5CAN,S811F,P00533,-0.607,-0.10871751232445241,distal allosteric,6291703,0.2570426132263121
6TG1,T751I,P00533,0.033,-0.053373432391734046,intermediate,6291703,0.2570426132263121
5CAN,T751I,P00533,0.148,-0.017517777144908927,distal allosteric,6291703,0.2570426132263121
5CAN,T751I,P00533,-0.088,-0.022199539726709627,distal allosteric,6291703,0.2570426132263121
5CAN,T751I,P00533,-0.18,-0.02441518960454887,distal allosteric,6291703,0.2570426132263121
5CAN,T751I,P00533,-0.629,-0.03668087750710275,distal allosteric,6291703,0.2570426132263121
5CAN,V1011M,P00533,-2.524,-0.29594868474848124,intermediate,6291703,0.2570426132263121
5CAN,V1011M,P00533,-0.24,-0.1191030435991638,intermediate,6291703,0.2570426132263121
5CAN,V1011M,P00533,-0.267,-0.2668281882194912,intermediate,6291703,0.2570426132263121
5CAN,V1011M,P00533,-0.597,-0.3032303413994171,intermediate,6291703,0.2570426132263121
5CAN,V1011M,P00533,-1.178,-0.19993283836433995,intermediate,6291703,0.2570426132263121
5CAN,V1011M,P00533,-1.794,-0.31487287327471897,intermediate,6291703,0.2570426132263121
1MOX,V292M,P00533,-0.108,-0.0631961221931612,distal allosteric,6291703,0.2570426132263121
7SZ0,V592F,P00533,-0.734,-0.0631961221931612,distal allosteric,6291703,0.2570426132263121
7SZ0,V592F,P00533,0.123,-0.16685931974737084,distal allosteric,6291703,0.2570426132263121
7SZ0,V592F,P00533,1.952,-0.10570415699569619,distal allosteric,6291703,0.2570426132263121
5CAN,V738D,P00533,-0.931,-0.16160521602740183,distal allosteric,6291703,0.2570426132263121
6D8E,V738D,P00533,-0.288,-0.25554277472460973,distal allosteric,6291703,0.2570426132263121
5CAN,V738D,P00533,-0.471,-0.27258212632817386,distal allosteric,6291703,0.2570426132263121
5CAN,V738D,P00533,-0.628,-0.22733782975375652,distal allosteric,6291703,0.2570426132263121
5CAN,V738D,P00533,-1.784,-0.2900883269292467,distal allosteric,6291703,0.2570426132263121
5CAN,V904I,P00533,-0.686,-0.23272193484709544,distal allosteric,6291703,0.2570426132263121
5CAN,V904I,P00533,-0.631,-0.13297854526779232,distal allosteric,6291703,0.2570426132263121
5CAN,V904I,P00533,-0.007,-0.2664787963102845,distal allosteric,6291703,0.2570426132263121
5CAN,V904I,P00533,-0.208,-0.22932742370226805,distal allosteric,6291703,0.2570426132263121
5CAN,V904I,P00533,-0.86,-0.18140093027493534,distal allosteric,6291703,0.2570426132263121
5CAN,V904I,P00533,-0.362,-0.17392222781764236,distal allosteric,6291703,0.2570426132263121
1XKK,T790M+L858R,P00533,1.259,0.10617414552424621,binding pocket,6291703,0.2570426132263121
5CAN,G719S,P00533,0.48,-0.31978532988183644,binding pocket,6291703,0.2570426132263121
6D8E,L858R,P00533,-1.6,-0.056288253281922926,intermediate,6291703,0.2570426132263121
2ITY,T790M,P00533,-1.21,0.010530314998372491,binding pocket,6291703,0.2570426132263121
1XKK,E866D,P00533,0.355,-0.10787407942817492,distal allosteric,6291703,0.2570426132263121
1XKK,T790M+L858R,P00533,1.129,-0.04927264042899891,binding pocket,6291703,0.2570426132263121
1XKK,T790M+L858R,P00533,2.123,0.1101843482032418,binding pocket,6291703,0.2570426132263121
2ITY,G719S+T790M,P00533,0.48,-0.1028941791519961,binding pocket,6291703,0.2570426132263121
1XKK,T790M+L858R,P00533,2.31,0.1101843482032418,binding pocket,6291703,0.2570426132263121
1XKK,T790M+L858R,P00533,1.177,0.017635472277562823,binding pocket,6291703,0.2570426132263121
1XKK,T790M+L858R,P00533,0.931,0.018352408161879878,binding pocket,6291703,0.2570426132263121
2J5E,E866D+H988P,P00533,0.441,-0.048689754788161226,intermediate,6291703,0.2570426132263121
2J5E,E866D+H988P,P00533,0.185,0.08158617462699902,intermediate,6291703,0.2570426132263121
2J5E,E866D+H988P,P00533,-0.393,0.03655132541882201,intermediate,6291703,0.2570426132263121
2J5E,E866D+H988P,P00533,-0.316,0.08059334216814705,intermediate,6291703,0.2570426132263121
2J5E,T790M+L858R,P00533,0.397,-0.165436551946051,binding pocket,6291703,0.2570426132263121
6D8E,T790M+L858R,P00533,-0.105,-0.007285276960800698,binding pocket,6291703,0.2570426132263121
6D8E,T790M+L858R,P00533,-0.07,0.040048604407731205,binding pocket,6291703,0.2570426132263121
6D8E,T790M+L858R,P00533,-2.794,-0.2516125917614383,binding pocket,6291703,0.2570426132263121
1XKK,T790M+L858R,P00533,-2.597,-0.008806405765826234,binding pocket,6291703,0.2570426132263121
1MOX,A289D,P00533,-0.356,-0.06087309032941568,distal allosteric,6291703,0.2570426132263121
1MOX,A289D,P00533,0.668,-0.09468404141901171,distal allosteric,6291703,0.2570426132263121
7SZ0,A289V,P00533,0.598,-0.04768212855782581,distal allosteric,6291703,0.2570426132263121
1MOX,A289V,P00533,0.528,-0.04769322603327389,distal allosteric,6291703,0.2570426132263121
1MOX,A289V,P00533,0.287,0.0011975573634399866,distal allosteric,6291703,0.2570426132263121
7SZ0,A289V,P00533,1.005,-0.09505397687983864,distal allosteric,6291703,0.2570426132263121
1MOX,A289V,P00533,0.516,-0.09959511358773009,distal allosteric,6291703,0.2570426132263121
5CAN,A702D,P00533,-1.549,-0.1493046258372419,distal allosteric,6291703,0.2570426132263121
5CAN,A702D,P00533,0.098,-0.24183674472921038,distal allosteric,6291703,0.2570426132263121
6D8E,A864V,P00533,-1.162,-0.2503730107826345,distal allosteric,6291703,0.2570426132263121
6D8E,A864V,P00533,-1.228,-0.2573084499099676,distal allosteric,6291703,0.2570426132263121
6D8E,A864V,P00533,-1.186,-0.30728692176412137,distal allosteric,6291703,0.2570426132263121
6D8E,A864V,P00533,-0.945,-0.2946411266993074,distal allosteric,6291703,0.2570426132263121
6D8E,A864V,P00533,-0.788,-0.2959702179125127,distal allosteric,6291703,0.2570426132263121
6D8E,A864V,P00533,-0.396,-0.2526768179570928,distal allosteric,6291703,0.2570426132263121
6D8E,A864V,P00533,-1.02,-0.23658338330072518,distal allosteric,6291703,0.2570426132263121
6D8E,A864V,P00533,-1.432,-0.3168467634639922,distal allosteric,6291703,0.2570426132263121
1MOX,C251Y,P00533,-0.693,-0.0631961221931612,distal allosteric,6291703,0.2570426132263121
1MOX,C311F,P00533,2.202,-0.10496889151895748,distal allosteric,6291703,0.2570426132263121
7SZ0,C523R,P00533,-0.599,-0.0631961221931612,distal allosteric,6291703,0.2570426132263121
7SZ0,C523R,P00533,0.304,-0.09502707146371114,distal allosteric,6291703,0.2570426132263121
7SZ0,C523R,P00533,-0.466,-0.23843929882259934,distal allosteric,6291703,0.2570426132263121
7SZ0,C523R,P00533,0.621,0.08583431276065459,distal allosteric,6291703,0.2570426132263121
5CAN,E711K,P00533,-0.282,0.03148978911734677,distal allosteric,6291703,0.2570426132263121
6TG1,E711K,P00533,0.102,0.1260261751641245,intermediate,6291703,0.2570426132263121
5CAN,E711K,P00533,0.301,0.06793674850025595,distal allosteric,6291703,0.2570426132263121
5CAN,E711K,P00533,1.056,0.0453896850551314,distal allosteric,6291703,0.2570426132263121
5CAN,F961L,P00533,-0.23,0.12046898234591762,distal allosteric,6291703,0.2570426132263121
2M0B,G659R,P00533,-0.828,-0.0631961221931612,binding pocket,6291703,0.2570426132263121
5CAN,G719S,P00533,-0.311,-0.45427425554832984,binding pocket,6291703,0.2570426132263121
6TG1,G719S,P00533,-2.08,-0.15003417104855177,binding pocket,6291703,0.2570426132263121
6D8E,G719S,P00533,-1.345,0.12655318073829744,binding pocket,6291703,0.2570426132263121
5CAN,G719S,P00533,-1.534,-0.31978532988183644,binding pocket,6291703,0.2570426132263121
5CAN,G719S,P00533,0.896,-0.433499401721665,binding pocket,6291703,0.2570426132263121
5CAN,G917R,P00533,-0.265,-0.1431192369325196,distal allosteric,6291703,0.2570426132263121
5CAN,G917R,P00533,0.04,-0.12078702366132947,distal allosteric,6291703,0.2570426132263121
5CAN,G917R,P00533,-0.148,-0.23681015136312028,distal allosteric,6291703,0.2570426132263121
5CAN,G917R,P00533,-0.372,-0.1334293705590946,distal allosteric,6291703,0.2570426132263121
5CAN,H988P,P00533,-0.191,-0.011302734984194554,distal allosteric,6291703,0.2570426132263121
2M0B,I646L,P00533,0.139,-0.218762576126877,distal allosteric,6291703,0.2570426132263121
2M0B,I646L,P00533,0.342,-0.3658991982901797,distal allosteric,6291703,0.2570426132263121
5LV6,I646L,P00533,-0.278,-0.27054206137972714,distal allosteric,6291703,0.2570426132263121
2M0B,I646L,P00533,0.656,-0.0983417348791571,distal allosteric,1379998,0.1432107894019099
2M0B,I646L,P00533,0.677,-0.13418805064173303,distal allosteric,1379998,0.1432107894019099
7SZ0,K28N,P00533,-0.86,-0.10966868974356091,distal allosteric,1379998,0.1432107894019099
2N5S,L62R,P00533,0.651,-0.28515291500705126,intermediate,1379998,0.1432107894019099
2N5S,L62R,P00533,0.883,-0.08437740752561128,intermediate,1379998,0.1432107894019099
2N5S,L62R,P00533,0.476,-0.21384966775205205,intermediate,1379998,0.1432107894019099
2N5S,L62R,P00533,1.078,-0.24075043685383654,intermediate,1379998,0.1432107894019099
2N5S,L62R,P00533,1.369,-0.4006273879251059,intermediate,1379998,0.1432107894019099
1MOX,L76P,P00533,-0.985,-0.10966868974356091,distal allosteric,1379998,0.1432107894019099
1MOX,L76P,P00533,-0.97,-0.0937167194869698,distal allosteric,1379998,0.1432107894019099
2M20,L76P,P00533,-0.064,-0.07519914295913323,intermediate,1379998,0.1432107894019099
2M20,L76P,P00533,-0.699,-0.11502887639140381,intermediate,1379998,0.1432107894019099
1MOX,L76P,P00533,-0.228,-0.18797907807568418,distal allosteric,1379998,0.1432107894019099
2M20,L76P,P00533,0.398,-0.04706112387622979,intermediate,1379998,0.1432107894019099
5FED,G719S+T790M,P00533,-0.56,-0.09407732407485735,binding pocket,1379998,0.1432107894019099
5FED,L858R+T790M,P00533,-0.7,0.48001775001252395,intermediate,1379998,0.1432107894019099
1MOX,L76P,P00533,-1.343,-0.06456485074758529,distal allosteric,1379998,0.1432107894019099
2M20,L76P,P00533,-1.839,0.012301798891495264,intermediate,1379998,0.1432107894019099
6D8E,L858R,P00533,-4.042,0.006346288995269478,intermediate,1379998,0.1432107894019099
6D8E,L858R,P00533,-2.66,-0.02480306204276925,intermediate,1379998,0.1432107894019099
5CAN,L861Q,P00533,-0.896,-0.17986067200057645,distal allosteric,1379998,0.1432107894019099
5CAN,L861Q,P00533,-0.526,-0.08366337497094098,distal allosteric,1379998,0.1432107894019099
5CAN,L861Q,P00533,-1.064,-0.21452913972034174,distal allosteric,1379998,0.1432107894019099
6D8E,L861Q,P00533,-0.736,-0.09274976340812795,intermediate,1379998,0.1432107894019099
6D8E,L861Q,P00533,-0.619,-0.16125795586670147,intermediate,1379998,0.1432107894019099
5CAN,L883F,P00533,0.58,0.07249752528877819,distal allosteric,1379998,0.1432107894019099
5CAN,L883F,P00533,0.226,0.02847970671042363,distal allosteric,1379998,0.1432107894019099
5CAN,L883F,P00533,0.281,0.02381419689909502,distal allosteric,1379998,0.1432107894019099
5CAN,L883F,P00533,0.945,-0.09163793101556161,distal allosteric,1379998,0.1432107894019099
3PFV,P1071L,P00533,-0.931,0.03519584926962854,binding pocket,1379998,0.1432107894019099
3PFV,P1071L,P00533,-0.113,-0.0937167194869698,binding pocket,1379998,0.1432107894019099
3PFV,P1071L,P00533,0.13,-0.18797907807568418,binding pocket,1379998,0.1432107894019099
3PFV,P1071L,P00533,1.21,0.03519584926962854,binding pocket,1379998,0.1432107894019099
5CAN,P753S,P00533,-1.218,-0.2587326937265256,distal allosteric,1379998,0.1432107894019099
5CAN,P753S,P00533,1.334,-0.2651225104016416,distal allosteric,1379998,0.1432107894019099
5CAN,Q701R,P00533,-0.279,0.11010357089253033,distal allosteric,1379998,0.1432107894019099
6TG1,Q701R,P00533,-0.382,-0.002694856612997875,distal allosteric,1379998,0.1432107894019099
5CAN,Q701R,P00533,0.29,0.10438604644192931,distal allosteric,1379998,0.1432107894019099
6D8E,Q701R,P00533,-0.347,0.1576876093394616,distal allosteric,1379998,0.1432107894019099
5CAN,Q701R,P00533,0.084,0.07418200032150046,distal allosteric,1379998,0.1432107894019099
5CAN,Q701R,P00533,-0.522,0.16516857636237847,distal allosteric,1379998,0.1432107894019099
1MOX,R165Q,P00533,0.288,-0.18797907807568418,intermediate,1379998,0.1432107894019099
1MOX,R451C,P00533,-0.719,-0.10966868974356091,distal allosteric,1379998,0.1432107894019099
7SZ0,R451C,P00533,-1.196,-0.012259789815720382,distal allosteric,1379998,0.1432107894019099
1MOX,R451C,P00533,-0.817,-0.0937167194869698,distal allosteric,1379998,0.1432107894019099
7SZ0,R451C,P00533,-1.115,-0.023177072451614274,distal allosteric,1379998,0.1432107894019099
1MOX,R451C,P00533,0.991,0.03519584926962854,distal allosteric,1379998,0.1432107894019099
2M0B,R675Q,P00533,0.202,-0.2937445169334464,intermediate,1379998,0.1432107894019099
2M0B,R675Q,P00533,0.948,-0.20607674189437838,intermediate,1379998,0.1432107894019099
2M0B,R675Q,P00533,0.704,-0.26333844529333356,intermediate,1379998,0.1432107894019099
2M0B,R675Q,P00533,1.255,-0.04935612865537403,intermediate,1379998,0.1432107894019099
2M0B,R675Q,P00533,0.318,-0.2767507690462996,intermediate,1379998,0.1432107894019099
2M0B,R677C,P00533,-1.091,-0.3535333415129605,distal allosteric,1379998,0.1432107894019099
5CAN,R832C,P00533,-1.389,-0.053089212096789296,distal allosteric,1379998,0.1432107894019099
5CAN,R832C,P00533,-1.507,-0.11250962417441256,distal allosteric,1379998,0.1432107894019099
5CAN,R832C,P00533,-0.512,-0.03898966259465497,distal allosteric,1379998,0.1432107894019099
5CAN,S703F,P00533,-2.773,-0.18797907807568418,distal allosteric,1379998,0.1432107894019099
5CAN,S768I,P00533,-2.066,-0.2922058731282458,intermediate,1379998,0.1432107894019099
6D8E,S768I,P00533,-1.336,-0.4849628956679474,intermediate,1379998,0.1432107894019099
5CAN,S768I,P00533,-1.442,-0.19408748204852727,intermediate,1379998,0.1432107894019099
5CAN,S768I,P00533,-2.007,-0.20883908004094573,intermediate,1379998,0.1432107894019099
5CAN,S768I,P00533,-1.274,-0.21184620624605346,intermediate,1379998,0.1432107894019099
5CAN,S768I,P00533,-3.63,-0.2775686007615398,intermediate,1379998,0.1432107894019099
5CAN,S811F,P00533,0.566,-0.04106485037439884,distal allosteric,1379998,0.1432107894019099
5CAN,S811F,P00533,0.765,-0.11076663710264596,distal allosteric,1379998,0.1432107894019099
5CAN,S811F,P00533,0.132,-0.1830948817125138,distal allosteric,1379998,0.1432107894019099
5CAN,S811F,P00533,0.163,-0.05823778227333196,distal allosteric,1379998,0.1432107894019099
5CAN,S811F,P00533,-0.607,-0.17062639698912116,distal allosteric,1379998,0.1432107894019099
6TG1,T751I,P00533,0.033,-0.302379794108517,intermediate,1379998,0.1432107894019099
5CAN,T751I,P00533,0.148,-0.1182517767246155,distal allosteric,1379998,0.1432107894019099
5CAN,T751I,P00533,-0.088,-0.11831492965361648,distal allosteric,1379998,0.1432107894019099
5CAN,T751I,P00533,-0.18,-0.10012988884966163,distal allosteric,1379998,0.1432107894019099
5CAN,T751I,P00533,-0.629,-0.1564355233101284,distal allosteric,1379998,0.1432107894019099
5CAN,V1011M,P00533,-2.524,-0.40207823356810735,intermediate,1379998,0.1432107894019099
5CAN,V1011M,P00533,-0.24,-0.16649360704597305,intermediate,1379998,0.1432107894019099
5CAN,V1011M,P00533,-0.267,-0.35197946201001895,intermediate,1379998,0.1432107894019099
5CAN,V1011M,P00533,-0.597,-0.34404230481210873,intermediate,1379998,0.1432107894019099
5CAN,V1011M,P00533,-1.178,-0.14212641753179622,intermediate,1379998,0.1432107894019099
5CAN,V1011M,P00533,-1.794,-0.26741685595505815,intermediate,1379998,0.1432107894019099
1MOX,V292M,P00533,-0.108,-0.10966868974356091,distal allosteric,1379998,0.1432107894019099
7SZ0,V592F,P00533,-0.734,-0.10966868974356091,distal allosteric,1379998,0.1432107894019099
7SZ0,V592F,P00533,0.123,-0.11502887639140381,distal allosteric,1379998,0.1432107894019099
5CAN,V738D,P00533,-0.931,-0.1387085891512825,distal allosteric,1379998,0.1432107894019099
6D8E,V738D,P00533,-0.288,-0.13218385366481894,distal allosteric,1379998,0.1432107894019099
5CAN,V738D,P00533,-0.471,-0.15350376950664554,distal allosteric,1379998,0.1432107894019099
5CAN,V738D,P00533,-0.628,-0.07754028220584284,distal allosteric,1379998,0.1432107894019099
5CAN,V738D,P00533,-1.784,-0.11476157245916475,distal allosteric,1379998,0.1432107894019099
5CAN,V904I,P00533,-0.686,-0.3105474929783274,distal allosteric,1379998,0.1432107894019099
5CAN,V904I,P00533,-0.631,-0.2633143480612951,distal allosteric,1379998,0.1432107894019099
5CAN,V904I,P00533,-0.007,-0.41513183868194325,distal allosteric,1379998,0.1432107894019099
5CAN,V904I,P00533,-0.86,-0.14959838577359916,distal allosteric,1379998,0.1432107894019099
5CAN,V904I,P00533,-0.362,-0.26128468872519095,distal allosteric,1379998,0.1432107894019099
6D8E,L858R,P00533,-1.6,0.006346288995269478,intermediate,1379998,0.1432107894019099
1XKK,E866D,P00533,0.355,-0.06064283761995677,distal allosteric,1379998,0.1432107894019099
1XKK,T790M+L858R,P00533,1.129,0.6542387388681665,binding pocket,1379998,0.1432107894019099
1XKK,T790M+L858R,P00533,0.063,0.6423676061424263,binding pocket,1379998,0.1432107894019099
1XKK,T790M+L858R,P00533,2.123,0.684772345164243,binding pocket,1379998,0.1432107894019099
2ITY,G719S+T790M,P00533,0.48,-0.037155112872667144,binding pocket,1379998,0.1432107894019099
1XKK,T790M+L858R,P00533,2.31,0.684772345164243,binding pocket,1379998,0.1432107894019099
1XKK,T790M+L858R,P00533,1.177,0.6200597319458339,binding pocket,1379998,0.1432107894019099
1XKK,T790M+L858R,P00533,0.931,0.6934145330541275,binding pocket,1379998,0.1432107894019099
2J5E,E866D+H988P,P00533,0.327,-0.11321484781451085,intermediate,1379998,0.1432107894019099
2J5E,E866D+H988P,P00533,0.441,-0.08995658637714736,intermediate,1379998,0.1432107894019099
2J5E,E866D+H988P,P00533,0.185,-0.20176692758062306,intermediate,1379998,0.1432107894019099
2J5E,E866D+H988P,P00533,-0.393,-0.12355645309563942,intermediate,1379998,0.1432107894019099
2J5E,E866D+H988P,P00533,-0.316,-0.16941091940551997,intermediate,1379998,0.1432107894019099
2J5E,T790M+L858R,P00533,0.397,0.2688076479779009,binding pocket,1379998,0.1432107894019099
6D8E,T790M+L858R,P00533,-0.105,0.4525593379876194,binding pocket,1379998,0.1432107894019099
6D8E,T790M+L858R,P00533,-0.07,0.3754351232016788,binding pocket,1379998,0.1432107894019099
6D8E,T790M+L858R,P00533,-2.794,0.3968634680825122,binding pocket,1379998,0.1432107894019099
1XKK,T790M+L858R,P00533,-2.597,0.6423676061424263,binding pocket,1379998,0.1432107894019099
2ITY,G719S,P00533,0.48,-0.7989137636352988,binding pocket,1379998,0.1432107894019099
1MOX,A289D,P00533,0.668,0.038460761071128016,distal allosteric,1379998,0.1432107894019099
7SZ0,A289V,P00533,0.598,-0.024283573597669594,distal allosteric,1379998,0.1432107894019099
1MOX,A289V,P00533,0.528,0.20015493838795845,distal allosteric,1379998,0.1432107894019099
1MOX,A289V,P00533,0.287,0.2136283997700495,distal allosteric,1379998,0.1432107894019099
7SZ0,A289V,P00533,1.005,-0.04706112387622979,distal allosteric,1379998,0.1432107894019099
5CAN,A702D,P00533,-1.549,-0.13225491587817667,distal allosteric,1379998,0.1432107894019099
5CAN,A702D,P00533,0.098,-0.09840697558684382,distal allosteric,1379998,0.1432107894019099
6D8E,A864V,P00533,-1.162,-0.007563634629635228,distal allosteric,1379998,0.1432107894019099
6D8E,A864V,P00533,-1.228,-0.1561574936097159,distal allosteric,1379998,0.1432107894019099
6D8E,A864V,P00533,-1.186,-0.07452281785449558,distal allosteric,1379998,0.1432107894019099
6D8E,A864V,P00533,-0.945,-0.059173982061007414,distal allosteric,1379998,0.1432107894019099
6D8E,A864V,P00533,-0.788,-0.05192394151056512,distal allosteric,1379998,0.1432107894019099
6D8E,A864V,P00533,-0.396,-0.02856244159621349,distal allosteric,1379998,0.1432107894019099
6D8E,A864V,P00533,-1.02,0.0872743572506451,distal allosteric,1379998,0.1432107894019099
6D8E,A864V,P00533,-1.432,-0.05051647292866424,distal allosteric,1379998,0.1432107894019099
6D8E,A864V,P00533,-0.67,-0.0621254473889575,distal allosteric,1379998,0.1432107894019099
1MOX,C311F,P00533,2.202,-0.18797907807568418,distal allosteric,1379998,0.1432107894019099
7SZ0,C523R,P00533,-0.599,-0.10966868974356091,distal allosteric,1379998,0.1432107894019099
7SZ0,C523R,P00533,-0.637,0.03519584926962854,distal allosteric,1379998,0.1432107894019099
7SZ0,C523R,P00533,0.304,-0.0937167194869698,distal allosteric,1379998,0.1432107894019099
7SZ0,C523R,P00533,0.093,-0.18797907807568418,distal allosteric,1379998,0.1432107894019099
7SZ0,C523R,P00533,-0.466,-0.06456485074758529,distal allosteric,1379998,0.1432107894019099
5CAN,E711K,P00533,-0.282,0.06570714873112464,distal allosteric,1379998,0.1432107894019099
6TG1,E711K,P00533,0.102,-0.17158553842926288,intermediate,1379998,0.1432107894019099
5CAN,E711K,P00533,0.011,-0.05506699895683455,distal allosteric,1379998,0.1432107894019099
5CAN,E711K,P00533,0.301,0.08745843692731989,distal allosteric,1379998,0.1432107894019099
5CAN,E711K,P00533,1.056,-0.045630369353820276,distal allosteric,1379998,0.1432107894019099
5CAN,F961L,P00533,-0.23,-0.24554586572605455,distal allosteric,1379998,0.1432107894019099
5CAN,F961L,P00533,-0.145,-0.18631416977416065,distal allosteric,1379998,0.1432107894019099
2M0B,G659R,P00533,-0.828,-0.10966868974356091,binding pocket,1379998,0.1432107894019099
6TG1,G719S,P00533,-2.08,-0.7044182006892035,binding pocket,1379998,0.1432107894019099
5CAN,G719S,P00533,-1.534,-0.3269386660929988,binding pocket,1379998,0.1432107894019099
5CAN,G719S,P00533,-1.594,-0.3254543375407948,binding pocket,1379998,0.1432107894019099
5CAN,G719S,P00533,0.896,-0.3801545034182422,binding pocket,1379998,0.1432107894019099
5CAN,G917R,P00533,-0.265,-0.27387342614812005,distal allosteric,1379998,0.1432107894019099
5CAN,G917R,P00533,-0.148,-0.24595243025439625,distal allosteric,1379998,0.1432107894019099
5CAN,G917R,P00533,-0.372,-0.20000038012949858,distal allosteric,1379998,0.1432107894019099
5CAN,H988P,P00533,-0.191,-0.31211736759039405,distal allosteric,1379998,0.1432107894019099
2M0B,I646L,P00533,0.139,-0.12400340244152087,distal allosteric,1379998,0.1432107894019099
2M0B,I646L,P00533,0.342,-0.19592672007574755,distal allosteric,1379998,0.1432107894019099
5LV6,I646L,P00533,-0.278,-0.1502018515752519,distal allosteric,1379998,0.1432107894019099
2M0B,I646L,P00533,0.656,-0.08537267840286604,distal allosteric,1307835,0.14146208692210047
2M0B,I646L,P00533,0.677,-0.11166437853083888,distal allosteric,1307835,0.14146208692210047
7SZ0,K28N,P00533,-0.86,-0.5238724016284241,distal allosteric,1307835,0.14146208692210047
2N5S,L62R,P00533,0.651,-0.638364595369381,intermediate,1307835,0.14146208692210047
2N5S,L62R,P00533,0.883,-0.6736188093283597,intermediate,1307835,0.14146208692210047
2N5S,L62R,P00533,0.476,-0.8178586460842806,intermediate,1307835,0.14146208692210047
2N5S,L62R,P00533,1.078,-0.5836894034546088,intermediate,1307835,0.14146208692210047
2N5S,L62R,P00533,1.369,-0.5458987888429203,intermediate,1307835,0.14146208692210047
1MOX,L76P,P00533,-0.985,-0.5238724016284241,distal allosteric,1307835,0.14146208692210047
1MOX,L76P,P00533,-0.97,-0.5606399002732598,distal allosteric,1307835,0.14146208692210047
2M20,L76P,P00533,-0.064,-0.5381863516674321,intermediate,1307835,0.14146208692210047
2M20,L76P,P00533,-0.699,-0.5488596102032153,intermediate,1307835,0.14146208692210047
1MOX,L76P,P00533,-0.228,-0.46779078667830015,distal allosteric,1307835,0.14146208692210047
2M20,L76P,P00533,0.398,-0.5430442279507133,intermediate,1307835,0.14146208692210047
5FED,G719S+T790M,P00533,-0.56,-0.6451211778311168,binding pocket,1307835,0.14146208692210047
5FED,L858R+T790M,P00533,-0.7,0.15462664114026467,intermediate,1307835,0.14146208692210047
1MOX,L76P,P00533,-1.343,-0.46869876461169296,distal allosteric,1307835,0.14146208692210047
2M20,L76P,P00533,-1.839,-0.500873658430927,intermediate,1307835,0.14146208692210047
6D8E,L858R,P00533,-2.66,-2.516140696820091,intermediate,1307835,0.14146208692210047
5CAN,L861Q,P00533,-0.896,-0.9365390298752224,distal allosteric,1307835,0.14146208692210047
5CAN,L861Q,P00533,-0.526,-0.6577476236833368,distal allosteric,1307835,0.14146208692210047
5CAN,L861Q,P00533,-1.064,-0.6486352129429578,distal allosteric,1307835,0.14146208692210047
6D8E,L861Q,P00533,-0.736,-0.4655900040094685,intermediate,1307835,0.14146208692210047
6D8E,L861Q,P00533,-0.619,-0.6712755061878878,intermediate,1307835,0.14146208692210047
5CAN,L883F,P00533,-0.382,-0.48303776416007205,distal allosteric,1307835,0.14146208692210047
5CAN,L883F,P00533,0.58,-0.3729192413582521,distal allosteric,1307835,0.14146208692210047
5CAN,L883F,P00533,0.226,-0.45049599717820377,distal allosteric,1307835,0.14146208692210047
5CAN,L883F,P00533,0.281,-0.319130921689903,distal allosteric,1307835,0.14146208692210047
5CAN,L883F,P00533,0.945,-0.7392745182165766,distal allosteric,1307835,0.14146208692210047
3PFV,P1071L,P00533,0.324,-0.5238724016284241,binding pocket,1307835,0.14146208692210047
3PFV,P1071L,P00533,-0.931,-0.48968694242111893,binding pocket,1307835,0.14146208692210047
3PFV,P1071L,P00533,-0.113,-0.5606399002732598,binding pocket,1307835,0.14146208692210047
3PFV,P1071L,P00533,0.13,-0.46779078667830015,binding pocket,1307835,0.14146208692210047
3PFV,P1071L,P00533,-0.12,-0.46869876461169296,binding pocket,1307835,0.14146208692210047
3PFV,P1071L,P00533,1.21,-0.48968694242111893,binding pocket,1307835,0.14146208692210047
5CAN,P753S,P00533,-1.218,-0.4552698645495316,distal allosteric,1307835,0.14146208692210047
5CAN,P753S,P00533,1.334,-0.6415852938642835,distal allosteric,1307835,0.14146208692210047
5CAN,Q701R,P00533,-0.279,-0.4167106322041329,distal allosteric,1307835,0.14146208692210047
6TG1,Q701R,P00533,-0.382,-0.5533539846294065,distal allosteric,1307835,0.14146208692210047
5CAN,Q701R,P00533,0.29,-0.37299023958427063,distal allosteric,1307835,0.14146208692210047
6D8E,Q701R,P00533,-0.347,-0.5479352165863793,distal allosteric,1307835,0.14146208692210047
5CAN,Q701R,P00533,0.084,-0.5083619941328378,distal allosteric,1307835,0.14146208692210047
5CAN,Q701R,P00533,-0.522,-0.5623487488942986,distal allosteric,1307835,0.14146208692210047
7SZ0,R451C,P00533,-1.196,-0.6168533370310769,distal allosteric,1307835,0.14146208692210047
1MOX,R451C,P00533,-0.817,-0.5606399002732598,distal allosteric,1307835,0.14146208692210047
1MOX,R451C,P00533,-0.695,-0.46779078667830015,distal allosteric,1307835,0.14146208692210047
7SZ0,R451C,P00533,-1.115,-0.61804275352464,distal allosteric,1307835,0.14146208692210047
1MOX,R451C,P00533,0.991,-0.48968694242111893,distal allosteric,1307835,0.14146208692210047
2M0B,R675Q,P00533,0.202,-0.5955265235129525,intermediate,1307835,0.14146208692210047
2M0B,R675Q,P00533,0.948,-0.7366428378066596,intermediate,1307835,0.14146208692210047
2M0B,R675Q,P00533,0.704,-0.8461691607420936,intermediate,1307835,0.14146208692210047
2M0B,R675Q,P00533,1.255,-0.738076614607783,intermediate,1307835,0.14146208692210047
2M0B,R675Q,P00533,0.318,-0.8622772266952431,intermediate,1307835,0.14146208692210047
2M0B,R677C,P00533,-1.091,-0.8180596715141746,distal allosteric,1307835,0.14146208692210047
5CAN,R832C,P00533,-1.389,-0.6795339260662303,distal allosteric,1307835,0.14146208692210047
5CAN,R832C,P00533,-1.507,-0.7903974662782515,distal allosteric,1307835,0.14146208692210047
5CAN,R832C,P00533,-0.512,-0.7142893771231175,distal allosteric,1307835,0.14146208692210047
5CAN,S703F,P00533,-2.773,-0.46779078667830015,distal allosteric,1307835,0.14146208692210047
5CAN,S768I,P00533,-2.066,-1.0505050900201587,intermediate,1307835,0.14146208692210047
6D8E,S768I,P00533,-1.336,-1.1465451183319093,intermediate,1307835,0.14146208692210047
5CAN,S768I,P00533,-1.442,-1.1260279773762996,intermediate,1307835,0.14146208692210047
5CAN,S768I,P00533,-2.007,-1.244378955769188,intermediate,1307835,0.14146208692210047
5CAN,S768I,P00533,-1.274,-0.89374574104828,intermediate,1307835,0.14146208692210047
5CAN,S811F,P00533,0.566,-0.6293988892453557,distal allosteric,1307835,0.14146208692210047
5CAN,S811F,P00533,0.765,-0.5853049404016312,distal allosteric,1307835,0.14146208692210047
5CAN,S811F,P00533,0.132,-0.654806014514802,distal allosteric,1307835,0.14146208692210047
5CAN,S811F,P00533,0.163,-0.5514456446311052,distal allosteric,1307835,0.14146208692210047
5CAN,S811F,P00533,-0.607,-0.8179897881908452,distal allosteric,1307835,0.14146208692210047
6TG1,T751I,P00533,0.033,-0.41953967376897,intermediate,1307835,0.14146208692210047
5CAN,T751I,P00533,0.148,-0.3930074338720125,distal allosteric,1307835,0.14146208692210047
5CAN,T751I,P00533,-0.088,-0.5012414751876803,distal allosteric,1307835,0.14146208692210047
5CAN,T751I,P00533,-0.629,-0.4187676392661079,distal allosteric,1307835,0.14146208692210047
5CAN,V1011M,P00533,-2.524,-0.5389792339083026,intermediate,1307835,0.14146208692210047
5CAN,V1011M,P00533,-0.24,-0.5327730064418386,intermediate,1307835,0.14146208692210047
5CAN,V1011M,P00533,-0.267,-0.5729845302700995,intermediate,1307835,0.14146208692210047
5CAN,V1011M,P00533,-0.597,-0.6361594050658099,intermediate,1307835,0.14146208692210047
5CAN,V1011M,P00533,-1.178,-0.5063979981331264,intermediate,1307835,0.14146208692210047
5CAN,V1011M,P00533,-1.794,-0.5026590202415689,intermediate,1307835,0.14146208692210047
7SZ0,V592F,P00533,0.123,-0.5488596102032153,distal allosteric,1307835,0.14146208692210047
7SZ0,V592F,P00533,1.952,-0.500873658430927,distal allosteric,1307835,0.14146208692210047
5CAN,V738D,P00533,-0.931,-0.38842836861400043,distal allosteric,1307835,0.14146208692210047
6D8E,V738D,P00533,-0.288,-0.4373380601872854,distal allosteric,1307835,0.14146208692210047
5CAN,V738D,P00533,-0.628,-0.444140532938873,distal allosteric,1307835,0.14146208692210047
5CAN,V738D,P00533,-1.784,-0.44584570716365285,distal allosteric,1307835,0.14146208692210047
5CAN,V904I,P00533,-0.686,-0.6682804465267589,distal allosteric,1307835,0.14146208692210047
5CAN,V904I,P00533,-0.631,-0.5869514108444838,distal allosteric,1307835,0.14146208692210047
5CAN,V904I,P00533,-0.007,-0.7421565010459984,distal allosteric,1307835,0.14146208692210047
5CAN,V904I,P00533,-0.208,-0.7617069868589409,distal allosteric,1307835,0.14146208692210047
5CAN,V904I,P00533,-0.86,-0.6313538086026469,distal allosteric,1307835,0.14146208692210047
5CAN,V904I,P00533,-0.362,-0.6977569794584724,distal allosteric,1307835,0.14146208692210047
5CAN,G719S,P00533,0.48,-0.621349880425369,binding pocket,1307835,0.14146208692210047
6D8E,L858R,P00533,-1.6,-2.9710276171319627,intermediate,1307835,0.14146208692210047
2ITY,T790M,P00533,-1.21,-0.37509440045321685,binding pocket,1307835,0.14146208692210047
1XKK,E866D,P00533,0.355,-0.5195906931508113,distal allosteric,1307835,0.14146208692210047
1XKK,T790M+L858R,P00533,1.129,0.5360880423363517,binding pocket,1307835,0.14146208692210047
1XKK,T790M+L858R,P00533,0.063,0.6358260472276631,binding pocket,1307835,0.14146208692210047
1XKK,T790M+L858R,P00533,2.123,0.7024833296397153,binding pocket,1307835,0.14146208692210047
2ITY,G719S+T790M,P00533,0.48,-0.613450150780818,binding pocket,1307835,0.14146208692210047
1XKK,T790M+L858R,P00533,2.31,0.7024833296397153,binding pocket,1307835,0.14146208692210047
1XKK,T790M+L858R,P00533,1.177,0.5969592209493413,binding pocket,1307835,0.14146208692210047
2J5E,E866D+H988P,P00533,0.327,-0.6292316257105591,intermediate,1307835,0.14146208692210047
2J5E,E866D+H988P,P00533,0.441,-0.6332461628598325,intermediate,1307835,0.14146208692210047
2J5E,E866D+H988P,P00533,0.185,-0.6694614830345792,intermediate,1307835,0.14146208692210047
2J5E,E866D+H988P,P00533,-0.393,-0.5367566663307302,intermediate,1307835,0.14146208692210047
2J5E,E866D+H988P,P00533,-0.316,-0.6181597385967478,intermediate,1307835,0.14146208692210047
2J5E,T790M+L858R,P00533,0.397,0.0149949727058411,binding pocket,1307835,0.14146208692210047
6D8E,T790M+L858R,P00533,-0.105,0.3262102721613997,binding pocket,1307835,0.14146208692210047
6D8E,T790M+L858R,P00533,-0.07,0.16634820132395806,binding pocket,1307835,0.14146208692210047
6D8E,T790M+L858R,P00533,-2.794,0.06368362546668337,binding pocket,1307835,0.14146208692210047
1XKK,T790M+L858R,P00533,-2.597,0.6358260472276631,binding pocket,1307835,0.14146208692210047
2ITY,G719S,P00533,0.48,-0.6728539366687045,binding pocket,1307835,0.14146208692210047
1MOX,A289D,P00533,-0.356,-0.563580791145563,distal allosteric,1307835,0.14146208692210047
1MOX,A289D,P00533,0.668,-0.5047859537005424,distal allosteric,1307835,0.14146208692210047
7SZ0,A289V,P00533,0.598,-0.5168670569355873,distal allosteric,1307835,0.14146208692210047
1MOX,A289V,P00533,0.528,-0.1177168020185302,distal allosteric,1307835,0.14146208692210047
1MOX,A289V,P00533,0.287,-0.09009391207204143,distal allosteric,1307835,0.14146208692210047
7SZ0,A289V,P00533,1.005,-0.5430442279507133,distal allosteric,1307835,0.14146208692210047
5CAN,A702D,P00533,-1.549,-0.6896299812478178,distal allosteric,1307835,0.14146208692210047
5CAN,A702D,P00533,0.098,-0.6836352809141664,distal allosteric,1307835,0.14146208692210047
6D8E,A864V,P00533,-1.162,-0.42753849546435996,distal allosteric,1307835,0.14146208692210047
6D8E,A864V,P00533,-1.228,-0.5616108673324479,distal allosteric,1307835,0.14146208692210047
6D8E,A864V,P00533,-1.186,-0.4635917733451898,distal allosteric,1307835,0.14146208692210047
6D8E,A864V,P00533,-0.945,-0.6587640501313349,distal allosteric,1307835,0.14146208692210047
6D8E,A864V,P00533,-0.788,-0.48358346111809497,distal allosteric,1307835,0.14146208692210047
6D8E,A864V,P00533,-0.396,-0.4745187706890351,distal allosteric,1307835,0.14146208692210047
6D8E,A864V,P00533,-1.02,-0.39587216794994823,distal allosteric,1307835,0.14146208692210047
6D8E,A864V,P00533,-1.432,-0.6093220220523721,distal allosteric,1307835,0.14146208692210047
6D8E,A864V,P00533,-0.67,-0.4256784586757421,distal allosteric,1307835,0.14146208692210047
1MOX,C251Y,P00533,-0.693,-0.5238724016284241,distal allosteric,1307835,0.14146208692210047
1MOX,C311F,P00533,2.202,-0.46779078667830015,distal allosteric,1307835,0.14146208692210047
7SZ0,C523R,P00533,-0.599,-0.5238724016284241,distal allosteric,1307835,0.14146208692210047
7SZ0,C523R,P00533,0.304,-0.5606399002732598,distal allosteric,1307835,0.14146208692210047
7SZ0,C523R,P00533,0.093,-0.46779078667830015,distal allosteric,1307835,0.14146208692210047
7SZ0,C523R,P00533,0.621,-0.48968694242111893,distal allosteric,1307835,0.14146208692210047
6TG1,E711K,P00533,0.102,-0.6057246235994731,intermediate,1307835,0.14146208692210047
5CAN,E711K,P00533,0.011,-0.40688348129566976,distal allosteric,1307835,0.14146208692210047
5CAN,E711K,P00533,0.301,-0.3356221684625591,distal allosteric,1307835,0.14146208692210047
5CAN,E711K,P00533,1.056,-0.47339289334942314,distal allosteric,1307835,0.14146208692210047
5CAN,F961L,P00533,0.414,-0.6326403953766122,distal allosteric,1307835,0.14146208692210047
5CAN,F961L,P00533,-0.23,-0.7468964740963763,distal allosteric,1307835,0.14146208692210047
5CAN,F961L,P00533,-0.145,-0.58296151180653,distal allosteric,1307835,0.14146208692210047
2M0B,G659R,P00533,-0.828,-0.5238724016284241,binding pocket,1307835,0.14146208692210047
5CAN,G719S,P00533,-0.311,-0.577393445523346,binding pocket,1307835,0.14146208692210047
6TG1,G719S,P00533,-2.08,-0.5662311999867944,binding pocket,1307835,0.14146208692210047
6D8E,G719S,P00533,-1.345,-0.5238455048133345,binding pocket,1307835,0.14146208692210047
5CAN,G719S,P00533,-1.594,-0.6168016331791877,binding pocket,1307835,0.14146208692210047
5CAN,G719S,P00533,0.896,-0.5820812344743924,binding pocket,1307835,0.14146208692210047
5CAN,G917R,P00533,-0.265,-0.6303925330779131,distal allosteric,1307835,0.14146208692210047
5CAN,G917R,P00533,0.04,-0.6769928366357788,distal allosteric,1307835,0.14146208692210047
5CAN,G917R,P00533,-0.148,-0.7811878271593767,distal allosteric,1307835,0.14146208692210047
5CAN,G917R,P00533,-0.372,-0.776357540047344,distal allosteric,1307835,0.14146208692210047
5CAN,H988P,P00533,-0.191,-0.6955178861644339,distal allosteric,1307835,0.14146208692210047
2M0B,I646L,P00533,0.342,-0.0007321103285340348,distal allosteric,1307835,0.14146208692210047
2M0B,I646L,P00533,0.656,-0.5047263100194362,distal allosteric,2996337,0.20234194766334251
2M0B,I646L,P00533,0.677,-0.629147434105768,distal allosteric,2996337,0.20234194766334251
7SZ0,K28N,P00533,-0.86,-0.3440174296661554,distal allosteric,2996337,0.20234194766334251
2N5S,L62R,P00533,0.651,-0.4452076200312552,intermediate,2996337,0.20234194766334251
2N5S,L62R,P00533,0.883,-0.715654974849785,intermediate,2996337,0.20234194766334251
2N5S,L62R,P00533,0.476,-0.7331803287022254,intermediate,2996337,0.20234194766334251
2N5S,L62R,P00533,1.078,-0.36240621200642165,intermediate,2996337,0.20234194766334251
2N5S,L62R,P00533,1.369,-0.749535176103743,intermediate,2996337,0.20234194766334251
1MOX,L76P,P00533,-0.985,-0.3440174296661554,distal allosteric,2996337,0.20234194766334251
1MOX,L76P,P00533,-0.97,-0.3107096840379869,distal allosteric,2996337,0.20234194766334251
2M20,L76P,P00533,-0.064,-0.40091867715328494,intermediate,2996337,0.20234194766334251
2M20,L76P,P00533,-0.699,-0.3307828662066775,intermediate,2996337,0.20234194766334251
1MOX,L76P,P00533,-0.228,-0.32937454940904587,distal allosteric,2996337,0.20234194766334251
2M20,L76P,P00533,0.398,-0.3972457880070981,intermediate,2996337,0.20234194766334251
5FED,G719S+T790M,P00533,-0.56,-0.41218060435004095,binding pocket,2996337,0.20234194766334251
5FED,L858R+T790M,P00533,-0.7,-0.2033805254325271,intermediate,2996337,0.20234194766334251
1MOX,L76P,P00533,-1.343,-0.6702981445964645,distal allosteric,2996337,0.20234194766334251
2M20,L76P,P00533,-1.839,-0.5268832575994379,intermediate,2996337,0.20234194766334251
6D8E,L858R,P00533,-4.042,-0.45637989374798016,intermediate,2996337,0.20234194766334251
6D8E,L858R,P00533,-2.66,-0.5436962665906725,intermediate,2996337,0.20234194766334251
5CAN,L861Q,P00533,-0.896,-0.5620224825845046,distal allosteric,2996337,0.20234194766334251
5CAN,L861Q,P00533,-1.064,-0.569952314327745,distal allosteric,2996337,0.20234194766334251
6D8E,L861Q,P00533,-0.736,-0.48459375522855447,intermediate,2996337,0.20234194766334251
6D8E,L861Q,P00533,-0.619,-0.6161142125752043,intermediate,2996337,0.20234194766334251
5CAN,L883F,P00533,0.58,-0.3180577067355899,distal allosteric,2996337,0.20234194766334251
5CAN,L883F,P00533,0.226,-0.3665982256834121,distal allosteric,2996337,0.20234194766334251
5CAN,L883F,P00533,0.281,-0.3432042708756292,distal allosteric,2996337,0.20234194766334251
5CAN,L883F,P00533,0.945,-0.33499241487303855,distal allosteric,2996337,0.20234194766334251
3PFV,P1071L,P00533,0.324,-0.3440174296661554,binding pocket,2996337,0.20234194766334251
3PFV,P1071L,P00533,-0.113,-0.3107096840379869,binding pocket,2996337,0.20234194766334251
3PFV,P1071L,P00533,0.13,-0.32937454940904587,binding pocket,2996337,0.20234194766334251
3PFV,P1071L,P00533,-0.12,-0.6702981445964645,binding pocket,2996337,0.20234194766334251
3PFV,P1071L,P00533,1.21,-0.3967363534631098,binding pocket,2996337,0.20234194766334251
5CAN,P753S,P00533,-1.218,-0.3442899808752186,distal allosteric,2996337,0.20234194766334251
5CAN,P753S,P00533,1.334,-0.35003177793411644,distal allosteric,2996337,0.20234194766334251
5CAN,Q701R,P00533,-0.279,-0.2717776812310605,distal allosteric,2996337,0.20234194766334251
6TG1,Q701R,P00533,-0.382,-0.33489814695672077,distal allosteric,2996337,0.20234194766334251
5CAN,Q701R,P00533,0.29,-0.15577355070193027,distal allosteric,2996337,0.20234194766334251
6D8E,Q701R,P00533,-0.347,-0.26491323413919,distal allosteric,2996337,0.20234194766334251
5CAN,Q701R,P00533,0.084,-0.306237705180531,distal allosteric,2996337,0.20234194766334251
5CAN,Q701R,P00533,-0.522,-0.30856737258066147,distal allosteric,2996337,0.20234194766334251
1MOX,R165Q,P00533,0.288,-0.32937454940904587,intermediate,2996337,0.20234194766334251
1MOX,R451C,P00533,-0.719,-0.3440174296661554,distal allosteric,2996337,0.20234194766334251
7SZ0,R451C,P00533,-1.196,-0.39678800251762214,distal allosteric,2996337,0.20234194766334251
1MOX,R451C,P00533,-0.817,-0.3107096840379869,distal allosteric,2996337,0.20234194766334251
1MOX,R451C,P00533,-0.695,-0.32937454940904587,distal allosteric,2996337,0.20234194766334251
7SZ0,R451C,P00533,-1.115,-0.4232709567691474,distal allosteric,2996337,0.20234194766334251
1MOX,R451C,P00533,0.991,-0.3967363534631098,distal allosteric,2996337,0.20234194766334251
2M0B,R675Q,P00533,0.202,-0.5397923063293977,intermediate,2996337,0.20234194766334251
2M0B,R675Q,P00533,0.948,-0.4371915719772086,intermediate,2996337,0.20234194766334251
2M0B,R675Q,P00533,0.704,-0.5741855580385994,intermediate,2996337,0.20234194766334251
2M0B,R675Q,P00533,1.255,-0.4565073137690916,intermediate,2996337,0.20234194766334251
2M0B,R675Q,P00533,0.318,-0.4752459297530791,intermediate,2996337,0.20234194766334251
2M0B,R677C,P00533,-1.091,-0.8199322574195618,distal allosteric,2996337,0.20234194766334251
5CAN,R832C,P00533,-1.389,-0.36185812563076614,distal allosteric,2996337,0.20234194766334251
5CAN,R832C,P00533,-1.507,-0.4198009236358544,distal allosteric,2996337,0.20234194766334251
5CAN,R832C,P00533,-0.512,-0.3812870293197167,distal allosteric,2996337,0.20234194766334251
5CAN,S703F,P00533,-2.773,-0.32937454940904587,distal allosteric,2996337,0.20234194766334251
5CAN,S768I,P00533,-2.066,-0.5403088791048265,intermediate,2996337,0.20234194766334251
6D8E,S768I,P00533,-1.336,-0.42891805349728646,intermediate,2996337,0.20234194766334251
5CAN,S768I,P00533,-1.442,-0.26662307645402405,intermediate,2996337,0.20234194766334251
5CAN,S768I,P00533,-2.007,-0.28384528132709536,intermediate,2996337,0.20234194766334251
5CAN,S768I,P00533,-1.274,-0.31303056739533647,intermediate,2996337,0.20234194766334251
5CAN,S768I,P00533,-3.63,-0.5312796791329543,intermediate,2996337,0.20234194766334251
5CAN,S811F,P00533,0.566,-0.3630141666459248,distal allosteric,2996337,0.20234194766334251
5CAN,S811F,P00533,0.765,-0.3505262099671013,distal allosteric,2996337,0.20234194766334251
5CAN,S811F,P00533,0.132,-0.3490855964639169,distal allosteric,2996337,0.20234194766334251
5CAN,S811F,P00533,0.163,-0.39969588540045214,distal allosteric,2996337,0.20234194766334251
5CAN,S811F,P00533,-0.607,-0.3818663185214733,distal allosteric,2996337,0.20234194766334251
5CAN,T751I,P00533,0.148,-0.3282527569598135,distal allosteric,2996337,0.20234194766334251
5CAN,T751I,P00533,-0.088,-0.3199846579007366,distal allosteric,2996337,0.20234194766334251
5CAN,T751I,P00533,-0.18,-0.23837827567054948,distal allosteric,2996337,0.20234194766334251
5CAN,T751I,P00533,-0.629,-0.5454776821136476,distal allosteric,2996337,0.20234194766334251
5CAN,V1011M,P00533,-2.524,-0.5368742939987604,intermediate,2996337,0.20234194766334251
5CAN,V1011M,P00533,-0.24,-0.4774367065797834,intermediate,2996337,0.20234194766334251
5CAN,V1011M,P00533,-0.267,-0.4901239814372623,intermediate,2996337,0.20234194766334251
5CAN,V1011M,P00533,-0.597,-0.5923389704157325,intermediate,2996337,0.20234194766334251
5CAN,V1011M,P00533,-1.794,-0.48466124193019733,intermediate,2996337,0.20234194766334251
1MOX,V292M,P00533,-0.108,-0.3440174296661554,distal allosteric,2996337,0.20234194766334251
7SZ0,V592F,P00533,-0.734,-0.3440174296661554,distal allosteric,2996337,0.20234194766334251
7SZ0,V592F,P00533,0.123,-0.3307828662066775,distal allosteric,2996337,0.20234194766334251
7SZ0,V592F,P00533,1.952,-0.5268832575994379,distal allosteric,2996337,0.20234194766334251
5CAN,V738D,P00533,-0.931,-0.4241693991098334,distal allosteric,2996337,0.20234194766334251
6D8E,V738D,P00533,-0.288,-0.624009141087532,distal allosteric,2996337,0.20234194766334251
5CAN,V738D,P00533,-0.471,-0.5498111073447064,distal allosteric,2996337,0.20234194766334251
5CAN,V738D,P00533,-0.628,-0.42051403718058245,distal allosteric,2996337,0.20234194766334251
5CAN,V738D,P00533,-1.784,-0.6433926969135509,distal allosteric,2996337,0.20234194766334251
5CAN,V904I,P00533,-0.686,-0.5860955445286544,distal allosteric,2996337,0.20234194766334251
5CAN,V904I,P00533,-0.007,-0.5427084865020041,distal allosteric,2996337,0.20234194766334251
5CAN,V904I,P00533,-0.208,-0.5766571307581138,distal allosteric,2996337,0.20234194766334251
5CAN,V904I,P00533,-0.86,-0.5746734908643891,distal allosteric,2996337,0.20234194766334251
5CAN,V904I,P00533,-0.362,-0.5607113880295964,distal allosteric,2996337,0.20234194766334251
1XKK,T790M+L858R,P00533,1.259,0.013136113454313843,binding pocket,2996337,0.20234194766334251
5CAN,G719S,P00533,0.48,-0.5855653881395565,binding pocket,2996337,0.20234194766334251
6D8E,L858R,P00533,-1.6,-0.45637989374798016,intermediate,2996337,0.20234194766334251
2ITY,T790M,P00533,-1.21,-0.446705760556054,binding pocket,2996337,0.20234194766334251
1XKK,E866D,P00533,0.355,-0.3163555092642851,distal allosteric,2996337,0.20234194766334251
1XKK,T790M+L858R,P00533,1.129,-0.27267844064752844,binding pocket,2996337,0.20234194766334251
1XKK,T790M+L858R,P00533,0.063,-0.16877450245312028,binding pocket,2996337,0.20234194766334251
1XKK,T790M+L858R,P00533,2.123,-0.1488526839789222,binding pocket,2996337,0.20234194766334251
2ITY,G719S+T790M,P00533,0.48,-0.4128172530654599,binding pocket,2996337,0.20234194766334251
1XKK,T790M+L858R,P00533,2.31,-0.1488526839789222,binding pocket,2996337,0.20234194766334251
1XKK,T790M+L858R,P00533,1.177,-0.18629035226825402,binding pocket,2996337,0.20234194766334251
1XKK,T790M+L858R,P00533,0.931,-0.1992149387457791,binding pocket,2996337,0.20234194766334251
2J5E,E866D+H988P,P00533,0.327,-0.2674902523579076,intermediate,2996337,0.20234194766334251
2J5E,E866D+H988P,P00533,0.441,-0.35960626762951997,intermediate,2996337,0.20234194766334251
2J5E,E866D+H988P,P00533,-0.393,-0.3595602685666698,intermediate,2996337,0.20234194766334251
2J5E,E866D+H988P,P00533,-0.316,-0.5224035563521526,intermediate,2996337,0.20234194766334251
2J5E,T790M+L858R,P00533,0.397,-0.20063086647584155,binding pocket,2996337,0.20234194766334251
6D8E,T790M+L858R,P00533,-0.105,-0.15775635733586899,binding pocket,2996337,0.20234194766334251
6D8E,T790M+L858R,P00533,-0.07,-0.17572889632315322,binding pocket,2996337,0.20234194766334251
6D8E,T790M+L858R,P00533,-2.794,-0.12019142348801386,binding pocket,2996337,0.20234194766334251
1XKK,T790M+L858R,P00533,-2.597,-0.16877450245312028,binding pocket,2996337,0.20234194766334251
2ITY,G719S,P00533,0.48,-0.955702823030598,binding pocket,2996337,0.20234194766334251
1MOX,A289D,P00533,-0.356,-0.33660463084017533,distal allosteric,2996337,0.20234194766334251
1MOX,A289D,P00533,0.668,-0.39709026513555473,distal allosteric,2996337,0.20234194766334251
7SZ0,A289V,P00533,0.598,-0.38902426000728324,distal allosteric,2996337,0.20234194766334251
1MOX,A289V,P00533,0.528,-0.17319572636682318,distal allosteric,2996337,0.20234194766334251
1MOX,A289V,P00533,0.287,-0.12239466009595812,distal allosteric,2996337,0.20234194766334251
7SZ0,A289V,P00533,1.005,-0.3972457880070981,distal allosteric,2996337,0.20234194766334251
5CAN,A702D,P00533,-1.549,-0.680013839749729,distal allosteric,2996337,0.20234194766334251
5CAN,A702D,P00533,0.098,-0.8027918086139596,distal allosteric,2996337,0.20234194766334251
6D8E,A864V,P00533,-1.162,-0.43450462329738276,distal allosteric,2996337,0.20234194766334251
6D8E,A864V,P00533,-1.228,-0.44074257759585533,distal allosteric,2996337,0.20234194766334251
6D8E,A864V,P00533,-1.186,-0.46892611292618164,distal allosteric,2996337,0.20234194766334251
6D8E,A864V,P00533,-0.945,-0.6548704286296578,distal allosteric,2996337,0.20234194766334251
6D8E,A864V,P00533,-0.788,-0.456639506297953,distal allosteric,2996337,0.20234194766334251
6D8E,A864V,P00533,-0.396,-0.4520013829171658,distal allosteric,2996337,0.20234194766334251
6D8E,A864V,P00533,-1.02,-0.47134101494094904,distal allosteric,2996337,0.20234194766334251
6D8E,A864V,P00533,-0.67,-0.5070393672677523,distal allosteric,2996337,0.20234194766334251
1MOX,C251Y,P00533,-0.693,-0.3440174296661554,distal allosteric,2996337,0.20234194766334251
1MOX,C311F,P00533,2.202,-0.32937454940904587,distal allosteric,2996337,0.20234194766334251
7SZ0,C523R,P00533,-0.599,-0.3440174296661554,distal allosteric,2996337,0.20234194766334251
7SZ0,C523R,P00533,-0.637,-0.3967363534631098,distal allosteric,2996337,0.20234194766334251
7SZ0,C523R,P00533,-0.466,-0.6702981445964645,distal allosteric,2996337,0.20234194766334251
7SZ0,C523R,P00533,0.621,-0.3967363534631098,distal allosteric,2996337,0.20234194766334251
5CAN,E711K,P00533,0.011,-0.16084160895952404,distal allosteric,2996337,0.20234194766334251
5CAN,E711K,P00533,0.301,-0.13675832681839956,distal allosteric,2996337,0.20234194766334251
5CAN,E711K,P00533,1.056,-0.12675715697206116,distal allosteric,2996337,0.20234194766334251
5CAN,F961L,P00533,0.414,-0.29957286481296314,distal allosteric,2996337,0.20234194766334251
5CAN,F961L,P00533,-0.23,-0.33790525497364643,distal allosteric,2996337,0.20234194766334251
2M0B,G659R,P00533,-0.828,-0.3440174296661554,binding pocket,2996337,0.20234194766334251
6TG1,G719S,P00533,-2.08,-0.6618184767689774,binding pocket,2996337,0.20234194766334251
5CAN,G719S,P00533,-1.534,-0.5855653881395565,binding pocket,2996337,0.20234194766334251
5CAN,G719S,P00533,-1.594,-0.5259644447687795,binding pocket,2996337,0.20234194766334251
5CAN,G719S,P00533,0.896,-0.6272131282862495,binding pocket,2996337,0.20234194766334251
5CAN,G917R,P00533,-0.265,-0.5420505305230618,distal allosteric,2996337,0.20234194766334251
5CAN,G917R,P00533,0.04,-0.407747601807994,distal allosteric,2996337,0.20234194766334251
5CAN,G917R,P00533,-0.148,-0.4495195171657731,distal allosteric,2996337,0.20234194766334251
5CAN,H988P,P00533,-0.191,-0.407794637213735,distal allosteric,2996337,0.20234194766334251
2M0B,I646L,P00533,0.139,-0.6645984399213511,distal allosteric,2996337,0.20234194766334251
2M0B,I646L,P00533,0.342,-0.5653153889564908,distal allosteric,2996337,0.20234194766334251
5LV6,I646L,P00533,-0.278,-0.5239846482241854,distal allosteric,2996337,0.20234194766334251
2M0B,I646L,P00533,0.656,-0.19401627704553198,distal allosteric,3773341,0.12003931079689935
2M0B,I646L,P00533,0.677,-0.2918779639895348,distal allosteric,3773341,0.12003931079689935
7SZ0,K28N,P00533,-0.86,0.009393539966029284,distal allosteric,3773341,0.12003931079689935
2N5S,L62R,P00533,0.651,-0.3380612192167079,intermediate,3773341,0.12003931079689935
2N5S,L62R,P00533,0.883,-0.22059815735676708,intermediate,3773341,0.12003931079689935
2N5S,L62R,P00533,0.476,-0.24214057681709528,intermediate,3773341,0.12003931079689935
2N5S,L62R,P00533,1.078,-0.16206801148416364,intermediate,3773341,0.12003931079689935
2N5S,L62R,P00533,1.369,-0.12076819750929578,intermediate,3773341,0.12003931079689935
1MOX,L76P,P00533,-0.985,0.009393539966029284,distal allosteric,3773341,0.12003931079689935
1MOX,L76P,P00533,-0.97,-0.09304182442874814,distal allosteric,3773341,0.12003931079689935
2M20,L76P,P00533,-0.699,-0.08929969441430535,intermediate,3773341,0.12003931079689935
1MOX,L76P,P00533,-0.228,0.1425341289122315,distal allosteric,3773341,0.12003931079689935
2M20,L76P,P00533,0.398,-0.10549130813777449,intermediate,3773341,0.12003931079689935
5FED,G719S+T790M,P00533,-0.56,-0.02376333560969898,binding pocket,3773341,0.12003931079689935
5FED,L858R+T790M,P00533,-0.7,0.4279072882129866,intermediate,3773341,0.12003931079689935
1MOX,L76P,P00533,-1.343,-0.102457369594013,distal allosteric,3773341,0.12003931079689935
2M20,L76P,P00533,-1.839,-0.05928503080829976,intermediate,3773341,0.12003931079689935
6D8E,L858R,P00533,-2.66,-1.0527450482564813,intermediate,3773341,0.12003931079689935
5CAN,L861Q,P00533,-0.896,-0.49889230495165376,distal allosteric,3773341,0.12003931079689935
5CAN,L861Q,P00533,-0.526,-0.3245127748627873,distal allosteric,3773341,0.12003931079689935
6D8E,L861Q,P00533,-0.736,-0.18473132401003559,intermediate,3773341,0.12003931079689935
6D8E,L861Q,P00533,-0.619,-0.23488803873342629,intermediate,3773341,0.12003931079689935
5CAN,L883F,P00533,-0.382,0.21447718727062728,distal allosteric,3773341,0.12003931079689935
5CAN,L883F,P00533,0.226,0.5221667986323728,distal allosteric,3773341,0.12003931079689935
5CAN,L883F,P00533,0.281,0.5051450366991408,distal allosteric,3773341,0.12003931079689935
3PFV,P1071L,P00533,0.324,0.009393539966029284,binding pocket,3773341,0.12003931079689935
3PFV,P1071L,P00533,-0.931,-0.017877992213648903,binding pocket,3773341,0.12003931079689935
3PFV,P1071L,P00533,-0.113,-0.09304182442874814,binding pocket,3773341,0.12003931079689935
3PFV,P1071L,P00533,0.13,0.1425341289122315,binding pocket,3773341,0.12003931079689935
3PFV,P1071L,P00533,-0.12,-0.102457369594013,binding pocket,3773341,0.12003931079689935
3PFV,P1071L,P00533,1.21,-0.017877992213648903,binding pocket,3773341,0.12003931079689935
5CAN,P753S,P00533,-1.218,0.009507890271789905,distal allosteric,3773341,0.12003931079689935
5CAN,P753S,P00533,1.334,0.039186747335335795,distal allosteric,3773341,0.12003931079689935
5CAN,Q701R,P00533,-0.279,-0.02495596369982506,distal allosteric,3773341,0.12003931079689935
6TG1,Q701R,P00533,-0.382,-0.13181428931609673,distal allosteric,3773341,0.12003931079689935
5CAN,Q701R,P00533,0.29,0.09709354095752624,distal allosteric,3773341,0.12003931079689935
6D8E,Q701R,P00533,-0.347,0.014921184329425593,distal allosteric,3773341,0.12003931079689935
5CAN,Q701R,P00533,0.084,0.027438508594737353,distal allosteric,3773341,0.12003931079689935
5CAN,Q701R,P00533,-0.522,-0.05820349365428966,distal allosteric,3773341,0.12003931079689935
1MOX,R165Q,P00533,0.288,0.1425341289122315,intermediate,3773341,0.12003931079689935
1MOX,R451C,P00533,-0.719,0.009393539966029284,distal allosteric,3773341,0.12003931079689935
7SZ0,R451C,P00533,-1.196,-0.07967992973196153,distal allosteric,3773341,0.12003931079689935
1MOX,R451C,P00533,-0.817,-0.09304182442874814,distal allosteric,3773341,0.12003931079689935
1MOX,R451C,P00533,-0.695,0.1425341289122315,distal allosteric,3773341,0.12003931079689935
7SZ0,R451C,P00533,-1.115,-0.12815954807225394,distal allosteric,3773341,0.12003931079689935
1MOX,R451C,P00533,0.991,-0.017877992213648903,distal allosteric,3773341,0.12003931079689935
2M0B,R675Q,P00533,0.202,-0.03214806479741542,intermediate,3773341,0.12003931079689935
2M0B,R675Q,P00533,0.948,-0.05078750322351011,intermediate,3773341,0.12003931079689935
2M0B,R675Q,P00533,1.255,0.05893009690282978,intermediate,3773341,0.12003931079689935
2M0B,R675Q,P00533,0.318,-0.07612049313766112,intermediate,3773341,0.12003931079689935
2M0B,R677C,P00533,-1.091,-0.19781257198312704,distal allosteric,3773341,0.12003931079689935
5CAN,R832C,P00533,-1.389,-0.17913902383692126,distal allosteric,3773341,0.12003931079689935
5CAN,R832C,P00533,-1.507,-0.17572515290624957,distal allosteric,3773341,0.12003931079689935
5CAN,R832C,P00533,-0.512,-0.1602523708426777,distal allosteric,3773341,0.12003931079689935
5CAN,S703F,P00533,-2.773,0.1425341289122315,distal allosteric,3773341,0.12003931079689935
5CAN,S768I,P00533,-2.066,0.09169741887204785,intermediate,3773341,0.12003931079689935
6D8E,S768I,P00533,-1.336,-0.390999035223442,intermediate,3773341,0.12003931079689935
5CAN,S768I,P00533,-1.442,-0.00014931234542060826,intermediate,3773341,0.12003931079689935
5CAN,S768I,P00533,-2.007,-0.03894120567968553,intermediate,3773341,0.12003931079689935
5CAN,S768I,P00533,-1.274,0.04641220666731106,intermediate,3773341,0.12003931079689935
5CAN,S768I,P00533,-3.63,-0.06242742928906397,intermediate,3773341,0.12003931079689935
5CAN,S811F,P00533,0.566,0.00926658514054385,distal allosteric,3773341,0.12003931079689935
5CAN,S811F,P00533,0.765,0.09917201006061892,distal allosteric,3773341,0.12003931079689935
5CAN,S811F,P00533,0.132,-0.1050019670974682,distal allosteric,3773341,0.12003931079689935
5CAN,S811F,P00533,-0.607,0.010266356966074794,distal allosteric,3773341,0.12003931079689935
6TG1,T751I,P00533,0.033,-0.0807363494242925,intermediate,3773341,0.12003931079689935
5CAN,T751I,P00533,0.148,-0.02703972065476151,distal allosteric,3773341,0.12003931079689935
5CAN,T751I,P00533,-0.088,-0.016425729672917527,distal allosteric,3773341,0.12003931079689935
5CAN,T751I,P00533,-0.18,-0.05022653797487999,distal allosteric,3773341,0.12003931079689935
5CAN,T751I,P00533,-0.629,-0.07612313080754349,distal allosteric,3773341,0.12003931079689935
5CAN,V1011M,P00533,-2.524,-0.17389495043368905,intermediate,3773341,0.12003931079689935
5CAN,V1011M,P00533,-0.24,-0.2104396137174438,intermediate,3773341,0.12003931079689935
5CAN,V1011M,P00533,-0.267,-0.24329240891162088,intermediate,3773341,0.12003931079689935
5CAN,V1011M,P00533,-0.597,-0.19881103064382777,intermediate,3773341,0.12003931079689935
5CAN,V1011M,P00533,-1.178,-0.15631827159788844,intermediate,3773341,0.12003931079689935
5CAN,V1011M,P00533,-1.794,-0.2503322011994965,intermediate,3773341,0.12003931079689935
1MOX,V292M,P00533,-0.108,0.009393539966029284,distal allosteric,3773341,0.12003931079689935
7SZ0,V592F,P00533,-0.734,0.009393539966029284,distal allosteric,3773341,0.12003931079689935
7SZ0,V592F,P00533,0.123,-0.08929969441430535,distal allosteric,3773341,0.12003931079689935
7SZ0,V592F,P00533,1.952,-0.05928503080829976,distal allosteric,3773341,0.12003931079689935
5CAN,V738D,P00533,-0.931,-0.7830600217791165,distal allosteric,3773341,0.12003931079689935
6D8E,V738D,P00533,-0.288,-0.42537630423202233,distal allosteric,3773341,0.12003931079689935
5CAN,V738D,P00533,-0.628,-0.582213547818801,distal allosteric,3773341,0.12003931079689935
5CAN,V904I,P00533,-0.631,-0.29375387547274723,distal allosteric,3773341,0.12003931079689935
5CAN,V904I,P00533,-0.007,-0.31796815692677216,distal allosteric,3773341,0.12003931079689935
5CAN,V904I,P00533,-0.86,-0.3409113963667084,distal allosteric,3773341,0.12003931079689935
1XKK,T790M+L858R,P00533,1.259,0.799915000277407,binding pocket,3773341,0.12003931079689935
5CAN,G719S,P00533,0.48,-0.3854856697881923,binding pocket,3773341,0.12003931079689935
6D8E,L858R,P00533,-1.6,-1.2915314669048086,intermediate,3773341,0.12003931079689935
2ITY,T790M,P00533,-1.21,0.1674732045587152,binding pocket,3773341,0.12003931079689935
1XKK,E866D,P00533,0.355,-0.08368016783378139,distal allosteric,3773341,0.12003931079689935
1XKK,T790M+L858R,P00533,0.063,0.8911893391065737,binding pocket,3773341,0.12003931079689935
1XKK,T790M+L858R,P00533,2.123,0.7363544478206073,binding pocket,3773341,0.12003931079689935
2ITY,G719S+T790M,P00533,0.48,0.0065389362398315925,binding pocket,3773341,0.12003931079689935
1XKK,T790M+L858R,P00533,2.31,0.7363544478206073,binding pocket,3773341,0.12003931079689935
1XKK,T790M+L858R,P00533,1.177,0.7543723465177943,binding pocket,3773341,0.12003931079689935
1XKK,T790M+L858R,P00533,0.931,0.7803219713505138,binding pocket,3773341,0.12003931079689935
2J5E,E866D+H988P,P00533,0.327,0.2850884430618847,intermediate,3773341,0.12003931079689935
2J5E,E866D+H988P,P00533,0.185,0.20133067440285402,intermediate,3773341,0.12003931079689935
2J5E,E866D+H988P,P00533,-0.393,0.2401314457510324,intermediate,3773341,0.12003931079689935
2J5E,E866D+H988P,P00533,-0.316,0.15921294111364026,intermediate,3773341,0.12003931079689935
2J5E,T790M+L858R,P00533,0.397,0.49788133024994063,binding pocket,3773341,0.12003931079689935
6D8E,T790M+L858R,P00533,-0.105,0.5110005405746838,binding pocket,3773341,0.12003931079689935
6D8E,T790M+L858R,P00533,-0.07,0.4711843793953166,binding pocket,3773341,0.12003931079689935
6D8E,T790M+L858R,P00533,-2.794,0.4349436862135635,binding pocket,3773341,0.12003931079689935
1XKK,T790M+L858R,P00533,-2.597,0.8911893391065737,binding pocket,3773341,0.12003931079689935
2ITY,G719S,P00533,0.48,-0.3493688433854019,binding pocket,3773341,0.12003931079689935
1MOX,A289D,P00533,-0.356,-0.20871498750588477,distal allosteric,3773341,0.12003931079689935
1MOX,A289D,P00533,0.668,-0.21487576566373598,distal allosteric,3773341,0.12003931079689935
7SZ0,A289V,P00533,0.598,-0.12970558857830136,distal allosteric,3773341,0.12003931079689935
1MOX,A289V,P00533,0.528,-0.06548186837925628,distal allosteric,3773341,0.12003931079689935
1MOX,A289V,P00533,0.287,-0.11643742482188867,distal allosteric,3773341,0.12003931079689935
7SZ0,A289V,P00533,1.005,-0.10549130813777449,distal allosteric,3773341,0.12003931079689935
1MOX,A289V,P00533,0.516,0.009167507429333298,distal allosteric,3773341,0.12003931079689935
5CAN,A702D,P00533,-1.549,-0.3134395369203652,distal allosteric,3773341,0.12003931079689935
5CAN,A702D,P00533,0.098,-0.42842447968484726,distal allosteric,3773341,0.12003931079689935
6D8E,A864V,P00533,-1.162,0.0991315708839718,distal allosteric,3773341,0.12003931079689935
6D8E,A864V,P00533,-1.228,-0.04371670641618614,distal allosteric,3773341,0.12003931079689935
6D8E,A864V,P00533,-1.186,0.03959672703725452,distal allosteric,3773341,0.12003931079689935
6D8E,A864V,P00533,-0.945,-0.048556582754149126,distal allosteric,3773341,0.12003931079689935
6D8E,A864V,P00533,-0.788,0.041020625683314674,distal allosteric,3773341,0.12003931079689935
6D8E,A864V,P00533,-0.396,0.10473697120477173,distal allosteric,3773341,0.12003931079689935
6D8E,A864V,P00533,-1.02,0.06683736853454919,distal allosteric,3773341,0.12003931079689935
6D8E,A864V,P00533,-1.432,0.00808452456137715,distal allosteric,3773341,0.12003931079689935
6D8E,A864V,P00533,-0.67,0.01973099510941436,distal allosteric,3773341,0.12003931079689935
1MOX,C251Y,P00533,-0.693,0.009393539966029284,distal allosteric,3773341,0.12003931079689935
7SZ0,C523R,P00533,-0.599,0.009393539966029284,distal allosteric,3773341,0.12003931079689935
7SZ0,C523R,P00533,-0.637,-0.017877992213648903,distal allosteric,3773341,0.12003931079689935
7SZ0,C523R,P00533,0.304,-0.09304182442874814,distal allosteric,3773341,0.12003931079689935
7SZ0,C523R,P00533,0.093,0.1425341289122315,distal allosteric,3773341,0.12003931079689935
7SZ0,C523R,P00533,0.621,-0.017877992213648903,distal allosteric,3773341,0.12003931079689935
5CAN,E711K,P00533,-0.282,-0.16533187828695073,distal allosteric,3773341,0.12003931079689935
6TG1,E711K,P00533,0.102,-0.0001819001988452911,intermediate,3773341,0.12003931079689935
5CAN,E711K,P00533,0.011,-0.06261344270298584,distal allosteric,3773341,0.12003931079689935
5CAN,E711K,P00533,0.301,-0.08013849855959412,distal allosteric,3773341,0.12003931079689935
5CAN,E711K,P00533,1.056,-0.06319335954767814,distal allosteric,3773341,0.12003931079689935
5CAN,F961L,P00533,0.414,0.10150224562230356,distal allosteric,3773341,0.12003931079689935
5CAN,F961L,P00533,-0.23,-0.07502751312448697,distal allosteric,3773341,0.12003931079689935
2M0B,G659R,P00533,-0.828,0.009393539966029284,binding pocket,3773341,0.12003931079689935
5CAN,G719S,P00533,-0.311,-0.182964482863598,binding pocket,3773341,0.12003931079689935
6TG1,G719S,P00533,-2.08,-0.23313030227865367,binding pocket,3773341,0.12003931079689935
6D8E,G719S,P00533,-1.345,-0.16861026446345975,binding pocket,3773341,0.12003931079689935
5CAN,G719S,P00533,-1.534,-0.3854856697881923,binding pocket,3773341,0.12003931079689935
5CAN,G719S,P00533,-1.594,-0.23230510592471593,binding pocket,3773341,0.12003931079689935
5CAN,G719S,P00533,0.896,-0.24882674553990364,binding pocket,3773341,0.12003931079689935
5CAN,G917R,P00533,-0.265,-0.21267715268888895,distal allosteric,3773341,0.12003931079689935
5CAN,G917R,P00533,0.04,-0.10942275567265114,distal allosteric,3773341,0.12003931079689935
5CAN,G917R,P00533,-0.148,-0.1747485494280563,distal allosteric,3773341,0.12003931079689935
5CAN,G917R,P00533,-0.372,-0.0618180175406091,distal allosteric,3773341,0.12003931079689935
5CAN,H988P,P00533,-0.191,0.269966263024246,distal allosteric,3773341,0.12003931079689935
2M0B,I646L,P00533,0.139,-0.41430343432636824,distal allosteric,3773341,0.12003931079689935
2M0B,I646L,P00533,0.342,-0.2774588795199114,distal allosteric,3773341,0.12003931079689935
5LV6,I646L,P00533,-0.278,-0.33040650476383815,distal allosteric,3773341,0.12003931079689935
2M0B,I646L,P00533,0.656,-0.38437275597716075,distal allosteric,1237675,0.17553658606326902
2M0B,I646L,P00533,0.677,-0.16613567507140994,distal allosteric,1237675,0.17553658606326902
7SZ0,K28N,P00533,-0.86,-0.14549679101595434,distal allosteric,1237675,0.17553658606326902
2N5S,L62R,P00533,0.651,-0.11920930279090124,intermediate,1237675,0.17553658606326902
2N5S,L62R,P00533,0.883,-0.041529703539083966,intermediate,1237675,0.17553658606326902
2N5S,L62R,P00533,0.476,-0.19223493105786685,intermediate,1237675,0.17553658606326902
2N5S,L62R,P00533,1.078,-0.018086804004714744,intermediate,1237675,0.17553658606326902
2N5S,L62R,P00533,1.369,-0.1795506219697349,intermediate,1237675,0.17553658606326902
1MOX,L76P,P00533,-0.985,-0.14549679101595434,distal allosteric,1237675,0.17553658606326902
1MOX,L76P,P00533,-0.97,-0.1510367256359142,distal allosteric,1237675,0.17553658606326902
2M20,L76P,P00533,-0.064,-0.14021660517243775,intermediate,1237675,0.17553658606326902
2M20,L76P,P00533,-0.699,-0.14735855335698406,intermediate,1237675,0.17553658606326902
1MOX,L76P,P00533,-0.228,-0.13041144684395367,distal allosteric,1237675,0.17553658606326902
5FED,G719S+T790M,P00533,-0.56,-0.45458542137461544,binding pocket,1237675,0.17553658606326902
5FED,L858R+T790M,P00533,-0.7,0.7348144777732737,intermediate,1237675,0.17553658606326902
1MOX,L76P,P00533,-1.343,-0.41612766845699617,distal allosteric,1237675,0.17553658606326902
2M20,L76P,P00533,-1.839,-0.3009347849733689,intermediate,1237675,0.17553658606326902
6D8E,L858R,P00533,-4.042,0.0017298311718246773,intermediate,1237675,0.17553658606326902
6D8E,L858R,P00533,-2.66,-0.09077304857399532,intermediate,1237675,0.17553658606326902
5CAN,L861Q,P00533,-0.896,-0.27896538670886967,distal allosteric,1237675,0.17553658606326902
5CAN,L861Q,P00533,-0.526,-0.2530508646018365,distal allosteric,1237675,0.17553658606326902
5CAN,L861Q,P00533,-1.064,-0.32150115301065585,distal allosteric,1237675,0.17553658606326902
5CAN,L883F,P00533,-0.382,-0.22209203896167523,distal allosteric,1237675,0.17553658606326902
5CAN,L883F,P00533,0.226,0.05591251571388806,distal allosteric,1237675,0.17553658606326902
5CAN,L883F,P00533,0.281,0.06592434766976274,distal allosteric,1237675,0.17553658606326902
5CAN,L883F,P00533,0.945,-0.09002733665737594,distal allosteric,1237675,0.17553658606326902
3PFV,P1071L,P00533,0.324,-0.14549679101595434,binding pocket,1237675,0.17553658606326902
3PFV,P1071L,P00533,-0.931,-0.08527167455375415,binding pocket,1237675,0.17553658606326902
3PFV,P1071L,P00533,-0.113,-0.1510367256359142,binding pocket,1237675,0.17553658606326902
3PFV,P1071L,P00533,0.13,-0.13041144684395367,binding pocket,1237675,0.17553658606326902
3PFV,P1071L,P00533,-0.12,-0.41612766845699617,binding pocket,1237675,0.17553658606326902
5CAN,P753S,P00533,-1.218,-0.1743463252440971,distal allosteric,1237675,0.17553658606326902
5CAN,P753S,P00533,1.334,-0.15066755511962313,distal allosteric,1237675,0.17553658606326902
5CAN,Q701R,P00533,-0.279,-0.07870919056373704,distal allosteric,1237675,0.17553658606326902
6TG1,Q701R,P00533,-0.382,-0.11514511494513821,distal allosteric,1237675,0.17553658606326902
5CAN,Q701R,P00533,0.29,-0.03302717952167287,distal allosteric,1237675,0.17553658606326902
6D8E,Q701R,P00533,-0.347,-0.14037575801067492,distal allosteric,1237675,0.17553658606326902
5CAN,Q701R,P00533,0.084,-0.034580198975608635,distal allosteric,1237675,0.17553658606326902
5CAN,Q701R,P00533,-0.522,-0.16171584408072864,distal allosteric,1237675,0.17553658606326902
1MOX,R165Q,P00533,0.288,-0.13041144684395367,intermediate,1237675,0.17553658606326902
1MOX,R451C,P00533,-0.719,-0.14549679101595434,distal allosteric,1237675,0.17553658606326902
7SZ0,R451C,P00533,-1.196,-0.41515131380628134,distal allosteric,1237675,0.17553658606326902
1MOX,R451C,P00533,-0.817,-0.1510367256359142,distal allosteric,1237675,0.17553658606326902
1MOX,R451C,P00533,-0.695,-0.13041144684395367,distal allosteric,1237675,0.17553658606326902
1MOX,R451C,P00533,0.991,-0.08527167455375415,distal allosteric,1237675,0.17553658606326902
2M0B,R675Q,P00533,0.202,-0.2348869352919214,intermediate,1237675,0.17553658606326902
2M0B,R675Q,P00533,0.948,-0.20990505985367824,intermediate,1237675,0.17553658606326902
2M0B,R675Q,P00533,0.704,-0.2613674112803796,intermediate,1237675,0.17553658606326902
2M0B,R675Q,P00533,1.255,-0.1628604760108625,intermediate,1237675,0.17553658606326902
2M0B,R675Q,P00533,0.318,-0.1980624935030937,intermediate,1237675,0.17553658606326902
2M0B,R677C,P00533,-1.091,-0.3676360415338593,distal allosteric,1237675,0.17553658606326902
5CAN,R832C,P00533,-1.389,-0.444077769167283,distal allosteric,1237675,0.17553658606326902
5CAN,R832C,P00533,-1.507,-0.5522422707080841,distal allosteric,1237675,0.17553658606326902
5CAN,R832C,P00533,-0.512,-0.4437047072017894,distal allosteric,1237675,0.17553658606326902
5CAN,S703F,P00533,-2.773,-0.13041144684395367,distal allosteric,1237675,0.17553658606326902
5CAN,S768I,P00533,-2.066,-0.16912269650794126,intermediate,1237675,0.17553658606326902
6D8E,S768I,P00533,-1.336,-0.3403921715520761,intermediate,1237675,0.17553658606326902
5CAN,S768I,P00533,-1.442,-0.0394846192207735,intermediate,1237675,0.17553658606326902
5CAN,S768I,P00533,-2.007,-0.10524209608926491,intermediate,1237675,0.17553658606326902
5CAN,S768I,P00533,-1.274,-0.16127749386216128,intermediate,1237675,0.17553658606326902
5CAN,S768I,P00533,-3.63,-0.2879823263942757,intermediate,1237675,0.17553658606326902
5CAN,S811F,P00533,0.566,-0.22580384507884874,distal allosteric,1237675,0.17553658606326902
5CAN,S811F,P00533,0.765,-0.3011257991238552,distal allosteric,1237675,0.17553658606326902
5CAN,S811F,P00533,0.132,-0.2590506471079938,distal allosteric,1237675,0.17553658606326902
5CAN,S811F,P00533,0.163,-0.21289947707342968,distal allosteric,1237675,0.17553658606326902
5CAN,S811F,P00533,-0.607,-0.32179748900672966,distal allosteric,1237675,0.17553658606326902
6TG1,T751I,P00533,0.033,-0.39669571552206484,intermediate,1237675,0.17553658606326902
5CAN,T751I,P00533,0.148,-0.445500478569199,distal allosteric,1237675,0.17553658606326902
5CAN,T751I,P00533,-0.088,-0.45525681181865574,distal allosteric,1237675,0.17553658606326902
5CAN,T751I,P00533,-0.18,-0.35571997501394326,distal allosteric,1237675,0.17553658606326902
5CAN,V1011M,P00533,-2.524,-0.37569684226723277,intermediate,1237675,0.17553658606326902
5CAN,V1011M,P00533,-0.24,-0.35668606605161635,intermediate,1237675,0.17553658606326902
5CAN,V1011M,P00533,-0.597,-0.33371653844328486,intermediate,1237675,0.17553658606326902
5CAN,V1011M,P00533,-1.178,-0.3106559172973913,intermediate,1237675,0.17553658606326902
5CAN,V1011M,P00533,-1.794,-0.2966437199361184,intermediate,1237675,0.17553658606326902
7SZ0,V592F,P00533,-0.734,-0.14549679101595434,distal allosteric,1237675,0.17553658606326902
7SZ0,V592F,P00533,0.123,-0.14735855335698406,distal allosteric,1237675,0.17553658606326902
7SZ0,V592F,P00533,1.952,-0.3009347849733689,distal allosteric,1237675,0.17553658606326902
5CAN,V738D,P00533,-0.931,-0.36229269004810377,distal allosteric,1237675,0.17553658606326902
6D8E,V738D,P00533,-0.288,-0.3291944887532907,distal allosteric,1237675,0.17553658606326902
5CAN,V738D,P00533,-0.471,-0.4149016858286717,distal allosteric,1237675,0.17553658606326902
5CAN,V738D,P00533,-0.628,-0.365184527475606,distal allosteric,1237675,0.17553658606326902
5CAN,V738D,P00533,-1.784,-0.5043155237418764,distal allosteric,1237675,0.17553658606326902
5CAN,V904I,P00533,-0.686,-0.20204122346332842,distal allosteric,1237675,0.17553658606326902
5CAN,V904I,P00533,-0.631,-0.13100850577630538,distal allosteric,1237675,0.17553658606326902
5CAN,V904I,P00533,-0.208,-0.2328080072385423,distal allosteric,1237675,0.17553658606326902
5CAN,V904I,P00533,-0.86,-0.21238269837299248,distal allosteric,1237675,0.17553658606326902
5CAN,V904I,P00533,-0.362,-0.31186218382681113,distal allosteric,1237675,0.17553658606326902
1XKK,T790M+L858R,P00533,1.259,1.1803897229362939,binding pocket,1237675,0.17553658606326902
5CAN,G719S,P00533,0.48,-0.6301772265574511,binding pocket,1237675,0.17553658606326902
6D8E,L858R,P00533,-1.6,0.0017298311718246773,intermediate,1237675,0.17553658606326902
2ITY,T790M,P00533,-1.21,0.13629010200938763,binding pocket,1237675,0.17553658606326902
1XKK,E866D,P00533,0.355,-0.24498764188193226,distal allosteric,1237675,0.17553658606326902
1XKK,T790M+L858R,P00533,1.129,1.1269309030034964,binding pocket,1237675,0.17553658606326902
1XKK,T790M+L858R,P00533,0.063,1.0318108604410117,binding pocket,1237675,0.17553658606326902
2ITY,G719S+T790M,P00533,0.48,-0.39805545168545314,binding pocket,1237675,0.17553658606326902
1XKK,T790M+L858R,P00533,2.31,1.4654441191168395,binding pocket,1237675,0.17553658606326902
1XKK,T790M+L858R,P00533,1.177,1.1326888883113864,binding pocket,1237675,0.17553658606326902
1XKK,T790M+L858R,P00533,0.931,1.1385536192379455,binding pocket,1237675,0.17553658606326902
2J5E,E866D+H988P,P00533,0.441,-0.17185232414042245,intermediate,1237675,0.17553658606326902
2J5E,E866D+H988P,P00533,0.185,-0.21419629504904147,intermediate,1237675,0.17553658606326902
2J5E,E866D+H988P,P00533,-0.316,-0.2527986628595082,intermediate,1237675,0.17553658606326902
2J5E,T790M+L858R,P00533,0.397,0.8169107655211187,binding pocket,1237675,0.17553658606326902
6D8E,T790M+L858R,P00533,-0.105,0.7340549463033677,binding pocket,1237675,0.17553658606326902
6D8E,T790M+L858R,P00533,-0.07,0.790017580740592,binding pocket,1237675,0.17553658606326902
6D8E,T790M+L858R,P00533,-2.794,0.6663017441858263,binding pocket,1237675,0.17553658606326902
1XKK,T790M+L858R,P00533,-2.597,1.0318108604410117,binding pocket,1237675,0.17553658606326902
2ITY,G719S,P00533,0.48,-0.935810038692811,binding pocket,1237675,0.17553658606326902
1MOX,A289D,P00533,-0.356,-0.14894428148975264,distal allosteric,1237675,0.17553658606326902
1MOX,A289D,P00533,0.668,-0.24760637069011432,distal allosteric,1237675,0.17553658606326902
7SZ0,A289V,P00533,0.598,-0.13117975148208,distal allosteric,1237675,0.17553658606326902
1MOX,A289V,P00533,0.528,-0.022355793574277066,distal allosteric,1237675,0.17553658606326902
1MOX,A289V,P00533,0.287,-0.09242657811326137,distal allosteric,1237675,0.17553658606326902
7SZ0,A289V,P00533,1.005,-0.08987873878549124,distal allosteric,1237675,0.17553658606326902
1MOX,A289V,P00533,0.516,-0.33268326179507896,distal allosteric,1237675,0.17553658606326902
5CAN,A702D,P00533,-1.549,-0.31788272019913966,distal allosteric,1237675,0.17553658606326902
5CAN,A702D,P00533,0.098,-0.4064750815840328,distal allosteric,1237675,0.17553658606326902
6D8E,A864V,P00533,-1.162,-0.1742697367714444,distal allosteric,1237675,0.17553658606326902
6D8E,A864V,P00533,-1.228,-0.15723333462196237,distal allosteric,1237675,0.17553658606326902
6D8E,A864V,P00533,-1.186,-0.2077203930782921,distal allosteric,1237675,0.17553658606326902
6D8E,A864V,P00533,-0.945,-0.10828539456186047,distal allosteric,1237675,0.17553658606326902
6D8E,A864V,P00533,-0.788,-0.0767039448422763,distal allosteric,1237675,0.17553658606326902
6D8E,A864V,P00533,-0.396,-0.07458035580375616,distal allosteric,1237675,0.17553658606326902
6D8E,A864V,P00533,-1.02,-0.11129759277710141,distal allosteric,1237675,0.17553658606326902
6D8E,A864V,P00533,-1.432,-0.22685343722484128,distal allosteric,1237675,0.17553658606326902
6D8E,A864V,P00533,-0.67,-0.24442880456500196,distal allosteric,1237675,0.17553658606326902
1MOX,C251Y,P00533,-0.693,-0.14549679101595434,distal allosteric,1237675,0.17553658606326902
1MOX,C311F,P00533,2.202,-0.13041144684395367,distal allosteric,1237675,0.17553658606326902
7SZ0,C523R,P00533,-0.637,-0.08527167455375415,distal allosteric,1237675,0.17553658606326902
7SZ0,C523R,P00533,0.304,-0.1510367256359142,distal allosteric,1237675,0.17553658606326902
7SZ0,C523R,P00533,0.093,-0.13041144684395367,distal allosteric,1237675,0.17553658606326902
7SZ0,C523R,P00533,-0.466,-0.41612766845699617,distal allosteric,1237675,0.17553658606326902
7SZ0,C523R,P00533,0.621,-0.08527167455375415,distal allosteric,1237675,0.17553658606326902
5CAN,E711K,P00533,-0.282,-0.05873974662931527,distal allosteric,1237675,0.17553658606326902
6TG1,E711K,P00533,0.102,-0.045005713270648416,intermediate,1237675,0.17553658606326902
5CAN,E711K,P00533,0.011,0.07713091490242412,distal allosteric,1237675,0.17553658606326902
5CAN,E711K,P00533,1.056,0.003727174765046931,distal allosteric,1237675,0.17553658606326902
5CAN,F961L,P00533,0.414,-0.23314731084248597,distal allosteric,1237675,0.17553658606326902
5CAN,F961L,P00533,-0.23,-0.24866452073870113,distal allosteric,1237675,0.17553658606326902
5CAN,F961L,P00533,-0.145,-0.2819486363779972,distal allosteric,1237675,0.17553658606326902
2M0B,G659R,P00533,-0.828,-0.14549679101595434,binding pocket,1237675,0.17553658606326902
5CAN,G719S,P00533,-0.311,-0.5990277537352898,binding pocket,1237675,0.17553658606326902
6TG1,G719S,P00533,-2.08,-0.6168382189554327,binding pocket,1237675,0.17553658606326902
5CAN,G719S,P00533,-1.534,-0.6301772265574511,binding pocket,1237675,0.17553658606326902
5CAN,G719S,P00533,-1.594,-0.5765219019441044,binding pocket,1237675,0.17553658606326902
5CAN,G719S,P00533,0.896,-0.6269458396294538,binding pocket,1237675,0.17553658606326902
5CAN,G917R,P00533,-0.265,-0.2646879769056378,distal allosteric,1237675,0.17553658606326902
5CAN,G917R,P00533,0.04,-0.29728208809214474,distal allosteric,1237675,0.17553658606326902
5CAN,G917R,P00533,-0.148,-0.25590299703619057,distal allosteric,1237675,0.17553658606326902
5CAN,G917R,P00533,-0.372,-0.22921959802070083,distal allosteric,1237675,0.17553658606326902
2M0B,I646L,P00533,0.139,-0.33306426049155347,distal allosteric,1237675,0.17553658606326902
2M0B,I646L,P00533,0.342,-0.34935411042150327,distal allosteric,1237675,0.17553658606326902
5LV6,I646L,P00533,-0.278,-0.1359123313343426,distal allosteric,1237675,0.17553658606326902
2M0B,I646L,P00533,0.656,-0.3719247730540879,distal allosteric,2268999,0.21990742711790295
2M0B,I646L,P00533,0.677,-0.3490565875308479,distal allosteric,2268999,0.21990742711790295
7SZ0,K28N,P00533,-0.86,-0.28263316969485847,distal allosteric,2268999,0.21990742711790295
2N5S,L62R,P00533,0.651,-0.4248132495082477,intermediate,2268999,0.21990742711790295
2N5S,L62R,P00533,0.883,-0.46681626719411684,intermediate,2268999,0.21990742711790295
2N5S,L62R,P00533,0.476,-0.5565174886829714,intermediate,2268999,0.21990742711790295
2N5S,L62R,P00533,1.078,-0.2866820495558136,intermediate,2268999,0.21990742711790295
2N5S,L62R,P00533,1.369,-0.6352650350928307,intermediate,2268999,0.21990742711790295
1MOX,L76P,P00533,-0.985,-0.28263316969485847,distal allosteric,2268999,0.21990742711790295
1MOX,L76P,P00533,-0.97,-0.30272290075351216,distal allosteric,2268999,0.21990742711790295
2M20,L76P,P00533,-0.064,-0.2917414281061467,intermediate,2268999,0.21990742711790295
2M20,L76P,P00533,-0.699,-0.32078225787772857,intermediate,2268999,0.21990742711790295
1MOX,L76P,P00533,-0.228,-0.29904495771689454,distal allosteric,2268999,0.21990742711790295
2M20,L76P,P00533,0.398,-0.2638677221431452,intermediate,2268999,0.21990742711790295
5FED,G719S+T790M,P00533,-0.56,-0.17663658988651107,binding pocket,2268999,0.21990742711790295
1MOX,L76P,P00533,-1.343,-0.4261520627430257,distal allosteric,2268999,0.21990742711790295
2M20,L76P,P00533,-1.839,-0.42435705122526957,intermediate,2268999,0.21990742711790295
6D8E,L858R,P00533,-4.042,-0.2779359425017063,intermediate,2268999,0.21990742711790295
6D8E,L858R,P00533,-2.66,-0.24613284328229287,intermediate,2268999,0.21990742711790295
5CAN,L861Q,P00533,-0.896,-0.4835808576012359,distal allosteric,2268999,0.21990742711790295
5CAN,L861Q,P00533,-0.526,-0.47510964442964865,distal allosteric,2268999,0.21990742711790295
6D8E,L861Q,P00533,-0.736,-0.5292829251885415,intermediate,2268999,0.21990742711790295
6D8E,L861Q,P00533,-0.619,-0.5496368687363232,intermediate,2268999,0.21990742711790295
5CAN,L883F,P00533,-0.382,0.10967075816147469,distal allosteric,2268999,0.21990742711790295
5CAN,L883F,P00533,0.226,0.18553393741916208,distal allosteric,2268999,0.21990742711790295
5CAN,L883F,P00533,0.281,0.15581811977835264,distal allosteric,2268999,0.21990742711790295
5CAN,L883F,P00533,0.945,0.17681964281026055,distal allosteric,2268999,0.21990742711790295
3PFV,P1071L,P00533,-0.931,-0.2645271530905191,binding pocket,2268999,0.21990742711790295
3PFV,P1071L,P00533,-0.113,-0.30272290075351216,binding pocket,2268999,0.21990742711790295
3PFV,P1071L,P00533,0.13,-0.29904495771689454,binding pocket,2268999,0.21990742711790295
3PFV,P1071L,P00533,1.21,-0.2645271530905191,binding pocket,2268999,0.21990742711790295
5CAN,P753S,P00533,-1.218,-0.2969680534274701,distal allosteric,2268999,0.21990742711790295
5CAN,P753S,P00533,1.334,-0.3340360150600181,distal allosteric,2268999,0.21990742711790295
5CAN,Q701R,P00533,-0.279,-0.004202714056653152,distal allosteric,2268999,0.21990742711790295
5CAN,Q701R,P00533,0.084,-0.0861335167534211,distal allosteric,2268999,0.21990742711790295
5CAN,Q701R,P00533,-0.522,0.03772270342181709,distal allosteric,2268999,0.21990742711790295
1MOX,R165Q,P00533,0.288,-0.29904495771689454,intermediate,2268999,0.21990742711790295
1MOX,R451C,P00533,-0.719,-0.28263316969485847,distal allosteric,2268999,0.21990742711790295
7SZ0,R451C,P00533,-1.196,-0.24876291192892724,distal allosteric,2268999,0.21990742711790295
1MOX,R451C,P00533,-0.817,-0.30272290075351216,distal allosteric,2268999,0.21990742711790295
1MOX,R451C,P00533,-0.695,-0.29904495771689454,distal allosteric,2268999,0.21990742711790295
7SZ0,R451C,P00533,-1.115,-0.46280001967093526,distal allosteric,2268999,0.21990742711790295
1MOX,R451C,P00533,0.991,-0.2645271530905191,distal allosteric,2268999,0.21990742711790295
2M0B,R675Q,P00533,0.202,-0.3117026869409225,intermediate,2268999,0.21990742711790295
2M0B,R675Q,P00533,0.948,-0.46628787273037087,intermediate,2268999,0.21990742711790295
2M0B,R675Q,P00533,0.704,-0.5573957790110041,intermediate,2268999,0.21990742711790295
2M0B,R675Q,P00533,1.255,-0.34615359091408116,intermediate,2268999,0.21990742711790295
2M0B,R675Q,P00533,0.318,-0.4408174517382594,intermediate,2268999,0.21990742711790295
2M0B,R677C,P00533,-1.091,-0.5486633679866791,distal allosteric,2268999,0.21990742711790295
5CAN,R832C,P00533,-1.389,-0.3692266241794124,distal allosteric,2268999,0.21990742711790295
5CAN,R832C,P00533,-1.507,-0.4464399616052123,distal allosteric,2268999,0.21990742711790295
5CAN,R832C,P00533,-0.512,-0.39212902183743087,distal allosteric,2268999,0.21990742711790295
5CAN,S703F,P00533,-2.773,-0.29904495771689454,distal allosteric,2268999,0.21990742711790295
5CAN,S768I,P00533,-2.066,-0.2396926532317611,intermediate,2268999,0.21990742711790295
6D8E,S768I,P00533,-1.336,-0.433400559379774,intermediate,2268999,0.21990742711790295
5CAN,S768I,P00533,-1.442,-0.22679258393058005,intermediate,2268999,0.21990742711790295
5CAN,S768I,P00533,-1.274,-0.1348746711261132,intermediate,2268999,0.21990742711790295
5CAN,S768I,P00533,-3.63,-0.24756244732001254,intermediate,2268999,0.21990742711790295
5CAN,S811F,P00533,0.566,-0.14919744941833263,distal allosteric,2268999,0.21990742711790295
5CAN,S811F,P00533,0.765,-0.06720404340984192,distal allosteric,2268999,0.21990742711790295
5CAN,S811F,P00533,0.132,-0.23660838702956546,distal allosteric,2268999,0.21990742711790295
5CAN,S811F,P00533,0.163,-0.2540432974349927,distal allosteric,2268999,0.21990742711790295
5CAN,S811F,P00533,-0.607,-0.22157753136052807,distal allosteric,2268999,0.21990742711790295
6TG1,T751I,P00533,0.033,-0.18848643811134733,intermediate,2268999,0.21990742711790295
5CAN,T751I,P00533,0.148,-0.22543321563960877,distal allosteric,2268999,0.21990742711790295
5CAN,T751I,P00533,-0.088,-0.3074323183702415,distal allosteric,2268999,0.21990742711790295
5CAN,T751I,P00533,-0.629,-0.3123952063549968,distal allosteric,2268999,0.21990742711790295
5CAN,V1011M,P00533,-2.524,-0.3795986679310308,intermediate,2268999,0.21990742711790295
5CAN,V1011M,P00533,-1.178,-0.3769618926661856,intermediate,2268999,0.21990742711790295
5CAN,V1011M,P00533,-1.794,-0.28507328469350063,intermediate,2268999,0.21990742711790295
1MOX,V292M,P00533,-0.108,-0.28263316969485847,distal allosteric,2268999,0.21990742711790295
7SZ0,V592F,P00533,-0.734,-0.28263316969485847,distal allosteric,2268999,0.21990742711790295
7SZ0,V592F,P00533,0.123,-0.32078225787772857,distal allosteric,2268999,0.21990742711790295
7SZ0,V592F,P00533,1.952,-0.42435705122526957,distal allosteric,2268999,0.21990742711790295
5CAN,V738D,P00533,-0.931,-0.3479878523095566,distal allosteric,2268999,0.21990742711790295
6D8E,V738D,P00533,-0.288,-0.5744485994016424,distal allosteric,2268999,0.21990742711790295
5CAN,V738D,P00533,-0.471,-0.4094485507712645,distal allosteric,2268999,0.21990742711790295
5CAN,V738D,P00533,-0.628,-0.27877586036745244,distal allosteric,2268999,0.21990742711790295
5CAN,V738D,P00533,-1.784,-0.36064265939943935,distal allosteric,2268999,0.21990742711790295
5CAN,V904I,P00533,-0.686,-0.2590149011883666,distal allosteric,2268999,0.21990742711790295
5CAN,V904I,P00533,-0.631,-0.3380253817101612,distal allosteric,2268999,0.21990742711790295
5CAN,V904I,P00533,-0.007,-0.18743327598679155,distal allosteric,2268999,0.21990742711790295
5CAN,V904I,P00533,-0.208,-0.25091768086657806,distal allosteric,2268999,0.21990742711790295
5CAN,V904I,P00533,-0.86,-0.2023249880776686,distal allosteric,2268999,0.21990742711790295
5CAN,V904I,P00533,-0.362,-0.27621810563171617,distal allosteric,2268999,0.21990742711790295
1XKK,T790M+L858R,P00533,1.259,1.324497045096229,binding pocket,2268999,0.21990742711790295
5CAN,G719S,P00533,0.48,-0.48385379296716524,binding pocket,2268999,0.21990742711790295
6D8E,L858R,P00533,-1.6,-0.2779359425017063,intermediate,2268999,0.21990742711790295
2ITY,T790M,P00533,-1.21,-0.3374640621446512,binding pocket,2268999,0.21990742711790295
1XKK,E866D,P00533,0.355,-0.229956854371354,distal allosteric,2268999,0.21990742711790295
1XKK,T790M+L858R,P00533,1.129,1.1106662479849423,binding pocket,2268999,0.21990742711790295
1XKK,T790M+L858R,P00533,0.063,1.092725667140063,binding pocket,2268999,0.21990742711790295
1XKK,T790M+L858R,P00533,2.123,1.6304668373500597,binding pocket,2268999,0.21990742711790295
2ITY,G719S+T790M,P00533,0.48,-0.14054651487552944,binding pocket,2268999,0.21990742711790295
1XKK,T790M+L858R,P00533,1.177,1.040303397837807,binding pocket,2268999,0.21990742711790295
1XKK,T790M+L858R,P00533,0.931,1.0554828969450558,binding pocket,2268999,0.21990742711790295
2J5E,E866D+H988P,P00533,0.327,-0.27170595310672246,intermediate,2268999,0.21990742711790295
2J5E,E866D+H988P,P00533,0.441,-0.2940409338851186,intermediate,2268999,0.21990742711790295
2J5E,E866D+H988P,P00533,0.185,-0.39491729994731795,intermediate,2268999,0.21990742711790295
2J5E,E866D+H988P,P00533,-0.393,-0.421648928214522,intermediate,2268999,0.21990742711790295
2J5E,E866D+H988P,P00533,-0.316,-0.2389056164096384,intermediate,2268999,0.21990742711790295
2J5E,T790M+L858R,P00533,0.397,-0.04912981520067242,binding pocket,2268999,0.21990742711790295
6D8E,T790M+L858R,P00533,-0.105,-0.11819863130765802,binding pocket,2268999,0.21990742711790295
6D8E,T790M+L858R,P00533,-0.07,-0.3500261954069138,binding pocket,2268999,0.21990742711790295
6D8E,T790M+L858R,P00533,-2.794,-0.32032791632326213,binding pocket,2268999,0.21990742711790295
1XKK,T790M+L858R,P00533,-2.597,1.092725667140063,binding pocket,2268999,0.21990742711790295
2ITY,G719S,P00533,0.48,-0.5841200400783735,binding pocket,2268999,0.21990742711790295
1MOX,A289D,P00533,-0.356,-0.3101957660096095,distal allosteric,2268999,0.21990742711790295
1MOX,A289D,P00533,0.668,-0.37044431261323835,distal allosteric,2268999,0.21990742711790295
7SZ0,A289V,P00533,0.598,-0.34884766470465595,distal allosteric,2268999,0.21990742711790295
1MOX,A289V,P00533,0.528,-0.08701383417351718,distal allosteric,2268999,0.21990742711790295
1MOX,A289V,P00533,0.287,-0.13340570561631637,distal allosteric,2268999,0.21990742711790295
7SZ0,A289V,P00533,1.005,-0.2638677221431452,distal allosteric,2268999,0.21990742711790295
5CAN,A702D,P00533,-1.549,-0.33692023562818,distal allosteric,2268999,0.21990742711790295
5CAN,A702D,P00533,0.098,-0.63039988857683,distal allosteric,2268999,0.21990742711790295
6D8E,A864V,P00533,-1.162,-0.6350597185393905,distal allosteric,2268999,0.21990742711790295
6D8E,A864V,P00533,-1.186,-0.7156583463865167,distal allosteric,2268999,0.21990742711790295
6D8E,A864V,P00533,-0.945,-0.8147366220880956,distal allosteric,2268999,0.21990742711790295
6D8E,A864V,P00533,-0.788,-0.735909459212247,distal allosteric,2268999,0.21990742711790295
6D8E,A864V,P00533,-0.396,-0.6962965746337876,distal allosteric,2268999,0.21990742711790295
6D8E,A864V,P00533,-1.02,-0.6234819152539267,distal allosteric,2268999,0.21990742711790295
6D8E,A864V,P00533,-1.432,-0.7583716428218519,distal allosteric,2268999,0.21990742711790295
6D8E,A864V,P00533,-0.67,-0.7071256628571188,distal allosteric,2268999,0.21990742711790295
1MOX,C251Y,P00533,-0.693,-0.28263316969485847,distal allosteric,2268999,0.21990742711790295
1MOX,C311F,P00533,2.202,-0.29904495771689454,distal allosteric,2268999,0.21990742711790295
7SZ0,C523R,P00533,-0.599,-0.28263316969485847,distal allosteric,2268999,0.21990742711790295
7SZ0,C523R,P00533,-0.637,-0.2645271530905191,distal allosteric,2268999,0.21990742711790295
7SZ0,C523R,P00533,0.304,-0.30272290075351216,distal allosteric,2268999,0.21990742711790295
7SZ0,C523R,P00533,0.093,-0.29904495771689454,distal allosteric,2268999,0.21990742711790295
7SZ0,C523R,P00533,-0.466,-0.4261520627430257,distal allosteric,2268999,0.21990742711790295
7SZ0,C523R,P00533,0.621,-0.2645271530905191,distal allosteric,2268999,0.21990742711790295
5CAN,E711K,P00533,-0.282,-0.33618879633616006,distal allosteric,2268999,0.21990742711790295
6TG1,E711K,P00533,0.102,-0.09747438196136672,intermediate,2268999,0.21990742711790295
5CAN,E711K,P00533,0.011,-0.18939561153422382,distal allosteric,2268999,0.21990742711790295
5CAN,E711K,P00533,0.301,-0.14256434739333823,distal allosteric,2268999,0.21990742711790295
5CAN,E711K,P00533,1.056,-0.12736508187607806,distal allosteric,2268999,0.21990742711790295
5CAN,F961L,P00533,0.414,-0.2617821697018603,distal allosteric,2268999,0.21990742711790295
5CAN,F961L,P00533,-0.23,-0.3425842406101087,distal allosteric,2268999,0.21990742711790295
5CAN,F961L,P00533,-0.145,-0.3630138934380649,distal allosteric,2268999,0.21990742711790295
2M0B,G659R,P00533,-0.828,-0.28263316969485847,binding pocket,2268999,0.21990742711790295
5CAN,G719S,P00533,-0.311,-0.41961979566117313,binding pocket,2268999,0.21990742711790295
6TG1,G719S,P00533,-2.08,-0.5542938098732163,binding pocket,2268999,0.21990742711790295
5CAN,G719S,P00533,-1.534,-0.48385379296716524,binding pocket,2268999,0.21990742711790295
5CAN,G719S,P00533,-1.594,-0.4794511219578631,binding pocket,2268999,0.21990742711790295
5CAN,G719S,P00533,0.896,-0.4354991829333937,binding pocket,2268999,0.21990742711790295
5CAN,G917R,P00533,-0.265,-0.33571074168768933,distal allosteric,2268999,0.21990742711790295
5CAN,G917R,P00533,0.04,-0.3568144861255663,distal allosteric,2268999,0.21990742711790295
5CAN,G917R,P00533,-0.148,-0.422410228315645,distal allosteric,2268999,0.21990742711790295
5CAN,G917R,P00533,-0.372,-0.3296952286827214,distal allosteric,2268999,0.21990742711790295
5CAN,H988P,P00533,-0.191,-0.3424735036168029,distal allosteric,2268999,0.21990742711790295
2M0B,I646L,P00533,0.139,-0.352758924946189,distal allosteric,2268999,0.21990742711790295
2M0B,I646L,P00533,0.342,-0.27832907794744655,distal allosteric,2268999,0.21990742711790295
5LV6,I646L,P00533,-0.278,-0.30844883432107817,distal allosteric,2268999,0.21990742711790295
2M0B,I646L,P00533,0.656,0.3154435719667989,distal allosteric,7509938,0.2787128923256801
7SZ0,K28N,P00533,-0.86,-0.025227406738435525,distal allosteric,7509938,0.2787128923256801
2N5S,L62R,P00533,0.651,-0.1868046807888895,intermediate,7509938,0.2787128923256801
2N5S,L62R,P00533,0.883,-0.11290409269928932,intermediate,7509938,0.2787128923256801
2N5S,L62R,P00533,0.476,-0.15303227723652824,intermediate,7509938,0.2787128923256801
2N5S,L62R,P00533,1.078,-0.09036179891316329,intermediate,7509938,0.2787128923256801
2N5S,L62R,P00533,1.369,-0.09212702846066916,intermediate,7509938,0.2787128923256801
1MOX,L76P,P00533,-0.985,-0.025227406738435525,distal allosteric,7509938,0.2787128923256801
2M20,L76P,P00533,-0.064,0.023655677140635597,intermediate,7509938,0.2787128923256801
2M20,L76P,P00533,-0.699,-0.051723203531082944,intermediate,7509938,0.2787128923256801
1MOX,L76P,P00533,-0.228,0.008173382438719276,distal allosteric,7509938,0.2787128923256801
2M20,L76P,P00533,0.398,0.02126953528459896,intermediate,7509938,0.2787128923256801
5FED,G719S+T790M,P00533,-0.56,0.13674237604614567,binding pocket,7509938,0.2787128923256801
5FED,L858R+T790M,P00533,-0.7,-0.12535334363930364,intermediate,7509938,0.2787128923256801
1MOX,L76P,P00533,-1.343,0.14029644388080958,distal allosteric,7509938,0.2787128923256801
2M20,L76P,P00533,-1.839,0.48773025538640863,intermediate,7509938,0.2787128923256801
6D8E,L858R,P00533,-4.042,-0.856622999278938,intermediate,7509938,0.2787128923256801
6D8E,L858R,P00533,-2.66,-0.6939835408890949,intermediate,7509938,0.2787128923256801
5CAN,L861Q,P00533,-0.896,-0.5757606876106823,distal allosteric,7509938,0.2787128923256801
5CAN,L861Q,P00533,-0.526,-0.4928372726580676,distal allosteric,7509938,0.2787128923256801
6D8E,L861Q,P00533,-0.736,-0.3045640957237166,intermediate,7509938,0.2787128923256801
6D8E,L861Q,P00533,-0.619,-0.19060504287722355,intermediate,7509938,0.2787128923256801
5CAN,L883F,P00533,-0.382,-0.3441775966733694,distal allosteric,7509938,0.2787128923256801
5CAN,L883F,P00533,0.58,-0.07616590265261337,distal allosteric,7509938,0.2787128923256801
5CAN,L883F,P00533,0.226,-0.2649421830137863,distal allosteric,7509938,0.2787128923256801
5CAN,L883F,P00533,0.281,-0.2926210166307933,distal allosteric,7509938,0.2787128923256801
5CAN,L883F,P00533,0.945,-0.3981159407943487,distal allosteric,7509938,0.2787128923256801
3PFV,P1071L,P00533,0.324,-0.025227406738435525,binding pocket,7509938,0.2787128923256801
3PFV,P1071L,P00533,-0.931,0.07266494262832052,binding pocket,7509938,0.2787128923256801
3PFV,P1071L,P00533,0.13,0.008173382438719276,binding pocket,7509938,0.2787128923256801
3PFV,P1071L,P00533,-0.12,0.14029644388080958,binding pocket,7509938,0.2787128923256801
3PFV,P1071L,P00533,1.21,0.07266494262832052,binding pocket,7509938,0.2787128923256801
5CAN,P753S,P00533,-1.218,-0.3579536657421028,distal allosteric,7509938,0.2787128923256801
5CAN,P753S,P00533,1.334,-0.4388608388681622,distal allosteric,7509938,0.2787128923256801
5CAN,Q701R,P00533,-0.279,-0.03781498406213872,distal allosteric,7509938,0.2787128923256801
6TG1,Q701R,P00533,-0.382,-0.1404941420204499,distal allosteric,7509938,0.2787128923256801
5CAN,Q701R,P00533,0.29,0.10901295693131054,distal allosteric,7509938,0.2787128923256801
6D8E,Q701R,P00533,-0.347,0.0842186292883228,distal allosteric,7509938,0.2787128923256801
5CAN,Q701R,P00533,0.084,0.01578416626878521,distal allosteric,7509938,0.2787128923256801
5CAN,Q701R,P00533,-0.522,-0.11007749537685338,distal allosteric,7509938,0.2787128923256801
1MOX,R165Q,P00533,0.288,0.008173382438719276,intermediate,7509938,0.2787128923256801
1MOX,R451C,P00533,-0.719,-0.025227406738435525,distal allosteric,7509938,0.2787128923256801
7SZ0,R451C,P00533,-1.196,-0.129911975625245,distal allosteric,7509938,0.2787128923256801
1MOX,R451C,P00533,-0.817,-0.05146175608389519,distal allosteric,7509938,0.2787128923256801
1MOX,R451C,P00533,-0.695,0.008173382438719276,distal allosteric,7509938,0.2787128923256801
7SZ0,R451C,P00533,-1.115,-0.15363202763633693,distal allosteric,7509938,0.2787128923256801
1MOX,R451C,P00533,0.991,0.07266494262832052,distal allosteric,7509938,0.2787128923256801
2M0B,R675Q,P00533,0.202,-0.32747703980354537,intermediate,7509938,0.2787128923256801
2M0B,R675Q,P00533,0.948,-0.5040067785662763,intermediate,7509938,0.2787128923256801
2M0B,R675Q,P00533,0.704,-0.5424203071931706,intermediate,7509938,0.2787128923256801
2M0B,R675Q,P00533,1.255,-0.19307287214564925,intermediate,7509938,0.2787128923256801
2M0B,R675Q,P00533,0.318,-0.36678144704681986,intermediate,7509938,0.2787128923256801
2M0B,R677C,P00533,-1.091,-0.5628105574749849,distal allosteric,7509938,0.2787128923256801
5CAN,R832C,P00533,-1.389,-0.24020042979016024,distal allosteric,7509938,0.2787128923256801
5CAN,R832C,P00533,-1.507,-0.24350682828706852,distal allosteric,7509938,0.2787128923256801
5CAN,S703F,P00533,-2.773,0.008173382438719276,distal allosteric,7509938,0.2787128923256801
5CAN,S768I,P00533,-2.066,-0.321762964750914,intermediate,7509938,0.2787128923256801
6D8E,S768I,P00533,-1.336,-0.3428087498195031,intermediate,7509938,0.2787128923256801
5CAN,S768I,P00533,-1.442,-0.2542832234295852,intermediate,7509938,0.2787128923256801
5CAN,S768I,P00533,-2.007,-0.2414338312245467,intermediate,7509938,0.2787128923256801
5CAN,S768I,P00533,-1.274,-0.13986699587002616,intermediate,7509938,0.2787128923256801
5CAN,S768I,P00533,-3.63,-0.06043232908056062,intermediate,7509938,0.2787128923256801
5CAN,S811F,P00533,0.566,-0.02036617090070949,distal allosteric,7509938,0.2787128923256801
5CAN,S811F,P00533,0.765,-0.09148086198463158,distal allosteric,7509938,0.2787128923256801
5CAN,S811F,P00533,0.132,-0.2539232581330135,distal allosteric,7509938,0.2787128923256801
5CAN,S811F,P00533,0.163,-0.12678408405491534,distal allosteric,7509938,0.2787128923256801
5CAN,S811F,P00533,-0.607,-0.32160284596681593,distal allosteric,7509938,0.2787128923256801
5CAN,T751I,P00533,0.148,-0.01279551742140971,distal allosteric,7509938,0.2787128923256801
5CAN,T751I,P00533,-0.088,-0.08925879041850568,distal allosteric,7509938,0.2787128923256801
5CAN,T751I,P00533,-0.18,-0.020133112137808523,distal allosteric,7509938,0.2787128923256801
5CAN,T751I,P00533,-0.629,-0.09671109856402173,distal allosteric,7509938,0.2787128923256801
5CAN,V1011M,P00533,-2.524,-0.29974604723120435,intermediate,7509938,0.2787128923256801
5CAN,V1011M,P00533,-0.24,-0.12921222153306006,intermediate,7509938,0.2787128923256801
5CAN,V1011M,P00533,-0.267,-0.18133770309300984,intermediate,7509938,0.2787128923256801
5CAN,V1011M,P00533,-0.597,-0.23835754489548067,intermediate,7509938,0.2787128923256801
5CAN,V1011M,P00533,-1.178,-0.20594743076843372,intermediate,7509938,0.2787128923256801
5CAN,V1011M,P00533,-1.794,-0.11727232055103076,intermediate,7509938,0.2787128923256801
1MOX,V292M,P00533,-0.108,-0.025227406738435525,distal allosteric,7509938,0.2787128923256801
7SZ0,V592F,P00533,-0.734,-0.025227406738435525,distal allosteric,7509938,0.2787128923256801
7SZ0,V592F,P00533,0.123,-0.051723203531082944,distal allosteric,7509938,0.2787128923256801
5CAN,V738D,P00533,-0.931,-0.29947634202066586,distal allosteric,7509938,0.2787128923256801
6D8E,V738D,P00533,-0.288,-0.23988962005517062,distal allosteric,7509938,0.2787128923256801
5CAN,V738D,P00533,-0.471,-0.3210477308175143,distal allosteric,7509938,0.2787128923256801
5CAN,V738D,P00533,-0.628,-0.2599992186348228,distal allosteric,7509938,0.2787128923256801
5CAN,V738D,P00533,-1.784,-0.3538734613394036,distal allosteric,7509938,0.2787128923256801
5CAN,V904I,P00533,-0.686,-0.24685248920715908,distal allosteric,7509938,0.2787128923256801
5CAN,V904I,P00533,-0.631,-0.3682906619625933,distal allosteric,7509938,0.2787128923256801
5CAN,V904I,P00533,-0.007,-0.24955480421641293,distal allosteric,7509938,0.2787128923256801
5CAN,V904I,P00533,-0.208,-0.38560077007553156,distal allosteric,7509938,0.2787128923256801
5CAN,V904I,P00533,-0.86,-0.36712650041720446,distal allosteric,7509938,0.2787128923256801
5CAN,V904I,P00533,-0.362,-0.21886856203920702,distal allosteric,7509938,0.2787128923256801
1XKK,T790M+L858R,P00533,1.259,0.17201447391860625,binding pocket,7509938,0.2787128923256801
5CAN,G719S,P00533,0.48,-0.15622164776570657,binding pocket,7509938,0.2787128923256801
2ITY,T790M,P00533,-1.21,-0.041098732574897656,binding pocket,7509938,0.2787128923256801
1XKK,E866D,P00533,0.355,-0.01870204208878909,distal allosteric,7509938,0.2787128923256801
1XKK,T790M+L858R,P00533,1.129,-0.1627786253383931,binding pocket,7509938,0.2787128923256801
1XKK,T790M+L858R,P00533,0.063,-0.10173705194715192,binding pocket,7509938,0.2787128923256801
1XKK,T790M+L858R,P00533,2.123,0.04963667179381145,binding pocket,7509938,0.2787128923256801
1XKK,T790M+L858R,P00533,2.31,0.04963667179381145,binding pocket,7509938,0.2787128923256801
1XKK,T790M+L858R,P00533,1.177,-0.11065547309837796,binding pocket,7509938,0.2787128923256801
1XKK,T790M+L858R,P00533,0.931,-0.10730791745729305,binding pocket,7509938,0.2787128923256801
2J5E,E866D+H988P,P00533,0.327,-0.2029323575330131,intermediate,7509938,0.2787128923256801
2J5E,E866D+H988P,P00533,0.441,-0.17485895123751832,intermediate,7509938,0.2787128923256801
2J5E,E866D+H988P,P00533,0.185,-0.23935305521146888,intermediate,7509938,0.2787128923256801
2J5E,E866D+H988P,P00533,-0.393,-0.08140040237478473,intermediate,7509938,0.2787128923256801
2J5E,E866D+H988P,P00533,-0.316,-0.07844010309612048,intermediate,7509938,0.2787128923256801
2J5E,T790M+L858R,P00533,0.397,-0.19694668467342852,binding pocket,7509938,0.2787128923256801
6D8E,T790M+L858R,P00533,-0.105,-0.08795259023764554,binding pocket,7509938,0.2787128923256801
6D8E,T790M+L858R,P00533,-0.07,-0.1544462228382335,binding pocket,7509938,0.2787128923256801
6D8E,T790M+L858R,P00533,-2.794,-0.1350175995458575,binding pocket,7509938,0.2787128923256801
1XKK,T790M+L858R,P00533,-2.597,-0.10173705194715192,binding pocket,7509938,0.2787128923256801
2ITY,G719S,P00533,0.48,-0.016715581657255382,binding pocket,7509938,0.2787128923256801
1MOX,A289D,P00533,0.668,-0.10112675434657756,distal allosteric,7509938,0.2787128923256801
7SZ0,A289V,P00533,0.598,-0.06248420128182454,distal allosteric,7509938,0.2787128923256801
1MOX,A289V,P00533,0.528,-0.05221232866890289,distal allosteric,7509938,0.2787128923256801
1MOX,A289V,P00533,0.287,-0.14102354028558028,distal allosteric,7509938,0.2787128923256801
7SZ0,A289V,P00533,1.005,0.02126953528459896,distal allosteric,7509938,0.2787128923256801
1MOX,A289V,P00533,0.516,-0.04579109837377773,distal allosteric,7509938,0.2787128923256801
5CAN,A702D,P00533,-1.549,-0.39913627775627025,distal allosteric,7509938,0.2787128923256801
5CAN,A702D,P00533,0.098,-0.5078050332770628,distal allosteric,7509938,0.2787128923256801
6D8E,A864V,P00533,-1.228,-0.4389271614713704,distal allosteric,7509938,0.2787128923256801
6D8E,A864V,P00533,-1.186,-0.6410523053337546,distal allosteric,7509938,0.2787128923256801
6D8E,A864V,P00533,-0.945,-0.5067147788341869,distal allosteric,7509938,0.2787128923256801
6D8E,A864V,P00533,-0.788,-0.6637593547947267,distal allosteric,7509938,0.2787128923256801
6D8E,A864V,P00533,-0.396,-0.5258987883075195,distal allosteric,7509938,0.2787128923256801
6D8E,A864V,P00533,-1.02,-0.4605583636936019,distal allosteric,7509938,0.2787128923256801
6D8E,A864V,P00533,-1.432,-0.6444434169320499,distal allosteric,7509938,0.2787128923256801
6D8E,A864V,P00533,-0.67,-0.5990526648426757,distal allosteric,7509938,0.2787128923256801
1MOX,C251Y,P00533,-0.693,-0.025227406738435525,distal allosteric,7509938,0.2787128923256801
1MOX,C311F,P00533,2.202,0.008173382438719276,distal allosteric,7509938,0.2787128923256801
7SZ0,C523R,P00533,-0.599,-0.025227406738435525,distal allosteric,7509938,0.2787128923256801
7SZ0,C523R,P00533,-0.637,0.07266494262832052,distal allosteric,7509938,0.2787128923256801
7SZ0,C523R,P00533,0.304,-0.05146175608389519,distal allosteric,7509938,0.2787128923256801
7SZ0,C523R,P00533,-0.466,0.14029644388080958,distal allosteric,7509938,0.2787128923256801
7SZ0,C523R,P00533,0.621,0.07266494262832052,distal allosteric,7509938,0.2787128923256801
5CAN,E711K,P00533,-0.282,-0.2726449416454005,distal allosteric,7509938,0.2787128923256801
5CAN,E711K,P00533,0.011,-0.006161861167891941,distal allosteric,7509938,0.2787128923256801
5CAN,E711K,P00533,0.301,-0.016751708372112567,distal allosteric,7509938,0.2787128923256801
5CAN,E711K,P00533,1.056,-0.07850768764141727,distal allosteric,7509938,0.2787128923256801
5CAN,F961L,P00533,0.414,-0.3122343100960202,distal allosteric,7509938,0.2787128923256801
5CAN,F961L,P00533,-0.23,-0.37528459957000965,distal allosteric,7509938,0.2787128923256801
2M0B,G659R,P00533,-0.828,-0.025227406738435525,binding pocket,7509938,0.2787128923256801
5CAN,G719S,P00533,-0.311,-0.12512851382353726,binding pocket,7509938,0.2787128923256801
6TG1,G719S,P00533,-2.08,-0.2549487983119838,binding pocket,7509938,0.2787128923256801
6D8E,G719S,P00533,-1.345,-0.03737647701843695,binding pocket,7509938,0.2787128923256801
5CAN,G719S,P00533,-1.534,-0.15622164776570657,binding pocket,7509938,0.2787128923256801
5CAN,G719S,P00533,-1.594,-0.1582360629673828,binding pocket,7509938,0.2787128923256801
5CAN,G719S,P00533,0.896,-0.15129957357525606,binding pocket,7509938,0.2787128923256801
5CAN,G917R,P00533,-0.265,-0.025439217705498715,distal allosteric,7509938,0.2787128923256801
5CAN,G917R,P00533,-0.148,-0.04058585739661665,distal allosteric,7509938,0.2787128923256801
5CAN,G917R,P00533,-0.372,0.07242415706550373,distal allosteric,7509938,0.2787128923256801
5CAN,H988P,P00533,-0.191,-0.049485291647122176,distal allosteric,7509938,0.2787128923256801
2M0B,I646L,P00533,0.139,0.28922832749871646,distal allosteric,7509938,0.2787128923256801
2M0B,I646L,P00533,0.656,-0.23319377250706447,distal allosteric,2850994,0.08315426980247974
2M0B,I646L,P00533,0.677,-0.28169538742654465,distal allosteric,2850994,0.08315426980247974
7SZ0,K28N,P00533,-0.86,-0.2611017203523832,distal allosteric,2850994,0.08315426980247974
2N5S,L62R,P00533,0.651,-0.5482411231644013,intermediate,2850994,0.08315426980247974
2N5S,L62R,P00533,0.883,-0.5134097999965443,intermediate,2850994,0.08315426980247974
2N5S,L62R,P00533,0.476,-0.5476386253903893,intermediate,2850994,0.08315426980247974
2N5S,L62R,P00533,1.078,-0.3728506659777725,intermediate,2850994,0.08315426980247974
2N5S,L62R,P00533,1.369,-0.44142813086685007,intermediate,2850994,0.08315426980247974
1MOX,L76P,P00533,-0.97,-0.2718820204208878,distal allosteric,2850994,0.08315426980247974
2M20,L76P,P00533,-0.064,-0.3165699787455446,intermediate,2850994,0.08315426980247974
2M20,L76P,P00533,-0.699,-0.31537488940182845,intermediate,2850994,0.08315426980247974
1MOX,L76P,P00533,-0.228,-0.26732650338025654,distal allosteric,2850994,0.08315426980247974
2M20,L76P,P00533,0.398,-0.2869954014871926,intermediate,2850994,0.08315426980247974
5FED,G719S+T790M,P00533,-0.56,-0.27681524995889734,binding pocket,2850994,0.08315426980247974
2M20,L76P,P00533,-1.839,-0.10298736151483127,intermediate,2850994,0.08315426980247974
6D8E,L858R,P00533,-4.042,-0.4345229552994098,intermediate,2850994,0.08315426980247974
6D8E,L858R,P00533,-2.66,-0.2758884150990668,intermediate,2850994,0.08315426980247974
5CAN,L861Q,P00533,-0.896,-0.8748766261006103,distal allosteric,2850994,0.08315426980247974
5CAN,L861Q,P00533,-0.526,-0.737579493883778,distal allosteric,2850994,0.08315426980247974
6D8E,L861Q,P00533,-0.736,-0.3126427870809155,intermediate,2850994,0.08315426980247974
6D8E,L861Q,P00533,-0.619,-0.3549649518658132,intermediate,2850994,0.08315426980247974
5CAN,L883F,P00533,-0.382,-0.3717062128615729,distal allosteric,2850994,0.08315426980247974
5CAN,L883F,P00533,0.58,-0.40666577662790515,distal allosteric,2850994,0.08315426980247974
5CAN,L883F,P00533,0.226,-0.2547565571981318,distal allosteric,2850994,0.08315426980247974
5CAN,L883F,P00533,0.281,-0.30059398277016247,distal allosteric,2850994,0.08315426980247974
5CAN,L883F,P00533,0.945,-0.13593181008100508,distal allosteric,2850994,0.08315426980247974
3PFV,P1071L,P00533,-0.931,-0.27919231261137645,binding pocket,2850994,0.08315426980247974
3PFV,P1071L,P00533,-0.113,-0.2718820204208878,binding pocket,2850994,0.08315426980247974
3PFV,P1071L,P00533,0.13,-0.26732650338025654,binding pocket,2850994,0.08315426980247974
3PFV,P1071L,P00533,-0.12,-0.3781474710843142,binding pocket,2850994,0.08315426980247974
3PFV,P1071L,P00533,1.21,-0.27919231261137645,binding pocket,2850994,0.08315426980247974
5CAN,P753S,P00533,-1.218,0.17796738254936303,distal allosteric,2850994,0.08315426980247974
5CAN,Q701R,P00533,-0.279,-0.18866778509318827,distal allosteric,2850994,0.08315426980247974
6TG1,Q701R,P00533,-0.382,-0.3877358738898354,distal allosteric,2850994,0.08315426980247974
5CAN,Q701R,P00533,0.29,-0.10680118585728546,distal allosteric,2850994,0.08315426980247974
6D8E,Q701R,P00533,-0.347,-0.16689956302327266,distal allosteric,2850994,0.08315426980247974
5CAN,Q701R,P00533,0.084,-0.13180177520916742,distal allosteric,2850994,0.08315426980247974
5CAN,Q701R,P00533,-0.522,-0.17657581803509417,distal allosteric,2850994,0.08315426980247974
1MOX,R165Q,P00533,0.288,-0.26732650338025654,intermediate,2850994,0.08315426980247974
1MOX,R451C,P00533,-0.719,-0.2611017203523832,distal allosteric,2850994,0.08315426980247974
7SZ0,R451C,P00533,-1.196,-0.43687840643349807,distal allosteric,2850994,0.08315426980247974
1MOX,R451C,P00533,-0.817,-0.2718820204208878,distal allosteric,2850994,0.08315426980247974
1MOX,R451C,P00533,-0.695,-0.26732650338025654,distal allosteric,2850994,0.08315426980247974
7SZ0,R451C,P00533,-1.115,-0.43741711211730444,distal allosteric,2850994,0.08315426980247974
1MOX,R451C,P00533,0.991,-0.27919231261137645,distal allosteric,2850994,0.08315426980247974
2M0B,R675Q,P00533,0.202,0.03856721165250331,intermediate,2850994,0.08315426980247974
2M0B,R675Q,P00533,0.948,0.059894195328740525,intermediate,2850994,0.08315426980247974
2M0B,R675Q,P00533,0.704,0.04943823897487979,intermediate,2850994,0.08315426980247974
2M0B,R675Q,P00533,1.255,0.18928516103765544,intermediate,2850994,0.08315426980247974
2M0B,R677C,P00533,-1.091,-0.3807377710517714,distal allosteric,2850994,0.08315426980247974
5CAN,R832C,P00533,-1.389,-0.8972648891035249,distal allosteric,2850994,0.08315426980247974
5CAN,R832C,P00533,-0.512,-1.0587694259706666,distal allosteric,2850994,0.08315426980247974
5CAN,S703F,P00533,-2.773,-0.26732650338025654,distal allosteric,2850994,0.08315426980247974
5CAN,S768I,P00533,-2.066,-0.35934127685515316,intermediate,2850994,0.08315426980247974
6D8E,S768I,P00533,-1.336,-0.32206710191509297,intermediate,2850994,0.08315426980247974
5CAN,S768I,P00533,-1.442,-0.07081020655395352,intermediate,2850994,0.08315426980247974
5CAN,S768I,P00533,-2.007,-0.17099059027082777,intermediate,2850994,0.08315426980247974
5CAN,S768I,P00533,-1.274,-0.07700763669259407,intermediate,2850994,0.08315426980247974
5CAN,S768I,P00533,-3.63,-0.24746457908258718,intermediate,2850994,0.08315426980247974
5CAN,S811F,P00533,0.566,-0.534552496410468,distal allosteric,2850994,0.08315426980247974
5CAN,S811F,P00533,0.765,-0.411134058271699,distal allosteric,2850994,0.08315426980247974
5CAN,S811F,P00533,0.132,-0.39440825334103663,distal allosteric,2850994,0.08315426980247974
5CAN,S811F,P00533,0.163,-0.406074658081812,distal allosteric,2850994,0.08315426980247974
5CAN,S811F,P00533,-0.607,-0.35281404331501787,distal allosteric,2850994,0.08315426980247974
6TG1,T751I,P00533,0.033,-0.6745477989771788,intermediate,2850994,0.08315426980247974
5CAN,T751I,P00533,0.148,-0.3881499012840144,distal allosteric,2850994,0.08315426980247974
5CAN,T751I,P00533,-0.088,-0.3609538436501341,distal allosteric,2850994,0.08315426980247974
5CAN,T751I,P00533,-0.18,-0.35524952964046413,distal allosteric,2850994,0.08315426980247974
5CAN,T751I,P00533,-0.629,-0.192615111020558,distal allosteric,2850994,0.08315426980247974
5CAN,V1011M,P00533,-2.524,-0.5616670224778354,intermediate,2850994,0.08315426980247974
5CAN,V1011M,P00533,-0.24,-0.3135206480692414,intermediate,2850994,0.08315426980247974
5CAN,V1011M,P00533,-0.267,-0.5799005589739364,intermediate,2850994,0.08315426980247974
5CAN,V1011M,P00533,-0.597,-0.5948381082555826,intermediate,2850994,0.08315426980247974
5CAN,V1011M,P00533,-1.178,-0.3564855377919533,intermediate,2850994,0.08315426980247974
5CAN,V1011M,P00533,-1.794,-0.5329896483807002,intermediate,2850994,0.08315426980247974
7SZ0,V592F,P00533,-0.734,-0.2611017203523832,distal allosteric,2850994,0.08315426980247974
7SZ0,V592F,P00533,0.123,-0.31537488940182845,distal allosteric,2850994,0.08315426980247974
5CAN,V738D,P00533,-0.931,-0.5191337381233186,distal allosteric,2850994,0.08315426980247974
6D8E,V738D,P00533,-0.288,-0.49330923327365334,distal allosteric,2850994,0.08315426980247974
5CAN,V738D,P00533,-0.471,-0.5019936141301604,distal allosteric,2850994,0.08315426980247974
5CAN,V738D,P00533,-0.628,-0.48941926142266573,distal allosteric,2850994,0.08315426980247974
5CAN,V738D,P00533,-1.784,-0.48591511569654233,distal allosteric,2850994,0.08315426980247974
5CAN,V904I,P00533,-0.686,-0.46515152323070685,distal allosteric,2850994,0.08315426980247974
5CAN,V904I,P00533,-0.631,-0.48262089933717944,distal allosteric,2850994,0.08315426980247974
5CAN,V904I,P00533,-0.007,-0.5025463343012859,distal allosteric,2850994,0.08315426980247974
5CAN,V904I,P00533,-0.208,-0.5278808295306037,distal allosteric,2850994,0.08315426980247974
5CAN,V904I,P00533,-0.86,-0.4173975111824624,distal allosteric,2850994,0.08315426980247974
5CAN,V904I,P00533,-0.362,-0.4259352021594257,distal allosteric,2850994,0.08315426980247974
1XKK,T790M+L858R,P00533,1.259,-0.37254153607478907,binding pocket,2850994,0.08315426980247974
5CAN,G719S,P00533,0.48,-0.030978658063008487,binding pocket,2850994,0.08315426980247974
6D8E,L858R,P00533,-1.6,-0.4345229552994098,intermediate,2850994,0.08315426980247974
2ITY,T790M,P00533,-1.21,-0.3322405457842875,binding pocket,2850994,0.08315426980247974
1XKK,E866D,P00533,0.355,-0.5255410034555722,distal allosteric,2850994,0.08315426980247974
1XKK,T790M+L858R,P00533,1.129,-0.5175578125715257,binding pocket,2850994,0.08315426980247974
1XKK,T790M+L858R,P00533,0.063,-0.4727703357735539,binding pocket,2850994,0.08315426980247974
1XKK,T790M+L858R,P00533,2.123,-0.4447763076179167,binding pocket,2850994,0.08315426980247974
2ITY,G719S+T790M,P00533,0.48,-0.2855237200216335,binding pocket,2850994,0.08315426980247974
1XKK,T790M+L858R,P00533,2.31,-0.4447763076179167,binding pocket,2850994,0.08315426980247974
1XKK,T790M+L858R,P00533,1.177,-0.4880815921259276,binding pocket,2850994,0.08315426980247974
1XKK,T790M+L858R,P00533,0.931,-0.3959478541349663,binding pocket,2850994,0.08315426980247974
2J5E,E866D+H988P,P00533,0.327,-0.49218276016151197,intermediate,2850994,0.08315426980247974
2J5E,E866D+H988P,P00533,0.441,-0.5324606260411879,intermediate,2850994,0.08315426980247974
2J5E,E866D+H988P,P00533,0.185,-0.5818941291220048,intermediate,2850994,0.08315426980247974
2J5E,E866D+H988P,P00533,-0.393,-0.5353254207372665,intermediate,2850994,0.08315426980247974
2J5E,E866D+H988P,P00533,-0.316,-0.6969276811725953,intermediate,2850994,0.08315426980247974
2J5E,T790M+L858R,P00533,0.397,-0.6372721243886386,binding pocket,2850994,0.08315426980247974
6D8E,T790M+L858R,P00533,-0.105,-0.5393937734575832,binding pocket,2850994,0.08315426980247974
6D8E,T790M+L858R,P00533,-0.07,-0.5827665795644416,binding pocket,2850994,0.08315426980247974
6D8E,T790M+L858R,P00533,-2.794,-0.6681398033236755,binding pocket,2850994,0.08315426980247974
1XKK,T790M+L858R,P00533,-2.597,-0.4727703357735539,binding pocket,2850994,0.08315426980247974
2ITY,G719S,P00533,0.48,-0.1475009042129797,binding pocket,2850994,0.08315426980247974
1MOX,A289D,P00533,-0.356,-0.25627718974518426,distal allosteric,2850994,0.08315426980247974
1MOX,A289D,P00533,0.668,-0.25666275493537677,distal allosteric,2850994,0.08315426980247974
7SZ0,A289V,P00533,0.598,-0.43142576038136193,distal allosteric,2850994,0.08315426980247974
1MOX,A289V,P00533,0.528,0.047669445064137984,distal allosteric,2850994,0.08315426980247974
1MOX,A289V,P00533,0.287,-0.0034353347841430924,distal allosteric,2850994,0.08315426980247974
7SZ0,A289V,P00533,1.005,-0.2869954014871926,distal allosteric,2850994,0.08315426980247974
5CAN,A702D,P00533,-1.549,-0.3149499279519214,distal allosteric,2850994,0.08315426980247974
5CAN,A702D,P00533,0.098,-0.25672557960741,distal allosteric,2850994,0.08315426980247974
6D8E,A864V,P00533,-1.162,-0.5037054567889256,distal allosteric,2850994,0.08315426980247974
6D8E,A864V,P00533,-1.228,-0.6096616591618341,distal allosteric,2850994,0.08315426980247974
6D8E,A864V,P00533,-1.186,-0.604684071551351,distal allosteric,2850994,0.08315426980247974
6D8E,A864V,P00533,-0.945,-0.698268290873836,distal allosteric,2850994,0.08315426980247974
6D8E,A864V,P00533,-0.788,-0.5588008805072373,distal allosteric,2850994,0.08315426980247974
6D8E,A864V,P00533,-0.396,-0.5380977258980274,distal allosteric,2850994,0.08315426980247974
6D8E,A864V,P00533,-1.432,-0.5564126931586686,distal allosteric,2850994,0.08315426980247974
1MOX,C251Y,P00533,-0.693,-0.2611017203523832,distal allosteric,2850994,0.08315426980247974
1MOX,C311F,P00533,2.202,-0.26732650338025654,distal allosteric,2850994,0.08315426980247974
7SZ0,C523R,P00533,-0.637,-0.27919231261137645,distal allosteric,2850994,0.08315426980247974
7SZ0,C523R,P00533,0.304,-0.2718820204208878,distal allosteric,2850994,0.08315426980247974
7SZ0,C523R,P00533,-0.466,-0.3781474710843142,distal allosteric,2850994,0.08315426980247974
7SZ0,C523R,P00533,0.621,-0.27919231261137645,distal allosteric,2850994,0.08315426980247974
5CAN,E711K,P00533,-0.282,-0.20090763209672535,distal allosteric,2850994,0.08315426980247974
6TG1,E711K,P00533,0.102,-0.20905747028133448,intermediate,2850994,0.08315426980247974
5CAN,E711K,P00533,0.011,-0.1097235156350276,distal allosteric,2850994,0.08315426980247974
5CAN,E711K,P00533,0.301,-0.09641767496363644,distal allosteric,2850994,0.08315426980247974
5CAN,E711K,P00533,1.056,-0.19114389066924065,distal allosteric,2850994,0.08315426980247974
5CAN,F961L,P00533,0.414,-0.3464357017392621,distal allosteric,2850994,0.08315426980247974
5CAN,F961L,P00533,-0.23,-0.4296790486767011,distal allosteric,2850994,0.08315426980247974
5CAN,F961L,P00533,-0.145,-0.2969559595882892,distal allosteric,2850994,0.08315426980247974
2M0B,G659R,P00533,-0.828,-0.2611017203523832,binding pocket,2850994,0.08315426980247974
5CAN,G719S,P00533,-0.311,0.02045328329854151,binding pocket,2850994,0.08315426980247974
6D8E,G719S,P00533,-1.345,-0.08091246626131673,binding pocket,2850994,0.08315426980247974
5CAN,G719S,P00533,-1.534,-0.030978658063008487,binding pocket,2850994,0.08315426980247974
5CAN,G719S,P00533,-1.594,-0.058858148004859674,binding pocket,2850994,0.08315426980247974
5CAN,G917R,P00533,-0.265,-0.824540670787587,distal allosteric,2850994,0.08315426980247974
5CAN,G917R,P00533,0.04,-0.7057484570689061,distal allosteric,2850994,0.08315426980247974
5CAN,G917R,P00533,-0.148,-0.6423720529430053,distal allosteric,2850994,0.08315426980247974
5CAN,G917R,P00533,-0.372,-0.48712665367608554,distal allosteric,2850994,0.08315426980247974
5CAN,H988P,P00533,-0.191,-0.5612600279660785,distal allosteric,2850994,0.08315426980247974
2M0B,I646L,P00533,0.139,-0.3198280867425834,distal allosteric,2850994,0.08315426980247974
2M0B,I646L,P00533,0.342,-0.336684475095833,distal allosteric,2850994,0.08315426980247974
5LV6,I646L,P00533,-0.278,-0.3304722138643264,distal allosteric,2850994,0.08315426980247974
2M0B,I646L,P00533,0.656,-0.5045247328044737,distal allosteric,1447843,-0.0030570100335551268
2M0B,I646L,P00533,0.677,-0.35982163436864223,distal allosteric,1447843,-0.0030570100335551268
7SZ0,K28N,P00533,-0.86,-0.11000907149658234,distal allosteric,1447843,-0.0030570100335551268
2N5S,L62R,P00533,0.651,-0.687910429395297,intermediate,1447843,-0.0030570100335551268
2N5S,L62R,P00533,0.883,-0.5557027859354721,intermediate,1447843,-0.0030570100335551268
2N5S,L62R,P00533,0.476,-0.610605238678153,intermediate,1447843,-0.0030570100335551268
2N5S,L62R,P00533,1.078,-0.5302677669796874,intermediate,1447843,-0.0030570100335551268
2N5S,L62R,P00533,1.369,-0.661428505583721,intermediate,1447843,-0.0030570100335551268
1MOX,L76P,P00533,-0.985,-0.11000907149658234,distal allosteric,1447843,-0.0030570100335551268
2M20,L76P,P00533,-0.699,-0.1343564081349793,intermediate,1447843,-0.0030570100335551268
1MOX,L76P,P00533,-0.228,0.14096087066522422,distal allosteric,1447843,-0.0030570100335551268
2M20,L76P,P00533,0.398,-0.1731197401513071,intermediate,1447843,-0.0030570100335551268
5FED,G719S+T790M,P00533,-0.56,-0.813391195529524,binding pocket,1447843,-0.0030570100335551268
5FED,L858R+T790M,P00533,-0.7,-1.1119816140287062,intermediate,1447843,-0.0030570100335551268
1MOX,L76P,P00533,-1.343,-0.10421119446964819,distal allosteric,1447843,-0.0030570100335551268
2M20,L76P,P00533,-1.839,0.3223332936093211,intermediate,1447843,-0.0030570100335551268
6D8E,L858R,P00533,-4.042,-0.7126866630841704,intermediate,1447843,-0.0030570100335551268
6D8E,L858R,P00533,-2.66,-0.7817860096982296,intermediate,1447843,-0.0030570100335551268
5CAN,L861Q,P00533,-0.896,-0.4305834145684014,distal allosteric,1447843,-0.0030570100335551268
5CAN,L861Q,P00533,-0.526,-0.3985464677284745,distal allosteric,1447843,-0.0030570100335551268
5CAN,L861Q,P00533,-1.064,-0.46809501696860084,distal allosteric,1447843,-0.0030570100335551268
6D8E,L861Q,P00533,-0.736,-0.4380547589747344,intermediate,1447843,-0.0030570100335551268
5CAN,L883F,P00533,-0.382,-0.2444865503363749,distal allosteric,1447843,-0.0030570100335551268
5CAN,L883F,P00533,0.58,-0.12561218520122414,distal allosteric,1447843,-0.0030570100335551268
5CAN,L883F,P00533,0.226,-0.1867220208118943,distal allosteric,1447843,-0.0030570100335551268
5CAN,L883F,P00533,0.281,-0.2986674872242352,distal allosteric,1447843,-0.0030570100335551268
5CAN,L883F,P00533,0.945,-0.2334572422223932,distal allosteric,1447843,-0.0030570100335551268
3PFV,P1071L,P00533,0.324,-0.11000907149658234,binding pocket,1447843,-0.0030570100335551268
3PFV,P1071L,P00533,-0.931,-0.16871630567662851,binding pocket,1447843,-0.0030570100335551268
3PFV,P1071L,P00533,-0.113,-0.20509759777871994,binding pocket,1447843,-0.0030570100335551268
3PFV,P1071L,P00533,0.13,0.14096087066522422,binding pocket,1447843,-0.0030570100335551268
3PFV,P1071L,P00533,-0.12,-0.10421119446964819,binding pocket,1447843,-0.0030570100335551268
3PFV,P1071L,P00533,1.21,-0.16871630567662851,binding pocket,1447843,-0.0030570100335551268
5CAN,P753S,P00533,-1.218,-0.5864517490723554,distal allosteric,1447843,-0.0030570100335551268
5CAN,P753S,P00533,1.334,-0.557651644327623,distal allosteric,1447843,-0.0030570100335551268
5CAN,Q701R,P00533,-0.279,-0.13798134683045168,distal allosteric,1447843,-0.0030570100335551268
6TG1,Q701R,P00533,-0.382,-0.35248913742097854,distal allosteric,1447843,-0.0030570100335551268
5CAN,Q701R,P00533,0.29,-0.22154922427434248,distal allosteric,1447843,-0.0030570100335551268
6D8E,Q701R,P00533,-0.347,-0.3141930382988032,distal allosteric,1447843,-0.0030570100335551268
5CAN,Q701R,P00533,0.084,-0.25536452724258685,distal allosteric,1447843,-0.0030570100335551268
5CAN,Q701R,P00533,-0.522,-0.29536557025155596,distal allosteric,1447843,-0.0030570100335551268
1MOX,R165Q,P00533,0.288,0.14096087066522422,intermediate,1447843,-0.0030570100335551268
1MOX,R451C,P00533,-0.719,-0.11000907149658234,distal allosteric,1447843,-0.0030570100335551268
7SZ0,R451C,P00533,-1.196,-0.3844852934825946,distal allosteric,1447843,-0.0030570100335551268
1MOX,R451C,P00533,-0.817,-0.20509759777871994,distal allosteric,1447843,-0.0030570100335551268
1MOX,R451C,P00533,-0.695,0.14096087066522422,distal allosteric,1447843,-0.0030570100335551268
7SZ0,R451C,P00533,-1.115,-0.320699633552638,distal allosteric,1447843,-0.0030570100335551268
1MOX,R451C,P00533,0.991,-0.16871630567662851,distal allosteric,1447843,-0.0030570100335551268
2M0B,R675Q,P00533,0.202,-0.6589744176785736,intermediate,1447843,-0.0030570100335551268
2M0B,R675Q,P00533,0.948,-0.5750725086355473,intermediate,1447843,-0.0030570100335551268
2M0B,R675Q,P00533,0.704,-0.6541457022007774,intermediate,1447843,-0.0030570100335551268
2M0B,R675Q,P00533,1.255,-0.5783074883047272,intermediate,1447843,-0.0030570100335551268
2M0B,R675Q,P00533,0.318,-0.6422064579655142,intermediate,1447843,-0.0030570100335551268
5CAN,R832C,P00533,-1.389,-0.4020670463127248,distal allosteric,1447843,-0.0030570100335551268
5CAN,R832C,P00533,-1.507,-0.4567235117136117,distal allosteric,1447843,-0.0030570100335551268
5CAN,R832C,P00533,-0.512,-0.45931097594078846,distal allosteric,1447843,-0.0030570100335551268
5CAN,S703F,P00533,-2.773,0.14096087066522422,distal allosteric,1447843,-0.0030570100335551268
5CAN,S768I,P00533,-2.066,-0.46322507293610005,intermediate,1447843,-0.0030570100335551268
6D8E,S768I,P00533,-1.336,-0.4810688052177429,intermediate,1447843,-0.0030570100335551268
5CAN,S768I,P00533,-1.442,-0.2133765169434687,intermediate,1447843,-0.0030570100335551268
5CAN,S768I,P00533,-2.007,-0.34862411178473157,intermediate,1447843,-0.0030570100335551268
5CAN,S768I,P00533,-1.274,-0.32605093671162333,intermediate,1447843,-0.0030570100335551268
5CAN,S768I,P00533,-3.63,-0.4886436410099268,intermediate,1447843,-0.0030570100335551268
5CAN,S811F,P00533,0.566,-0.26849359988990945,distal allosteric,1447843,-0.0030570100335551268
5CAN,S811F,P00533,0.765,-0.34331474090165537,distal allosteric,1447843,-0.0030570100335551268
5CAN,S811F,P00533,0.132,-0.45066172292828555,distal allosteric,1447843,-0.0030570100335551268
5CAN,S811F,P00533,0.163,-0.3718120975380434,distal allosteric,1447843,-0.0030570100335551268
5CAN,S811F,P00533,-0.607,-0.40745353318137273,distal allosteric,1447843,-0.0030570100335551268
5CAN,T751I,P00533,0.148,-0.5880686920425471,distal allosteric,1447843,-0.0030570100335551268
5CAN,T751I,P00533,-0.088,-0.6081876260901199,distal allosteric,1447843,-0.0030570100335551268
5CAN,T751I,P00533,-0.18,-0.5402817105999326,distal allosteric,1447843,-0.0030570100335551268
5CAN,T751I,P00533,-0.629,-0.6366620895687272,distal allosteric,1447843,-0.0030570100335551268
5CAN,V1011M,P00533,-2.524,-0.9173335800346206,intermediate,1447843,-0.0030570100335551268
5CAN,V1011M,P00533,-0.24,-0.8666626903627287,intermediate,1447843,-0.0030570100335551268
5CAN,V1011M,P00533,-0.267,-0.9666198892260299,intermediate,1447843,-0.0030570100335551268
5CAN,V1011M,P00533,-0.597,-1.0178039154217524,intermediate,1447843,-0.0030570100335551268
5CAN,V1011M,P00533,-1.178,-0.9459016335431267,intermediate,1447843,-0.0030570100335551268
1MOX,V292M,P00533,-0.108,-0.11000907149658234,distal allosteric,1447843,-0.0030570100335551268
7SZ0,V592F,P00533,-0.734,-0.11000907149658234,distal allosteric,1447843,-0.0030570100335551268
7SZ0,V592F,P00533,0.123,-0.1343564081349793,distal allosteric,1447843,-0.0030570100335551268
5CAN,V738D,P00533,-0.931,-0.5474171462374575,distal allosteric,1447843,-0.0030570100335551268
6D8E,V738D,P00533,-0.288,-0.6230589278769844,distal allosteric,1447843,-0.0030570100335551268
5CAN,V738D,P00533,-0.471,-0.6449812514010598,distal allosteric,1447843,-0.0030570100335551268
5CAN,V738D,P00533,-0.628,-0.6102848707658841,distal allosteric,1447843,-0.0030570100335551268
5CAN,V738D,P00533,-1.784,-0.7964300705847495,distal allosteric,1447843,-0.0030570100335551268
5CAN,V904I,P00533,-0.686,-0.494079368217903,distal allosteric,1447843,-0.0030570100335551268
5CAN,V904I,P00533,-0.631,-0.47291376477479935,distal allosteric,1447843,-0.0030570100335551268
5CAN,V904I,P00533,-0.007,-0.49780408230160966,distal allosteric,1447843,-0.0030570100335551268
5CAN,V904I,P00533,-0.208,-0.5906004527982543,distal allosteric,1447843,-0.0030570100335551268
5CAN,V904I,P00533,-0.86,-0.5208430268050117,distal allosteric,1447843,-0.0030570100335551268
1XKK,T790M+L858R,P00533,1.259,-1.4125815694893107,binding pocket,1447843,-0.0030570100335551268
5CAN,G719S,P00533,0.48,-0.970141094754724,binding pocket,1447843,-0.0030570100335551268
6D8E,L858R,P00533,-1.6,-0.7126866630841704,intermediate,1447843,-0.0030570100335551268
2ITY,T790M,P00533,-1.21,-0.6821155165994869,binding pocket,1447843,-0.0030570100335551268
1XKK,E866D,P00533,0.355,-0.36720948285740956,distal allosteric,1447843,-0.0030570100335551268
1XKK,T790M+L858R,P00533,1.129,-1.5525453628932728,binding pocket,1447843,-0.0030570100335551268
1XKK,T790M+L858R,P00533,0.063,-1.7095509639627793,binding pocket,1447843,-0.0030570100335551268
2ITY,G719S+T790M,P00533,0.48,-0.7486994501273422,binding pocket,1447843,-0.0030570100335551268
1XKK,T790M+L858R,P00533,2.31,-1.341768592077143,binding pocket,1447843,-0.0030570100335551268
1XKK,T790M+L858R,P00533,1.177,-1.4800827445422902,binding pocket,1447843,-0.0030570100335551268
1XKK,T790M+L858R,P00533,0.931,-1.4573742829771603,binding pocket,1447843,-0.0030570100335551268
2J5E,E866D+H988P,P00533,0.327,-0.5247332701091381,intermediate,1447843,-0.0030570100335551268
2J5E,E866D+H988P,P00533,0.441,-0.5985641616740648,intermediate,1447843,-0.0030570100335551268
2J5E,E866D+H988P,P00533,0.185,-0.5510852650535457,intermediate,1447843,-0.0030570100335551268
2J5E,E866D+H988P,P00533,-0.393,-0.47502180240407366,intermediate,1447843,-0.0030570100335551268
2J5E,E866D+H988P,P00533,-0.316,-0.7216703674004359,intermediate,1447843,-0.0030570100335551268
6D8E,T790M+L858R,P00533,-0.105,-1.3166223776761223,binding pocket,1447843,-0.0030570100335551268
6D8E,T790M+L858R,P00533,-0.07,-1.1987528234790352,binding pocket,1447843,-0.0030570100335551268
6D8E,T790M+L858R,P00533,-2.794,-0.9393118299175711,binding pocket,1447843,-0.0030570100335551268
2ITY,G719S,P00533,0.48,-1.1704402578297783,binding pocket,1447843,-0.0030570100335551268
1MOX,A289D,P00533,-0.356,-0.3071523712251116,distal allosteric,1447843,-0.0030570100335551268
1MOX,A289D,P00533,0.668,-0.2699790349628995,distal allosteric,1447843,-0.0030570100335551268
7SZ0,A289V,P00533,0.598,-0.20172931202018957,distal allosteric,1447843,-0.0030570100335551268
1MOX,A289V,P00533,0.528,-0.35099182965606446,distal allosteric,1447843,-0.0030570100335551268
1MOX,A289V,P00533,0.287,-0.35442649323975334,distal allosteric,1447843,-0.0030570100335551268
7SZ0,A289V,P00533,1.005,-0.1731197401513071,distal allosteric,1447843,-0.0030570100335551268
1MOX,A289V,P00533,0.516,-0.16480885918734262,distal allosteric,1447843,-0.0030570100335551268
5CAN,A702D,P00533,-1.549,-0.4807940021665657,distal allosteric,1447843,-0.0030570100335551268
5CAN,A702D,P00533,0.098,-0.5880978075967116,distal allosteric,1447843,-0.0030570100335551268
6D8E,A864V,P00533,-1.162,-0.6968070891262854,distal allosteric,1447843,-0.0030570100335551268
6D8E,A864V,P00533,-1.228,-0.6486103196424596,distal allosteric,1447843,-0.0030570100335551268
6D8E,A864V,P00533,-0.788,-0.7932116972188301,distal allosteric,1447843,-0.0030570100335551268
6D8E,A864V,P00533,-0.396,-0.6172556865373079,distal allosteric,1447843,-0.0030570100335551268
6D8E,A864V,P00533,-1.02,-0.6470328605858718,distal allosteric,1447843,-0.0030570100335551268
6D8E,A864V,P00533,-1.432,-0.7727269908592982,distal allosteric,1447843,-0.0030570100335551268
6D8E,A864V,P00533,-0.67,-0.7445292140420472,distal allosteric,1447843,-0.0030570100335551268
1MOX,C251Y,P00533,-0.693,-0.11000907149658234,distal allosteric,1447843,-0.0030570100335551268
7SZ0,C523R,P00533,-0.599,-0.11000907149658234,distal allosteric,1447843,-0.0030570100335551268
7SZ0,C523R,P00533,-0.637,-0.16871630567662851,distal allosteric,1447843,-0.0030570100335551268
7SZ0,C523R,P00533,0.304,-0.20509759777871994,distal allosteric,1447843,-0.0030570100335551268
7SZ0,C523R,P00533,0.093,0.14096087066522422,distal allosteric,1447843,-0.0030570100335551268
7SZ0,C523R,P00533,-0.466,-0.10421119446964819,distal allosteric,1447843,-0.0030570100335551268
7SZ0,C523R,P00533,0.621,-0.16871630567662851,distal allosteric,1447843,-0.0030570100335551268
5CAN,E711K,P00533,-0.282,-0.29451985173902523,distal allosteric,1447843,-0.0030570100335551268
6TG1,E711K,P00533,0.102,-0.47441907854465876,intermediate,1447843,-0.0030570100335551268
5CAN,E711K,P00533,0.011,-0.35427272741781435,distal allosteric,1447843,-0.0030570100335551268
5CAN,E711K,P00533,0.301,-0.32670415399119473,distal allosteric,1447843,-0.0030570100335551268
5CAN,E711K,P00533,1.056,-0.4729643051308744,distal allosteric,1447843,-0.0030570100335551268
5CAN,F961L,P00533,0.414,-0.6382686865312212,distal allosteric,1447843,-0.0030570100335551268
5CAN,F961L,P00533,-0.23,-0.6330652418835636,distal allosteric,1447843,-0.0030570100335551268
5CAN,F961L,P00533,-0.145,-0.712245622788282,distal allosteric,1447843,-0.0030570100335551268
5CAN,G719S,P00533,-0.311,-0.8973655892715735,binding pocket,1447843,-0.0030570100335551268
6TG1,G719S,P00533,-2.08,-0.6244301343735527,binding pocket,1447843,-0.0030570100335551268
5CAN,G719S,P00533,-1.534,-0.970141094754724,binding pocket,1447843,-0.0030570100335551268
5CAN,G719S,P00533,-1.594,-0.7639294016080744,binding pocket,1447843,-0.0030570100335551268
5CAN,G719S,P00533,0.896,-1.075484638186062,binding pocket,1447843,-0.0030570100335551268
5CAN,G917R,P00533,-0.265,-0.7766606044313487,distal allosteric,1447843,-0.0030570100335551268
5CAN,G917R,P00533,0.04,-0.7314448894893422,distal allosteric,1447843,-0.0030570100335551268
5CAN,G917R,P00533,-0.148,-0.8165376823246479,distal allosteric,1447843,-0.0030570100335551268
5CAN,G917R,P00533,-0.372,-0.5701864590500207,distal allosteric,1447843,-0.0030570100335551268
5CAN,H988P,P00533,-0.191,-0.27051645684592857,distal allosteric,1447843,-0.0030570100335551268
2M0B,I646L,P00533,0.139,-0.462146932068993,distal allosteric,1447843,-0.0030570100335551268
2M0B,I646L,P00533,0.342,-0.32049260587201395,distal allosteric,1447843,-0.0030570100335551268
2M0B,I646L,P00533,0.656,-0.9993049735243343,distal allosteric,9403721,0.003552976744515235
2M0B,I646L,P00533,0.677,-1.1406459665973396,distal allosteric,9403721,0.003552976744515235
7SZ0,K28N,P00533,-0.86,-0.8518472504589488,distal allosteric,9403721,0.003552976744515235
2N5S,L62R,P00533,0.651,-0.8512103425619356,intermediate,9403721,0.003552976744515235
2N5S,L62R,P00533,0.883,-0.9264722016208312,intermediate,9403721,0.003552976744515235
2N5S,L62R,P00533,0.476,-1.0061933327089339,intermediate,9403721,0.003552976744515235
2N5S,L62R,P00533,1.078,-0.7854528970091659,intermediate,9403721,0.003552976744515235
2N5S,L62R,P00533,1.369,-1.0523808297269484,intermediate,9403721,0.003552976744515235
1MOX,L76P,P00533,-0.985,-0.8518472504589488,distal allosteric,9403721,0.003552976744515235
2M20,L76P,P00533,-0.064,-0.8709545528358397,intermediate,9403721,0.003552976744515235
2M20,L76P,P00533,-0.699,-0.8795568517963677,intermediate,9403721,0.003552976744515235
1MOX,L76P,P00533,-0.228,-0.9554856510017724,distal allosteric,9403721,0.003552976744515235
2M20,L76P,P00533,0.398,-0.8492352492511274,intermediate,9403721,0.003552976744515235
5FED,G719S+T790M,P00533,-0.56,-0.8515261546496083,binding pocket,9403721,0.003552976744515235
5FED,L858R+T790M,P00533,-0.7,-0.8107825286528644,intermediate,9403721,0.003552976744515235
1MOX,L76P,P00533,-1.343,-1.1800620517590465,distal allosteric,9403721,0.003552976744515235
2M20,L76P,P00533,-1.839,-1.087167399448507,intermediate,9403721,0.003552976744515235
6D8E,L858R,P00533,-4.042,-1.9438619066967684,intermediate,9403721,0.003552976744515235
5CAN,L861Q,P00533,-0.896,-1.056190152056077,distal allosteric,9403721,0.003552976744515235
5CAN,L861Q,P00533,-1.064,-0.9594743777785231,distal allosteric,9403721,0.003552976744515235
6D8E,L861Q,P00533,-0.736,-0.7916795544880717,intermediate,9403721,0.003552976744515235
5CAN,L883F,P00533,-0.382,-0.22821935803749985,distal allosteric,9403721,0.003552976744515235
5CAN,L883F,P00533,0.58,0.02898137303660894,distal allosteric,9403721,0.003552976744515235
5CAN,L883F,P00533,0.226,0.05656282373035654,distal allosteric,9403721,0.003552976744515235
5CAN,L883F,P00533,0.281,-0.13169393743837585,distal allosteric,9403721,0.003552976744515235
3PFV,P1071L,P00533,0.324,-0.8518472504589488,binding pocket,9403721,0.003552976744515235
3PFV,P1071L,P00533,-0.931,-0.8062562128480744,binding pocket,9403721,0.003552976744515235
3PFV,P1071L,P00533,-0.113,-0.8597217110485278,binding pocket,9403721,0.003552976744515235
3PFV,P1071L,P00533,0.13,-0.9554856510017724,binding pocket,9403721,0.003552976744515235
3PFV,P1071L,P00533,-0.12,-1.1800620517590465,binding pocket,9403721,0.003552976744515235
3PFV,P1071L,P00533,1.21,-0.8062562128480744,binding pocket,9403721,0.003552976744515235
5CAN,P753S,P00533,-1.218,-0.6757044733618113,distal allosteric,9403721,0.003552976744515235
5CAN,P753S,P00533,1.334,-0.8957812561550561,distal allosteric,9403721,0.003552976744515235
5CAN,Q701R,P00533,-0.279,-0.6168587740763803,distal allosteric,9403721,0.003552976744515235
6TG1,Q701R,P00533,-0.382,-0.639376646352165,distal allosteric,9403721,0.003552976744515235
5CAN,Q701R,P00533,0.29,-0.5689538575989359,distal allosteric,9403721,0.003552976744515235
6D8E,Q701R,P00533,-0.347,-0.546830684007529,distal allosteric,9403721,0.003552976744515235
5CAN,Q701R,P00533,0.084,-0.5739050819325974,distal allosteric,9403721,0.003552976744515235
5CAN,Q701R,P00533,-0.522,-0.7047106561257559,distal allosteric,9403721,0.003552976744515235
1MOX,R165Q,P00533,0.288,-0.9554856510017724,intermediate,9403721,0.003552976744515235
1MOX,R451C,P00533,-0.719,-0.8518472504589488,distal allosteric,9403721,0.003552976744515235
7SZ0,R451C,P00533,-1.196,-0.8504505809731783,distal allosteric,9403721,0.003552976744515235
1MOX,R451C,P00533,-0.817,-0.8597217110485278,distal allosteric,9403721,0.003552976744515235
1MOX,R451C,P00533,-0.695,-0.9554856510017724,distal allosteric,9403721,0.003552976744515235
1MOX,R451C,P00533,0.991,-0.8062562128480744,distal allosteric,9403721,0.003552976744515235
2M0B,R675Q,P00533,0.202,-1.1595192110117745,intermediate,9403721,0.003552976744515235
2M0B,R675Q,P00533,0.948,-1.0485426114166483,intermediate,9403721,0.003552976744515235
2M0B,R675Q,P00533,0.704,-1.1011528676327538,intermediate,9403721,0.003552976744515235
2M0B,R675Q,P00533,1.255,-1.0100884242866408,intermediate,9403721,0.003552976744515235
2M0B,R675Q,P00533,0.318,-1.0019738846245934,intermediate,9403721,0.003552976744515235
2M0B,R677C,P00533,-1.091,-1.0143142412751913,distal allosteric,9403721,0.003552976744515235
5CAN,R832C,P00533,-1.389,-0.9500456993693814,distal allosteric,9403721,0.003552976744515235
5CAN,R832C,P00533,-1.507,-0.9425929572001538,distal allosteric,9403721,0.003552976744515235
5CAN,R832C,P00533,-0.512,-0.82820796917861,distal allosteric,9403721,0.003552976744515235
5CAN,S768I,P00533,-2.066,-0.6709509945590707,intermediate,9403721,0.003552976744515235
6D8E,S768I,P00533,-1.336,-1.0926337852478027,intermediate,9403721,0.003552976744515235
5CAN,S768I,P00533,-1.442,-0.602008697528173,intermediate,9403721,0.003552976744515235
5CAN,S768I,P00533,-2.007,-0.6363448078312419,intermediate,9403721,0.003552976744515235
5CAN,S768I,P00533,-1.274,-0.7262273982009467,intermediate,9403721,0.003552976744515235
5CAN,S768I,P00533,-3.63,-0.9125214271747014,intermediate,9403721,0.003552976744515235
5CAN,S811F,P00533,0.566,-0.6775683105491541,distal allosteric,9403721,0.003552976744515235
5CAN,S811F,P00533,0.765,-0.6860504390404506,distal allosteric,9403721,0.003552976744515235
5CAN,S811F,P00533,0.132,-0.7221876225659953,distal allosteric,9403721,0.003552976744515235
5CAN,S811F,P00533,0.163,-0.7348543936174144,distal allosteric,9403721,0.003552976744515235
5CAN,S811F,P00533,-0.607,-0.7861113789525322,distal allosteric,9403721,0.003552976744515235
6TG1,T751I,P00533,0.033,-0.7278937023632668,intermediate,9403721,0.003552976744515235
5CAN,T751I,P00533,-0.18,-0.421548975719906,distal allosteric,9403721,0.003552976744515235
5CAN,T751I,P00533,-0.629,-0.5573839804985945,distal allosteric,9403721,0.003552976744515235
5CAN,V1011M,P00533,-2.524,-1.3022385166252362,intermediate,9403721,0.003552976744515235
5CAN,V1011M,P00533,-0.24,-1.1466183378696444,intermediate,9403721,0.003552976744515235
5CAN,V1011M,P00533,-0.267,-1.29427117953581,intermediate,9403721,0.003552976744515235
5CAN,V1011M,P00533,-0.597,-1.33966415737657,intermediate,9403721,0.003552976744515235
5CAN,V1011M,P00533,-1.178,-1.0685920883031452,intermediate,9403721,0.003552976744515235
1MOX,V292M,P00533,-0.108,-0.8518472504589488,distal allosteric,9403721,0.003552976744515235
7SZ0,V592F,P00533,0.123,-0.8795568517963677,distal allosteric,9403721,0.003552976744515235
7SZ0,V592F,P00533,1.952,-1.087167399448507,distal allosteric,9403721,0.003552976744515235
5CAN,V738D,P00533,-0.931,-0.6516817598938943,distal allosteric,9403721,0.003552976744515235
6D8E,V738D,P00533,-0.288,-0.8167769401121666,distal allosteric,9403721,0.003552976744515235
5CAN,V738D,P00533,-0.628,-0.6531119621694089,distal allosteric,9403721,0.003552976744515235
5CAN,V738D,P00533,-1.784,-0.7837750571019511,distal allosteric,9403721,0.003552976744515235
5CAN,V904I,P00533,-0.686,-1.042148782275179,distal allosteric,9403721,0.003552976744515235
5CAN,V904I,P00533,-0.631,-0.8143732712720246,distal allosteric,9403721,0.003552976744515235
5CAN,V904I,P00533,-0.007,-0.9410435719586471,distal allosteric,9403721,0.003552976744515235
5CAN,V904I,P00533,-0.208,-0.9480721538619084,distal allosteric,9403721,0.003552976744515235
5CAN,V904I,P00533,-0.86,-0.8551193595760885,distal allosteric,9403721,0.003552976744515235
5CAN,V904I,P00533,-0.362,-1.0468929855433458,distal allosteric,9403721,0.003552976744515235
1XKK,T790M+L858R,P00533,1.259,-0.6722829439464738,binding pocket,9403721,0.003552976744515235
5CAN,G719S,P00533,0.48,-0.9202462793115307,binding pocket,9403721,0.003552976744515235
6D8E,L858R,P00533,-1.6,-1.9438619066967684,intermediate,9403721,0.003552976744515235
2ITY,T790M,P00533,-1.21,-0.9863062745350248,binding pocket,9403721,0.003552976744515235
1XKK,E866D,P00533,0.355,-0.7932075861190611,distal allosteric,9403721,0.003552976744515235
1XKK,T790M+L858R,P00533,1.129,-0.9409333489458351,binding pocket,9403721,0.003552976744515235
1XKK,T790M+L858R,P00533,0.063,-0.9537843781420413,binding pocket,9403721,0.003552976744515235
1XKK,T790M+L858R,P00533,2.123,-0.781428092439385,binding pocket,9403721,0.003552976744515235
2ITY,G719S+T790M,P00533,0.48,-0.8031152279780193,binding pocket,9403721,0.003552976744515235
1XKK,T790M+L858R,P00533,2.31,-0.781428092439385,binding pocket,9403721,0.003552976744515235
1XKK,T790M+L858R,P00533,1.177,-0.8650293157990365,binding pocket,9403721,0.003552976744515235
1XKK,T790M+L858R,P00533,0.931,-0.823894924873815,binding pocket,9403721,0.003552976744515235
2J5E,E866D+H988P,P00533,0.327,-0.27109634361898205,intermediate,9403721,0.003552976744515235
2J5E,E866D+H988P,P00533,0.441,-0.0938081628539983,intermediate,9403721,0.003552976744515235
2J5E,E866D+H988P,P00533,-0.393,-0.259148654369747,intermediate,9403721,0.003552976744515235
2J5E,E866D+H988P,P00533,-0.316,-0.3353573097087005,intermediate,9403721,0.003552976744515235
2J5E,T790M+L858R,P00533,0.397,-0.9419641045170993,binding pocket,9403721,0.003552976744515235
6D8E,T790M+L858R,P00533,-0.105,-0.8266117076505632,binding pocket,9403721,0.003552976744515235
6D8E,T790M+L858R,P00533,-0.07,-0.7672766108565472,binding pocket,9403721,0.003552976744515235
6D8E,T790M+L858R,P00533,-2.794,-0.8343551115139443,binding pocket,9403721,0.003552976744515235
1XKK,T790M+L858R,P00533,-2.597,-0.9537843781420413,binding pocket,9403721,0.003552976744515235
2ITY,G719S,P00533,0.48,-0.9230607852181967,binding pocket,9403721,0.003552976744515235
1MOX,A289D,P00533,-0.356,-0.7014266087132343,distal allosteric,9403721,0.003552976744515235
1MOX,A289D,P00533,0.668,-0.8451676662963103,distal allosteric,9403721,0.003552976744515235
7SZ0,A289V,P00533,0.598,-0.8853198453187943,distal allosteric,9403721,0.003552976744515235
1MOX,A289V,P00533,0.528,-0.8735694436089082,distal allosteric,9403721,0.003552976744515235
1MOX,A289V,P00533,0.287,-0.8424669143750387,distal allosteric,9403721,0.003552976744515235
7SZ0,A289V,P00533,1.005,-0.8492352492511274,distal allosteric,9403721,0.003552976744515235
1MOX,A289V,P00533,0.516,-0.8749576429076056,distal allosteric,9403721,0.003552976744515235
5CAN,A702D,P00533,-1.549,-0.8676288211231723,distal allosteric,9403721,0.003552976744515235
5CAN,A702D,P00533,0.098,-1.1076777416397543,distal allosteric,9403721,0.003552976744515235
6D8E,A864V,P00533,-1.228,-0.7630590580136462,distal allosteric,9403721,0.003552976744515235
6D8E,A864V,P00533,-1.186,-0.7412650183123701,distal allosteric,9403721,0.003552976744515235
6D8E,A864V,P00533,-0.945,-0.8704006581025966,distal allosteric,9403721,0.003552976744515235
6D8E,A864V,P00533,-0.396,-0.7828722758389572,distal allosteric,9403721,0.003552976744515235
6D8E,A864V,P00533,-1.02,-0.6488886633401408,distal allosteric,9403721,0.003552976744515235
6D8E,A864V,P00533,-1.432,-0.7992431515450864,distal allosteric,9403721,0.003552976744515235
6D8E,A864V,P00533,-0.67,-0.8569010302266654,distal allosteric,9403721,0.003552976744515235
1MOX,C251Y,P00533,-0.693,-0.8518472504589488,distal allosteric,9403721,0.003552976744515235
1MOX,C311F,P00533,2.202,-0.9554856510017724,distal allosteric,9403721,0.003552976744515235
7SZ0,C523R,P00533,-0.599,-0.8518472504589488,distal allosteric,9403721,0.003552976744515235
7SZ0,C523R,P00533,-0.637,-0.8062562128480744,distal allosteric,9403721,0.003552976744515235
7SZ0,C523R,P00533,0.304,-0.8597217110485278,distal allosteric,9403721,0.003552976744515235
7SZ0,C523R,P00533,0.093,-0.9554856510017724,distal allosteric,9403721,0.003552976744515235
7SZ0,C523R,P00533,-0.466,-1.1800620517590465,distal allosteric,9403721,0.003552976744515235
7SZ0,C523R,P00533,0.621,-0.8062562128480744,distal allosteric,9403721,0.003552976744515235
5CAN,E711K,P00533,-0.282,-0.023332440026542733,distal allosteric,9403721,0.003552976744515235
6TG1,E711K,P00533,0.102,-0.29337251110287277,intermediate,9403721,0.003552976744515235
5CAN,E711K,P00533,0.011,0.19863506307321432,distal allosteric,9403721,0.003552976744515235
5CAN,E711K,P00533,0.301,0.15882776271595672,distal allosteric,9403721,0.003552976744515235
5CAN,F961L,P00533,0.414,-0.993268338312121,distal allosteric,9403721,0.003552976744515235
5CAN,F961L,P00533,-0.23,-0.904865346581182,distal allosteric,9403721,0.003552976744515235
5CAN,F961L,P00533,-0.145,-1.1215459276052084,distal allosteric,9403721,0.003552976744515235
2M0B,G659R,P00533,-0.828,-0.8518472504589488,binding pocket,9403721,0.003552976744515235
5CAN,G719S,P00533,-0.311,-0.7671173573806883,binding pocket,9403721,0.003552976744515235
6TG1,G719S,P00533,-2.08,-0.8231275558313903,binding pocket,9403721,0.003552976744515235
6D8E,G719S,P00533,-1.345,-0.8495834098971065,binding pocket,9403721,0.003552976744515235
5CAN,G719S,P00533,-1.534,-0.9202462793115307,binding pocket,9403721,0.003552976744515235
5CAN,G719S,P00533,-1.594,-0.7489937073612477,binding pocket,9403721,0.003552976744515235
5CAN,G719S,P00533,0.896,-0.919054708942771,binding pocket,9403721,0.003552976744515235
5CAN,G917R,P00533,-0.265,-0.7113713464377558,distal allosteric,9403721,0.003552976744515235
5CAN,G917R,P00533,0.04,-0.6897296604268692,distal allosteric,9403721,0.003552976744515235
5CAN,G917R,P00533,-0.148,-0.8240860578141532,distal allosteric,9403721,0.003552976744515235
5CAN,H988P,P00533,-0.191,-0.6064230086452822,distal allosteric,9403721,0.003552976744515235
2M0B,I646L,P00533,0.139,-1.1513986110967749,distal allosteric,9403721,0.003552976744515235
2M0B,I646L,P00533,0.342,-1.3045429584138535,distal allosteric,9403721,0.003552976744515235
5LV6,I646L,P00533,-0.278,-1.215139066806611,distal allosteric,9403721,0.003552976744515235
