idx_query,idx_anchor,UNIPROT
1025,1000,P00533
1025,987,P00533
1025,1059,P00533
1025,1047,P00533
1025,1075,P00533
1025,1116,P00533
1025,1007,P00533
1025,1095,P00533
1025,1043,P00533
1025,1097,P00533
1025,1055,P00533
1025,1029,P00533
1025,359,P00533
1025,1024,P00533
1025,1087,P00533
1025,1115,P00533
1025,1091,P00533
1025,1021,P00533
1025,1074,P00533
1025,1009,P00533
1025,1094,P00533
1025,992,P00533
1025,1002,P00533
1025,991,P00533
1025,1018,P00533
1025,989,P00533
1025,1109,P00533
1025,978,P00533
1025,358,P00533
1025,361,P00533
1025,1090,P00533
1025,975,P00533
1025,1119,P00533
1025,1008,P00533
1025,1068,P00533
1025,993,P00533
1025,1088,P00533
1025,1081,P00533
1025,1046,P00533
1025,1026,P00533
1025,1114,P00533
1025,1049,P00533
1025,100,P00533
1025,1076,P00533
1025,1011,P00533
1025,1017,P00533
1025,976,P00533
1025,1065,P00533
1025,1020,P00533
1025,1003,P00533
1025,1027,P00533
3155,1000,P00533
3155,987,P00533
3155,1059,P00533
3155,1047,P00533
3155,1075,P00533
3155,1116,P00533
3155,1007,P00533
3155,1095,P00533
3155,1043,P00533
3155,1097,P00533
3155,1055,P00533
3155,1029,P00533
3155,359,P00533
3155,1024,P00533
3155,1087,P00533
3155,1115,P00533
3155,1091,P00533
3155,1021,P00533
3155,1074,P00533
3155,1009,P00533
3155,1094,P00533
3155,992,P00533
3155,1002,P00533
3155,991,P00533
3155,1018,P00533
3155,989,P00533
3155,1109,P00533
3155,978,P00533
3155,358,P00533
3155,361,P00533
3155,1090,P00533
3155,975,P00533
3155,1119,P00533
3155,1008,P00533
3155,1068,P00533
3155,993,P00533
3155,1088,P00533
3155,1081,P00533
3155,1046,P00533
3155,1026,P00533
3155,1114,P00533
3155,1049,P00533
3155,100,P00533
3155,1076,P00533
3155,1011,P00533
3155,1017,P00533
3155,976,P00533
3155,1065,P00533
3155,1020,P00533
3155,1003,P00533
3155,1027,P00533
1028,1000,P00533
1028,987,P00533
1028,1059,P00533
1028,1047,P00533
1028,1075,P00533
1028,1116,P00533
1028,1007,P00533
1028,1095,P00533
1028,1043,P00533
1028,1097,P00533
1028,1055,P00533
1028,1029,P00533
1028,359,P00533
1028,1024,P00533
1028,1087,P00533
1028,1115,P00533
1028,1091,P00533
1028,1021,P00533
1028,1074,P00533
1028,1009,P00533
1028,1094,P00533
1028,992,P00533
1028,1002,P00533
1028,991,P00533
1028,1018,P00533
1028,989,P00533
1028,1109,P00533
1028,978,P00533
1028,358,P00533
1028,361,P00533
1028,1090,P00533
1028,975,P00533
1028,1119,P00533
1028,1008,P00533
1028,1068,P00533
1028,993,P00533
1028,1088,P00533
1028,1081,P00533
1028,1046,P00533
1028,1026,P00533
1028,1114,P00533
1028,1049,P00533
1028,100,P00533
1028,1076,P00533
1028,1011,P00533
1028,1017,P00533
1028,976,P00533
1028,1065,P00533
1028,1020,P00533
1028,1003,P00533
1028,1027,P00533
1030,1000,P00533
1030,987,P00533
1030,1059,P00533
1030,1047,P00533
1030,1075,P00533
1030,1116,P00533
1030,1007,P00533
1030,1095,P00533
1030,1043,P00533
1030,1097,P00533
1030,1055,P00533
1030,1029,P00533
1030,359,P00533
1030,1024,P00533
1030,1087,P00533
1030,1115,P00533
1030,1091,P00533
1030,1021,P00533
1030,1074,P00533
1030,1009,P00533
1030,1094,P00533
1030,992,P00533
1030,1002,P00533
1030,991,P00533
1030,1018,P00533
1030,989,P00533
1030,1109,P00533
1030,978,P00533
1030,358,P00533
1030,361,P00533
1030,1090,P00533
1030,975,P00533
1030,1119,P00533
1030,1008,P00533
1030,1068,P00533
1030,993,P00533
1030,1088,P00533
1030,1081,P00533
1030,1046,P00533
1030,1026,P00533
1030,1114,P00533
1030,1049,P00533
1030,100,P00533
1030,1076,P00533
1030,1011,P00533
1030,1017,P00533
1030,976,P00533
1030,1065,P00533
1030,1020,P00533
1030,1003,P00533
1030,1027,P00533
1031,1000,P00533
1031,987,P00533
1031,1059,P00533
1031,1047,P00533
1031,1075,P00533
1031,1116,P00533
1031,1007,P00533
1031,1095,P00533
1031,1043,P00533
1031,1097,P00533
1031,1055,P00533
1031,1029,P00533
1031,359,P00533
1031,1024,P00533
1031,1087,P00533
1031,1115,P00533
1031,1091,P00533
1031,1021,P00533
1031,1074,P00533
1031,1009,P00533
1031,1094,P00533
1031,992,P00533
1031,1002,P00533
1031,991,P00533
1031,1018,P00533
1031,989,P00533
1031,1109,P00533
1031,978,P00533
1031,358,P00533
1031,361,P00533
1031,1090,P00533
1031,975,P00533
1031,1119,P00533
1031,1008,P00533
1031,1068,P00533
1031,993,P00533
1031,1088,P00533
1031,1081,P00533
1031,1046,P00533
1031,1026,P00533
1031,1114,P00533
1031,1049,P00533
1031,100,P00533
1031,1076,P00533
1031,1011,P00533
1031,1017,P00533
1031,976,P00533
1031,1065,P00533
1031,1020,P00533
1031,1003,P00533
1031,1027,P00533
1032,1000,P00533
1032,987,P00533
1032,1059,P00533
1032,1047,P00533
1032,1075,P00533
1032,1116,P00533
1032,1007,P00533
1032,1095,P00533
1032,1043,P00533
1032,1097,P00533
1032,1055,P00533
1032,1029,P00533
1032,359,P00533
1032,1024,P00533
1032,1087,P00533
1032,1115,P00533
1032,1091,P00533
1032,1021,P00533
1032,1074,P00533
1032,1009,P00533
1032,1094,P00533
1032,992,P00533
1032,1002,P00533
1032,991,P00533
1032,1018,P00533
1032,989,P00533
1032,1109,P00533
1032,978,P00533
1032,358,P00533
1032,361,P00533
1032,1090,P00533
1032,975,P00533
1032,1119,P00533
1032,1008,P00533
1032,1068,P00533
1032,993,P00533
1032,1088,P00533
1032,1081,P00533
1032,1046,P00533
1032,1026,P00533
1032,1114,P00533
1032,1049,P00533
1032,100,P00533
1032,1076,P00533
1032,1011,P00533
1032,1017,P00533
1032,976,P00533
1032,1065,P00533
1032,1020,P00533
1032,1003,P00533
1032,1027,P00533
1033,1000,P00533
1033,987,P00533
1033,1059,P00533
1033,1047,P00533
1033,1075,P00533
1033,1116,P00533
1033,1007,P00533
1033,1095,P00533
1033,1043,P00533
1033,1097,P00533
1033,1055,P00533
1033,1029,P00533
1033,359,P00533
1033,1024,P00533
1033,1087,P00533
1033,1115,P00533
1033,1091,P00533
1033,1021,P00533
1033,1074,P00533
1033,1009,P00533
1033,1094,P00533
1033,992,P00533
1033,1002,P00533
1033,991,P00533
1033,1018,P00533
1033,989,P00533
1033,1109,P00533
1033,978,P00533
1033,358,P00533
1033,361,P00533
1033,1090,P00533
1033,975,P00533
1033,1119,P00533
1033,1008,P00533
1033,1068,P00533
1033,993,P00533
1033,1088,P00533
1033,1081,P00533
1033,1046,P00533
1033,1026,P00533
1033,1114,P00533
1033,1049,P00533
1033,100,P00533
1033,1076,P00533
1033,1011,P00533
1033,1017,P00533
1033,976,P00533
1033,1065,P00533
1033,1020,P00533
1033,1003,P00533
1033,1027,P00533
1034,1000,P00533
1034,987,P00533
1034,1059,P00533
1034,1047,P00533
1034,1075,P00533
1034,1116,P00533
1034,1007,P00533
1034,1095,P00533
1034,1043,P00533
1034,1097,P00533
1034,1055,P00533
1034,1029,P00533
1034,359,P00533
1034,1024,P00533
1034,1087,P00533
1034,1115,P00533
1034,1091,P00533
1034,1021,P00533
1034,1074,P00533
1034,1009,P00533
1034,1094,P00533
1034,992,P00533
1034,1002,P00533
1034,991,P00533
1034,1018,P00533
1034,989,P00533
1034,1109,P00533
1034,978,P00533
1034,358,P00533
1034,361,P00533
1034,1090,P00533
1034,975,P00533
1034,1119,P00533
1034,1008,P00533
1034,1068,P00533
1034,993,P00533
1034,1088,P00533
1034,1081,P00533
1034,1046,P00533
1034,1026,P00533
1034,1114,P00533
1034,1049,P00533
1034,100,P00533
1034,1076,P00533
1034,1011,P00533
1034,1017,P00533
1034,976,P00533
1034,1065,P00533
1034,1020,P00533
1034,1003,P00533
1034,1027,P00533
1035,1000,P00533
1035,987,P00533
1035,1059,P00533
1035,1047,P00533
1035,1075,P00533
1035,1116,P00533
1035,1007,P00533
1035,1095,P00533
1035,1043,P00533
1035,1097,P00533
1035,1055,P00533
1035,1029,P00533
1035,359,P00533
1035,1024,P00533
1035,1087,P00533
1035,1115,P00533
1035,1091,P00533
1035,1021,P00533
1035,1074,P00533
1035,1009,P00533
1035,1094,P00533
1035,992,P00533
1035,1002,P00533
1035,991,P00533
1035,1018,P00533
1035,989,P00533
1035,1109,P00533
1035,978,P00533
1035,358,P00533
1035,361,P00533
1035,1090,P00533
1035,975,P00533
1035,1119,P00533
1035,1008,P00533
1035,1068,P00533
1035,993,P00533
1035,1088,P00533
1035,1081,P00533
1035,1046,P00533
1035,1026,P00533
1035,1114,P00533
1035,1049,P00533
1035,100,P00533
1035,1076,P00533
1035,1011,P00533
1035,1017,P00533
1035,976,P00533
1035,1065,P00533
1035,1020,P00533
1035,1003,P00533
1035,1027,P00533
1036,1000,P00533
1036,987,P00533
1036,1059,P00533
1036,1047,P00533
1036,1075,P00533
1036,1116,P00533
1036,1007,P00533
1036,1095,P00533
1036,1043,P00533
1036,1097,P00533
1036,1055,P00533
1036,1029,P00533
1036,359,P00533
1036,1024,P00533
1036,1087,P00533
1036,1115,P00533
1036,1091,P00533
1036,1021,P00533
1036,1074,P00533
1036,1009,P00533
1036,1094,P00533
1036,992,P00533
1036,1002,P00533
1036,991,P00533
1036,1018,P00533
1036,989,P00533
1036,1109,P00533
1036,978,P00533
1036,358,P00533
1036,361,P00533
1036,1090,P00533
1036,975,P00533
1036,1119,P00533
1036,1008,P00533
1036,1068,P00533
1036,993,P00533
1036,1088,P00533
1036,1081,P00533
1036,1046,P00533
1036,1026,P00533
1036,1114,P00533
1036,1049,P00533
1036,100,P00533
1036,1076,P00533
1036,1011,P00533
1036,1017,P00533
1036,976,P00533
1036,1065,P00533
1036,1020,P00533
1036,1003,P00533
1036,1027,P00533
1037,1000,P00533
1037,987,P00533
1037,1059,P00533
1037,1047,P00533
1037,1075,P00533
1037,1116,P00533
1037,1007,P00533
1037,1095,P00533
1037,1043,P00533
1037,1097,P00533
1037,1055,P00533
1037,1029,P00533
1037,359,P00533
1037,1024,P00533
1037,1087,P00533
1037,1115,P00533
1037,1091,P00533
1037,1021,P00533
1037,1074,P00533
1037,1009,P00533
1037,1094,P00533
1037,992,P00533
1037,1002,P00533
1037,991,P00533
1037,1018,P00533
1037,989,P00533
1037,1109,P00533
1037,978,P00533
1037,358,P00533
1037,361,P00533
1037,1090,P00533
1037,975,P00533
1037,1119,P00533
1037,1008,P00533
1037,1068,P00533
1037,993,P00533
1037,1088,P00533
1037,1081,P00533
1037,1046,P00533
1037,1026,P00533
1037,1114,P00533
1037,1049,P00533
1037,100,P00533
1037,1076,P00533
1037,1011,P00533
1037,1017,P00533
1037,976,P00533
1037,1065,P00533
1037,1020,P00533
1037,1003,P00533
1037,1027,P00533
14,1000,P00533
14,987,P00533
14,1059,P00533
14,1047,P00533
14,1075,P00533
14,1116,P00533
14,1007,P00533
14,1095,P00533
14,1043,P00533
14,1097,P00533
14,1055,P00533
14,1029,P00533
14,359,P00533
14,1024,P00533
14,1087,P00533
14,1115,P00533
14,1091,P00533
14,1021,P00533
14,1074,P00533
14,1009,P00533
14,1094,P00533
14,992,P00533
14,1002,P00533
14,991,P00533
14,1018,P00533
14,989,P00533
14,1109,P00533
14,978,P00533
14,358,P00533
14,361,P00533
14,1090,P00533
14,975,P00533
14,1119,P00533
14,1008,P00533
14,1068,P00533
14,993,P00533
14,1088,P00533
14,1081,P00533
14,1046,P00533
14,1026,P00533
14,1114,P00533
14,1049,P00533
14,100,P00533
14,1076,P00533
14,1011,P00533
14,1017,P00533
14,976,P00533
14,1065,P00533
14,1020,P00533
14,1003,P00533
14,1027,P00533
15,1000,P00533
15,987,P00533
15,1059,P00533
15,1047,P00533
15,1075,P00533
15,1116,P00533
15,1007,P00533
15,1095,P00533
15,1043,P00533
15,1097,P00533
15,1055,P00533
15,1029,P00533
15,359,P00533
15,1024,P00533
15,1087,P00533
15,1115,P00533
15,1091,P00533
15,1021,P00533
15,1074,P00533
15,1009,P00533
15,1094,P00533
15,992,P00533
15,1002,P00533
15,991,P00533
15,1018,P00533
15,989,P00533
15,1109,P00533
15,978,P00533
15,358,P00533
15,361,P00533
15,1090,P00533
15,975,P00533
15,1119,P00533
15,1008,P00533
15,1068,P00533
15,993,P00533
15,1088,P00533
15,1081,P00533
15,1046,P00533
15,1026,P00533
15,1114,P00533
15,1049,P00533
15,100,P00533
15,1076,P00533
15,1011,P00533
15,1017,P00533
15,976,P00533
15,1065,P00533
15,1020,P00533
15,1003,P00533
15,1027,P00533
1038,1000,P00533
1038,987,P00533
1038,1059,P00533
1038,1047,P00533
1038,1075,P00533
1038,1116,P00533
1038,1007,P00533
1038,1095,P00533
1038,1043,P00533
1038,1097,P00533
1038,1055,P00533
1038,1029,P00533
1038,359,P00533
1038,1024,P00533
1038,1087,P00533
1038,1115,P00533
1038,1091,P00533
1038,1021,P00533
1038,1074,P00533
1038,1009,P00533
1038,1094,P00533
1038,992,P00533
1038,1002,P00533
1038,991,P00533
1038,1018,P00533
1038,989,P00533
1038,1109,P00533
1038,978,P00533
1038,358,P00533
1038,361,P00533
1038,1090,P00533
1038,975,P00533
1038,1119,P00533
1038,1008,P00533
1038,1068,P00533
1038,993,P00533
1038,1088,P00533
1038,1081,P00533
1038,1046,P00533
1038,1026,P00533
1038,1114,P00533
1038,1049,P00533
1038,100,P00533
1038,1076,P00533
1038,1011,P00533
1038,1017,P00533
1038,976,P00533
1038,1065,P00533
1038,1020,P00533
1038,1003,P00533
1038,1027,P00533
1039,1000,P00533
1039,987,P00533
1039,1059,P00533
1039,1047,P00533
1039,1075,P00533
1039,1116,P00533
1039,1007,P00533
1039,1095,P00533
1039,1043,P00533
1039,1097,P00533
1039,1055,P00533
1039,1029,P00533
1039,359,P00533
1039,1024,P00533
1039,1087,P00533
1039,1115,P00533
1039,1091,P00533
1039,1021,P00533
1039,1074,P00533
1039,1009,P00533
1039,1094,P00533
1039,992,P00533
1039,1002,P00533
1039,991,P00533
1039,1018,P00533
1039,989,P00533
1039,1109,P00533
1039,978,P00533
1039,358,P00533
1039,361,P00533
1039,1090,P00533
1039,975,P00533
1039,1119,P00533
1039,1008,P00533
1039,1068,P00533
1039,993,P00533
1039,1088,P00533
1039,1081,P00533
1039,1046,P00533
1039,1026,P00533
1039,1114,P00533
1039,1049,P00533
1039,100,P00533
1039,1076,P00533
1039,1011,P00533
1039,1017,P00533
1039,976,P00533
1039,1065,P00533
1039,1020,P00533
1039,1003,P00533
1039,1027,P00533
1040,1000,P00533
1040,987,P00533
1040,1059,P00533
1040,1047,P00533
1040,1075,P00533
1040,1116,P00533
1040,1007,P00533
1040,1095,P00533
1040,1043,P00533
1040,1097,P00533
1040,1055,P00533
1040,1029,P00533
1040,359,P00533
1040,1024,P00533
1040,1087,P00533
1040,1115,P00533
1040,1091,P00533
1040,1021,P00533
1040,1074,P00533
1040,1009,P00533
1040,1094,P00533
1040,992,P00533
1040,1002,P00533
1040,991,P00533
1040,1018,P00533
1040,989,P00533
1040,1109,P00533
1040,978,P00533
1040,358,P00533
1040,361,P00533
1040,1090,P00533
1040,975,P00533
1040,1119,P00533
1040,1008,P00533
1040,1068,P00533
1040,993,P00533
1040,1088,P00533
1040,1081,P00533
1040,1046,P00533
1040,1026,P00533
1040,1114,P00533
1040,1049,P00533
1040,100,P00533
1040,1076,P00533
1040,1011,P00533
1040,1017,P00533
1040,976,P00533
1040,1065,P00533
1040,1020,P00533
1040,1003,P00533
1040,1027,P00533
1041,1000,P00533
1041,987,P00533
1041,1059,P00533
1041,1047,P00533
1041,1075,P00533
1041,1116,P00533
1041,1007,P00533
1041,1095,P00533
1041,1043,P00533
1041,1097,P00533
1041,1055,P00533
1041,1029,P00533
1041,359,P00533
1041,1024,P00533
1041,1087,P00533
1041,1115,P00533
1041,1091,P00533
1041,1021,P00533
1041,1074,P00533
1041,1009,P00533
1041,1094,P00533
1041,992,P00533
1041,1002,P00533
1041,991,P00533
1041,1018,P00533
1041,989,P00533
1041,1109,P00533
1041,978,P00533
1041,358,P00533
1041,361,P00533
1041,1090,P00533
1041,975,P00533
1041,1119,P00533
1041,1008,P00533
1041,1068,P00533
1041,993,P00533
1041,1088,P00533
1041,1081,P00533
1041,1046,P00533
1041,1026,P00533
1041,1114,P00533
1041,1049,P00533
1041,100,P00533
1041,1076,P00533
1041,1011,P00533
1041,1017,P00533
1041,976,P00533
1041,1065,P00533
1041,1020,P00533
1041,1003,P00533
1041,1027,P00533
1042,1000,P00533
1042,987,P00533
1042,1059,P00533
1042,1047,P00533
1042,1075,P00533
1042,1116,P00533
1042,1007,P00533
1042,1095,P00533
1042,1043,P00533
1042,1097,P00533
1042,1055,P00533
1042,1029,P00533
1042,359,P00533
1042,1024,P00533
1042,1087,P00533
1042,1115,P00533
1042,1091,P00533
1042,1021,P00533
1042,1074,P00533
1042,1009,P00533
1042,1094,P00533
1042,992,P00533
1042,1002,P00533
1042,991,P00533
1042,1018,P00533
1042,989,P00533
1042,1109,P00533
1042,978,P00533
1042,358,P00533
1042,361,P00533
1042,1090,P00533
1042,975,P00533
1042,1119,P00533
1042,1008,P00533
1042,1068,P00533
1042,993,P00533
1042,1088,P00533
1042,1081,P00533
1042,1046,P00533
1042,1026,P00533
1042,1114,P00533
1042,1049,P00533
1042,100,P00533
1042,1076,P00533
1042,1011,P00533
1042,1017,P00533
1042,976,P00533
1042,1065,P00533
1042,1020,P00533
1042,1003,P00533
1042,1027,P00533
1044,1000,P00533
1044,987,P00533
1044,1059,P00533
1044,1047,P00533
1044,1075,P00533
1044,1116,P00533
1044,1007,P00533
1044,1095,P00533
1044,1043,P00533
1044,1097,P00533
1044,1055,P00533
1044,1029,P00533
1044,359,P00533
1044,1024,P00533
1044,1087,P00533
1044,1115,P00533
1044,1091,P00533
1044,1021,P00533
1044,1074,P00533
1044,1009,P00533
1044,1094,P00533
1044,992,P00533
1044,1002,P00533
1044,991,P00533
1044,1018,P00533
1044,989,P00533
1044,1109,P00533
1044,978,P00533
1044,358,P00533
1044,361,P00533
1044,1090,P00533
1044,975,P00533
1044,1119,P00533
1044,1008,P00533
1044,1068,P00533
1044,993,P00533
1044,1088,P00533
1044,1081,P00533
1044,1046,P00533
1044,1026,P00533
1044,1114,P00533
1044,1049,P00533
1044,100,P00533
1044,1076,P00533
1044,1011,P00533
1044,1017,P00533
1044,976,P00533
1044,1065,P00533
1044,1020,P00533
1044,1003,P00533
1044,1027,P00533
1045,1000,P00533
1045,987,P00533
1045,1059,P00533
1045,1047,P00533
1045,1075,P00533
1045,1116,P00533
1045,1007,P00533
1045,1095,P00533
1045,1043,P00533
1045,1097,P00533
1045,1055,P00533
1045,1029,P00533
1045,359,P00533
1045,1024,P00533
1045,1087,P00533
1045,1115,P00533
1045,1091,P00533
1045,1021,P00533
1045,1074,P00533
1045,1009,P00533
1045,1094,P00533
1045,992,P00533
1045,1002,P00533
1045,991,P00533
1045,1018,P00533
1045,989,P00533
1045,1109,P00533
1045,978,P00533
1045,358,P00533
1045,361,P00533
1045,1090,P00533
1045,975,P00533
1045,1119,P00533
1045,1008,P00533
1045,1068,P00533
1045,993,P00533
1045,1088,P00533
1045,1081,P00533
1045,1046,P00533
1045,1026,P00533
1045,1114,P00533
1045,1049,P00533
1045,100,P00533
1045,1076,P00533
1045,1011,P00533
1045,1017,P00533
1045,976,P00533
1045,1065,P00533
1045,1020,P00533
1045,1003,P00533
1045,1027,P00533
1048,1000,P00533
1048,987,P00533
1048,1059,P00533
1048,1047,P00533
1048,1075,P00533
1048,1116,P00533
1048,1007,P00533
1048,1095,P00533
1048,1043,P00533
1048,1097,P00533
1048,1055,P00533
1048,1029,P00533
1048,359,P00533
1048,1024,P00533
1048,1087,P00533
1048,1115,P00533
1048,1091,P00533
1048,1021,P00533
1048,1074,P00533
1048,1009,P00533
1048,1094,P00533
1048,992,P00533
1048,1002,P00533
1048,991,P00533
1048,1018,P00533
1048,989,P00533
1048,1109,P00533
1048,978,P00533
1048,358,P00533
1048,361,P00533
1048,1090,P00533
1048,975,P00533
1048,1119,P00533
1048,1008,P00533
1048,1068,P00533
1048,993,P00533
1048,1088,P00533
1048,1081,P00533
1048,1046,P00533
1048,1026,P00533
1048,1114,P00533
1048,1049,P00533
1048,100,P00533
1048,1076,P00533
1048,1011,P00533
1048,1017,P00533
1048,976,P00533
1048,1065,P00533
1048,1020,P00533
1048,1003,P00533
1048,1027,P00533
1050,1000,P00533
1050,987,P00533
1050,1059,P00533
1050,1047,P00533
1050,1075,P00533
1050,1116,P00533
1050,1007,P00533
1050,1095,P00533
1050,1043,P00533
1050,1097,P00533
1050,1055,P00533
1050,1029,P00533
1050,359,P00533
1050,1024,P00533
1050,1087,P00533
1050,1115,P00533
1050,1091,P00533
1050,1021,P00533
1050,1074,P00533
1050,1009,P00533
1050,1094,P00533
1050,992,P00533
1050,1002,P00533
1050,991,P00533
1050,1018,P00533
1050,989,P00533
1050,1109,P00533
1050,978,P00533
1050,358,P00533
1050,361,P00533
1050,1090,P00533
1050,975,P00533
1050,1119,P00533
1050,1008,P00533
1050,1068,P00533
1050,993,P00533
1050,1088,P00533
1050,1081,P00533
1050,1046,P00533
1050,1026,P00533
1050,1114,P00533
1050,1049,P00533
1050,100,P00533
1050,1076,P00533
1050,1011,P00533
1050,1017,P00533
1050,976,P00533
1050,1065,P00533
1050,1020,P00533
1050,1003,P00533
1050,1027,P00533
1051,1000,P00533
1051,987,P00533
1051,1059,P00533
1051,1047,P00533
1051,1075,P00533
1051,1116,P00533
1051,1007,P00533
1051,1095,P00533
1051,1043,P00533
1051,1097,P00533
1051,1055,P00533
1051,1029,P00533
1051,359,P00533
1051,1024,P00533
1051,1087,P00533
1051,1115,P00533
1051,1091,P00533
1051,1021,P00533
1051,1074,P00533
1051,1009,P00533
1051,1094,P00533
1051,992,P00533
1051,1002,P00533
1051,991,P00533
1051,1018,P00533
1051,989,P00533
1051,1109,P00533
1051,978,P00533
1051,358,P00533
1051,361,P00533
1051,1090,P00533
1051,975,P00533
1051,1119,P00533
1051,1008,P00533
1051,1068,P00533
1051,993,P00533
1051,1088,P00533
1051,1081,P00533
1051,1046,P00533
1051,1026,P00533
1051,1114,P00533
1051,1049,P00533
1051,100,P00533
1051,1076,P00533
1051,1011,P00533
1051,1017,P00533
1051,976,P00533
1051,1065,P00533
1051,1020,P00533
1051,1003,P00533
1051,1027,P00533
1052,1000,P00533
1052,987,P00533
1052,1059,P00533
1052,1047,P00533
1052,1075,P00533
1052,1116,P00533
1052,1007,P00533
1052,1095,P00533
1052,1043,P00533
1052,1097,P00533
1052,1055,P00533
1052,1029,P00533
1052,359,P00533
1052,1024,P00533
1052,1087,P00533
1052,1115,P00533
1052,1091,P00533
1052,1021,P00533
1052,1074,P00533
1052,1009,P00533
1052,1094,P00533
1052,992,P00533
1052,1002,P00533
1052,991,P00533
1052,1018,P00533
1052,989,P00533
1052,1109,P00533
1052,978,P00533
1052,358,P00533
1052,361,P00533
1052,1090,P00533
1052,975,P00533
1052,1119,P00533
1052,1008,P00533
1052,1068,P00533
1052,993,P00533
1052,1088,P00533
1052,1081,P00533
1052,1046,P00533
1052,1026,P00533
1052,1114,P00533
1052,1049,P00533
1052,100,P00533
1052,1076,P00533
1052,1011,P00533
1052,1017,P00533
1052,976,P00533
1052,1065,P00533
1052,1020,P00533
1052,1003,P00533
1052,1027,P00533
1053,1000,P00533
1053,987,P00533
1053,1059,P00533
1053,1047,P00533
1053,1075,P00533
1053,1116,P00533
1053,1007,P00533
1053,1095,P00533
1053,1043,P00533
1053,1097,P00533
1053,1055,P00533
1053,1029,P00533
1053,359,P00533
1053,1024,P00533
1053,1087,P00533
1053,1115,P00533
1053,1091,P00533
1053,1021,P00533
1053,1074,P00533
1053,1009,P00533
1053,1094,P00533
1053,992,P00533
1053,1002,P00533
1053,991,P00533
1053,1018,P00533
1053,989,P00533
1053,1109,P00533
1053,978,P00533
1053,358,P00533
1053,361,P00533
1053,1090,P00533
1053,975,P00533
1053,1119,P00533
1053,1008,P00533
1053,1068,P00533
1053,993,P00533
1053,1088,P00533
1053,1081,P00533
1053,1046,P00533
1053,1026,P00533
1053,1114,P00533
1053,1049,P00533
1053,100,P00533
1053,1076,P00533
1053,1011,P00533
1053,1017,P00533
1053,976,P00533
1053,1065,P00533
1053,1020,P00533
1053,1003,P00533
1053,1027,P00533
1054,1000,P00533
1054,987,P00533
1054,1059,P00533
1054,1047,P00533
1054,1075,P00533
1054,1116,P00533
1054,1007,P00533
1054,1095,P00533
1054,1043,P00533
1054,1097,P00533
1054,1055,P00533
1054,1029,P00533
1054,359,P00533
1054,1024,P00533
1054,1087,P00533
1054,1115,P00533
1054,1091,P00533
1054,1021,P00533
1054,1074,P00533
1054,1009,P00533
1054,1094,P00533
1054,992,P00533
1054,1002,P00533
1054,991,P00533
1054,1018,P00533
1054,989,P00533
1054,1109,P00533
1054,978,P00533
1054,358,P00533
1054,361,P00533
1054,1090,P00533
1054,975,P00533
1054,1119,P00533
1054,1008,P00533
1054,1068,P00533
1054,993,P00533
1054,1088,P00533
1054,1081,P00533
1054,1046,P00533
1054,1026,P00533
1054,1114,P00533
1054,1049,P00533
1054,100,P00533
1054,1076,P00533
1054,1011,P00533
1054,1017,P00533
1054,976,P00533
1054,1065,P00533
1054,1020,P00533
1054,1003,P00533
1054,1027,P00533
1056,1000,P00533
1056,987,P00533
1056,1059,P00533
1056,1047,P00533
1056,1075,P00533
1056,1116,P00533
1056,1007,P00533
1056,1095,P00533
1056,1043,P00533
1056,1097,P00533
1056,1055,P00533
1056,1029,P00533
1056,359,P00533
1056,1024,P00533
1056,1087,P00533
1056,1115,P00533
1056,1091,P00533
1056,1021,P00533
1056,1074,P00533
1056,1009,P00533
1056,1094,P00533
1056,992,P00533
1056,1002,P00533
1056,991,P00533
1056,1018,P00533
1056,989,P00533
1056,1109,P00533
1056,978,P00533
1056,358,P00533
1056,361,P00533
1056,1090,P00533
1056,975,P00533
1056,1119,P00533
1056,1008,P00533
1056,1068,P00533
1056,993,P00533
1056,1088,P00533
1056,1081,P00533
1056,1046,P00533
1056,1026,P00533
1056,1114,P00533
1056,1049,P00533
1056,100,P00533
1056,1076,P00533
1056,1011,P00533
1056,1017,P00533
1056,976,P00533
1056,1065,P00533
1056,1020,P00533
1056,1003,P00533
1056,1027,P00533
1057,1000,P00533
1057,987,P00533
1057,1059,P00533
1057,1047,P00533
1057,1075,P00533
1057,1116,P00533
1057,1007,P00533
1057,1095,P00533
1057,1043,P00533
1057,1097,P00533
1057,1055,P00533
1057,1029,P00533
1057,359,P00533
1057,1024,P00533
1057,1087,P00533
1057,1115,P00533
1057,1091,P00533
1057,1021,P00533
1057,1074,P00533
1057,1009,P00533
1057,1094,P00533
1057,992,P00533
1057,1002,P00533
1057,991,P00533
1057,1018,P00533
1057,989,P00533
1057,1109,P00533
1057,978,P00533
1057,358,P00533
1057,361,P00533
1057,1090,P00533
1057,975,P00533
1057,1119,P00533
1057,1008,P00533
1057,1068,P00533
1057,993,P00533
1057,1088,P00533
1057,1081,P00533
1057,1046,P00533
1057,1026,P00533
1057,1114,P00533
1057,1049,P00533
1057,100,P00533
1057,1076,P00533
1057,1011,P00533
1057,1017,P00533
1057,976,P00533
1057,1065,P00533
1057,1020,P00533
1057,1003,P00533
1057,1027,P00533
1058,1000,P00533
1058,987,P00533
1058,1059,P00533
1058,1047,P00533
1058,1075,P00533
1058,1116,P00533
1058,1007,P00533
1058,1095,P00533
1058,1043,P00533
1058,1097,P00533
1058,1055,P00533
1058,1029,P00533
1058,359,P00533
1058,1024,P00533
1058,1087,P00533
1058,1115,P00533
1058,1091,P00533
1058,1021,P00533
1058,1074,P00533
1058,1009,P00533
1058,1094,P00533
1058,992,P00533
1058,1002,P00533
1058,991,P00533
1058,1018,P00533
1058,989,P00533
1058,1109,P00533
1058,978,P00533
1058,358,P00533
1058,361,P00533
1058,1090,P00533
1058,975,P00533
1058,1119,P00533
1058,1008,P00533
1058,1068,P00533
1058,993,P00533
1058,1088,P00533
1058,1081,P00533
1058,1046,P00533
1058,1026,P00533
1058,1114,P00533
1058,1049,P00533
1058,100,P00533
1058,1076,P00533
1058,1011,P00533
1058,1017,P00533
1058,976,P00533
1058,1065,P00533
1058,1020,P00533
1058,1003,P00533
1058,1027,P00533
1060,1000,P00533
1060,987,P00533
1060,1059,P00533
1060,1047,P00533
1060,1075,P00533
1060,1116,P00533
1060,1007,P00533
1060,1095,P00533
1060,1043,P00533
1060,1097,P00533
1060,1055,P00533
1060,1029,P00533
1060,359,P00533
1060,1024,P00533
1060,1087,P00533
1060,1115,P00533
1060,1091,P00533
1060,1021,P00533
1060,1074,P00533
1060,1009,P00533
1060,1094,P00533
1060,992,P00533
1060,1002,P00533
1060,991,P00533
1060,1018,P00533
1060,989,P00533
1060,1109,P00533
1060,978,P00533
1060,358,P00533
1060,361,P00533
1060,1090,P00533
1060,975,P00533
1060,1119,P00533
1060,1008,P00533
1060,1068,P00533
1060,993,P00533
1060,1088,P00533
1060,1081,P00533
1060,1046,P00533
1060,1026,P00533
1060,1114,P00533
1060,1049,P00533
1060,100,P00533
1060,1076,P00533
1060,1011,P00533
1060,1017,P00533
1060,976,P00533
1060,1065,P00533
1060,1020,P00533
1060,1003,P00533
1060,1027,P00533
1061,1000,P00533
1061,987,P00533
1061,1059,P00533
1061,1047,P00533
1061,1075,P00533
1061,1116,P00533
1061,1007,P00533
1061,1095,P00533
1061,1043,P00533
1061,1097,P00533
1061,1055,P00533
1061,1029,P00533
1061,359,P00533
1061,1024,P00533
1061,1087,P00533
1061,1115,P00533
1061,1091,P00533
1061,1021,P00533
1061,1074,P00533
1061,1009,P00533
1061,1094,P00533
1061,992,P00533
1061,1002,P00533
1061,991,P00533
1061,1018,P00533
1061,989,P00533
1061,1109,P00533
1061,978,P00533
1061,358,P00533
1061,361,P00533
1061,1090,P00533
1061,975,P00533
1061,1119,P00533
1061,1008,P00533
1061,1068,P00533
1061,993,P00533
1061,1088,P00533
1061,1081,P00533
1061,1046,P00533
1061,1026,P00533
1061,1114,P00533
1061,1049,P00533
1061,100,P00533
1061,1076,P00533
1061,1011,P00533
1061,1017,P00533
1061,976,P00533
1061,1065,P00533
1061,1020,P00533
1061,1003,P00533
1061,1027,P00533
1062,1000,P00533
1062,987,P00533
1062,1059,P00533
1062,1047,P00533
1062,1075,P00533
1062,1116,P00533
1062,1007,P00533
1062,1095,P00533
1062,1043,P00533
1062,1097,P00533
1062,1055,P00533
1062,1029,P00533
1062,359,P00533
1062,1024,P00533
1062,1087,P00533
1062,1115,P00533
1062,1091,P00533
1062,1021,P00533
1062,1074,P00533
1062,1009,P00533
1062,1094,P00533
1062,992,P00533
1062,1002,P00533
1062,991,P00533
1062,1018,P00533
1062,989,P00533
1062,1109,P00533
1062,978,P00533
1062,358,P00533
1062,361,P00533
1062,1090,P00533
1062,975,P00533
1062,1119,P00533
1062,1008,P00533
1062,1068,P00533
1062,993,P00533
1062,1088,P00533
1062,1081,P00533
1062,1046,P00533
1062,1026,P00533
1062,1114,P00533
1062,1049,P00533
1062,100,P00533
1062,1076,P00533
1062,1011,P00533
1062,1017,P00533
1062,976,P00533
1062,1065,P00533
1062,1020,P00533
1062,1003,P00533
1062,1027,P00533
1063,1000,P00533
1063,987,P00533
1063,1059,P00533
1063,1047,P00533
1063,1075,P00533
1063,1116,P00533
1063,1007,P00533
1063,1095,P00533
1063,1043,P00533
1063,1097,P00533
1063,1055,P00533
1063,1029,P00533
1063,359,P00533
1063,1024,P00533
1063,1087,P00533
1063,1115,P00533
1063,1091,P00533
1063,1021,P00533
1063,1074,P00533
1063,1009,P00533
1063,1094,P00533
1063,992,P00533
1063,1002,P00533
1063,991,P00533
1063,1018,P00533
1063,989,P00533
1063,1109,P00533
1063,978,P00533
1063,358,P00533
1063,361,P00533
1063,1090,P00533
1063,975,P00533
1063,1119,P00533
1063,1008,P00533
1063,1068,P00533
1063,993,P00533
1063,1088,P00533
1063,1081,P00533
1063,1046,P00533
1063,1026,P00533
1063,1114,P00533
1063,1049,P00533
1063,100,P00533
1063,1076,P00533
1063,1011,P00533
1063,1017,P00533
1063,976,P00533
1063,1065,P00533
1063,1020,P00533
1063,1003,P00533
1063,1027,P00533
1064,1000,P00533
1064,987,P00533
1064,1059,P00533
1064,1047,P00533
1064,1075,P00533
1064,1116,P00533
1064,1007,P00533
1064,1095,P00533
1064,1043,P00533
1064,1097,P00533
1064,1055,P00533
1064,1029,P00533
1064,359,P00533
1064,1024,P00533
1064,1087,P00533
1064,1115,P00533
1064,1091,P00533
1064,1021,P00533
1064,1074,P00533
1064,1009,P00533
1064,1094,P00533
1064,992,P00533
1064,1002,P00533
1064,991,P00533
1064,1018,P00533
1064,989,P00533
1064,1109,P00533
1064,978,P00533
1064,358,P00533
1064,361,P00533
1064,1090,P00533
1064,975,P00533
1064,1119,P00533
1064,1008,P00533
1064,1068,P00533
1064,993,P00533
1064,1088,P00533
1064,1081,P00533
1064,1046,P00533
1064,1026,P00533
1064,1114,P00533
1064,1049,P00533
1064,100,P00533
1064,1076,P00533
1064,1011,P00533
1064,1017,P00533
1064,976,P00533
1064,1065,P00533
1064,1020,P00533
1064,1003,P00533
1064,1027,P00533
1066,1000,P00533
1066,987,P00533
1066,1059,P00533
1066,1047,P00533
1066,1075,P00533
1066,1116,P00533
1066,1007,P00533
1066,1095,P00533
1066,1043,P00533
1066,1097,P00533
1066,1055,P00533
1066,1029,P00533
1066,359,P00533
1066,1024,P00533
1066,1087,P00533
1066,1115,P00533
1066,1091,P00533
1066,1021,P00533
1066,1074,P00533
1066,1009,P00533
1066,1094,P00533
1066,992,P00533
1066,1002,P00533
1066,991,P00533
1066,1018,P00533
1066,989,P00533
1066,1109,P00533
1066,978,P00533
1066,358,P00533
1066,361,P00533
1066,1090,P00533
1066,975,P00533
1066,1119,P00533
1066,1008,P00533
1066,1068,P00533
1066,993,P00533
1066,1088,P00533
1066,1081,P00533
1066,1046,P00533
1066,1026,P00533
1066,1114,P00533
1066,1049,P00533
1066,100,P00533
1066,1076,P00533
1066,1011,P00533
1066,1017,P00533
1066,976,P00533
1066,1065,P00533
1066,1020,P00533
1066,1003,P00533
1066,1027,P00533
1067,1000,P00533
1067,987,P00533
1067,1059,P00533
1067,1047,P00533
1067,1075,P00533
1067,1116,P00533
1067,1007,P00533
1067,1095,P00533
1067,1043,P00533
1067,1097,P00533
1067,1055,P00533
1067,1029,P00533
1067,359,P00533
1067,1024,P00533
1067,1087,P00533
1067,1115,P00533
1067,1091,P00533
1067,1021,P00533
1067,1074,P00533
1067,1009,P00533
1067,1094,P00533
1067,992,P00533
1067,1002,P00533
1067,991,P00533
1067,1018,P00533
1067,989,P00533
1067,1109,P00533
1067,978,P00533
1067,358,P00533
1067,361,P00533
1067,1090,P00533
1067,975,P00533
1067,1119,P00533
1067,1008,P00533
1067,1068,P00533
1067,993,P00533
1067,1088,P00533
1067,1081,P00533
1067,1046,P00533
1067,1026,P00533
1067,1114,P00533
1067,1049,P00533
1067,100,P00533
1067,1076,P00533
1067,1011,P00533
1067,1017,P00533
1067,976,P00533
1067,1065,P00533
1067,1020,P00533
1067,1003,P00533
1067,1027,P00533
1069,1000,P00533
1069,987,P00533
1069,1059,P00533
1069,1047,P00533
1069,1075,P00533
1069,1116,P00533
1069,1007,P00533
1069,1095,P00533
1069,1043,P00533
1069,1097,P00533
1069,1055,P00533
1069,1029,P00533
1069,359,P00533
1069,1024,P00533
1069,1087,P00533
1069,1115,P00533
1069,1091,P00533
1069,1021,P00533
1069,1074,P00533
1069,1009,P00533
1069,1094,P00533
1069,992,P00533
1069,1002,P00533
1069,991,P00533
1069,1018,P00533
1069,989,P00533
1069,1109,P00533
1069,978,P00533
1069,358,P00533
1069,361,P00533
1069,1090,P00533
1069,975,P00533
1069,1119,P00533
1069,1008,P00533
1069,1068,P00533
1069,993,P00533
1069,1088,P00533
1069,1081,P00533
1069,1046,P00533
1069,1026,P00533
1069,1114,P00533
1069,1049,P00533
1069,100,P00533
1069,1076,P00533
1069,1011,P00533
1069,1017,P00533
1069,976,P00533
1069,1065,P00533
1069,1020,P00533
1069,1003,P00533
1069,1027,P00533
1070,1000,P00533
1070,987,P00533
1070,1059,P00533
1070,1047,P00533
1070,1075,P00533
1070,1116,P00533
1070,1007,P00533
1070,1095,P00533
1070,1043,P00533
1070,1097,P00533
1070,1055,P00533
1070,1029,P00533
1070,359,P00533
1070,1024,P00533
1070,1087,P00533
1070,1115,P00533
1070,1091,P00533
1070,1021,P00533
1070,1074,P00533
1070,1009,P00533
1070,1094,P00533
1070,992,P00533
1070,1002,P00533
1070,991,P00533
1070,1018,P00533
1070,989,P00533
1070,1109,P00533
1070,978,P00533
1070,358,P00533
1070,361,P00533
1070,1090,P00533
1070,975,P00533
1070,1119,P00533
1070,1008,P00533
1070,1068,P00533
1070,993,P00533
1070,1088,P00533
1070,1081,P00533
1070,1046,P00533
1070,1026,P00533
1070,1114,P00533
1070,1049,P00533
1070,100,P00533
1070,1076,P00533
1070,1011,P00533
1070,1017,P00533
1070,976,P00533
1070,1065,P00533
1070,1020,P00533
1070,1003,P00533
1070,1027,P00533
1071,1000,P00533
1071,987,P00533
1071,1059,P00533
1071,1047,P00533
1071,1075,P00533
1071,1116,P00533
1071,1007,P00533
1071,1095,P00533
1071,1043,P00533
1071,1097,P00533
1071,1055,P00533
1071,1029,P00533
1071,359,P00533
1071,1024,P00533
1071,1087,P00533
1071,1115,P00533
1071,1091,P00533
1071,1021,P00533
1071,1074,P00533
1071,1009,P00533
1071,1094,P00533
1071,992,P00533
1071,1002,P00533
1071,991,P00533
1071,1018,P00533
1071,989,P00533
1071,1109,P00533
1071,978,P00533
1071,358,P00533
1071,361,P00533
1071,1090,P00533
1071,975,P00533
1071,1119,P00533
1071,1008,P00533
1071,1068,P00533
1071,993,P00533
1071,1088,P00533
1071,1081,P00533
1071,1046,P00533
1071,1026,P00533
1071,1114,P00533
1071,1049,P00533
1071,100,P00533
1071,1076,P00533
1071,1011,P00533
1071,1017,P00533
1071,976,P00533
1071,1065,P00533
1071,1020,P00533
1071,1003,P00533
1071,1027,P00533
1072,1000,P00533
1072,987,P00533
1072,1059,P00533
1072,1047,P00533
1072,1075,P00533
1072,1116,P00533
1072,1007,P00533
1072,1095,P00533
1072,1043,P00533
1072,1097,P00533
1072,1055,P00533
1072,1029,P00533
1072,359,P00533
1072,1024,P00533
1072,1087,P00533
1072,1115,P00533
1072,1091,P00533
1072,1021,P00533
1072,1074,P00533
1072,1009,P00533
1072,1094,P00533
1072,992,P00533
1072,1002,P00533
1072,991,P00533
1072,1018,P00533
1072,989,P00533
1072,1109,P00533
1072,978,P00533
1072,358,P00533
1072,361,P00533
1072,1090,P00533
1072,975,P00533
1072,1119,P00533
1072,1008,P00533
1072,1068,P00533
1072,993,P00533
1072,1088,P00533
1072,1081,P00533
1072,1046,P00533
1072,1026,P00533
1072,1114,P00533
1072,1049,P00533
1072,100,P00533
1072,1076,P00533
1072,1011,P00533
1072,1017,P00533
1072,976,P00533
1072,1065,P00533
1072,1020,P00533
1072,1003,P00533
1072,1027,P00533
1073,1000,P00533
1073,987,P00533
1073,1059,P00533
1073,1047,P00533
1073,1075,P00533
1073,1116,P00533
1073,1007,P00533
1073,1095,P00533
1073,1043,P00533
1073,1097,P00533
1073,1055,P00533
1073,1029,P00533
1073,359,P00533
1073,1024,P00533
1073,1087,P00533
1073,1115,P00533
1073,1091,P00533
1073,1021,P00533
1073,1074,P00533
1073,1009,P00533
1073,1094,P00533
1073,992,P00533
1073,1002,P00533
1073,991,P00533
1073,1018,P00533
1073,989,P00533
1073,1109,P00533
1073,978,P00533
1073,358,P00533
1073,361,P00533
1073,1090,P00533
1073,975,P00533
1073,1119,P00533
1073,1008,P00533
1073,1068,P00533
1073,993,P00533
1073,1088,P00533
1073,1081,P00533
1073,1046,P00533
1073,1026,P00533
1073,1114,P00533
1073,1049,P00533
1073,100,P00533
1073,1076,P00533
1073,1011,P00533
1073,1017,P00533
1073,976,P00533
1073,1065,P00533
1073,1020,P00533
1073,1003,P00533
1073,1027,P00533
1077,1000,P00533
1077,987,P00533
1077,1059,P00533
1077,1047,P00533
1077,1075,P00533
1077,1116,P00533
1077,1007,P00533
1077,1095,P00533
1077,1043,P00533
1077,1097,P00533
1077,1055,P00533
1077,1029,P00533
1077,359,P00533
1077,1024,P00533
1077,1087,P00533
1077,1115,P00533
1077,1091,P00533
1077,1021,P00533
1077,1074,P00533
1077,1009,P00533
1077,1094,P00533
1077,992,P00533
1077,1002,P00533
1077,991,P00533
1077,1018,P00533
1077,989,P00533
1077,1109,P00533
1077,978,P00533
1077,358,P00533
1077,361,P00533
1077,1090,P00533
1077,975,P00533
1077,1119,P00533
1077,1008,P00533
1077,1068,P00533
1077,993,P00533
1077,1088,P00533
1077,1081,P00533
1077,1046,P00533
1077,1026,P00533
1077,1114,P00533
1077,1049,P00533
1077,100,P00533
1077,1076,P00533
1077,1011,P00533
1077,1017,P00533
1077,976,P00533
1077,1065,P00533
1077,1020,P00533
1077,1003,P00533
1077,1027,P00533
1078,1000,P00533
1078,987,P00533
1078,1059,P00533
1078,1047,P00533
1078,1075,P00533
1078,1116,P00533
1078,1007,P00533
1078,1095,P00533
1078,1043,P00533
1078,1097,P00533
1078,1055,P00533
1078,1029,P00533
1078,359,P00533
1078,1024,P00533
1078,1087,P00533
1078,1115,P00533
1078,1091,P00533
1078,1021,P00533
1078,1074,P00533
1078,1009,P00533
1078,1094,P00533
1078,992,P00533
1078,1002,P00533
1078,991,P00533
1078,1018,P00533
1078,989,P00533
1078,1109,P00533
1078,978,P00533
1078,358,P00533
1078,361,P00533
1078,1090,P00533
1078,975,P00533
1078,1119,P00533
1078,1008,P00533
1078,1068,P00533
1078,993,P00533
1078,1088,P00533
1078,1081,P00533
1078,1046,P00533
1078,1026,P00533
1078,1114,P00533
1078,1049,P00533
1078,100,P00533
1078,1076,P00533
1078,1011,P00533
1078,1017,P00533
1078,976,P00533
1078,1065,P00533
1078,1020,P00533
1078,1003,P00533
1078,1027,P00533
1079,1000,P00533
1079,987,P00533
1079,1059,P00533
1079,1047,P00533
1079,1075,P00533
1079,1116,P00533
1079,1007,P00533
1079,1095,P00533
1079,1043,P00533
1079,1097,P00533
1079,1055,P00533
1079,1029,P00533
1079,359,P00533
1079,1024,P00533
1079,1087,P00533
1079,1115,P00533
1079,1091,P00533
1079,1021,P00533
1079,1074,P00533
1079,1009,P00533
1079,1094,P00533
1079,992,P00533
1079,1002,P00533
1079,991,P00533
1079,1018,P00533
1079,989,P00533
1079,1109,P00533
1079,978,P00533
1079,358,P00533
1079,361,P00533
1079,1090,P00533
1079,975,P00533
1079,1119,P00533
1079,1008,P00533
1079,1068,P00533
1079,993,P00533
1079,1088,P00533
1079,1081,P00533
1079,1046,P00533
1079,1026,P00533
1079,1114,P00533
1079,1049,P00533
1079,100,P00533
1079,1076,P00533
1079,1011,P00533
1079,1017,P00533
1079,976,P00533
1079,1065,P00533
1079,1020,P00533
1079,1003,P00533
1079,1027,P00533
1080,1000,P00533
1080,987,P00533
1080,1059,P00533
1080,1047,P00533
1080,1075,P00533
1080,1116,P00533
1080,1007,P00533
1080,1095,P00533
1080,1043,P00533
1080,1097,P00533
1080,1055,P00533
1080,1029,P00533
1080,359,P00533
1080,1024,P00533
1080,1087,P00533
1080,1115,P00533
1080,1091,P00533
1080,1021,P00533
1080,1074,P00533
1080,1009,P00533
1080,1094,P00533
1080,992,P00533
1080,1002,P00533
1080,991,P00533
1080,1018,P00533
1080,989,P00533
1080,1109,P00533
1080,978,P00533
1080,358,P00533
1080,361,P00533
1080,1090,P00533
1080,975,P00533
1080,1119,P00533
1080,1008,P00533
1080,1068,P00533
1080,993,P00533
1080,1088,P00533
1080,1081,P00533
1080,1046,P00533
1080,1026,P00533
1080,1114,P00533
1080,1049,P00533
1080,100,P00533
1080,1076,P00533
1080,1011,P00533
1080,1017,P00533
1080,976,P00533
1080,1065,P00533
1080,1020,P00533
1080,1003,P00533
1080,1027,P00533
1082,1000,P00533
1082,987,P00533
1082,1059,P00533
1082,1047,P00533
1082,1075,P00533
1082,1116,P00533
1082,1007,P00533
1082,1095,P00533
1082,1043,P00533
1082,1097,P00533
1082,1055,P00533
1082,1029,P00533
1082,359,P00533
1082,1024,P00533
1082,1087,P00533
1082,1115,P00533
1082,1091,P00533
1082,1021,P00533
1082,1074,P00533
1082,1009,P00533
1082,1094,P00533
1082,992,P00533
1082,1002,P00533
1082,991,P00533
1082,1018,P00533
1082,989,P00533
1082,1109,P00533
1082,978,P00533
1082,358,P00533
1082,361,P00533
1082,1090,P00533
1082,975,P00533
1082,1119,P00533
1082,1008,P00533
1082,1068,P00533
1082,993,P00533
1082,1088,P00533
1082,1081,P00533
1082,1046,P00533
1082,1026,P00533
1082,1114,P00533
1082,1049,P00533
1082,100,P00533
1082,1076,P00533
1082,1011,P00533
1082,1017,P00533
1082,976,P00533
1082,1065,P00533
1082,1020,P00533
1082,1003,P00533
1082,1027,P00533
1083,1000,P00533
1083,987,P00533
1083,1059,P00533
1083,1047,P00533
1083,1075,P00533
1083,1116,P00533
1083,1007,P00533
1083,1095,P00533
1083,1043,P00533
1083,1097,P00533
1083,1055,P00533
1083,1029,P00533
1083,359,P00533
1083,1024,P00533
1083,1087,P00533
1083,1115,P00533
1083,1091,P00533
1083,1021,P00533
1083,1074,P00533
1083,1009,P00533
1083,1094,P00533
1083,992,P00533
1083,1002,P00533
1083,991,P00533
1083,1018,P00533
1083,989,P00533
1083,1109,P00533
1083,978,P00533
1083,358,P00533
1083,361,P00533
1083,1090,P00533
1083,975,P00533
1083,1119,P00533
1083,1008,P00533
1083,1068,P00533
1083,993,P00533
1083,1088,P00533
1083,1081,P00533
1083,1046,P00533
1083,1026,P00533
1083,1114,P00533
1083,1049,P00533
1083,100,P00533
1083,1076,P00533
1083,1011,P00533
1083,1017,P00533
1083,976,P00533
1083,1065,P00533
1083,1020,P00533
1083,1003,P00533
1083,1027,P00533
1084,1000,P00533
1084,987,P00533
1084,1059,P00533
1084,1047,P00533
1084,1075,P00533
1084,1116,P00533
1084,1007,P00533
1084,1095,P00533
1084,1043,P00533
1084,1097,P00533
1084,1055,P00533
1084,1029,P00533
1084,359,P00533
1084,1024,P00533
1084,1087,P00533
1084,1115,P00533
1084,1091,P00533
1084,1021,P00533
1084,1074,P00533
1084,1009,P00533
1084,1094,P00533
1084,992,P00533
1084,1002,P00533
1084,991,P00533
1084,1018,P00533
1084,989,P00533
1084,1109,P00533
1084,978,P00533
1084,358,P00533
1084,361,P00533
1084,1090,P00533
1084,975,P00533
1084,1119,P00533
1084,1008,P00533
1084,1068,P00533
1084,993,P00533
1084,1088,P00533
1084,1081,P00533
1084,1046,P00533
1084,1026,P00533
1084,1114,P00533
1084,1049,P00533
1084,100,P00533
1084,1076,P00533
1084,1011,P00533
1084,1017,P00533
1084,976,P00533
1084,1065,P00533
1084,1020,P00533
1084,1003,P00533
1084,1027,P00533
1085,1000,P00533
1085,987,P00533
1085,1059,P00533
1085,1047,P00533
1085,1075,P00533
1085,1116,P00533
1085,1007,P00533
1085,1095,P00533
1085,1043,P00533
1085,1097,P00533
1085,1055,P00533
1085,1029,P00533
1085,359,P00533
1085,1024,P00533
1085,1087,P00533
1085,1115,P00533
1085,1091,P00533
1085,1021,P00533
1085,1074,P00533
1085,1009,P00533
1085,1094,P00533
1085,992,P00533
1085,1002,P00533
1085,991,P00533
1085,1018,P00533
1085,989,P00533
1085,1109,P00533
1085,978,P00533
1085,358,P00533
1085,361,P00533
1085,1090,P00533
1085,975,P00533
1085,1119,P00533
1085,1008,P00533
1085,1068,P00533
1085,993,P00533
1085,1088,P00533
1085,1081,P00533
1085,1046,P00533
1085,1026,P00533
1085,1114,P00533
1085,1049,P00533
1085,100,P00533
1085,1076,P00533
1085,1011,P00533
1085,1017,P00533
1085,976,P00533
1085,1065,P00533
1085,1020,P00533
1085,1003,P00533
1085,1027,P00533
1086,1000,P00533
1086,987,P00533
1086,1059,P00533
1086,1047,P00533
1086,1075,P00533
1086,1116,P00533
1086,1007,P00533
1086,1095,P00533
1086,1043,P00533
1086,1097,P00533
1086,1055,P00533
1086,1029,P00533
1086,359,P00533
1086,1024,P00533
1086,1087,P00533
1086,1115,P00533
1086,1091,P00533
1086,1021,P00533
1086,1074,P00533
1086,1009,P00533
1086,1094,P00533
1086,992,P00533
1086,1002,P00533
1086,991,P00533
1086,1018,P00533
1086,989,P00533
1086,1109,P00533
1086,978,P00533
1086,358,P00533
1086,361,P00533
1086,1090,P00533
1086,975,P00533
1086,1119,P00533
1086,1008,P00533
1086,1068,P00533
1086,993,P00533
1086,1088,P00533
1086,1081,P00533
1086,1046,P00533
1086,1026,P00533
1086,1114,P00533
1086,1049,P00533
1086,100,P00533
1086,1076,P00533
1086,1011,P00533
1086,1017,P00533
1086,976,P00533
1086,1065,P00533
1086,1020,P00533
1086,1003,P00533
1086,1027,P00533
3157,1000,P00533
3157,987,P00533
3157,1059,P00533
3157,1047,P00533
3157,1075,P00533
3157,1116,P00533
3157,1007,P00533
3157,1095,P00533
3157,1043,P00533
3157,1097,P00533
3157,1055,P00533
3157,1029,P00533
3157,359,P00533
3157,1024,P00533
3157,1087,P00533
3157,1115,P00533
3157,1091,P00533
3157,1021,P00533
3157,1074,P00533
3157,1009,P00533
3157,1094,P00533
3157,992,P00533
3157,1002,P00533
3157,991,P00533
3157,1018,P00533
3157,989,P00533
3157,1109,P00533
3157,978,P00533
3157,358,P00533
3157,361,P00533
3157,1090,P00533
3157,975,P00533
3157,1119,P00533
3157,1008,P00533
3157,1068,P00533
3157,993,P00533
3157,1088,P00533
3157,1081,P00533
3157,1046,P00533
3157,1026,P00533
3157,1114,P00533
3157,1049,P00533
3157,100,P00533
3157,1076,P00533
3157,1011,P00533
3157,1017,P00533
3157,976,P00533
3157,1065,P00533
3157,1020,P00533
3157,1003,P00533
3157,1027,P00533
1089,1000,P00533
1089,987,P00533
1089,1059,P00533
1089,1047,P00533
1089,1075,P00533
1089,1116,P00533
1089,1007,P00533
1089,1095,P00533
1089,1043,P00533
1089,1097,P00533
1089,1055,P00533
1089,1029,P00533
1089,359,P00533
1089,1024,P00533
1089,1087,P00533
1089,1115,P00533
1089,1091,P00533
1089,1021,P00533
1089,1074,P00533
1089,1009,P00533
1089,1094,P00533
1089,992,P00533
1089,1002,P00533
1089,991,P00533
1089,1018,P00533
1089,989,P00533
1089,1109,P00533
1089,978,P00533
1089,358,P00533
1089,361,P00533
1089,1090,P00533
1089,975,P00533
1089,1119,P00533
1089,1008,P00533
1089,1068,P00533
1089,993,P00533
1089,1088,P00533
1089,1081,P00533
1089,1046,P00533
1089,1026,P00533
1089,1114,P00533
1089,1049,P00533
1089,100,P00533
1089,1076,P00533
1089,1011,P00533
1089,1017,P00533
1089,976,P00533
1089,1065,P00533
1089,1020,P00533
1089,1003,P00533
1089,1027,P00533
1092,1000,P00533
1092,987,P00533
1092,1059,P00533
1092,1047,P00533
1092,1075,P00533
1092,1116,P00533
1092,1007,P00533
1092,1095,P00533
1092,1043,P00533
1092,1097,P00533
1092,1055,P00533
1092,1029,P00533
1092,359,P00533
1092,1024,P00533
1092,1087,P00533
1092,1115,P00533
1092,1091,P00533
1092,1021,P00533
1092,1074,P00533
1092,1009,P00533
1092,1094,P00533
1092,992,P00533
1092,1002,P00533
1092,991,P00533
1092,1018,P00533
1092,989,P00533
1092,1109,P00533
1092,978,P00533
1092,358,P00533
1092,361,P00533
1092,1090,P00533
1092,975,P00533
1092,1119,P00533
1092,1008,P00533
1092,1068,P00533
1092,993,P00533
1092,1088,P00533
1092,1081,P00533
1092,1046,P00533
1092,1026,P00533
1092,1114,P00533
1092,1049,P00533
1092,100,P00533
1092,1076,P00533
1092,1011,P00533
1092,1017,P00533
1092,976,P00533
1092,1065,P00533
1092,1020,P00533
1092,1003,P00533
1092,1027,P00533
1093,1000,P00533
1093,987,P00533
1093,1059,P00533
1093,1047,P00533
1093,1075,P00533
1093,1116,P00533
1093,1007,P00533
1093,1095,P00533
1093,1043,P00533
1093,1097,P00533
1093,1055,P00533
1093,1029,P00533
1093,359,P00533
1093,1024,P00533
1093,1087,P00533
1093,1115,P00533
1093,1091,P00533
1093,1021,P00533
1093,1074,P00533
1093,1009,P00533
1093,1094,P00533
1093,992,P00533
1093,1002,P00533
1093,991,P00533
1093,1018,P00533
1093,989,P00533
1093,1109,P00533
1093,978,P00533
1093,358,P00533
1093,361,P00533
1093,1090,P00533
1093,975,P00533
1093,1119,P00533
1093,1008,P00533
1093,1068,P00533
1093,993,P00533
1093,1088,P00533
1093,1081,P00533
1093,1046,P00533
1093,1026,P00533
1093,1114,P00533
1093,1049,P00533
1093,100,P00533
1093,1076,P00533
1093,1011,P00533
1093,1017,P00533
1093,976,P00533
1093,1065,P00533
1093,1020,P00533
1093,1003,P00533
1093,1027,P00533
1096,1000,P00533
1096,987,P00533
1096,1059,P00533
1096,1047,P00533
1096,1075,P00533
1096,1116,P00533
1096,1007,P00533
1096,1095,P00533
1096,1043,P00533
1096,1097,P00533
1096,1055,P00533
1096,1029,P00533
1096,359,P00533
1096,1024,P00533
1096,1087,P00533
1096,1115,P00533
1096,1091,P00533
1096,1021,P00533
1096,1074,P00533
1096,1009,P00533
1096,1094,P00533
1096,992,P00533
1096,1002,P00533
1096,991,P00533
1096,1018,P00533
1096,989,P00533
1096,1109,P00533
1096,978,P00533
1096,358,P00533
1096,361,P00533
1096,1090,P00533
1096,975,P00533
1096,1119,P00533
1096,1008,P00533
1096,1068,P00533
1096,993,P00533
1096,1088,P00533
1096,1081,P00533
1096,1046,P00533
1096,1026,P00533
1096,1114,P00533
1096,1049,P00533
1096,100,P00533
1096,1076,P00533
1096,1011,P00533
1096,1017,P00533
1096,976,P00533
1096,1065,P00533
1096,1020,P00533
1096,1003,P00533
1096,1027,P00533
1098,1000,P00533
1098,987,P00533
1098,1059,P00533
1098,1047,P00533
1098,1075,P00533
1098,1116,P00533
1098,1007,P00533
1098,1095,P00533
1098,1043,P00533
1098,1097,P00533
1098,1055,P00533
1098,1029,P00533
1098,359,P00533
1098,1024,P00533
1098,1087,P00533
1098,1115,P00533
1098,1091,P00533
1098,1021,P00533
1098,1074,P00533
1098,1009,P00533
1098,1094,P00533
1098,992,P00533
1098,1002,P00533
1098,991,P00533
1098,1018,P00533
1098,989,P00533
1098,1109,P00533
1098,978,P00533
1098,358,P00533
1098,361,P00533
1098,1090,P00533
1098,975,P00533
1098,1119,P00533
1098,1008,P00533
1098,1068,P00533
1098,993,P00533
1098,1088,P00533
1098,1081,P00533
1098,1046,P00533
1098,1026,P00533
1098,1114,P00533
1098,1049,P00533
1098,100,P00533
1098,1076,P00533
1098,1011,P00533
1098,1017,P00533
1098,976,P00533
1098,1065,P00533
1098,1020,P00533
1098,1003,P00533
1098,1027,P00533
1099,1000,P00533
1099,987,P00533
1099,1059,P00533
1099,1047,P00533
1099,1075,P00533
1099,1116,P00533
1099,1007,P00533
1099,1095,P00533
1099,1043,P00533
1099,1097,P00533
1099,1055,P00533
1099,1029,P00533
1099,359,P00533
1099,1024,P00533
1099,1087,P00533
1099,1115,P00533
1099,1091,P00533
1099,1021,P00533
1099,1074,P00533
1099,1009,P00533
1099,1094,P00533
1099,992,P00533
1099,1002,P00533
1099,991,P00533
1099,1018,P00533
1099,989,P00533
1099,1109,P00533
1099,978,P00533
1099,358,P00533
1099,361,P00533
1099,1090,P00533
1099,975,P00533
1099,1119,P00533
1099,1008,P00533
1099,1068,P00533
1099,993,P00533
1099,1088,P00533
1099,1081,P00533
1099,1046,P00533
1099,1026,P00533
1099,1114,P00533
1099,1049,P00533
1099,100,P00533
1099,1076,P00533
1099,1011,P00533
1099,1017,P00533
1099,976,P00533
1099,1065,P00533
1099,1020,P00533
1099,1003,P00533
1099,1027,P00533
1100,1000,P00533
1100,987,P00533
1100,1059,P00533
1100,1047,P00533
1100,1075,P00533
1100,1116,P00533
1100,1007,P00533
1100,1095,P00533
1100,1043,P00533
1100,1097,P00533
1100,1055,P00533
1100,1029,P00533
1100,359,P00533
1100,1024,P00533
1100,1087,P00533
1100,1115,P00533
1100,1091,P00533
1100,1021,P00533
1100,1074,P00533
1100,1009,P00533
1100,1094,P00533
1100,992,P00533
1100,1002,P00533
1100,991,P00533
1100,1018,P00533
1100,989,P00533
1100,1109,P00533
1100,978,P00533
1100,358,P00533
1100,361,P00533
1100,1090,P00533
1100,975,P00533
1100,1119,P00533
1100,1008,P00533
1100,1068,P00533
1100,993,P00533
1100,1088,P00533
1100,1081,P00533
1100,1046,P00533
1100,1026,P00533
1100,1114,P00533
1100,1049,P00533
1100,100,P00533
1100,1076,P00533
1100,1011,P00533
1100,1017,P00533
1100,976,P00533
1100,1065,P00533
1100,1020,P00533
1100,1003,P00533
1100,1027,P00533
1101,1000,P00533
1101,987,P00533
1101,1059,P00533
1101,1047,P00533
1101,1075,P00533
1101,1116,P00533
1101,1007,P00533
1101,1095,P00533
1101,1043,P00533
1101,1097,P00533
1101,1055,P00533
1101,1029,P00533
1101,359,P00533
1101,1024,P00533
1101,1087,P00533
1101,1115,P00533
1101,1091,P00533
1101,1021,P00533
1101,1074,P00533
1101,1009,P00533
1101,1094,P00533
1101,992,P00533
1101,1002,P00533
1101,991,P00533
1101,1018,P00533
1101,989,P00533
1101,1109,P00533
1101,978,P00533
1101,358,P00533
1101,361,P00533
1101,1090,P00533
1101,975,P00533
1101,1119,P00533
1101,1008,P00533
1101,1068,P00533
1101,993,P00533
1101,1088,P00533
1101,1081,P00533
1101,1046,P00533
1101,1026,P00533
1101,1114,P00533
1101,1049,P00533
1101,100,P00533
1101,1076,P00533
1101,1011,P00533
1101,1017,P00533
1101,976,P00533
1101,1065,P00533
1101,1020,P00533
1101,1003,P00533
1101,1027,P00533
1102,1000,P00533
1102,987,P00533
1102,1059,P00533
1102,1047,P00533
1102,1075,P00533
1102,1116,P00533
1102,1007,P00533
1102,1095,P00533
1102,1043,P00533
1102,1097,P00533
1102,1055,P00533
1102,1029,P00533
1102,359,P00533
1102,1024,P00533
1102,1087,P00533
1102,1115,P00533
1102,1091,P00533
1102,1021,P00533
1102,1074,P00533
1102,1009,P00533
1102,1094,P00533
1102,992,P00533
1102,1002,P00533
1102,991,P00533
1102,1018,P00533
1102,989,P00533
1102,1109,P00533
1102,978,P00533
1102,358,P00533
1102,361,P00533
1102,1090,P00533
1102,975,P00533
1102,1119,P00533
1102,1008,P00533
1102,1068,P00533
1102,993,P00533
1102,1088,P00533
1102,1081,P00533
1102,1046,P00533
1102,1026,P00533
1102,1114,P00533
1102,1049,P00533
1102,100,P00533
1102,1076,P00533
1102,1011,P00533
1102,1017,P00533
1102,976,P00533
1102,1065,P00533
1102,1020,P00533
1102,1003,P00533
1102,1027,P00533
1103,1000,P00533
1103,987,P00533
1103,1059,P00533
1103,1047,P00533
1103,1075,P00533
1103,1116,P00533
1103,1007,P00533
1103,1095,P00533
1103,1043,P00533
1103,1097,P00533
1103,1055,P00533
1103,1029,P00533
1103,359,P00533
1103,1024,P00533
1103,1087,P00533
1103,1115,P00533
1103,1091,P00533
1103,1021,P00533
1103,1074,P00533
1103,1009,P00533
1103,1094,P00533
1103,992,P00533
1103,1002,P00533
1103,991,P00533
1103,1018,P00533
1103,989,P00533
1103,1109,P00533
1103,978,P00533
1103,358,P00533
1103,361,P00533
1103,1090,P00533
1103,975,P00533
1103,1119,P00533
1103,1008,P00533
1103,1068,P00533
1103,993,P00533
1103,1088,P00533
1103,1081,P00533
1103,1046,P00533
1103,1026,P00533
1103,1114,P00533
1103,1049,P00533
1103,100,P00533
1103,1076,P00533
1103,1011,P00533
1103,1017,P00533
1103,976,P00533
1103,1065,P00533
1103,1020,P00533
1103,1003,P00533
1103,1027,P00533
1104,1000,P00533
1104,987,P00533
1104,1059,P00533
1104,1047,P00533
1104,1075,P00533
1104,1116,P00533
1104,1007,P00533
1104,1095,P00533
1104,1043,P00533
1104,1097,P00533
1104,1055,P00533
1104,1029,P00533
1104,359,P00533
1104,1024,P00533
1104,1087,P00533
1104,1115,P00533
1104,1091,P00533
1104,1021,P00533
1104,1074,P00533
1104,1009,P00533
1104,1094,P00533
1104,992,P00533
1104,1002,P00533
1104,991,P00533
1104,1018,P00533
1104,989,P00533
1104,1109,P00533
1104,978,P00533
1104,358,P00533
1104,361,P00533
1104,1090,P00533
1104,975,P00533
1104,1119,P00533
1104,1008,P00533
1104,1068,P00533
1104,993,P00533
1104,1088,P00533
1104,1081,P00533
1104,1046,P00533
1104,1026,P00533
1104,1114,P00533
1104,1049,P00533
1104,100,P00533
1104,1076,P00533
1104,1011,P00533
1104,1017,P00533
1104,976,P00533
1104,1065,P00533
1104,1020,P00533
1104,1003,P00533
1104,1027,P00533
1105,1000,P00533
1105,987,P00533
1105,1059,P00533
1105,1047,P00533
1105,1075,P00533
1105,1116,P00533
1105,1007,P00533
1105,1095,P00533
1105,1043,P00533
1105,1097,P00533
1105,1055,P00533
1105,1029,P00533
1105,359,P00533
1105,1024,P00533
1105,1087,P00533
1105,1115,P00533
1105,1091,P00533
1105,1021,P00533
1105,1074,P00533
1105,1009,P00533
1105,1094,P00533
1105,992,P00533
1105,1002,P00533
1105,991,P00533
1105,1018,P00533
1105,989,P00533
1105,1109,P00533
1105,978,P00533
1105,358,P00533
1105,361,P00533
1105,1090,P00533
1105,975,P00533
1105,1119,P00533
1105,1008,P00533
1105,1068,P00533
1105,993,P00533
1105,1088,P00533
1105,1081,P00533
1105,1046,P00533
1105,1026,P00533
1105,1114,P00533
1105,1049,P00533
1105,100,P00533
1105,1076,P00533
1105,1011,P00533
1105,1017,P00533
1105,976,P00533
1105,1065,P00533
1105,1020,P00533
1105,1003,P00533
1105,1027,P00533
1106,1000,P00533
1106,987,P00533
1106,1059,P00533
1106,1047,P00533
1106,1075,P00533
1106,1116,P00533
1106,1007,P00533
1106,1095,P00533
1106,1043,P00533
1106,1097,P00533
1106,1055,P00533
1106,1029,P00533
1106,359,P00533
1106,1024,P00533
1106,1087,P00533
1106,1115,P00533
1106,1091,P00533
1106,1021,P00533
1106,1074,P00533
1106,1009,P00533
1106,1094,P00533
1106,992,P00533
1106,1002,P00533
1106,991,P00533
1106,1018,P00533
1106,989,P00533
1106,1109,P00533
1106,978,P00533
1106,358,P00533
1106,361,P00533
1106,1090,P00533
1106,975,P00533
1106,1119,P00533
1106,1008,P00533
1106,1068,P00533
1106,993,P00533
1106,1088,P00533
1106,1081,P00533
1106,1046,P00533
1106,1026,P00533
1106,1114,P00533
1106,1049,P00533
1106,100,P00533
1106,1076,P00533
1106,1011,P00533
1106,1017,P00533
1106,976,P00533
1106,1065,P00533
1106,1020,P00533
1106,1003,P00533
1106,1027,P00533
1107,1000,P00533
1107,987,P00533
1107,1059,P00533
1107,1047,P00533
1107,1075,P00533
1107,1116,P00533
1107,1007,P00533
1107,1095,P00533
1107,1043,P00533
1107,1097,P00533
1107,1055,P00533
1107,1029,P00533
1107,359,P00533
1107,1024,P00533
1107,1087,P00533
1107,1115,P00533
1107,1091,P00533
1107,1021,P00533
1107,1074,P00533
1107,1009,P00533
1107,1094,P00533
1107,992,P00533
1107,1002,P00533
1107,991,P00533
1107,1018,P00533
1107,989,P00533
1107,1109,P00533
1107,978,P00533
1107,358,P00533
1107,361,P00533
1107,1090,P00533
1107,975,P00533
1107,1119,P00533
1107,1008,P00533
1107,1068,P00533
1107,993,P00533
1107,1088,P00533
1107,1081,P00533
1107,1046,P00533
1107,1026,P00533
1107,1114,P00533
1107,1049,P00533
1107,100,P00533
1107,1076,P00533
1107,1011,P00533
1107,1017,P00533
1107,976,P00533
1107,1065,P00533
1107,1020,P00533
1107,1003,P00533
1107,1027,P00533
1108,1000,P00533
1108,987,P00533
1108,1059,P00533
1108,1047,P00533
1108,1075,P00533
1108,1116,P00533
1108,1007,P00533
1108,1095,P00533
1108,1043,P00533
1108,1097,P00533
1108,1055,P00533
1108,1029,P00533
1108,359,P00533
1108,1024,P00533
1108,1087,P00533
1108,1115,P00533
1108,1091,P00533
1108,1021,P00533
1108,1074,P00533
1108,1009,P00533
1108,1094,P00533
1108,992,P00533
1108,1002,P00533
1108,991,P00533
1108,1018,P00533
1108,989,P00533
1108,1109,P00533
1108,978,P00533
1108,358,P00533
1108,361,P00533
1108,1090,P00533
1108,975,P00533
1108,1119,P00533
1108,1008,P00533
1108,1068,P00533
1108,993,P00533
1108,1088,P00533
1108,1081,P00533
1108,1046,P00533
1108,1026,P00533
1108,1114,P00533
1108,1049,P00533
1108,100,P00533
1108,1076,P00533
1108,1011,P00533
1108,1017,P00533
1108,976,P00533
1108,1065,P00533
1108,1020,P00533
1108,1003,P00533
1108,1027,P00533
3156,1000,P00533
3156,987,P00533
3156,1059,P00533
3156,1047,P00533
3156,1075,P00533
3156,1116,P00533
3156,1007,P00533
3156,1095,P00533
3156,1043,P00533
3156,1097,P00533
3156,1055,P00533
3156,1029,P00533
3156,359,P00533
3156,1024,P00533
3156,1087,P00533
3156,1115,P00533
3156,1091,P00533
3156,1021,P00533
3156,1074,P00533
3156,1009,P00533
3156,1094,P00533
3156,992,P00533
3156,1002,P00533
3156,991,P00533
3156,1018,P00533
3156,989,P00533
3156,1109,P00533
3156,978,P00533
3156,358,P00533
3156,361,P00533
3156,1090,P00533
3156,975,P00533
3156,1119,P00533
3156,1008,P00533
3156,1068,P00533
3156,993,P00533
3156,1088,P00533
3156,1081,P00533
3156,1046,P00533
3156,1026,P00533
3156,1114,P00533
3156,1049,P00533
3156,100,P00533
3156,1076,P00533
3156,1011,P00533
3156,1017,P00533
3156,976,P00533
3156,1065,P00533
3156,1020,P00533
3156,1003,P00533
3156,1027,P00533
1110,1000,P00533
1110,987,P00533
1110,1059,P00533
1110,1047,P00533
1110,1075,P00533
1110,1116,P00533
1110,1007,P00533
1110,1095,P00533
1110,1043,P00533
1110,1097,P00533
1110,1055,P00533
1110,1029,P00533
1110,359,P00533
1110,1024,P00533
1110,1087,P00533
1110,1115,P00533
1110,1091,P00533
1110,1021,P00533
1110,1074,P00533
1110,1009,P00533
1110,1094,P00533
1110,992,P00533
1110,1002,P00533
1110,991,P00533
1110,1018,P00533
1110,989,P00533
1110,1109,P00533
1110,978,P00533
1110,358,P00533
1110,361,P00533
1110,1090,P00533
1110,975,P00533
1110,1119,P00533
1110,1008,P00533
1110,1068,P00533
1110,993,P00533
1110,1088,P00533
1110,1081,P00533
1110,1046,P00533
1110,1026,P00533
1110,1114,P00533
1110,1049,P00533
1110,100,P00533
1110,1076,P00533
1110,1011,P00533
1110,1017,P00533
1110,976,P00533
1110,1065,P00533
1110,1020,P00533
1110,1003,P00533
1110,1027,P00533
1111,1000,P00533
1111,987,P00533
1111,1059,P00533
1111,1047,P00533
1111,1075,P00533
1111,1116,P00533
1111,1007,P00533
1111,1095,P00533
1111,1043,P00533
1111,1097,P00533
1111,1055,P00533
1111,1029,P00533
1111,359,P00533
1111,1024,P00533
1111,1087,P00533
1111,1115,P00533
1111,1091,P00533
1111,1021,P00533
1111,1074,P00533
1111,1009,P00533
1111,1094,P00533
1111,992,P00533
1111,1002,P00533
1111,991,P00533
1111,1018,P00533
1111,989,P00533
1111,1109,P00533
1111,978,P00533
1111,358,P00533
1111,361,P00533
1111,1090,P00533
1111,975,P00533
1111,1119,P00533
1111,1008,P00533
1111,1068,P00533
1111,993,P00533
1111,1088,P00533
1111,1081,P00533
1111,1046,P00533
1111,1026,P00533
1111,1114,P00533
1111,1049,P00533
1111,100,P00533
1111,1076,P00533
1111,1011,P00533
1111,1017,P00533
1111,976,P00533
1111,1065,P00533
1111,1020,P00533
1111,1003,P00533
1111,1027,P00533
1112,1000,P00533
1112,987,P00533
1112,1059,P00533
1112,1047,P00533
1112,1075,P00533
1112,1116,P00533
1112,1007,P00533
1112,1095,P00533
1112,1043,P00533
1112,1097,P00533
1112,1055,P00533
1112,1029,P00533
1112,359,P00533
1112,1024,P00533
1112,1087,P00533
1112,1115,P00533
1112,1091,P00533
1112,1021,P00533
1112,1074,P00533
1112,1009,P00533
1112,1094,P00533
1112,992,P00533
1112,1002,P00533
1112,991,P00533
1112,1018,P00533
1112,989,P00533
1112,1109,P00533
1112,978,P00533
1112,358,P00533
1112,361,P00533
1112,1090,P00533
1112,975,P00533
1112,1119,P00533
1112,1008,P00533
1112,1068,P00533
1112,993,P00533
1112,1088,P00533
1112,1081,P00533
1112,1046,P00533
1112,1026,P00533
1112,1114,P00533
1112,1049,P00533
1112,100,P00533
1112,1076,P00533
1112,1011,P00533
1112,1017,P00533
1112,976,P00533
1112,1065,P00533
1112,1020,P00533
1112,1003,P00533
1112,1027,P00533
1113,1000,P00533
1113,987,P00533
1113,1059,P00533
1113,1047,P00533
1113,1075,P00533
1113,1116,P00533
1113,1007,P00533
1113,1095,P00533
1113,1043,P00533
1113,1097,P00533
1113,1055,P00533
1113,1029,P00533
1113,359,P00533
1113,1024,P00533
1113,1087,P00533
1113,1115,P00533
1113,1091,P00533
1113,1021,P00533
1113,1074,P00533
1113,1009,P00533
1113,1094,P00533
1113,992,P00533
1113,1002,P00533
1113,991,P00533
1113,1018,P00533
1113,989,P00533
1113,1109,P00533
1113,978,P00533
1113,358,P00533
1113,361,P00533
1113,1090,P00533
1113,975,P00533
1113,1119,P00533
1113,1008,P00533
1113,1068,P00533
1113,993,P00533
1113,1088,P00533
1113,1081,P00533
1113,1046,P00533
1113,1026,P00533
1113,1114,P00533
1113,1049,P00533
1113,100,P00533
1113,1076,P00533
1113,1011,P00533
1113,1017,P00533
1113,976,P00533
1113,1065,P00533
1113,1020,P00533
1113,1003,P00533
1113,1027,P00533
3158,1000,P00533
3158,987,P00533
3158,1059,P00533
3158,1047,P00533
3158,1075,P00533
3158,1116,P00533
3158,1007,P00533
3158,1095,P00533
3158,1043,P00533
3158,1097,P00533
3158,1055,P00533
3158,1029,P00533
3158,359,P00533
3158,1024,P00533
3158,1087,P00533
3158,1115,P00533
3158,1091,P00533
3158,1021,P00533
3158,1074,P00533
3158,1009,P00533
3158,1094,P00533
3158,992,P00533
3158,1002,P00533
3158,991,P00533
3158,1018,P00533
3158,989,P00533
3158,1109,P00533
3158,978,P00533
3158,358,P00533
3158,361,P00533
3158,1090,P00533
3158,975,P00533
3158,1119,P00533
3158,1008,P00533
3158,1068,P00533
3158,993,P00533
3158,1088,P00533
3158,1081,P00533
3158,1046,P00533
3158,1026,P00533
3158,1114,P00533
3158,1049,P00533
3158,100,P00533
3158,1076,P00533
3158,1011,P00533
3158,1017,P00533
3158,976,P00533
3158,1065,P00533
3158,1020,P00533
3158,1003,P00533
3158,1027,P00533
3159,1000,P00533
3159,987,P00533
3159,1059,P00533
3159,1047,P00533
3159,1075,P00533
3159,1116,P00533
3159,1007,P00533
3159,1095,P00533
3159,1043,P00533
3159,1097,P00533
3159,1055,P00533
3159,1029,P00533
3159,359,P00533
3159,1024,P00533
3159,1087,P00533
3159,1115,P00533
3159,1091,P00533
3159,1021,P00533
3159,1074,P00533
3159,1009,P00533
3159,1094,P00533
3159,992,P00533
3159,1002,P00533
3159,991,P00533
3159,1018,P00533
3159,989,P00533
3159,1109,P00533
3159,978,P00533
3159,358,P00533
3159,361,P00533
3159,1090,P00533
3159,975,P00533
3159,1119,P00533
3159,1008,P00533
3159,1068,P00533
3159,993,P00533
3159,1088,P00533
3159,1081,P00533
3159,1046,P00533
3159,1026,P00533
3159,1114,P00533
3159,1049,P00533
3159,100,P00533
3159,1076,P00533
3159,1011,P00533
3159,1017,P00533
3159,976,P00533
3159,1065,P00533
3159,1020,P00533
3159,1003,P00533
3159,1027,P00533
3160,1000,P00533
3160,987,P00533
3160,1059,P00533
3160,1047,P00533
3160,1075,P00533
3160,1116,P00533
3160,1007,P00533
3160,1095,P00533
3160,1043,P00533
3160,1097,P00533
3160,1055,P00533
3160,1029,P00533
3160,359,P00533
3160,1024,P00533
3160,1087,P00533
3160,1115,P00533
3160,1091,P00533
3160,1021,P00533
3160,1074,P00533
3160,1009,P00533
3160,1094,P00533
3160,992,P00533
3160,1002,P00533
3160,991,P00533
3160,1018,P00533
3160,989,P00533
3160,1109,P00533
3160,978,P00533
3160,358,P00533
3160,361,P00533
3160,1090,P00533
3160,975,P00533
3160,1119,P00533
3160,1008,P00533
3160,1068,P00533
3160,993,P00533
3160,1088,P00533
3160,1081,P00533
3160,1046,P00533
3160,1026,P00533
3160,1114,P00533
3160,1049,P00533
3160,100,P00533
3160,1076,P00533
3160,1011,P00533
3160,1017,P00533
3160,976,P00533
3160,1065,P00533
3160,1020,P00533
3160,1003,P00533
3160,1027,P00533
1117,1000,P00533
1117,987,P00533
1117,1059,P00533
1117,1047,P00533
1117,1075,P00533
1117,1116,P00533
1117,1007,P00533
1117,1095,P00533
1117,1043,P00533
1117,1097,P00533
1117,1055,P00533
1117,1029,P00533
1117,359,P00533
1117,1024,P00533
1117,1087,P00533
1117,1115,P00533
1117,1091,P00533
1117,1021,P00533
1117,1074,P00533
1117,1009,P00533
1117,1094,P00533
1117,992,P00533
1117,1002,P00533
1117,991,P00533
1117,1018,P00533
1117,989,P00533
1117,1109,P00533
1117,978,P00533
1117,358,P00533
1117,361,P00533
1117,1090,P00533
1117,975,P00533
1117,1119,P00533
1117,1008,P00533
1117,1068,P00533
1117,993,P00533
1117,1088,P00533
1117,1081,P00533
1117,1046,P00533
1117,1026,P00533
1117,1114,P00533
1117,1049,P00533
1117,100,P00533
1117,1076,P00533
1117,1011,P00533
1117,1017,P00533
1117,976,P00533
1117,1065,P00533
1117,1020,P00533
1117,1003,P00533
1117,1027,P00533
1118,1000,P00533
1118,987,P00533
1118,1059,P00533
1118,1047,P00533
1118,1075,P00533
1118,1116,P00533
1118,1007,P00533
1118,1095,P00533
1118,1043,P00533
1118,1097,P00533
1118,1055,P00533
1118,1029,P00533
1118,359,P00533
1118,1024,P00533
1118,1087,P00533
1118,1115,P00533
1118,1091,P00533
1118,1021,P00533
1118,1074,P00533
1118,1009,P00533
1118,1094,P00533
1118,992,P00533
1118,1002,P00533
1118,991,P00533
1118,1018,P00533
1118,989,P00533
1118,1109,P00533
1118,978,P00533
1118,358,P00533
1118,361,P00533
1118,1090,P00533
1118,975,P00533
1118,1119,P00533
1118,1008,P00533
1118,1068,P00533
1118,993,P00533
1118,1088,P00533
1118,1081,P00533
1118,1046,P00533
1118,1026,P00533
1118,1114,P00533
1118,1049,P00533
1118,100,P00533
1118,1076,P00533
1118,1011,P00533
1118,1017,P00533
1118,976,P00533
1118,1065,P00533
1118,1020,P00533
1118,1003,P00533
1118,1027,P00533
3161,1000,P00533
3161,987,P00533
3161,1059,P00533
3161,1047,P00533
3161,1075,P00533
3161,1116,P00533
3161,1007,P00533
3161,1095,P00533
3161,1043,P00533
3161,1097,P00533
3161,1055,P00533
3161,1029,P00533
3161,359,P00533
3161,1024,P00533
3161,1087,P00533
3161,1115,P00533
3161,1091,P00533
3161,1021,P00533
3161,1074,P00533
3161,1009,P00533
3161,1094,P00533
3161,992,P00533
3161,1002,P00533
3161,991,P00533
3161,1018,P00533
3161,989,P00533
3161,1109,P00533
3161,978,P00533
3161,358,P00533
3161,361,P00533
3161,1090,P00533
3161,975,P00533
3161,1119,P00533
3161,1008,P00533
3161,1068,P00533
3161,993,P00533
3161,1088,P00533
3161,1081,P00533
3161,1046,P00533
3161,1026,P00533
3161,1114,P00533
3161,1049,P00533
3161,100,P00533
3161,1076,P00533
3161,1011,P00533
3161,1017,P00533
3161,976,P00533
3161,1065,P00533
3161,1020,P00533
3161,1003,P00533
3161,1027,P00533
3168,1000,P00533
3168,987,P00533
3168,1059,P00533
3168,1047,P00533
3168,1075,P00533
3168,1116,P00533
3168,1007,P00533
3168,1095,P00533
3168,1043,P00533
3168,1097,P00533
3168,1055,P00533
3168,1029,P00533
3168,359,P00533
3168,1024,P00533
3168,1087,P00533
3168,1115,P00533
3168,1091,P00533
3168,1021,P00533
3168,1074,P00533
3168,1009,P00533
3168,1094,P00533
3168,992,P00533
3168,1002,P00533
3168,991,P00533
3168,1018,P00533
3168,989,P00533
3168,1109,P00533
3168,978,P00533
3168,358,P00533
3168,361,P00533
3168,1090,P00533
3168,975,P00533
3168,1119,P00533
3168,1008,P00533
3168,1068,P00533
3168,993,P00533
3168,1088,P00533
3168,1081,P00533
3168,1046,P00533
3168,1026,P00533
3168,1114,P00533
3168,1049,P00533
3168,100,P00533
3168,1076,P00533
3168,1011,P00533
3168,1017,P00533
3168,976,P00533
3168,1065,P00533
3168,1020,P00533
3168,1003,P00533
3168,1027,P00533
99,1000,P00533
99,987,P00533
99,1059,P00533
99,1047,P00533
99,1075,P00533
99,1116,P00533
99,1007,P00533
99,1095,P00533
99,1043,P00533
99,1097,P00533
99,1055,P00533
99,1029,P00533
99,359,P00533
99,1024,P00533
99,1087,P00533
99,1115,P00533
99,1091,P00533
99,1021,P00533
99,1074,P00533
99,1009,P00533
99,1094,P00533
99,992,P00533
99,1002,P00533
99,991,P00533
99,1018,P00533
99,989,P00533
99,1109,P00533
99,978,P00533
99,358,P00533
99,361,P00533
99,1090,P00533
99,975,P00533
99,1119,P00533
99,1008,P00533
99,1068,P00533
99,993,P00533
99,1088,P00533
99,1081,P00533
99,1046,P00533
99,1026,P00533
99,1114,P00533
99,1049,P00533
99,100,P00533
99,1076,P00533
99,1011,P00533
99,1017,P00533
99,976,P00533
99,1065,P00533
99,1020,P00533
99,1003,P00533
99,1027,P00533
101,1000,P00533
101,987,P00533
101,1059,P00533
101,1047,P00533
101,1075,P00533
101,1116,P00533
101,1007,P00533
101,1095,P00533
101,1043,P00533
101,1097,P00533
101,1055,P00533
101,1029,P00533
101,359,P00533
101,1024,P00533
101,1087,P00533
101,1115,P00533
101,1091,P00533
101,1021,P00533
101,1074,P00533
101,1009,P00533
101,1094,P00533
101,992,P00533
101,1002,P00533
101,991,P00533
101,1018,P00533
101,989,P00533
101,1109,P00533
101,978,P00533
101,358,P00533
101,361,P00533
101,1090,P00533
101,975,P00533
101,1119,P00533
101,1008,P00533
101,1068,P00533
101,993,P00533
101,1088,P00533
101,1081,P00533
101,1046,P00533
101,1026,P00533
101,1114,P00533
101,1049,P00533
101,100,P00533
101,1076,P00533
101,1011,P00533
101,1017,P00533
101,976,P00533
101,1065,P00533
101,1020,P00533
101,1003,P00533
101,1027,P00533
3258,1000,P00533
3258,987,P00533
3258,1059,P00533
3258,1047,P00533
3258,1075,P00533
3258,1116,P00533
3258,1007,P00533
3258,1095,P00533
3258,1043,P00533
3258,1097,P00533
3258,1055,P00533
3258,1029,P00533
3258,359,P00533
3258,1024,P00533
3258,1087,P00533
3258,1115,P00533
3258,1091,P00533
3258,1021,P00533
3258,1074,P00533
3258,1009,P00533
3258,1094,P00533
3258,992,P00533
3258,1002,P00533
3258,991,P00533
3258,1018,P00533
3258,989,P00533
3258,1109,P00533
3258,978,P00533
3258,358,P00533
3258,361,P00533
3258,1090,P00533
3258,975,P00533
3258,1119,P00533
3258,1008,P00533
3258,1068,P00533
3258,993,P00533
3258,1088,P00533
3258,1081,P00533
3258,1046,P00533
3258,1026,P00533
3258,1114,P00533
3258,1049,P00533
3258,100,P00533
3258,1076,P00533
3258,1011,P00533
3258,1017,P00533
3258,976,P00533
3258,1065,P00533
3258,1020,P00533
3258,1003,P00533
3258,1027,P00533
360,1000,P00533
360,987,P00533
360,1059,P00533
360,1047,P00533
360,1075,P00533
360,1116,P00533
360,1007,P00533
360,1095,P00533
360,1043,P00533
360,1097,P00533
360,1055,P00533
360,1029,P00533
360,359,P00533
360,1024,P00533
360,1087,P00533
360,1115,P00533
360,1091,P00533
360,1021,P00533
360,1074,P00533
360,1009,P00533
360,1094,P00533
360,992,P00533
360,1002,P00533
360,991,P00533
360,1018,P00533
360,989,P00533
360,1109,P00533
360,978,P00533
360,358,P00533
360,361,P00533
360,1090,P00533
360,975,P00533
360,1119,P00533
360,1008,P00533
360,1068,P00533
360,993,P00533
360,1088,P00533
360,1081,P00533
360,1046,P00533
360,1026,P00533
360,1114,P00533
360,1049,P00533
360,100,P00533
360,1076,P00533
360,1011,P00533
360,1017,P00533
360,976,P00533
360,1065,P00533
360,1020,P00533
360,1003,P00533
360,1027,P00533
362,1000,P00533
362,987,P00533
362,1059,P00533
362,1047,P00533
362,1075,P00533
362,1116,P00533
362,1007,P00533
362,1095,P00533
362,1043,P00533
362,1097,P00533
362,1055,P00533
362,1029,P00533
362,359,P00533
362,1024,P00533
362,1087,P00533
362,1115,P00533
362,1091,P00533
362,1021,P00533
362,1074,P00533
362,1009,P00533
362,1094,P00533
362,992,P00533
362,1002,P00533
362,991,P00533
362,1018,P00533
362,989,P00533
362,1109,P00533
362,978,P00533
362,358,P00533
362,361,P00533
362,1090,P00533
362,975,P00533
362,1119,P00533
362,1008,P00533
362,1068,P00533
362,993,P00533
362,1088,P00533
362,1081,P00533
362,1046,P00533
362,1026,P00533
362,1114,P00533
362,1049,P00533
362,100,P00533
362,1076,P00533
362,1011,P00533
362,1017,P00533
362,976,P00533
362,1065,P00533
362,1020,P00533
362,1003,P00533
362,1027,P00533
363,1000,P00533
363,987,P00533
363,1059,P00533
363,1047,P00533
363,1075,P00533
363,1116,P00533
363,1007,P00533
363,1095,P00533
363,1043,P00533
363,1097,P00533
363,1055,P00533
363,1029,P00533
363,359,P00533
363,1024,P00533
363,1087,P00533
363,1115,P00533
363,1091,P00533
363,1021,P00533
363,1074,P00533
363,1009,P00533
363,1094,P00533
363,992,P00533
363,1002,P00533
363,991,P00533
363,1018,P00533
363,989,P00533
363,1109,P00533
363,978,P00533
363,358,P00533
363,361,P00533
363,1090,P00533
363,975,P00533
363,1119,P00533
363,1008,P00533
363,1068,P00533
363,993,P00533
363,1088,P00533
363,1081,P00533
363,1046,P00533
363,1026,P00533
363,1114,P00533
363,1049,P00533
363,100,P00533
363,1076,P00533
363,1011,P00533
363,1017,P00533
363,976,P00533
363,1065,P00533
363,1020,P00533
363,1003,P00533
363,1027,P00533
364,1000,P00533
364,987,P00533
364,1059,P00533
364,1047,P00533
364,1075,P00533
364,1116,P00533
364,1007,P00533
364,1095,P00533
364,1043,P00533
364,1097,P00533
364,1055,P00533
364,1029,P00533
364,359,P00533
364,1024,P00533
364,1087,P00533
364,1115,P00533
364,1091,P00533
364,1021,P00533
364,1074,P00533
364,1009,P00533
364,1094,P00533
364,992,P00533
364,1002,P00533
364,991,P00533
364,1018,P00533
364,989,P00533
364,1109,P00533
364,978,P00533
364,358,P00533
364,361,P00533
364,1090,P00533
364,975,P00533
364,1119,P00533
364,1008,P00533
364,1068,P00533
364,993,P00533
364,1088,P00533
364,1081,P00533
364,1046,P00533
364,1026,P00533
364,1114,P00533
364,1049,P00533
364,100,P00533
364,1076,P00533
364,1011,P00533
364,1017,P00533
364,976,P00533
364,1065,P00533
364,1020,P00533
364,1003,P00533
364,1027,P00533
365,1000,P00533
365,987,P00533
365,1059,P00533
365,1047,P00533
365,1075,P00533
365,1116,P00533
365,1007,P00533
365,1095,P00533
365,1043,P00533
365,1097,P00533
365,1055,P00533
365,1029,P00533
365,359,P00533
365,1024,P00533
365,1087,P00533
365,1115,P00533
365,1091,P00533
365,1021,P00533
365,1074,P00533
365,1009,P00533
365,1094,P00533
365,992,P00533
365,1002,P00533
365,991,P00533
365,1018,P00533
365,989,P00533
365,1109,P00533
365,978,P00533
365,358,P00533
365,361,P00533
365,1090,P00533
365,975,P00533
365,1119,P00533
365,1008,P00533
365,1068,P00533
365,993,P00533
365,1088,P00533
365,1081,P00533
365,1046,P00533
365,1026,P00533
365,1114,P00533
365,1049,P00533
365,100,P00533
365,1076,P00533
365,1011,P00533
365,1017,P00533
365,976,P00533
365,1065,P00533
365,1020,P00533
365,1003,P00533
365,1027,P00533
366,1000,P00533
366,987,P00533
366,1059,P00533
366,1047,P00533
366,1075,P00533
366,1116,P00533
366,1007,P00533
366,1095,P00533
366,1043,P00533
366,1097,P00533
366,1055,P00533
366,1029,P00533
366,359,P00533
366,1024,P00533
366,1087,P00533
366,1115,P00533
366,1091,P00533
366,1021,P00533
366,1074,P00533
366,1009,P00533
366,1094,P00533
366,992,P00533
366,1002,P00533
366,991,P00533
366,1018,P00533
366,989,P00533
366,1109,P00533
366,978,P00533
366,358,P00533
366,361,P00533
366,1090,P00533
366,975,P00533
366,1119,P00533
366,1008,P00533
366,1068,P00533
366,993,P00533
366,1088,P00533
366,1081,P00533
366,1046,P00533
366,1026,P00533
366,1114,P00533
366,1049,P00533
366,100,P00533
366,1076,P00533
366,1011,P00533
366,1017,P00533
366,976,P00533
366,1065,P00533
366,1020,P00533
366,1003,P00533
366,1027,P00533
367,1000,P00533
367,987,P00533
367,1059,P00533
367,1047,P00533
367,1075,P00533
367,1116,P00533
367,1007,P00533
367,1095,P00533
367,1043,P00533
367,1097,P00533
367,1055,P00533
367,1029,P00533
367,359,P00533
367,1024,P00533
367,1087,P00533
367,1115,P00533
367,1091,P00533
367,1021,P00533
367,1074,P00533
367,1009,P00533
367,1094,P00533
367,992,P00533
367,1002,P00533
367,991,P00533
367,1018,P00533
367,989,P00533
367,1109,P00533
367,978,P00533
367,358,P00533
367,361,P00533
367,1090,P00533
367,975,P00533
367,1119,P00533
367,1008,P00533
367,1068,P00533
367,993,P00533
367,1088,P00533
367,1081,P00533
367,1046,P00533
367,1026,P00533
367,1114,P00533
367,1049,P00533
367,100,P00533
367,1076,P00533
367,1011,P00533
367,1017,P00533
367,976,P00533
367,1065,P00533
367,1020,P00533
367,1003,P00533
367,1027,P00533
3504,1000,P00533
3504,987,P00533
3504,1059,P00533
3504,1047,P00533
3504,1075,P00533
3504,1116,P00533
3504,1007,P00533
3504,1095,P00533
3504,1043,P00533
3504,1097,P00533
3504,1055,P00533
3504,1029,P00533
3504,359,P00533
3504,1024,P00533
3504,1087,P00533
3504,1115,P00533
3504,1091,P00533
3504,1021,P00533
3504,1074,P00533
3504,1009,P00533
3504,1094,P00533
3504,992,P00533
3504,1002,P00533
3504,991,P00533
3504,1018,P00533
3504,989,P00533
3504,1109,P00533
3504,978,P00533
3504,358,P00533
3504,361,P00533
3504,1090,P00533
3504,975,P00533
3504,1119,P00533
3504,1008,P00533
3504,1068,P00533
3504,993,P00533
3504,1088,P00533
3504,1081,P00533
3504,1046,P00533
3504,1026,P00533
3504,1114,P00533
3504,1049,P00533
3504,100,P00533
3504,1076,P00533
3504,1011,P00533
3504,1017,P00533
3504,976,P00533
3504,1065,P00533
3504,1020,P00533
3504,1003,P00533
3504,1027,P00533
977,1000,P00533
977,987,P00533
977,1059,P00533
977,1047,P00533
977,1075,P00533
977,1116,P00533
977,1007,P00533
977,1095,P00533
977,1043,P00533
977,1097,P00533
977,1055,P00533
977,1029,P00533
977,359,P00533
977,1024,P00533
977,1087,P00533
977,1115,P00533
977,1091,P00533
977,1021,P00533
977,1074,P00533
977,1009,P00533
977,1094,P00533
977,992,P00533
977,1002,P00533
977,991,P00533
977,1018,P00533
977,989,P00533
977,1109,P00533
977,978,P00533
977,358,P00533
977,361,P00533
977,1090,P00533
977,975,P00533
977,1119,P00533
977,1008,P00533
977,1068,P00533
977,993,P00533
977,1088,P00533
977,1081,P00533
977,1046,P00533
977,1026,P00533
977,1114,P00533
977,1049,P00533
977,100,P00533
977,1076,P00533
977,1011,P00533
977,1017,P00533
977,976,P00533
977,1065,P00533
977,1020,P00533
977,1003,P00533
977,1027,P00533
979,1000,P00533
979,987,P00533
979,1059,P00533
979,1047,P00533
979,1075,P00533
979,1116,P00533
979,1007,P00533
979,1095,P00533
979,1043,P00533
979,1097,P00533
979,1055,P00533
979,1029,P00533
979,359,P00533
979,1024,P00533
979,1087,P00533
979,1115,P00533
979,1091,P00533
979,1021,P00533
979,1074,P00533
979,1009,P00533
979,1094,P00533
979,992,P00533
979,1002,P00533
979,991,P00533
979,1018,P00533
979,989,P00533
979,1109,P00533
979,978,P00533
979,358,P00533
979,361,P00533
979,1090,P00533
979,975,P00533
979,1119,P00533
979,1008,P00533
979,1068,P00533
979,993,P00533
979,1088,P00533
979,1081,P00533
979,1046,P00533
979,1026,P00533
979,1114,P00533
979,1049,P00533
979,100,P00533
979,1076,P00533
979,1011,P00533
979,1017,P00533
979,976,P00533
979,1065,P00533
979,1020,P00533
979,1003,P00533
979,1027,P00533
980,1000,P00533
980,987,P00533
980,1059,P00533
980,1047,P00533
980,1075,P00533
980,1116,P00533
980,1007,P00533
980,1095,P00533
980,1043,P00533
980,1097,P00533
980,1055,P00533
980,1029,P00533
980,359,P00533
980,1024,P00533
980,1087,P00533
980,1115,P00533
980,1091,P00533
980,1021,P00533
980,1074,P00533
980,1009,P00533
980,1094,P00533
980,992,P00533
980,1002,P00533
980,991,P00533
980,1018,P00533
980,989,P00533
980,1109,P00533
980,978,P00533
980,358,P00533
980,361,P00533
980,1090,P00533
980,975,P00533
980,1119,P00533
980,1008,P00533
980,1068,P00533
980,993,P00533
980,1088,P00533
980,1081,P00533
980,1046,P00533
980,1026,P00533
980,1114,P00533
980,1049,P00533
980,100,P00533
980,1076,P00533
980,1011,P00533
980,1017,P00533
980,976,P00533
980,1065,P00533
980,1020,P00533
980,1003,P00533
980,1027,P00533
981,1000,P00533
981,987,P00533
981,1059,P00533
981,1047,P00533
981,1075,P00533
981,1116,P00533
981,1007,P00533
981,1095,P00533
981,1043,P00533
981,1097,P00533
981,1055,P00533
981,1029,P00533
981,359,P00533
981,1024,P00533
981,1087,P00533
981,1115,P00533
981,1091,P00533
981,1021,P00533
981,1074,P00533
981,1009,P00533
981,1094,P00533
981,992,P00533
981,1002,P00533
981,991,P00533
981,1018,P00533
981,989,P00533
981,1109,P00533
981,978,P00533
981,358,P00533
981,361,P00533
981,1090,P00533
981,975,P00533
981,1119,P00533
981,1008,P00533
981,1068,P00533
981,993,P00533
981,1088,P00533
981,1081,P00533
981,1046,P00533
981,1026,P00533
981,1114,P00533
981,1049,P00533
981,100,P00533
981,1076,P00533
981,1011,P00533
981,1017,P00533
981,976,P00533
981,1065,P00533
981,1020,P00533
981,1003,P00533
981,1027,P00533
982,1000,P00533
982,987,P00533
982,1059,P00533
982,1047,P00533
982,1075,P00533
982,1116,P00533
982,1007,P00533
982,1095,P00533
982,1043,P00533
982,1097,P00533
982,1055,P00533
982,1029,P00533
982,359,P00533
982,1024,P00533
982,1087,P00533
982,1115,P00533
982,1091,P00533
982,1021,P00533
982,1074,P00533
982,1009,P00533
982,1094,P00533
982,992,P00533
982,1002,P00533
982,991,P00533
982,1018,P00533
982,989,P00533
982,1109,P00533
982,978,P00533
982,358,P00533
982,361,P00533
982,1090,P00533
982,975,P00533
982,1119,P00533
982,1008,P00533
982,1068,P00533
982,993,P00533
982,1088,P00533
982,1081,P00533
982,1046,P00533
982,1026,P00533
982,1114,P00533
982,1049,P00533
982,100,P00533
982,1076,P00533
982,1011,P00533
982,1017,P00533
982,976,P00533
982,1065,P00533
982,1020,P00533
982,1003,P00533
982,1027,P00533
983,1000,P00533
983,987,P00533
983,1059,P00533
983,1047,P00533
983,1075,P00533
983,1116,P00533
983,1007,P00533
983,1095,P00533
983,1043,P00533
983,1097,P00533
983,1055,P00533
983,1029,P00533
983,359,P00533
983,1024,P00533
983,1087,P00533
983,1115,P00533
983,1091,P00533
983,1021,P00533
983,1074,P00533
983,1009,P00533
983,1094,P00533
983,992,P00533
983,1002,P00533
983,991,P00533
983,1018,P00533
983,989,P00533
983,1109,P00533
983,978,P00533
983,358,P00533
983,361,P00533
983,1090,P00533
983,975,P00533
983,1119,P00533
983,1008,P00533
983,1068,P00533
983,993,P00533
983,1088,P00533
983,1081,P00533
983,1046,P00533
983,1026,P00533
983,1114,P00533
983,1049,P00533
983,100,P00533
983,1076,P00533
983,1011,P00533
983,1017,P00533
983,976,P00533
983,1065,P00533
983,1020,P00533
983,1003,P00533
983,1027,P00533
984,1000,P00533
984,987,P00533
984,1059,P00533
984,1047,P00533
984,1075,P00533
984,1116,P00533
984,1007,P00533
984,1095,P00533
984,1043,P00533
984,1097,P00533
984,1055,P00533
984,1029,P00533
984,359,P00533
984,1024,P00533
984,1087,P00533
984,1115,P00533
984,1091,P00533
984,1021,P00533
984,1074,P00533
984,1009,P00533
984,1094,P00533
984,992,P00533
984,1002,P00533
984,991,P00533
984,1018,P00533
984,989,P00533
984,1109,P00533
984,978,P00533
984,358,P00533
984,361,P00533
984,1090,P00533
984,975,P00533
984,1119,P00533
984,1008,P00533
984,1068,P00533
984,993,P00533
984,1088,P00533
984,1081,P00533
984,1046,P00533
984,1026,P00533
984,1114,P00533
984,1049,P00533
984,100,P00533
984,1076,P00533
984,1011,P00533
984,1017,P00533
984,976,P00533
984,1065,P00533
984,1020,P00533
984,1003,P00533
984,1027,P00533
985,1000,P00533
985,987,P00533
985,1059,P00533
985,1047,P00533
985,1075,P00533
985,1116,P00533
985,1007,P00533
985,1095,P00533
985,1043,P00533
985,1097,P00533
985,1055,P00533
985,1029,P00533
985,359,P00533
985,1024,P00533
985,1087,P00533
985,1115,P00533
985,1091,P00533
985,1021,P00533
985,1074,P00533
985,1009,P00533
985,1094,P00533
985,992,P00533
985,1002,P00533
985,991,P00533
985,1018,P00533
985,989,P00533
985,1109,P00533
985,978,P00533
985,358,P00533
985,361,P00533
985,1090,P00533
985,975,P00533
985,1119,P00533
985,1008,P00533
985,1068,P00533
985,993,P00533
985,1088,P00533
985,1081,P00533
985,1046,P00533
985,1026,P00533
985,1114,P00533
985,1049,P00533
985,100,P00533
985,1076,P00533
985,1011,P00533
985,1017,P00533
985,976,P00533
985,1065,P00533
985,1020,P00533
985,1003,P00533
985,1027,P00533
986,1000,P00533
986,987,P00533
986,1059,P00533
986,1047,P00533
986,1075,P00533
986,1116,P00533
986,1007,P00533
986,1095,P00533
986,1043,P00533
986,1097,P00533
986,1055,P00533
986,1029,P00533
986,359,P00533
986,1024,P00533
986,1087,P00533
986,1115,P00533
986,1091,P00533
986,1021,P00533
986,1074,P00533
986,1009,P00533
986,1094,P00533
986,992,P00533
986,1002,P00533
986,991,P00533
986,1018,P00533
986,989,P00533
986,1109,P00533
986,978,P00533
986,358,P00533
986,361,P00533
986,1090,P00533
986,975,P00533
986,1119,P00533
986,1008,P00533
986,1068,P00533
986,993,P00533
986,1088,P00533
986,1081,P00533
986,1046,P00533
986,1026,P00533
986,1114,P00533
986,1049,P00533
986,100,P00533
986,1076,P00533
986,1011,P00533
986,1017,P00533
986,976,P00533
986,1065,P00533
986,1020,P00533
986,1003,P00533
986,1027,P00533
988,1000,P00533
988,987,P00533
988,1059,P00533
988,1047,P00533
988,1075,P00533
988,1116,P00533
988,1007,P00533
988,1095,P00533
988,1043,P00533
988,1097,P00533
988,1055,P00533
988,1029,P00533
988,359,P00533
988,1024,P00533
988,1087,P00533
988,1115,P00533
988,1091,P00533
988,1021,P00533
988,1074,P00533
988,1009,P00533
988,1094,P00533
988,992,P00533
988,1002,P00533
988,991,P00533
988,1018,P00533
988,989,P00533
988,1109,P00533
988,978,P00533
988,358,P00533
988,361,P00533
988,1090,P00533
988,975,P00533
988,1119,P00533
988,1008,P00533
988,1068,P00533
988,993,P00533
988,1088,P00533
988,1081,P00533
988,1046,P00533
988,1026,P00533
988,1114,P00533
988,1049,P00533
988,100,P00533
988,1076,P00533
988,1011,P00533
988,1017,P00533
988,976,P00533
988,1065,P00533
988,1020,P00533
988,1003,P00533
988,1027,P00533
990,1000,P00533
990,987,P00533
990,1059,P00533
990,1047,P00533
990,1075,P00533
990,1116,P00533
990,1007,P00533
990,1095,P00533
990,1043,P00533
990,1097,P00533
990,1055,P00533
990,1029,P00533
990,359,P00533
990,1024,P00533
990,1087,P00533
990,1115,P00533
990,1091,P00533
990,1021,P00533
990,1074,P00533
990,1009,P00533
990,1094,P00533
990,992,P00533
990,1002,P00533
990,991,P00533
990,1018,P00533
990,989,P00533
990,1109,P00533
990,978,P00533
990,358,P00533
990,361,P00533
990,1090,P00533
990,975,P00533
990,1119,P00533
990,1008,P00533
990,1068,P00533
990,993,P00533
990,1088,P00533
990,1081,P00533
990,1046,P00533
990,1026,P00533
990,1114,P00533
990,1049,P00533
990,100,P00533
990,1076,P00533
990,1011,P00533
990,1017,P00533
990,976,P00533
990,1065,P00533
990,1020,P00533
990,1003,P00533
990,1027,P00533
994,1000,P00533
994,987,P00533
994,1059,P00533
994,1047,P00533
994,1075,P00533
994,1116,P00533
994,1007,P00533
994,1095,P00533
994,1043,P00533
994,1097,P00533
994,1055,P00533
994,1029,P00533
994,359,P00533
994,1024,P00533
994,1087,P00533
994,1115,P00533
994,1091,P00533
994,1021,P00533
994,1074,P00533
994,1009,P00533
994,1094,P00533
994,992,P00533
994,1002,P00533
994,991,P00533
994,1018,P00533
994,989,P00533
994,1109,P00533
994,978,P00533
994,358,P00533
994,361,P00533
994,1090,P00533
994,975,P00533
994,1119,P00533
994,1008,P00533
994,1068,P00533
994,993,P00533
994,1088,P00533
994,1081,P00533
994,1046,P00533
994,1026,P00533
994,1114,P00533
994,1049,P00533
994,100,P00533
994,1076,P00533
994,1011,P00533
994,1017,P00533
994,976,P00533
994,1065,P00533
994,1020,P00533
994,1003,P00533
994,1027,P00533
995,1000,P00533
995,987,P00533
995,1059,P00533
995,1047,P00533
995,1075,P00533
995,1116,P00533
995,1007,P00533
995,1095,P00533
995,1043,P00533
995,1097,P00533
995,1055,P00533
995,1029,P00533
995,359,P00533
995,1024,P00533
995,1087,P00533
995,1115,P00533
995,1091,P00533
995,1021,P00533
995,1074,P00533
995,1009,P00533
995,1094,P00533
995,992,P00533
995,1002,P00533
995,991,P00533
995,1018,P00533
995,989,P00533
995,1109,P00533
995,978,P00533
995,358,P00533
995,361,P00533
995,1090,P00533
995,975,P00533
995,1119,P00533
995,1008,P00533
995,1068,P00533
995,993,P00533
995,1088,P00533
995,1081,P00533
995,1046,P00533
995,1026,P00533
995,1114,P00533
995,1049,P00533
995,100,P00533
995,1076,P00533
995,1011,P00533
995,1017,P00533
995,976,P00533
995,1065,P00533
995,1020,P00533
995,1003,P00533
995,1027,P00533
996,1000,P00533
996,987,P00533
996,1059,P00533
996,1047,P00533
996,1075,P00533
996,1116,P00533
996,1007,P00533
996,1095,P00533
996,1043,P00533
996,1097,P00533
996,1055,P00533
996,1029,P00533
996,359,P00533
996,1024,P00533
996,1087,P00533
996,1115,P00533
996,1091,P00533
996,1021,P00533
996,1074,P00533
996,1009,P00533
996,1094,P00533
996,992,P00533
996,1002,P00533
996,991,P00533
996,1018,P00533
996,989,P00533
996,1109,P00533
996,978,P00533
996,358,P00533
996,361,P00533
996,1090,P00533
996,975,P00533
996,1119,P00533
996,1008,P00533
996,1068,P00533
996,993,P00533
996,1088,P00533
996,1081,P00533
996,1046,P00533
996,1026,P00533
996,1114,P00533
996,1049,P00533
996,100,P00533
996,1076,P00533
996,1011,P00533
996,1017,P00533
996,976,P00533
996,1065,P00533
996,1020,P00533
996,1003,P00533
996,1027,P00533
997,1000,P00533
997,987,P00533
997,1059,P00533
997,1047,P00533
997,1075,P00533
997,1116,P00533
997,1007,P00533
997,1095,P00533
997,1043,P00533
997,1097,P00533
997,1055,P00533
997,1029,P00533
997,359,P00533
997,1024,P00533
997,1087,P00533
997,1115,P00533
997,1091,P00533
997,1021,P00533
997,1074,P00533
997,1009,P00533
997,1094,P00533
997,992,P00533
997,1002,P00533
997,991,P00533
997,1018,P00533
997,989,P00533
997,1109,P00533
997,978,P00533
997,358,P00533
997,361,P00533
997,1090,P00533
997,975,P00533
997,1119,P00533
997,1008,P00533
997,1068,P00533
997,993,P00533
997,1088,P00533
997,1081,P00533
997,1046,P00533
997,1026,P00533
997,1114,P00533
997,1049,P00533
997,100,P00533
997,1076,P00533
997,1011,P00533
997,1017,P00533
997,976,P00533
997,1065,P00533
997,1020,P00533
997,1003,P00533
997,1027,P00533
998,1000,P00533
998,987,P00533
998,1059,P00533
998,1047,P00533
998,1075,P00533
998,1116,P00533
998,1007,P00533
998,1095,P00533
998,1043,P00533
998,1097,P00533
998,1055,P00533
998,1029,P00533
998,359,P00533
998,1024,P00533
998,1087,P00533
998,1115,P00533
998,1091,P00533
998,1021,P00533
998,1074,P00533
998,1009,P00533
998,1094,P00533
998,992,P00533
998,1002,P00533
998,991,P00533
998,1018,P00533
998,989,P00533
998,1109,P00533
998,978,P00533
998,358,P00533
998,361,P00533
998,1090,P00533
998,975,P00533
998,1119,P00533
998,1008,P00533
998,1068,P00533
998,993,P00533
998,1088,P00533
998,1081,P00533
998,1046,P00533
998,1026,P00533
998,1114,P00533
998,1049,P00533
998,100,P00533
998,1076,P00533
998,1011,P00533
998,1017,P00533
998,976,P00533
998,1065,P00533
998,1020,P00533
998,1003,P00533
998,1027,P00533
999,1000,P00533
999,987,P00533
999,1059,P00533
999,1047,P00533
999,1075,P00533
999,1116,P00533
999,1007,P00533
999,1095,P00533
999,1043,P00533
999,1097,P00533
999,1055,P00533
999,1029,P00533
999,359,P00533
999,1024,P00533
999,1087,P00533
999,1115,P00533
999,1091,P00533
999,1021,P00533
999,1074,P00533
999,1009,P00533
999,1094,P00533
999,992,P00533
999,1002,P00533
999,991,P00533
999,1018,P00533
999,989,P00533
999,1109,P00533
999,978,P00533
999,358,P00533
999,361,P00533
999,1090,P00533
999,975,P00533
999,1119,P00533
999,1008,P00533
999,1068,P00533
999,993,P00533
999,1088,P00533
999,1081,P00533
999,1046,P00533
999,1026,P00533
999,1114,P00533
999,1049,P00533
999,100,P00533
999,1076,P00533
999,1011,P00533
999,1017,P00533
999,976,P00533
999,1065,P00533
999,1020,P00533
999,1003,P00533
999,1027,P00533
1001,1000,P00533
1001,987,P00533
1001,1059,P00533
1001,1047,P00533
1001,1075,P00533
1001,1116,P00533
1001,1007,P00533
1001,1095,P00533
1001,1043,P00533
1001,1097,P00533
1001,1055,P00533
1001,1029,P00533
1001,359,P00533
1001,1024,P00533
1001,1087,P00533
1001,1115,P00533
1001,1091,P00533
1001,1021,P00533
1001,1074,P00533
1001,1009,P00533
1001,1094,P00533
1001,992,P00533
1001,1002,P00533
1001,991,P00533
1001,1018,P00533
1001,989,P00533
1001,1109,P00533
1001,978,P00533
1001,358,P00533
1001,361,P00533
1001,1090,P00533
1001,975,P00533
1001,1119,P00533
1001,1008,P00533
1001,1068,P00533
1001,993,P00533
1001,1088,P00533
1001,1081,P00533
1001,1046,P00533
1001,1026,P00533
1001,1114,P00533
1001,1049,P00533
1001,100,P00533
1001,1076,P00533
1001,1011,P00533
1001,1017,P00533
1001,976,P00533
1001,1065,P00533
1001,1020,P00533
1001,1003,P00533
1001,1027,P00533
1004,1000,P00533
1004,987,P00533
1004,1059,P00533
1004,1047,P00533
1004,1075,P00533
1004,1116,P00533
1004,1007,P00533
1004,1095,P00533
1004,1043,P00533
1004,1097,P00533
1004,1055,P00533
1004,1029,P00533
1004,359,P00533
1004,1024,P00533
1004,1087,P00533
1004,1115,P00533
1004,1091,P00533
1004,1021,P00533
1004,1074,P00533
1004,1009,P00533
1004,1094,P00533
1004,992,P00533
1004,1002,P00533
1004,991,P00533
1004,1018,P00533
1004,989,P00533
1004,1109,P00533
1004,978,P00533
1004,358,P00533
1004,361,P00533
1004,1090,P00533
1004,975,P00533
1004,1119,P00533
1004,1008,P00533
1004,1068,P00533
1004,993,P00533
1004,1088,P00533
1004,1081,P00533
1004,1046,P00533
1004,1026,P00533
1004,1114,P00533
1004,1049,P00533
1004,100,P00533
1004,1076,P00533
1004,1011,P00533
1004,1017,P00533
1004,976,P00533
1004,1065,P00533
1004,1020,P00533
1004,1003,P00533
1004,1027,P00533
1005,1000,P00533
1005,987,P00533
1005,1059,P00533
1005,1047,P00533
1005,1075,P00533
1005,1116,P00533
1005,1007,P00533
1005,1095,P00533
1005,1043,P00533
1005,1097,P00533
1005,1055,P00533
1005,1029,P00533
1005,359,P00533
1005,1024,P00533
1005,1087,P00533
1005,1115,P00533
1005,1091,P00533
1005,1021,P00533
1005,1074,P00533
1005,1009,P00533
1005,1094,P00533
1005,992,P00533
1005,1002,P00533
1005,991,P00533
1005,1018,P00533
1005,989,P00533
1005,1109,P00533
1005,978,P00533
1005,358,P00533
1005,361,P00533
1005,1090,P00533
1005,975,P00533
1005,1119,P00533
1005,1008,P00533
1005,1068,P00533
1005,993,P00533
1005,1088,P00533
1005,1081,P00533
1005,1046,P00533
1005,1026,P00533
1005,1114,P00533
1005,1049,P00533
1005,100,P00533
1005,1076,P00533
1005,1011,P00533
1005,1017,P00533
1005,976,P00533
1005,1065,P00533
1005,1020,P00533
1005,1003,P00533
1005,1027,P00533
1006,1000,P00533
1006,987,P00533
1006,1059,P00533
1006,1047,P00533
1006,1075,P00533
1006,1116,P00533
1006,1007,P00533
1006,1095,P00533
1006,1043,P00533
1006,1097,P00533
1006,1055,P00533
1006,1029,P00533
1006,359,P00533
1006,1024,P00533
1006,1087,P00533
1006,1115,P00533
1006,1091,P00533
1006,1021,P00533
1006,1074,P00533
1006,1009,P00533
1006,1094,P00533
1006,992,P00533
1006,1002,P00533
1006,991,P00533
1006,1018,P00533
1006,989,P00533
1006,1109,P00533
1006,978,P00533
1006,358,P00533
1006,361,P00533
1006,1090,P00533
1006,975,P00533
1006,1119,P00533
1006,1008,P00533
1006,1068,P00533
1006,993,P00533
1006,1088,P00533
1006,1081,P00533
1006,1046,P00533
1006,1026,P00533
1006,1114,P00533
1006,1049,P00533
1006,100,P00533
1006,1076,P00533
1006,1011,P00533
1006,1017,P00533
1006,976,P00533
1006,1065,P00533
1006,1020,P00533
1006,1003,P00533
1006,1027,P00533
1010,1000,P00533
1010,987,P00533
1010,1059,P00533
1010,1047,P00533
1010,1075,P00533
1010,1116,P00533
1010,1007,P00533
1010,1095,P00533
1010,1043,P00533
1010,1097,P00533
1010,1055,P00533
1010,1029,P00533
1010,359,P00533
1010,1024,P00533
1010,1087,P00533
1010,1115,P00533
1010,1091,P00533
1010,1021,P00533
1010,1074,P00533
1010,1009,P00533
1010,1094,P00533
1010,992,P00533
1010,1002,P00533
1010,991,P00533
1010,1018,P00533
1010,989,P00533
1010,1109,P00533
1010,978,P00533
1010,358,P00533
1010,361,P00533
1010,1090,P00533
1010,975,P00533
1010,1119,P00533
1010,1008,P00533
1010,1068,P00533
1010,993,P00533
1010,1088,P00533
1010,1081,P00533
1010,1046,P00533
1010,1026,P00533
1010,1114,P00533
1010,1049,P00533
1010,100,P00533
1010,1076,P00533
1010,1011,P00533
1010,1017,P00533
1010,976,P00533
1010,1065,P00533
1010,1020,P00533
1010,1003,P00533
1010,1027,P00533
1012,1000,P00533
1012,987,P00533
1012,1059,P00533
1012,1047,P00533
1012,1075,P00533
1012,1116,P00533
1012,1007,P00533
1012,1095,P00533
1012,1043,P00533
1012,1097,P00533
1012,1055,P00533
1012,1029,P00533
1012,359,P00533
1012,1024,P00533
1012,1087,P00533
1012,1115,P00533
1012,1091,P00533
1012,1021,P00533
1012,1074,P00533
1012,1009,P00533
1012,1094,P00533
1012,992,P00533
1012,1002,P00533
1012,991,P00533
1012,1018,P00533
1012,989,P00533
1012,1109,P00533
1012,978,P00533
1012,358,P00533
1012,361,P00533
1012,1090,P00533
1012,975,P00533
1012,1119,P00533
1012,1008,P00533
1012,1068,P00533
1012,993,P00533
1012,1088,P00533
1012,1081,P00533
1012,1046,P00533
1012,1026,P00533
1012,1114,P00533
1012,1049,P00533
1012,100,P00533
1012,1076,P00533
1012,1011,P00533
1012,1017,P00533
1012,976,P00533
1012,1065,P00533
1012,1020,P00533
1012,1003,P00533
1012,1027,P00533
1013,1000,P00533
1013,987,P00533
1013,1059,P00533
1013,1047,P00533
1013,1075,P00533
1013,1116,P00533
1013,1007,P00533
1013,1095,P00533
1013,1043,P00533
1013,1097,P00533
1013,1055,P00533
1013,1029,P00533
1013,359,P00533
1013,1024,P00533
1013,1087,P00533
1013,1115,P00533
1013,1091,P00533
1013,1021,P00533
1013,1074,P00533
1013,1009,P00533
1013,1094,P00533
1013,992,P00533
1013,1002,P00533
1013,991,P00533
1013,1018,P00533
1013,989,P00533
1013,1109,P00533
1013,978,P00533
1013,358,P00533
1013,361,P00533
1013,1090,P00533
1013,975,P00533
1013,1119,P00533
1013,1008,P00533
1013,1068,P00533
1013,993,P00533
1013,1088,P00533
1013,1081,P00533
1013,1046,P00533
1013,1026,P00533
1013,1114,P00533
1013,1049,P00533
1013,100,P00533
1013,1076,P00533
1013,1011,P00533
1013,1017,P00533
1013,976,P00533
1013,1065,P00533
1013,1020,P00533
1013,1003,P00533
1013,1027,P00533
1014,1000,P00533
1014,987,P00533
1014,1059,P00533
1014,1047,P00533
1014,1075,P00533
1014,1116,P00533
1014,1007,P00533
1014,1095,P00533
1014,1043,P00533
1014,1097,P00533
1014,1055,P00533
1014,1029,P00533
1014,359,P00533
1014,1024,P00533
1014,1087,P00533
1014,1115,P00533
1014,1091,P00533
1014,1021,P00533
1014,1074,P00533
1014,1009,P00533
1014,1094,P00533
1014,992,P00533
1014,1002,P00533
1014,991,P00533
1014,1018,P00533
1014,989,P00533
1014,1109,P00533
1014,978,P00533
1014,358,P00533
1014,361,P00533
1014,1090,P00533
1014,975,P00533
1014,1119,P00533
1014,1008,P00533
1014,1068,P00533
1014,993,P00533
1014,1088,P00533
1014,1081,P00533
1014,1046,P00533
1014,1026,P00533
1014,1114,P00533
1014,1049,P00533
1014,100,P00533
1014,1076,P00533
1014,1011,P00533
1014,1017,P00533
1014,976,P00533
1014,1065,P00533
1014,1020,P00533
1014,1003,P00533
1014,1027,P00533
1015,1000,P00533
1015,987,P00533
1015,1059,P00533
1015,1047,P00533
1015,1075,P00533
1015,1116,P00533
1015,1007,P00533
1015,1095,P00533
1015,1043,P00533
1015,1097,P00533
1015,1055,P00533
1015,1029,P00533
1015,359,P00533
1015,1024,P00533
1015,1087,P00533
1015,1115,P00533
1015,1091,P00533
1015,1021,P00533
1015,1074,P00533
1015,1009,P00533
1015,1094,P00533
1015,992,P00533
1015,1002,P00533
1015,991,P00533
1015,1018,P00533
1015,989,P00533
1015,1109,P00533
1015,978,P00533
1015,358,P00533
1015,361,P00533
1015,1090,P00533
1015,975,P00533
1015,1119,P00533
1015,1008,P00533
1015,1068,P00533
1015,993,P00533
1015,1088,P00533
1015,1081,P00533
1015,1046,P00533
1015,1026,P00533
1015,1114,P00533
1015,1049,P00533
1015,100,P00533
1015,1076,P00533
1015,1011,P00533
1015,1017,P00533
1015,976,P00533
1015,1065,P00533
1015,1020,P00533
1015,1003,P00533
1015,1027,P00533
1016,1000,P00533
1016,987,P00533
1016,1059,P00533
1016,1047,P00533
1016,1075,P00533
1016,1116,P00533
1016,1007,P00533
1016,1095,P00533
1016,1043,P00533
1016,1097,P00533
1016,1055,P00533
1016,1029,P00533
1016,359,P00533
1016,1024,P00533
1016,1087,P00533
1016,1115,P00533
1016,1091,P00533
1016,1021,P00533
1016,1074,P00533
1016,1009,P00533
1016,1094,P00533
1016,992,P00533
1016,1002,P00533
1016,991,P00533
1016,1018,P00533
1016,989,P00533
1016,1109,P00533
1016,978,P00533
1016,358,P00533
1016,361,P00533
1016,1090,P00533
1016,975,P00533
1016,1119,P00533
1016,1008,P00533
1016,1068,P00533
1016,993,P00533
1016,1088,P00533
1016,1081,P00533
1016,1046,P00533
1016,1026,P00533
1016,1114,P00533
1016,1049,P00533
1016,100,P00533
1016,1076,P00533
1016,1011,P00533
1016,1017,P00533
1016,976,P00533
1016,1065,P00533
1016,1020,P00533
1016,1003,P00533
1016,1027,P00533
1019,1000,P00533
1019,987,P00533
1019,1059,P00533
1019,1047,P00533
1019,1075,P00533
1019,1116,P00533
1019,1007,P00533
1019,1095,P00533
1019,1043,P00533
1019,1097,P00533
1019,1055,P00533
1019,1029,P00533
1019,359,P00533
1019,1024,P00533
1019,1087,P00533
1019,1115,P00533
1019,1091,P00533
1019,1021,P00533
1019,1074,P00533
1019,1009,P00533
1019,1094,P00533
1019,992,P00533
1019,1002,P00533
1019,991,P00533
1019,1018,P00533
1019,989,P00533
1019,1109,P00533
1019,978,P00533
1019,358,P00533
1019,361,P00533
1019,1090,P00533
1019,975,P00533
1019,1119,P00533
1019,1008,P00533
1019,1068,P00533
1019,993,P00533
1019,1088,P00533
1019,1081,P00533
1019,1046,P00533
1019,1026,P00533
1019,1114,P00533
1019,1049,P00533
1019,100,P00533
1019,1076,P00533
1019,1011,P00533
1019,1017,P00533
1019,976,P00533
1019,1065,P00533
1019,1020,P00533
1019,1003,P00533
1019,1027,P00533
1022,1000,P00533
1022,987,P00533
1022,1059,P00533
1022,1047,P00533
1022,1075,P00533
1022,1116,P00533
1022,1007,P00533
1022,1095,P00533
1022,1043,P00533
1022,1097,P00533
1022,1055,P00533
1022,1029,P00533
1022,359,P00533
1022,1024,P00533
1022,1087,P00533
1022,1115,P00533
1022,1091,P00533
1022,1021,P00533
1022,1074,P00533
1022,1009,P00533
1022,1094,P00533
1022,992,P00533
1022,1002,P00533
1022,991,P00533
1022,1018,P00533
1022,989,P00533
1022,1109,P00533
1022,978,P00533
1022,358,P00533
1022,361,P00533
1022,1090,P00533
1022,975,P00533
1022,1119,P00533
1022,1008,P00533
1022,1068,P00533
1022,993,P00533
1022,1088,P00533
1022,1081,P00533
1022,1046,P00533
1022,1026,P00533
1022,1114,P00533
1022,1049,P00533
1022,100,P00533
1022,1076,P00533
1022,1011,P00533
1022,1017,P00533
1022,976,P00533
1022,1065,P00533
1022,1020,P00533
1022,1003,P00533
1022,1027,P00533
1023,1000,P00533
1023,987,P00533
1023,1059,P00533
1023,1047,P00533
1023,1075,P00533
1023,1116,P00533
1023,1007,P00533
1023,1095,P00533
1023,1043,P00533
1023,1097,P00533
1023,1055,P00533
1023,1029,P00533
1023,359,P00533
1023,1024,P00533
1023,1087,P00533
1023,1115,P00533
1023,1091,P00533
1023,1021,P00533
1023,1074,P00533
1023,1009,P00533
1023,1094,P00533
1023,992,P00533
1023,1002,P00533
1023,991,P00533
1023,1018,P00533
1023,989,P00533
1023,1109,P00533
1023,978,P00533
1023,358,P00533
1023,361,P00533
1023,1090,P00533
1023,975,P00533
1023,1119,P00533
1023,1008,P00533
1023,1068,P00533
1023,993,P00533
1023,1088,P00533
1023,1081,P00533
1023,1046,P00533
1023,1026,P00533
1023,1114,P00533
1023,1049,P00533
1023,100,P00533
1023,1076,P00533
1023,1011,P00533
1023,1017,P00533
1023,976,P00533
1023,1065,P00533
1023,1020,P00533
1023,1003,P00533
1023,1027,P00533
