Run,Seed,SAMPLE_PDB_ID,SAMPLE_ID,MUTATION,True_DDG.EXP,Pred_DDG.EXP,ALL_Pearson,Best_Val_RMSE
21,2893020,6A2K,MdrDBcore00000,A16C+S108T,2.42,2.7259225845336914,0.572320818901062,1.1379423141479492
21,2893020,3UM8,MdrDBcore00001,A16C+S108T,-0.41,0.2140999734401703,0.572320818901062,1.1379423141479492
21,2893020,6A2K,MdrDBcore00002,A16G+S108T,2.64,3.1537256240844727,0.572320818901062,1.1379423141479492
21,2893020,6A2K,MdrDBcore00003,A16G+S108T,0.31,0.5389971137046814,0.572320818901062,1.1379423141479492
21,2893020,6A2K,MdrDBcore00004,A16S+S108T,3.65,3.96871280670166,0.572320818901062,1.1379423141479492
21,2893020,6A2K,MdrDBcore00005,A16S+S108T,0.31,0.5031365752220154,0.572320818901062,1.1379423141479492
21,2893020,6A2K,MdrDBcore00006,A16T+S108T,4.13,3.8052215576171875,0.572320818901062,1.1379423141479492
21,2893020,6A2K,MdrDBcore00007,A16T+S108T,0.24,0.23440903425216675,0.572320818901062,1.1379423141479492
21,2893020,6A2K,MdrDBcore00008,A16V+S108T,4.09,3.901524782180786,0.572320818901062,1.1379423141479492
21,2893020,6A2K,MdrDBcore00009,A16V+S108T,0.0,0.37360116839408875,0.572320818901062,1.1379423141479492
21,2893020,6A2K,MdrDBcore00010,C59R+S108N,1.81,2.5664777755737305,0.572320818901062,1.1379423141479492
21,2893020,6A2K,MdrDBcore00011,C59R+S108N,2.32,1.823076844215393,0.572320818901062,1.1379423141479492
21,2893020,6A2K,MdrDBcore00012,N51I+C59R+S108N+I164L,4.02,2.52555775642395,0.572320818901062,1.1379423141479492
21,2893020,3UM8,MdrDBcore00013,N51I+C59R+S108N+I164L,4.32,1.9469436407089233,0.572320818901062,1.1379423141479492
21,2893020,5FED,MdrDBcore00014,G719S+T790M,-0.56,-0.2695938050746918,0.572320818901062,1.1379423141479492
21,2893020,5FED,MdrDBcore00015,L858R+T790M,-0.7,-0.4493723213672638,0.572320818901062,1.1379423141479492
21,2893020,5I3U,MdrDBcore00016,A98G+G190A,0.47,0.4409438967704773,0.572320818901062,1.1379423141479492
21,2893020,5I3U,MdrDBcore00017,A98G+G190A,0.59,0.32129067182540894,0.572320818901062,1.1379423141479492
21,2893020,5I3U,MdrDBcore00018,A98G+Y181C,1.52,0.7722428441047668,0.572320818901062,1.1379423141479492
21,2893020,5I3U,MdrDBcore00019,A98G+Y181C,1.13,0.8370898962020874,0.572320818901062,1.1379423141479492
21,2893020,5I3U,MdrDBcore00020,E138K+M184I,0.96,0.9288095235824585,0.572320818901062,1.1379423141479492
21,2893020,5I3U,MdrDBcore00021,E138K+M184I,0.9,0.2486039102077484,0.572320818901062,1.1379423141479492
21,2893020,5I3U,MdrDBcore00022,E138K+M184V,0.78,0.36378955841064453,0.572320818901062,1.1379423141479492
21,2893020,5I3U,MdrDBcore00023,E138K+M184V,0.65,0.9400582313537598,0.572320818901062,1.1379423141479492
21,2893020,5I3U,MdrDBcore00024,K101E+G190A,0.65,0.2140951007604599,0.572320818901062,1.1379423141479492
21,2893020,5I3U,MdrDBcore00025,K101E+G190A,1.03,0.3216231167316437,0.572320818901062,1.1379423141479492
21,2893020,5I3U,MdrDBcore00026,K101E+G190S,0.35,0.11203791201114655,0.572320818901062,1.1379423141479492
21,2893020,5I3U,MdrDBcore00027,K101E+G190S,0.32,0.28566569089889526,0.572320818901062,1.1379423141479492
21,2893020,5I3U,MdrDBcore00028,K101E+Y181C,1.34,0.5136730074882507,0.572320818901062,1.1379423141479492
21,2893020,5I3U,MdrDBcore00029,K101E+Y181C,1.18,-0.11106114834547043,0.572320818901062,1.1379423141479492
21,2893020,5I3U,MdrDBcore00030,K101H+G190A,0.69,-0.2438403069972992,0.572320818901062,1.1379423141479492
21,2893020,5I3U,MdrDBcore00031,K101H+G190A,0.75,0.42026329040527344,0.572320818901062,1.1379423141479492
21,2893020,5I3U,MdrDBcore00032,K101H+Y181C,1.29,1.6771156787872314,0.572320818901062,1.1379423141479492
21,2893020,5I3U,MdrDBcore00033,K101H+Y181C,1.19,0.1729675829410553,0.572320818901062,1.1379423141479492
21,2893020,1S6Q,MdrDBcore00034,K103N+P225H,0.8,0.3986508846282959,0.572320818901062,1.1379423141479492
21,2893020,1S6Q,MdrDBcore00035,K103N+P225H,0.16,0.44965848326683044,0.572320818901062,1.1379423141479492
21,2893020,5I3U,MdrDBcore00036,V106M+F227L,0.06,-0.6992102861404419,0.572320818901062,1.1379423141479492
21,2893020,5I3U,MdrDBcore00037,V106M+F227L,-0.55,0.26034894585609436,0.572320818901062,1.1379423141479492
21,2893020,5I3U,MdrDBcore00038,V106M+V179D,1.03,0.2735271751880646,0.572320818901062,1.1379423141479492
21,2893020,5I3U,MdrDBcore00039,V106M+V179D,0.52,0.34882065653800964,0.572320818901062,1.1379423141479492
21,2893020,5I3U,MdrDBcore00040,V179F+Y181C,1.13,0.5436336398124695,0.572320818901062,1.1379423141479492
21,2893020,5I3U,MdrDBcore00041,Y181C+G190A,0.92,1.133447527885437,0.572320818901062,1.1379423141479492
21,2893020,5I3U,MdrDBcore00042,Y181C+G190A,0.57,0.49977028369903564,0.572320818901062,1.1379423141479492
21,2893020,5I3U,MdrDBcore00043,Y181C+G190S,1.98,-0.3264825940132141,0.572320818901062,1.1379423141479492
21,2893020,5I3U,MdrDBcore00044,Y181C+G190S,1.09,0.2042856514453888,0.572320818901062,1.1379423141479492
21,2893020,1S6Q,MdrDBcore00045,Y181C+H221Y,1.82,1.704234004020691,0.572320818901062,1.1379423141479492
21,2893020,1IKY,MdrDBcore00046,Y181C+H221Y,1.08,0.21660146117210388,0.572320818901062,1.1379423141479492
21,2893020,3BGB,MdrDBcore00047,G48V+L90M,1.42,0.21911609172821045,0.572320818901062,1.1379423141479492
21,2893020,3BGB,MdrDBcore00048,L10F+I50V,2.43,0.5169779062271118,0.572320818901062,1.1379423141479492
21,2893020,3BGB,MdrDBcore00049,L10F+I84V,1.78,0.4201633930206299,0.572320818901062,1.1379423141479492
21,2893020,3BGB,MdrDBcore00050,V82F+I84V,2.73,1.5326799154281616,0.572320818901062,1.1379423141479492
21,2893020,3LEP,MdrDBcore00051,S302R+C303D,1.91,0.3825727105140686,0.572320818901062,1.1379423141479492
21,2893020,3UM8,MdrDBcore00052,A16C,0.07,0.6009526252746582,0.572320818901062,1.1379423141479492
21,2893020,3QGT,MdrDBcore00053,A16C,0.17,0.454410582780838,0.572320818901062,1.1379423141479492
21,2893020,3UM8,MdrDBcore00054,A16G,0.74,0.8080956935882568,0.572320818901062,1.1379423141479492
21,2893020,3QGT,MdrDBcore00055,A16G,0.5,0.6697143912315369,0.572320818901062,1.1379423141479492
21,2893020,3UM8,MdrDBcore00056,A16S,2.63,0.7316699028015137,0.572320818901062,1.1379423141479492
21,2893020,3QGT,MdrDBcore00057,A16S,1.79,0.584647536277771,0.572320818901062,1.1379423141479492
21,2893020,3UM8,MdrDBcore00058,S108N,1.25,0.8017034530639648,0.572320818901062,1.1379423141479492
21,2893020,3QGT,MdrDBcore00059,S108N,1.88,0.6411415338516235,0.572320818901062,1.1379423141479492
21,2893020,3UM8,MdrDBcore00060,S108T,0.64,0.7783892750740051,0.572320818901062,1.1379423141479492
21,2893020,3QGT,MdrDBcore00061,S108T,0.0,0.6432758569717407,0.572320818901062,1.1379423141479492
21,2893020,2GQG,MdrDBcore00062,E255K,1.16,0.9852638244628906,0.572320818901062,1.1379423141479492
21,2893020,3CS9,MdrDBcore00063,E255K,1.63,0.6914694309234619,0.572320818901062,1.1379423141479492
21,2893020,2GQG,MdrDBcore00064,E255V,1.56,0.985263466835022,0.572320818901062,1.1379423141479492
21,2893020,3CS9,MdrDBcore00065,E255V,2.09,0.6914695501327515,0.572320818901062,1.1379423141479492
21,2893020,2GQG,MdrDBcore00066,E355G,0.48,0.9852638244628906,0.572320818901062,1.1379423141479492
21,2893020,2GQG,MdrDBcore00067,F311L,0.29,0.9852635860443115,0.572320818901062,1.1379423141479492
21,2893020,3CS9,MdrDBcore00068,F311L,0.34,0.6914694309234619,0.572320818901062,1.1379423141479492
21,2893020,2GQG,MdrDBcore00069,F317L,1.33,1.0207442045211792,0.572320818901062,1.1379423141479492
21,2893020,3CS9,MdrDBcore00070,F317L,0.8,0.6811208128929138,0.572320818901062,1.1379423141479492
21,2893020,2GQG,MdrDBcore00071,F317V,2.5,1.0414525270462036,0.572320818901062,1.1379423141479492
21,2893020,2GQG,MdrDBcore00072,F359V,0.6,0.9852636456489563,0.572320818901062,1.1379423141479492
21,2893020,3CS9,MdrDBcore00073,F359V,1.55,0.6312169432640076,0.572320818901062,1.1379423141479492
21,2893020,2GQG,MdrDBcore00074,G250E,0.48,0.9852637648582458,0.572320818901062,1.1379423141479492
21,2893020,3CS9,MdrDBcore00075,G250E,0.78,0.6914695501327515,0.572320818901062,1.1379423141479492
21,2893020,2GQG,MdrDBcore00076,H396P,-0.17,0.9500863552093506,0.572320818901062,1.1379423141479492
21,2893020,3CS9,MdrDBcore00077,H396P,0.68,0.6914695501327515,0.572320818901062,1.1379423141479492
21,2893020,2GQG,MdrDBcore00078,H396R,0.29,0.9178733229637146,0.572320818901062,1.1379423141479492
21,2893020,3CS9,MdrDBcore00079,H396R,0.68,0.6914692521095276,0.572320818901062,1.1379423141479492
21,2893020,2GQG,MdrDBcore00080,L387M,0.55,0.9852637052536011,0.572320818901062,1.1379423141479492
21,2893020,3CS9,MdrDBcore00081,L387M,0.79,0.6914694905281067,0.572320818901062,1.1379423141479492
21,2893020,2GQG,MdrDBcore00082,M244V,0.29,0.9852637648582458,0.572320818901062,1.1379423141479492
21,2893020,3CS9,MdrDBcore00083,M244V,0.64,0.6914695501327515,0.572320818901062,1.1379423141479492
21,2893020,2GQG,MdrDBcore00084,M351T,0.19,0.985263466835022,0.572320818901062,1.1379423141479492
21,2893020,3CS9,MdrDBcore00085,M351T,0.09,0.6914695501327515,0.572320818901062,1.1379423141479492
21,2893020,2GQG,MdrDBcore00086,Q252H,0.86,0.9852637648582458,0.572320818901062,1.1379423141479492
21,2893020,3CS9,MdrDBcore00087,Q252H,1.0,0.6914694905281067,0.572320818901062,1.1379423141479492
21,2893020,2GQG,MdrDBcore00088,T315A,3.01,1.0008851289749146,0.572320818901062,1.1379423141479492
21,2893020,3CS9,MdrDBcore00089,T315A,0.92,0.5472899675369263,0.572320818901062,1.1379423141479492
21,2893020,2GQG,MdrDBcore00090,T315I,3.29,0.9290225505828857,0.572320818901062,1.1379423141479492
21,2893020,3CS9,MdrDBcore00091,T315I,3.0,0.6874536275863647,0.572320818901062,1.1379423141479492
21,2893020,2GQG,MdrDBcore00092,V299L,1.86,0.9324015378952026,0.572320818901062,1.1379423141479492
21,2893020,2GQG,MdrDBcore00093,V379I,0.0,0.9852637648582458,0.572320818901062,1.1379423141479492
21,2893020,3CS9,MdrDBcore00094,V379I,0.81,0.6915940642356873,0.572320818901062,1.1379423141479492
21,2893020,2GQG,MdrDBcore00095,Y253F,0.33,0.9868636727333069,0.572320818901062,1.1379423141479492
21,2893020,3CS9,MdrDBcore00096,Y253F,1.35,0.6810406446456909,0.572320818901062,1.1379423141479492
21,2893020,2GQG,MdrDBcore00097,Y253H,0.29,0.954154372215271,0.572320818901062,1.1379423141479492
21,2893020,3CS9,MdrDBcore00098,Y253H,2.11,0.6487776041030884,0.572320818901062,1.1379423141479492
21,2893020,5CAN,MdrDBcore00099,G719S,0.48,0.3226664066314697,0.572320818901062,1.1379423141479492
21,2893020,6D8E,MdrDBcore00100,L858R,-1.6,-0.42892321944236755,0.572320818901062,1.1379423141479492
21,2893020,2ITY,MdrDBcore00101,T790M,-1.21,-0.21918386220932007,0.572320818901062,1.1379423141479492
21,2893020,2ZD1,MdrDBcore00102,A98G,0.24,0.4060775339603424,0.572320818901062,1.1379423141479492
21,2893020,2ZD1,MdrDBcore00103,A98G,0.41,0.4060775339603424,0.572320818901062,1.1379423141479492
21,2893020,2ZD1,MdrDBcore00104,E138A,0.57,0.4060775339603424,0.572320818901062,1.1379423141479492
21,2893020,2ZD1,MdrDBcore00105,E138A,0.32,0.4060775339603424,0.572320818901062,1.1379423141479492
21,2893020,2ZD1,MdrDBcore00106,E138G,0.88,0.40607762336730957,0.572320818901062,1.1379423141479492
21,2893020,2ZD1,MdrDBcore00107,E138G,0.61,0.40607744455337524,0.572320818901062,1.1379423141479492
21,2893020,2ZD1,MdrDBcore00108,E138K,0.78,0.40607747435569763,0.572320818901062,1.1379423141479492
21,2893020,2ZD1,MdrDBcore00109,E138K,0.81,0.40607762336730957,0.572320818901062,1.1379423141479492
21,2893020,2ZD1,MdrDBcore00110,E138Q,1.5,0.4060775637626648,0.572320818901062,1.1379423141479492
21,2893020,2ZD1,MdrDBcore00111,E138Q,1.17,0.40607741475105286,0.572320818901062,1.1379423141479492
21,2893020,2ZD1,MdrDBcore00112,E138R,1.47,0.40607750415802,0.572320818901062,1.1379423141479492
21,2893020,2ZD1,MdrDBcore00113,E138R,1.14,0.40607771277427673,0.572320818901062,1.1379423141479492
21,2893020,2ZD1,MdrDBcore00114,F227C,0.76,0.4194357097148895,0.572320818901062,1.1379423141479492
21,2893020,2ZD1,MdrDBcore00115,F227C,0.84,0.4194354712963104,0.572320818901062,1.1379423141479492
21,2893020,2ZD1,MdrDBcore00116,G190A,-0.21,0.4440179467201233,0.572320818901062,1.1379423141479492
21,2893020,2ZD1,MdrDBcore00117,G190A,0.0,0.4440183937549591,0.572320818901062,1.1379423141479492
21,2893020,2ZD1,MdrDBcore00118,G190S,-0.41,0.4584622085094452,0.572320818901062,1.1379423141479492
21,2893020,2ZD1,MdrDBcore00119,G190S,-1.37,0.4584619700908661,0.572320818901062,1.1379423141479492
21,2893020,3TKW,MdrDBcore00120,G48V,2.01,0.6819250583648682,0.572320818901062,1.1379423141479492
21,2893020,2ZD1,MdrDBcore00121,H221Y,0.32,0.4060778021812439,0.572320818901062,1.1379423141479492
21,2893020,2ZD1,MdrDBcore00122,H221Y,0.28,0.4060775339603424,0.572320818901062,1.1379423141479492
21,2893020,3TKW,MdrDBcore00123,I50V,2.05,0.9059985876083374,0.572320818901062,1.1379423141479492
21,2893020,3TKW,MdrDBcore00124,I54M,0.61,0.6821727156639099,0.572320818901062,1.1379423141479492
21,2893020,3TKW,MdrDBcore00125,I54V,1.28,0.6821728348731995,0.572320818901062,1.1379423141479492
21,2893020,2ZD1,MdrDBcore00126,K101E,0.57,0.47250062227249146,0.572320818901062,1.1379423141479492
21,2893020,2ZD1,MdrDBcore00127,K101E,0.59,0.4725007116794586,0.572320818901062,1.1379423141479492
21,2893020,2ZD1,MdrDBcore00128,K101H,0.06,0.4136416018009186,0.572320818901062,1.1379423141479492
21,2893020,2ZD1,MdrDBcore00129,K101H,0.41,0.41364166140556335,0.572320818901062,1.1379423141479492
21,2893020,2ZD1,MdrDBcore00130,K101P,0.86,0.30296242237091064,0.572320818901062,1.1379423141479492
21,2893020,2ZD1,MdrDBcore00131,K101P,1.83,0.30296236276626587,0.572320818901062,1.1379423141479492
21,2893020,2ZD1,MdrDBcore00132,K103N,-0.13,0.25990110635757446,0.572320818901062,1.1379423141479492
21,2893020,2ZD1,MdrDBcore00133,K103N,0.0,0.2599009573459625,0.572320818901062,1.1379423141479492
21,2893020,2ZD1,MdrDBcore00134,K103S,0.32,0.42509010434150696,0.572320818901062,1.1379423141479492
21,2893020,2ZD1,MdrDBcore00135,K103S,0.32,0.42508992552757263,0.572320818901062,1.1379423141479492
21,2893020,2ZD1,MdrDBcore00136,L100I,0.41,0.3920610547065735,0.572320818901062,1.1379423141479492
21,2893020,2ZD1,MdrDBcore00137,L100I,-0.21,0.3920612335205078,0.572320818901062,1.1379423141479492
21,2893020,2ZD1,MdrDBcore00138,M230I,1.29,0.4060775339603424,0.572320818901062,1.1379423141479492
21,2893020,2ZD1,MdrDBcore00139,M230I,1.03,0.40607744455337524,0.572320818901062,1.1379423141479492
21,2893020,2ZD1,MdrDBcore00140,M230L,1.35,0.4060775339603424,0.572320818901062,1.1379423141479492
21,2893020,2ZD1,MdrDBcore00141,M230L,1.15,0.40607762336730957,0.572320818901062,1.1379423141479492
21,2893020,2ZD1,MdrDBcore00142,P225H,-0.3,0.3943772315979004,0.572320818901062,1.1379423141479492
21,2893020,2ZD1,MdrDBcore00143,P225H,-0.55,0.3943774104118347,0.572320818901062,1.1379423141479492
21,2893020,2ZD1,MdrDBcore00144,V106A,0.11,0.22454780340194702,0.572320818901062,1.1379423141479492
21,2893020,2ZD1,MdrDBcore00145,V106A,-0.21,0.22454795241355896,0.572320818901062,1.1379423141479492
21,2893020,2ZD1,MdrDBcore00146,V106I,-0.3,0.40064316987991333,0.572320818901062,1.1379423141479492
21,2893020,2ZD1,MdrDBcore00147,V106I,-0.41,0.4006429612636566,0.572320818901062,1.1379423141479492
21,2893020,2ZD1,MdrDBcore00148,V106M,0.28,0.3615526258945465,0.572320818901062,1.1379423141479492
21,2893020,2ZD1,MdrDBcore00149,V106M,0.0,0.3615526258945465,0.572320818901062,1.1379423141479492
21,2893020,2ZD1,MdrDBcore00150,V108I,-0.21,0.4060777425765991,0.572320818901062,1.1379423141479492
21,2893020,2ZD1,MdrDBcore00151,V108I,-0.3,0.40607741475105286,0.572320818901062,1.1379423141479492
21,2893020,2ZD1,MdrDBcore00152,V179D,0.28,0.45381349325180054,0.572320818901062,1.1379423141479492
21,2893020,2ZD1,MdrDBcore00153,V179D,0.0,0.4538135528564453,0.572320818901062,1.1379423141479492
21,2893020,2ZD1,MdrDBcore00154,V179L,-0.21,0.27793827652931213,0.572320818901062,1.1379423141479492
21,2893020,2ZD1,MdrDBcore00155,V179L,-0.41,0.2779383361339569,0.572320818901062,1.1379423141479492
21,2893020,2ZD1,MdrDBcore00156,V179T,0.06,0.4158642888069153,0.572320818901062,1.1379423141479492
21,2893020,2ZD1,MdrDBcore00157,V179T,0.11,0.4158644378185272,0.572320818901062,1.1379423141479492
21,2893020,2ZD1,MdrDBcore00158,V90I,0.16,0.4060775935649872,0.572320818901062,1.1379423141479492
21,2893020,2ZD1,MdrDBcore00159,V90I,0.11,0.4060775637626648,0.572320818901062,1.1379423141479492
21,2893020,2ZD1,MdrDBcore00160,Y181C,0.81,0.4486136734485626,0.572320818901062,1.1379423141479492
21,2893020,2ZD1,MdrDBcore00161,Y181C,0.11,0.44861388206481934,0.572320818901062,1.1379423141479492
21,2893020,2ZD1,MdrDBcore00162,Y181I,2.05,0.4350942373275757,0.572320818901062,1.1379423141479492
21,2893020,2ZD1,MdrDBcore00163,Y181I,2.05,0.43509426712989807,0.572320818901062,1.1379423141479492
21,2893020,2ZD1,MdrDBcore00164,Y181V,1.83,0.4435542821884155,0.572320818901062,1.1379423141479492
21,2893020,2ZD1,MdrDBcore00165,Y188C,-1.37,0.5006837248802185,0.572320818901062,1.1379423141479492
21,2893020,2ZD1,MdrDBcore00166,Y188C,-0.96,0.5006839036941528,0.572320818901062,1.1379423141479492
21,2893020,2ZD1,MdrDBcore00167,Y188H,-0.96,0.3054521381855011,0.572320818901062,1.1379423141479492
21,2893020,2ZD1,MdrDBcore00168,Y188H,-0.3,0.30545204877853394,0.572320818901062,1.1379423141479492
21,2893020,2ZD1,MdrDBcore00169,Y188L,0.63,0.43239688873291016,0.572320818901062,1.1379423141479492
21,2893020,2ZD1,MdrDBcore00170,Y188L,1.23,0.4323969781398773,0.572320818901062,1.1379423141479492
21,2893020,1FK9,MdrDBcore00171,A98G,0.76,0.8152070045471191,0.572320818901062,1.1379423141479492
21,2893020,1VRT,MdrDBcore00172,A98G,1.23,0.8855226635932922,0.572320818901062,1.1379423141479492
21,2893020,1FK9,MdrDBcore00173,E138A,0.16,0.8152070045471191,0.572320818901062,1.1379423141479492
21,2893020,1VRT,MdrDBcore00174,E138A,0.06,0.8855225443840027,0.572320818901062,1.1379423141479492
21,2893020,1FK9,MdrDBcore00175,E138G,0.32,0.8152069449424744,0.572320818901062,1.1379423141479492
21,2893020,1VRT,MdrDBcore00176,E138G,0.47,0.8855223059654236,0.572320818901062,1.1379423141479492
21,2893020,1FK9,MdrDBcore00177,E138K,0.59,0.8152071237564087,0.572320818901062,1.1379423141479492
21,2893020,1VRT,MdrDBcore00178,E138K,0.38,0.8855226635932922,0.572320818901062,1.1379423141479492
21,2893020,1FK9,MdrDBcore00179,E138Q,1.15,0.8152070641517639,0.572320818901062,1.1379423141479492
21,2893020,1VRT,MdrDBcore00180,E138Q,1.38,0.8855225443840027,0.572320818901062,1.1379423141479492
21,2893020,1FK9,MdrDBcore00181,E138R,0.92,0.81520676612854,0.572320818901062,1.1379423141479492
21,2893020,1VRT,MdrDBcore00182,E138R,0.94,0.8855226039886475,0.572320818901062,1.1379423141479492
21,2893020,1FK9,MdrDBcore00183,F227C,0.97,0.8081226348876953,0.572320818901062,1.1379423141479492
21,2893020,1VRT,MdrDBcore00184,F227C,1.71,0.8948855996131897,0.572320818901062,1.1379423141479492
21,2893020,1FK9,MdrDBcore00185,G190A,1.21,0.8804240822792053,0.572320818901062,1.1379423141479492
21,2893020,1VRT,MdrDBcore00186,G190A,2.57,0.9087892174720764,0.572320818901062,1.1379423141479492
21,2893020,1FK9,MdrDBcore00187,G190S,2.3,0.9405256509780884,0.572320818901062,1.1379423141479492
21,2893020,1VRT,MdrDBcore00188,G190S,3.18,0.9394010305404663,0.572320818901062,1.1379423141479492
21,2893020,1HXB,MdrDBcore00189,G48V,3.01,0.830788791179657,0.572320818901062,1.1379423141479492
21,2893020,1FK9,MdrDBcore00190,H221Y,0.41,0.8152071237564087,0.572320818901062,1.1379423141479492
21,2893020,1VRT,MdrDBcore00191,H221Y,0.88,0.8855227828025818,0.572320818901062,1.1379423141479492
21,2893020,1HXB,MdrDBcore00192,I47V,-0.41,0.8139281868934631,0.572320818901062,1.1379423141479492
21,2893020,1HXB,MdrDBcore00193,I50V,1.89,0.8210843801498413,0.572320818901062,1.1379423141479492
21,2893020,1HXB,MdrDBcore00194,I54M,0.95,0.8199983239173889,0.572320818901062,1.1379423141479492
21,2893020,1HXB,MdrDBcore00195,I54V,1.61,0.8199985027313232,0.572320818901062,1.1379423141479492
21,2893020,1HXB,MdrDBcore00196,I84V,1.68,0.8680001497268677,0.572320818901062,1.1379423141479492
21,2893020,1FK9,MdrDBcore00197,K101E,0.96,0.7913229465484619,0.572320818901062,1.1379423141479492
21,2893020,1VRT,MdrDBcore00198,K101E,1.46,0.8855582475662231,0.572320818901062,1.1379423141479492
21,2893020,1FK9,MdrDBcore00199,K101H,0.69,0.820235013961792,0.572320818901062,1.1379423141479492
21,2893020,1VRT,MdrDBcore00200,K101H,1.18,0.8855512142181396,0.572320818901062,1.1379423141479492
21,2893020,1FK9,MdrDBcore00201,K101P,2.2,0.8270956873893738,0.572320818901062,1.1379423141479492
21,2893020,1FK9,MdrDBcore00202,K103N,1.94,0.9345947504043579,0.572320818901062,1.1379423141479492
21,2893020,1VRT,MdrDBcore00203,K103N,2.39,0.917323887348175,0.572320818901062,1.1379423141479492
21,2893020,1FK9,MdrDBcore00204,K103S,1.58,0.8242823481559753,0.572320818901062,1.1379423141479492
21,2893020,1FK9,MdrDBcore00205,L100I,1.37,0.9106584787368774,0.572320818901062,1.1379423141479492
21,2893020,1VRT,MdrDBcore00206,L100I,0.67,0.8371891379356384,0.572320818901062,1.1379423141479492
21,2893020,1HXB,MdrDBcore00207,L10F,0.33,0.8199982047080994,0.572320818901062,1.1379423141479492
21,2893020,1HXB,MdrDBcore00208,L90M,0.59,0.8199987411499023,0.572320818901062,1.1379423141479492
21,2893020,1FK9,MdrDBcore00209,M230I,1.41,0.8152070045471191,0.572320818901062,1.1379423141479492
21,2893020,1VRT,MdrDBcore00210,M230I,1.64,0.885522723197937,0.572320818901062,1.1379423141479492
21,2893020,1FK9,MdrDBcore00211,M230L,1.64,0.8152070641517639,0.572320818901062,1.1379423141479492
21,2893020,1HXB,MdrDBcore00212,M46I,0.0,0.8199983835220337,0.572320818901062,1.1379423141479492
21,2893020,1FK9,MdrDBcore00213,P225H,0.2,0.8152070045471191,0.572320818901062,1.1379423141479492
21,2893020,1VRT,MdrDBcore00214,P225H,0.41,0.8855229616165161,0.572320818901062,1.1379423141479492
21,2893020,1FK9,MdrDBcore00215,V106A,0.32,0.7822301983833313,0.572320818901062,1.1379423141479492
21,2893020,1VRT,MdrDBcore00216,V106A,2.48,0.8330150842666626,0.572320818901062,1.1379423141479492
21,2893020,1FK9,MdrDBcore00217,V106I,-0.3,0.8661006689071655,0.572320818901062,1.1379423141479492
21,2893020,1VRT,MdrDBcore00218,V106I,-0.21,0.9291291236877441,0.572320818901062,1.1379423141479492
21,2893020,1FK9,MdrDBcore00219,V106M,1.81,1.0439640283584595,0.572320818901062,1.1379423141479492
21,2893020,1VRT,MdrDBcore00220,V106M,2.05,0.9170867204666138,0.572320818901062,1.1379423141479492
21,2893020,1FK9,MdrDBcore00221,V108I,0.32,0.8152070641517639,0.572320818901062,1.1379423141479492
21,2893020,1VRT,MdrDBcore00222,V108I,0.65,0.8855226635932922,0.572320818901062,1.1379423141479492
21,2893020,1FK9,MdrDBcore00223,V179D,0.65,0.7495757937431335,0.572320818901062,1.1379423141479492
21,2893020,1VRT,MdrDBcore00224,V179D,0.16,0.883287250995636,0.572320818901062,1.1379423141479492
21,2893020,1VRT,MdrDBcore00225,V179F,-1.37,0.9203267693519592,0.572320818901062,1.1379423141479492
21,2893020,1FK9,MdrDBcore00226,V179L,-0.55,0.8684278726577759,0.572320818901062,1.1379423141479492
21,2893020,1VRT,MdrDBcore00227,V179L,-0.3,0.8811055421829224,0.572320818901062,1.1379423141479492
21,2893020,1FK9,MdrDBcore00228,V179T,-0.21,0.8028854727745056,0.572320818901062,1.1379423141479492
21,2893020,1VRT,MdrDBcore00229,V179T,-0.13,0.8878899812698364,0.572320818901062,1.1379423141479492
21,2893020,1HXB,MdrDBcore00230,V32I,0.28,0.8243035078048706,0.572320818901062,1.1379423141479492
21,2893020,1HXB,MdrDBcore00231,V82A,0.3,0.8769526481628418,0.572320818901062,1.1379423141479492
21,2893020,1HXB,MdrDBcore00232,V82I,1.18,0.819222629070282,0.572320818901062,1.1379423141479492
21,2893020,1FK9,MdrDBcore00233,V90I,0.06,0.8152069449424744,0.572320818901062,1.1379423141479492
21,2893020,1VRT,MdrDBcore00234,V90I,0.16,0.885522723197937,0.572320818901062,1.1379423141479492
21,2893020,1FK9,MdrDBcore00235,Y181C,0.65,0.86065673828125,0.572320818901062,1.1379423141479492
21,2893020,1VRT,MdrDBcore00236,Y181C,3.03,0.8946403861045837,0.572320818901062,1.1379423141479492
21,2893020,1FK9,MdrDBcore00237,Y181I,0.06,0.8944170475006104,0.572320818901062,1.1379423141479492
21,2893020,1FK9,MdrDBcore00238,Y181V,0.47,0.8452939391136169,0.572320818901062,1.1379423141479492
21,2893020,1FK9,MdrDBcore00239,Y188C,0.78,0.8610283732414246,0.572320818901062,1.1379423141479492
21,2893020,1FK9,MdrDBcore00240,Y188H,0.9,0.7972791790962219,0.572320818901062,1.1379423141479492
21,2893020,1VRT,MdrDBcore00241,Y188H,0.47,0.8613991141319275,0.572320818901062,1.1379423141479492
21,2893020,1FK9,MdrDBcore00242,Y188L,2.8,0.8293556571006775,0.572320818901062,1.1379423141479492
21,2893020,1VRT,MdrDBcore00243,Y188L,3.7,0.911086916923523,0.572320818901062,1.1379423141479492
21,2893020,1HPV,MdrDBcore00244,G48V,0.82,1.116026759147644,0.572320818901062,1.1379423141479492
21,2893020,1HPV,MdrDBcore00245,I47V,-0.24,1.118178129196167,0.572320818901062,1.1379423141479492
21,2893020,1HPV,MdrDBcore00246,I50V,2.48,1.1135095357894897,0.572320818901062,1.1379423141479492
21,2893020,1HPV,MdrDBcore00247,I84V,1.86,1.273474097251892,0.572320818901062,1.1379423141479492
21,2893020,1HPV,MdrDBcore00248,L10F,-0.11,1.1159533262252808,0.572320818901062,1.1379423141479492
21,2893020,1HPV,MdrDBcore00249,L90M,0.65,1.115953803062439,0.572320818901062,1.1379423141479492
21,2893020,1HPV,MdrDBcore00250,M46I,-0.41,1.1159533262252808,0.572320818901062,1.1379423141479492
21,2893020,1HPV,MdrDBcore00251,V82A,0.33,1.0986508131027222,0.572320818901062,1.1379423141479492
21,2893020,1HPV,MdrDBcore00252,V82I,0.71,1.1351970434188843,0.572320818901062,1.1379423141479492
21,2893020,1PWM,MdrDBcore00253,C303D,1.04,0.2638072371482849,0.572320818901062,1.1379423141479492
21,2893020,1PWM,MdrDBcore00254,F121P,0.29,0.2638078033924103,0.572320818901062,1.1379423141479492
21,2893020,1PWM,MdrDBcore00255,L300A,0.46,0.2638081908226013,0.572320818901062,1.1379423141479492
21,2893020,1PWM,MdrDBcore00256,L300P,1.88,0.2638080418109894,0.572320818901062,1.1379423141479492
21,2893020,1PWM,MdrDBcore00257,L301M,0.7,0.26380813121795654,0.572320818901062,1.1379423141479492
21,2893020,1PWM,MdrDBcore00258,T113Y,2.08,0.26380807161331177,0.572320818901062,1.1379423141479492
21,2893020,1PWM,MdrDBcore00259,V47I,0.14,0.26380783319473267,0.572320818901062,1.1379423141479492
21,2893020,1MUI,MdrDBcore00260,D30N,0.77,0.4985986053943634,0.572320818901062,1.1379423141479492
21,2893020,1MUI,MdrDBcore00261,L90M,-0.06,0.5007820725440979,0.572320818901062,1.1379423141479492
21,2893020,1MUI,MdrDBcore00262,N88D,-0.19,0.5007821917533875,0.572320818901062,1.1379423141479492
21,2893020,3B7E,MdrDBcore00263,E119A,4.25,2.431748390197754,0.572320818901062,1.1379423141479492
21,2893020,3B7E,MdrDBcore00264,H274Y,0.55,0.9959547519683838,0.572320818901062,1.1379423141479492
21,2893020,3B7E,MdrDBcore00265,I117V,0.84,0.7183388471603394,0.572320818901062,1.1379423141479492
21,2893020,3B7E,MdrDBcore00266,K150N,0.11,0.7183387279510498,0.572320818901062,1.1379423141479492
21,2893020,3B7E,MdrDBcore00267,N294S,0.73,0.585355818271637,0.572320818901062,1.1379423141479492
21,2893020,3B7E,MdrDBcore00268,V116A,2.08,0.7183391451835632,0.572320818901062,1.1379423141479492
21,2893020,3B7E,MdrDBcore00269,Y252H,0.16,0.7183375358581543,0.572320818901062,1.1379423141479492
21,2893020,1OHR,MdrDBcore00270,G48V,0.65,1.032728672027588,0.572320818901062,1.1379423141479492
21,2893020,1OHR,MdrDBcore00271,I84V,1.2,1.1248066425323486,0.572320818901062,1.1379423141479492
21,2893020,1OHR,MdrDBcore00272,L90M,0.41,1.03285551071167,0.572320818901062,1.1379423141479492
21,2893020,1OHR,MdrDBcore00273,V82A,0.86,1.11112380027771,0.572320818901062,1.1379423141479492
21,2893020,1OHR,MdrDBcore00274,V82F,1.61,1.1019364595413208,0.572320818901062,1.1379423141479492
21,2893020,1OHR,MdrDBcore00275,V82I,1.7,1.032507061958313,0.572320818901062,1.1379423141479492
21,2893020,3C4C,MdrDBcore00276,N486_P491delNVTAP,0.0,-0.20812085270881653,0.572320818901062,1.1379423141479492
21,2893020,3C4C,MdrDBcore00277,N486_P491delNVTAP,-2.23,-1.5545567274093628,0.572320818901062,1.1379423141479492
21,2893020,3EYL,MdrDBcore00278,E350delE,0.0,-0.261663556098938,0.572320818901062,1.1379423141479492
21,2893020,7MFD,MdrDBcore00279,V600E+I208V,0.0,0.6136508584022522,0.572320818901062,1.1379423141479492
21,2893020,7MFD,MdrDBcore00280,V600E+I208V,-1.42,-0.23219311237335205,0.572320818901062,1.1379423141479492
21,2893020,2FK3,MdrDBcore00281,D177N,0.476,0.6548668146133423,0.572320818901062,1.1379423141479492
21,2893020,3UMI,MdrDBcore00282,E462K,0.496,0.3344132900238037,0.572320818901062,1.1379423141479492
21,2893020,1TKN,MdrDBcore00283,E556G,-4.106,0.8299703598022461,0.572320818901062,1.1379423141479492
21,2893020,2FK3,MdrDBcore00284,F179S,-0.371,0.013423867523670197,0.572320818901062,1.1379423141479492
21,2893020,1TKN,MdrDBcore00285,K510N,0.496,0.16643759608268738,0.572320818901062,1.1379423141479492
21,2893020,3UMI,MdrDBcore00286,M406V,0.496,0.6200087666511536,0.572320818901062,1.1379423141479492
21,2893020,1TKN,MdrDBcore00287,N550K,0.496,0.02271036058664322,0.572320818901062,1.1379423141479492
21,2893020,3MOQ,MdrDBcore00288,R100Q,-1.543,0.5766398310661316,0.572320818901062,1.1379423141479492
21,2893020,3MOQ,MdrDBcore00289,R102P,0.496,-0.01612398773431778,0.572320818901062,1.1379423141479492
21,2893020,1TKN,MdrDBcore00290,R540H,0.496,0.3999798595905304,0.572320818901062,1.1379423141479492
21,2893020,1TKN,MdrDBcore00291,Y538H,0.496,-0.023514218628406525,0.572320818901062,1.1379423141479492
21,2893020,6UAN,MdrDBcore00292,A728V,-2.513,-0.47219231724739075,0.572320818901062,1.1379423141479492
21,2893020,6Q0T,MdrDBcore00293,A728V,-2.814,-0.4370338022708893,0.572320818901062,1.1379423141479492
21,2893020,6NYB,MdrDBcore00294,E275K,0.0,0.35006898641586304,0.572320818901062,1.1379423141479492
21,2893020,6NYB,MdrDBcore00295,E275K,-2.313,-0.198651522397995,0.572320818901062,1.1379423141479492
21,2893020,3C4C,MdrDBcore00296,G464E,-2.837,0.23362997174263,0.572320818901062,1.1379423141479492
21,2893020,3C4C,MdrDBcore00297,G466V,0.0,-0.151172935962677,0.572320818901062,1.1379423141479492
21,2893020,3C4C,MdrDBcore00298,G466V,-2.766,0.18112555146217346,0.572320818901062,1.1379423141479492
21,2893020,7M0X,MdrDBcore00299,K601N,-2.532,-0.24817630648612976,0.572320818901062,1.1379423141479492
21,2893020,7M0X,MdrDBcore00300,K601N,-2.948,-0.41404905915260315,0.572320818901062,1.1379423141479492
21,2893020,3C4C,MdrDBcore00301,L485W,0.0,0.015854470431804657,0.572320818901062,1.1379423141479492
21,2893020,3C4C,MdrDBcore00302,L485W,-2.901,0.23296386003494263,0.572320818901062,1.1379423141479492
21,2893020,7M0X,MdrDBcore00303,L597R,0.0,-0.4385956823825836,0.572320818901062,1.1379423141479492
21,2893020,7M0X,MdrDBcore00304,L597R,0.154,-0.7162365317344666,0.572320818901062,1.1379423141479492
21,2893020,7M0X,MdrDBcore00305,L597V,-1.652,-0.13399511575698853,0.572320818901062,1.1379423141479492
21,2893020,7M0X,MdrDBcore00306,L597V,-1.444,-0.884222149848938,0.572320818901062,1.1379423141479492
21,2893020,3C4C,MdrDBcore00307,M650I,0.0,0.0950355976819992,0.572320818901062,1.1379423141479492
21,2893020,3C4C,MdrDBcore00308,M650I,-0.593,0.5619556903839111,0.572320818901062,1.1379423141479492
21,2893020,5VR3,MdrDBcore00309,P74A,0.0,-0.3330098092556,0.572320818901062,1.1379423141479492
21,2893020,5VR3,MdrDBcore00310,P74A,-1.968,-1.4541828632354736,0.572320818901062,1.1379423141479492
21,2893020,3C4C,MdrDBcore00311,R682Q,0.0,0.2452443242073059,0.572320818901062,1.1379423141479492
21,2893020,3C4C,MdrDBcore00312,R682Q,0.132,0.32297152280807495,0.572320818901062,1.1379423141479492
21,2893020,6NYB,MdrDBcore00313,S273N,0.0,0.24525007605552673,0.572320818901062,1.1379423141479492
21,2893020,7MFD,MdrDBcore00314,S273N,1.715,-0.5143852829933167,0.572320818901062,1.1379423141479492
21,2893020,3C4C,MdrDBcore00315,S683N,0.0,0.11013229191303253,0.572320818901062,1.1379423141479492
21,2893020,3C4C,MdrDBcore00316,S683N,-0.956,0.4317285418510437,0.572320818901062,1.1379423141479492
21,2893020,5J18,MdrDBcore00317,V226M,0.0,0.24098476767539978,0.572320818901062,1.1379423141479492
21,2893020,3NY5,MdrDBcore00318,V226M,-2.284,0.19943074882030487,0.572320818901062,1.1379423141479492
21,2893020,7M0X,MdrDBcore00319,V600E,-2.583,-0.2335260808467865,0.572320818901062,1.1379423141479492
21,2893020,7M0X,MdrDBcore00320,V600E,-1.827,-0.40805721282958984,0.572320818901062,1.1379423141479492
21,2893020,3T6P,MdrDBcore00321,T591A,0.0,0.5073082447052002,0.572320818901062,1.1379423141479492
21,2893020,2YT2,MdrDBcore00322,A96T,-1.211,-0.8008107542991638,0.572320818901062,1.1379423141479492
21,2893020,7LRZ,MdrDBcore00323,C928Y,0.046,1.0505881309509277,0.572320818901062,1.1379423141479492
21,2893020,7LRZ,MdrDBcore00324,E949K,2.602,0.40080526471138,0.572320818901062,1.1379423141479492
21,2893020,5IUG,MdrDBcore00325,F1174L,-1.911,-0.509960412979126,0.572320818901062,1.1379423141479492
21,2893020,2YT2,MdrDBcore00326,G103R,2.602,-0.41850534081459045,0.572320818901062,1.1379423141479492
21,2893020,2YT2,MdrDBcore00327,G129V,2.412,-0.3395286202430725,0.572320818901062,1.1379423141479492
21,2893020,7LRZ,MdrDBcore00328,G689R,0.792,0.6069869995117188,0.572320818901062,1.1379423141479492
21,2893020,7LRZ,MdrDBcore00329,G882C,2.602,0.4371730089187622,0.572320818901062,1.1379423141479492
21,2893020,7LRZ,MdrDBcore00330,G893R,-0.675,-0.567671537399292,0.572320818901062,1.1379423141479492
21,2893020,5IUG,MdrDBcore00331,N1353S,-1.515,0.3083532750606537,0.572320818901062,1.1379423141479492
21,2893020,7LRZ,MdrDBcore00332,N941S,-1.034,0.04959511011838913,0.572320818901062,1.1379423141479492
21,2893020,2YT2,MdrDBcore00333,R48C,0.105,-0.11395872384309769,0.572320818901062,1.1379423141479492
21,2893020,7LRZ,MdrDBcore00334,R753Q,2.602,0.1046343594789505,0.572320818901062,1.1379423141479492
21,2893020,7LRZ,MdrDBcore00335,R918I,2.602,-0.14365175366401672,0.572320818901062,1.1379423141479492
21,2893020,7LRZ,MdrDBcore00336,S874F,0.005,-0.06064426153898239,0.572320818901062,1.1379423141479492
21,2893020,5IUI,MdrDBcore00337,T1090I,2.602,0.061686448752880096,0.572320818901062,1.1379423141479492
21,2893020,5IUG,MdrDBcore00338,T1312I,-2.067,0.4349212050437927,0.572320818901062,1.1379423141479492
21,2893020,5IUG,MdrDBcore00339,V1185M,-1.679,-0.25170329213142395,0.572320818901062,1.1379423141479492
21,2893020,2YT2,MdrDBcore00340,V132L,2.602,-0.29845675826072693,0.572320818901062,1.1379423141479492
21,2893020,6TG1,MdrDBcore00341,E746_A750delELREA,-1.049,-0.6828069090843201,0.572320818901062,1.1379423141479492
21,2893020,6TG1,MdrDBcore00342,E746_A750delELREA,-0.592,-0.22538992762565613,0.572320818901062,1.1379423141479492
21,2893020,6TG1,MdrDBcore00343,E746_A750delELREA,-0.568,-0.4578467905521393,0.572320818901062,1.1379423141479492
21,2893020,6TG1,MdrDBcore00344,E746_A750delELREA,-0.904,-0.45594117045402527,0.572320818901062,1.1379423141479492
21,2893020,6TG1,MdrDBcore00345,E746_A750delELREA,-0.791,0.15349596738815308,0.572320818901062,1.1379423141479492
21,2893020,4IBT,MdrDBcore00346,E286_E287delEE,-0.371,-0.44101622700691223,0.572320818901062,1.1379423141479492
21,2893020,4IBT,MdrDBcore00347,G108delG,-0.052,0.18656539916992188,0.572320818901062,1.1379423141479492
21,2893020,4IBT,MdrDBcore00348,G112_V122delGFLHSGTAKSV,-0.336,0.47496485710144043,0.572320818901062,1.1379423141479492
21,2893020,4IBT,MdrDBcore00349,H233delH,-0.768,-0.0017994865775108337,0.572320818901062,1.1379423141479492
21,2893020,4IBT,MdrDBcore00350,L188_P191delLAPP,-0.478,-0.09301211684942245,0.572320818901062,1.1379423141479492
21,2893020,4IBT,MdrDBcore00351,P191delP,0.38,-0.34420791268348694,0.572320818901062,1.1379423141479492
21,2893020,4IBT,MdrDBcore00352,Q192_H193delQH,0.184,0.002238847315311432,0.572320818901062,1.1379423141479492
21,2893020,3D07,MdrDBcore00353,R283delR,-0.416,0.033069901168346405,0.572320818901062,1.1379423141479492
21,2893020,4IBT,MdrDBcore00354,S215delS,0.608,0.3856748938560486,0.572320818901062,1.1379423141479492
21,2893020,4IBT,MdrDBcore00355,V218delV,-0.068,0.30443868041038513,0.572320818901062,1.1379423141479492
21,2893020,4IBT,MdrDBcore00356,Y103_R110delYQGSYGFR,-0.212,-0.40646085143089294,0.572320818901062,1.1379423141479492
21,2893020,3C4C,MdrDBcore00357,N486_P490delNVTAP,-3.077,-0.4576573669910431,0.572320818901062,1.1379423141479492
21,2893020,3C4C,MdrDBcore00358,N486_P490delNVTAP,0.475,-0.3203006684780121,0.572320818901062,1.1379423141479492
21,2893020,3C4C,MdrDBcore00359,N486_P490delNVTAP,0.109,0.39802029728889465,0.572320818901062,1.1379423141479492
21,2893020,3C4C,MdrDBcore00360,N486_P490delNVTAP,-1.768,-0.30711081624031067,0.572320818901062,1.1379423141479492
21,2893020,7SA7,MdrDBcore00361,N200delN,-0.459,0.041803859174251556,0.572320818901062,1.1379423141479492
21,2893020,7SA7,MdrDBcore00362,N200delN,-0.47,0.02580130845308304,0.572320818901062,1.1379423141479492
21,2893020,7SA7,MdrDBcore00363,N200delN,-0.537,-0.04799523204565048,0.572320818901062,1.1379423141479492
21,2893020,3EYL,MdrDBcore00364,E350delE,-0.165,-0.0102805495262146,0.572320818901062,1.1379423141479492
21,2893020,4KJU,MdrDBcore00365,R182_Y190delRELASAGLY,-0.044,-0.5239768028259277,0.572320818901062,1.1379423141479492
21,2893020,5MYB,MdrDBcore00366,N618delN,1.251,0.5518785119056702,0.572320818901062,1.1379423141479492
21,2893020,1F16,MdrDBcore00367,R37_G39delRMG,1.483,1.2153688669204712,0.572320818901062,1.1379423141479492
21,2893020,6JN2,MdrDBcore00368,K521delK,-0.068,-0.9380054473876953,0.572320818901062,1.1379423141479492
21,2893020,6JN2,MdrDBcore00369,K521delK,-0.324,0.05078519135713577,0.572320818901062,1.1379423141479492
21,2893020,6JN2,MdrDBcore00370,K521delK,-0.046,0.530113935470581,0.572320818901062,1.1379423141479492
21,2893020,5HXB,MdrDBcore00371,W224delW,-0.247,-1.1405264139175415,0.572320818901062,1.1379423141479492
21,2893020,3C4C,MdrDBcore00372,V487_P492delinsA,-0.253,0.305672287940979,0.572320818901062,1.1379423141479492
21,2893020,7M0X,MdrDBcore00373,V487_P492delinsA,-0.914,-0.8771381974220276,0.572320818901062,1.1379423141479492
21,2893020,3C4C,MdrDBcore00374,V487_P492delinsA,-0.501,0.3672539293766022,0.572320818901062,1.1379423141479492
21,2893020,3C4C,MdrDBcore00375,V487_P492delinsA,0.421,0.14690229296684265,0.572320818901062,1.1379423141479492
21,2893020,4IBT,MdrDBcore00376,N239_S240insN,-1.034,-0.16338059306144714,0.572320818901062,1.1379423141479492
21,2893020,4IBT,MdrDBcore00377,Q165_S166insYKQ,0.559,0.43363726139068604,0.572320818901062,1.1379423141479492
21,2893020,7M0X,MdrDBcore00378,T599_V600insT,-0.987,-1.1662840843200684,0.572320818901062,1.1379423141479492
21,2893020,7M0X,MdrDBcore00379,T599_V600insT,-0.185,-0.39115482568740845,0.572320818901062,1.1379423141479492
21,2893020,6Q0T,MdrDBcore00380,T599_V600insT,-0.167,0.3765932619571686,0.572320818901062,1.1379423141479492
21,2893020,7M0X,MdrDBcore00381,T599_V600insT,-0.306,-0.6719818115234375,0.572320818901062,1.1379423141479492
21,2893020,7M0X,MdrDBcore00382,T599_V600insT,-0.163,-0.730542778968811,0.572320818901062,1.1379423141479492
21,2893020,6JQR,MdrDBcore00383,D600_L601insHVDFREYEYD,-5.319,-2.4324114322662354,0.572320818901062,1.1379423141479492
21,2893020,6TG1,MdrDBcore00384,A750P+L747_E749delLRE,-2.298,0.07017071545124054,0.572320818901062,1.1379423141479492
21,2893020,6TG1,MdrDBcore00385,A750P+L747_E749delLRE,-0.983,0.24773648381233215,0.572320818901062,1.1379423141479492
21,2893020,6TG1,MdrDBcore00386,A750P+L747_E749delLRE,-2.239,-0.15000289678573608,0.572320818901062,1.1379423141479492
21,2893020,6TG1,MdrDBcore00387,A750P+L747_E749delLRE,-2.526,-1.1618057489395142,0.572320818901062,1.1379423141479492
21,2893020,6TG1,MdrDBcore00388,A750P+L747_E749delLRE,-2.377,-1.0562399625778198,0.572320818901062,1.1379423141479492
21,2893020,6TG1,MdrDBcore00389,A750P+L747_E749delLRE,-2.291,0.11260765790939331,0.572320818901062,1.1379423141479492
21,2893020,4IBT,MdrDBcore00390,R267W+E171delE,0.39,0.3155350685119629,0.572320818901062,1.1379423141479492
21,2893020,3LCK,MdrDBcore00391,A353V+P447L+A500T+P232_W233insQKP,-1.484,-1.0335205793380737,0.572320818901062,1.1379423141479492
21,2893020,1RJB,MdrDBcore00392,Y599F+E598_Y599insFDFREYE,-5.386,-0.5485538244247437,0.572320818901062,1.1379423141479492
21,2893020,3EYL,MdrDBcore00393,E349D+E350delE,1.282,0.058944717049598694,0.572320818901062,1.1379423141479492
21,2893020,5T8F,MdrDBcore00394,A215V+S764N,1.434,-0.3562217354774475,0.572320818901062,1.1379423141479492
21,2893020,5T8F,MdrDBcore00395,A215V+S764N,-0.853,-0.025065265595912933,0.572320818901062,1.1379423141479492
21,2893020,6G6W,MdrDBcore00396,A215V+S764N,1.506,0.38332903385162354,0.572320818901062,1.1379423141479492
21,2893020,6OCO,MdrDBcore00397,A215V+S764N,1.506,0.7050338387489319,0.572320818901062,1.1379423141479492
21,2893020,6G6W,MdrDBcore00398,A388T+R460H+S738N,0.415,0.2287416160106659,0.572320818901062,1.1379423141479492
21,2893020,6OCO,MdrDBcore00399,A388T+R460H+S738N,-0.528,-0.6420212388038635,0.572320818901062,1.1379423141479492
21,2893020,6OCO,MdrDBcore00400,A388T+R460H+S738N,0.55,0.9131730794906616,0.572320818901062,1.1379423141479492
21,2893020,6OCO,MdrDBcore00401,A388T+R460H+S738N,0.143,1.0132522583007812,0.572320818901062,1.1379423141479492
21,2893020,6OCO,MdrDBcore00402,L725I+E1021K,0.395,0.14390917122364044,0.572320818901062,1.1379423141479492
21,2893020,6G6W,MdrDBcore00403,L725I+E1021K,1.447,0.3733116686344147,0.572320818901062,1.1379423141479492
21,2893020,6OCO,MdrDBcore00404,L725I+E1021K,1.636,1.284478783607483,0.572320818901062,1.1379423141479492
21,2893020,4ZYO,MdrDBcore00405,S198N+A267T,-1.229,1.1246771812438965,0.572320818901062,1.1379423141479492
21,2893020,7BG9,MdrDBcore00406,A801T+R743W+Q506A,0.006,0.25672855973243713,0.572320818901062,1.1379423141479492
21,2893020,7BG9,MdrDBcore00407,V746M+L520V,0.053,-0.1809941828250885,0.572320818901062,1.1379423141479492
21,2893020,4KIK,MdrDBcore00408,R526Q+M590I,-0.994,-1.3616899251937866,0.572320818901062,1.1379423141479492
21,2893020,4E3C,MdrDBcore00409,R526Q+M590I,1.672,0.7834374904632568,0.572320818901062,1.1379423141479492
21,2893020,4E3C,MdrDBcore00410,S239T+D242N+R526Q,-1.441,-1.4806339740753174,0.572320818901062,1.1379423141479492
21,2893020,4E3C,MdrDBcore00411,S239T+D242N+R526Q,0.413,0.4585578143596649,0.572320818901062,1.1379423141479492
21,2893020,4Z32,MdrDBcore00412,D194N+D319N,-0.501,-1.0654789209365845,0.572320818901062,1.1379423141479492
21,2893020,6E2Q,MdrDBcore00413,D194N+D319N,0.217,-0.018461354076862335,0.572320818901062,1.1379423141479492
21,2893020,2J5E,MdrDBcore00414,E866D+H988P,0.327,-0.8581066727638245,0.572320818901062,1.1379423141479492
21,2893020,2J5E,MdrDBcore00415,E866D+H988P,0.441,0.31228384375572205,0.572320818901062,1.1379423141479492
21,2893020,2J5E,MdrDBcore00416,E866D+H988P,0.185,0.10076341032981873,0.572320818901062,1.1379423141479492
21,2893020,2J5E,MdrDBcore00417,E866D+H988P,-0.393,-0.047066830098629,0.572320818901062,1.1379423141479492
21,2893020,2J5E,MdrDBcore00418,E866D+H988P,-0.316,0.20240817964076996,0.572320818901062,1.1379423141479492
21,2893020,2J5E,MdrDBcore00419,T790M+L858R,0.397,-0.6530201435089111,0.572320818901062,1.1379423141479492
21,2893020,6D8E,MdrDBcore00420,T790M+L858R,-0.105,0.04044250398874283,0.572320818901062,1.1379423141479492
21,2893020,6D8E,MdrDBcore00421,T790M+L858R,-0.07,-0.400056928396225,0.572320818901062,1.1379423141479492
21,2893020,6D8E,MdrDBcore00422,T790M+L858R,-2.794,-0.11445688456296921,0.572320818901062,1.1379423141479492
21,2893020,1XKK,MdrDBcore00423,T790M+L858R,-2.597,-0.15215599536895752,0.572320818901062,1.1379423141479492
21,2893020,5VQP,MdrDBcore00424,A221T+R218H,0.679,-0.13083532452583313,0.572320818901062,1.1379423141479492
21,2893020,6GFF,MdrDBcore00425,G307D+R296Q,0.447,0.10623060911893845,0.572320818901062,1.1379423141479492
21,2893020,6GFF,MdrDBcore00426,G307D+R296Q,-0.151,0.3983938992023468,0.572320818901062,1.1379423141479492
21,2893020,5VQP,MdrDBcore00427,R141Q+E119K,0.463,0.3825052082538605,0.572320818901062,1.1379423141479492
21,2893020,7MN8,MdrDBcore00428,S335I+T479M,-0.249,-0.11090617626905441,0.572320818901062,1.1379423141479492
21,2893020,7MN8,MdrDBcore00429,S413L+F425L+L436V,-3.293,-0.22023692727088928,0.572320818901062,1.1379423141479492
21,2893020,3Q01,MdrDBcore00430,A347P+G245C,-0.228,0.20182308554649353,0.572320818901062,1.1379423141479492
21,2893020,6XRE,MdrDBcore00431,C176F+Q16L,-0.362,1.1744518280029297,0.572320818901062,1.1379423141479492
21,2893020,4IBT,MdrDBcore00432,E258A+Y126D,0.002,0.023888729512691498,0.572320818901062,1.1379423141479492
21,2893020,4IBT,MdrDBcore00433,E271A+R110L,0.318,0.051584791392087936,0.572320818901062,1.1379423141479492
21,2893020,4IBT,MdrDBcore00434,E285K+G245V,0.363,0.049685508012771606,0.572320818901062,1.1379423141479492
21,2893020,3Q01,MdrDBcore00435,E336A+I162N,0.081,0.18516191840171814,0.572320818901062,1.1379423141479492
21,2893020,3Q01,MdrDBcore00436,E339A+H179R,0.19,0.09029269218444824,0.572320818901062,1.1379423141479492
21,2893020,4IBT,MdrDBcore00437,G154V+S106R,0.171,0.05797043815255165,0.572320818901062,1.1379423141479492
21,2893020,4IBT,MdrDBcore00438,G245S+M237K,0.035,-0.14619800448417664,0.572320818901062,1.1379423141479492
21,2893020,4IBT,MdrDBcore00439,H214R+E258A,-0.249,0.0017580017447471619,0.572320818901062,1.1379423141479492
21,2893020,4IBT,MdrDBcore00440,H214R+V147D,-0.345,0.1664332151412964,0.572320818901062,1.1379423141479492
21,2893020,4IBT,MdrDBcore00441,I232N+P152L,-2.145,-0.03176718205213547,0.572320818901062,1.1379423141479492
21,2893020,6XRE,MdrDBcore00442,K320N+E271K,0.84,0.8455617427825928,0.572320818901062,1.1379423141479492
21,2893020,4IBT,MdrDBcore00443,N239D+R158H,-1.324,-0.16035574674606323,0.572320818901062,1.1379423141479492
21,2893020,6XRE,MdrDBcore00444,P177L+C176F+Q38A,0.563,0.5046377182006836,0.572320818901062,1.1379423141479492
21,2893020,4IBT,MdrDBcore00445,P278L+G262S,-0.029,-0.014751240611076355,0.572320818901062,1.1379423141479492
21,2893020,6XRE,MdrDBcore00446,P309S+R273H,1.378,0.7351260185241699,0.572320818901062,1.1379423141479492
21,2893020,6XRE,MdrDBcore00447,Q317A+E258K,0.306,-0.23199602961540222,0.572320818901062,1.1379423141479492
21,2893020,6XRE,MdrDBcore00448,Q317A+R248W,0.251,0.4758271872997284,0.572320818901062,1.1379423141479492
21,2893020,6XRE,MdrDBcore00449,Q331R+P60S,0.386,0.4727858603000641,0.572320818901062,1.1379423141479492
21,2893020,4AGO,MdrDBcore00450,R175L+S94A,0.016,-0.074502132833004,0.572320818901062,1.1379423141479492
21,2893020,3D07,MdrDBcore00451,R181C+R290C,-1.91,0.17147225141525269,0.572320818901062,1.1379423141479492
21,2893020,3D07,MdrDBcore00452,R209A+R273H,1.189,0.34103918075561523,0.572320818901062,1.1379423141479492
21,2893020,4IBT,MdrDBcore00453,R248Q+G245S,0.712,-0.3058687448501587,0.572320818901062,1.1379423141479492
21,2893020,4IBT,MdrDBcore00454,R248W+N247K,0.011,-0.10615091770887375,0.572320818901062,1.1379423141479492
21,2893020,4IBT,MdrDBcore00455,R248W+V218L,0.326,0.04758291691541672,0.572320818901062,1.1379423141479492
21,2893020,4IBT,MdrDBcore00456,R249G+Y234N,-1.019,-0.027057774364948273,0.572320818901062,1.1379423141479492
21,2893020,3D07,MdrDBcore00457,R273C+R175H+T125M,-0.6,0.2871052026748657,0.572320818901062,1.1379423141479492
21,2893020,2J1W,MdrDBcore00458,R273C+R248Q+S183A,-0.137,0.5153645277023315,0.572320818901062,1.1379423141479492
21,2893020,2J1W,MdrDBcore00459,R273H+R248Q,-2.215,-0.19480910897254944,0.572320818901062,1.1379423141479492
21,2893020,4AGO,MdrDBcore00460,R273H+R267L+R248Q,-1.225,0.5657998323440552,0.572320818901062,1.1379423141479492
21,2893020,3D07,MdrDBcore00461,R273H+V173L+K132N,0.142,0.014045022428035736,0.572320818901062,1.1379423141479492
21,2893020,6SL6,MdrDBcore00462,R273H+W91A,-0.798,0.7347776293754578,0.572320818901062,1.1379423141479492
21,2893020,3D07,MdrDBcore00463,R273L+Y234C,-0.024,-0.03225281089544296,0.572320818901062,1.1379423141479492
21,2893020,3D07,MdrDBcore00464,R280S+R273C+Y205C,-0.21,0.17745625972747803,0.572320818901062,1.1379423141479492
21,2893020,4IBT,MdrDBcore00465,R283H+G245S,-0.096,-0.25936147570610046,0.572320818901062,1.1379423141479492
21,2893020,6XRE,MdrDBcore00466,R306A+Y220C,0.445,0.5857188105583191,0.572320818901062,1.1379423141479492
21,2893020,4IBT,MdrDBcore00467,S215I+R158L,0.501,0.13453508913516998,0.572320818901062,1.1379423141479492
21,2893020,4IBT,MdrDBcore00468,S241C+E224A,-0.105,-0.055402643978595734,0.572320818901062,1.1379423141479492
21,2893020,4IBT,MdrDBcore00469,V274F+P223L,0.287,-0.04609911888837814,0.572320818901062,1.1379423141479492
21,2893020,6XRE,MdrDBcore00470,Y163C+P47S,-1.012,0.7032404541969299,0.572320818901062,1.1379423141479492
21,2893020,4IBT,MdrDBcore00471,Y234H+R213Q,-0.845,-0.23864510655403137,0.572320818901062,1.1379423141479492
21,2893020,4IBT,MdrDBcore00472,Y236C+R196A,-0.604,-0.04836543649435043,0.572320818901062,1.1379423141479492
21,2893020,1QPC,MdrDBcore00473,A289D+A396V,0.364,-0.19385048747062683,0.572320818901062,1.1379423141479492
21,2893020,1QPJ,MdrDBcore00474,N339S+R458H,2.761,0.6757276654243469,0.572320818901062,1.1379423141479492
21,2893020,4LIQ,MdrDBcore00475,V315L+R106L,-0.31,-0.07272549718618393,0.572320818901062,1.1379423141479492
21,2893020,6JK8,MdrDBcore00476,L133P+I298V+K630R,0.373,-0.4854801595211029,0.572320818901062,1.1379423141479492
21,2893020,6JK8,MdrDBcore00477,L133P+I298V+K630R,1.102,0.7522990107536316,0.572320818901062,1.1379423141479492
21,2893020,6JK8,MdrDBcore00478,Y201H+D435G,-0.178,0.30844688415527344,0.572320818901062,1.1379423141479492
21,2893020,7MO7,MdrDBcore00479,A320V+R591W,0.438,0.3672260344028473,0.572320818901062,1.1379423141479492
21,2893020,6GCU,MdrDBcore00480,A320V+R591W,0.581,-0.5333938002586365,0.572320818901062,1.1379423141479492
21,2893020,6GCU,MdrDBcore00481,A320V+R591W,1.143,0.3630346357822418,0.572320818901062,1.1379423141479492
21,2893020,6GCU,MdrDBcore00482,A320V+R591W,1.189,0.12407894432544708,0.572320818901062,1.1379423141479492
21,2893020,4K3J,MdrDBcore00483,A48T+E157G,-0.136,0.5981143116950989,0.572320818901062,1.1379423141479492
21,2893020,6GCU,MdrDBcore00484,A48T+E157G,-1.317,-0.621360719203949,0.572320818901062,1.1379423141479492
21,2893020,6GCU,MdrDBcore00485,A48T+E157G,-0.039,-0.02621503919363022,0.572320818901062,1.1379423141479492
21,2893020,4K3J,MdrDBcore00486,A48T+E157G,-1.11,0.1694835126399994,0.572320818901062,1.1379423141479492
21,2893020,6GCU,MdrDBcore00487,A48T+E157G,-0.984,-0.13508188724517822,0.572320818901062,1.1379423141479492
21,2893020,6GCU,MdrDBcore00488,A48T+E157G,-0.571,-0.002173475921154022,0.572320818901062,1.1379423141479492
21,2893020,7MO8,MdrDBcore00489,K303T+N375S,-0.168,0.6427242755889893,0.572320818901062,1.1379423141479492
21,2893020,4K3J,MdrDBcore00490,V122D+N375S,0.277,0.0723271369934082,0.572320818901062,1.1379423141479492
21,2893020,2O21,MdrDBcore00491,A42V+V35M+G200S+E13D,-4.271,-0.037009142339229584,0.572320818901062,1.1379423141479492
21,2893020,2W3L,MdrDBcore00492,A60V+D31H,-2.653,0.020471252501010895,0.572320818901062,1.1379423141479492
21,2893020,4IEH,MdrDBcore00493,E13D+P59A+N11H,-1.208,0.42639198899269104,0.572320818901062,1.1379423141479492
21,2893020,1GJH,MdrDBcore00494,R129C+T7R+I48F,-3.455,0.1851520538330078,0.572320818901062,1.1379423141479492
21,2893020,4IEH,MdrDBcore00495,R98H+A82T,-1.385,0.5176378488540649,0.572320818901062,1.1379423141479492
21,2893020,4IEH,MdrDBcore00496,S117R+P59T,-2.828,0.2948225736618042,0.572320818901062,1.1379423141479492
21,2893020,2E9W,MdrDBcore00497,A168V+E306K,-0.934,0.2007955014705658,0.572320818901062,1.1379423141479492
21,2893020,2E9W,MdrDBcore00498,A168V+E306K,-1.457,-0.03295843303203583,0.572320818901062,1.1379423141479492
21,2893020,6GQK,MdrDBcore00499,K581N+I920S,0.231,-0.04941118508577347,0.572320818901062,1.1379423141479492
21,2893020,6GQK,MdrDBcore00500,K581N+I920S,0.847,-0.2021399438381195,0.572320818901062,1.1379423141479492
21,2893020,2E9W,MdrDBcore00501,Y125H+T488M,-0.533,-0.3808356523513794,0.572320818901062,1.1379423141479492
21,2893020,1A31,MdrDBcore00502,E610K+A622T,-3.164,-0.6864016056060791,0.572320818901062,1.1379423141479492
21,2893020,1R49,MdrDBcore00503,M675I+D760G,-0.862,-0.3420378267765045,0.572320818901062,1.1379423141479492
21,2893020,1SEU,MdrDBcore00504,R405W+Y426C+R434Q+E517K,1.787,-0.22206184267997742,0.572320818901062,1.1379423141479492
21,2893020,1SEU,MdrDBcore00505,R405W+Y426C+R434Q+E517K,1.482,-0.3753480911254883,0.572320818901062,1.1379423141479492
21,2893020,1A31,MdrDBcore00506,R405W+Y426C+R434Q+E517K,1.622,-0.3747084438800812,0.572320818901062,1.1379423141479492
21,2893020,6ZY8,MdrDBcore00507,I872V+P385A+E203D,-0.765,-0.29726293683052063,0.572320818901062,1.1379423141479492
21,2893020,5GWK,MdrDBcore00508,R635H+T530A,0.437,-0.06260707229375839,0.572320818901062,1.1379423141479492
21,2893020,6NYB,MdrDBcore00509,R506G+S273N,0.6,0.5177983641624451,0.572320818901062,1.1379423141479492
21,2893020,6NYB,MdrDBcore00510,R506G+S273N,0.305,-0.18736034631729126,0.572320818901062,1.1379423141479492
21,2893020,6NYB,MdrDBcore00511,R506G+S273N,0.291,0.39178624749183655,0.572320818901062,1.1379423141479492
21,2893020,6NYB,MdrDBcore00512,R506G+S273N,-0.891,0.3982768952846527,0.572320818901062,1.1379423141479492
21,2893020,AlphaFold2,MdrDBcore00513,I86T+K237I,1.203,1.773529052734375,0.572320818901062,1.1379423141479492
21,2893020,3QS9,MdrDBcore00514,F406C+V220G,0.269,0.3638516962528229,0.572320818901062,1.1379423141479492
21,2893020,3QS9,MdrDBcore00515,I417L+R243K,0.034,0.43134838342666626,0.572320818901062,1.1379423141479492
21,2893020,6B8Y,MdrDBcore00516,A206V+A403T+R491Q,1.132,0.7154860496520996,0.572320818901062,1.1379423141479492
21,2893020,AlphaFold2,MdrDBcore00517,G666D+P384Q,-0.3,-0.3764272928237915,0.572320818901062,1.1379423141479492
21,2893020,AlphaFold2,MdrDBcore00518,G666D+P384Q,0.277,-0.9184273481369019,0.572320818901062,1.1379423141479492
21,2893020,AlphaFold2,MdrDBcore00519,I1021M+K720N+R306Q,-1.153,-0.6481853127479553,0.572320818901062,1.1379423141479492
21,2893020,AlphaFold2,MdrDBcore00520,R562Q+R149Q,0.615,0.29469797015190125,0.572320818901062,1.1379423141479492
21,2893020,AlphaFold2,MdrDBcore00521,R628Q+C286Y,0.326,0.4392995834350586,0.572320818901062,1.1379423141479492
21,2893020,6SB0,MdrDBcore00522,A1728S+A41P,-1.799,-0.12394098192453384,0.572320818901062,1.1379423141479492
21,2893020,5H64,MdrDBcore00523,G1491S+A329T,1.792,0.432640939950943,0.572320818901062,1.1379423141479492
21,2893020,6SB0,MdrDBcore00524,G2238D+P1408S+M488I,-1.999,-0.18727096915245056,0.572320818901062,1.1379423141479492
21,2893020,6SB0,MdrDBcore00525,G2238D+P1408S+M488I,0.195,0.05020006000995636,0.572320818901062,1.1379423141479492
21,2893020,6SB0,MdrDBcore00526,G2238D+P1408S+M488I,0.14,-0.6759476065635681,0.572320818901062,1.1379423141479492
21,2893020,6SB0,MdrDBcore00527,H262R+I261V,-2.88,-0.40626856684684753,0.572320818901062,1.1379423141479492
21,2893020,6SB0,MdrDBcore00528,L1037V+R260Q,-1.424,-0.6421347260475159,0.572320818901062,1.1379423141479492
21,2893020,4JSN,MdrDBcore00529,M2345V+F1545L,1.432,0.2615438401699066,0.572320818901062,1.1379423141479492
21,2893020,6SB0,MdrDBcore00530,M2345V+F1545L,-2.215,-0.6196373701095581,0.572320818901062,1.1379423141479492
21,2893020,5H64,MdrDBcore00531,Q2072R+H642R,-2.415,-1.9598649740219116,0.572320818901062,1.1379423141479492
21,2893020,6SB0,MdrDBcore00532,R1208C+T1143M+S1087N,-1.059,-0.3521060645580292,0.572320818901062,1.1379423141479492
21,2893020,5H64,MdrDBcore00533,V1885I+S383G,1.935,-0.528428316116333,0.572320818901062,1.1379423141479492
21,2893020,5H64,MdrDBcore00534,V1885I+S383G,-3.128,-1.4916232824325562,0.572320818901062,1.1379423141479492
21,2893020,6SB0,MdrDBcore00535,V420I+R1749Q,-2.829,-0.10436808317899704,0.572320818901062,1.1379423141479492
21,2893020,3L08,MdrDBcore00536,A1064V+R184H+S515P,0.038,0.3778722584247589,0.572320818901062,1.1379423141479492
21,2893020,3L08,MdrDBcore00537,A1064V+R184H+S515P,1.301,1.4374960660934448,0.572320818901062,1.1379423141479492
21,2893020,3L08,MdrDBcore00538,A1064V+R184H+S515P,-0.31,0.2364424467086792,0.572320818901062,1.1379423141479492
21,2893020,7MEZ,MdrDBcore00539,A243T+P324S+E347K+F698L,0.362,0.5471242070198059,0.572320818901062,1.1379423141479492
21,2893020,7MEZ,MdrDBcore00540,A243T+P324S+E347K+F698L,1.838,1.4902832508087158,0.572320818901062,1.1379423141479492
21,2893020,4GB9,MdrDBcore00541,A885T+E781K,0.246,0.5933400988578796,0.572320818901062,1.1379423141479492
21,2893020,3L08,MdrDBcore00542,G426E+E511K,-0.467,0.3983139991760254,0.572320818901062,1.1379423141479492
21,2893020,3L08,MdrDBcore00543,G426E+E511K,0.28,-0.39355677366256714,0.572320818901062,1.1379423141479492
21,2893020,7MEZ,MdrDBcore00544,G65D+T955I,0.329,0.7441396713256836,0.572320818901062,1.1379423141479492
21,2893020,7MEZ,MdrDBcore00545,G65D+T955I,1.058,0.9428204298019409,0.572320818901062,1.1379423141479492
21,2893020,7MEZ,MdrDBcore00546,G65D+T955I,-0.193,0.4242311120033264,0.572320818901062,1.1379423141479492
21,2893020,3L08,MdrDBcore00547,R178L+T1056I,0.051,-0.24526363611221313,0.572320818901062,1.1379423141479492
21,2893020,3L08,MdrDBcore00548,R178L+T1056I,-0.977,0.18611744046211243,0.572320818901062,1.1379423141479492
21,2893020,3L08,MdrDBcore00549,R273H+L466M,0.765,0.43039581179618835,0.572320818901062,1.1379423141479492
21,2893020,3L08,MdrDBcore00550,R273H+L466M,1.406,1.2132861614227295,0.572320818901062,1.1379423141479492
21,2893020,4GB9,MdrDBcore00551,R273H+L466M,0.566,0.4977290630340576,0.572320818901062,1.1379423141479492
21,2893020,7MEZ,MdrDBcore00552,T309M+R542W,-0.175,0.21663561463356018,0.572320818901062,1.1379423141479492
21,2893020,7MEZ,MdrDBcore00553,T309M+R542W,-0.228,0.05762903764843941,0.572320818901062,1.1379423141479492
21,2893020,1JCQ,MdrDBcore00554,S235C+S245F,-0.091,0.05021427571773529,0.572320818901062,1.1379423141479492
21,2893020,1LD8,MdrDBcore00555,S235C+S245F,-1.641,-0.5975183844566345,0.572320818901062,1.1379423141479492
21,2893020,3T1I,MdrDBcore00556,G182A+L181F,1.019,1.3775979280471802,0.572320818901062,1.1379423141479492
21,2893020,7A12,MdrDBcore00557,C121R+N434T+E470D+D476G,-0.275,-0.14316979050636292,0.572320818901062,1.1379423141479492
21,2893020,7A12,MdrDBcore00558,E164D+N407S,-0.399,0.08092738687992096,0.572320818901062,1.1379423141479492
21,2893020,3LQ5,MdrDBcore00559,D14N+D285N,2.774,0.3433349132537842,0.572320818901062,1.1379423141479492
21,2893020,3LQ5,MdrDBcore00560,D14N+D285N,1.045,0.33734339475631714,0.572320818901062,1.1379423141479492
21,2893020,3LQ5,MdrDBcore00561,D14N+D285N,-0.27,0.38595595955848694,0.572320818901062,1.1379423141479492
21,2893020,3MI9,MdrDBcore00562,D323N+F336L,5.721,0.3516000807285309,0.572320818901062,1.1379423141479492
21,2893020,3MI9,MdrDBcore00563,D323N+F336L,0.93,0.8648446202278137,0.572320818901062,1.1379423141479492
21,2893020,3MI9,MdrDBcore00564,D323N+F336L,-0.141,0.4529685378074646,0.572320818901062,1.1379423141479492
21,2893020,2BBA,MdrDBcore00565,R105C+R102W,0.918,0.6947904825210571,0.572320818901062,1.1379423141479492
21,2893020,4K0V,MdrDBcore00566,I148T+V462A,0.975,0.9335640668869019,0.572320818901062,1.1379423141479492
21,2893020,5UTK,MdrDBcore00567,T503A+D711E,-0.044,0.10992475599050522,0.572320818901062,1.1379423141479492
21,2893020,6UDT,MdrDBcore00568,D256N+D236Y,-2.609,-0.5880897045135498,0.572320818901062,1.1379423141479492
21,2893020,6UDT,MdrDBcore00569,D256N+D236Y,-1.144,0.3035959005355835,0.572320818901062,1.1379423141479492
21,2893020,6UDT,MdrDBcore00570,D256N+D236Y,-0.682,-0.2904777228832245,0.572320818901062,1.1379423141479492
21,2893020,6B16,MdrDBcore00571,V445F+I312S,-0.991,0.6175553798675537,0.572320818901062,1.1379423141479492
21,2893020,5NP0,MdrDBcore00572,A502G+Q1128R,1.019,1.2487037181854248,0.572320818901062,1.1379423141479492
21,2893020,5NP0,MdrDBcore00573,A502G+Q1128R,0.027,-0.06318441778421402,0.572320818901062,1.1379423141479492
21,2893020,7NI6,MdrDBcore00574,D2721N+V2906A,-0.289,-0.3118427097797394,0.572320818901062,1.1379423141479492
21,2893020,6K9K,MdrDBcore00575,D2721N+V2906A,-0.61,0.7641284465789795,0.572320818901062,1.1379423141479492
21,2893020,7NI6,MdrDBcore00576,D2721N+V2906A,-0.274,0.029806427657604218,0.572320818901062,1.1379423141479492
21,2893020,7NI6,MdrDBcore00577,E3015D+R2849A,-0.003,-0.4933445155620575,0.572320818901062,1.1379423141479492
21,2893020,7NI6,MdrDBcore00578,E3015D+R2849A,-0.307,-0.5185991525650024,0.572320818901062,1.1379423141479492
21,2893020,7NI6,MdrDBcore00579,E3015D+R2849A,0.036,0.24315941333770752,0.572320818901062,1.1379423141479492
21,2893020,5NP1,MdrDBcore00580,E848Q+L2965F,-0.366,0.8000153303146362,0.572320818901062,1.1379423141479492
21,2893020,5NP0,MdrDBcore00581,E848Q+L2965F,0.629,0.7175840735435486,0.572320818901062,1.1379423141479492
21,2893020,6K9L,MdrDBcore00582,E848Q+L2965F,0.278,0.31454041600227356,0.572320818901062,1.1379423141479492
21,2893020,7NI6,MdrDBcore00583,F1896L+C2464R,-0.709,-0.05299607664346695,0.572320818901062,1.1379423141479492
21,2893020,7NI6,MdrDBcore00584,F1896L+C2464R,-0.654,-0.1193774864077568,0.572320818901062,1.1379423141479492
21,2893020,7NI6,MdrDBcore00585,F1896L+C2464R,-0.561,-0.16424337029457092,0.572320818901062,1.1379423141479492
21,2893020,7NI5,MdrDBcore00586,F582L+R1086H,0.341,-0.6729215383529663,0.572320818901062,1.1379423141479492
21,2893020,5NP0,MdrDBcore00587,F582L+R1086H,-0.527,1.4510308504104614,0.572320818901062,1.1379423141479492
21,2893020,7NI5,MdrDBcore00588,F582L+R1086H,-0.299,-0.12182296067476273,0.572320818901062,1.1379423141479492
21,2893020,5NP0,MdrDBcore00589,G514D+H1380Y,0.621,0.7535293102264404,0.572320818901062,1.1379423141479492
21,2893020,6K9K,MdrDBcore00590,G514D+H1380Y+P2518S,1.084,1.3519662618637085,0.572320818901062,1.1379423141479492
21,2893020,5NP1,MdrDBcore00591,G514D+H1380Y+Q1919P,0.899,1.0702050924301147,0.572320818901062,1.1379423141479492
21,2893020,6K9L,MdrDBcore00592,H1380Y+R1618Q,1.508,1.055224895477295,0.572320818901062,1.1379423141479492
21,2893020,5NP0,MdrDBcore00593,I159V+I2998T,1.059,0.49901294708251953,0.572320818901062,1.1379423141479492
21,2893020,6K9K,MdrDBcore00594,I159V+I2998T,-0.187,-0.0538187250494957,0.572320818901062,1.1379423141479492
21,2893020,5NP0,MdrDBcore00595,I159V+I2998T,-0.283,0.6041855216026306,0.572320818901062,1.1379423141479492
21,2893020,7NI5,MdrDBcore00596,L1419I+L1794M,-0.587,-0.018642768263816833,0.572320818901062,1.1379423141479492
21,2893020,7NI5,MdrDBcore00597,L1419I+L1794M,-0.401,0.16118967533111572,0.572320818901062,1.1379423141479492
21,2893020,7NI5,MdrDBcore00598,L1419I+L1794M,-0.247,0.004605747759342194,0.572320818901062,1.1379423141479492
21,2893020,6K9L,MdrDBcore00599,L581V+I2606V,0.629,0.6407363414764404,0.572320818901062,1.1379423141479492
21,2893020,6K9K,MdrDBcore00600,L581V+I2606V,-0.044,0.0041633471846580505,0.572320818901062,1.1379423141479492
21,2893020,5NP0,MdrDBcore00601,L581V+I2606V,-0.152,0.9449775218963623,0.572320818901062,1.1379423141479492
21,2893020,7NI5,MdrDBcore00602,L787F+L1809P+N1784S,-1.561,-0.24996668100357056,0.572320818901062,1.1379423141479492
21,2893020,7NI5,MdrDBcore00603,L787F+L1809P+N1784S,-1.203,0.21583324670791626,0.572320818901062,1.1379423141479492
21,2893020,7NI5,MdrDBcore00604,L787F+L1809P+N1784S,-0.706,0.06891544908285141,0.572320818901062,1.1379423141479492
21,2893020,6K9K,MdrDBcore00605,M1040V+C1482R,-0.584,-0.5595896244049072,0.572320818901062,1.1379423141479492
21,2893020,6K9K,MdrDBcore00606,M1040V+C1482R,0.302,0.7833665013313293,0.572320818901062,1.1379423141479492
21,2893020,7NI5,MdrDBcore00607,M1040V+C1482R,0.812,-0.21610257029533386,0.572320818901062,1.1379423141479492
21,2893020,6K9K,MdrDBcore00608,M1040V+L1824F,-0.595,0.9771945476531982,0.572320818901062,1.1379423141479492
21,2893020,6K9K,MdrDBcore00609,M1040V+L1824F,0.187,1.0172410011291504,0.572320818901062,1.1379423141479492
21,2893020,5NP0,MdrDBcore00610,M1040V+L1824F,-0.023,0.34066566824913025,0.572320818901062,1.1379423141479492
21,2893020,6K9K,MdrDBcore00611,M1040V+L2332P,0.487,0.995211124420166,0.572320818901062,1.1379423141479492
21,2893020,6K9K,MdrDBcore00612,M1040V+L2332P,-0.257,0.5166392922401428,0.572320818901062,1.1379423141479492
21,2893020,5NP0,MdrDBcore00613,M1040V+L2332P,0.811,0.8743398189544678,0.572320818901062,1.1379423141479492
21,2893020,7NI6,MdrDBcore00614,M1644T+I2223M,0.359,-0.1978413164615631,0.572320818901062,1.1379423141479492
21,2893020,5NP0,MdrDBcore00615,M1644T+I2223M,0.414,0.12694495916366577,0.572320818901062,1.1379423141479492
21,2893020,7NI6,MdrDBcore00616,M1644T+I2223M,0.425,0.6448268890380859,0.572320818901062,1.1379423141479492
21,2893020,6K9K,MdrDBcore00617,N1005S+L2307F,-1.343,-0.06367545574903488,0.572320818901062,1.1379423141479492
21,2893020,6K9K,MdrDBcore00618,N1005S+L2307F,-0.94,1.698348879814148,0.572320818901062,1.1379423141479492
21,2893020,6K9L,MdrDBcore00619,N1005S+L2307F,-0.51,-0.23269912600517273,0.572320818901062,1.1379423141479492
21,2893020,6K9K,MdrDBcore00620,P604S+F1463C,-0.905,-0.6693704128265381,0.572320818901062,1.1379423141479492
21,2893020,5NP0,MdrDBcore00621,P604S+F1463C,1.076,1.2578661441802979,0.572320818901062,1.1379423141479492
21,2893020,5NP0,MdrDBcore00622,P604S+F1463C,0.984,0.2759780287742615,0.572320818901062,1.1379423141479492
21,2893020,5NP0,MdrDBcore00623,P604S+R832C,-0.37,0.6707487106323242,0.572320818901062,1.1379423141479492
21,2893020,6K9K,MdrDBcore00624,Q1128R+L2332P,-0.273,0.03831252455711365,0.572320818901062,1.1379423141479492
21,2893020,6K9K,MdrDBcore00625,Q1128R+L2332P,-0.043,0.503609836101532,0.572320818901062,1.1379423141479492
21,2893020,7NI5,MdrDBcore00626,Q1128R+L2332P,-0.457,-0.19856545329093933,0.572320818901062,1.1379423141479492
21,2893020,6K9K,MdrDBcore00627,R1304G+K2318Q,-1.226,-0.6236815452575684,0.572320818901062,1.1379423141479492
21,2893020,5NP0,MdrDBcore00628,R1304G+K2318Q,-0.545,1.0743999481201172,0.572320818901062,1.1379423141479492
21,2893020,7NI5,MdrDBcore00629,R1304G+K2318Q,-0.85,-0.010919183492660522,0.572320818901062,1.1379423141479492
21,2893020,7NI5,MdrDBcore00630,R23A+T935R+T1350M,0.463,0.35553544759750366,0.572320818901062,1.1379423141479492
21,2893020,7NI5,MdrDBcore00631,R23A+T935R+T1350M,-0.338,0.17008811235427856,0.572320818901062,1.1379423141479492
21,2893020,7NI5,MdrDBcore00632,R23A+T935R+T1350M,0.214,-0.1871291995048523,0.572320818901062,1.1379423141479492
21,2893020,6K9L,MdrDBcore00633,R2461C+T2921M,0.361,1.0084086656570435,0.572320818901062,1.1379423141479492
21,2893020,5NP0,MdrDBcore00634,R2461C+T2921M,-0.786,1.252460241317749,0.572320818901062,1.1379423141479492
21,2893020,7NI6,MdrDBcore00635,R2461C+T2921M,-0.861,-0.6373327970504761,0.572320818901062,1.1379423141479492
21,2893020,7NI5,MdrDBcore00636,R250A+E277A+R337C+E1133K+L1439I,0.112,0.12782210111618042,0.572320818901062,1.1379423141479492
21,2893020,6K9K,MdrDBcore00637,R250A+E277A+R337C+E1133K+L1439I,1.142,0.15628328919410706,0.572320818901062,1.1379423141479492
21,2893020,7NI5,MdrDBcore00638,R250A+E277A+R337C+E1133K+L1439I,0.443,-0.2582766115665436,0.572320818901062,1.1379423141479492
21,2893020,6K9L,MdrDBcore00639,R2849A+E3015D,0.449,0.7796805500984192,0.572320818901062,1.1379423141479492
21,2893020,6K9L,MdrDBcore00640,R32C+S2165F,-0.95,1.0608187913894653,0.572320818901062,1.1379423141479492
21,2893020,6K9K,MdrDBcore00641,R32C+S2165F,-0.643,0.11159692704677582,0.572320818901062,1.1379423141479492
21,2893020,7NI5,MdrDBcore00642,R32C+S2165F,-0.345,0.03188130259513855,0.572320818901062,1.1379423141479492
21,2893020,6K9K,MdrDBcore00643,R924W+D2661N,0.391,0.31989914178848267,0.572320818901062,1.1379423141479492
21,2893020,6K9K,MdrDBcore00644,R924W+D2661N,0.295,-0.026425734162330627,0.572320818901062,1.1379423141479492
21,2893020,7NI5,MdrDBcore00645,R924W+D2661N,-0.842,0.03592643514275551,0.572320818901062,1.1379423141479492
21,2893020,7NI5,MdrDBcore00646,S333F+H1876Q,-0.357,0.3436237573623657,0.572320818901062,1.1379423141479492
21,2893020,7NI5,MdrDBcore00647,S333F+H1876Q,-0.431,0.15528002381324768,0.572320818901062,1.1379423141479492
21,2893020,7NI5,MdrDBcore00648,S333F+H1876Q,-0.655,-0.05034101754426956,0.572320818901062,1.1379423141479492
21,2893020,7NI5,MdrDBcore00649,S974F+F1236Y,0.578,0.4930053651332855,0.572320818901062,1.1379423141479492
21,2893020,5NP0,MdrDBcore00650,S974F+F1236Y,1.353,1.4040400981903076,0.572320818901062,1.1379423141479492
21,2893020,7NI5,MdrDBcore00651,S974F+F1236Y,0.39,-0.21282896399497986,0.572320818901062,1.1379423141479492
21,2893020,7NI6,MdrDBcore00652,V1521L+G1998E,-0.655,0.08925645053386688,0.572320818901062,1.1379423141479492
21,2893020,5NP0,MdrDBcore00653,V1521L+G1998E,0.658,1.1724567413330078,0.572320818901062,1.1379423141479492
21,2893020,7NI6,MdrDBcore00654,V1521L+G1998E,-0.077,-0.04608023911714554,0.572320818901062,1.1379423141479492
21,2893020,5NP0,MdrDBcore00655,V2079I+S2146T,1.789,1.0829533338546753,0.572320818901062,1.1379423141479492
21,2893020,7NI5,MdrDBcore00656,V410A+H1083Y,-0.662,0.3117993175983429,0.572320818901062,1.1379423141479492
21,2893020,5YZ0,MdrDBcore00657,D1586Y+A1550V,0.659,-0.5617006421089172,0.572320818901062,1.1379423141479492
21,2893020,5YZ0,MdrDBcore00658,D1586Y+A1550V,0.95,0.12382003664970398,0.572320818901062,1.1379423141479492
21,2893020,5YZ0,MdrDBcore00659,D1586Y+A1550V,0.742,-0.007058635354042053,0.572320818901062,1.1379423141479492
21,2893020,5YZ0,MdrDBcore00660,E910A+S138I,0.581,1.382412314414978,0.572320818901062,1.1379423141479492
21,2893020,5YZ0,MdrDBcore00661,E910A+S138I,0.566,0.5509604811668396,0.572320818901062,1.1379423141479492
21,2893020,5YZ0,MdrDBcore00662,E910A+S138I,0.511,-0.08794864267110825,0.572320818901062,1.1379423141479492
21,2893020,5YZ0,MdrDBcore00663,F982V+R109W,-0.02,0.34675323963165283,0.572320818901062,1.1379423141479492
21,2893020,5YZ0,MdrDBcore00664,F982V+R109W,0.484,0.27713853120803833,0.572320818901062,1.1379423141479492
21,2893020,5YZ0,MdrDBcore00665,F982V+R109W,-0.32,0.09935768693685532,0.572320818901062,1.1379423141479492
21,2893020,5YZ0,MdrDBcore00666,I1526V+V666E,-0.098,-0.5335821509361267,0.572320818901062,1.1379423141479492
21,2893020,5YZ0,MdrDBcore00667,I1526V+V666E,0.251,0.3705314099788666,0.572320818901062,1.1379423141479492
21,2893020,5YZ0,MdrDBcore00668,I1526V+V666E,-0.428,0.2624109089374542,0.572320818901062,1.1379423141479492
21,2893020,5YZ0,MdrDBcore00669,I1851V+T1798A,0.056,0.4888306260108948,0.572320818901062,1.1379423141479492
21,2893020,5YZ0,MdrDBcore00670,I1851V+T1798A,-1.625,-1.0092172622680664,0.572320818901062,1.1379423141479492
21,2893020,5YZ0,MdrDBcore00671,I1851V+T1798A,-0.792,0.29868122935295105,0.572320818901062,1.1379423141479492
21,2893020,5YZ0,MdrDBcore00672,I2068V+R2066Q,0.854,0.42446818947792053,0.572320818901062,1.1379423141479492
21,2893020,5YZ0,MdrDBcore00673,I2068V+R2066Q,-0.475,0.9722574949264526,0.572320818901062,1.1379423141479492
21,2893020,5YZ0,MdrDBcore00674,I2068V+R2066Q,-1.038,0.38504326343536377,0.572320818901062,1.1379423141479492
21,2893020,5YZ0,MdrDBcore00675,L2428F+R1696G,-0.303,0.7018502950668335,0.572320818901062,1.1379423141479492
21,2893020,5YZ0,MdrDBcore00676,L2428F+R1696G,0.08,1.2373484373092651,0.572320818901062,1.1379423141479492
21,2893020,5YZ0,MdrDBcore00677,L2428F+R1696G,0.354,1.0444587469100952,0.572320818901062,1.1379423141479492
21,2893020,5YZ0,MdrDBcore00678,L2428F+R1696G,1.185,1.1005890369415283,0.572320818901062,1.1379423141479492
21,2893020,5YZ0,MdrDBcore00679,P1914S+C1858R,0.662,-0.16181990504264832,0.572320818901062,1.1379423141479492
21,2893020,5YZ0,MdrDBcore00680,P1914S+C1858R,1.533,0.24436062574386597,0.572320818901062,1.1379423141479492
21,2893020,5YZ0,MdrDBcore00681,R2363A+A2366T,-0.227,-0.48243334889411926,0.572320818901062,1.1379423141479492
21,2893020,5YZ0,MdrDBcore00682,R2363A+A2366T,-1.71,-0.19268956780433655,0.572320818901062,1.1379423141479492
21,2893020,5YZ0,MdrDBcore00683,R2363A+A2366T,-0.563,0.09352058917284012,0.572320818901062,1.1379423141479492
21,2893020,5YZ0,MdrDBcore00684,T2556S+I475S,-1.005,0.9478551149368286,0.572320818901062,1.1379423141479492
21,2893020,5YZ0,MdrDBcore00685,T2556S+I475S,-1.11,0.2330963909626007,0.572320818901062,1.1379423141479492
21,2893020,5YZ0,MdrDBcore00686,T2556S+I475S,-1.275,-1.1441603899002075,0.572320818901062,1.1379423141479492
21,2893020,6Z2J,MdrDBcore00687,D104N+A376T,-0.746,-0.13984230160713196,0.572320818901062,1.1379423141479492
21,2893020,6Z2J,MdrDBcore00688,D104N+A376T,-0.476,0.1971939504146576,0.572320818901062,1.1379423141479492
21,2893020,6Z2J,MdrDBcore00689,D104N+A376T,-1.57,0.508474588394165,0.572320818901062,1.1379423141479492
21,2893020,6Z2J,MdrDBcore00690,D104N+A376T,-0.59,-0.18065932393074036,0.572320818901062,1.1379423141479492
21,2893020,6Z2J,MdrDBcore00691,D104N+A376T,-0.924,0.3390212655067444,0.572320818901062,1.1379423141479492
21,2893020,6Z2J,MdrDBcore00692,N83I+E250K,2.919,-0.06578076630830765,0.572320818901062,1.1379423141479492
21,2893020,6Z2J,MdrDBcore00693,N83I+E250K,1.253,1.1013579368591309,0.572320818901062,1.1379423141479492
21,2893020,6Z2J,MdrDBcore00694,N83I+E250K,-0.694,0.49493882060050964,0.572320818901062,1.1379423141479492
21,2893020,6Z2J,MdrDBcore00695,S78P+A282T,-0.147,-0.0022513344883918762,0.572320818901062,1.1379423141479492
21,2893020,6Z2J,MdrDBcore00696,S78P+A282T,-0.155,-0.06607294827699661,0.572320818901062,1.1379423141479492
21,2893020,6Z2J,MdrDBcore00697,S78P+A282T,-1.171,0.3744133710861206,0.572320818901062,1.1379423141479492
21,2893020,6Z2J,MdrDBcore00698,S78P+A282T,0.606,-0.08040542155504227,0.572320818901062,1.1379423141479492
21,2893020,2NVU,MdrDBcore00699,C398R+G372D,-0.637,-0.4399762451648712,0.572320818901062,1.1379423141479492
21,2893020,2NVU,MdrDBcore00700,I371V+K209R,-3.018,0.4633714258670807,0.572320818901062,1.1379423141479492
21,2893020,2NVU,MdrDBcore00701,V395M+R312H,-2.718,0.43956413865089417,0.572320818901062,1.1379423141479492
21,2893020,5HYN,MdrDBcore00702,F224V+N268D,-0.495,-0.4723265469074249,0.572320818901062,1.1379423141479492
21,2893020,6U4Y,MdrDBcore00703,S220A+L71M,-0.779,0.39588746428489685,0.572320818901062,1.1379423141479492
21,2893020,6VP7,MdrDBcore00704,A2135D+G2385R,0.443,0.10505130887031555,0.572320818901062,1.1379423141479492
21,2893020,7LI3,MdrDBcore00705,D1064G+S1145L,0.844,-0.04756655544042587,0.572320818901062,1.1379423141479492
21,2893020,7LI3,MdrDBcore00706,E752D+P2103S+T2310M+V2396L,-0.565,0.046008676290512085,0.572320818901062,1.1379423141479492
21,2893020,7LI3,MdrDBcore00707,K1383Q+L1304H,-0.4,0.17146584391593933,0.572320818901062,1.1379423141479492
21,2893020,6VP7,MdrDBcore00708,Q1648P+P2119T+L2291R,0.236,0.1913597136735916,0.572320818901062,1.1379423141479492
21,2893020,7LI3,MdrDBcore00709,S1204N+Q1365R,-0.211,-0.17377471923828125,0.572320818901062,1.1379423141479492
21,2893020,6VP7,MdrDBcore00710,V1450I+G2385R,-0.438,-0.09871413558721542,0.572320818901062,1.1379423141479492
21,2893020,6VP7,MdrDBcore00711,V1581D+A1440P,-0.652,0.10367482900619507,0.572320818901062,1.1379423141479492
21,2893020,7LI3,MdrDBcore00712,V771I+T1410M,-0.726,-0.1349441409111023,0.572320818901062,1.1379423141479492
21,2893020,6O96,MdrDBcore00713,E47V+I48F,-0.462,-0.021494269371032715,0.572320818901062,1.1379423141479492
21,2893020,6O96,MdrDBcore00714,E47V+I48F,-0.76,0.0010103508830070496,0.572320818901062,1.1379423141479492
21,2893020,6O96,MdrDBcore00715,E47V+I48F,-0.14,-0.2273876667022705,0.572320818901062,1.1379423141479492
21,2893020,4Z96,MdrDBcore00716,E924K+G577D,-0.615,-0.04586275666952133,0.572320818901062,1.1379423141479492
21,2893020,3OUI,MdrDBcore00717,A379V+A194T,0.524,0.6965875625610352,0.572320818901062,1.1379423141479492
21,2893020,4B6L,MdrDBcore00718,R179C+G256E,0.897,-0.08174813538789749,0.572320818901062,1.1379423141479492
21,2893020,7LRZ,MdrDBcore00719,N787T+T901A,-0.155,-0.04494812339544296,0.572320818901062,1.1379423141479492
21,2893020,7LRZ,MdrDBcore00720,N787T+T901A,0.076,-0.24816253781318665,0.572320818901062,1.1379423141479492
21,2893020,7NX4,MdrDBcore00721,T1012M+S737L,0.165,0.3459831774234772,0.572320818901062,1.1379423141479492
21,2893020,7N00,MdrDBcore00722,T1012M+S737L,1.523,-0.05063887685537338,0.572320818901062,1.1379423141479492
21,2893020,AlphaFold2,MdrDBcore00723,Q275R+R102H,0.791,0.5090978145599365,0.572320818901062,1.1379423141479492
21,2893020,AlphaFold2,MdrDBcore00724,R324H+R110H+R102H,1.934,2.184904098510742,0.572320818901062,1.1379423141479492
21,2893020,6OCO,MdrDBcore00725,A152T,-0.093,0.03383086994290352,0.572320818901062,1.1379423141479492
21,2893020,6OCO,MdrDBcore00726,A152T,-1.837,-1.0952708721160889,0.572320818901062,1.1379423141479492
21,2893020,6G6W,MdrDBcore00727,A396T,-0.37,0.4492431581020355,0.572320818901062,1.1379423141479492
21,2893020,6OCO,MdrDBcore00728,A396T,-2.915,-0.9866807460784912,0.572320818901062,1.1379423141479492
21,2893020,6G6W,MdrDBcore00729,A396T,1.111,0.35982006788253784,0.572320818901062,1.1379423141479492
21,2893020,6OCO,MdrDBcore00730,A468V,1.255,0.2463270127773285,0.572320818901062,1.1379423141479492
21,2893020,6OCO,MdrDBcore00731,A487T,1.109,0.20019474625587463,0.572320818901062,1.1379423141479492
21,2893020,6OCO,MdrDBcore00732,A487T,-0.446,-0.30974727869033813,0.572320818901062,1.1379423141479492
21,2893020,6OCO,MdrDBcore00733,A487T,1.508,0.910125195980072,0.572320818901062,1.1379423141479492
21,2893020,6OCO,MdrDBcore00734,A487T,1.531,0.5984683632850647,0.572320818901062,1.1379423141479492
21,2893020,6OCO,MdrDBcore00735,A742V,0.08,0.161604106426239,0.572320818901062,1.1379423141479492
21,2893020,6OCO,MdrDBcore00736,A742V,-0.467,-0.6354367136955261,0.572320818901062,1.1379423141479492
21,2893020,6OCO,MdrDBcore00737,A742V,0.764,0.892886221408844,0.572320818901062,1.1379423141479492
21,2893020,6OCO,MdrDBcore00738,A742V,0.342,1.1953665018081665,0.572320818901062,1.1379423141479492
21,2893020,6OCO,MdrDBcore00739,C132Y,0.634,0.6120156645774841,0.572320818901062,1.1379423141479492
21,2893020,6OCO,MdrDBcore00740,C132Y,-0.38,-0.3554937243461609,0.572320818901062,1.1379423141479492
21,2893020,6G6W,MdrDBcore00741,C132Y,1.681,0.37741270661354065,0.572320818901062,1.1379423141479492
21,2893020,6OCO,MdrDBcore00742,C132Y,0.978,1.0637309551239014,0.572320818901062,1.1379423141479492
21,2893020,6OCO,MdrDBcore00743,E1021K,0.296,0.030719894915819168,0.572320818901062,1.1379423141479492
21,2893020,6OCO,MdrDBcore00744,E1021K,-1.343,-0.6458225846290588,0.572320818901062,1.1379423141479492
21,2893020,6OCO,MdrDBcore00745,E1021K,0.773,0.9010584354400635,0.572320818901062,1.1379423141479492
21,2893020,6OCO,MdrDBcore00746,E1021K,1.03,0.9117259979248047,0.572320818901062,1.1379423141479492
21,2893020,6OCO,MdrDBcore00747,E200K,0.923,0.9248969554901123,0.572320818901062,1.1379423141479492
21,2893020,6OCO,MdrDBcore00748,E200K,0.215,0.7288217544555664,0.572320818901062,1.1379423141479492
21,2893020,6OCO,MdrDBcore00749,E234D,1.626,-0.08750420063734055,0.572320818901062,1.1379423141479492
21,2893020,6OCO,MdrDBcore00750,E234D,-0.559,-0.2866820693016052,0.572320818901062,1.1379423141479492
21,2893020,6OCO,MdrDBcore00751,E234D,1.595,0.8573785424232483,0.572320818901062,1.1379423141479492
21,2893020,6OCO,MdrDBcore00752,E234D,0.773,0.7797401547431946,0.572320818901062,1.1379423141479492
21,2893020,6OCO,MdrDBcore00753,E451K,-0.504,0.06953343003988266,0.572320818901062,1.1379423141479492
21,2893020,6OCO,MdrDBcore00754,E451K,-1.217,-1.2696973085403442,0.572320818901062,1.1379423141479492
21,2893020,6OCO,MdrDBcore00755,E451K,1.576,0.8953724503517151,0.572320818901062,1.1379423141479492
21,2893020,6OCO,MdrDBcore00756,E451K,0.594,1.2590417861938477,0.572320818901062,1.1379423141479492
21,2893020,6OCO,MdrDBcore00757,E766G,1.189,0.39677226543426514,0.572320818901062,1.1379423141479492
21,2893020,6OCO,MdrDBcore00758,E766G,-0.698,-0.5766884088516235,0.572320818901062,1.1379423141479492
21,2893020,6OCO,MdrDBcore00759,E766G,0.686,0.9865882992744446,0.572320818901062,1.1379423141479492
21,2893020,6OCO,MdrDBcore00760,E83K,-1.483,0.006255440413951874,0.572320818901062,1.1379423141479492
21,2893020,6OCO,MdrDBcore00761,E83K,-2.581,-0.15148672461509705,0.572320818901062,1.1379423141479492
21,2893020,6OCO,MdrDBcore00762,E83K,-2.871,0.9075254201889038,0.572320818901062,1.1379423141479492
21,2893020,6OCO,MdrDBcore00763,E83K,-3.594,0.7824207544326782,0.572320818901062,1.1379423141479492
21,2893020,6OCO,MdrDBcore00764,F609L,1.307,0.14752444624900818,0.572320818901062,1.1379423141479492
21,2893020,6OCO,MdrDBcore00765,F609L,0.229,-0.6638463139533997,0.572320818901062,1.1379423141479492
21,2893020,6OCO,MdrDBcore00766,F609L,1.711,0.9149926900863647,0.572320818901062,1.1379423141479492
21,2893020,6OCO,MdrDBcore00767,F609L,1.465,1.2374376058578491,0.572320818901062,1.1379423141479492
21,2893020,6OCO,MdrDBcore00768,F932C,1.114,0.027522586286067963,0.572320818901062,1.1379423141479492
21,2893020,6OCO,MdrDBcore00769,F932C,-0.381,-0.42857328057289124,0.572320818901062,1.1379423141479492
21,2893020,6OCO,MdrDBcore00770,F932C,1.825,0.8920606374740601,0.572320818901062,1.1379423141479492
21,2893020,6OCO,MdrDBcore00771,F932C,0.853,0.8211764693260193,0.572320818901062,1.1379423141479492
21,2893020,6OCO,MdrDBcore00772,G593R,-0.385,0.1339353621006012,0.572320818901062,1.1379423141479492
21,2893020,6OCO,MdrDBcore00773,G593R,-1.066,-1.0702788829803467,0.572320818901062,1.1379423141479492
21,2893020,6OCO,MdrDBcore00774,G593R,1.639,0.9204255938529968,0.572320818901062,1.1379423141479492
21,2893020,6OCO,MdrDBcore00775,G593R,1.737,1.0108938217163086,0.572320818901062,1.1379423141479492
21,2893020,6G6W,MdrDBcore00776,G772S,0.944,-0.05193380266427994,0.572320818901062,1.1379423141479492
21,2893020,6OCO,MdrDBcore00777,G772S,-0.37,-0.7252382040023804,0.572320818901062,1.1379423141479492
21,2893020,6OCO,MdrDBcore00778,G772S,-0.284,0.9059789776802063,0.572320818901062,1.1379423141479492
21,2893020,6OCO,MdrDBcore00779,G772S,0.13,0.5587241649627686,0.572320818901062,1.1379423141479492
21,2893020,6OCO,MdrDBcore00780,G819E,1.359,0.03798981383442879,0.572320818901062,1.1379423141479492
21,2893020,6OCO,MdrDBcore00781,G819E,1.572,1.1340839862823486,0.572320818901062,1.1379423141479492
21,2893020,6OCO,MdrDBcore00782,G819E,0.717,1.0249028205871582,0.572320818901062,1.1379423141479492
21,2893020,6OCO,MdrDBcore00783,G971R,-0.356,0.08872610330581665,0.572320818901062,1.1379423141479492
21,2893020,6OCO,MdrDBcore00784,G971R,-1.304,-0.7265282273292542,0.572320818901062,1.1379423141479492
21,2893020,6OCO,MdrDBcore00785,G971R,0.385,0.8678818941116333,0.572320818901062,1.1379423141479492
21,2893020,6G6W,MdrDBcore00786,G971R,-0.647,0.33677026629447937,0.572320818901062,1.1379423141479492
21,2893020,6G6W,MdrDBcore00787,G985D,-0.9,-1.0988643169403076,0.572320818901062,1.1379423141479492
21,2893020,6OCO,MdrDBcore00788,G985D,-1.309,-0.5517444610595703,0.572320818901062,1.1379423141479492
21,2893020,6OCO,MdrDBcore00789,G985D,1.103,1.0024054050445557,0.572320818901062,1.1379423141479492
21,2893020,6OCO,MdrDBcore00790,G985D,0.766,1.1691185235977173,0.572320818901062,1.1379423141479492
21,2893020,6OCO,MdrDBcore00791,M387T,-0.331,0.040348976850509644,0.572320818901062,1.1379423141479492
21,2893020,6OCO,MdrDBcore00792,M387T,0.988,1.1846641302108765,0.572320818901062,1.1379423141479492
21,2893020,6OCO,MdrDBcore00793,M387T,1.038,0.781003475189209,0.572320818901062,1.1379423141479492
21,2893020,6OCO,MdrDBcore00794,M683I,0.209,0.20688004791736603,0.572320818901062,1.1379423141479492
21,2893020,6OCO,MdrDBcore00795,M683I,-1.045,-0.5740332007408142,0.572320818901062,1.1379423141479492
21,2893020,6OCO,MdrDBcore00796,M683I,0.788,0.8885872960090637,0.572320818901062,1.1379423141479492
21,2893020,6OCO,MdrDBcore00797,M683I,1.13,0.7241801619529724,0.572320818901062,1.1379423141479492
21,2893020,6OCO,MdrDBcore00798,M762I,0.201,0.2931680679321289,0.572320818901062,1.1379423141479492
21,2893020,6OCO,MdrDBcore00799,M762I,-1.116,-0.5700621008872986,0.572320818901062,1.1379423141479492
21,2893020,6OCO,MdrDBcore00800,M762I,1.238,0.9032227993011475,0.572320818901062,1.1379423141479492
21,2893020,6OCO,MdrDBcore00801,M762I,0.663,0.8992074728012085,0.572320818901062,1.1379423141479492
21,2893020,6OCO,MdrDBcore00802,N334K,-0.837,0.2866242825984955,0.572320818901062,1.1379423141479492
21,2893020,6OCO,MdrDBcore00803,N334K,-1.744,-0.5988767147064209,0.572320818901062,1.1379423141479492
21,2893020,6OCO,MdrDBcore00804,N334K,-2.134,0.9006345868110657,0.572320818901062,1.1379423141479492
21,2893020,6OCO,MdrDBcore00805,N334K,-2.557,1.0858741998672485,0.572320818901062,1.1379423141479492
21,2893020,6G6W,MdrDBcore00806,P186S,0.549,0.4327279329299927,0.572320818901062,1.1379423141479492
21,2893020,6OCO,MdrDBcore00807,P186S,-1.197,-0.6698518991470337,0.572320818901062,1.1379423141479492
21,2893020,6OCO,MdrDBcore00808,P186S,1.859,0.8949304819107056,0.572320818901062,1.1379423141479492
21,2893020,6OCO,MdrDBcore00809,P186S,1.462,1.1825700998306274,0.572320818901062,1.1379423141479492
21,2893020,7LQ1,MdrDBcore00810,P294H,1.024,-0.044007234275341034,0.572320818901062,1.1379423141479492
21,2893020,7LQ1,MdrDBcore00811,P294H,1.566,-0.4004824161529541,0.572320818901062,1.1379423141479492
21,2893020,7LQ1,MdrDBcore00812,P294H,1.036,-0.41533592343330383,0.572320818901062,1.1379423141479492
21,2893020,6OCO,MdrDBcore00813,P658L,1.496,0.8949209451675415,0.572320818901062,1.1379423141479492
21,2893020,6OCO,MdrDBcore00814,P658L,1.098,1.0061970949172974,0.572320818901062,1.1379423141479492
21,2893020,7LM2,MdrDBcore00815,R229Q,0.354,0.016128547489643097,0.572320818901062,1.1379423141479492
21,2893020,7LM2,MdrDBcore00816,R229Q,-0.903,0.31846266984939575,0.572320818901062,1.1379423141479492
21,2893020,7LM2,MdrDBcore00817,R229Q,1.506,0.7407596111297607,0.572320818901062,1.1379423141479492
21,2893020,7LM2,MdrDBcore00818,R229Q,1.421,1.0861283540725708,0.572320818901062,1.1379423141479492
21,2893020,7LM2,MdrDBcore00819,R229W,0.606,0.32835227251052856,0.572320818901062,1.1379423141479492
21,2893020,7LM2,MdrDBcore00820,R229W,-1.723,0.29085105657577515,0.572320818901062,1.1379423141479492
21,2893020,7LM2,MdrDBcore00821,R229W,1.473,0.6807273030281067,0.572320818901062,1.1379423141479492
21,2893020,6PYR,MdrDBcore00822,R229W,0.645,0.5731989741325378,0.572320818901062,1.1379423141479492
21,2893020,6OCO,MdrDBcore00823,R38C,-0.365,0.2477416694164276,0.572320818901062,1.1379423141479492
21,2893020,6OCO,MdrDBcore00824,R38C,-1.456,-0.993156909942627,0.572320818901062,1.1379423141479492
21,2893020,6G6W,MdrDBcore00825,R38C,1.992,0.3913016617298126,0.572320818901062,1.1379423141479492
21,2893020,6OCO,MdrDBcore00826,R38C,1.95,1.3064790964126587,0.572320818901062,1.1379423141479492
21,2893020,6OCO,MdrDBcore00827,R437C,0.216,0.06772618740797043,0.572320818901062,1.1379423141479492
21,2893020,6OCO,MdrDBcore00828,R437C,-1.465,-0.459559828042984,0.572320818901062,1.1379423141479492
21,2893020,6OCO,MdrDBcore00829,R437C,1.666,0.9081994891166687,0.572320818901062,1.1379423141479492
21,2893020,6OCO,MdrDBcore00830,R437C,1.238,1.1815745830535889,0.572320818901062,1.1379423141479492
21,2893020,6OCO,MdrDBcore00831,R821C,-1.413,0.20269617438316345,0.572320818901062,1.1379423141479492
21,2893020,6OCO,MdrDBcore00832,R821C,1.452,0.9021897315979004,0.572320818901062,1.1379423141479492
21,2893020,6OCO,MdrDBcore00833,R821C,2.036,1.4763282537460327,0.572320818901062,1.1379423141479492
21,2893020,6OCO,MdrDBcore00834,R88H,1.69,1.1412068605422974,0.572320818901062,1.1379423141479492
21,2893020,6OCO,MdrDBcore00835,R88H,1.048,0.7739582061767578,0.572320818901062,1.1379423141479492
21,2893020,6G6W,MdrDBcore00836,S174L,2.083,0.6616965532302856,0.572320818901062,1.1379423141479492
21,2893020,6G6W,MdrDBcore00837,S174L,0.188,0.7832501530647278,0.572320818901062,1.1379423141479492
21,2893020,6G6W,MdrDBcore00838,S174L,1.802,0.4023309051990509,0.572320818901062,1.1379423141479492
21,2893020,6G6W,MdrDBcore00839,S174L,1.908,0.3540508449077606,0.572320818901062,1.1379423141479492
21,2893020,7SHQ,MdrDBcore00840,D179G,1.527,0.9785919785499573,0.572320818901062,1.1379423141479492
21,2893020,7SHQ,MdrDBcore00841,D584N,1.715,1.5613824129104614,0.572320818901062,1.1379423141479492
21,2893020,7SHQ,MdrDBcore00842,D609N,1.604,1.768487811088562,0.572320818901062,1.1379423141479492
21,2893020,7SHQ,MdrDBcore00843,E545D,1.571,1.4921283721923828,0.572320818901062,1.1379423141479492
21,2893020,7SHQ,MdrDBcore00844,E662K,1.281,1.048253059387207,0.572320818901062,1.1379423141479492
21,2893020,7SHQ,MdrDBcore00845,E673D,1.289,1.4805901050567627,0.572320818901062,1.1379423141479492
21,2893020,7SHQ,MdrDBcore00846,G163V,1.756,0.8143300414085388,0.572320818901062,1.1379423141479492
21,2893020,7SHQ,MdrDBcore00847,G623S,1.237,1.015545129776001,0.572320818901062,1.1379423141479492
21,2893020,7SHQ,MdrDBcore00848,I349V,1.672,1.6836893558502197,0.572320818901062,1.1379423141479492
21,2893020,7SHQ,MdrDBcore00849,P221L,1.95,1.7388838529586792,0.572320818901062,1.1379423141479492
21,2893020,7SHQ,MdrDBcore00850,Q286K,2.13,1.988295078277588,0.572320818901062,1.1379423141479492
21,2893020,7SHQ,MdrDBcore00851,R111H,1.472,1.0608848333358765,0.572320818901062,1.1379423141479492
21,2893020,7SHQ,MdrDBcore00852,R178Q,1.41,1.2356655597686768,0.572320818901062,1.1379423141479492
21,2893020,7SHQ,MdrDBcore00853,R247C,1.433,1.622630000114441,0.572320818901062,1.1379423141479492
21,2893020,7SHQ,MdrDBcore00854,R265S,1.517,0.8648315668106079,0.572320818901062,1.1379423141479492
21,2893020,7SHQ,MdrDBcore00855,R303H,1.491,1.3265655040740967,0.572320818901062,1.1379423141479492
21,2893020,7SHQ,MdrDBcore00856,T149M,1.58,1.501431941986084,0.572320818901062,1.1379423141479492
21,2893020,7SHQ,MdrDBcore00857,T291M,2.01,1.5338618755340576,0.572320818901062,1.1379423141479492
21,2893020,7SHQ,MdrDBcore00858,T694I,1.412,1.2817842960357666,0.572320818901062,1.1379423141479492
21,2893020,7SHQ,MdrDBcore00859,V120I,1.753,1.319756269454956,0.572320818901062,1.1379423141479492
21,2893020,7SHQ,MdrDBcore00860,W194C,1.538,0.9693723320960999,0.572320818901062,1.1379423141479492
21,2893020,7SHQ,MdrDBcore00861,Y641H,1.946,2.188831090927124,0.572320818901062,1.1379423141479492
21,2893020,7SHQ,MdrDBcore00862,Y713C,1.392,1.7295421361923218,0.572320818901062,1.1379423141479492
21,2893020,4ZYO,MdrDBcore00863,M224I,0.639,1.2338097095489502,0.572320818901062,1.1379423141479492
21,2893020,7BG9,MdrDBcore00864,D807G,1.237,0.5765528678894043,0.572320818901062,1.1379423141479492
21,2893020,7BG9,MdrDBcore00865,D848G,1.211,1.2358014583587646,0.572320818901062,1.1379423141479492
21,2893020,7BG9,MdrDBcore00866,E1068K,1.628,1.1071531772613525,0.572320818901062,1.1379423141479492
21,2893020,7BG9,MdrDBcore00867,E484K,1.124,0.559563159942627,0.572320818901062,1.1379423141479492
21,2893020,7BG9,MdrDBcore00868,H752R,1.3,0.7216609716415405,0.572320818901062,1.1379423141479492
21,2893020,7BG9,MdrDBcore00869,L397I,0.21,1.1411340236663818,0.572320818901062,1.1379423141479492
21,2893020,7BG9,MdrDBcore00870,P380S,0.378,-0.6631864309310913,0.572320818901062,1.1379423141479492
21,2893020,7BG9,MdrDBcore00871,P530L,1.038,0.7142784595489502,0.572320818901062,1.1379423141479492
21,2893020,7BG9,MdrDBcore00872,P785L,0.639,0.8149166107177734,0.572320818901062,1.1379423141479492
21,2893020,7BG9,MdrDBcore00873,P785Q,-0.52,-1.051486849784851,0.572320818901062,1.1379423141479492
21,2893020,7BG9,MdrDBcore00874,Q1024H,1.345,1.1092911958694458,0.572320818901062,1.1379423141479492
21,2893020,7BG9,MdrDBcore00875,R521H,1.202,0.6247290372848511,0.572320818901062,1.1379423141479492
21,2893020,7BG9,MdrDBcore00876,R743Q,-0.729,-0.9455090761184692,0.572320818901062,1.1379423141479492
21,2893020,7BG9,MdrDBcore00877,R865C,0.839,1.1815847158432007,0.572320818901062,1.1379423141479492
21,2893020,7BG9,MdrDBcore00878,R938L,1.408,0.9669144749641418,0.572320818901062,1.1379423141479492
21,2893020,7BG9,MdrDBcore00879,R972H,1.156,1.0270333290100098,0.572320818901062,1.1379423141479492
21,2893020,7BG9,MdrDBcore00880,T726P,-0.519,-0.3242530822753906,0.572320818901062,1.1379423141479492
21,2893020,7BG9,MdrDBcore00881,T878A,1.071,0.5558304190635681,0.572320818901062,1.1379423141479492
21,2893020,7BG9,MdrDBcore00882,V639I,1.29,1.0938395261764526,0.572320818901062,1.1379423141479492
21,2893020,7BG9,MdrDBcore00883,V640M,1.288,1.0266146659851074,0.572320818901062,1.1379423141479492
21,2893020,7BG9,MdrDBcore00884,V741M,1.087,0.12041324377059937,0.572320818901062,1.1379423141479492
21,2893020,7BG9,MdrDBcore00885,V898A,1.275,1.0117841958999634,0.572320818901062,1.1379423141479492
21,2893020,2WMR,MdrDBcore00886,A253D,-2.155,-0.044483862817287445,0.572320818901062,1.1379423141479492
21,2893020,2WMR,MdrDBcore00887,Y173H,-2.256,-0.07547993212938309,0.572320818901062,1.1379423141479492
21,2893020,4KIK,MdrDBcore00888,A360S,-1.563,-1.3571754693984985,0.572320818901062,1.1379423141479492
21,2893020,4KIK,MdrDBcore00889,A360S,1.021,0.40460798144340515,0.572320818901062,1.1379423141479492
21,2893020,3BRV,MdrDBcore00890,A710T,-0.504,-0.6815881729125977,0.572320818901062,1.1379423141479492
21,2893020,3BRV,MdrDBcore00891,A710T,1.786,1.073155403137207,0.572320818901062,1.1379423141479492
21,2893020,4KIK,MdrDBcore00892,E502K,-1.913,-1.3485350608825684,0.572320818901062,1.1379423141479492
21,2893020,4KIK,MdrDBcore00893,E502K,-0.066,0.5464005470275879,0.572320818901062,1.1379423141479492
21,2893020,3BRV,MdrDBcore00894,F734L,-1.768,-0.6790206432342529,0.572320818901062,1.1379423141479492
21,2893020,3BRV,MdrDBcore00895,F734L,1.667,1.0796847343444824,0.572320818901062,1.1379423141479492
21,2893020,4KIK,MdrDBcore00896,H284Y,-1.984,-1.265028715133667,0.572320818901062,1.1379423141479492
21,2893020,4KIK,MdrDBcore00897,H284Y,0.13,0.4958389103412628,0.572320818901062,1.1379423141479492
21,2893020,4KIK,MdrDBcore00898,I413S,-1.999,-1.3440873622894287,0.572320818901062,1.1379423141479492
21,2893020,4KIK,MdrDBcore00899,K337N,-1.745,-1.3405033349990845,0.572320818901062,1.1379423141479492
21,2893020,4KIK,MdrDBcore00900,P296L,1.4,0.4118635654449463,0.572320818901062,1.1379423141479492
21,2893020,4KIK,MdrDBcore00901,R118W,-1.151,-1.2816206216812134,0.572320818901062,1.1379423141479492
21,2893020,4KIK,MdrDBcore00902,R118W,1.339,0.38427138328552246,0.572320818901062,1.1379423141479492
21,2893020,4KIK,MdrDBcore00903,R20H,-0.068,-1.367897629737854,0.572320818901062,1.1379423141479492
21,2893020,4KIK,MdrDBcore00904,R20H,0.521,0.5271933078765869,0.572320818901062,1.1379423141479492
21,2893020,4KIK,MdrDBcore00905,R526Q,1.063,0.4040622115135193,0.572320818901062,1.1379423141479492
21,2893020,4KIK,MdrDBcore00906,R57W,-1.249,-1.8635610342025757,0.572320818901062,1.1379423141479492
21,2893020,4KIK,MdrDBcore00907,R57W,1.131,0.36158624291419983,0.572320818901062,1.1379423141479492
21,2893020,4KIK,MdrDBcore00908,T344M,0.66,0.5466927289962769,0.572320818901062,1.1379423141479492
21,2893020,4KIK,MdrDBcore00909,T8R,-0.516,-1.3030246496200562,0.572320818901062,1.1379423141479492
21,2893020,4KIK,MdrDBcore00910,T8R,1.208,0.5452641248703003,0.572320818901062,1.1379423141479492
21,2893020,4KIK,MdrDBcore00911,V327A,-1.102,-1.3832192420959473,0.572320818901062,1.1379423141479492
21,2893020,4KIK,MdrDBcore00912,V327A,1.669,0.4063831865787506,0.572320818901062,1.1379423141479492
21,2893020,4KIK,MdrDBcore00913,Y199C,-1.65,-1.2596008777618408,0.572320818901062,1.1379423141479492
21,2893020,4KIK,MdrDBcore00914,Y199C,1.462,0.552842378616333,0.572320818901062,1.1379423141479492
21,2893020,4JBO,MdrDBcore00915,D311G,-0.93,0.2824307084083557,0.572320818901062,1.1379423141479492
21,2893020,4JBO,MdrDBcore00916,D311G,-0.001,-0.2477402687072754,0.572320818901062,1.1379423141479492
21,2893020,4JBO,MdrDBcore00917,F133L,0.523,0.14469517767429352,0.572320818901062,1.1379423141479492
21,2893020,4JBO,MdrDBcore00918,F133L,-0.48,-0.21133080124855042,0.572320818901062,1.1379423141479492
21,2893020,4JBO,MdrDBcore00919,G173V,-0.301,0.26781579852104187,0.572320818901062,1.1379423141479492
21,2893020,4JBO,MdrDBcore00920,G173V,-0.367,-0.22389045357704163,0.572320818901062,1.1379423141479492
21,2893020,5DT0,MdrDBcore00921,L222P,-0.036,-0.3772847354412079,0.572320818901062,1.1379423141479492
21,2893020,4JBO,MdrDBcore00922,L222P,-0.626,-0.24022215604782104,0.572320818901062,1.1379423141479492
21,2893020,4JBO,MdrDBcore00923,P297H,0.286,0.12426295876502991,0.572320818901062,1.1379423141479492
21,2893020,4JBO,MdrDBcore00924,P297H,-1.585,-0.2652096152305603,0.572320818901062,1.1379423141479492
21,2893020,3FDN,MdrDBcore00925,Q394A,0.19,-0.10039376467466354,0.572320818901062,1.1379423141479492
21,2893020,3FDN,MdrDBcore00926,Q394A,0.126,-0.8380105495452881,0.572320818901062,1.1379423141479492
21,2893020,5DT0,MdrDBcore00927,R343Q,-0.868,-0.034926630556583405,0.572320818901062,1.1379423141479492
21,2893020,4JBO,MdrDBcore00928,R343Q,-0.333,-0.24968567490577698,0.572320818901062,1.1379423141479492
21,2893020,4JBO,MdrDBcore00929,S361L,0.835,0.2734602391719818,0.572320818901062,1.1379423141479492
21,2893020,4JBO,MdrDBcore00930,S361L,0.516,-0.2303246557712555,0.572320818901062,1.1379423141479492
21,2893020,4JBO,MdrDBcore00931,V174M,0.743,0.2705928087234497,0.572320818901062,1.1379423141479492
21,2893020,4JBO,MdrDBcore00932,V174M,-0.501,-0.15041550993919373,0.572320818901062,1.1379423141479492
21,2893020,4JBO,MdrDBcore00933,Y197C,0.747,0.3039611279964447,0.572320818901062,1.1379423141479492
21,2893020,4JBO,MdrDBcore00934,Y197C,0.569,-0.20027264952659607,0.572320818901062,1.1379423141479492
21,2893020,4JBO,MdrDBcore00935,Y246H,0.777,-0.35327354073524475,0.572320818901062,1.1379423141479492
21,2893020,4JBO,MdrDBcore00936,Y246H,-0.064,-0.231681227684021,0.572320818901062,1.1379423141479492
21,2893020,3JZQ,MdrDBcore00937,C76Y,1.279,0.8176756501197815,0.572320818901062,1.1379423141479492
21,2893020,3JZQ,MdrDBcore00938,R87C,1.337,0.6351543664932251,0.572320818901062,1.1379423141479492
21,2893020,2VKI,MdrDBcore00939,A532T,-1.663,-0.6889224648475647,0.572320818901062,1.1379423141479492
21,2893020,2VKI,MdrDBcore00940,A532T,-0.285,1.0139538049697876,0.572320818901062,1.1379423141479492
21,2893020,2VKI,MdrDBcore00941,A532T,-1.531,-0.9233856201171875,0.572320818901062,1.1379423141479492
21,2893020,1W1D,MdrDBcore00942,H517Q,-1.454,-1.0948023796081543,0.572320818901062,1.1379423141479492
21,2893020,2VKI,MdrDBcore00943,H517Q,-0.794,0.10888274759054184,0.572320818901062,1.1379423141479492
21,2893020,2VKI,MdrDBcore00944,H517Q,-0.914,-0.6973294019699097,0.572320818901062,1.1379423141479492
21,2893020,2VKI,MdrDBcore00945,Q540L,-0.007,-0.6195132732391357,0.572320818901062,1.1379423141479492
21,2893020,2VKI,MdrDBcore00946,Q540L,0.155,0.8499294519424438,0.572320818901062,1.1379423141479492
21,2893020,2VKI,MdrDBcore00947,Q540L,-0.613,-0.9389399290084839,0.572320818901062,1.1379423141479492
21,2893020,2VKI,MdrDBcore00948,R505Q,-0.014,0.2432924211025238,0.572320818901062,1.1379423141479492
21,2893020,2VKI,MdrDBcore00949,R505Q,0.605,0.36709800362586975,0.572320818901062,1.1379423141479492
21,2893020,2VKI,MdrDBcore00950,R505Q,-0.845,-1.1976147890090942,0.572320818901062,1.1379423141479492
21,2893020,AlphaFold2,MdrDBcore00951,C657R,1.242,1.200741171836853,0.572320818901062,1.1379423141479492
21,2893020,AlphaFold2,MdrDBcore00952,D644E,-0.767,-0.6645523309707642,0.572320818901062,1.1379423141479492
21,2893020,4FVQ,MdrDBcore00953,C675W,0.357,0.5698561072349548,0.572320818901062,1.1379423141479492
21,2893020,4FVQ,MdrDBcore00954,E592K,2.616,0.5249437689781189,0.572320818901062,1.1379423141479492
21,2893020,3IOK,MdrDBcore00955,E846D,2.797,1.1984715461730957,0.572320818901062,1.1379423141479492
21,2893020,4FVQ,MdrDBcore00956,F547V,1.589,0.46860843896865845,0.572320818901062,1.1379423141479492
21,2893020,4FVQ,MdrDBcore00957,F560L,3.126,0.6045078039169312,0.572320818901062,1.1379423141479492
21,2893020,6E2Q,MdrDBcore00958,F85S,2.311,-0.20621156692504883,0.572320818901062,1.1379423141479492
21,2893020,3IOK,MdrDBcore00959,G1093R,1.446,0.5247451066970825,0.572320818901062,1.1379423141479492
21,2893020,6G3C,MdrDBcore00960,G571S,-0.047,0.4185803234577179,0.572320818901062,1.1379423141479492
21,2893020,6E2Q,MdrDBcore00961,H172R,-0.218,-0.40709230303764343,0.572320818901062,1.1379423141479492
21,2893020,6E2Q,MdrDBcore00962,H172R,1.82,0.04105258733034134,0.572320818901062,1.1379423141479492
21,2893020,6G3C,MdrDBcore00963,H606Q,-1.028,0.3577875792980194,0.572320818901062,1.1379423141479492
21,2893020,4FVQ,MdrDBcore00964,H606Q,0.836,0.3111081123352051,0.572320818901062,1.1379423141479492
21,2893020,6E2Q,MdrDBcore00965,I67M,1.408,0.31067800521850586,0.572320818901062,1.1379423141479492
21,2893020,6E2Q,MdrDBcore00966,L383P,-1.434,-0.49176326394081116,0.572320818901062,1.1379423141479492
21,2893020,6E2Q,MdrDBcore00967,L383P,2.042,1.0814197063446045,0.572320818901062,1.1379423141479492
21,2893020,6E2Q,MdrDBcore00968,L393V,-0.207,-0.3455245792865753,0.572320818901062,1.1379423141479492
21,2893020,4FVQ,MdrDBcore00969,L634P,2.074,0.9849276542663574,0.572320818901062,1.1379423141479492
21,2893020,3IOK,MdrDBcore00970,L905P,-1.629,0.7799050807952881,0.572320818901062,1.1379423141479492
21,2893020,3IOK,MdrDBcore00971,N1108S,1.948,0.5082427263259888,0.572320818901062,1.1379423141479492
21,2893020,6E2Q,MdrDBcore00972,N337D,0.983,-0.4289388954639435,0.572320818901062,1.1379423141479492
21,2893020,3IOK,MdrDBcore00973,R1063H,-0.474,0.4503505229949951,0.572320818901062,1.1379423141479492
21,2893020,3IOK,MdrDBcore00974,R1117M,0.687,0.5101754665374756,0.572320818901062,1.1379423141479492
21,2893020,6E2Q,MdrDBcore00975,R426A,0.073,0.3641929030418396,0.572320818901062,1.1379423141479492
21,2893020,6E2Q,MdrDBcore00976,S411N,3.172,0.37900570034980774,0.572320818901062,1.1379423141479492
21,2893020,6E2Q,MdrDBcore00977,S507A,0.168,0.09695123881101608,0.572320818901062,1.1379423141479492
21,2893020,4FVQ,MdrDBcore00978,S797C,1.229,1.0094135999679565,0.572320818901062,1.1379423141479492
21,2893020,6E2Q,MdrDBcore00979,T108A,3.21,0.7104825377464294,0.572320818901062,1.1379423141479492
21,2893020,6E2Q,MdrDBcore00980,V149A,0.931,1.1727242469787598,0.572320818901062,1.1379423141479492
21,2893020,4FVQ,MdrDBcore00981,V617F,0.016,0.46688514947891235,0.572320818901062,1.1379423141479492
21,2893020,6E2Q,MdrDBcore00982,W157A,-0.483,0.347842276096344,0.572320818901062,1.1379423141479492
21,2893020,6E2Q,MdrDBcore00983,Y42H,3.166,-0.4452182948589325,0.572320818901062,1.1379423141479492
21,2893020,3IOK,MdrDBcore00984,Y934N,1.12,0.4137519299983978,0.572320818901062,1.1379423141479492
21,2893020,6E2Q,MdrDBcore00985,Y96H,-0.387,0.16601359844207764,0.572320818901062,1.1379423141479492
21,2893020,5UEY,MdrDBcore00986,C357Y,3.73,1.4782146215438843,0.572320818901062,1.1379423141479492
21,2893020,5UEY,MdrDBcore00987,C357Y,1.188,0.6100673079490662,0.572320818901062,1.1379423141479492
21,2893020,5UEY,MdrDBcore00988,C357Y,1.205,0.8463137745857239,0.572320818901062,1.1379423141479492
21,2893020,5CTL,MdrDBcore00989,H77Y,-2.382,0.5324642658233643,0.572320818901062,1.1379423141479492
21,2893020,5CTL,MdrDBcore00990,H77Y,0.959,0.2025338113307953,0.572320818901062,1.1379423141479492
21,2893020,5CTL,MdrDBcore00991,H77Y,1.105,0.47938647866249084,0.572320818901062,1.1379423141479492
21,2893020,5UEY,MdrDBcore00992,I360V,-0.479,0.7354040741920471,0.572320818901062,1.1379423141479492
21,2893020,5UEY,MdrDBcore00993,I360V,1.513,0.7396210432052612,0.572320818901062,1.1379423141479492
21,2893020,5UEY,MdrDBcore00994,I360V,1.347,0.8273960947990417,0.572320818901062,1.1379423141479492
21,2893020,4Z93,MdrDBcore00995,R444C,0.287,0.6605014801025391,0.572320818901062,1.1379423141479492
21,2893020,4Z93,MdrDBcore00996,R444C,-0.215,0.9973483085632324,0.572320818901062,1.1379423141479492
21,2893020,4Z93,MdrDBcore00997,R444C,-0.063,0.7316972017288208,0.572320818901062,1.1379423141479492
21,2893020,2N3K,MdrDBcore00998,R616W,1.224,0.9884680509567261,0.572320818901062,1.1379423141479492
21,2893020,2N3K,MdrDBcore00999,R616W,1.614,0.3305351436138153,0.572320818901062,1.1379423141479492
21,2893020,2N3K,MdrDBcore01000,R616W,1.6,0.26712992787361145,0.572320818901062,1.1379423141479492
21,2893020,5CTL,MdrDBcore01001,T73I,-0.44,0.2555293142795563,0.572320818901062,1.1379423141479492
21,2893020,5CTL,MdrDBcore01002,T73I,-0.958,0.0725097805261612,0.572320818901062,1.1379423141479492
21,2893020,5CTL,MdrDBcore01003,T73I,-1.313,0.07164967805147171,0.572320818901062,1.1379423141479492
21,2893020,5CTL,MdrDBcore01004,W120A,0.458,0.22113963961601257,0.572320818901062,1.1379423141479492
21,2893020,5CTL,MdrDBcore01005,W120A,0.346,0.12589052319526672,0.572320818901062,1.1379423141479492
21,2893020,5CTL,MdrDBcore01006,W120A,-0.884,0.6365898251533508,0.572320818901062,1.1379423141479492
21,2893020,5CTL,MdrDBcore01007,W81L,1.79,0.3022083342075348,0.572320818901062,1.1379423141479492
21,2893020,5CTL,MdrDBcore01008,W81L,1.632,0.9434943795204163,0.572320818901062,1.1379423141479492
21,2893020,5CTL,MdrDBcore01009,W81L,1.777,0.5794178247451782,0.572320818901062,1.1379423141479492
21,2893020,6UMD,MdrDBcore01010,A537E,-0.83,0.4499976933002472,0.572320818901062,1.1379423141479492
21,2893020,6UMD,MdrDBcore01011,D467N,1.991,0.42678186297416687,0.572320818901062,1.1379423141479492
21,2893020,5U0J,MdrDBcore01012,D585V,1.689,1.0677014589309692,0.572320818901062,1.1379423141479492
21,2893020,5U0J,MdrDBcore01013,D634G,2.083,0.9953015446662903,0.572320818901062,1.1379423141479492
21,2893020,6UMD,MdrDBcore01014,F472L,1.268,0.2693239748477936,0.572320818901062,1.1379423141479492
21,2893020,6UMD,MdrDBcore01015,G243E,1.422,0.8215942978858948,0.572320818901062,1.1379423141479492
21,2893020,4O7D,MdrDBcore01016,K346Q,-0.127,-0.48890915513038635,0.572320818901062,1.1379423141479492
21,2893020,6UMD,MdrDBcore01017,L478R,1.294,0.9092458486557007,0.572320818901062,1.1379423141479492
21,2893020,6UMD,MdrDBcore01018,N331S,0.49,-0.08497526496648788,0.572320818901062,1.1379423141479492
21,2893020,6UMD,MdrDBcore01019,R307L,0.897,1.1523207426071167,0.572320818901062,1.1379423141479492
21,2893020,6UMD,MdrDBcore01020,V453I,1.509,0.0749855563044548,0.572320818901062,1.1379423141479492
21,2893020,5SD8,MdrDBcore01021,A125V,1.996,0.09935273975133896,0.572320818901062,1.1379423141479492
21,2893020,5HT4,MdrDBcore01022,I176T,0.282,0.29161128401756287,0.572320818901062,1.1379423141479492
21,2893020,5HT4,MdrDBcore01023,T57A,0.41,0.4422111511230469,0.572320818901062,1.1379423141479492
21,2893020,5DC4,MdrDBcore01024,A156T,0.124,0.13818222284317017,0.572320818901062,1.1379423141479492
21,2893020,5DC4,MdrDBcore01025,E216K,0.948,-0.0866747722029686,0.572320818901062,1.1379423141479492
21,2893020,2V7A,MdrDBcore01026,G340W,-0.028,0.3023873567581177,0.572320818901062,1.1379423141479492
21,2893020,2V7A,MdrDBcore01027,H415Q,0.762,0.35137394070625305,0.572320818901062,1.1379423141479492
21,2893020,4J9H,MdrDBcore01028,K106E,1.244,0.3199795186519623,0.572320818901062,1.1379423141479492
21,2893020,6AMW,MdrDBcore01029,K7R,-0.044,-0.40340667963027954,0.572320818901062,1.1379423141479492
21,2893020,4JJB,MdrDBcore01030,N115S,0.944,0.5880743861198425,0.572320818901062,1.1379423141479492
21,2893020,6AMW,MdrDBcore01031,P131S,-0.881,-0.5531396269798279,0.572320818901062,1.1379423141479492
21,2893020,2V7A,MdrDBcore01032,P460L,0.494,-0.17284855246543884,0.572320818901062,1.1379423141479492
21,2893020,6AMW,MdrDBcore01033,R13K,-0.459,-0.4670732319355011,0.572320818901062,1.1379423141479492
21,2893020,5DC4,MdrDBcore01034,R153C,-0.602,-0.3034147322177887,0.572320818901062,1.1379423141479492
21,2893020,5DC4,MdrDBcore01035,R185K,-0.121,0.15442699193954468,0.572320818901062,1.1379423141479492
21,2893020,2V7A,MdrDBcore01036,R351W,0.405,0.3023301661014557,0.572320818901062,1.1379423141479492
21,2893020,7N9G,MdrDBcore01037,R502W,0.707,-0.12801679968833923,0.572320818901062,1.1379423141479492
21,2893020,2V7A,MdrDBcore01038,T243I,0.101,0.31541261076927185,0.572320818901062,1.1379423141479492
21,2893020,6XR6,MdrDBcore01039,V390I,-0.227,0.3958154618740082,0.572320818901062,1.1379423141479492
21,2893020,2V7A,MdrDBcore01040,Y276C,-0.478,0.31572335958480835,0.572320818901062,1.1379423141479492
21,2893020,1MOX,MdrDBcore01041,A289D,-0.356,-0.5976200103759766,0.572320818901062,1.1379423141479492
21,2893020,1MOX,MdrDBcore01042,A289D,0.668,0.5294917821884155,0.572320818901062,1.1379423141479492
21,2893020,7SZ0,MdrDBcore01043,A289V,0.598,-0.8041215538978577,0.572320818901062,1.1379423141479492
21,2893020,1MOX,MdrDBcore01044,A289V,0.528,0.6059388518333435,0.572320818901062,1.1379423141479492
21,2893020,1MOX,MdrDBcore01045,A289V,0.287,-0.5581963062286377,0.572320818901062,1.1379423141479492
21,2893020,7SZ0,MdrDBcore01046,A289V,1.005,-0.2806738018989563,0.572320818901062,1.1379423141479492
21,2893020,1MOX,MdrDBcore01047,A289V,0.516,-0.7166847586631775,0.572320818901062,1.1379423141479492
21,2893020,5CAN,MdrDBcore01048,A702D,-1.549,-0.40513908863067627,0.572320818901062,1.1379423141479492
21,2893020,5CAN,MdrDBcore01049,A702D,0.098,-0.22804293036460876,0.572320818901062,1.1379423141479492
21,2893020,6D8E,MdrDBcore01050,A864V,-1.162,0.27781927585601807,0.572320818901062,1.1379423141479492
21,2893020,6D8E,MdrDBcore01051,A864V,-1.228,-0.3667789399623871,0.572320818901062,1.1379423141479492
21,2893020,6D8E,MdrDBcore01052,A864V,-1.186,-0.20026269555091858,0.572320818901062,1.1379423141479492
21,2893020,6D8E,MdrDBcore01053,A864V,-0.945,0.02204873412847519,0.572320818901062,1.1379423141479492
21,2893020,6D8E,MdrDBcore01054,A864V,-0.788,-0.141443133354187,0.572320818901062,1.1379423141479492
21,2893020,6D8E,MdrDBcore01055,A864V,-0.396,-0.18071794509887695,0.572320818901062,1.1379423141479492
21,2893020,6D8E,MdrDBcore01056,A864V,-1.02,-0.5674495100975037,0.572320818901062,1.1379423141479492
21,2893020,6D8E,MdrDBcore01057,A864V,-1.432,-0.27730002999305725,0.572320818901062,1.1379423141479492
21,2893020,6D8E,MdrDBcore01058,A864V,-0.67,-0.30603089928627014,0.572320818901062,1.1379423141479492
21,2893020,1MOX,MdrDBcore01059,C251Y,-0.693,0.12507325410842896,0.572320818901062,1.1379423141479492
21,2893020,1MOX,MdrDBcore01060,C311F,2.202,0.38762274384498596,0.572320818901062,1.1379423141479492
21,2893020,7SZ0,MdrDBcore01061,C523R,-0.599,-0.1323622167110443,0.572320818901062,1.1379423141479492
21,2893020,7SZ0,MdrDBcore01062,C523R,-0.637,0.03673587739467621,0.572320818901062,1.1379423141479492
21,2893020,7SZ0,MdrDBcore01063,C523R,0.304,-0.512355625629425,0.572320818901062,1.1379423141479492
21,2893020,7SZ0,MdrDBcore01064,C523R,0.093,0.16951003670692444,0.572320818901062,1.1379423141479492
21,2893020,7SZ0,MdrDBcore01065,C523R,-0.466,-0.49059781432151794,0.572320818901062,1.1379423141479492
21,2893020,7SZ0,MdrDBcore01066,C523R,0.621,0.3312027156352997,0.572320818901062,1.1379423141479492
21,2893020,5CAN,MdrDBcore01067,E711K,-0.282,-0.22801458835601807,0.572320818901062,1.1379423141479492
21,2893020,6TG1,MdrDBcore01068,E711K,0.102,-0.40291962027549744,0.572320818901062,1.1379423141479492
21,2893020,5CAN,MdrDBcore01069,E711K,0.011,-0.5944375395774841,0.572320818901062,1.1379423141479492
21,2893020,5CAN,MdrDBcore01070,E711K,0.301,0.2174924910068512,0.572320818901062,1.1379423141479492
21,2893020,5CAN,MdrDBcore01071,E711K,1.056,-0.453190416097641,0.572320818901062,1.1379423141479492
21,2893020,5CAN,MdrDBcore01072,F961L,0.414,0.8039392232894897,0.572320818901062,1.1379423141479492
21,2893020,5CAN,MdrDBcore01073,F961L,-0.23,-0.5849279761314392,0.572320818901062,1.1379423141479492
21,2893020,5CAN,MdrDBcore01074,F961L,-0.145,-0.5071491599082947,0.572320818901062,1.1379423141479492
21,2893020,2M0B,MdrDBcore01075,G659R,-0.828,-0.06680005043745041,0.572320818901062,1.1379423141479492
21,2893020,5CAN,MdrDBcore01076,G719S,-0.311,-0.33802857995033264,0.572320818901062,1.1379423141479492
21,2893020,6TG1,MdrDBcore01077,G719S,-2.08,-0.13583725690841675,0.572320818901062,1.1379423141479492
21,2893020,6D8E,MdrDBcore01078,G719S,-1.345,-0.54819256067276,0.572320818901062,1.1379423141479492
21,2893020,5CAN,MdrDBcore01079,G719S,-1.534,-0.37876754999160767,0.572320818901062,1.1379423141479492
21,2893020,5CAN,MdrDBcore01080,G719S,-1.594,-0.304521381855011,0.572320818901062,1.1379423141479492
21,2893020,5CAN,MdrDBcore01081,G719S,0.896,-0.0037680119276046753,0.572320818901062,1.1379423141479492
21,2893020,5CAN,MdrDBcore01082,G917R,-0.265,-0.292590469121933,0.572320818901062,1.1379423141479492
21,2893020,5CAN,MdrDBcore01083,G917R,0.04,-0.012619741261005402,0.572320818901062,1.1379423141479492
21,2893020,5CAN,MdrDBcore01084,G917R,-0.148,0.2876212000846863,0.572320818901062,1.1379423141479492
21,2893020,5CAN,MdrDBcore01085,G917R,-0.372,-0.18481960892677307,0.572320818901062,1.1379423141479492
21,2893020,5CAN,MdrDBcore01086,H988P,-0.191,0.10969360172748566,0.572320818901062,1.1379423141479492
21,2893020,2M0B,MdrDBcore01087,I646L,0.139,-0.3423037528991699,0.572320818901062,1.1379423141479492
21,2893020,2M0B,MdrDBcore01088,I646L,0.342,0.29197221994400024,0.572320818901062,1.1379423141479492
21,2893020,5LV6,MdrDBcore01089,I646L,-0.278,-0.2551806569099426,0.572320818901062,1.1379423141479492
21,2893020,2M0B,MdrDBcore01090,I646L,0.656,-0.23095187544822693,0.572320818901062,1.1379423141479492
21,2893020,2M0B,MdrDBcore01091,I646L,0.677,0.23533636331558228,0.572320818901062,1.1379423141479492
21,2893020,7SZ0,MdrDBcore01092,K28N,-0.86,-0.9891809225082397,0.572320818901062,1.1379423141479492
21,2893020,2N5S,MdrDBcore01093,L62R,0.651,-0.5978742241859436,0.572320818901062,1.1379423141479492
21,2893020,2N5S,MdrDBcore01094,L62R,0.883,0.5773019790649414,0.572320818901062,1.1379423141479492
21,2893020,2N5S,MdrDBcore01095,L62R,0.476,0.18759453296661377,0.572320818901062,1.1379423141479492
21,2893020,2N5S,MdrDBcore01096,L62R,1.078,0.19470131397247314,0.572320818901062,1.1379423141479492
21,2893020,2N5S,MdrDBcore01097,L62R,1.369,0.0017733126878738403,0.572320818901062,1.1379423141479492
21,2893020,1MOX,MdrDBcore01098,L76P,-0.985,-0.4008176624774933,0.572320818901062,1.1379423141479492
21,2893020,1MOX,MdrDBcore01099,L76P,-0.97,-0.19100308418273926,0.572320818901062,1.1379423141479492
21,2893020,2M20,MdrDBcore01100,L76P,-0.064,-0.1881609857082367,0.572320818901062,1.1379423141479492
21,2893020,2M20,MdrDBcore01101,L76P,-0.699,-0.3136817216873169,0.572320818901062,1.1379423141479492
21,2893020,1MOX,MdrDBcore01102,L76P,-0.228,0.1681869626045227,0.572320818901062,1.1379423141479492
21,2893020,2M20,MdrDBcore01103,L76P,0.398,1.3609929084777832,0.572320818901062,1.1379423141479492
21,2893020,1MOX,MdrDBcore01104,L76P,-1.343,-0.06455626338720322,0.572320818901062,1.1379423141479492
21,2893020,2M20,MdrDBcore01105,L76P,-1.839,0.20742455124855042,0.572320818901062,1.1379423141479492
21,2893020,6D8E,MdrDBcore01106,L858R,-4.042,-0.07504182308912277,0.572320818901062,1.1379423141479492
21,2893020,6D8E,MdrDBcore01107,L858R,-2.66,-0.39285653829574585,0.572320818901062,1.1379423141479492
21,2893020,5CAN,MdrDBcore01108,L861Q,-0.896,-0.40800198912620544,0.572320818901062,1.1379423141479492
21,2893020,5CAN,MdrDBcore01109,L861Q,-0.526,0.28896233439445496,0.572320818901062,1.1379423141479492
21,2893020,5CAN,MdrDBcore01110,L861Q,-1.064,-0.16115272045135498,0.572320818901062,1.1379423141479492
21,2893020,6D8E,MdrDBcore01111,L861Q,-0.736,0.20645102858543396,0.572320818901062,1.1379423141479492
21,2893020,6D8E,MdrDBcore01112,L861Q,-0.619,-0.30145373940467834,0.572320818901062,1.1379423141479492
21,2893020,5CAN,MdrDBcore01113,L883F,-0.382,-0.23294439911842346,0.572320818901062,1.1379423141479492
21,2893020,5CAN,MdrDBcore01114,L883F,0.58,-0.05425869673490524,0.572320818901062,1.1379423141479492
21,2893020,5CAN,MdrDBcore01115,L883F,0.226,-0.2012946903705597,0.572320818901062,1.1379423141479492
21,2893020,5CAN,MdrDBcore01116,L883F,0.281,-0.08164959400892258,0.572320818901062,1.1379423141479492
21,2893020,5CAN,MdrDBcore01117,L883F,0.945,-0.40273451805114746,0.572320818901062,1.1379423141479492
21,2893020,3PFV,MdrDBcore01118,P1071L,0.324,0.6526421308517456,0.572320818901062,1.1379423141479492
21,2893020,3PFV,MdrDBcore01119,P1071L,-0.931,-0.5229343771934509,0.572320818901062,1.1379423141479492
21,2893020,3PFV,MdrDBcore01120,P1071L,-0.113,-0.8194678425788879,0.572320818901062,1.1379423141479492
21,2893020,3PFV,MdrDBcore01121,P1071L,0.13,0.6635792255401611,0.572320818901062,1.1379423141479492
21,2893020,3PFV,MdrDBcore01122,P1071L,-0.12,0.6667647957801819,0.572320818901062,1.1379423141479492
21,2893020,3PFV,MdrDBcore01123,P1071L,1.21,-0.3306143581867218,0.572320818901062,1.1379423141479492
21,2893020,5CAN,MdrDBcore01124,P753S,-1.218,0.0868547186255455,0.572320818901062,1.1379423141479492
21,2893020,5CAN,MdrDBcore01125,P753S,1.334,-0.11772800236940384,0.572320818901062,1.1379423141479492
21,2893020,5CAN,MdrDBcore01126,Q701R,-0.279,-0.25605520606040955,0.572320818901062,1.1379423141479492
21,2893020,6TG1,MdrDBcore01127,Q701R,-0.382,-0.4238714873790741,0.572320818901062,1.1379423141479492
21,2893020,5CAN,MdrDBcore01128,Q701R,0.29,0.3229224979877472,0.572320818901062,1.1379423141479492
21,2893020,6D8E,MdrDBcore01129,Q701R,-0.347,-0.3147435188293457,0.572320818901062,1.1379423141479492
21,2893020,5CAN,MdrDBcore01130,Q701R,0.084,0.002374686300754547,0.572320818901062,1.1379423141479492
21,2893020,5CAN,MdrDBcore01131,Q701R,-0.522,-0.19939416646957397,0.572320818901062,1.1379423141479492
21,2893020,1MOX,MdrDBcore01132,R165Q,0.288,0.36218908429145813,0.572320818901062,1.1379423141479492
21,2893020,1MOX,MdrDBcore01133,R451C,-0.719,0.06712344288825989,0.572320818901062,1.1379423141479492
21,2893020,7SZ0,MdrDBcore01134,R451C,-1.196,-0.5358502268791199,0.572320818901062,1.1379423141479492
21,2893020,1MOX,MdrDBcore01135,R451C,-0.817,-0.39595797657966614,0.572320818901062,1.1379423141479492
21,2893020,1MOX,MdrDBcore01136,R451C,-0.695,0.4483717978000641,0.572320818901062,1.1379423141479492
21,2893020,7SZ0,MdrDBcore01137,R451C,-1.115,-0.19365385174751282,0.572320818901062,1.1379423141479492
21,2893020,1MOX,MdrDBcore01138,R451C,0.991,-0.3432002067565918,0.572320818901062,1.1379423141479492
21,2893020,2M0B,MdrDBcore01139,R675Q,0.202,-0.44732704758644104,0.572320818901062,1.1379423141479492
21,2893020,2M0B,MdrDBcore01140,R675Q,0.948,0.9396844506263733,0.572320818901062,1.1379423141479492
21,2893020,2M0B,MdrDBcore01141,R675Q,0.704,-0.14042013883590698,0.572320818901062,1.1379423141479492
21,2893020,2M0B,MdrDBcore01142,R675Q,1.255,0.5332760214805603,0.572320818901062,1.1379423141479492
21,2893020,2M0B,MdrDBcore01143,R675Q,0.318,0.09205255657434464,0.572320818901062,1.1379423141479492
21,2893020,2M0B,MdrDBcore01144,R677C,-1.091,-0.18827947974205017,0.572320818901062,1.1379423141479492
21,2893020,5CAN,MdrDBcore01145,R832C,-1.389,1.5081647634506226,0.572320818901062,1.1379423141479492
21,2893020,5CAN,MdrDBcore01146,R832C,-1.507,-0.10638781636953354,0.572320818901062,1.1379423141479492
21,2893020,5CAN,MdrDBcore01147,R832C,-0.512,-0.5361740589141846,0.572320818901062,1.1379423141479492
21,2893020,5CAN,MdrDBcore01148,S703F,-2.773,0.13056248426437378,0.572320818901062,1.1379423141479492
21,2893020,5CAN,MdrDBcore01149,S768I,-2.066,-0.6942124366760254,0.572320818901062,1.1379423141479492
21,2893020,6D8E,MdrDBcore01150,S768I,-1.336,-0.010207079350948334,0.572320818901062,1.1379423141479492
21,2893020,5CAN,MdrDBcore01151,S768I,-1.442,0.7680047750473022,0.572320818901062,1.1379423141479492
21,2893020,5CAN,MdrDBcore01152,S768I,-2.007,0.017060749232769012,0.572320818901062,1.1379423141479492
21,2893020,5CAN,MdrDBcore01153,S768I,-1.274,-0.03532468527555466,0.572320818901062,1.1379423141479492
21,2893020,5CAN,MdrDBcore01154,S768I,-3.63,-0.4146645963191986,0.572320818901062,1.1379423141479492
21,2893020,5CAN,MdrDBcore01155,S811F,0.566,-0.27874305844306946,0.572320818901062,1.1379423141479492
21,2893020,5CAN,MdrDBcore01156,S811F,0.765,0.3029078543186188,0.572320818901062,1.1379423141479492
21,2893020,5CAN,MdrDBcore01157,S811F,0.132,-0.35782140493392944,0.572320818901062,1.1379423141479492
21,2893020,5CAN,MdrDBcore01158,S811F,0.163,-0.16088423132896423,0.572320818901062,1.1379423141479492
21,2893020,5CAN,MdrDBcore01159,S811F,-0.607,-0.36864402890205383,0.572320818901062,1.1379423141479492
21,2893020,6TG1,MdrDBcore01160,T751I,0.033,0.22444528341293335,0.572320818901062,1.1379423141479492
21,2893020,5CAN,MdrDBcore01161,T751I,0.148,0.5931212902069092,0.572320818901062,1.1379423141479492
21,2893020,5CAN,MdrDBcore01162,T751I,-0.088,-0.06988713890314102,0.572320818901062,1.1379423141479492
21,2893020,5CAN,MdrDBcore01163,T751I,-0.18,-0.14180806279182434,0.572320818901062,1.1379423141479492
21,2893020,5CAN,MdrDBcore01164,T751I,-0.629,-0.6130553483963013,0.572320818901062,1.1379423141479492
21,2893020,5CAN,MdrDBcore01165,V1011M,-2.524,-0.47307494282722473,0.572320818901062,1.1379423141479492
21,2893020,5CAN,MdrDBcore01166,V1011M,-0.24,-0.36782386898994446,0.572320818901062,1.1379423141479492
21,2893020,5CAN,MdrDBcore01167,V1011M,-0.267,-0.1977997124195099,0.572320818901062,1.1379423141479492
21,2893020,5CAN,MdrDBcore01168,V1011M,-0.597,-0.5590952634811401,0.572320818901062,1.1379423141479492
21,2893020,5CAN,MdrDBcore01169,V1011M,-1.178,0.23810327053070068,0.572320818901062,1.1379423141479492
21,2893020,5CAN,MdrDBcore01170,V1011M,-1.794,-0.5414113998413086,0.572320818901062,1.1379423141479492
21,2893020,1MOX,MdrDBcore01171,V292M,-0.108,-0.41529151797294617,0.572320818901062,1.1379423141479492
21,2893020,7SZ0,MdrDBcore01172,V592F,-0.734,-0.43646809458732605,0.572320818901062,1.1379423141479492
21,2893020,7SZ0,MdrDBcore01173,V592F,0.123,-0.7728885412216187,0.572320818901062,1.1379423141479492
21,2893020,7SZ0,MdrDBcore01174,V592F,1.952,-0.049032486975193024,0.572320818901062,1.1379423141479492
21,2893020,5CAN,MdrDBcore01175,V738D,-0.931,-0.11014910787343979,0.572320818901062,1.1379423141479492
21,2893020,6D8E,MdrDBcore01176,V738D,-0.288,-0.09948708862066269,0.572320818901062,1.1379423141479492
21,2893020,5CAN,MdrDBcore01177,V738D,-0.471,-0.22524875402450562,0.572320818901062,1.1379423141479492
21,2893020,5CAN,MdrDBcore01178,V738D,-0.628,-0.06621568650007248,0.572320818901062,1.1379423141479492
21,2893020,5CAN,MdrDBcore01179,V738D,-1.784,-0.4946860373020172,0.572320818901062,1.1379423141479492
21,2893020,5CAN,MdrDBcore01180,V904I,-0.686,-0.26164165139198303,0.572320818901062,1.1379423141479492
21,2893020,5CAN,MdrDBcore01181,V904I,-0.631,-0.3673500716686249,0.572320818901062,1.1379423141479492
21,2893020,5CAN,MdrDBcore01182,V904I,-0.007,-0.21246695518493652,0.572320818901062,1.1379423141479492
21,2893020,5CAN,MdrDBcore01183,V904I,-0.208,-0.6645328998565674,0.572320818901062,1.1379423141479492
21,2893020,5CAN,MdrDBcore01184,V904I,-0.86,0.038920652121305466,0.572320818901062,1.1379423141479492
21,2893020,5CAN,MdrDBcore01185,V904I,-0.362,-0.4642097055912018,0.572320818901062,1.1379423141479492
21,2893020,5VQP,MdrDBcore01186,A221T,0.098,0.19339469075202942,0.572320818901062,1.1379423141479492
21,2893020,6GFF,MdrDBcore01187,A221T,0.035,0.6683980822563171,0.572320818901062,1.1379423141479492
21,2893020,6GFF,MdrDBcore01188,E169A,0.4,-0.1993834674358368,0.572320818901062,1.1379423141479492
21,2893020,6GFF,MdrDBcore01189,F134L,1.061,0.5270094871520996,0.572320818901062,1.1379423141479492
21,2893020,6GFF,MdrDBcore01190,F134L,-0.28,0.025951631367206573,0.572320818901062,1.1379423141479492
21,2893020,5FFO,MdrDBcore01191,I300V,0.168,0.12209485471248627,0.572320818901062,1.1379423141479492
21,2893020,6GFF,MdrDBcore01192,R152Q,0.693,0.4713561236858368,0.572320818901062,1.1379423141479492
21,2893020,6GFF,MdrDBcore01193,R152Q,1.291,1.1164759397506714,0.572320818901062,1.1379423141479492
21,2893020,6GFF,MdrDBcore01194,R205L,1.168,0.4447052478790283,0.572320818901062,1.1379423141479492
21,2893020,6GFF,MdrDBcore01195,R205L,0.137,0.08418447524309158,0.572320818901062,1.1379423141479492
21,2893020,6GFF,MdrDBcore01196,S138L,0.563,0.5056360960006714,0.572320818901062,1.1379423141479492
21,2893020,6GFF,MdrDBcore01197,S138L,1.717,-0.5608353614807129,0.572320818901062,1.1379423141479492
21,2893020,6GFF,MdrDBcore01198,S209R,0.408,0.4404906928539276,0.572320818901062,1.1379423141479492
21,2893020,6GFF,MdrDBcore01199,S209R,-0.44,0.267358660697937,0.572320818901062,1.1379423141479492
21,2893020,5VQP,MdrDBcore01200,T289A,0.353,0.990889847278595,0.572320818901062,1.1379423141479492
21,2893020,4KV5,MdrDBcore01201,V20M,1.636,0.32967671751976013,0.572320818901062,1.1379423141479492
21,2893020,4KV5,MdrDBcore01202,Y103H,0.514,0.6532527804374695,0.572320818901062,1.1379423141479492
21,2893020,6GFF,MdrDBcore01203,Y103H,-0.297,-0.15963038802146912,0.572320818901062,1.1379423141479492
21,2893020,5TM1,MdrDBcore01204,D321N,0.066,0.20977261662483215,0.572320818901062,1.1379423141479492
21,2893020,5TM1,MdrDBcore01205,D321N,0.304,0.1678714156150818,0.572320818901062,1.1379423141479492
21,2893020,5TM1,MdrDBcore01206,D426G,-0.151,0.1338655948638916,0.572320818901062,1.1379423141479492
21,2893020,5TM1,MdrDBcore01207,D426G,-0.021,0.060370706021785736,0.572320818901062,1.1379423141479492
21,2893020,4AA6,MdrDBcore01208,E247K,-0.19,-0.39629971981048584,0.572320818901062,1.1379423141479492
21,2893020,4AA6,MdrDBcore01209,E247K,-0.393,0.17395873367786407,0.572320818901062,1.1379423141479492
21,2893020,2LLQ,MdrDBcore01210,I298V,-0.293,-0.40817177295684814,0.572320818901062,1.1379423141479492
21,2893020,2LLQ,MdrDBcore01211,I298V,-0.247,0.37523984909057617,0.572320818901062,1.1379423141479492
21,2893020,5U2B,MdrDBcore01212,K299N,-0.096,0.0590745285153389,0.572320818901062,1.1379423141479492
21,2893020,2LLQ,MdrDBcore01213,K299R,-0.316,-0.05944292992353439,0.572320818901062,1.1379423141479492
21,2893020,2LLQ,MdrDBcore01214,K299R,1.023,0.1972639560699463,0.572320818901062,1.1379423141479492
21,2893020,2LLQ,MdrDBcore01215,M297I,0.335,-0.4589536488056183,0.572320818901062,1.1379423141479492
21,2893020,4AA6,MdrDBcore01216,R241L,0.711,-0.3702930212020874,0.572320818901062,1.1379423141479492
21,2893020,4AA6,MdrDBcore01217,R241L,-0.261,0.3185400366783142,0.572320818901062,1.1379423141479492
21,2893020,5TM1,MdrDBcore01218,R548C,-0.441,-0.017823487520217896,0.572320818901062,1.1379423141479492
21,2893020,5TM1,MdrDBcore01219,R548C,-0.471,0.09937331080436707,0.572320818901062,1.1379423141479492
21,2893020,4AA6,MdrDBcore01220,T182A,-0.213,-0.6245836615562439,0.572320818901062,1.1379423141479492
21,2893020,4AA6,MdrDBcore01221,T182A,0.145,0.3214693069458008,0.572320818901062,1.1379423141479492
21,2893020,5TM1,MdrDBcore01222,V392I,-0.334,0.19677364826202393,0.572320818901062,1.1379423141479492
21,2893020,5TM1,MdrDBcore01223,V392I,0.002,0.08093468844890594,0.572320818901062,1.1379423141479492
21,2893020,5MY6,MdrDBcore01224,A386T,1.101,0.644312858581543,0.572320818901062,1.1379423141479492
21,2893020,7MN8,MdrDBcore01225,A586G,0.23,-0.664582371711731,0.572320818901062,1.1379423141479492
21,2893020,6LBX,MdrDBcore01226,A586G,1.097,-0.010520823299884796,0.572320818901062,1.1379423141479492
21,2893020,3PP0,MdrDBcore01227,A830V,-0.34,0.2937658727169037,0.572320818901062,1.1379423141479492
21,2893020,3PP0,MdrDBcore01228,A830V,1.275,0.19156399369239807,0.572320818901062,1.1379423141479492
21,2893020,2L4K,MdrDBcore01229,D1144H,1.33,1.0932230949401855,0.572320818901062,1.1379423141479492
21,2893020,6LBX,MdrDBcore01230,D592E,1.293,-0.2449760138988495,0.572320818901062,1.1379423141479492
21,2893020,3PP0,MdrDBcore01231,E744K,0.58,0.30421945452690125,0.572320818901062,1.1379423141479492
21,2893020,3PP0,MdrDBcore01232,E744K,1.703,0.11983318626880646,0.572320818901062,1.1379423141479492
21,2893020,3PP0,MdrDBcore01233,E930D,0.498,0.2885335087776184,0.572320818901062,1.1379423141479492
21,2893020,3PP0,MdrDBcore01234,E930D,1.074,0.17791447043418884,0.572320818901062,1.1379423141479492
21,2893020,3PP0,MdrDBcore01235,E936K,1.208,0.2419373095035553,0.572320818901062,1.1379423141479492
21,2893020,7MN8,MdrDBcore01236,G518V,-0.611,-0.705673336982727,0.572320818901062,1.1379423141479492
21,2893020,5MY6,MdrDBcore01237,G518V,1.487,0.4344765543937683,0.572320818901062,1.1379423141479492
21,2893020,3PP0,MdrDBcore01238,G776V,1.218,0.061277836561203,0.572320818901062,1.1379423141479492
21,2893020,6LBX,MdrDBcore01239,K591M,1.313,-0.23464521765708923,0.572320818901062,1.1379423141479492
21,2893020,3PP0,MdrDBcore01240,L720P,-0.74,0.3083166182041168,0.572320818901062,1.1379423141479492
21,2893020,3PP0,MdrDBcore01241,L720P,1.177,0.1954464167356491,0.572320818901062,1.1379423141479492
21,2893020,3PP0,MdrDBcore01242,L755S,-1.223,0.320793092250824,0.572320818901062,1.1379423141479492
21,2893020,3PP0,MdrDBcore01243,L755S,1.397,0.1826760172843933,0.572320818901062,1.1379423141479492
21,2893020,3PP0,MdrDBcore01244,L796P,1.379,0.15285363793373108,0.572320818901062,1.1379423141479492
21,2893020,5MY6,MdrDBcore01245,N319Y,1.35,0.5128660202026367,0.572320818901062,1.1379423141479492
21,2893020,7MN8,MdrDBcore01246,P230L,-0.368,-0.7688100934028625,0.572320818901062,1.1379423141479492
21,2893020,5MY6,MdrDBcore01247,P230L,1.468,0.536306619644165,0.572320818901062,1.1379423141479492
21,2893020,5MY6,MdrDBcore01248,Q178H,1.641,1.0627750158309937,0.572320818901062,1.1379423141479492
21,2893020,5MY6,MdrDBcore01249,R143Q,1.476,0.9264271855354309,0.572320818901062,1.1379423141479492
21,2893020,7MN8,MdrDBcore01250,R226H,-0.251,-0.5802059769630432,0.572320818901062,1.1379423141479492
21,2893020,5MY6,MdrDBcore01251,R226H,1.003,-0.03728996962308884,0.572320818901062,1.1379423141479492
21,2893020,5MY6,MdrDBcore01252,R432W,1.52,0.5143923163414001,0.572320818901062,1.1379423141479492
21,2893020,5MY6,MdrDBcore01253,R499Q,1.643,0.9247403144836426,0.572320818901062,1.1379423141479492
21,2893020,3PP0,MdrDBcore01254,R816H,1.616,0.08826997131109238,0.572320818901062,1.1379423141479492
21,2893020,3PP0,MdrDBcore01255,R896H,0.026,0.07185395807027817,0.572320818901062,1.1379423141479492
21,2893020,3PP0,MdrDBcore01256,S1007A,-0.226,0.18086540699005127,0.572320818901062,1.1379423141479492
21,2893020,5MY6,MdrDBcore01257,S310F,1.353,0.36237215995788574,0.572320818901062,1.1379423141479492
21,2893020,6J71,MdrDBcore01258,S335C,1.298,0.2438792586326599,0.572320818901062,1.1379423141479492
21,2893020,1MFG,MdrDBcore01259,V1253M,1.209,0.817603349685669,0.572320818901062,1.1379423141479492
21,2893020,7MN8,MdrDBcore01260,V541M,0.426,-0.39996322989463806,0.572320818901062,1.1379423141479492
21,2893020,6LBX,MdrDBcore01261,V541M,1.961,0.11619602143764496,0.572320818901062,1.1379423141479492
21,2893020,3PP0,MdrDBcore01262,V842I,1.0,0.20357289910316467,0.572320818901062,1.1379423141479492
21,2893020,5MY6,MdrDBcore01263,W452C,-0.482,0.046451494097709656,0.572320818901062,1.1379423141479492
21,2893020,5MY6,MdrDBcore01264,W452S,1.615,1.2205028533935547,0.572320818901062,1.1379423141479492
21,2893020,2IFG,MdrDBcore01265,A107V,-0.588,-0.01793409138917923,0.572320818901062,1.1379423141479492
21,2893020,2IFG,MdrDBcore01266,A65S,-0.973,-0.33100080490112305,0.572320818901062,1.1379423141479492
21,2893020,5KMO,MdrDBcore01267,D738N,-1.024,0.22580736875534058,0.572320818901062,1.1379423141479492
21,2893020,6D20,MdrDBcore01268,E492K,-0.45,0.23155024647712708,0.572320818901062,1.1379423141479492
21,2893020,6PMB,MdrDBcore01269,E518D,-0.575,0.10851912945508957,0.572320818901062,1.1379423141479492
21,2893020,5KMO,MdrDBcore01270,E581K,0.113,0.38010773062705994,0.572320818901062,1.1379423141479492
21,2893020,2IFG,MdrDBcore01271,G166R,-0.339,-0.05353335291147232,0.572320818901062,1.1379423141479492
21,2893020,6PL3,MdrDBcore01272,G595E,-0.352,0.28465113043785095,0.572320818901062,1.1379423141479492
21,2893020,2IFG,MdrDBcore01273,G64D,-1.392,-0.13683196902275085,0.572320818901062,1.1379423141479492
21,2893020,6PL3,MdrDBcore01274,K665N,0.854,0.32826659083366394,0.572320818901062,1.1379423141479492
21,2893020,6PMB,MdrDBcore01275,K665N,0.751,0.20056754350662231,0.572320818901062,1.1379423141479492
21,2893020,2IFG,MdrDBcore01276,L62P,-0.478,-0.2393992841243744,0.572320818901062,1.1379423141479492
21,2893020,6PL3,MdrDBcore01277,M671T,0.505,0.21906697750091553,0.572320818901062,1.1379423141479492
21,2893020,2IFG,MdrDBcore01278,P149L,0.666,0.5520113706588745,0.572320818901062,1.1379423141479492
21,2893020,1WWW,MdrDBcore01279,P309L,0.354,0.03210195153951645,0.572320818901062,1.1379423141479492
21,2893020,1HE7,MdrDBcore01280,P387L,-0.124,0.25835102796554565,0.572320818901062,1.1379423141479492
21,2893020,2IFG,MdrDBcore01281,R104S,-0.426,-0.12794116139411926,0.572320818901062,1.1379423141479492
21,2893020,2IFG,MdrDBcore01282,R161H,0.709,0.825702428817749,0.572320818901062,1.1379423141479492
21,2893020,1WWW,MdrDBcore01283,R314C,0.363,0.03527709096670151,0.572320818901062,1.1379423141479492
21,2893020,1WWW,MdrDBcore01284,R314H,-0.637,0.0350971594452858,0.572320818901062,1.1379423141479492
21,2893020,6PL3,MdrDBcore01285,R574C,0.34,0.08297700434923172,0.572320818901062,1.1379423141479492
21,2893020,6PL3,MdrDBcore01286,R692H,0.208,0.3310370147228241,0.572320818901062,1.1379423141479492
21,2893020,4AOJ,MdrDBcore01287,R692H,0.217,0.8467387557029724,0.572320818901062,1.1379423141479492
21,2893020,6PL3,MdrDBcore01288,R748W,0.476,0.32868489623069763,0.572320818901062,1.1379423141479492
21,2893020,2IFG,MdrDBcore01289,S277F,1.134,0.25808441638946533,0.572320818901062,1.1379423141479492
21,2893020,5KML,MdrDBcore01290,S475C,-0.238,0.5112416744232178,0.572320818901062,1.1379423141479492
21,2893020,4PMM,MdrDBcore01291,T678I,0.181,-0.09532011300325394,0.572320818901062,1.1379423141479492
21,2893020,2IFG,MdrDBcore01292,V135L,0.269,-0.5394591093063354,0.572320818901062,1.1379423141479492
21,2893020,2IFG,MdrDBcore01293,V170A,0.152,0.8722843527793884,0.572320818901062,1.1379423141479492
21,2893020,1WWW,MdrDBcore01294,V282I,-1.069,0.03220226615667343,0.572320818901062,1.1379423141479492
21,2893020,6PL3,MdrDBcore01295,W514A,0.067,0.17004579305648804,0.572320818901062,1.1379423141479492
21,2893020,4IBT,MdrDBcore01296,A159D,0.658,-0.05482972413301468,0.572320818901062,1.1379423141479492
21,2893020,6XRE,MdrDBcore01297,A307V,-0.319,-0.2519029378890991,0.572320818901062,1.1379423141479492
21,2893020,4IBT,MdrDBcore01298,C124R,1.26,0.26914820075035095,0.572320818901062,1.1379423141479492
21,2893020,4IBT,MdrDBcore01299,C141W,-0.244,-0.14466941356658936,0.572320818901062,1.1379423141479492
21,2893020,3D07,MdrDBcore01300,C176S,0.854,0.06846188008785248,0.572320818901062,1.1379423141479492
21,2893020,4IBT,MdrDBcore01301,C176Y,-0.087,-0.06529536098241806,0.572320818901062,1.1379423141479492
21,2893020,4IBT,MdrDBcore01302,C238F,-1.165,-0.12318552285432816,0.572320818901062,1.1379423141479492
21,2893020,4IBT,MdrDBcore01303,C242R,0.573,0.08431348204612732,0.572320818901062,1.1379423141479492
21,2893020,3D07,MdrDBcore01304,C242S,-0.088,0.1744309663772583,0.572320818901062,1.1379423141479492
21,2893020,2J20,MdrDBcore01305,C242W,0.138,0.4671497046947479,0.572320818901062,1.1379423141479492
21,2893020,4IBT,MdrDBcore01306,C275G,-0.216,-0.08512922376394272,0.572320818901062,1.1379423141479492
21,2893020,4IBT,MdrDBcore01307,C275Y,-0.281,0.2881888747215271,0.572320818901062,1.1379423141479492
21,2893020,4IBT,MdrDBcore01308,D259V,0.409,-0.05908171087503433,0.572320818901062,1.1379423141479492
21,2893020,4IBT,MdrDBcore01309,D259Y,0.416,0.04827061668038368,0.572320818901062,1.1379423141479492
21,2893020,4IBT,MdrDBcore01310,D281G,-1.902,0.04260918125510216,0.572320818901062,1.1379423141479492
21,2893020,4IBT,MdrDBcore01311,D281Y,0.916,-0.2075924277305603,0.572320818901062,1.1379423141479492
21,2893020,2K8F,MdrDBcore01312,E11Q,0.01,0.13632702827453613,0.572320818901062,1.1379423141479492
21,2893020,4IBT,MdrDBcore01313,E180A,-0.469,0.2735332250595093,0.572320818901062,1.1379423141479492
21,2893020,4IBT,MdrDBcore01314,E204A,0.566,0.009548254311084747,0.572320818901062,1.1379423141479492
21,2893020,4IBT,MdrDBcore01315,E224K,-0.737,-0.1222805604338646,0.572320818901062,1.1379423141479492
21,2893020,4IBT,MdrDBcore01316,E285V,0.085,-0.165982186794281,0.572320818901062,1.1379423141479492
21,2893020,4IBT,MdrDBcore01317,E286K,-0.38,-0.042231105268001556,0.572320818901062,1.1379423141479492
21,2893020,6XRE,MdrDBcore01318,E298A,0.302,0.7213237285614014,0.572320818901062,1.1379423141479492
21,2893020,1SAE,MdrDBcore01319,E349A,0.609,0.6129682660102844,0.572320818901062,1.1379423141479492
21,2893020,2RUK,MdrDBcore01320,E56A,-0.101,0.37005943059921265,0.572320818901062,1.1379423141479492
21,2893020,4IBT,MdrDBcore01321,F113L,-1.546,-0.3004353940486908,0.572320818901062,1.1379423141479492
21,2893020,3D07,MdrDBcore01322,F113V,-0.114,0.2749861478805542,0.572320818901062,1.1379423141479492
21,2893020,4IBT,MdrDBcore01323,G154V,-0.054,0.1015569418668747,0.572320818901062,1.1379423141479492
21,2893020,4IBT,MdrDBcore01324,G187R,1.545,0.0013256147503852844,0.572320818901062,1.1379423141479492
21,2893020,4IBT,MdrDBcore01325,G244A,-0.295,0.003431446850299835,0.572320818901062,1.1379423141479492
21,2893020,4IBT,MdrDBcore01326,G244C,-0.968,-0.19527846574783325,0.572320818901062,1.1379423141479492
21,2893020,4IBT,MdrDBcore01327,G245D,-0.079,-0.09376982599496841,0.572320818901062,1.1379423141479492
21,2893020,4IBT,MdrDBcore01328,G245V,-1.372,0.06166726350784302,0.572320818901062,1.1379423141479492
21,2893020,4IBT,MdrDBcore01329,G262V,0.86,-0.03577422350645065,0.572320818901062,1.1379423141479492
21,2893020,4IBT,MdrDBcore01330,G266R,-0.292,-0.06203954666852951,0.572320818901062,1.1379423141479492
21,2893020,4IBT,MdrDBcore01331,G266V,0.404,-0.03801528364419937,0.572320818901062,1.1379423141479492
21,2893020,4IBT,MdrDBcore01332,H179D,0.241,0.04235153645277023,0.572320818901062,1.1379423141479492
21,2893020,4IBT,MdrDBcore01333,H179Q,-1.041,-0.031539611518383026,0.572320818901062,1.1379423141479492
21,2893020,4IBT,MdrDBcore01334,H193L,0.008,0.1748182475566864,0.572320818901062,1.1379423141479492
21,2893020,4IBT,MdrDBcore01335,H193Y,-0.446,-0.04765581339597702,0.572320818901062,1.1379423141479492
21,2893020,4IBT,MdrDBcore01336,I195T,-0.053,0.44470715522766113,0.572320818901062,1.1379423141479492
21,2893020,4IBT,MdrDBcore01337,I232S,-0.179,-0.00736699253320694,0.572320818901062,1.1379423141479492
21,2893020,4IBT,MdrDBcore01338,I251L,0.404,0.009646497666835785,0.572320818901062,1.1379423141479492
21,2893020,4IBT,MdrDBcore01339,I251N,0.376,0.06379774957895279,0.572320818901062,1.1379423141479492
21,2893020,4IBT,MdrDBcore01340,I251T,-0.037,0.06143956258893013,0.572320818901062,1.1379423141479492
21,2893020,4IBT,MdrDBcore01341,I254N,-1.024,-0.3607913851737976,0.572320818901062,1.1379423141479492
21,2893020,4IBT,MdrDBcore01342,I255N,0.762,0.05642060562968254,0.572320818901062,1.1379423141479492
21,2893020,4IBT,MdrDBcore01343,I255S,-0.381,-0.12248837202787399,0.572320818901062,1.1379423141479492
21,2893020,4IBT,MdrDBcore01344,I255T,0.232,0.06499168276786804,0.572320818901062,1.1379423141479492
21,2893020,4IBT,MdrDBcore01345,K101A,0.039,-0.04768829792737961,0.572320818901062,1.1379423141479492
21,2893020,4IBT,MdrDBcore01346,K120N,0.75,0.049271244555711746,0.572320818901062,1.1379423141479492
21,2893020,4IBT,MdrDBcore01347,K132E,-0.108,-0.11764758080244064,0.572320818901062,1.1379423141479492
21,2893020,4IBT,MdrDBcore01348,K164A,0.358,0.06513610482215881,0.572320818901062,1.1379423141479492
21,2893020,4IBT,MdrDBcore01349,K164E,-0.948,-0.20197632908821106,0.572320818901062,1.1379423141479492
21,2893020,4IBT,MdrDBcore01350,K164N,0.1,0.033494606614112854,0.572320818901062,1.1379423141479492
21,2893020,3D07,MdrDBcore01351,K291A,0.558,-0.10423620790243149,0.572320818901062,1.1379423141479492
21,2893020,4IBT,MdrDBcore01352,L130V,0.525,-0.18052059412002563,0.572320818901062,1.1379423141479492
21,2893020,4IBT,MdrDBcore01353,L145R,-1.048,-0.018904246389865875,0.572320818901062,1.1379423141479492
21,2893020,4IBT,MdrDBcore01354,L194F,0.322,0.10651308298110962,0.572320818901062,1.1379423141479492
21,2893020,4IBT,MdrDBcore01355,L264R,0.757,0.09149760007858276,0.572320818901062,1.1379423141479492
21,2893020,4IBT,MdrDBcore01356,L265P,-0.213,-0.12710332870483398,0.572320818901062,1.1379423141479492
21,2893020,4IBT,MdrDBcore01357,M246R,-0.158,0.2718654274940491,0.572320818901062,1.1379423141479492
21,2893020,4IBT,MdrDBcore01358,M246T,-0.159,-0.15469267964363098,0.572320818901062,1.1379423141479492
21,2893020,4IBT,MdrDBcore01359,N268I,0.208,0.2072661817073822,0.572320818901062,1.1379423141479492
21,2893020,4IBT,MdrDBcore01360,P151H,-0.277,0.10152795165777206,0.572320818901062,1.1379423141479492
21,2893020,4IBT,MdrDBcore01361,P177T,-0.539,0.07142511010169983,0.572320818901062,1.1379423141479492
21,2893020,4IBT,MdrDBcore01362,P223L,1.505,-0.06533316522836685,0.572320818901062,1.1379423141479492
21,2893020,4IBT,MdrDBcore01363,P250L,0.598,-0.06674867123365402,0.572320818901062,1.1379423141479492
21,2893020,4IBT,MdrDBcore01364,P278A,-0.149,-0.14722320437431335,0.572320818901062,1.1379423141479492
21,2893020,4IBT,MdrDBcore01365,P278H,-0.406,-0.01530882716178894,0.572320818901062,1.1379423141479492
21,2893020,4IBT,MdrDBcore01366,P278S,0.716,0.06194058805704117,0.572320818901062,1.1379423141479492
21,2893020,4IBT,MdrDBcore01367,P98L,0.522,0.010635778307914734,0.572320818901062,1.1379423141479492
21,2893020,4IBT,MdrDBcore01368,Q100A,1.104,0.05579979345202446,0.572320818901062,1.1379423141479492
21,2893020,4IBT,MdrDBcore01369,Q144A,-0.373,-0.14367666840553284,0.572320818901062,1.1379423141479492
21,2893020,4IBT,MdrDBcore01370,Q167A,0.595,-0.1305655837059021,0.572320818901062,1.1379423141479492
21,2893020,3Q01,MdrDBcore01371,Q331A,0.8,0.24877148866653442,0.572320818901062,1.1379423141479492
21,2893020,4IBT,MdrDBcore01372,R110C,0.246,0.015801675617694855,0.572320818901062,1.1379423141479492
21,2893020,4IBT,MdrDBcore01373,R110P,-0.287,0.04828512296080589,0.572320818901062,1.1379423141479492
21,2893020,4IBT,MdrDBcore01374,R156P,-0.394,0.05234616994857788,0.572320818901062,1.1379423141479492
21,2893020,4IBT,MdrDBcore01375,R158G,0.091,0.1437186896800995,0.572320818901062,1.1379423141479492
21,2893020,4IBT,MdrDBcore01376,R175L,0.612,-0.08229353278875351,0.572320818901062,1.1379423141479492
21,2893020,4IBT,MdrDBcore01377,R181C,-0.885,-0.05283548682928085,0.572320818901062,1.1379423141479492
21,2893020,4IBT,MdrDBcore01378,R181H,0.247,-0.2178669571876526,0.572320818901062,1.1379423141479492
21,2893020,4IBT,MdrDBcore01379,R209A,0.323,0.02991478145122528,0.572320818901062,1.1379423141479492
21,2893020,4IBT,MdrDBcore01380,R213L,0.252,0.010111771523952484,0.572320818901062,1.1379423141479492
21,2893020,4IBT,MdrDBcore01381,R248G,0.559,0.023628443479537964,0.572320818901062,1.1379423141479492
21,2893020,4IBT,MdrDBcore01382,R249G,-0.636,0.04605754464864731,0.572320818901062,1.1379423141479492
21,2893020,4IBT,MdrDBcore01383,R267P,0.442,0.06451784074306488,0.572320818901062,1.1379423141479492
21,2893020,4IBT,MdrDBcore01384,R280G,-1.191,-0.15963217616081238,0.572320818901062,1.1379423141479492
21,2893020,4IBT,MdrDBcore01385,R280K,-0.372,0.03328645974397659,0.572320818901062,1.1379423141479492
21,2893020,4IBT,MdrDBcore01386,R282Q,0.034,-0.13389632105827332,0.572320818901062,1.1379423141479492
21,2893020,4IBT,MdrDBcore01387,R283P,-0.816,-0.12932726740837097,0.572320818901062,1.1379423141479492
21,2893020,1SAE,MdrDBcore01388,R337C,0.867,0.9375970959663391,0.572320818901062,1.1379423141479492
21,2893020,1SAE,MdrDBcore01389,R337L,-1.266,0.49865439534187317,0.572320818901062,1.1379423141479492
21,2893020,1SAE,MdrDBcore01390,R342A,-0.389,0.6653506755828857,0.572320818901062,1.1379423141479492
21,2893020,4IBT,MdrDBcore01391,S215C,-2.605,0.008615300059318542,0.572320818901062,1.1379423141479492
21,2893020,4IBT,MdrDBcore01392,S215I,0.645,-0.30304041504859924,0.572320818901062,1.1379423141479492
21,2893020,4IBT,MdrDBcore01393,S215N,1.106,0.3750537931919098,0.572320818901062,1.1379423141479492
21,2893020,4IBT,MdrDBcore01394,S215R,0.498,0.05424937605857849,0.572320818901062,1.1379423141479492
21,2893020,4IBT,MdrDBcore01395,S240R,-0.058,0.06530523300170898,0.572320818901062,1.1379423141479492
21,2893020,4IBT,MdrDBcore01396,S241C,-0.483,-0.02431745082139969,0.572320818901062,1.1379423141479492
21,2893020,4IBT,MdrDBcore01397,S241Y,-0.136,-0.00884920358657837,0.572320818901062,1.1379423141479492
21,2893020,4IBT,MdrDBcore01398,S261T,-0.526,0.0018878504633903503,0.572320818901062,1.1379423141479492
21,2893020,6SL6,MdrDBcore01399,S90F,0.219,0.2247990369796753,0.572320818901062,1.1379423141479492
21,2893020,4IBT,MdrDBcore01400,T155N,-0.634,0.04264555126428604,0.572320818901062,1.1379423141479492
21,2893020,4IBT,MdrDBcore01401,V143M,0.535,0.08695165812969208,0.572320818901062,1.1379423141479492
21,2893020,4IBT,MdrDBcore01402,V147D,0.505,0.024256296455860138,0.572320818901062,1.1379423141479492
21,2893020,4IBT,MdrDBcore01403,V173M,-0.756,0.060725148767232895,0.572320818901062,1.1379423141479492
21,2893020,4IBT,MdrDBcore01404,V216L,0.092,-0.06782358139753342,0.572320818901062,1.1379423141479492
21,2893020,4IBT,MdrDBcore01405,V218L,0.984,0.06721948087215424,0.572320818901062,1.1379423141479492
21,2893020,4IBT,MdrDBcore01406,V274F,-0.47,-0.11466828733682632,0.572320818901062,1.1379423141479492
21,2893020,4IBT,MdrDBcore01407,W146A,0.336,0.011993937194347382,0.572320818901062,1.1379423141479492
21,2893020,4IBT,MdrDBcore01408,Y107A,0.163,0.04515385627746582,0.572320818901062,1.1379423141479492
21,2893020,4IBT,MdrDBcore01409,Y126A,0.195,-0.015367396175861359,0.572320818901062,1.1379423141479492
21,2893020,3D07,MdrDBcore01410,Y126C,0.065,0.28715845942497253,0.572320818901062,1.1379423141479492
21,2893020,4IBT,MdrDBcore01411,Y205F,-0.692,0.015767402946949005,0.572320818901062,1.1379423141479492
21,2893020,4IBT,MdrDBcore01412,Y220D,-0.218,0.11520129442214966,0.572320818901062,1.1379423141479492
21,2893020,4IBT,MdrDBcore01413,Y234C,-1.211,-0.28815507888793945,0.572320818901062,1.1379423141479492
21,2893020,4IBT,MdrDBcore01414,Y236C,-0.702,-0.06525193899869919,0.572320818901062,1.1379423141479492
21,2893020,4H1I,MdrDBcore01415,F142C,-1.844,-0.2670080363750458,0.572320818901062,1.1379423141479492
21,2893020,4H1I,MdrDBcore01416,F91V,0.311,0.03319860249757767,0.572320818901062,1.1379423141479492
21,2893020,4H1I,MdrDBcore01417,K93N,-0.864,-0.08807990700006485,0.572320818901062,1.1379423141479492
21,2893020,4H1I,MdrDBcore01418,P27S,1.115,-0.4109775722026825,0.572320818901062,1.1379423141479492
21,2893020,4H1I,MdrDBcore01419,R115A,-0.787,-0.4539295732975006,0.572320818901062,1.1379423141479492
21,2893020,4H1I,MdrDBcore01420,Y33H,-2.721,-0.1966589391231537,0.572320818901062,1.1379423141479492
21,2893020,2I0E,MdrDBcore01421,A451V,-1.057,0.21777087450027466,0.572320818901062,1.1379423141479492
21,2893020,2I0E,MdrDBcore01422,A509T,0.084,0.20894074440002441,0.572320818901062,1.1379423141479492
21,2893020,2I0E,MdrDBcore01423,A570T,-0.868,0.2492908239364624,0.572320818901062,1.1379423141479492
21,2893020,2I0E,MdrDBcore01424,A621T,0.105,0.24874553084373474,0.572320818901062,1.1379423141479492
21,2893020,2I0E,MdrDBcore01425,D475Y,0.998,0.2735578119754791,0.572320818901062,1.1379423141479492
21,2893020,2I0E,MdrDBcore01426,E385D,0.183,0.22995978593826294,0.572320818901062,1.1379423141479492
21,2893020,2I0E,MdrDBcore01427,E657K,0.732,0.23481416702270508,0.572320818901062,1.1379423141479492
21,2893020,2I0E,MdrDBcore01428,G436D,1.299,0.23525449633598328,0.572320818901062,1.1379423141479492
21,2893020,2I0E,MdrDBcore01429,G543V,0.868,0.23894008994102478,0.572320818901062,1.1379423141479492
21,2893020,2I0E,MdrDBcore01430,K489N,-1.153,0.295680969953537,0.572320818901062,1.1379423141479492
21,2893020,2I0E,MdrDBcore01431,L469P,-0.426,0.2115347981452942,0.572320818901062,1.1379423141479492
21,2893020,2I0E,MdrDBcore01432,M357I,0.278,0.23104387521743774,0.572320818901062,1.1379423141479492
21,2893020,2I0E,MdrDBcore01433,P588H,-0.197,0.21963539719581604,0.572320818901062,1.1379423141479492
21,2893020,2I0E,MdrDBcore01434,P616T,0.902,0.23114344477653503,0.572320818901062,1.1379423141479492
21,2893020,2I0E,MdrDBcore01435,P669R,0.154,0.2511841356754303,0.572320818901062,1.1379423141479492
21,2893020,2I0E,MdrDBcore01436,Q433H,0.915,0.22491496801376343,0.572320818901062,1.1379423141479492
21,2893020,2I0E,MdrDBcore01437,R465H,0.048,0.16403687000274658,0.572320818901062,1.1379423141479492
21,2893020,2I0E,MdrDBcore01438,R610H,0.7,0.2797030210494995,0.572320818901062,1.1379423141479492
21,2893020,2I0E,MdrDBcore01439,S664F,-0.12,0.43273046612739563,0.572320818901062,1.1379423141479492
21,2893020,1LKL,MdrDBcore01440,A143S,0.436,-0.8724299073219299,0.572320818901062,1.1379423141479492
21,2893020,1LKL,MdrDBcore01441,A143S,-0.266,-0.05705372244119644,0.572320818901062,1.1379423141479492
21,2893020,1LKL,MdrDBcore01442,A160T,-0.713,-0.7433231472969055,0.572320818901062,1.1379423141479492
21,2893020,1QPJ,MdrDBcore01443,E448Q,0.337,0.3684183955192566,0.572320818901062,1.1379423141479492
21,2893020,1QPJ,MdrDBcore01444,E467D,0.417,0.3491394519805908,0.572320818901062,1.1379423141479492
21,2893020,1QPJ,MdrDBcore01445,E482Q,0.393,0.3309185206890106,0.572320818901062,1.1379423141479492
21,2893020,1QPJ,MdrDBcore01446,G456S,2.467,0.35087868571281433,0.572320818901062,1.1379423141479492
21,2893020,1LKL,MdrDBcore01447,R139Q,-1.006,-0.08525184541940689,0.572320818901062,1.1379423141479492
21,2893020,1QPJ,MdrDBcore01448,R363H,0.33,0.3254568874835968,0.572320818901062,1.1379423141479492
21,2893020,1QPJ,MdrDBcore01449,R480H,1.736,0.36351242661476135,0.572320818901062,1.1379423141479492
21,2893020,3LCK,MdrDBcore01450,R484W,-0.656,-0.670344889163971,0.572320818901062,1.1379423141479492
21,2893020,1QPJ,MdrDBcore01451,S377R,0.101,0.35702094435691833,0.572320818901062,1.1379423141479492
21,2893020,1QPJ,MdrDBcore01452,T416I,0.636,0.34885820746421814,0.572320818901062,1.1379423141479492
21,2893020,1LKL,MdrDBcore01453,V167I,0.702,-0.48700276017189026,0.572320818901062,1.1379423141479492
21,2893020,4Y72,MdrDBcore01454,A250V,-0.229,0.3227081000804901,0.572320818901062,1.1379423141479492
21,2893020,5LQF,MdrDBcore01455,G177R,-0.39,-0.4518817961215973,0.572320818901062,1.1379423141479492
21,2893020,5LQF,MdrDBcore01456,L282R,0.117,0.3288460969924927,0.572320818901062,1.1379423141479492
21,2893020,5LQF,MdrDBcore01457,P95S,0.513,0.3366672396659851,0.572320818901062,1.1379423141479492
21,2893020,5LQF,MdrDBcore01458,R59C,0.765,1.1935487985610962,0.572320818901062,1.1379423141479492
21,2893020,5LQF,MdrDBcore01459,S178L,0.634,-0.2613397240638733,0.572320818901062,1.1379423141479492
21,2893020,5LQF,MdrDBcore01460,S233Y,-1.024,0.39707502722740173,0.572320818901062,1.1379423141479492
21,2893020,5LQF,MdrDBcore01461,S248N,0.331,0.35995733737945557,0.572320818901062,1.1379423141479492
21,2893020,3LCD,MdrDBcore01462,A792P,-0.053,-0.490771621465683,0.572320818901062,1.1379423141479492
21,2893020,4WRL,MdrDBcore01463,D89N,0.066,0.269388347864151,0.572320818901062,1.1379423141479492
21,2893020,3KRJ,MdrDBcore01464,E664G,-0.582,0.48931416869163513,0.572320818901062,1.1379423141479492
21,2893020,4WRL,MdrDBcore01465,G145D,-0.559,-0.22765925526618958,0.572320818901062,1.1379423141479492
21,2893020,4LIQ,MdrDBcore01466,G377D,-0.221,-0.321157842874527,0.572320818901062,1.1379423141479492
21,2893020,3KRJ,MdrDBcore01467,H623Y,0.502,0.46108075976371765,0.572320818901062,1.1379423141479492
21,2893020,3KRJ,MdrDBcore01468,I827N,0.378,0.44707489013671875,0.572320818901062,1.1379423141479492
21,2893020,4LIQ,MdrDBcore01469,L207P,0.132,0.08066190034151077,0.572320818901062,1.1379423141479492
21,2893020,4LIQ,MdrDBcore01470,P202S,-0.329,0.3433273732662201,0.572320818901062,1.1379423141479492
21,2893020,4WRM,MdrDBcore01471,Q460H,-0.25,-0.3932120203971863,0.572320818901062,1.1379423141479492
21,2893020,4LIQ,MdrDBcore01472,R106Q,0.467,0.5219642519950867,0.572320818901062,1.1379423141479492
21,2893020,4LIQ,MdrDBcore01473,R256H,-0.115,0.27471399307250977,0.572320818901062,1.1379423141479492
21,2893020,4LIQ,MdrDBcore01474,R486S,0.047,0.6330844759941101,0.572320818901062,1.1379423141479492
21,2893020,3KRJ,MdrDBcore01475,R753W,0.081,0.5323018431663513,0.572320818901062,1.1379423141479492
21,2893020,3KRJ,MdrDBcore01476,T600M,-0.669,0.5517301559448242,0.572320818901062,1.1379423141479492
21,2893020,3KRJ,MdrDBcore01477,V659A,-0.192,0.469098836183548,0.572320818901062,1.1379423141479492
21,2893020,3KRJ,MdrDBcore01478,Y571D,-4.236,0.44989287853240967,0.572320818901062,1.1379423141479492
21,2893020,6JK8,MdrDBcore01479,A241T,0.418,-0.5722993612289429,0.572320818901062,1.1379423141479492
21,2893020,6JK8,MdrDBcore01480,A241T,-0.493,-0.30014750361442566,0.572320818901062,1.1379423141479492
21,2893020,5FXR,MdrDBcore01481,D1146N,-1.665,0.43111249804496765,0.572320818901062,1.1379423141479492
21,2893020,3LW0,MdrDBcore01482,D1146N,-0.583,0.9232595562934875,0.572320818901062,1.1379423141479492
21,2893020,6JK8,MdrDBcore01483,D162N,-0.641,-0.5667816400527954,0.572320818901062,1.1379423141479492
21,2893020,6JK8,MdrDBcore01484,D162N,0.147,-0.4699036180973053,0.572320818901062,1.1379423141479492
21,2893020,6JK8,MdrDBcore01485,D38N,0.666,-0.022958196699619293,0.572320818901062,1.1379423141479492
21,2893020,6JK8,MdrDBcore01486,D38N,1.32,-0.38286250829696655,0.572320818901062,1.1379423141479492
21,2893020,3LW0,MdrDBcore01487,E1037K,-0.695,-0.27558887004852295,0.572320818901062,1.1379423141479492
21,2893020,3LW0,MdrDBcore01488,E1037K,-0.099,0.006086297333240509,0.572320818901062,1.1379423141479492
21,2893020,6JK8,MdrDBcore01489,E302K,0.823,-0.3950877785682678,0.572320818901062,1.1379423141479492
21,2893020,6JK8,MdrDBcore01490,E302K,1.437,-0.36011940240859985,0.572320818901062,1.1379423141479492
21,2893020,3LW0,MdrDBcore01491,G1229S,0.075,-0.17771166563034058,0.572320818901062,1.1379423141479492
21,2893020,5FXR,MdrDBcore01492,G1229S,-0.613,0.4539141058921814,0.572320818901062,1.1379423141479492
21,2893020,6JK8,MdrDBcore01493,G310S,-0.536,0.03796897083520889,0.572320818901062,1.1379423141479492
21,2893020,6JK8,MdrDBcore01494,G310S,-0.536,-0.4988844096660614,0.572320818901062,1.1379423141479492
21,2893020,6JK8,MdrDBcore01495,G410V,-0.209,-0.2864849865436554,0.572320818901062,1.1379423141479492
21,2893020,6JK8,MdrDBcore01496,G410V,0.236,0.33359473943710327,0.572320818901062,1.1379423141479492
21,2893020,6JK8,MdrDBcore01497,K339N,0.29,-0.07874513417482376,0.572320818901062,1.1379423141479492
21,2893020,6JK8,MdrDBcore01498,K339N,1.646,0.3192397654056549,0.572320818901062,1.1379423141479492
21,2893020,6JK8,MdrDBcore01499,M446V,-0.437,0.6826294660568237,0.572320818901062,1.1379423141479492
21,2893020,6JK8,MdrDBcore01500,M446V,-0.563,-0.42907896637916565,0.572320818901062,1.1379423141479492
21,2893020,6VWG,MdrDBcore01501,N284Y,0.032,-0.17679700255393982,0.572320818901062,1.1379423141479492
21,2893020,6VWG,MdrDBcore01502,N284Y,1.196,0.37819430232048035,0.572320818901062,1.1379423141479492
21,2893020,3LW0,MdrDBcore01503,P989S,1.181,-0.2240922451019287,0.572320818901062,1.1379423141479492
21,2893020,3LW0,MdrDBcore01504,P989S,-0.106,-0.11388423293828964,0.572320818901062,1.1379423141479492
21,2893020,6JK8,MdrDBcore01505,R107H,-0.356,0.008462078869342804,0.572320818901062,1.1379423141479492
21,2893020,6JK8,MdrDBcore01506,R107H,-0.295,1.083362102508545,0.572320818901062,1.1379423141479492
21,2893020,6JK8,MdrDBcore01507,R252C,0.968,0.5792292952537537,0.572320818901062,1.1379423141479492
21,2893020,6JK8,MdrDBcore01508,R279H,1.442,0.19854378700256348,0.572320818901062,1.1379423141479492
21,2893020,6JK8,MdrDBcore01509,R461H,-0.472,-0.4767373502254486,0.572320818901062,1.1379423141479492
21,2893020,6JK8,MdrDBcore01510,R461H,-1.424,-0.2978944182395935,0.572320818901062,1.1379423141479492
21,2893020,6JK8,MdrDBcore01511,R595H,-0.752,-0.3536413311958313,0.572320818901062,1.1379423141479492
21,2893020,6JK8,MdrDBcore01512,R595H,-0.32,-0.02195122092962265,0.572320818901062,1.1379423141479492
21,2893020,6JK8,MdrDBcore01513,R650Q,0.252,-0.40664246678352356,0.572320818901062,1.1379423141479492
21,2893020,6VWJ,MdrDBcore01514,R794Q,-1.156,-0.29680219292640686,0.572320818901062,1.1379423141479492
21,2893020,3LW0,MdrDBcore01515,S1009L,1.291,0.5839176774024963,0.572320818901062,1.1379423141479492
21,2893020,1JQH,MdrDBcore01516,S1009L,1.873,0.9278899431228638,0.572320818901062,1.1379423141479492
21,2893020,6JK8,MdrDBcore01517,S343F,-0.771,-0.1836695671081543,0.572320818901062,1.1379423141479492
21,2893020,6JK8,MdrDBcore01518,S522N,0.21,0.03716590255498886,0.572320818901062,1.1379423141479492
21,2893020,6JK8,MdrDBcore01519,S522N,-0.498,-0.30371612310409546,0.572320818901062,1.1379423141479492
21,2893020,6JK8,MdrDBcore01520,T524S,0.156,0.1633564829826355,0.572320818901062,1.1379423141479492
21,2893020,6JK8,MdrDBcore01521,T524S,-0.592,-0.1771661341190338,0.572320818901062,1.1379423141479492
21,2893020,6JK8,MdrDBcore01522,V259I,-1.087,0.30654221773147583,0.572320818901062,1.1379423141479492
21,2893020,6JK8,MdrDBcore01523,V259I,-0.83,-0.3188514709472656,0.572320818901062,1.1379423141479492
21,2893020,6JK8,MdrDBcore01524,V388M,-0.517,-0.30424395203590393,0.572320818901062,1.1379423141479492
21,2893020,6JK8,MdrDBcore01525,V388M,-0.467,-0.08297371119260788,0.572320818901062,1.1379423141479492
21,2893020,5U8R,MdrDBcore01526,V554M,-0.571,0.5662514567375183,0.572320818901062,1.1379423141479492
21,2893020,5U8R,MdrDBcore01527,V554M,-0.551,-0.3307816982269287,0.572320818901062,1.1379423141479492
21,2893020,6JK8,MdrDBcore01528,V579I,-0.143,0.14200231432914734,0.572320818901062,1.1379423141479492
21,2893020,6JK8,MdrDBcore01529,V579I,-0.425,-0.13449683785438538,0.572320818901062,1.1379423141479492
21,2893020,6JK8,MdrDBcore01530,Y517C,-1.026,-0.18132942914962769,0.572320818901062,1.1379423141479492
21,2893020,6JK8,MdrDBcore01531,Y517C,-1.022,-0.4535199701786041,0.572320818901062,1.1379423141479492
21,2893020,4K3J,MdrDBcore01532,A347T,0.149,0.2992706596851349,0.572320818901062,1.1379423141479492
21,2893020,6GCU,MdrDBcore01533,A347T,-0.366,-0.37113523483276367,0.572320818901062,1.1379423141479492
21,2893020,6GCU,MdrDBcore01534,A347T,-0.085,-0.349359393119812,0.572320818901062,1.1379423141479492
21,2893020,6GCU,MdrDBcore01535,A347T,-0.618,-0.18186011910438538,0.572320818901062,1.1379423141479492
21,2893020,6GCU,MdrDBcore01536,A347T,-0.912,0.10598768293857574,0.572320818901062,1.1379423141479492
21,2893020,2UZY,MdrDBcore01537,D741N,1.117,0.3638603389263153,0.572320818901062,1.1379423141479492
21,2893020,2UZY,MdrDBcore01538,D741N,0.869,0.6069362759590149,0.572320818901062,1.1379423141479492
21,2893020,2UZY,MdrDBcore01539,D741N,1.061,0.1940871775150299,0.572320818901062,1.1379423141479492
21,2893020,2UZY,MdrDBcore01540,D741N,0.314,0.6718366146087646,0.572320818901062,1.1379423141479492
21,2893020,4K3J,MdrDBcore01541,E168D,-0.883,0.44202855229377747,0.572320818901062,1.1379423141479492
21,2893020,4K3J,MdrDBcore01542,E168D,-0.715,-0.1387123167514801,0.572320818901062,1.1379423141479492
21,2893020,4K3J,MdrDBcore01543,E168K,1.039,0.5075008869171143,0.572320818901062,1.1379423141479492
21,2893020,6GCU,MdrDBcore01544,E168K,-0.809,0.09266296774148941,0.572320818901062,1.1379423141479492
21,2893020,6GCU,MdrDBcore01545,E168K,0.405,-0.04217090457677841,0.572320818901062,1.1379423141479492
21,2893020,6GCU,MdrDBcore01546,E168K,0.486,0.34944581985473633,0.572320818901062,1.1379423141479492
21,2893020,6WVZ,MdrDBcore01547,E302K,1.583,0.38582488894462585,0.572320818901062,1.1379423141479492
21,2893020,7MOB,MdrDBcore01548,E302K,-0.433,-0.21836364269256592,0.572320818901062,1.1379423141479492
21,2893020,6WVZ,MdrDBcore01549,E302K,1.611,-0.1552252173423767,0.572320818901062,1.1379423141479492
21,2893020,7MOB,MdrDBcore01550,E302K,0.375,-0.3085930049419403,0.572320818901062,1.1379423141479492
21,2893020,7MOB,MdrDBcore01551,E302K,1.254,0.15250352025032043,0.572320818901062,1.1379423141479492
21,2893020,7MO7,MdrDBcore01552,E34K,1.085,0.14866778254508972,0.572320818901062,1.1379423141479492
21,2893020,7MOB,MdrDBcore01553,E34K,-0.025,0.09583302587270737,0.572320818901062,1.1379423141479492
21,2893020,7MO7,MdrDBcore01554,E34K,1.129,-0.3732060194015503,0.572320818901062,1.1379423141479492
21,2893020,7MOB,MdrDBcore01555,E34K,0.439,-0.21442511677742004,0.572320818901062,1.1379423141479492
21,2893020,2UZY,MdrDBcore01556,E740K,0.869,0.7874730229377747,0.572320818901062,1.1379423141479492
21,2893020,6GCU,MdrDBcore01557,E740K,0.247,-0.30579379200935364,0.572320818901062,1.1379423141479492
21,2893020,6GCU,MdrDBcore01558,E740K,0.625,-0.22872856259346008,0.572320818901062,1.1379423141479492
21,2893020,6GCU,MdrDBcore01559,E740K,-0.117,-0.12479384988546371,0.572320818901062,1.1379423141479492
21,2893020,4K3J,MdrDBcore01560,G344R,0.751,0.42268991470336914,0.572320818901062,1.1379423141479492
21,2893020,6GCU,MdrDBcore01561,G344R,-0.534,0.0007311329245567322,0.572320818901062,1.1379423141479492
21,2893020,6GCU,MdrDBcore01562,G344R,-1.008,-0.17832297086715698,0.572320818901062,1.1379423141479492
21,2893020,6GCU,MdrDBcore01563,G344R,0.425,0.558573842048645,0.572320818901062,1.1379423141479492
21,2893020,6GCU,MdrDBcore01564,H159R,-0.446,-0.06142023950815201,0.572320818901062,1.1379423141479492
21,2893020,6GCU,MdrDBcore01565,H159R,0.065,0.02397356927394867,0.572320818901062,1.1379423141479492
21,2893020,6GCU,MdrDBcore01566,H159R,0.074,0.1378551721572876,0.572320818901062,1.1379423141479492
21,2893020,6GCU,MdrDBcore01567,H159R,-0.865,-0.07402629405260086,0.572320818901062,1.1379423141479492
21,2893020,6GCU,MdrDBcore01568,I316M,-0.289,-0.4324566423892975,0.572320818901062,1.1379423141479492
21,2893020,4K3J,MdrDBcore01569,I333L,0.658,0.5634998679161072,0.572320818901062,1.1379423141479492
21,2893020,6GCU,MdrDBcore01570,I333L,-0.058,0.6066951155662537,0.572320818901062,1.1379423141479492
21,2893020,6GCU,MdrDBcore01571,I333L,0.252,0.4160427153110504,0.572320818901062,1.1379423141479492
21,2893020,6GCU,MdrDBcore01572,I333L,0.196,0.19183534383773804,0.572320818901062,1.1379423141479492
21,2893020,7MO7,MdrDBcore01573,I583M,0.835,0.5285895466804504,0.572320818901062,1.1379423141479492
21,2893020,6GCU,MdrDBcore01574,I583M,0.19,-0.05084357410669327,0.572320818901062,1.1379423141479492
21,2893020,6GCU,MdrDBcore01575,I583M,-0.494,-0.28696292638778687,0.572320818901062,1.1379423141479492
21,2893020,7MO7,MdrDBcore01576,I638L,1.058,0.4170759916305542,0.572320818901062,1.1379423141479492
21,2893020,6GCU,MdrDBcore01577,I638L,0.795,0.2807601988315582,0.572320818901062,1.1379423141479492
21,2893020,6GCU,MdrDBcore01578,I638L,0.802,0.32831692695617676,0.572320818901062,1.1379423141479492
21,2893020,7MOB,MdrDBcore01579,K303T,0.184,0.5110264420509338,0.572320818901062,1.1379423141479492
21,2893020,7MOB,MdrDBcore01580,K303T,-0.012,-0.13785278797149658,0.572320818901062,1.1379423141479492
21,2893020,7MOB,MdrDBcore01581,K303T,0.45,-0.29867663979530334,0.572320818901062,1.1379423141479492
21,2893020,7MOB,MdrDBcore01582,K303T,-0.496,0.35472434759140015,0.572320818901062,1.1379423141479492
21,2893020,7MO7,MdrDBcore01583,K595T,0.861,0.1598876714706421,0.572320818901062,1.1379423141479492
21,2893020,6GCU,MdrDBcore01584,K595T,-0.75,0.5793054699897766,0.572320818901062,1.1379423141479492
21,2893020,7MO7,MdrDBcore01585,K595T,0.224,-0.3341304361820221,0.572320818901062,1.1379423141479492
21,2893020,6GCU,MdrDBcore01586,K595T,-1.022,0.10140868276357651,0.572320818901062,1.1379423141479492
21,2893020,4K3J,MdrDBcore01587,L530V,-0.012,0.5887125730514526,0.572320818901062,1.1379423141479492
21,2893020,4K3J,MdrDBcore01588,L530V,-0.068,0.2136639952659607,0.572320818901062,1.1379423141479492
21,2893020,4K3J,MdrDBcore01589,L530V,0.265,0.20958808064460754,0.572320818901062,1.1379423141479492
21,2893020,6GCU,MdrDBcore01590,L530V,-0.304,0.0031606927514076233,0.572320818901062,1.1379423141479492
21,2893020,7MO7,MdrDBcore01591,L604V,-0.47,0.23174789547920227,0.572320818901062,1.1379423141479492
21,2893020,6GCU,MdrDBcore01592,L604V,-0.787,0.07170143723487854,0.572320818901062,1.1379423141479492
21,2893020,7MO7,MdrDBcore01593,L604V,-0.155,-1.3197095394134521,0.572320818901062,1.1379423141479492
21,2893020,6GCU,MdrDBcore01594,L604V,-0.098,0.18779243528842926,0.572320818901062,1.1379423141479492
21,2893020,6GCU,MdrDBcore01595,L604V,-0.419,-1.1540207862854004,0.572320818901062,1.1379423141479492
21,2893020,6GCU,MdrDBcore01596,M362T,0.053,0.37270456552505493,0.572320818901062,1.1379423141479492
21,2893020,4K3J,MdrDBcore01597,M362T,0.651,0.1903192400932312,0.572320818901062,1.1379423141479492
21,2893020,6GCU,MdrDBcore01598,M362T,0.587,-0.2170412540435791,0.572320818901062,1.1379423141479492
21,2893020,6GCU,MdrDBcore01599,M362T,-0.04,0.0780840665102005,0.572320818901062,1.1379423141479492
21,2893020,6GCU,MdrDBcore01600,M362T,0.5,0.43887659907341003,0.572320818901062,1.1379423141479492
21,2893020,7MO7,MdrDBcore01601,M636V,1.12,1.076452612876892,0.572320818901062,1.1379423141479492
21,2893020,6GCU,MdrDBcore01602,M636V,-0.917,0.04040518030524254,0.572320818901062,1.1379423141479492
21,2893020,6GCU,MdrDBcore01603,M636V,0.86,-0.226828932762146,0.572320818901062,1.1379423141479492
21,2893020,6GCU,MdrDBcore01604,M636V,0.24,-0.4776051938533783,0.572320818901062,1.1379423141479492
21,2893020,4K3J,MdrDBcore01605,N375K,1.48,0.45859578251838684,0.572320818901062,1.1379423141479492
21,2893020,4K3J,MdrDBcore01606,N375K,1.787,0.18857306241989136,0.572320818901062,1.1379423141479492
21,2893020,4K3J,MdrDBcore01607,N375S,-0.341,0.2727651000022888,0.572320818901062,1.1379423141479492
21,2893020,4K3J,MdrDBcore01608,N375S,-0.526,-0.16772469878196716,0.572320818901062,1.1379423141479492
21,2893020,4K3J,MdrDBcore01609,P366S,1.022,0.4953678548336029,0.572320818901062,1.1379423141479492
21,2893020,4K3J,MdrDBcore01610,P366S,1.015,0.25316938757896423,0.572320818901062,1.1379423141479492
21,2893020,6GCU,MdrDBcore01611,P366S,1.058,0.3098919689655304,0.572320818901062,1.1379423141479492
21,2893020,6GCU,MdrDBcore01612,P366S,0.752,0.03601161018013954,0.572320818901062,1.1379423141479492
21,2893020,3I5N,MdrDBcore01613,R1166A,-0.058,0.7011226415634155,0.572320818901062,1.1379423141479492
21,2893020,3I5N,MdrDBcore01614,R1166A,0.043,0.6220855116844177,0.572320818901062,1.1379423141479492
21,2893020,4K3J,MdrDBcore01615,R191W,0.304,0.4532850980758667,0.572320818901062,1.1379423141479492
21,2893020,6GCU,MdrDBcore01616,R191W,0.021,-0.33830422163009644,0.572320818901062,1.1379423141479492
21,2893020,4K3J,MdrDBcore01617,R191W,-0.321,-0.11666569858789444,0.572320818901062,1.1379423141479492
21,2893020,6GCU,MdrDBcore01618,R191W,-0.683,0.16343320906162262,0.572320818901062,1.1379423141479492
21,2893020,6GCU,MdrDBcore01619,R191W,0.36,-0.2790645360946655,0.572320818901062,1.1379423141479492
21,2893020,4XMO,MdrDBcore01620,S1159L,-0.493,0.37196820974349976,0.572320818901062,1.1379423141479492
21,2893020,4K3J,MdrDBcore01621,S135N,0.701,-0.727304220199585,0.572320818901062,1.1379423141479492
21,2893020,6GCU,MdrDBcore01622,S135N,0.153,-0.05394873768091202,0.572320818901062,1.1379423141479492
21,2893020,6GCU,MdrDBcore01623,S135N,0.69,-0.004477106034755707,0.572320818901062,1.1379423141479492
21,2893020,6GCU,MdrDBcore01624,S135N,-0.604,0.3618905544281006,0.572320818901062,1.1379423141479492
21,2893020,4K3J,MdrDBcore01625,S244Y,0.904,-0.9915822744369507,0.572320818901062,1.1379423141479492
21,2893020,6GCU,MdrDBcore01626,S244Y,0.919,-0.49728021025657654,0.572320818901062,1.1379423141479492
21,2893020,6GCU,MdrDBcore01627,S244Y,0.959,0.15155267715454102,0.572320818901062,1.1379423141479492
21,2893020,6GCU,MdrDBcore01628,S244Y,0.06,-0.7610626220703125,0.572320818901062,1.1379423141479492
21,2893020,4K3J,MdrDBcore01629,S323G,0.398,0.4584968686103821,0.572320818901062,1.1379423141479492
21,2893020,6GCU,MdrDBcore01630,S323G,0.185,0.6017612218856812,0.572320818901062,1.1379423141479492
21,2893020,4K3J,MdrDBcore01631,S323G,1.059,0.12887892127037048,0.572320818901062,1.1379423141479492
21,2893020,6GCU,MdrDBcore01632,S323G,-0.053,-0.00565154105424881,0.572320818901062,1.1379423141479492
21,2893020,6GCU,MdrDBcore01633,S323G,-1.03,0.44820091128349304,0.572320818901062,1.1379423141479492
21,2893020,7MO7,MdrDBcore01634,S572N,0.78,0.6328752040863037,0.572320818901062,1.1379423141479492
21,2893020,6GCU,MdrDBcore01635,S572N,-0.222,-0.39705541729927063,0.572320818901062,1.1379423141479492
21,2893020,6GCU,MdrDBcore01636,S572N,-0.648,-0.4598752558231354,0.572320818901062,1.1379423141479492
21,2893020,6GCU,MdrDBcore01637,S572N,-0.449,-1.1356559991836548,0.572320818901062,1.1379423141479492
21,2893020,4K3J,MdrDBcore01638,T200A,0.736,0.14633911848068237,0.572320818901062,1.1379423141479492
21,2893020,6GCU,MdrDBcore01639,T200A,0.154,-0.10901536792516708,0.572320818901062,1.1379423141479492
21,2893020,6GCU,MdrDBcore01640,T200A,-0.662,0.16425472497940063,0.572320818901062,1.1379423141479492
21,2893020,6GCU,MdrDBcore01641,T200A,0.459,0.524531900882721,0.572320818901062,1.1379423141479492
21,2893020,4K3J,MdrDBcore01642,T273N,0.03,-0.814666211605072,0.572320818901062,1.1379423141479492
21,2893020,6GCU,MdrDBcore01643,T273N,0.39,-0.37913548946380615,0.572320818901062,1.1379423141479492
21,2893020,6GCU,MdrDBcore01644,T273N,-0.168,-0.12028420716524124,0.572320818901062,1.1379423141479492
21,2893020,6GCU,MdrDBcore01645,T273N,-0.455,-0.397653728723526,0.572320818901062,1.1379423141479492
21,2893020,6GCU,MdrDBcore01646,T273N,0.54,0.296827495098114,0.572320818901062,1.1379423141479492
21,2893020,4K3J,MdrDBcore01647,T86I,1.143,0.44840535521507263,0.572320818901062,1.1379423141479492
21,2893020,6GCU,MdrDBcore01648,T86I,0.902,-0.1080527976155281,0.572320818901062,1.1379423141479492
21,2893020,4K3J,MdrDBcore01649,T86I,0.896,0.053792402148246765,0.572320818901062,1.1379423141479492
21,2893020,6GCU,MdrDBcore01650,T86I,0.529,0.28614890575408936,0.572320818901062,1.1379423141479492
21,2893020,6GCU,MdrDBcore01651,T86I,0.561,-0.08399958163499832,0.572320818901062,1.1379423141479492
21,2893020,6GCU,MdrDBcore01652,V122D,0.629,-0.5324693918228149,0.572320818901062,1.1379423141479492
21,2893020,6GCU,MdrDBcore01653,V122D,-0.35,0.08327029645442963,0.572320818901062,1.1379423141479492
21,2893020,6GCU,MdrDBcore01654,V122D,-0.42,-0.18884077668190002,0.572320818901062,1.1379423141479492
21,2893020,6GCU,MdrDBcore01655,V122D,0.414,1.1150158643722534,0.572320818901062,1.1379423141479492
21,2893020,4K3J,MdrDBcore01656,V136I,0.496,0.4347405731678009,0.572320818901062,1.1379423141479492
21,2893020,6GCU,MdrDBcore01657,V136I,-0.92,-0.07315657287836075,0.572320818901062,1.1379423141479492
21,2893020,6GCU,MdrDBcore01658,V136I,-0.168,-0.29039666056632996,0.572320818901062,1.1379423141479492
21,2893020,2RD6,MdrDBcore01659,A220V,1.537,0.3042222261428833,0.572320818901062,1.1379423141479492
21,2893020,2RD6,MdrDBcore01660,A220V,0.982,-0.31247520446777344,0.572320818901062,1.1379423141479492
21,2893020,2RD6,MdrDBcore01661,A220V,0.19,0.2162095308303833,0.572320818901062,1.1379423141479492
21,2893020,2RD6,MdrDBcore01662,A220V,0.529,-0.31359341740608215,0.572320818901062,1.1379423141479492
21,2893020,2RCW,MdrDBcore01663,A220V,0.241,0.5821475982666016,0.572320818901062,1.1379423141479492
21,2893020,3L3M,MdrDBcore01664,K230N,0.662,0.47991350293159485,0.572320818901062,1.1379423141479492
21,2893020,2RD6,MdrDBcore01665,K230N,1.467,-0.10074295848608017,0.572320818901062,1.1379423141479492
21,2893020,2RD6,MdrDBcore01666,K230N,1.061,-0.022693060338497162,0.572320818901062,1.1379423141479492
21,2893020,2RD6,MdrDBcore01667,K230N,0.578,-0.334490031003952,0.572320818901062,1.1379423141479492
21,2893020,2RD6,MdrDBcore01668,K230N,1.274,1.1303598880767822,0.572320818901062,1.1379423141479492
21,2893020,4DQY,MdrDBcore01669,Y570C,1.291,-0.3175123929977417,0.572320818901062,1.1379423141479492
21,2893020,4DQY,MdrDBcore01670,Y570C,-0.072,-0.4278227388858795,0.572320818901062,1.1379423141479492
21,2893020,4DQY,MdrDBcore01671,Y570C,0.272,0.29301324486732483,0.572320818901062,1.1379423141479492
21,2893020,4DQY,MdrDBcore01672,Y570C,-0.58,-0.45124343037605286,0.572320818901062,1.1379423141479492
21,2893020,4DQY,MdrDBcore01673,Y570C,0.375,0.457105427980423,0.572320818901062,1.1379423141479492
21,2893020,1GS4,MdrDBcore01674,F827L,0.855,1.0839217901229858,0.572320818901062,1.1379423141479492
21,2893020,1GS4,MdrDBcore01675,F827L,1.237,0.7587486505508423,0.572320818901062,1.1379423141479492
21,2893020,1GS4,MdrDBcore01676,V716L,1.351,1.2511647939682007,0.572320818901062,1.1379423141479492
21,2893020,1GS4,MdrDBcore01677,V716L,1.051,1.3410069942474365,0.572320818901062,1.1379423141479492
21,2893020,1GS4,MdrDBcore01678,V716M,0.633,1.0888445377349854,0.572320818901062,1.1379423141479492
21,2893020,1GS4,MdrDBcore01679,V716M,1.309,1.1652500629425049,0.572320818901062,1.1379423141479492
21,2893020,2O21,MdrDBcore01680,A43T,-1.023,-0.20621606707572937,0.572320818901062,1.1379423141479492
21,2893020,1GJH,MdrDBcore01681,A4T,-1.343,-0.7654615640640259,0.572320818901062,1.1379423141479492
21,2893020,1GJH,MdrDBcore01682,A4T,-1.124,-0.4757079780101776,0.572320818901062,1.1379423141479492
21,2893020,5FCG,MdrDBcore01683,A61T,0.759,0.36420759558677673,0.572320818901062,1.1379423141479492
21,2893020,4IEH,MdrDBcore01684,A61T,-1.131,1.1541188955307007,0.572320818901062,1.1379423141479492
21,2893020,6O0M,MdrDBcore01685,E200D,0.833,0.23995381593704224,0.572320818901062,1.1379423141479492
21,2893020,6O0M,MdrDBcore01686,E200D,-0.845,-0.16437068581581116,0.572320818901062,1.1379423141479492
21,2893020,6O0M,MdrDBcore01687,G128E,-0.757,-0.18519890308380127,0.572320818901062,1.1379423141479492
21,2893020,1GJH,MdrDBcore01688,G5W,0.145,-0.050158314406871796,0.572320818901062,1.1379423141479492
21,2893020,1GJH,MdrDBcore01689,G5W,-1.378,0.30692973732948303,0.572320818901062,1.1379423141479492
21,2893020,4IEH,MdrDBcore01690,Q73H,-4.129,0.23280972242355347,0.572320818901062,1.1379423141479492
21,2893020,1GJH,MdrDBcore01691,T7K,0.077,0.4003686010837555,0.572320818901062,1.1379423141479492
21,2893020,2O21,MdrDBcore01692,T7K,-0.799,0.09635920077562332,0.572320818901062,1.1379423141479492
21,2893020,2E9W,MdrDBcore01693,A178T,0.67,0.18204203248023987,0.572320818901062,1.1379423141479492
21,2893020,6GQK,MdrDBcore01694,A794E,0.041,-0.26910874247550964,0.572320818901062,1.1379423141479492
21,2893020,6ITT,MdrDBcore01695,A895E,0.238,0.40384459495544434,0.572320818901062,1.1379423141479492
21,2893020,6GQK,MdrDBcore01696,A895T,0.233,-0.22966450452804565,0.572320818901062,1.1379423141479492
21,2893020,2E9W,MdrDBcore01697,D131N,-0.976,-0.05022742599248886,0.572320818901062,1.1379423141479492
21,2893020,2E9W,MdrDBcore01698,D159N,0.003,0.4460848569869995,0.572320818901062,1.1379423141479492
21,2893020,2E9W,MdrDBcore01699,D266N,0.093,0.38383403420448303,0.572320818901062,1.1379423141479492
21,2893020,2E9W,MdrDBcore01700,E191K,0.565,-0.014454677700996399,0.572320818901062,1.1379423141479492
21,2893020,6GQK,MdrDBcore01701,E640K,0.533,0.3694371283054352,0.572320818901062,1.1379423141479492
21,2893020,6GQK,MdrDBcore01702,E640K,-0.292,-0.20113065838813782,0.572320818901062,1.1379423141479492
21,2893020,2E9W,MdrDBcore01703,G169D,0.137,0.24075689911842346,0.572320818901062,1.1379423141479492
21,2893020,2E9W,MdrDBcore01704,G265S,0.783,0.11804916709661484,0.572320818901062,1.1379423141479492
21,2893020,2E9W,MdrDBcore01705,G265S,0.367,0.73762446641922,0.572320818901062,1.1379423141479492
21,2893020,2E9W,MdrDBcore01706,G265S,0.834,-0.677287220954895,0.572320818901062,1.1379423141479492
21,2893020,6GQK,MdrDBcore01707,G676D,-1.116,-0.23839598894119263,0.572320818901062,1.1379423141479492
21,2893020,6GQK,MdrDBcore01708,G779C,0.342,-0.26135411858558655,0.572320818901062,1.1379423141479492
21,2893020,6GQK,MdrDBcore01709,K623N,0.184,-0.13854315876960754,0.572320818901062,1.1379423141479492
21,2893020,6GQK,MdrDBcore01710,K626R,-0.514,-0.8644741177558899,0.572320818901062,1.1379423141479492
21,2893020,6GQK,MdrDBcore01711,M882V,0.519,-0.0983433648943901,0.572320818901062,1.1379423141479492
21,2893020,6GQK,MdrDBcore01712,M882V,-0.347,-0.24796167016029358,0.572320818901062,1.1379423141479492
21,2893020,2EC8,MdrDBcore01713,N130D,0.008,-0.07020606845617294,0.572320818901062,1.1379423141479492
21,2893020,4K94,MdrDBcore01714,N400S,1.103,-0.47360530495643616,0.572320818901062,1.1379423141479492
21,2893020,6GQK,MdrDBcore01715,N655S,0.038,-0.20457276701927185,0.572320818901062,1.1379423141479492
21,2893020,6GQK,MdrDBcore01716,N822K,-4.167,-0.20233353972434998,0.572320818901062,1.1379423141479492
21,2893020,2E9W,MdrDBcore01717,P155H,0.27,0.49749115109443665,0.572320818901062,1.1379423141479492
21,2893020,2E9W,MdrDBcore01718,R112I,0.21,0.1858954131603241,0.572320818901062,1.1379423141479492
21,2893020,2E9W,MdrDBcore01719,R177H,-0.475,0.14830954372882843,0.572320818901062,1.1379423141479492
21,2893020,2E9W,MdrDBcore01720,R205W,0.265,0.4461299479007721,0.572320818901062,1.1379423141479492
21,2893020,2E9W,MdrDBcore01721,R55W,-0.281,-0.08441964536905289,0.572320818901062,1.1379423141479492
21,2893020,4K94,MdrDBcore01722,T446N,0.327,0.2825697660446167,0.572320818901062,1.1379423141479492
21,2893020,3KRJ,MdrDBcore01723,S628F,-0.722,0.043618522584438324,0.572320818901062,1.1379423141479492
21,2893020,3KRJ,MdrDBcore01724,S628F,0.74,-0.28183498978614807,0.572320818901062,1.1379423141479492
21,2893020,1SEU,MdrDBcore01725,A351D,-1.532,-0.20405763387680054,0.572320818901062,1.1379423141479492
21,2893020,1R49,MdrDBcore01726,A351D,-1.008,-0.4380815923213959,0.572320818901062,1.1379423141479492
21,2893020,1A31,MdrDBcore01727,A351D,0.463,-0.12554973363876343,0.572320818901062,1.1379423141479492
21,2893020,1R49,MdrDBcore01728,A705S,-0.754,-0.928856611251831,0.572320818901062,1.1379423141479492
21,2893020,1SEU,MdrDBcore01729,A705S,-0.752,-0.4459240734577179,0.572320818901062,1.1379423141479492
21,2893020,1SEU,MdrDBcore01730,A705S,0.169,-0.40269437432289124,0.572320818901062,1.1379423141479492
21,2893020,1SEU,MdrDBcore01731,D528E,0.662,-0.2997661828994751,0.572320818901062,1.1379423141479492
21,2893020,1SEU,MdrDBcore01732,D528E,0.451,-0.5965956449508667,0.572320818901062,1.1379423141479492
21,2893020,1A31,MdrDBcore01733,D528E,0.907,-0.12438289076089859,0.572320818901062,1.1379423141479492
21,2893020,1R49,MdrDBcore01734,E208K,1.63,-0.0052377209067344666,0.572320818901062,1.1379423141479492
21,2893020,1SEU,MdrDBcore01735,E208K,1.354,-0.23076361417770386,0.572320818901062,1.1379423141479492
21,2893020,1RRJ,MdrDBcore01736,E208K,1.172,0.2902551591396332,0.572320818901062,1.1379423141479492
21,2893020,1R49,MdrDBcore01737,E561K,-1.039,-0.21517977118492126,0.572320818901062,1.1379423141479492
21,2893020,1SEU,MdrDBcore01738,E561K,-1.466,-0.5176936388015747,0.572320818901062,1.1379423141479492
21,2893020,1SEU,MdrDBcore01739,E561K,-0.634,-0.3451673984527588,0.572320818901062,1.1379423141479492
21,2893020,1SEU,MdrDBcore01740,E610K,-1.444,0.12210379540920258,0.572320818901062,1.1379423141479492
21,2893020,1SEU,MdrDBcore01741,E610K,-1.59,-0.4841862618923187,0.572320818901062,1.1379423141479492
21,2893020,1SEU,MdrDBcore01742,E610K,-1.879,-0.48303481936454773,0.572320818901062,1.1379423141479492
21,2893020,1SEU,MdrDBcore01743,E710D,-0.319,-0.3467283844947815,0.572320818901062,1.1379423141479492
21,2893020,1SEU,MdrDBcore01744,E710D,-0.669,-0.5955201983451843,0.572320818901062,1.1379423141479492
21,2893020,1RRJ,MdrDBcore01745,E710D,0.69,0.16857866942882538,0.572320818901062,1.1379423141479492
21,2893020,1R49,MdrDBcore01746,F279L,-0.154,-0.624441385269165,0.572320818901062,1.1379423141479492
21,2893020,1A35,MdrDBcore01747,F279L,0.005,-0.4538411796092987,0.572320818901062,1.1379423141479492
21,2893020,1A31,MdrDBcore01748,F279L,0.833,0.0518411248922348,0.572320818901062,1.1379423141479492
21,2893020,1SEU,MdrDBcore01749,G244D,-1.294,-0.4749405086040497,0.572320818901062,1.1379423141479492
21,2893020,1R49,MdrDBcore01750,G244D,-1.416,-0.8682463765144348,0.572320818901062,1.1379423141479492
21,2893020,1SEU,MdrDBcore01751,G244D,-0.887,-0.5519261360168457,0.572320818901062,1.1379423141479492
21,2893020,1SEU,MdrDBcore01752,I714T,1.38,-0.46571019291877747,0.572320818901062,1.1379423141479492
21,2893020,1SEU,MdrDBcore01753,I714T,1.363,-0.5069414377212524,0.572320818901062,1.1379423141479492
21,2893020,1RRJ,MdrDBcore01754,I714T,0.847,0.7663923501968384,0.572320818901062,1.1379423141479492
21,2893020,1SEU,MdrDBcore01755,K326R,0.109,-0.3818267583847046,0.572320818901062,1.1379423141479492
21,2893020,1SEU,MdrDBcore01756,K326R,0.388,-0.220097154378891,0.572320818901062,1.1379423141479492
21,2893020,1A31,MdrDBcore01757,K326R,0.616,0.07087104767560959,0.572320818901062,1.1379423141479492
21,2893020,1R49,MdrDBcore01758,M428T,-1.393,-0.0855739638209343,0.572320818901062,1.1379423141479492
21,2893020,1SEU,MdrDBcore01759,M428T,-1.601,-0.7086700201034546,0.572320818901062,1.1379423141479492
21,2893020,1A31,MdrDBcore01760,M428T,0.432,-0.13262835144996643,0.572320818901062,1.1379423141479492
21,2893020,1SEU,MdrDBcore01761,M675I,-0.361,-0.5800619125366211,0.572320818901062,1.1379423141479492
21,2893020,1SEU,MdrDBcore01762,M675I,-0.059,-0.641356348991394,0.572320818901062,1.1379423141479492
21,2893020,1SEU,MdrDBcore01763,M675I,0.422,-0.33121833205223083,0.572320818901062,1.1379423141479492
21,2893020,1A31,MdrDBcore01764,N296S,1.038,0.07582888752222061,0.572320818901062,1.1379423141479492
21,2893020,1SEU,MdrDBcore01765,P235T,-0.228,-0.17118647694587708,0.572320818901062,1.1379423141479492
21,2893020,1SEU,MdrDBcore01766,P235T,-0.082,-0.613644540309906,0.572320818901062,1.1379423141479492
21,2893020,1A31,MdrDBcore01767,P235T,0.779,-0.06119377166032791,0.572320818901062,1.1379423141479492
21,2893020,1SEU,MdrDBcore01768,P397A,-1.473,-0.15231049060821533,0.572320818901062,1.1379423141479492
21,2893020,1SEU,MdrDBcore01769,P397A,-1.61,-0.42944279313087463,0.572320818901062,1.1379423141479492
21,2893020,1A31,MdrDBcore01770,P397A,0.447,0.15957605838775635,0.572320818901062,1.1379423141479492
21,2893020,1RRJ,MdrDBcore01771,Q704K,-1.073,0.41770151257514954,0.572320818901062,1.1379423141479492
21,2893020,1SEU,MdrDBcore01772,T258M,-1.359,-0.30356791615486145,0.572320818901062,1.1379423141479492
21,2893020,1SEU,MdrDBcore01773,T258M,-1.228,-0.6320886611938477,0.572320818901062,1.1379423141479492
21,2893020,1A31,MdrDBcore01774,T258M,0.621,-0.3674813508987427,0.572320818901062,1.1379423141479492
21,2893020,1SEU,MdrDBcore01775,W754C,-0.903,-0.14027738571166992,0.572320818901062,1.1379423141479492
21,2893020,1SEU,MdrDBcore01776,W754C,-0.982,-0.28148308396339417,0.572320818901062,1.1379423141479492
21,2893020,1A31,MdrDBcore01777,W754C,0.49,-0.12039490789175034,0.572320818901062,1.1379423141479492
21,2893020,1ZXM,MdrDBcore01778,A318P,-0.749,-0.22693413496017456,0.572320818901062,1.1379423141479492
21,2893020,5GWK,MdrDBcore01779,A903D,-0.37,-0.012984000146389008,0.572320818901062,1.1379423141479492
21,2893020,6ZY8,MdrDBcore01780,D152Y,-1.22,-0.2680548131465912,0.572320818901062,1.1379423141479492
21,2893020,6ZY8,MdrDBcore01781,D213G,-1.302,-0.3047032058238983,0.572320818901062,1.1379423141479492
21,2893020,6ZY6,MdrDBcore01782,G1192R,-0.335,0.08171775192022324,0.572320818901062,1.1379423141479492
21,2893020,6ZY8,MdrDBcore01783,G1197A,-1.936,-0.30155491828918457,0.572320818901062,1.1379423141479492
21,2893020,6ZY8,MdrDBcore01784,G1197V,-1.92,-0.26184743642807007,0.572320818901062,1.1379423141479492
21,2893020,6ZY8,MdrDBcore01785,G1198R,0.518,-0.2970760464668274,0.572320818901062,1.1379423141479492
21,2893020,6ZY8,MdrDBcore01786,H290Q,-1.547,-0.2690850794315338,0.572320818901062,1.1379423141479492
21,2893020,6ZY8,MdrDBcore01787,K1196I,-1.271,-0.26106709241867065,0.572320818901062,1.1379423141479492
21,2893020,5GWK,MdrDBcore01788,K893R,-0.477,-1.032561182975769,0.572320818901062,1.1379423141479492
21,2893020,5GWK,MdrDBcore01789,L944S,1.059,-0.43632009625434875,0.572320818901062,1.1379423141479492
21,2893020,5GWK,MdrDBcore01790,N774I,-1.407,-0.3079572021961212,0.572320818901062,1.1379423141479492
21,2893020,6ZY8,MdrDBcore01791,P643T,-0.454,-0.5522388815879822,0.572320818901062,1.1379423141479492
21,2893020,5GWK,MdrDBcore01792,P716R,-1.255,-0.6348235011100769,0.572320818901062,1.1379423141479492
21,2893020,5GWK,MdrDBcore01793,P786H,-1.321,-0.6988334655761719,0.572320818901062,1.1379423141479492
21,2893020,6ZY8,MdrDBcore01794,Q1206H,-1.586,-0.3009093105792999,0.572320818901062,1.1379423141479492
21,2893020,1ZXM,MdrDBcore01795,Q35R,-1.199,-0.17909398674964905,0.572320818901062,1.1379423141479492
21,2893020,5GWK,MdrDBcore01796,T930I,-1.654,-0.7673972249031067,0.572320818901062,1.1379423141479492
21,2893020,5GWK,MdrDBcore01797,V1001L,-1.324,-1.2310711145401,0.572320818901062,1.1379423141479492
21,2893020,6ZY8,MdrDBcore01798,V1097L,1.165,-0.3073798418045044,0.572320818901062,1.1379423141479492
21,2893020,1ZXM,MdrDBcore01799,V255I,-0.702,-0.35168951749801636,0.572320818901062,1.1379423141479492
21,2893020,6ZY8,MdrDBcore01800,V364L,-3.356,-0.2827899754047394,0.572320818901062,1.1379423141479492
21,2893020,6ZY8,MdrDBcore01801,V68I,-0.762,-0.2927590310573578,0.572320818901062,1.1379423141479492
21,2893020,5GWK,MdrDBcore01802,V776L,-1.615,0.057288169860839844,0.572320818901062,1.1379423141479492
21,2893020,4ZNE,MdrDBcore01803,C168F,-0.604,-0.2707260251045227,0.572320818901062,1.1379423141479492
21,2893020,4ZNE,MdrDBcore01804,G238A,0.056,0.0075524598360061646,0.572320818901062,1.1379423141479492
21,2893020,4ZNE,MdrDBcore01805,K234R,-2.868,-0.02895379066467285,0.572320818901062,1.1379423141479492
21,2893020,4ZNE,MdrDBcore01806,Q64E,-1.615,-1.2548974752426147,0.572320818901062,1.1379423141479492
21,2893020,4ZNE,MdrDBcore01807,R175H,-2.626,-1.5425952672958374,0.572320818901062,1.1379423141479492
21,2893020,4ZNE,MdrDBcore01808,R237G,-1.321,-0.2936035096645355,0.572320818901062,1.1379423141479492
21,2893020,4ZNE,MdrDBcore01809,S161R,-1.819,0.06103659048676491,0.572320818901062,1.1379423141479492
21,2893020,4ZNE,MdrDBcore01810,S66L,-1.242,0.3276515007019043,0.572320818901062,1.1379423141479492
21,2893020,4ZNE,MdrDBcore01811,T63I,-1.447,0.04905213415622711,0.572320818901062,1.1379423141479492
21,2893020,4ZNE,MdrDBcore01812,T67N,0.072,0.07488374412059784,0.572320818901062,1.1379423141479492
21,2893020,4ZNE,MdrDBcore01813,Y176C,-0.922,-0.23511847853660583,0.572320818901062,1.1379423141479492
21,2893020,1O4K,MdrDBcore01814,H25Y,-1.077,0.07387540489435196,0.572320818901062,1.1379423141479492
21,2893020,4F59,MdrDBcore01815,Q222H,-4.77,-0.3370469808578491,0.572320818901062,1.1379423141479492
21,2893020,3C4C,MdrDBcore01816,A712T,-0.829,-0.18069764971733093,0.572320818901062,1.1379423141479492
21,2893020,3C4C,MdrDBcore01817,A712T,-0.61,-0.31573936343193054,0.572320818901062,1.1379423141479492
21,2893020,3C4C,MdrDBcore01818,A712T,-0.415,-0.08668451756238937,0.572320818901062,1.1379423141479492
21,2893020,3C4C,MdrDBcore01819,A712T,0.415,-0.026952311396598816,0.572320818901062,1.1379423141479492
21,2893020,3C4C,MdrDBcore01820,A712T,0.168,0.6963098645210266,0.572320818901062,1.1379423141479492
21,2893020,6UAN,MdrDBcore01821,A728V,-1.007,-0.01806855946779251,0.572320818901062,1.1379423141479492
21,2893020,6UAN,MdrDBcore01822,A728V,-0.644,0.11062432080507278,0.572320818901062,1.1379423141479492
21,2893020,6Q0T,MdrDBcore01823,A728V,-0.865,-0.3251679837703705,0.572320818901062,1.1379423141479492
21,2893020,6UAN,MdrDBcore01824,A747V,-0.994,-1.3216197490692139,0.572320818901062,1.1379423141479492
21,2893020,6UAN,MdrDBcore01825,A747V,-0.689,0.30557355284690857,0.572320818901062,1.1379423141479492
21,2893020,6UAN,MdrDBcore01826,A747V,-0.384,0.7388629913330078,0.572320818901062,1.1379423141479492
21,2893020,6UAN,MdrDBcore01827,A747V,-0.019,0.301339715719223,0.572320818901062,1.1379423141479492
21,2893020,3NY5,MdrDBcore01828,C194G,0.527,0.11131294816732407,0.572320818901062,1.1379423141479492
21,2893020,3NY5,MdrDBcore01829,C194G,-0.099,-0.7613194584846497,0.572320818901062,1.1379423141479492
21,2893020,3NY5,MdrDBcore01830,C194G,0.101,0.407209575176239,0.572320818901062,1.1379423141479492
21,2893020,3NY5,MdrDBcore01831,C194G,0.407,-0.547236442565918,0.572320818901062,1.1379423141479492
21,2893020,3NY5,MdrDBcore01832,D211G,0.691,-0.20852434635162354,0.572320818901062,1.1379423141479492
21,2893020,3NY5,MdrDBcore01833,D211G,-0.437,-0.6479507088661194,0.572320818901062,1.1379423141479492
21,2893020,3NY5,MdrDBcore01834,D211G,0.591,1.140968918800354,0.572320818901062,1.1379423141479492
21,2893020,3NY5,MdrDBcore01835,D211G,-0.432,-0.5459268689155579,0.572320818901062,1.1379423141479492
21,2893020,6NYB,MdrDBcore01836,D361G,0.11,0.2692762017250061,0.572320818901062,1.1379423141479492
21,2893020,6NYB,MdrDBcore01837,D361G,-0.156,0.34749025106430054,0.572320818901062,1.1379423141479492
21,2893020,6NYB,MdrDBcore01838,D361G,-0.341,0.30847421288490295,0.572320818901062,1.1379423141479492
21,2893020,6NYB,MdrDBcore01839,D361G,-1.075,0.22254213690757751,0.572320818901062,1.1379423141479492
21,2893020,5J18,MdrDBcore01840,E204V,-1.3,-0.05675546079874039,0.572320818901062,1.1379423141479492
21,2893020,5J18,MdrDBcore01841,E204V,0.02,-0.7286648154258728,0.572320818901062,1.1379423141479492
21,2893020,5J18,MdrDBcore01842,E204V,0.889,-0.7974724769592285,0.572320818901062,1.1379423141479492
21,2893020,5J18,MdrDBcore01843,E204V,0.431,0.15270525217056274,0.572320818901062,1.1379423141479492
21,2893020,5J18,MdrDBcore01844,E204V,0.407,0.6265778541564941,0.572320818901062,1.1379423141479492
21,2893020,3C4C,MdrDBcore01845,G464E,-1.368,-0.4150932729244232,0.572320818901062,1.1379423141479492
21,2893020,3C4C,MdrDBcore01846,G464E,0.16,0.058845654129981995,0.572320818901062,1.1379423141479492
21,2893020,3C4C,MdrDBcore01847,G464E,-1.349,-0.6538587212562561,0.572320818901062,1.1379423141479492
21,2893020,3C4C,MdrDBcore01848,G464V,-0.216,0.18675944209098816,0.572320818901062,1.1379423141479492
21,2893020,3C4C,MdrDBcore01849,G464V,-0.445,-0.1688205599784851,0.572320818901062,1.1379423141479492
21,2893020,3C4C,MdrDBcore01850,G464V,0.504,1.0549750328063965,0.572320818901062,1.1379423141479492
21,2893020,3C4C,MdrDBcore01851,G464V,-0.398,0.36427584290504456,0.572320818901062,1.1379423141479492
21,2893020,2FB8,MdrDBcore01852,G466V,0.762,-0.1918489634990692,0.572320818901062,1.1379423141479492
21,2893020,3C4C,MdrDBcore01853,G466V,-0.254,-0.28717175126075745,0.572320818901062,1.1379423141479492
21,2893020,3C4C,MdrDBcore01854,G466V,0.668,-0.2072387933731079,0.572320818901062,1.1379423141479492
21,2893020,3C4C,MdrDBcore01855,G466V,-0.136,0.1455274522304535,0.572320818901062,1.1379423141479492
21,2893020,3C4C,MdrDBcore01856,G466V,0.046,0.2303285002708435,0.572320818901062,1.1379423141479492
21,2893020,3C4C,MdrDBcore01857,G469A,-0.49,-0.35868707299232483,0.572320818901062,1.1379423141479492
21,2893020,3C4C,MdrDBcore01858,G469A,-0.695,-0.07289833575487137,0.572320818901062,1.1379423141479492
21,2893020,7M0X,MdrDBcore01859,G469A,-0.561,0.20087677240371704,0.572320818901062,1.1379423141479492
21,2893020,3C4C,MdrDBcore01860,G469A,0.16,1.3167216777801514,0.572320818901062,1.1379423141479492
21,2893020,3C4C,MdrDBcore01861,G469V,-1.288,-0.16972947120666504,0.572320818901062,1.1379423141479492
21,2893020,3C4C,MdrDBcore01862,G469V,-0.041,0.5886925458908081,0.572320818901062,1.1379423141479492
21,2893020,7M0X,MdrDBcore01863,G596R,-0.418,-0.28429141640663147,0.572320818901062,1.1379423141479492
21,2893020,7M0X,MdrDBcore01864,G596R,0.092,-0.18869882822036743,0.572320818901062,1.1379423141479492
21,2893020,7M0X,MdrDBcore01865,G596R,1.071,0.4728141725063324,0.572320818901062,1.1379423141479492
21,2893020,7M0X,MdrDBcore01866,L597R,0.687,-0.14440584182739258,0.572320818901062,1.1379423141479492
21,2893020,7M0X,MdrDBcore01867,L597R,0.39,-0.5541535019874573,0.572320818901062,1.1379423141479492
21,2893020,7M0X,MdrDBcore01868,L597R,0.303,-0.06070413440465927,0.572320818901062,1.1379423141479492
21,2893020,7M0X,MdrDBcore01869,L597R,-0.066,-0.09349369257688522,0.572320818901062,1.1379423141479492
21,2893020,7M0X,MdrDBcore01870,L597V,-0.742,-0.28130853176116943,0.572320818901062,1.1379423141479492
21,2893020,7M0X,MdrDBcore01871,L597V,-0.547,0.36029472947120667,0.572320818901062,1.1379423141479492
21,2893020,7M0X,MdrDBcore01872,L597V,0.349,-0.07436715811491013,0.572320818901062,1.1379423141479492
21,2893020,7M0X,MdrDBcore01873,L597V,0.38,1.4117822647094727,0.572320818901062,1.1379423141479492
21,2893020,3C4C,MdrDBcore01874,N581Y,-0.324,-0.2597406208515167,0.572320818901062,1.1379423141479492
21,2893020,3C4C,MdrDBcore01875,N581Y,1.78,0.3909856677055359,0.572320818901062,1.1379423141479492
21,2893020,3C4C,MdrDBcore01876,N581Y,0.123,0.10326124727725983,0.572320818901062,1.1379423141479492
21,2893020,3C4C,MdrDBcore01877,N581Y,0.553,0.32289889454841614,0.572320818901062,1.1379423141479492
21,2893020,5VR3,MdrDBcore01878,P74A,0.219,1.1542794704437256,0.572320818901062,1.1379423141479492
21,2893020,5VR3,MdrDBcore01879,P74A,0.502,-0.2107882797718048,0.572320818901062,1.1379423141479492
21,2893020,6UAN,MdrDBcore01880,R726C,-0.181,0.1298719346523285,0.572320818901062,1.1379423141479492
21,2893020,6UAN,MdrDBcore01881,R726C,0.523,0.21393290162086487,0.572320818901062,1.1379423141479492
21,2893020,6UAN,MdrDBcore01882,R726C,0.512,0.3083396255970001,0.572320818901062,1.1379423141479492
21,2893020,7M0X,MdrDBcore01883,S683N,0.292,-0.028584696352481842,0.572320818901062,1.1379423141479492
21,2893020,3C4C,MdrDBcore01884,S683N,-0.563,-0.2790110409259796,0.572320818901062,1.1379423141479492
21,2893020,3C4C,MdrDBcore01885,S683N,0.267,-0.005008049309253693,0.572320818901062,1.1379423141479492
21,2893020,3C4C,MdrDBcore01886,S683N,-0.767,0.3406059741973877,0.572320818901062,1.1379423141479492
21,2893020,6UAN,MdrDBcore01887,S727G,-0.02,0.3286079466342926,0.572320818901062,1.1379423141479492
21,2893020,6UAN,MdrDBcore01888,S727G,-0.808,-0.14595773816108704,0.572320818901062,1.1379423141479492
21,2893020,6UAN,MdrDBcore01889,S727G,-0.029,-0.3521512746810913,0.572320818901062,1.1379423141479492
21,2893020,3C4C,MdrDBcore01890,T529A,0.416,0.09335460513830185,0.572320818901062,1.1379423141479492
21,2893020,3C4C,MdrDBcore01891,T529A,-0.801,0.38790854811668396,0.572320818901062,1.1379423141479492
21,2893020,3C4C,MdrDBcore01892,T529A,-0.111,-0.08255087584257126,0.572320818901062,1.1379423141479492
21,2893020,3C4C,MdrDBcore01893,T529A,0.082,0.2212408185005188,0.572320818901062,1.1379423141479492
21,2893020,3NY5,MdrDBcore01894,V226M,-0.293,-0.12311046570539474,0.572320818901062,1.1379423141479492
21,2893020,3NY5,MdrDBcore01895,V226M,-0.131,-0.6336535811424255,0.572320818901062,1.1379423141479492
21,2893020,5J18,MdrDBcore01896,V226M,-0.178,-0.329378217458725,0.572320818901062,1.1379423141479492
21,2893020,3NY5,MdrDBcore01897,V226M,0.239,-0.5406031012535095,0.572320818901062,1.1379423141479492
21,2893020,3C4C,MdrDBcore01898,V645I,0.705,-0.2867012917995453,0.572320818901062,1.1379423141479492
21,2893020,3C4C,MdrDBcore01899,V645I,-0.042,0.04965759813785553,0.572320818901062,1.1379423141479492
21,2893020,3C4C,MdrDBcore01900,V645I,0.404,0.050741054117679596,0.572320818901062,1.1379423141479492
21,2893020,3C4C,MdrDBcore01901,V645I,0.375,0.3615540862083435,0.572320818901062,1.1379423141479492
21,2893020,4L46,MdrDBcore01902,D193H,0.761,0.690743088722229,0.572320818901062,1.1379423141479492
21,2893020,4L3L,MdrDBcore01903,E84K,0.634,0.2184298038482666,0.572320818901062,1.1379423141479492
21,2893020,3WE4,MdrDBcore01904,H210P,0.633,1.1306349039077759,0.572320818901062,1.1379423141479492
21,2893020,3WE4,MdrDBcore01905,K141I,1.055,1.050363540649414,0.572320818901062,1.1379423141479492
21,2893020,3WE4,MdrDBcore01906,N145S,0.625,0.6502066254615784,0.572320818901062,1.1379423141479492
21,2893020,3WE4,MdrDBcore01907,N311S,-1.139,0.9736291766166687,0.572320818901062,1.1379423141479492
21,2893020,3WE4,MdrDBcore01908,P368L,-0.117,0.78705894947052,0.572320818901062,1.1379423141479492
21,2893020,3WE4,MdrDBcore01909,P88L,0.133,1.1013000011444092,0.572320818901062,1.1379423141479492
21,2893020,3WE4,MdrDBcore01910,Q374E,0.456,0.9043130874633789,0.572320818901062,1.1379423141479492
21,2893020,3WE4,MdrDBcore01911,T140A,0.659,0.9528593420982361,0.572320818901062,1.1379423141479492
21,2893020,4L01,MdrDBcore01912,A760V,0.169,0.21750366687774658,0.572320818901062,1.1379423141479492
21,2893020,4L01,MdrDBcore01913,A760V,1.517,0.3789723813533783,0.572320818901062,1.1379423141479492
21,2893020,6N7C,MdrDBcore01914,A906V,0.388,0.23915821313858032,0.572320818901062,1.1379423141479492
21,2893020,6N7C,MdrDBcore01915,A906V,1.681,1.6199642419815063,0.572320818901062,1.1379423141479492
21,2893020,AlphaFold2,MdrDBcore01916,A178T,1.643,1.3255060911178589,0.572320818901062,1.1379423141479492
21,2893020,AlphaFold2,MdrDBcore01917,A293V,1.691,1.7036160230636597,0.572320818901062,1.1379423141479492
21,2893020,AlphaFold2,MdrDBcore01918,A368P,1.753,1.4768356084823608,0.572320818901062,1.1379423141479492
21,2893020,AlphaFold2,MdrDBcore01919,E249K,1.513,1.7324367761611938,0.572320818901062,1.1379423141479492
21,2893020,AlphaFold2,MdrDBcore01920,E281K,2.351,2.019625425338745,0.572320818901062,1.1379423141479492
21,2893020,AlphaFold2,MdrDBcore01921,F315V,1.411,1.482425570487976,0.572320818901062,1.1379423141479492
21,2893020,AlphaFold2,MdrDBcore01922,G197R,2.016,0.2459484040737152,0.572320818901062,1.1379423141479492
21,2893020,AlphaFold2,MdrDBcore01923,I136L,1.769,2.151580810546875,0.572320818901062,1.1379423141479492
21,2893020,AlphaFold2,MdrDBcore01924,I86V,1.928,1.7638170719146729,0.572320818901062,1.1379423141479492
21,2893020,AlphaFold2,MdrDBcore01925,R232G,1.634,0.7853658199310303,0.572320818901062,1.1379423141479492
21,2893020,AlphaFold2,MdrDBcore01926,W146G,1.472,1.3364074230194092,0.572320818901062,1.1379423141479492
21,2893020,3EZQ,MdrDBcore01927,D269N,-0.387,0.6233773827552795,0.572320818901062,1.1379423141479492
21,2893020,3EZQ,MdrDBcore01928,I313V,0.75,0.5720543265342712,0.572320818901062,1.1379423141479492
21,2893020,3TJE,MdrDBcore01929,R105S,0.647,-0.05823769420385361,0.572320818901062,1.1379423141479492
21,2893020,2NA7,MdrDBcore01930,R192I,-0.152,-0.18699193000793457,0.572320818901062,1.1379423141479492
21,2893020,3EZQ,MdrDBcore01931,R279H,-0.039,0.20717072486877441,0.572320818901062,1.1379423141479492
21,2893020,3TJE,MdrDBcore01932,T122I,0.943,0.10802438110113144,0.572320818901062,1.1379423141479492
21,2893020,3EZQ,MdrDBcore01933,V267F,1.631,0.02510153502225876,0.572320818901062,1.1379423141479492
21,2893020,2NA7,MdrDBcore01934,W176G,0.922,0.33609017729759216,0.572320818901062,1.1379423141479492
21,2893020,6G9D,MdrDBcore01935,H61Q,1.132,0.481111079454422,0.572320818901062,1.1379423141479492
21,2893020,6G9D,MdrDBcore01936,I211M,0.94,0.6492213010787964,0.572320818901062,1.1379423141479492
21,2893020,6G9D,MdrDBcore01937,L76P,0.705,0.21778202056884766,0.572320818901062,1.1379423141479492
21,2893020,6G9D,MdrDBcore01938,R135K,0.31,0.17745213210582733,0.572320818901062,1.1379423141479492
21,2893020,6G9D,MdrDBcore01939,R79K,-0.067,0.9163387417793274,0.572320818901062,1.1379423141479492
21,2893020,6G9D,MdrDBcore01940,T185A,-0.553,0.7623759508132935,0.572320818901062,1.1379423141479492
21,2893020,6G9D,MdrDBcore01941,V214I,0.138,0.7177961468696594,0.572320818901062,1.1379423141479492
21,2893020,5EHO,MdrDBcore01942,D608H,1.274,1.090678334236145,0.572320818901062,1.1379423141479492
21,2893020,4BI2,MdrDBcore01943,F540L,1.186,0.010167591273784637,0.572320818901062,1.1379423141479492
21,2893020,4BI2,MdrDBcore01944,F540L,0.745,0.19509854912757874,0.572320818901062,1.1379423141479492
21,2893020,4BI2,MdrDBcore01945,K696E,1.048,0.31195124983787537,0.572320818901062,1.1379423141479492
21,2893020,4BI2,MdrDBcore01946,K696E,0.571,0.7430983781814575,0.572320818901062,1.1379423141479492
21,2893020,4BI2,MdrDBcore01947,L609F,1.373,0.4863590896129608,0.572320818901062,1.1379423141479492
21,2893020,4BI2,MdrDBcore01948,L609F,0.208,0.27119332551956177,0.572320818901062,1.1379423141479492
21,2893020,4B94,MdrDBcore01949,R172H,1.32,0.694276750087738,0.572320818901062,1.1379423141479492
21,2893020,4B94,MdrDBcore01950,R185W,2.206,0.8058765530586243,0.572320818901062,1.1379423141479492
21,2893020,4B94,MdrDBcore01951,R185W,1.954,0.32148581743240356,0.572320818901062,1.1379423141479492
21,2893020,4BI2,MdrDBcore01952,R624C,0.767,-0.5256801247596741,0.572320818901062,1.1379423141479492
21,2893020,4B94,MdrDBcore01953,S162I,2.241,0.9382996559143066,0.572320818901062,1.1379423141479492
21,2893020,4B94,MdrDBcore01954,S162I,0.908,-0.11967327445745468,0.572320818901062,1.1379423141479492
21,2893020,7CJA,MdrDBcore01955,S699F,1.188,0.9713860750198364,0.572320818901062,1.1379423141479492
21,2893020,7CJA,MdrDBcore01956,S699F,1.917,1.0306192636489868,0.572320818901062,1.1379423141479492
21,2893020,4B94,MdrDBcore01957,S76G,1.616,0.9079856276512146,0.572320818901062,1.1379423141479492
21,2893020,4B94,MdrDBcore01958,S76G,0.77,1.566748023033142,0.572320818901062,1.1379423141479492
21,2893020,4BI2,MdrDBcore01959,Y554H,0.963,-0.19505932927131653,0.572320818901062,1.1379423141479492
21,2893020,4BI2,MdrDBcore01960,Y554H,0.291,0.1811978816986084,0.572320818901062,1.1379423141479492
21,2893020,4BI2,MdrDBcore01961,Y726C,1.364,0.36438021063804626,0.572320818901062,1.1379423141479492
21,2893020,4BI2,MdrDBcore01962,Y726C,0.036,0.25780627131462097,0.572320818901062,1.1379423141479492
21,2893020,3QS9,MdrDBcore01963,A443T,-1.192,0.1268361210823059,0.572320818901062,1.1379423141479492
21,2893020,3QS9,MdrDBcore01964,A445T,0.152,0.11267080903053284,0.572320818901062,1.1379423141479492
21,2893020,6JQR,MdrDBcore01965,A642V,-1.297,0.5602917671203613,0.572320818901062,1.1379423141479492
21,2893020,6IL3,MdrDBcore01966,A680V,-0.5,0.2865314185619354,0.572320818901062,1.1379423141479492
21,2893020,6JQR,MdrDBcore01967,A948T,-0.406,0.10965851694345474,0.572320818901062,1.1379423141479492
21,2893020,3QS9,MdrDBcore01968,C272S,0.581,0.39917513728141785,0.572320818901062,1.1379423141479492
21,2893020,3QS9,MdrDBcore01969,C368Y,0.277,-0.5583406686782837,0.572320818901062,1.1379423141479492
21,2893020,3QS9,MdrDBcore01970,D362E,0.818,-0.05008485168218613,0.572320818901062,1.1379423141479492
21,2893020,6JQR,MdrDBcore01971,D787H,0.406,0.39002373814582825,0.572320818901062,1.1379423141479492
21,2893020,3QS9,MdrDBcore01972,E293K,-0.094,0.7113915681838989,0.572320818901062,1.1379423141479492
21,2893020,4RT7,MdrDBcore01973,E661V,0.522,0.13240894675254822,0.572320818901062,1.1379423141479492
21,2893020,1RJB,MdrDBcore01974,G831E,-0.481,0.1266089677810669,0.572320818901062,1.1379423141479492
21,2893020,3QS9,MdrDBcore01975,H222R,0.161,0.018537409603595734,0.572320818901062,1.1379423141479492
21,2893020,1RJB,MdrDBcore01976,K634N,0.097,-0.11357270926237106,0.572320818901062,1.1379423141479492
21,2893020,6IL3,MdrDBcore01977,K709T,-0.093,0.3864487409591675,0.572320818901062,1.1379423141479492
21,2893020,3QS9,MdrDBcore01978,L168F,0.022,-0.31047481298446655,0.572320818901062,1.1379423141479492
21,2893020,3QS9,MdrDBcore01979,L442P,0.405,0.5552651286125183,0.572320818901062,1.1379423141479492
21,2893020,3QS9,MdrDBcore01980,N100S,0.389,0.6577304601669312,0.572320818901062,1.1379423141479492
21,2893020,3QS9,MdrDBcore01981,P116S,-0.347,0.9096818566322327,0.572320818901062,1.1379423141479492
21,2893020,6IL3,MdrDBcore01982,P937H,-0.617,0.3336052894592285,0.572320818901062,1.1379423141479492
21,2893020,6JQR,MdrDBcore01983,Q910A,-0.192,0.22400453686714172,0.572320818901062,1.1379423141479492
21,2893020,3QS9,MdrDBcore01984,R311W,0.247,-0.2777901887893677,0.572320818901062,1.1379423141479492
21,2893020,3QS9,MdrDBcore01985,R485T,0.33,1.2318065166473389,0.572320818901062,1.1379423141479492
21,2893020,3QS9,MdrDBcore01986,S404F,0.45,0.24810218811035156,0.572320818901062,1.1379423141479492
21,2893020,3QS9,MdrDBcore01987,S519F,-0.104,0.018775299191474915,0.572320818901062,1.1379423141479492
21,2893020,3QS9,MdrDBcore01988,T432M,-0.557,-0.7303063273429871,0.572320818901062,1.1379423141479492
21,2893020,3QS9,MdrDBcore01989,Y376C,0.41,0.48911091685295105,0.572320818901062,1.1379423141479492
21,2893020,6B8Y,MdrDBcore01990,D367H,0.674,0.6768428683280945,0.572320818901062,1.1379423141479492
21,2893020,6B8Y,MdrDBcore01991,E398K,-0.771,1.0293726921081543,0.572320818901062,1.1379423141479492
21,2893020,6B8Y,MdrDBcore01992,G216V,1.594,0.756060004234314,0.572320818901062,1.1379423141479492
21,2893020,3HMM,MdrDBcore01993,I143V,-0.29,0.8774053454399109,0.572320818901062,1.1379423141479492
21,2893020,6B8Y,MdrDBcore01994,K453N,0.668,0.6618286967277527,0.572320818901062,1.1379423141479492
21,2893020,6B8Y,MdrDBcore01995,L309R,1.485,1.0286763906478882,0.572320818901062,1.1379423141479492
21,2893020,6B8Y,MdrDBcore01996,L468F,1.275,0.13515415787696838,0.572320818901062,1.1379423141479492
21,2893020,3HMM,MdrDBcore01997,M148I,1.0,0.8761674165725708,0.572320818901062,1.1379423141479492
21,2893020,6B8Y,MdrDBcore01998,N342S,0.408,0.2647799849510193,0.572320818901062,1.1379423141479492
21,2893020,2PJY,MdrDBcore01999,N45S,1.626,0.7620173692703247,0.572320818901062,1.1379423141479492
21,2893020,6B8Y,MdrDBcore02000,R417Q,0.985,1.029457688331604,0.572320818901062,1.1379423141479492
21,2893020,6B8Y,MdrDBcore02001,R491W,0.724,1.0168339014053345,0.572320818901062,1.1379423141479492
21,2893020,6B8Y,MdrDBcore02002,S420F,-0.295,-0.03315082937479019,0.572320818901062,1.1379423141479492
21,2893020,3HMM,MdrDBcore02003,V157I,1.039,0.8764700889587402,0.572320818901062,1.1379423141479492
21,2893020,6B8Y,MdrDBcore02004,V256L,1.311,1.0180773735046387,0.572320818901062,1.1379423141479492
21,2893020,2PJY,MdrDBcore02005,V56I,0.733,1.0283867120742798,0.572320818901062,1.1379423141479492
21,2893020,3HMM,MdrDBcore02006,V95A,1.443,0.8774171471595764,0.572320818901062,1.1379423141479492
21,2893020,6B8Y,MdrDBcore02007,Y299F,1.173,0.6307785511016846,0.572320818901062,1.1379423141479492
21,2893020,6B8Y,MdrDBcore02008,Y432F,0.823,0.6952592730522156,0.572320818901062,1.1379423141479492
21,2893020,5IU2,MdrDBcore02009,A354T,-0.608,-0.39131489396095276,0.572320818901062,1.1379423141479492
21,2893020,4Y83,MdrDBcore02010,E188K,1.857,-0.17864513397216797,0.572320818901062,1.1379423141479492
21,2893020,4Y83,MdrDBcore02011,F271Y,-0.06,0.39632004499435425,0.572320818901062,1.1379423141479492
21,2893020,4Y83,MdrDBcore02012,P359S,-0.169,-0.39383742213249207,0.572320818901062,1.1379423141479492
21,2893020,4Y83,MdrDBcore02013,R146Q,0.559,-1.1281156539916992,0.572320818901062,1.1379423141479492
21,2893020,4Y83,MdrDBcore02014,R376C,-0.187,-0.1049162819981575,0.572320818901062,1.1379423141479492
21,2893020,AlphaFold2,MdrDBcore02015,D1067N,-0.288,-0.06161072105169296,0.572320818901062,1.1379423141479492
21,2893020,AlphaFold2,MdrDBcore02016,D1067N,0.55,0.7875310182571411,0.572320818901062,1.1379423141479492
21,2893020,AlphaFold2,MdrDBcore02017,D1067V,-2.019,-1.8393316268920898,0.572320818901062,1.1379423141479492
21,2893020,AlphaFold2,MdrDBcore02018,I767F,-0.474,-0.00941658765077591,0.572320818901062,1.1379423141479492
21,2893020,AlphaFold2,MdrDBcore02019,I965N,1.038,0.5074394941329956,0.572320818901062,1.1379423141479492
21,2893020,AlphaFold2,MdrDBcore02020,K718R,1.061,1.0173054933547974,0.572320818901062,1.1379423141479492
21,2893020,AlphaFold2,MdrDBcore02021,L535R,0.233,0.049300260841846466,0.572320818901062,1.1379423141479492
21,2893020,AlphaFold2,MdrDBcore02022,L642P,1.319,-0.24542218446731567,0.572320818901062,1.1379423141479492
21,2893020,AlphaFold2,MdrDBcore02023,L933P,-1.38,-0.951065182685852,0.572320818901062,1.1379423141479492
21,2893020,AlphaFold2,MdrDBcore02024,L99R,0.489,0.7367374300956726,0.572320818901062,1.1379423141479492
21,2893020,AlphaFold2,MdrDBcore02025,M630R,1.408,1.101776123046875,0.572320818901062,1.1379423141479492
21,2893020,AlphaFold2,MdrDBcore02026,N717S,1.011,0.34994271397590637,0.572320818901062,1.1379423141479492
21,2893020,AlphaFold2,MdrDBcore02027,P437H,1.642,1.2091494798660278,0.572320818901062,1.1379423141479492
21,2893020,AlphaFold2,MdrDBcore02028,R321Q,-0.085,0.055274657905101776,0.572320818901062,1.1379423141479492
21,2893020,AlphaFold2,MdrDBcore02029,R48Q,0.185,0.4750753343105316,0.572320818901062,1.1379423141479492
21,2893020,AlphaFold2,MdrDBcore02030,R668Q,1.201,1.1807411909103394,0.572320818901062,1.1379423141479492
21,2893020,AlphaFold2,MdrDBcore02031,R668W,0.304,0.3535325527191162,0.572320818901062,1.1379423141479492
21,2893020,AlphaFold2,MdrDBcore02032,R896L,-0.341,0.005273543298244476,0.572320818901062,1.1379423141479492
21,2893020,AlphaFold2,MdrDBcore02033,R896L,0.697,0.27206194400787354,0.572320818901062,1.1379423141479492
21,2893020,AlphaFold2,MdrDBcore02034,T721P,-0.549,-0.10716118663549423,0.572320818901062,1.1379423141479492
21,2893020,AlphaFold2,MdrDBcore02035,T721P,-0.316,0.394506573677063,0.572320818901062,1.1379423141479492
21,2893020,AlphaFold2,MdrDBcore02036,V369I,-1.283,-0.008724793791770935,0.572320818901062,1.1379423141479492
21,2893020,AlphaFold2,MdrDBcore02037,V369I,-0.083,-0.35178911685943604,0.572320818901062,1.1379423141479492
21,2893020,6SB0,MdrDBcore02038,A1134T,-2.549,-0.45996931195259094,0.572320818901062,1.1379423141479492
21,2893020,6SB0,MdrDBcore02039,A1134V,-0.777,-0.609404444694519,0.572320818901062,1.1379423141479492
21,2893020,7EPD,MdrDBcore02040,A329T,-0.929,0.2174912393093109,0.572320818901062,1.1379423141479492
21,2893020,7PE9,MdrDBcore02041,A41T,-3.177,-0.003927253186702728,0.572320818901062,1.1379423141479492
21,2893020,6SB0,MdrDBcore02042,A695V,-1.293,0.03823160007596016,0.572320818901062,1.1379423141479492
21,2893020,7PE9,MdrDBcore02043,A695V,-1.002,-0.9069123268127441,0.572320818901062,1.1379423141479492
21,2893020,6SB0,MdrDBcore02044,A954T,-2.775,-0.5490323305130005,0.572320818901062,1.1379423141479492
21,2893020,6SB0,MdrDBcore02045,D1332E,-2.443,-0.9998131990432739,0.572320818901062,1.1379423141479492
21,2893020,6SB0,MdrDBcore02046,D259Y,-0.308,-0.07101712375879288,0.572320818901062,1.1379423141479492
21,2893020,6SB0,MdrDBcore02047,E1033K,-1.819,-0.9340523481369019,0.572320818901062,1.1379423141479492
21,2893020,5WBY,MdrDBcore02048,E1799K,-0.79,-0.3137877881526947,0.572320818901062,1.1379423141479492
21,2893020,7PE9,MdrDBcore02049,E2000Q,-1.021,-0.6915819644927979,0.572320818901062,1.1379423141479492
21,2893020,6SB0,MdrDBcore02050,E427D,-4.512,-0.9404394626617432,0.572320818901062,1.1379423141479492
21,2893020,6SB0,MdrDBcore02051,F140L,-0.639,0.6005873084068298,0.572320818901062,1.1379423141479492
21,2893020,6SB0,MdrDBcore02052,H1647Q,-0.947,-1.1268962621688843,0.572320818901062,1.1379423141479492
21,2893020,6SB0,MdrDBcore02053,I2017T,-1.532,-0.8238493204116821,0.572320818901062,1.1379423141479492
21,2893020,6SB0,MdrDBcore02054,K1197N,-2.878,-0.9287995100021362,0.572320818901062,1.1379423141479492
21,2893020,6SB0,MdrDBcore02055,K1981E,-2.429,-0.5851486921310425,0.572320818901062,1.1379423141479492
21,2893020,6SB0,MdrDBcore02056,L1129P,-2.09,-1.3745628595352173,0.572320818901062,1.1379423141479492
21,2893020,6SB0,MdrDBcore02057,L1894V,-2.235,0.045728132128715515,0.572320818901062,1.1379423141479492
21,2893020,6SB0,MdrDBcore02058,L1894V,-2.592,-0.8951873183250427,0.572320818901062,1.1379423141479492
21,2893020,7PE9,MdrDBcore02059,L2138F,-1.88,-0.797057569026947,0.572320818901062,1.1379423141479492
21,2893020,6SB0,MdrDBcore02060,L2427R,-2.787,-0.6145779490470886,0.572320818901062,1.1379423141479492
21,2893020,6SB0,MdrDBcore02061,M135T,-1.39,-0.7558782696723938,0.572320818901062,1.1379423141479492
21,2893020,7EPD,MdrDBcore02062,M476V,-1.455,-1.3604278564453125,0.572320818901062,1.1379423141479492
21,2893020,6SB0,MdrDBcore02063,N1765D,-1.825,-1.4874212741851807,0.572320818901062,1.1379423141479492
21,2893020,6SB0,MdrDBcore02064,P1128L,-3.787,-0.2184228003025055,0.572320818901062,1.1379423141479492
21,2893020,6SB0,MdrDBcore02065,P1193L,-1.318,-0.17336958646774292,0.572320818901062,1.1379423141479492
21,2893020,6SB0,MdrDBcore02066,P1312L,-1.355,-0.8528701066970825,0.572320818901062,1.1379423141479492
21,2893020,6SB0,MdrDBcore02067,P1537S,-1.259,-0.01673160493373871,0.572320818901062,1.1379423141479492
21,2893020,6SB0,MdrDBcore02068,P1609L,-1.712,0.005738772451877594,0.572320818901062,1.1379423141479492
21,2893020,6SB0,MdrDBcore02069,P1609L,-1.195,-1.1902037858963013,0.572320818901062,1.1379423141479492
21,2893020,6SB0,MdrDBcore02070,P1951S,-0.062,-0.06349388509988785,0.572320818901062,1.1379423141479492
21,2893020,6SB0,MdrDBcore02071,P453L,-2.746,-0.9153542518615723,0.572320818901062,1.1379423141479492
21,2893020,6SB0,MdrDBcore02072,P770A,-1.411,0.19141429662704468,0.572320818901062,1.1379423141479492
21,2893020,6SB0,MdrDBcore02073,P770A,-1.782,-0.3944263160228729,0.572320818901062,1.1379423141479492
21,2893020,6SB0,MdrDBcore02074,Q1207P,-3.336,-0.03820955008268356,0.572320818901062,1.1379423141479492
21,2893020,7PE9,MdrDBcore02075,R1208C,-1.145,-1.13407564163208,0.572320818901062,1.1379423141479492
21,2893020,6SB0,MdrDBcore02076,R1482C,-2.339,-0.4918064773082733,0.572320818901062,1.1379423141479492
21,2893020,6SB0,MdrDBcore02077,R1612Q,0.682,-0.7480744123458862,0.572320818901062,1.1379423141479492
21,2893020,6SB0,MdrDBcore02078,R1709H,-2.867,-0.43066731095314026,0.572320818901062,1.1379423141479492
21,2893020,6SB0,MdrDBcore02079,R1709H,-1.1,-0.585739016532898,0.572320818901062,1.1379423141479492
21,2893020,6SB0,MdrDBcore02080,R1784C,0.857,0.16454699635505676,0.572320818901062,1.1379423141479492
21,2893020,6SB0,MdrDBcore02081,R1811H,-1.625,-0.8771743774414062,0.572320818901062,1.1379423141479492
21,2893020,6SB0,MdrDBcore02082,R2152C,-3.364,-0.0033961310982704163,0.572320818901062,1.1379423141479492
21,2893020,7PE9,MdrDBcore02083,S1178F,-0.977,0.6575468182563782,0.572320818901062,1.1379423141479492
21,2893020,6SB0,MdrDBcore02084,S2215F,-2.632,-0.9526617527008057,0.572320818901062,1.1379423141479492
21,2893020,6SB0,MdrDBcore02085,S645C,-1.77,-0.2783133089542389,0.572320818901062,1.1379423141479492
21,2893020,7PE9,MdrDBcore02086,T1948M,-2.088,-1.3691635131835938,0.572320818901062,1.1379423141479492
21,2893020,6SB0,MdrDBcore02087,T1948M,-0.221,-0.26579776406288147,0.572320818901062,1.1379423141479492
21,2893020,6SB0,MdrDBcore02088,T2232I,-0.216,-0.13892441987991333,0.572320818901062,1.1379423141479492
21,2893020,6SB0,MdrDBcore02089,T2509A,-3.481,-0.8926764726638794,0.572320818901062,1.1379423141479492
21,2893020,7EPD,MdrDBcore02090,T571K,-3.356,-0.5342767238616943,0.572320818901062,1.1379423141479492
21,2893020,6SB0,MdrDBcore02091,T588M,-1.698,-1.290290355682373,0.572320818901062,1.1379423141479492
21,2893020,6SB0,MdrDBcore02092,T647I,-2.934,-0.8401013612747192,0.572320818901062,1.1379423141479492
21,2893020,6SB0,MdrDBcore02093,T647I,-2.127,-1.0565426349639893,0.572320818901062,1.1379423141479492
21,2893020,5WBY,MdrDBcore02094,V1591L,-2.614,-0.5145973563194275,0.572320818901062,1.1379423141479492
21,2893020,6SB0,MdrDBcore02095,W1304R,-0.871,-0.13575109839439392,0.572320818901062,1.1379423141479492
21,2893020,5WBY,MdrDBcore02096,W1456R,-3.121,0.10526762157678604,0.572320818901062,1.1379423141479492
21,2893020,6SB0,MdrDBcore02097,Y1151C,-0.722,-0.38888847827911377,0.572320818901062,1.1379423141479492
21,2893020,6SB0,MdrDBcore02098,Y861H,-1.509,-0.7491725087165833,0.572320818901062,1.1379423141479492
21,2893020,6SB0,MdrDBcore02099,Y861H,-2.08,-1.1326587200164795,0.572320818901062,1.1379423141479492
21,2893020,4FL2,MdrDBcore02100,A353T,-0.306,-0.1505255401134491,0.572320818901062,1.1379423141479492
21,2893020,4FL2,MdrDBcore02101,A353T,-1.045,-1.2680331468582153,0.572320818901062,1.1379423141479492
21,2893020,4FL2,MdrDBcore02102,A353T,-0.914,-0.7364900708198547,0.572320818901062,1.1379423141479492
21,2893020,4RX7,MdrDBcore02103,A620T,1.14,0.07223227620124817,0.572320818901062,1.1379423141479492
21,2893020,5CXZ,MdrDBcore02104,A620T,-0.871,0.3334837555885315,0.572320818901062,1.1379423141479492
21,2893020,5CXZ,MdrDBcore02105,A620T,-0.284,0.4644586741924286,0.572320818901062,1.1379423141479492
21,2893020,1A81,MdrDBcore02106,A86T,1.59,0.36830204725265503,0.572320818901062,1.1379423141479492
21,2893020,7SA7,MdrDBcore02107,A86T,0.263,-0.052666135132312775,0.572320818901062,1.1379423141479492
21,2893020,7SA7,MdrDBcore02108,A86T,0.511,0.5297036170959473,0.572320818901062,1.1379423141479492
21,2893020,5CXZ,MdrDBcore02109,D428N,-0.288,-0.44377627968788147,0.572320818901062,1.1379423141479492
21,2893020,5CXZ,MdrDBcore02110,D428N,-0.438,0.3080299496650696,0.572320818901062,1.1379423141479492
21,2893020,5CXZ,MdrDBcore02111,D428N,-0.601,-0.22549885511398315,0.572320818901062,1.1379423141479492
21,2893020,5CXZ,MdrDBcore02112,E586D,-0.614,0.711235523223877,0.572320818901062,1.1379423141479492
21,2893020,5CXZ,MdrDBcore02113,E586D,0.601,0.350164532661438,0.572320818901062,1.1379423141479492
21,2893020,5CXZ,MdrDBcore02114,E586D,-0.338,0.5868991017341614,0.572320818901062,1.1379423141479492
21,2893020,5CXZ,MdrDBcore02115,G578E,0.377,-0.020429395139217377,0.572320818901062,1.1379423141479492
21,2893020,5CXZ,MdrDBcore02116,G578E,-0.261,0.3220171630382538,0.572320818901062,1.1379423141479492
21,2893020,4RX7,MdrDBcore02117,G578E,-0.286,0.694067656993866,0.572320818901062,1.1379423141479492
21,2893020,4RX7,MdrDBcore02118,G588R,-0.786,0.44577065110206604,0.572320818901062,1.1379423141479492
21,2893020,5CXZ,MdrDBcore02119,G588R,0.867,0.30500057339668274,0.572320818901062,1.1379423141479492
21,2893020,5CXZ,MdrDBcore02120,G588R,1.22,0.5946211218833923,0.572320818901062,1.1379423141479492
21,2893020,5CXZ,MdrDBcore02121,H492Y,-0.596,-0.2761491537094116,0.572320818901062,1.1379423141479492
21,2893020,5CXZ,MdrDBcore02122,H492Y,-0.815,0.28757956624031067,0.572320818901062,1.1379423141479492
21,2893020,5CXZ,MdrDBcore02123,H492Y,-0.579,0.35089609026908875,0.572320818901062,1.1379423141479492
21,2893020,4RX7,MdrDBcore02124,I438M,1.949,-0.30693745613098145,0.572320818901062,1.1379423141479492
21,2893020,7SA7,MdrDBcore02125,K133E,0.343,-0.06080330163240433,0.572320818901062,1.1379423141479492
21,2893020,7SA7,MdrDBcore02126,K133E,-0.138,0.06757212430238724,0.572320818901062,1.1379423141479492
21,2893020,7SA7,MdrDBcore02127,K133E,0.598,-0.14983782172203064,0.572320818901062,1.1379423141479492
21,2893020,5CXZ,MdrDBcore02128,K386N,-0.514,-0.3398516774177551,0.572320818901062,1.1379423141479492
21,2893020,5CXZ,MdrDBcore02129,N381I,-0.613,0.13978800177574158,0.572320818901062,1.1379423141479492
21,2893020,4RX7,MdrDBcore02130,N381I,-0.32,0.40974730253219604,0.572320818901062,1.1379423141479492
21,2893020,5CXZ,MdrDBcore02131,N381I,-0.743,0.22493413090705872,0.572320818901062,1.1379423141479492
21,2893020,4FL2,MdrDBcore02132,P355L,0.228,-0.3168032765388489,0.572320818901062,1.1379423141479492
21,2893020,1XBB,MdrDBcore02133,R520S,2.261,0.022496871650218964,0.572320818901062,1.1379423141479492
21,2893020,5CXZ,MdrDBcore02134,R520S,-0.815,0.3340165317058563,0.572320818901062,1.1379423141479492
21,2893020,5CXZ,MdrDBcore02135,R520S,0.111,0.5082263350486755,0.572320818901062,1.1379423141479492
21,2893020,5CXZ,MdrDBcore02136,V622A,-0.123,0.13741931319236755,0.572320818901062,1.1379423141479492
21,2893020,5CXZ,MdrDBcore02137,V622A,1.095,0.30674752593040466,0.572320818901062,1.1379423141479492
21,2893020,5CXZ,MdrDBcore02138,V622A,1.357,0.6167842745780945,0.572320818901062,1.1379423141479492
21,2893020,1A81,MdrDBcore02139,Y246C,-0.223,-0.37057727575302124,0.572320818901062,1.1379423141479492
21,2893020,4RX7,MdrDBcore02140,Y568H,-0.077,-0.0919460877776146,0.572320818901062,1.1379423141479492
21,2893020,5CXZ,MdrDBcore02141,Y568H,-0.729,0.2906304895877838,0.572320818901062,1.1379423141479492
21,2893020,5CXZ,MdrDBcore02142,Y568H,-0.078,-0.019150778651237488,0.572320818901062,1.1379423141479492
21,2893020,4O1D,MdrDBcore02143,A252S,-0.845,-0.39113378524780273,0.572320818901062,1.1379423141479492
21,2893020,4O1D,MdrDBcore02144,A83V,0.014,-0.04075736552476883,0.572320818901062,1.1379423141479492
21,2893020,4O1D,MdrDBcore02145,E263G,-1.313,-0.14209622144699097,0.572320818901062,1.1379423141479492
21,2893020,4O1D,MdrDBcore02146,E336D,2.7,-0.10964756458997726,0.572320818901062,1.1379423141479492
21,2893020,4O1D,MdrDBcore02147,E487D,0.707,0.5976200103759766,0.572320818901062,1.1379423141479492
21,2893020,4O1D,MdrDBcore02148,G100R,-0.997,-0.36809223890304565,0.572320818901062,1.1379423141479492
21,2893020,4O1D,MdrDBcore02149,I206T,2.095,0.00663120299577713,0.572320818901062,1.1379423141479492
21,2893020,4O1D,MdrDBcore02150,K228A,-1.331,0.5348215699195862,0.572320818901062,1.1379423141479492
21,2893020,4O1D,MdrDBcore02151,K339E,-0.833,0.2056499570608139,0.572320818901062,1.1379423141479492
21,2893020,4O1D,MdrDBcore02152,K342R,-1.852,-0.13365113735198975,0.572320818901062,1.1379423141479492
21,2893020,4O1D,MdrDBcore02153,K423A,-2.217,-0.11108572036027908,0.572320818901062,1.1379423141479492
21,2893020,4O1D,MdrDBcore02154,L226R,3.238,0.10993200540542603,0.572320818901062,1.1379423141479492
21,2893020,4O1D,MdrDBcore02155,Q268K,-0.386,-0.2545279264450073,0.572320818901062,1.1379423141479492
21,2893020,3DKJ,MdrDBcore02156,Q362E,0.056,0.0872703343629837,0.572320818901062,1.1379423141479492
21,2893020,4O1D,MdrDBcore02157,R349K,0.005,0.8293272852897644,0.572320818901062,1.1379423141479492
21,2893020,4O1D,MdrDBcore02158,T233M,-2.333,0.008263997733592987,0.572320818901062,1.1379423141479492
21,2893020,4O1D,MdrDBcore02159,V221A,0.654,-0.2397049367427826,0.572320818901062,1.1379423141479492
21,2893020,4O1D,MdrDBcore02160,V266I,2.09,0.062144406139850616,0.572320818901062,1.1379423141479492
21,2893020,4O1D,MdrDBcore02161,V300I,0.067,-0.26775673031806946,0.572320818901062,1.1379423141479492
21,2893020,4O1D,MdrDBcore02162,Y142C,0.206,-0.0851343646645546,0.572320818901062,1.1379423141479492
21,2893020,4O1D,MdrDBcore02163,Y36C,1.022,-0.1499132513999939,0.572320818901062,1.1379423141479492
21,2893020,4AWI,MdrDBcore02164,A282D,-0.775,-0.26668664813041687,0.572320818901062,1.1379423141479492
21,2893020,4AWI,MdrDBcore02165,C79Y,1.349,-0.15220588445663452,0.572320818901062,1.1379423141479492
21,2893020,4AWI,MdrDBcore02166,D277G,-0.384,-0.5019310116767883,0.572320818901062,1.1379423141479492
21,2893020,4AWI,MdrDBcore02167,D277V,0.443,0.16257935762405396,0.572320818901062,1.1379423141479492
21,2893020,4AWI,MdrDBcore02168,H149R,-0.612,0.022223860025405884,0.572320818901062,1.1379423141479492
21,2893020,4AWI,MdrDBcore02169,I304M,-0.709,-0.21994969248771667,0.572320818901062,1.1379423141479492
21,2893020,4AWI,MdrDBcore02170,M200T,-1.724,-0.3013502359390259,0.572320818901062,1.1379423141479492
21,2893020,3L08,MdrDBcore02171,A197T,-1.852,0.4998100697994232,0.572320818901062,1.1379423141479492
21,2893020,3L08,MdrDBcore02172,A197T,0.351,1.0619815587997437,0.572320818901062,1.1379423141479492
21,2893020,4GB9,MdrDBcore02173,A253T,0.688,0.6693142056465149,0.572320818901062,1.1379423141479492
21,2893020,4GB9,MdrDBcore02174,A253T,1.775,1.1156638860702515,0.572320818901062,1.1379423141479492
21,2893020,4GB9,MdrDBcore02175,A253T,0.231,0.5338655114173889,0.572320818901062,1.1379423141479492
21,2893020,3L08,MdrDBcore02176,A314T,0.664,0.38721126317977905,0.572320818901062,1.1379423141479492
21,2893020,4GB9,MdrDBcore02177,A314T,1.258,1.0976454019546509,0.572320818901062,1.1379423141479492
21,2893020,4GB9,MdrDBcore02178,A314T,0.288,0.5819835066795349,0.572320818901062,1.1379423141479492
21,2893020,3L08,MdrDBcore02179,A528V,-0.026,0.586542010307312,0.572320818901062,1.1379423141479492
21,2893020,4GB9,MdrDBcore02180,A528V,0.923,0.6266651153564453,0.572320818901062,1.1379423141479492
21,2893020,3L08,MdrDBcore02181,A528V,-0.333,-0.6105383634567261,0.572320818901062,1.1379423141479492
21,2893020,3L08,MdrDBcore02182,A557V,1.842,0.9739679098129272,0.572320818901062,1.1379423141479492
21,2893020,3L08,MdrDBcore02183,A569T,1.29,0.3842950761318207,0.572320818901062,1.1379423141479492
21,2893020,3L08,MdrDBcore02184,A569T,1.746,1.2251954078674316,0.572320818901062,1.1379423141479492
21,2893020,3L08,MdrDBcore02185,A569T,1.264,-0.1268298327922821,0.572320818901062,1.1379423141479492
21,2893020,4GB9,MdrDBcore02186,A621S,1.204,0.741894006729126,0.572320818901062,1.1379423141479492
21,2893020,3L08,MdrDBcore02187,A621S,1.806,1.2824591398239136,0.572320818901062,1.1379423141479492
21,2893020,3L08,MdrDBcore02188,A621S,0.475,-0.12431871145963669,0.572320818901062,1.1379423141479492
21,2893020,7MEZ,MdrDBcore02189,A84V,-0.146,0.5639622807502747,0.572320818901062,1.1379423141479492
21,2893020,3L08,MdrDBcore02190,D192N,0.216,-0.24598249793052673,0.572320818901062,1.1379423141479492
21,2893020,3L08,MdrDBcore02191,D192N,-1.811,-0.2697712182998657,0.572320818901062,1.1379423141479492
21,2893020,3L16,MdrDBcore02192,D358Y,-0.059,0.3098108768463135,0.572320818901062,1.1379423141479492
21,2893020,3L08,MdrDBcore02193,D358Y,1.423,1.214708924293518,0.572320818901062,1.1379423141479492
21,2893020,3L08,MdrDBcore02194,D358Y,-0.28,-0.10870327800512314,0.572320818901062,1.1379423141479492
21,2893020,3L08,MdrDBcore02195,D946N,0.767,0.37365344166755676,0.572320818901062,1.1379423141479492
21,2893020,3L08,MdrDBcore02196,D946N,0.372,1.4412115812301636,0.572320818901062,1.1379423141479492
21,2893020,3L08,MdrDBcore02197,D946N,-0.134,-0.33895066380500793,0.572320818901062,1.1379423141479492
21,2893020,7MEZ,MdrDBcore02198,E108K,-1.323,-0.2327844798564911,0.572320818901062,1.1379423141479492
21,2893020,7MEZ,MdrDBcore02199,E108K,0.043,0.23860689997673035,0.572320818901062,1.1379423141479492
21,2893020,3L08,MdrDBcore02200,G276S,-0.235,0.37839940190315247,0.572320818901062,1.1379423141479492
21,2893020,3L08,MdrDBcore02201,G276S,1.873,1.1170895099639893,0.572320818901062,1.1379423141479492
21,2893020,3L08,MdrDBcore02202,G276S,-1.009,0.13701122999191284,0.572320818901062,1.1379423141479492
21,2893020,7MEZ,MdrDBcore02203,G343S,0.915,0.33596497774124146,0.572320818901062,1.1379423141479492
21,2893020,7MEZ,MdrDBcore02204,G343S,1.741,0.3662257492542267,0.572320818901062,1.1379423141479492
21,2893020,7MEZ,MdrDBcore02205,G343S,-0.181,0.03796595707535744,0.572320818901062,1.1379423141479492
21,2893020,3L08,MdrDBcore02206,G436S,2.055,1.241905927658081,0.572320818901062,1.1379423141479492
21,2893020,7MEZ,MdrDBcore02207,G65D,-0.46,0.22648900747299194,0.572320818901062,1.1379423141479492
21,2893020,3L08,MdrDBcore02208,G996A,0.184,0.36943498253822327,0.572320818901062,1.1379423141479492
21,2893020,3L08,MdrDBcore02209,G996A,0.68,-0.014809846878051758,0.572320818901062,1.1379423141479492
21,2893020,3L08,MdrDBcore02210,H295Q,0.103,0.38440433144569397,0.572320818901062,1.1379423141479492
21,2893020,3L08,MdrDBcore02211,H295Q,0.728,1.198708415031433,0.572320818901062,1.1379423141479492
21,2893020,3L08,MdrDBcore02212,H295Q,-0.988,-0.2887457013130188,0.572320818901062,1.1379423141479492
21,2893020,3L08,MdrDBcore02213,H693Q,0.143,0.4289630055427551,0.572320818901062,1.1379423141479492
21,2893020,3L08,MdrDBcore02214,H693Q,0.77,1.266345739364624,0.572320818901062,1.1379423141479492
21,2893020,3L08,MdrDBcore02215,H693Q,0.789,0.05823976919054985,0.572320818901062,1.1379423141479492
21,2893020,3L08,MdrDBcore02216,H909L,1.219,0.4291222393512726,0.572320818901062,1.1379423141479492
21,2893020,3L08,MdrDBcore02217,H909L,1.575,1.211010456085205,0.572320818901062,1.1379423141479492
21,2893020,3L08,MdrDBcore02218,H909L,-0.26,0.02474062144756317,0.572320818901062,1.1379423141479492
21,2893020,3L08,MdrDBcore02219,I158M,-0.179,0.38367632031440735,0.572320818901062,1.1379423141479492
21,2893020,3L08,MdrDBcore02220,I158M,0.786,1.136579990386963,0.572320818901062,1.1379423141479492
21,2893020,3L08,MdrDBcore02221,I158M,-0.507,0.031708113849163055,0.572320818901062,1.1379423141479492
21,2893020,3L08,MdrDBcore02222,I220M,0.235,0.39384785294532776,0.572320818901062,1.1379423141479492
21,2893020,3L08,MdrDBcore02223,I220M,1.658,1.4159868955612183,0.572320818901062,1.1379423141479492
21,2893020,3L08,MdrDBcore02224,I220M,0.889,-0.144809752702713,0.572320818901062,1.1379423141479492
21,2893020,3L16,MdrDBcore02225,I287M,0.239,0.31351354718208313,0.572320818901062,1.1379423141479492
21,2893020,3L08,MdrDBcore02226,I287M,0.731,1.00922691822052,0.572320818901062,1.1379423141479492
21,2893020,3L08,MdrDBcore02227,I287M,-1.226,0.14020204544067383,0.572320818901062,1.1379423141479492
21,2893020,3L08,MdrDBcore02228,I643V,0.624,0.37879514694213867,0.572320818901062,1.1379423141479492
21,2893020,3L08,MdrDBcore02229,I643V,1.642,0.9023322463035583,0.572320818901062,1.1379423141479492
21,2893020,3L08,MdrDBcore02230,I643V,0.519,0.05102253705263138,0.572320818901062,1.1379423141479492
21,2893020,3L08,MdrDBcore02231,I888V,-1.351,0.3785865604877472,0.572320818901062,1.1379423141479492
21,2893020,3L08,MdrDBcore02232,I888V,1.043,1.115380048751831,0.572320818901062,1.1379423141479492
21,2893020,3L08,MdrDBcore02233,I888V,-2.396,-0.3471515476703644,0.572320818901062,1.1379423141479492
21,2893020,4EZL,MdrDBcore02234,L1092H,0.068,0.5157806873321533,0.572320818901062,1.1379423141479492
21,2893020,4EZL,MdrDBcore02235,L1092H,0.793,1.1655292510986328,0.572320818901062,1.1379423141479492
21,2893020,4EZL,MdrDBcore02236,L1092H,-0.092,0.417928010225296,0.572320818901062,1.1379423141479492
21,2893020,3L08,MdrDBcore02237,L211P,-0.101,0.4288797080516815,0.572320818901062,1.1379423141479492
21,2893020,3L08,MdrDBcore02238,L211P,0.311,1.0413694381713867,0.572320818901062,1.1379423141479492
21,2893020,4GB9,MdrDBcore02239,L211P,-2.641,0.3860422670841217,0.572320818901062,1.1379423141479492
21,2893020,4GB9,MdrDBcore02240,L651V,0.331,0.591338574886322,0.572320818901062,1.1379423141479492
21,2893020,4GB9,MdrDBcore02241,L651V,2.12,1.1202847957611084,0.572320818901062,1.1379423141479492
21,2893020,3L08,MdrDBcore02242,L651V,0.752,0.06118996441364288,0.572320818901062,1.1379423141479492
21,2893020,3L08,MdrDBcore02243,M1039T,0.369,0.38360825181007385,0.572320818901062,1.1379423141479492
21,2893020,3L08,MdrDBcore02244,M1039T,2.592,1.2516794204711914,0.572320818901062,1.1379423141479492
21,2893020,3L08,MdrDBcore02245,M1039T,0.201,-0.5151728391647339,0.572320818901062,1.1379423141479492
21,2893020,1HE8,MdrDBcore02246,M259I,0.954,0.9063155651092529,0.572320818901062,1.1379423141479492
21,2893020,1HE8,MdrDBcore02247,M259I,1.22,1.1731213331222534,0.572320818901062,1.1379423141479492
21,2893020,1HE8,MdrDBcore02248,M259I,-1.632,-0.7388863563537598,0.572320818901062,1.1379423141479492
21,2893020,3L08,MdrDBcore02249,N386S,-1.827,0.1581045240163803,0.572320818901062,1.1379423141479492
21,2893020,3L08,MdrDBcore02250,N386S,0.942,1.1633599996566772,0.572320818901062,1.1379423141479492
21,2893020,3L08,MdrDBcore02251,N386S,-0.521,-0.5368213653564453,0.572320818901062,1.1379423141479492
21,2893020,3DPD,MdrDBcore02252,N979S,1.963,1.1097782850265503,0.572320818901062,1.1379423141479492
21,2893020,7MEZ,MdrDBcore02253,P142L,1.149,0.6165556311607361,0.572320818901062,1.1379423141479492
21,2893020,7MEZ,MdrDBcore02254,P142L,-1.412,-0.3646894693374634,0.572320818901062,1.1379423141479492
21,2893020,3L08,MdrDBcore02255,P208L,-0.45,0.5087224245071411,0.572320818901062,1.1379423141479492
21,2893020,3L08,MdrDBcore02256,P208L,1.21,0.927341103553772,0.572320818901062,1.1379423141479492
21,2893020,3L08,MdrDBcore02257,P208L,0.288,-0.1684490144252777,0.572320818901062,1.1379423141479492
21,2893020,7MEZ,MdrDBcore02258,P538L,-0.83,-0.08584313839673996,0.572320818901062,1.1379423141479492
21,2893020,7MEZ,MdrDBcore02259,P538L,1.314,0.39573049545288086,0.572320818901062,1.1379423141479492
21,2893020,7MEZ,MdrDBcore02260,P538L,0.748,0.31813910603523254,0.572320818901062,1.1379423141479492
21,2893020,3L08,MdrDBcore02261,P563T,1.021,0.42862674593925476,0.572320818901062,1.1379423141479492
21,2893020,3L08,MdrDBcore02262,P563T,1.037,1.197545051574707,0.572320818901062,1.1379423141479492
21,2893020,3L08,MdrDBcore02263,P563T,-0.446,-0.30552881956100464,0.572320818901062,1.1379423141479492
21,2893020,3L08,MdrDBcore02264,R178C,-0.349,0.37422406673431396,0.572320818901062,1.1379423141479492
21,2893020,3L08,MdrDBcore02265,R178C,0.99,1.1326918601989746,0.572320818901062,1.1379423141479492
21,2893020,3L08,MdrDBcore02266,R178C,0.102,0.1058318167924881,0.572320818901062,1.1379423141479492
21,2893020,3L08,MdrDBcore02267,R362K,2.215,0.3723667562007904,0.572320818901062,1.1379423141479492
21,2893020,4GB9,MdrDBcore02268,R362K,1.776,1.3234418630599976,0.572320818901062,1.1379423141479492
21,2893020,3L08,MdrDBcore02269,R362K,2.351,-0.21729439496994019,0.572320818901062,1.1379423141479492
21,2893020,3L08,MdrDBcore02270,R362S,0.783,0.5178989768028259,0.572320818901062,1.1379423141479492
21,2893020,3L08,MdrDBcore02271,R362S,0.697,1.1493103504180908,0.572320818901062,1.1379423141479492
21,2893020,3L08,MdrDBcore02272,R362S,-1.205,-0.15314453840255737,0.572320818901062,1.1379423141479492
21,2893020,3L08,MdrDBcore02273,R472P,-0.787,0.39841368794441223,0.572320818901062,1.1379423141479492
21,2893020,3L08,MdrDBcore02274,R472P,-0.729,0.0132531076669693,0.572320818901062,1.1379423141479492
21,2893020,3L08,MdrDBcore02275,R477C,-0.021,0.3869956135749817,0.572320818901062,1.1379423141479492
21,2893020,3L08,MdrDBcore02276,R477C,0.722,1.2825994491577148,0.572320818901062,1.1379423141479492
21,2893020,3L08,MdrDBcore02277,R477C,-0.008,-0.5015784502029419,0.572320818901062,1.1379423141479492
21,2893020,4GB9,MdrDBcore02278,R839C,0.1,0.6623097658157349,0.572320818901062,1.1379423141479492
21,2893020,4GB9,MdrDBcore02279,R839C,1.826,1.1227378845214844,0.572320818901062,1.1379423141479492
21,2893020,3L08,MdrDBcore02280,R839C,0.741,-0.165228933095932,0.572320818901062,1.1379423141479492
21,2893020,3L08,MdrDBcore02281,S806F,1.167,0.7046107649803162,0.572320818901062,1.1379423141479492
21,2893020,3L08,MdrDBcore02282,S806F,0.803,0.8517594933509827,0.572320818901062,1.1379423141479492
21,2893020,3L08,MdrDBcore02283,T1081I,0.994,1.014370322227478,0.572320818901062,1.1379423141479492
21,2893020,7MEZ,MdrDBcore02284,T330M,-0.318,0.8879063129425049,0.572320818901062,1.1379423141479492
21,2893020,7MEZ,MdrDBcore02285,T330M,0.832,0.07060717046260834,0.572320818901062,1.1379423141479492
21,2893020,7MEZ,MdrDBcore02286,T330M,-0.466,-0.023104600608348846,0.572320818901062,1.1379423141479492
21,2893020,4GB9,MdrDBcore02287,T627I,0.0,0.8044290542602539,0.572320818901062,1.1379423141479492
21,2893020,3L08,MdrDBcore02288,T627I,-1.75,-0.3676445484161377,0.572320818901062,1.1379423141479492
21,2893020,4GB9,MdrDBcore02289,T827R,-0.102,0.5916885137557983,0.572320818901062,1.1379423141479492
21,2893020,3L08,MdrDBcore02290,T827R,1.97,1.022633671760559,0.572320818901062,1.1379423141479492
21,2893020,3L08,MdrDBcore02291,T827R,0.901,-0.18311551213264465,0.572320818901062,1.1379423141479492
21,2893020,3L08,MdrDBcore02292,V305M,-0.719,0.3842719495296478,0.572320818901062,1.1379423141479492
21,2893020,3L08,MdrDBcore02293,V305M,1.076,1.2409719228744507,0.572320818901062,1.1379423141479492
21,2893020,3L08,MdrDBcore02294,V305M,-0.557,-0.1250160038471222,0.572320818901062,1.1379423141479492
21,2893020,7MEZ,MdrDBcore02295,V332D,1.84,1.192679524421692,0.572320818901062,1.1379423141479492
21,2893020,7MEZ,MdrDBcore02296,V332D,1.411,1.9008994102478027,0.572320818901062,1.1379423141479492
21,2893020,7MEZ,MdrDBcore02297,V332D,1.987,0.26387062668800354,0.572320818901062,1.1379423141479492
21,2893020,7MEZ,MdrDBcore02298,V332L,-0.668,0.2289583384990692,0.572320818901062,1.1379423141479492
21,2893020,7MEZ,MdrDBcore02299,V332L,-0.301,0.22957348823547363,0.572320818901062,1.1379423141479492
21,2893020,3L08,MdrDBcore02300,V381I,0.38,0.41670480370521545,0.572320818901062,1.1379423141479492
21,2893020,3L08,MdrDBcore02301,V381I,0.842,1.16837739944458,0.572320818901062,1.1379423141479492
21,2893020,3L08,MdrDBcore02302,V381I,-0.932,-0.16571182012557983,0.572320818901062,1.1379423141479492
21,2893020,4GB9,MdrDBcore02303,W855L,0.54,0.7315883040428162,0.572320818901062,1.1379423141479492
21,2893020,3L08,MdrDBcore02304,W855L,-0.514,-0.12164679914712906,0.572320818901062,1.1379423141479492
21,2893020,1TN6,MdrDBcore02305,F117L,-0.232,0.7063482999801636,0.572320818901062,1.1379423141479492
21,2893020,1LD8,MdrDBcore02306,F117L,0.864,-0.19217735528945923,0.572320818901062,1.1379423141479492
21,2893020,1JCQ,MdrDBcore02307,K330T,-0.465,-0.913811445236206,0.572320818901062,1.1379423141479492
21,2893020,1LD8,MdrDBcore02308,K330T,-0.583,-0.8436723351478577,0.572320818901062,1.1379423141479492
21,2893020,1JCQ,MdrDBcore02309,K336R,0.041,0.16826152801513672,0.572320818901062,1.1379423141479492
21,2893020,1LD8,MdrDBcore02310,K336R,-0.419,-0.3055993616580963,0.572320818901062,1.1379423141479492
21,2893020,1JCQ,MdrDBcore02311,L280F,-0.467,0.0728628933429718,0.572320818901062,1.1379423141479492
21,2893020,1LD8,MdrDBcore02312,L280F,-2.033,0.02090146392583847,0.572320818901062,1.1379423141479492
21,2893020,1TN6,MdrDBcore02313,N329S,-0.981,-0.7176817655563354,0.572320818901062,1.1379423141479492
21,2893020,2H6G,MdrDBcore02314,N329S,-2.001,-0.11803249269723892,0.572320818901062,1.1379423141479492
21,2893020,1JCQ,MdrDBcore02315,N85S,-0.979,-0.4370385706424713,0.572320818901062,1.1379423141479492
21,2893020,1LD8,MdrDBcore02316,N85S,-0.441,0.12425822019577026,0.572320818901062,1.1379423141479492
21,2893020,1JCQ,MdrDBcore02317,P304S,0.228,0.3150649964809418,0.572320818901062,1.1379423141479492
21,2893020,1LD8,MdrDBcore02318,P304S,0.25,0.009470760822296143,0.572320818901062,1.1379423141479492
21,2893020,1TN6,MdrDBcore02319,Q221R,-0.144,-0.6081491708755493,0.572320818901062,1.1379423141479492
21,2893020,1LD8,MdrDBcore02320,Q221R,-0.212,0.010018490254878998,0.572320818901062,1.1379423141479492
21,2893020,1JCQ,MdrDBcore02321,R287C,-0.139,0.22674530744552612,0.572320818901062,1.1379423141479492
21,2893020,1LD8,MdrDBcore02322,R287C,-1.421,-0.8204542398452759,0.572320818901062,1.1379423141479492
21,2893020,1JCQ,MdrDBcore02323,S290Y,-0.41,-0.36775991320610046,0.572320818901062,1.1379423141479492
21,2893020,1LD8,MdrDBcore02324,S290Y,-1.336,-0.7209991812705994,0.572320818901062,1.1379423141479492
21,2893020,1JCQ,MdrDBcore02325,V64I,-0.339,-0.7490089535713196,0.572320818901062,1.1379423141479492
21,2893020,1LD8,MdrDBcore02326,V64I,-0.458,-0.6603651642799377,0.572320818901062,1.1379423141479492
21,2893020,1TN6,MdrDBcore02327,W72C,-0.542,-0.7018425464630127,0.572320818901062,1.1379423141479492
21,2893020,1LD8,MdrDBcore02328,W72C,-0.138,-0.6041740775108337,0.572320818901062,1.1379423141479492
21,2893020,5OY4,MdrDBcore02329,D33G,0.306,0.17810788750648499,0.572320818901062,1.1379423141479492
21,2893020,5OY4,MdrDBcore02330,D33G,0.13,0.612476110458374,0.572320818901062,1.1379423141479492
21,2893020,5OY4,MdrDBcore02331,D33G,-0.255,0.3722037076950073,0.572320818901062,1.1379423141479492
21,2893020,5KPK,MdrDBcore02332,G65E,1.34,0.4899720251560211,0.572320818901062,1.1379423141479492
21,2893020,5KPK,MdrDBcore02333,G65E,-0.541,0.365243524312973,0.572320818901062,1.1379423141479492
21,2893020,3ZRL,MdrDBcore02334,G65E,0.501,0.25842833518981934,0.572320818901062,1.1379423141479492
21,2893020,3ZRL,MdrDBcore02335,H310Q,-0.271,0.40034493803977966,0.572320818901062,1.1379423141479492
21,2893020,5KPK,MdrDBcore02336,L75V,-0.149,0.3938993513584137,0.572320818901062,1.1379423141479492
21,2893020,5KPK,MdrDBcore02337,L75V,0.069,0.2754175066947937,0.572320818901062,1.1379423141479492
21,2893020,3ZRL,MdrDBcore02338,L75V,-0.902,0.39374351501464844,0.572320818901062,1.1379423141479492
21,2893020,5KPK,MdrDBcore02339,Q164A,0.288,0.4239438474178314,0.572320818901062,1.1379423141479492
21,2893020,5KPK,MdrDBcore02340,Q164A,0.84,0.4829810857772827,0.572320818901062,1.1379423141479492
21,2893020,5KPK,MdrDBcore02341,R319A,1.023,0.3973613977432251,0.572320818901062,1.1379423141479492
21,2893020,5KPK,MdrDBcore02342,R319A,0.565,0.45416152477264404,0.572320818901062,1.1379423141479492
21,2893020,5KPK,MdrDBcore02343,R319Q,-0.659,0.42102354764938354,0.572320818901062,1.1379423141479492
21,2893020,5KPK,MdrDBcore02344,R319Q,0.068,0.5077848434448242,0.572320818901062,1.1379423141479492
21,2893020,3ZRL,MdrDBcore02345,R319Q,0.804,0.4313427209854126,0.572320818901062,1.1379423141479492
21,2893020,3ZRL,MdrDBcore02346,R332H,0.012,0.3822757601737976,0.572320818901062,1.1379423141479492
21,2893020,5KPK,MdrDBcore02347,R96A,-0.548,0.3375880718231201,0.572320818901062,1.1379423141479492
21,2893020,5KPK,MdrDBcore02348,R96A,-0.015,0.46360599994659424,0.572320818901062,1.1379423141479492
21,2893020,5KPK,MdrDBcore02349,V126I,-0.849,0.4162825345993042,0.572320818901062,1.1379423141479492
21,2893020,5KPK,MdrDBcore02350,V126I,-0.271,0.4441533386707306,0.572320818901062,1.1379423141479492
21,2893020,3ZRL,MdrDBcore02351,V126I,-2.234,0.4232727885246277,0.572320818901062,1.1379423141479492
21,2893020,3T1I,MdrDBcore02352,A177T,-1.11,1.204154133796692,0.572320818901062,1.1379423141479492
21,2893020,3T1I,MdrDBcore02353,A47S,2.016,1.3710479736328125,0.572320818901062,1.1379423141479492
21,2893020,3T1I,MdrDBcore02354,D131Y,1.83,1.2310643196105957,0.572320818901062,1.1379423141479492
21,2893020,3T1I,MdrDBcore02355,D86N,0.945,1.3804240226745605,0.572320818901062,1.1379423141479492
21,2893020,3T1I,MdrDBcore02356,E248K,2.338,1.3846018314361572,0.572320818901062,1.1379423141479492
21,2893020,3T1I,MdrDBcore02357,G285C,1.512,1.407474398612976,0.572320818901062,1.1379423141479492
21,2893020,3T1I,MdrDBcore02358,H302Y,1.468,1.3915812969207764,0.572320818901062,1.1379423141479492
21,2893020,3T1I,MdrDBcore02359,L116I,-0.526,1.3061466217041016,0.572320818901062,1.1379423141479492
21,2893020,3T1I,MdrDBcore02360,L61F,1.83,1.3270467519760132,0.572320818901062,1.1379423141479492
21,2893020,3T1I,MdrDBcore02361,P358Q,0.965,1.3431625366210938,0.572320818901062,1.1379423141479492
21,2893020,3T1I,MdrDBcore02362,Q232K,1.923,1.2004505395889282,0.572320818901062,1.1379423141479492
21,2893020,3T1I,MdrDBcore02363,Q330K,0.664,1.308350682258606,0.572320818901062,1.1379423141479492
21,2893020,3T1I,MdrDBcore02364,Q48L,1.486,1.2377183437347412,0.572320818901062,1.1379423141479492
21,2893020,3T1I,MdrDBcore02365,R305W,1.167,1.3359266519546509,0.572320818901062,1.1379423141479492
21,2893020,3T1I,MdrDBcore02366,R351H,1.786,1.3711364269256592,0.572320818901062,1.1379423141479492
21,2893020,3T1I,MdrDBcore02367,R380C,2.126,1.310815453529358,0.572320818901062,1.1379423141479492
21,2893020,3T1I,MdrDBcore02368,R388W,1.634,1.3799686431884766,0.572320818901062,1.1379423141479492
21,2893020,3T1I,MdrDBcore02369,R400S,1.215,1.342956781387329,0.572320818901062,1.1379423141479492
21,2893020,3T1I,MdrDBcore02370,R87W,1.359,1.3695743083953857,0.572320818901062,1.1379423141479492
21,2893020,3T1I,MdrDBcore02371,S209F,1.884,1.2949614524841309,0.572320818901062,1.1379423141479492
21,2893020,3T1I,MdrDBcore02372,T36M,1.591,1.371074914932251,0.572320818901062,1.1379423141479492
21,2893020,3T1I,MdrDBcore02373,V17I,1.492,1.3770856857299805,0.572320818901062,1.1379423141479492
21,2893020,7A12,MdrDBcore02374,E164D,-0.254,-0.21140828728675842,0.572320818901062,1.1379423141479492
21,2893020,7A12,MdrDBcore02375,I208M,0.169,0.23828035593032837,0.572320818901062,1.1379423141479492
21,2893020,7A12,MdrDBcore02376,M184L,-0.544,-0.11969798058271408,0.572320818901062,1.1379423141479492
21,2893020,5JFR,MdrDBcore02377,N386K,-0.56,-0.2535792291164398,0.572320818901062,1.1379423141479492
21,2893020,7A12,MdrDBcore02378,N407S,-0.201,-0.15808242559432983,0.572320818901062,1.1379423141479492
21,2893020,7A12,MdrDBcore02379,P119A,-0.691,0.35540658235549927,0.572320818901062,1.1379423141479492
21,2893020,7A12,MdrDBcore02380,P130L,-1.037,0.12868347764015198,0.572320818901062,1.1379423141479492
21,2893020,5JHU,MdrDBcore02381,R205C,0.054,0.2849901020526886,0.572320818901062,1.1379423141479492
21,2893020,7A12,MdrDBcore02382,V118L,-0.571,0.23517662286758423,0.572320818901062,1.1379423141479492
21,2893020,7A12,MdrDBcore02383,Y320C,-0.283,-0.05872286111116409,0.572320818901062,1.1379423141479492
21,2893020,7B5Q,MdrDBcore02384,D216N,-1.195,-0.06707713752985,0.572320818901062,1.1379423141479492
21,2893020,7B5Q,MdrDBcore02385,I133T,-2.336,-0.21960023045539856,0.572320818901062,1.1379423141479492
21,2893020,7B5Q,MdrDBcore02386,L206S,-1.462,-0.1653079390525818,0.572320818901062,1.1379423141479492
21,2893020,7B5Q,MdrDBcore02387,L271V,2.255,-0.01582196354866028,0.572320818901062,1.1379423141479492
21,2893020,7B5Q,MdrDBcore02388,M196V,-1.469,-0.2454422116279602,0.572320818901062,1.1379423141479492
21,2893020,7B5Q,MdrDBcore02389,M240I,0.335,-0.1544625461101532,0.572320818901062,1.1379423141479492
21,2893020,7B5Q,MdrDBcore02390,R209M,0.366,-0.25742730498313904,0.572320818901062,1.1379423141479492
21,2893020,4BCG,MdrDBcore02391,A239T,0.156,0.21870988607406616,0.572320818901062,1.1379423141479492
21,2893020,3LQ5,MdrDBcore02392,A239T,0.235,0.3461576998233795,0.572320818901062,1.1379423141479492
21,2893020,3LQ5,MdrDBcore02393,A239T,2.913,0.3340553939342499,0.572320818901062,1.1379423141479492
21,2893020,6CYT,MdrDBcore02394,A288T,0.193,0.2600739896297455,0.572320818901062,1.1379423141479492
21,2893020,3LQ5,MdrDBcore02395,A288T,2.925,0.34708720445632935,0.572320818901062,1.1379423141479492
21,2893020,3MI9,MdrDBcore02396,A340T,-0.092,0.08508361876010895,0.572320818901062,1.1379423141479492
21,2893020,3MI9,MdrDBcore02397,A340T,1.471,0.09287942200899124,0.572320818901062,1.1379423141479492
21,2893020,3LQ5,MdrDBcore02398,D290Y,3.885,0.9056092500686646,0.572320818901062,1.1379423141479492
21,2893020,4BCG,MdrDBcore02399,D290Y,-0.007,0.35198912024497986,0.572320818901062,1.1379423141479492
21,2893020,3LQ5,MdrDBcore02400,D290Y,0.668,0.34917980432510376,0.572320818901062,1.1379423141479492
21,2893020,3LQ5,MdrDBcore02401,E9K,1.068,0.6810204982757568,0.572320818901062,1.1379423141479492
21,2893020,6CYT,MdrDBcore02402,E9K,0.127,0.09414553642272949,0.572320818901062,1.1379423141479492
21,2893020,3LQ5,MdrDBcore02403,E9K,2.883,0.342007577419281,0.572320818901062,1.1379423141479492
21,2893020,4BCG,MdrDBcore02404,F30L,-6.459,0.15880027413368225,0.572320818901062,1.1379423141479492
21,2893020,4BCG,MdrDBcore02405,F30L,1.629,0.36270397901535034,0.572320818901062,1.1379423141479492
21,2893020,3LQ5,MdrDBcore02406,F30L,3.213,0.6851806640625,0.572320818901062,1.1379423141479492
21,2893020,3LQ5,MdrDBcore02407,G216R,-0.733,0.3453105390071869,0.572320818901062,1.1379423141479492
21,2893020,3LQ5,MdrDBcore02408,G216R,2.878,0.4112464189529419,0.572320818901062,1.1379423141479492
21,2893020,4BCG,MdrDBcore02409,L165P,9.353,0.27196982502937317,0.572320818901062,1.1379423141479492
21,2893020,3TNI,MdrDBcore02410,L165P,-0.771,-0.7461614608764648,0.572320818901062,1.1379423141479492
21,2893020,4BCG,MdrDBcore02411,L165P,2.65,-0.12740370631217957,0.572320818901062,1.1379423141479492
21,2893020,4BCG,MdrDBcore02412,R184C,1.887,0.14171016216278076,0.572320818901062,1.1379423141479492
21,2893020,3MI9,MdrDBcore02413,R184C,0.472,0.5560795664787292,0.572320818901062,1.1379423141479492
21,2893020,3LQ5,MdrDBcore02414,R184C,0.627,0.363160103559494,0.572320818901062,1.1379423141479492
21,2893020,3LQ5,MdrDBcore02415,S226N,4.531,0.34584715962409973,0.572320818901062,1.1379423141479492
21,2893020,3LQ5,MdrDBcore02416,S226N,-0.169,0.35260477662086487,0.572320818901062,1.1379423141479492
21,2893020,3LQ5,MdrDBcore02417,S226N,0.34,0.2159799039363861,0.572320818901062,1.1379423141479492
21,2893020,6CYT,MdrDBcore02418,Y19H,0.01,0.29980212450027466,0.572320818901062,1.1379423141479492
21,2893020,3LQ5,MdrDBcore02419,Y19H,2.474,0.6629738211631775,0.572320818901062,1.1379423141479492
21,2893020,2EKX,MdrDBcore02420,K59E,-0.359,-0.3989340662956238,0.572320818901062,1.1379423141479492
21,2893020,3SXR,MdrDBcore02421,M464I,0.496,0.5157967805862427,0.572320818901062,1.1379423141479492
21,2893020,3SXS,MdrDBcore02422,N494D,0.108,0.22739392518997192,0.572320818901062,1.1379423141479492
21,2893020,3SXS,MdrDBcore02423,N494D,-0.707,0.3101571202278137,0.572320818901062,1.1379423141479492
21,2893020,3SXS,MdrDBcore02424,R656C,0.609,-0.8867035508155823,0.572320818901062,1.1379423141479492
21,2893020,4HVI,MdrDBcore02425,A1079D,-1.111,-0.13970762491226196,0.572320818901062,1.1379423141479492
21,2893020,7APG,MdrDBcore02426,I991V,0.108,0.18620595335960388,0.572320818901062,1.1379423141479492
21,2893020,1YVJ,MdrDBcore02427,K830M,0.4,0.37755563855171204,0.572320818901062,1.1379423141479492
21,2893020,7APG,MdrDBcore02428,L1017M,-0.23,-0.72771817445755,0.572320818901062,1.1379423141479492
21,2893020,4HVI,MdrDBcore02429,L1073I,-0.26,0.0858335942029953,0.572320818901062,1.1379423141479492
21,2893020,4HVI,MdrDBcore02430,M1097L,0.021,-0.27799683809280396,0.572320818901062,1.1379423141479492
21,2893020,4HVI,MdrDBcore02431,P1045S,0.132,-0.38928139209747314,0.572320818901062,1.1379423141479492
21,2893020,4HVI,MdrDBcore02432,R925S,-0.1,-0.2864389419555664,0.572320818901062,1.1379423141479492
21,2893020,4HVI,MdrDBcore02433,V1016D,0.514,0.23219183087348938,0.572320818901062,1.1379423141479492
21,2893020,4HVI,MdrDBcore02434,V957M,0.933,-0.21258750557899475,0.572320818901062,1.1379423141479492
21,2893020,4HVI,MdrDBcore02435,Y1023H,-0.244,-0.2636469900608063,0.572320818901062,1.1379423141479492
21,2893020,2G1Q,MdrDBcore02436,A133V,-1.43,-0.40114590525627136,0.572320818901062,1.1379423141479492
21,2893020,4B7B,MdrDBcore02437,A133V,-4.205,-2.099785089492798,0.572320818901062,1.1379423141479492
21,2893020,2G1Q,MdrDBcore02438,A133V,-0.486,-0.09878174215555191,0.572320818901062,1.1379423141479492
21,2893020,4AS7,MdrDBcore02439,A282V,1.482,0.5897974967956543,0.572320818901062,1.1379423141479492
21,2893020,6TA3,MdrDBcore02440,A282V,-3.214,-0.4934292137622833,0.572320818901062,1.1379423141479492
21,2893020,6TA3,MdrDBcore02441,G96S,0.023,0.49681171774864197,0.572320818901062,1.1379423141479492
21,2893020,6TA3,MdrDBcore02442,G96S,-4.855,-0.3685736358165741,0.572320818901062,1.1379423141479492
21,2893020,6TA3,MdrDBcore02443,P88Q,-1.873,-0.09974328428506851,0.572320818901062,1.1379423141479492
21,2893020,6TA3,MdrDBcore02444,P88Q,-5.567,-1.1896333694458008,0.572320818901062,1.1379423141479492
21,2893020,6TA3,MdrDBcore02445,R329K,-1.818,-0.6970715522766113,0.572320818901062,1.1379423141479492
21,2893020,6TA3,MdrDBcore02446,R329K,-4.608,-0.4318411648273468,0.572320818901062,1.1379423141479492
21,2893020,4B7B,MdrDBcore02447,S175A,0.318,0.23935207724571228,0.572320818901062,1.1379423141479492
21,2893020,6TA3,MdrDBcore02448,S175A,-2.145,-0.37254148721694946,0.572320818901062,1.1379423141479492
21,2893020,6TA3,MdrDBcore02449,S61T,-3.797,-0.5579414963722229,0.572320818901062,1.1379423141479492
21,2893020,6TA3,MdrDBcore02450,T300S,2.351,1.1894837617874146,0.572320818901062,1.1379423141479492
21,2893020,6TA3,MdrDBcore02451,T300S,-4.484,-0.8054099678993225,0.572320818901062,1.1379423141479492
21,2893020,3C5L,MdrDBcore02452,E568A,0.205,-0.1769421100616455,0.572320818901062,1.1379423141479492
21,2893020,3FC2,MdrDBcore02453,I296V,-0.495,-0.24429479241371155,0.572320818901062,1.1379423141479492
21,2893020,3FC2,MdrDBcore02454,K178A,-0.731,0.015314958989620209,0.572320818901062,1.1379423141479492
21,2893020,3FC2,MdrDBcore02455,L286F,0.892,0.006383471190929413,0.572320818901062,1.1379423141479492
21,2893020,3FC2,MdrDBcore02456,P250H,0.566,0.14199095964431763,0.572320818901062,1.1379423141479492
21,2893020,3FC2,MdrDBcore02457,S107N,2.063,-0.088587187230587,0.572320818901062,1.1379423141479492
21,2893020,3FC2,MdrDBcore02458,S224R,-1.082,-0.0326874703168869,0.572320818901062,1.1379423141479492
21,2893020,3C5L,MdrDBcore02459,S375G,-1.329,-0.950057864189148,0.572320818901062,1.1379423141479492
21,2893020,3C5L,MdrDBcore02460,Y421A,-1.499,-0.44760945439338684,0.572320818901062,1.1379423141479492
21,2893020,4BB4,MdrDBcore02461,A645S,0.79,-0.16348785161972046,0.572320818901062,1.1379423141479492
21,2893020,4BB4,MdrDBcore02462,A725S,-0.133,-0.0017433986067771912,0.572320818901062,1.1379423141479492
21,2893020,4BB4,MdrDBcore02463,A800T,0.583,0.03549607843160629,0.572320818901062,1.1379423141479492
21,2893020,2VWU,MdrDBcore02464,A863S,-0.511,-0.2300601303577423,0.572320818901062,1.1379423141479492
21,2893020,2VWU,MdrDBcore02465,E609Q,0.13,0.10388211905956268,0.572320818901062,1.1379423141479492
21,2893020,4BB4,MdrDBcore02466,I610T,0.433,0.43698999285697937,0.572320818901062,1.1379423141479492
21,2893020,4BB4,MdrDBcore02467,I878V,1.48,0.08019080013036728,0.572320818901062,1.1379423141479492
21,2893020,2BBA,MdrDBcore02468,K162R,-0.567,0.04382636025547981,0.572320818901062,1.1379423141479492
21,2893020,4BB4,MdrDBcore02469,K635N,0.232,0.1989920735359192,0.572320818901062,1.1379423141479492
21,2893020,2BBA,MdrDBcore02470,L21V,-0.295,-0.4128807485103607,0.572320818901062,1.1379423141479492
21,2893020,2BBA,MdrDBcore02471,M185V,0.192,0.08842959254980087,0.572320818901062,1.1379423141479492
21,2893020,2BBA,MdrDBcore02472,P36S,-0.005,0.040749918669462204,0.572320818901062,1.1379423141479492
21,2893020,2BBA,MdrDBcore02473,R105C,-0.145,0.3168472945690155,0.572320818901062,1.1379423141479492
21,2893020,4BB4,MdrDBcore02474,R656Q,0.853,-0.011007480323314667,0.572320818901062,1.1379423141479492
21,2893020,4BB4,MdrDBcore02475,R795Q,-0.058,0.09978044033050537,0.572320818901062,1.1379423141479492
21,2893020,6FNK,MdrDBcore02476,R889G,1.149,-0.258657842874527,0.572320818901062,1.1379423141479492
21,2893020,2QKQ,MdrDBcore02477,R917Q,0.197,-0.2898319959640503,0.572320818901062,1.1379423141479492
21,2893020,2QKQ,MdrDBcore02478,R923G,-0.122,-0.6852807402610779,0.572320818901062,1.1379423141479492
21,2893020,4BB4,MdrDBcore02479,S825N,-1.453,-0.5730448961257935,0.572320818901062,1.1379423141479492
21,2893020,4BB4,MdrDBcore02480,S848F,-0.034,0.12796016037464142,0.572320818901062,1.1379423141479492
21,2893020,2BBA,MdrDBcore02481,T140M,0.492,0.31191059947013855,0.572320818901062,1.1379423141479492
21,2893020,4BB4,MdrDBcore02482,V718L,1.653,-0.06548479944467545,0.572320818901062,1.1379423141479492
21,2893020,2BBA,MdrDBcore02483,V84I,-0.396,-0.010968424379825592,0.572320818901062,1.1379423141479492
21,2893020,2VSL,MdrDBcore02484,A321G,1.593,0.026552200317382812,0.572320818901062,1.1379423141479492
21,2893020,1I3O,MdrDBcore02485,P155T,1.268,-0.17827704548835754,0.572320818901062,1.1379423141479492
21,2893020,2VSL,MdrDBcore02486,P325Q,1.069,0.7213837504386902,0.572320818901062,1.1379423141479492
21,2893020,5O6T,MdrDBcore02487,R443C,1.126,0.5879724621772766,0.572320818901062,1.1379423141479492
21,2893020,5O6T,MdrDBcore02488,T437I,1.887,-0.15627649426460266,0.572320818901062,1.1379423141479492
21,2893020,2RUH,MdrDBcore02489,D52N,2.049,1.0658079385757446,0.572320818901062,1.1379423141479492
21,2893020,6MWE,MdrDBcore02490,A1006T,1.208,-0.712745189666748,0.572320818901062,1.1379423141479492
21,2893020,4K0V,MdrDBcore02491,A226V,1.161,0.9443356394767761,0.572320818901062,1.1379423141479492
21,2893020,5MYB,MdrDBcore02492,A615T,1.567,1.285032868385315,0.572320818901062,1.1379423141479492
21,2893020,5MYB,MdrDBcore02493,A724T,0.855,1.517360806465149,0.572320818901062,1.1379423141479492
21,2893020,6MWE,MdrDBcore02494,A905T,1.09,0.8662459850311279,0.572320818901062,1.1379423141479492
21,2893020,6MWE,MdrDBcore02495,D823E,0.985,0.7562954425811768,0.572320818901062,1.1379423141479492
21,2893020,6MWE,MdrDBcore02496,D982N,0.245,0.7538743019104004,0.572320818901062,1.1379423141479492
21,2893020,6MWE,MdrDBcore02497,F1111C,0.665,0.8294147849082947,0.572320818901062,1.1379423141479492
21,2893020,4K0V,MdrDBcore02498,G136R,1.117,0.4324050843715668,0.572320818901062,1.1379423141479492
21,2893020,4K0V,MdrDBcore02499,G217V,0.956,1.090881586074829,0.572320818901062,1.1379423141479492
21,2893020,4K0V,MdrDBcore02500,G344D,1.184,0.9822763204574585,0.572320818901062,1.1379423141479492
21,2893020,4K0V,MdrDBcore02501,I148T,0.861,0.23261502385139465,0.572320818901062,1.1379423141479492
21,2893020,5MYA,MdrDBcore02502,I463V,1.443,0.08326324820518494,0.572320818901062,1.1379423141479492
21,2893020,4K0V,MdrDBcore02503,K117N,1.217,1.181226372718811,0.572320818901062,1.1379423141479492
21,2893020,5MYB,MdrDBcore02504,K646R,0.108,1.5123827457427979,0.572320818901062,1.1379423141479492
21,2893020,2GY5,MdrDBcore02505,L206M,0.284,-0.22839662432670593,0.572320818901062,1.1379423141479492
21,2893020,5MYB,MdrDBcore02506,L634F,1.665,1.5678597688674927,0.572320818901062,1.1379423141479492
21,2893020,6MWE,MdrDBcore02507,N1104D,1.622,1.107283592224121,0.572320818901062,1.1379423141479492
21,2893020,5UTK,MdrDBcore02508,N449S,0.566,0.2459002435207367,0.572320818901062,1.1379423141479492
21,2893020,4K0V,MdrDBcore02509,P282S,1.607,0.6247521638870239,0.572320818901062,1.1379423141479492
21,2893020,4K0V,MdrDBcore02510,P304L,0.562,0.4508351683616638,0.572320818901062,1.1379423141479492
21,2893020,5MYA,MdrDBcore02511,P469A,0.752,0.6068518161773682,0.572320818901062,1.1379423141479492
21,2893020,6MWE,MdrDBcore02512,P906A,1.209,-0.5943145155906677,0.572320818901062,1.1379423141479492
21,2893020,5MYB,MdrDBcore02513,Q696H,1.001,1.4838608503341675,0.572320818901062,1.1379423141479492
21,2893020,6MWE,MdrDBcore02514,R1076Q,0.517,0.681657075881958,0.572320818901062,1.1379423141479492
21,2893020,4K0V,MdrDBcore02515,R50C,0.854,1.0603066682815552,0.572320818901062,1.1379423141479492
21,2893020,4K0V,MdrDBcore02516,R50H,0.973,0.7235974073410034,0.572320818901062,1.1379423141479492
21,2893020,6MWE,MdrDBcore02517,S1091P,0.991,0.8270187377929688,0.572320818901062,1.1379423141479492
21,2893020,6MWE,MdrDBcore02518,T1105I,0.602,-0.6891266703605652,0.572320818901062,1.1379423141479492
21,2893020,4K0V,MdrDBcore02519,T391I,0.557,0.573225736618042,0.572320818901062,1.1379423141479492
21,2893020,5MYB,MdrDBcore02520,T557N,1.304,1.5608586072921753,0.572320818901062,1.1379423141479492
21,2893020,5MYB,MdrDBcore02521,T693S,1.446,1.4903639554977417,0.572320818901062,1.1379423141479492
21,2893020,3BEA,MdrDBcore02522,T761I,1.019,0.677659809589386,0.572320818901062,1.1379423141479492
21,2893020,4K0V,MdrDBcore02523,V146L,1.541,0.6232169270515442,0.572320818901062,1.1379423141479492
21,2893020,5MYA,MdrDBcore02524,V453M,1.461,0.44562655687332153,0.572320818901062,1.1379423141479492
21,2893020,6MWE,MdrDBcore02525,W1022G,1.72,0.5449979305267334,0.572320818901062,1.1379423141479492
21,2893020,5U9D,MdrDBcore02526,C464F,-0.311,0.24528080224990845,0.572320818901062,1.1379423141479492
21,2893020,5U9D,MdrDBcore02527,C464F,-0.094,-0.3427450954914093,0.572320818901062,1.1379423141479492
21,2893020,5U9D,MdrDBcore02528,D549A,-0.897,-0.6050999164581299,0.572320818901062,1.1379423141479492
21,2893020,5U9D,MdrDBcore02529,D549A,-0.012,-0.09630174189805984,0.572320818901062,1.1379423141479492
21,2893020,5U9D,MdrDBcore02530,D549A,0.017,-0.3386459946632385,0.572320818901062,1.1379423141479492
21,2893020,5U9D,MdrDBcore02531,E439A,0.268,-0.4597499668598175,0.572320818901062,1.1379423141479492
21,2893020,5U9D,MdrDBcore02532,E439A,0.004,-0.40747880935668945,0.572320818901062,1.1379423141479492
21,2893020,5U9D,MdrDBcore02533,E439A,-0.348,-0.3430255353450775,0.572320818901062,1.1379423141479492
21,2893020,5U9D,MdrDBcore02534,E589D,0.232,-0.6128877401351929,0.572320818901062,1.1379423141479492
21,2893020,5U9D,MdrDBcore02535,E589D,0.214,-0.14370086789131165,0.572320818901062,1.1379423141479492
21,2893020,5U9D,MdrDBcore02536,E589D,1.263,-0.2912769913673401,0.572320818901062,1.1379423141479492
21,2893020,6YYG,MdrDBcore02537,G47R,-1.231,-0.7092455625534058,0.572320818901062,1.1379423141479492
21,2893020,6YYG,MdrDBcore02538,G47R,0.627,-0.0034536048769950867,0.572320818901062,1.1379423141479492
21,2893020,6YYG,MdrDBcore02539,G47R,-0.126,0.24808841943740845,0.572320818901062,1.1379423141479492
21,2893020,6YYG,MdrDBcore02540,H143Y,1.056,1.1822675466537476,0.572320818901062,1.1379423141479492
21,2893020,6YYG,MdrDBcore02541,H143Y,-0.275,0.3384569585323334,0.572320818901062,1.1379423141479492
21,2893020,6YYG,MdrDBcore02542,I132N,-0.234,-0.13966065645217896,0.572320818901062,1.1379423141479492
21,2893020,6YYG,MdrDBcore02543,I132N,0.187,-0.3310015797615051,0.572320818901062,1.1379423141479492
21,2893020,6YYG,MdrDBcore02544,I132N,0.465,0.18482431769371033,0.572320818901062,1.1379423141479492
21,2893020,5U9D,MdrDBcore02545,I470S,-1.432,-0.5196795463562012,0.572320818901062,1.1379423141479492
21,2893020,5U9D,MdrDBcore02546,I470S,0.16,0.3650991916656494,0.572320818901062,1.1379423141479492
21,2893020,5U9D,MdrDBcore02547,I470S,-1.104,-0.3104545772075653,0.572320818901062,1.1379423141479492
21,2893020,6YYG,MdrDBcore02548,K26N,-0.705,-0.9699777364730835,0.572320818901062,1.1379423141479492
21,2893020,6YYG,MdrDBcore02549,K26N,0.087,0.24461257457733154,0.572320818901062,1.1379423141479492
21,2893020,6YYG,MdrDBcore02550,K26N,-0.132,0.18045476078987122,0.572320818901062,1.1379423141479492
21,2893020,5U9D,MdrDBcore02551,K503R,-2.938,-0.6214103102684021,0.572320818901062,1.1379423141479492
21,2893020,5U9D,MdrDBcore02552,K503R,-0.522,-0.13210207223892212,0.572320818901062,1.1379423141479492
21,2893020,5U9D,MdrDBcore02553,K503R,0.081,-0.34293967485427856,0.572320818901062,1.1379423141479492
21,2893020,6TSE,MdrDBcore02554,K60N,-0.109,-0.0505438968539238,0.572320818901062,1.1379423141479492
21,2893020,6TSE,MdrDBcore02555,K60N,0.286,-0.9930993318557739,0.572320818901062,1.1379423141479492
21,2893020,6TSE,MdrDBcore02556,K60N,0.085,0.7083733081817627,0.572320818901062,1.1379423141479492
21,2893020,6YYG,MdrDBcore02557,L29M,0.417,0.029148951172828674,0.572320818901062,1.1379423141479492
21,2893020,6YYG,MdrDBcore02558,L29M,1.204,0.31804972887039185,0.572320818901062,1.1379423141479492
21,2893020,5U9D,MdrDBcore02559,M489I,-0.701,-0.4693818986415863,0.572320818901062,1.1379423141479492
21,2893020,5U9D,MdrDBcore02560,M489I,0.882,-0.34638795256614685,0.572320818901062,1.1379423141479492
21,2893020,6BKH,MdrDBcore02561,M523I,0.56,0.35448023676872253,0.572320818901062,1.1379423141479492
21,2893020,5U9D,MdrDBcore02562,M596L,-0.517,-0.32470884919166565,0.572320818901062,1.1379423141479492
21,2893020,5U9D,MdrDBcore02563,M596L,-0.969,-0.14949741959571838,0.572320818901062,1.1379423141479492
21,2893020,5U9D,MdrDBcore02564,M596L,-1.462,-0.3877578675746918,0.572320818901062,1.1379423141479492
21,2893020,6BKH,MdrDBcore02565,M630L,0.078,0.417298287153244,0.572320818901062,1.1379423141479492
21,2893020,6BKH,MdrDBcore02566,M630L,-0.769,0.585115373134613,0.572320818901062,1.1379423141479492
21,2893020,6BKH,MdrDBcore02567,M630L,-1.245,0.25017809867858887,0.572320818901062,1.1379423141479492
21,2893020,5U9D,MdrDBcore02568,P566L,-0.603,-0.3611026108264923,0.572320818901062,1.1379423141479492
21,2893020,5U9D,MdrDBcore02569,P566L,-0.608,-0.3251285254955292,0.572320818901062,1.1379423141479492
21,2893020,6YYG,MdrDBcore02570,P74L,-0.088,-0.302782267332077,0.572320818901062,1.1379423141479492
21,2893020,6YYG,MdrDBcore02571,P74L,1.93,-0.012487843632698059,0.572320818901062,1.1379423141479492
21,2893020,6HTF,MdrDBcore02572,Q290L,0.286,-0.26547491550445557,0.572320818901062,1.1379423141479492
21,2893020,6HTF,MdrDBcore02573,Q290L,-0.376,-0.6175287961959839,0.572320818901062,1.1379423141479492
21,2893020,6HTF,MdrDBcore02574,Q290L,-1.525,-0.3874056935310364,0.572320818901062,1.1379423141479492
21,2893020,6HTF,MdrDBcore02575,Q324L,-2.267,0.09400692582130432,0.572320818901062,1.1379423141479492
21,2893020,6HTF,MdrDBcore02576,Q379A,-0.11,-0.56352698802948,0.572320818901062,1.1379423141479492
21,2893020,6HTF,MdrDBcore02577,Q379A,-0.581,-0.07055889815092087,0.572320818901062,1.1379423141479492
21,2893020,6YYG,MdrDBcore02578,R46H,-2.973,-1.501537799835205,0.572320818901062,1.1379423141479492
21,2893020,1BTK,MdrDBcore02579,R82K,-1.792,-0.4706815779209137,0.572320818901062,1.1379423141479492
21,2893020,1BTK,MdrDBcore02580,R82K,-1.028,-0.08981326967477798,0.572320818901062,1.1379423141479492
21,2893020,1BTK,MdrDBcore02581,R82K,-0.046,-0.21920597553253174,0.572320818901062,1.1379423141479492
21,2893020,5U9D,MdrDBcore02582,T495S,0.266,-0.6290315389633179,0.572320818901062,1.1379423141479492
21,2893020,5U9D,MdrDBcore02583,T495S,0.076,-0.3422338366508484,0.572320818901062,1.1379423141479492
21,2893020,5U9D,MdrDBcore02584,T495S,-1.916,-0.31417202949523926,0.572320818901062,1.1379423141479492
21,2893020,6YYG,MdrDBcore02585,V105L,-0.448,-0.3601527810096741,0.572320818901062,1.1379423141479492
21,2893020,6YYG,MdrDBcore02586,V105L,1.7,0.1312638521194458,0.572320818901062,1.1379423141479492
21,2893020,6YYG,MdrDBcore02587,V113I,-2.071,-0.689254105091095,0.572320818901062,1.1379423141479492
21,2893020,6YYG,MdrDBcore02588,V113I,0.244,-0.3263337016105652,0.572320818901062,1.1379423141479492
21,2893020,6YYG,MdrDBcore02589,V113I,0.377,0.36352524161338806,0.572320818901062,1.1379423141479492
21,2893020,6TSE,MdrDBcore02590,V139L,-0.248,0.04534265398979187,0.572320818901062,1.1379423141479492
21,2893020,6TSE,MdrDBcore02591,V139L,1.917,0.806233286857605,0.572320818901062,1.1379423141479492
21,2893020,5U9D,MdrDBcore02592,V427M,-2.653,-0.5617756247520447,0.572320818901062,1.1379423141479492
21,2893020,5U9D,MdrDBcore02593,V427M,-0.281,0.18270719051361084,0.572320818901062,1.1379423141479492
21,2893020,5U9D,MdrDBcore02594,V427M,0.086,-0.35165345668792725,0.572320818901062,1.1379423141479492
21,2893020,5U9D,MdrDBcore02595,W588C,-0.308,-0.3320154845714569,0.572320818901062,1.1379423141479492
21,2893020,5U9D,MdrDBcore02596,W588C,-1.204,-0.3073769211769104,0.572320818901062,1.1379423141479492
21,2893020,6HTF,MdrDBcore02597,Y361C,0.633,-0.1295469105243683,0.572320818901062,1.1379423141479492
21,2893020,6HTF,MdrDBcore02598,Y361C,0.46,-0.36385536193847656,0.572320818901062,1.1379423141479492
21,2893020,4BDU,MdrDBcore02599,A213V,1.244,0.38535842299461365,0.572320818901062,1.1379423141479492
21,2893020,4BDU,MdrDBcore02600,D208E,1.288,0.6194612979888916,0.572320818901062,1.1379423141479492
21,2893020,1F16,MdrDBcore02601,E75K,1.155,0.6200495958328247,0.572320818901062,1.1379423141479492
21,2893020,4BDU,MdrDBcore02602,F214L,1.385,0.08169305324554443,0.572320818901062,1.1379423141479492
21,2893020,1F16,MdrDBcore02603,G108V,1.373,0.24000334739685059,0.572320818901062,1.1379423141479492
21,2893020,1F16,MdrDBcore02604,G11E,1.093,0.384925901889801,0.572320818901062,1.1379423141479492
21,2893020,1F16,MdrDBcore02605,G39A,1.301,0.5113310813903809,0.572320818901062,1.1379423141479492
21,2893020,1F16,MdrDBcore02606,G67R,1.74,0.0002398267388343811,0.572320818901062,1.1379423141479492
21,2893020,1F16,MdrDBcore02607,I136L,1.611,0.4576752781867981,0.572320818901062,1.1379423141479492
21,2893020,1F16,MdrDBcore02608,I31T,1.834,0.3246471881866455,0.572320818901062,1.1379423141479492
21,2893020,1F16,MdrDBcore02609,L144I,1.706,1.8381421566009521,0.572320818901062,1.1379423141479492
21,2893020,1F16,MdrDBcore02610,P130L,1.446,0.44284093379974365,0.572320818901062,1.1379423141479492
21,2893020,1F16,MdrDBcore02611,P88S,0.944,0.579114556312561,0.572320818901062,1.1379423141479492
21,2893020,1F16,MdrDBcore02612,Q32P,0.34,1.2398085594177246,0.572320818901062,1.1379423141479492
21,2893020,4BDU,MdrDBcore02613,R195T,1.04,0.16362982988357544,0.572320818901062,1.1379423141479492
21,2893020,1F16,MdrDBcore02614,R78M,1.243,0.45547789335250854,0.572320818901062,1.1379423141479492
21,2893020,1F16,MdrDBcore02615,V83M,1.382,0.3705323040485382,0.572320818901062,1.1379423141479492
21,2893020,6UDT,MdrDBcore02616,A193T,-1.212,-0.7832732200622559,0.572320818901062,1.1379423141479492
21,2893020,6UDT,MdrDBcore02617,A193T,0.658,0.28211110830307007,0.572320818901062,1.1379423141479492
21,2893020,6OVC,MdrDBcore02618,D72G,0.189,0.3078112304210663,0.572320818901062,1.1379423141479492
21,2893020,6OVC,MdrDBcore02619,D72G,-1.578,-0.18486911058425903,0.572320818901062,1.1379423141479492
21,2893020,6OVC,MdrDBcore02620,D72G,0.302,-0.14115729928016663,0.572320818901062,1.1379423141479492
21,2893020,6UDT,MdrDBcore02621,E322Q,0.154,-0.7645885944366455,0.572320818901062,1.1379423141479492
21,2893020,6UDT,MdrDBcore02622,E322Q,-1.442,0.17044636607170105,0.572320818901062,1.1379423141479492
21,2893020,6UDT,MdrDBcore02623,E322Q,-0.063,-0.3081516623497009,0.572320818901062,1.1379423141479492
21,2893020,6UDT,MdrDBcore02624,M231L,2.132,0.9335922598838806,0.572320818901062,1.1379423141479492
21,2893020,6UDT,MdrDBcore02625,M231L,-0.795,-0.07610789686441422,0.572320818901062,1.1379423141479492
21,2893020,6UDT,MdrDBcore02626,M231L,-0.411,0.40276750922203064,0.572320818901062,1.1379423141479492
21,2893020,6UDT,MdrDBcore02627,N260S,0.389,0.26172664761543274,0.572320818901062,1.1379423141479492
21,2893020,6UDT,MdrDBcore02628,R215G,-0.152,-0.5178579092025757,0.572320818901062,1.1379423141479492
21,2893020,6UDT,MdrDBcore02629,R215G,-0.633,0.2820690870285034,0.572320818901062,1.1379423141479492
21,2893020,6UDT,MdrDBcore02630,R215G,-0.098,-0.31512731313705444,0.572320818901062,1.1379423141479492
21,2893020,6UDT,MdrDBcore02631,R263K,-0.008,0.24821776151657104,0.572320818901062,1.1379423141479492
21,2893020,6UDT,MdrDBcore02632,S247F,1.466,-0.5084808468818665,0.572320818901062,1.1379423141479492
21,2893020,6UDT,MdrDBcore02633,S247F,1.16,0.28518274426460266,0.572320818901062,1.1379423141479492
21,2893020,6UDT,MdrDBcore02634,S247F,-0.298,-0.2950163185596466,0.572320818901062,1.1379423141479492
21,2893020,4AG4,MdrDBcore02635,A196S,0.528,0.004087015986442566,0.572320818901062,1.1379423141479492
21,2893020,4AG4,MdrDBcore02636,A353V,0.818,-0.01192193478345871,0.572320818901062,1.1379423141479492
21,2893020,4AG4,MdrDBcore02637,A59G,-0.554,-0.8646376729011536,0.572320818901062,1.1379423141479492
21,2893020,6FEX,MdrDBcore02638,D630E,-0.095,0.15528714656829834,0.572320818901062,1.1379423141479492
21,2893020,4AG4,MdrDBcore02639,F241L,0.06,0.40794187784194946,0.572320818901062,1.1379423141479492
21,2893020,4AG4,MdrDBcore02640,M311V,0.216,-0.4668634831905365,0.572320818901062,1.1379423141479492
21,2893020,4AG4,MdrDBcore02641,R135C,-1.11,-0.5667679309844971,0.572320818901062,1.1379423141479492
21,2893020,4AG4,MdrDBcore02642,R172W,0.25,-0.5615110397338867,0.572320818901062,1.1379423141479492
21,2893020,4AG4,MdrDBcore02643,R276Q,0.243,-0.7966786026954651,0.572320818901062,1.1379423141479492
21,2893020,4AG4,MdrDBcore02644,R307H,0.498,-0.18333092331886292,0.572320818901062,1.1379423141479492
21,2893020,4AG4,MdrDBcore02645,R319C,-1.029,-0.4206991493701935,0.572320818901062,1.1379423141479492
21,2893020,4AG4,MdrDBcore02646,R349C,0.82,0.15084005892276764,0.572320818901062,1.1379423141479492
21,2893020,4AG4,MdrDBcore02647,R60C,-0.33,-0.30344972014427185,0.572320818901062,1.1379423141479492
21,2893020,6BRJ,MdrDBcore02648,R761C,0.627,0.22571495175361633,0.572320818901062,1.1379423141479492
21,2893020,4AG4,MdrDBcore02649,S360R,-1.678,-0.4850863516330719,0.572320818901062,1.1379423141479492
21,2893020,4AG4,MdrDBcore02650,T292M,0.565,-0.2857845723628998,0.572320818901062,1.1379423141479492
21,2893020,4AG4,MdrDBcore02651,V100A,0.636,0.03979787975549698,0.572320818901062,1.1379423141479492
21,2893020,4AG4,MdrDBcore02652,W187C,0.186,-0.12593278288841248,0.572320818901062,1.1379423141479492
21,2893020,3QGY,MdrDBcore02653,K385N,0.853,1.1581428050994873,0.572320818901062,1.1379423141479492
21,2893020,3MJ2,MdrDBcore02654,L508M,1.118,0.2612454295158386,0.572320818901062,1.1379423141479492
21,2893020,3QGY,MdrDBcore02655,M438L,0.04,0.25169071555137634,0.572320818901062,1.1379423141479492
21,2893020,3QGY,MdrDBcore02656,P558T,-0.802,-0.0007826909422874451,0.572320818901062,1.1379423141479492
21,2893020,4HCU,MdrDBcore02657,R394Q,0.768,0.19072458148002625,0.572320818901062,1.1379423141479492
21,2893020,3QGY,MdrDBcore02658,R610H,-0.279,0.5457054376602173,0.572320818901062,1.1379423141479492
21,2893020,6B16,MdrDBcore02659,D505G,1.166,0.6154482960700989,0.572320818901062,1.1379423141479492
21,2893020,6B16,MdrDBcore02660,G364V,1.665,0.6152814626693726,0.572320818901062,1.1379423141479492
21,2893020,6B16,MdrDBcore02661,R371C,0.72,0.6266912221908569,0.572320818901062,1.1379423141479492
21,2893020,6B16,MdrDBcore02662,S259N,2.228,0.6201590895652771,0.572320818901062,1.1379423141479492
21,2893020,6B16,MdrDBcore02663,S382L,0.546,0.6191695928573608,0.572320818901062,1.1379423141479492
21,2893020,6B16,MdrDBcore02664,T406A,2.328,0.1448344588279724,0.572320818901062,1.1379423141479492
21,2893020,6B16,MdrDBcore02665,V403A,1.274,0.6270809173583984,0.572320818901062,1.1379423141479492
21,2893020,5BYZ,MdrDBcore02666,D364E,0.649,0.4274822175502777,0.572320818901062,1.1379423141479492
21,2893020,5BYZ,MdrDBcore02667,D387Y,1.262,0.2781081199645996,0.572320818901062,1.1379423141479492
21,2893020,5BYZ,MdrDBcore02668,K104N,0.611,0.36755603551864624,0.572320818901062,1.1379423141479492
21,2893020,4ZSL,MdrDBcore02669,P361L,1.395,0.31339552998542786,0.572320818901062,1.1379423141479492
21,2893020,5BYZ,MdrDBcore02670,R318H,-0.87,-0.2438657283782959,0.572320818901062,1.1379423141479492
21,2893020,5BYZ,MdrDBcore02671,R392C,0.158,0.4481803774833679,0.572320818901062,1.1379423141479492
21,2893020,5BYZ,MdrDBcore02672,S247F,1.071,-0.02274394780397415,0.572320818901062,1.1379423141479492
21,2893020,5NP0,MdrDBcore02673,A1090T,1.093,0.2797020971775055,0.572320818901062,1.1379423141479492
21,2893020,5NP0,MdrDBcore02674,A1090T,0.801,1.0982877016067505,0.572320818901062,1.1379423141479492
21,2893020,5NP0,MdrDBcore02675,A1090T,0.613,0.24124887585639954,0.572320818901062,1.1379423141479492
21,2893020,5NP0,MdrDBcore02676,A1127V,0.85,-0.15311872959136963,0.572320818901062,1.1379423141479492
21,2893020,5NP0,MdrDBcore02677,A1127V,1.404,0.6854754686355591,0.572320818901062,1.1379423141479492
21,2893020,6K9L,MdrDBcore02678,A1127V,0.818,0.44740888476371765,0.572320818901062,1.1379423141479492
21,2893020,6K9K,MdrDBcore02679,A1309T,-0.629,-0.22871443629264832,0.572320818901062,1.1379423141479492
21,2893020,5NP0,MdrDBcore02680,A1309T,0.06,1.7430388927459717,0.572320818901062,1.1379423141479492
21,2893020,5NP0,MdrDBcore02681,A1309T,0.213,0.5954633951187134,0.572320818901062,1.1379423141479492
21,2893020,6K9L,MdrDBcore02682,A1670V,1.657,1.2007778882980347,0.572320818901062,1.1379423141479492
21,2893020,6K9K,MdrDBcore02683,A2635G,1.528,0.8317232728004456,0.572320818901062,1.1379423141479492
21,2893020,6K9K,MdrDBcore02684,A2688V,0.937,0.4619978368282318,0.572320818901062,1.1379423141479492
21,2893020,6K9K,MdrDBcore02685,A2688V,1.579,1.0907588005065918,0.572320818901062,1.1379423141479492
21,2893020,5NP1,MdrDBcore02686,A2843V,2.515,1.0628877878189087,0.572320818901062,1.1379423141479492
21,2893020,5NP0,MdrDBcore02687,A2843V,1.796,1.1254864931106567,0.572320818901062,1.1379423141479492
21,2893020,6K9K,MdrDBcore02688,A2843V,1.098,0.5619210600852966,0.572320818901062,1.1379423141479492
21,2893020,6K9L,MdrDBcore02689,C1482R,1.059,0.8607238531112671,0.572320818901062,1.1379423141479492
21,2893020,5NP0,MdrDBcore02690,C1482R,0.948,0.545150637626648,0.572320818901062,1.1379423141479492
21,2893020,5NP0,MdrDBcore02691,C1726F,0.987,1.1477128267288208,0.572320818901062,1.1379423141479492
21,2893020,7NI6,MdrDBcore02692,C2464R,0.523,0.7390870451927185,0.572320818901062,1.1379423141479492
21,2893020,7NI6,MdrDBcore02693,C2464R,0.031,0.12978290021419525,0.572320818901062,1.1379423141479492
21,2893020,7NI6,MdrDBcore02694,C2464R,0.51,-0.3939147889614105,0.572320818901062,1.1379423141479492
21,2893020,5NP0,MdrDBcore02695,D130Y,2.065,1.617565393447876,0.572320818901062,1.1379423141479492
21,2893020,5NP1,MdrDBcore02696,D130Y,1.47,1.4871314764022827,0.572320818901062,1.1379423141479492
21,2893020,5NP0,MdrDBcore02697,D1725H,1.117,0.3803856670856476,0.572320818901062,1.1379423141479492
21,2893020,5NP1,MdrDBcore02698,D1725H,2.269,1.5666966438293457,0.572320818901062,1.1379423141479492
21,2893020,5NP0,MdrDBcore02699,D1853V,0.083,-0.2387637197971344,0.572320818901062,1.1379423141479492
21,2893020,5NP0,MdrDBcore02700,D1853V,1.081,0.9177102446556091,0.572320818901062,1.1379423141479492
21,2893020,5NP0,MdrDBcore02701,D1853V,0.75,-0.5314327478408813,0.572320818901062,1.1379423141479492
21,2893020,6K9K,MdrDBcore02702,D351N,1.515,1.2513853311538696,0.572320818901062,1.1379423141479492
21,2893020,5NP0,MdrDBcore02703,D351N,1.13,0.7236382961273193,0.572320818901062,1.1379423141479492
21,2893020,7NI5,MdrDBcore02704,D479A,0.092,0.010415531694889069,0.572320818901062,1.1379423141479492
21,2893020,7NI5,MdrDBcore02705,D814E,0.033,0.4805907607078552,0.572320818901062,1.1379423141479492
21,2893020,7NI5,MdrDBcore02706,D814E,0.369,0.15394315123558044,0.572320818901062,1.1379423141479492
21,2893020,7NI5,MdrDBcore02707,D814E,0.034,0.023455746471881866,0.572320818901062,1.1379423141479492
21,2893020,5NP0,MdrDBcore02708,E1533G,1.765,0.9734634757041931,0.572320818901062,1.1379423141479492
21,2893020,6K9K,MdrDBcore02709,E1533G,2.37,0.7221970558166504,0.572320818901062,1.1379423141479492
21,2893020,5NP1,MdrDBcore02710,E1856Q,1.655,1.1554982662200928,0.572320818901062,1.1379423141479492
21,2893020,5NP0,MdrDBcore02711,E1856Q,1.568,-0.17081531882286072,0.572320818901062,1.1379423141479492
21,2893020,5NP1,MdrDBcore02712,E2351G,1.299,0.35059618949890137,0.572320818901062,1.1379423141479492
21,2893020,5NP0,MdrDBcore02713,E2351G,1.074,1.2338356971740723,0.572320818901062,1.1379423141479492
21,2893020,6K9L,MdrDBcore02714,E2351G,1.118,0.3718965947628021,0.572320818901062,1.1379423141479492
21,2893020,5NP0,MdrDBcore02715,E2468K,2.034,1.3881644010543823,0.572320818901062,1.1379423141479492
21,2893020,5NP1,MdrDBcore02716,E2468K,1.781,0.18925336003303528,0.572320818901062,1.1379423141479492
21,2893020,5NP0,MdrDBcore02717,E347K,0.796,1.0814403295516968,0.572320818901062,1.1379423141479492
21,2893020,5NP1,MdrDBcore02718,E347K,0.865,0.5865945816040039,0.572320818901062,1.1379423141479492
21,2893020,5NP0,MdrDBcore02719,E586D,1.046,1.2084319591522217,0.572320818901062,1.1379423141479492
21,2893020,5NP0,MdrDBcore02720,E586D,1.294,1.0722273588180542,0.572320818901062,1.1379423141479492
21,2893020,5NP1,MdrDBcore02721,E632Q,0.798,-0.7386540174484253,0.572320818901062,1.1379423141479492
21,2893020,5NP0,MdrDBcore02722,E632Q,0.88,0.8101133108139038,0.572320818901062,1.1379423141479492
21,2893020,5NP1,MdrDBcore02723,E632Q,0.699,0.8481975793838501,0.572320818901062,1.1379423141479492
21,2893020,5NP1,MdrDBcore02724,F1896L,-0.721,0.44663381576538086,0.572320818901062,1.1379423141479492
21,2893020,5NP0,MdrDBcore02725,F1896L,0.103,0.11574271321296692,0.572320818901062,1.1379423141479492
21,2893020,5NP1,MdrDBcore02726,F1896L,-0.426,1.315584421157837,0.572320818901062,1.1379423141479492
21,2893020,7NI6,MdrDBcore02727,F2265L,-0.319,-0.15915697813034058,0.572320818901062,1.1379423141479492
21,2893020,7NI6,MdrDBcore02728,F2265L,0.522,0.6932626366615295,0.572320818901062,1.1379423141479492
21,2893020,7NI5,MdrDBcore02729,F2265L,-0.811,0.054020170122385025,0.572320818901062,1.1379423141479492
21,2893020,5NP1,MdrDBcore02730,G2022V,1.218,0.9276250600814819,0.572320818901062,1.1379423141479492
21,2893020,6K9L,MdrDBcore02731,G2022V,1.688,0.8123257160186768,0.572320818901062,1.1379423141479492
21,2893020,6K9L,MdrDBcore02732,G2917R,1.869,1.1033586263656616,0.572320818901062,1.1379423141479492
21,2893020,5NP0,MdrDBcore02733,G2917R,1.204,1.2236334085464478,0.572320818901062,1.1379423141479492
21,2893020,5NP0,MdrDBcore02734,G506C,1.491,0.759320855140686,0.572320818901062,1.1379423141479492
21,2893020,6K9L,MdrDBcore02735,G506C,1.582,1.5090234279632568,0.572320818901062,1.1379423141479492
21,2893020,5NP0,MdrDBcore02736,G506C,1.131,0.25370684266090393,0.572320818901062,1.1379423141479492
21,2893020,6K9L,MdrDBcore02737,H1083Y,-0.675,-0.05835231393575668,0.572320818901062,1.1379423141479492
21,2893020,6K9K,MdrDBcore02738,H1380Y,-0.004,0.5546881556510925,0.572320818901062,1.1379423141479492
21,2893020,5NP0,MdrDBcore02739,H1380Y,0.735,1.0724834203720093,0.572320818901062,1.1379423141479492
21,2893020,5NP0,MdrDBcore02740,H1876Q,-0.369,0.31155040860176086,0.572320818901062,1.1379423141479492
21,2893020,5NP0,MdrDBcore02741,H1876Q,0.326,0.6973191499710083,0.572320818901062,1.1379423141479492
21,2893020,5NP0,MdrDBcore02742,H448R,1.96,1.1043893098831177,0.572320818901062,1.1379423141479492
21,2893020,5NP1,MdrDBcore02743,H448R,1.566,1.0337954759597778,0.572320818901062,1.1379423141479492
21,2893020,5NP0,MdrDBcore02744,H683R,1.726,1.0681275129318237,0.572320818901062,1.1379423141479492
21,2893020,5NP0,MdrDBcore02745,H683R,1.593,0.18047186732292175,0.572320818901062,1.1379423141479492
21,2893020,6K9K,MdrDBcore02746,I1453T,1.358,0.07474763691425323,0.572320818901062,1.1379423141479492
21,2893020,5NP0,MdrDBcore02747,I1688T,1.442,0.9980258941650391,0.572320818901062,1.1379423141479492
21,2893020,5NP1,MdrDBcore02748,I1688T,1.174,0.4072640836238861,0.572320818901062,1.1379423141479492
21,2893020,6K9L,MdrDBcore02749,I2920N,2.125,0.6196473836898804,0.572320818901062,1.1379423141479492
21,2893020,5NP0,MdrDBcore02750,K1572T,-0.429,0.16771113872528076,0.572320818901062,1.1379423141479492
21,2893020,6K9L,MdrDBcore02751,K1572T,0.666,0.6158826947212219,0.572320818901062,1.1379423141479492
21,2893020,6K9L,MdrDBcore02752,K1964E,1.556,1.9506604671478271,0.572320818901062,1.1379423141479492
21,2893020,5NP1,MdrDBcore02753,K2318Q,1.556,0.9857605695724487,0.572320818901062,1.1379423141479492
21,2893020,5NP0,MdrDBcore02754,K2318Q,1.27,0.9003547430038452,0.572320818901062,1.1379423141479492
21,2893020,5NP1,MdrDBcore02755,K2749I,1.749,0.8832504749298096,0.572320818901062,1.1379423141479492
21,2893020,5NP1,MdrDBcore02756,K2749I,1.757,1.1819945573806763,0.572320818901062,1.1379423141479492
21,2893020,5NP0,MdrDBcore02757,K31A,0.119,1.2644866704940796,0.572320818901062,1.1379423141479492
21,2893020,6K9L,MdrDBcore02758,K482Q,1.174,1.0330981016159058,0.572320818901062,1.1379423141479492
21,2893020,5NP0,MdrDBcore02759,K482Q,1.683,0.9543387293815613,0.572320818901062,1.1379423141479492
21,2893020,5NP0,MdrDBcore02760,L1472F,0.971,1.0820794105529785,0.572320818901062,1.1379423141479492
21,2893020,6K9L,MdrDBcore02761,L1824F,-0.608,-0.12400404363870621,0.572320818901062,1.1379423141479492
21,2893020,5NP1,MdrDBcore02762,L1824F,0.944,0.757297158241272,0.572320818901062,1.1379423141479492
21,2893020,5NP1,MdrDBcore02763,L2307F,1.662,1.2113206386566162,0.572320818901062,1.1379423141479492
21,2893020,6K9L,MdrDBcore02764,L2307F,1.612,0.3857950270175934,0.572320818901062,1.1379423141479492
21,2893020,5NP0,MdrDBcore02765,L243W,1.371,-0.5271390676498413,0.572320818901062,1.1379423141479492
21,2893020,5NP0,MdrDBcore02766,L243W,0.86,0.7979037165641785,0.572320818901062,1.1379423141479492
21,2893020,5NP0,MdrDBcore02767,L345F,0.888,0.8003795742988586,0.572320818901062,1.1379423141479492
21,2893020,5NP0,MdrDBcore02768,L345F,1.103,1.3359014987945557,0.572320818901062,1.1379423141479492
21,2893020,5NP0,MdrDBcore02769,L345F,1.366,-0.45454487204551697,0.572320818901062,1.1379423141479492
21,2893020,5NP0,MdrDBcore02770,L546V,0.183,1.3182836771011353,0.572320818901062,1.1379423141479492
21,2893020,6K9L,MdrDBcore02771,L944V,1.061,0.3197345435619354,0.572320818901062,1.1379423141479492
21,2893020,6K9K,MdrDBcore02772,L944V,1.202,0.505904495716095,0.572320818901062,1.1379423141479492
21,2893020,7NI5,MdrDBcore02773,M1040V,0.411,0.20972618460655212,0.572320818901062,1.1379423141479492
21,2893020,7NI5,MdrDBcore02774,M1040V,-0.275,0.1667209267616272,0.572320818901062,1.1379423141479492
21,2893020,5NP0,MdrDBcore02775,M1064I,1.521,0.6250680088996887,0.572320818901062,1.1379423141479492
21,2893020,5NP1,MdrDBcore02776,M1210V,2.327,1.7215243577957153,0.572320818901062,1.1379423141479492
21,2893020,5NP0,MdrDBcore02777,M1210V,1.764,0.8833558559417725,0.572320818901062,1.1379423141479492
21,2893020,5NP1,MdrDBcore02778,M1210V,1.694,0.4754902124404907,0.572320818901062,1.1379423141479492
21,2893020,5NP0,MdrDBcore02779,M1967V,0.97,1.071869134902954,0.572320818901062,1.1379423141479492
21,2893020,6K9K,MdrDBcore02780,N1005I,1.241,1.5347553491592407,0.572320818901062,1.1379423141479492
21,2893020,6K9L,MdrDBcore02781,N1005I,1.561,0.9840282201766968,0.572320818901062,1.1379423141479492
21,2893020,5NP1,MdrDBcore02782,N1005I,0.866,0.5746944546699524,0.572320818901062,1.1379423141479492
21,2893020,5NP0,MdrDBcore02783,N1005S,-0.183,0.807716429233551,0.572320818901062,1.1379423141479492
21,2893020,5NP1,MdrDBcore02784,N1005S,-0.375,0.7203972339630127,0.572320818901062,1.1379423141479492
21,2893020,6K9K,MdrDBcore02785,N1650S,1.956,0.11527892202138901,0.572320818901062,1.1379423141479492
21,2893020,5NP0,MdrDBcore02786,N230T,1.358,1.1131656169891357,0.572320818901062,1.1379423141479492
21,2893020,5NP0,MdrDBcore02787,N2826I,1.237,0.5055443048477173,0.572320818901062,1.1379423141479492
21,2893020,5NP0,MdrDBcore02788,N2826I,1.154,1.0096917152404785,0.572320818901062,1.1379423141479492
21,2893020,5NP1,MdrDBcore02789,N2826I,1.074,-0.08844997733831406,0.572320818901062,1.1379423141479492
21,2893020,5NP0,MdrDBcore02790,P2353H,1.265,1.1538745164871216,0.572320818901062,1.1379423141479492
21,2893020,5NP0,MdrDBcore02791,P2353H,1.046,0.3754904866218567,0.572320818901062,1.1379423141479492
21,2893020,7NI6,MdrDBcore02792,P2518S,0.426,0.03814411163330078,0.572320818901062,1.1379423141479492
21,2893020,7NI6,MdrDBcore02793,P2518S,0.328,0.28569355607032776,0.572320818901062,1.1379423141479492
21,2893020,7NI6,MdrDBcore02794,P2518S,-0.362,0.013117283582687378,0.572320818901062,1.1379423141479492
21,2893020,6K9K,MdrDBcore02795,P2648S,1.236,0.7173081040382385,0.572320818901062,1.1379423141479492
21,2893020,5NP0,MdrDBcore02796,P2648S,1.38,1.0501054525375366,0.572320818901062,1.1379423141479492
21,2893020,6K9K,MdrDBcore02797,P2974L,0.839,0.09064466506242752,0.572320818901062,1.1379423141479492
21,2893020,5NP0,MdrDBcore02798,P2974L,1.371,1.2439607381820679,0.572320818901062,1.1379423141479492
21,2893020,5NP0,MdrDBcore02799,P604S,1.651,1.0999711751937866,0.572320818901062,1.1379423141479492
21,2893020,5NP0,MdrDBcore02800,P960R,1.415,0.8591374158859253,0.572320818901062,1.1379423141479492
21,2893020,5NP0,MdrDBcore02801,P960R,1.25,1.217126488685608,0.572320818901062,1.1379423141479492
21,2893020,6K9L,MdrDBcore02802,Q1128E,1.504,1.3764188289642334,0.572320818901062,1.1379423141479492
21,2893020,5NP1,MdrDBcore02803,Q1128E,1.084,1.2648521661758423,0.572320818901062,1.1379423141479492
21,2893020,5NP0,MdrDBcore02804,Q1128R,0.312,-0.13103896379470825,0.572320818901062,1.1379423141479492
21,2893020,5NP0,MdrDBcore02805,Q1128R,0.801,1.1227455139160156,0.572320818901062,1.1379423141479492
21,2893020,5NP1,MdrDBcore02806,Q1361R,2.374,1.325943112373352,0.572320818901062,1.1379423141479492
21,2893020,6K9L,MdrDBcore02807,Q1361R,1.34,0.9335535168647766,0.572320818901062,1.1379423141479492
21,2893020,7NI6,MdrDBcore02808,Q1919P,0.143,-0.013648442924022675,0.572320818901062,1.1379423141479492
21,2893020,7NI5,MdrDBcore02809,Q1919P,0.053,0.02055276185274124,0.572320818901062,1.1379423141479492
21,2893020,5NP0,MdrDBcore02810,Q2210A,1.931,1.0791435241699219,0.572320818901062,1.1379423141479492
21,2893020,5NP1,MdrDBcore02811,Q2210A,1.494,0.5693099498748779,0.572320818901062,1.1379423141479492
21,2893020,6K9L,MdrDBcore02812,Q2733P,0.914,0.7279074192047119,0.572320818901062,1.1379423141479492
21,2893020,5NP0,MdrDBcore02813,Q2733P,1.786,1.0266257524490356,0.572320818901062,1.1379423141479492
21,2893020,5NP0,MdrDBcore02814,Q2762R,1.632,1.039391040802002,0.572320818901062,1.1379423141479492
21,2893020,6K9L,MdrDBcore02815,Q2800A,0.735,-0.2957669496536255,0.572320818901062,1.1379423141479492
21,2893020,5NP0,MdrDBcore02816,Q2800A,0.13,1.0239232778549194,0.572320818901062,1.1379423141479492
21,2893020,6K9K,MdrDBcore02817,Q2800A,-0.566,0.6232360005378723,0.572320818901062,1.1379423141479492
21,2893020,6K9L,MdrDBcore02818,Q2825P,1.001,-0.5487697124481201,0.572320818901062,1.1379423141479492
21,2893020,5NP0,MdrDBcore02819,Q2825P,0.95,0.9041821360588074,0.572320818901062,1.1379423141479492
21,2893020,5NP1,MdrDBcore02820,Q2825P,0.908,0.2713158130645752,0.572320818901062,1.1379423141479492
21,2893020,6K9K,MdrDBcore02821,Q65P,1.638,0.1963130533695221,0.572320818901062,1.1379423141479492
21,2893020,5NP0,MdrDBcore02822,Q65P,0.955,0.44392943382263184,0.572320818901062,1.1379423141479492
21,2893020,5NP0,MdrDBcore02823,R1086H,0.329,0.9838241338729858,0.572320818901062,1.1379423141479492
21,2893020,6K9L,MdrDBcore02824,R1086H,0.23,0.47202515602111816,0.572320818901062,1.1379423141479492
21,2893020,6K9L,MdrDBcore02825,R1585S,1.336,1.4460138082504272,0.572320818901062,1.1379423141479492
21,2893020,5NP0,MdrDBcore02826,R1585S,1.371,0.6709495186805725,0.572320818901062,1.1379423141479492
21,2893020,5NP0,MdrDBcore02827,R1618A,0.651,0.9705548286437988,0.572320818901062,1.1379423141479492
21,2893020,5NP0,MdrDBcore02828,R1618A,-0.379,1.160487413406372,0.572320818901062,1.1379423141479492
21,2893020,7NI5,MdrDBcore02829,R1618Q,1.52,0.2841053307056427,0.572320818901062,1.1379423141479492
21,2893020,7NI5,MdrDBcore02830,R1618Q,0.522,0.22759076952934265,0.572320818901062,1.1379423141479492
21,2893020,7NI4,MdrDBcore02831,R1618Q,0.347,0.5220868587493896,0.572320818901062,1.1379423141479492
21,2893020,5NP0,MdrDBcore02832,R2244T,1.347,0.775652289390564,0.572320818901062,1.1379423141479492
21,2893020,5NP1,MdrDBcore02833,R2244T,1.616,1.5812236070632935,0.572320818901062,1.1379423141479492
21,2893020,5NP0,MdrDBcore02834,R2244T,1.936,0.27695831656455994,0.572320818901062,1.1379423141479492
21,2893020,6K9K,MdrDBcore02835,R2436S,0.765,0.31533774733543396,0.572320818901062,1.1379423141479492
21,2893020,5NP0,MdrDBcore02836,R2436S,1.215,1.352279543876648,0.572320818901062,1.1379423141479492
21,2893020,6K9K,MdrDBcore02837,R2436S,1.198,0.03981981426477432,0.572320818901062,1.1379423141479492
21,2893020,5NP1,MdrDBcore02838,R248Q,1.467,1.218666434288025,0.572320818901062,1.1379423141479492
21,2893020,6K9L,MdrDBcore02839,R2832C,0.97,0.9832102060317993,0.572320818901062,1.1379423141479492
21,2893020,5NP0,MdrDBcore02840,R2832C,1.264,1.0343612432479858,0.572320818901062,1.1379423141479492
21,2893020,6K9L,MdrDBcore02841,R451H,1.294,0.6882294416427612,0.572320818901062,1.1379423141479492
21,2893020,5NP0,MdrDBcore02842,R451H,1.177,1.2840031385421753,0.572320818901062,1.1379423141479492
21,2893020,6K9K,MdrDBcore02843,R451H,2.027,0.9866978526115417,0.572320818901062,1.1379423141479492
21,2893020,5NP1,MdrDBcore02844,S1383L,-0.186,-0.10292456299066544,0.572320818901062,1.1379423141479492
21,2893020,6K9K,MdrDBcore02845,S1383L,1.029,0.6682800054550171,0.572320818901062,1.1379423141479492
21,2893020,5NP0,MdrDBcore02846,S1383L,1.007,-0.040795303881168365,0.572320818901062,1.1379423141479492
21,2893020,5NP0,MdrDBcore02847,S2058L,1.113,-0.6030568480491638,0.572320818901062,1.1379423141479492
21,2893020,5NP0,MdrDBcore02848,S2058L,2.001,1.524666666984558,0.572320818901062,1.1379423141479492
21,2893020,7NI6,MdrDBcore02849,S2146T,1.033,0.8027478456497192,0.572320818901062,1.1379423141479492
21,2893020,7NI6,MdrDBcore02850,S2146T,0.104,0.17682141065597534,0.572320818901062,1.1379423141479492
21,2893020,5NP0,MdrDBcore02851,S2218N,1.089,1.177017092704773,0.572320818901062,1.1379423141479492
21,2893020,6K9L,MdrDBcore02852,S2218N,1.092,0.7957274913787842,0.572320818901062,1.1379423141479492
21,2893020,6K9L,MdrDBcore02853,S2218R,1.627,0.001860886812210083,0.572320818901062,1.1379423141479492
21,2893020,5NP0,MdrDBcore02854,S2218R,1.852,0.8818674087524414,0.572320818901062,1.1379423141479492
21,2893020,6K9K,MdrDBcore02855,S2218R,1.729,0.5336411595344543,0.572320818901062,1.1379423141479492
21,2893020,5NP0,MdrDBcore02856,S707P,0.647,0.8626177310943604,0.572320818901062,1.1379423141479492
21,2893020,5NP0,MdrDBcore02857,S707P,0.195,0.18894872069358826,0.572320818901062,1.1379423141479492
21,2893020,5NP0,MdrDBcore02858,T1854I,1.004,0.8077794313430786,0.572320818901062,1.1379423141479492
21,2893020,5NP0,MdrDBcore02859,T1854I,0.798,1.025225043296814,0.572320818901062,1.1379423141479492
21,2893020,7NI5,MdrDBcore02860,T2059I,-0.689,0.05787574499845505,0.572320818901062,1.1379423141479492
21,2893020,7NI5,MdrDBcore02861,T2059I,-0.296,0.1801084280014038,0.572320818901062,1.1379423141479492
21,2893020,7NI5,MdrDBcore02862,T2059I,-0.292,-0.053913287818431854,0.572320818901062,1.1379423141479492
21,2893020,6K9L,MdrDBcore02863,T2335I,1.55,0.3157167434692383,0.572320818901062,1.1379423141479492
21,2893020,5NP0,MdrDBcore02864,T2335I,1.068,1.2558168172836304,0.572320818901062,1.1379423141479492
21,2893020,6K9K,MdrDBcore02865,T2335I,1.689,1.0525683164596558,0.572320818901062,1.1379423141479492
21,2893020,5NP0,MdrDBcore02866,T2438I,-0.468,1.1995517015457153,0.572320818901062,1.1379423141479492
21,2893020,6K9L,MdrDBcore02867,T2640I,1.672,1.3553446531295776,0.572320818901062,1.1379423141479492
21,2893020,5NP0,MdrDBcore02868,T2674R,1.635,1.0507371425628662,0.572320818901062,1.1379423141479492
21,2893020,6K9L,MdrDBcore02869,T2674R,1.51,0.5571193695068359,0.572320818901062,1.1379423141479492
21,2893020,7NI5,MdrDBcore02870,V1570A,-0.069,-0.056839846074581146,0.572320818901062,1.1379423141479492
21,2893020,6K9K,MdrDBcore02871,V1570A,0.305,1.4453166723251343,0.572320818901062,1.1379423141479492
21,2893020,7NI5,MdrDBcore02872,V1570A,-0.072,-0.16508156061172485,0.572320818901062,1.1379423141479492
21,2893020,5NP0,MdrDBcore02873,V2079I,0.198,0.5670428276062012,0.572320818901062,1.1379423141479492
21,2893020,5NP0,MdrDBcore02874,V2079I,0.911,0.8032599687576294,0.572320818901062,1.1379423141479492
21,2893020,5NP1,MdrDBcore02875,V2079I,-0.07,0.3218490779399872,0.572320818901062,1.1379423141479492
21,2893020,5NP0,MdrDBcore02876,V2166A,1.261,1.233161449432373,0.572320818901062,1.1379423141479492
21,2893020,5NP0,MdrDBcore02877,V2166A,0.785,1.446460485458374,0.572320818901062,1.1379423141479492
21,2893020,6K9K,MdrDBcore02878,V2906I,3.078,0.6488354802131653,0.572320818901062,1.1379423141479492
21,2893020,5NP0,MdrDBcore02879,V2906I,1.556,1.107511281967163,0.572320818901062,1.1379423141479492
21,2893020,6K9L,MdrDBcore02880,V2906I,1.31,0.5170539021492004,0.572320818901062,1.1379423141479492
21,2893020,6K9L,MdrDBcore02881,V613L,1.098,-0.5375892519950867,0.572320818901062,1.1379423141479492
21,2893020,5NP0,MdrDBcore02882,V613L,1.209,1.6560052633285522,0.572320818901062,1.1379423141479492
21,2893020,5NP0,MdrDBcore02883,W1279A,1.081,0.6516700983047485,0.572320818901062,1.1379423141479492
21,2893020,5NP0,MdrDBcore02884,W1279A,-0.198,0.6198052763938904,0.572320818901062,1.1379423141479492
21,2893020,6K9L,MdrDBcore02885,W1279A,0.677,0.7236055731773376,0.572320818901062,1.1379423141479492
21,2893020,6K9L,MdrDBcore02886,W2638A,1.175,0.2835908532142639,0.572320818901062,1.1379423141479492
21,2893020,5NP0,MdrDBcore02887,W2845A,-0.186,0.2349643111228943,0.572320818901062,1.1379423141479492
21,2893020,5NP0,MdrDBcore02888,W2845A,0.916,0.7270501255989075,0.572320818901062,1.1379423141479492
21,2893020,6K9K,MdrDBcore02889,W57A,1.639,1.040960431098938,0.572320818901062,1.1379423141479492
21,2893020,5NP0,MdrDBcore02890,Y2167A,0.171,1.464503526687622,0.572320818901062,1.1379423141479492
21,2893020,5NP1,MdrDBcore02891,Y2167A,0.637,0.5507295727729797,0.572320818901062,1.1379423141479492
21,2893020,3NCZ,MdrDBcore02892,R349Q,0.303,0.20432037115097046,0.572320818901062,1.1379423141479492
21,2893020,3NCZ,MdrDBcore02893,R349Q,1.394,1.119402527809143,0.572320818901062,1.1379423141479492
21,2893020,5YZ0,MdrDBcore02894,A1896V,2.885,1.4413875341415405,0.572320818901062,1.1379423141479492
21,2893020,5YZ0,MdrDBcore02895,D1915G,1.226,0.4407392144203186,0.572320818901062,1.1379423141479492
21,2893020,5YZ0,MdrDBcore02896,E2034K,0.748,0.8745673894882202,0.572320818901062,1.1379423141479492
21,2893020,5YZ0,MdrDBcore02897,H453P,2.365,1.9694018363952637,0.572320818901062,1.1379423141479492
21,2893020,5YZ0,MdrDBcore02898,I1526V,0.629,1.4729243516921997,0.572320818901062,1.1379423141479492
21,2893020,5YZ0,MdrDBcore02899,K2501N,0.511,0.6565658450126648,0.572320818901062,1.1379423141479492
21,2893020,5YZ0,MdrDBcore02900,L1483F,0.819,0.16321426630020142,0.572320818901062,1.1379423141479492
21,2893020,5YZ0,MdrDBcore02901,L1599P,1.873,-0.27049893140792847,0.572320818901062,1.1379423141479492
21,2893020,5YZ0,MdrDBcore02902,M328V,1.249,-0.5568561553955078,0.572320818901062,1.1379423141479492
21,2893020,5YZ0,MdrDBcore02903,M593T,-0.64,-0.3511907160282135,0.572320818901062,1.1379423141479492
21,2893020,5YZ0,MdrDBcore02904,P1991S,3.754,1.3330838680267334,0.572320818901062,1.1379423141479492
21,2893020,5YZ0,MdrDBcore02905,Q713E,1.154,0.4227892756462097,0.572320818901062,1.1379423141479492
21,2893020,5YZ0,MdrDBcore02906,R1015Q,3.395,0.13077805936336517,0.572320818901062,1.1379423141479492
21,2893020,5YZ0,MdrDBcore02907,R2190C,2.025,0.973850429058075,0.572320818901062,1.1379423141479492
21,2893020,5YZ0,MdrDBcore02908,S601F,2.207,0.09076765179634094,0.572320818901062,1.1379423141479492
21,2893020,5YZ0,MdrDBcore02909,T1751A,-0.963,-0.3638301491737366,0.572320818901062,1.1379423141479492
21,2893020,5YZ0,MdrDBcore02910,T1751A,-0.348,-0.11181079596281052,0.572320818901062,1.1379423141479492
21,2893020,5YZ0,MdrDBcore02911,T2556S,1.698,1.4153577089309692,0.572320818901062,1.1379423141479492
21,2893020,5YZ0,MdrDBcore02912,T2556S,0.653,-0.03640798479318619,0.572320818901062,1.1379423141479492
21,2893020,5YZ0,MdrDBcore02913,Y1527S,7.83,0.9789677262306213,0.572320818901062,1.1379423141479492
21,2893020,5YZ0,MdrDBcore02914,Y2637C,1.527,-0.601527988910675,0.572320818901062,1.1379423141479492
21,2893020,5YZ0,MdrDBcore02915,Y575C,3.374,0.18178656697273254,0.572320818901062,1.1379423141479492
21,2893020,5YZ0,MdrDBcore02916,Y575C,2.478,1.0235693454742432,0.572320818901062,1.1379423141479492
21,2893020,4ITI,MdrDBcore02917,E234K,1.088,1.0064383745193481,0.572320818901062,1.1379423141479492
21,2893020,4ITI,MdrDBcore02918,L79V,0.31,0.9804548621177673,0.572320818901062,1.1379423141479492
21,2893020,7AO8,MdrDBcore02919,D210G,5.882,-0.1962851881980896,0.572320818901062,1.1379423141479492
21,2893020,7AO8,MdrDBcore02920,D210G,-16.798,-0.11793152242898941,0.572320818901062,1.1379423141479492
21,2893020,7AO8,MdrDBcore02921,D210G,1.575,1.3099554777145386,0.572320818901062,1.1379423141479492
21,2893020,7AO8,MdrDBcore02922,D210G,1.9,0.006029121577739716,0.572320818901062,1.1379423141479492
21,2893020,7AO8,MdrDBcore02923,E146K,3.172,1.6045116186141968,0.572320818901062,1.1379423141479492
21,2893020,7AO8,MdrDBcore02924,E146K,1.046,0.19994422793388367,0.572320818901062,1.1379423141479492
21,2893020,7AO8,MdrDBcore02925,E250G,4.918,0.26655900478363037,0.572320818901062,1.1379423141479492
21,2893020,7AO8,MdrDBcore02926,E250G,-11.358,-1.1382834911346436,0.572320818901062,1.1379423141479492
21,2893020,7AO8,MdrDBcore02927,E250G,1.685,0.041039131581783295,0.572320818901062,1.1379423141479492
21,2893020,7AO8,MdrDBcore02928,E250G,0.577,0.3742174208164215,0.572320818901062,1.1379423141479492
21,2893020,7AO8,MdrDBcore02929,M245I,5.176,0.38123029470443726,0.572320818901062,1.1379423141479492
21,2893020,7AO8,MdrDBcore02930,M245I,-16.939,-1.2545350790023804,0.572320818901062,1.1379423141479492
21,2893020,7AO8,MdrDBcore02931,M245I,2.194,-1.52346670627594,0.572320818901062,1.1379423141479492
21,2893020,7AO8,MdrDBcore02932,R77C,-1.736,0.33263713121414185,0.572320818901062,1.1379423141479492
21,2893020,6Z2J,MdrDBcore02933,R77C,1.507,0.5206584930419922,0.572320818901062,1.1379423141479492
21,2893020,7AO8,MdrDBcore02934,R77C,6.287,0.3146917521953583,0.572320818901062,1.1379423141479492
21,2893020,7AO8,MdrDBcore02935,R77C,-0.554,0.6236557960510254,0.572320818901062,1.1379423141479492
21,2893020,7AO8,MdrDBcore02936,R77C,2.431,0.3806779086589813,0.572320818901062,1.1379423141479492
21,2893020,7AO8,MdrDBcore02937,S88N,5.575,0.43888044357299805,0.572320818901062,1.1379423141479492
21,2893020,7AO8,MdrDBcore02938,S88N,-14.148,0.34803032875061035,0.572320818901062,1.1379423141479492
21,2893020,7AO8,MdrDBcore02939,S88N,1.513,0.3170461654663086,0.572320818901062,1.1379423141479492
21,2893020,7AO8,MdrDBcore02940,V224D,1.719,0.40033552050590515,0.572320818901062,1.1379423141479492
21,2893020,7AO8,MdrDBcore02941,V224D,-5.874,-1.8553155660629272,0.572320818901062,1.1379423141479492
21,2893020,7AO8,MdrDBcore02942,V224D,1.098,0.47341838479042053,0.572320818901062,1.1379423141479492
21,2893020,7AO8,MdrDBcore02943,Y226S,-1.242,-0.15876081585884094,0.572320818901062,1.1379423141479492
21,2893020,7AO8,MdrDBcore02944,Y226S,-0.845,0.4554300308227539,0.572320818901062,1.1379423141479492
21,2893020,7AO8,MdrDBcore02945,Y226S,-0.232,0.14661255478858948,0.572320818901062,1.1379423141479492
21,2893020,7AO8,MdrDBcore02946,Y226S,-1.501,-0.4326353371143341,0.572320818901062,1.1379423141479492
21,2893020,7AO8,MdrDBcore02947,Y67H,1.617,1.3852603435516357,0.572320818901062,1.1379423141479492
21,2893020,7AO8,MdrDBcore02948,Y67H,-2.409,-1.14521062374115,0.572320818901062,1.1379423141479492
21,2893020,7AO8,MdrDBcore02949,Y67H,1.501,0.4985738694667816,0.572320818901062,1.1379423141479492
21,2893020,7URZ,MdrDBcore02950,C616Y,1.194,1.2171103954315186,0.572320818901062,1.1379423141479492
21,2893020,3BHH,MdrDBcore02951,E13D,1.287,1.2516459226608276,0.572320818901062,1.1379423141479492
21,2893020,3BHH,MdrDBcore02952,L142M,0.635,0.6245465278625488,0.572320818901062,1.1379423141479492
21,2893020,3BHH,MdrDBcore02953,P234L,1.372,1.1381577253341675,0.572320818901062,1.1379423141479492
21,2893020,7URZ,MdrDBcore02954,Q624E,1.483,1.2619661092758179,0.572320818901062,1.1379423141479492
21,2893020,3BHH,MdrDBcore02955,R260L,1.06,1.153489112854004,0.572320818901062,1.1379423141479492
21,2893020,7URZ,MdrDBcore02956,R646H,1.19,0.9928992986679077,0.572320818901062,1.1379423141479492
21,2893020,1YOV,MdrDBcore02957,A359S,-1.366,0.3449593484401703,0.572320818901062,1.1379423141479492
21,2893020,1YOV,MdrDBcore02958,D180N,-0.895,-0.31909695267677307,0.572320818901062,1.1379423141479492
21,2893020,2NVU,MdrDBcore02959,D64N,-1.127,-0.24637851119041443,0.572320818901062,1.1379423141479492
21,2893020,2NVU,MdrDBcore02960,E90Q,-2.097,-0.7925113439559937,0.572320818901062,1.1379423141479492
21,2893020,2NVU,MdrDBcore02961,F292L,-1.934,-0.30313077569007874,0.572320818901062,1.1379423141479492
21,2893020,3GZN,MdrDBcore02962,F499L,-2.111,-1.3157975673675537,0.572320818901062,1.1379423141479492
21,2893020,2NVU,MdrDBcore02963,I221V,-2.002,-0.24745622277259827,0.572320818901062,1.1379423141479492
21,2893020,3GZN,MdrDBcore02964,I250F,-1.648,-1.4814873933792114,0.572320818901062,1.1379423141479492
21,2893020,2NVU,MdrDBcore02965,I457M,-2.064,-0.5989775061607361,0.572320818901062,1.1379423141479492
21,2893020,2NVU,MdrDBcore02966,K190R,-1.677,-0.6446961164474487,0.572320818901062,1.1379423141479492
21,2893020,3GZN,MdrDBcore02967,K440E,-0.378,-1.36885666847229,0.572320818901062,1.1379423141479492
21,2893020,2NVU,MdrDBcore02968,N293T,-0.799,-0.5982990860939026,0.572320818901062,1.1379423141479492
21,2893020,2NVU,MdrDBcore02969,Q25R,0.312,-0.8304134011268616,0.572320818901062,1.1379423141479492
21,2893020,3GZN,MdrDBcore02970,Q469R,-2.149,-1.930392861366272,0.572320818901062,1.1379423141479492
21,2893020,2NVU,MdrDBcore02971,R312H,-0.211,0.3218567967414856,0.572320818901062,1.1379423141479492
21,2893020,2NVU,MdrDBcore02972,S104F,-2.588,-0.638188898563385,0.572320818901062,1.1379423141479492
21,2893020,2NVU,MdrDBcore02973,S121L,-1.406,-0.39950957894325256,0.572320818901062,1.1379423141479492
21,2893020,2NVU,MdrDBcore02974,S379L,0.58,-0.15682190656661987,0.572320818901062,1.1379423141479492
21,2893020,2NVU,MdrDBcore02975,S388N,-0.943,-0.46489474177360535,0.572320818901062,1.1379423141479492
21,2893020,2NVU,MdrDBcore02976,T277A,-2.361,-0.3484176695346832,0.572320818901062,1.1379423141479492
21,2893020,6U4Y,MdrDBcore02977,E169K,0.137,0.16880306601524353,0.572320818901062,1.1379423141479492
21,2893020,5HYN,MdrDBcore02978,G159R,-0.686,0.22545531392097473,0.572320818901062,1.1379423141479492
21,2893020,4MI5,MdrDBcore02979,G648E,0.084,-0.2235715091228485,0.572320818901062,1.1379423141479492
21,2893020,5HYN,MdrDBcore02980,H279Y,-0.426,-0.2628248631954193,0.572320818901062,1.1379423141479492
21,2893020,5HYN,MdrDBcore02981,K291T,0.139,-0.471459299325943,0.572320818901062,1.1379423141479492
21,2893020,5HYN,MdrDBcore02982,P132S,0.277,-0.34504568576812744,0.572320818901062,1.1379423141479492
21,2893020,6U4Y,MdrDBcore02983,R16Q,-0.524,0.24494394659996033,0.572320818901062,1.1379423141479492
21,2893020,4MI5,MdrDBcore02984,R690H,-0.335,0.3675084710121155,0.572320818901062,1.1379423141479492
21,2893020,5H15,MdrDBcore02985,S44F,0.05,0.5473713278770447,0.572320818901062,1.1379423141479492
21,2893020,4MI5,MdrDBcore02986,S537N,0.286,-0.700058102607727,0.572320818901062,1.1379423141479492
21,2893020,4MI5,MdrDBcore02987,S538L,-0.413,-0.5998789668083191,0.572320818901062,1.1379423141479492
21,2893020,4MI5,MdrDBcore02988,S624C,0.142,-0.4055004119873047,0.572320818901062,1.1379423141479492
21,2893020,6U4Y,MdrDBcore02989,T80P,0.5,0.4178425073623657,0.572320818901062,1.1379423141479492
21,2893020,4MI5,MdrDBcore02990,Y646C,-0.272,-0.6891352534294128,0.572320818901062,1.1379423141479492
21,2893020,4MI5,MdrDBcore02991,Y646F,-1.131,-0.09129170328378677,0.572320818901062,1.1379423141479492
21,2893020,4MI5,MdrDBcore02992,Y646S,-0.541,-0.5551544427871704,0.572320818901062,1.1379423141479492
21,2893020,4MI5,MdrDBcore02993,Y701C,0.21,-0.29287460446357727,0.572320818901062,1.1379423141479492
21,2893020,7LI3,MdrDBcore02994,A628V,-0.861,-0.14644399285316467,0.572320818901062,1.1379423141479492
21,2893020,7LI3,MdrDBcore02995,E1190A,0.213,0.0728483647108078,0.572320818901062,1.1379423141479492
21,2893020,6VNO,MdrDBcore02996,E1874V,-0.195,-0.48408541083335876,0.572320818901062,1.1379423141479492
21,2893020,7LI3,MdrDBcore02997,E2516K,0.316,-0.17289447784423828,0.572320818901062,1.1379423141479492
21,2893020,7LI3,MdrDBcore02998,G1213S,0.452,-0.2047625482082367,0.572320818901062,1.1379423141479492
21,2893020,6VP7,MdrDBcore02999,G1397C,0.145,0.09715677797794342,0.572320818901062,1.1379423141479492
21,2893020,6VNO,MdrDBcore03000,G1424R,-1.492,-0.29921725392341614,0.572320818901062,1.1379423141479492
21,2893020,7LI3,MdrDBcore03001,G1939W,0.297,-0.06412842124700546,0.572320818901062,1.1379423141479492
21,2893020,7LI3,MdrDBcore03002,H572Q,-0.93,-0.10143550485372543,0.572320818901062,1.1379423141479492
21,2893020,7LI3,MdrDBcore03003,I1006M,-0.396,0.04886793717741966,0.572320818901062,1.1379423141479492
21,2893020,7LI3,MdrDBcore03004,K1035N,-0.459,0.11711741983890533,0.572320818901062,1.1379423141479492
21,2893020,7LI3,MdrDBcore03005,L1136P,-0.112,-0.009178966283798218,0.572320818901062,1.1379423141479492
21,2893020,6VP7,MdrDBcore03006,L1603I,-0.754,0.07401982694864273,0.572320818901062,1.1379423141479492
21,2893020,6VP7,MdrDBcore03007,L1776I,-0.018,-0.07033681124448776,0.572320818901062,1.1379423141479492
21,2893020,6VP8,MdrDBcore03008,L1932F,-0.15,-0.2775508165359497,0.572320818901062,1.1379423141479492
21,2893020,7LI3,MdrDBcore03009,L1982S,-0.709,-0.27911221981048584,0.572320818901062,1.1379423141479492
21,2893020,6DLP,MdrDBcore03010,L2145S,-1.068,0.0002795308828353882,0.572320818901062,1.1379423141479492
21,2893020,7LI3,MdrDBcore03011,L2393A,-0.261,0.06941100209951401,0.572320818901062,1.1379423141479492
21,2893020,7LI3,MdrDBcore03012,L708F,0.269,-0.0686868205666542,0.572320818901062,1.1379423141479492
21,2893020,6OJE,MdrDBcore03013,M1431T,-0.542,-0.3374790549278259,0.572320818901062,1.1379423141479492
21,2893020,6VP7,MdrDBcore03014,M1947T,0.098,0.20952549576759338,0.572320818901062,1.1379423141479492
21,2893020,7LHW,MdrDBcore03015,P1546L,0.418,0.0764647126197815,0.572320818901062,1.1379423141479492
21,2893020,7LHW,MdrDBcore03016,P1930L,0.004,-0.1866982877254486,0.572320818901062,1.1379423141479492
21,2893020,7LI3,MdrDBcore03017,Q1002A,-1.032,-0.14878752827644348,0.572320818901062,1.1379423141479492
21,2893020,6VP7,MdrDBcore03018,Q1779K,0.004,0.22622334957122803,0.572320818901062,1.1379423141479492
21,2893020,6VP8,MdrDBcore03019,Q2120A,0.277,-0.2673032581806183,0.572320818901062,1.1379423141479492
21,2893020,6VP8,MdrDBcore03020,Q2490K,-0.3,-0.4152025878429413,0.572320818901062,1.1379423141479492
21,2893020,7LI3,MdrDBcore03021,R1067G,0.328,0.08924152702093124,0.572320818901062,1.1379423141479492
21,2893020,7LI3,MdrDBcore03022,R1707T,0.407,-0.17386740446090698,0.572320818901062,1.1379423141479492
21,2893020,7LI3,MdrDBcore03023,R1728L,0.576,0.15660396218299866,0.572320818901062,1.1379423141479492
21,2893020,7LI3,MdrDBcore03024,R1957C,1.06,-0.06536195427179337,0.572320818901062,1.1379423141479492
21,2893020,7LI3,MdrDBcore03025,R2394S,0.572,-0.0957927331328392,0.572320818901062,1.1379423141479492
21,2893020,6DLP,MdrDBcore03026,R2443A,0.382,0.11368148773908615,0.572320818901062,1.1379423141479492
21,2893020,7LHW,MdrDBcore03027,R715S,0.302,0.01767093688249588,0.572320818901062,1.1379423141479492
21,2893020,7LI3,MdrDBcore03028,R767C,-0.294,-0.07964511960744858,0.572320818901062,1.1379423141479492
21,2893020,7LI3,MdrDBcore03029,R772A,-0.21,0.055128082633018494,0.572320818901062,1.1379423141479492
21,2893020,7LI3,MdrDBcore03030,S1001G,-0.624,-0.07082740217447281,0.572320818901062,1.1379423141479492
21,2893020,7LI3,MdrDBcore03031,S1091P,0.258,0.20243312418460846,0.572320818901062,1.1379423141479492
21,2893020,7LI3,MdrDBcore03032,S1204G,-0.388,0.00931481271982193,0.572320818901062,1.1379423141479492
21,2893020,7LI3,MdrDBcore03033,S1283F,0.294,-0.04938171058893204,0.572320818901062,1.1379423141479492
21,2893020,6VP7,MdrDBcore03034,S2454L,0.277,-0.23462364077568054,0.572320818901062,1.1379423141479492
21,2893020,7LI4,MdrDBcore03035,S569C,0.018,0.09740142524242401,0.572320818901062,1.1379423141479492
21,2893020,7LI3,MdrDBcore03036,S634T,0.029,-0.3829074501991272,0.572320818901062,1.1379423141479492
21,2893020,6OJE,MdrDBcore03037,T1368I,-0.48,-0.23983529210090637,0.572320818901062,1.1379423141479492
21,2893020,6OJE,MdrDBcore03038,T1452I,0.375,-0.4084221422672272,0.572320818901062,1.1379423141479492
21,2893020,6OJE,MdrDBcore03039,V1456A,-0.105,0.1477532684803009,0.572320818901062,1.1379423141479492
21,2893020,6DLP,MdrDBcore03040,V2152I,-0.481,0.4239652156829834,0.572320818901062,1.1379423141479492
21,2893020,6DLP,MdrDBcore03041,V2495I,-0.201,0.036237865686416626,0.572320818901062,1.1379423141479492
21,2893020,5HRX,MdrDBcore03042,A715T,0.897,0.009116433560848236,0.572320818901062,1.1379423141479492
21,2893020,3HMF,MdrDBcore03043,R202C,1.156,0.4080128073692322,0.572320818901062,1.1379423141479492
21,2893020,3IU5,MdrDBcore03044,V49L,1.525,0.047813232988119125,0.572320818901062,1.1379423141479492
21,2893020,6OXB,MdrDBcore03045,Y1043F,1.635,0.7407910227775574,0.572320818901062,1.1379423141479492
21,2893020,3O47,MdrDBcore03046,A27V,1.39,0.2821269929409027,0.572320818901062,1.1379423141479492
21,2893020,3O47,MdrDBcore03047,A81S,-0.408,0.26022031903266907,0.572320818901062,1.1379423141479492
21,2893020,3O47,MdrDBcore03048,E120K,-0.236,0.20374348759651184,0.572320818901062,1.1379423141479492
21,2893020,3O47,MdrDBcore03049,I41V,-0.35,0.1883997619152069,0.572320818901062,1.1379423141479492
21,2893020,3O47,MdrDBcore03050,L99S,1.135,0.04082717373967171,0.572320818901062,1.1379423141479492
21,2893020,3O47,MdrDBcore03051,R122G,0.035,0.04166066646575928,0.572320818901062,1.1379423141479492
21,2893020,3O47,MdrDBcore03052,R84Q,0.25,0.32217344641685486,0.572320818901062,1.1379423141479492
21,2893020,3O47,MdrDBcore03053,V15M,0.729,0.05336146056652069,0.572320818901062,1.1379423141479492
21,2893020,3O47,MdrDBcore03054,Y103H,1.487,0.17155086994171143,0.572320818901062,1.1379423141479492
21,2893020,6JN2,MdrDBcore03055,A483T,-0.133,0.23660001158714294,0.572320818901062,1.1379423141479492
21,2893020,6JN2,MdrDBcore03056,A483T,-0.407,0.2659437358379364,0.572320818901062,1.1379423141479492
21,2893020,6JN2,MdrDBcore03057,A483T,0.403,-0.14442649483680725,0.572320818901062,1.1379423141479492
21,2893020,6JN2,MdrDBcore03058,A528V,-0.232,0.3292854130268097,0.572320818901062,1.1379423141479492
21,2893020,6JN2,MdrDBcore03059,A528V,-0.224,0.4835256338119507,0.572320818901062,1.1379423141479492
21,2893020,6JN2,MdrDBcore03060,A528V,0.007,-0.574491024017334,0.572320818901062,1.1379423141479492
21,2893020,6O96,MdrDBcore03061,G165C,0.212,-0.08117359131574631,0.572320818901062,1.1379423141479492
21,2893020,6O96,MdrDBcore03062,G165C,-0.059,0.009502723813056946,0.572320818901062,1.1379423141479492
21,2893020,6O96,MdrDBcore03063,G165C,-0.34,-0.20764729380607605,0.572320818901062,1.1379423141479492
21,2893020,4ER0,MdrDBcore03064,K333E,-0.526,-1.1769907474517822,0.572320818901062,1.1379423141479492
21,2893020,4ER7,MdrDBcore03065,K333E,-0.155,0.09645899385213852,0.572320818901062,1.1379423141479492
21,2893020,4ER0,MdrDBcore03066,K333E,0.095,-0.10912946611642838,0.572320818901062,1.1379423141479492
21,2893020,6O96,MdrDBcore03067,P298S,0.33,0.1624610424041748,0.572320818901062,1.1379423141479492
21,2893020,6O96,MdrDBcore03068,P298S,0.179,0.4926738440990448,0.572320818901062,1.1379423141479492
21,2893020,6O96,MdrDBcore03069,P298S,0.155,0.3189007341861725,0.572320818901062,1.1379423141479492
21,2893020,6O96,MdrDBcore03070,R231L,0.602,0.30184656381607056,0.572320818901062,1.1379423141479492
21,2893020,6O96,MdrDBcore03071,R231L,0.458,0.21128928661346436,0.572320818901062,1.1379423141479492
21,2893020,6O96,MdrDBcore03072,R231L,-0.007,0.2873348295688629,0.572320818901062,1.1379423141479492
21,2893020,6O96,MdrDBcore03073,S304L,-0.454,0.34747418761253357,0.572320818901062,1.1379423141479492
21,2893020,6O96,MdrDBcore03074,S304L,-0.105,-0.4023658335208893,0.572320818901062,1.1379423141479492
21,2893020,6O96,MdrDBcore03075,S304L,-1.396,0.44421470165252686,0.572320818901062,1.1379423141479492
21,2893020,1NW3,MdrDBcore03076,T100M,-0.418,-0.1912403106689453,0.572320818901062,1.1379423141479492
21,2893020,6O96,MdrDBcore03077,T100M,0.074,0.12165281176567078,0.572320818901062,1.1379423141479492
21,2893020,1NW3,MdrDBcore03078,T100M,0.223,0.02247633785009384,0.572320818901062,1.1379423141479492
21,2893020,6O96,MdrDBcore03079,T306M,0.202,0.17867588996887207,0.572320818901062,1.1379423141479492
21,2893020,6O96,MdrDBcore03080,T306M,0.435,1.2499717473983765,0.572320818901062,1.1379423141479492
21,2893020,6O96,MdrDBcore03081,T306M,-0.398,-0.28159183263778687,0.572320818901062,1.1379423141479492
21,2893020,6O96,MdrDBcore03082,T93M,0.408,0.37610676884651184,0.572320818901062,1.1379423141479492
21,2893020,6O96,MdrDBcore03083,T93M,0.147,0.15835371613502502,0.572320818901062,1.1379423141479492
21,2893020,6O96,MdrDBcore03084,T93M,-0.087,0.3437063992023468,0.572320818901062,1.1379423141479492
21,2893020,6O96,MdrDBcore03085,W208C,-0.028,-0.26649749279022217,0.572320818901062,1.1379423141479492
21,2893020,6O96,MdrDBcore03086,W208C,-0.165,0.0073048993945121765,0.572320818901062,1.1379423141479492
21,2893020,6O96,MdrDBcore03087,W208C,-0.097,0.03265102207660675,0.572320818901062,1.1379423141479492
21,2893020,6O96,MdrDBcore03088,Y58A,0.432,0.6569494009017944,0.572320818901062,1.1379423141479492
21,2893020,6O96,MdrDBcore03089,Y58A,0.109,-0.28274211287498474,0.572320818901062,1.1379423141479492
21,2893020,6O96,MdrDBcore03090,Y58A,0.129,0.05714164674282074,0.572320818901062,1.1379423141479492
21,2893020,1YY6,MdrDBcore03091,A197V,1.964,0.5744860768318176,0.572320818901062,1.1379423141479492
21,2893020,6F5H,MdrDBcore03092,A493V,0.277,0.41104570031166077,0.572320818901062,1.1379423141479492
21,2893020,4Z96,MdrDBcore03093,P694S,2.386,0.33775579929351807,0.572320818901062,1.1379423141479492
21,2893020,5BTR,MdrDBcore03094,D379N,0.236,0.12595048546791077,0.572320818901062,1.1379423141479492
21,2893020,5BTR,MdrDBcore03095,G355V,-0.624,0.12628084421157837,0.572320818901062,1.1379423141479492
21,2893020,5BTR,MdrDBcore03096,G495D,0.283,0.12662294507026672,0.572320818901062,1.1379423141479492
21,2893020,4ZZJ,MdrDBcore03097,I270K,0.147,0.2878332734107971,0.572320818901062,1.1379423141479492
21,2893020,5BTR,MdrDBcore03098,L478V,-0.641,0.1261257529258728,0.572320818901062,1.1379423141479492
21,2893020,4ZZH,MdrDBcore03099,M407T,-0.173,0.28117990493774414,0.572320818901062,1.1379423141479492
21,2893020,5BTR,MdrDBcore03100,P393R,-0.327,0.12587006390094757,0.572320818901062,1.1379423141479492
21,2893020,5BTR,MdrDBcore03101,R199Q,0.066,0.1263011246919632,0.572320818901062,1.1379423141479492
21,2893020,5BTR,MdrDBcore03102,R649H,-0.222,0.1257883459329605,0.572320818901062,1.1379423141479492
21,2893020,5BTR,MdrDBcore03103,T177I,0.138,0.12616398930549622,0.572320818901062,1.1379423141479492
21,2893020,5BTR,MdrDBcore03104,V383I,0.017,0.12556275725364685,0.572320818901062,1.1379423141479492
21,2893020,3UT1,MdrDBcore03105,A287T,1.04,1.1965792179107666,0.572320818901062,1.1379423141479492
21,2893020,3UT1,MdrDBcore03106,C304F,0.046,1.093044400215149,0.572320818901062,1.1379423141479492
21,2893020,3UT1,MdrDBcore03107,D312E,-0.449,1.4889863729476929,0.572320818901062,1.1379423141479492
21,2893020,3UT1,MdrDBcore03108,E338K,1.694,1.2643274068832397,0.572320818901062,1.1379423141479492
21,2893020,3UT1,MdrDBcore03109,F298L,1.544,0.9388948082923889,0.572320818901062,1.1379423141479492
21,2893020,3UT1,MdrDBcore03110,I364T,1.607,1.4523003101348877,0.572320818901062,1.1379423141479492
21,2893020,3UT1,MdrDBcore03111,I388F,1.915,1.1535570621490479,0.572320818901062,1.1379423141479492
21,2893020,3UT1,MdrDBcore03112,L346H,1.136,0.5722346305847168,0.572320818901062,1.1379423141479492
21,2893020,3UT1,MdrDBcore03113,P461S,1.485,0.7279036045074463,0.572320818901062,1.1379423141479492
21,2893020,3UT1,MdrDBcore03114,P525L,1.635,1.018259882926941,0.572320818901062,1.1379423141479492
21,2893020,3UT1,MdrDBcore03115,Q352E,1.917,1.7443240880966187,0.572320818901062,1.1379423141479492
21,2893020,3UT1,MdrDBcore03116,S256P,1.42,1.4010145664215088,0.572320818901062,1.1379423141479492
21,2893020,3UT1,MdrDBcore03117,S524Y,1.441,1.2052613496780396,0.572320818901062,1.1379423141479492
21,2893020,3UT1,MdrDBcore03118,V286I,1.223,1.2011343240737915,0.572320818901062,1.1379423141479492
21,2893020,3UT1,MdrDBcore03119,Y301C,1.521,1.3178142309188843,0.572320818901062,1.1379423141479492
21,2893020,5V3O,MdrDBcore03120,D313H,0.493,0.3153271973133087,0.572320818901062,1.1379423141479492
21,2893020,5V3O,MdrDBcore03121,E187K,0.0,0.0698515847325325,0.572320818901062,1.1379423141479492
21,2893020,5HXB,MdrDBcore03122,G151A,-0.35,-0.377638578414917,0.572320818901062,1.1379423141479492
21,2893020,5V3O,MdrDBcore03123,G354A,0.496,0.9833581447601318,0.572320818901062,1.1379423141479492
21,2893020,6H0G,MdrDBcore03124,G383V,0.222,0.8522273302078247,0.572320818901062,1.1379423141479492
21,2893020,5V3O,MdrDBcore03125,G69D,0.024,0.30115562677383423,0.572320818901062,1.1379423141479492
21,2893020,5V3O,MdrDBcore03126,K204E,-0.404,-0.3833315074443817,0.572320818901062,1.1379423141479492
21,2893020,5V3O,MdrDBcore03127,M109I,-0.158,0.9641891717910767,0.572320818901062,1.1379423141479492
21,2893020,5V3O,MdrDBcore03128,P345S,-0.155,0.6082648634910583,0.572320818901062,1.1379423141479492
21,2893020,5V3O,MdrDBcore03129,P424L,-0.044,0.059287942945957184,0.572320818901062,1.1379423141479492
21,2893020,5V3O,MdrDBcore03130,Q297A,-0.313,-0.3037191331386566,0.572320818901062,1.1379423141479492
21,2893020,5V3O,MdrDBcore03131,R295A,-0.343,-0.7270211577415466,0.572320818901062,1.1379423141479492
21,2893020,5V3O,MdrDBcore03132,R373Q,-0.207,0.40084683895111084,0.572320818901062,1.1379423141479492
21,2893020,5V3O,MdrDBcore03133,S379N,-0.534,-0.16935217380523682,0.572320818901062,1.1379423141479492
21,2893020,5HXB,MdrDBcore03134,T51A,-0.082,0.4103904366493225,0.572320818901062,1.1379423141479492
21,2893020,5V3O,MdrDBcore03135,W223A,-0.779,-0.1724669635295868,0.572320818901062,1.1379423141479492
21,2893020,4O9R,MdrDBcore03136,A324T,-0.081,0.7112139463424683,0.572320818901062,1.1379423141479492
21,2893020,5L7D,MdrDBcore03137,A68G,-0.556,0.8709397912025452,0.572320818901062,1.1379423141479492
21,2893020,5V57,MdrDBcore03138,A68G,-0.288,-0.09148780256509781,0.572320818901062,1.1379423141479492
21,2893020,4O9R,MdrDBcore03139,C273R,0.078,-0.061083339154720306,0.572320818901062,1.1379423141479492
21,2893020,4O9R,MdrDBcore03140,C273R,0.205,-0.4991033375263214,0.572320818901062,1.1379423141479492
21,2893020,4QIM,MdrDBcore03141,G497V,-0.188,0.7368009090423584,0.572320818901062,1.1379423141479492
21,2893020,4QIM,MdrDBcore03142,G497V,0.069,0.3345161974430084,0.572320818901062,1.1379423141479492
21,2893020,4O9R,MdrDBcore03143,L267H,0.65,-0.3003070652484894,0.572320818901062,1.1379423141479492
21,2893020,4O9R,MdrDBcore03144,P505S,0.307,-0.6419745683670044,0.572320818901062,1.1379423141479492
21,2893020,6XBK,MdrDBcore03145,R138Q,-1.589,0.12079209089279175,0.572320818901062,1.1379423141479492
21,2893020,6XBK,MdrDBcore03146,R138Q,-0.932,-0.7150906324386597,0.572320818901062,1.1379423141479492
21,2893020,5V57,MdrDBcore03147,R168H,-0.807,-0.03443843871355057,0.572320818901062,1.1379423141479492
21,2893020,4O9R,MdrDBcore03148,R296H,-0.396,-0.5369545221328735,0.572320818901062,1.1379423141479492
21,2893020,6XBK,MdrDBcore03149,T179M,0.358,-0.08323217183351517,0.572320818901062,1.1379423141479492
21,2893020,6XBK,MdrDBcore03150,V157M,0.095,0.3196329176425934,0.572320818901062,1.1379423141479492
21,2893020,6XBK,MdrDBcore03151,V157M,-0.084,-0.09989774972200394,0.572320818901062,1.1379423141479492
21,2893020,4O9R,MdrDBcore03152,V195L,0.691,-0.12180262058973312,0.572320818901062,1.1379423141479492
21,2893020,4O9R,MdrDBcore03153,V404M,-0.655,-0.2555015981197357,0.572320818901062,1.1379423141479492
21,2893020,6XBK,MdrDBcore03154,Y130C,0.028,0.34149572253227234,0.572320818901062,1.1379423141479492
21,2893020,6XBK,MdrDBcore03155,Y130C,-0.336,0.23469111323356628,0.572320818901062,1.1379423141479492
21,2893020,4O9R,MdrDBcore03156,Y322H,-0.011,-0.10493377596139908,0.572320818901062,1.1379423141479492
21,2893020,3OUI,MdrDBcore03157,C208Y,0.27,0.7241289615631104,0.572320818901062,1.1379423141479492
21,2893020,4KBZ,MdrDBcore03158,G409C,-0.487,0.16220268607139587,0.572320818901062,1.1379423141479492
21,2893020,3HQR,MdrDBcore03159,K186N,-0.096,0.2692915201187134,0.572320818901062,1.1379423141479492
21,2893020,3OUI,MdrDBcore03160,R252Q,0.128,0.845667839050293,0.572320818901062,1.1379423141479492
21,2893020,3OUI,MdrDBcore03161,R281L,-0.236,0.533032238483429,0.572320818901062,1.1379423141479492
21,2893020,4KBZ,MdrDBcore03162,S418L,0.043,0.16448655724525452,0.572320818901062,1.1379423141479492
21,2893020,4B6L,MdrDBcore03163,C221Y,-2.86,-0.4848591983318329,0.572320818901062,1.1379423141479492
21,2893020,4B6L,MdrDBcore03164,C255Y,0.106,-0.4216664731502533,0.572320818901062,1.1379423141479492
21,2893020,4B6L,MdrDBcore03165,P101S,-0.116,-0.3954704999923706,0.572320818901062,1.1379423141479492
21,2893020,4B6L,MdrDBcore03166,Q103E,1.812,-0.6130775809288025,0.572320818901062,1.1379423141479492
21,2893020,4B6L,MdrDBcore03167,Q307H,0.407,-0.5016835331916809,0.572320818901062,1.1379423141479492
21,2893020,4B6L,MdrDBcore03168,R163L,-0.239,-0.4219571053981781,0.572320818901062,1.1379423141479492
21,2893020,4B6L,MdrDBcore03169,T262M,-0.148,-0.41806337237358093,0.572320818901062,1.1379423141479492
21,2893020,4B6L,MdrDBcore03170,T82A,-0.858,-0.3738666772842407,0.572320818901062,1.1379423141479492
21,2893020,4B6L,MdrDBcore03171,W151L,-1.723,0.4841361343860626,0.572320818901062,1.1379423141479492
21,2893020,6V1B,MdrDBcore03172,M186I,-0.053,0.15805286169052124,0.572320818901062,1.1379423141479492
21,2893020,5JI8,MdrDBcore03173,P164S,-1.241,0.17387455701828003,0.572320818901062,1.1379423141479492
21,2893020,4X7O,MdrDBcore03174,A1068V,-0.373,0.22186511754989624,0.572320818901062,1.1379423141479492
21,2893020,4YZS,MdrDBcore03175,A116D,0.039,0.5158926844596863,0.572320818901062,1.1379423141479492
21,2893020,4YZS,MdrDBcore03176,A342D,0.699,0.5920186042785645,0.572320818901062,1.1379423141479492
21,2893020,4YZS,MdrDBcore03177,A342V,0.249,0.6427453756332397,0.572320818901062,1.1379423141479492
21,2893020,4X7O,MdrDBcore03178,E1050K,-0.027,0.24213871359825134,0.572320818901062,1.1379423141479492
21,2893020,4X7O,MdrDBcore03179,E994A,0.199,0.2745753526687622,0.572320818901062,1.1379423141479492
21,2893020,4YZS,MdrDBcore03180,F335V,1.599,0.5948243141174316,0.572320818901062,1.1379423141479492
21,2893020,4X7O,MdrDBcore03181,I586L,0.537,0.09659108519554138,0.572320818901062,1.1379423141479492
21,2893020,4X7O,MdrDBcore03182,I917N,0.64,0.1483154594898224,0.572320818901062,1.1379423141479492
21,2893020,4X7O,MdrDBcore03183,M1053V,0.489,0.22783756256103516,0.572320818901062,1.1379423141479492
21,2893020,4YZS,MdrDBcore03184,M390L,0.037,0.32045331597328186,0.572320818901062,1.1379423141479492
21,2893020,4YZS,MdrDBcore03185,R240H,0.729,0.6323609352111816,0.572320818901062,1.1379423141479492
21,2893020,4X7O,MdrDBcore03186,S1022N,0.943,-0.00976090133190155,0.572320818901062,1.1379423141479492
21,2893020,4YZS,MdrDBcore03187,V132M,-0.205,0.5214351415634155,0.572320818901062,1.1379423141479492
21,2893020,4X7O,MdrDBcore03188,Y1019C,-0.463,-0.012397438287734985,0.572320818901062,1.1379423141479492
21,2893020,5EDU,MdrDBcore03189,A612T,-0.181,0.08300867676734924,0.572320818901062,1.1379423141479492
21,2893020,5EDU,MdrDBcore03190,A770V,0.063,0.08216848969459534,0.572320818901062,1.1379423141479492
21,2893020,5KH7,MdrDBcore03191,G1126C,-0.885,-0.06695353239774704,0.572320818901062,1.1379423141479492
21,2893020,5KH7,MdrDBcore03192,I1122V,1.97,1.0326552391052246,0.572320818901062,1.1379423141479492
21,2893020,5KH7,MdrDBcore03193,P1123A,-1.293,-1.4193390607833862,0.572320818901062,1.1379423141479492
21,2893020,5EDU,MdrDBcore03194,P748T,0.136,0.3049141466617584,0.572320818901062,1.1379423141479492
21,2893020,5EDU,MdrDBcore03195,Q487K,-1.157,-0.5173854231834412,0.572320818901062,1.1379423141479492
21,2893020,5EDU,MdrDBcore03196,R529H,-0.198,-0.9705855846405029,0.572320818901062,1.1379423141479492
21,2893020,5EDU,MdrDBcore03197,R745Q,-0.06,-0.16221845149993896,0.572320818901062,1.1379423141479492
21,2893020,5EDU,MdrDBcore03198,R835W,-0.391,-0.34035637974739075,0.572320818901062,1.1379423141479492
21,2893020,5KH7,MdrDBcore03199,Y1149A,2.397,-0.8600017428398132,0.572320818901062,1.1379423141479492
21,2893020,5IUG,MdrDBcore03200,A1148V,0.361,0.41682717204093933,0.572320818901062,1.1379423141479492
21,2893020,5IUG,MdrDBcore03201,A1200V,0.399,0.2974962890148163,0.572320818901062,1.1379423141479492
21,2893020,5IUG,MdrDBcore03202,A1200V,1.744,0.6938717365264893,0.572320818901062,1.1379423141479492
21,2893020,7LRZ,MdrDBcore03203,A900G,0.24,0.44672760367393494,0.572320818901062,1.1379423141479492
21,2893020,7LRZ,MdrDBcore03204,A900G,-0.424,0.4303676187992096,0.572320818901062,1.1379423141479492
21,2893020,7LRZ,MdrDBcore03205,C928Y,-0.806,0.05149500072002411,0.572320818901062,1.1379423141479492
21,2893020,7LRZ,MdrDBcore03206,C928Y,0.503,0.643699586391449,0.572320818901062,1.1379423141479492
21,2893020,5IUI,MdrDBcore03207,D1091N,-0.982,0.3812231719493866,0.572320818901062,1.1379423141479492
21,2893020,5IUI,MdrDBcore03208,D1091N,-1.476,-0.11821665614843369,0.572320818901062,1.1379423141479492
21,2893020,5IUG,MdrDBcore03209,D1349N,0.294,0.4840799868106842,0.572320818901062,1.1379423141479492
21,2893020,7LRZ,MdrDBcore03210,D951E,0.195,0.3186872899532318,0.572320818901062,1.1379423141479492
21,2893020,7LRZ,MdrDBcore03211,D951E,0.502,0.4391384422779083,0.572320818901062,1.1379423141479492
21,2893020,7LRZ,MdrDBcore03212,E949K,0.702,-0.06735929101705551,0.572320818901062,1.1379423141479492
21,2893020,7LRZ,MdrDBcore03213,E949K,0.856,0.8899174332618713,0.572320818901062,1.1379423141479492
21,2893020,7LRZ,MdrDBcore03214,G744R,0.474,-0.19267427921295166,0.572320818901062,1.1379423141479492
21,2893020,7LRZ,MdrDBcore03215,G882C,0.353,0.17863279581069946,0.572320818901062,1.1379423141479492
21,2893020,7LRZ,MdrDBcore03216,G893R,0.159,-0.013050571084022522,0.572320818901062,1.1379423141479492
21,2893020,7LRZ,MdrDBcore03217,G893R,-0.172,-0.016033560037612915,0.572320818901062,1.1379423141479492
21,2893020,7LRZ,MdrDBcore03218,G925R,-0.789,0.39661991596221924,0.572320818901062,1.1379423141479492
21,2893020,7LRZ,MdrDBcore03219,G940C,-0.748,-0.2181456983089447,0.572320818901062,1.1379423141479492
21,2893020,7LRZ,MdrDBcore03220,H755N,0.299,-0.03869306296110153,0.572320818901062,1.1379423141479492
21,2893020,7LRZ,MdrDBcore03221,H755N,0.188,-0.21787169575691223,0.572320818901062,1.1379423141479492
21,2893020,7LRZ,MdrDBcore03222,I981V,0.199,-0.15097954869270325,0.572320818901062,1.1379423141479492
21,2893020,7LRZ,MdrDBcore03223,I981V,0.587,0.004314154386520386,0.572320818901062,1.1379423141479492
21,2893020,5IUG,MdrDBcore03224,K1109N,0.122,0.30449527502059937,0.572320818901062,1.1379423141479492
21,2893020,5IUG,MdrDBcore03225,N1353S,0.731,0.33753281831741333,0.572320818901062,1.1379423141479492
21,2893020,5IUG,MdrDBcore03226,N1353S,-0.909,-1.0918725728988647,0.572320818901062,1.1379423141479492
21,2893020,7LRZ,MdrDBcore03227,N941S,0.153,0.3820629119873047,0.572320818901062,1.1379423141479492
21,2893020,4TT7,MdrDBcore03228,P1218S,0.681,0.34468603134155273,0.572320818901062,1.1379423141479492
21,2893020,4TT7,MdrDBcore03229,P1218S,1.508,0.9085409641265869,0.572320818901062,1.1379423141479492
21,2893020,5IUG,MdrDBcore03230,P1298S,-0.473,0.30250680446624756,0.572320818901062,1.1379423141479492
21,2893020,4TT7,MdrDBcore03231,P1298S,-0.566,-0.4187280833721161,0.572320818901062,1.1379423141479492
21,2893020,5IUG,MdrDBcore03232,P1398L,0.372,0.3142070770263672,0.572320818901062,1.1379423141479492
21,2893020,5IUG,MdrDBcore03233,R1192Q,0.204,0.5877978205680847,0.572320818901062,1.1379423141479492
21,2893020,5IUG,MdrDBcore03234,R1192Q,-0.195,0.18590250611305237,0.572320818901062,1.1379423141479492
21,2893020,5IUG,MdrDBcore03235,R1209A,-0.06,0.556735634803772,0.572320818901062,1.1379423141479492
21,2893020,5IUG,MdrDBcore03236,R1209A,-0.159,0.3485708236694336,0.572320818901062,1.1379423141479492
21,2893020,4TT7,MdrDBcore03237,R1275Q,-0.395,0.32618606090545654,0.572320818901062,1.1379423141479492
21,2893020,4TT7,MdrDBcore03238,R1275Q,-0.6,-0.39774516224861145,0.572320818901062,1.1379423141479492
21,2893020,7LRZ,MdrDBcore03239,R753Q,0.26,0.06035348400473595,0.572320818901062,1.1379423141479492
21,2893020,5IUG,MdrDBcore03240,T1312I,-0.415,0.30591878294944763,0.572320818901062,1.1379423141479492
21,2893020,5IUG,MdrDBcore03241,T1312I,-1.169,0.3132422864437103,0.572320818901062,1.1379423141479492
21,2893020,7N00,MdrDBcore03242,V1013L,-0.435,-0.012675300240516663,0.572320818901062,1.1379423141479492
21,2893020,7LRZ,MdrDBcore03243,V712L,0.633,-0.12556010484695435,0.572320818901062,1.1379423141479492
21,2893020,7LRZ,MdrDBcore03244,V712L,0.273,0.30690619349479675,0.572320818901062,1.1379423141479492
21,2893020,5OTF,MdrDBcore03245,A355T,-0.537,0.35320940613746643,0.572320818901062,1.1379423141479492
21,2893020,5OTF,MdrDBcore03246,D241H,0.15,0.34158313274383545,0.572320818901062,1.1379423141479492
21,2893020,5OTF,MdrDBcore03247,D411N,0.67,0.35341331362724304,0.572320818901062,1.1379423141479492
21,2893020,5OTF,MdrDBcore03248,E297A,-1.318,0.328025758266449,0.572320818901062,1.1379423141479492
21,2893020,5OTE,MdrDBcore03249,F336L,-0.995,0.25646060705184937,0.572320818901062,1.1379423141479492
21,2893020,5OTF,MdrDBcore03250,K96N,1.17,0.35482463240623474,0.572320818901062,1.1379423141479492
21,2893020,5OTF,MdrDBcore03251,M184V,-0.534,0.3279295563697815,0.572320818901062,1.1379423141479492
21,2893020,5OTF,MdrDBcore03252,M274L,-0.536,0.3081667423248291,0.572320818901062,1.1379423141479492
21,2893020,5OTF,MdrDBcore03253,R326H,-1.003,0.338216632604599,0.572320818901062,1.1379423141479492
21,2893020,5OTF,MdrDBcore03254,V372M,0.079,0.15480047464370728,0.572320818901062,1.1379423141479492
21,2893020,1XKK,MdrDBcore03255,T790M+L858R,0.931,0.10398104786872864,0.572320818901062,1.1379423141479492
21,2893020,1XKK,MdrDBcore03256,T790M+L858R,2.31,-0.005332328379154205,0.572320818901062,1.1379423141479492
21,2893020,1XKK,MdrDBcore03257,T790M+L858R,1.177,0.5685892701148987,0.572320818901062,1.1379423141479492
21,2893020,1XKK,MdrDBcore03258,T790M+L858R,1.259,0.8507639765739441,0.572320818901062,1.1379423141479492
21,2893020,1XKK,MdrDBcore03259,T790M+L858R,1.129,-0.28175172209739685,0.572320818901062,1.1379423141479492
21,2893020,1XKK,MdrDBcore03260,T790M+L858R,0.063,-0.07622658461332321,0.572320818901062,1.1379423141479492
21,2893020,1XKK,MdrDBcore03261,T790M+L858R,2.123,1.2332972288131714,0.572320818901062,1.1379423141479492
21,2893020,1QPC,MdrDBcore03262,A289D+A396V,0.426,-0.18317988514900208,0.572320818901062,1.1379423141479492
21,2893020,1QPC,MdrDBcore03263,A289D+A396V,0.364,0.24063953757286072,0.572320818901062,1.1379423141479492
21,2893020,3CQU,MdrDBcore03264,G311D+K307N,0.539,0.23518329858779907,0.572320818901062,1.1379423141479492
21,2893020,3CQU,MdrDBcore03265,G311D+K307N,1.509,0.14807015657424927,0.572320818901062,1.1379423141479492
21,2893020,4KIK,MdrDBcore03266,R55A,0.198,0.7723320722579956,0.572320818901062,1.1379423141479492
21,2893020,2J7T,MdrDBcore03267,V80M,0.784,0.11317747831344604,0.572320818901062,1.1379423141479492
21,2893020,1XKK,MdrDBcore03268,E866D,0.355,0.1306740641593933,0.572320818901062,1.1379423141479492
21,2893020,4AOJ,MdrDBcore03269,R692H,0.013,0.5415385961532593,0.572320818901062,1.1379423141479492
21,2893020,4PMM,MdrDBcore03270,T678I,0.198,0.23744499683380127,0.572320818901062,1.1379423141479492
21,2893020,2I0V,MdrDBcore03271,G589E,0.09,-0.029005132615566254,0.572320818901062,1.1379423141479492
21,2893020,2IVS,MdrDBcore03272,L746M,0.961,-0.08529672771692276,0.572320818901062,1.1379423141479492
21,2893020,1JQH,MdrDBcore03273,S1009L,1.71,0.4282344877719879,0.572320818901062,1.1379423141479492
21,2893020,1JQH,MdrDBcore03274,S1009L,2.085,0.4775008261203766,0.572320818901062,1.1379423141479492
21,2893020,3ZBF,MdrDBcore03275,R2126L,1.523,-0.14447876811027527,0.572320818901062,1.1379423141479492
21,2893020,1T46,MdrDBcore03276,E640K,0.319,0.9003756046295166,0.572320818901062,1.1379423141479492
21,2893020,1T46,MdrDBcore03277,N822K,0.297,0.673082172870636,0.572320818901062,1.1379423141479492
21,2893020,1T46,MdrDBcore03278,N822K,0.231,0.3801499009132385,0.572320818901062,1.1379423141479492
21,2893020,1T46,MdrDBcore03279,N822K,1.303,0.34297117590904236,0.572320818901062,1.1379423141479492
21,2893020,1T46,MdrDBcore03280,N822K,0.988,0.41192498803138733,0.572320818901062,1.1379423141479492
21,2893020,2FB8,MdrDBcore03281,G466V,0.503,0.25433149933815,0.572320818901062,1.1379423141479492
21,2893020,5GRN,MdrDBcore03282,N848I,0.513,0.5776960849761963,0.572320818901062,1.1379423141479492
21,2893020,5GRN,MdrDBcore03283,N848I,0.564,0.32006874680519104,0.572320818901062,1.1379423141479492
21,2893020,3HNG,MdrDBcore03284,C1039S,0.208,-0.1335689127445221,0.572320818901062,1.1379423141479492
21,2893020,3HNG,MdrDBcore03285,L1061V,0.05,0.19052553176879883,0.572320818901062,1.1379423141479492
21,2893020,3HNG,MdrDBcore03286,L1061V,1.469,0.24207419157028198,0.572320818901062,1.1379423141479492
21,2893020,3HNG,MdrDBcore03287,L1061V,0.098,0.1870417445898056,0.572320818901062,1.1379423141479492
21,2893020,3HNG,MdrDBcore03288,R1045Q,0.171,0.23591330647468567,0.572320818901062,1.1379423141479492
21,2893020,3HNG,MdrDBcore03289,R1045Q,0.109,0.3647002577781677,0.572320818901062,1.1379423141479492
21,2893020,1B38,MdrDBcore03290,P155L,0.467,-0.32476508617401123,0.572320818901062,1.1379423141479492
21,2893020,2JDO,MdrDBcore03291,A190G,0.213,0.6451648473739624,0.572320818901062,1.1379423141479492
21,2893020,1VR2,MdrDBcore03292,D1064Y,0.089,-0.042550645768642426,0.572320818901062,1.1379423141479492
21,2893020,1VR2,MdrDBcore03293,R1066C,0.054,-0.018958650529384613,0.572320818901062,1.1379423141479492
21,2893020,1VR2,MdrDBcore03294,R1066C,0.014,-0.13193723559379578,0.572320818901062,1.1379423141479492
21,2893020,4RT7,MdrDBcore03295,E661V,0.098,0.3450298011302948,0.572320818901062,1.1379423141479492
21,2893020,4RT7,MdrDBcore03296,E661V,0.057,0.23653125762939453,0.572320818901062,1.1379423141479492
21,2893020,4RT7,MdrDBcore03297,E661V,0.176,0.8588255643844604,0.572320818901062,1.1379423141479492
21,2893020,1B6C,MdrDBcore03298,G212V,0.183,-0.11667186766862869,0.572320818901062,1.1379423141479492
21,2893020,1XBB,MdrDBcore03299,R520S,1.81,-0.16783350706100464,0.572320818901062,1.1379423141479492
21,2893020,3SXR,MdrDBcore03300,M464I,0.734,0.46438249945640564,0.572320818901062,1.1379423141479492
21,2893020,3SXR,MdrDBcore03301,M464I,0.312,0.36178967356681824,0.572320818901062,1.1379423141479492
21,2893020,1YVJ,MdrDBcore03302,K830M,0.118,0.3580845892429352,0.572320818901062,1.1379423141479492
21,2893020,3S95,MdrDBcore03303,G480R,0.553,0.09907244145870209,0.572320818901062,1.1379423141479492
21,2893020,1XO2,MdrDBcore03304,R168H,1.136,0.20420321822166443,0.572320818901062,1.1379423141479492
21,2893020,3ZOS,MdrDBcore03305,D795E,1.094,0.3956814110279083,0.572320818901062,1.1379423141479492
21,2893020,3ZOS,MdrDBcore03306,P806L,0.142,0.419746458530426,0.572320818901062,1.1379423141479492
21,2893020,3MJ2,MdrDBcore03307,L508M,1.084,0.7579678297042847,0.572320818901062,1.1379423141479492
21,2893020,3MJ2,MdrDBcore03308,T504S,0.099,0.38580945134162903,0.572320818901062,1.1379423141479492
21,2893020,3MJ2,MdrDBcore03309,T518I,0.193,0.1893499195575714,0.572320818901062,1.1379423141479492
21,2893020,2R4B,MdrDBcore03310,G863E,0.044,0.32289478182792664,0.572320818901062,1.1379423141479492
21,2893020,2R4B,MdrDBcore03311,G879A,0.128,0.31744834780693054,0.572320818901062,1.1379423141479492
21,2893020,2R4B,MdrDBcore03312,L770P,0.518,0.3224504888057709,0.572320818901062,1.1379423141479492
21,2893020,2R4B,MdrDBcore03313,L770P,0.384,0.28705790638923645,0.572320818901062,1.1379423141479492
21,2893020,2R4B,MdrDBcore03314,L770P,0.312,0.3321036100387573,0.572320818901062,1.1379423141479492
21,2893020,2R4B,MdrDBcore03315,M766I,0.801,0.29910439252853394,0.572320818901062,1.1379423141479492
21,2893020,2R4B,MdrDBcore03316,M766I,0.375,0.23207342624664307,0.572320818901062,1.1379423141479492
21,2893020,6KZC,MdrDBcore03317,R702T,0.378,-0.013652987778186798,0.572320818901062,1.1379423141479492
21,2893020,1WAK,MdrDBcore03318,F508L,0.135,0.18128663301467896,0.572320818901062,1.1379423141479492
21,2893020,2XB7,MdrDBcore03319,A1289V,0.147,0.3119024634361267,0.572320818901062,1.1379423141479492
21,2893020,2XB7,MdrDBcore03320,A1289V,0.07,-0.06751172989606857,0.572320818901062,1.1379423141479492
21,2893020,6GR8,MdrDBcore03321,P192L,1.021,1.5706855058670044,0.572320818901062,1.1379423141479492
21,2893020,6GR8,MdrDBcore03322,P192L,0.536,0.7507691383361816,0.572320818901062,1.1379423141479492
21,2893020,3UM8,MdrDBcore03323,A16C+S108T,2.407,3.3828794956207275,0.572320818901062,1.1379423141479492
21,2893020,3UM8,MdrDBcore03324,A16G+S108T,2.628,3.3060176372528076,0.572320818901062,1.1379423141479492
21,2893020,3UM8,MdrDBcore03325,A16S+S108T,3.63,3.181586503982544,0.572320818901062,1.1379423141479492
21,2893020,3UM8,MdrDBcore03326,A16T+S108T,4.101,3.015145778656006,0.572320818901062,1.1379423141479492
21,2893020,3UM8,MdrDBcore03327,A16V+S108T,4.062,2.9596314430236816,0.572320818901062,1.1379423141479492
21,2893020,3UM8,MdrDBcore03328,C59R+S108N,1.794,3.252382755279541,0.572320818901062,1.1379423141479492
21,2893020,3UM8,MdrDBcore03329,N51I+C59R+S108N+I164L,3.994,3.150085687637329,0.572320818901062,1.1379423141479492
21,2893020,2R5Q,MdrDBcore03330,D30N+L90M,1.62,0.8154600262641907,0.572320818901062,1.1379423141479492
21,2893020,2R5P,MdrDBcore03331,D30N+L90M,0.222,0.9543514251708984,0.572320818901062,1.1379423141479492
21,2893020,2R5Q,MdrDBcore03332,D30N+N88D,1.599,0.8154600858688354,0.572320818901062,1.1379423141479492
21,2893020,2R5P,MdrDBcore03333,D30N+N88D,0.334,0.9543512463569641,0.572320818901062,1.1379423141479492
21,2893020,2R5Q,MdrDBcore03334,D30N+N88D+L90M,2.344,0.8154599666595459,0.572320818901062,1.1379423141479492
21,2893020,2R5P,MdrDBcore03335,D30N+N88D+L90M,0.532,0.9543513655662537,0.572320818901062,1.1379423141479492
21,2893020,2R5Q,MdrDBcore03336,N88D+L90M,0.975,0.7110463976860046,0.572320818901062,1.1379423141479492
21,2893020,2R5P,MdrDBcore03337,N88D+L90M,1.61,0.9784927368164062,0.572320818901062,1.1379423141479492
21,2893020,2Q54,MdrDBcore03338,D30N+N88D,0.316,0.9096798896789551,0.572320818901062,1.1379423141479492
21,2893020,2Q54,MdrDBcore03339,L10I+A71V+G73S+I84V+L90M,2.858,0.8329150080680847,0.572320818901062,1.1379423141479492
21,2893020,2Q54,MdrDBcore03340,L10I+G48V+I54V+V82A,2.625,1.0274903774261475,0.572320818901062,1.1379423141479492
21,2893020,2VZM,MdrDBcore03341,E85Q+N50D,0.424,0.3267902433872223,0.572320818901062,1.1379423141479492
21,2893020,2VZ7,MdrDBcore03342,E85Q+N50D,1.497,0.3760979473590851,0.572320818901062,1.1379423141479492
21,2893020,2VZM,MdrDBcore03343,E94Q+N50D,1.076,0.2282024323940277,0.572320818901062,1.1379423141479492
21,2893020,1H0A,MdrDBcore03344,L6E+I13D,1.194,0.019268251955509186,0.572320818901062,1.1379423141479492
21,2893020,1MPW,MdrDBcore03345,L247V+L244A,-0.085,-0.26687997579574585,0.572320818901062,1.1379423141479492
21,2893020,1MPW,MdrDBcore03346,W87A+L247V,-0.543,-0.47208282351493835,0.572320818901062,1.1379423141479492
21,2893020,1MPW,MdrDBcore03347,W87F+L244A,-0.411,-0.30029240250587463,0.572320818901062,1.1379423141479492
21,2893020,1MPW,MdrDBcore03348,W87F+L247V,-0.411,-0.4720821678638458,0.572320818901062,1.1379423141479492
21,2893020,1MPW,MdrDBcore03349,W87L+L247V,-0.651,-0.4720827043056488,0.572320818901062,1.1379423141479492
21,2893020,3FS6,MdrDBcore03350,Q35K+N64F,-1.702,-0.6045821905136108,0.572320818901062,1.1379423141479492
21,2893020,2W3A,MdrDBcore03351,Q35K+N64F,0.14,-0.10510160773992538,0.572320818901062,1.1379423141479492
21,2893020,2W3A,MdrDBcore03352,Q35K+N64S,0.227,-0.10510172694921494,0.572320818901062,1.1379423141479492
21,2893020,2W3A,MdrDBcore03353,Q35S+N64F,0.13,-0.10510142892599106,0.572320818901062,1.1379423141479492
21,2893020,3FS6,MdrDBcore03354,Q35S+N64S,-0.74,-0.16114428639411926,0.572320818901062,1.1379423141479492
21,2893020,2W3A,MdrDBcore03355,Q35S+N64S,0.097,-0.10510165244340897,0.572320818901062,1.1379423141479492
21,2893020,2V7A,MdrDBcore03356,I315T+E255V,0.61,0.3403163552284241,0.572320818901062,1.1379423141479492
21,2893020,2V7A,MdrDBcore03357,I315T+M351T,0.651,0.34031617641448975,0.572320818901062,1.1379423141479492
21,2893020,2ITY,MdrDBcore03358,G719S+T790M,0.48,-0.15144264698028564,0.572320818901062,1.1379423141479492
21,2893020,2H4N,MdrDBcore03359,H119D+N94H,4.201,4.080169200897217,0.572320818901062,1.1379423141479492
21,2893020,2H4N,MdrDBcore03360,H119N+N94H,1.564,3.9372549057006836,0.572320818901062,1.1379423141479492
21,2893020,2H4N,MdrDBcore03361,H119Q+N94H,2.811,3.3387722969055176,0.572320818901062,1.1379423141479492
21,2893020,1AMW,MdrDBcore03362,E88G+N92L,0.676,0.7145363092422485,0.572320818901062,1.1379423141479492
21,2893020,1A4H,MdrDBcore03363,E88G+N92L,1.262,0.39990565180778503,0.572320818901062,1.1379423141479492
21,2893020,1AMW,MdrDBcore03364,K44R+K98N,0.71,0.39273419976234436,0.572320818901062,1.1379423141479492
21,2893020,1A4H,MdrDBcore03365,K44R+K98N,0.659,0.2424279749393463,0.572320818901062,1.1379423141479492
21,2893020,1AMW,MdrDBcore03366,L89V+L93I,1.321,0.5942683815956116,0.572320818901062,1.1379423141479492
21,2893020,1A4H,MdrDBcore03367,L89V+L93I,-0.522,0.2634158134460449,0.572320818901062,1.1379423141479492
21,2893020,1AMW,MdrDBcore03368,L89V+L93I+V136M,1.628,0.5942683815956116,0.572320818901062,1.1379423141479492
21,2893020,2VWC,MdrDBcore03369,L89V+L93I+V136M,0.512,0.23806506395339966,0.572320818901062,1.1379423141479492
21,2893020,1A4H,MdrDBcore03370,L89V+L93I+V136M,0.317,0.2634159028530121,0.572320818901062,1.1379423141479492
21,2893020,2AQU,MdrDBcore03371,D30N+L90M,0.821,0.4500795602798462,0.572320818901062,1.1379423141479492
21,2893020,2AQU,MdrDBcore03372,D30N+N88D,0.149,0.4500793516635895,0.572320818901062,1.1379423141479492
21,2893020,2AQU,MdrDBcore03373,D30N+N88D+L90M,0.986,0.45007947087287903,0.572320818901062,1.1379423141479492
21,2893020,2AQU,MdrDBcore03374,N88D+L90M,0.954,0.45936763286590576,0.572320818901062,1.1379423141479492
21,2893020,2Q64,MdrDBcore03375,A71V+N30D,-1.153,0.6260712742805481,0.572320818901062,1.1379423141479492
21,2893020,2Q64,MdrDBcore03376,L90M+N30D,-0.473,0.6260713338851929,0.572320818901062,1.1379423141479492
21,2893020,2Q64,MdrDBcore03377,N88D+N30D,-1.153,0.6260715126991272,0.572320818901062,1.1379423141479492
21,2893020,1SGU,MdrDBcore03378,V54I+M46I,-0.222,-0.117586649954319,0.572320818901062,1.1379423141479492
21,2893020,1SH9,MdrDBcore03379,V54I+M46I,-0.589,-0.5341338515281677,0.572320818901062,1.1379423141479492
21,2893020,1SGU,MdrDBcore03380,V54I+V84I,-2.439,-0.06642311066389084,0.572320818901062,1.1379423141479492
21,2893020,1SH9,MdrDBcore03381,V54I+V84I,-1.578,-0.5104506611824036,0.572320818901062,1.1379423141479492
21,2893020,1SGU,MdrDBcore03382,V54I+V84I+M46I,-0.456,-0.06642299145460129,0.572320818901062,1.1379423141479492
21,2893020,1SH9,MdrDBcore03383,V54I+V84I+M46I,-1.271,-0.510450541973114,0.572320818901062,1.1379423141479492
21,2893020,1QKU,MdrDBcore03384,C381S+C417S+C530S,0.749,0.5464688539505005,0.572320818901062,1.1379423141479492
21,2893020,1QKU,MdrDBcore03385,E339A+E419A+K531A,0.993,0.5464687347412109,0.572320818901062,1.1379423141479492
21,2893020,1FKW,MdrDBcore03386,D296A+E295D,3.853,2.989827871322632,0.572320818901062,1.1379423141479492
21,2893020,1FKW,MdrDBcore03387,D296N+E295D,3.007,2.5546839237213135,0.572320818901062,1.1379423141479492
21,2893020,1FKW,MdrDBcore03388,H238A+E295D,1.016,1.2602938413619995,0.572320818901062,1.1379423141479492
21,2893020,1FKW,MdrDBcore03389,H238R+E295D,0.443,1.432557463645935,0.572320818901062,1.1379423141479492
21,2893020,2BPX,MdrDBcore03390,D30N+L90M,1.016,1.1324782371520996,0.572320818901062,1.1379423141479492
21,2893020,2BPX,MdrDBcore03391,D30N+N88D,0.796,1.1324785947799683,0.572320818901062,1.1379423141479492
21,2893020,2BPX,MdrDBcore03392,D30N+N88D+L90M,0.605,1.1324788331985474,0.572320818901062,1.1379423141479492
21,2893020,3BC4,MdrDBcore03393,I50V+V84I,1.309,1.1014268398284912,0.572320818901062,1.1379423141479492
21,2893020,2BPX,MdrDBcore03394,N88D+L90M,1.354,1.2293031215667725,0.572320818901062,1.1379423141479492
21,2893020,1OH0,MdrDBcore03395,L125A+V127A,0.999,0.4271661937236786,0.572320818901062,1.1379423141479492
21,2893020,1OH0,MdrDBcore03396,L125F+V127F,0.199,0.42716625332832336,0.572320818901062,1.1379423141479492
21,2893020,1OH0,MdrDBcore03397,W92A+L125A+V127A,0.641,0.42716583609580994,0.572320818901062,1.1379423141479492
21,2893020,2V5V,MdrDBcore03398,E16K+E57W,-1.245,-0.08706218749284744,0.572320818901062,1.1379423141479492
21,2893020,2V5V,MdrDBcore03399,I59A+I92A+E57W,-0.592,-0.12172134965658188,0.572320818901062,1.1379423141479492
21,2893020,2V5V,MdrDBcore03400,I59E+I92E+E57W,-0.138,-0.1218523159623146,0.572320818901062,1.1379423141479492
21,2893020,2V5V,MdrDBcore03401,T12K+E57W,0.372,-0.11390722543001175,0.572320818901062,1.1379423141479492
21,2893020,1G6S,MdrDBcore03402,T97I+P101S,5.33,1.5554858446121216,0.572320818901062,1.1379423141479492
21,2893020,1G6T,MdrDBcore03403,T97I+P101S,0.232,0.06332120299339294,0.572320818901062,1.1379423141479492
21,2893020,1OWB,MdrDBcore03404,H110A+L109R,1.708,1.4216595888137817,0.572320818901062,1.1379423141479492
21,2893020,1OWB,MdrDBcore03405,K167A+L109R,2.126,2.337524175643921,0.572320818901062,1.1379423141479492
21,2893020,1OWB,MdrDBcore03406,N189A+L109R,1.997,2.232954502105713,0.572320818901062,1.1379423141479492
21,2893020,1OWB,MdrDBcore03407,Q182A+L109R,1.191,2.0661628246307373,0.572320818901062,1.1379423141479492
21,2893020,1OWB,MdrDBcore03408,R163L+L109R,2.095,2.2389187812805176,0.572320818901062,1.1379423141479492
21,2893020,1OWB,MdrDBcore03409,T111A+L109R,1.656,2.0903844833374023,0.572320818901062,1.1379423141479492
21,2893020,1OWB,MdrDBcore03410,T204A+L109R,1.999,2.066162586212158,0.572320818901062,1.1379423141479492
21,2893020,1OWB,MdrDBcore03411,Y145A+L109R,3.639,2.102179527282715,0.572320818901062,1.1379423141479492
21,2893020,3G0E,MdrDBcore03412,V560D+T670I,-0.211,-0.11900097876787186,0.572320818901062,1.1379423141479492
21,2893020,3EBS,MdrDBcore03413,S208I+G369S,0.942,0.7963128089904785,0.572320818901062,1.1379423141479492
21,2893020,3BKL,MdrDBcore03414,V379S+V380T,0.147,0.33035048842430115,0.572320818901062,1.1379423141479492
21,2893020,1J3I,MdrDBcore03415,A16C+S108T,-0.821,-0.22361409664154053,0.572320818901062,1.1379423141479492
21,2893020,1J3I,MdrDBcore03416,A16G+S108T,-0.411,0.12921340763568878,0.572320818901062,1.1379423141479492
21,2893020,1J3I,MdrDBcore03417,A16S+S108T,0.0,-0.1275651454925537,0.572320818901062,1.1379423141479492
21,2893020,1J3I,MdrDBcore03418,A16T+S108T,0.24,0.030128221958875656,0.572320818901062,1.1379423141479492
21,2893020,1J3I,MdrDBcore03419,A16V+S108T,0.332,-0.15236887335777283,0.572320818901062,1.1379423141479492
21,2893020,1J3I,MdrDBcore03420,C59R+S108N,0.354,0.009429767727851868,0.572320818901062,1.1379423141479492
21,2893020,1J3I,MdrDBcore03421,N51I+C59R+S108N+I164L,0.719,-0.21694189310073853,0.572320818901062,1.1379423141479492
21,2893020,2W9S,MdrDBcore03422,Y98F+A43G,-3.04,-0.6982060670852661,0.572320818901062,1.1379423141479492
21,2893020,2W9S,MdrDBcore03423,Y98F+A43G,-2.797,-0.6982066631317139,0.572320818901062,1.1379423141479492
21,2893020,2IS7,MdrDBcore03424,C298A+W219Y,-0.878,-0.8706096410751343,0.572320818901062,1.1379423141479492
21,2893020,2INZ,MdrDBcore03425,C298A+W219Y,1.311,0.9649962782859802,0.572320818901062,1.1379423141479492
21,2893020,2INE,MdrDBcore03426,C298A+W219Y,0.783,0.5781589150428772,0.572320818901062,1.1379423141479492
21,2893020,2PDK,MdrDBcore03427,L300P+M301L,-0.288,1.1030248403549194,0.572320818901062,1.1379423141479492
21,2893020,2PZN,MdrDBcore03428,S302R+C303D,2.471,1.4218026399612427,0.572320818901062,1.1379423141479492
21,2893020,2PDG,MdrDBcore03429,S302R+C303D,2.735,2.064565658569336,0.572320818901062,1.1379423141479492
21,2893020,1PWM,MdrDBcore03430,S302R+C303D,1.895,0.06999284029006958,0.572320818901062,1.1379423141479492
21,2893020,3AMA,MdrDBcore03431,Q95L+L120M+A123V,0.417,0.8552697896957397,0.572320818901062,1.1379423141479492
21,2893020,3AMB,MdrDBcore03432,Q95L+L120M+A123V,1.005,0.7600090503692627,0.572320818901062,1.1379423141479492
21,2893020,3AMA,MdrDBcore03433,R47K+L120M+A123V,0.827,0.8552694320678711,0.572320818901062,1.1379423141479492
21,2893020,3AMB,MdrDBcore03434,R47K+L120M+A123V,1.037,0.760009765625,0.572320818901062,1.1379423141479492
21,2893020,3AMA,MdrDBcore03435,R47K+Q95L+A123V,0.417,0.7922481894493103,0.572320818901062,1.1379423141479492
21,2893020,3AMB,MdrDBcore03436,R47K+Q95L+A123V,0.713,0.6160048246383667,0.572320818901062,1.1379423141479492
21,2893020,3AMA,MdrDBcore03437,R47K+Q95L+L120M,0.875,0.7605990767478943,0.572320818901062,1.1379423141479492
21,2893020,3AMB,MdrDBcore03438,R47K+Q95L+L120M,-0.393,0.7070273756980896,0.572320818901062,1.1379423141479492
21,2893020,3AMA,MdrDBcore03439,R47K+Q95L+L120M+A123V,0.719,0.8552701473236084,0.572320818901062,1.1379423141479492
21,2893020,3AMB,MdrDBcore03440,R47K+Q95L+L120M+A123V,1.373,0.7600090503692627,0.572320818901062,1.1379423141479492
21,2893020,2GMK,MdrDBcore03441,N89K+A91E,-0.364,-0.3300018012523651,0.572320818901062,1.1379423141479492
21,2893020,2GMK,MdrDBcore03442,N89R+A91E,-0.256,-0.2337704300880432,0.572320818901062,1.1379423141479492
21,2893020,3RY2,MdrDBcore03443,S52G+R53D,0.314,0.6490458846092224,0.572320818901062,1.1379423141479492
21,2893020,3RY2,MdrDBcore03444,S52G+R53S,0.0,0.6490462422370911,0.572320818901062,1.1379423141479492
21,2893020,3RY2,MdrDBcore03445,T90S+W108V+L110T+F29L+S52G+R53S,3.899,0.7725923657417297,0.572320818901062,1.1379423141479492
21,2893020,1GZ4,MdrDBcore03446,R197Q+R542V+R556Q,0.0,1.3354926109313965,0.572320818901062,1.1379423141479492
21,2893020,3CWK,MdrDBcore03447,L111R+E121L+V54T,-0.543,0.01750332862138748,0.572320818901062,1.1379423141479492
21,2893020,1P6L,MdrDBcore03448,N368D+V106M,-2.454,-2.049376964569092,0.572320818901062,1.1379423141479492
21,2893020,1P6N,MdrDBcore03449,N368D+V106M,-2.728,-2.017341375350952,0.572320818901062,1.1379423141479492
21,2893020,1P6H,MdrDBcore03450,D597N+M336V,3.171,2.2408950328826904,0.572320818901062,1.1379423141479492
21,2893020,1P6J,MdrDBcore03451,D597N+M336V,3.579,2.84871506690979,0.572320818901062,1.1379423141479492
21,2893020,3HU2,MdrDBcore03452,R53A+A86R,1.384,1.5190073251724243,0.572320818901062,1.1379423141479492
21,2893020,1PZO,MdrDBcore03453,T182M+G238A,0.11,0.08844835311174393,0.572320818901062,1.1379423141479492
21,2893020,3CKZ,MdrDBcore03454,N294S+Y274H,0.789,0.9097120761871338,0.572320818901062,1.1379423141479492
21,2893020,3CL2,MdrDBcore03455,S294N+Y252H,-3.968,-0.4019075930118561,0.572320818901062,1.1379423141479492
21,2893020,3CKZ,MdrDBcore03456,Y274H+Y252H,-0.272,1.0192660093307495,0.572320818901062,1.1379423141479492
21,2893020,2PH9,MdrDBcore03457,C190A+C191A,0.284,0.9056401252746582,0.572320818901062,1.1379423141479492
21,2893020,1MUI,MdrDBcore03458,D30N+L90M,0.821,0.5742892622947693,0.572320818901062,1.1379423141479492
21,2893020,1MUI,MdrDBcore03459,D30N+N88D+L90M,1.308,0.5742890238761902,0.572320818901062,1.1379423141479492
21,2893020,1MUI,MdrDBcore03460,N88D+L90M,0.184,0.5843052864074707,0.572320818901062,1.1379423141479492
21,2893020,2QEH,MdrDBcore03461,E7L+H35L,2.969,1.9965968132019043,0.572320818901062,1.1379423141479492
21,2893020,2PQL,MdrDBcore03462,E7L+H35L,-1.084,0.7380229234695435,0.572320818901062,1.1379423141479492
21,2893020,3AM3,MdrDBcore03463,M372A+K316A,0.181,-0.1911337673664093,0.572320818901062,1.1379423141479492
21,2893020,2JDN,MdrDBcore03464,S23A+A22S,1.758,0.44570472836494446,0.572320818901062,1.1379423141479492
21,2893020,1TPZ,MdrDBcore03465,L44R+S172R,-0.158,0.2745514214038849,0.572320818901062,1.1379423141479492
21,2893020,2DOR,MdrDBcore03466,K136E,-0.793,1.1791149377822876,0.572320818901062,1.1379423141479492
21,2893020,2DOR,MdrDBcore03467,K213E,0.826,0.883183479309082,0.572320818901062,1.1379423141479492
21,2893020,2DOR,MdrDBcore03468,N127A,1.546,1.2970432043075562,0.572320818901062,1.1379423141479492
21,2893020,2DOR,MdrDBcore03469,N193A,3.55,1.4889671802520752,0.572320818901062,1.1379423141479492
21,2893020,2DOR,MdrDBcore03470,N67A,0.247,1.5013798475265503,0.572320818901062,1.1379423141479492
21,2893020,2DOR,MdrDBcore03471,P131A,0.191,1.2723338603973389,0.572320818901062,1.1379423141479492
21,2893020,2DOR,MdrDBcore03472,P56A,2.318,1.1791152954101562,0.572320818901062,1.1379423141479492
21,2893020,2DOR,MdrDBcore03473,R50E,0.684,1.1791152954101562,0.572320818901062,1.1379423141479492
21,2893020,2DOR,MdrDBcore03474,R57A,0.703,1.178957223892212,0.572320818901062,1.1379423141479492
21,2893020,2DOR,MdrDBcore03475,S129A,0.678,1.140928864479065,0.572320818901062,1.1379423141479492
21,2893020,2RDE,MdrDBcore03476,L135R,-0.669,-0.6167340278625488,0.572320818901062,1.1379423141479492
21,2893020,3UM8,MdrDBcore03477,A16C,0.07,0.02243851125240326,0.572320818901062,1.1379423141479492
21,2893020,3UM8,MdrDBcore03478,A16G,0.732,0.702397346496582,0.572320818901062,1.1379423141479492
21,2893020,3UM8,MdrDBcore03479,A16S,2.615,0.8029614686965942,0.572320818901062,1.1379423141479492
21,2893020,3UM8,MdrDBcore03480,S108N,1.241,0.864468514919281,0.572320818901062,1.1379423141479492
21,2893020,3UM8,MdrDBcore03481,S108T,0.638,0.82448810338974,0.572320818901062,1.1379423141479492
21,2893020,4B7J,MdrDBcore03482,H275Y,2.998,-0.9525039196014404,0.572320818901062,1.1379423141479492
21,2893020,4B7N,MdrDBcore03483,H275Y,0.513,-0.6498099565505981,0.572320818901062,1.1379423141479492
21,2893020,4B7J,MdrDBcore03484,R223I,-2.297,-1.1614990234375,0.572320818901062,1.1379423141479492
21,2893020,4B7N,MdrDBcore03485,R223I,-1.313,-1.045559048652649,0.572320818901062,1.1379423141479492
21,2893020,2Q2A,MdrDBcore03486,E163Q,0.798,1.1451729536056519,0.572320818901062,1.1379423141479492
21,2893020,2Q2A,MdrDBcore03487,E35K,3.343,1.1248396635055542,0.572320818901062,1.1379423141479492
21,2893020,2Q2A,MdrDBcore03488,G168R,0.757,1.1451724767684937,0.572320818901062,1.1379423141479492
21,2893020,2Q2A,MdrDBcore03489,G40A,0.379,1.1451728343963623,0.572320818901062,1.1379423141479492
21,2893020,2Q2A,MdrDBcore03490,K41E,0.527,1.14517343044281,0.572320818901062,1.1379423141479492
21,2893020,2Q2A,MdrDBcore03491,N166C,0.757,1.1451729536056519,0.572320818901062,1.1379423141479492
21,2893020,2Q2A,MdrDBcore03492,Q132L,1.247,1.2148839235305786,0.572320818901062,1.1379423141479492
21,2893020,2R5Q,MdrDBcore03493,D30N,2.384,0.44633761048316956,0.572320818901062,1.1379423141479492
21,2893020,2R5Q,MdrDBcore03494,D30N,2.384,0.4463377594947815,0.572320818901062,1.1379423141479492
21,2893020,2R5P,MdrDBcore03495,D30N,0.68,0.03992438688874245,0.572320818901062,1.1379423141479492
21,2893020,2R5Q,MdrDBcore03496,L90M,0.388,0.36998558044433594,0.572320818901062,1.1379423141479492
21,2893020,2R5Q,MdrDBcore03497,L90M,0.388,0.3699851632118225,0.572320818901062,1.1379423141479492
21,2893020,2R5P,MdrDBcore03498,L90M,0.197,0.16735297441482544,0.572320818901062,1.1379423141479492
21,2893020,2R5Q,MdrDBcore03499,N88D,0.493,0.3699856400489807,0.572320818901062,1.1379423141479492
21,2893020,2R5Q,MdrDBcore03500,N88D,0.493,0.3699856698513031,0.572320818901062,1.1379423141479492
21,2893020,2R5P,MdrDBcore03501,N88D,1.176,0.14130033552646637,0.572320818901062,1.1379423141479492
21,2893020,2HDK,MdrDBcore03502,A318C,-0.072,-0.03769303113222122,0.572320818901062,1.1379423141479492
21,2893020,1VKJ,MdrDBcore03503,E90Q,-0.554,-0.3815380036830902,0.572320818901062,1.1379423141479492
21,2893020,1VKJ,MdrDBcore03504,K123A,-0.143,-0.7338613271713257,0.572320818901062,1.1379423141479492
21,2893020,1VKJ,MdrDBcore03505,R67E,0.149,-0.5895604491233826,0.572320818901062,1.1379423141479492
21,2893020,1VKJ,MdrDBcore03506,R72E,-0.587,-1.128490924835205,0.572320818901062,1.1379423141479492
21,2893020,2OFW,MdrDBcore03507,H34N,-1.005,-0.8242459297180176,0.572320818901062,1.1379423141479492
21,2893020,2OFW,MdrDBcore03508,N27A,-0.917,-0.8242460489273071,0.572320818901062,1.1379423141479492
21,2893020,2OFW,MdrDBcore03509,Q31A,-0.889,-0.9062713384628296,0.572320818901062,1.1379423141479492
21,2893020,3I73,MdrDBcore03510,S238A,0.869,0.5453672409057617,0.572320818901062,1.1379423141479492
21,2893020,2JBZ,MdrDBcore03511,D111A,0.477,0.3467853367328644,0.572320818901062,1.1379423141479492
21,2893020,2JBZ,MdrDBcore03512,E57A,1.116,0.3136483430862427,0.572320818901062,1.1379423141479492
21,2893020,2JBZ,MdrDBcore03513,H110A,0.1,0.27257123589515686,0.572320818901062,1.1379423141479492
21,2893020,2JBZ,MdrDBcore03514,R15A,0.441,0.28496086597442627,0.572320818901062,1.1379423141479492
21,2893020,2VZM,MdrDBcore03515,E85Q,0.582,0.18135201930999756,0.572320818901062,1.1379423141479492
21,2893020,2VZ7,MdrDBcore03516,E85Q,1.401,0.6145496368408203,0.572320818901062,1.1379423141479492
21,2893020,2VZM,MdrDBcore03517,E94Q,0.955,0.368206650018692,0.572320818901062,1.1379423141479492
21,2893020,2VZM,MdrDBcore03518,N50D,0.184,0.5359103083610535,0.572320818901062,1.1379423141479492
21,2893020,2VZ7,MdrDBcore03519,N50D,0.765,0.661641001701355,0.572320818901062,1.1379423141479492
21,2893020,1H0A,MdrDBcore03520,L6E,0.229,0.5717490315437317,0.572320818901062,1.1379423141479492
21,2893020,1H0A,MdrDBcore03521,L6Q,-0.108,0.5717486143112183,0.572320818901062,1.1379423141479492
21,2893020,1MPW,MdrDBcore03522,L244A,-0.132,-0.799667477607727,0.572320818901062,1.1379423141479492
21,2893020,1MPW,MdrDBcore03523,L247V,-0.783,-0.7999552488327026,0.572320818901062,1.1379423141479492
21,2893020,1MPW,MdrDBcore03524,W87F,-0.452,-0.8674895763397217,0.572320818901062,1.1379423141479492
21,2893020,1AKR,MdrDBcore03525,A61G,-0.728,0.30608057975769043,0.572320818901062,1.1379423141479492
21,2893020,1AKU,MdrDBcore03526,A95D,-0.786,-0.3075731098651886,0.572320818901062,1.1379423141479492
21,2893020,1AKV,MdrDBcore03527,A95E,-0.812,-0.08174920827150345,0.572320818901062,1.1379423141479492
21,2893020,1AKV,MdrDBcore03528,A95N,-0.288,0.3104153573513031,0.572320818901062,1.1379423141479492
21,2893020,1AKV,MdrDBcore03529,A95N,-0.377,0.31041547656059265,0.572320818901062,1.1379423141479492
21,2893020,1C7E,MdrDBcore03530,E95D,-0.383,-0.20310580730438232,0.572320818901062,1.1379423141479492
21,2893020,1AKW,MdrDBcore03531,L61G,-1.412,-0.35072463750839233,0.572320818901062,1.1379423141479492
21,2893020,1AKT,MdrDBcore03532,N61G,-1.535,-0.33413150906562805,0.572320818901062,1.1379423141479492
21,2893020,1HLD,MdrDBcore03533,F93A,1.679,2.0571515560150146,0.572320818901062,1.1379423141479492
21,2893020,1N92,MdrDBcore03534,T178S,-0.471,1.3634033203125,0.572320818901062,1.1379423141479492
21,2893020,1N92,MdrDBcore03535,T178V,1.26,1.2181476354599,0.572320818901062,1.1379423141479492
21,2893020,1N92,MdrDBcore03536,V203A,-0.04,1.2961275577545166,0.572320818901062,1.1379423141479492
21,2893020,1N92,MdrDBcore03537,V292A,2.115,1.257095217704773,0.572320818901062,1.1379423141479492
21,2893020,1N92,MdrDBcore03538,V292S,2.337,1.2871254682540894,0.572320818901062,1.1379423141479492
21,2893020,1N92,MdrDBcore03539,V292T,2.015,1.241828441619873,0.572320818901062,1.1379423141479492
21,2893020,3EIG,MdrDBcore03540,E35Q,-1.747,-1.2537591457366943,0.572320818901062,1.1379423141479492
21,2893020,1DLR,MdrDBcore03541,F22W,-0.288,-0.5534201264381409,0.572320818901062,1.1379423141479492
21,2893020,1DLR,MdrDBcore03542,F22Y,1.991,-0.2223583161830902,0.572320818901062,1.1379423141479492
21,2893020,3N0H,MdrDBcore03543,F64S,-0.103,0.028143897652626038,0.572320818901062,1.1379423141479492
21,2893020,3S3V,MdrDBcore03544,K35S,0.033,-0.4934103190898895,0.572320818901062,1.1379423141479492
21,2893020,1U72,MdrDBcore03545,L22F,3.009,2.309399127960205,0.572320818901062,1.1379423141479492
21,2893020,1U72,MdrDBcore03546,L22R,4.268,2.397834539413452,0.572320818901062,1.1379423141479492
21,2893020,1U72,MdrDBcore03547,L22W,4.233,3.936619758605957,0.572320818901062,1.1379423141479492
21,2893020,1U72,MdrDBcore03548,L22Y,4.783,4.040805816650391,0.572320818901062,1.1379423141479492
21,2893020,3FS6,MdrDBcore03549,N64F,-2.245,-1.4579975605010986,0.572320818901062,1.1379423141479492
21,2893020,2W3A,MdrDBcore03550,N64F,0.303,-0.008578173816204071,0.572320818901062,1.1379423141479492
21,2893020,2W3A,MdrDBcore03551,N64F,-1.416,-0.008578576147556305,0.572320818901062,1.1379423141479492
21,2893020,3FS6,MdrDBcore03552,N64S,-1.364,-1.2784801721572876,0.572320818901062,1.1379423141479492
21,2893020,2W3A,MdrDBcore03553,N64S,0.199,-0.02232736349105835,0.572320818901062,1.1379423141479492
21,2893020,2W3A,MdrDBcore03554,N64S,-1.015,-0.022327668964862823,0.572320818901062,1.1379423141479492
21,2893020,3FS6,MdrDBcore03555,Q35K,-1.968,-1.153902292251587,0.572320818901062,1.1379423141479492
21,2893020,2W3A,MdrDBcore03556,Q35K,0.605,-0.22296464443206787,0.572320818901062,1.1379423141479492
21,2893020,2W3A,MdrDBcore03557,Q35K,-1.577,-0.2229645848274231,0.572320818901062,1.1379423141479492
21,2893020,3FS6,MdrDBcore03558,Q35S,0.249,-0.9851791858673096,0.572320818901062,1.1379423141479492
21,2893020,2W3A,MdrDBcore03559,Q35S,-0.1,-0.5804557800292969,0.572320818901062,1.1379423141479492
21,2893020,2W3A,MdrDBcore03560,Q35S,-0.655,-0.5804558992385864,0.572320818901062,1.1379423141479492
21,2893020,3EIG,MdrDBcore03561,R31F,-3.603,-1.1694707870483398,0.572320818901062,1.1379423141479492
21,2893020,3N0H,MdrDBcore03562,S35K,-0.033,-0.4898734390735626,0.572320818901062,1.1379423141479492
21,2893020,2P4T,MdrDBcore03563,H67Q,1.997,1.3057873249053955,0.572320818901062,1.1379423141479492
21,2893020,3PCA,MdrDBcore03564,Y408C,1.853,0.3929003179073334,0.572320818901062,1.1379423141479492
21,2893020,3PCA,MdrDBcore03565,Y408H,1.628,0.3420860469341278,0.572320818901062,1.1379423141479492
21,2893020,1BF3,MdrDBcore03566,K42R,-0.821,-0.42222145199775696,0.572320818901062,1.1379423141479492
21,2893020,1BF3,MdrDBcore03567,K42S,-0.108,-0.422220915555954,0.572320818901062,1.1379423141479492
21,2893020,1NJB,MdrDBcore03568,C229A,0.036,-0.29611602425575256,0.572320818901062,1.1379423141479492
21,2893020,1NJB,MdrDBcore03569,C229E,0.713,1.2724857330322266,0.572320818901062,1.1379423141479492
21,2893020,1NJB,MdrDBcore03570,C229G,-0.224,0.31184113025665283,0.572320818901062,1.1379423141479492
21,2893020,1NJB,MdrDBcore03571,C229I,1.29,0.8658681511878967,0.572320818901062,1.1379423141479492
21,2893020,1NJB,MdrDBcore03572,C229L,1.517,0.8902509212493896,0.572320818901062,1.1379423141479492
21,2893020,1NJB,MdrDBcore03573,C229M,1.29,0.8155865669250488,0.572320818901062,1.1379423141479492
21,2893020,1NJB,MdrDBcore03574,C229Q,-0.242,1.1424918174743652,0.572320818901062,1.1379423141479492
21,2893020,1NJB,MdrDBcore03575,C229S,-0.361,0.5753795504570007,0.572320818901062,1.1379423141479492
21,2893020,1NJB,MdrDBcore03576,C229T,1.688,0.5745746493339539,0.572320818901062,1.1379423141479492
21,2893020,1NJB,MdrDBcore03577,C229V,1.58,0.5563299655914307,0.572320818901062,1.1379423141479492
21,2893020,1NJB,MdrDBcore03578,C229W,2.091,1.461398959159851,0.572320818901062,1.1379423141479492
21,2893020,1TSL,MdrDBcore03579,E60D,1.089,0.44875943660736084,0.572320818901062,1.1379423141479492
21,2893020,1TSM,MdrDBcore03580,E60D,-0.543,0.26662206649780273,0.572320818901062,1.1379423141479492
21,2893020,1NJE,MdrDBcore03581,N229A,-3.612,-2.328592300415039,0.572320818901062,1.1379423141479492
21,2893020,1THY,MdrDBcore03582,N229A,0.888,0.3779556155204773,0.572320818901062,1.1379423141479492
21,2893020,1NJE,MdrDBcore03583,N229C,-3.61,-1.8158550262451172,0.572320818901062,1.1379423141479492
21,2893020,1THY,MdrDBcore03584,N229C,0.852,0.44577398896217346,0.572320818901062,1.1379423141479492
21,2893020,1NJE,MdrDBcore03585,N229D,-2.086,-0.7291610240936279,0.572320818901062,1.1379423141479492
21,2893020,1NJE,MdrDBcore03586,N229E,-1.22,-0.5589723587036133,0.572320818901062,1.1379423141479492
21,2893020,1NJE,MdrDBcore03587,N229G,-3.37,-2.3065097332000732,0.572320818901062,1.1379423141479492
21,2893020,1THY,MdrDBcore03588,N229G,0.477,0.6308258771896362,0.572320818901062,1.1379423141479492
21,2893020,1NJE,MdrDBcore03589,N229I,-2.015,-1.400838017463684,0.572320818901062,1.1379423141479492
21,2893020,1THY,MdrDBcore03590,N229I,2.011,1.5861546993255615,0.572320818901062,1.1379423141479492
21,2893020,1NJE,MdrDBcore03591,N229L,-2.328,-1.2685775756835938,0.572320818901062,1.1379423141479492
21,2893020,1NJE,MdrDBcore03592,N229M,-3.527,-0.5397137999534607,0.572320818901062,1.1379423141479492
21,2893020,1NJE,MdrDBcore03593,N229Q,0.329,-0.28105324506759644,0.572320818901062,1.1379423141479492
21,2893020,1NJE,MdrDBcore03594,N229S,-3.55,-2.2525475025177,0.572320818901062,1.1379423141479492
21,2893020,1THY,MdrDBcore03595,N229S,0.491,1.7784076929092407,0.572320818901062,1.1379423141479492
21,2893020,1NJE,MdrDBcore03596,N229T,-3.82,-2.2529187202453613,0.572320818901062,1.1379423141479492
21,2893020,1NJE,MdrDBcore03597,N229V,-2.104,-2.1864657402038574,0.572320818901062,1.1379423141479492
21,2893020,1NJE,MdrDBcore03598,N229W,-1.449,-0.9198604822158813,0.572320818901062,1.1379423141479492
21,2893020,2TDM,MdrDBcore03599,R179A,2.596,0.4662155508995056,0.572320818901062,1.1379423141479492
21,2893020,2TDM,MdrDBcore03600,R179K,2.374,0.4662151336669922,0.572320818901062,1.1379423141479492
21,2893020,1TSL,MdrDBcore03601,V316A,1.731,0.5194543600082397,0.572320818901062,1.1379423141479492
21,2893020,1TSM,MdrDBcore03602,V316A,1.52,0.2666221261024475,0.572320818901062,1.1379423141479492
21,2893020,1TSL,MdrDBcore03603,W82Y,0.211,0.44875943660736084,0.572320818901062,1.1379423141479492
21,2893020,2ITY,MdrDBcore03604,G719S,0.48,-0.22614863514900208,0.572320818901062,1.1379423141479492
21,2893020,1CNQ,MdrDBcore03605,A54L,-0.145,-0.8210816979408264,0.572320818901062,1.1379423141479492
21,2893020,1YYZ,MdrDBcore03606,L54A,-5.046,-0.6181684732437134,0.572320818901062,1.1379423141479492
21,2893020,1OSS,MdrDBcore03607,P190A,-0.299,-0.3746480941772461,0.572320818901062,1.1379423141479492
21,2893020,1OSS,MdrDBcore03608,P190S,-0.728,-0.3704972565174103,0.572320818901062,1.1379423141479492
21,2893020,1OSS,MdrDBcore03609,P190T,-1.069,-0.35822489857673645,0.572320818901062,1.1379423141479492
21,2893020,1OSS,MdrDBcore03610,P190V,1.473,-0.3838545083999634,0.572320818901062,1.1379423141479492
21,2893020,2H4N,MdrDBcore03611,N94C,6.056,4.497915744781494,0.572320818901062,1.1379423141479492
21,2893020,2H4N,MdrDBcore03612,N94D,6.842,3.457732677459717,0.572320818901062,1.1379423141479492
21,2893020,2H4N,MdrDBcore03613,N94E,7.431,4.214051246643066,0.572320818901062,1.1379423141479492
21,2893020,2H4N,MdrDBcore03614,N94Q,2.861,4.1000566482543945,0.572320818901062,1.1379423141479492
21,2893020,1TPH,MdrDBcore03615,S96P,1.572,1.090238332748413,0.572320818901062,1.1379423141479492
21,2893020,1OGZ,MdrDBcore03616,A39G,-0.143,0.09668290615081787,0.572320818901062,1.1379423141479492
21,2893020,2JGS,MdrDBcore03617,M76N,-1.684,-1.7632735967636108,0.572320818901062,1.1379423141479492
21,2893020,1HK1,MdrDBcore03618,R218H,-0.726,-0.9851136207580566,0.572320818901062,1.1379423141479492
21,2893020,1HK1,MdrDBcore03619,R218P,-1.292,-0.5917514562606812,0.572320818901062,1.1379423141479492
21,2893020,1AMW,MdrDBcore03620,E88G,0.076,0.7111642956733704,0.572320818901062,1.1379423141479492
21,2893020,1A4H,MdrDBcore03621,E88G,-0.113,0.011853627860546112,0.572320818901062,1.1379423141479492
21,2893020,1AMW,MdrDBcore03622,K44R,0.229,0.32839885354042053,0.572320818901062,1.1379423141479492
21,2893020,1A4H,MdrDBcore03623,K44R,0.245,0.2001492977142334,0.572320818901062,1.1379423141479492
21,2893020,1AMW,MdrDBcore03624,K98N,0.65,0.7439330816268921,0.572320818901062,1.1379423141479492
21,2893020,1A4H,MdrDBcore03625,K98N,-0.362,-0.24372339248657227,0.572320818901062,1.1379423141479492
21,2893020,1AMW,MdrDBcore03626,L89V,0.58,0.7111643552780151,0.572320818901062,1.1379423141479492
21,2893020,1A4H,MdrDBcore03627,L89V,-0.95,-0.48955008387565613,0.572320818901062,1.1379423141479492
21,2893020,1AMW,MdrDBcore03628,L93I,0.527,0.594268798828125,0.572320818901062,1.1379423141479492
21,2893020,1A4H,MdrDBcore03629,L93I,-0.742,-0.002753831446170807,0.572320818901062,1.1379423141479492
21,2893020,1AMW,MdrDBcore03630,N92L,0.654,0.714536190032959,0.572320818901062,1.1379423141479492
21,2893020,1A4H,MdrDBcore03631,N92L,0.19,-0.002684064209461212,0.572320818901062,1.1379423141479492
21,2893020,1AMW,MdrDBcore03632,V136M,1.221,0.48537877202033997,0.572320818901062,1.1379423141479492
21,2893020,2VWC,MdrDBcore03633,V136M,0.399,0.388901948928833,0.572320818901062,1.1379423141479492
21,2893020,1A4H,MdrDBcore03634,V136M,0.487,0.025435909628868103,0.572320818901062,1.1379423141479492
21,2893020,1E2K,MdrDBcore03635,Y101F,0.893,1.0213494300842285,0.572320818901062,1.1379423141479492
21,2893020,2AQU,MdrDBcore03636,D30N,0.622,0.6200940012931824,0.572320818901062,1.1379423141479492
21,2893020,2AQU,MdrDBcore03637,D30N,0.622,0.620093584060669,0.572320818901062,1.1379423141479492
21,2893020,1GNO,MdrDBcore03638,G48H,1.057,1.6153345108032227,0.572320818901062,1.1379423141479492
21,2893020,3TKW,MdrDBcore03639,G48V,2.001,1.4134470224380493,0.572320818901062,1.1379423141479492
21,2893020,3TKW,MdrDBcore03640,I50V,2.035,1.2791138887405396,0.572320818901062,1.1379423141479492
21,2893020,3NU3,MdrDBcore03641,I50V,2.015,0.5963844656944275,0.572320818901062,1.1379423141479492
21,2893020,3TKW,MdrDBcore03642,I54M,0.601,0.9377071857452393,0.572320818901062,1.1379423141479492
21,2893020,3NU3,MdrDBcore03643,I54M,0.713,0.6087155342102051,0.572320818901062,1.1379423141479492
21,2893020,3TKW,MdrDBcore03644,I54V,1.276,0.9377073049545288,0.572320818901062,1.1379423141479492
21,2893020,3NU3,MdrDBcore03645,I54V,0.596,0.608715295791626,0.572320818901062,1.1379423141479492
21,2893020,3NU3,MdrDBcore03646,I84V,1.062,0.5938825011253357,0.572320818901062,1.1379423141479492
21,2893020,1RTD,MdrDBcore03647,K65A,1.02,0.7903941869735718,0.572320818901062,1.1379423141479492
21,2893020,1RTD,MdrDBcore03648,K65R,0.118,0.3055560886859894,0.572320818901062,1.1379423141479492
21,2893020,3NU3,MdrDBcore03649,L90M,0.038,0.6087153553962708,0.572320818901062,1.1379423141479492
21,2893020,2AQU,MdrDBcore03650,L90M,0.526,0.598405122756958,0.572320818901062,1.1379423141479492
21,2893020,2AQU,MdrDBcore03651,L90M,0.526,0.5984053611755371,0.572320818901062,1.1379423141479492
21,2893020,2AQU,MdrDBcore03652,N88D,0.651,0.5984055995941162,0.572320818901062,1.1379423141479492
21,2893020,2AQU,MdrDBcore03653,N88D,0.651,0.5984054803848267,0.572320818901062,1.1379423141479492
21,2893020,1RTD,MdrDBcore03654,R72A,1.374,1.7539114952087402,0.572320818901062,1.1379423141479492
21,2893020,3NU3,MdrDBcore03655,V32I,1.364,0.6087449789047241,0.572320818901062,1.1379423141479492
21,2893020,1GNO,MdrDBcore03656,V82D,1.974,1.6722791194915771,0.572320818901062,1.1379423141479492
21,2893020,1GNO,MdrDBcore03657,V82N,2.757,1.6935738325119019,0.572320818901062,1.1379423141479492
21,2893020,2Q64,MdrDBcore03658,A71V,0.954,0.8955559134483337,0.572320818901062,1.1379423141479492
21,2893020,2Q64,MdrDBcore03659,A71V,0.954,0.8955554366111755,0.572320818901062,1.1379423141479492
21,2893020,2Z4O,MdrDBcore03660,D30N,1.68,1.2467538118362427,0.572320818901062,1.1379423141479492
21,2893020,2Z4O,MdrDBcore03661,I50V,1.215,1.2366052865982056,0.572320818901062,1.1379423141479492
21,2893020,2ZGA,MdrDBcore03662,I50V,1.955,1.3064751625061035,0.572320818901062,1.1379423141479492
21,2893020,2IEN,MdrDBcore03663,I84V,0.689,1.1774824857711792,0.572320818901062,1.1379423141479492
21,2893020,2Z4O,MdrDBcore03664,I84V,0.679,1.2420897483825684,0.572320818901062,1.1379423141479492
21,2893020,2ZGA,MdrDBcore03665,I84V,0.815,1.2518653869628906,0.572320818901062,1.1379423141479492
21,2893020,2Q64,MdrDBcore03666,L90M,1.159,0.8955554962158203,0.572320818901062,1.1379423141479492
21,2893020,2Q64,MdrDBcore03667,L90M,1.159,0.8955556154251099,0.572320818901062,1.1379423141479492
21,2893020,1SDT,MdrDBcore03668,L90M,-1.089,0.061334479600191116,0.572320818901062,1.1379423141479492
21,2893020,1SGU,MdrDBcore03669,M46I,-1.577,-0.474338561296463,0.572320818901062,1.1379423141479492
21,2893020,1SH9,MdrDBcore03670,M46I,-0.238,-0.7659214735031128,0.572320818901062,1.1379423141479492
21,2893020,1SH9,MdrDBcore03671,M46I,-0.238,-0.7659213542938232,0.572320818901062,1.1379423141479492
21,2893020,2Q64,MdrDBcore03672,N30D,-1.775,0.9296716451644897,0.572320818901062,1.1379423141479492
21,2893020,2Q64,MdrDBcore03673,N88D,1.513,0.895555853843689,0.572320818901062,1.1379423141479492
21,2893020,2Q64,MdrDBcore03674,N88D,1.513,0.8955554962158203,0.572320818901062,1.1379423141479492
21,2893020,2R43,MdrDBcore03675,V50I,-0.776,-1.2692070007324219,0.572320818901062,1.1379423141479492
21,2893020,2R3T,MdrDBcore03676,V50I,-0.997,-0.5023764371871948,0.572320818901062,1.1379423141479492
21,2893020,1SGU,MdrDBcore03677,V54I,-1.572,-0.26838552951812744,0.572320818901062,1.1379423141479492
21,2893020,1SH9,MdrDBcore03678,V54I,-0.589,-0.9168746471405029,0.572320818901062,1.1379423141479492
21,2893020,1SH9,MdrDBcore03679,V54I,-1.026,-0.9168741703033447,0.572320818901062,1.1379423141479492
21,2893020,2IEN,MdrDBcore03680,V82A,0.155,0.6802298426628113,0.572320818901062,1.1379423141479492
21,2893020,2Z4O,MdrDBcore03681,V82A,0.644,1.0711432695388794,0.572320818901062,1.1379423141479492
21,2893020,1NH0,MdrDBcore03682,V82A,-0.292,1.2544478178024292,0.572320818901062,1.1379423141479492
21,2893020,1SDT,MdrDBcore03683,V82A,0.717,0.0885014533996582,0.572320818901062,1.1379423141479492
21,2893020,2R3W,MdrDBcore03684,V84I,0.442,0.5290698409080505,0.572320818901062,1.1379423141479492
21,2893020,2R38,MdrDBcore03685,V84I,2.536,2.1388771533966064,0.572320818901062,1.1379423141479492
21,2893020,1SGU,MdrDBcore03686,V84I,-1.401,-0.21135035157203674,0.572320818901062,1.1379423141479492
21,2893020,1SH9,MdrDBcore03687,V84I,-1.026,-0.8438618779182434,0.572320818901062,1.1379423141479492
21,2893020,1SH9,MdrDBcore03688,V84I,-1.271,-0.8438617587089539,0.572320818901062,1.1379423141479492
21,2893020,1KDK,MdrDBcore03689,H136Q,0.17,0.31513604521751404,0.572320818901062,1.1379423141479492
21,2893020,1KDK,MdrDBcore03690,K134A,0.341,0.559188961982727,0.572320818901062,1.1379423141479492
21,2893020,1KDK,MdrDBcore03691,L131G,1.651,0.8203876614570618,0.572320818901062,1.1379423141479492
21,2893020,1KDK,MdrDBcore03692,P130G,0.218,0.3151358962059021,0.572320818901062,1.1379423141479492
21,2893020,1KDK,MdrDBcore03693,P137G,0.062,0.31513577699661255,0.572320818901062,1.1379423141479492
21,2893020,1BWB,MdrDBcore03694,F82V,-1.589,0.6021038293838501,0.572320818901062,1.1379423141479492
21,2893020,1BWB,MdrDBcore03695,V84I,-2.566,0.5764400362968445,0.572320818901062,1.1379423141479492
21,2893020,2BPX,MdrDBcore03696,D30N,0.979,1.1324779987335205,0.572320818901062,1.1379423141479492
21,2893020,2AOD,MdrDBcore03697,I84V,1.061,0.2659701406955719,0.572320818901062,1.1379423141479492
21,2893020,2BPX,MdrDBcore03698,L90M,0.605,1.2293028831481934,0.572320818901062,1.1379423141479492
21,2893020,2BPX,MdrDBcore03699,N88D,1.01,1.229303002357483,0.572320818901062,1.1379423141479492
21,2893020,2AOD,MdrDBcore03700,V82A,-0.835,0.17444610595703125,0.572320818901062,1.1379423141479492
21,2893020,3BC4,MdrDBcore03701,V84I,0.884,0.728104293346405,0.572320818901062,1.1379423141479492
21,2893020,2J27,MdrDBcore03702,A168P,-0.821,0.2595900297164917,0.572320818901062,1.1379423141479492
21,2893020,2V2C,MdrDBcore03703,L178A,-1.217,-0.8496201634407043,0.572320818901062,1.1379423141479492
21,2893020,3E6K,MdrDBcore03704,A183D,-4.292,-3.315091609954834,0.572320818901062,1.1379423141479492
21,2893020,3E6V,MdrDBcore03705,N183D,-2.003,-2.1697700023651123,0.572320818901062,1.1379423141479492
21,2893020,3DT4,MdrDBcore03706,A467G,-4.914,-0.5068624019622803,0.572320818901062,1.1379423141479492
21,2893020,3DTB,MdrDBcore03707,A467G,1.019,0.5929598808288574,0.572320818901062,1.1379423141479492
21,2893020,3DT7,MdrDBcore03708,A467G,-1.118,-1.091637372970581,0.572320818901062,1.1379423141479492
21,2893020,1OH0,MdrDBcore03709,W92A,0.467,1.0191349983215332,0.572320818901062,1.1379423141479492
21,2893020,3E9B,MdrDBcore03710,A135S,-2.123,-1.9374417066574097,0.572320818901062,1.1379423141479492
21,2893020,3E9B,MdrDBcore03711,A135T,-1.434,-1.9353750944137573,0.572320818901062,1.1379423141479492
21,2893020,1K3L,MdrDBcore03712,I219A,1.731,0.509311854839325,0.572320818901062,1.1379423141479492
21,2893020,3E2Q,MdrDBcore03713,S540A,0.29,0.05990239232778549,0.572320818901062,1.1379423141479492
21,2893020,3E2S,MdrDBcore03714,S540A,0.977,1.4399688243865967,0.572320818901062,1.1379423141479492
21,2893020,3E2R,MdrDBcore03715,S540A,0.984,-0.6849127411842346,0.572320818901062,1.1379423141479492
21,2893020,3E2Q,MdrDBcore03716,S540Y,0.814,0.9144608378410339,0.572320818901062,1.1379423141479492
21,2893020,3E2R,MdrDBcore03717,S540Y,-1.708,-1.2233999967575073,0.572320818901062,1.1379423141479492
21,2893020,3FRE,MdrDBcore03718,F98Y,3.051,2.0303525924682617,0.572320818901062,1.1379423141479492
21,2893020,3I8A,MdrDBcore03719,N30H,-0.531,0.44750383496284485,0.572320818901062,1.1379423141479492
21,2893020,2V5V,MdrDBcore03720,E57K,0.441,0.036381203681230545,0.572320818901062,1.1379423141479492
21,2893020,2V5V,MdrDBcore03721,E57R,0.404,-0.47162631154060364,0.572320818901062,1.1379423141479492
21,2893020,2V5V,MdrDBcore03722,E57W,-0.821,0.1655929684638977,0.572320818901062,1.1379423141479492
21,2893020,1FLV,MdrDBcore03723,W57A,2.24,1.7422302961349487,0.572320818901062,1.1379423141479492
21,2893020,1FLV,MdrDBcore03724,W57F,2.054,1.5393927097320557,0.572320818901062,1.1379423141479492
21,2893020,1FLV,MdrDBcore03725,W57L,1.927,2.1984517574310303,0.572320818901062,1.1379423141479492
21,2893020,1FLV,MdrDBcore03726,W57Y,1.516,1.588469386100769,0.572320818901062,1.1379423141479492
21,2893020,1FLV,MdrDBcore03727,Y94A,3.963,2.6982929706573486,0.572320818901062,1.1379423141479492
21,2893020,1FLV,MdrDBcore03728,Y94F,0.821,1.3114135265350342,0.572320818901062,1.1379423141479492
21,2893020,1FLV,MdrDBcore03729,Y94W,1.514,1.4422498941421509,0.572320818901062,1.1379423141479492
21,2893020,2QFU,MdrDBcore03730,L101P,-3.025,-0.49357327818870544,0.572320818901062,1.1379423141479492
21,2893020,2QFQ,MdrDBcore03731,L101P,-0.303,0.04932047426700592,0.572320818901062,1.1379423141479492
21,2893020,1G6S,MdrDBcore03732,P101S,1.364,0.9397963285446167,0.572320818901062,1.1379423141479492
21,2893020,1G6T,MdrDBcore03733,P101S,0.232,0.1602485179901123,0.572320818901062,1.1379423141479492
21,2893020,2QFT,MdrDBcore03734,S101A,0.734,0.931195080280304,0.572320818901062,1.1379423141479492
21,2893020,2QFS,MdrDBcore03735,S101A,-0.17,-0.05286579579114914,0.572320818901062,1.1379423141479492
21,2893020,2QFT,MdrDBcore03736,S101G,0.462,0.931195080280304,0.572320818901062,1.1379423141479492
21,2893020,2QFS,MdrDBcore03737,S101G,-0.17,-0.05286582559347153,0.572320818901062,1.1379423141479492
21,2893020,2QFT,MdrDBcore03738,S101P,-1.553,-1.2151989936828613,0.572320818901062,1.1379423141479492
21,2893020,2QFS,MdrDBcore03739,S101P,-0.17,-0.0527740940451622,0.572320818901062,1.1379423141479492
21,2893020,1G6S,MdrDBcore03740,T97I,3.379,0.9342372417449951,0.572320818901062,1.1379423141479492
21,2893020,1G6T,MdrDBcore03741,T97I,0.28,0.11086804419755936,0.572320818901062,1.1379423141479492
21,2893020,1EGH,MdrDBcore03742,H98N,0.631,-1.2672582864761353,0.572320818901062,1.1379423141479492
21,2893020,1OWB,MdrDBcore03743,L109R,0.191,-0.16691043972969055,0.572320818901062,1.1379423141479492
21,2893020,1Z95,MdrDBcore03744,L741W,0.383,-0.056879542768001556,0.572320818901062,1.1379423141479492
21,2893020,2AMA,MdrDBcore03745,W741L,2.193,2.326077461242676,0.572320818901062,1.1379423141479492
21,2893020,1WDR,MdrDBcore03746,S342T,0.603,0.8863503336906433,0.572320818901062,1.1379423141479492
21,2893020,1WDQ,MdrDBcore03747,V342T,-0.127,0.0425117090344429,0.572320818901062,1.1379423141479492
21,2893020,3G0E,MdrDBcore03748,D816H,0.056,-0.015127487480640411,0.572320818901062,1.1379423141479492
21,2893020,3G0E,MdrDBcore03749,D816V,-0.255,-0.015127502381801605,0.572320818901062,1.1379423141479492
21,2893020,3G0E,MdrDBcore03750,V560D,-0.897,-0.015127785503864288,0.572320818901062,1.1379423141479492
21,2893020,2OBF,MdrDBcore03751,A57K,1.971,1.7419949769973755,0.572320818901062,1.1379423141479492
21,2893020,1N7J,MdrDBcore03752,D267A,4.398,3.2022910118103027,0.572320818901062,1.1379423141479492
21,2893020,1N7I,MdrDBcore03753,D267A,2.902,2.933274745941162,0.572320818901062,1.1379423141479492
21,2893020,1YZ3,MdrDBcore03754,D267A,3.832,2.398630142211914,0.572320818901062,1.1379423141479492
21,2893020,1HNN,MdrDBcore03755,D267A,4.676,4.564995288848877,0.572320818901062,1.1379423141479492
21,2893020,1N7J,MdrDBcore03756,E219A,3.616,2.7223622798919678,0.572320818901062,1.1379423141479492
21,2893020,1N7I,MdrDBcore03757,E219A,3.889,2.8285529613494873,0.572320818901062,1.1379423141479492
21,2893020,1YZ3,MdrDBcore03758,E219A,4.022,2.3896727561950684,0.572320818901062,1.1379423141479492
21,2893020,1HNN,MdrDBcore03759,E219A,4.362,2.421898603439331,0.572320818901062,1.1379423141479492
21,2893020,2G72,MdrDBcore03760,K57A,-3.06,0.8018574714660645,0.572320818901062,1.1379423141479492
21,2893020,2G71,MdrDBcore03761,K57A,-0.428,0.8666413426399231,0.572320818901062,1.1379423141479492
21,2893020,2G70,MdrDBcore03762,K57A,1.27,0.8338068723678589,0.572320818901062,1.1379423141479492
21,2893020,1N7J,MdrDBcore03763,K57A,1.729,2.6275126934051514,0.572320818901062,1.1379423141479492
21,2893020,1N7I,MdrDBcore03764,K57A,1.792,0.6090813875198364,0.572320818901062,1.1379423141479492
21,2893020,1YZ3,MdrDBcore03765,K57A,1.682,2.0096004009246826,0.572320818901062,1.1379423141479492
21,2893020,1HNN,MdrDBcore03766,K57A,2.401,0.36169445514678955,0.572320818901062,1.1379423141479492
21,2893020,2ONY,MdrDBcore03767,K57A,-3.013,0.8286231756210327,0.572320818901062,1.1379423141479492
21,2893020,1N7J,MdrDBcore03768,V53A,0.698,1.8472322225570679,0.572320818901062,1.1379423141479492
21,2893020,1N7I,MdrDBcore03769,V53A,0.967,1.3570339679718018,0.572320818901062,1.1379423141479492
21,2893020,1YZ3,MdrDBcore03770,V53A,1.485,2.28499698638916,0.572320818901062,1.1379423141479492
21,2893020,1HNN,MdrDBcore03771,V53A,0.973,0.5726791024208069,0.572320818901062,1.1379423141479492
21,2893020,2II4,MdrDBcore03772,D288A,0.869,0.9920482039451599,0.572320818901062,1.1379423141479492
21,2893020,2II4,MdrDBcore03773,K252N,0.77,0.9921220541000366,0.572320818901062,1.1379423141479492
21,2893020,2II4,MdrDBcore03774,L293A,1.256,0.9842111468315125,0.572320818901062,1.1379423141479492
21,2893020,2II4,MdrDBcore03775,R230G,1.344,0.9952595829963684,0.572320818901062,1.1379423141479492
21,2893020,2II4,MdrDBcore03776,R240C,0.657,0.9921213984489441,0.572320818901062,1.1379423141479492
21,2893020,3EBS,MdrDBcore03777,G369S,0.651,0.3737781345844269,0.572320818901062,1.1379423141479492
21,2893020,3EBS,MdrDBcore03778,S208I,-0.284,0.16392824053764343,0.572320818901062,1.1379423141479492
21,2893020,1QY1,MdrDBcore03779,Y120F,1.121,1.450458288192749,0.572320818901062,1.1379423141479492
21,2893020,1OGG,MdrDBcore03780,N142D,-2.318,-2.485819101333618,0.572320818901062,1.1379423141479492
21,2893020,1V11,MdrDBcore03781,A287R,-2.478,-2.2896978855133057,0.572320818901062,1.1379423141479492
21,2893020,1U5B,MdrDBcore03782,S292D,1.912,1.7673577070236206,0.572320818901062,1.1379423141479492
21,2893020,1U5B,MdrDBcore03783,S292E,2.069,1.809551477432251,0.572320818901062,1.1379423141479492
21,2893020,1U5B,MdrDBcore03784,S292N,2.089,1.8095515966415405,0.572320818901062,1.1379423141479492
21,2893020,1U5B,MdrDBcore03785,S292Q,2.156,1.80955171585083,0.572320818901062,1.1379423141479492
21,2893020,3BKL,MdrDBcore03786,D453E,-0.056,0.25818997621536255,0.572320818901062,1.1379423141479492
21,2893020,3BKK,MdrDBcore03787,E376D,0.629,1.2763667106628418,0.572320818901062,1.1379423141479492
21,2893020,3BKL,MdrDBcore03788,E376D,0.731,0.25591790676116943,0.572320818901062,1.1379423141479492
21,2893020,3BKL,MdrDBcore03789,E403R,-0.616,0.1227242648601532,0.572320818901062,1.1379423141479492
21,2893020,3BKK,MdrDBcore03790,F391Y,0.917,1.2944941520690918,0.572320818901062,1.1379423141479492
21,2893020,3BKL,MdrDBcore03791,F391Y,1.153,0.26722389459609985,0.572320818901062,1.1379423141479492
21,2893020,3BKL,MdrDBcore03792,S516N,-0.185,0.2355341613292694,0.572320818901062,1.1379423141479492
21,2893020,3BKL,MdrDBcore03793,T282S,0.18,0.5360698103904724,0.572320818901062,1.1379423141479492
21,2893020,3BKK,MdrDBcore03794,V379S,-0.014,1.2763665914535522,0.572320818901062,1.1379423141479492
21,2893020,3BKL,MdrDBcore03795,V379S,-1.399,0.06171824038028717,0.572320818901062,1.1379423141479492
21,2893020,3BKK,MdrDBcore03796,V380T,0.491,0.8629246950149536,0.572320818901062,1.1379423141479492
21,2893020,3BKL,MdrDBcore03797,V380T,0.807,0.046006783843040466,0.572320818901062,1.1379423141479492
21,2893020,3BKK,MdrDBcore03798,V518T,1.826,1.3641711473464966,0.572320818901062,1.1379423141479492
21,2893020,3BKL,MdrDBcore03799,V518T,1.578,0.3087143898010254,0.572320818901062,1.1379423141479492
21,2893020,3QGT,MdrDBcore03800,A16C,0.17,0.7234503626823425,0.572320818901062,1.1379423141479492
21,2893020,3QGT,MdrDBcore03801,A16G,0.502,0.606132984161377,0.572320818901062,1.1379423141479492
21,2893020,3QGT,MdrDBcore03802,A16S,1.775,0.5776727199554443,0.572320818901062,1.1379423141479492
21,2893020,3QGT,MdrDBcore03803,S108N,1.866,0.6767498254776001,0.572320818901062,1.1379423141479492
21,2893020,3QGT,MdrDBcore03804,S108T,0.0,0.5784634351730347,0.572320818901062,1.1379423141479492
21,2893020,1JPZ,MdrDBcore03805,A328V,-1.162,-0.21273568272590637,0.572320818901062,1.1379423141479492
21,2893020,2INZ,MdrDBcore03806,C298A,0.974,0.48616892099380493,0.572320818901062,1.1379423141479492
21,2893020,2INE,MdrDBcore03807,C298A,0.681,1.219041347503662,0.572320818901062,1.1379423141479492
21,2893020,2PZN,MdrDBcore03808,C303D,2.471,1.1702814102172852,0.572320818901062,1.1379423141479492
21,2893020,2PDG,MdrDBcore03809,C303D,2.399,1.9574469327926636,0.572320818901062,1.1379423141479492
21,2893020,1PWM,MdrDBcore03810,C303D,1.032,0.437084436416626,0.572320818901062,1.1379423141479492
21,2893020,2PZN,MdrDBcore03811,F121P,1.104,1.3935272693634033,0.572320818901062,1.1379423141479492
21,2893020,2PDG,MdrDBcore03812,F121P,0.528,1.3511879444122314,0.572320818901062,1.1379423141479492
21,2893020,1PWM,MdrDBcore03813,F121P,0.288,0.53752201795578,0.572320818901062,1.1379423141479492
21,2893020,2PZN,MdrDBcore03814,L300A,0.456,1.3318105936050415,0.572320818901062,1.1379423141479492
21,2893020,2PDG,MdrDBcore03815,L300A,-0.24,1.4277637004852295,0.572320818901062,1.1379423141479492
21,2893020,1PWM,MdrDBcore03816,L300A,0.456,0.45007091760635376,0.572320818901062,1.1379423141479492
21,2893020,2IKI,MdrDBcore03817,L300P,2.615,1.4167588949203491,0.572320818901062,1.1379423141479492
21,2893020,2PZN,MdrDBcore03818,L300P,1.416,1.5403329133987427,0.572320818901062,1.1379423141479492
21,2893020,2PDG,MdrDBcore03819,L300P,1.101,1.8728795051574707,0.572320818901062,1.1379423141479492
21,2893020,1PWM,MdrDBcore03820,L300P,1.871,0.601323664188385,0.572320818901062,1.1379423141479492
21,2893020,1PWM,MdrDBcore03821,L301M,0.696,0.48113033175468445,0.572320818901062,1.1379423141479492
21,2893020,2FZD,MdrDBcore03822,L301M,0.6,0.972920298576355,0.572320818901062,1.1379423141479492
21,2893020,2PZN,MdrDBcore03823,S302R,2.519,1.6799060106277466,0.572320818901062,1.1379423141479492
21,2893020,2PDG,MdrDBcore03824,S302R,2.783,1.3290833234786987,0.572320818901062,1.1379423141479492
21,2893020,2IKI,MdrDBcore03825,T113A,0.773,1.171625018119812,0.572320818901062,1.1379423141479492
21,2893020,1US0,MdrDBcore03826,T113A,1.198,0.887783944606781,0.572320818901062,1.1379423141479492
21,2893020,2IKI,MdrDBcore03827,T113C,0.142,1.0131516456604004,0.572320818901062,1.1379423141479492
21,2893020,1US0,MdrDBcore03828,T113C,-1.523,0.7717114686965942,0.572320818901062,1.1379423141479492
21,2893020,1US0,MdrDBcore03829,T113S,0.994,0.7553023099899292,0.572320818901062,1.1379423141479492
21,2893020,2IKI,MdrDBcore03830,T113V,1.54,1.2256231307983398,0.572320818901062,1.1379423141479492
21,2893020,1US0,MdrDBcore03831,T113V,0.766,0.9399334788322449,0.572320818901062,1.1379423141479492
21,2893020,2IKI,MdrDBcore03832,T113Y,2.063,1.4908123016357422,0.572320818901062,1.1379423141479492
21,2893020,2PZN,MdrDBcore03833,T113Y,2.327,1.6762380599975586,0.572320818901062,1.1379423141479492
21,2893020,2PDG,MdrDBcore03834,T113Y,2.591,1.5699061155319214,0.572320818901062,1.1379423141479492
21,2893020,1PWM,MdrDBcore03835,T113Y,2.063,0.5410695672035217,0.572320818901062,1.1379423141479492
21,2893020,2IKI,MdrDBcore03836,V47I,-0.312,1.2063509225845337,0.572320818901062,1.1379423141479492
21,2893020,2PDG,MdrDBcore03837,V47I,1.2,1.3902603387832642,0.572320818901062,1.1379423141479492
21,2893020,1PWM,MdrDBcore03838,V47I,0.144,0.6490008234977722,0.572320818901062,1.1379423141479492
21,2893020,1GZF,MdrDBcore03839,Q182A,0.132,-0.09752174466848373,0.572320818901062,1.1379423141479492
21,2893020,1GZF,MdrDBcore03840,Q212A,0.527,-0.2896536588668823,0.572320818901062,1.1379423141479492
21,2893020,1P1Q,MdrDBcore03841,T138L,-3.696,-3.0519473552703857,0.572320818901062,1.1379423141479492
21,2893020,1P1N,MdrDBcore03842,T138L,1.478,0.7848340272903442,0.572320818901062,1.1379423141479492
21,2893020,1P1O,MdrDBcore03843,T138L,-3.057,-2.205193281173706,0.572320818901062,1.1379423141479492
21,2893020,1SYH,MdrDBcore03844,Y187F,1.266,0.90751051902771,0.572320818901062,1.1379423141479492
21,2893020,2HA4,MdrDBcore03845,A203S,-2.14,-1.7610511779785156,0.572320818901062,1.1379423141479492
21,2893020,2HA5,MdrDBcore03846,A203S,-1.541,-1.8338483572006226,0.572320818901062,1.1379423141479492
21,2893020,2HA7,MdrDBcore03847,A203S,-0.384,0.7261391282081604,0.572320818901062,1.1379423141479492
21,2893020,2HA0,MdrDBcore03848,S203A,1.864,1.6721360683441162,0.572320818901062,1.1379423141479492
21,2893020,2HA3,MdrDBcore03849,S203A,0.768,0.6355307102203369,0.572320818901062,1.1379423141479492
21,2893020,2GMK,MdrDBcore03850,A91E,-0.667,-0.48515382409095764,0.572320818901062,1.1379423141479492
21,2893020,2GMK,MdrDBcore03851,N89T,-0.086,-0.4851539433002472,0.572320818901062,1.1379423141479492
21,2893020,1DF8,MdrDBcore03852,A45S,-4.05,-1.5346072912216187,0.572320818901062,1.1379423141479492
21,2893020,1DF8,MdrDBcore03853,D128A,7.869,-1.3490934371948242,0.572320818901062,1.1379423141479492
21,2893020,3RY2,MdrDBcore03854,S52G,0.155,-0.5271417498588562,0.572320818901062,1.1379423141479492
21,2893020,1KC7,MdrDBcore03855,D620N,-1.605,-1.855872392654419,0.572320818901062,1.1379423141479492
21,2893020,1XQD,MdrDBcore03856,G73S,1.775,1.9127470254898071,0.572320818901062,1.1379423141479492
21,2893020,1GZ4,MdrDBcore03857,R197Q,0.631,1.3466041088104248,0.572320818901062,1.1379423141479492
21,2893020,1GZ4,MdrDBcore03858,R542V,0.814,1.3494048118591309,0.572320818901062,1.1379423141479492
21,2893020,3LZS,MdrDBcore03859,N88S,1.231,1.2948524951934814,0.572320818901062,1.1379423141479492
21,2893020,2O2Q,MdrDBcore03860,C707A,1.371,-0.7364974617958069,0.572320818901062,1.1379423141479492
21,2893020,2O2R,MdrDBcore03861,C707A,-0.968,1.110289216041565,0.572320818901062,1.1379423141479492
21,2893020,2O2Q,MdrDBcore03862,E673A,-2.859,-0.7795900106430054,0.572320818901062,1.1379423141479492
21,2893020,2O2Q,MdrDBcore03863,E673Q,-0.742,-0.767831027507782,0.572320818901062,1.1379423141479492
21,2893020,1P6L,MdrDBcore03864,N368D,-1.435,0.4146963059902191,0.572320818901062,1.1379423141479492
21,2893020,1P6N,MdrDBcore03865,N368D,-1.82,1.3950624465942383,0.572320818901062,1.1379423141479492
21,2893020,1P6H,MdrDBcore03866,D597N,3.205,0.3505079448223114,0.572320818901062,1.1379423141479492
21,2893020,1P6J,MdrDBcore03867,D597N,3.139,1.8156265020370483,0.572320818901062,1.1379423141479492
21,2893020,2CA8,MdrDBcore03868,R21L,1.518,0.7186679840087891,0.572320818901062,1.1379423141479492
21,2893020,2C80,MdrDBcore03869,R21L,0.487,0.1270759105682373,0.572320818901062,1.1379423141479492
21,2893020,2CA8,MdrDBcore03870,R21Q,-0.028,0.7186676263809204,0.572320818901062,1.1379423141479492
21,2893020,2C80,MdrDBcore03871,R21Q,-0.638,0.12707588076591492,0.572320818901062,1.1379423141479492
21,2893020,2CA8,MdrDBcore03872,Y10F,-0.028,0.740478515625,0.572320818901062,1.1379423141479492
21,2893020,1IYK,MdrDBcore03873,D110A,1.511,0.4002314507961273,0.572320818901062,1.1379423141479492
21,2893020,1IYK,MdrDBcore03874,D112A,2.22,0.40268415212631226,0.572320818901062,1.1379423141479492
21,2893020,1IYK,MdrDBcore03875,D412A,2.647,0.20004037022590637,0.572320818901062,1.1379423141479492
21,2893020,1IYK,MdrDBcore03876,F339A,1.17,0.4041428565979004,0.572320818901062,1.1379423141479492
21,2893020,1IYK,MdrDBcore03877,G413A,-0.195,0.4041476845741272,0.572320818901062,1.1379423141479492
21,2893020,1IYK,MdrDBcore03878,H227A,2.007,0.29729002714157104,0.572320818901062,1.1379423141479492
21,2893020,1IYK,MdrDBcore03879,I111A,0.199,0.41869813203811646,0.572320818901062,1.1379423141479492
21,2893020,1IYK,MdrDBcore03880,I352A,1.17,0.40821918845176697,0.572320818901062,1.1379423141479492
21,2893020,1IYK,MdrDBcore03881,L350V,-0.132,0.40821918845176697,0.572320818901062,1.1379423141479492
21,2893020,1IYK,MdrDBcore03882,L451A,0.0,0.3919944763183594,0.572320818901062,1.1379423141479492
21,2893020,1IYK,MdrDBcore03883,L451Q,0.566,0.39196839928627014,0.572320818901062,1.1379423141479492
21,2893020,1IYK,MdrDBcore03884,N175A,1.41,0.39887791872024536,0.572320818901062,1.1379423141479492
21,2893020,1IYK,MdrDBcore03885,P229A,0.108,0.39341068267822266,0.572320818901062,1.1379423141479492
21,2893020,1IYK,MdrDBcore03886,S241A,0.667,0.40243566036224365,0.572320818901062,1.1379423141479492
21,2893020,1IYK,MdrDBcore03887,T114A,-0.675,0.3850876986980438,0.572320818901062,1.1379423141479492
21,2893020,1IYK,MdrDBcore03888,T211A,0.046,0.36653250455856323,0.572320818901062,1.1379423141479492
21,2893020,1IYK,MdrDBcore03889,V108A,-0.303,0.36481380462646484,0.572320818901062,1.1379423141479492
21,2893020,1IYK,MdrDBcore03890,W232A,0.718,0.40821927785873413,0.572320818901062,1.1379423141479492
21,2893020,1IYK,MdrDBcore03891,Y107A,1.232,0.3672688901424408,0.572320818901062,1.1379423141479492
21,2893020,1IYK,MdrDBcore03892,Y119A,1.062,0.39350438117980957,0.572320818901062,1.1379423141479492
21,2893020,1IYK,MdrDBcore03893,Y354A,1.289,0.3672689199447632,0.572320818901062,1.1379423141479492
21,2893020,2VQZ,MdrDBcore03894,F323A,0.282,0.2765493094921112,0.572320818901062,1.1379423141479492
21,2893020,2VQZ,MdrDBcore03895,F325A,0.509,0.29316020011901855,0.572320818901062,1.1379423141479492
21,2893020,2VQZ,MdrDBcore03896,F404A,1.171,0.3434638977050781,0.572320818901062,1.1379423141479492
21,2893020,2VQZ,MdrDBcore03897,H357A,0.916,1.041777491569519,0.572320818901062,1.1379423141479492
21,2893020,2VQZ,MdrDBcore03898,H357W,-1.184,-0.0774293914437294,0.572320818901062,1.1379423141479492
21,2893020,1P7T,MdrDBcore03899,R338K,1.483,0.23336082696914673,0.572320818901062,1.1379423141479492
21,2893020,1P7T,MdrDBcore03900,R338K,0.278,0.23336058855056763,0.572320818901062,1.1379423141479492
21,2893020,3AH4,MdrDBcore03901,F179I,0.22,-0.04422033578157425,0.572320818901062,1.1379423141479492
21,2893020,3AJ5,MdrDBcore03902,F179I,0.322,0.7236183881759644,0.572320818901062,1.1379423141479492
21,2893020,3AH4,MdrDBcore03903,W176A,0.109,0.6803224086761475,0.572320818901062,1.1379423141479492
21,2893020,3AJ5,MdrDBcore03904,W176A,0.425,0.7236183881759644,0.572320818901062,1.1379423141479492
21,2893020,1AMK,MdrDBcore03905,E65Q,-0.024,0.40026676654815674,0.572320818901062,1.1379423141479492
21,2893020,1XJB,MdrDBcore03906,R301L,-0.028,-0.625594437122345,0.572320818901062,1.1379423141479492
21,2893020,1XJB,MdrDBcore03907,R304L,0.404,-0.6255943179130554,0.572320818901062,1.1379423141479492
21,2893020,3HU2,MdrDBcore03908,A86R,1.598,1.4989622831344604,0.572320818901062,1.1379423141479492
21,2893020,3HU1,MdrDBcore03909,G95R,1.14,1.027320146560669,0.572320818901062,1.1379423141479492
21,2893020,3HU3,MdrDBcore03910,H155R,1.14,0.5246278047561646,0.572320818901062,1.1379423141479492
21,2893020,1LO8,MdrDBcore03911,D17N,-0.051,0.3985951840877533,0.572320818901062,1.1379423141479492
21,2893020,1LO7,MdrDBcore03912,D17N,0.143,-0.17622119188308716,0.572320818901062,1.1379423141479492
21,2893020,1B74,MdrDBcore03913,D7S,-0.268,0.24316516518592834,0.572320818901062,1.1379423141479492
21,2893020,1B74,MdrDBcore03914,E147N,1.005,1.0825177431106567,0.572320818901062,1.1379423141479492
21,2893020,1O0N,MdrDBcore03915,T45G,0.489,0.4015331566333771,0.572320818901062,1.1379423141479492
21,2893020,1W4Q,MdrDBcore03916,T45G,2.07,1.008566975593567,0.572320818901062,1.1379423141479492
21,2893020,1PZO,MdrDBcore03917,T182M,0.012,0.2375507652759552,0.572320818901062,1.1379423141479492
21,2893020,1W96,MdrDBcore03918,E477R,1.489,2.146277666091919,0.572320818901062,1.1379423141479492
21,2893020,1W96,MdrDBcore03919,F510I,0.621,1.0662363767623901,0.572320818901062,1.1379423141479492
21,2893020,1W96,MdrDBcore03920,I69E,1.945,0.8685076832771301,0.572320818901062,1.1379423141479492
21,2893020,1W96,MdrDBcore03921,K73R,3.699,1.825626254081726,0.572320818901062,1.1379423141479492
21,2893020,1W96,MdrDBcore03922,N485G,0.178,0.832517147064209,0.572320818901062,1.1379423141479492
21,2893020,1WCQ,MdrDBcore03923,F370D,1.218,-1.2836666107177734,0.572320818901062,1.1379423141479492
21,2893020,1WCQ,MdrDBcore03924,F370E,0.633,-1.2715952396392822,0.572320818901062,1.1379423141479492
21,2893020,1WCQ,MdrDBcore03925,F370Y,-0.811,-0.7707449793815613,0.572320818901062,1.1379423141479492
21,2893020,3NTY,MdrDBcore03926,F311A,0.33,0.836555540561676,0.572320818901062,1.1379423141479492
21,2893020,3C3U,MdrDBcore03927,F311A,0.066,0.8816418647766113,0.572320818901062,1.1379423141479492
21,2893020,3NTY,MdrDBcore03928,F311L,-0.007,0.8088223338127136,0.572320818901062,1.1379423141479492
21,2893020,3C3U,MdrDBcore03929,F311L,0.101,0.8816413879394531,0.572320818901062,1.1379423141479492
21,2893020,3C3U,MdrDBcore03930,H222S,1.354,1.6782615184783936,0.572320818901062,1.1379423141479492
21,2893020,3NTY,MdrDBcore03931,L306A,2.607,1.4439367055892944,0.572320818901062,1.1379423141479492
21,2893020,3C3U,MdrDBcore03932,L306A,2.272,1.558019757270813,0.572320818901062,1.1379423141479492
21,2893020,3NTY,MdrDBcore03933,L308A,0.197,0.7107055187225342,0.572320818901062,1.1379423141479492
21,2893020,3C3U,MdrDBcore03934,L308A,3.649,1.5349730253219604,0.572320818901062,1.1379423141479492
21,2893020,3NTY,MdrDBcore03935,L308V,0.404,0.7161609530448914,0.572320818901062,1.1379423141479492
21,2893020,3C3U,MdrDBcore03936,L308V,1.53,1.1684069633483887,0.572320818901062,1.1379423141479492
21,2893020,3NTY,MdrDBcore03937,L54V,1.019,0.8395100831985474,0.572320818901062,1.1379423141479492
21,2893020,3C3U,MdrDBcore03938,L54V,1.581,1.2315398454666138,0.572320818901062,1.1379423141479492
21,2893020,3ZY2,MdrDBcore03939,D242A,-0.805,0.3028429448604584,0.572320818901062,1.1379423141479492
21,2893020,3ZY2,MdrDBcore03940,D244A,-0.742,0.30284276604652405,0.572320818901062,1.1379423141479492
21,2893020,3ZY2,MdrDBcore03941,F199A,-0.394,0.30284202098846436,0.572320818901062,1.1379423141479492
21,2893020,3ZY2,MdrDBcore03942,F261A,-0.634,0.2412388026714325,0.572320818901062,1.1379423141479492
21,2893020,3ZY2,MdrDBcore03943,F357A,2.573,0.7498134970664978,0.572320818901062,1.1379423141479492
21,2893020,3ZY2,MdrDBcore03944,N43A,-0.091,0.3166119158267975,0.572320818901062,1.1379423141479492
21,2893020,3ZY2,MdrDBcore03945,R240K,3.06,0.4855808615684509,0.572320818901062,1.1379423141479492
21,2893020,3ZY2,MdrDBcore03946,R40A,1.292,0.7233654260635376,0.572320818901062,1.1379423141479492
21,2893020,3ZY2,MdrDBcore03947,W245A,0.9,0.3220314085483551,0.572320818901062,1.1379423141479492
21,2893020,2R0H,MdrDBcore03948,R81A,0.553,0.4682518541812897,0.572320818901062,1.1379423141479492
21,2893020,1FSG,MdrDBcore03949,D150A,-1.181,-0.5759002566337585,0.572320818901062,1.1379423141479492
21,2893020,3QFX,MdrDBcore03950,T86N,1.186,0.46957066655158997,0.572320818901062,1.1379423141479492
21,2893020,3RG9,MdrDBcore03951,T86N,0.75,1.1718275547027588,0.572320818901062,1.1379423141479492
21,2893020,3QFX,MdrDBcore03952,T86S,-1.448,0.3582623302936554,0.572320818901062,1.1379423141479492
21,2893020,3RG9,MdrDBcore03953,T86S,-0.119,1.3213175535202026,0.572320818901062,1.1379423141479492
21,2893020,1L7E,MdrDBcore03954,D135N,-0.004,0.6644547581672668,0.572320818901062,1.1379423141479492
21,2893020,1L7E,MdrDBcore03955,Q132N,0.129,1.0381765365600586,0.572320818901062,1.1379423141479492
21,2893020,1L7E,MdrDBcore03956,R127A,2.169,1.5256152153015137,0.572320818901062,1.1379423141479492
21,2893020,1L7E,MdrDBcore03957,R127M,2.169,1.5020344257354736,0.572320818901062,1.1379423141479492
21,2893020,1L7E,MdrDBcore03958,S138A,0.158,0.8814219236373901,0.572320818901062,1.1379423141479492
21,2893020,2E7F,MdrDBcore03959,N199A,0.577,0.9324002265930176,0.572320818901062,1.1379423141479492
21,2893020,1FLM,MdrDBcore03960,E13Q,0.391,1.1426798105239868,0.572320818901062,1.1379423141479492
21,2893020,1FLM,MdrDBcore03961,E13T,0.649,1.1426805257797241,0.572320818901062,1.1379423141479492
21,2893020,1FLM,MdrDBcore03962,L122E,1.697,1.1121939420700073,0.572320818901062,1.1379423141479492
21,2893020,1FLM,MdrDBcore03963,L122K,0.521,0.07094097882509232,0.572320818901062,1.1379423141479492
21,2893020,1FLM,MdrDBcore03964,L122Y,-0.659,-0.13952109217643738,0.572320818901062,1.1379423141479492
21,2893020,3H2K,MdrDBcore03965,G221I,-1.104,0.546025812625885,0.572320818901062,1.1379423141479492
21,2893020,3H2K,MdrDBcore03966,G231A,1.207,0.6926307678222656,0.572320818901062,1.1379423141479492
21,2893020,3H2K,MdrDBcore03967,G231F,1.92,1.3356881141662598,0.572320818901062,1.1379423141479492
21,2893020,3H2K,MdrDBcore03968,G231I,1.366,0.9268545508384705,0.572320818901062,1.1379423141479492
21,2893020,3H2K,MdrDBcore03969,N228W,0.233,0.9942749738693237,0.572320818901062,1.1379423141479492
21,2893020,3H2K,MdrDBcore03970,S176A,0.049,0.5964513421058655,0.572320818901062,1.1379423141479492
21,2893020,3CL2,MdrDBcore03971,S294N,-2.604,-2.0795180797576904,0.572320818901062,1.1379423141479492
21,2893020,3CL0,MdrDBcore03972,Y274H,-3.306,-1.8132495880126953,0.572320818901062,1.1379423141479492
21,2893020,3CKZ,MdrDBcore03973,Y274H,-0.38,-1.0748518705368042,0.572320818901062,1.1379423141479492
21,2893020,3UJ9,MdrDBcore03974,H132A,0.062,-0.3366778790950775,0.572320818901062,1.1379423141479492
21,2893020,3UJB,MdrDBcore03975,H132A,0.257,0.9845166206359863,0.572320818901062,1.1379423141479492
21,2893020,3UJ9,MdrDBcore03976,Y19F,-0.087,-0.07385849207639694,0.572320818901062,1.1379423141479492
21,2893020,3UJB,MdrDBcore03977,Y19F,0.248,0.5847355723381042,0.572320818901062,1.1379423141479492
21,2893020,3OXC,MdrDBcore03978,G48V,2.637,1.7818384170532227,0.572320818901062,1.1379423141479492
21,2893020,3OXC,MdrDBcore03979,G48V,2.637,1.781838297843933,0.572320818901062,1.1379423141479492
21,2893020,2HS1,MdrDBcore03980,I32V,-1.13,-0.6754865050315857,0.572320818901062,1.1379423141479492
21,2893020,3OXC,MdrDBcore03981,I50V,1.878,1.399790644645691,0.572320818901062,1.1379423141479492
21,2893020,3OXC,MdrDBcore03982,I50V,1.878,1.3997904062271118,0.572320818901062,1.1379423141479492
21,2893020,3OXC,MdrDBcore03983,I54M,0.981,1.4875720739364624,0.572320818901062,1.1379423141479492
21,2893020,3OXC,MdrDBcore03984,I54M,0.981,1.4875726699829102,0.572320818901062,1.1379423141479492
21,2893020,3OXC,MdrDBcore03985,I54V,1.576,1.4875731468200684,0.572320818901062,1.1379423141479492
21,2893020,3OXC,MdrDBcore03986,I54V,1.576,1.4875730276107788,0.572320818901062,1.1379423141479492
21,2893020,3OXC,MdrDBcore03987,I84V,0.058,1.2195054292678833,0.572320818901062,1.1379423141479492
21,2893020,3OXC,MdrDBcore03988,I84V,0.058,1.219505786895752,0.572320818901062,1.1379423141479492
21,2893020,2HS2,MdrDBcore03989,L46M,-1.364,-0.5947984457015991,0.572320818901062,1.1379423141479492
21,2893020,3OXC,MdrDBcore03990,V82A,0.058,0.7993574738502502,0.572320818901062,1.1379423141479492
21,2893020,3OXC,MdrDBcore03991,V82A,0.058,0.7993573546409607,0.572320818901062,1.1379423141479492
21,2893020,3IJW,MdrDBcore03992,H183A,-1.3,-0.4714159667491913,0.572320818901062,1.1379423141479492
21,2893020,3IJW,MdrDBcore03993,H183G,-1.006,-0.4714162051677704,0.572320818901062,1.1379423141479492
21,2893020,3KYF,MdrDBcore03994,Q121A,0.338,0.6621226072311401,0.572320818901062,1.1379423141479492
21,2893020,3KYF,MdrDBcore03995,R122A,1.751,1.1246743202209473,0.572320818901062,1.1379423141479492
21,2893020,3KYF,MdrDBcore03996,R122L,0.862,1.117064356803894,0.572320818901062,1.1379423141479492
21,2893020,3KYF,MdrDBcore03997,S159A,0.885,0.7287384867668152,0.572320818901062,1.1379423141479492
21,2893020,3OKP,MdrDBcore03998,D13A,0.481,0.37513530254364014,0.572320818901062,1.1379423141479492
21,2893020,3OKC,MdrDBcore03999,D13A,0.307,0.257851779460907,0.572320818901062,1.1379423141479492
21,2893020,3OKP,MdrDBcore04000,D13N,0.273,0.3751353919506073,0.572320818901062,1.1379423141479492
21,2893020,3OKC,MdrDBcore04001,D13N,-0.393,0.25785183906555176,0.572320818901062,1.1379423141479492
21,2893020,3OKP,MdrDBcore04002,E290D,0.63,0.28661608695983887,0.572320818901062,1.1379423141479492
21,2893020,3OKC,MdrDBcore04003,E290D,1.291,0.25306975841522217,0.572320818901062,1.1379423141479492
21,2893020,3OKP,MdrDBcore04004,E290Q,0.374,0.3663441836833954,0.572320818901062,1.1379423141479492
21,2893020,3OKC,MdrDBcore04005,E290Q,0.079,0.4184298515319824,0.572320818901062,1.1379423141479492
21,2893020,3OKP,MdrDBcore04006,G123P,0.257,0.3751346170902252,0.572320818901062,1.1379423141479492
21,2893020,3OKC,MdrDBcore04007,G123P,0.087,0.25785204768180847,0.572320818901062,1.1379423141479492
21,2893020,3OKP,MdrDBcore04008,G20W,0.084,-0.1559545397758484,0.572320818901062,1.1379423141479492
21,2893020,3OKC,MdrDBcore04009,G20W,0.143,-0.1662607491016388,0.572320818901062,1.1379423141479492
21,2893020,3OKP,MdrDBcore04010,G291S,0.762,0.3751356899738312,0.572320818901062,1.1379423141479492
21,2893020,3OKC,MdrDBcore04011,G291S,0.42,0.2578516900539398,0.572320818901062,1.1379423141479492
21,2893020,3OKP,MdrDBcore04012,H118S,0.817,0.37513527274131775,0.572320818901062,1.1379423141479492
21,2893020,3OKC,MdrDBcore04013,H118S,-0.368,0.2578517496585846,0.572320818901062,1.1379423141479492
21,2893020,3OKP,MdrDBcore04014,I21A,0.64,0.3751354515552521,0.572320818901062,1.1379423141479492
21,2893020,3OKC,MdrDBcore04015,I21A,0.067,0.25785186886787415,0.572320818901062,1.1379423141479492
21,2893020,3OKP,MdrDBcore04016,I21S,-0.207,0.37513524293899536,0.572320818901062,1.1379423141479492
21,2893020,3OKC,MdrDBcore04017,I21S,-0.19,0.2578517496585846,0.572320818901062,1.1379423141479492
21,2893020,3OKP,MdrDBcore04018,K211Q,0.28,0.5528721809387207,0.572320818901062,1.1379423141479492
21,2893020,3OKC,MdrDBcore04019,K211Q,0.059,0.22370579838752747,0.572320818901062,1.1379423141479492
21,2893020,3OKP,MdrDBcore04020,N12A,0.042,0.3751353621482849,0.572320818901062,1.1379423141479492
21,2893020,3OKC,MdrDBcore04021,N12A,-0.319,0.2578517496585846,0.572320818901062,1.1379423141479492
21,2893020,3OKP,MdrDBcore04022,Q22A,0.684,0.37513482570648193,0.572320818901062,1.1379423141479492
21,2893020,3OKC,MdrDBcore04023,Q22A,-0.104,0.2578517496585846,0.572320818901062,1.1379423141479492
21,2893020,3OKP,MdrDBcore04024,R206S,0.48,0.8526871800422668,0.572320818901062,1.1379423141479492
21,2893020,3OKC,MdrDBcore04025,R206S,0.406,0.12587133049964905,0.572320818901062,1.1379423141479492
21,2893020,3OKP,MdrDBcore04026,R210S,0.444,0.3794994652271271,0.572320818901062,1.1379423141479492
21,2893020,3OKC,MdrDBcore04027,R210S,0.112,0.332005113363266,0.572320818901062,1.1379423141479492
21,2893020,3OKP,MdrDBcore04028,S205G,-0.009,0.27756157517433167,0.572320818901062,1.1379423141479492
21,2893020,3OKC,MdrDBcore04029,S205G,-0.049,0.25769633054733276,0.572320818901062,1.1379423141479492
21,2893020,3AQT,MdrDBcore04030,D94A,1.759,2.1599483489990234,0.572320818901062,1.1379423141479492
21,2893020,3AQT,MdrDBcore04031,R145A,2.111,2.246914863586426,0.572320818901062,1.1379423141479492
21,2893020,3AQT,MdrDBcore04032,R148A,1.451,1.6277400255203247,0.572320818901062,1.1379423141479492
21,2893020,1MUI,MdrDBcore04033,D30N,0.765,-0.2155771553516388,0.572320818901062,1.1379423141479492
21,2893020,1MUI,MdrDBcore04034,L90M,-0.056,-0.20905601978302002,0.572320818901062,1.1379423141479492
21,2893020,1MUI,MdrDBcore04035,N88D,-0.189,-0.20905619859695435,0.572320818901062,1.1379423141479492
21,2893020,2Q88,MdrDBcore04036,E134A,-0.17,0.1515374481678009,0.572320818901062,1.1379423141479492
21,2893020,2Q88,MdrDBcore04037,E21A,2.137,0.17752346396446228,0.572320818901062,1.1379423141479492
21,2893020,2Q89,MdrDBcore04038,E21A,2.796,1.208606243133545,0.572320818901062,1.1379423141479492
21,2893020,2Q88,MdrDBcore04039,F24A,-0.123,0.3178846836090088,0.572320818901062,1.1379423141479492
21,2893020,2Q89,MdrDBcore04040,F24A,-0.132,0.7588935494422913,0.572320818901062,1.1379423141479492
21,2893020,2Q88,MdrDBcore04041,F24D,0.848,0.19597426056861877,0.572320818901062,1.1379423141479492
21,2893020,2Q89,MdrDBcore04042,F24D,0.954,1.1181303262710571,0.572320818901062,1.1379423141479492
21,2893020,2Q88,MdrDBcore04043,F24E,-0.079,0.09191049635410309,0.572320818901062,1.1379423141479492
21,2893020,2Q89,MdrDBcore04044,F24E,1.376,1.0819289684295654,0.572320818901062,1.1379423141479492
21,2893020,2Q88,MdrDBcore04045,F80D,1.95,0.33918023109436035,0.572320818901062,1.1379423141479492
21,2893020,2Q89,MdrDBcore04046,F80D,3.103,0.7237969040870667,0.572320818901062,1.1379423141479492
21,2893020,2Q88,MdrDBcore04047,F80E,0.831,0.19343307614326477,0.572320818901062,1.1379423141479492
21,2893020,2Q89,MdrDBcore04048,F80E,2.827,0.7542263269424438,0.572320818901062,1.1379423141479492
21,2893020,2Q88,MdrDBcore04049,Y60A,0.783,0.3898507356643677,0.572320818901062,1.1379423141479492
21,2893020,2Q89,MdrDBcore04050,Y60A,0.566,0.9082213640213013,0.572320818901062,1.1379423141479492
21,2893020,2Q88,MdrDBcore04051,Y60F,0.161,0.1618751883506775,0.572320818901062,1.1379423141479492
21,2893020,2Q89,MdrDBcore04052,Y60F,0.467,0.7914119362831116,0.572320818901062,1.1379423141479492
21,2893020,2Q88,MdrDBcore04053,Y60W,-1.586,-0.0625423714518547,0.572320818901062,1.1379423141479492
21,2893020,2Q89,MdrDBcore04054,Y60W,-0.675,0.9244897365570068,0.572320818901062,1.1379423141479492
21,2893020,2.00E+22,MdrDBcore04055,R612A,-0.423,-0.38166555762290955,0.572320818901062,1.1379423141479492
21,2893020,2QEH,MdrDBcore04056,D111L,2.798,2.668323278427124,0.572320818901062,1.1379423141479492
21,2893020,2QEH,MdrDBcore04057,D139L,2.798,3.3418939113616943,0.572320818901062,1.1379423141479492
21,2893020,2QEH,MdrDBcore04058,E114L,4.791,2.9876484870910645,0.572320818901062,1.1379423141479492
21,2893020,2QEH,MdrDBcore04059,E7L,2.106,2.453699827194214,0.572320818901062,1.1379423141479492
21,2893020,2PQL,MdrDBcore04060,E7L,1.728,2.2724428176879883,0.572320818901062,1.1379423141479492
21,2893020,2QEH,MdrDBcore04061,H35L,-1.883,2.2172188758850098,0.572320818901062,1.1379423141479492
21,2893020,2PQL,MdrDBcore04062,H35L,-2.655,2.102365732192993,0.572320818901062,1.1379423141479492
21,2893020,2QEH,MdrDBcore04063,Y94L,0.581,2.2961151599884033,0.572320818901062,1.1379423141479492
21,2893020,2PQL,MdrDBcore04064,Y94L,2.055,2.2275781631469727,0.572320818901062,1.1379423141479492
21,2893020,3AM3,MdrDBcore04065,M372V,-0.262,-0.14773428440093994,0.572320818901062,1.1379423141479492
21,2893020,2CCC,MdrDBcore04066,E45A,-0.338,-0.3487284481525421,0.572320818901062,1.1379423141479492
21,2893020,2CC7,MdrDBcore04067,E45A,0.071,-0.20559576153755188,0.572320818901062,1.1379423141479492
21,2893020,2CCB,MdrDBcore04068,E45A,0.236,-0.1301901638507843,0.572320818901062,1.1379423141479492
21,2893020,2CC7,MdrDBcore04069,E45F,0.501,-0.24317553639411926,0.572320818901062,1.1379423141479492
21,2893020,2CCB,MdrDBcore04070,E45F,-1.048,-0.10034125298261642,0.572320818901062,1.1379423141479492
21,2893020,2CC7,MdrDBcore04071,E45H,-0.453,-0.28347134590148926,0.572320818901062,1.1379423141479492
21,2893020,2CCB,MdrDBcore04072,E45H,-0.372,-0.125655859708786,0.572320818901062,1.1379423141479492
21,2893020,2CC7,MdrDBcore04073,E45N,-0.075,-0.2186897099018097,0.572320818901062,1.1379423141479492
21,2893020,2CCB,MdrDBcore04074,E45N,0.895,-0.1181274875998497,0.572320818901062,1.1379423141479492
21,2893020,2CC7,MdrDBcore04075,E45Q,-0.65,-0.21990197896957397,0.572320818901062,1.1379423141479492
21,2893020,2CCB,MdrDBcore04076,E45Q,1.076,-0.11501925438642502,0.572320818901062,1.1379423141479492
21,2893020,2CCB,MdrDBcore04077,E45T,-2.011,-0.12620705366134644,0.572320818901062,1.1379423141479492
21,2893020,2CCC,MdrDBcore04078,Q55A,-1.028,-0.3455807864665985,0.572320818901062,1.1379423141479492
21,2893020,2CC7,MdrDBcore04079,Q55A,1.883,-0.1716901957988739,0.572320818901062,1.1379423141479492
21,2893020,2CCB,MdrDBcore04080,Q55A,-0.941,-0.11809229105710983,0.572320818901062,1.1379423141479492
21,2893020,2JDM,MdrDBcore04081,A22S,-1.315,-1.9687243700027466,0.572320818901062,1.1379423141479492
21,2893020,2JDU,MdrDBcore04082,N24G,0.484,-1.385378122329712,0.572320818901062,1.1379423141479492
21,2893020,2JDY,MdrDBcore04083,N24G,-3.098,-2.486795425415039,0.572320818901062,1.1379423141479492
21,2893020,2FLE,MdrDBcore04084,A82V,-1.146,0.1665555238723755,0.572320818901062,1.1379423141479492
21,2893020,3EEB,MdrDBcore04085,C140A,0.315,0.683624267578125,0.572320818901062,1.1379423141479492
21,2893020,3EEB,MdrDBcore04086,D178A,1.612,0.6896658539772034,0.572320818901062,1.1379423141479492
21,2893020,3EEB,MdrDBcore04087,D178N,0.418,0.6836242079734802,0.572320818901062,1.1379423141479492
21,2893020,3EEB,MdrDBcore04088,D191A,0.298,0.6836243271827698,0.572320818901062,1.1379423141479492
21,2893020,3EEB,MdrDBcore04089,E179A,-0.07,0.6836244463920593,0.572320818901062,1.1379423141479492
21,2893020,3EEB,MdrDBcore04090,H134A,0.839,0.7482947707176208,0.572320818901062,1.1379423141479492
21,2893020,3EEB,MdrDBcore04091,R182Q,1.376,0.7841070890426636,0.572320818901062,1.1379423141479492
21,2893020,3EEB,MdrDBcore04092,R29Q,1.015,0.8537061214447021,0.572320818901062,1.1379423141479492
21,2893020,3EEB,MdrDBcore04093,W192A,1.168,0.6836243271827698,0.572320818901062,1.1379423141479492
21,2893020,3EEB,MdrDBcore04094,W192F,0.257,0.6836240887641907,0.572320818901062,1.1379423141479492
21,2893020,3HY8,MdrDBcore04095,W229Q,-1.724,-0.7901433706283569,0.572320818901062,1.1379423141479492
21,2893020,3HY8,MdrDBcore04096,W229R,-2.302,-0.7605383396148682,0.572320818901062,1.1379423141479492
21,2893020,1TPZ,MdrDBcore04097,K48A,0.0,-0.3586675226688385,0.572320818901062,1.1379423141479492
21,2893020,1TPZ,MdrDBcore04098,K48E,-0.048,-0.35866740345954895,0.572320818901062,1.1379423141479492
21,2893020,1TPZ,MdrDBcore04099,L44R,-0.069,-0.3586678206920624,0.572320818901062,1.1379423141479492
21,2893020,1TPZ,MdrDBcore04100,M173A,0.0,-0.35866814851760864,0.572320818901062,1.1379423141479492
21,2893020,1TPZ,MdrDBcore04101,S172R,0.161,-0.3586675822734833,0.572320818901062,1.1379423141479492
21,2893020,3FQL,MdrDBcore04102,C316N,1.543,0.7795154452323914,0.572320818901062,1.1379423141479492
21,2893020,3FQL,MdrDBcore04103,L419M,-0.061,0.8699434995651245,0.572320818901062,1.1379423141479492
21,2893020,3FQL,MdrDBcore04104,M414T,-0.297,0.6223437786102295,0.572320818901062,1.1379423141479492
21,2893020,3FQL,MdrDBcore04105,P495L,-0.27,0.8699434399604797,0.572320818901062,1.1379423141479492
21,2893020,3MDV,MdrDBcore04106,T306A,0.132,0.39825308322906494,0.572320818901062,1.1379423141479492
21,2893020,3MDM,MdrDBcore04107,T306A,-1.062,-0.7266020178794861,0.572320818901062,1.1379423141479492
21,2893020,3MDR,MdrDBcore04108,T306A,0.954,0.7065695524215698,0.572320818901062,1.1379423141479492
21,2893020,3MDT,MdrDBcore04109,T306A,0.262,0.6043992638587952,0.572320818901062,1.1379423141479492
21,2893020,3MI3,MdrDBcore04110,E222Q,5.588,3.297802209854126,0.572320818901062,1.1379423141479492
21,2893020,3MI3,MdrDBcore04111,Q364R,3.292,3.309018850326538,0.572320818901062,1.1379423141479492
21,2893020,3MI3,MdrDBcore04112,R288K,2.995,3.3090462684631348,0.572320818901062,1.1379423141479492
21,2893020,3DGN,MdrDBcore04113,Y43F,1.133,0.7393589615821838,0.572320818901062,1.1379423141479492
21,2893020,3DGL,MdrDBcore04114,Y43F,-0.195,0.01811882108449936,0.572320818901062,1.1379423141479492
21,2893020,4CKI,MdrDBcore04115,A807V,0.512,0.4221709966659546,0.572320818901062,1.1379423141479492
21,2893020,6VHG,MdrDBcore04116,A807V,0.619,0.6539741158485413,0.572320818901062,1.1379423141479492
21,2893020,4CKI,MdrDBcore04117,A807V,-0.091,0.268307089805603,0.572320818901062,1.1379423141479492
21,2893020,4CKI,MdrDBcore04118,E732K,0.928,0.43830904364585876,0.572320818901062,1.1379423141479492
21,2893020,6VHG,MdrDBcore04119,E732K,-0.102,0.7366334795951843,0.572320818901062,1.1379423141479492
21,2893020,4CKI,MdrDBcore04120,E732K,0.115,0.4799663722515106,0.572320818901062,1.1379423141479492
21,2893020,4CKI,MdrDBcore04121,F998V,0.667,0.5644493103027344,0.572320818901062,1.1379423141479492
21,2893020,6VHG,MdrDBcore04122,F998V,0.901,0.7924007177352905,0.572320818901062,1.1379423141479492
21,2893020,4CKI,MdrDBcore04123,F998V,0.0,0.6287476420402527,0.572320818901062,1.1379423141479492
21,2893020,4CKI,MdrDBcore04124,G810A,-0.052,0.38553136587142944,0.572320818901062,1.1379423141479492
21,2893020,6NEC,MdrDBcore04125,G810A,-0.324,0.59575355052948,0.572320818901062,1.1379423141479492
21,2893020,4CKI,MdrDBcore04126,G810A,-0.044,0.3350618779659271,0.572320818901062,1.1379423141479492
21,2893020,4CKI,MdrDBcore04127,G810S,0.874,0.6607993245124817,0.572320818901062,1.1379423141479492
21,2893020,6NEC,MdrDBcore04128,G810S,0.747,1.248563289642334,0.572320818901062,1.1379423141479492
21,2893020,4CKI,MdrDBcore04129,G810S,0.821,0.6301985383033752,0.572320818901062,1.1379423141479492
21,2893020,6NJA,MdrDBcore04130,M918T,1.113,0.770327627658844,0.572320818901062,1.1379423141479492
21,2893020,6VHG,MdrDBcore04131,M918T,1.192,0.7350521683692932,0.572320818901062,1.1379423141479492
21,2893020,2IVT,MdrDBcore04132,M918T,0.319,0.27480658888816833,0.572320818901062,1.1379423141479492
21,2893020,4CKI,MdrDBcore04133,V738A,0.954,0.7336627840995789,0.572320818901062,1.1379423141479492
21,2893020,6NEC,MdrDBcore04134,V738A,1.49,0.6434611082077026,0.572320818901062,1.1379423141479492
21,2893020,4CKI,MdrDBcore04135,V738A,1.115,0.5382677316665649,0.572320818901062,1.1379423141479492
21,2893020,4CKI,MdrDBcore04136,V804L,1.538,1.1812701225280762,0.572320818901062,1.1379423141479492
21,2893020,6VHG,MdrDBcore04137,V804L,2.383,1.3048770427703857,0.572320818901062,1.1379423141479492
21,2893020,4CKI,MdrDBcore04138,V804L,0.842,0.13304173946380615,0.572320818901062,1.1379423141479492
21,2893020,4CKI,MdrDBcore04139,V804M,1.704,0.4412836730480194,0.572320818901062,1.1379423141479492
21,2893020,6VHG,MdrDBcore04140,V804M,1.985,1.7709225416183472,0.572320818901062,1.1379423141479492
21,2893020,4CKI,MdrDBcore04141,V804M,1.076,0.4015755355358124,0.572320818901062,1.1379423141479492
21,2893020,4CKI,MdrDBcore04142,V871I,0.886,0.6565002799034119,0.572320818901062,1.1379423141479492
21,2893020,6NEC,MdrDBcore04143,V871I,0.597,1.0043041706085205,0.572320818901062,1.1379423141479492
21,2893020,4CKI,MdrDBcore04144,V871I,0.149,0.3166256546974182,0.572320818901062,1.1379423141479492
21,2893020,4CKI,MdrDBcore04145,Y806N,1.77,0.47149190306663513,0.572320818901062,1.1379423141479492
21,2893020,6NEC,MdrDBcore04146,Y806N,1.374,0.7019322514533997,0.572320818901062,1.1379423141479492
21,2893020,4CKI,MdrDBcore04147,Y806N,1.109,0.33760958909988403,0.572320818901062,1.1379423141479492
21,2893020,4WA9,MdrDBcore04148,D276G,0.179,0.02760421484708786,0.572320818901062,1.1379423141479492
21,2893020,4XEY,MdrDBcore04149,E255K,0.894,0.8559831380844116,0.572320818901062,1.1379423141479492
21,2893020,4WA9,MdrDBcore04150,E255K,0.258,0.0276043638586998,0.572320818901062,1.1379423141479492
21,2893020,3UE4,MdrDBcore04151,E255K,0.557,0.5136409401893616,0.572320818901062,1.1379423141479492
21,2893020,4XEY,MdrDBcore04152,E255V,1.014,0.8559832572937012,0.572320818901062,1.1379423141479492
21,2893020,4WA9,MdrDBcore04153,E255V,0.298,0.027604341506958008,0.572320818901062,1.1379423141479492
21,2893020,3UE4,MdrDBcore04154,E255V,0.656,0.4976952373981476,0.572320818901062,1.1379423141479492
21,2893020,4WA9,MdrDBcore04155,E279K,-0.03,0.18843433260917664,0.572320818901062,1.1379423141479492
21,2893020,4WA9,MdrDBcore04156,E292L,0.03,0.02760450541973114,0.572320818901062,1.1379423141479492
21,2893020,4XEY,MdrDBcore04157,E355A,0.239,0.8559831380844116,0.572320818901062,1.1379423141479492
21,2893020,3UE4,MdrDBcore04158,E355A,0.02,0.5136409401893616,0.572320818901062,1.1379423141479492
21,2893020,4XEY,MdrDBcore04159,E459K,0.407,0.8559831380844116,0.572320818901062,1.1379423141479492
21,2893020,3UE4,MdrDBcore04160,E459K,0.348,0.5136409997940063,0.572320818901062,1.1379423141479492
21,2893020,4XEY,MdrDBcore04161,F317C,1.849,1.2987803220748901,0.572320818901062,1.1379423141479492
21,2893020,3UE4,MdrDBcore04162,F317C,0.497,0.5214798450469971,0.572320818901062,1.1379423141479492
21,2893020,4XEY,MdrDBcore04163,F317I,1.779,0.8926948308944702,0.572320818901062,1.1379423141479492
21,2893020,3UE4,MdrDBcore04164,F317I,0.706,0.5191594362258911,0.572320818901062,1.1379423141479492
21,2893020,4XEY,MdrDBcore04165,F317L,0.954,0.9256079196929932,0.572320818901062,1.1379423141479492
21,2893020,4WA9,MdrDBcore04166,F317L,0.229,0.02014223486185074,0.572320818901062,1.1379423141479492
21,2893020,3UE4,MdrDBcore04167,F317L,0.089,0.6689373850822449,0.572320818901062,1.1379423141479492
21,2893020,4WA9,MdrDBcore04168,F317R,0.268,0.05545525252819061,0.572320818901062,1.1379423141479492
21,2893020,4XEY,MdrDBcore04169,F317V,2.345,0.8799647688865662,0.572320818901062,1.1379423141479492
21,2893020,4WA9,MdrDBcore04170,F317V,0.278,-0.12413803488016129,0.572320818901062,1.1379423141479492
21,2893020,3UE4,MdrDBcore04171,F317V,1.709,0.653035044670105,0.572320818901062,1.1379423141479492
21,2893020,4XEY,MdrDBcore04172,F359C,0.0,0.8559832572937012,0.572320818901062,1.1379423141479492
21,2893020,3UE4,MdrDBcore04173,F359C,-0.01,0.5136408805847168,0.572320818901062,1.1379423141479492
21,2893020,4XEY,MdrDBcore04174,F359I,0.239,0.8559828996658325,0.572320818901062,1.1379423141479492
21,2893020,4WA9,MdrDBcore04175,F359I,0.099,0.027604304254055023,0.572320818901062,1.1379423141479492
21,2893020,3UE4,MdrDBcore04176,F359I,0.04,0.5136408805847168,0.572320818901062,1.1379423141479492
21,2893020,4XEY,MdrDBcore04177,F359V,0.0,0.8559831380844116,0.572320818901062,1.1379423141479492
21,2893020,4WA9,MdrDBcore04178,F359V,0.07,0.02760446071624756,0.572320818901062,1.1379423141479492
21,2893020,3UE4,MdrDBcore04179,F359V,-0.109,0.5136407613754272,0.572320818901062,1.1379423141479492
21,2893020,4WA9,MdrDBcore04180,F486S,0.05,0.02760479599237442,0.572320818901062,1.1379423141479492
21,2893020,4XEY,MdrDBcore04181,G250E,0.407,0.8559832572937012,0.572320818901062,1.1379423141479492
21,2893020,4WA9,MdrDBcore04182,G250E,0.268,0.02760452777147293,0.572320818901062,1.1379423141479492
21,2893020,3UE4,MdrDBcore04183,G250E,0.109,0.5136407613754272,0.572320818901062,1.1379423141479492
21,2893020,4XEY,MdrDBcore04184,H396R,0.0,0.8559831380844116,0.572320818901062,1.1379423141479492
21,2893020,4WA9,MdrDBcore04185,H396R,0.248,0.02760416269302368,0.572320818901062,1.1379423141479492
21,2893020,3UE4,MdrDBcore04186,H396R,-0.099,0.5136409401893616,0.572320818901062,1.1379423141479492
21,2893020,4XEY,MdrDBcore04187,L248R,0.646,-0.13226720690727234,0.572320818901062,1.1379423141479492
21,2893020,4WA9,MdrDBcore04188,L248R,0.308,0.12082567811012268,0.572320818901062,1.1379423141479492
21,2893020,3UE4,MdrDBcore04189,L248R,1.491,0.7873842120170593,0.572320818901062,1.1379423141479492
21,2893020,4XEY,MdrDBcore04190,L248V,0.547,0.8451507687568665,0.572320818901062,1.1379423141479492
21,2893020,4WA9,MdrDBcore04191,L248V,0.318,0.020842328667640686,0.572320818901062,1.1379423141479492
21,2893020,3UE4,MdrDBcore04192,L248V,0.557,0.5230701565742493,0.572320818901062,1.1379423141479492
21,2893020,4WA9,MdrDBcore04193,L384M,0.06,0.027604125440120697,0.572320818901062,1.1379423141479492
21,2893020,4XEY,MdrDBcore04194,M244V,0.0,0.8559831380844116,0.572320818901062,1.1379423141479492
21,2893020,4WA9,MdrDBcore04195,M244V,-0.109,0.027604863047599792,0.572320818901062,1.1379423141479492
21,2893020,3UE4,MdrDBcore04196,M244V,0.427,0.5136408805847168,0.572320818901062,1.1379423141479492
21,2893020,4WA9,MdrDBcore04197,M343T,0.209,0.027604855597019196,0.572320818901062,1.1379423141479492
21,2893020,4XEY,MdrDBcore04198,M351T,0.0,0.8559831380844116,0.572320818901062,1.1379423141479492
21,2893020,4WA9,MdrDBcore04199,M351T,-0.239,0.027604542672634125,0.572320818901062,1.1379423141479492
21,2893020,3UE4,MdrDBcore04200,M351T,0.189,0.5136410593986511,0.572320818901062,1.1379423141479492
21,2893020,4WA9,MdrDBcore04201,Q252H,0.199,0.03797474130988121,0.572320818901062,1.1379423141479492
21,2893020,4XEY,MdrDBcore04202,T315A,2.008,1.086493730545044,0.572320818901062,1.1379423141479492
21,2893020,4WA9,MdrDBcore04203,T315A,-0.447,0.06022769957780838,0.572320818901062,1.1379423141479492
21,2893020,3UE4,MdrDBcore04204,T315A,0.318,0.471406489610672,0.572320818901062,1.1379423141479492
21,2893020,4XEY,MdrDBcore04205,T315I,5.049,0.6496050953865051,0.572320818901062,1.1379423141479492
21,2893020,4WA9,MdrDBcore04206,T315I,-1.262,-0.017604701220989227,0.572320818901062,1.1379423141479492
21,2893020,3UE4,MdrDBcore04207,T315I,2.435,0.6243801712989807,0.572320818901062,1.1379423141479492
21,2893020,4WA9,MdrDBcore04208,T315V,-1.719,0.012216374278068542,0.572320818901062,1.1379423141479492
21,2893020,4XEY,MdrDBcore04209,V299L,1.232,0.6883898973464966,0.572320818901062,1.1379423141479492
21,2893020,4WA9,MdrDBcore04210,V299L,-0.875,-0.09112202376127243,0.572320818901062,1.1379423141479492
21,2893020,3UE4,MdrDBcore04211,V299L,1.69,0.5370075106620789,0.572320818901062,1.1379423141479492
21,2893020,4XEY,MdrDBcore04212,Y253F,0.239,0.8559831380844116,0.572320818901062,1.1379423141479492
21,2893020,4WA9,MdrDBcore04213,Y253F,0.258,0.03799450397491455,0.572320818901062,1.1379423141479492
21,2893020,3UE4,MdrDBcore04214,Y253F,-0.338,0.5136408805847168,0.572320818901062,1.1379423141479492
21,2893020,4WA9,MdrDBcore04215,Y253H,0.03,0.169548898935318,0.572320818901062,1.1379423141479492
21,2893020,3OXZ,MdrDBcore04216,E255K,0.407,0.3873286545276642,0.572320818901062,1.1379423141479492
21,2893020,1OPJ,MdrDBcore04217,E255K,1.491,0.8456769585609436,0.572320818901062,1.1379423141479492
21,2893020,3OXZ,MdrDBcore04218,E255V,0.994,0.38260000944137573,0.572320818901062,1.1379423141479492
21,2893020,1OPJ,MdrDBcore04219,E255V,2.206,0.8456770777702332,0.572320818901062,1.1379423141479492
21,2893020,3OXZ,MdrDBcore04220,E355A,0.507,0.38732901215553284,0.572320818901062,1.1379423141479492
21,2893020,1OPJ,MdrDBcore04221,E355A,0.467,0.845676839351654,0.572320818901062,1.1379423141479492
21,2893020,3OXZ,MdrDBcore04222,E459K,0.298,0.38732895255088806,0.572320818901062,1.1379423141479492
21,2893020,1OPJ,MdrDBcore04223,E459K,0.656,0.845676839351654,0.572320818901062,1.1379423141479492
21,2893020,3OXZ,MdrDBcore04224,F317C,0.0,0.4730272591114044,0.572320818901062,1.1379423141479492
21,2893020,1OPJ,MdrDBcore04225,F317C,0.278,0.9396035075187683,0.572320818901062,1.1379423141479492
21,2893020,3OXZ,MdrDBcore04226,F317I,0.507,0.375304251909256,0.572320818901062,1.1379423141479492
21,2893020,1OPJ,MdrDBcore04227,F317I,0.169,0.8340172171592712,0.572320818901062,1.1379423141479492
21,2893020,3OXZ,MdrDBcore04228,F317L,0.169,0.3819458484649658,0.572320818901062,1.1379423141479492
21,2893020,1OPJ,MdrDBcore04229,F317L,0.716,0.8412332534790039,0.572320818901062,1.1379423141479492
21,2893020,3OXZ,MdrDBcore04230,F317V,0.716,0.3820204436779022,0.572320818901062,1.1379423141479492
21,2893020,1OPJ,MdrDBcore04231,F317V,0.964,0.8166395425796509,0.572320818901062,1.1379423141479492
21,2893020,3OXZ,MdrDBcore04232,F359C,0.407,0.38217270374298096,0.572320818901062,1.1379423141479492
21,2893020,1OPJ,MdrDBcore04233,F359C,0.765,0.8824247717857361,0.572320818901062,1.1379423141479492
21,2893020,3OXZ,MdrDBcore04234,F359I,0.765,0.43646663427352905,0.572320818901062,1.1379423141479492
21,2893020,1OPJ,MdrDBcore04235,F359I,0.278,0.8301603198051453,0.572320818901062,1.1379423141479492
21,2893020,3OXZ,MdrDBcore04236,F359V,0.169,0.386523574590683,0.572320818901062,1.1379423141479492
21,2893020,1OPJ,MdrDBcore04237,F359V,0.318,0.8299736380577087,0.572320818901062,1.1379423141479492
21,2893020,3OXZ,MdrDBcore04238,G250E,0.298,0.38732871413230896,0.572320818901062,1.1379423141479492
21,2893020,1OPJ,MdrDBcore04239,G250E,1.004,0.8456770181655884,0.572320818901062,1.1379423141479492
21,2893020,3OXZ,MdrDBcore04240,H396R,0.169,0.3873288035392761,0.572320818901062,1.1379423141479492
21,2893020,1OPJ,MdrDBcore04241,H396R,0.398,0.8456768989562988,0.572320818901062,1.1379423141479492
21,2893020,3OXZ,MdrDBcore04242,L248R,0.576,0.3376123309135437,0.572320818901062,1.1379423141479492
21,2893020,1OPJ,MdrDBcore04243,L248R,2.316,1.003197193145752,0.572320818901062,1.1379423141479492
21,2893020,3OXZ,MdrDBcore04244,L248V,0.169,0.4032447040081024,0.572320818901062,1.1379423141479492
21,2893020,1OPJ,MdrDBcore04245,L248V,0.636,0.884669303894043,0.572320818901062,1.1379423141479492
21,2893020,3OXZ,MdrDBcore04246,M244V,0.0,0.38732871413230896,0.572320818901062,1.1379423141479492
21,2893020,1OPJ,MdrDBcore04247,M244V,0.209,0.24259302020072937,0.572320818901062,1.1379423141479492
21,2893020,3OXZ,MdrDBcore04248,M351T,0.169,0.38731512427330017,0.572320818901062,1.1379423141479492
21,2893020,1OPJ,MdrDBcore04249,M351T,0.417,0.8830723762512207,0.572320818901062,1.1379423141479492
21,2893020,3OXZ,MdrDBcore04250,T315A,0.169,0.424140989780426,0.572320818901062,1.1379423141479492
21,2893020,1OPJ,MdrDBcore04251,T315A,0.507,0.8236656188964844,0.572320818901062,1.1379423141479492
21,2893020,3OXZ,MdrDBcore04252,T315I,0.407,0.37379083037376404,0.572320818901062,1.1379423141479492
21,2893020,1OPJ,MdrDBcore04253,T315I,2.306,0.8913533091545105,0.572320818901062,1.1379423141479492
21,2893020,3OXZ,MdrDBcore04254,V299L,0.169,0.3817143738269806,0.572320818901062,1.1379423141479492
21,2893020,1OPJ,MdrDBcore04255,V299L,0.229,0.926310122013092,0.572320818901062,1.1379423141479492
21,2893020,3OXZ,MdrDBcore04256,Y253F,0.298,0.37810975313186646,0.572320818901062,1.1379423141479492
21,2893020,1OPJ,MdrDBcore04257,Y253F,1.888,0.8761564493179321,0.572320818901062,1.1379423141479492
21,2893020,3CS9,MdrDBcore04258,E255K,1.262,0.336311936378479,0.572320818901062,1.1379423141479492
21,2893020,3CS9,MdrDBcore04259,E255V,2.345,0.5987579822540283,0.572320818901062,1.1379423141479492
21,2893020,3CS9,MdrDBcore04260,E355A,0.109,0.5987581014633179,0.572320818901062,1.1379423141479492
21,2893020,3CS9,MdrDBcore04261,E459K,0.547,0.5987579226493835,0.572320818901062,1.1379423141479492
21,2893020,3CS9,MdrDBcore04262,F317C,0.04,0.6500527858734131,0.572320818901062,1.1379423141479492
21,2893020,3CS9,MdrDBcore04263,F317I,0.298,0.5891942977905273,0.572320818901062,1.1379423141479492
21,2893020,3CS9,MdrDBcore04264,F317L,0.199,0.5925356149673462,0.572320818901062,1.1379423141479492
21,2893020,3CS9,MdrDBcore04265,F317V,0.328,0.591512143611908,0.572320818901062,1.1379423141479492
21,2893020,3CS9,MdrDBcore04266,F359C,0.676,0.5597633719444275,0.572320818901062,1.1379423141479492
21,2893020,3CS9,MdrDBcore04267,F359I,0.855,0.5597633719444275,0.572320818901062,1.1379423141479492
21,2893020,3CS9,MdrDBcore04268,F359V,0.596,0.559763491153717,0.572320818901062,1.1379423141479492
21,2893020,3CS9,MdrDBcore04269,G250E,0.596,0.5987579822540283,0.572320818901062,1.1379423141479492
21,2893020,3CS9,MdrDBcore04270,H396R,0.248,0.5987580418586731,0.572320818901062,1.1379423141479492
21,2893020,3CS9,MdrDBcore04271,L248R,2.137,0.8709276914596558,0.572320818901062,1.1379423141479492
21,2893020,3CS9,MdrDBcore04272,L248V,0.328,0.5937753915786743,0.572320818901062,1.1379423141479492
21,2893020,3CS9,MdrDBcore04273,M244V,-0.129,0.5987580418586731,0.572320818901062,1.1379423141479492
21,2893020,3CS9,MdrDBcore04274,M351T,0.0,0.5987579822540283,0.572320818901062,1.1379423141479492
21,2893020,3CS9,MdrDBcore04275,T315A,0.716,0.5623921155929565,0.572320818901062,1.1379423141479492
21,2893020,3CS9,MdrDBcore04276,T315I,3.727,0.6249215602874756,0.572320818901062,1.1379423141479492
21,2893020,3CS9,MdrDBcore04277,V299L,0.278,0.6101968288421631,0.572320818901062,1.1379423141479492
21,2893020,3CS9,MdrDBcore04278,Y253F,1.471,0.6044114232063293,0.572320818901062,1.1379423141479492
21,2893020,DOK1,MdrDBcore04279,E255K,-0.109,0.11568467319011688,0.572320818901062,1.1379423141479492
21,2893020,DOK2,MdrDBcore04280,E255K,-0.109,0.3601125478744507,0.572320818901062,1.1379423141479492
21,2893020,DOK1,MdrDBcore04281,F317I,1.57,0.1475171595811844,0.572320818901062,1.1379423141479492
21,2893020,DOK2,MdrDBcore04282,F317I,1.342,0.35196176171302795,0.572320818901062,1.1379423141479492
21,2893020,DOK1,MdrDBcore04283,F317L,0.398,0.12098567187786102,0.572320818901062,1.1379423141479492
21,2893020,DOK2,MdrDBcore04284,F317L,0.288,0.3513391315937042,0.572320818901062,1.1379423141479492
21,2893020,DOK1,MdrDBcore04285,M351T,-0.08,0.11568452417850494,0.572320818901062,1.1379423141479492
21,2893020,DOK2,MdrDBcore04286,M351T,0.05,0.36011242866516113,0.572320818901062,1.1379423141479492
21,2893020,DOK1,MdrDBcore04287,Q252H,-0.129,-0.03866951912641525,0.572320818901062,1.1379423141479492
21,2893020,DOK2,MdrDBcore04288,Q252H,-0.437,0.7713339328765869,0.572320818901062,1.1379423141479492
21,2893020,DOK1,MdrDBcore04289,T315I,-0.149,0.053306978195905685,0.572320818901062,1.1379423141479492
21,2893020,DOK1,MdrDBcore04290,Y253F,0.0,0.11568474769592285,0.572320818901062,1.1379423141479492
21,2893020,DOK2,MdrDBcore04291,Y253F,-0.169,0.36011242866516113,0.572320818901062,1.1379423141479492
