Run,Seed,SAMPLE_PDB_ID,SAMPLE_ID,MUTATION,True_DDG.EXP,Pred_DDG.EXP,ALL_Pearson,Best_Val_RMSE
23,8242433,6A2K,MdrDBcore00000,A16C+S108T,2.42,2.111652374267578,0.5675472617149353,1.192209243774414
23,8242433,3UM8,MdrDBcore00001,A16C+S108T,-0.41,0.06924042850732803,0.5675472617149353,1.192209243774414
23,8242433,6A2K,MdrDBcore00002,A16G+S108T,2.64,1.7050549983978271,0.5675472617149353,1.192209243774414
23,8242433,6A2K,MdrDBcore00003,A16G+S108T,0.31,1.019977331161499,0.5675472617149353,1.192209243774414
23,8242433,6A2K,MdrDBcore00004,A16S+S108T,3.65,3.5901834964752197,0.5675472617149353,1.192209243774414
23,8242433,6A2K,MdrDBcore00005,A16S+S108T,0.31,-0.1267508864402771,0.5675472617149353,1.192209243774414
23,8242433,6A2K,MdrDBcore00006,A16T+S108T,4.13,3.234607458114624,0.5675472617149353,1.192209243774414
23,8242433,6A2K,MdrDBcore00007,A16T+S108T,0.24,0.5013097524642944,0.5675472617149353,1.192209243774414
23,8242433,6A2K,MdrDBcore00008,A16V+S108T,4.09,3.6486241817474365,0.5675472617149353,1.192209243774414
23,8242433,6A2K,MdrDBcore00009,A16V+S108T,0.0,0.8313978910446167,0.5675472617149353,1.192209243774414
23,8242433,6A2K,MdrDBcore00010,C59R+S108N,1.81,2.0928657054901123,0.5675472617149353,1.192209243774414
23,8242433,6A2K,MdrDBcore00011,C59R+S108N,2.32,-1.1265196800231934,0.5675472617149353,1.192209243774414
23,8242433,6A2K,MdrDBcore00012,N51I+C59R+S108N+I164L,4.02,2.0315194129943848,0.5675472617149353,1.192209243774414
23,8242433,3UM8,MdrDBcore00013,N51I+C59R+S108N+I164L,4.32,0.9220038652420044,0.5675472617149353,1.192209243774414
23,8242433,5FED,MdrDBcore00014,G719S+T790M,-0.56,-0.38585805892944336,0.5675472617149353,1.192209243774414
23,8242433,5FED,MdrDBcore00015,L858R+T790M,-0.7,-0.043498869985342026,0.5675472617149353,1.192209243774414
23,8242433,5I3U,MdrDBcore00016,A98G+G190A,0.47,0.4271596670150757,0.5675472617149353,1.192209243774414
23,8242433,5I3U,MdrDBcore00017,A98G+G190A,0.59,0.4546376168727875,0.5675472617149353,1.192209243774414
23,8242433,5I3U,MdrDBcore00018,A98G+Y181C,1.52,0.8327271938323975,0.5675472617149353,1.192209243774414
23,8242433,5I3U,MdrDBcore00019,A98G+Y181C,1.13,0.23895367980003357,0.5675472617149353,1.192209243774414
23,8242433,5I3U,MdrDBcore00020,E138K+M184I,0.96,-1.3908147811889648,0.5675472617149353,1.192209243774414
23,8242433,5I3U,MdrDBcore00021,E138K+M184I,0.9,0.34812891483306885,0.5675472617149353,1.192209243774414
23,8242433,5I3U,MdrDBcore00022,E138K+M184V,0.78,0.2518342137336731,0.5675472617149353,1.192209243774414
23,8242433,5I3U,MdrDBcore00023,E138K+M184V,0.65,0.20979246497154236,0.5675472617149353,1.192209243774414
23,8242433,5I3U,MdrDBcore00024,K101E+G190A,0.65,0.6997014880180359,0.5675472617149353,1.192209243774414
23,8242433,5I3U,MdrDBcore00025,K101E+G190A,1.03,0.6328000426292419,0.5675472617149353,1.192209243774414
23,8242433,5I3U,MdrDBcore00026,K101E+G190S,0.35,0.6437519788742065,0.5675472617149353,1.192209243774414
23,8242433,5I3U,MdrDBcore00027,K101E+G190S,0.32,0.50843745470047,0.5675472617149353,1.192209243774414
23,8242433,5I3U,MdrDBcore00028,K101E+Y181C,1.34,0.777704119682312,0.5675472617149353,1.192209243774414
23,8242433,5I3U,MdrDBcore00029,K101E+Y181C,1.18,1.0808249711990356,0.5675472617149353,1.192209243774414
23,8242433,5I3U,MdrDBcore00030,K101H+G190A,0.69,0.8529505133628845,0.5675472617149353,1.192209243774414
23,8242433,5I3U,MdrDBcore00031,K101H+G190A,0.75,0.8099328279495239,0.5675472617149353,1.192209243774414
23,8242433,5I3U,MdrDBcore00032,K101H+Y181C,1.29,0.6352017521858215,0.5675472617149353,1.192209243774414
23,8242433,5I3U,MdrDBcore00033,K101H+Y181C,1.19,0.17519229650497437,0.5675472617149353,1.192209243774414
23,8242433,1S6Q,MdrDBcore00034,K103N+P225H,0.8,0.17835348844528198,0.5675472617149353,1.192209243774414
23,8242433,1S6Q,MdrDBcore00035,K103N+P225H,0.16,0.7401896119117737,0.5675472617149353,1.192209243774414
23,8242433,5I3U,MdrDBcore00036,V106M+F227L,0.06,-0.154849112033844,0.5675472617149353,1.192209243774414
23,8242433,5I3U,MdrDBcore00037,V106M+F227L,-0.55,0.33745312690734863,0.5675472617149353,1.192209243774414
23,8242433,5I3U,MdrDBcore00038,V106M+V179D,1.03,0.3237077593803406,0.5675472617149353,1.192209243774414
23,8242433,5I3U,MdrDBcore00039,V106M+V179D,0.52,0.4616546332836151,0.5675472617149353,1.192209243774414
23,8242433,5I3U,MdrDBcore00040,V179F+Y181C,1.13,1.2007087469100952,0.5675472617149353,1.192209243774414
23,8242433,5I3U,MdrDBcore00041,Y181C+G190A,0.92,0.696109414100647,0.5675472617149353,1.192209243774414
23,8242433,5I3U,MdrDBcore00042,Y181C+G190A,0.57,0.2581997811794281,0.5675472617149353,1.192209243774414
23,8242433,5I3U,MdrDBcore00043,Y181C+G190S,1.98,0.08250860124826431,0.5675472617149353,1.192209243774414
23,8242433,5I3U,MdrDBcore00044,Y181C+G190S,1.09,0.31205204129219055,0.5675472617149353,1.192209243774414
23,8242433,1S6Q,MdrDBcore00045,Y181C+H221Y,1.82,2.140456199645996,0.5675472617149353,1.192209243774414
23,8242433,1IKY,MdrDBcore00046,Y181C+H221Y,1.08,0.15738537907600403,0.5675472617149353,1.192209243774414
23,8242433,3BGB,MdrDBcore00047,G48V+L90M,1.42,0.35755977034568787,0.5675472617149353,1.192209243774414
23,8242433,3BGB,MdrDBcore00048,L10F+I50V,2.43,0.40734538435935974,0.5675472617149353,1.192209243774414
23,8242433,3BGB,MdrDBcore00049,L10F+I84V,1.78,0.09364206343889236,0.5675472617149353,1.192209243774414
23,8242433,3BGB,MdrDBcore00050,V82F+I84V,2.73,0.27154117822647095,0.5675472617149353,1.192209243774414
23,8242433,3LEP,MdrDBcore00051,S302R+C303D,1.91,1.0326319932937622,0.5675472617149353,1.192209243774414
23,8242433,3UM8,MdrDBcore00052,A16C,0.07,0.6995284557342529,0.5675472617149353,1.192209243774414
23,8242433,3QGT,MdrDBcore00053,A16C,0.17,0.45589759945869446,0.5675472617149353,1.192209243774414
23,8242433,3UM8,MdrDBcore00054,A16G,0.74,0.8838180303573608,0.5675472617149353,1.192209243774414
23,8242433,3QGT,MdrDBcore00055,A16G,0.5,0.6806548833847046,0.5675472617149353,1.192209243774414
23,8242433,3UM8,MdrDBcore00056,A16S,2.63,0.777385950088501,0.5675472617149353,1.192209243774414
23,8242433,3QGT,MdrDBcore00057,A16S,1.79,0.5607374906539917,0.5675472617149353,1.192209243774414
23,8242433,3UM8,MdrDBcore00058,S108N,1.25,0.7701515555381775,0.5675472617149353,1.192209243774414
23,8242433,3QGT,MdrDBcore00059,S108N,1.88,0.5952872037887573,0.5675472617149353,1.192209243774414
23,8242433,3UM8,MdrDBcore00060,S108T,0.64,0.8028437495231628,0.5675472617149353,1.192209243774414
23,8242433,3QGT,MdrDBcore00061,S108T,0.0,0.6300374269485474,0.5675472617149353,1.192209243774414
23,8242433,2GQG,MdrDBcore00062,E255K,1.16,0.620323896408081,0.5675472617149353,1.192209243774414
23,8242433,3CS9,MdrDBcore00063,E255K,1.63,0.3134649693965912,0.5675472617149353,1.192209243774414
23,8242433,2GQG,MdrDBcore00064,E255V,1.56,0.6203241944313049,0.5675472617149353,1.192209243774414
23,8242433,3CS9,MdrDBcore00065,E255V,2.09,0.31346502900123596,0.5675472617149353,1.192209243774414
23,8242433,2GQG,MdrDBcore00066,E355G,0.48,0.6203239560127258,0.5675472617149353,1.192209243774414
23,8242433,2GQG,MdrDBcore00067,F311L,0.29,0.6203243136405945,0.5675472617149353,1.192209243774414
23,8242433,3CS9,MdrDBcore00068,F311L,0.34,0.313464879989624,0.5675472617149353,1.192209243774414
23,8242433,2GQG,MdrDBcore00069,F317L,1.33,0.6395329236984253,0.5675472617149353,1.192209243774414
23,8242433,3CS9,MdrDBcore00070,F317L,0.8,0.3833426833152771,0.5675472617149353,1.192209243774414
23,8242433,2GQG,MdrDBcore00071,F317V,2.5,0.6435754299163818,0.5675472617149353,1.192209243774414
23,8242433,2GQG,MdrDBcore00072,F359V,0.6,0.6203242540359497,0.5675472617149353,1.192209243774414
23,8242433,3CS9,MdrDBcore00073,F359V,1.55,0.3915140926837921,0.5675472617149353,1.192209243774414
23,8242433,2GQG,MdrDBcore00074,G250E,0.48,0.6203240752220154,0.5675472617149353,1.192209243774414
23,8242433,3CS9,MdrDBcore00075,G250E,0.78,0.3134649991989136,0.5675472617149353,1.192209243774414
23,8242433,2GQG,MdrDBcore00076,H396P,-0.17,0.6350284218788147,0.5675472617149353,1.192209243774414
23,8242433,3CS9,MdrDBcore00077,H396P,0.68,0.3134649395942688,0.5675472617149353,1.192209243774414
23,8242433,2GQG,MdrDBcore00078,H396R,0.29,0.6205004453659058,0.5675472617149353,1.192209243774414
23,8242433,3CS9,MdrDBcore00079,H396R,0.68,0.31346502900123596,0.5675472617149353,1.192209243774414
23,8242433,2GQG,MdrDBcore00080,L387M,0.55,0.6203242540359497,0.5675472617149353,1.192209243774414
23,8242433,3CS9,MdrDBcore00081,L387M,0.79,0.313464879989624,0.5675472617149353,1.192209243774414
23,8242433,2GQG,MdrDBcore00082,M244V,0.29,0.6203241348266602,0.5675472617149353,1.192209243774414
23,8242433,3CS9,MdrDBcore00083,M244V,0.64,0.3134649395942688,0.5675472617149353,1.192209243774414
23,8242433,2GQG,MdrDBcore00084,M351T,0.19,0.6203241944313049,0.5675472617149353,1.192209243774414
23,8242433,3CS9,MdrDBcore00085,M351T,0.09,0.31346502900123596,0.5675472617149353,1.192209243774414
23,8242433,2GQG,MdrDBcore00086,Q252H,0.86,0.6203242540359497,0.5675472617149353,1.192209243774414
23,8242433,3CS9,MdrDBcore00087,Q252H,1.0,0.3134649395942688,0.5675472617149353,1.192209243774414
23,8242433,2GQG,MdrDBcore00088,T315A,3.01,0.7061236500740051,0.5675472617149353,1.192209243774414
23,8242433,3CS9,MdrDBcore00089,T315A,0.92,0.3408481776714325,0.5675472617149353,1.192209243774414
23,8242433,2GQG,MdrDBcore00090,T315I,3.29,0.646583080291748,0.5675472617149353,1.192209243774414
23,8242433,3CS9,MdrDBcore00091,T315I,3.0,0.2770381569862366,0.5675472617149353,1.192209243774414
23,8242433,2GQG,MdrDBcore00092,V299L,1.86,0.6179260015487671,0.5675472617149353,1.192209243774414
23,8242433,2GQG,MdrDBcore00093,V379I,0.0,0.6203240156173706,0.5675472617149353,1.192209243774414
23,8242433,3CS9,MdrDBcore00094,V379I,0.81,0.3152073919773102,0.5675472617149353,1.192209243774414
23,8242433,2GQG,MdrDBcore00095,Y253F,0.33,0.6483972668647766,0.5675472617149353,1.192209243774414
23,8242433,3CS9,MdrDBcore00096,Y253F,1.35,0.3022005259990692,0.5675472617149353,1.192209243774414
23,8242433,2GQG,MdrDBcore00097,Y253H,0.29,0.6623477339744568,0.5675472617149353,1.192209243774414
23,8242433,3CS9,MdrDBcore00098,Y253H,2.11,0.34332534670829773,0.5675472617149353,1.192209243774414
23,8242433,5CAN,MdrDBcore00099,G719S,0.48,-0.17155346274375916,0.5675472617149353,1.192209243774414
23,8242433,6D8E,MdrDBcore00100,L858R,-1.6,-0.34819296002388,0.5675472617149353,1.192209243774414
23,8242433,2ITY,MdrDBcore00101,T790M,-1.21,-0.2710590660572052,0.5675472617149353,1.192209243774414
23,8242433,2ZD1,MdrDBcore00102,A98G,0.24,0.36267203092575073,0.5675472617149353,1.192209243774414
23,8242433,2ZD1,MdrDBcore00103,A98G,0.41,0.36267203092575073,0.5675472617149353,1.192209243774414
23,8242433,2ZD1,MdrDBcore00104,E138A,0.57,0.36267200112342834,0.5675472617149353,1.192209243774414
23,8242433,2ZD1,MdrDBcore00105,E138A,0.32,0.36267197132110596,0.5675472617149353,1.192209243774414
23,8242433,2ZD1,MdrDBcore00106,E138G,0.88,0.36267200112342834,0.5675472617149353,1.192209243774414
23,8242433,2ZD1,MdrDBcore00107,E138G,0.61,0.36267197132110596,0.5675472617149353,1.192209243774414
23,8242433,2ZD1,MdrDBcore00108,E138K,0.78,0.36267200112342834,0.5675472617149353,1.192209243774414
23,8242433,2ZD1,MdrDBcore00109,E138K,0.81,0.3626720607280731,0.5675472617149353,1.192209243774414
23,8242433,2ZD1,MdrDBcore00110,E138Q,1.5,0.36267203092575073,0.5675472617149353,1.192209243774414
23,8242433,2ZD1,MdrDBcore00111,E138Q,1.17,0.36267203092575073,0.5675472617149353,1.192209243774414
23,8242433,2ZD1,MdrDBcore00112,E138R,1.47,0.36267197132110596,0.5675472617149353,1.192209243774414
23,8242433,2ZD1,MdrDBcore00113,E138R,1.14,0.3626721203327179,0.5675472617149353,1.192209243774414
23,8242433,2ZD1,MdrDBcore00114,F227C,0.76,0.4102574288845062,0.5675472617149353,1.192209243774414
23,8242433,2ZD1,MdrDBcore00115,F227C,0.84,0.41025736927986145,0.5675472617149353,1.192209243774414
23,8242433,2ZD1,MdrDBcore00116,G190A,-0.21,0.3622311055660248,0.5675472617149353,1.192209243774414
23,8242433,2ZD1,MdrDBcore00117,G190A,0.0,0.36223113536834717,0.5675472617149353,1.192209243774414
23,8242433,2ZD1,MdrDBcore00118,G190S,-0.41,0.3609277307987213,0.5675472617149353,1.192209243774414
23,8242433,2ZD1,MdrDBcore00119,G190S,-1.37,0.3609277009963989,0.5675472617149353,1.192209243774414
23,8242433,3TKW,MdrDBcore00120,G48V,2.01,1.170892596244812,0.5675472617149353,1.192209243774414
23,8242433,2ZD1,MdrDBcore00121,H221Y,0.32,0.3626721203327179,0.5675472617149353,1.192209243774414
23,8242433,2ZD1,MdrDBcore00122,H221Y,0.28,0.3626720607280731,0.5675472617149353,1.192209243774414
23,8242433,3TKW,MdrDBcore00123,I50V,2.05,1.3865545988082886,0.5675472617149353,1.192209243774414
23,8242433,3TKW,MdrDBcore00124,I54M,0.61,1.170854926109314,0.5675472617149353,1.192209243774414
23,8242433,3TKW,MdrDBcore00125,I54V,1.28,1.170855164527893,0.5675472617149353,1.192209243774414
23,8242433,2ZD1,MdrDBcore00126,K101E,0.57,0.37945035099983215,0.5675472617149353,1.192209243774414
23,8242433,2ZD1,MdrDBcore00127,K101E,0.59,0.3794502019882202,0.5675472617149353,1.192209243774414
23,8242433,2ZD1,MdrDBcore00128,K101H,0.06,0.36402133107185364,0.5675472617149353,1.192209243774414
23,8242433,2ZD1,MdrDBcore00129,K101H,0.41,0.3640214204788208,0.5675472617149353,1.192209243774414
23,8242433,2ZD1,MdrDBcore00130,K101P,0.86,0.367734432220459,0.5675472617149353,1.192209243774414
23,8242433,2ZD1,MdrDBcore00131,K101P,1.83,0.3677343428134918,0.5675472617149353,1.192209243774414
23,8242433,2ZD1,MdrDBcore00132,K103N,-0.13,0.3627513647079468,0.5675472617149353,1.192209243774414
23,8242433,2ZD1,MdrDBcore00133,K103N,0.0,0.3627513349056244,0.5675472617149353,1.192209243774414
23,8242433,2ZD1,MdrDBcore00134,K103S,0.32,0.3455692231655121,0.5675472617149353,1.192209243774414
23,8242433,2ZD1,MdrDBcore00135,K103S,0.32,0.3455691933631897,0.5675472617149353,1.192209243774414
23,8242433,2ZD1,MdrDBcore00136,L100I,0.41,0.34893321990966797,0.5675472617149353,1.192209243774414
23,8242433,2ZD1,MdrDBcore00137,L100I,-0.21,0.34893330931663513,0.5675472617149353,1.192209243774414
23,8242433,2ZD1,MdrDBcore00138,M230I,1.29,0.36267203092575073,0.5675472617149353,1.192209243774414
23,8242433,2ZD1,MdrDBcore00139,M230I,1.03,0.36267197132110596,0.5675472617149353,1.192209243774414
23,8242433,2ZD1,MdrDBcore00140,M230L,1.35,0.36267200112342834,0.5675472617149353,1.192209243774414
23,8242433,2ZD1,MdrDBcore00141,M230L,1.15,0.36267200112342834,0.5675472617149353,1.192209243774414
23,8242433,2ZD1,MdrDBcore00142,P225H,-0.3,0.38007697463035583,0.5675472617149353,1.192209243774414
23,8242433,2ZD1,MdrDBcore00143,P225H,-0.55,0.3800768554210663,0.5675472617149353,1.192209243774414
23,8242433,2ZD1,MdrDBcore00144,V106A,0.11,0.3840043246746063,0.5675472617149353,1.192209243774414
23,8242433,2ZD1,MdrDBcore00145,V106A,-0.21,0.3840044438838959,0.5675472617149353,1.192209243774414
23,8242433,2ZD1,MdrDBcore00146,V106I,-0.3,0.3501286208629608,0.5675472617149353,1.192209243774414
23,8242433,2ZD1,MdrDBcore00147,V106I,-0.41,0.35012856125831604,0.5675472617149353,1.192209243774414
23,8242433,2ZD1,MdrDBcore00148,V106M,0.28,0.3279624581336975,0.5675472617149353,1.192209243774414
23,8242433,2ZD1,MdrDBcore00149,V106M,0.0,0.3279624879360199,0.5675472617149353,1.192209243774414
23,8242433,2ZD1,MdrDBcore00150,V108I,-0.21,0.3626720607280731,0.5675472617149353,1.192209243774414
23,8242433,2ZD1,MdrDBcore00151,V108I,-0.3,0.36267197132110596,0.5675472617149353,1.192209243774414
23,8242433,2ZD1,MdrDBcore00152,V179D,0.28,0.3965916633605957,0.5675472617149353,1.192209243774414
23,8242433,2ZD1,MdrDBcore00153,V179D,0.0,0.39659178256988525,0.5675472617149353,1.192209243774414
23,8242433,2ZD1,MdrDBcore00154,V179L,-0.21,0.34138497710227966,0.5675472617149353,1.192209243774414
23,8242433,2ZD1,MdrDBcore00155,V179L,-0.41,0.34138497710227966,0.5675472617149353,1.192209243774414
23,8242433,2ZD1,MdrDBcore00156,V179T,0.06,0.3589053153991699,0.5675472617149353,1.192209243774414
23,8242433,2ZD1,MdrDBcore00157,V179T,0.11,0.35890546441078186,0.5675472617149353,1.192209243774414
23,8242433,2ZD1,MdrDBcore00158,V90I,0.16,0.36267203092575073,0.5675472617149353,1.192209243774414
23,8242433,2ZD1,MdrDBcore00159,V90I,0.11,0.3626720607280731,0.5675472617149353,1.192209243774414
23,8242433,2ZD1,MdrDBcore00160,Y181C,0.81,0.3581400513648987,0.5675472617149353,1.192209243774414
23,8242433,2ZD1,MdrDBcore00161,Y181C,0.11,0.3581402599811554,0.5675472617149353,1.192209243774414
23,8242433,2ZD1,MdrDBcore00162,Y181I,2.05,0.3772895932197571,0.5675472617149353,1.192209243774414
23,8242433,2ZD1,MdrDBcore00163,Y181I,2.05,0.3772895336151123,0.5675472617149353,1.192209243774414
23,8242433,2ZD1,MdrDBcore00164,Y181V,1.83,0.38038188219070435,0.5675472617149353,1.192209243774414
23,8242433,2ZD1,MdrDBcore00165,Y188C,-1.37,0.38087931275367737,0.5675472617149353,1.192209243774414
23,8242433,2ZD1,MdrDBcore00166,Y188C,-0.96,0.3808791935443878,0.5675472617149353,1.192209243774414
23,8242433,2ZD1,MdrDBcore00167,Y188H,-0.96,0.3781037926673889,0.5675472617149353,1.192209243774414
23,8242433,2ZD1,MdrDBcore00168,Y188H,-0.3,0.3781038820743561,0.5675472617149353,1.192209243774414
23,8242433,2ZD1,MdrDBcore00169,Y188L,0.63,0.3781035840511322,0.5675472617149353,1.192209243774414
23,8242433,2ZD1,MdrDBcore00170,Y188L,1.23,0.378103643655777,0.5675472617149353,1.192209243774414
23,8242433,1FK9,MdrDBcore00171,A98G,0.76,0.9454888105392456,0.5675472617149353,1.192209243774414
23,8242433,1VRT,MdrDBcore00172,A98G,1.23,0.9756693840026855,0.5675472617149353,1.192209243774414
23,8242433,1FK9,MdrDBcore00173,E138A,0.16,0.9454890489578247,0.5675472617149353,1.192209243774414
23,8242433,1VRT,MdrDBcore00174,E138A,0.06,0.9756693840026855,0.5675472617149353,1.192209243774414
23,8242433,1FK9,MdrDBcore00175,E138G,0.32,0.9454889297485352,0.5675472617149353,1.192209243774414
23,8242433,1VRT,MdrDBcore00176,E138G,0.47,0.9756691455841064,0.5675472617149353,1.192209243774414
23,8242433,1FK9,MdrDBcore00177,E138K,0.59,0.9454888105392456,0.5675472617149353,1.192209243774414
23,8242433,1VRT,MdrDBcore00178,E138K,0.38,0.9756696224212646,0.5675472617149353,1.192209243774414
23,8242433,1FK9,MdrDBcore00179,E138Q,1.15,0.9454889297485352,0.5675472617149353,1.192209243774414
23,8242433,1VRT,MdrDBcore00180,E138Q,1.38,0.9756695032119751,0.5675472617149353,1.192209243774414
23,8242433,1FK9,MdrDBcore00181,E138R,0.92,0.9454889297485352,0.5675472617149353,1.192209243774414
23,8242433,1VRT,MdrDBcore00182,E138R,0.94,0.9756693840026855,0.5675472617149353,1.192209243774414
23,8242433,1FK9,MdrDBcore00183,F227C,0.97,0.9354770183563232,0.5675472617149353,1.192209243774414
23,8242433,1VRT,MdrDBcore00184,F227C,1.71,0.8674123883247375,0.5675472617149353,1.192209243774414
23,8242433,1FK9,MdrDBcore00185,G190A,1.21,0.9258331060409546,0.5675472617149353,1.192209243774414
23,8242433,1VRT,MdrDBcore00186,G190A,2.57,0.9932171106338501,0.5675472617149353,1.192209243774414
23,8242433,1FK9,MdrDBcore00187,G190S,2.3,0.8635966181755066,0.5675472617149353,1.192209243774414
23,8242433,1VRT,MdrDBcore00188,G190S,3.18,1.0030672550201416,0.5675472617149353,1.192209243774414
23,8242433,1HXB,MdrDBcore00189,G48V,3.01,0.737208366394043,0.5675472617149353,1.192209243774414
23,8242433,1FK9,MdrDBcore00190,H221Y,0.41,0.945488691329956,0.5675472617149353,1.192209243774414
23,8242433,1VRT,MdrDBcore00191,H221Y,0.88,0.9756695032119751,0.5675472617149353,1.192209243774414
23,8242433,1HXB,MdrDBcore00192,I47V,-0.41,0.6929231286048889,0.5675472617149353,1.192209243774414
23,8242433,1HXB,MdrDBcore00193,I50V,1.89,0.6947985291481018,0.5675472617149353,1.192209243774414
23,8242433,1HXB,MdrDBcore00194,I54M,0.95,0.7136776447296143,0.5675472617149353,1.192209243774414
23,8242433,1HXB,MdrDBcore00195,I54V,1.61,0.7136774659156799,0.5675472617149353,1.192209243774414
23,8242433,1HXB,MdrDBcore00196,I84V,1.68,0.7258947491645813,0.5675472617149353,1.192209243774414
23,8242433,1FK9,MdrDBcore00197,K101E,0.96,1.0837538242340088,0.5675472617149353,1.192209243774414
23,8242433,1VRT,MdrDBcore00198,K101E,1.46,0.9755396842956543,0.5675472617149353,1.192209243774414
23,8242433,1FK9,MdrDBcore00199,K101H,0.69,0.9503250122070312,0.5675472617149353,1.192209243774414
23,8242433,1VRT,MdrDBcore00200,K101H,1.18,0.9755640029907227,0.5675472617149353,1.192209243774414
23,8242433,1FK9,MdrDBcore00201,K101P,2.2,0.9388601779937744,0.5675472617149353,1.192209243774414
23,8242433,1FK9,MdrDBcore00202,K103N,1.94,0.8661444187164307,0.5675472617149353,1.192209243774414
23,8242433,1VRT,MdrDBcore00203,K103N,2.39,0.9804816246032715,0.5675472617149353,1.192209243774414
23,8242433,1FK9,MdrDBcore00204,K103S,1.58,0.8509738445281982,0.5675472617149353,1.192209243774414
23,8242433,1FK9,MdrDBcore00205,L100I,1.37,0.9170979857444763,0.5675472617149353,1.192209243774414
23,8242433,1VRT,MdrDBcore00206,L100I,0.67,1.0084460973739624,0.5675472617149353,1.192209243774414
23,8242433,1HXB,MdrDBcore00207,L10F,0.33,0.7136774659156799,0.5675472617149353,1.192209243774414
23,8242433,1HXB,MdrDBcore00208,L90M,0.59,0.7136774659156799,0.5675472617149353,1.192209243774414
23,8242433,1FK9,MdrDBcore00209,M230I,1.41,0.945488691329956,0.5675472617149353,1.192209243774414
23,8242433,1VRT,MdrDBcore00210,M230I,1.64,0.9756693840026855,0.5675472617149353,1.192209243774414
23,8242433,1FK9,MdrDBcore00211,M230L,1.64,0.945488691329956,0.5675472617149353,1.192209243774414
23,8242433,1HXB,MdrDBcore00212,M46I,0.0,0.7136772871017456,0.5675472617149353,1.192209243774414
23,8242433,1FK9,MdrDBcore00213,P225H,0.2,0.945488691329956,0.5675472617149353,1.192209243774414
23,8242433,1VRT,MdrDBcore00214,P225H,0.41,0.9756697416305542,0.5675472617149353,1.192209243774414
23,8242433,1FK9,MdrDBcore00215,V106A,0.32,0.8659868836402893,0.5675472617149353,1.192209243774414
23,8242433,1VRT,MdrDBcore00216,V106A,2.48,0.9625463485717773,0.5675472617149353,1.192209243774414
23,8242433,1FK9,MdrDBcore00217,V106I,-0.3,0.91953444480896,0.5675472617149353,1.192209243774414
23,8242433,1VRT,MdrDBcore00218,V106I,-0.21,0.9532723426818848,0.5675472617149353,1.192209243774414
23,8242433,1FK9,MdrDBcore00219,V106M,1.81,0.8934305310249329,0.5675472617149353,1.192209243774414
23,8242433,1VRT,MdrDBcore00220,V106M,2.05,1.020884394645691,0.5675472617149353,1.192209243774414
23,8242433,1FK9,MdrDBcore00221,V108I,0.32,0.9454889297485352,0.5675472617149353,1.192209243774414
23,8242433,1VRT,MdrDBcore00222,V108I,0.65,0.9756693840026855,0.5675472617149353,1.192209243774414
23,8242433,1FK9,MdrDBcore00223,V179D,0.65,1.0749638080596924,0.5675472617149353,1.192209243774414
23,8242433,1VRT,MdrDBcore00224,V179D,0.16,0.9588242769241333,0.5675472617149353,1.192209243774414
23,8242433,1VRT,MdrDBcore00225,V179F,-1.37,1.0169183015823364,0.5675472617149353,1.192209243774414
23,8242433,1FK9,MdrDBcore00226,V179L,-0.55,0.9226526021957397,0.5675472617149353,1.192209243774414
23,8242433,1VRT,MdrDBcore00227,V179L,-0.3,0.9717515707015991,0.5675472617149353,1.192209243774414
23,8242433,1FK9,MdrDBcore00228,V179T,-0.21,1.046821117401123,0.5675472617149353,1.192209243774414
23,8242433,1VRT,MdrDBcore00229,V179T,-0.13,0.9715790748596191,0.5675472617149353,1.192209243774414
23,8242433,1HXB,MdrDBcore00230,V32I,0.28,0.755836009979248,0.5675472617149353,1.192209243774414
23,8242433,1HXB,MdrDBcore00231,V82A,0.3,0.7333939075469971,0.5675472617149353,1.192209243774414
23,8242433,1HXB,MdrDBcore00232,V82I,1.18,0.716338038444519,0.5675472617149353,1.192209243774414
23,8242433,1FK9,MdrDBcore00233,V90I,0.06,0.9454889297485352,0.5675472617149353,1.192209243774414
23,8242433,1VRT,MdrDBcore00234,V90I,0.16,0.9756696224212646,0.5675472617149353,1.192209243774414
23,8242433,1FK9,MdrDBcore00235,Y181C,0.65,0.9194173812866211,0.5675472617149353,1.192209243774414
23,8242433,1VRT,MdrDBcore00236,Y181C,3.03,0.9708571434020996,0.5675472617149353,1.192209243774414
23,8242433,1FK9,MdrDBcore00237,Y181I,0.06,0.9216012954711914,0.5675472617149353,1.192209243774414
23,8242433,1FK9,MdrDBcore00238,Y181V,0.47,0.9302186965942383,0.5675472617149353,1.192209243774414
23,8242433,1FK9,MdrDBcore00239,Y188C,0.78,0.9347923994064331,0.5675472617149353,1.192209243774414
23,8242433,1FK9,MdrDBcore00240,Y188H,0.9,0.9299100041389465,0.5675472617149353,1.192209243774414
23,8242433,1VRT,MdrDBcore00241,Y188H,0.47,0.8544532060623169,0.5675472617149353,1.192209243774414
23,8242433,1FK9,MdrDBcore00242,Y188L,2.8,0.9223246574401855,0.5675472617149353,1.192209243774414
23,8242433,1VRT,MdrDBcore00243,Y188L,3.7,0.9416853189468384,0.5675472617149353,1.192209243774414
23,8242433,1HPV,MdrDBcore00244,G48V,0.82,0.9002450704574585,0.5675472617149353,1.192209243774414
23,8242433,1HPV,MdrDBcore00245,I47V,-0.24,0.8996123671531677,0.5675472617149353,1.192209243774414
23,8242433,1HPV,MdrDBcore00246,I50V,2.48,0.8665435910224915,0.5675472617149353,1.192209243774414
23,8242433,1HPV,MdrDBcore00247,I84V,1.86,0.8288952708244324,0.5675472617149353,1.192209243774414
23,8242433,1HPV,MdrDBcore00248,L10F,-0.11,0.9000148773193359,0.5675472617149353,1.192209243774414
23,8242433,1HPV,MdrDBcore00249,L90M,0.65,0.9000146985054016,0.5675472617149353,1.192209243774414
23,8242433,1HPV,MdrDBcore00250,M46I,-0.41,0.9000148773193359,0.5675472617149353,1.192209243774414
23,8242433,1HPV,MdrDBcore00251,V82A,0.33,0.8896885514259338,0.5675472617149353,1.192209243774414
23,8242433,1HPV,MdrDBcore00252,V82I,0.71,0.8954377770423889,0.5675472617149353,1.192209243774414
23,8242433,1PWM,MdrDBcore00253,C303D,1.04,0.9149529933929443,0.5675472617149353,1.192209243774414
23,8242433,1PWM,MdrDBcore00254,F121P,0.29,0.914953351020813,0.5675472617149353,1.192209243774414
23,8242433,1PWM,MdrDBcore00255,L300A,0.46,0.9149526357650757,0.5675472617149353,1.192209243774414
23,8242433,1PWM,MdrDBcore00256,L300P,1.88,0.914953887462616,0.5675472617149353,1.192209243774414
23,8242433,1PWM,MdrDBcore00257,L301M,0.7,0.9149532318115234,0.5675472617149353,1.192209243774414
23,8242433,1PWM,MdrDBcore00258,T113Y,2.08,0.9149532318115234,0.5675472617149353,1.192209243774414
23,8242433,1PWM,MdrDBcore00259,V47I,0.14,0.9149526357650757,0.5675472617149353,1.192209243774414
23,8242433,1MUI,MdrDBcore00260,D30N,0.77,0.4565701186656952,0.5675472617149353,1.192209243774414
23,8242433,1MUI,MdrDBcore00261,L90M,-0.06,0.48723724484443665,0.5675472617149353,1.192209243774414
23,8242433,1MUI,MdrDBcore00262,N88D,-0.19,0.48723742365837097,0.5675472617149353,1.192209243774414
23,8242433,3B7E,MdrDBcore00263,E119A,4.25,1.08551025390625,0.5675472617149353,1.192209243774414
23,8242433,3B7E,MdrDBcore00264,H274Y,0.55,0.9932589530944824,0.5675472617149353,1.192209243774414
23,8242433,3B7E,MdrDBcore00265,I117V,0.84,0.9396122694015503,0.5675472617149353,1.192209243774414
23,8242433,3B7E,MdrDBcore00266,K150N,0.11,0.9396123886108398,0.5675472617149353,1.192209243774414
23,8242433,3B7E,MdrDBcore00267,N294S,0.73,0.9161510467529297,0.5675472617149353,1.192209243774414
23,8242433,3B7E,MdrDBcore00268,V116A,2.08,0.9396121501922607,0.5675472617149353,1.192209243774414
23,8242433,3B7E,MdrDBcore00269,Y252H,0.16,0.9396122694015503,0.5675472617149353,1.192209243774414
23,8242433,1OHR,MdrDBcore00270,G48V,0.65,1.2102125883102417,0.5675472617149353,1.192209243774414
23,8242433,1OHR,MdrDBcore00271,I84V,1.2,1.240338683128357,0.5675472617149353,1.192209243774414
23,8242433,1OHR,MdrDBcore00272,L90M,0.41,1.2103568315505981,0.5675472617149353,1.192209243774414
23,8242433,1OHR,MdrDBcore00273,V82A,0.86,1.1538479328155518,0.5675472617149353,1.192209243774414
23,8242433,1OHR,MdrDBcore00274,V82F,1.61,1.329477071762085,0.5675472617149353,1.192209243774414
23,8242433,1OHR,MdrDBcore00275,V82I,1.7,1.221236228942871,0.5675472617149353,1.192209243774414
23,8242433,3C4C,MdrDBcore00276,N486_P491delNVTAP,0.0,-0.5443753004074097,0.5675472617149353,1.192209243774414
23,8242433,3C4C,MdrDBcore00277,N486_P491delNVTAP,-2.23,-2.138242483139038,0.5675472617149353,1.192209243774414
23,8242433,3EYL,MdrDBcore00278,E350delE,0.0,0.7439842820167542,0.5675472617149353,1.192209243774414
23,8242433,7MFD,MdrDBcore00279,V600E+I208V,0.0,0.24006110429763794,0.5675472617149353,1.192209243774414
23,8242433,7MFD,MdrDBcore00280,V600E+I208V,-1.42,-0.39656999707221985,0.5675472617149353,1.192209243774414
23,8242433,2FK3,MdrDBcore00281,D177N,0.476,0.2926834225654602,0.5675472617149353,1.192209243774414
23,8242433,3UMI,MdrDBcore00282,E462K,0.496,0.5480740070343018,0.5675472617149353,1.192209243774414
23,8242433,1TKN,MdrDBcore00283,E556G,-4.106,-1.4668928384780884,0.5675472617149353,1.192209243774414
23,8242433,2FK3,MdrDBcore00284,F179S,-0.371,-0.7407580018043518,0.5675472617149353,1.192209243774414
23,8242433,1TKN,MdrDBcore00285,K510N,0.496,0.10154830664396286,0.5675472617149353,1.192209243774414
23,8242433,3UMI,MdrDBcore00286,M406V,0.496,0.6333005428314209,0.5675472617149353,1.192209243774414
23,8242433,1TKN,MdrDBcore00287,N550K,0.496,0.8298979997634888,0.5675472617149353,1.192209243774414
23,8242433,3MOQ,MdrDBcore00288,R100Q,-1.543,-1.3064699172973633,0.5675472617149353,1.192209243774414
23,8242433,3MOQ,MdrDBcore00289,R102P,0.496,0.850317656993866,0.5675472617149353,1.192209243774414
23,8242433,1TKN,MdrDBcore00290,R540H,0.496,0.6623115539550781,0.5675472617149353,1.192209243774414
23,8242433,1TKN,MdrDBcore00291,Y538H,0.496,1.06759512424469,0.5675472617149353,1.192209243774414
23,8242433,6UAN,MdrDBcore00292,A728V,-2.513,-0.1336694359779358,0.5675472617149353,1.192209243774414
23,8242433,6Q0T,MdrDBcore00293,A728V,-2.814,-1.001455307006836,0.5675472617149353,1.192209243774414
23,8242433,6NYB,MdrDBcore00294,E275K,0.0,-0.014774609357118607,0.5675472617149353,1.192209243774414
23,8242433,6NYB,MdrDBcore00295,E275K,-2.313,-0.16041254997253418,0.5675472617149353,1.192209243774414
23,8242433,3C4C,MdrDBcore00296,G464E,-2.837,-0.664630115032196,0.5675472617149353,1.192209243774414
23,8242433,3C4C,MdrDBcore00297,G466V,0.0,-0.015522435307502747,0.5675472617149353,1.192209243774414
23,8242433,3C4C,MdrDBcore00298,G466V,-2.766,-1.7788851261138916,0.5675472617149353,1.192209243774414
23,8242433,7M0X,MdrDBcore00299,K601N,-2.532,-0.6726624965667725,0.5675472617149353,1.192209243774414
23,8242433,7M0X,MdrDBcore00300,K601N,-2.948,-0.4938059151172638,0.5675472617149353,1.192209243774414
23,8242433,3C4C,MdrDBcore00301,L485W,0.0,-0.17745575308799744,0.5675472617149353,1.192209243774414
23,8242433,3C4C,MdrDBcore00302,L485W,-2.901,-0.0415574386715889,0.5675472617149353,1.192209243774414
23,8242433,7M0X,MdrDBcore00303,L597R,0.0,-0.16423583030700684,0.5675472617149353,1.192209243774414
23,8242433,7M0X,MdrDBcore00304,L597R,0.154,-0.18795162439346313,0.5675472617149353,1.192209243774414
23,8242433,7M0X,MdrDBcore00305,L597V,-1.652,-0.2513246536254883,0.5675472617149353,1.192209243774414
23,8242433,7M0X,MdrDBcore00306,L597V,-1.444,-0.6315101385116577,0.5675472617149353,1.192209243774414
23,8242433,3C4C,MdrDBcore00307,M650I,0.0,-0.4488644301891327,0.5675472617149353,1.192209243774414
23,8242433,3C4C,MdrDBcore00308,M650I,-0.593,-0.04465601593255997,0.5675472617149353,1.192209243774414
23,8242433,5VR3,MdrDBcore00309,P74A,0.0,-0.3939143419265747,0.5675472617149353,1.192209243774414
23,8242433,5VR3,MdrDBcore00310,P74A,-1.968,-1.2112388610839844,0.5675472617149353,1.192209243774414
23,8242433,3C4C,MdrDBcore00311,R682Q,0.0,-0.042360205203294754,0.5675472617149353,1.192209243774414
23,8242433,3C4C,MdrDBcore00312,R682Q,0.132,-0.27839916944503784,0.5675472617149353,1.192209243774414
23,8242433,6NYB,MdrDBcore00313,S273N,0.0,-0.17315787076950073,0.5675472617149353,1.192209243774414
23,8242433,7MFD,MdrDBcore00314,S273N,1.715,-0.21925294399261475,0.5675472617149353,1.192209243774414
23,8242433,3C4C,MdrDBcore00315,S683N,0.0,-0.17689216136932373,0.5675472617149353,1.192209243774414
23,8242433,3C4C,MdrDBcore00316,S683N,-0.956,-0.604249894618988,0.5675472617149353,1.192209243774414
23,8242433,5J18,MdrDBcore00317,V226M,0.0,-0.10806656628847122,0.5675472617149353,1.192209243774414
23,8242433,3NY5,MdrDBcore00318,V226M,-2.284,-0.161095529794693,0.5675472617149353,1.192209243774414
23,8242433,7M0X,MdrDBcore00319,V600E,-2.583,-0.1657346785068512,0.5675472617149353,1.192209243774414
23,8242433,7M0X,MdrDBcore00320,V600E,-1.827,-0.5322926044464111,0.5675472617149353,1.192209243774414
23,8242433,3T6P,MdrDBcore00321,T591A,0.0,0.75370192527771,0.5675472617149353,1.192209243774414
23,8242433,2YT2,MdrDBcore00322,A96T,-1.211,-0.38317006826400757,0.5675472617149353,1.192209243774414
23,8242433,7LRZ,MdrDBcore00323,C928Y,0.046,-0.20676103234291077,0.5675472617149353,1.192209243774414
23,8242433,7LRZ,MdrDBcore00324,E949K,2.602,0.5172953009605408,0.5675472617149353,1.192209243774414
23,8242433,5IUG,MdrDBcore00325,F1174L,-1.911,-1.8282757997512817,0.5675472617149353,1.192209243774414
23,8242433,2YT2,MdrDBcore00326,G103R,2.602,-0.7459598183631897,0.5675472617149353,1.192209243774414
23,8242433,2YT2,MdrDBcore00327,G129V,2.412,0.1288137435913086,0.5675472617149353,1.192209243774414
23,8242433,7LRZ,MdrDBcore00328,G689R,0.792,1.1266965866088867,0.5675472617149353,1.192209243774414
23,8242433,7LRZ,MdrDBcore00329,G882C,2.602,0.4365392029285431,0.5675472617149353,1.192209243774414
23,8242433,7LRZ,MdrDBcore00330,G893R,-0.675,-0.7010071277618408,0.5675472617149353,1.192209243774414
23,8242433,5IUG,MdrDBcore00331,N1353S,-1.515,0.15939491987228394,0.5675472617149353,1.192209243774414
23,8242433,7LRZ,MdrDBcore00332,N941S,-1.034,0.1487741768360138,0.5675472617149353,1.192209243774414
23,8242433,2YT2,MdrDBcore00333,R48C,0.105,-0.45279771089553833,0.5675472617149353,1.192209243774414
23,8242433,7LRZ,MdrDBcore00334,R753Q,2.602,-0.09611941874027252,0.5675472617149353,1.192209243774414
23,8242433,7LRZ,MdrDBcore00335,R918I,2.602,-0.19935497641563416,0.5675472617149353,1.192209243774414
23,8242433,7LRZ,MdrDBcore00336,S874F,0.005,-0.270376980304718,0.5675472617149353,1.192209243774414
23,8242433,5IUI,MdrDBcore00337,T1090I,2.602,0.6054244637489319,0.5675472617149353,1.192209243774414
23,8242433,5IUG,MdrDBcore00338,T1312I,-2.067,-0.4243052005767822,0.5675472617149353,1.192209243774414
23,8242433,5IUG,MdrDBcore00339,V1185M,-1.679,-1.378718614578247,0.5675472617149353,1.192209243774414
23,8242433,2YT2,MdrDBcore00340,V132L,2.602,-0.3230222761631012,0.5675472617149353,1.192209243774414
23,8242433,6TG1,MdrDBcore00341,E746_A750delELREA,-1.049,-1.5675432682037354,0.5675472617149353,1.192209243774414
23,8242433,6TG1,MdrDBcore00342,E746_A750delELREA,-0.592,-0.7501450777053833,0.5675472617149353,1.192209243774414
23,8242433,6TG1,MdrDBcore00343,E746_A750delELREA,-0.568,0.3877909779548645,0.5675472617149353,1.192209243774414
23,8242433,6TG1,MdrDBcore00344,E746_A750delELREA,-0.904,-0.24156975746154785,0.5675472617149353,1.192209243774414
23,8242433,6TG1,MdrDBcore00345,E746_A750delELREA,-0.791,0.8263058662414551,0.5675472617149353,1.192209243774414
23,8242433,4IBT,MdrDBcore00346,E286_E287delEE,-0.371,0.06637338548898697,0.5675472617149353,1.192209243774414
23,8242433,4IBT,MdrDBcore00347,G108delG,-0.052,0.37386849522590637,0.5675472617149353,1.192209243774414
23,8242433,4IBT,MdrDBcore00348,G112_V122delGFLHSGTAKSV,-0.336,1.0252008438110352,0.5675472617149353,1.192209243774414
23,8242433,4IBT,MdrDBcore00349,H233delH,-0.768,-0.4200341999530792,0.5675472617149353,1.192209243774414
23,8242433,4IBT,MdrDBcore00350,L188_P191delLAPP,-0.478,-0.18430325388908386,0.5675472617149353,1.192209243774414
23,8242433,4IBT,MdrDBcore00351,P191delP,0.38,-0.7027297019958496,0.5675472617149353,1.192209243774414
23,8242433,4IBT,MdrDBcore00352,Q192_H193delQH,0.184,0.02108076959848404,0.5675472617149353,1.192209243774414
23,8242433,3D07,MdrDBcore00353,R283delR,-0.416,0.018003255128860474,0.5675472617149353,1.192209243774414
23,8242433,4IBT,MdrDBcore00354,S215delS,0.608,0.6717246770858765,0.5675472617149353,1.192209243774414
23,8242433,4IBT,MdrDBcore00355,V218delV,-0.068,0.7996957898139954,0.5675472617149353,1.192209243774414
23,8242433,4IBT,MdrDBcore00356,Y103_R110delYQGSYGFR,-0.212,0.5835294127464294,0.5675472617149353,1.192209243774414
23,8242433,3C4C,MdrDBcore00357,N486_P490delNVTAP,-3.077,-2.372880458831787,0.5675472617149353,1.192209243774414
23,8242433,3C4C,MdrDBcore00358,N486_P490delNVTAP,0.475,-0.04936744645237923,0.5675472617149353,1.192209243774414
23,8242433,3C4C,MdrDBcore00359,N486_P490delNVTAP,0.109,0.008723393082618713,0.5675472617149353,1.192209243774414
23,8242433,3C4C,MdrDBcore00360,N486_P490delNVTAP,-1.768,-0.2346002459526062,0.5675472617149353,1.192209243774414
23,8242433,7SA7,MdrDBcore00361,N200delN,-0.459,0.49647465348243713,0.5675472617149353,1.192209243774414
23,8242433,7SA7,MdrDBcore00362,N200delN,-0.47,0.17102381587028503,0.5675472617149353,1.192209243774414
23,8242433,7SA7,MdrDBcore00363,N200delN,-0.537,-0.44982048869132996,0.5675472617149353,1.192209243774414
23,8242433,3EYL,MdrDBcore00364,E350delE,-0.165,0.09702190011739731,0.5675472617149353,1.192209243774414
23,8242433,4KJU,MdrDBcore00365,R182_Y190delRELASAGLY,-0.044,0.03938036412000656,0.5675472617149353,1.192209243774414
23,8242433,5MYB,MdrDBcore00366,N618delN,1.251,-0.21248048543930054,0.5675472617149353,1.192209243774414
23,8242433,1F16,MdrDBcore00367,R37_G39delRMG,1.483,0.6607455611228943,0.5675472617149353,1.192209243774414
23,8242433,6JN2,MdrDBcore00368,K521delK,-0.068,-0.6578687429428101,0.5675472617149353,1.192209243774414
23,8242433,6JN2,MdrDBcore00369,K521delK,-0.324,0.26090848445892334,0.5675472617149353,1.192209243774414
23,8242433,6JN2,MdrDBcore00370,K521delK,-0.046,-0.10971884429454803,0.5675472617149353,1.192209243774414
23,8242433,5HXB,MdrDBcore00371,W224delW,-0.247,-0.16207286715507507,0.5675472617149353,1.192209243774414
23,8242433,3C4C,MdrDBcore00372,V487_P492delinsA,-0.253,-0.5011016726493835,0.5675472617149353,1.192209243774414
23,8242433,7M0X,MdrDBcore00373,V487_P492delinsA,-0.914,-0.5542457103729248,0.5675472617149353,1.192209243774414
23,8242433,3C4C,MdrDBcore00374,V487_P492delinsA,-0.501,0.16397687792778015,0.5675472617149353,1.192209243774414
23,8242433,3C4C,MdrDBcore00375,V487_P492delinsA,0.421,0.5666512846946716,0.5675472617149353,1.192209243774414
23,8242433,4IBT,MdrDBcore00376,N239_S240insN,-1.034,-0.672637939453125,0.5675472617149353,1.192209243774414
23,8242433,4IBT,MdrDBcore00377,Q165_S166insYKQ,0.559,0.8957446813583374,0.5675472617149353,1.192209243774414
23,8242433,7M0X,MdrDBcore00378,T599_V600insT,-0.987,-0.5687000751495361,0.5675472617149353,1.192209243774414
23,8242433,7M0X,MdrDBcore00379,T599_V600insT,-0.185,-0.9401237964630127,0.5675472617149353,1.192209243774414
23,8242433,6Q0T,MdrDBcore00380,T599_V600insT,-0.167,0.3862673044204712,0.5675472617149353,1.192209243774414
23,8242433,7M0X,MdrDBcore00381,T599_V600insT,-0.306,-1.1043288707733154,0.5675472617149353,1.192209243774414
23,8242433,7M0X,MdrDBcore00382,T599_V600insT,-0.163,-0.2559121251106262,0.5675472617149353,1.192209243774414
23,8242433,6JQR,MdrDBcore00383,D600_L601insHVDFREYEYD,-5.319,0.144575297832489,0.5675472617149353,1.192209243774414
23,8242433,6TG1,MdrDBcore00384,A750P+L747_E749delLRE,-2.298,-1.7314801216125488,0.5675472617149353,1.192209243774414
23,8242433,6TG1,MdrDBcore00385,A750P+L747_E749delLRE,-0.983,0.6037043929100037,0.5675472617149353,1.192209243774414
23,8242433,6TG1,MdrDBcore00386,A750P+L747_E749delLRE,-2.239,-1.1499078273773193,0.5675472617149353,1.192209243774414
23,8242433,6TG1,MdrDBcore00387,A750P+L747_E749delLRE,-2.526,0.1253454089164734,0.5675472617149353,1.192209243774414
23,8242433,6TG1,MdrDBcore00388,A750P+L747_E749delLRE,-2.377,-0.5025768280029297,0.5675472617149353,1.192209243774414
23,8242433,6TG1,MdrDBcore00389,A750P+L747_E749delLRE,-2.291,-0.32871007919311523,0.5675472617149353,1.192209243774414
23,8242433,4IBT,MdrDBcore00390,R267W+E171delE,0.39,0.6604043245315552,0.5675472617149353,1.192209243774414
23,8242433,3LCK,MdrDBcore00391,A353V+P447L+A500T+P232_W233insQKP,-1.484,-0.9536628723144531,0.5675472617149353,1.192209243774414
23,8242433,1RJB,MdrDBcore00392,Y599F+E598_Y599insFDFREYE,-5.386,-0.9224750995635986,0.5675472617149353,1.192209243774414
23,8242433,3EYL,MdrDBcore00393,E349D+E350delE,1.282,0.057452492415905,0.5675472617149353,1.192209243774414
23,8242433,5T8F,MdrDBcore00394,A215V+S764N,1.434,0.1854926347732544,0.5675472617149353,1.192209243774414
23,8242433,5T8F,MdrDBcore00395,A215V+S764N,-0.853,-0.11295533925294876,0.5675472617149353,1.192209243774414
23,8242433,6G6W,MdrDBcore00396,A215V+S764N,1.506,0.41167622804641724,0.5675472617149353,1.192209243774414
23,8242433,6OCO,MdrDBcore00397,A215V+S764N,1.506,1.1856961250305176,0.5675472617149353,1.192209243774414
23,8242433,6G6W,MdrDBcore00398,A388T+R460H+S738N,0.415,0.2742502689361572,0.5675472617149353,1.192209243774414
23,8242433,6OCO,MdrDBcore00399,A388T+R460H+S738N,-0.528,-1.1075443029403687,0.5675472617149353,1.192209243774414
23,8242433,6OCO,MdrDBcore00400,A388T+R460H+S738N,0.55,1.279994249343872,0.5675472617149353,1.192209243774414
23,8242433,6OCO,MdrDBcore00401,A388T+R460H+S738N,0.143,1.015626311302185,0.5675472617149353,1.192209243774414
23,8242433,6OCO,MdrDBcore00402,L725I+E1021K,0.395,-0.087945856153965,0.5675472617149353,1.192209243774414
23,8242433,6G6W,MdrDBcore00403,L725I+E1021K,1.447,0.431471049785614,0.5675472617149353,1.192209243774414
23,8242433,6OCO,MdrDBcore00404,L725I+E1021K,1.636,0.91021728515625,0.5675472617149353,1.192209243774414
23,8242433,4ZYO,MdrDBcore00405,S198N+A267T,-1.229,-0.02831852436065674,0.5675472617149353,1.192209243774414
23,8242433,7BG9,MdrDBcore00406,A801T+R743W+Q506A,0.006,1.3622244596481323,0.5675472617149353,1.192209243774414
23,8242433,7BG9,MdrDBcore00407,V746M+L520V,0.053,0.1177879348397255,0.5675472617149353,1.192209243774414
23,8242433,4KIK,MdrDBcore00408,R526Q+M590I,-0.994,-1.2332019805908203,0.5675472617149353,1.192209243774414
23,8242433,4E3C,MdrDBcore00409,R526Q+M590I,1.672,0.8063361048698425,0.5675472617149353,1.192209243774414
23,8242433,4E3C,MdrDBcore00410,S239T+D242N+R526Q,-1.441,-1.2737728357315063,0.5675472617149353,1.192209243774414
23,8242433,4E3C,MdrDBcore00411,S239T+D242N+R526Q,0.413,0.6822526454925537,0.5675472617149353,1.192209243774414
23,8242433,4Z32,MdrDBcore00412,D194N+D319N,-0.501,-0.40083301067352295,0.5675472617149353,1.192209243774414
23,8242433,6E2Q,MdrDBcore00413,D194N+D319N,0.217,0.07012786716222763,0.5675472617149353,1.192209243774414
23,8242433,2J5E,MdrDBcore00414,E866D+H988P,0.327,-0.07705209404230118,0.5675472617149353,1.192209243774414
23,8242433,2J5E,MdrDBcore00415,E866D+H988P,0.441,0.5662535429000854,0.5675472617149353,1.192209243774414
23,8242433,2J5E,MdrDBcore00416,E866D+H988P,0.185,-0.5374013781547546,0.5675472617149353,1.192209243774414
23,8242433,2J5E,MdrDBcore00417,E866D+H988P,-0.393,0.12602499127388,0.5675472617149353,1.192209243774414
23,8242433,2J5E,MdrDBcore00418,E866D+H988P,-0.316,0.009729333221912384,0.5675472617149353,1.192209243774414
23,8242433,2J5E,MdrDBcore00419,T790M+L858R,0.397,0.1522451937198639,0.5675472617149353,1.192209243774414
23,8242433,6D8E,MdrDBcore00420,T790M+L858R,-0.105,0.05450145900249481,0.5675472617149353,1.192209243774414
23,8242433,6D8E,MdrDBcore00421,T790M+L858R,-0.07,-0.37438780069351196,0.5675472617149353,1.192209243774414
23,8242433,6D8E,MdrDBcore00422,T790M+L858R,-2.794,-0.01467970386147499,0.5675472617149353,1.192209243774414
23,8242433,1XKK,MdrDBcore00423,T790M+L858R,-2.597,-0.8522368669509888,0.5675472617149353,1.192209243774414
23,8242433,5VQP,MdrDBcore00424,A221T+R218H,0.679,0.4564420282840729,0.5675472617149353,1.192209243774414
23,8242433,6GFF,MdrDBcore00425,G307D+R296Q,0.447,-0.02598431706428528,0.5675472617149353,1.192209243774414
23,8242433,6GFF,MdrDBcore00426,G307D+R296Q,-0.151,0.20621946454048157,0.5675472617149353,1.192209243774414
23,8242433,5VQP,MdrDBcore00427,R141Q+E119K,0.463,-0.11960594356060028,0.5675472617149353,1.192209243774414
23,8242433,7MN8,MdrDBcore00428,S335I+T479M,-0.249,0.1013447567820549,0.5675472617149353,1.192209243774414
23,8242433,7MN8,MdrDBcore00429,S413L+F425L+L436V,-3.293,-0.4004051089286804,0.5675472617149353,1.192209243774414
23,8242433,3Q01,MdrDBcore00430,A347P+G245C,-0.228,0.27602365612983704,0.5675472617149353,1.192209243774414
23,8242433,6XRE,MdrDBcore00431,C176F+Q16L,-0.362,0.48912307620048523,0.5675472617149353,1.192209243774414
23,8242433,4IBT,MdrDBcore00432,E258A+Y126D,0.002,0.028014428913593292,0.5675472617149353,1.192209243774414
23,8242433,4IBT,MdrDBcore00433,E271A+R110L,0.318,-0.01522369310259819,0.5675472617149353,1.192209243774414
23,8242433,4IBT,MdrDBcore00434,E285K+G245V,0.363,-0.09020987898111343,0.5675472617149353,1.192209243774414
23,8242433,3Q01,MdrDBcore00435,E336A+I162N,0.081,0.29295435547828674,0.5675472617149353,1.192209243774414
23,8242433,3Q01,MdrDBcore00436,E339A+H179R,0.19,0.3257425129413605,0.5675472617149353,1.192209243774414
23,8242433,4IBT,MdrDBcore00437,G154V+S106R,0.171,0.03493084758520126,0.5675472617149353,1.192209243774414
23,8242433,4IBT,MdrDBcore00438,G245S+M237K,0.035,-0.14298704266548157,0.5675472617149353,1.192209243774414
23,8242433,4IBT,MdrDBcore00439,H214R+E258A,-0.249,-0.02265429124236107,0.5675472617149353,1.192209243774414
23,8242433,4IBT,MdrDBcore00440,H214R+V147D,-0.345,0.13184481859207153,0.5675472617149353,1.192209243774414
23,8242433,4IBT,MdrDBcore00441,I232N+P152L,-2.145,-0.18289664387702942,0.5675472617149353,1.192209243774414
23,8242433,6XRE,MdrDBcore00442,K320N+E271K,0.84,0.3583938479423523,0.5675472617149353,1.192209243774414
23,8242433,4IBT,MdrDBcore00443,N239D+R158H,-1.324,-0.16557061672210693,0.5675472617149353,1.192209243774414
23,8242433,6XRE,MdrDBcore00444,P177L+C176F+Q38A,0.563,0.9081347584724426,0.5675472617149353,1.192209243774414
23,8242433,4IBT,MdrDBcore00445,P278L+G262S,-0.029,-0.15123774111270905,0.5675472617149353,1.192209243774414
23,8242433,6XRE,MdrDBcore00446,P309S+R273H,1.378,0.36498916149139404,0.5675472617149353,1.192209243774414
23,8242433,6XRE,MdrDBcore00447,Q317A+E258K,0.306,0.4775479733943939,0.5675472617149353,1.192209243774414
23,8242433,6XRE,MdrDBcore00448,Q317A+R248W,0.251,1.1990587711334229,0.5675472617149353,1.192209243774414
23,8242433,6XRE,MdrDBcore00449,Q331R+P60S,0.386,0.5169948935508728,0.5675472617149353,1.192209243774414
23,8242433,4AGO,MdrDBcore00450,R175L+S94A,0.016,0.4482310116291046,0.5675472617149353,1.192209243774414
23,8242433,3D07,MdrDBcore00451,R181C+R290C,-1.91,0.373542845249176,0.5675472617149353,1.192209243774414
23,8242433,3D07,MdrDBcore00452,R209A+R273H,1.189,0.455398291349411,0.5675472617149353,1.192209243774414
23,8242433,4IBT,MdrDBcore00453,R248Q+G245S,0.712,0.10594483464956284,0.5675472617149353,1.192209243774414
23,8242433,4IBT,MdrDBcore00454,R248W+N247K,0.011,-0.23983415961265564,0.5675472617149353,1.192209243774414
23,8242433,4IBT,MdrDBcore00455,R248W+V218L,0.326,0.006815455853939056,0.5675472617149353,1.192209243774414
23,8242433,4IBT,MdrDBcore00456,R249G+Y234N,-1.019,-0.22535884380340576,0.5675472617149353,1.192209243774414
23,8242433,3D07,MdrDBcore00457,R273C+R175H+T125M,-0.6,0.35218971967697144,0.5675472617149353,1.192209243774414
23,8242433,2J1W,MdrDBcore00458,R273C+R248Q+S183A,-0.137,0.11470998078584671,0.5675472617149353,1.192209243774414
23,8242433,2J1W,MdrDBcore00459,R273H+R248Q,-2.215,0.8381710052490234,0.5675472617149353,1.192209243774414
23,8242433,4AGO,MdrDBcore00460,R273H+R267L+R248Q,-1.225,0.409625381231308,0.5675472617149353,1.192209243774414
23,8242433,3D07,MdrDBcore00461,R273H+V173L+K132N,0.142,-0.5159530639648438,0.5675472617149353,1.192209243774414
23,8242433,6SL6,MdrDBcore00462,R273H+W91A,-0.798,0.42902806401252747,0.5675472617149353,1.192209243774414
23,8242433,3D07,MdrDBcore00463,R273L+Y234C,-0.024,0.15428772568702698,0.5675472617149353,1.192209243774414
23,8242433,3D07,MdrDBcore00464,R280S+R273C+Y205C,-0.21,0.34432876110076904,0.5675472617149353,1.192209243774414
23,8242433,4IBT,MdrDBcore00465,R283H+G245S,-0.096,0.05058206617832184,0.5675472617149353,1.192209243774414
23,8242433,6XRE,MdrDBcore00466,R306A+Y220C,0.445,0.8717343807220459,0.5675472617149353,1.192209243774414
23,8242433,4IBT,MdrDBcore00467,S215I+R158L,0.501,0.04909069836139679,0.5675472617149353,1.192209243774414
23,8242433,4IBT,MdrDBcore00468,S241C+E224A,-0.105,-0.06781557947397232,0.5675472617149353,1.192209243774414
23,8242433,4IBT,MdrDBcore00469,V274F+P223L,0.287,0.05446235090494156,0.5675472617149353,1.192209243774414
23,8242433,6XRE,MdrDBcore00470,Y163C+P47S,-1.012,1.2503687143325806,0.5675472617149353,1.192209243774414
23,8242433,4IBT,MdrDBcore00471,Y234H+R213Q,-0.845,-0.2882298529148102,0.5675472617149353,1.192209243774414
23,8242433,4IBT,MdrDBcore00472,Y236C+R196A,-0.604,-0.3883584439754486,0.5675472617149353,1.192209243774414
23,8242433,1QPC,MdrDBcore00473,A289D+A396V,0.364,-0.02474984899163246,0.5675472617149353,1.192209243774414
23,8242433,1QPJ,MdrDBcore00474,N339S+R458H,2.761,-0.1365986317396164,0.5675472617149353,1.192209243774414
23,8242433,4LIQ,MdrDBcore00475,V315L+R106L,-0.31,0.09187211841344833,0.5675472617149353,1.192209243774414
23,8242433,6JK8,MdrDBcore00476,L133P+I298V+K630R,0.373,0.3183736205101013,0.5675472617149353,1.192209243774414
23,8242433,6JK8,MdrDBcore00477,L133P+I298V+K630R,1.102,0.5090693831443787,0.5675472617149353,1.192209243774414
23,8242433,6JK8,MdrDBcore00478,Y201H+D435G,-0.178,0.3189900517463684,0.5675472617149353,1.192209243774414
23,8242433,7MO7,MdrDBcore00479,A320V+R591W,0.438,0.30415162444114685,0.5675472617149353,1.192209243774414
23,8242433,6GCU,MdrDBcore00480,A320V+R591W,0.581,-0.8477632999420166,0.5675472617149353,1.192209243774414
23,8242433,6GCU,MdrDBcore00481,A320V+R591W,1.143,0.44235679507255554,0.5675472617149353,1.192209243774414
23,8242433,6GCU,MdrDBcore00482,A320V+R591W,1.189,-0.03202219679951668,0.5675472617149353,1.192209243774414
23,8242433,4K3J,MdrDBcore00483,A48T+E157G,-0.136,0.20018991827964783,0.5675472617149353,1.192209243774414
23,8242433,6GCU,MdrDBcore00484,A48T+E157G,-1.317,-0.7094231247901917,0.5675472617149353,1.192209243774414
23,8242433,6GCU,MdrDBcore00485,A48T+E157G,-0.039,0.017988428473472595,0.5675472617149353,1.192209243774414
23,8242433,4K3J,MdrDBcore00486,A48T+E157G,-1.11,0.11042062193155289,0.5675472617149353,1.192209243774414
23,8242433,6GCU,MdrDBcore00487,A48T+E157G,-0.984,-0.19151324033737183,0.5675472617149353,1.192209243774414
23,8242433,6GCU,MdrDBcore00488,A48T+E157G,-0.571,0.3673918545246124,0.5675472617149353,1.192209243774414
23,8242433,7MO8,MdrDBcore00489,K303T+N375S,-0.168,0.1700216829776764,0.5675472617149353,1.192209243774414
23,8242433,4K3J,MdrDBcore00490,V122D+N375S,0.277,0.5000819563865662,0.5675472617149353,1.192209243774414
23,8242433,2O21,MdrDBcore00491,A42V+V35M+G200S+E13D,-4.271,0.2782900035381317,0.5675472617149353,1.192209243774414
23,8242433,2W3L,MdrDBcore00492,A60V+D31H,-2.653,-0.15958434343338013,0.5675472617149353,1.192209243774414
23,8242433,4IEH,MdrDBcore00493,E13D+P59A+N11H,-1.208,0.16033777594566345,0.5675472617149353,1.192209243774414
23,8242433,1GJH,MdrDBcore00494,R129C+T7R+I48F,-3.455,-0.7254965901374817,0.5675472617149353,1.192209243774414
23,8242433,4IEH,MdrDBcore00495,R98H+A82T,-1.385,-0.16231052577495575,0.5675472617149353,1.192209243774414
23,8242433,4IEH,MdrDBcore00496,S117R+P59T,-2.828,0.22840577363967896,0.5675472617149353,1.192209243774414
23,8242433,2E9W,MdrDBcore00497,A168V+E306K,-0.934,-0.19951993227005005,0.5675472617149353,1.192209243774414
23,8242433,2E9W,MdrDBcore00498,A168V+E306K,-1.457,-0.08772655576467514,0.5675472617149353,1.192209243774414
23,8242433,6GQK,MdrDBcore00499,K581N+I920S,0.231,0.3181188702583313,0.5675472617149353,1.192209243774414
23,8242433,6GQK,MdrDBcore00500,K581N+I920S,0.847,-0.011062540113925934,0.5675472617149353,1.192209243774414
23,8242433,2E9W,MdrDBcore00501,Y125H+T488M,-0.533,-0.10033158957958221,0.5675472617149353,1.192209243774414
23,8242433,1A31,MdrDBcore00502,E610K+A622T,-3.164,0.09574007242918015,0.5675472617149353,1.192209243774414
23,8242433,1R49,MdrDBcore00503,M675I+D760G,-0.862,-0.12704212963581085,0.5675472617149353,1.192209243774414
23,8242433,1SEU,MdrDBcore00504,R405W+Y426C+R434Q+E517K,1.787,0.08187072724103928,0.5675472617149353,1.192209243774414
23,8242433,1SEU,MdrDBcore00505,R405W+Y426C+R434Q+E517K,1.482,-0.06826207786798477,0.5675472617149353,1.192209243774414
23,8242433,1A31,MdrDBcore00506,R405W+Y426C+R434Q+E517K,1.622,-0.1571958363056183,0.5675472617149353,1.192209243774414
23,8242433,6ZY8,MdrDBcore00507,I872V+P385A+E203D,-0.765,0.139565110206604,0.5675472617149353,1.192209243774414
23,8242433,5GWK,MdrDBcore00508,R635H+T530A,0.437,0.04921318590641022,0.5675472617149353,1.192209243774414
23,8242433,6NYB,MdrDBcore00509,R506G+S273N,0.6,0.08152808994054794,0.5675472617149353,1.192209243774414
23,8242433,6NYB,MdrDBcore00510,R506G+S273N,0.305,-0.042267799377441406,0.5675472617149353,1.192209243774414
23,8242433,6NYB,MdrDBcore00511,R506G+S273N,0.291,-0.20905619859695435,0.5675472617149353,1.192209243774414
23,8242433,6NYB,MdrDBcore00512,R506G+S273N,-0.891,0.10959439724683762,0.5675472617149353,1.192209243774414
23,8242433,AlphaFold2,MdrDBcore00513,I86T+K237I,1.203,0.8918535113334656,0.5675472617149353,1.192209243774414
23,8242433,3QS9,MdrDBcore00514,F406C+V220G,0.269,0.664513111114502,0.5675472617149353,1.192209243774414
23,8242433,3QS9,MdrDBcore00515,I417L+R243K,0.034,0.4174916446208954,0.5675472617149353,1.192209243774414
23,8242433,6B8Y,MdrDBcore00516,A206V+A403T+R491Q,1.132,0.75984787940979,0.5675472617149353,1.192209243774414
23,8242433,AlphaFold2,MdrDBcore00517,G666D+P384Q,-0.3,-0.14077258110046387,0.5675472617149353,1.192209243774414
23,8242433,AlphaFold2,MdrDBcore00518,G666D+P384Q,0.277,-0.569653332233429,0.5675472617149353,1.192209243774414
23,8242433,AlphaFold2,MdrDBcore00519,I1021M+K720N+R306Q,-1.153,-0.17995038628578186,0.5675472617149353,1.192209243774414
23,8242433,AlphaFold2,MdrDBcore00520,R562Q+R149Q,0.615,0.32401174306869507,0.5675472617149353,1.192209243774414
23,8242433,AlphaFold2,MdrDBcore00521,R628Q+C286Y,0.326,0.07494360953569412,0.5675472617149353,1.192209243774414
23,8242433,6SB0,MdrDBcore00522,A1728S+A41P,-1.799,-0.7651398181915283,0.5675472617149353,1.192209243774414
23,8242433,5H64,MdrDBcore00523,G1491S+A329T,1.792,0.7825237512588501,0.5675472617149353,1.192209243774414
23,8242433,6SB0,MdrDBcore00524,G2238D+P1408S+M488I,-1.999,-0.8416657447814941,0.5675472617149353,1.192209243774414
23,8242433,6SB0,MdrDBcore00525,G2238D+P1408S+M488I,0.195,-1.1371158361434937,0.5675472617149353,1.192209243774414
23,8242433,6SB0,MdrDBcore00526,G2238D+P1408S+M488I,0.14,-1.0478237867355347,0.5675472617149353,1.192209243774414
23,8242433,6SB0,MdrDBcore00527,H262R+I261V,-2.88,-1.7785674333572388,0.5675472617149353,1.192209243774414
23,8242433,6SB0,MdrDBcore00528,L1037V+R260Q,-1.424,-0.7601936459541321,0.5675472617149353,1.192209243774414
23,8242433,4JSN,MdrDBcore00529,M2345V+F1545L,1.432,-0.7654188275337219,0.5675472617149353,1.192209243774414
23,8242433,6SB0,MdrDBcore00530,M2345V+F1545L,-2.215,-1.302203893661499,0.5675472617149353,1.192209243774414
23,8242433,5H64,MdrDBcore00531,Q2072R+H642R,-2.415,-1.281290888786316,0.5675472617149353,1.192209243774414
23,8242433,6SB0,MdrDBcore00532,R1208C+T1143M+S1087N,-1.059,-1.029970645904541,0.5675472617149353,1.192209243774414
23,8242433,5H64,MdrDBcore00533,V1885I+S383G,1.935,0.733168363571167,0.5675472617149353,1.192209243774414
23,8242433,5H64,MdrDBcore00534,V1885I+S383G,-3.128,-2.0920395851135254,0.5675472617149353,1.192209243774414
23,8242433,6SB0,MdrDBcore00535,V420I+R1749Q,-2.829,-1.4794374704360962,0.5675472617149353,1.192209243774414
23,8242433,3L08,MdrDBcore00536,A1064V+R184H+S515P,0.038,0.12114086002111435,0.5675472617149353,1.192209243774414
23,8242433,3L08,MdrDBcore00537,A1064V+R184H+S515P,1.301,1.3451685905456543,0.5675472617149353,1.192209243774414
23,8242433,3L08,MdrDBcore00538,A1064V+R184H+S515P,-0.31,-0.05606581270694733,0.5675472617149353,1.192209243774414
23,8242433,7MEZ,MdrDBcore00539,A243T+P324S+E347K+F698L,0.362,0.5095105767250061,0.5675472617149353,1.192209243774414
23,8242433,7MEZ,MdrDBcore00540,A243T+P324S+E347K+F698L,1.838,0.6075478792190552,0.5675472617149353,1.192209243774414
23,8242433,4GB9,MdrDBcore00541,A885T+E781K,0.246,0.526411771774292,0.5675472617149353,1.192209243774414
23,8242433,3L08,MdrDBcore00542,G426E+E511K,-0.467,0.1344151794910431,0.5675472617149353,1.192209243774414
23,8242433,3L08,MdrDBcore00543,G426E+E511K,0.28,-0.10661302506923676,0.5675472617149353,1.192209243774414
23,8242433,7MEZ,MdrDBcore00544,G65D+T955I,0.329,0.3184868097305298,0.5675472617149353,1.192209243774414
23,8242433,7MEZ,MdrDBcore00545,G65D+T955I,1.058,-0.007730495184659958,0.5675472617149353,1.192209243774414
23,8242433,7MEZ,MdrDBcore00546,G65D+T955I,-0.193,0.12509721517562866,0.5675472617149353,1.192209243774414
23,8242433,3L08,MdrDBcore00547,R178L+T1056I,0.051,0.09205097705125809,0.5675472617149353,1.192209243774414
23,8242433,3L08,MdrDBcore00548,R178L+T1056I,-0.977,-0.24016082286834717,0.5675472617149353,1.192209243774414
23,8242433,3L08,MdrDBcore00549,R273H+L466M,0.765,0.13357561826705933,0.5675472617149353,1.192209243774414
23,8242433,3L08,MdrDBcore00550,R273H+L466M,1.406,1.0237462520599365,0.5675472617149353,1.192209243774414
23,8242433,4GB9,MdrDBcore00551,R273H+L466M,0.566,0.24061888456344604,0.5675472617149353,1.192209243774414
23,8242433,7MEZ,MdrDBcore00552,T309M+R542W,-0.175,0.19489622116088867,0.5675472617149353,1.192209243774414
23,8242433,7MEZ,MdrDBcore00553,T309M+R542W,-0.228,0.3202044367790222,0.5675472617149353,1.192209243774414
23,8242433,1JCQ,MdrDBcore00554,S235C+S245F,-0.091,-0.8089190125465393,0.5675472617149353,1.192209243774414
23,8242433,1LD8,MdrDBcore00555,S235C+S245F,-1.641,-0.5068890452384949,0.5675472617149353,1.192209243774414
23,8242433,3T1I,MdrDBcore00556,G182A+L181F,1.019,1.3856853246688843,0.5675472617149353,1.192209243774414
23,8242433,7A12,MdrDBcore00557,C121R+N434T+E470D+D476G,-0.275,0.8181460499763489,0.5675472617149353,1.192209243774414
23,8242433,7A12,MdrDBcore00558,E164D+N407S,-0.399,0.05350031703710556,0.5675472617149353,1.192209243774414
23,8242433,3LQ5,MdrDBcore00559,D14N+D285N,2.774,0.21573331952095032,0.5675472617149353,1.192209243774414
23,8242433,3LQ5,MdrDBcore00560,D14N+D285N,1.045,0.2423662543296814,0.5675472617149353,1.192209243774414
23,8242433,3LQ5,MdrDBcore00561,D14N+D285N,-0.27,0.2534480094909668,0.5675472617149353,1.192209243774414
23,8242433,3MI9,MdrDBcore00562,D323N+F336L,5.721,0.8083258271217346,0.5675472617149353,1.192209243774414
23,8242433,3MI9,MdrDBcore00563,D323N+F336L,0.93,0.9609503746032715,0.5675472617149353,1.192209243774414
23,8242433,3MI9,MdrDBcore00564,D323N+F336L,-0.141,0.7942647337913513,0.5675472617149353,1.192209243774414
23,8242433,2BBA,MdrDBcore00565,R105C+R102W,0.918,0.5822954773902893,0.5675472617149353,1.192209243774414
23,8242433,4K0V,MdrDBcore00566,I148T+V462A,0.975,0.6538749933242798,0.5675472617149353,1.192209243774414
23,8242433,5UTK,MdrDBcore00567,T503A+D711E,-0.044,0.071418397128582,0.5675472617149353,1.192209243774414
23,8242433,6UDT,MdrDBcore00568,D256N+D236Y,-2.609,0.3409985899925232,0.5675472617149353,1.192209243774414
23,8242433,6UDT,MdrDBcore00569,D256N+D236Y,-1.144,0.3682609498500824,0.5675472617149353,1.192209243774414
23,8242433,6UDT,MdrDBcore00570,D256N+D236Y,-0.682,0.2612699866294861,0.5675472617149353,1.192209243774414
23,8242433,6B16,MdrDBcore00571,V445F+I312S,-0.991,0.8372901678085327,0.5675472617149353,1.192209243774414
23,8242433,5NP0,MdrDBcore00572,A502G+Q1128R,1.019,0.9283237457275391,0.5675472617149353,1.192209243774414
23,8242433,5NP0,MdrDBcore00573,A502G+Q1128R,0.027,0.2130410075187683,0.5675472617149353,1.192209243774414
23,8242433,7NI6,MdrDBcore00574,D2721N+V2906A,-0.289,-0.0642910823225975,0.5675472617149353,1.192209243774414
23,8242433,6K9K,MdrDBcore00575,D2721N+V2906A,-0.61,0.7814326286315918,0.5675472617149353,1.192209243774414
23,8242433,7NI6,MdrDBcore00576,D2721N+V2906A,-0.274,-0.1598442792892456,0.5675472617149353,1.192209243774414
23,8242433,7NI6,MdrDBcore00577,E3015D+R2849A,-0.003,-0.10256922990083694,0.5675472617149353,1.192209243774414
23,8242433,7NI6,MdrDBcore00578,E3015D+R2849A,-0.307,-0.1756996512413025,0.5675472617149353,1.192209243774414
23,8242433,7NI6,MdrDBcore00579,E3015D+R2849A,0.036,0.04745408147573471,0.5675472617149353,1.192209243774414
23,8242433,5NP1,MdrDBcore00580,E848Q+L2965F,-0.366,0.6333519220352173,0.5675472617149353,1.192209243774414
23,8242433,5NP0,MdrDBcore00581,E848Q+L2965F,0.629,1.4200063943862915,0.5675472617149353,1.192209243774414
23,8242433,6K9L,MdrDBcore00582,E848Q+L2965F,0.278,0.7429317235946655,0.5675472617149353,1.192209243774414
23,8242433,7NI6,MdrDBcore00583,F1896L+C2464R,-0.709,-0.5238797664642334,0.5675472617149353,1.192209243774414
23,8242433,7NI6,MdrDBcore00584,F1896L+C2464R,-0.654,-0.3523353338241577,0.5675472617149353,1.192209243774414
23,8242433,7NI6,MdrDBcore00585,F1896L+C2464R,-0.561,-0.005876593291759491,0.5675472617149353,1.192209243774414
23,8242433,7NI5,MdrDBcore00586,F582L+R1086H,0.341,-0.08889243751764297,0.5675472617149353,1.192209243774414
23,8242433,5NP0,MdrDBcore00587,F582L+R1086H,-0.527,1.4365878105163574,0.5675472617149353,1.192209243774414
23,8242433,7NI5,MdrDBcore00588,F582L+R1086H,-0.299,-0.09326474368572235,0.5675472617149353,1.192209243774414
23,8242433,5NP0,MdrDBcore00589,G514D+H1380Y,0.621,0.8246703147888184,0.5675472617149353,1.192209243774414
23,8242433,6K9K,MdrDBcore00590,G514D+H1380Y+P2518S,1.084,1.1099398136138916,0.5675472617149353,1.192209243774414
23,8242433,5NP1,MdrDBcore00591,G514D+H1380Y+Q1919P,0.899,1.0165578126907349,0.5675472617149353,1.192209243774414
23,8242433,6K9L,MdrDBcore00592,H1380Y+R1618Q,1.508,1.2205489873886108,0.5675472617149353,1.192209243774414
23,8242433,5NP0,MdrDBcore00593,I159V+I2998T,1.059,1.1459789276123047,0.5675472617149353,1.192209243774414
23,8242433,6K9K,MdrDBcore00594,I159V+I2998T,-0.187,0.9020338654518127,0.5675472617149353,1.192209243774414
23,8242433,5NP0,MdrDBcore00595,I159V+I2998T,-0.283,0.44185176491737366,0.5675472617149353,1.192209243774414
23,8242433,7NI5,MdrDBcore00596,L1419I+L1794M,-0.587,0.04939090460538864,0.5675472617149353,1.192209243774414
23,8242433,7NI5,MdrDBcore00597,L1419I+L1794M,-0.401,0.20081692934036255,0.5675472617149353,1.192209243774414
23,8242433,7NI5,MdrDBcore00598,L1419I+L1794M,-0.247,-0.11529053747653961,0.5675472617149353,1.192209243774414
23,8242433,6K9L,MdrDBcore00599,L581V+I2606V,0.629,0.9859628677368164,0.5675472617149353,1.192209243774414
23,8242433,6K9K,MdrDBcore00600,L581V+I2606V,-0.044,0.4228392541408539,0.5675472617149353,1.192209243774414
23,8242433,5NP0,MdrDBcore00601,L581V+I2606V,-0.152,-0.38775646686553955,0.5675472617149353,1.192209243774414
23,8242433,7NI5,MdrDBcore00602,L787F+L1809P+N1784S,-1.561,-0.10581144690513611,0.5675472617149353,1.192209243774414
23,8242433,7NI5,MdrDBcore00603,L787F+L1809P+N1784S,-1.203,0.19819408655166626,0.5675472617149353,1.192209243774414
23,8242433,7NI5,MdrDBcore00604,L787F+L1809P+N1784S,-0.706,-0.14683577418327332,0.5675472617149353,1.192209243774414
23,8242433,6K9K,MdrDBcore00605,M1040V+C1482R,-0.584,0.21652436256408691,0.5675472617149353,1.192209243774414
23,8242433,6K9K,MdrDBcore00606,M1040V+C1482R,0.302,1.0087933540344238,0.5675472617149353,1.192209243774414
23,8242433,7NI5,MdrDBcore00607,M1040V+C1482R,0.812,-0.07245831936597824,0.5675472617149353,1.192209243774414
23,8242433,6K9K,MdrDBcore00608,M1040V+L1824F,-0.595,0.24869510531425476,0.5675472617149353,1.192209243774414
23,8242433,6K9K,MdrDBcore00609,M1040V+L1824F,0.187,0.002818770706653595,0.5675472617149353,1.192209243774414
23,8242433,5NP0,MdrDBcore00610,M1040V+L1824F,-0.023,0.41277116537094116,0.5675472617149353,1.192209243774414
23,8242433,6K9K,MdrDBcore00611,M1040V+L2332P,0.487,0.5701277852058411,0.5675472617149353,1.192209243774414
23,8242433,6K9K,MdrDBcore00612,M1040V+L2332P,-0.257,0.5453314781188965,0.5675472617149353,1.192209243774414
23,8242433,5NP0,MdrDBcore00613,M1040V+L2332P,0.811,0.9936147928237915,0.5675472617149353,1.192209243774414
23,8242433,7NI6,MdrDBcore00614,M1644T+I2223M,0.359,0.242544025182724,0.5675472617149353,1.192209243774414
23,8242433,5NP0,MdrDBcore00615,M1644T+I2223M,0.414,0.8829552531242371,0.5675472617149353,1.192209243774414
23,8242433,7NI6,MdrDBcore00616,M1644T+I2223M,0.425,0.08648078888654709,0.5675472617149353,1.192209243774414
23,8242433,6K9K,MdrDBcore00617,N1005S+L2307F,-1.343,0.4601695239543915,0.5675472617149353,1.192209243774414
23,8242433,6K9K,MdrDBcore00618,N1005S+L2307F,-0.94,0.9667500257492065,0.5675472617149353,1.192209243774414
23,8242433,6K9L,MdrDBcore00619,N1005S+L2307F,-0.51,0.3900887072086334,0.5675472617149353,1.192209243774414
23,8242433,6K9K,MdrDBcore00620,P604S+F1463C,-0.905,-0.17559006810188293,0.5675472617149353,1.192209243774414
23,8242433,5NP0,MdrDBcore00621,P604S+F1463C,1.076,1.129389762878418,0.5675472617149353,1.192209243774414
23,8242433,5NP0,MdrDBcore00622,P604S+F1463C,0.984,0.38648906350135803,0.5675472617149353,1.192209243774414
23,8242433,5NP0,MdrDBcore00623,P604S+R832C,-0.37,0.21076497435569763,0.5675472617149353,1.192209243774414
23,8242433,6K9K,MdrDBcore00624,Q1128R+L2332P,-0.273,0.7656903862953186,0.5675472617149353,1.192209243774414
23,8242433,6K9K,MdrDBcore00625,Q1128R+L2332P,-0.043,0.9889509677886963,0.5675472617149353,1.192209243774414
23,8242433,7NI5,MdrDBcore00626,Q1128R+L2332P,-0.457,-0.08344564586877823,0.5675472617149353,1.192209243774414
23,8242433,6K9K,MdrDBcore00627,R1304G+K2318Q,-1.226,-0.03380054980516434,0.5675472617149353,1.192209243774414
23,8242433,5NP0,MdrDBcore00628,R1304G+K2318Q,-0.545,1.164158582687378,0.5675472617149353,1.192209243774414
23,8242433,7NI5,MdrDBcore00629,R1304G+K2318Q,-0.85,-0.09997539222240448,0.5675472617149353,1.192209243774414
23,8242433,7NI5,MdrDBcore00630,R23A+T935R+T1350M,0.463,0.23869004845619202,0.5675472617149353,1.192209243774414
23,8242433,7NI5,MdrDBcore00631,R23A+T935R+T1350M,-0.338,0.19569936394691467,0.5675472617149353,1.192209243774414
23,8242433,7NI5,MdrDBcore00632,R23A+T935R+T1350M,0.214,-0.14683516323566437,0.5675472617149353,1.192209243774414
23,8242433,6K9L,MdrDBcore00633,R2461C+T2921M,0.361,0.0704525038599968,0.5675472617149353,1.192209243774414
23,8242433,5NP0,MdrDBcore00634,R2461C+T2921M,-0.786,1.1445516347885132,0.5675472617149353,1.192209243774414
23,8242433,7NI6,MdrDBcore00635,R2461C+T2921M,-0.861,0.016534432768821716,0.5675472617149353,1.192209243774414
23,8242433,7NI5,MdrDBcore00636,R250A+E277A+R337C+E1133K+L1439I,0.112,-0.012977220118045807,0.5675472617149353,1.192209243774414
23,8242433,6K9K,MdrDBcore00637,R250A+E277A+R337C+E1133K+L1439I,1.142,0.564850926399231,0.5675472617149353,1.192209243774414
23,8242433,7NI5,MdrDBcore00638,R250A+E277A+R337C+E1133K+L1439I,0.443,0.2680070102214813,0.5675472617149353,1.192209243774414
23,8242433,6K9L,MdrDBcore00639,R2849A+E3015D,0.449,1.166166067123413,0.5675472617149353,1.192209243774414
23,8242433,6K9L,MdrDBcore00640,R32C+S2165F,-0.95,1.3989717960357666,0.5675472617149353,1.192209243774414
23,8242433,6K9K,MdrDBcore00641,R32C+S2165F,-0.643,0.12305962294340134,0.5675472617149353,1.192209243774414
23,8242433,7NI5,MdrDBcore00642,R32C+S2165F,-0.345,-0.05202046036720276,0.5675472617149353,1.192209243774414
23,8242433,6K9K,MdrDBcore00643,R924W+D2661N,0.391,1.1552934646606445,0.5675472617149353,1.192209243774414
23,8242433,6K9K,MdrDBcore00644,R924W+D2661N,0.295,0.7741790413856506,0.5675472617149353,1.192209243774414
23,8242433,7NI5,MdrDBcore00645,R924W+D2661N,-0.842,-0.025835927575826645,0.5675472617149353,1.192209243774414
23,8242433,7NI5,MdrDBcore00646,S333F+H1876Q,-0.357,0.2564590871334076,0.5675472617149353,1.192209243774414
23,8242433,7NI5,MdrDBcore00647,S333F+H1876Q,-0.431,0.20488011837005615,0.5675472617149353,1.192209243774414
23,8242433,7NI5,MdrDBcore00648,S333F+H1876Q,-0.655,-0.10553989559412003,0.5675472617149353,1.192209243774414
23,8242433,7NI5,MdrDBcore00649,S974F+F1236Y,0.578,0.1857665479183197,0.5675472617149353,1.192209243774414
23,8242433,5NP0,MdrDBcore00650,S974F+F1236Y,1.353,1.2732127904891968,0.5675472617149353,1.192209243774414
23,8242433,7NI5,MdrDBcore00651,S974F+F1236Y,0.39,-0.10561919957399368,0.5675472617149353,1.192209243774414
23,8242433,7NI6,MdrDBcore00652,V1521L+G1998E,-0.655,-0.1334955394268036,0.5675472617149353,1.192209243774414
23,8242433,5NP0,MdrDBcore00653,V1521L+G1998E,0.658,0.7899818420410156,0.5675472617149353,1.192209243774414
23,8242433,7NI6,MdrDBcore00654,V1521L+G1998E,-0.077,-1.209639072418213,0.5675472617149353,1.192209243774414
23,8242433,5NP0,MdrDBcore00655,V2079I+S2146T,1.789,1.0812163352966309,0.5675472617149353,1.192209243774414
23,8242433,7NI5,MdrDBcore00656,V410A+H1083Y,-0.662,0.2563362419605255,0.5675472617149353,1.192209243774414
23,8242433,5YZ0,MdrDBcore00657,D1586Y+A1550V,0.659,0.6029119491577148,0.5675472617149353,1.192209243774414
23,8242433,5YZ0,MdrDBcore00658,D1586Y+A1550V,0.95,0.9143409132957458,0.5675472617149353,1.192209243774414
23,8242433,5YZ0,MdrDBcore00659,D1586Y+A1550V,0.742,0.8509425520896912,0.5675472617149353,1.192209243774414
23,8242433,5YZ0,MdrDBcore00660,E910A+S138I,0.581,0.8002438545227051,0.5675472617149353,1.192209243774414
23,8242433,5YZ0,MdrDBcore00661,E910A+S138I,0.566,1.0122238397598267,0.5675472617149353,1.192209243774414
23,8242433,5YZ0,MdrDBcore00662,E910A+S138I,0.511,1.1138174533843994,0.5675472617149353,1.192209243774414
23,8242433,5YZ0,MdrDBcore00663,F982V+R109W,-0.02,0.3643355965614319,0.5675472617149353,1.192209243774414
23,8242433,5YZ0,MdrDBcore00664,F982V+R109W,0.484,0.5691485404968262,0.5675472617149353,1.192209243774414
23,8242433,5YZ0,MdrDBcore00665,F982V+R109W,-0.32,0.8607808351516724,0.5675472617149353,1.192209243774414
23,8242433,5YZ0,MdrDBcore00666,I1526V+V666E,-0.098,0.08411943167448044,0.5675472617149353,1.192209243774414
23,8242433,5YZ0,MdrDBcore00667,I1526V+V666E,0.251,0.29316025972366333,0.5675472617149353,1.192209243774414
23,8242433,5YZ0,MdrDBcore00668,I1526V+V666E,-0.428,0.7806187868118286,0.5675472617149353,1.192209243774414
23,8242433,5YZ0,MdrDBcore00669,I1851V+T1798A,0.056,-0.20409688353538513,0.5675472617149353,1.192209243774414
23,8242433,5YZ0,MdrDBcore00670,I1851V+T1798A,-1.625,0.6191443800926208,0.5675472617149353,1.192209243774414
23,8242433,5YZ0,MdrDBcore00671,I1851V+T1798A,-0.792,-0.4565559923648834,0.5675472617149353,1.192209243774414
23,8242433,5YZ0,MdrDBcore00672,I2068V+R2066Q,0.854,-0.21520546078681946,0.5675472617149353,1.192209243774414
23,8242433,5YZ0,MdrDBcore00673,I2068V+R2066Q,-0.475,1.058457374572754,0.5675472617149353,1.192209243774414
23,8242433,5YZ0,MdrDBcore00674,I2068V+R2066Q,-1.038,0.2222757637500763,0.5675472617149353,1.192209243774414
23,8242433,5YZ0,MdrDBcore00675,L2428F+R1696G,-0.303,0.6949063539505005,0.5675472617149353,1.192209243774414
23,8242433,5YZ0,MdrDBcore00676,L2428F+R1696G,0.08,0.7838790416717529,0.5675472617149353,1.192209243774414
23,8242433,5YZ0,MdrDBcore00677,L2428F+R1696G,0.354,0.5154894590377808,0.5675472617149353,1.192209243774414
23,8242433,5YZ0,MdrDBcore00678,L2428F+R1696G,1.185,0.6569435596466064,0.5675472617149353,1.192209243774414
23,8242433,5YZ0,MdrDBcore00679,P1914S+C1858R,0.662,0.28378134965896606,0.5675472617149353,1.192209243774414
23,8242433,5YZ0,MdrDBcore00680,P1914S+C1858R,1.533,0.7330232858657837,0.5675472617149353,1.192209243774414
23,8242433,5YZ0,MdrDBcore00681,R2363A+A2366T,-0.227,0.7010924220085144,0.5675472617149353,1.192209243774414
23,8242433,5YZ0,MdrDBcore00682,R2363A+A2366T,-1.71,-0.41019749641418457,0.5675472617149353,1.192209243774414
23,8242433,5YZ0,MdrDBcore00683,R2363A+A2366T,-0.563,0.9400839805603027,0.5675472617149353,1.192209243774414
23,8242433,5YZ0,MdrDBcore00684,T2556S+I475S,-1.005,0.38591885566711426,0.5675472617149353,1.192209243774414
23,8242433,5YZ0,MdrDBcore00685,T2556S+I475S,-1.11,0.445504754781723,0.5675472617149353,1.192209243774414
23,8242433,5YZ0,MdrDBcore00686,T2556S+I475S,-1.275,0.6956515312194824,0.5675472617149353,1.192209243774414
23,8242433,6Z2J,MdrDBcore00687,D104N+A376T,-0.746,0.18445295095443726,0.5675472617149353,1.192209243774414
23,8242433,6Z2J,MdrDBcore00688,D104N+A376T,-0.476,0.020351752638816833,0.5675472617149353,1.192209243774414
23,8242433,6Z2J,MdrDBcore00689,D104N+A376T,-1.57,0.2921487092971802,0.5675472617149353,1.192209243774414
23,8242433,6Z2J,MdrDBcore00690,D104N+A376T,-0.59,0.35590681433677673,0.5675472617149353,1.192209243774414
23,8242433,6Z2J,MdrDBcore00691,D104N+A376T,-0.924,0.434621661901474,0.5675472617149353,1.192209243774414
23,8242433,6Z2J,MdrDBcore00692,N83I+E250K,2.919,-0.06404846906661987,0.5675472617149353,1.192209243774414
23,8242433,6Z2J,MdrDBcore00693,N83I+E250K,1.253,1.7190262079238892,0.5675472617149353,1.192209243774414
23,8242433,6Z2J,MdrDBcore00694,N83I+E250K,-0.694,-0.2978529632091522,0.5675472617149353,1.192209243774414
23,8242433,6Z2J,MdrDBcore00695,S78P+A282T,-0.147,-0.014650318771600723,0.5675472617149353,1.192209243774414
23,8242433,6Z2J,MdrDBcore00696,S78P+A282T,-0.155,0.2444334626197815,0.5675472617149353,1.192209243774414
23,8242433,6Z2J,MdrDBcore00697,S78P+A282T,-1.171,0.2974303960800171,0.5675472617149353,1.192209243774414
23,8242433,6Z2J,MdrDBcore00698,S78P+A282T,0.606,0.20151373744010925,0.5675472617149353,1.192209243774414
23,8242433,2NVU,MdrDBcore00699,C398R+G372D,-0.637,0.24427086114883423,0.5675472617149353,1.192209243774414
23,8242433,2NVU,MdrDBcore00700,I371V+K209R,-3.018,-1.1619893312454224,0.5675472617149353,1.192209243774414
23,8242433,2NVU,MdrDBcore00701,V395M+R312H,-2.718,-1.4137358665466309,0.5675472617149353,1.192209243774414
23,8242433,5HYN,MdrDBcore00702,F224V+N268D,-0.495,0.15300482511520386,0.5675472617149353,1.192209243774414
23,8242433,6U4Y,MdrDBcore00703,S220A+L71M,-0.779,0.4003294110298157,0.5675472617149353,1.192209243774414
23,8242433,6VP7,MdrDBcore00704,A2135D+G2385R,0.443,0.24542877078056335,0.5675472617149353,1.192209243774414
23,8242433,7LI3,MdrDBcore00705,D1064G+S1145L,0.844,-0.27383849024772644,0.5675472617149353,1.192209243774414
23,8242433,7LI3,MdrDBcore00706,E752D+P2103S+T2310M+V2396L,-0.565,-0.04892390966415405,0.5675472617149353,1.192209243774414
23,8242433,7LI3,MdrDBcore00707,K1383Q+L1304H,-0.4,-0.07293816655874252,0.5675472617149353,1.192209243774414
23,8242433,6VP7,MdrDBcore00708,Q1648P+P2119T+L2291R,0.236,0.18551906943321228,0.5675472617149353,1.192209243774414
23,8242433,7LI3,MdrDBcore00709,S1204N+Q1365R,-0.211,-0.2659880220890045,0.5675472617149353,1.192209243774414
23,8242433,6VP7,MdrDBcore00710,V1450I+G2385R,-0.438,0.052455782890319824,0.5675472617149353,1.192209243774414
23,8242433,6VP7,MdrDBcore00711,V1581D+A1440P,-0.652,0.02974185347557068,0.5675472617149353,1.192209243774414
23,8242433,7LI3,MdrDBcore00712,V771I+T1410M,-0.726,-0.1075490266084671,0.5675472617149353,1.192209243774414
23,8242433,6O96,MdrDBcore00713,E47V+I48F,-0.462,-0.1350158303976059,0.5675472617149353,1.192209243774414
23,8242433,6O96,MdrDBcore00714,E47V+I48F,-0.76,-0.2757861912250519,0.5675472617149353,1.192209243774414
23,8242433,6O96,MdrDBcore00715,E47V+I48F,-0.14,0.21523767709732056,0.5675472617149353,1.192209243774414
23,8242433,4Z96,MdrDBcore00716,E924K+G577D,-0.615,0.6341334581375122,0.5675472617149353,1.192209243774414
23,8242433,3OUI,MdrDBcore00717,A379V+A194T,0.524,0.25457072257995605,0.5675472617149353,1.192209243774414
23,8242433,4B6L,MdrDBcore00718,R179C+G256E,0.897,0.25045835971832275,0.5675472617149353,1.192209243774414
23,8242433,7LRZ,MdrDBcore00719,N787T+T901A,-0.155,0.008124209940433502,0.5675472617149353,1.192209243774414
23,8242433,7LRZ,MdrDBcore00720,N787T+T901A,0.076,-0.22983351349830627,0.5675472617149353,1.192209243774414
23,8242433,7NX4,MdrDBcore00721,T1012M+S737L,0.165,-0.04329907149076462,0.5675472617149353,1.192209243774414
23,8242433,7N00,MdrDBcore00722,T1012M+S737L,1.523,-0.19335493445396423,0.5675472617149353,1.192209243774414
23,8242433,AlphaFold2,MdrDBcore00723,Q275R+R102H,0.791,0.7659640908241272,0.5675472617149353,1.192209243774414
23,8242433,AlphaFold2,MdrDBcore00724,R324H+R110H+R102H,1.934,1.0514978170394897,0.5675472617149353,1.192209243774414
23,8242433,6OCO,MdrDBcore00725,A152T,-0.093,-0.0053298696875572205,0.5675472617149353,1.192209243774414
23,8242433,6OCO,MdrDBcore00726,A152T,-1.837,-1.07907235622406,0.5675472617149353,1.192209243774414
23,8242433,6G6W,MdrDBcore00727,A396T,-0.37,0.6132230758666992,0.5675472617149353,1.192209243774414
23,8242433,6OCO,MdrDBcore00728,A396T,-2.915,-1.1798087358474731,0.5675472617149353,1.192209243774414
23,8242433,6G6W,MdrDBcore00729,A396T,1.111,0.40525001287460327,0.5675472617149353,1.192209243774414
23,8242433,6OCO,MdrDBcore00730,A468V,1.255,-0.02320658043026924,0.5675472617149353,1.192209243774414
23,8242433,6OCO,MdrDBcore00731,A487T,1.109,0.008681155741214752,0.5675472617149353,1.192209243774414
23,8242433,6OCO,MdrDBcore00732,A487T,-0.446,-0.8277800679206848,0.5675472617149353,1.192209243774414
23,8242433,6OCO,MdrDBcore00733,A487T,1.508,1.2736364603042603,0.5675472617149353,1.192209243774414
23,8242433,6OCO,MdrDBcore00734,A487T,1.531,0.5057477355003357,0.5675472617149353,1.192209243774414
23,8242433,6OCO,MdrDBcore00735,A742V,0.08,-0.0322757326066494,0.5675472617149353,1.192209243774414
23,8242433,6OCO,MdrDBcore00736,A742V,-0.467,-0.9964281320571899,0.5675472617149353,1.192209243774414
23,8242433,6OCO,MdrDBcore00737,A742V,0.764,1.2791216373443604,0.5675472617149353,1.192209243774414
23,8242433,6OCO,MdrDBcore00738,A742V,0.342,0.6852904558181763,0.5675472617149353,1.192209243774414
23,8242433,6OCO,MdrDBcore00739,C132Y,0.634,0.5532415509223938,0.5675472617149353,1.192209243774414
23,8242433,6OCO,MdrDBcore00740,C132Y,-0.38,-0.7101578116416931,0.5675472617149353,1.192209243774414
23,8242433,6G6W,MdrDBcore00741,C132Y,1.681,0.39897289872169495,0.5675472617149353,1.192209243774414
23,8242433,6OCO,MdrDBcore00742,C132Y,0.978,0.6965494155883789,0.5675472617149353,1.192209243774414
23,8242433,6OCO,MdrDBcore00743,E1021K,0.296,-0.006095558404922485,0.5675472617149353,1.192209243774414
23,8242433,6OCO,MdrDBcore00744,E1021K,-1.343,-1.0921738147735596,0.5675472617149353,1.192209243774414
23,8242433,6OCO,MdrDBcore00745,E1021K,0.773,1.2363824844360352,0.5675472617149353,1.192209243774414
23,8242433,6OCO,MdrDBcore00746,E1021K,1.03,1.2496072053909302,0.5675472617149353,1.192209243774414
23,8242433,6OCO,MdrDBcore00747,E200K,0.923,1.256446361541748,0.5675472617149353,1.192209243774414
23,8242433,6OCO,MdrDBcore00748,E200K,0.215,0.4922071397304535,0.5675472617149353,1.192209243774414
23,8242433,6OCO,MdrDBcore00749,E234D,1.626,-0.03680438920855522,0.5675472617149353,1.192209243774414
23,8242433,6OCO,MdrDBcore00750,E234D,-0.559,-0.654340386390686,0.5675472617149353,1.192209243774414
23,8242433,6OCO,MdrDBcore00751,E234D,1.595,1.2474666833877563,0.5675472617149353,1.192209243774414
23,8242433,6OCO,MdrDBcore00752,E234D,0.773,0.9761770963668823,0.5675472617149353,1.192209243774414
23,8242433,6OCO,MdrDBcore00753,E451K,-0.504,-0.0646037831902504,0.5675472617149353,1.192209243774414
23,8242433,6OCO,MdrDBcore00754,E451K,-1.217,-0.2822257876396179,0.5675472617149353,1.192209243774414
23,8242433,6OCO,MdrDBcore00755,E451K,1.576,1.2830018997192383,0.5675472617149353,1.192209243774414
23,8242433,6OCO,MdrDBcore00756,E451K,0.594,0.8484029173851013,0.5675472617149353,1.192209243774414
23,8242433,6OCO,MdrDBcore00757,E766G,1.189,-0.03596837818622589,0.5675472617149353,1.192209243774414
23,8242433,6OCO,MdrDBcore00758,E766G,-0.698,-1.2647908926010132,0.5675472617149353,1.192209243774414
23,8242433,6OCO,MdrDBcore00759,E766G,0.686,0.7693506479263306,0.5675472617149353,1.192209243774414
23,8242433,6OCO,MdrDBcore00760,E83K,-1.483,-0.10029619932174683,0.5675472617149353,1.192209243774414
23,8242433,6OCO,MdrDBcore00761,E83K,-2.581,-0.5867394804954529,0.5675472617149353,1.192209243774414
23,8242433,6OCO,MdrDBcore00762,E83K,-2.871,1.2394847869873047,0.5675472617149353,1.192209243774414
23,8242433,6OCO,MdrDBcore00763,E83K,-3.594,0.3791179358959198,0.5675472617149353,1.192209243774414
23,8242433,6OCO,MdrDBcore00764,F609L,1.307,-0.029179401695728302,0.5675472617149353,1.192209243774414
23,8242433,6OCO,MdrDBcore00765,F609L,0.229,-0.9993250966072083,0.5675472617149353,1.192209243774414
23,8242433,6OCO,MdrDBcore00766,F609L,1.711,1.2132421731948853,0.5675472617149353,1.192209243774414
23,8242433,6OCO,MdrDBcore00767,F609L,1.465,0.8877588510513306,0.5675472617149353,1.192209243774414
23,8242433,6OCO,MdrDBcore00768,F932C,1.114,-0.11569731682538986,0.5675472617149353,1.192209243774414
23,8242433,6OCO,MdrDBcore00769,F932C,-0.381,-0.644827127456665,0.5675472617149353,1.192209243774414
23,8242433,6OCO,MdrDBcore00770,F932C,1.825,1.26801335811615,0.5675472617149353,1.192209243774414
23,8242433,6OCO,MdrDBcore00771,F932C,0.853,0.9316655993461609,0.5675472617149353,1.192209243774414
23,8242433,6OCO,MdrDBcore00772,G593R,-0.385,-0.03315310552716255,0.5675472617149353,1.192209243774414
23,8242433,6OCO,MdrDBcore00773,G593R,-1.066,-1.3052725791931152,0.5675472617149353,1.192209243774414
23,8242433,6OCO,MdrDBcore00774,G593R,1.639,1.2205196619033813,0.5675472617149353,1.192209243774414
23,8242433,6OCO,MdrDBcore00775,G593R,1.737,0.8664075136184692,0.5675472617149353,1.192209243774414
23,8242433,6G6W,MdrDBcore00776,G772S,0.944,0.411295086145401,0.5675472617149353,1.192209243774414
23,8242433,6OCO,MdrDBcore00777,G772S,-0.37,-0.9638450145721436,0.5675472617149353,1.192209243774414
23,8242433,6OCO,MdrDBcore00778,G772S,-0.284,1.2673656940460205,0.5675472617149353,1.192209243774414
23,8242433,6OCO,MdrDBcore00779,G772S,0.13,0.49623385071754456,0.5675472617149353,1.192209243774414
23,8242433,6OCO,MdrDBcore00780,G819E,1.359,0.004867337644100189,0.5675472617149353,1.192209243774414
23,8242433,6OCO,MdrDBcore00781,G819E,1.572,1.2693712711334229,0.5675472617149353,1.192209243774414
23,8242433,6OCO,MdrDBcore00782,G819E,0.717,0.9426194429397583,0.5675472617149353,1.192209243774414
23,8242433,6OCO,MdrDBcore00783,G971R,-0.356,0.021702058613300323,0.5675472617149353,1.192209243774414
23,8242433,6OCO,MdrDBcore00784,G971R,-1.304,-1.3363568782806396,0.5675472617149353,1.192209243774414
23,8242433,6OCO,MdrDBcore00785,G971R,0.385,1.2736015319824219,0.5675472617149353,1.192209243774414
23,8242433,6G6W,MdrDBcore00786,G971R,-0.647,0.6504244208335876,0.5675472617149353,1.192209243774414
23,8242433,6G6W,MdrDBcore00787,G985D,-0.9,-0.9101804494857788,0.5675472617149353,1.192209243774414
23,8242433,6OCO,MdrDBcore00788,G985D,-1.309,-0.7786744832992554,0.5675472617149353,1.192209243774414
23,8242433,6OCO,MdrDBcore00789,G985D,1.103,1.3234481811523438,0.5675472617149353,1.192209243774414
23,8242433,6OCO,MdrDBcore00790,G985D,0.766,1.1414703130722046,0.5675472617149353,1.192209243774414
23,8242433,6OCO,MdrDBcore00791,M387T,-0.331,-0.08885035663843155,0.5675472617149353,1.192209243774414
23,8242433,6OCO,MdrDBcore00792,M387T,0.988,1.0264452695846558,0.5675472617149353,1.192209243774414
23,8242433,6OCO,MdrDBcore00793,M387T,1.038,0.7766754031181335,0.5675472617149353,1.192209243774414
23,8242433,6OCO,MdrDBcore00794,M683I,0.209,-0.1428891122341156,0.5675472617149353,1.192209243774414
23,8242433,6OCO,MdrDBcore00795,M683I,-1.045,-0.5049649477005005,0.5675472617149353,1.192209243774414
23,8242433,6OCO,MdrDBcore00796,M683I,0.788,1.2653019428253174,0.5675472617149353,1.192209243774414
23,8242433,6OCO,MdrDBcore00797,M683I,1.13,0.3498842418193817,0.5675472617149353,1.192209243774414
23,8242433,6OCO,MdrDBcore00798,M762I,0.201,-0.031118076294660568,0.5675472617149353,1.192209243774414
23,8242433,6OCO,MdrDBcore00799,M762I,-1.116,-0.7663562893867493,0.5675472617149353,1.192209243774414
23,8242433,6OCO,MdrDBcore00800,M762I,1.238,1.2061057090759277,0.5675472617149353,1.192209243774414
23,8242433,6OCO,MdrDBcore00801,M762I,0.663,1.0483207702636719,0.5675472617149353,1.192209243774414
23,8242433,6OCO,MdrDBcore00802,N334K,-0.837,-0.020115181803703308,0.5675472617149353,1.192209243774414
23,8242433,6OCO,MdrDBcore00803,N334K,-1.744,-1.4532212018966675,0.5675472617149353,1.192209243774414
23,8242433,6OCO,MdrDBcore00804,N334K,-2.134,1.2310646772384644,0.5675472617149353,1.192209243774414
23,8242433,6OCO,MdrDBcore00805,N334K,-2.557,0.44013723731040955,0.5675472617149353,1.192209243774414
23,8242433,6G6W,MdrDBcore00806,P186S,0.549,0.5543584227561951,0.5675472617149353,1.192209243774414
23,8242433,6OCO,MdrDBcore00807,P186S,-1.197,-0.710174560546875,0.5675472617149353,1.192209243774414
23,8242433,6OCO,MdrDBcore00808,P186S,1.859,1.2567366361618042,0.5675472617149353,1.192209243774414
23,8242433,6OCO,MdrDBcore00809,P186S,1.462,0.7855150103569031,0.5675472617149353,1.192209243774414
23,8242433,7LQ1,MdrDBcore00810,P294H,1.024,0.332359254360199,0.5675472617149353,1.192209243774414
23,8242433,7LQ1,MdrDBcore00811,P294H,1.566,1.3816633224487305,0.5675472617149353,1.192209243774414
23,8242433,7LQ1,MdrDBcore00812,P294H,1.036,0.28752461075782776,0.5675472617149353,1.192209243774414
23,8242433,6OCO,MdrDBcore00813,P658L,1.496,1.2504976987838745,0.5675472617149353,1.192209243774414
23,8242433,6OCO,MdrDBcore00814,P658L,1.098,0.4498891532421112,0.5675472617149353,1.192209243774414
23,8242433,7LM2,MdrDBcore00815,R229Q,0.354,-0.031611181795597076,0.5675472617149353,1.192209243774414
23,8242433,7LM2,MdrDBcore00816,R229Q,-0.903,0.5574818849563599,0.5675472617149353,1.192209243774414
23,8242433,7LM2,MdrDBcore00817,R229Q,1.506,1.4928414821624756,0.5675472617149353,1.192209243774414
23,8242433,7LM2,MdrDBcore00818,R229Q,1.421,0.7895978093147278,0.5675472617149353,1.192209243774414
23,8242433,7LM2,MdrDBcore00819,R229W,0.606,0.12543794512748718,0.5675472617149353,1.192209243774414
23,8242433,7LM2,MdrDBcore00820,R229W,-1.723,0.4466039836406708,0.5675472617149353,1.192209243774414
23,8242433,7LM2,MdrDBcore00821,R229W,1.473,1.7052699327468872,0.5675472617149353,1.192209243774414
23,8242433,6PYR,MdrDBcore00822,R229W,0.645,0.13873428106307983,0.5675472617149353,1.192209243774414
23,8242433,6OCO,MdrDBcore00823,R38C,-0.365,0.005795314908027649,0.5675472617149353,1.192209243774414
23,8242433,6OCO,MdrDBcore00824,R38C,-1.456,-1.2849119901657104,0.5675472617149353,1.192209243774414
23,8242433,6G6W,MdrDBcore00825,R38C,1.992,0.4249174892902374,0.5675472617149353,1.192209243774414
23,8242433,6OCO,MdrDBcore00826,R38C,1.95,0.7347405552864075,0.5675472617149353,1.192209243774414
23,8242433,6OCO,MdrDBcore00827,R437C,0.216,-0.0459069162607193,0.5675472617149353,1.192209243774414
23,8242433,6OCO,MdrDBcore00828,R437C,-1.465,-0.8894194960594177,0.5675472617149353,1.192209243774414
23,8242433,6OCO,MdrDBcore00829,R437C,1.666,1.2600699663162231,0.5675472617149353,1.192209243774414
23,8242433,6OCO,MdrDBcore00830,R437C,1.238,1.275451898574829,0.5675472617149353,1.192209243774414
23,8242433,6OCO,MdrDBcore00831,R821C,-1.413,-0.01600189507007599,0.5675472617149353,1.192209243774414
23,8242433,6OCO,MdrDBcore00832,R821C,1.452,1.2771055698394775,0.5675472617149353,1.192209243774414
23,8242433,6OCO,MdrDBcore00833,R821C,2.036,0.8035498857498169,0.5675472617149353,1.192209243774414
23,8242433,6OCO,MdrDBcore00834,R88H,1.69,1.2804421186447144,0.5675472617149353,1.192209243774414
23,8242433,6OCO,MdrDBcore00835,R88H,1.048,0.7592959403991699,0.5675472617149353,1.192209243774414
23,8242433,6G6W,MdrDBcore00836,S174L,2.083,0.6840792298316956,0.5675472617149353,1.192209243774414
23,8242433,6G6W,MdrDBcore00837,S174L,0.188,0.7613798975944519,0.5675472617149353,1.192209243774414
23,8242433,6G6W,MdrDBcore00838,S174L,1.802,0.8033499121665955,0.5675472617149353,1.192209243774414
23,8242433,6G6W,MdrDBcore00839,S174L,1.908,0.197350412607193,0.5675472617149353,1.192209243774414
23,8242433,7SHQ,MdrDBcore00840,D179G,1.527,1.5657293796539307,0.5675472617149353,1.192209243774414
23,8242433,7SHQ,MdrDBcore00841,D584N,1.715,1.4284456968307495,0.5675472617149353,1.192209243774414
23,8242433,7SHQ,MdrDBcore00842,D609N,1.604,1.5521519184112549,0.5675472617149353,1.192209243774414
23,8242433,7SHQ,MdrDBcore00843,E545D,1.571,1.5421773195266724,0.5675472617149353,1.192209243774414
23,8242433,7SHQ,MdrDBcore00844,E662K,1.281,1.1027650833129883,0.5675472617149353,1.192209243774414
23,8242433,7SHQ,MdrDBcore00845,E673D,1.289,1.492828369140625,0.5675472617149353,1.192209243774414
23,8242433,7SHQ,MdrDBcore00846,G163V,1.756,0.6494210362434387,0.5675472617149353,1.192209243774414
23,8242433,7SHQ,MdrDBcore00847,G623S,1.237,1.2763702869415283,0.5675472617149353,1.192209243774414
23,8242433,7SHQ,MdrDBcore00848,I349V,1.672,1.6590090990066528,0.5675472617149353,1.192209243774414
23,8242433,7SHQ,MdrDBcore00849,P221L,1.95,1.9908504486083984,0.5675472617149353,1.192209243774414
23,8242433,7SHQ,MdrDBcore00850,Q286K,2.13,1.6919509172439575,0.5675472617149353,1.192209243774414
23,8242433,7SHQ,MdrDBcore00851,R111H,1.472,1.3212252855300903,0.5675472617149353,1.192209243774414
23,8242433,7SHQ,MdrDBcore00852,R178Q,1.41,1.4573016166687012,0.5675472617149353,1.192209243774414
23,8242433,7SHQ,MdrDBcore00853,R247C,1.433,1.8621550798416138,0.5675472617149353,1.192209243774414
23,8242433,7SHQ,MdrDBcore00854,R265S,1.517,1.6017283201217651,0.5675472617149353,1.192209243774414
23,8242433,7SHQ,MdrDBcore00855,R303H,1.491,1.6350443363189697,0.5675472617149353,1.192209243774414
23,8242433,7SHQ,MdrDBcore00856,T149M,1.58,1.8433125019073486,0.5675472617149353,1.192209243774414
23,8242433,7SHQ,MdrDBcore00857,T291M,2.01,1.9351849555969238,0.5675472617149353,1.192209243774414
23,8242433,7SHQ,MdrDBcore00858,T694I,1.412,1.347934603691101,0.5675472617149353,1.192209243774414
23,8242433,7SHQ,MdrDBcore00859,V120I,1.753,1.2619932889938354,0.5675472617149353,1.192209243774414
23,8242433,7SHQ,MdrDBcore00860,W194C,1.538,0.9755270481109619,0.5675472617149353,1.192209243774414
23,8242433,7SHQ,MdrDBcore00861,Y641H,1.946,1.8506783246994019,0.5675472617149353,1.192209243774414
23,8242433,7SHQ,MdrDBcore00862,Y713C,1.392,1.7070635557174683,0.5675472617149353,1.192209243774414
23,8242433,4ZYO,MdrDBcore00863,M224I,0.639,0.7452380061149597,0.5675472617149353,1.192209243774414
23,8242433,7BG9,MdrDBcore00864,D807G,1.237,1.279781699180603,0.5675472617149353,1.192209243774414
23,8242433,7BG9,MdrDBcore00865,D848G,1.211,0.7408046126365662,0.5675472617149353,1.192209243774414
23,8242433,7BG9,MdrDBcore00866,E1068K,1.628,0.9513235092163086,0.5675472617149353,1.192209243774414
23,8242433,7BG9,MdrDBcore00867,E484K,1.124,0.5982524752616882,0.5675472617149353,1.192209243774414
23,8242433,7BG9,MdrDBcore00868,H752R,1.3,0.8333696126937866,0.5675472617149353,1.192209243774414
23,8242433,7BG9,MdrDBcore00869,L397I,0.21,0.7998990416526794,0.5675472617149353,1.192209243774414
23,8242433,7BG9,MdrDBcore00870,P380S,0.378,0.5080958604812622,0.5675472617149353,1.192209243774414
23,8242433,7BG9,MdrDBcore00871,P530L,1.038,0.6188135147094727,0.5675472617149353,1.192209243774414
23,8242433,7BG9,MdrDBcore00872,P785L,0.639,-0.3089303970336914,0.5675472617149353,1.192209243774414
23,8242433,7BG9,MdrDBcore00873,P785Q,-0.52,0.020050212740898132,0.5675472617149353,1.192209243774414
23,8242433,7BG9,MdrDBcore00874,Q1024H,1.345,1.1991417407989502,0.5675472617149353,1.192209243774414
23,8242433,7BG9,MdrDBcore00875,R521H,1.202,0.6941692233085632,0.5675472617149353,1.192209243774414
23,8242433,7BG9,MdrDBcore00876,R743Q,-0.729,0.46243569254875183,0.5675472617149353,1.192209243774414
23,8242433,7BG9,MdrDBcore00877,R865C,0.839,1.1115608215332031,0.5675472617149353,1.192209243774414
23,8242433,7BG9,MdrDBcore00878,R938L,1.408,1.3905518054962158,0.5675472617149353,1.192209243774414
23,8242433,7BG9,MdrDBcore00879,R972H,1.156,1.1326560974121094,0.5675472617149353,1.192209243774414
23,8242433,7BG9,MdrDBcore00880,T726P,-0.519,0.3592333495616913,0.5675472617149353,1.192209243774414
23,8242433,7BG9,MdrDBcore00881,T878A,1.071,0.9583812952041626,0.5675472617149353,1.192209243774414
23,8242433,7BG9,MdrDBcore00882,V639I,1.29,0.7644005417823792,0.5675472617149353,1.192209243774414
23,8242433,7BG9,MdrDBcore00883,V640M,1.288,1.1061973571777344,0.5675472617149353,1.192209243774414
23,8242433,7BG9,MdrDBcore00884,V741M,1.087,0.9849250316619873,0.5675472617149353,1.192209243774414
23,8242433,7BG9,MdrDBcore00885,V898A,1.275,0.7614020705223083,0.5675472617149353,1.192209243774414
23,8242433,2WMR,MdrDBcore00886,A253D,-2.155,0.05114459991455078,0.5675472617149353,1.192209243774414
23,8242433,2WMR,MdrDBcore00887,Y173H,-2.256,-0.07780759781599045,0.5675472617149353,1.192209243774414
23,8242433,4KIK,MdrDBcore00888,A360S,-1.563,-1.2176258563995361,0.5675472617149353,1.192209243774414
23,8242433,4KIK,MdrDBcore00889,A360S,1.021,0.41512662172317505,0.5675472617149353,1.192209243774414
23,8242433,3BRV,MdrDBcore00890,A710T,-0.504,-1.1571921110153198,0.5675472617149353,1.192209243774414
23,8242433,3BRV,MdrDBcore00891,A710T,1.786,1.3423237800598145,0.5675472617149353,1.192209243774414
23,8242433,4KIK,MdrDBcore00892,E502K,-1.913,-1.1917325258255005,0.5675472617149353,1.192209243774414
23,8242433,4KIK,MdrDBcore00893,E502K,-0.066,0.48947086930274963,0.5675472617149353,1.192209243774414
23,8242433,3BRV,MdrDBcore00894,F734L,-1.768,-1.1475977897644043,0.5675472617149353,1.192209243774414
23,8242433,3BRV,MdrDBcore00895,F734L,1.667,1.279136061668396,0.5675472617149353,1.192209243774414
23,8242433,4KIK,MdrDBcore00896,H284Y,-1.984,-1.0981290340423584,0.5675472617149353,1.192209243774414
23,8242433,4KIK,MdrDBcore00897,H284Y,0.13,0.5703442096710205,0.5675472617149353,1.192209243774414
23,8242433,4KIK,MdrDBcore00898,I413S,-1.999,-1.1405606269836426,0.5675472617149353,1.192209243774414
23,8242433,4KIK,MdrDBcore00899,K337N,-1.745,-1.1530742645263672,0.5675472617149353,1.192209243774414
23,8242433,4KIK,MdrDBcore00900,P296L,1.4,0.4589194357395172,0.5675472617149353,1.192209243774414
23,8242433,4KIK,MdrDBcore00901,R118W,-1.151,-1.0861129760742188,0.5675472617149353,1.192209243774414
23,8242433,4KIK,MdrDBcore00902,R118W,1.339,0.3461178243160248,0.5675472617149353,1.192209243774414
23,8242433,4KIK,MdrDBcore00903,R20H,-0.068,-1.232886552810669,0.5675472617149353,1.192209243774414
23,8242433,4KIK,MdrDBcore00904,R20H,0.521,0.47534462809562683,0.5675472617149353,1.192209243774414
23,8242433,4KIK,MdrDBcore00905,R526Q,1.063,0.41422268748283386,0.5675472617149353,1.192209243774414
23,8242433,4KIK,MdrDBcore00906,R57W,-1.249,-1.2039129734039307,0.5675472617149353,1.192209243774414
23,8242433,4KIK,MdrDBcore00907,R57W,1.131,0.5309430956840515,0.5675472617149353,1.192209243774414
23,8242433,4KIK,MdrDBcore00908,T344M,0.66,0.48967424035072327,0.5675472617149353,1.192209243774414
23,8242433,4KIK,MdrDBcore00909,T8R,-0.516,-1.2032673358917236,0.5675472617149353,1.192209243774414
23,8242433,4KIK,MdrDBcore00910,T8R,1.208,0.468244343996048,0.5675472617149353,1.192209243774414
23,8242433,4KIK,MdrDBcore00911,V327A,-1.102,-1.219225287437439,0.5675472617149353,1.192209243774414
23,8242433,4KIK,MdrDBcore00912,V327A,1.669,0.48067137598991394,0.5675472617149353,1.192209243774414
23,8242433,4KIK,MdrDBcore00913,Y199C,-1.65,-1.2337892055511475,0.5675472617149353,1.192209243774414
23,8242433,4KIK,MdrDBcore00914,Y199C,1.462,0.45365479588508606,0.5675472617149353,1.192209243774414
23,8242433,4JBO,MdrDBcore00915,D311G,-0.93,0.36206045746803284,0.5675472617149353,1.192209243774414
23,8242433,4JBO,MdrDBcore00916,D311G,-0.001,0.1279332935810089,0.5675472617149353,1.192209243774414
23,8242433,4JBO,MdrDBcore00917,F133L,0.523,-0.09981898963451385,0.5675472617149353,1.192209243774414
23,8242433,4JBO,MdrDBcore00918,F133L,-0.48,0.1421060562133789,0.5675472617149353,1.192209243774414
23,8242433,4JBO,MdrDBcore00919,G173V,-0.301,0.5880753397941589,0.5675472617149353,1.192209243774414
23,8242433,4JBO,MdrDBcore00920,G173V,-0.367,0.12531810998916626,0.5675472617149353,1.192209243774414
23,8242433,5DT0,MdrDBcore00921,L222P,-0.036,-0.18756407499313354,0.5675472617149353,1.192209243774414
23,8242433,4JBO,MdrDBcore00922,L222P,-0.626,0.17003265023231506,0.5675472617149353,1.192209243774414
23,8242433,4JBO,MdrDBcore00923,P297H,0.286,0.5075486898422241,0.5675472617149353,1.192209243774414
23,8242433,4JBO,MdrDBcore00924,P297H,-1.585,0.12010345607995987,0.5675472617149353,1.192209243774414
23,8242433,3FDN,MdrDBcore00925,Q394A,0.19,0.16363468766212463,0.5675472617149353,1.192209243774414
23,8242433,3FDN,MdrDBcore00926,Q394A,0.126,-0.41305074095726013,0.5675472617149353,1.192209243774414
23,8242433,5DT0,MdrDBcore00927,R343Q,-0.868,-0.03935648128390312,0.5675472617149353,1.192209243774414
23,8242433,4JBO,MdrDBcore00928,R343Q,-0.333,0.15618658065795898,0.5675472617149353,1.192209243774414
23,8242433,4JBO,MdrDBcore00929,S361L,0.835,0.42790284752845764,0.5675472617149353,1.192209243774414
23,8242433,4JBO,MdrDBcore00930,S361L,0.516,0.14809289574623108,0.5675472617149353,1.192209243774414
23,8242433,4JBO,MdrDBcore00931,V174M,0.743,-0.0584641769528389,0.5675472617149353,1.192209243774414
23,8242433,4JBO,MdrDBcore00932,V174M,-0.501,0.13196948170661926,0.5675472617149353,1.192209243774414
23,8242433,4JBO,MdrDBcore00933,Y197C,0.747,0.09967226535081863,0.5675472617149353,1.192209243774414
23,8242433,4JBO,MdrDBcore00934,Y197C,0.569,0.14795827865600586,0.5675472617149353,1.192209243774414
23,8242433,4JBO,MdrDBcore00935,Y246H,0.777,0.3031891882419586,0.5675472617149353,1.192209243774414
23,8242433,4JBO,MdrDBcore00936,Y246H,-0.064,0.12951070070266724,0.5675472617149353,1.192209243774414
23,8242433,3JZQ,MdrDBcore00937,C76Y,1.279,0.4470050632953644,0.5675472617149353,1.192209243774414
23,8242433,3JZQ,MdrDBcore00938,R87C,1.337,0.6471720933914185,0.5675472617149353,1.192209243774414
23,8242433,2VKI,MdrDBcore00939,A532T,-1.663,0.13842755556106567,0.5675472617149353,1.192209243774414
23,8242433,2VKI,MdrDBcore00940,A532T,-0.285,0.19851946830749512,0.5675472617149353,1.192209243774414
23,8242433,2VKI,MdrDBcore00941,A532T,-1.531,-1.0171443223953247,0.5675472617149353,1.192209243774414
23,8242433,1W1D,MdrDBcore00942,H517Q,-1.454,-0.09691043198108673,0.5675472617149353,1.192209243774414
23,8242433,2VKI,MdrDBcore00943,H517Q,-0.794,-0.2717706263065338,0.5675472617149353,1.192209243774414
23,8242433,2VKI,MdrDBcore00944,H517Q,-0.914,-0.7756631374359131,0.5675472617149353,1.192209243774414
23,8242433,2VKI,MdrDBcore00945,Q540L,-0.007,0.08898807317018509,0.5675472617149353,1.192209243774414
23,8242433,2VKI,MdrDBcore00946,Q540L,0.155,0.14569109678268433,0.5675472617149353,1.192209243774414
23,8242433,2VKI,MdrDBcore00947,Q540L,-0.613,-0.34523677825927734,0.5675472617149353,1.192209243774414
23,8242433,2VKI,MdrDBcore00948,R505Q,-0.014,0.452066034078598,0.5675472617149353,1.192209243774414
23,8242433,2VKI,MdrDBcore00949,R505Q,0.605,0.3944067656993866,0.5675472617149353,1.192209243774414
23,8242433,2VKI,MdrDBcore00950,R505Q,-0.845,-1.2714625597000122,0.5675472617149353,1.192209243774414
23,8242433,AlphaFold2,MdrDBcore00951,C657R,1.242,0.16558483242988586,0.5675472617149353,1.192209243774414
23,8242433,AlphaFold2,MdrDBcore00952,D644E,-0.767,0.2019926905632019,0.5675472617149353,1.192209243774414
23,8242433,4FVQ,MdrDBcore00953,C675W,0.357,0.6772817969322205,0.5675472617149353,1.192209243774414
23,8242433,4FVQ,MdrDBcore00954,E592K,2.616,0.2717888653278351,0.5675472617149353,1.192209243774414
23,8242433,3IOK,MdrDBcore00955,E846D,2.797,0.40271061658859253,0.5675472617149353,1.192209243774414
23,8242433,4FVQ,MdrDBcore00956,F547V,1.589,0.5320855975151062,0.5675472617149353,1.192209243774414
23,8242433,4FVQ,MdrDBcore00957,F560L,3.126,1.216658115386963,0.5675472617149353,1.192209243774414
23,8242433,6E2Q,MdrDBcore00958,F85S,2.311,0.9096871018409729,0.5675472617149353,1.192209243774414
23,8242433,3IOK,MdrDBcore00959,G1093R,1.446,0.3919495642185211,0.5675472617149353,1.192209243774414
23,8242433,6G3C,MdrDBcore00960,G571S,-0.047,0.32433536648750305,0.5675472617149353,1.192209243774414
23,8242433,6E2Q,MdrDBcore00961,H172R,-0.218,-0.21767854690551758,0.5675472617149353,1.192209243774414
23,8242433,6E2Q,MdrDBcore00962,H172R,1.82,1.1244871616363525,0.5675472617149353,1.192209243774414
23,8242433,6G3C,MdrDBcore00963,H606Q,-1.028,0.49669989943504333,0.5675472617149353,1.192209243774414
23,8242433,4FVQ,MdrDBcore00964,H606Q,0.836,-0.03471081331372261,0.5675472617149353,1.192209243774414
23,8242433,6E2Q,MdrDBcore00965,I67M,1.408,0.527897298336029,0.5675472617149353,1.192209243774414
23,8242433,6E2Q,MdrDBcore00966,L383P,-1.434,-0.15959830582141876,0.5675472617149353,1.192209243774414
23,8242433,6E2Q,MdrDBcore00967,L383P,2.042,0.4681573212146759,0.5675472617149353,1.192209243774414
23,8242433,6E2Q,MdrDBcore00968,L393V,-0.207,-0.2153013050556183,0.5675472617149353,1.192209243774414
23,8242433,4FVQ,MdrDBcore00969,L634P,2.074,1.199012041091919,0.5675472617149353,1.192209243774414
23,8242433,3IOK,MdrDBcore00970,L905P,-1.629,0.47031137347221375,0.5675472617149353,1.192209243774414
23,8242433,3IOK,MdrDBcore00971,N1108S,1.948,0.45704999566078186,0.5675472617149353,1.192209243774414
23,8242433,6E2Q,MdrDBcore00972,N337D,0.983,0.018158547580242157,0.5675472617149353,1.192209243774414
23,8242433,3IOK,MdrDBcore00973,R1063H,-0.474,0.43616601824760437,0.5675472617149353,1.192209243774414
23,8242433,3IOK,MdrDBcore00974,R1117M,0.687,0.27519357204437256,0.5675472617149353,1.192209243774414
23,8242433,6E2Q,MdrDBcore00975,R426A,0.073,0.6838942170143127,0.5675472617149353,1.192209243774414
23,8242433,6E2Q,MdrDBcore00976,S411N,3.172,0.27167394757270813,0.5675472617149353,1.192209243774414
23,8242433,6E2Q,MdrDBcore00977,S507A,0.168,0.10529971867799759,0.5675472617149353,1.192209243774414
23,8242433,4FVQ,MdrDBcore00978,S797C,1.229,0.3716658055782318,0.5675472617149353,1.192209243774414
23,8242433,6E2Q,MdrDBcore00979,T108A,3.21,0.2308620810508728,0.5675472617149353,1.192209243774414
23,8242433,6E2Q,MdrDBcore00980,V149A,0.931,0.5292127728462219,0.5675472617149353,1.192209243774414
23,8242433,4FVQ,MdrDBcore00981,V617F,0.016,-0.3822835087776184,0.5675472617149353,1.192209243774414
23,8242433,6E2Q,MdrDBcore00982,W157A,-0.483,0.2840922176837921,0.5675472617149353,1.192209243774414
23,8242433,6E2Q,MdrDBcore00983,Y42H,3.166,-0.169530987739563,0.5675472617149353,1.192209243774414
23,8242433,3IOK,MdrDBcore00984,Y934N,1.12,0.3985997438430786,0.5675472617149353,1.192209243774414
23,8242433,6E2Q,MdrDBcore00985,Y96H,-0.387,0.2516368627548218,0.5675472617149353,1.192209243774414
23,8242433,5UEY,MdrDBcore00986,C357Y,3.73,1.3205093145370483,0.5675472617149353,1.192209243774414
23,8242433,5UEY,MdrDBcore00987,C357Y,1.188,0.8548070788383484,0.5675472617149353,1.192209243774414
23,8242433,5UEY,MdrDBcore00988,C357Y,1.205,1.1365776062011719,0.5675472617149353,1.192209243774414
23,8242433,5CTL,MdrDBcore00989,H77Y,-2.382,0.2306077778339386,0.5675472617149353,1.192209243774414
23,8242433,5CTL,MdrDBcore00990,H77Y,0.959,0.5481761693954468,0.5675472617149353,1.192209243774414
23,8242433,5CTL,MdrDBcore00991,H77Y,1.105,0.33382922410964966,0.5675472617149353,1.192209243774414
23,8242433,5UEY,MdrDBcore00992,I360V,-0.479,0.2678881585597992,0.5675472617149353,1.192209243774414
23,8242433,5UEY,MdrDBcore00993,I360V,1.513,1.0910708904266357,0.5675472617149353,1.192209243774414
23,8242433,5UEY,MdrDBcore00994,I360V,1.347,1.2442535161972046,0.5675472617149353,1.192209243774414
23,8242433,4Z93,MdrDBcore00995,R444C,0.287,0.7105374932289124,0.5675472617149353,1.192209243774414
23,8242433,4Z93,MdrDBcore00996,R444C,-0.215,1.214569091796875,0.5675472617149353,1.192209243774414
23,8242433,4Z93,MdrDBcore00997,R444C,-0.063,0.8920006155967712,0.5675472617149353,1.192209243774414
23,8242433,2N3K,MdrDBcore00998,R616W,1.224,0.4573448598384857,0.5675472617149353,1.192209243774414
23,8242433,2N3K,MdrDBcore00999,R616W,1.614,1.1859300136566162,0.5675472617149353,1.192209243774414
23,8242433,2N3K,MdrDBcore01000,R616W,1.6,0.7242399454116821,0.5675472617149353,1.192209243774414
23,8242433,5CTL,MdrDBcore01001,T73I,-0.44,0.12596598267555237,0.5675472617149353,1.192209243774414
23,8242433,5CTL,MdrDBcore01002,T73I,-0.958,0.4320420026779175,0.5675472617149353,1.192209243774414
23,8242433,5CTL,MdrDBcore01003,T73I,-1.313,-0.4744429886341095,0.5675472617149353,1.192209243774414
23,8242433,5CTL,MdrDBcore01004,W120A,0.458,0.19014528393745422,0.5675472617149353,1.192209243774414
23,8242433,5CTL,MdrDBcore01005,W120A,0.346,0.6688618659973145,0.5675472617149353,1.192209243774414
23,8242433,5CTL,MdrDBcore01006,W120A,-0.884,0.1905621886253357,0.5675472617149353,1.192209243774414
23,8242433,5CTL,MdrDBcore01007,W81L,1.79,0.4970240294933319,0.5675472617149353,1.192209243774414
23,8242433,5CTL,MdrDBcore01008,W81L,1.632,0.96235191822052,0.5675472617149353,1.192209243774414
23,8242433,5CTL,MdrDBcore01009,W81L,1.777,0.2342207133769989,0.5675472617149353,1.192209243774414
23,8242433,6UMD,MdrDBcore01010,A537E,-0.83,0.44952699542045593,0.5675472617149353,1.192209243774414
23,8242433,6UMD,MdrDBcore01011,D467N,1.991,-0.0021542981266975403,0.5675472617149353,1.192209243774414
23,8242433,5U0J,MdrDBcore01012,D585V,1.689,-0.07119002193212509,0.5675472617149353,1.192209243774414
23,8242433,5U0J,MdrDBcore01013,D634G,2.083,0.9818078279495239,0.5675472617149353,1.192209243774414
23,8242433,6UMD,MdrDBcore01014,F472L,1.268,0.7373802661895752,0.5675472617149353,1.192209243774414
23,8242433,6UMD,MdrDBcore01015,G243E,1.422,0.5010021924972534,0.5675472617149353,1.192209243774414
23,8242433,4O7D,MdrDBcore01016,K346Q,-0.127,-0.09476624429225922,0.5675472617149353,1.192209243774414
23,8242433,6UMD,MdrDBcore01017,L478R,1.294,0.6834928393363953,0.5675472617149353,1.192209243774414
23,8242433,6UMD,MdrDBcore01018,N331S,0.49,0.3324357569217682,0.5675472617149353,1.192209243774414
23,8242433,6UMD,MdrDBcore01019,R307L,0.897,0.6960198879241943,0.5675472617149353,1.192209243774414
23,8242433,6UMD,MdrDBcore01020,V453I,1.509,0.9060024619102478,0.5675472617149353,1.192209243774414
23,8242433,5SD8,MdrDBcore01021,A125V,1.996,-0.08923263847827911,0.5675472617149353,1.192209243774414
23,8242433,5HT4,MdrDBcore01022,I176T,0.282,0.14343976974487305,0.5675472617149353,1.192209243774414
23,8242433,5HT4,MdrDBcore01023,T57A,0.41,0.20692652463912964,0.5675472617149353,1.192209243774414
23,8242433,5DC4,MdrDBcore01024,A156T,0.124,0.1773918867111206,0.5675472617149353,1.192209243774414
23,8242433,5DC4,MdrDBcore01025,E216K,0.948,-0.30489087104797363,0.5675472617149353,1.192209243774414
23,8242433,2V7A,MdrDBcore01026,G340W,-0.028,-0.23016560077667236,0.5675472617149353,1.192209243774414
23,8242433,2V7A,MdrDBcore01027,H415Q,0.762,-0.20916184782981873,0.5675472617149353,1.192209243774414
23,8242433,4J9H,MdrDBcore01028,K106E,1.244,0.45873597264289856,0.5675472617149353,1.192209243774414
23,8242433,6AMW,MdrDBcore01029,K7R,-0.044,0.06354279071092606,0.5675472617149353,1.192209243774414
23,8242433,4JJB,MdrDBcore01030,N115S,0.944,0.3611643612384796,0.5675472617149353,1.192209243774414
23,8242433,6AMW,MdrDBcore01031,P131S,-0.881,0.32820674777030945,0.5675472617149353,1.192209243774414
23,8242433,2V7A,MdrDBcore01032,P460L,0.494,-0.40810665488243103,0.5675472617149353,1.192209243774414
23,8242433,6AMW,MdrDBcore01033,R13K,-0.459,-0.17319831252098083,0.5675472617149353,1.192209243774414
23,8242433,5DC4,MdrDBcore01034,R153C,-0.602,-0.3154938817024231,0.5675472617149353,1.192209243774414
23,8242433,5DC4,MdrDBcore01035,R185K,-0.121,-0.6329656839370728,0.5675472617149353,1.192209243774414
23,8242433,2V7A,MdrDBcore01036,R351W,0.405,-0.19832447171211243,0.5675472617149353,1.192209243774414
23,8242433,7N9G,MdrDBcore01037,R502W,0.707,-0.19004878401756287,0.5675472617149353,1.192209243774414
23,8242433,2V7A,MdrDBcore01038,T243I,0.101,-0.19266733527183533,0.5675472617149353,1.192209243774414
23,8242433,6XR6,MdrDBcore01039,V390I,-0.227,0.3317590355873108,0.5675472617149353,1.192209243774414
23,8242433,2V7A,MdrDBcore01040,Y276C,-0.478,-0.20483121275901794,0.5675472617149353,1.192209243774414
23,8242433,1MOX,MdrDBcore01041,A289D,-0.356,0.07701914757490158,0.5675472617149353,1.192209243774414
23,8242433,1MOX,MdrDBcore01042,A289D,0.668,0.8073115348815918,0.5675472617149353,1.192209243774414
23,8242433,7SZ0,MdrDBcore01043,A289V,0.598,-0.4153338074684143,0.5675472617149353,1.192209243774414
23,8242433,1MOX,MdrDBcore01044,A289V,0.528,0.2058655023574829,0.5675472617149353,1.192209243774414
23,8242433,1MOX,MdrDBcore01045,A289V,0.287,-0.2967278063297272,0.5675472617149353,1.192209243774414
23,8242433,7SZ0,MdrDBcore01046,A289V,1.005,0.8680269718170166,0.5675472617149353,1.192209243774414
23,8242433,1MOX,MdrDBcore01047,A289V,0.516,0.1815376579761505,0.5675472617149353,1.192209243774414
23,8242433,5CAN,MdrDBcore01048,A702D,-1.549,-0.41965630650520325,0.5675472617149353,1.192209243774414
23,8242433,5CAN,MdrDBcore01049,A702D,0.098,-0.22374266386032104,0.5675472617149353,1.192209243774414
23,8242433,6D8E,MdrDBcore01050,A864V,-1.162,-0.3275498151779175,0.5675472617149353,1.192209243774414
23,8242433,6D8E,MdrDBcore01051,A864V,-1.228,-1.0393643379211426,0.5675472617149353,1.192209243774414
23,8242433,6D8E,MdrDBcore01052,A864V,-1.186,-0.05990855023264885,0.5675472617149353,1.192209243774414
23,8242433,6D8E,MdrDBcore01053,A864V,-0.945,-0.1832522600889206,0.5675472617149353,1.192209243774414
23,8242433,6D8E,MdrDBcore01054,A864V,-0.788,-0.7746217846870422,0.5675472617149353,1.192209243774414
23,8242433,6D8E,MdrDBcore01055,A864V,-0.396,-0.29241472482681274,0.5675472617149353,1.192209243774414
23,8242433,6D8E,MdrDBcore01056,A864V,-1.02,-0.0728529840707779,0.5675472617149353,1.192209243774414
23,8242433,6D8E,MdrDBcore01057,A864V,-1.432,-0.6840482354164124,0.5675472617149353,1.192209243774414
23,8242433,6D8E,MdrDBcore01058,A864V,-0.67,-0.27179035544395447,0.5675472617149353,1.192209243774414
23,8242433,1MOX,MdrDBcore01059,C251Y,-0.693,0.197930246591568,0.5675472617149353,1.192209243774414
23,8242433,1MOX,MdrDBcore01060,C311F,2.202,0.31172633171081543,0.5675472617149353,1.192209243774414
23,8242433,7SZ0,MdrDBcore01061,C523R,-0.599,-0.5262169241905212,0.5675472617149353,1.192209243774414
23,8242433,7SZ0,MdrDBcore01062,C523R,-0.637,-0.2724689841270447,0.5675472617149353,1.192209243774414
23,8242433,7SZ0,MdrDBcore01063,C523R,0.304,0.045928262174129486,0.5675472617149353,1.192209243774414
23,8242433,7SZ0,MdrDBcore01064,C523R,0.093,0.31379833817481995,0.5675472617149353,1.192209243774414
23,8242433,7SZ0,MdrDBcore01065,C523R,-0.466,-0.0979146659374237,0.5675472617149353,1.192209243774414
23,8242433,7SZ0,MdrDBcore01066,C523R,0.621,-0.3758068084716797,0.5675472617149353,1.192209243774414
23,8242433,5CAN,MdrDBcore01067,E711K,-0.282,-0.2925310730934143,0.5675472617149353,1.192209243774414
23,8242433,6TG1,MdrDBcore01068,E711K,0.102,-0.7146384119987488,0.5675472617149353,1.192209243774414
23,8242433,5CAN,MdrDBcore01069,E711K,0.011,-0.4595603346824646,0.5675472617149353,1.192209243774414
23,8242433,5CAN,MdrDBcore01070,E711K,0.301,0.4312121272087097,0.5675472617149353,1.192209243774414
23,8242433,5CAN,MdrDBcore01071,E711K,1.056,-0.1785704791545868,0.5675472617149353,1.192209243774414
23,8242433,5CAN,MdrDBcore01072,F961L,0.414,0.34745416045188904,0.5675472617149353,1.192209243774414
23,8242433,5CAN,MdrDBcore01073,F961L,-0.23,-0.2835337221622467,0.5675472617149353,1.192209243774414
23,8242433,5CAN,MdrDBcore01074,F961L,-0.145,-0.170027494430542,0.5675472617149353,1.192209243774414
23,8242433,2M0B,MdrDBcore01075,G659R,-0.828,-0.20261532068252563,0.5675472617149353,1.192209243774414
23,8242433,5CAN,MdrDBcore01076,G719S,-0.311,0.14903885126113892,0.5675472617149353,1.192209243774414
23,8242433,6TG1,MdrDBcore01077,G719S,-2.08,0.1659223735332489,0.5675472617149353,1.192209243774414
23,8242433,6D8E,MdrDBcore01078,G719S,-1.345,-0.05063352361321449,0.5675472617149353,1.192209243774414
23,8242433,5CAN,MdrDBcore01079,G719S,-1.534,-0.48210474848747253,0.5675472617149353,1.192209243774414
23,8242433,5CAN,MdrDBcore01080,G719S,-1.594,-0.4525693356990814,0.5675472617149353,1.192209243774414
23,8242433,5CAN,MdrDBcore01081,G719S,0.896,-0.25712308287620544,0.5675472617149353,1.192209243774414
23,8242433,5CAN,MdrDBcore01082,G917R,-0.265,-0.3062537908554077,0.5675472617149353,1.192209243774414
23,8242433,5CAN,MdrDBcore01083,G917R,0.04,-0.10275992006063461,0.5675472617149353,1.192209243774414
23,8242433,5CAN,MdrDBcore01084,G917R,-0.148,-0.545181930065155,0.5675472617149353,1.192209243774414
23,8242433,5CAN,MdrDBcore01085,G917R,-0.372,-0.27649810910224915,0.5675472617149353,1.192209243774414
23,8242433,5CAN,MdrDBcore01086,H988P,-0.191,0.09167484194040298,0.5675472617149353,1.192209243774414
23,8242433,2M0B,MdrDBcore01087,I646L,0.139,-0.5291455388069153,0.5675472617149353,1.192209243774414
23,8242433,2M0B,MdrDBcore01088,I646L,0.342,0.07991033047437668,0.5675472617149353,1.192209243774414
23,8242433,5LV6,MdrDBcore01089,I646L,-0.278,0.20193660259246826,0.5675472617149353,1.192209243774414
23,8242433,2M0B,MdrDBcore01090,I646L,0.656,0.3823257386684418,0.5675472617149353,1.192209243774414
23,8242433,2M0B,MdrDBcore01091,I646L,0.677,0.2631150782108307,0.5675472617149353,1.192209243774414
23,8242433,7SZ0,MdrDBcore01092,K28N,-0.86,0.8537833094596863,0.5675472617149353,1.192209243774414
23,8242433,2N5S,MdrDBcore01093,L62R,0.651,-0.027433231472969055,0.5675472617149353,1.192209243774414
23,8242433,2N5S,MdrDBcore01094,L62R,0.883,0.3393099904060364,0.5675472617149353,1.192209243774414
23,8242433,2N5S,MdrDBcore01095,L62R,0.476,0.12106085568666458,0.5675472617149353,1.192209243774414
23,8242433,2N5S,MdrDBcore01096,L62R,1.078,0.7154886722564697,0.5675472617149353,1.192209243774414
23,8242433,2N5S,MdrDBcore01097,L62R,1.369,0.5891661047935486,0.5675472617149353,1.192209243774414
23,8242433,1MOX,MdrDBcore01098,L76P,-0.985,0.07054934650659561,0.5675472617149353,1.192209243774414
23,8242433,1MOX,MdrDBcore01099,L76P,-0.97,-0.24985045194625854,0.5675472617149353,1.192209243774414
23,8242433,2M20,MdrDBcore01100,L76P,-0.064,0.4551908075809479,0.5675472617149353,1.192209243774414
23,8242433,2M20,MdrDBcore01101,L76P,-0.699,-0.5281394720077515,0.5675472617149353,1.192209243774414
23,8242433,1MOX,MdrDBcore01102,L76P,-0.228,0.19431480765342712,0.5675472617149353,1.192209243774414
23,8242433,2M20,MdrDBcore01103,L76P,0.398,0.8839341402053833,0.5675472617149353,1.192209243774414
23,8242433,1MOX,MdrDBcore01104,L76P,-1.343,0.2845967710018158,0.5675472617149353,1.192209243774414
23,8242433,2M20,MdrDBcore01105,L76P,-1.839,-0.6915048360824585,0.5675472617149353,1.192209243774414
23,8242433,6D8E,MdrDBcore01106,L858R,-4.042,0.11683646589517593,0.5675472617149353,1.192209243774414
23,8242433,6D8E,MdrDBcore01107,L858R,-2.66,-0.4068489670753479,0.5675472617149353,1.192209243774414
23,8242433,5CAN,MdrDBcore01108,L861Q,-0.896,-0.3095785081386566,0.5675472617149353,1.192209243774414
23,8242433,5CAN,MdrDBcore01109,L861Q,-0.526,0.6853321194648743,0.5675472617149353,1.192209243774414
23,8242433,5CAN,MdrDBcore01110,L861Q,-1.064,-0.41137486696243286,0.5675472617149353,1.192209243774414
23,8242433,6D8E,MdrDBcore01111,L861Q,-0.736,-0.25450414419174194,0.5675472617149353,1.192209243774414
23,8242433,6D8E,MdrDBcore01112,L861Q,-0.619,-0.16567674279212952,0.5675472617149353,1.192209243774414
23,8242433,5CAN,MdrDBcore01113,L883F,-0.382,-0.3127419948577881,0.5675472617149353,1.192209243774414
23,8242433,5CAN,MdrDBcore01114,L883F,0.58,0.1635163128376007,0.5675472617149353,1.192209243774414
23,8242433,5CAN,MdrDBcore01115,L883F,0.226,-0.29274195432662964,0.5675472617149353,1.192209243774414
23,8242433,5CAN,MdrDBcore01116,L883F,0.281,-0.42657479643821716,0.5675472617149353,1.192209243774414
23,8242433,5CAN,MdrDBcore01117,L883F,0.945,-0.438259094953537,0.5675472617149353,1.192209243774414
23,8242433,3PFV,MdrDBcore01118,P1071L,0.324,-0.3712862730026245,0.5675472617149353,1.192209243774414
23,8242433,3PFV,MdrDBcore01119,P1071L,-0.931,-0.8633893132209778,0.5675472617149353,1.192209243774414
23,8242433,3PFV,MdrDBcore01120,P1071L,-0.113,-0.8397868275642395,0.5675472617149353,1.192209243774414
23,8242433,3PFV,MdrDBcore01121,P1071L,0.13,-0.24469107389450073,0.5675472617149353,1.192209243774414
23,8242433,3PFV,MdrDBcore01122,P1071L,-0.12,-0.18943732976913452,0.5675472617149353,1.192209243774414
23,8242433,3PFV,MdrDBcore01123,P1071L,1.21,-0.2656748294830322,0.5675472617149353,1.192209243774414
23,8242433,5CAN,MdrDBcore01124,P753S,-1.218,0.04428467899560928,0.5675472617149353,1.192209243774414
23,8242433,5CAN,MdrDBcore01125,P753S,1.334,-0.14148542284965515,0.5675472617149353,1.192209243774414
23,8242433,5CAN,MdrDBcore01126,Q701R,-0.279,0.04341106116771698,0.5675472617149353,1.192209243774414
23,8242433,6TG1,MdrDBcore01127,Q701R,-0.382,0.07655372470617294,0.5675472617149353,1.192209243774414
23,8242433,5CAN,MdrDBcore01128,Q701R,0.29,0.163177490234375,0.5675472617149353,1.192209243774414
23,8242433,6D8E,MdrDBcore01129,Q701R,-0.347,-0.4799857437610626,0.5675472617149353,1.192209243774414
23,8242433,5CAN,MdrDBcore01130,Q701R,0.084,-0.010583419352769852,0.5675472617149353,1.192209243774414
23,8242433,5CAN,MdrDBcore01131,Q701R,-0.522,-0.2610819935798645,0.5675472617149353,1.192209243774414
23,8242433,1MOX,MdrDBcore01132,R165Q,0.288,0.24213716387748718,0.5675472617149353,1.192209243774414
23,8242433,1MOX,MdrDBcore01133,R451C,-0.719,-0.4154934883117676,0.5675472617149353,1.192209243774414
23,8242433,7SZ0,MdrDBcore01134,R451C,-1.196,-0.7702450156211853,0.5675472617149353,1.192209243774414
23,8242433,1MOX,MdrDBcore01135,R451C,-0.817,0.23386907577514648,0.5675472617149353,1.192209243774414
23,8242433,1MOX,MdrDBcore01136,R451C,-0.695,0.5034825801849365,0.5675472617149353,1.192209243774414
23,8242433,7SZ0,MdrDBcore01137,R451C,-1.115,-0.3826501667499542,0.5675472617149353,1.192209243774414
23,8242433,1MOX,MdrDBcore01138,R451C,0.991,-0.0439913384616375,0.5675472617149353,1.192209243774414
23,8242433,2M0B,MdrDBcore01139,R675Q,0.202,-0.012062057852745056,0.5675472617149353,1.192209243774414
23,8242433,2M0B,MdrDBcore01140,R675Q,0.948,0.5678532719612122,0.5675472617149353,1.192209243774414
23,8242433,2M0B,MdrDBcore01141,R675Q,0.704,0.3262817859649658,0.5675472617149353,1.192209243774414
23,8242433,2M0B,MdrDBcore01142,R675Q,1.255,0.37521666288375854,0.5675472617149353,1.192209243774414
23,8242433,2M0B,MdrDBcore01143,R675Q,0.318,0.341562956571579,0.5675472617149353,1.192209243774414
23,8242433,2M0B,MdrDBcore01144,R677C,-1.091,-0.19023039937019348,0.5675472617149353,1.192209243774414
23,8242433,5CAN,MdrDBcore01145,R832C,-1.389,-0.1520649641752243,0.5675472617149353,1.192209243774414
23,8242433,5CAN,MdrDBcore01146,R832C,-1.507,-0.1912306249141693,0.5675472617149353,1.192209243774414
23,8242433,5CAN,MdrDBcore01147,R832C,-0.512,-0.3280274569988251,0.5675472617149353,1.192209243774414
23,8242433,5CAN,MdrDBcore01148,S703F,-2.773,0.06920591741800308,0.5675472617149353,1.192209243774414
23,8242433,5CAN,MdrDBcore01149,S768I,-2.066,0.15794119238853455,0.5675472617149353,1.192209243774414
23,8242433,6D8E,MdrDBcore01150,S768I,-1.336,-0.7646058201789856,0.5675472617149353,1.192209243774414
23,8242433,5CAN,MdrDBcore01151,S768I,-1.442,-0.3274998664855957,0.5675472617149353,1.192209243774414
23,8242433,5CAN,MdrDBcore01152,S768I,-2.007,-0.1522943377494812,0.5675472617149353,1.192209243774414
23,8242433,5CAN,MdrDBcore01153,S768I,-1.274,-0.06005304679274559,0.5675472617149353,1.192209243774414
23,8242433,5CAN,MdrDBcore01154,S768I,-3.63,-0.2571178078651428,0.5675472617149353,1.192209243774414
23,8242433,5CAN,MdrDBcore01155,S811F,0.566,-0.27991238236427307,0.5675472617149353,1.192209243774414
23,8242433,5CAN,MdrDBcore01156,S811F,0.765,0.5425851941108704,0.5675472617149353,1.192209243774414
23,8242433,5CAN,MdrDBcore01157,S811F,0.132,-0.31113964319229126,0.5675472617149353,1.192209243774414
23,8242433,5CAN,MdrDBcore01158,S811F,0.163,-0.19211730360984802,0.5675472617149353,1.192209243774414
23,8242433,5CAN,MdrDBcore01159,S811F,-0.607,-0.64878249168396,0.5675472617149353,1.192209243774414
23,8242433,6TG1,MdrDBcore01160,T751I,0.033,0.14863857626914978,0.5675472617149353,1.192209243774414
23,8242433,5CAN,MdrDBcore01161,T751I,0.148,0.35862094163894653,0.5675472617149353,1.192209243774414
23,8242433,5CAN,MdrDBcore01162,T751I,-0.088,-0.38962531089782715,0.5675472617149353,1.192209243774414
23,8242433,5CAN,MdrDBcore01163,T751I,-0.18,-0.3723071813583374,0.5675472617149353,1.192209243774414
23,8242433,5CAN,MdrDBcore01164,T751I,-0.629,-0.13635799288749695,0.5675472617149353,1.192209243774414
23,8242433,5CAN,MdrDBcore01165,V1011M,-2.524,-0.2639619708061218,0.5675472617149353,1.192209243774414
23,8242433,5CAN,MdrDBcore01166,V1011M,-0.24,-0.258190780878067,0.5675472617149353,1.192209243774414
23,8242433,5CAN,MdrDBcore01167,V1011M,-0.267,0.6730087995529175,0.5675472617149353,1.192209243774414
23,8242433,5CAN,MdrDBcore01168,V1011M,-0.597,-0.48895084857940674,0.5675472617149353,1.192209243774414
23,8242433,5CAN,MdrDBcore01169,V1011M,-1.178,0.25383248925209045,0.5675472617149353,1.192209243774414
23,8242433,5CAN,MdrDBcore01170,V1011M,-1.794,-0.18164902925491333,0.5675472617149353,1.192209243774414
23,8242433,1MOX,MdrDBcore01171,V292M,-0.108,-0.5297760963439941,0.5675472617149353,1.192209243774414
23,8242433,7SZ0,MdrDBcore01172,V592F,-0.734,-0.2103182077407837,0.5675472617149353,1.192209243774414
23,8242433,7SZ0,MdrDBcore01173,V592F,0.123,0.10695039480924606,0.5675472617149353,1.192209243774414
23,8242433,7SZ0,MdrDBcore01174,V592F,1.952,0.4012172222137451,0.5675472617149353,1.192209243774414
23,8242433,5CAN,MdrDBcore01175,V738D,-0.931,-0.20011916756629944,0.5675472617149353,1.192209243774414
23,8242433,6D8E,MdrDBcore01176,V738D,-0.288,-0.015955045819282532,0.5675472617149353,1.192209243774414
23,8242433,5CAN,MdrDBcore01177,V738D,-0.471,-0.31490853428840637,0.5675472617149353,1.192209243774414
23,8242433,5CAN,MdrDBcore01178,V738D,-0.628,-0.6269920468330383,0.5675472617149353,1.192209243774414
23,8242433,5CAN,MdrDBcore01179,V738D,-1.784,-0.13788455724716187,0.5675472617149353,1.192209243774414
23,8242433,5CAN,MdrDBcore01180,V904I,-0.686,-1.0760825872421265,0.5675472617149353,1.192209243774414
23,8242433,5CAN,MdrDBcore01181,V904I,-0.631,-0.31851300597190857,0.5675472617149353,1.192209243774414
23,8242433,5CAN,MdrDBcore01182,V904I,-0.007,0.32435306906700134,0.5675472617149353,1.192209243774414
23,8242433,5CAN,MdrDBcore01183,V904I,-0.208,-0.3298152983188629,0.5675472617149353,1.192209243774414
23,8242433,5CAN,MdrDBcore01184,V904I,-0.86,0.1293645203113556,0.5675472617149353,1.192209243774414
23,8242433,5CAN,MdrDBcore01185,V904I,-0.362,-0.17556309700012207,0.5675472617149353,1.192209243774414
23,8242433,5VQP,MdrDBcore01186,A221T,0.098,0.4071676731109619,0.5675472617149353,1.192209243774414
23,8242433,6GFF,MdrDBcore01187,A221T,0.035,0.5518193244934082,0.5675472617149353,1.192209243774414
23,8242433,6GFF,MdrDBcore01188,E169A,0.4,-0.254920095205307,0.5675472617149353,1.192209243774414
23,8242433,6GFF,MdrDBcore01189,F134L,1.061,0.19839486479759216,0.5675472617149353,1.192209243774414
23,8242433,6GFF,MdrDBcore01190,F134L,-0.28,-0.4603903889656067,0.5675472617149353,1.192209243774414
23,8242433,5FFO,MdrDBcore01191,I300V,0.168,0.01751627027988434,0.5675472617149353,1.192209243774414
23,8242433,6GFF,MdrDBcore01192,R152Q,0.693,0.3941376805305481,0.5675472617149353,1.192209243774414
23,8242433,6GFF,MdrDBcore01193,R152Q,1.291,0.9693713188171387,0.5675472617149353,1.192209243774414
23,8242433,6GFF,MdrDBcore01194,R205L,1.168,0.5018026828765869,0.5675472617149353,1.192209243774414
23,8242433,6GFF,MdrDBcore01195,R205L,0.137,0.6079357266426086,0.5675472617149353,1.192209243774414
23,8242433,6GFF,MdrDBcore01196,S138L,0.563,0.556821346282959,0.5675472617149353,1.192209243774414
23,8242433,6GFF,MdrDBcore01197,S138L,1.717,0.6157412528991699,0.5675472617149353,1.192209243774414
23,8242433,6GFF,MdrDBcore01198,S209R,0.408,0.6812309622764587,0.5675472617149353,1.192209243774414
23,8242433,6GFF,MdrDBcore01199,S209R,-0.44,0.06580299884080887,0.5675472617149353,1.192209243774414
23,8242433,5VQP,MdrDBcore01200,T289A,0.353,0.2797873914241791,0.5675472617149353,1.192209243774414
23,8242433,4KV5,MdrDBcore01201,V20M,1.636,0.7183473706245422,0.5675472617149353,1.192209243774414
23,8242433,4KV5,MdrDBcore01202,Y103H,0.514,0.19240087270736694,0.5675472617149353,1.192209243774414
23,8242433,6GFF,MdrDBcore01203,Y103H,-0.297,0.690843939781189,0.5675472617149353,1.192209243774414
23,8242433,5TM1,MdrDBcore01204,D321N,0.066,0.05476519465446472,0.5675472617149353,1.192209243774414
23,8242433,5TM1,MdrDBcore01205,D321N,0.304,0.02069897949695587,0.5675472617149353,1.192209243774414
23,8242433,5TM1,MdrDBcore01206,D426G,-0.151,0.0748402550816536,0.5675472617149353,1.192209243774414
23,8242433,5TM1,MdrDBcore01207,D426G,-0.021,-0.03701475262641907,0.5675472617149353,1.192209243774414
23,8242433,4AA6,MdrDBcore01208,E247K,-0.19,0.017151109874248505,0.5675472617149353,1.192209243774414
23,8242433,4AA6,MdrDBcore01209,E247K,-0.393,-0.08917658030986786,0.5675472617149353,1.192209243774414
23,8242433,2LLQ,MdrDBcore01210,I298V,-0.293,0.04035842418670654,0.5675472617149353,1.192209243774414
23,8242433,2LLQ,MdrDBcore01211,I298V,-0.247,0.7230495810508728,0.5675472617149353,1.192209243774414
23,8242433,5U2B,MdrDBcore01212,K299N,-0.096,0.37249284982681274,0.5675472617149353,1.192209243774414
23,8242433,2LLQ,MdrDBcore01213,K299R,-0.316,0.47272923588752747,0.5675472617149353,1.192209243774414
23,8242433,2LLQ,MdrDBcore01214,K299R,1.023,0.7694818377494812,0.5675472617149353,1.192209243774414
23,8242433,2LLQ,MdrDBcore01215,M297I,0.335,0.48453864455223083,0.5675472617149353,1.192209243774414
23,8242433,4AA6,MdrDBcore01216,R241L,0.711,-0.15901140868663788,0.5675472617149353,1.192209243774414
23,8242433,4AA6,MdrDBcore01217,R241L,-0.261,-0.15838254988193512,0.5675472617149353,1.192209243774414
23,8242433,5TM1,MdrDBcore01218,R548C,-0.441,-0.0736260712146759,0.5675472617149353,1.192209243774414
23,8242433,5TM1,MdrDBcore01219,R548C,-0.471,-0.009622156620025635,0.5675472617149353,1.192209243774414
23,8242433,4AA6,MdrDBcore01220,T182A,-0.213,-0.07993153482675552,0.5675472617149353,1.192209243774414
23,8242433,4AA6,MdrDBcore01221,T182A,0.145,-0.13107159733772278,0.5675472617149353,1.192209243774414
23,8242433,5TM1,MdrDBcore01222,V392I,-0.334,0.27884259819984436,0.5675472617149353,1.192209243774414
23,8242433,5TM1,MdrDBcore01223,V392I,0.002,-0.018390152603387833,0.5675472617149353,1.192209243774414
23,8242433,5MY6,MdrDBcore01224,A386T,1.101,0.6776453852653503,0.5675472617149353,1.192209243774414
23,8242433,7MN8,MdrDBcore01225,A586G,0.23,-0.5374424457550049,0.5675472617149353,1.192209243774414
23,8242433,6LBX,MdrDBcore01226,A586G,1.097,0.4631527364253998,0.5675472617149353,1.192209243774414
23,8242433,3PP0,MdrDBcore01227,A830V,-0.34,0.39034202694892883,0.5675472617149353,1.192209243774414
23,8242433,3PP0,MdrDBcore01228,A830V,1.275,0.38565248250961304,0.5675472617149353,1.192209243774414
23,8242433,2L4K,MdrDBcore01229,D1144H,1.33,1.1582446098327637,0.5675472617149353,1.192209243774414
23,8242433,6LBX,MdrDBcore01230,D592E,1.293,0.6371815800666809,0.5675472617149353,1.192209243774414
23,8242433,3PP0,MdrDBcore01231,E744K,0.58,0.4067436158657074,0.5675472617149353,1.192209243774414
23,8242433,3PP0,MdrDBcore01232,E744K,1.703,0.5829068422317505,0.5675472617149353,1.192209243774414
23,8242433,3PP0,MdrDBcore01233,E930D,0.498,0.4218541085720062,0.5675472617149353,1.192209243774414
23,8242433,3PP0,MdrDBcore01234,E930D,1.074,0.4408194124698639,0.5675472617149353,1.192209243774414
23,8242433,3PP0,MdrDBcore01235,E936K,1.208,0.5088504552841187,0.5675472617149353,1.192209243774414
23,8242433,7MN8,MdrDBcore01236,G518V,-0.611,-0.575090229511261,0.5675472617149353,1.192209243774414
23,8242433,5MY6,MdrDBcore01237,G518V,1.487,0.6809476017951965,0.5675472617149353,1.192209243774414
23,8242433,3PP0,MdrDBcore01238,G776V,1.218,0.5319263339042664,0.5675472617149353,1.192209243774414
23,8242433,6LBX,MdrDBcore01239,K591M,1.313,0.32328420877456665,0.5675472617149353,1.192209243774414
23,8242433,3PP0,MdrDBcore01240,L720P,-0.74,0.422536700963974,0.5675472617149353,1.192209243774414
23,8242433,3PP0,MdrDBcore01241,L720P,1.177,0.3065064251422882,0.5675472617149353,1.192209243774414
23,8242433,3PP0,MdrDBcore01242,L755S,-1.223,0.4309052526950836,0.5675472617149353,1.192209243774414
23,8242433,3PP0,MdrDBcore01243,L755S,1.397,0.5984793901443481,0.5675472617149353,1.192209243774414
23,8242433,3PP0,MdrDBcore01244,L796P,1.379,0.2662939429283142,0.5675472617149353,1.192209243774414
23,8242433,5MY6,MdrDBcore01245,N319Y,1.35,0.5934210419654846,0.5675472617149353,1.192209243774414
23,8242433,7MN8,MdrDBcore01246,P230L,-0.368,-0.0020034685730934143,0.5675472617149353,1.192209243774414
23,8242433,5MY6,MdrDBcore01247,P230L,1.468,0.6263638734817505,0.5675472617149353,1.192209243774414
23,8242433,5MY6,MdrDBcore01248,Q178H,1.641,1.224349856376648,0.5675472617149353,1.192209243774414
23,8242433,5MY6,MdrDBcore01249,R143Q,1.476,0.8742318153381348,0.5675472617149353,1.192209243774414
23,8242433,7MN8,MdrDBcore01250,R226H,-0.251,-0.6393467783927917,0.5675472617149353,1.192209243774414
23,8242433,5MY6,MdrDBcore01251,R226H,1.003,0.5434544086456299,0.5675472617149353,1.192209243774414
23,8242433,5MY6,MdrDBcore01252,R432W,1.52,0.411598801612854,0.5675472617149353,1.192209243774414
23,8242433,5MY6,MdrDBcore01253,R499Q,1.643,1.0780589580535889,0.5675472617149353,1.192209243774414
23,8242433,3PP0,MdrDBcore01254,R816H,1.616,0.2932107746601105,0.5675472617149353,1.192209243774414
23,8242433,3PP0,MdrDBcore01255,R896H,0.026,0.5952253341674805,0.5675472617149353,1.192209243774414
23,8242433,3PP0,MdrDBcore01256,S1007A,-0.226,0.5474054217338562,0.5675472617149353,1.192209243774414
23,8242433,5MY6,MdrDBcore01257,S310F,1.353,0.7899199724197388,0.5675472617149353,1.192209243774414
23,8242433,6J71,MdrDBcore01258,S335C,1.298,0.28232690691947937,0.5675472617149353,1.192209243774414
23,8242433,1MFG,MdrDBcore01259,V1253M,1.209,0.8693557381629944,0.5675472617149353,1.192209243774414
23,8242433,7MN8,MdrDBcore01260,V541M,0.426,-0.384102463722229,0.5675472617149353,1.192209243774414
23,8242433,6LBX,MdrDBcore01261,V541M,1.961,0.6424810886383057,0.5675472617149353,1.192209243774414
23,8242433,3PP0,MdrDBcore01262,V842I,1.0,0.5774412155151367,0.5675472617149353,1.192209243774414
23,8242433,5MY6,MdrDBcore01263,W452C,-0.482,0.531842827796936,0.5675472617149353,1.192209243774414
23,8242433,5MY6,MdrDBcore01264,W452S,1.615,0.6193770170211792,0.5675472617149353,1.192209243774414
23,8242433,2IFG,MdrDBcore01265,A107V,-0.588,-0.1848238706588745,0.5675472617149353,1.192209243774414
23,8242433,2IFG,MdrDBcore01266,A65S,-0.973,-0.19701731204986572,0.5675472617149353,1.192209243774414
23,8242433,5KMO,MdrDBcore01267,D738N,-1.024,0.2286044955253601,0.5675472617149353,1.192209243774414
23,8242433,6D20,MdrDBcore01268,E492K,-0.45,0.1789323389530182,0.5675472617149353,1.192209243774414
23,8242433,6PMB,MdrDBcore01269,E518D,-0.575,0.11070277541875839,0.5675472617149353,1.192209243774414
23,8242433,5KMO,MdrDBcore01270,E581K,0.113,0.12713688611984253,0.5675472617149353,1.192209243774414
23,8242433,2IFG,MdrDBcore01271,G166R,-0.339,0.05192822962999344,0.5675472617149353,1.192209243774414
23,8242433,6PL3,MdrDBcore01272,G595E,-0.352,0.3820725679397583,0.5675472617149353,1.192209243774414
23,8242433,2IFG,MdrDBcore01273,G64D,-1.392,0.07205139845609665,0.5675472617149353,1.192209243774414
23,8242433,6PL3,MdrDBcore01274,K665N,0.854,0.34491801261901855,0.5675472617149353,1.192209243774414
23,8242433,6PMB,MdrDBcore01275,K665N,0.751,0.10453600436449051,0.5675472617149353,1.192209243774414
23,8242433,2IFG,MdrDBcore01276,L62P,-0.478,-0.34792372584342957,0.5675472617149353,1.192209243774414
23,8242433,6PL3,MdrDBcore01277,M671T,0.505,0.16315698623657227,0.5675472617149353,1.192209243774414
23,8242433,2IFG,MdrDBcore01278,P149L,0.666,0.5448212623596191,0.5675472617149353,1.192209243774414
23,8242433,1WWW,MdrDBcore01279,P309L,0.354,0.20680412650108337,0.5675472617149353,1.192209243774414
23,8242433,1HE7,MdrDBcore01280,P387L,-0.124,-0.06798519939184189,0.5675472617149353,1.192209243774414
23,8242433,2IFG,MdrDBcore01281,R104S,-0.426,0.3769679367542267,0.5675472617149353,1.192209243774414
23,8242433,2IFG,MdrDBcore01282,R161H,0.709,0.15703749656677246,0.5675472617149353,1.192209243774414
23,8242433,1WWW,MdrDBcore01283,R314C,0.363,0.18770194053649902,0.5675472617149353,1.192209243774414
23,8242433,1WWW,MdrDBcore01284,R314H,-0.637,0.1869884729385376,0.5675472617149353,1.192209243774414
23,8242433,6PL3,MdrDBcore01285,R574C,0.34,0.08857815712690353,0.5675472617149353,1.192209243774414
23,8242433,6PL3,MdrDBcore01286,R692H,0.208,0.29398465156555176,0.5675472617149353,1.192209243774414
23,8242433,4AOJ,MdrDBcore01287,R692H,0.217,0.30920419096946716,0.5675472617149353,1.192209243774414
23,8242433,6PL3,MdrDBcore01288,R748W,0.476,0.18071249127388,0.5675472617149353,1.192209243774414
23,8242433,2IFG,MdrDBcore01289,S277F,1.134,0.02965565025806427,0.5675472617149353,1.192209243774414
23,8242433,5KML,MdrDBcore01290,S475C,-0.238,0.2461957037448883,0.5675472617149353,1.192209243774414
23,8242433,4PMM,MdrDBcore01291,T678I,0.181,0.7425482869148254,0.5675472617149353,1.192209243774414
23,8242433,2IFG,MdrDBcore01292,V135L,0.269,-0.05744621157646179,0.5675472617149353,1.192209243774414
23,8242433,2IFG,MdrDBcore01293,V170A,0.152,0.04103271663188934,0.5675472617149353,1.192209243774414
23,8242433,1WWW,MdrDBcore01294,V282I,-1.069,0.22644561529159546,0.5675472617149353,1.192209243774414
23,8242433,6PL3,MdrDBcore01295,W514A,0.067,0.0815076008439064,0.5675472617149353,1.192209243774414
23,8242433,4IBT,MdrDBcore01296,A159D,0.658,0.019459813833236694,0.5675472617149353,1.192209243774414
23,8242433,6XRE,MdrDBcore01297,A307V,-0.319,0.32555505633354187,0.5675472617149353,1.192209243774414
23,8242433,4IBT,MdrDBcore01298,C124R,1.26,0.5803542733192444,0.5675472617149353,1.192209243774414
23,8242433,4IBT,MdrDBcore01299,C141W,-0.244,-0.13547000288963318,0.5675472617149353,1.192209243774414
23,8242433,3D07,MdrDBcore01300,C176S,0.854,0.51972895860672,0.5675472617149353,1.192209243774414
23,8242433,4IBT,MdrDBcore01301,C176Y,-0.087,-0.1564999222755432,0.5675472617149353,1.192209243774414
23,8242433,4IBT,MdrDBcore01302,C238F,-1.165,-0.14024966955184937,0.5675472617149353,1.192209243774414
23,8242433,4IBT,MdrDBcore01303,C242R,0.573,0.07432570308446884,0.5675472617149353,1.192209243774414
23,8242433,3D07,MdrDBcore01304,C242S,-0.088,0.3972631096839905,0.5675472617149353,1.192209243774414
23,8242433,2J20,MdrDBcore01305,C242W,0.138,-0.028105106204748154,0.5675472617149353,1.192209243774414
23,8242433,4IBT,MdrDBcore01306,C275G,-0.216,0.15445873141288757,0.5675472617149353,1.192209243774414
23,8242433,4IBT,MdrDBcore01307,C275Y,-0.281,0.12810981273651123,0.5675472617149353,1.192209243774414
23,8242433,4IBT,MdrDBcore01308,D259V,0.409,-0.16968002915382385,0.5675472617149353,1.192209243774414
23,8242433,4IBT,MdrDBcore01309,D259Y,0.416,-0.0695088654756546,0.5675472617149353,1.192209243774414
23,8242433,4IBT,MdrDBcore01310,D281G,-1.902,-0.01551198959350586,0.5675472617149353,1.192209243774414
23,8242433,4IBT,MdrDBcore01311,D281Y,0.916,-0.2655108571052551,0.5675472617149353,1.192209243774414
23,8242433,2K8F,MdrDBcore01312,E11Q,0.01,0.16190016269683838,0.5675472617149353,1.192209243774414
23,8242433,4IBT,MdrDBcore01313,E180A,-0.469,0.16283106803894043,0.5675472617149353,1.192209243774414
23,8242433,4IBT,MdrDBcore01314,E204A,0.566,-0.1888277232646942,0.5675472617149353,1.192209243774414
23,8242433,4IBT,MdrDBcore01315,E224K,-0.737,-0.19850757718086243,0.5675472617149353,1.192209243774414
23,8242433,4IBT,MdrDBcore01316,E285V,0.085,-0.13996082544326782,0.5675472617149353,1.192209243774414
23,8242433,4IBT,MdrDBcore01317,E286K,-0.38,-0.19748151302337646,0.5675472617149353,1.192209243774414
23,8242433,6XRE,MdrDBcore01318,E298A,0.302,0.7580612301826477,0.5675472617149353,1.192209243774414
23,8242433,1SAE,MdrDBcore01319,E349A,0.609,0.3692888617515564,0.5675472617149353,1.192209243774414
23,8242433,2RUK,MdrDBcore01320,E56A,-0.101,0.8444696664810181,0.5675472617149353,1.192209243774414
23,8242433,4IBT,MdrDBcore01321,F113L,-1.546,0.06963617354631424,0.5675472617149353,1.192209243774414
23,8242433,3D07,MdrDBcore01322,F113V,-0.114,0.2744438350200653,0.5675472617149353,1.192209243774414
23,8242433,4IBT,MdrDBcore01323,G154V,-0.054,-0.003315754234790802,0.5675472617149353,1.192209243774414
23,8242433,4IBT,MdrDBcore01324,G187R,1.545,-0.022152096033096313,0.5675472617149353,1.192209243774414
23,8242433,4IBT,MdrDBcore01325,G244A,-0.295,-0.17088712751865387,0.5675472617149353,1.192209243774414
23,8242433,4IBT,MdrDBcore01326,G244C,-0.968,-0.2467104196548462,0.5675472617149353,1.192209243774414
23,8242433,4IBT,MdrDBcore01327,G245D,-0.079,-0.09834882616996765,0.5675472617149353,1.192209243774414
23,8242433,4IBT,MdrDBcore01328,G245V,-1.372,-0.013687483966350555,0.5675472617149353,1.192209243774414
23,8242433,4IBT,MdrDBcore01329,G262V,0.86,-0.026861555874347687,0.5675472617149353,1.192209243774414
23,8242433,4IBT,MdrDBcore01330,G266R,-0.292,-0.18932762742042542,0.5675472617149353,1.192209243774414
23,8242433,4IBT,MdrDBcore01331,G266V,0.404,-0.20911002159118652,0.5675472617149353,1.192209243774414
23,8242433,4IBT,MdrDBcore01332,H179D,0.241,-0.15032272040843964,0.5675472617149353,1.192209243774414
23,8242433,4IBT,MdrDBcore01333,H179Q,-1.041,-0.20103725790977478,0.5675472617149353,1.192209243774414
23,8242433,4IBT,MdrDBcore01334,H193L,0.008,0.09613945335149765,0.5675472617149353,1.192209243774414
23,8242433,4IBT,MdrDBcore01335,H193Y,-0.446,-0.22729718685150146,0.5675472617149353,1.192209243774414
23,8242433,4IBT,MdrDBcore01336,I195T,-0.053,0.19610244035720825,0.5675472617149353,1.192209243774414
23,8242433,4IBT,MdrDBcore01337,I232S,-0.179,-0.04427754878997803,0.5675472617149353,1.192209243774414
23,8242433,4IBT,MdrDBcore01338,I251L,0.404,-0.002457723021507263,0.5675472617149353,1.192209243774414
23,8242433,4IBT,MdrDBcore01339,I251N,0.376,0.015341393649578094,0.5675472617149353,1.192209243774414
23,8242433,4IBT,MdrDBcore01340,I251T,-0.037,0.018955416977405548,0.5675472617149353,1.192209243774414
23,8242433,4IBT,MdrDBcore01341,I254N,-1.024,-0.40735316276550293,0.5675472617149353,1.192209243774414
23,8242433,4IBT,MdrDBcore01342,I255N,0.762,-0.03088909387588501,0.5675472617149353,1.192209243774414
23,8242433,4IBT,MdrDBcore01343,I255S,-0.381,-0.19429773092269897,0.5675472617149353,1.192209243774414
23,8242433,4IBT,MdrDBcore01344,I255T,0.232,0.02651970088481903,0.5675472617149353,1.192209243774414
23,8242433,4IBT,MdrDBcore01345,K101A,0.039,-0.20035713911056519,0.5675472617149353,1.192209243774414
23,8242433,4IBT,MdrDBcore01346,K120N,0.75,0.0019197538495063782,0.5675472617149353,1.192209243774414
23,8242433,4IBT,MdrDBcore01347,K132E,-0.108,-0.17064587771892548,0.5675472617149353,1.192209243774414
23,8242433,4IBT,MdrDBcore01348,K164A,0.358,0.015032216906547546,0.5675472617149353,1.192209243774414
23,8242433,4IBT,MdrDBcore01349,K164E,-0.948,-0.26776179671287537,0.5675472617149353,1.192209243774414
23,8242433,4IBT,MdrDBcore01350,K164N,0.1,0.01101771742105484,0.5675472617149353,1.192209243774414
23,8242433,3D07,MdrDBcore01351,K291A,0.558,0.4456765353679657,0.5675472617149353,1.192209243774414
23,8242433,4IBT,MdrDBcore01352,L130V,0.525,-0.13235583901405334,0.5675472617149353,1.192209243774414
23,8242433,4IBT,MdrDBcore01353,L145R,-1.048,-0.06771596521139145,0.5675472617149353,1.192209243774414
23,8242433,4IBT,MdrDBcore01354,L194F,0.322,0.17245054244995117,0.5675472617149353,1.192209243774414
23,8242433,4IBT,MdrDBcore01355,L264R,0.757,0.009907208383083344,0.5675472617149353,1.192209243774414
23,8242433,4IBT,MdrDBcore01356,L265P,-0.213,-0.019308041781187057,0.5675472617149353,1.192209243774414
23,8242433,4IBT,MdrDBcore01357,M246R,-0.158,0.1640424132347107,0.5675472617149353,1.192209243774414
23,8242433,4IBT,MdrDBcore01358,M246T,-0.159,-0.1297389417886734,0.5675472617149353,1.192209243774414
23,8242433,4IBT,MdrDBcore01359,N268I,0.208,0.1202569529414177,0.5675472617149353,1.192209243774414
23,8242433,4IBT,MdrDBcore01360,P151H,-0.277,-0.015216164290904999,0.5675472617149353,1.192209243774414
23,8242433,4IBT,MdrDBcore01361,P177T,-0.539,0.05984995514154434,0.5675472617149353,1.192209243774414
23,8242433,4IBT,MdrDBcore01362,P223L,1.505,-0.24514952301979065,0.5675472617149353,1.192209243774414
23,8242433,4IBT,MdrDBcore01363,P250L,0.598,-0.263410359621048,0.5675472617149353,1.192209243774414
23,8242433,4IBT,MdrDBcore01364,P278A,-0.149,-0.11391820013523102,0.5675472617149353,1.192209243774414
23,8242433,4IBT,MdrDBcore01365,P278H,-0.406,-0.03947256878018379,0.5675472617149353,1.192209243774414
23,8242433,4IBT,MdrDBcore01366,P278S,0.716,-0.09271329641342163,0.5675472617149353,1.192209243774414
23,8242433,4IBT,MdrDBcore01367,P98L,0.522,0.0025195181369781494,0.5675472617149353,1.192209243774414
23,8242433,4IBT,MdrDBcore01368,Q100A,1.104,0.06925525516271591,0.5675472617149353,1.192209243774414
23,8242433,4IBT,MdrDBcore01369,Q144A,-0.373,-0.12889015674591064,0.5675472617149353,1.192209243774414
23,8242433,4IBT,MdrDBcore01370,Q167A,0.595,-0.14528821408748627,0.5675472617149353,1.192209243774414
23,8242433,3Q01,MdrDBcore01371,Q331A,0.8,0.39071938395500183,0.5675472617149353,1.192209243774414
23,8242433,4IBT,MdrDBcore01372,R110C,0.246,-0.2683069705963135,0.5675472617149353,1.192209243774414
23,8242433,4IBT,MdrDBcore01373,R110P,-0.287,-0.3053540587425232,0.5675472617149353,1.192209243774414
23,8242433,4IBT,MdrDBcore01374,R156P,-0.394,0.04163490980863571,0.5675472617149353,1.192209243774414
23,8242433,4IBT,MdrDBcore01375,R158G,0.091,0.16102555394172668,0.5675472617149353,1.192209243774414
23,8242433,4IBT,MdrDBcore01376,R175L,0.612,-0.36621326208114624,0.5675472617149353,1.192209243774414
23,8242433,4IBT,MdrDBcore01377,R181C,-0.885,-0.22041738033294678,0.5675472617149353,1.192209243774414
23,8242433,4IBT,MdrDBcore01378,R181H,0.247,-0.254395991563797,0.5675472617149353,1.192209243774414
23,8242433,4IBT,MdrDBcore01379,R209A,0.323,-0.09993737936019897,0.5675472617149353,1.192209243774414
23,8242433,4IBT,MdrDBcore01380,R213L,0.252,-0.13339105248451233,0.5675472617149353,1.192209243774414
23,8242433,4IBT,MdrDBcore01381,R248G,0.559,-0.053801245987415314,0.5675472617149353,1.192209243774414
23,8242433,4IBT,MdrDBcore01382,R249G,-0.636,0.006012037396430969,0.5675472617149353,1.192209243774414
23,8242433,4IBT,MdrDBcore01383,R267P,0.442,-0.026440735906362534,0.5675472617149353,1.192209243774414
23,8242433,4IBT,MdrDBcore01384,R280G,-1.191,-0.23398247361183167,0.5675472617149353,1.192209243774414
23,8242433,4IBT,MdrDBcore01385,R280K,-0.372,-0.18158766627311707,0.5675472617149353,1.192209243774414
23,8242433,4IBT,MdrDBcore01386,R282Q,0.034,-0.18714696168899536,0.5675472617149353,1.192209243774414
23,8242433,4IBT,MdrDBcore01387,R283P,-0.816,0.0071859657764434814,0.5675472617149353,1.192209243774414
23,8242433,1SAE,MdrDBcore01388,R337C,0.867,0.8823342323303223,0.5675472617149353,1.192209243774414
23,8242433,1SAE,MdrDBcore01389,R337L,-1.266,0.2669811546802521,0.5675472617149353,1.192209243774414
23,8242433,1SAE,MdrDBcore01390,R342A,-0.389,0.2517118453979492,0.5675472617149353,1.192209243774414
23,8242433,4IBT,MdrDBcore01391,S215C,-2.605,-0.008642926812171936,0.5675472617149353,1.192209243774414
23,8242433,4IBT,MdrDBcore01392,S215I,0.645,-0.16253408789634705,0.5675472617149353,1.192209243774414
23,8242433,4IBT,MdrDBcore01393,S215N,1.106,0.1973782777786255,0.5675472617149353,1.192209243774414
23,8242433,4IBT,MdrDBcore01394,S215R,0.498,0.011830233037471771,0.5675472617149353,1.192209243774414
23,8242433,4IBT,MdrDBcore01395,S240R,-0.058,-0.016216490417718887,0.5675472617149353,1.192209243774414
23,8242433,4IBT,MdrDBcore01396,S241C,-0.483,-0.06468989700078964,0.5675472617149353,1.192209243774414
23,8242433,4IBT,MdrDBcore01397,S241Y,-0.136,-0.03986703231930733,0.5675472617149353,1.192209243774414
23,8242433,4IBT,MdrDBcore01398,S261T,-0.526,-0.1767544001340866,0.5675472617149353,1.192209243774414
23,8242433,6SL6,MdrDBcore01399,S90F,0.219,0.19753560423851013,0.5675472617149353,1.192209243774414
23,8242433,4IBT,MdrDBcore01400,T155N,-0.634,0.006319493055343628,0.5675472617149353,1.192209243774414
23,8242433,4IBT,MdrDBcore01401,V143M,0.535,0.029826514422893524,0.5675472617149353,1.192209243774414
23,8242433,4IBT,MdrDBcore01402,V147D,0.505,0.03840818256139755,0.5675472617149353,1.192209243774414
23,8242433,4IBT,MdrDBcore01403,V173M,-0.756,-0.01101691648364067,0.5675472617149353,1.192209243774414
23,8242433,4IBT,MdrDBcore01404,V216L,0.092,-0.23032715916633606,0.5675472617149353,1.192209243774414
23,8242433,4IBT,MdrDBcore01405,V218L,0.984,0.004939481616020203,0.5675472617149353,1.192209243774414
23,8242433,4IBT,MdrDBcore01406,V274F,-0.47,-0.11977481842041016,0.5675472617149353,1.192209243774414
23,8242433,4IBT,MdrDBcore01407,W146A,0.336,0.012989707291126251,0.5675472617149353,1.192209243774414
23,8242433,4IBT,MdrDBcore01408,Y107A,0.163,0.007412858307361603,0.5675472617149353,1.192209243774414
23,8242433,4IBT,MdrDBcore01409,Y126A,0.195,-0.050921548157930374,0.5675472617149353,1.192209243774414
23,8242433,3D07,MdrDBcore01410,Y126C,0.065,0.23698309063911438,0.5675472617149353,1.192209243774414
23,8242433,4IBT,MdrDBcore01411,Y205F,-0.692,0.006158031523227692,0.5675472617149353,1.192209243774414
23,8242433,4IBT,MdrDBcore01412,Y220D,-0.218,0.026701435446739197,0.5675472617149353,1.192209243774414
23,8242433,4IBT,MdrDBcore01413,Y234C,-1.211,0.11751232296228409,0.5675472617149353,1.192209243774414
23,8242433,4IBT,MdrDBcore01414,Y236C,-0.702,-0.21331673860549927,0.5675472617149353,1.192209243774414
23,8242433,4H1I,MdrDBcore01415,F142C,-1.844,0.0417790561914444,0.5675472617149353,1.192209243774414
23,8242433,4H1I,MdrDBcore01416,F91V,0.311,0.6478886604309082,0.5675472617149353,1.192209243774414
23,8242433,4H1I,MdrDBcore01417,K93N,-0.864,-0.061833105981349945,0.5675472617149353,1.192209243774414
23,8242433,4H1I,MdrDBcore01418,P27S,1.115,-0.0627414807677269,0.5675472617149353,1.192209243774414
23,8242433,4H1I,MdrDBcore01419,R115A,-0.787,-0.0969180315732956,0.5675472617149353,1.192209243774414
23,8242433,4H1I,MdrDBcore01420,Y33H,-2.721,-0.020470794290304184,0.5675472617149353,1.192209243774414
23,8242433,2I0E,MdrDBcore01421,A451V,-1.057,0.34110262989997864,0.5675472617149353,1.192209243774414
23,8242433,2I0E,MdrDBcore01422,A509T,0.084,0.301315039396286,0.5675472617149353,1.192209243774414
23,8242433,2I0E,MdrDBcore01423,A570T,-0.868,0.24041137099266052,0.5675472617149353,1.192209243774414
23,8242433,2I0E,MdrDBcore01424,A621T,0.105,0.2601217031478882,0.5675472617149353,1.192209243774414
23,8242433,2I0E,MdrDBcore01425,D475Y,0.998,0.218443363904953,0.5675472617149353,1.192209243774414
23,8242433,2I0E,MdrDBcore01426,E385D,0.183,0.28044772148132324,0.5675472617149353,1.192209243774414
23,8242433,2I0E,MdrDBcore01427,E657K,0.732,0.29499170184135437,0.5675472617149353,1.192209243774414
23,8242433,2I0E,MdrDBcore01428,G436D,1.299,0.3408360779285431,0.5675472617149353,1.192209243774414
23,8242433,2I0E,MdrDBcore01429,G543V,0.868,0.28979840874671936,0.5675472617149353,1.192209243774414
23,8242433,2I0E,MdrDBcore01430,K489N,-1.153,0.22006362676620483,0.5675472617149353,1.192209243774414
23,8242433,2I0E,MdrDBcore01431,L469P,-0.426,0.2968289256095886,0.5675472617149353,1.192209243774414
23,8242433,2I0E,MdrDBcore01432,M357I,0.278,0.30385956168174744,0.5675472617149353,1.192209243774414
23,8242433,2I0E,MdrDBcore01433,P588H,-0.197,0.34723636507987976,0.5675472617149353,1.192209243774414
23,8242433,2I0E,MdrDBcore01434,P616T,0.902,0.3471563756465912,0.5675472617149353,1.192209243774414
23,8242433,2I0E,MdrDBcore01435,P669R,0.154,0.2365037202835083,0.5675472617149353,1.192209243774414
23,8242433,2I0E,MdrDBcore01436,Q433H,0.915,0.34749579429626465,0.5675472617149353,1.192209243774414
23,8242433,2I0E,MdrDBcore01437,R465H,0.048,0.3618413507938385,0.5675472617149353,1.192209243774414
23,8242433,2I0E,MdrDBcore01438,R610H,0.7,0.20445960760116577,0.5675472617149353,1.192209243774414
23,8242433,2I0E,MdrDBcore01439,S664F,-0.12,0.29120486974716187,0.5675472617149353,1.192209243774414
23,8242433,1LKL,MdrDBcore01440,A143S,0.436,-0.18795675039291382,0.5675472617149353,1.192209243774414
23,8242433,1LKL,MdrDBcore01441,A143S,-0.266,-0.14848893880844116,0.5675472617149353,1.192209243774414
23,8242433,1LKL,MdrDBcore01442,A160T,-0.713,-0.3317302465438843,0.5675472617149353,1.192209243774414
23,8242433,1QPJ,MdrDBcore01443,E448Q,0.337,-0.13573092222213745,0.5675472617149353,1.192209243774414
23,8242433,1QPJ,MdrDBcore01444,E467D,0.417,0.3709735572338104,0.5675472617149353,1.192209243774414
23,8242433,1QPJ,MdrDBcore01445,E482Q,0.393,0.3346857726573944,0.5675472617149353,1.192209243774414
23,8242433,1QPJ,MdrDBcore01446,G456S,2.467,0.3668471872806549,0.5675472617149353,1.192209243774414
23,8242433,1LKL,MdrDBcore01447,R139Q,-1.006,-0.06057341396808624,0.5675472617149353,1.192209243774414
23,8242433,1QPJ,MdrDBcore01448,R363H,0.33,0.020034484565258026,0.5675472617149353,1.192209243774414
23,8242433,1QPJ,MdrDBcore01449,R480H,1.736,0.3457726538181305,0.5675472617149353,1.192209243774414
23,8242433,3LCK,MdrDBcore01450,R484W,-0.656,-0.7119580507278442,0.5675472617149353,1.192209243774414
23,8242433,1QPJ,MdrDBcore01451,S377R,0.101,0.3697017729282379,0.5675472617149353,1.192209243774414
23,8242433,1QPJ,MdrDBcore01452,T416I,0.636,0.3648335635662079,0.5675472617149353,1.192209243774414
23,8242433,1LKL,MdrDBcore01453,V167I,0.702,-0.2697128355503082,0.5675472617149353,1.192209243774414
23,8242433,4Y72,MdrDBcore01454,A250V,-0.229,0.29865336418151855,0.5675472617149353,1.192209243774414
23,8242433,5LQF,MdrDBcore01455,G177R,-0.39,0.1296074092388153,0.5675472617149353,1.192209243774414
23,8242433,5LQF,MdrDBcore01456,L282R,0.117,0.5138325095176697,0.5675472617149353,1.192209243774414
23,8242433,5LQF,MdrDBcore01457,P95S,0.513,0.4307618737220764,0.5675472617149353,1.192209243774414
23,8242433,5LQF,MdrDBcore01458,R59C,0.765,0.17429587244987488,0.5675472617149353,1.192209243774414
23,8242433,5LQF,MdrDBcore01459,S178L,0.634,0.4193081557750702,0.5675472617149353,1.192209243774414
23,8242433,5LQF,MdrDBcore01460,S233Y,-1.024,0.15770223736763,0.5675472617149353,1.192209243774414
23,8242433,5LQF,MdrDBcore01461,S248N,0.331,0.4981662929058075,0.5675472617149353,1.192209243774414
23,8242433,3LCD,MdrDBcore01462,A792P,-0.053,0.11655054241418839,0.5675472617149353,1.192209243774414
23,8242433,4WRL,MdrDBcore01463,D89N,0.066,0.3980368971824646,0.5675472617149353,1.192209243774414
23,8242433,3KRJ,MdrDBcore01464,E664G,-0.582,0.4403620660305023,0.5675472617149353,1.192209243774414
23,8242433,4WRL,MdrDBcore01465,G145D,-0.559,0.4926956593990326,0.5675472617149353,1.192209243774414
23,8242433,4LIQ,MdrDBcore01466,G377D,-0.221,-0.33375099301338196,0.5675472617149353,1.192209243774414
23,8242433,3KRJ,MdrDBcore01467,H623Y,0.502,0.37978142499923706,0.5675472617149353,1.192209243774414
23,8242433,3KRJ,MdrDBcore01468,I827N,0.378,0.3894660472869873,0.5675472617149353,1.192209243774414
23,8242433,4LIQ,MdrDBcore01469,L207P,0.132,-0.2981071174144745,0.5675472617149353,1.192209243774414
23,8242433,4LIQ,MdrDBcore01470,P202S,-0.329,0.13136932253837585,0.5675472617149353,1.192209243774414
23,8242433,4WRM,MdrDBcore01471,Q460H,-0.25,-0.22568932175636292,0.5675472617149353,1.192209243774414
23,8242433,4LIQ,MdrDBcore01472,R106Q,0.467,1.1324477195739746,0.5675472617149353,1.192209243774414
23,8242433,4LIQ,MdrDBcore01473,R256H,-0.115,-0.8768319487571716,0.5675472617149353,1.192209243774414
23,8242433,4LIQ,MdrDBcore01474,R486S,0.047,0.31353679299354553,0.5675472617149353,1.192209243774414
23,8242433,3KRJ,MdrDBcore01475,R753W,0.081,0.32604116201400757,0.5675472617149353,1.192209243774414
23,8242433,3KRJ,MdrDBcore01476,T600M,-0.669,0.39897722005844116,0.5675472617149353,1.192209243774414
23,8242433,3KRJ,MdrDBcore01477,V659A,-0.192,0.39869043231010437,0.5675472617149353,1.192209243774414
23,8242433,3KRJ,MdrDBcore01478,Y571D,-4.236,0.3789014518260956,0.5675472617149353,1.192209243774414
23,8242433,6JK8,MdrDBcore01479,A241T,0.418,-0.01813001185655594,0.5675472617149353,1.192209243774414
23,8242433,6JK8,MdrDBcore01480,A241T,-0.493,0.010158658027648926,0.5675472617149353,1.192209243774414
23,8242433,5FXR,MdrDBcore01481,D1146N,-1.665,1.1473504304885864,0.5675472617149353,1.192209243774414
23,8242433,3LW0,MdrDBcore01482,D1146N,-0.583,0.29872816801071167,0.5675472617149353,1.192209243774414
23,8242433,6JK8,MdrDBcore01483,D162N,-0.641,-0.025216080248355865,0.5675472617149353,1.192209243774414
23,8242433,6JK8,MdrDBcore01484,D162N,0.147,0.45388898253440857,0.5675472617149353,1.192209243774414
23,8242433,6JK8,MdrDBcore01485,D38N,0.666,0.32364052534103394,0.5675472617149353,1.192209243774414
23,8242433,6JK8,MdrDBcore01486,D38N,1.32,0.09993559867143631,0.5675472617149353,1.192209243774414
23,8242433,3LW0,MdrDBcore01487,E1037K,-0.695,0.10888063162565231,0.5675472617149353,1.192209243774414
23,8242433,3LW0,MdrDBcore01488,E1037K,-0.099,0.6420300006866455,0.5675472617149353,1.192209243774414
23,8242433,6JK8,MdrDBcore01489,E302K,0.823,0.1354660987854004,0.5675472617149353,1.192209243774414
23,8242433,6JK8,MdrDBcore01490,E302K,1.437,-0.018101766705513,0.5675472617149353,1.192209243774414
23,8242433,3LW0,MdrDBcore01491,G1229S,0.075,0.38132649660110474,0.5675472617149353,1.192209243774414
23,8242433,5FXR,MdrDBcore01492,G1229S,-0.613,-0.06772766262292862,0.5675472617149353,1.192209243774414
23,8242433,6JK8,MdrDBcore01493,G310S,-0.536,-0.5323870778083801,0.5675472617149353,1.192209243774414
23,8242433,6JK8,MdrDBcore01494,G310S,-0.536,-0.44899287819862366,0.5675472617149353,1.192209243774414
23,8242433,6JK8,MdrDBcore01495,G410V,-0.209,0.14252504706382751,0.5675472617149353,1.192209243774414
23,8242433,6JK8,MdrDBcore01496,G410V,0.236,0.43961891531944275,0.5675472617149353,1.192209243774414
23,8242433,6JK8,MdrDBcore01497,K339N,0.29,0.4766189754009247,0.5675472617149353,1.192209243774414
23,8242433,6JK8,MdrDBcore01498,K339N,1.646,0.6726122498512268,0.5675472617149353,1.192209243774414
23,8242433,6JK8,MdrDBcore01499,M446V,-0.437,0.3537028431892395,0.5675472617149353,1.192209243774414
23,8242433,6JK8,MdrDBcore01500,M446V,-0.563,0.01080380380153656,0.5675472617149353,1.192209243774414
23,8242433,6VWG,MdrDBcore01501,N284Y,0.032,0.09557025879621506,0.5675472617149353,1.192209243774414
23,8242433,6VWG,MdrDBcore01502,N284Y,1.196,0.377747118473053,0.5675472617149353,1.192209243774414
23,8242433,3LW0,MdrDBcore01503,P989S,1.181,0.22886505722999573,0.5675472617149353,1.192209243774414
23,8242433,3LW0,MdrDBcore01504,P989S,-0.106,0.3984442353248596,0.5675472617149353,1.192209243774414
23,8242433,6JK8,MdrDBcore01505,R107H,-0.356,-0.1771886944770813,0.5675472617149353,1.192209243774414
23,8242433,6JK8,MdrDBcore01506,R107H,-0.295,0.023535020649433136,0.5675472617149353,1.192209243774414
23,8242433,6JK8,MdrDBcore01507,R252C,0.968,0.5902265906333923,0.5675472617149353,1.192209243774414
23,8242433,6JK8,MdrDBcore01508,R279H,1.442,0.002036161720752716,0.5675472617149353,1.192209243774414
23,8242433,6JK8,MdrDBcore01509,R461H,-0.472,-0.047900114208459854,0.5675472617149353,1.192209243774414
23,8242433,6JK8,MdrDBcore01510,R461H,-1.424,-0.2803758680820465,0.5675472617149353,1.192209243774414
23,8242433,6JK8,MdrDBcore01511,R595H,-0.752,-0.2533492147922516,0.5675472617149353,1.192209243774414
23,8242433,6JK8,MdrDBcore01512,R595H,-0.32,0.383331298828125,0.5675472617149353,1.192209243774414
23,8242433,6JK8,MdrDBcore01513,R650Q,0.252,0.2382684350013733,0.5675472617149353,1.192209243774414
23,8242433,6VWJ,MdrDBcore01514,R794Q,-1.156,0.12959572672843933,0.5675472617149353,1.192209243774414
23,8242433,3LW0,MdrDBcore01515,S1009L,1.291,1.5035583972930908,0.5675472617149353,1.192209243774414
23,8242433,1JQH,MdrDBcore01516,S1009L,1.873,0.8831665515899658,0.5675472617149353,1.192209243774414
23,8242433,6JK8,MdrDBcore01517,S343F,-0.771,-0.33620792627334595,0.5675472617149353,1.192209243774414
23,8242433,6JK8,MdrDBcore01518,S522N,0.21,-0.04579431191086769,0.5675472617149353,1.192209243774414
23,8242433,6JK8,MdrDBcore01519,S522N,-0.498,-0.07760458439588547,0.5675472617149353,1.192209243774414
23,8242433,6JK8,MdrDBcore01520,T524S,0.156,-0.7133954763412476,0.5675472617149353,1.192209243774414
23,8242433,6JK8,MdrDBcore01521,T524S,-0.592,-0.08055944740772247,0.5675472617149353,1.192209243774414
23,8242433,6JK8,MdrDBcore01522,V259I,-1.087,0.031532302498817444,0.5675472617149353,1.192209243774414
23,8242433,6JK8,MdrDBcore01523,V259I,-0.83,0.05833955854177475,0.5675472617149353,1.192209243774414
23,8242433,6JK8,MdrDBcore01524,V388M,-0.517,-0.2584647238254547,0.5675472617149353,1.192209243774414
23,8242433,6JK8,MdrDBcore01525,V388M,-0.467,-0.14457303285598755,0.5675472617149353,1.192209243774414
23,8242433,5U8R,MdrDBcore01526,V554M,-0.571,0.4640521705150604,0.5675472617149353,1.192209243774414
23,8242433,5U8R,MdrDBcore01527,V554M,-0.551,-0.11683546006679535,0.5675472617149353,1.192209243774414
23,8242433,6JK8,MdrDBcore01528,V579I,-0.143,0.17842921614646912,0.5675472617149353,1.192209243774414
23,8242433,6JK8,MdrDBcore01529,V579I,-0.425,0.19885185360908508,0.5675472617149353,1.192209243774414
23,8242433,6JK8,MdrDBcore01530,Y517C,-1.026,0.026441358029842377,0.5675472617149353,1.192209243774414
23,8242433,6JK8,MdrDBcore01531,Y517C,-1.022,-0.057141464203596115,0.5675472617149353,1.192209243774414
23,8242433,4K3J,MdrDBcore01532,A347T,0.149,1.161799669265747,0.5675472617149353,1.192209243774414
23,8242433,6GCU,MdrDBcore01533,A347T,-0.366,0.6855212450027466,0.5675472617149353,1.192209243774414
23,8242433,6GCU,MdrDBcore01534,A347T,-0.085,0.284509539604187,0.5675472617149353,1.192209243774414
23,8242433,6GCU,MdrDBcore01535,A347T,-0.618,-0.16553092002868652,0.5675472617149353,1.192209243774414
23,8242433,6GCU,MdrDBcore01536,A347T,-0.912,0.18868520855903625,0.5675472617149353,1.192209243774414
23,8242433,2UZY,MdrDBcore01537,D741N,1.117,0.9090278744697571,0.5675472617149353,1.192209243774414
23,8242433,2UZY,MdrDBcore01538,D741N,0.869,0.21459680795669556,0.5675472617149353,1.192209243774414
23,8242433,2UZY,MdrDBcore01539,D741N,1.061,-0.06472199410200119,0.5675472617149353,1.192209243774414
23,8242433,2UZY,MdrDBcore01540,D741N,0.314,0.634294331073761,0.5675472617149353,1.192209243774414
23,8242433,4K3J,MdrDBcore01541,E168D,-0.883,0.9225555062294006,0.5675472617149353,1.192209243774414
23,8242433,4K3J,MdrDBcore01542,E168D,-0.715,0.14850160479545593,0.5675472617149353,1.192209243774414
23,8242433,4K3J,MdrDBcore01543,E168K,1.039,0.9078242182731628,0.5675472617149353,1.192209243774414
23,8242433,6GCU,MdrDBcore01544,E168K,-0.809,0.13714417815208435,0.5675472617149353,1.192209243774414
23,8242433,6GCU,MdrDBcore01545,E168K,0.405,0.6900917291641235,0.5675472617149353,1.192209243774414
23,8242433,6GCU,MdrDBcore01546,E168K,0.486,-0.03740832954645157,0.5675472617149353,1.192209243774414
23,8242433,6WVZ,MdrDBcore01547,E302K,1.583,0.5214188694953918,0.5675472617149353,1.192209243774414
23,8242433,7MOB,MdrDBcore01548,E302K,-0.433,-0.28417253494262695,0.5675472617149353,1.192209243774414
23,8242433,6WVZ,MdrDBcore01549,E302K,1.611,-0.3026023209095001,0.5675472617149353,1.192209243774414
23,8242433,7MOB,MdrDBcore01550,E302K,0.375,0.15120258927345276,0.5675472617149353,1.192209243774414
23,8242433,7MOB,MdrDBcore01551,E302K,1.254,0.0791245624423027,0.5675472617149353,1.192209243774414
23,8242433,7MO7,MdrDBcore01552,E34K,1.085,0.125534325838089,0.5675472617149353,1.192209243774414
23,8242433,7MOB,MdrDBcore01553,E34K,-0.025,0.267861545085907,0.5675472617149353,1.192209243774414
23,8242433,7MO7,MdrDBcore01554,E34K,1.129,0.3687766492366791,0.5675472617149353,1.192209243774414
23,8242433,7MOB,MdrDBcore01555,E34K,0.439,-0.1800558865070343,0.5675472617149353,1.192209243774414
23,8242433,2UZY,MdrDBcore01556,E740K,0.869,0.3304809629917145,0.5675472617149353,1.192209243774414
23,8242433,6GCU,MdrDBcore01557,E740K,0.247,0.2248472273349762,0.5675472617149353,1.192209243774414
23,8242433,6GCU,MdrDBcore01558,E740K,0.625,0.14686357975006104,0.5675472617149353,1.192209243774414
23,8242433,6GCU,MdrDBcore01559,E740K,-0.117,-0.3050748407840729,0.5675472617149353,1.192209243774414
23,8242433,4K3J,MdrDBcore01560,G344R,0.751,0.020809121429920197,0.5675472617149353,1.192209243774414
23,8242433,6GCU,MdrDBcore01561,G344R,-0.534,0.7967703342437744,0.5675472617149353,1.192209243774414
23,8242433,6GCU,MdrDBcore01562,G344R,-1.008,-0.009327296167612076,0.5675472617149353,1.192209243774414
23,8242433,6GCU,MdrDBcore01563,G344R,0.425,0.7821639180183411,0.5675472617149353,1.192209243774414
23,8242433,6GCU,MdrDBcore01564,H159R,-0.446,-0.47416821122169495,0.5675472617149353,1.192209243774414
23,8242433,6GCU,MdrDBcore01565,H159R,0.065,0.19532069563865662,0.5675472617149353,1.192209243774414
23,8242433,6GCU,MdrDBcore01566,H159R,0.074,0.03840450197458267,0.5675472617149353,1.192209243774414
23,8242433,6GCU,MdrDBcore01567,H159R,-0.865,0.24411997199058533,0.5675472617149353,1.192209243774414
23,8242433,6GCU,MdrDBcore01568,I316M,-0.289,0.17078644037246704,0.5675472617149353,1.192209243774414
23,8242433,4K3J,MdrDBcore01569,I333L,0.658,1.5139555931091309,0.5675472617149353,1.192209243774414
23,8242433,6GCU,MdrDBcore01570,I333L,-0.058,0.23025399446487427,0.5675472617149353,1.192209243774414
23,8242433,6GCU,MdrDBcore01571,I333L,0.252,-0.016153737902641296,0.5675472617149353,1.192209243774414
23,8242433,6GCU,MdrDBcore01572,I333L,0.196,0.3394761383533478,0.5675472617149353,1.192209243774414
23,8242433,7MO7,MdrDBcore01573,I583M,0.835,0.11569706350564957,0.5675472617149353,1.192209243774414
23,8242433,6GCU,MdrDBcore01574,I583M,0.19,0.1451295018196106,0.5675472617149353,1.192209243774414
23,8242433,6GCU,MdrDBcore01575,I583M,-0.494,0.12949606776237488,0.5675472617149353,1.192209243774414
23,8242433,7MO7,MdrDBcore01576,I638L,1.058,0.45559564232826233,0.5675472617149353,1.192209243774414
23,8242433,6GCU,MdrDBcore01577,I638L,0.795,0.21186426281929016,0.5675472617149353,1.192209243774414
23,8242433,6GCU,MdrDBcore01578,I638L,0.802,0.5117475986480713,0.5675472617149353,1.192209243774414
23,8242433,7MOB,MdrDBcore01579,K303T,0.184,0.7987523078918457,0.5675472617149353,1.192209243774414
23,8242433,7MOB,MdrDBcore01580,K303T,-0.012,0.18317261338233948,0.5675472617149353,1.192209243774414
23,8242433,7MOB,MdrDBcore01581,K303T,0.45,-0.02924066036939621,0.5675472617149353,1.192209243774414
23,8242433,7MOB,MdrDBcore01582,K303T,-0.496,0.17317581176757812,0.5675472617149353,1.192209243774414
23,8242433,7MO7,MdrDBcore01583,K595T,0.861,0.4907677471637726,0.5675472617149353,1.192209243774414
23,8242433,6GCU,MdrDBcore01584,K595T,-0.75,0.009526200592517853,0.5675472617149353,1.192209243774414
23,8242433,7MO7,MdrDBcore01585,K595T,0.224,0.0470893532037735,0.5675472617149353,1.192209243774414
23,8242433,6GCU,MdrDBcore01586,K595T,-1.022,-0.1772780418395996,0.5675472617149353,1.192209243774414
23,8242433,4K3J,MdrDBcore01587,L530V,-0.012,0.9684972763061523,0.5675472617149353,1.192209243774414
23,8242433,4K3J,MdrDBcore01588,L530V,-0.068,0.391334593296051,0.5675472617149353,1.192209243774414
23,8242433,4K3J,MdrDBcore01589,L530V,0.265,0.03923112154006958,0.5675472617149353,1.192209243774414
23,8242433,6GCU,MdrDBcore01590,L530V,-0.304,-0.07807217538356781,0.5675472617149353,1.192209243774414
23,8242433,7MO7,MdrDBcore01591,L604V,-0.47,0.22909414768218994,0.5675472617149353,1.192209243774414
23,8242433,6GCU,MdrDBcore01592,L604V,-0.787,0.12496449798345566,0.5675472617149353,1.192209243774414
23,8242433,7MO7,MdrDBcore01593,L604V,-0.155,-0.41755205392837524,0.5675472617149353,1.192209243774414
23,8242433,6GCU,MdrDBcore01594,L604V,-0.098,-0.16495290398597717,0.5675472617149353,1.192209243774414
23,8242433,6GCU,MdrDBcore01595,L604V,-0.419,-0.5884277820587158,0.5675472617149353,1.192209243774414
23,8242433,6GCU,MdrDBcore01596,M362T,0.053,0.6021133661270142,0.5675472617149353,1.192209243774414
23,8242433,4K3J,MdrDBcore01597,M362T,0.651,0.36487847566604614,0.5675472617149353,1.192209243774414
23,8242433,6GCU,MdrDBcore01598,M362T,0.587,-0.15104402601718903,0.5675472617149353,1.192209243774414
23,8242433,6GCU,MdrDBcore01599,M362T,-0.04,-0.3237602710723877,0.5675472617149353,1.192209243774414
23,8242433,6GCU,MdrDBcore01600,M362T,0.5,0.3719422519207001,0.5675472617149353,1.192209243774414
23,8242433,7MO7,MdrDBcore01601,M636V,1.12,0.5371324419975281,0.5675472617149353,1.192209243774414
23,8242433,6GCU,MdrDBcore01602,M636V,-0.917,0.09613839536905289,0.5675472617149353,1.192209243774414
23,8242433,6GCU,MdrDBcore01603,M636V,0.86,0.16400057077407837,0.5675472617149353,1.192209243774414
23,8242433,6GCU,MdrDBcore01604,M636V,0.24,0.827467679977417,0.5675472617149353,1.192209243774414
23,8242433,4K3J,MdrDBcore01605,N375K,1.48,1.4704747200012207,0.5675472617149353,1.192209243774414
23,8242433,4K3J,MdrDBcore01606,N375K,1.787,0.22937414050102234,0.5675472617149353,1.192209243774414
23,8242433,4K3J,MdrDBcore01607,N375S,-0.341,0.23399412631988525,0.5675472617149353,1.192209243774414
23,8242433,4K3J,MdrDBcore01608,N375S,-0.526,0.15157923102378845,0.5675472617149353,1.192209243774414
23,8242433,4K3J,MdrDBcore01609,P366S,1.022,1.153856635093689,0.5675472617149353,1.192209243774414
23,8242433,4K3J,MdrDBcore01610,P366S,1.015,0.39523106813430786,0.5675472617149353,1.192209243774414
23,8242433,6GCU,MdrDBcore01611,P366S,1.058,0.17767927050590515,0.5675472617149353,1.192209243774414
23,8242433,6GCU,MdrDBcore01612,P366S,0.752,0.6265520453453064,0.5675472617149353,1.192209243774414
23,8242433,3I5N,MdrDBcore01613,R1166A,-0.058,0.49809613823890686,0.5675472617149353,1.192209243774414
23,8242433,3I5N,MdrDBcore01614,R1166A,0.043,0.1327783465385437,0.5675472617149353,1.192209243774414
23,8242433,4K3J,MdrDBcore01615,R191W,0.304,0.7227159142494202,0.5675472617149353,1.192209243774414
23,8242433,6GCU,MdrDBcore01616,R191W,0.021,-0.08457960188388824,0.5675472617149353,1.192209243774414
23,8242433,4K3J,MdrDBcore01617,R191W,-0.321,0.19522982835769653,0.5675472617149353,1.192209243774414
23,8242433,6GCU,MdrDBcore01618,R191W,-0.683,0.1385706663131714,0.5675472617149353,1.192209243774414
23,8242433,6GCU,MdrDBcore01619,R191W,0.36,-0.29242977499961853,0.5675472617149353,1.192209243774414
23,8242433,4XMO,MdrDBcore01620,S1159L,-0.493,-0.023366793990135193,0.5675472617149353,1.192209243774414
23,8242433,4K3J,MdrDBcore01621,S135N,0.701,-0.06948935985565186,0.5675472617149353,1.192209243774414
23,8242433,6GCU,MdrDBcore01622,S135N,0.153,-0.03890499845147133,0.5675472617149353,1.192209243774414
23,8242433,6GCU,MdrDBcore01623,S135N,0.69,0.5435041189193726,0.5675472617149353,1.192209243774414
23,8242433,6GCU,MdrDBcore01624,S135N,-0.604,-0.2500784695148468,0.5675472617149353,1.192209243774414
23,8242433,4K3J,MdrDBcore01625,S244Y,0.904,0.5455122590065002,0.5675472617149353,1.192209243774414
23,8242433,6GCU,MdrDBcore01626,S244Y,0.919,0.7958455085754395,0.5675472617149353,1.192209243774414
23,8242433,6GCU,MdrDBcore01627,S244Y,0.959,-0.051295503973960876,0.5675472617149353,1.192209243774414
23,8242433,6GCU,MdrDBcore01628,S244Y,0.06,-0.24476605653762817,0.5675472617149353,1.192209243774414
23,8242433,4K3J,MdrDBcore01629,S323G,0.398,0.8477911949157715,0.5675472617149353,1.192209243774414
23,8242433,6GCU,MdrDBcore01630,S323G,0.185,0.03947519510984421,0.5675472617149353,1.192209243774414
23,8242433,4K3J,MdrDBcore01631,S323G,1.059,0.3457726836204529,0.5675472617149353,1.192209243774414
23,8242433,6GCU,MdrDBcore01632,S323G,-0.053,0.9106119275093079,0.5675472617149353,1.192209243774414
23,8242433,6GCU,MdrDBcore01633,S323G,-1.03,0.24576601386070251,0.5675472617149353,1.192209243774414
23,8242433,7MO7,MdrDBcore01634,S572N,0.78,0.6592795848846436,0.5675472617149353,1.192209243774414
23,8242433,6GCU,MdrDBcore01635,S572N,-0.222,0.47377845644950867,0.5675472617149353,1.192209243774414
23,8242433,6GCU,MdrDBcore01636,S572N,-0.648,-0.11332342028617859,0.5675472617149353,1.192209243774414
23,8242433,6GCU,MdrDBcore01637,S572N,-0.449,-0.0468316450715065,0.5675472617149353,1.192209243774414
23,8242433,4K3J,MdrDBcore01638,T200A,0.736,0.09015057235956192,0.5675472617149353,1.192209243774414
23,8242433,6GCU,MdrDBcore01639,T200A,0.154,0.07266860455274582,0.5675472617149353,1.192209243774414
23,8242433,6GCU,MdrDBcore01640,T200A,-0.662,0.044918499886989594,0.5675472617149353,1.192209243774414
23,8242433,6GCU,MdrDBcore01641,T200A,0.459,0.5552236437797546,0.5675472617149353,1.192209243774414
23,8242433,4K3J,MdrDBcore01642,T273N,0.03,0.3222530484199524,0.5675472617149353,1.192209243774414
23,8242433,6GCU,MdrDBcore01643,T273N,0.39,0.6424710750579834,0.5675472617149353,1.192209243774414
23,8242433,6GCU,MdrDBcore01644,T273N,-0.168,-0.01776691898703575,0.5675472617149353,1.192209243774414
23,8242433,6GCU,MdrDBcore01645,T273N,-0.455,-0.3952236771583557,0.5675472617149353,1.192209243774414
23,8242433,6GCU,MdrDBcore01646,T273N,0.54,0.1524302363395691,0.5675472617149353,1.192209243774414
23,8242433,4K3J,MdrDBcore01647,T86I,1.143,0.725180447101593,0.5675472617149353,1.192209243774414
23,8242433,6GCU,MdrDBcore01648,T86I,0.902,-0.047089461237192154,0.5675472617149353,1.192209243774414
23,8242433,4K3J,MdrDBcore01649,T86I,0.896,0.2816477119922638,0.5675472617149353,1.192209243774414
23,8242433,6GCU,MdrDBcore01650,T86I,0.529,-0.32452553510665894,0.5675472617149353,1.192209243774414
23,8242433,6GCU,MdrDBcore01651,T86I,0.561,0.76484614610672,0.5675472617149353,1.192209243774414
23,8242433,6GCU,MdrDBcore01652,V122D,0.629,0.4862627685070038,0.5675472617149353,1.192209243774414
23,8242433,6GCU,MdrDBcore01653,V122D,-0.35,-0.12477461993694305,0.5675472617149353,1.192209243774414
23,8242433,6GCU,MdrDBcore01654,V122D,-0.42,-0.31094351410865784,0.5675472617149353,1.192209243774414
23,8242433,6GCU,MdrDBcore01655,V122D,0.414,0.3991774618625641,0.5675472617149353,1.192209243774414
23,8242433,4K3J,MdrDBcore01656,V136I,0.496,0.6340866684913635,0.5675472617149353,1.192209243774414
23,8242433,6GCU,MdrDBcore01657,V136I,-0.92,-0.23403644561767578,0.5675472617149353,1.192209243774414
23,8242433,6GCU,MdrDBcore01658,V136I,-0.168,0.41174542903900146,0.5675472617149353,1.192209243774414
23,8242433,2RD6,MdrDBcore01659,A220V,1.537,0.16174620389938354,0.5675472617149353,1.192209243774414
23,8242433,2RD6,MdrDBcore01660,A220V,0.982,0.17673474550247192,0.5675472617149353,1.192209243774414
23,8242433,2RD6,MdrDBcore01661,A220V,0.19,0.037958696484565735,0.5675472617149353,1.192209243774414
23,8242433,2RD6,MdrDBcore01662,A220V,0.529,0.22967898845672607,0.5675472617149353,1.192209243774414
23,8242433,2RCW,MdrDBcore01663,A220V,0.241,0.5253422260284424,0.5675472617149353,1.192209243774414
23,8242433,3L3M,MdrDBcore01664,K230N,0.662,0.35317325592041016,0.5675472617149353,1.192209243774414
23,8242433,2RD6,MdrDBcore01665,K230N,1.467,0.271487832069397,0.5675472617149353,1.192209243774414
23,8242433,2RD6,MdrDBcore01666,K230N,1.061,-0.4091070890426636,0.5675472617149353,1.192209243774414
23,8242433,2RD6,MdrDBcore01667,K230N,0.578,0.22117829322814941,0.5675472617149353,1.192209243774414
23,8242433,2RD6,MdrDBcore01668,K230N,1.274,1.3426703214645386,0.5675472617149353,1.192209243774414
23,8242433,4DQY,MdrDBcore01669,Y570C,1.291,-0.5010867118835449,0.5675472617149353,1.192209243774414
23,8242433,4DQY,MdrDBcore01670,Y570C,-0.072,-0.1534368246793747,0.5675472617149353,1.192209243774414
23,8242433,4DQY,MdrDBcore01671,Y570C,0.272,-0.2560895085334778,0.5675472617149353,1.192209243774414
23,8242433,4DQY,MdrDBcore01672,Y570C,-0.58,-0.34393802285194397,0.5675472617149353,1.192209243774414
23,8242433,4DQY,MdrDBcore01673,Y570C,0.375,0.312146931886673,0.5675472617149353,1.192209243774414
23,8242433,1GS4,MdrDBcore01674,F827L,0.855,0.6007505655288696,0.5675472617149353,1.192209243774414
23,8242433,1GS4,MdrDBcore01675,F827L,1.237,0.7935540080070496,0.5675472617149353,1.192209243774414
23,8242433,1GS4,MdrDBcore01676,V716L,1.351,1.0842229127883911,0.5675472617149353,1.192209243774414
23,8242433,1GS4,MdrDBcore01677,V716L,1.051,1.0524564981460571,0.5675472617149353,1.192209243774414
23,8242433,1GS4,MdrDBcore01678,V716M,0.633,0.48671475052833557,0.5675472617149353,1.192209243774414
23,8242433,1GS4,MdrDBcore01679,V716M,1.309,1.0946457386016846,0.5675472617149353,1.192209243774414
23,8242433,2O21,MdrDBcore01680,A43T,-1.023,0.5554041266441345,0.5675472617149353,1.192209243774414
23,8242433,1GJH,MdrDBcore01681,A4T,-1.343,-0.8402833342552185,0.5675472617149353,1.192209243774414
23,8242433,1GJH,MdrDBcore01682,A4T,-1.124,-0.20144379138946533,0.5675472617149353,1.192209243774414
23,8242433,5FCG,MdrDBcore01683,A61T,0.759,0.7313888669013977,0.5675472617149353,1.192209243774414
23,8242433,4IEH,MdrDBcore01684,A61T,-1.131,0.00609704852104187,0.5675472617149353,1.192209243774414
23,8242433,6O0M,MdrDBcore01685,E200D,0.833,-0.0017505362629890442,0.5675472617149353,1.192209243774414
23,8242433,6O0M,MdrDBcore01686,E200D,-0.845,-0.03422480821609497,0.5675472617149353,1.192209243774414
23,8242433,6O0M,MdrDBcore01687,G128E,-0.757,0.058205701410770416,0.5675472617149353,1.192209243774414
23,8242433,1GJH,MdrDBcore01688,G5W,0.145,-0.29314950108528137,0.5675472617149353,1.192209243774414
23,8242433,1GJH,MdrDBcore01689,G5W,-1.378,-0.22004953026771545,0.5675472617149353,1.192209243774414
23,8242433,4IEH,MdrDBcore01690,Q73H,-4.129,0.1185326799750328,0.5675472617149353,1.192209243774414
23,8242433,1GJH,MdrDBcore01691,T7K,0.077,0.45992401242256165,0.5675472617149353,1.192209243774414
23,8242433,2O21,MdrDBcore01692,T7K,-0.799,0.46445247530937195,0.5675472617149353,1.192209243774414
23,8242433,2E9W,MdrDBcore01693,A178T,0.67,-0.12983015179634094,0.5675472617149353,1.192209243774414
23,8242433,6GQK,MdrDBcore01694,A794E,0.041,-0.017537489533424377,0.5675472617149353,1.192209243774414
23,8242433,6ITT,MdrDBcore01695,A895E,0.238,0.2949841618537903,0.5675472617149353,1.192209243774414
23,8242433,6GQK,MdrDBcore01696,A895T,0.233,-0.03520895540714264,0.5675472617149353,1.192209243774414
23,8242433,2E9W,MdrDBcore01697,D131N,-0.976,-0.3963395357131958,0.5675472617149353,1.192209243774414
23,8242433,2E9W,MdrDBcore01698,D159N,0.003,-0.6427331566810608,0.5675472617149353,1.192209243774414
23,8242433,2E9W,MdrDBcore01699,D266N,0.093,-0.1675761342048645,0.5675472617149353,1.192209243774414
23,8242433,2E9W,MdrDBcore01700,E191K,0.565,-0.2374056875705719,0.5675472617149353,1.192209243774414
23,8242433,6GQK,MdrDBcore01701,E640K,0.533,0.2177826166152954,0.5675472617149353,1.192209243774414
23,8242433,6GQK,MdrDBcore01702,E640K,-0.292,-0.023986082524061203,0.5675472617149353,1.192209243774414
23,8242433,2E9W,MdrDBcore01703,G169D,0.137,-0.0013360902667045593,0.5675472617149353,1.192209243774414
23,8242433,2E9W,MdrDBcore01704,G265S,0.783,-0.28961455821990967,0.5675472617149353,1.192209243774414
23,8242433,2E9W,MdrDBcore01705,G265S,0.367,-0.32131141424179077,0.5675472617149353,1.192209243774414
23,8242433,2E9W,MdrDBcore01706,G265S,0.834,-0.03269318491220474,0.5675472617149353,1.192209243774414
23,8242433,6GQK,MdrDBcore01707,G676D,-1.116,-0.06798285245895386,0.5675472617149353,1.192209243774414
23,8242433,6GQK,MdrDBcore01708,G779C,0.342,-0.23338022828102112,0.5675472617149353,1.192209243774414
23,8242433,6GQK,MdrDBcore01709,K623N,0.184,0.01903839409351349,0.5675472617149353,1.192209243774414
23,8242433,6GQK,MdrDBcore01710,K626R,-0.514,0.1430242359638214,0.5675472617149353,1.192209243774414
23,8242433,6GQK,MdrDBcore01711,M882V,0.519,0.7271625995635986,0.5675472617149353,1.192209243774414
23,8242433,6GQK,MdrDBcore01712,M882V,-0.347,-0.2458367943763733,0.5675472617149353,1.192209243774414
23,8242433,2EC8,MdrDBcore01713,N130D,0.008,0.0831543430685997,0.5675472617149353,1.192209243774414
23,8242433,4K94,MdrDBcore01714,N400S,1.103,0.4994690716266632,0.5675472617149353,1.192209243774414
23,8242433,6GQK,MdrDBcore01715,N655S,0.038,-0.0020021945238113403,0.5675472617149353,1.192209243774414
23,8242433,6GQK,MdrDBcore01716,N822K,-4.167,-0.0129852294921875,0.5675472617149353,1.192209243774414
23,8242433,2E9W,MdrDBcore01717,P155H,0.27,0.0454745888710022,0.5675472617149353,1.192209243774414
23,8242433,2E9W,MdrDBcore01718,R112I,0.21,-0.0585431307554245,0.5675472617149353,1.192209243774414
23,8242433,2E9W,MdrDBcore01719,R177H,-0.475,-0.28772854804992676,0.5675472617149353,1.192209243774414
23,8242433,2E9W,MdrDBcore01720,R205W,0.265,-0.2248569130897522,0.5675472617149353,1.192209243774414
23,8242433,2E9W,MdrDBcore01721,R55W,-0.281,-0.17699910700321198,0.5675472617149353,1.192209243774414
23,8242433,4K94,MdrDBcore01722,T446N,0.327,0.02617211639881134,0.5675472617149353,1.192209243774414
23,8242433,3KRJ,MdrDBcore01723,S628F,-0.722,0.751524806022644,0.5675472617149353,1.192209243774414
23,8242433,3KRJ,MdrDBcore01724,S628F,0.74,0.19005504250526428,0.5675472617149353,1.192209243774414
23,8242433,1SEU,MdrDBcore01725,A351D,-1.532,-0.24764636158943176,0.5675472617149353,1.192209243774414
23,8242433,1R49,MdrDBcore01726,A351D,-1.008,-0.2550029754638672,0.5675472617149353,1.192209243774414
23,8242433,1A31,MdrDBcore01727,A351D,0.463,-0.04286760836839676,0.5675472617149353,1.192209243774414
23,8242433,1R49,MdrDBcore01728,A705S,-0.754,-0.949110209941864,0.5675472617149353,1.192209243774414
23,8242433,1SEU,MdrDBcore01729,A705S,-0.752,-0.31079477071762085,0.5675472617149353,1.192209243774414
23,8242433,1SEU,MdrDBcore01730,A705S,0.169,-0.05825350433588028,0.5675472617149353,1.192209243774414
23,8242433,1SEU,MdrDBcore01731,D528E,0.662,0.16417312622070312,0.5675472617149353,1.192209243774414
23,8242433,1SEU,MdrDBcore01732,D528E,0.451,-0.4045051038265228,0.5675472617149353,1.192209243774414
23,8242433,1A31,MdrDBcore01733,D528E,0.907,0.10380197316408157,0.5675472617149353,1.192209243774414
23,8242433,1R49,MdrDBcore01734,E208K,1.63,0.9945124387741089,0.5675472617149353,1.192209243774414
23,8242433,1SEU,MdrDBcore01735,E208K,1.354,-0.12454299628734589,0.5675472617149353,1.192209243774414
23,8242433,1RRJ,MdrDBcore01736,E208K,1.172,-0.2316003143787384,0.5675472617149353,1.192209243774414
23,8242433,1R49,MdrDBcore01737,E561K,-1.039,-0.6673651337623596,0.5675472617149353,1.192209243774414
23,8242433,1SEU,MdrDBcore01738,E561K,-1.466,-0.20383605360984802,0.5675472617149353,1.192209243774414
23,8242433,1SEU,MdrDBcore01739,E561K,-0.634,0.02277737855911255,0.5675472617149353,1.192209243774414
23,8242433,1SEU,MdrDBcore01740,E610K,-1.444,-1.245165228843689,0.5675472617149353,1.192209243774414
23,8242433,1SEU,MdrDBcore01741,E610K,-1.59,-0.3489374816417694,0.5675472617149353,1.192209243774414
23,8242433,1SEU,MdrDBcore01742,E610K,-1.879,-0.1444777548313141,0.5675472617149353,1.192209243774414
23,8242433,1SEU,MdrDBcore01743,E710D,-0.319,-0.15649071335792542,0.5675472617149353,1.192209243774414
23,8242433,1SEU,MdrDBcore01744,E710D,-0.669,-0.35471999645233154,0.5675472617149353,1.192209243774414
23,8242433,1RRJ,MdrDBcore01745,E710D,0.69,0.19471046328544617,0.5675472617149353,1.192209243774414
23,8242433,1R49,MdrDBcore01746,F279L,-0.154,-0.514276385307312,0.5675472617149353,1.192209243774414
23,8242433,1A35,MdrDBcore01747,F279L,0.005,0.2844710648059845,0.5675472617149353,1.192209243774414
23,8242433,1A31,MdrDBcore01748,F279L,0.833,0.09447375684976578,0.5675472617149353,1.192209243774414
23,8242433,1SEU,MdrDBcore01749,G244D,-1.294,-0.1099802702665329,0.5675472617149353,1.192209243774414
23,8242433,1R49,MdrDBcore01750,G244D,-1.416,-0.7779529094696045,0.5675472617149353,1.192209243774414
23,8242433,1SEU,MdrDBcore01751,G244D,-0.887,-0.001905970275402069,0.5675472617149353,1.192209243774414
23,8242433,1SEU,MdrDBcore01752,I714T,1.38,-0.2086590826511383,0.5675472617149353,1.192209243774414
23,8242433,1SEU,MdrDBcore01753,I714T,1.363,-0.3682258129119873,0.5675472617149353,1.192209243774414
23,8242433,1RRJ,MdrDBcore01754,I714T,0.847,0.27451616525650024,0.5675472617149353,1.192209243774414
23,8242433,1SEU,MdrDBcore01755,K326R,0.109,0.410553514957428,0.5675472617149353,1.192209243774414
23,8242433,1SEU,MdrDBcore01756,K326R,0.388,-0.13392865657806396,0.5675472617149353,1.192209243774414
23,8242433,1A31,MdrDBcore01757,K326R,0.616,0.20389455556869507,0.5675472617149353,1.192209243774414
23,8242433,1R49,MdrDBcore01758,M428T,-1.393,-0.004834052175283432,0.5675472617149353,1.192209243774414
23,8242433,1SEU,MdrDBcore01759,M428T,-1.601,-0.16798000037670135,0.5675472617149353,1.192209243774414
23,8242433,1A31,MdrDBcore01760,M428T,0.432,0.07994905859231949,0.5675472617149353,1.192209243774414
23,8242433,1SEU,MdrDBcore01761,M675I,-0.361,0.022333376109600067,0.5675472617149353,1.192209243774414
23,8242433,1SEU,MdrDBcore01762,M675I,-0.059,-0.21497485041618347,0.5675472617149353,1.192209243774414
23,8242433,1SEU,MdrDBcore01763,M675I,0.422,-0.019846588373184204,0.5675472617149353,1.192209243774414
23,8242433,1A31,MdrDBcore01764,N296S,1.038,0.07105333358049393,0.5675472617149353,1.192209243774414
23,8242433,1SEU,MdrDBcore01765,P235T,-0.228,0.024583928287029266,0.5675472617149353,1.192209243774414
23,8242433,1SEU,MdrDBcore01766,P235T,-0.082,-0.002589121460914612,0.5675472617149353,1.192209243774414
23,8242433,1A31,MdrDBcore01767,P235T,0.779,-0.0898510217666626,0.5675472617149353,1.192209243774414
23,8242433,1SEU,MdrDBcore01768,P397A,-1.473,-0.10747842490673065,0.5675472617149353,1.192209243774414
23,8242433,1SEU,MdrDBcore01769,P397A,-1.61,-0.020569395273923874,0.5675472617149353,1.192209243774414
23,8242433,1A31,MdrDBcore01770,P397A,0.447,0.3748440742492676,0.5675472617149353,1.192209243774414
23,8242433,1RRJ,MdrDBcore01771,Q704K,-1.073,-0.2827734649181366,0.5675472617149353,1.192209243774414
23,8242433,1SEU,MdrDBcore01772,T258M,-1.359,-0.26672056317329407,0.5675472617149353,1.192209243774414
23,8242433,1SEU,MdrDBcore01773,T258M,-1.228,-0.24483215808868408,0.5675472617149353,1.192209243774414
23,8242433,1A31,MdrDBcore01774,T258M,0.621,-0.04665696248412132,0.5675472617149353,1.192209243774414
23,8242433,1SEU,MdrDBcore01775,W754C,-0.903,0.23430410027503967,0.5675472617149353,1.192209243774414
23,8242433,1SEU,MdrDBcore01776,W754C,-0.982,0.020336121320724487,0.5675472617149353,1.192209243774414
23,8242433,1A31,MdrDBcore01777,W754C,0.49,-0.06530799716711044,0.5675472617149353,1.192209243774414
23,8242433,1ZXM,MdrDBcore01778,A318P,-0.749,0.00922992080450058,0.5675472617149353,1.192209243774414
23,8242433,5GWK,MdrDBcore01779,A903D,-0.37,-0.06975913792848587,0.5675472617149353,1.192209243774414
23,8242433,6ZY8,MdrDBcore01780,D152Y,-1.22,0.13628238439559937,0.5675472617149353,1.192209243774414
23,8242433,6ZY8,MdrDBcore01781,D213G,-1.302,0.14431911706924438,0.5675472617149353,1.192209243774414
23,8242433,6ZY6,MdrDBcore01782,G1192R,-0.335,0.12271792441606522,0.5675472617149353,1.192209243774414
23,8242433,6ZY8,MdrDBcore01783,G1197A,-1.936,0.14263620972633362,0.5675472617149353,1.192209243774414
23,8242433,6ZY8,MdrDBcore01784,G1197V,-1.92,0.1557759940624237,0.5675472617149353,1.192209243774414
23,8242433,6ZY8,MdrDBcore01785,G1198R,0.518,0.14739060401916504,0.5675472617149353,1.192209243774414
23,8242433,6ZY8,MdrDBcore01786,H290Q,-1.547,0.14214566349983215,0.5675472617149353,1.192209243774414
23,8242433,6ZY8,MdrDBcore01787,K1196I,-1.271,0.1522221565246582,0.5675472617149353,1.192209243774414
23,8242433,5GWK,MdrDBcore01788,K893R,-0.477,-0.46289995312690735,0.5675472617149353,1.192209243774414
23,8242433,5GWK,MdrDBcore01789,L944S,1.059,0.46353229880332947,0.5675472617149353,1.192209243774414
23,8242433,5GWK,MdrDBcore01790,N774I,-1.407,-0.2532255947589874,0.5675472617149353,1.192209243774414
23,8242433,6ZY8,MdrDBcore01791,P643T,-0.454,0.10112389177083969,0.5675472617149353,1.192209243774414
23,8242433,5GWK,MdrDBcore01792,P716R,-1.255,-0.8817563056945801,0.5675472617149353,1.192209243774414
23,8242433,5GWK,MdrDBcore01793,P786H,-1.321,-0.7820622324943542,0.5675472617149353,1.192209243774414
23,8242433,6ZY8,MdrDBcore01794,Q1206H,-1.586,0.15075114369392395,0.5675472617149353,1.192209243774414
23,8242433,1ZXM,MdrDBcore01795,Q35R,-1.199,-0.16556012630462646,0.5675472617149353,1.192209243774414
23,8242433,5GWK,MdrDBcore01796,T930I,-1.654,-0.954220175743103,0.5675472617149353,1.192209243774414
23,8242433,5GWK,MdrDBcore01797,V1001L,-1.324,-0.6366158127784729,0.5675472617149353,1.192209243774414
23,8242433,6ZY8,MdrDBcore01798,V1097L,1.165,0.14712145924568176,0.5675472617149353,1.192209243774414
23,8242433,1ZXM,MdrDBcore01799,V255I,-0.702,-0.3923969268798828,0.5675472617149353,1.192209243774414
23,8242433,6ZY8,MdrDBcore01800,V364L,-3.356,0.12271609157323837,0.5675472617149353,1.192209243774414
23,8242433,6ZY8,MdrDBcore01801,V68I,-0.762,0.1496562361717224,0.5675472617149353,1.192209243774414
23,8242433,5GWK,MdrDBcore01802,V776L,-1.615,0.12087253481149673,0.5675472617149353,1.192209243774414
23,8242433,4ZNE,MdrDBcore01803,C168F,-0.604,-0.4048079550266266,0.5675472617149353,1.192209243774414
23,8242433,4ZNE,MdrDBcore01804,G238A,0.056,-0.0766216441988945,0.5675472617149353,1.192209243774414
23,8242433,4ZNE,MdrDBcore01805,K234R,-2.868,-0.0008469372987747192,0.5675472617149353,1.192209243774414
23,8242433,4ZNE,MdrDBcore01806,Q64E,-1.615,0.0499262809753418,0.5675472617149353,1.192209243774414
23,8242433,4ZNE,MdrDBcore01807,R175H,-2.626,-0.48298582434654236,0.5675472617149353,1.192209243774414
23,8242433,4ZNE,MdrDBcore01808,R237G,-1.321,-0.563866376876831,0.5675472617149353,1.192209243774414
23,8242433,4ZNE,MdrDBcore01809,S161R,-1.819,-0.010789703577756882,0.5675472617149353,1.192209243774414
23,8242433,4ZNE,MdrDBcore01810,S66L,-1.242,0.6898630261421204,0.5675472617149353,1.192209243774414
23,8242433,4ZNE,MdrDBcore01811,T63I,-1.447,-0.027336090803146362,0.5675472617149353,1.192209243774414
23,8242433,4ZNE,MdrDBcore01812,T67N,0.072,-0.3143615126609802,0.5675472617149353,1.192209243774414
23,8242433,4ZNE,MdrDBcore01813,Y176C,-0.922,-0.1350756287574768,0.5675472617149353,1.192209243774414
23,8242433,1O4K,MdrDBcore01814,H25Y,-1.077,-0.3717189431190491,0.5675472617149353,1.192209243774414
23,8242433,4F59,MdrDBcore01815,Q222H,-4.77,-0.40811973810195923,0.5675472617149353,1.192209243774414
23,8242433,3C4C,MdrDBcore01816,A712T,-0.829,-0.2604752480983734,0.5675472617149353,1.192209243774414
23,8242433,3C4C,MdrDBcore01817,A712T,-0.61,0.10268127173185349,0.5675472617149353,1.192209243774414
23,8242433,3C4C,MdrDBcore01818,A712T,-0.415,0.3180345296859741,0.5675472617149353,1.192209243774414
23,8242433,3C4C,MdrDBcore01819,A712T,0.415,-0.2020823061466217,0.5675472617149353,1.192209243774414
23,8242433,3C4C,MdrDBcore01820,A712T,0.168,0.5876958966255188,0.5675472617149353,1.192209243774414
23,8242433,6UAN,MdrDBcore01821,A728V,-1.007,-0.12464036792516708,0.5675472617149353,1.192209243774414
23,8242433,6UAN,MdrDBcore01822,A728V,-0.644,0.19414836168289185,0.5675472617149353,1.192209243774414
23,8242433,6Q0T,MdrDBcore01823,A728V,-0.865,0.8477777242660522,0.5675472617149353,1.192209243774414
23,8242433,6UAN,MdrDBcore01824,A747V,-0.994,-0.12137474119663239,0.5675472617149353,1.192209243774414
23,8242433,6UAN,MdrDBcore01825,A747V,-0.689,0.07604732364416122,0.5675472617149353,1.192209243774414
23,8242433,6UAN,MdrDBcore01826,A747V,-0.384,0.5626168251037598,0.5675472617149353,1.192209243774414
23,8242433,6UAN,MdrDBcore01827,A747V,-0.019,0.23299100995063782,0.5675472617149353,1.192209243774414
23,8242433,3NY5,MdrDBcore01828,C194G,0.527,0.624240517616272,0.5675472617149353,1.192209243774414
23,8242433,3NY5,MdrDBcore01829,C194G,-0.099,0.6577157378196716,0.5675472617149353,1.192209243774414
23,8242433,3NY5,MdrDBcore01830,C194G,0.101,0.06176295131444931,0.5675472617149353,1.192209243774414
23,8242433,3NY5,MdrDBcore01831,C194G,0.407,0.7800353765487671,0.5675472617149353,1.192209243774414
23,8242433,3NY5,MdrDBcore01832,D211G,0.691,0.5597760677337646,0.5675472617149353,1.192209243774414
23,8242433,3NY5,MdrDBcore01833,D211G,-0.437,0.31632980704307556,0.5675472617149353,1.192209243774414
23,8242433,3NY5,MdrDBcore01834,D211G,0.591,-0.26942163705825806,0.5675472617149353,1.192209243774414
23,8242433,3NY5,MdrDBcore01835,D211G,-0.432,0.3999960422515869,0.5675472617149353,1.192209243774414
23,8242433,6NYB,MdrDBcore01836,D361G,0.11,1.2259413003921509,0.5675472617149353,1.192209243774414
23,8242433,6NYB,MdrDBcore01837,D361G,-0.156,0.2179323434829712,0.5675472617149353,1.192209243774414
23,8242433,6NYB,MdrDBcore01838,D361G,-0.341,0.06518257409334183,0.5675472617149353,1.192209243774414
23,8242433,6NYB,MdrDBcore01839,D361G,-1.075,0.16673973202705383,0.5675472617149353,1.192209243774414
23,8242433,5J18,MdrDBcore01840,E204V,-1.3,0.5317625999450684,0.5675472617149353,1.192209243774414
23,8242433,5J18,MdrDBcore01841,E204V,0.02,-0.29198387265205383,0.5675472617149353,1.192209243774414
23,8242433,5J18,MdrDBcore01842,E204V,0.889,0.32807496190071106,0.5675472617149353,1.192209243774414
23,8242433,5J18,MdrDBcore01843,E204V,0.431,-0.5349264740943909,0.5675472617149353,1.192209243774414
23,8242433,5J18,MdrDBcore01844,E204V,0.407,0.7101470828056335,0.5675472617149353,1.192209243774414
23,8242433,3C4C,MdrDBcore01845,G464E,-1.368,0.04667546600103378,0.5675472617149353,1.192209243774414
23,8242433,3C4C,MdrDBcore01846,G464E,0.16,-0.045318931341171265,0.5675472617149353,1.192209243774414
23,8242433,3C4C,MdrDBcore01847,G464E,-1.349,-0.012052252888679504,0.5675472617149353,1.192209243774414
23,8242433,3C4C,MdrDBcore01848,G464V,-0.216,0.12658071517944336,0.5675472617149353,1.192209243774414
23,8242433,3C4C,MdrDBcore01849,G464V,-0.445,0.5303293466567993,0.5675472617149353,1.192209243774414
23,8242433,3C4C,MdrDBcore01850,G464V,0.504,0.43703803420066833,0.5675472617149353,1.192209243774414
23,8242433,3C4C,MdrDBcore01851,G464V,-0.398,0.10650516301393509,0.5675472617149353,1.192209243774414
23,8242433,2FB8,MdrDBcore01852,G466V,0.762,-0.04750685393810272,0.5675472617149353,1.192209243774414
23,8242433,3C4C,MdrDBcore01853,G466V,-0.254,0.0732150450348854,0.5675472617149353,1.192209243774414
23,8242433,3C4C,MdrDBcore01854,G466V,0.668,-0.25538918375968933,0.5675472617149353,1.192209243774414
23,8242433,3C4C,MdrDBcore01855,G466V,-0.136,0.33168473839759827,0.5675472617149353,1.192209243774414
23,8242433,3C4C,MdrDBcore01856,G466V,0.046,0.22902092337608337,0.5675472617149353,1.192209243774414
23,8242433,3C4C,MdrDBcore01857,G469A,-0.49,0.12381672114133835,0.5675472617149353,1.192209243774414
23,8242433,3C4C,MdrDBcore01858,G469A,-0.695,-0.2788582146167755,0.5675472617149353,1.192209243774414
23,8242433,7M0X,MdrDBcore01859,G469A,-0.561,0.03705005347728729,0.5675472617149353,1.192209243774414
23,8242433,3C4C,MdrDBcore01860,G469A,0.16,0.33599743247032166,0.5675472617149353,1.192209243774414
23,8242433,3C4C,MdrDBcore01861,G469V,-1.288,0.08632301539182663,0.5675472617149353,1.192209243774414
23,8242433,3C4C,MdrDBcore01862,G469V,-0.041,-0.39506134390830994,0.5675472617149353,1.192209243774414
23,8242433,7M0X,MdrDBcore01863,G596R,-0.418,-0.3293423652648926,0.5675472617149353,1.192209243774414
23,8242433,7M0X,MdrDBcore01864,G596R,0.092,0.6958144307136536,0.5675472617149353,1.192209243774414
23,8242433,7M0X,MdrDBcore01865,G596R,1.071,0.4419349730014801,0.5675472617149353,1.192209243774414
23,8242433,7M0X,MdrDBcore01866,L597R,0.687,-0.2790759801864624,0.5675472617149353,1.192209243774414
23,8242433,7M0X,MdrDBcore01867,L597R,0.39,-0.10886473953723907,0.5675472617149353,1.192209243774414
23,8242433,7M0X,MdrDBcore01868,L597R,0.303,-0.119361013174057,0.5675472617149353,1.192209243774414
23,8242433,7M0X,MdrDBcore01869,L597R,-0.066,0.03472495824098587,0.5675472617149353,1.192209243774414
23,8242433,7M0X,MdrDBcore01870,L597V,-0.742,-0.27654972672462463,0.5675472617149353,1.192209243774414
23,8242433,7M0X,MdrDBcore01871,L597V,-0.547,0.10258454829454422,0.5675472617149353,1.192209243774414
23,8242433,7M0X,MdrDBcore01872,L597V,0.349,0.48560819029808044,0.5675472617149353,1.192209243774414
23,8242433,7M0X,MdrDBcore01873,L597V,0.38,0.20354881882667542,0.5675472617149353,1.192209243774414
23,8242433,3C4C,MdrDBcore01874,N581Y,-0.324,0.19161027669906616,0.5675472617149353,1.192209243774414
23,8242433,3C4C,MdrDBcore01875,N581Y,1.78,0.8342570066452026,0.5675472617149353,1.192209243774414
23,8242433,3C4C,MdrDBcore01876,N581Y,0.123,0.19627001881599426,0.5675472617149353,1.192209243774414
23,8242433,3C4C,MdrDBcore01877,N581Y,0.553,0.3398676812648773,0.5675472617149353,1.192209243774414
23,8242433,5VR3,MdrDBcore01878,P74A,0.219,0.05767001211643219,0.5675472617149353,1.192209243774414
23,8242433,5VR3,MdrDBcore01879,P74A,0.502,-0.3559127748012543,0.5675472617149353,1.192209243774414
23,8242433,6UAN,MdrDBcore01880,R726C,-0.181,0.06831709295511246,0.5675472617149353,1.192209243774414
23,8242433,6UAN,MdrDBcore01881,R726C,0.523,0.07886110991239548,0.5675472617149353,1.192209243774414
23,8242433,6UAN,MdrDBcore01882,R726C,0.512,0.36226686835289,0.5675472617149353,1.192209243774414
23,8242433,7M0X,MdrDBcore01883,S683N,0.292,-0.21697109937667847,0.5675472617149353,1.192209243774414
23,8242433,3C4C,MdrDBcore01884,S683N,-0.563,-0.10873570293188095,0.5675472617149353,1.192209243774414
23,8242433,3C4C,MdrDBcore01885,S683N,0.267,-0.02556123584508896,0.5675472617149353,1.192209243774414
23,8242433,3C4C,MdrDBcore01886,S683N,-0.767,0.37673431634902954,0.5675472617149353,1.192209243774414
23,8242433,6UAN,MdrDBcore01887,S727G,-0.02,-0.013802465051412582,0.5675472617149353,1.192209243774414
23,8242433,6UAN,MdrDBcore01888,S727G,-0.808,0.21449485421180725,0.5675472617149353,1.192209243774414
23,8242433,6UAN,MdrDBcore01889,S727G,-0.029,0.06266524642705917,0.5675472617149353,1.192209243774414
23,8242433,3C4C,MdrDBcore01890,T529A,0.416,0.12434805184602737,0.5675472617149353,1.192209243774414
23,8242433,3C4C,MdrDBcore01891,T529A,-0.801,0.1928197145462036,0.5675472617149353,1.192209243774414
23,8242433,3C4C,MdrDBcore01892,T529A,-0.111,-0.6506609320640564,0.5675472617149353,1.192209243774414
23,8242433,3C4C,MdrDBcore01893,T529A,0.082,0.3650687634944916,0.5675472617149353,1.192209243774414
23,8242433,3NY5,MdrDBcore01894,V226M,-0.293,0.30493244528770447,0.5675472617149353,1.192209243774414
23,8242433,3NY5,MdrDBcore01895,V226M,-0.131,0.24011337757110596,0.5675472617149353,1.192209243774414
23,8242433,5J18,MdrDBcore01896,V226M,-0.178,-0.6487160325050354,0.5675472617149353,1.192209243774414
23,8242433,3NY5,MdrDBcore01897,V226M,0.239,0.5785328149795532,0.5675472617149353,1.192209243774414
23,8242433,3C4C,MdrDBcore01898,V645I,0.705,0.16557496786117554,0.5675472617149353,1.192209243774414
23,8242433,3C4C,MdrDBcore01899,V645I,-0.042,0.38720762729644775,0.5675472617149353,1.192209243774414
23,8242433,3C4C,MdrDBcore01900,V645I,0.404,0.013740651309490204,0.5675472617149353,1.192209243774414
23,8242433,3C4C,MdrDBcore01901,V645I,0.375,0.17607811093330383,0.5675472617149353,1.192209243774414
23,8242433,4L46,MdrDBcore01902,D193H,0.761,0.26585766673088074,0.5675472617149353,1.192209243774414
23,8242433,4L3L,MdrDBcore01903,E84K,0.634,0.4475988447666168,0.5675472617149353,1.192209243774414
23,8242433,3WE4,MdrDBcore01904,H210P,0.633,0.9100507497787476,0.5675472617149353,1.192209243774414
23,8242433,3WE4,MdrDBcore01905,K141I,1.055,0.900981068611145,0.5675472617149353,1.192209243774414
23,8242433,3WE4,MdrDBcore01906,N145S,0.625,0.920656681060791,0.5675472617149353,1.192209243774414
23,8242433,3WE4,MdrDBcore01907,N311S,-1.139,0.9503641128540039,0.5675472617149353,1.192209243774414
23,8242433,3WE4,MdrDBcore01908,P368L,-0.117,0.8172073364257812,0.5675472617149353,1.192209243774414
23,8242433,3WE4,MdrDBcore01909,P88L,0.133,0.8764920830726624,0.5675472617149353,1.192209243774414
23,8242433,3WE4,MdrDBcore01910,Q374E,0.456,0.8924852609634399,0.5675472617149353,1.192209243774414
23,8242433,3WE4,MdrDBcore01911,T140A,0.659,0.932097852230072,0.5675472617149353,1.192209243774414
23,8242433,4L01,MdrDBcore01912,A760V,0.169,0.21662691235542297,0.5675472617149353,1.192209243774414
23,8242433,4L01,MdrDBcore01913,A760V,1.517,0.8396807312965393,0.5675472617149353,1.192209243774414
23,8242433,6N7C,MdrDBcore01914,A906V,0.388,0.8300929665565491,0.5675472617149353,1.192209243774414
23,8242433,6N7C,MdrDBcore01915,A906V,1.681,1.0487676858901978,0.5675472617149353,1.192209243774414
23,8242433,AlphaFold2,MdrDBcore01916,A178T,1.643,1.7515757083892822,0.5675472617149353,1.192209243774414
23,8242433,AlphaFold2,MdrDBcore01917,A293V,1.691,1.84872567653656,0.5675472617149353,1.192209243774414
23,8242433,AlphaFold2,MdrDBcore01918,A368P,1.753,-1.1527073383331299,0.5675472617149353,1.192209243774414
23,8242433,AlphaFold2,MdrDBcore01919,E249K,1.513,1.7815245389938354,0.5675472617149353,1.192209243774414
23,8242433,AlphaFold2,MdrDBcore01920,E281K,2.351,2.280463933944702,0.5675472617149353,1.192209243774414
23,8242433,AlphaFold2,MdrDBcore01921,F315V,1.411,1.9833941459655762,0.5675472617149353,1.192209243774414
23,8242433,AlphaFold2,MdrDBcore01922,G197R,2.016,1.9245762825012207,0.5675472617149353,1.192209243774414
23,8242433,AlphaFold2,MdrDBcore01923,I136L,1.769,1.5107200145721436,0.5675472617149353,1.192209243774414
23,8242433,AlphaFold2,MdrDBcore01924,I86V,1.928,1.770507574081421,0.5675472617149353,1.192209243774414
23,8242433,AlphaFold2,MdrDBcore01925,R232G,1.634,1.745126485824585,0.5675472617149353,1.192209243774414
23,8242433,AlphaFold2,MdrDBcore01926,W146G,1.472,1.675429344177246,0.5675472617149353,1.192209243774414
23,8242433,3EZQ,MdrDBcore01927,D269N,-0.387,-0.35418587923049927,0.5675472617149353,1.192209243774414
23,8242433,3EZQ,MdrDBcore01928,I313V,0.75,0.3073611855506897,0.5675472617149353,1.192209243774414
23,8242433,3TJE,MdrDBcore01929,R105S,0.647,0.2896362245082855,0.5675472617149353,1.192209243774414
23,8242433,2NA7,MdrDBcore01930,R192I,-0.152,-0.060884881764650345,0.5675472617149353,1.192209243774414
23,8242433,3EZQ,MdrDBcore01931,R279H,-0.039,-0.5210708379745483,0.5675472617149353,1.192209243774414
23,8242433,3TJE,MdrDBcore01932,T122I,0.943,0.2897210717201233,0.5675472617149353,1.192209243774414
23,8242433,3EZQ,MdrDBcore01933,V267F,1.631,-0.6305027008056641,0.5675472617149353,1.192209243774414
23,8242433,2NA7,MdrDBcore01934,W176G,0.922,0.3983558118343353,0.5675472617149353,1.192209243774414
23,8242433,6G9D,MdrDBcore01935,H61Q,1.132,0.1637190580368042,0.5675472617149353,1.192209243774414
23,8242433,6G9D,MdrDBcore01936,I211M,0.94,0.2816442549228668,0.5675472617149353,1.192209243774414
23,8242433,6G9D,MdrDBcore01937,L76P,0.705,-0.36573559045791626,0.5675472617149353,1.192209243774414
23,8242433,6G9D,MdrDBcore01938,R135K,0.31,-0.10019774734973907,0.5675472617149353,1.192209243774414
23,8242433,6G9D,MdrDBcore01939,R79K,-0.067,0.17720967531204224,0.5675472617149353,1.192209243774414
23,8242433,6G9D,MdrDBcore01940,T185A,-0.553,0.6064954400062561,0.5675472617149353,1.192209243774414
23,8242433,6G9D,MdrDBcore01941,V214I,0.138,0.3793841600418091,0.5675472617149353,1.192209243774414
23,8242433,5EHO,MdrDBcore01942,D608H,1.274,-0.42375949025154114,0.5675472617149353,1.192209243774414
23,8242433,4BI2,MdrDBcore01943,F540L,1.186,0.47593095898628235,0.5675472617149353,1.192209243774414
23,8242433,4BI2,MdrDBcore01944,F540L,0.745,0.5483807325363159,0.5675472617149353,1.192209243774414
23,8242433,4BI2,MdrDBcore01945,K696E,1.048,0.22074678540229797,0.5675472617149353,1.192209243774414
23,8242433,4BI2,MdrDBcore01946,K696E,0.571,0.5799867510795593,0.5675472617149353,1.192209243774414
23,8242433,4BI2,MdrDBcore01947,L609F,1.373,1.1031485795974731,0.5675472617149353,1.192209243774414
23,8242433,4BI2,MdrDBcore01948,L609F,0.208,-0.08891019225120544,0.5675472617149353,1.192209243774414
23,8242433,4B94,MdrDBcore01949,R172H,1.32,0.8582351207733154,0.5675472617149353,1.192209243774414
23,8242433,4B94,MdrDBcore01950,R185W,2.206,0.9616225957870483,0.5675472617149353,1.192209243774414
23,8242433,4B94,MdrDBcore01951,R185W,1.954,0.7430537343025208,0.5675472617149353,1.192209243774414
23,8242433,4BI2,MdrDBcore01952,R624C,0.767,0.4255813658237457,0.5675472617149353,1.192209243774414
23,8242433,4B94,MdrDBcore01953,S162I,2.241,1.066178321838379,0.5675472617149353,1.192209243774414
23,8242433,4B94,MdrDBcore01954,S162I,0.908,-0.42004022002220154,0.5675472617149353,1.192209243774414
23,8242433,7CJA,MdrDBcore01955,S699F,1.188,0.17444515228271484,0.5675472617149353,1.192209243774414
23,8242433,7CJA,MdrDBcore01956,S699F,1.917,0.19655883312225342,0.5675472617149353,1.192209243774414
23,8242433,4B94,MdrDBcore01957,S76G,1.616,1.1050422191619873,0.5675472617149353,1.192209243774414
23,8242433,4B94,MdrDBcore01958,S76G,0.77,0.7308408617973328,0.5675472617149353,1.192209243774414
23,8242433,4BI2,MdrDBcore01959,Y554H,0.963,0.35970938205718994,0.5675472617149353,1.192209243774414
23,8242433,4BI2,MdrDBcore01960,Y554H,0.291,0.27256518602371216,0.5675472617149353,1.192209243774414
23,8242433,4BI2,MdrDBcore01961,Y726C,1.364,0.8638076782226562,0.5675472617149353,1.192209243774414
23,8242433,4BI2,MdrDBcore01962,Y726C,0.036,0.3843298852443695,0.5675472617149353,1.192209243774414
23,8242433,3QS9,MdrDBcore01963,A443T,-1.192,-0.4358132779598236,0.5675472617149353,1.192209243774414
23,8242433,3QS9,MdrDBcore01964,A445T,0.152,0.9728153944015503,0.5675472617149353,1.192209243774414
23,8242433,6JQR,MdrDBcore01965,A642V,-1.297,0.7092164158821106,0.5675472617149353,1.192209243774414
23,8242433,6IL3,MdrDBcore01966,A680V,-0.5,-0.044533565640449524,0.5675472617149353,1.192209243774414
23,8242433,6JQR,MdrDBcore01967,A948T,-0.406,-0.030514616519212723,0.5675472617149353,1.192209243774414
23,8242433,3QS9,MdrDBcore01968,C272S,0.581,0.6727275252342224,0.5675472617149353,1.192209243774414
23,8242433,3QS9,MdrDBcore01969,C368Y,0.277,-1.1437807083129883,0.5675472617149353,1.192209243774414
23,8242433,3QS9,MdrDBcore01970,D362E,0.818,0.2014613151550293,0.5675472617149353,1.192209243774414
23,8242433,6JQR,MdrDBcore01971,D787H,0.406,-0.04241975024342537,0.5675472617149353,1.192209243774414
23,8242433,3QS9,MdrDBcore01972,E293K,-0.094,0.4764426648616791,0.5675472617149353,1.192209243774414
23,8242433,4RT7,MdrDBcore01973,E661V,0.522,0.7061969637870789,0.5675472617149353,1.192209243774414
23,8242433,1RJB,MdrDBcore01974,G831E,-0.481,0.18783697485923767,0.5675472617149353,1.192209243774414
23,8242433,3QS9,MdrDBcore01975,H222R,0.161,-0.040807463228702545,0.5675472617149353,1.192209243774414
23,8242433,1RJB,MdrDBcore01976,K634N,0.097,-0.031876832246780396,0.5675472617149353,1.192209243774414
23,8242433,6IL3,MdrDBcore01977,K709T,-0.093,0.6410119533538818,0.5675472617149353,1.192209243774414
23,8242433,3QS9,MdrDBcore01978,L168F,0.022,-0.6883310079574585,0.5675472617149353,1.192209243774414
23,8242433,3QS9,MdrDBcore01979,L442P,0.405,0.5562572479248047,0.5675472617149353,1.192209243774414
23,8242433,3QS9,MdrDBcore01980,N100S,0.389,0.6939893960952759,0.5675472617149353,1.192209243774414
23,8242433,3QS9,MdrDBcore01981,P116S,-0.347,-0.06607760488986969,0.5675472617149353,1.192209243774414
23,8242433,6IL3,MdrDBcore01982,P937H,-0.617,-0.21497127413749695,0.5675472617149353,1.192209243774414
23,8242433,6JQR,MdrDBcore01983,Q910A,-0.192,0.16151633858680725,0.5675472617149353,1.192209243774414
23,8242433,3QS9,MdrDBcore01984,R311W,0.247,0.6824139356613159,0.5675472617149353,1.192209243774414
23,8242433,3QS9,MdrDBcore01985,R485T,0.33,1.3879565000534058,0.5675472617149353,1.192209243774414
23,8242433,3QS9,MdrDBcore01986,S404F,0.45,0.38392433524131775,0.5675472617149353,1.192209243774414
23,8242433,3QS9,MdrDBcore01987,S519F,-0.104,-0.45918381214141846,0.5675472617149353,1.192209243774414
23,8242433,3QS9,MdrDBcore01988,T432M,-0.557,-0.3978392481803894,0.5675472617149353,1.192209243774414
23,8242433,3QS9,MdrDBcore01989,Y376C,0.41,-0.10120365768671036,0.5675472617149353,1.192209243774414
23,8242433,6B8Y,MdrDBcore01990,D367H,0.674,0.7306385040283203,0.5675472617149353,1.192209243774414
23,8242433,6B8Y,MdrDBcore01991,E398K,-0.771,0.8192380666732788,0.5675472617149353,1.192209243774414
23,8242433,6B8Y,MdrDBcore01992,G216V,1.594,0.7238074541091919,0.5675472617149353,1.192209243774414
23,8242433,3HMM,MdrDBcore01993,I143V,-0.29,0.7152099609375,0.5675472617149353,1.192209243774414
23,8242433,6B8Y,MdrDBcore01994,K453N,0.668,0.693406343460083,0.5675472617149353,1.192209243774414
23,8242433,6B8Y,MdrDBcore01995,L309R,1.485,0.7850560545921326,0.5675472617149353,1.192209243774414
23,8242433,6B8Y,MdrDBcore01996,L468F,1.275,0.7330381870269775,0.5675472617149353,1.192209243774414
23,8242433,3HMM,MdrDBcore01997,M148I,1.0,0.7136588096618652,0.5675472617149353,1.192209243774414
23,8242433,6B8Y,MdrDBcore01998,N342S,0.408,0.6849937438964844,0.5675472617149353,1.192209243774414
23,8242433,2PJY,MdrDBcore01999,N45S,1.626,0.6141986846923828,0.5675472617149353,1.192209243774414
23,8242433,6B8Y,MdrDBcore02000,R417Q,0.985,0.7953031063079834,0.5675472617149353,1.192209243774414
23,8242433,6B8Y,MdrDBcore02001,R491W,0.724,0.726706326007843,0.5675472617149353,1.192209243774414
23,8242433,6B8Y,MdrDBcore02002,S420F,-0.295,0.6708593368530273,0.5675472617149353,1.192209243774414
23,8242433,3HMM,MdrDBcore02003,V157I,1.039,0.7181062698364258,0.5675472617149353,1.192209243774414
23,8242433,6B8Y,MdrDBcore02004,V256L,1.311,0.8607633709907532,0.5675472617149353,1.192209243774414
23,8242433,2PJY,MdrDBcore02005,V56I,0.733,0.16243615746498108,0.5675472617149353,1.192209243774414
23,8242433,3HMM,MdrDBcore02006,V95A,1.443,0.7190565466880798,0.5675472617149353,1.192209243774414
23,8242433,6B8Y,MdrDBcore02007,Y299F,1.173,0.6986486911773682,0.5675472617149353,1.192209243774414
23,8242433,6B8Y,MdrDBcore02008,Y432F,0.823,0.686816930770874,0.5675472617149353,1.192209243774414
23,8242433,5IU2,MdrDBcore02009,A354T,-0.608,0.040740758180618286,0.5675472617149353,1.192209243774414
23,8242433,4Y83,MdrDBcore02010,E188K,1.857,-0.16945913434028625,0.5675472617149353,1.192209243774414
23,8242433,4Y83,MdrDBcore02011,F271Y,-0.06,-0.4954909384250641,0.5675472617149353,1.192209243774414
23,8242433,4Y83,MdrDBcore02012,P359S,-0.169,-0.19362428784370422,0.5675472617149353,1.192209243774414
23,8242433,4Y83,MdrDBcore02013,R146Q,0.559,-0.6395390033721924,0.5675472617149353,1.192209243774414
23,8242433,4Y83,MdrDBcore02014,R376C,-0.187,-0.13709282875061035,0.5675472617149353,1.192209243774414
23,8242433,AlphaFold2,MdrDBcore02015,D1067N,-0.288,-0.502833902835846,0.5675472617149353,1.192209243774414
23,8242433,AlphaFold2,MdrDBcore02016,D1067N,0.55,0.9575937986373901,0.5675472617149353,1.192209243774414
23,8242433,AlphaFold2,MdrDBcore02017,D1067V,-2.019,-0.9450450539588928,0.5675472617149353,1.192209243774414
23,8242433,AlphaFold2,MdrDBcore02018,I767F,-0.474,-0.22687464952468872,0.5675472617149353,1.192209243774414
23,8242433,AlphaFold2,MdrDBcore02019,I965N,1.038,0.4065849781036377,0.5675472617149353,1.192209243774414
23,8242433,AlphaFold2,MdrDBcore02020,K718R,1.061,0.6944353580474854,0.5675472617149353,1.192209243774414
23,8242433,AlphaFold2,MdrDBcore02021,L535R,0.233,0.2229178249835968,0.5675472617149353,1.192209243774414
23,8242433,AlphaFold2,MdrDBcore02022,L642P,1.319,1.008283019065857,0.5675472617149353,1.192209243774414
23,8242433,AlphaFold2,MdrDBcore02023,L933P,-1.38,-0.7934281826019287,0.5675472617149353,1.192209243774414
23,8242433,AlphaFold2,MdrDBcore02024,L99R,0.489,0.8460560441017151,0.5675472617149353,1.192209243774414
23,8242433,AlphaFold2,MdrDBcore02025,M630R,1.408,0.8121020197868347,0.5675472617149353,1.192209243774414
23,8242433,AlphaFold2,MdrDBcore02026,N717S,1.011,-0.243051677942276,0.5675472617149353,1.192209243774414
23,8242433,AlphaFold2,MdrDBcore02027,P437H,1.642,0.978369951248169,0.5675472617149353,1.192209243774414
23,8242433,AlphaFold2,MdrDBcore02028,R321Q,-0.085,0.09211846441030502,0.5675472617149353,1.192209243774414
23,8242433,AlphaFold2,MdrDBcore02029,R48Q,0.185,-0.23164984583854675,0.5675472617149353,1.192209243774414
23,8242433,AlphaFold2,MdrDBcore02030,R668Q,1.201,1.235046625137329,0.5675472617149353,1.192209243774414
23,8242433,AlphaFold2,MdrDBcore02031,R668W,0.304,0.32659146189689636,0.5675472617149353,1.192209243774414
23,8242433,AlphaFold2,MdrDBcore02032,R896L,-0.341,0.7904092073440552,0.5675472617149353,1.192209243774414
23,8242433,AlphaFold2,MdrDBcore02033,R896L,0.697,0.08558522909879684,0.5675472617149353,1.192209243774414
23,8242433,AlphaFold2,MdrDBcore02034,T721P,-0.549,-0.749919593334198,0.5675472617149353,1.192209243774414
23,8242433,AlphaFold2,MdrDBcore02035,T721P,-0.316,0.33709052205085754,0.5675472617149353,1.192209243774414
23,8242433,AlphaFold2,MdrDBcore02036,V369I,-1.283,-1.164670705795288,0.5675472617149353,1.192209243774414
23,8242433,AlphaFold2,MdrDBcore02037,V369I,-0.083,-0.24801984429359436,0.5675472617149353,1.192209243774414
23,8242433,6SB0,MdrDBcore02038,A1134T,-2.549,-2.4239203929901123,0.5675472617149353,1.192209243774414
23,8242433,6SB0,MdrDBcore02039,A1134V,-0.777,-1.542134165763855,0.5675472617149353,1.192209243774414
23,8242433,7EPD,MdrDBcore02040,A329T,-0.929,-0.38231152296066284,0.5675472617149353,1.192209243774414
23,8242433,7PE9,MdrDBcore02041,A41T,-3.177,0.2221686840057373,0.5675472617149353,1.192209243774414
23,8242433,6SB0,MdrDBcore02042,A695V,-1.293,-0.5571978688240051,0.5675472617149353,1.192209243774414
23,8242433,7PE9,MdrDBcore02043,A695V,-1.002,-0.723581075668335,0.5675472617149353,1.192209243774414
23,8242433,6SB0,MdrDBcore02044,A954T,-2.775,-1.807305097579956,0.5675472617149353,1.192209243774414
23,8242433,6SB0,MdrDBcore02045,D1332E,-2.443,-0.8409953713417053,0.5675472617149353,1.192209243774414
23,8242433,6SB0,MdrDBcore02046,D259Y,-0.308,-0.5152836441993713,0.5675472617149353,1.192209243774414
23,8242433,6SB0,MdrDBcore02047,E1033K,-1.819,-0.5335448980331421,0.5675472617149353,1.192209243774414
23,8242433,5WBY,MdrDBcore02048,E1799K,-0.79,-0.7851105332374573,0.5675472617149353,1.192209243774414
23,8242433,7PE9,MdrDBcore02049,E2000Q,-1.021,0.20770591497421265,0.5675472617149353,1.192209243774414
23,8242433,6SB0,MdrDBcore02050,E427D,-4.512,-2.2049357891082764,0.5675472617149353,1.192209243774414
23,8242433,6SB0,MdrDBcore02051,F140L,-0.639,-0.42712727189064026,0.5675472617149353,1.192209243774414
23,8242433,6SB0,MdrDBcore02052,H1647Q,-0.947,-0.6999746561050415,0.5675472617149353,1.192209243774414
23,8242433,6SB0,MdrDBcore02053,I2017T,-1.532,-1.3434231281280518,0.5675472617149353,1.192209243774414
23,8242433,6SB0,MdrDBcore02054,K1197N,-2.878,-1.5039081573486328,0.5675472617149353,1.192209243774414
23,8242433,6SB0,MdrDBcore02055,K1981E,-2.429,0.6191109418869019,0.5675472617149353,1.192209243774414
23,8242433,6SB0,MdrDBcore02056,L1129P,-2.09,-1.4658775329589844,0.5675472617149353,1.192209243774414
23,8242433,6SB0,MdrDBcore02057,L1894V,-2.235,-0.5662068128585815,0.5675472617149353,1.192209243774414
23,8242433,6SB0,MdrDBcore02058,L1894V,-2.592,-0.1264776587486267,0.5675472617149353,1.192209243774414
23,8242433,7PE9,MdrDBcore02059,L2138F,-1.88,-0.12671051919460297,0.5675472617149353,1.192209243774414
23,8242433,6SB0,MdrDBcore02060,L2427R,-2.787,-1.7302095890045166,0.5675472617149353,1.192209243774414
23,8242433,6SB0,MdrDBcore02061,M135T,-1.39,-1.6686053276062012,0.5675472617149353,1.192209243774414
23,8242433,7EPD,MdrDBcore02062,M476V,-1.455,-0.8089426159858704,0.5675472617149353,1.192209243774414
23,8242433,6SB0,MdrDBcore02063,N1765D,-1.825,-1.1309340000152588,0.5675472617149353,1.192209243774414
23,8242433,6SB0,MdrDBcore02064,P1128L,-3.787,-0.3731025457382202,0.5675472617149353,1.192209243774414
23,8242433,6SB0,MdrDBcore02065,P1193L,-1.318,-0.6013583540916443,0.5675472617149353,1.192209243774414
23,8242433,6SB0,MdrDBcore02066,P1312L,-1.355,-0.2915825843811035,0.5675472617149353,1.192209243774414
23,8242433,6SB0,MdrDBcore02067,P1537S,-1.259,-0.7412592172622681,0.5675472617149353,1.192209243774414
23,8242433,6SB0,MdrDBcore02068,P1609L,-1.712,-0.5477817058563232,0.5675472617149353,1.192209243774414
23,8242433,6SB0,MdrDBcore02069,P1609L,-1.195,-1.999205231666565,0.5675472617149353,1.192209243774414
23,8242433,6SB0,MdrDBcore02070,P1951S,-0.062,0.07798828929662704,0.5675472617149353,1.192209243774414
23,8242433,6SB0,MdrDBcore02071,P453L,-2.746,-2.336048126220703,0.5675472617149353,1.192209243774414
23,8242433,6SB0,MdrDBcore02072,P770A,-1.411,-1.2293747663497925,0.5675472617149353,1.192209243774414
23,8242433,6SB0,MdrDBcore02073,P770A,-1.782,-1.1914523839950562,0.5675472617149353,1.192209243774414
23,8242433,6SB0,MdrDBcore02074,Q1207P,-3.336,-1.6457676887512207,0.5675472617149353,1.192209243774414
23,8242433,7PE9,MdrDBcore02075,R1208C,-1.145,-0.6935759782791138,0.5675472617149353,1.192209243774414
23,8242433,6SB0,MdrDBcore02076,R1482C,-2.339,-1.6345702409744263,0.5675472617149353,1.192209243774414
23,8242433,6SB0,MdrDBcore02077,R1612Q,0.682,-0.7340686321258545,0.5675472617149353,1.192209243774414
23,8242433,6SB0,MdrDBcore02078,R1709H,-2.867,-2.0399386882781982,0.5675472617149353,1.192209243774414
23,8242433,6SB0,MdrDBcore02079,R1709H,-1.1,0.04356955736875534,0.5675472617149353,1.192209243774414
23,8242433,6SB0,MdrDBcore02080,R1784C,0.857,0.0267256498336792,0.5675472617149353,1.192209243774414
23,8242433,6SB0,MdrDBcore02081,R1811H,-1.625,-1.8117009401321411,0.5675472617149353,1.192209243774414
23,8242433,6SB0,MdrDBcore02082,R2152C,-3.364,-1.6236042976379395,0.5675472617149353,1.192209243774414
23,8242433,7PE9,MdrDBcore02083,S1178F,-0.977,-0.12207416445016861,0.5675472617149353,1.192209243774414
23,8242433,6SB0,MdrDBcore02084,S2215F,-2.632,-0.2356664538383484,0.5675472617149353,1.192209243774414
23,8242433,6SB0,MdrDBcore02085,S645C,-1.77,0.2760305106639862,0.5675472617149353,1.192209243774414
23,8242433,7PE9,MdrDBcore02086,T1948M,-2.088,0.5172473192214966,0.5675472617149353,1.192209243774414
23,8242433,6SB0,MdrDBcore02087,T1948M,-0.221,-1.0476665496826172,0.5675472617149353,1.192209243774414
23,8242433,6SB0,MdrDBcore02088,T2232I,-0.216,-0.7358755469322205,0.5675472617149353,1.192209243774414
23,8242433,6SB0,MdrDBcore02089,T2509A,-3.481,-1.225190281867981,0.5675472617149353,1.192209243774414
23,8242433,7EPD,MdrDBcore02090,T571K,-3.356,-0.5810741186141968,0.5675472617149353,1.192209243774414
23,8242433,6SB0,MdrDBcore02091,T588M,-1.698,-1.953634262084961,0.5675472617149353,1.192209243774414
23,8242433,6SB0,MdrDBcore02092,T647I,-2.934,-0.3078479766845703,0.5675472617149353,1.192209243774414
23,8242433,6SB0,MdrDBcore02093,T647I,-2.127,-1.4105740785598755,0.5675472617149353,1.192209243774414
23,8242433,5WBY,MdrDBcore02094,V1591L,-2.614,0.08023010939359665,0.5675472617149353,1.192209243774414
23,8242433,6SB0,MdrDBcore02095,W1304R,-0.871,-0.8344694375991821,0.5675472617149353,1.192209243774414
23,8242433,5WBY,MdrDBcore02096,W1456R,-3.121,0.5394487380981445,0.5675472617149353,1.192209243774414
23,8242433,6SB0,MdrDBcore02097,Y1151C,-0.722,-1.5678257942199707,0.5675472617149353,1.192209243774414
23,8242433,6SB0,MdrDBcore02098,Y861H,-1.509,-1.689827561378479,0.5675472617149353,1.192209243774414
23,8242433,6SB0,MdrDBcore02099,Y861H,-2.08,-1.494098424911499,0.5675472617149353,1.192209243774414
23,8242433,4FL2,MdrDBcore02100,A353T,-0.306,0.42666709423065186,0.5675472617149353,1.192209243774414
23,8242433,4FL2,MdrDBcore02101,A353T,-1.045,-0.17761558294296265,0.5675472617149353,1.192209243774414
23,8242433,4FL2,MdrDBcore02102,A353T,-0.914,-0.5245959758758545,0.5675472617149353,1.192209243774414
23,8242433,4RX7,MdrDBcore02103,A620T,1.14,0.20517051219940186,0.5675472617149353,1.192209243774414
23,8242433,5CXZ,MdrDBcore02104,A620T,-0.871,0.14607644081115723,0.5675472617149353,1.192209243774414
23,8242433,5CXZ,MdrDBcore02105,A620T,-0.284,0.08986199647188187,0.5675472617149353,1.192209243774414
23,8242433,1A81,MdrDBcore02106,A86T,1.59,0.984876275062561,0.5675472617149353,1.192209243774414
23,8242433,7SA7,MdrDBcore02107,A86T,0.263,0.6092039346694946,0.5675472617149353,1.192209243774414
23,8242433,7SA7,MdrDBcore02108,A86T,0.511,0.4002699553966522,0.5675472617149353,1.192209243774414
23,8242433,5CXZ,MdrDBcore02109,D428N,-0.288,0.2413061261177063,0.5675472617149353,1.192209243774414
23,8242433,5CXZ,MdrDBcore02110,D428N,-0.438,0.13092279434204102,0.5675472617149353,1.192209243774414
23,8242433,5CXZ,MdrDBcore02111,D428N,-0.601,-0.22963961958885193,0.5675472617149353,1.192209243774414
23,8242433,5CXZ,MdrDBcore02112,E586D,-0.614,0.4355776011943817,0.5675472617149353,1.192209243774414
23,8242433,5CXZ,MdrDBcore02113,E586D,0.601,0.19496503472328186,0.5675472617149353,1.192209243774414
23,8242433,5CXZ,MdrDBcore02114,E586D,-0.338,0.1608264446258545,0.5675472617149353,1.192209243774414
23,8242433,5CXZ,MdrDBcore02115,G578E,0.377,0.17266327142715454,0.5675472617149353,1.192209243774414
23,8242433,5CXZ,MdrDBcore02116,G578E,-0.261,0.1193070337176323,0.5675472617149353,1.192209243774414
23,8242433,4RX7,MdrDBcore02117,G578E,-0.286,0.7207398414611816,0.5675472617149353,1.192209243774414
23,8242433,4RX7,MdrDBcore02118,G588R,-0.786,0.185461163520813,0.5675472617149353,1.192209243774414
23,8242433,5CXZ,MdrDBcore02119,G588R,0.867,0.08881441503763199,0.5675472617149353,1.192209243774414
23,8242433,5CXZ,MdrDBcore02120,G588R,1.22,0.03621119260787964,0.5675472617149353,1.192209243774414
23,8242433,5CXZ,MdrDBcore02121,H492Y,-0.596,0.3207038342952728,0.5675472617149353,1.192209243774414
23,8242433,5CXZ,MdrDBcore02122,H492Y,-0.815,0.08789239078760147,0.5675472617149353,1.192209243774414
23,8242433,5CXZ,MdrDBcore02123,H492Y,-0.579,-0.20330965518951416,0.5675472617149353,1.192209243774414
23,8242433,4RX7,MdrDBcore02124,I438M,1.949,0.4941951334476471,0.5675472617149353,1.192209243774414
23,8242433,7SA7,MdrDBcore02125,K133E,0.343,0.3452174663543701,0.5675472617149353,1.192209243774414
23,8242433,7SA7,MdrDBcore02126,K133E,-0.138,0.3189142048358917,0.5675472617149353,1.192209243774414
23,8242433,7SA7,MdrDBcore02127,K133E,0.598,0.4117286801338196,0.5675472617149353,1.192209243774414
23,8242433,5CXZ,MdrDBcore02128,K386N,-0.514,0.18695694208145142,0.5675472617149353,1.192209243774414
23,8242433,5CXZ,MdrDBcore02129,N381I,-0.613,0.4138978123664856,0.5675472617149353,1.192209243774414
23,8242433,4RX7,MdrDBcore02130,N381I,-0.32,0.2893269956111908,0.5675472617149353,1.192209243774414
23,8242433,5CXZ,MdrDBcore02131,N381I,-0.743,0.19526764750480652,0.5675472617149353,1.192209243774414
23,8242433,4FL2,MdrDBcore02132,P355L,0.228,-0.08234324306249619,0.5675472617149353,1.192209243774414
23,8242433,1XBB,MdrDBcore02133,R520S,2.261,0.7899370193481445,0.5675472617149353,1.192209243774414
23,8242433,5CXZ,MdrDBcore02134,R520S,-0.815,0.1040649488568306,0.5675472617149353,1.192209243774414
23,8242433,5CXZ,MdrDBcore02135,R520S,0.111,0.10270517319440842,0.5675472617149353,1.192209243774414
23,8242433,5CXZ,MdrDBcore02136,V622A,-0.123,0.12909242510795593,0.5675472617149353,1.192209243774414
23,8242433,5CXZ,MdrDBcore02137,V622A,1.095,0.08670597523450851,0.5675472617149353,1.192209243774414
23,8242433,5CXZ,MdrDBcore02138,V622A,1.357,-0.0903269350528717,0.5675472617149353,1.192209243774414
23,8242433,1A81,MdrDBcore02139,Y246C,-0.223,-0.2947792410850525,0.5675472617149353,1.192209243774414
23,8242433,4RX7,MdrDBcore02140,Y568H,-0.077,0.4029797911643982,0.5675472617149353,1.192209243774414
23,8242433,5CXZ,MdrDBcore02141,Y568H,-0.729,0.09190506488084793,0.5675472617149353,1.192209243774414
23,8242433,5CXZ,MdrDBcore02142,Y568H,-0.078,0.17228901386260986,0.5675472617149353,1.192209243774414
23,8242433,4O1D,MdrDBcore02143,A252S,-0.845,-0.08661830425262451,0.5675472617149353,1.192209243774414
23,8242433,4O1D,MdrDBcore02144,A83V,0.014,0.0886017456650734,0.5675472617149353,1.192209243774414
23,8242433,4O1D,MdrDBcore02145,E263G,-1.313,0.11681193858385086,0.5675472617149353,1.192209243774414
23,8242433,4O1D,MdrDBcore02146,E336D,2.7,0.08168815821409225,0.5675472617149353,1.192209243774414
23,8242433,4O1D,MdrDBcore02147,E487D,0.707,0.1490793228149414,0.5675472617149353,1.192209243774414
23,8242433,4O1D,MdrDBcore02148,G100R,-0.997,-0.0057659149169921875,0.5675472617149353,1.192209243774414
23,8242433,4O1D,MdrDBcore02149,I206T,2.095,0.5521427392959595,0.5675472617149353,1.192209243774414
23,8242433,4O1D,MdrDBcore02150,K228A,-1.331,0.08244023472070694,0.5675472617149353,1.192209243774414
23,8242433,4O1D,MdrDBcore02151,K339E,-0.833,0.5485244989395142,0.5675472617149353,1.192209243774414
23,8242433,4O1D,MdrDBcore02152,K342R,-1.852,0.09244415909051895,0.5675472617149353,1.192209243774414
23,8242433,4O1D,MdrDBcore02153,K423A,-2.217,0.12253943830728531,0.5675472617149353,1.192209243774414
23,8242433,4O1D,MdrDBcore02154,L226R,3.238,0.6809337139129639,0.5675472617149353,1.192209243774414
23,8242433,4O1D,MdrDBcore02155,Q268K,-0.386,0.08764360100030899,0.5675472617149353,1.192209243774414
23,8242433,3DKJ,MdrDBcore02156,Q362E,0.056,-0.4385313391685486,0.5675472617149353,1.192209243774414
23,8242433,4O1D,MdrDBcore02157,R349K,0.005,0.3275934159755707,0.5675472617149353,1.192209243774414
23,8242433,4O1D,MdrDBcore02158,T233M,-2.333,0.021085195243358612,0.5675472617149353,1.192209243774414
23,8242433,4O1D,MdrDBcore02159,V221A,0.654,0.13384544849395752,0.5675472617149353,1.192209243774414
23,8242433,4O1D,MdrDBcore02160,V266I,2.09,0.6266498565673828,0.5675472617149353,1.192209243774414
23,8242433,4O1D,MdrDBcore02161,V300I,0.067,0.054465100169181824,0.5675472617149353,1.192209243774414
23,8242433,4O1D,MdrDBcore02162,Y142C,0.206,-0.01674395427107811,0.5675472617149353,1.192209243774414
23,8242433,4O1D,MdrDBcore02163,Y36C,1.022,0.150122731924057,0.5675472617149353,1.192209243774414
23,8242433,4AWI,MdrDBcore02164,A282D,-0.775,-0.06955233216285706,0.5675472617149353,1.192209243774414
23,8242433,4AWI,MdrDBcore02165,C79Y,1.349,0.8619728088378906,0.5675472617149353,1.192209243774414
23,8242433,4AWI,MdrDBcore02166,D277G,-0.384,0.12441392987966537,0.5675472617149353,1.192209243774414
23,8242433,4AWI,MdrDBcore02167,D277V,0.443,-0.021030977368354797,0.5675472617149353,1.192209243774414
23,8242433,4AWI,MdrDBcore02168,H149R,-0.612,0.21343642473220825,0.5675472617149353,1.192209243774414
23,8242433,4AWI,MdrDBcore02169,I304M,-0.709,-0.05191192403435707,0.5675472617149353,1.192209243774414
23,8242433,4AWI,MdrDBcore02170,M200T,-1.724,-0.3371521532535553,0.5675472617149353,1.192209243774414
23,8242433,3L08,MdrDBcore02171,A197T,-1.852,0.0952553078532219,0.5675472617149353,1.192209243774414
23,8242433,3L08,MdrDBcore02172,A197T,0.351,1.1406244039535522,0.5675472617149353,1.192209243774414
23,8242433,4GB9,MdrDBcore02173,A253T,0.688,0.7102463841438293,0.5675472617149353,1.192209243774414
23,8242433,4GB9,MdrDBcore02174,A253T,1.775,0.769249439239502,0.5675472617149353,1.192209243774414
23,8242433,4GB9,MdrDBcore02175,A253T,0.231,0.13811933994293213,0.5675472617149353,1.192209243774414
23,8242433,3L08,MdrDBcore02176,A314T,0.664,0.12334414571523666,0.5675472617149353,1.192209243774414
23,8242433,4GB9,MdrDBcore02177,A314T,1.258,0.6190752983093262,0.5675472617149353,1.192209243774414
23,8242433,4GB9,MdrDBcore02178,A314T,0.288,0.1997900903224945,0.5675472617149353,1.192209243774414
23,8242433,3L08,MdrDBcore02179,A528V,-0.026,0.09168905764818192,0.5675472617149353,1.192209243774414
23,8242433,4GB9,MdrDBcore02180,A528V,0.923,0.6535292267799377,0.5675472617149353,1.192209243774414
23,8242433,3L08,MdrDBcore02181,A528V,-0.333,-0.12313429266214371,0.5675472617149353,1.192209243774414
23,8242433,3L08,MdrDBcore02182,A557V,1.842,1.002408504486084,0.5675472617149353,1.192209243774414
23,8242433,3L08,MdrDBcore02183,A569T,1.29,0.11944635957479477,0.5675472617149353,1.192209243774414
23,8242433,3L08,MdrDBcore02184,A569T,1.746,1.2361698150634766,0.5675472617149353,1.192209243774414
23,8242433,3L08,MdrDBcore02185,A569T,1.264,-0.16554540395736694,0.5675472617149353,1.192209243774414
23,8242433,4GB9,MdrDBcore02186,A621S,1.204,0.7048235535621643,0.5675472617149353,1.192209243774414
23,8242433,3L08,MdrDBcore02187,A621S,1.806,1.0822046995162964,0.5675472617149353,1.192209243774414
23,8242433,3L08,MdrDBcore02188,A621S,0.475,0.005650043487548828,0.5675472617149353,1.192209243774414
23,8242433,7MEZ,MdrDBcore02189,A84V,-0.146,0.017904803156852722,0.5675472617149353,1.192209243774414
23,8242433,3L08,MdrDBcore02190,D192N,0.216,0.09137407690286636,0.5675472617149353,1.192209243774414
23,8242433,3L08,MdrDBcore02191,D192N,-1.811,-0.10748346149921417,0.5675472617149353,1.192209243774414
23,8242433,3L16,MdrDBcore02192,D358Y,-0.059,0.2854968309402466,0.5675472617149353,1.192209243774414
23,8242433,3L08,MdrDBcore02193,D358Y,1.423,1.6272634267807007,0.5675472617149353,1.192209243774414
23,8242433,3L08,MdrDBcore02194,D358Y,-0.28,-0.16987663507461548,0.5675472617149353,1.192209243774414
23,8242433,3L08,MdrDBcore02195,D946N,0.767,0.12471847981214523,0.5675472617149353,1.192209243774414
23,8242433,3L08,MdrDBcore02196,D946N,0.372,1.3306752443313599,0.5675472617149353,1.192209243774414
23,8242433,3L08,MdrDBcore02197,D946N,-0.134,-0.11031487584114075,0.5675472617149353,1.192209243774414
23,8242433,7MEZ,MdrDBcore02198,E108K,-1.323,0.10623572021722794,0.5675472617149353,1.192209243774414
23,8242433,7MEZ,MdrDBcore02199,E108K,0.043,-0.12374238669872284,0.5675472617149353,1.192209243774414
23,8242433,3L08,MdrDBcore02200,G276S,-0.235,0.1165480688214302,0.5675472617149353,1.192209243774414
23,8242433,3L08,MdrDBcore02201,G276S,1.873,0.9080365896224976,0.5675472617149353,1.192209243774414
23,8242433,3L08,MdrDBcore02202,G276S,-1.009,-0.1765700876712799,0.5675472617149353,1.192209243774414
23,8242433,7MEZ,MdrDBcore02203,G343S,0.915,0.6519594788551331,0.5675472617149353,1.192209243774414
23,8242433,7MEZ,MdrDBcore02204,G343S,1.741,0.28597375750541687,0.5675472617149353,1.192209243774414
23,8242433,7MEZ,MdrDBcore02205,G343S,-0.181,0.19534459710121155,0.5675472617149353,1.192209243774414
23,8242433,3L08,MdrDBcore02206,G436S,2.055,1.3691776990890503,0.5675472617149353,1.192209243774414
23,8242433,7MEZ,MdrDBcore02207,G65D,-0.46,0.20149943232536316,0.5675472617149353,1.192209243774414
23,8242433,3L08,MdrDBcore02208,G996A,0.184,0.12185441702604294,0.5675472617149353,1.192209243774414
23,8242433,3L08,MdrDBcore02209,G996A,0.68,-0.2272774875164032,0.5675472617149353,1.192209243774414
23,8242433,3L08,MdrDBcore02210,H295Q,0.103,0.11938466876745224,0.5675472617149353,1.192209243774414
23,8242433,3L08,MdrDBcore02211,H295Q,0.728,1.1768651008605957,0.5675472617149353,1.192209243774414
23,8242433,3L08,MdrDBcore02212,H295Q,-0.988,-0.1780260056257248,0.5675472617149353,1.192209243774414
23,8242433,3L08,MdrDBcore02213,H693Q,0.143,0.13098379969596863,0.5675472617149353,1.192209243774414
23,8242433,3L08,MdrDBcore02214,H693Q,0.77,1.1780962944030762,0.5675472617149353,1.192209243774414
23,8242433,3L08,MdrDBcore02215,H693Q,0.789,-0.24571189284324646,0.5675472617149353,1.192209243774414
23,8242433,3L08,MdrDBcore02216,H909L,1.219,0.13067707419395447,0.5675472617149353,1.192209243774414
23,8242433,3L08,MdrDBcore02217,H909L,1.575,1.074641227722168,0.5675472617149353,1.192209243774414
23,8242433,3L08,MdrDBcore02218,H909L,-0.26,-0.06338544934988022,0.5675472617149353,1.192209243774414
23,8242433,3L08,MdrDBcore02219,I158M,-0.179,0.11981680244207382,0.5675472617149353,1.192209243774414
23,8242433,3L08,MdrDBcore02220,I158M,0.786,1.5797934532165527,0.5675472617149353,1.192209243774414
23,8242433,3L08,MdrDBcore02221,I158M,-0.507,-0.2878741919994354,0.5675472617149353,1.192209243774414
23,8242433,3L08,MdrDBcore02222,I220M,0.235,0.11586960405111313,0.5675472617149353,1.192209243774414
23,8242433,3L08,MdrDBcore02223,I220M,1.658,1.2775710821151733,0.5675472617149353,1.192209243774414
23,8242433,3L08,MdrDBcore02224,I220M,0.889,-0.12619227170944214,0.5675472617149353,1.192209243774414
23,8242433,3L16,MdrDBcore02225,I287M,0.239,0.28856775164604187,0.5675472617149353,1.192209243774414
23,8242433,3L08,MdrDBcore02226,I287M,0.731,1.1194078922271729,0.5675472617149353,1.192209243774414
23,8242433,3L08,MdrDBcore02227,I287M,-1.226,-0.11083889752626419,0.5675472617149353,1.192209243774414
23,8242433,3L08,MdrDBcore02228,I643V,0.624,0.11642459779977798,0.5675472617149353,1.192209243774414
23,8242433,3L08,MdrDBcore02229,I643V,1.642,1.278283715248108,0.5675472617149353,1.192209243774414
23,8242433,3L08,MdrDBcore02230,I643V,0.519,-0.20911413431167603,0.5675472617149353,1.192209243774414
23,8242433,3L08,MdrDBcore02231,I888V,-1.351,0.11759962886571884,0.5675472617149353,1.192209243774414
23,8242433,3L08,MdrDBcore02232,I888V,1.043,0.86131751537323,0.5675472617149353,1.192209243774414
23,8242433,3L08,MdrDBcore02233,I888V,-2.396,-0.3016608655452728,0.5675472617149353,1.192209243774414
23,8242433,4EZL,MdrDBcore02234,L1092H,0.068,0.2776069641113281,0.5675472617149353,1.192209243774414
23,8242433,4EZL,MdrDBcore02235,L1092H,0.793,0.19954073429107666,0.5675472617149353,1.192209243774414
23,8242433,4EZL,MdrDBcore02236,L1092H,-0.092,0.525923490524292,0.5675472617149353,1.192209243774414
23,8242433,3L08,MdrDBcore02237,L211P,-0.101,0.13116717338562012,0.5675472617149353,1.192209243774414
23,8242433,3L08,MdrDBcore02238,L211P,0.311,0.9799067974090576,0.5675472617149353,1.192209243774414
23,8242433,4GB9,MdrDBcore02239,L211P,-2.641,0.2083088755607605,0.5675472617149353,1.192209243774414
23,8242433,4GB9,MdrDBcore02240,L651V,0.331,0.7432916760444641,0.5675472617149353,1.192209243774414
23,8242433,4GB9,MdrDBcore02241,L651V,2.12,1.3036372661590576,0.5675472617149353,1.192209243774414
23,8242433,3L08,MdrDBcore02242,L651V,0.752,-0.007350251078605652,0.5675472617149353,1.192209243774414
23,8242433,3L08,MdrDBcore02243,M1039T,0.369,0.11950328201055527,0.5675472617149353,1.192209243774414
23,8242433,3L08,MdrDBcore02244,M1039T,2.592,1.330254077911377,0.5675472617149353,1.192209243774414
23,8242433,3L08,MdrDBcore02245,M1039T,0.201,-0.3676528334617615,0.5675472617149353,1.192209243774414
23,8242433,1HE8,MdrDBcore02246,M259I,0.954,1.094772458076477,0.5675472617149353,1.192209243774414
23,8242433,1HE8,MdrDBcore02247,M259I,1.22,1.2217329740524292,0.5675472617149353,1.192209243774414
23,8242433,1HE8,MdrDBcore02248,M259I,-1.632,-1.326869010925293,0.5675472617149353,1.192209243774414
23,8242433,3L08,MdrDBcore02249,N386S,-1.827,0.05858743190765381,0.5675472617149353,1.192209243774414
23,8242433,3L08,MdrDBcore02250,N386S,0.942,0.8697217106819153,0.5675472617149353,1.192209243774414
23,8242433,3L08,MdrDBcore02251,N386S,-0.521,0.009815014898777008,0.5675472617149353,1.192209243774414
23,8242433,3DPD,MdrDBcore02252,N979S,1.963,0.500616192817688,0.5675472617149353,1.192209243774414
23,8242433,7MEZ,MdrDBcore02253,P142L,1.149,0.5665327310562134,0.5675472617149353,1.192209243774414
23,8242433,7MEZ,MdrDBcore02254,P142L,-1.412,-1.0656723976135254,0.5675472617149353,1.192209243774414
23,8242433,3L08,MdrDBcore02255,P208L,-0.45,0.08590774983167648,0.5675472617149353,1.192209243774414
23,8242433,3L08,MdrDBcore02256,P208L,1.21,1.2733688354492188,0.5675472617149353,1.192209243774414
23,8242433,3L08,MdrDBcore02257,P208L,0.288,-0.2201179563999176,0.5675472617149353,1.192209243774414
23,8242433,7MEZ,MdrDBcore02258,P538L,-0.83,-0.0632440596818924,0.5675472617149353,1.192209243774414
23,8242433,7MEZ,MdrDBcore02259,P538L,1.314,0.14499568939208984,0.5675472617149353,1.192209243774414
23,8242433,7MEZ,MdrDBcore02260,P538L,0.748,0.17540794610977173,0.5675472617149353,1.192209243774414
23,8242433,3L08,MdrDBcore02261,P563T,1.021,0.13367992639541626,0.5675472617149353,1.192209243774414
23,8242433,3L08,MdrDBcore02262,P563T,1.037,1.0158995389938354,0.5675472617149353,1.192209243774414
23,8242433,3L08,MdrDBcore02263,P563T,-0.446,-0.033216819167137146,0.5675472617149353,1.192209243774414
23,8242433,3L08,MdrDBcore02264,R178C,-0.349,0.12424478679895401,0.5675472617149353,1.192209243774414
23,8242433,3L08,MdrDBcore02265,R178C,0.99,1.7578948736190796,0.5675472617149353,1.192209243774414
23,8242433,3L08,MdrDBcore02266,R178C,0.102,-0.2878941297531128,0.5675472617149353,1.192209243774414
23,8242433,3L08,MdrDBcore02267,R362K,2.215,0.12745219469070435,0.5675472617149353,1.192209243774414
23,8242433,4GB9,MdrDBcore02268,R362K,1.776,0.6078748106956482,0.5675472617149353,1.192209243774414
23,8242433,3L08,MdrDBcore02269,R362K,2.351,-0.15329891443252563,0.5675472617149353,1.192209243774414
23,8242433,3L08,MdrDBcore02270,R362S,0.783,0.09681617468595505,0.5675472617149353,1.192209243774414
23,8242433,3L08,MdrDBcore02271,R362S,0.697,1.1989916563034058,0.5675472617149353,1.192209243774414
23,8242433,3L08,MdrDBcore02272,R362S,-1.205,-0.2512522339820862,0.5675472617149353,1.192209243774414
23,8242433,3L08,MdrDBcore02273,R472P,-0.787,0.1347408890724182,0.5675472617149353,1.192209243774414
23,8242433,3L08,MdrDBcore02274,R472P,-0.729,-0.0878969132900238,0.5675472617149353,1.192209243774414
23,8242433,3L08,MdrDBcore02275,R477C,-0.021,0.12295863777399063,0.5675472617149353,1.192209243774414
23,8242433,3L08,MdrDBcore02276,R477C,0.722,1.2334659099578857,0.5675472617149353,1.192209243774414
23,8242433,3L08,MdrDBcore02277,R477C,-0.008,-0.15359678864479065,0.5675472617149353,1.192209243774414
23,8242433,4GB9,MdrDBcore02278,R839C,0.1,0.69875568151474,0.5675472617149353,1.192209243774414
23,8242433,4GB9,MdrDBcore02279,R839C,1.826,0.6791844964027405,0.5675472617149353,1.192209243774414
23,8242433,3L08,MdrDBcore02280,R839C,0.741,-0.11770124733448029,0.5675472617149353,1.192209243774414
23,8242433,3L08,MdrDBcore02281,S806F,1.167,1.2195055484771729,0.5675472617149353,1.192209243774414
23,8242433,3L08,MdrDBcore02282,S806F,0.803,0.9836258888244629,0.5675472617149353,1.192209243774414
23,8242433,3L08,MdrDBcore02283,T1081I,0.994,1.3683639764785767,0.5675472617149353,1.192209243774414
23,8242433,7MEZ,MdrDBcore02284,T330M,-0.318,0.5068744421005249,0.5675472617149353,1.192209243774414
23,8242433,7MEZ,MdrDBcore02285,T330M,0.832,-0.024863526225090027,0.5675472617149353,1.192209243774414
23,8242433,7MEZ,MdrDBcore02286,T330M,-0.466,0.16926425695419312,0.5675472617149353,1.192209243774414
23,8242433,4GB9,MdrDBcore02287,T627I,0.0,0.7711330056190491,0.5675472617149353,1.192209243774414
23,8242433,3L08,MdrDBcore02288,T627I,-1.75,-0.12677495181560516,0.5675472617149353,1.192209243774414
23,8242433,4GB9,MdrDBcore02289,T827R,-0.102,0.7437009215354919,0.5675472617149353,1.192209243774414
23,8242433,3L08,MdrDBcore02290,T827R,1.97,0.9823174476623535,0.5675472617149353,1.192209243774414
23,8242433,3L08,MdrDBcore02291,T827R,0.901,-0.10160378366708755,0.5675472617149353,1.192209243774414
23,8242433,3L08,MdrDBcore02292,V305M,-0.719,0.1196369007229805,0.5675472617149353,1.192209243774414
23,8242433,3L08,MdrDBcore02293,V305M,1.076,1.2295504808425903,0.5675472617149353,1.192209243774414
23,8242433,3L08,MdrDBcore02294,V305M,-0.557,0.04417940974235535,0.5675472617149353,1.192209243774414
23,8242433,7MEZ,MdrDBcore02295,V332D,1.84,0.5927653908729553,0.5675472617149353,1.192209243774414
23,8242433,7MEZ,MdrDBcore02296,V332D,1.411,1.2226295471191406,0.5675472617149353,1.192209243774414
23,8242433,7MEZ,MdrDBcore02297,V332D,1.987,0.18539530038833618,0.5675472617149353,1.192209243774414
23,8242433,7MEZ,MdrDBcore02298,V332L,-0.668,0.18903398513793945,0.5675472617149353,1.192209243774414
23,8242433,7MEZ,MdrDBcore02299,V332L,-0.301,0.2341374158859253,0.5675472617149353,1.192209243774414
23,8242433,3L08,MdrDBcore02300,V381I,0.38,0.13135069608688354,0.5675472617149353,1.192209243774414
23,8242433,3L08,MdrDBcore02301,V381I,0.842,0.9193761348724365,0.5675472617149353,1.192209243774414
23,8242433,3L08,MdrDBcore02302,V381I,-0.932,-0.22992509603500366,0.5675472617149353,1.192209243774414
23,8242433,4GB9,MdrDBcore02303,W855L,0.54,0.7440304160118103,0.5675472617149353,1.192209243774414
23,8242433,3L08,MdrDBcore02304,W855L,-0.514,0.04368481785058975,0.5675472617149353,1.192209243774414
23,8242433,1TN6,MdrDBcore02305,F117L,-0.232,0.8295108675956726,0.5675472617149353,1.192209243774414
23,8242433,1LD8,MdrDBcore02306,F117L,0.864,-0.5477269887924194,0.5675472617149353,1.192209243774414
23,8242433,1JCQ,MdrDBcore02307,K330T,-0.465,0.4829536974430084,0.5675472617149353,1.192209243774414
23,8242433,1LD8,MdrDBcore02308,K330T,-0.583,-0.6800786256790161,0.5675472617149353,1.192209243774414
23,8242433,1JCQ,MdrDBcore02309,K336R,0.041,0.26310938596725464,0.5675472617149353,1.192209243774414
23,8242433,1LD8,MdrDBcore02310,K336R,-0.419,-0.9508891701698303,0.5675472617149353,1.192209243774414
23,8242433,1JCQ,MdrDBcore02311,L280F,-0.467,0.3286276161670685,0.5675472617149353,1.192209243774414
23,8242433,1LD8,MdrDBcore02312,L280F,-2.033,-0.4472827613353729,0.5675472617149353,1.192209243774414
23,8242433,1TN6,MdrDBcore02313,N329S,-0.981,-0.05586138367652893,0.5675472617149353,1.192209243774414
23,8242433,2H6G,MdrDBcore02314,N329S,-2.001,0.09819433838129044,0.5675472617149353,1.192209243774414
23,8242433,1JCQ,MdrDBcore02315,N85S,-0.979,-0.45961880683898926,0.5675472617149353,1.192209243774414
23,8242433,1LD8,MdrDBcore02316,N85S,-0.441,-0.42520871758461,0.5675472617149353,1.192209243774414
23,8242433,1JCQ,MdrDBcore02317,P304S,0.228,0.3703474998474121,0.5675472617149353,1.192209243774414
23,8242433,1LD8,MdrDBcore02318,P304S,0.25,-0.6205217838287354,0.5675472617149353,1.192209243774414
23,8242433,1TN6,MdrDBcore02319,Q221R,-0.144,0.35281869769096375,0.5675472617149353,1.192209243774414
23,8242433,1LD8,MdrDBcore02320,Q221R,-0.212,-0.44597798585891724,0.5675472617149353,1.192209243774414
23,8242433,1JCQ,MdrDBcore02321,R287C,-0.139,0.22913256287574768,0.5675472617149353,1.192209243774414
23,8242433,1LD8,MdrDBcore02322,R287C,-1.421,-0.6143669486045837,0.5675472617149353,1.192209243774414
23,8242433,1JCQ,MdrDBcore02323,S290Y,-0.41,-1.2188496589660645,0.5675472617149353,1.192209243774414
23,8242433,1LD8,MdrDBcore02324,S290Y,-1.336,-0.5658522844314575,0.5675472617149353,1.192209243774414
23,8242433,1JCQ,MdrDBcore02325,V64I,-0.339,0.36753636598587036,0.5675472617149353,1.192209243774414
23,8242433,1LD8,MdrDBcore02326,V64I,-0.458,-0.6204419136047363,0.5675472617149353,1.192209243774414
23,8242433,1TN6,MdrDBcore02327,W72C,-0.542,-1.016374111175537,0.5675472617149353,1.192209243774414
23,8242433,1LD8,MdrDBcore02328,W72C,-0.138,-0.3887157142162323,0.5675472617149353,1.192209243774414
23,8242433,5OY4,MdrDBcore02329,D33G,0.306,0.7435678243637085,0.5675472617149353,1.192209243774414
23,8242433,5OY4,MdrDBcore02330,D33G,0.13,0.2613348066806793,0.5675472617149353,1.192209243774414
23,8242433,5OY4,MdrDBcore02331,D33G,-0.255,0.34353747963905334,0.5675472617149353,1.192209243774414
23,8242433,5KPK,MdrDBcore02332,G65E,1.34,0.1924963891506195,0.5675472617149353,1.192209243774414
23,8242433,5KPK,MdrDBcore02333,G65E,-0.541,-0.09813455492258072,0.5675472617149353,1.192209243774414
23,8242433,3ZRL,MdrDBcore02334,G65E,0.501,0.19645953178405762,0.5675472617149353,1.192209243774414
23,8242433,3ZRL,MdrDBcore02335,H310Q,-0.271,0.1885869801044464,0.5675472617149353,1.192209243774414
23,8242433,5KPK,MdrDBcore02336,L75V,-0.149,0.1168588176369667,0.5675472617149353,1.192209243774414
23,8242433,5KPK,MdrDBcore02337,L75V,0.069,0.4235032796859741,0.5675472617149353,1.192209243774414
23,8242433,3ZRL,MdrDBcore02338,L75V,-0.902,0.17636144161224365,0.5675472617149353,1.192209243774414
23,8242433,5KPK,MdrDBcore02339,Q164A,0.288,0.18704435229301453,0.5675472617149353,1.192209243774414
23,8242433,5KPK,MdrDBcore02340,Q164A,0.84,0.28097206354141235,0.5675472617149353,1.192209243774414
23,8242433,5KPK,MdrDBcore02341,R319A,1.023,0.1973550021648407,0.5675472617149353,1.192209243774414
23,8242433,5KPK,MdrDBcore02342,R319A,0.565,0.33857083320617676,0.5675472617149353,1.192209243774414
23,8242433,5KPK,MdrDBcore02343,R319Q,-0.659,0.19822314381599426,0.5675472617149353,1.192209243774414
23,8242433,5KPK,MdrDBcore02344,R319Q,0.068,0.22412532567977905,0.5675472617149353,1.192209243774414
23,8242433,3ZRL,MdrDBcore02345,R319Q,0.804,0.18443557620048523,0.5675472617149353,1.192209243774414
23,8242433,3ZRL,MdrDBcore02346,R332H,0.012,0.18491533398628235,0.5675472617149353,1.192209243774414
23,8242433,5KPK,MdrDBcore02347,R96A,-0.548,0.1858859360218048,0.5675472617149353,1.192209243774414
23,8242433,5KPK,MdrDBcore02348,R96A,-0.015,0.5220246911048889,0.5675472617149353,1.192209243774414
23,8242433,5KPK,MdrDBcore02349,V126I,-0.849,0.19194480776786804,0.5675472617149353,1.192209243774414
23,8242433,5KPK,MdrDBcore02350,V126I,-0.271,0.19513967633247375,0.5675472617149353,1.192209243774414
23,8242433,3ZRL,MdrDBcore02351,V126I,-2.234,0.18837785720825195,0.5675472617149353,1.192209243774414
23,8242433,3T1I,MdrDBcore02352,A177T,-1.11,1.1880663633346558,0.5675472617149353,1.192209243774414
23,8242433,3T1I,MdrDBcore02353,A47S,2.016,1.3865654468536377,0.5675472617149353,1.192209243774414
23,8242433,3T1I,MdrDBcore02354,D131Y,1.83,1.242133378982544,0.5675472617149353,1.192209243774414
23,8242433,3T1I,MdrDBcore02355,D86N,0.945,1.3270106315612793,0.5675472617149353,1.192209243774414
23,8242433,3T1I,MdrDBcore02356,E248K,2.338,1.1826047897338867,0.5675472617149353,1.192209243774414
23,8242433,3T1I,MdrDBcore02357,G285C,1.512,1.3698036670684814,0.5675472617149353,1.192209243774414
23,8242433,3T1I,MdrDBcore02358,H302Y,1.468,1.4534506797790527,0.5675472617149353,1.192209243774414
23,8242433,3T1I,MdrDBcore02359,L116I,-0.526,1.3958356380462646,0.5675472617149353,1.192209243774414
23,8242433,3T1I,MdrDBcore02360,L61F,1.83,1.2699674367904663,0.5675472617149353,1.192209243774414
23,8242433,3T1I,MdrDBcore02361,P358Q,0.965,1.459573745727539,0.5675472617149353,1.192209243774414
23,8242433,3T1I,MdrDBcore02362,Q232K,1.923,1.1929206848144531,0.5675472617149353,1.192209243774414
23,8242433,3T1I,MdrDBcore02363,Q330K,0.664,1.3750218152999878,0.5675472617149353,1.192209243774414
23,8242433,3T1I,MdrDBcore02364,Q48L,1.486,1.214249849319458,0.5675472617149353,1.192209243774414
23,8242433,3T1I,MdrDBcore02365,R305W,1.167,1.433845043182373,0.5675472617149353,1.192209243774414
23,8242433,3T1I,MdrDBcore02366,R351H,1.786,1.3863470554351807,0.5675472617149353,1.192209243774414
23,8242433,3T1I,MdrDBcore02367,R380C,2.126,1.3981574773788452,0.5675472617149353,1.192209243774414
23,8242433,3T1I,MdrDBcore02368,R388W,1.634,1.4108582735061646,0.5675472617149353,1.192209243774414
23,8242433,3T1I,MdrDBcore02369,R400S,1.215,1.4624863862991333,0.5675472617149353,1.192209243774414
23,8242433,3T1I,MdrDBcore02370,R87W,1.359,1.3278764486312866,0.5675472617149353,1.192209243774414
23,8242433,3T1I,MdrDBcore02371,S209F,1.884,1.4063899517059326,0.5675472617149353,1.192209243774414
23,8242433,3T1I,MdrDBcore02372,T36M,1.591,1.3865944147109985,0.5675472617149353,1.192209243774414
23,8242433,3T1I,MdrDBcore02373,V17I,1.492,1.384801983833313,0.5675472617149353,1.192209243774414
23,8242433,7A12,MdrDBcore02374,E164D,-0.254,0.1177430972456932,0.5675472617149353,1.192209243774414
23,8242433,7A12,MdrDBcore02375,I208M,0.169,1.0562204122543335,0.5675472617149353,1.192209243774414
23,8242433,7A12,MdrDBcore02376,M184L,-0.544,0.46386393904685974,0.5675472617149353,1.192209243774414
23,8242433,5JFR,MdrDBcore02377,N386K,-0.56,-0.09409115463495255,0.5675472617149353,1.192209243774414
23,8242433,7A12,MdrDBcore02378,N407S,-0.201,0.34050291776657104,0.5675472617149353,1.192209243774414
23,8242433,7A12,MdrDBcore02379,P119A,-0.691,0.09664880484342575,0.5675472617149353,1.192209243774414
23,8242433,7A12,MdrDBcore02380,P130L,-1.037,0.08652403205633163,0.5675472617149353,1.192209243774414
23,8242433,5JHU,MdrDBcore02381,R205C,0.054,1.0881943702697754,0.5675472617149353,1.192209243774414
23,8242433,7A12,MdrDBcore02382,V118L,-0.571,0.7271292209625244,0.5675472617149353,1.192209243774414
23,8242433,7A12,MdrDBcore02383,Y320C,-0.283,0.12409760802984238,0.5675472617149353,1.192209243774414
23,8242433,7B5Q,MdrDBcore02384,D216N,-1.195,0.016218848526477814,0.5675472617149353,1.192209243774414
23,8242433,7B5Q,MdrDBcore02385,I133T,-2.336,-0.05352193862199783,0.5675472617149353,1.192209243774414
23,8242433,7B5Q,MdrDBcore02386,L206S,-1.462,0.4808327257633209,0.5675472617149353,1.192209243774414
23,8242433,7B5Q,MdrDBcore02387,L271V,2.255,0.09814362972974777,0.5675472617149353,1.192209243774414
23,8242433,7B5Q,MdrDBcore02388,M196V,-1.469,-0.055029675364494324,0.5675472617149353,1.192209243774414
23,8242433,7B5Q,MdrDBcore02389,M240I,0.335,-0.08031441271305084,0.5675472617149353,1.192209243774414
23,8242433,7B5Q,MdrDBcore02390,R209M,0.366,0.11764740198850632,0.5675472617149353,1.192209243774414
23,8242433,4BCG,MdrDBcore02391,A239T,0.156,0.21973705291748047,0.5675472617149353,1.192209243774414
23,8242433,3LQ5,MdrDBcore02392,A239T,0.235,0.26454755663871765,0.5675472617149353,1.192209243774414
23,8242433,3LQ5,MdrDBcore02393,A239T,2.913,0.2390531301498413,0.5675472617149353,1.192209243774414
23,8242433,6CYT,MdrDBcore02394,A288T,0.193,0.3560759127140045,0.5675472617149353,1.192209243774414
23,8242433,3LQ5,MdrDBcore02395,A288T,2.925,0.7146571278572083,0.5675472617149353,1.192209243774414
23,8242433,3MI9,MdrDBcore02396,A340T,-0.092,0.3659264147281647,0.5675472617149353,1.192209243774414
23,8242433,3MI9,MdrDBcore02397,A340T,1.471,-0.05128401890397072,0.5675472617149353,1.192209243774414
23,8242433,3LQ5,MdrDBcore02398,D290Y,3.885,0.8685125708580017,0.5675472617149353,1.192209243774414
23,8242433,4BCG,MdrDBcore02399,D290Y,-0.007,0.21293872594833374,0.5675472617149353,1.192209243774414
23,8242433,3LQ5,MdrDBcore02400,D290Y,0.668,0.2195626199245453,0.5675472617149353,1.192209243774414
23,8242433,3LQ5,MdrDBcore02401,E9K,1.068,1.0355099439620972,0.5675472617149353,1.192209243774414
23,8242433,6CYT,MdrDBcore02402,E9K,0.127,0.25444281101226807,0.5675472617149353,1.192209243774414
23,8242433,3LQ5,MdrDBcore02403,E9K,2.883,0.3523261249065399,0.5675472617149353,1.192209243774414
23,8242433,4BCG,MdrDBcore02404,F30L,-6.459,0.0331682488322258,0.5675472617149353,1.192209243774414
23,8242433,4BCG,MdrDBcore02405,F30L,1.629,0.1821032464504242,0.5675472617149353,1.192209243774414
23,8242433,3LQ5,MdrDBcore02406,F30L,3.213,0.2844754457473755,0.5675472617149353,1.192209243774414
23,8242433,3LQ5,MdrDBcore02407,G216R,-0.733,0.258421391248703,0.5675472617149353,1.192209243774414
23,8242433,3LQ5,MdrDBcore02408,G216R,2.878,0.2722845673561096,0.5675472617149353,1.192209243774414
23,8242433,4BCG,MdrDBcore02409,L165P,9.353,0.1868363916873932,0.5675472617149353,1.192209243774414
23,8242433,3TNI,MdrDBcore02410,L165P,-0.771,0.3134273588657379,0.5675472617149353,1.192209243774414
23,8242433,4BCG,MdrDBcore02411,L165P,2.65,0.10737698525190353,0.5675472617149353,1.192209243774414
23,8242433,4BCG,MdrDBcore02412,R184C,1.887,0.021462000906467438,0.5675472617149353,1.192209243774414
23,8242433,3MI9,MdrDBcore02413,R184C,0.472,0.8899863958358765,0.5675472617149353,1.192209243774414
23,8242433,3LQ5,MdrDBcore02414,R184C,0.627,0.19052615761756897,0.5675472617149353,1.192209243774414
23,8242433,3LQ5,MdrDBcore02415,S226N,4.531,0.22467097640037537,0.5675472617149353,1.192209243774414
23,8242433,3LQ5,MdrDBcore02416,S226N,-0.169,0.18335434794425964,0.5675472617149353,1.192209243774414
23,8242433,3LQ5,MdrDBcore02417,S226N,0.34,0.25394338369369507,0.5675472617149353,1.192209243774414
23,8242433,6CYT,MdrDBcore02418,Y19H,0.01,-0.067027747631073,0.5675472617149353,1.192209243774414
23,8242433,3LQ5,MdrDBcore02419,Y19H,2.474,0.174116313457489,0.5675472617149353,1.192209243774414
23,8242433,2EKX,MdrDBcore02420,K59E,-0.359,0.17037370800971985,0.5675472617149353,1.192209243774414
23,8242433,3SXR,MdrDBcore02421,M464I,0.496,0.6680001616477966,0.5675472617149353,1.192209243774414
23,8242433,3SXS,MdrDBcore02422,N494D,0.108,0.02427249401807785,0.5675472617149353,1.192209243774414
23,8242433,3SXS,MdrDBcore02423,N494D,-0.707,0.36961275339126587,0.5675472617149353,1.192209243774414
23,8242433,3SXS,MdrDBcore02424,R656C,0.609,0.17258989810943604,0.5675472617149353,1.192209243774414
23,8242433,4HVI,MdrDBcore02425,A1079D,-1.111,-0.12638379633426666,0.5675472617149353,1.192209243774414
23,8242433,7APG,MdrDBcore02426,I991V,0.108,-0.558250904083252,0.5675472617149353,1.192209243774414
23,8242433,1YVJ,MdrDBcore02427,K830M,0.4,0.1861143708229065,0.5675472617149353,1.192209243774414
23,8242433,7APG,MdrDBcore02428,L1017M,-0.23,-0.15239791572093964,0.5675472617149353,1.192209243774414
23,8242433,4HVI,MdrDBcore02429,L1073I,-0.26,-0.07717212289571762,0.5675472617149353,1.192209243774414
23,8242433,4HVI,MdrDBcore02430,M1097L,0.021,-0.19159674644470215,0.5675472617149353,1.192209243774414
23,8242433,4HVI,MdrDBcore02431,P1045S,0.132,-0.1575419008731842,0.5675472617149353,1.192209243774414
23,8242433,4HVI,MdrDBcore02432,R925S,-0.1,-0.16710276901721954,0.5675472617149353,1.192209243774414
23,8242433,4HVI,MdrDBcore02433,V1016D,0.514,-0.24590373039245605,0.5675472617149353,1.192209243774414
23,8242433,4HVI,MdrDBcore02434,V957M,0.933,-0.14505904912948608,0.5675472617149353,1.192209243774414
23,8242433,4HVI,MdrDBcore02435,Y1023H,-0.244,-0.0637940764427185,0.5675472617149353,1.192209243774414
23,8242433,2G1Q,MdrDBcore02436,A133V,-1.43,-0.09876912832260132,0.5675472617149353,1.192209243774414
23,8242433,4B7B,MdrDBcore02437,A133V,-4.205,-0.7119453549385071,0.5675472617149353,1.192209243774414
23,8242433,2G1Q,MdrDBcore02438,A133V,-0.486,0.14414101839065552,0.5675472617149353,1.192209243774414
23,8242433,4AS7,MdrDBcore02439,A282V,1.482,0.6925618648529053,0.5675472617149353,1.192209243774414
23,8242433,6TA3,MdrDBcore02440,A282V,-3.214,-0.6766929030418396,0.5675472617149353,1.192209243774414
23,8242433,6TA3,MdrDBcore02441,G96S,0.023,0.29953643679618835,0.5675472617149353,1.192209243774414
23,8242433,6TA3,MdrDBcore02442,G96S,-4.855,-0.37779852747917175,0.5675472617149353,1.192209243774414
23,8242433,6TA3,MdrDBcore02443,P88Q,-1.873,-1.0148922204971313,0.5675472617149353,1.192209243774414
23,8242433,6TA3,MdrDBcore02444,P88Q,-5.567,-0.4196067154407501,0.5675472617149353,1.192209243774414
23,8242433,6TA3,MdrDBcore02445,R329K,-1.818,-0.6375728249549866,0.5675472617149353,1.192209243774414
23,8242433,6TA3,MdrDBcore02446,R329K,-4.608,-0.2720804512500763,0.5675472617149353,1.192209243774414
23,8242433,4B7B,MdrDBcore02447,S175A,0.318,-0.07163539528846741,0.5675472617149353,1.192209243774414
23,8242433,6TA3,MdrDBcore02448,S175A,-2.145,-1.2407432794570923,0.5675472617149353,1.192209243774414
23,8242433,6TA3,MdrDBcore02449,S61T,-3.797,-0.7929619550704956,0.5675472617149353,1.192209243774414
23,8242433,6TA3,MdrDBcore02450,T300S,2.351,1.5864633321762085,0.5675472617149353,1.192209243774414
23,8242433,6TA3,MdrDBcore02451,T300S,-4.484,-1.5099684000015259,0.5675472617149353,1.192209243774414
23,8242433,3C5L,MdrDBcore02452,E568A,0.205,-0.07758601754903793,0.5675472617149353,1.192209243774414
23,8242433,3FC2,MdrDBcore02453,I296V,-0.495,-0.20007434487342834,0.5675472617149353,1.192209243774414
23,8242433,3FC2,MdrDBcore02454,K178A,-0.731,0.04621295630931854,0.5675472617149353,1.192209243774414
23,8242433,3FC2,MdrDBcore02455,L286F,0.892,0.01871829479932785,0.5675472617149353,1.192209243774414
23,8242433,3FC2,MdrDBcore02456,P250H,0.566,0.13143041729927063,0.5675472617149353,1.192209243774414
23,8242433,3FC2,MdrDBcore02457,S107N,2.063,0.23966673016548157,0.5675472617149353,1.192209243774414
23,8242433,3FC2,MdrDBcore02458,S224R,-1.082,-0.008370276540517807,0.5675472617149353,1.192209243774414
23,8242433,3C5L,MdrDBcore02459,S375G,-1.329,-0.864433765411377,0.5675472617149353,1.192209243774414
23,8242433,3C5L,MdrDBcore02460,Y421A,-1.499,-0.9145348072052002,0.5675472617149353,1.192209243774414
23,8242433,4BB4,MdrDBcore02461,A645S,0.79,0.4868909418582916,0.5675472617149353,1.192209243774414
23,8242433,4BB4,MdrDBcore02462,A725S,-0.133,0.1859198808670044,0.5675472617149353,1.192209243774414
23,8242433,4BB4,MdrDBcore02463,A800T,0.583,0.16905352473258972,0.5675472617149353,1.192209243774414
23,8242433,2VWU,MdrDBcore02464,A863S,-0.511,0.02737957239151001,0.5675472617149353,1.192209243774414
23,8242433,2VWU,MdrDBcore02465,E609Q,0.13,-0.1718352735042572,0.5675472617149353,1.192209243774414
23,8242433,4BB4,MdrDBcore02466,I610T,0.433,0.2989126741886139,0.5675472617149353,1.192209243774414
23,8242433,4BB4,MdrDBcore02467,I878V,1.48,-0.5070745944976807,0.5675472617149353,1.192209243774414
23,8242433,2BBA,MdrDBcore02468,K162R,-0.567,0.7528994083404541,0.5675472617149353,1.192209243774414
23,8242433,4BB4,MdrDBcore02469,K635N,0.232,0.23251530528068542,0.5675472617149353,1.192209243774414
23,8242433,2BBA,MdrDBcore02470,L21V,-0.295,-0.37846285104751587,0.5675472617149353,1.192209243774414
23,8242433,2BBA,MdrDBcore02471,M185V,0.192,0.18562862277030945,0.5675472617149353,1.192209243774414
23,8242433,2BBA,MdrDBcore02472,P36S,-0.005,0.31662070751190186,0.5675472617149353,1.192209243774414
23,8242433,2BBA,MdrDBcore02473,R105C,-0.145,-0.8609938621520996,0.5675472617149353,1.192209243774414
23,8242433,4BB4,MdrDBcore02474,R656Q,0.853,0.2445809543132782,0.5675472617149353,1.192209243774414
23,8242433,4BB4,MdrDBcore02475,R795Q,-0.058,0.31429553031921387,0.5675472617149353,1.192209243774414
23,8242433,6FNK,MdrDBcore02476,R889G,1.149,0.057565540075302124,0.5675472617149353,1.192209243774414
23,8242433,2QKQ,MdrDBcore02477,R917Q,0.197,0.23144441843032837,0.5675472617149353,1.192209243774414
23,8242433,2QKQ,MdrDBcore02478,R923G,-0.122,0.07384414225816727,0.5675472617149353,1.192209243774414
23,8242433,4BB4,MdrDBcore02479,S825N,-1.453,-0.16432052850723267,0.5675472617149353,1.192209243774414
23,8242433,4BB4,MdrDBcore02480,S848F,-0.034,0.36635181307792664,0.5675472617149353,1.192209243774414
23,8242433,2BBA,MdrDBcore02481,T140M,0.492,-0.03667880594730377,0.5675472617149353,1.192209243774414
23,8242433,4BB4,MdrDBcore02482,V718L,1.653,0.1811072826385498,0.5675472617149353,1.192209243774414
23,8242433,2BBA,MdrDBcore02483,V84I,-0.396,-0.601535975933075,0.5675472617149353,1.192209243774414
23,8242433,2VSL,MdrDBcore02484,A321G,1.593,0.9851614236831665,0.5675472617149353,1.192209243774414
23,8242433,1I3O,MdrDBcore02485,P155T,1.268,0.49300333857536316,0.5675472617149353,1.192209243774414
23,8242433,2VSL,MdrDBcore02486,P325Q,1.069,1.3042410612106323,0.5675472617149353,1.192209243774414
23,8242433,5O6T,MdrDBcore02487,R443C,1.126,0.6208915710449219,0.5675472617149353,1.192209243774414
23,8242433,5O6T,MdrDBcore02488,T437I,1.887,0.1548924744129181,0.5675472617149353,1.192209243774414
23,8242433,2RUH,MdrDBcore02489,D52N,2.049,1.0861297845840454,0.5675472617149353,1.192209243774414
23,8242433,6MWE,MdrDBcore02490,A1006T,1.208,0.06257841736078262,0.5675472617149353,1.192209243774414
23,8242433,4K0V,MdrDBcore02491,A226V,1.161,0.07009797543287277,0.5675472617149353,1.192209243774414
23,8242433,5MYB,MdrDBcore02492,A615T,1.567,1.1778289079666138,0.5675472617149353,1.192209243774414
23,8242433,5MYB,MdrDBcore02493,A724T,0.855,1.4555480480194092,0.5675472617149353,1.192209243774414
23,8242433,6MWE,MdrDBcore02494,A905T,1.09,1.3878295421600342,0.5675472617149353,1.192209243774414
23,8242433,6MWE,MdrDBcore02495,D823E,0.985,1.1005254983901978,0.5675472617149353,1.192209243774414
23,8242433,6MWE,MdrDBcore02496,D982N,0.245,1.0928953886032104,0.5675472617149353,1.192209243774414
23,8242433,6MWE,MdrDBcore02497,F1111C,0.665,1.042496681213379,0.5675472617149353,1.192209243774414
23,8242433,4K0V,MdrDBcore02498,G136R,1.117,1.13599693775177,0.5675472617149353,1.192209243774414
23,8242433,4K0V,MdrDBcore02499,G217V,0.956,0.749005138874054,0.5675472617149353,1.192209243774414
23,8242433,4K0V,MdrDBcore02500,G344D,1.184,0.9736332893371582,0.5675472617149353,1.192209243774414
23,8242433,4K0V,MdrDBcore02501,I148T,0.861,0.43376684188842773,0.5675472617149353,1.192209243774414
23,8242433,5MYA,MdrDBcore02502,I463V,1.443,0.005162164568901062,0.5675472617149353,1.192209243774414
23,8242433,4K0V,MdrDBcore02503,K117N,1.217,0.5917338132858276,0.5675472617149353,1.192209243774414
23,8242433,5MYB,MdrDBcore02504,K646R,0.108,1.4970437288284302,0.5675472617149353,1.192209243774414
23,8242433,2GY5,MdrDBcore02505,L206M,0.284,0.3111179769039154,0.5675472617149353,1.192209243774414
23,8242433,5MYB,MdrDBcore02506,L634F,1.665,1.3941192626953125,0.5675472617149353,1.192209243774414
23,8242433,6MWE,MdrDBcore02507,N1104D,1.622,1.095927119255066,0.5675472617149353,1.192209243774414
23,8242433,5UTK,MdrDBcore02508,N449S,0.566,0.0759275034070015,0.5675472617149353,1.192209243774414
23,8242433,4K0V,MdrDBcore02509,P282S,1.607,1.2237374782562256,0.5675472617149353,1.192209243774414
23,8242433,4K0V,MdrDBcore02510,P304L,0.562,0.57161945104599,0.5675472617149353,1.192209243774414
23,8242433,5MYA,MdrDBcore02511,P469A,0.752,0.18596771359443665,0.5675472617149353,1.192209243774414
23,8242433,6MWE,MdrDBcore02512,P906A,1.209,-0.04866926372051239,0.5675472617149353,1.192209243774414
23,8242433,5MYB,MdrDBcore02513,Q696H,1.001,1.4398568868637085,0.5675472617149353,1.192209243774414
23,8242433,6MWE,MdrDBcore02514,R1076Q,0.517,0.5652074813842773,0.5675472617149353,1.192209243774414
23,8242433,4K0V,MdrDBcore02515,R50C,0.854,0.3849499821662903,0.5675472617149353,1.192209243774414
23,8242433,4K0V,MdrDBcore02516,R50H,0.973,0.6195992231369019,0.5675472617149353,1.192209243774414
23,8242433,6MWE,MdrDBcore02517,S1091P,0.991,0.6016132235527039,0.5675472617149353,1.192209243774414
23,8242433,6MWE,MdrDBcore02518,T1105I,0.602,-0.07422994822263718,0.5675472617149353,1.192209243774414
23,8242433,4K0V,MdrDBcore02519,T391I,0.557,0.9983341693878174,0.5675472617149353,1.192209243774414
23,8242433,5MYB,MdrDBcore02520,T557N,1.304,1.4279069900512695,0.5675472617149353,1.192209243774414
23,8242433,5MYB,MdrDBcore02521,T693S,1.446,1.5039206743240356,0.5675472617149353,1.192209243774414
23,8242433,3BEA,MdrDBcore02522,T761I,1.019,0.2477836310863495,0.5675472617149353,1.192209243774414
23,8242433,4K0V,MdrDBcore02523,V146L,1.541,1.5474631786346436,0.5675472617149353,1.192209243774414
23,8242433,5MYA,MdrDBcore02524,V453M,1.461,0.0474017858505249,0.5675472617149353,1.192209243774414
23,8242433,6MWE,MdrDBcore02525,W1022G,1.72,0.7522942423820496,0.5675472617149353,1.192209243774414
23,8242433,5U9D,MdrDBcore02526,C464F,-0.311,0.43753889203071594,0.5675472617149353,1.192209243774414
23,8242433,5U9D,MdrDBcore02527,C464F,-0.094,-0.21121159195899963,0.5675472617149353,1.192209243774414
23,8242433,5U9D,MdrDBcore02528,D549A,-0.897,0.06363300234079361,0.5675472617149353,1.192209243774414
23,8242433,5U9D,MdrDBcore02529,D549A,-0.012,0.6942915916442871,0.5675472617149353,1.192209243774414
23,8242433,5U9D,MdrDBcore02530,D549A,0.017,-0.21283921599388123,0.5675472617149353,1.192209243774414
23,8242433,5U9D,MdrDBcore02531,E439A,0.268,0.03458982706069946,0.5675472617149353,1.192209243774414
23,8242433,5U9D,MdrDBcore02532,E439A,0.004,-0.26300308108329773,0.5675472617149353,1.192209243774414
23,8242433,5U9D,MdrDBcore02533,E439A,-0.348,-0.1744590848684311,0.5675472617149353,1.192209243774414
23,8242433,5U9D,MdrDBcore02534,E589D,0.232,0.028575129806995392,0.5675472617149353,1.192209243774414
23,8242433,5U9D,MdrDBcore02535,E589D,0.214,-0.15880225598812103,0.5675472617149353,1.192209243774414
23,8242433,5U9D,MdrDBcore02536,E589D,1.263,-0.17852850258350372,0.5675472617149353,1.192209243774414
23,8242433,6YYG,MdrDBcore02537,G47R,-1.231,-0.8369633555412292,0.5675472617149353,1.192209243774414
23,8242433,6YYG,MdrDBcore02538,G47R,0.627,-0.07031498849391937,0.5675472617149353,1.192209243774414
23,8242433,6YYG,MdrDBcore02539,G47R,-0.126,0.9272733926773071,0.5675472617149353,1.192209243774414
23,8242433,6YYG,MdrDBcore02540,H143Y,1.056,0.28099605441093445,0.5675472617149353,1.192209243774414
23,8242433,6YYG,MdrDBcore02541,H143Y,-0.275,1.02010178565979,0.5675472617149353,1.192209243774414
23,8242433,6YYG,MdrDBcore02542,I132N,-0.234,-0.12590733170509338,0.5675472617149353,1.192209243774414
23,8242433,6YYG,MdrDBcore02543,I132N,0.187,-0.04996247589588165,0.5675472617149353,1.192209243774414
23,8242433,6YYG,MdrDBcore02544,I132N,0.465,0.8921961784362793,0.5675472617149353,1.192209243774414
23,8242433,5U9D,MdrDBcore02545,I470S,-1.432,0.03184901177883148,0.5675472617149353,1.192209243774414
23,8242433,5U9D,MdrDBcore02546,I470S,0.16,0.4665258228778839,0.5675472617149353,1.192209243774414
23,8242433,5U9D,MdrDBcore02547,I470S,-1.104,-0.1633802205324173,0.5675472617149353,1.192209243774414
23,8242433,6YYG,MdrDBcore02548,K26N,-0.705,-0.45562559366226196,0.5675472617149353,1.192209243774414
23,8242433,6YYG,MdrDBcore02549,K26N,0.087,0.07067105919122696,0.5675472617149353,1.192209243774414
23,8242433,6YYG,MdrDBcore02550,K26N,-0.132,0.8206735253334045,0.5675472617149353,1.192209243774414
23,8242433,5U9D,MdrDBcore02551,K503R,-2.938,0.06271494179964066,0.5675472617149353,1.192209243774414
23,8242433,5U9D,MdrDBcore02552,K503R,-0.522,-0.34522441029548645,0.5675472617149353,1.192209243774414
23,8242433,5U9D,MdrDBcore02553,K503R,0.081,-0.1758270263671875,0.5675472617149353,1.192209243774414
23,8242433,6TSE,MdrDBcore02554,K60N,-0.109,0.3730107247829437,0.5675472617149353,1.192209243774414
23,8242433,6TSE,MdrDBcore02555,K60N,0.286,-0.3759423494338989,0.5675472617149353,1.192209243774414
23,8242433,6TSE,MdrDBcore02556,K60N,0.085,0.23530736565589905,0.5675472617149353,1.192209243774414
23,8242433,6YYG,MdrDBcore02557,L29M,0.417,0.020200572907924652,0.5675472617149353,1.192209243774414
23,8242433,6YYG,MdrDBcore02558,L29M,1.204,0.9332777857780457,0.5675472617149353,1.192209243774414
23,8242433,5U9D,MdrDBcore02559,M489I,-0.701,0.021956667304039,0.5675472617149353,1.192209243774414
23,8242433,5U9D,MdrDBcore02560,M489I,0.882,-0.25677719712257385,0.5675472617149353,1.192209243774414
23,8242433,6BKH,MdrDBcore02561,M523I,0.56,0.11344664543867111,0.5675472617149353,1.192209243774414
23,8242433,5U9D,MdrDBcore02562,M596L,-0.517,0.046687476336956024,0.5675472617149353,1.192209243774414
23,8242433,5U9D,MdrDBcore02563,M596L,-0.969,-0.32447347044944763,0.5675472617149353,1.192209243774414
23,8242433,5U9D,MdrDBcore02564,M596L,-1.462,-0.20208513736724854,0.5675472617149353,1.192209243774414
23,8242433,6BKH,MdrDBcore02565,M630L,0.078,0.16179046034812927,0.5675472617149353,1.192209243774414
23,8242433,6BKH,MdrDBcore02566,M630L,-0.769,0.104899100959301,0.5675472617149353,1.192209243774414
23,8242433,6BKH,MdrDBcore02567,M630L,-1.245,0.4144962728023529,0.5675472617149353,1.192209243774414
23,8242433,5U9D,MdrDBcore02568,P566L,-0.603,-0.008570700883865356,0.5675472617149353,1.192209243774414
23,8242433,5U9D,MdrDBcore02569,P566L,-0.608,-0.1175566017627716,0.5675472617149353,1.192209243774414
23,8242433,6YYG,MdrDBcore02570,P74L,-0.088,0.016826122999191284,0.5675472617149353,1.192209243774414
23,8242433,6YYG,MdrDBcore02571,P74L,1.93,0.7520780563354492,0.5675472617149353,1.192209243774414
23,8242433,6HTF,MdrDBcore02572,Q290L,0.286,-0.3631649315357208,0.5675472617149353,1.192209243774414
23,8242433,6HTF,MdrDBcore02573,Q290L,-0.376,-0.22465503215789795,0.5675472617149353,1.192209243774414
23,8242433,6HTF,MdrDBcore02574,Q290L,-1.525,-0.8761242032051086,0.5675472617149353,1.192209243774414
23,8242433,6HTF,MdrDBcore02575,Q324L,-2.267,0.37177273631095886,0.5675472617149353,1.192209243774414
23,8242433,6HTF,MdrDBcore02576,Q379A,-0.11,-0.23119288682937622,0.5675472617149353,1.192209243774414
23,8242433,6HTF,MdrDBcore02577,Q379A,-0.581,-0.9024866223335266,0.5675472617149353,1.192209243774414
23,8242433,6YYG,MdrDBcore02578,R46H,-2.973,-1.6040328741073608,0.5675472617149353,1.192209243774414
23,8242433,1BTK,MdrDBcore02579,R82K,-1.792,0.24060943722724915,0.5675472617149353,1.192209243774414
23,8242433,1BTK,MdrDBcore02580,R82K,-1.028,0.03419768065214157,0.5675472617149353,1.192209243774414
23,8242433,1BTK,MdrDBcore02581,R82K,-0.046,0.2554725706577301,0.5675472617149353,1.192209243774414
23,8242433,5U9D,MdrDBcore02582,T495S,0.266,0.04590319097042084,0.5675472617149353,1.192209243774414
23,8242433,5U9D,MdrDBcore02583,T495S,0.076,-0.034036219120025635,0.5675472617149353,1.192209243774414
23,8242433,5U9D,MdrDBcore02584,T495S,-1.916,-0.24215534329414368,0.5675472617149353,1.192209243774414
23,8242433,6YYG,MdrDBcore02585,V105L,-0.448,-0.05138946324586868,0.5675472617149353,1.192209243774414
23,8242433,6YYG,MdrDBcore02586,V105L,1.7,0.8368740677833557,0.5675472617149353,1.192209243774414
23,8242433,6YYG,MdrDBcore02587,V113I,-2.071,0.31565743684768677,0.5675472617149353,1.192209243774414
23,8242433,6YYG,MdrDBcore02588,V113I,0.244,-0.026298049837350845,0.5675472617149353,1.192209243774414
23,8242433,6YYG,MdrDBcore02589,V113I,0.377,0.7887741327285767,0.5675472617149353,1.192209243774414
23,8242433,6TSE,MdrDBcore02590,V139L,-0.248,0.22476524114608765,0.5675472617149353,1.192209243774414
23,8242433,6TSE,MdrDBcore02591,V139L,1.917,0.3379646837711334,0.5675472617149353,1.192209243774414
23,8242433,5U9D,MdrDBcore02592,V427M,-2.653,0.013474978506565094,0.5675472617149353,1.192209243774414
23,8242433,5U9D,MdrDBcore02593,V427M,-0.281,0.41041165590286255,0.5675472617149353,1.192209243774414
23,8242433,5U9D,MdrDBcore02594,V427M,0.086,-0.12301543354988098,0.5675472617149353,1.192209243774414
23,8242433,5U9D,MdrDBcore02595,W588C,-0.308,-0.03095969185233116,0.5675472617149353,1.192209243774414
23,8242433,5U9D,MdrDBcore02596,W588C,-1.204,-0.20109865069389343,0.5675472617149353,1.192209243774414
23,8242433,6HTF,MdrDBcore02597,Y361C,0.633,-0.36863431334495544,0.5675472617149353,1.192209243774414
23,8242433,6HTF,MdrDBcore02598,Y361C,0.46,-0.7159903645515442,0.5675472617149353,1.192209243774414
23,8242433,4BDU,MdrDBcore02599,A213V,1.244,0.27446281909942627,0.5675472617149353,1.192209243774414
23,8242433,4BDU,MdrDBcore02600,D208E,1.288,0.16066816449165344,0.5675472617149353,1.192209243774414
23,8242433,1F16,MdrDBcore02601,E75K,1.155,0.2241479456424713,0.5675472617149353,1.192209243774414
23,8242433,4BDU,MdrDBcore02602,F214L,1.385,0.24672463536262512,0.5675472617149353,1.192209243774414
23,8242433,1F16,MdrDBcore02603,G108V,1.373,0.07071364670991898,0.5675472617149353,1.192209243774414
23,8242433,1F16,MdrDBcore02604,G11E,1.093,0.28962990641593933,0.5675472617149353,1.192209243774414
23,8242433,1F16,MdrDBcore02605,G39A,1.301,0.27566075325012207,0.5675472617149353,1.192209243774414
23,8242433,1F16,MdrDBcore02606,G67R,1.74,0.409474641084671,0.5675472617149353,1.192209243774414
23,8242433,1F16,MdrDBcore02607,I136L,1.611,0.3695131242275238,0.5675472617149353,1.192209243774414
23,8242433,1F16,MdrDBcore02608,I31T,1.834,0.2972963750362396,0.5675472617149353,1.192209243774414
23,8242433,1F16,MdrDBcore02609,L144I,1.706,0.4728304445743561,0.5675472617149353,1.192209243774414
23,8242433,1F16,MdrDBcore02610,P130L,1.446,0.3531832993030548,0.5675472617149353,1.192209243774414
23,8242433,1F16,MdrDBcore02611,P88S,0.944,0.3513791859149933,0.5675472617149353,1.192209243774414
23,8242433,1F16,MdrDBcore02612,Q32P,0.34,0.3587453067302704,0.5675472617149353,1.192209243774414
23,8242433,4BDU,MdrDBcore02613,R195T,1.04,-0.2837252914905548,0.5675472617149353,1.192209243774414
23,8242433,1F16,MdrDBcore02614,R78M,1.243,0.4525550901889801,0.5675472617149353,1.192209243774414
23,8242433,1F16,MdrDBcore02615,V83M,1.382,0.2948104739189148,0.5675472617149353,1.192209243774414
23,8242433,6UDT,MdrDBcore02616,A193T,-1.212,-0.11232184618711472,0.5675472617149353,1.192209243774414
23,8242433,6UDT,MdrDBcore02617,A193T,0.658,0.4222327172756195,0.5675472617149353,1.192209243774414
23,8242433,6OVC,MdrDBcore02618,D72G,0.189,0.8831596970558167,0.5675472617149353,1.192209243774414
23,8242433,6OVC,MdrDBcore02619,D72G,-1.578,0.9720151424407959,0.5675472617149353,1.192209243774414
23,8242433,6OVC,MdrDBcore02620,D72G,0.302,-0.14831402897834778,0.5675472617149353,1.192209243774414
23,8242433,6UDT,MdrDBcore02621,E322Q,0.154,0.6224203705787659,0.5675472617149353,1.192209243774414
23,8242433,6UDT,MdrDBcore02622,E322Q,-1.442,0.33189356327056885,0.5675472617149353,1.192209243774414
23,8242433,6UDT,MdrDBcore02623,E322Q,-0.063,0.21124574542045593,0.5675472617149353,1.192209243774414
23,8242433,6UDT,MdrDBcore02624,M231L,2.132,1.3480294942855835,0.5675472617149353,1.192209243774414
23,8242433,6UDT,MdrDBcore02625,M231L,-0.795,0.09927623718976974,0.5675472617149353,1.192209243774414
23,8242433,6UDT,MdrDBcore02626,M231L,-0.411,0.4674552381038666,0.5675472617149353,1.192209243774414
23,8242433,6UDT,MdrDBcore02627,N260S,0.389,0.41033458709716797,0.5675472617149353,1.192209243774414
23,8242433,6UDT,MdrDBcore02628,R215G,-0.152,0.133445143699646,0.5675472617149353,1.192209243774414
23,8242433,6UDT,MdrDBcore02629,R215G,-0.633,0.3639911711215973,0.5675472617149353,1.192209243774414
23,8242433,6UDT,MdrDBcore02630,R215G,-0.098,0.3520670533180237,0.5675472617149353,1.192209243774414
23,8242433,6UDT,MdrDBcore02631,R263K,-0.008,0.02428387850522995,0.5675472617149353,1.192209243774414
23,8242433,6UDT,MdrDBcore02632,S247F,1.466,0.940477728843689,0.5675472617149353,1.192209243774414
23,8242433,6UDT,MdrDBcore02633,S247F,1.16,0.36314359307289124,0.5675472617149353,1.192209243774414
23,8242433,6UDT,MdrDBcore02634,S247F,-0.298,0.34873828291893005,0.5675472617149353,1.192209243774414
23,8242433,4AG4,MdrDBcore02635,A196S,0.528,-0.15347015857696533,0.5675472617149353,1.192209243774414
23,8242433,4AG4,MdrDBcore02636,A353V,0.818,-0.1151554211974144,0.5675472617149353,1.192209243774414
23,8242433,4AG4,MdrDBcore02637,A59G,-0.554,-0.6710203289985657,0.5675472617149353,1.192209243774414
23,8242433,6FEX,MdrDBcore02638,D630E,-0.095,0.2577682435512543,0.5675472617149353,1.192209243774414
23,8242433,4AG4,MdrDBcore02639,F241L,0.06,0.6107609272003174,0.5675472617149353,1.192209243774414
23,8242433,4AG4,MdrDBcore02640,M311V,0.216,-0.10820605605840683,0.5675472617149353,1.192209243774414
23,8242433,4AG4,MdrDBcore02641,R135C,-1.11,-0.31731826066970825,0.5675472617149353,1.192209243774414
23,8242433,4AG4,MdrDBcore02642,R172W,0.25,-0.2301374077796936,0.5675472617149353,1.192209243774414
23,8242433,4AG4,MdrDBcore02643,R276Q,0.243,-0.20766419172286987,0.5675472617149353,1.192209243774414
23,8242433,4AG4,MdrDBcore02644,R307H,0.498,-0.4857151508331299,0.5675472617149353,1.192209243774414
23,8242433,4AG4,MdrDBcore02645,R319C,-1.029,-0.4099106192588806,0.5675472617149353,1.192209243774414
23,8242433,4AG4,MdrDBcore02646,R349C,0.82,0.018853798508644104,0.5675472617149353,1.192209243774414
23,8242433,4AG4,MdrDBcore02647,R60C,-0.33,0.024393826723098755,0.5675472617149353,1.192209243774414
23,8242433,6BRJ,MdrDBcore02648,R761C,0.627,-0.22623121738433838,0.5675472617149353,1.192209243774414
23,8242433,4AG4,MdrDBcore02649,S360R,-1.678,-0.3347960412502289,0.5675472617149353,1.192209243774414
23,8242433,4AG4,MdrDBcore02650,T292M,0.565,-0.31330186128616333,0.5675472617149353,1.192209243774414
23,8242433,4AG4,MdrDBcore02651,V100A,0.636,-0.24305322766304016,0.5675472617149353,1.192209243774414
23,8242433,4AG4,MdrDBcore02652,W187C,0.186,0.11358606070280075,0.5675472617149353,1.192209243774414
23,8242433,3QGY,MdrDBcore02653,K385N,0.853,0.7200364470481873,0.5675472617149353,1.192209243774414
23,8242433,3MJ2,MdrDBcore02654,L508M,1.118,0.4010758399963379,0.5675472617149353,1.192209243774414
23,8242433,3QGY,MdrDBcore02655,M438L,0.04,0.012295037508010864,0.5675472617149353,1.192209243774414
23,8242433,3QGY,MdrDBcore02656,P558T,-0.802,0.6907487511634827,0.5675472617149353,1.192209243774414
23,8242433,4HCU,MdrDBcore02657,R394Q,0.768,0.6829798221588135,0.5675472617149353,1.192209243774414
23,8242433,3QGY,MdrDBcore02658,R610H,-0.279,-0.2248075306415558,0.5675472617149353,1.192209243774414
23,8242433,6B16,MdrDBcore02659,D505G,1.166,0.8651882410049438,0.5675472617149353,1.192209243774414
23,8242433,6B16,MdrDBcore02660,G364V,1.665,0.864487886428833,0.5675472617149353,1.192209243774414
23,8242433,6B16,MdrDBcore02661,R371C,0.72,0.9266928434371948,0.5675472617149353,1.192209243774414
23,8242433,6B16,MdrDBcore02662,S259N,2.228,0.9808348417282104,0.5675472617149353,1.192209243774414
23,8242433,6B16,MdrDBcore02663,S382L,0.546,0.8585451245307922,0.5675472617149353,1.192209243774414
23,8242433,6B16,MdrDBcore02664,T406A,2.328,1.4987702369689941,0.5675472617149353,1.192209243774414
23,8242433,6B16,MdrDBcore02665,V403A,1.274,0.9447022676467896,0.5675472617149353,1.192209243774414
23,8242433,5BYZ,MdrDBcore02666,D364E,0.649,0.726248562335968,0.5675472617149353,1.192209243774414
23,8242433,5BYZ,MdrDBcore02667,D387Y,1.262,0.5683320164680481,0.5675472617149353,1.192209243774414
23,8242433,5BYZ,MdrDBcore02668,K104N,0.611,0.6136465072631836,0.5675472617149353,1.192209243774414
23,8242433,4ZSL,MdrDBcore02669,P361L,1.395,0.3192084729671478,0.5675472617149353,1.192209243774414
23,8242433,5BYZ,MdrDBcore02670,R318H,-0.87,-0.08415110409259796,0.5675472617149353,1.192209243774414
23,8242433,5BYZ,MdrDBcore02671,R392C,0.158,-0.6646353006362915,0.5675472617149353,1.192209243774414
23,8242433,5BYZ,MdrDBcore02672,S247F,1.071,0.1344415843486786,0.5675472617149353,1.192209243774414
23,8242433,5NP0,MdrDBcore02673,A1090T,1.093,0.1628074049949646,0.5675472617149353,1.192209243774414
23,8242433,5NP0,MdrDBcore02674,A1090T,0.801,1.1074721813201904,0.5675472617149353,1.192209243774414
23,8242433,5NP0,MdrDBcore02675,A1090T,0.613,1.056692361831665,0.5675472617149353,1.192209243774414
23,8242433,5NP0,MdrDBcore02676,A1127V,0.85,0.5815560817718506,0.5675472617149353,1.192209243774414
23,8242433,5NP0,MdrDBcore02677,A1127V,1.404,1.0027785301208496,0.5675472617149353,1.192209243774414
23,8242433,6K9L,MdrDBcore02678,A1127V,0.818,0.5679658651351929,0.5675472617149353,1.192209243774414
23,8242433,6K9K,MdrDBcore02679,A1309T,-0.629,0.1209520623087883,0.5675472617149353,1.192209243774414
23,8242433,5NP0,MdrDBcore02680,A1309T,0.06,1.0359961986541748,0.5675472617149353,1.192209243774414
23,8242433,5NP0,MdrDBcore02681,A1309T,0.213,0.8919864296913147,0.5675472617149353,1.192209243774414
23,8242433,6K9L,MdrDBcore02682,A1670V,1.657,0.9998151063919067,0.5675472617149353,1.192209243774414
23,8242433,6K9K,MdrDBcore02683,A2635G,1.528,0.8667955994606018,0.5675472617149353,1.192209243774414
23,8242433,6K9K,MdrDBcore02684,A2688V,0.937,0.3904988765716553,0.5675472617149353,1.192209243774414
23,8242433,6K9K,MdrDBcore02685,A2688V,1.579,1.3302148580551147,0.5675472617149353,1.192209243774414
23,8242433,5NP1,MdrDBcore02686,A2843V,2.515,1.3294936418533325,0.5675472617149353,1.192209243774414
23,8242433,5NP0,MdrDBcore02687,A2843V,1.796,1.1773414611816406,0.5675472617149353,1.192209243774414
23,8242433,6K9K,MdrDBcore02688,A2843V,1.098,-0.07886222749948502,0.5675472617149353,1.192209243774414
23,8242433,6K9L,MdrDBcore02689,C1482R,1.059,0.010904602706432343,0.5675472617149353,1.192209243774414
23,8242433,5NP0,MdrDBcore02690,C1482R,0.948,1.1149981021881104,0.5675472617149353,1.192209243774414
23,8242433,5NP0,MdrDBcore02691,C1726F,0.987,1.1732661724090576,0.5675472617149353,1.192209243774414
23,8242433,7NI6,MdrDBcore02692,C2464R,0.523,0.36418116092681885,0.5675472617149353,1.192209243774414
23,8242433,7NI6,MdrDBcore02693,C2464R,0.031,-0.08172744512557983,0.5675472617149353,1.192209243774414
23,8242433,7NI6,MdrDBcore02694,C2464R,0.51,-0.06508350372314453,0.5675472617149353,1.192209243774414
23,8242433,5NP0,MdrDBcore02695,D130Y,2.065,0.927682638168335,0.5675472617149353,1.192209243774414
23,8242433,5NP1,MdrDBcore02696,D130Y,1.47,1.2030367851257324,0.5675472617149353,1.192209243774414
23,8242433,5NP0,MdrDBcore02697,D1725H,1.117,0.8344117403030396,0.5675472617149353,1.192209243774414
23,8242433,5NP1,MdrDBcore02698,D1725H,2.269,0.6808937788009644,0.5675472617149353,1.192209243774414
23,8242433,5NP0,MdrDBcore02699,D1853V,0.083,0.141036719083786,0.5675472617149353,1.192209243774414
23,8242433,5NP0,MdrDBcore02700,D1853V,1.081,1.174562692642212,0.5675472617149353,1.192209243774414
23,8242433,5NP0,MdrDBcore02701,D1853V,0.75,0.6008352041244507,0.5675472617149353,1.192209243774414
23,8242433,6K9K,MdrDBcore02702,D351N,1.515,1.4550375938415527,0.5675472617149353,1.192209243774414
23,8242433,5NP0,MdrDBcore02703,D351N,1.13,0.9494408369064331,0.5675472617149353,1.192209243774414
23,8242433,7NI5,MdrDBcore02704,D479A,0.092,-0.12460120767354965,0.5675472617149353,1.192209243774414
23,8242433,7NI5,MdrDBcore02705,D814E,0.033,0.09090995043516159,0.5675472617149353,1.192209243774414
23,8242433,7NI5,MdrDBcore02706,D814E,0.369,0.20089858770370483,0.5675472617149353,1.192209243774414
23,8242433,7NI5,MdrDBcore02707,D814E,0.034,-0.07726021111011505,0.5675472617149353,1.192209243774414
23,8242433,5NP0,MdrDBcore02708,E1533G,1.765,1.0685096979141235,0.5675472617149353,1.192209243774414
23,8242433,6K9K,MdrDBcore02709,E1533G,2.37,0.8257556557655334,0.5675472617149353,1.192209243774414
23,8242433,5NP1,MdrDBcore02710,E1856Q,1.655,1.352563738822937,0.5675472617149353,1.192209243774414
23,8242433,5NP0,MdrDBcore02711,E1856Q,1.568,0.12436965852975845,0.5675472617149353,1.192209243774414
23,8242433,5NP1,MdrDBcore02712,E2351G,1.299,0.7248878479003906,0.5675472617149353,1.192209243774414
23,8242433,5NP0,MdrDBcore02713,E2351G,1.074,0.8021970987319946,0.5675472617149353,1.192209243774414
23,8242433,6K9L,MdrDBcore02714,E2351G,1.118,0.8282663822174072,0.5675472617149353,1.192209243774414
23,8242433,5NP0,MdrDBcore02715,E2468K,2.034,1.1866681575775146,0.5675472617149353,1.192209243774414
23,8242433,5NP1,MdrDBcore02716,E2468K,1.781,0.6167429685592651,0.5675472617149353,1.192209243774414
23,8242433,5NP0,MdrDBcore02717,E347K,0.796,1.0512561798095703,0.5675472617149353,1.192209243774414
23,8242433,5NP1,MdrDBcore02718,E347K,0.865,0.9147113561630249,0.5675472617149353,1.192209243774414
23,8242433,5NP0,MdrDBcore02719,E586D,1.046,1.160707950592041,0.5675472617149353,1.192209243774414
23,8242433,5NP0,MdrDBcore02720,E586D,1.294,1.0744986534118652,0.5675472617149353,1.192209243774414
23,8242433,5NP1,MdrDBcore02721,E632Q,0.798,0.43037113547325134,0.5675472617149353,1.192209243774414
23,8242433,5NP0,MdrDBcore02722,E632Q,0.88,1.1706974506378174,0.5675472617149353,1.192209243774414
23,8242433,5NP1,MdrDBcore02723,E632Q,0.699,0.9579885005950928,0.5675472617149353,1.192209243774414
23,8242433,5NP1,MdrDBcore02724,F1896L,-0.721,-0.8271867632865906,0.5675472617149353,1.192209243774414
23,8242433,5NP0,MdrDBcore02725,F1896L,0.103,0.22035646438598633,0.5675472617149353,1.192209243774414
23,8242433,5NP1,MdrDBcore02726,F1896L,-0.426,1.0714828968048096,0.5675472617149353,1.192209243774414
23,8242433,7NI6,MdrDBcore02727,F2265L,-0.319,0.3366772532463074,0.5675472617149353,1.192209243774414
23,8242433,7NI6,MdrDBcore02728,F2265L,0.522,0.31985923647880554,0.5675472617149353,1.192209243774414
23,8242433,7NI5,MdrDBcore02729,F2265L,-0.811,-0.11887195706367493,0.5675472617149353,1.192209243774414
23,8242433,5NP1,MdrDBcore02730,G2022V,1.218,1.1841063499450684,0.5675472617149353,1.192209243774414
23,8242433,6K9L,MdrDBcore02731,G2022V,1.688,1.2730664014816284,0.5675472617149353,1.192209243774414
23,8242433,6K9L,MdrDBcore02732,G2917R,1.869,0.6097157597541809,0.5675472617149353,1.192209243774414
23,8242433,5NP0,MdrDBcore02733,G2917R,1.204,1.1394879817962646,0.5675472617149353,1.192209243774414
23,8242433,5NP0,MdrDBcore02734,G506C,1.491,1.000912070274353,0.5675472617149353,1.192209243774414
23,8242433,6K9L,MdrDBcore02735,G506C,1.582,0.8593966960906982,0.5675472617149353,1.192209243774414
23,8242433,5NP0,MdrDBcore02736,G506C,1.131,0.8578664660453796,0.5675472617149353,1.192209243774414
23,8242433,6K9L,MdrDBcore02737,H1083Y,-0.675,0.5471386909484863,0.5675472617149353,1.192209243774414
23,8242433,6K9K,MdrDBcore02738,H1380Y,-0.004,0.18102094531059265,0.5675472617149353,1.192209243774414
23,8242433,5NP0,MdrDBcore02739,H1380Y,0.735,1.0622873306274414,0.5675472617149353,1.192209243774414
23,8242433,5NP0,MdrDBcore02740,H1876Q,-0.369,1.1363445520401,0.5675472617149353,1.192209243774414
23,8242433,5NP0,MdrDBcore02741,H1876Q,0.326,0.8349714279174805,0.5675472617149353,1.192209243774414
23,8242433,5NP0,MdrDBcore02742,H448R,1.96,1.210523247718811,0.5675472617149353,1.192209243774414
23,8242433,5NP1,MdrDBcore02743,H448R,1.566,1.098528504371643,0.5675472617149353,1.192209243774414
23,8242433,5NP0,MdrDBcore02744,H683R,1.726,0.9397281408309937,0.5675472617149353,1.192209243774414
23,8242433,5NP0,MdrDBcore02745,H683R,1.593,0.9708958864212036,0.5675472617149353,1.192209243774414
23,8242433,6K9K,MdrDBcore02746,I1453T,1.358,0.33765310049057007,0.5675472617149353,1.192209243774414
23,8242433,5NP0,MdrDBcore02747,I1688T,1.442,1.1338163614273071,0.5675472617149353,1.192209243774414
23,8242433,5NP1,MdrDBcore02748,I1688T,1.174,1.2151525020599365,0.5675472617149353,1.192209243774414
23,8242433,6K9L,MdrDBcore02749,I2920N,2.125,1.0110852718353271,0.5675472617149353,1.192209243774414
23,8242433,5NP0,MdrDBcore02750,K1572T,-0.429,0.8984297513961792,0.5675472617149353,1.192209243774414
23,8242433,6K9L,MdrDBcore02751,K1572T,0.666,0.7489476203918457,0.5675472617149353,1.192209243774414
23,8242433,6K9L,MdrDBcore02752,K1964E,1.556,1.4012961387634277,0.5675472617149353,1.192209243774414
23,8242433,5NP1,MdrDBcore02753,K2318Q,1.556,0.9513245820999146,0.5675472617149353,1.192209243774414
23,8242433,5NP0,MdrDBcore02754,K2318Q,1.27,1.1458704471588135,0.5675472617149353,1.192209243774414
23,8242433,5NP1,MdrDBcore02755,K2749I,1.749,1.2550640106201172,0.5675472617149353,1.192209243774414
23,8242433,5NP1,MdrDBcore02756,K2749I,1.757,1.0407931804656982,0.5675472617149353,1.192209243774414
23,8242433,5NP0,MdrDBcore02757,K31A,0.119,1.034306526184082,0.5675472617149353,1.192209243774414
23,8242433,6K9L,MdrDBcore02758,K482Q,1.174,0.6205487251281738,0.5675472617149353,1.192209243774414
23,8242433,5NP0,MdrDBcore02759,K482Q,1.683,1.1280794143676758,0.5675472617149353,1.192209243774414
23,8242433,5NP0,MdrDBcore02760,L1472F,0.971,1.0402283668518066,0.5675472617149353,1.192209243774414
23,8242433,6K9L,MdrDBcore02761,L1824F,-0.608,0.4117235839366913,0.5675472617149353,1.192209243774414
23,8242433,5NP1,MdrDBcore02762,L1824F,0.944,0.827383279800415,0.5675472617149353,1.192209243774414
23,8242433,5NP1,MdrDBcore02763,L2307F,1.662,0.3461717367172241,0.5675472617149353,1.192209243774414
23,8242433,6K9L,MdrDBcore02764,L2307F,1.612,0.818993866443634,0.5675472617149353,1.192209243774414
23,8242433,5NP0,MdrDBcore02765,L243W,1.371,0.08399038761854172,0.5675472617149353,1.192209243774414
23,8242433,5NP0,MdrDBcore02766,L243W,0.86,1.0772409439086914,0.5675472617149353,1.192209243774414
23,8242433,5NP0,MdrDBcore02767,L345F,0.888,0.570561408996582,0.5675472617149353,1.192209243774414
23,8242433,5NP0,MdrDBcore02768,L345F,1.103,0.8714466691017151,0.5675472617149353,1.192209243774414
23,8242433,5NP0,MdrDBcore02769,L345F,1.366,0.8541039824485779,0.5675472617149353,1.192209243774414
23,8242433,5NP0,MdrDBcore02770,L546V,0.183,0.9473241567611694,0.5675472617149353,1.192209243774414
23,8242433,6K9L,MdrDBcore02771,L944V,1.061,1.1323027610778809,0.5675472617149353,1.192209243774414
23,8242433,6K9K,MdrDBcore02772,L944V,1.202,0.5568602681159973,0.5675472617149353,1.192209243774414
23,8242433,7NI5,MdrDBcore02773,M1040V,0.411,0.20765623450279236,0.5675472617149353,1.192209243774414
23,8242433,7NI5,MdrDBcore02774,M1040V,-0.275,0.20510032773017883,0.5675472617149353,1.192209243774414
23,8242433,5NP0,MdrDBcore02775,M1064I,1.521,0.9315452575683594,0.5675472617149353,1.192209243774414
23,8242433,5NP1,MdrDBcore02776,M1210V,2.327,1.437106966972351,0.5675472617149353,1.192209243774414
23,8242433,5NP0,MdrDBcore02777,M1210V,1.764,0.8572465181350708,0.5675472617149353,1.192209243774414
23,8242433,5NP1,MdrDBcore02778,M1210V,1.694,0.9814231395721436,0.5675472617149353,1.192209243774414
23,8242433,5NP0,MdrDBcore02779,M1967V,0.97,0.8384264707565308,0.5675472617149353,1.192209243774414
23,8242433,6K9K,MdrDBcore02780,N1005I,1.241,0.7523868083953857,0.5675472617149353,1.192209243774414
23,8242433,6K9L,MdrDBcore02781,N1005I,1.561,1.1534703969955444,0.5675472617149353,1.192209243774414
23,8242433,5NP1,MdrDBcore02782,N1005I,0.866,0.8604754209518433,0.5675472617149353,1.192209243774414
23,8242433,5NP0,MdrDBcore02783,N1005S,-0.183,0.8804541826248169,0.5675472617149353,1.192209243774414
23,8242433,5NP1,MdrDBcore02784,N1005S,-0.375,0.43112048506736755,0.5675472617149353,1.192209243774414
23,8242433,6K9K,MdrDBcore02785,N1650S,1.956,0.33039626479148865,0.5675472617149353,1.192209243774414
23,8242433,5NP0,MdrDBcore02786,N230T,1.358,1.0291862487792969,0.5675472617149353,1.192209243774414
23,8242433,5NP0,MdrDBcore02787,N2826I,1.237,0.6022472381591797,0.5675472617149353,1.192209243774414
23,8242433,5NP0,MdrDBcore02788,N2826I,1.154,0.6876322031021118,0.5675472617149353,1.192209243774414
23,8242433,5NP1,MdrDBcore02789,N2826I,1.074,0.30458876490592957,0.5675472617149353,1.192209243774414
23,8242433,5NP0,MdrDBcore02790,P2353H,1.265,0.9035671949386597,0.5675472617149353,1.192209243774414
23,8242433,5NP0,MdrDBcore02791,P2353H,1.046,0.7300124168395996,0.5675472617149353,1.192209243774414
23,8242433,7NI6,MdrDBcore02792,P2518S,0.426,-0.2554560601711273,0.5675472617149353,1.192209243774414
23,8242433,7NI6,MdrDBcore02793,P2518S,0.328,0.01643303781747818,0.5675472617149353,1.192209243774414
23,8242433,7NI6,MdrDBcore02794,P2518S,-0.362,-0.21346110105514526,0.5675472617149353,1.192209243774414
23,8242433,6K9K,MdrDBcore02795,P2648S,1.236,-0.19700860977172852,0.5675472617149353,1.192209243774414
23,8242433,5NP0,MdrDBcore02796,P2648S,1.38,1.081803560256958,0.5675472617149353,1.192209243774414
23,8242433,6K9K,MdrDBcore02797,P2974L,0.839,0.06699726730585098,0.5675472617149353,1.192209243774414
23,8242433,5NP0,MdrDBcore02798,P2974L,1.371,1.1245167255401611,0.5675472617149353,1.192209243774414
23,8242433,5NP0,MdrDBcore02799,P604S,1.651,1.3790860176086426,0.5675472617149353,1.192209243774414
23,8242433,5NP0,MdrDBcore02800,P960R,1.415,0.7675685882568359,0.5675472617149353,1.192209243774414
23,8242433,5NP0,MdrDBcore02801,P960R,1.25,1.096125602722168,0.5675472617149353,1.192209243774414
23,8242433,6K9L,MdrDBcore02802,Q1128E,1.504,1.177249789237976,0.5675472617149353,1.192209243774414
23,8242433,5NP1,MdrDBcore02803,Q1128E,1.084,1.1267602443695068,0.5675472617149353,1.192209243774414
23,8242433,5NP0,MdrDBcore02804,Q1128R,0.312,0.3634498119354248,0.5675472617149353,1.192209243774414
23,8242433,5NP0,MdrDBcore02805,Q1128R,0.801,1.1222524642944336,0.5675472617149353,1.192209243774414
23,8242433,5NP1,MdrDBcore02806,Q1361R,2.374,1.4515312910079956,0.5675472617149353,1.192209243774414
23,8242433,6K9L,MdrDBcore02807,Q1361R,1.34,1.3079187870025635,0.5675472617149353,1.192209243774414
23,8242433,7NI6,MdrDBcore02808,Q1919P,0.143,-0.017004556953907013,0.5675472617149353,1.192209243774414
23,8242433,7NI5,MdrDBcore02809,Q1919P,0.053,-0.04711238294839859,0.5675472617149353,1.192209243774414
23,8242433,5NP0,MdrDBcore02810,Q2210A,1.931,1.0686426162719727,0.5675472617149353,1.192209243774414
23,8242433,5NP1,MdrDBcore02811,Q2210A,1.494,0.8482974171638489,0.5675472617149353,1.192209243774414
23,8242433,6K9L,MdrDBcore02812,Q2733P,0.914,0.9855103492736816,0.5675472617149353,1.192209243774414
23,8242433,5NP0,MdrDBcore02813,Q2733P,1.786,1.161054253578186,0.5675472617149353,1.192209243774414
23,8242433,5NP0,MdrDBcore02814,Q2762R,1.632,1.1862540245056152,0.5675472617149353,1.192209243774414
23,8242433,6K9L,MdrDBcore02815,Q2800A,0.735,0.1917819380760193,0.5675472617149353,1.192209243774414
23,8242433,5NP0,MdrDBcore02816,Q2800A,0.13,0.8772680759429932,0.5675472617149353,1.192209243774414
23,8242433,6K9K,MdrDBcore02817,Q2800A,-0.566,-0.27888014912605286,0.5675472617149353,1.192209243774414
23,8242433,6K9L,MdrDBcore02818,Q2825P,1.001,-0.08258543163537979,0.5675472617149353,1.192209243774414
23,8242433,5NP0,MdrDBcore02819,Q2825P,0.95,1.1592316627502441,0.5675472617149353,1.192209243774414
23,8242433,5NP1,MdrDBcore02820,Q2825P,0.908,0.5919780731201172,0.5675472617149353,1.192209243774414
23,8242433,6K9K,MdrDBcore02821,Q65P,1.638,0.25880980491638184,0.5675472617149353,1.192209243774414
23,8242433,5NP0,MdrDBcore02822,Q65P,0.955,0.8602728843688965,0.5675472617149353,1.192209243774414
23,8242433,5NP0,MdrDBcore02823,R1086H,0.329,1.056466817855835,0.5675472617149353,1.192209243774414
23,8242433,6K9L,MdrDBcore02824,R1086H,0.23,0.9308886528015137,0.5675472617149353,1.192209243774414
23,8242433,6K9L,MdrDBcore02825,R1585S,1.336,1.0292993783950806,0.5675472617149353,1.192209243774414
23,8242433,5NP0,MdrDBcore02826,R1585S,1.371,1.1063296794891357,0.5675472617149353,1.192209243774414
23,8242433,5NP0,MdrDBcore02827,R1618A,0.651,0.7823184728622437,0.5675472617149353,1.192209243774414
23,8242433,5NP0,MdrDBcore02828,R1618A,-0.379,0.43310824036598206,0.5675472617149353,1.192209243774414
23,8242433,7NI5,MdrDBcore02829,R1618Q,1.52,0.19320297241210938,0.5675472617149353,1.192209243774414
23,8242433,7NI5,MdrDBcore02830,R1618Q,0.522,0.19493862986564636,0.5675472617149353,1.192209243774414
23,8242433,7NI4,MdrDBcore02831,R1618Q,0.347,0.08132841438055038,0.5675472617149353,1.192209243774414
23,8242433,5NP0,MdrDBcore02832,R2244T,1.347,1.4362404346466064,0.5675472617149353,1.192209243774414
23,8242433,5NP1,MdrDBcore02833,R2244T,1.616,1.2031532526016235,0.5675472617149353,1.192209243774414
23,8242433,5NP0,MdrDBcore02834,R2244T,1.936,1.018574833869934,0.5675472617149353,1.192209243774414
23,8242433,6K9K,MdrDBcore02835,R2436S,0.765,-0.41803765296936035,0.5675472617149353,1.192209243774414
23,8242433,5NP0,MdrDBcore02836,R2436S,1.215,1.1349905729293823,0.5675472617149353,1.192209243774414
23,8242433,6K9K,MdrDBcore02837,R2436S,1.198,-0.14286459982395172,0.5675472617149353,1.192209243774414
23,8242433,5NP1,MdrDBcore02838,R248Q,1.467,1.0295114517211914,0.5675472617149353,1.192209243774414
23,8242433,6K9L,MdrDBcore02839,R2832C,0.97,0.4963727295398712,0.5675472617149353,1.192209243774414
23,8242433,5NP0,MdrDBcore02840,R2832C,1.264,0.8836578130722046,0.5675472617149353,1.192209243774414
23,8242433,6K9L,MdrDBcore02841,R451H,1.294,0.8169916868209839,0.5675472617149353,1.192209243774414
23,8242433,5NP0,MdrDBcore02842,R451H,1.177,1.096801519393921,0.5675472617149353,1.192209243774414
23,8242433,6K9K,MdrDBcore02843,R451H,2.027,0.740692138671875,0.5675472617149353,1.192209243774414
23,8242433,5NP1,MdrDBcore02844,S1383L,-0.186,0.23675677180290222,0.5675472617149353,1.192209243774414
23,8242433,6K9K,MdrDBcore02845,S1383L,1.029,1.0187519788742065,0.5675472617149353,1.192209243774414
23,8242433,5NP0,MdrDBcore02846,S1383L,1.007,0.880946159362793,0.5675472617149353,1.192209243774414
23,8242433,5NP0,MdrDBcore02847,S2058L,1.113,0.8558651208877563,0.5675472617149353,1.192209243774414
23,8242433,5NP0,MdrDBcore02848,S2058L,2.001,1.1641274690628052,0.5675472617149353,1.192209243774414
23,8242433,7NI6,MdrDBcore02849,S2146T,1.033,-0.20024502277374268,0.5675472617149353,1.192209243774414
23,8242433,7NI6,MdrDBcore02850,S2146T,0.104,0.31694725155830383,0.5675472617149353,1.192209243774414
23,8242433,5NP0,MdrDBcore02851,S2218N,1.089,1.1446706056594849,0.5675472617149353,1.192209243774414
23,8242433,6K9L,MdrDBcore02852,S2218N,1.092,-0.18193700909614563,0.5675472617149353,1.192209243774414
23,8242433,6K9L,MdrDBcore02853,S2218R,1.627,1.1596952676773071,0.5675472617149353,1.192209243774414
23,8242433,5NP0,MdrDBcore02854,S2218R,1.852,1.1420303583145142,0.5675472617149353,1.192209243774414
23,8242433,6K9K,MdrDBcore02855,S2218R,1.729,0.8784589767456055,0.5675472617149353,1.192209243774414
23,8242433,5NP0,MdrDBcore02856,S707P,0.647,1.1822388172149658,0.5675472617149353,1.192209243774414
23,8242433,5NP0,MdrDBcore02857,S707P,0.195,0.12088444083929062,0.5675472617149353,1.192209243774414
23,8242433,5NP0,MdrDBcore02858,T1854I,1.004,0.9867900609970093,0.5675472617149353,1.192209243774414
23,8242433,5NP0,MdrDBcore02859,T1854I,0.798,1.1879339218139648,0.5675472617149353,1.192209243774414
23,8242433,7NI5,MdrDBcore02860,T2059I,-0.689,0.06086737662553787,0.5675472617149353,1.192209243774414
23,8242433,7NI5,MdrDBcore02861,T2059I,-0.296,0.20157936215400696,0.5675472617149353,1.192209243774414
23,8242433,7NI5,MdrDBcore02862,T2059I,-0.292,0.04943645000457764,0.5675472617149353,1.192209243774414
23,8242433,6K9L,MdrDBcore02863,T2335I,1.55,1.2785508632659912,0.5675472617149353,1.192209243774414
23,8242433,5NP0,MdrDBcore02864,T2335I,1.068,0.9314149618148804,0.5675472617149353,1.192209243774414
23,8242433,6K9K,MdrDBcore02865,T2335I,1.689,1.2245920896530151,0.5675472617149353,1.192209243774414
23,8242433,5NP0,MdrDBcore02866,T2438I,-0.468,0.9062071442604065,0.5675472617149353,1.192209243774414
23,8242433,6K9L,MdrDBcore02867,T2640I,1.672,1.156203269958496,0.5675472617149353,1.192209243774414
23,8242433,5NP0,MdrDBcore02868,T2674R,1.635,1.0377197265625,0.5675472617149353,1.192209243774414
23,8242433,6K9L,MdrDBcore02869,T2674R,1.51,0.18335172533988953,0.5675472617149353,1.192209243774414
23,8242433,7NI5,MdrDBcore02870,V1570A,-0.069,0.3750852644443512,0.5675472617149353,1.192209243774414
23,8242433,6K9K,MdrDBcore02871,V1570A,0.305,1.5945322513580322,0.5675472617149353,1.192209243774414
23,8242433,7NI5,MdrDBcore02872,V1570A,-0.072,-0.12499234825372696,0.5675472617149353,1.192209243774414
23,8242433,5NP0,MdrDBcore02873,V2079I,0.198,0.7126486301422119,0.5675472617149353,1.192209243774414
23,8242433,5NP0,MdrDBcore02874,V2079I,0.911,0.7533392906188965,0.5675472617149353,1.192209243774414
23,8242433,5NP1,MdrDBcore02875,V2079I,-0.07,0.13857543468475342,0.5675472617149353,1.192209243774414
23,8242433,5NP0,MdrDBcore02876,V2166A,1.261,1.1322996616363525,0.5675472617149353,1.192209243774414
23,8242433,5NP0,MdrDBcore02877,V2166A,0.785,1.157577395439148,0.5675472617149353,1.192209243774414
23,8242433,6K9K,MdrDBcore02878,V2906I,3.078,1.239039659500122,0.5675472617149353,1.192209243774414
23,8242433,5NP0,MdrDBcore02879,V2906I,1.556,1.1843419075012207,0.5675472617149353,1.192209243774414
23,8242433,6K9L,MdrDBcore02880,V2906I,1.31,0.7790483832359314,0.5675472617149353,1.192209243774414
23,8242433,6K9L,MdrDBcore02881,V613L,1.098,0.11898624151945114,0.5675472617149353,1.192209243774414
23,8242433,5NP0,MdrDBcore02882,V613L,1.209,1.382151484489441,0.5675472617149353,1.192209243774414
23,8242433,5NP0,MdrDBcore02883,W1279A,1.081,0.8012546300888062,0.5675472617149353,1.192209243774414
23,8242433,5NP0,MdrDBcore02884,W1279A,-0.198,0.7322576642036438,0.5675472617149353,1.192209243774414
23,8242433,6K9L,MdrDBcore02885,W1279A,0.677,0.6117758750915527,0.5675472617149353,1.192209243774414
23,8242433,6K9L,MdrDBcore02886,W2638A,1.175,1.0315344333648682,0.5675472617149353,1.192209243774414
23,8242433,5NP0,MdrDBcore02887,W2845A,-0.186,0.11511214822530746,0.5675472617149353,1.192209243774414
23,8242433,5NP0,MdrDBcore02888,W2845A,0.916,1.1216087341308594,0.5675472617149353,1.192209243774414
23,8242433,6K9K,MdrDBcore02889,W57A,1.639,0.8652547001838684,0.5675472617149353,1.192209243774414
23,8242433,5NP0,MdrDBcore02890,Y2167A,0.171,1.244335412979126,0.5675472617149353,1.192209243774414
23,8242433,5NP1,MdrDBcore02891,Y2167A,0.637,0.380340576171875,0.5675472617149353,1.192209243774414
23,8242433,3NCZ,MdrDBcore02892,R349Q,0.303,0.19487079977989197,0.5675472617149353,1.192209243774414
23,8242433,3NCZ,MdrDBcore02893,R349Q,1.394,0.32935217022895813,0.5675472617149353,1.192209243774414
23,8242433,5YZ0,MdrDBcore02894,A1896V,2.885,0.577475905418396,0.5675472617149353,1.192209243774414
23,8242433,5YZ0,MdrDBcore02895,D1915G,1.226,0.6776747703552246,0.5675472617149353,1.192209243774414
23,8242433,5YZ0,MdrDBcore02896,E2034K,0.748,1.336334466934204,0.5675472617149353,1.192209243774414
23,8242433,5YZ0,MdrDBcore02897,H453P,2.365,0.796411395072937,0.5675472617149353,1.192209243774414
23,8242433,5YZ0,MdrDBcore02898,I1526V,0.629,0.8478424549102783,0.5675472617149353,1.192209243774414
23,8242433,5YZ0,MdrDBcore02899,K2501N,0.511,-0.2629299759864807,0.5675472617149353,1.192209243774414
23,8242433,5YZ0,MdrDBcore02900,L1483F,0.819,0.28310826420783997,0.5675472617149353,1.192209243774414
23,8242433,5YZ0,MdrDBcore02901,L1599P,1.873,1.076006293296814,0.5675472617149353,1.192209243774414
23,8242433,5YZ0,MdrDBcore02902,M328V,1.249,0.6290697455406189,0.5675472617149353,1.192209243774414
23,8242433,5YZ0,MdrDBcore02903,M593T,-0.64,0.6279546022415161,0.5675472617149353,1.192209243774414
23,8242433,5YZ0,MdrDBcore02904,P1991S,3.754,1.061787724494934,0.5675472617149353,1.192209243774414
23,8242433,5YZ0,MdrDBcore02905,Q713E,1.154,0.6854555606842041,0.5675472617149353,1.192209243774414
23,8242433,5YZ0,MdrDBcore02906,R1015Q,3.395,0.16501829028129578,0.5675472617149353,1.192209243774414
23,8242433,5YZ0,MdrDBcore02907,R2190C,2.025,0.6102386713027954,0.5675472617149353,1.192209243774414
23,8242433,5YZ0,MdrDBcore02908,S601F,2.207,-0.031605880707502365,0.5675472617149353,1.192209243774414
23,8242433,5YZ0,MdrDBcore02909,T1751A,-0.963,0.7182108163833618,0.5675472617149353,1.192209243774414
23,8242433,5YZ0,MdrDBcore02910,T1751A,-0.348,0.8367584943771362,0.5675472617149353,1.192209243774414
23,8242433,5YZ0,MdrDBcore02911,T2556S,1.698,1.1128323078155518,0.5675472617149353,1.192209243774414
23,8242433,5YZ0,MdrDBcore02912,T2556S,0.653,1.0504096746444702,0.5675472617149353,1.192209243774414
23,8242433,5YZ0,MdrDBcore02913,Y1527S,7.83,0.8585867285728455,0.5675472617149353,1.192209243774414
23,8242433,5YZ0,MdrDBcore02914,Y2637C,1.527,1.2074788808822632,0.5675472617149353,1.192209243774414
23,8242433,5YZ0,MdrDBcore02915,Y575C,3.374,0.9533709287643433,0.5675472617149353,1.192209243774414
23,8242433,5YZ0,MdrDBcore02916,Y575C,2.478,0.24873006343841553,0.5675472617149353,1.192209243774414
23,8242433,4ITI,MdrDBcore02917,E234K,1.088,1.055702567100525,0.5675472617149353,1.192209243774414
23,8242433,4ITI,MdrDBcore02918,L79V,0.31,0.9997115135192871,0.5675472617149353,1.192209243774414
23,8242433,7AO8,MdrDBcore02919,D210G,5.882,0.44213947653770447,0.5675472617149353,1.192209243774414
23,8242433,7AO8,MdrDBcore02920,D210G,-16.798,-0.2056848108768463,0.5675472617149353,1.192209243774414
23,8242433,7AO8,MdrDBcore02921,D210G,1.575,0.4713227450847626,0.5675472617149353,1.192209243774414
23,8242433,7AO8,MdrDBcore02922,D210G,1.9,0.24465340375900269,0.5675472617149353,1.192209243774414
23,8242433,7AO8,MdrDBcore02923,E146K,3.172,0.5865297317504883,0.5675472617149353,1.192209243774414
23,8242433,7AO8,MdrDBcore02924,E146K,1.046,1.060685396194458,0.5675472617149353,1.192209243774414
23,8242433,7AO8,MdrDBcore02925,E250G,4.918,0.18050193786621094,0.5675472617149353,1.192209243774414
23,8242433,7AO8,MdrDBcore02926,E250G,-11.358,0.32407259941101074,0.5675472617149353,1.192209243774414
23,8242433,7AO8,MdrDBcore02927,E250G,1.685,0.079831562936306,0.5675472617149353,1.192209243774414
23,8242433,7AO8,MdrDBcore02928,E250G,0.577,0.1416899561882019,0.5675472617149353,1.192209243774414
23,8242433,7AO8,MdrDBcore02929,M245I,5.176,0.6915624737739563,0.5675472617149353,1.192209243774414
23,8242433,7AO8,MdrDBcore02930,M245I,-16.939,-0.6572590470314026,0.5675472617149353,1.192209243774414
23,8242433,7AO8,MdrDBcore02931,M245I,2.194,-1.4792665243148804,0.5675472617149353,1.192209243774414
23,8242433,7AO8,MdrDBcore02932,R77C,-1.736,-0.14321479201316833,0.5675472617149353,1.192209243774414
23,8242433,6Z2J,MdrDBcore02933,R77C,1.507,1.1566325426101685,0.5675472617149353,1.192209243774414
23,8242433,7AO8,MdrDBcore02934,R77C,6.287,0.5445270538330078,0.5675472617149353,1.192209243774414
23,8242433,7AO8,MdrDBcore02935,R77C,-0.554,0.09560082107782364,0.5675472617149353,1.192209243774414
23,8242433,7AO8,MdrDBcore02936,R77C,2.431,0.35053732991218567,0.5675472617149353,1.192209243774414
23,8242433,7AO8,MdrDBcore02937,S88N,5.575,0.32159197330474854,0.5675472617149353,1.192209243774414
23,8242433,7AO8,MdrDBcore02938,S88N,-14.148,0.5629825592041016,0.5675472617149353,1.192209243774414
23,8242433,7AO8,MdrDBcore02939,S88N,1.513,1.3284237384796143,0.5675472617149353,1.192209243774414
23,8242433,7AO8,MdrDBcore02940,V224D,1.719,0.4828700125217438,0.5675472617149353,1.192209243774414
23,8242433,7AO8,MdrDBcore02941,V224D,-5.874,0.705336332321167,0.5675472617149353,1.192209243774414
23,8242433,7AO8,MdrDBcore02942,V224D,1.098,1.0699604749679565,0.5675472617149353,1.192209243774414
23,8242433,7AO8,MdrDBcore02943,Y226S,-1.242,-0.2629585266113281,0.5675472617149353,1.192209243774414
23,8242433,7AO8,MdrDBcore02944,Y226S,-0.845,0.09959552437067032,0.5675472617149353,1.192209243774414
23,8242433,7AO8,MdrDBcore02945,Y226S,-0.232,-0.8788526058197021,0.5675472617149353,1.192209243774414
23,8242433,7AO8,MdrDBcore02946,Y226S,-1.501,-0.16326230764389038,0.5675472617149353,1.192209243774414
23,8242433,7AO8,MdrDBcore02947,Y67H,1.617,0.211532860994339,0.5675472617149353,1.192209243774414
23,8242433,7AO8,MdrDBcore02948,Y67H,-2.409,-0.6107811331748962,0.5675472617149353,1.192209243774414
23,8242433,7AO8,MdrDBcore02949,Y67H,1.501,-0.10412651300430298,0.5675472617149353,1.192209243774414
23,8242433,7URZ,MdrDBcore02950,C616Y,1.194,0.7604201436042786,0.5675472617149353,1.192209243774414
23,8242433,3BHH,MdrDBcore02951,E13D,1.287,0.6275123357772827,0.5675472617149353,1.192209243774414
23,8242433,3BHH,MdrDBcore02952,L142M,0.635,1.1304490566253662,0.5675472617149353,1.192209243774414
23,8242433,3BHH,MdrDBcore02953,P234L,1.372,0.7934468388557434,0.5675472617149353,1.192209243774414
23,8242433,7URZ,MdrDBcore02954,Q624E,1.483,1.0504807233810425,0.5675472617149353,1.192209243774414
23,8242433,3BHH,MdrDBcore02955,R260L,1.06,0.5797487497329712,0.5675472617149353,1.192209243774414
23,8242433,7URZ,MdrDBcore02956,R646H,1.19,1.0731369256973267,0.5675472617149353,1.192209243774414
23,8242433,1YOV,MdrDBcore02957,A359S,-1.366,0.00494762510061264,0.5675472617149353,1.192209243774414
23,8242433,1YOV,MdrDBcore02958,D180N,-0.895,-0.05943688005208969,0.5675472617149353,1.192209243774414
23,8242433,2NVU,MdrDBcore02959,D64N,-1.127,-1.357123613357544,0.5675472617149353,1.192209243774414
23,8242433,2NVU,MdrDBcore02960,E90Q,-2.097,-2.023491382598877,0.5675472617149353,1.192209243774414
23,8242433,2NVU,MdrDBcore02961,F292L,-1.934,-1.0710232257843018,0.5675472617149353,1.192209243774414
23,8242433,3GZN,MdrDBcore02962,F499L,-2.111,-0.673133134841919,0.5675472617149353,1.192209243774414
23,8242433,2NVU,MdrDBcore02963,I221V,-2.002,-0.26912376284599304,0.5675472617149353,1.192209243774414
23,8242433,3GZN,MdrDBcore02964,I250F,-1.648,-1.1047735214233398,0.5675472617149353,1.192209243774414
23,8242433,2NVU,MdrDBcore02965,I457M,-2.064,-0.33705049753189087,0.5675472617149353,1.192209243774414
23,8242433,2NVU,MdrDBcore02966,K190R,-1.677,-0.35970327258110046,0.5675472617149353,1.192209243774414
23,8242433,3GZN,MdrDBcore02967,K440E,-0.378,-0.9671066999435425,0.5675472617149353,1.192209243774414
23,8242433,2NVU,MdrDBcore02968,N293T,-0.799,-0.1511610895395279,0.5675472617149353,1.192209243774414
23,8242433,2NVU,MdrDBcore02969,Q25R,0.312,-0.14191928505897522,0.5675472617149353,1.192209243774414
23,8242433,3GZN,MdrDBcore02970,Q469R,-2.149,-0.9802578687667847,0.5675472617149353,1.192209243774414
23,8242433,2NVU,MdrDBcore02971,R312H,-0.211,0.0639481469988823,0.5675472617149353,1.192209243774414
23,8242433,2NVU,MdrDBcore02972,S104F,-2.588,-1.6573129892349243,0.5675472617149353,1.192209243774414
23,8242433,2NVU,MdrDBcore02973,S121L,-1.406,-1.0950052738189697,0.5675472617149353,1.192209243774414
23,8242433,2NVU,MdrDBcore02974,S379L,0.58,-0.017053384333848953,0.5675472617149353,1.192209243774414
23,8242433,2NVU,MdrDBcore02975,S388N,-0.943,-0.5215246081352234,0.5675472617149353,1.192209243774414
23,8242433,2NVU,MdrDBcore02976,T277A,-2.361,-1.0090667009353638,0.5675472617149353,1.192209243774414
23,8242433,6U4Y,MdrDBcore02977,E169K,0.137,0.5976943373680115,0.5675472617149353,1.192209243774414
23,8242433,5HYN,MdrDBcore02978,G159R,-0.686,0.10101545602083206,0.5675472617149353,1.192209243774414
23,8242433,4MI5,MdrDBcore02979,G648E,0.084,0.37062400579452515,0.5675472617149353,1.192209243774414
23,8242433,5HYN,MdrDBcore02980,H279Y,-0.426,0.04453982412815094,0.5675472617149353,1.192209243774414
23,8242433,5HYN,MdrDBcore02981,K291T,0.139,0.3542940318584442,0.5675472617149353,1.192209243774414
23,8242433,5HYN,MdrDBcore02982,P132S,0.277,0.7767652869224548,0.5675472617149353,1.192209243774414
23,8242433,6U4Y,MdrDBcore02983,R16Q,-0.524,-0.15818649530410767,0.5675472617149353,1.192209243774414
23,8242433,4MI5,MdrDBcore02984,R690H,-0.335,0.33149513602256775,0.5675472617149353,1.192209243774414
23,8242433,5H15,MdrDBcore02985,S44F,0.05,1.1249682903289795,0.5675472617149353,1.192209243774414
23,8242433,4MI5,MdrDBcore02986,S537N,0.286,0.29141056537628174,0.5675472617149353,1.192209243774414
23,8242433,4MI5,MdrDBcore02987,S538L,-0.413,-0.28782686591148376,0.5675472617149353,1.192209243774414
23,8242433,4MI5,MdrDBcore02988,S624C,0.142,0.622835636138916,0.5675472617149353,1.192209243774414
23,8242433,6U4Y,MdrDBcore02989,T80P,0.5,0.0048609450459480286,0.5675472617149353,1.192209243774414
23,8242433,4MI5,MdrDBcore02990,Y646C,-0.272,-0.7369579672813416,0.5675472617149353,1.192209243774414
23,8242433,4MI5,MdrDBcore02991,Y646F,-1.131,-0.5575659275054932,0.5675472617149353,1.192209243774414
23,8242433,4MI5,MdrDBcore02992,Y646S,-0.541,-0.007185697555541992,0.5675472617149353,1.192209243774414
23,8242433,4MI5,MdrDBcore02993,Y701C,0.21,-0.07230180501937866,0.5675472617149353,1.192209243774414
23,8242433,7LI3,MdrDBcore02994,A628V,-0.861,-0.16106072068214417,0.5675472617149353,1.192209243774414
23,8242433,7LI3,MdrDBcore02995,E1190A,0.213,0.022428438067436218,0.5675472617149353,1.192209243774414
23,8242433,6VNO,MdrDBcore02996,E1874V,-0.195,0.3873470425605774,0.5675472617149353,1.192209243774414
23,8242433,7LI3,MdrDBcore02997,E2516K,0.316,-0.15817412734031677,0.5675472617149353,1.192209243774414
23,8242433,7LI3,MdrDBcore02998,G1213S,0.452,-0.11553362756967545,0.5675472617149353,1.192209243774414
23,8242433,6VP7,MdrDBcore02999,G1397C,0.145,0.03689451515674591,0.5675472617149353,1.192209243774414
23,8242433,6VNO,MdrDBcore03000,G1424R,-1.492,-0.5563108921051025,0.5675472617149353,1.192209243774414
23,8242433,7LI3,MdrDBcore03001,G1939W,0.297,-0.09181160479784012,0.5675472617149353,1.192209243774414
23,8242433,7LI3,MdrDBcore03002,H572Q,-0.93,-0.09072378277778625,0.5675472617149353,1.192209243774414
23,8242433,7LI3,MdrDBcore03003,I1006M,-0.396,0.05089641362428665,0.5675472617149353,1.192209243774414
23,8242433,7LI3,MdrDBcore03004,K1035N,-0.459,-0.059225380420684814,0.5675472617149353,1.192209243774414
23,8242433,7LI3,MdrDBcore03005,L1136P,-0.112,-0.10818304121494293,0.5675472617149353,1.192209243774414
23,8242433,6VP7,MdrDBcore03006,L1603I,-0.754,-0.24558502435684204,0.5675472617149353,1.192209243774414
23,8242433,6VP7,MdrDBcore03007,L1776I,-0.018,0.2585533559322357,0.5675472617149353,1.192209243774414
23,8242433,6VP8,MdrDBcore03008,L1932F,-0.15,0.1048051193356514,0.5675472617149353,1.192209243774414
23,8242433,7LI3,MdrDBcore03009,L1982S,-0.709,-0.24739980697631836,0.5675472617149353,1.192209243774414
23,8242433,6DLP,MdrDBcore03010,L2145S,-1.068,-0.12792134284973145,0.5675472617149353,1.192209243774414
23,8242433,7LI3,MdrDBcore03011,L2393A,-0.261,-0.12830853462219238,0.5675472617149353,1.192209243774414
23,8242433,7LI3,MdrDBcore03012,L708F,0.269,-0.15868720412254333,0.5675472617149353,1.192209243774414
23,8242433,6OJE,MdrDBcore03013,M1431T,-0.542,0.14687055349349976,0.5675472617149353,1.192209243774414
23,8242433,6VP7,MdrDBcore03014,M1947T,0.098,0.08691463619470596,0.5675472617149353,1.192209243774414
23,8242433,7LHW,MdrDBcore03015,P1546L,0.418,-0.07463815808296204,0.5675472617149353,1.192209243774414
23,8242433,7LHW,MdrDBcore03016,P1930L,0.004,-0.39339137077331543,0.5675472617149353,1.192209243774414
23,8242433,7LI3,MdrDBcore03017,Q1002A,-1.032,-0.2998516857624054,0.5675472617149353,1.192209243774414
23,8242433,6VP7,MdrDBcore03018,Q1779K,0.004,0.1566222906112671,0.5675472617149353,1.192209243774414
23,8242433,6VP8,MdrDBcore03019,Q2120A,0.277,0.16784730553627014,0.5675472617149353,1.192209243774414
23,8242433,6VP8,MdrDBcore03020,Q2490K,-0.3,0.16526857018470764,0.5675472617149353,1.192209243774414
23,8242433,7LI3,MdrDBcore03021,R1067G,0.328,-0.37625643610954285,0.5675472617149353,1.192209243774414
23,8242433,7LI3,MdrDBcore03022,R1707T,0.407,-0.20647907257080078,0.5675472617149353,1.192209243774414
23,8242433,7LI3,MdrDBcore03023,R1728L,0.576,-0.08736508339643478,0.5675472617149353,1.192209243774414
23,8242433,7LI3,MdrDBcore03024,R1957C,1.06,0.09431683272123337,0.5675472617149353,1.192209243774414
23,8242433,7LI3,MdrDBcore03025,R2394S,0.572,-0.18720921874046326,0.5675472617149353,1.192209243774414
23,8242433,6DLP,MdrDBcore03026,R2443A,0.382,0.1789158582687378,0.5675472617149353,1.192209243774414
23,8242433,7LHW,MdrDBcore03027,R715S,0.302,-0.23180994391441345,0.5675472617149353,1.192209243774414
23,8242433,7LI3,MdrDBcore03028,R767C,-0.294,-0.18346914649009705,0.5675472617149353,1.192209243774414
23,8242433,7LI3,MdrDBcore03029,R772A,-0.21,-0.046066924929618835,0.5675472617149353,1.192209243774414
23,8242433,7LI3,MdrDBcore03030,S1001G,-0.624,-0.3412436246871948,0.5675472617149353,1.192209243774414
23,8242433,7LI3,MdrDBcore03031,S1091P,0.258,-0.004411283880472183,0.5675472617149353,1.192209243774414
23,8242433,7LI3,MdrDBcore03032,S1204G,-0.388,-0.10537583380937576,0.5675472617149353,1.192209243774414
23,8242433,7LI3,MdrDBcore03033,S1283F,0.294,-0.22356271743774414,0.5675472617149353,1.192209243774414
23,8242433,6VP7,MdrDBcore03034,S2454L,0.277,0.11062844842672348,0.5675472617149353,1.192209243774414
23,8242433,7LI4,MdrDBcore03035,S569C,0.018,0.0692819282412529,0.5675472617149353,1.192209243774414
23,8242433,7LI3,MdrDBcore03036,S634T,0.029,-0.3248255252838135,0.5675472617149353,1.192209243774414
23,8242433,6OJE,MdrDBcore03037,T1368I,-0.48,0.21780678629875183,0.5675472617149353,1.192209243774414
23,8242433,6OJE,MdrDBcore03038,T1452I,0.375,0.1734110414981842,0.5675472617149353,1.192209243774414
23,8242433,6OJE,MdrDBcore03039,V1456A,-0.105,-0.3667606711387634,0.5675472617149353,1.192209243774414
23,8242433,6DLP,MdrDBcore03040,V2152I,-0.481,0.8142278790473938,0.5675472617149353,1.192209243774414
23,8242433,6DLP,MdrDBcore03041,V2495I,-0.201,-0.2484269142150879,0.5675472617149353,1.192209243774414
23,8242433,5HRX,MdrDBcore03042,A715T,0.897,0.7058790922164917,0.5675472617149353,1.192209243774414
23,8242433,3HMF,MdrDBcore03043,R202C,1.156,0.7398409843444824,0.5675472617149353,1.192209243774414
23,8242433,3IU5,MdrDBcore03044,V49L,1.525,0.12751024961471558,0.5675472617149353,1.192209243774414
23,8242433,6OXB,MdrDBcore03045,Y1043F,1.635,1.3502329587936401,0.5675472617149353,1.192209243774414
23,8242433,3O47,MdrDBcore03046,A27V,1.39,0.38566043972969055,0.5675472617149353,1.192209243774414
23,8242433,3O47,MdrDBcore03047,A81S,-0.408,1.1318423748016357,0.5675472617149353,1.192209243774414
23,8242433,3O47,MdrDBcore03048,E120K,-0.236,1.0950109958648682,0.5675472617149353,1.192209243774414
23,8242433,3O47,MdrDBcore03049,I41V,-0.35,0.42685824632644653,0.5675472617149353,1.192209243774414
23,8242433,3O47,MdrDBcore03050,L99S,1.135,1.1216998100280762,0.5675472617149353,1.192209243774414
23,8242433,3O47,MdrDBcore03051,R122G,0.035,0.6004346609115601,0.5675472617149353,1.192209243774414
23,8242433,3O47,MdrDBcore03052,R84Q,0.25,0.23645323514938354,0.5675472617149353,1.192209243774414
23,8242433,3O47,MdrDBcore03053,V15M,0.729,0.564850389957428,0.5675472617149353,1.192209243774414
23,8242433,3O47,MdrDBcore03054,Y103H,1.487,1.1820967197418213,0.5675472617149353,1.192209243774414
23,8242433,6JN2,MdrDBcore03055,A483T,-0.133,0.2519351840019226,0.5675472617149353,1.192209243774414
23,8242433,6JN2,MdrDBcore03056,A483T,-0.407,0.2455131709575653,0.5675472617149353,1.192209243774414
23,8242433,6JN2,MdrDBcore03057,A483T,0.403,0.10685939341783524,0.5675472617149353,1.192209243774414
23,8242433,6JN2,MdrDBcore03058,A528V,-0.232,0.8910086154937744,0.5675472617149353,1.192209243774414
23,8242433,6JN2,MdrDBcore03059,A528V,-0.224,0.02852495014667511,0.5675472617149353,1.192209243774414
23,8242433,6JN2,MdrDBcore03060,A528V,0.007,-0.17637324333190918,0.5675472617149353,1.192209243774414
23,8242433,6O96,MdrDBcore03061,G165C,0.212,0.25689488649368286,0.5675472617149353,1.192209243774414
23,8242433,6O96,MdrDBcore03062,G165C,-0.059,0.5115597248077393,0.5675472617149353,1.192209243774414
23,8242433,6O96,MdrDBcore03063,G165C,-0.34,0.4709756076335907,0.5675472617149353,1.192209243774414
23,8242433,4ER0,MdrDBcore03064,K333E,-0.526,-0.2797531485557556,0.5675472617149353,1.192209243774414
23,8242433,4ER7,MdrDBcore03065,K333E,-0.155,0.4420529305934906,0.5675472617149353,1.192209243774414
23,8242433,4ER0,MdrDBcore03066,K333E,0.095,0.6710073351860046,0.5675472617149353,1.192209243774414
23,8242433,6O96,MdrDBcore03067,P298S,0.33,0.35242289304733276,0.5675472617149353,1.192209243774414
23,8242433,6O96,MdrDBcore03068,P298S,0.179,0.990720272064209,0.5675472617149353,1.192209243774414
23,8242433,6O96,MdrDBcore03069,P298S,0.155,0.16184288263320923,0.5675472617149353,1.192209243774414
23,8242433,6O96,MdrDBcore03070,R231L,0.602,0.30887624621391296,0.5675472617149353,1.192209243774414
23,8242433,6O96,MdrDBcore03071,R231L,0.458,0.2860660254955292,0.5675472617149353,1.192209243774414
23,8242433,6O96,MdrDBcore03072,R231L,-0.007,0.167520672082901,0.5675472617149353,1.192209243774414
23,8242433,6O96,MdrDBcore03073,S304L,-0.454,0.2271980345249176,0.5675472617149353,1.192209243774414
23,8242433,6O96,MdrDBcore03074,S304L,-0.105,0.13927611708641052,0.5675472617149353,1.192209243774414
23,8242433,6O96,MdrDBcore03075,S304L,-1.396,-0.4882347285747528,0.5675472617149353,1.192209243774414
23,8242433,1NW3,MdrDBcore03076,T100M,-0.418,0.6480937004089355,0.5675472617149353,1.192209243774414
23,8242433,6O96,MdrDBcore03077,T100M,0.074,0.28499385714530945,0.5675472617149353,1.192209243774414
23,8242433,1NW3,MdrDBcore03078,T100M,0.223,0.5312978625297546,0.5675472617149353,1.192209243774414
23,8242433,6O96,MdrDBcore03079,T306M,0.202,-0.2238464057445526,0.5675472617149353,1.192209243774414
23,8242433,6O96,MdrDBcore03080,T306M,0.435,0.7019704580307007,0.5675472617149353,1.192209243774414
23,8242433,6O96,MdrDBcore03081,T306M,-0.398,0.16302019357681274,0.5675472617149353,1.192209243774414
23,8242433,6O96,MdrDBcore03082,T93M,0.408,0.40146952867507935,0.5675472617149353,1.192209243774414
23,8242433,6O96,MdrDBcore03083,T93M,0.147,0.31928208470344543,0.5675472617149353,1.192209243774414
23,8242433,6O96,MdrDBcore03084,T93M,-0.087,0.12433456629514694,0.5675472617149353,1.192209243774414
23,8242433,6O96,MdrDBcore03085,W208C,-0.028,0.49007347226142883,0.5675472617149353,1.192209243774414
23,8242433,6O96,MdrDBcore03086,W208C,-0.165,0.49693265557289124,0.5675472617149353,1.192209243774414
23,8242433,6O96,MdrDBcore03087,W208C,-0.097,-0.32359474897384644,0.5675472617149353,1.192209243774414
23,8242433,6O96,MdrDBcore03088,Y58A,0.432,0.20899811387062073,0.5675472617149353,1.192209243774414
23,8242433,6O96,MdrDBcore03089,Y58A,0.109,0.18757104873657227,0.5675472617149353,1.192209243774414
23,8242433,6O96,MdrDBcore03090,Y58A,0.129,0.2742455005645752,0.5675472617149353,1.192209243774414
23,8242433,1YY6,MdrDBcore03091,A197V,1.964,0.32259705662727356,0.5675472617149353,1.192209243774414
23,8242433,6F5H,MdrDBcore03092,A493V,0.277,0.7537783980369568,0.5675472617149353,1.192209243774414
23,8242433,4Z96,MdrDBcore03093,P694S,2.386,0.9266184568405151,0.5675472617149353,1.192209243774414
23,8242433,5BTR,MdrDBcore03094,D379N,0.236,0.30676597356796265,0.5675472617149353,1.192209243774414
23,8242433,5BTR,MdrDBcore03095,G355V,-0.624,0.3065979480743408,0.5675472617149353,1.192209243774414
23,8242433,5BTR,MdrDBcore03096,G495D,0.283,0.30707991123199463,0.5675472617149353,1.192209243774414
23,8242433,4ZZJ,MdrDBcore03097,I270K,0.147,0.516581118106842,0.5675472617149353,1.192209243774414
23,8242433,5BTR,MdrDBcore03098,L478V,-0.641,0.3065436780452728,0.5675472617149353,1.192209243774414
23,8242433,4ZZH,MdrDBcore03099,M407T,-0.173,0.42387670278549194,0.5675472617149353,1.192209243774414
23,8242433,5BTR,MdrDBcore03100,P393R,-0.327,0.30654555559158325,0.5675472617149353,1.192209243774414
23,8242433,5BTR,MdrDBcore03101,R199Q,0.066,0.30629563331604004,0.5675472617149353,1.192209243774414
23,8242433,5BTR,MdrDBcore03102,R649H,-0.222,0.3070812225341797,0.5675472617149353,1.192209243774414
23,8242433,5BTR,MdrDBcore03103,T177I,0.138,0.3068945109844208,0.5675472617149353,1.192209243774414
23,8242433,5BTR,MdrDBcore03104,V383I,0.017,0.3084540367126465,0.5675472617149353,1.192209243774414
23,8242433,3UT1,MdrDBcore03105,A287T,1.04,1.329727292060852,0.5675472617149353,1.192209243774414
23,8242433,3UT1,MdrDBcore03106,C304F,0.046,1.2878797054290771,0.5675472617149353,1.192209243774414
23,8242433,3UT1,MdrDBcore03107,D312E,-0.449,1.4991960525512695,0.5675472617149353,1.192209243774414
23,8242433,3UT1,MdrDBcore03108,E338K,1.694,1.4113973379135132,0.5675472617149353,1.192209243774414
23,8242433,3UT1,MdrDBcore03109,F298L,1.544,1.5667628049850464,0.5675472617149353,1.192209243774414
23,8242433,3UT1,MdrDBcore03110,I364T,1.607,1.8534586429595947,0.5675472617149353,1.192209243774414
23,8242433,3UT1,MdrDBcore03111,I388F,1.915,1.3350415229797363,0.5675472617149353,1.192209243774414
23,8242433,3UT1,MdrDBcore03112,L346H,1.136,1.315502643585205,0.5675472617149353,1.192209243774414
23,8242433,3UT1,MdrDBcore03113,P461S,1.485,1.5021417140960693,0.5675472617149353,1.192209243774414
23,8242433,3UT1,MdrDBcore03114,P525L,1.635,1.0570290088653564,0.5675472617149353,1.192209243774414
23,8242433,3UT1,MdrDBcore03115,Q352E,1.917,1.8099806308746338,0.5675472617149353,1.192209243774414
23,8242433,3UT1,MdrDBcore03116,S256P,1.42,1.430490493774414,0.5675472617149353,1.192209243774414
23,8242433,3UT1,MdrDBcore03117,S524Y,1.441,1.3136065006256104,0.5675472617149353,1.192209243774414
23,8242433,3UT1,MdrDBcore03118,V286I,1.223,1.2093477249145508,0.5675472617149353,1.192209243774414
23,8242433,3UT1,MdrDBcore03119,Y301C,1.521,1.4570156335830688,0.5675472617149353,1.192209243774414
23,8242433,5V3O,MdrDBcore03120,D313H,0.493,0.2181469202041626,0.5675472617149353,1.192209243774414
23,8242433,5V3O,MdrDBcore03121,E187K,0.0,0.42820650339126587,0.5675472617149353,1.192209243774414
23,8242433,5HXB,MdrDBcore03122,G151A,-0.35,-0.18015940487384796,0.5675472617149353,1.192209243774414
23,8242433,5V3O,MdrDBcore03123,G354A,0.496,0.30072104930877686,0.5675472617149353,1.192209243774414
23,8242433,6H0G,MdrDBcore03124,G383V,0.222,0.9455083608627319,0.5675472617149353,1.192209243774414
23,8242433,5V3O,MdrDBcore03125,G69D,0.024,0.15291482210159302,0.5675472617149353,1.192209243774414
23,8242433,5V3O,MdrDBcore03126,K204E,-0.404,-0.84035325050354,0.5675472617149353,1.192209243774414
23,8242433,5V3O,MdrDBcore03127,M109I,-0.158,0.11657177656888962,0.5675472617149353,1.192209243774414
23,8242433,5V3O,MdrDBcore03128,P345S,-0.155,0.13045617938041687,0.5675472617149353,1.192209243774414
23,8242433,5V3O,MdrDBcore03129,P424L,-0.044,0.4359907805919647,0.5675472617149353,1.192209243774414
23,8242433,5V3O,MdrDBcore03130,Q297A,-0.313,-1.1048872470855713,0.5675472617149353,1.192209243774414
23,8242433,5V3O,MdrDBcore03131,R295A,-0.343,-1.5105464458465576,0.5675472617149353,1.192209243774414
23,8242433,5V3O,MdrDBcore03132,R373Q,-0.207,0.4759186804294586,0.5675472617149353,1.192209243774414
23,8242433,5V3O,MdrDBcore03133,S379N,-0.534,-0.36463335156440735,0.5675472617149353,1.192209243774414
23,8242433,5HXB,MdrDBcore03134,T51A,-0.082,0.5405225157737732,0.5675472617149353,1.192209243774414
23,8242433,5V3O,MdrDBcore03135,W223A,-0.779,0.20503774285316467,0.5675472617149353,1.192209243774414
23,8242433,4O9R,MdrDBcore03136,A324T,-0.081,-0.15980559587478638,0.5675472617149353,1.192209243774414
23,8242433,5L7D,MdrDBcore03137,A68G,-0.556,0.6747093796730042,0.5675472617149353,1.192209243774414
23,8242433,5V57,MdrDBcore03138,A68G,-0.288,-0.0647994875907898,0.5675472617149353,1.192209243774414
23,8242433,4O9R,MdrDBcore03139,C273R,0.078,0.016352340579032898,0.5675472617149353,1.192209243774414
23,8242433,4O9R,MdrDBcore03140,C273R,0.205,-0.1292886584997177,0.5675472617149353,1.192209243774414
23,8242433,4QIM,MdrDBcore03141,G497V,-0.188,0.48883113265037537,0.5675472617149353,1.192209243774414
23,8242433,4QIM,MdrDBcore03142,G497V,0.069,0.22696256637573242,0.5675472617149353,1.192209243774414
23,8242433,4O9R,MdrDBcore03143,L267H,0.65,0.8246086239814758,0.5675472617149353,1.192209243774414
23,8242433,4O9R,MdrDBcore03144,P505S,0.307,-0.047356609255075455,0.5675472617149353,1.192209243774414
23,8242433,6XBK,MdrDBcore03145,R138Q,-1.589,-0.22377264499664307,0.5675472617149353,1.192209243774414
23,8242433,6XBK,MdrDBcore03146,R138Q,-0.932,-1.1525670289993286,0.5675472617149353,1.192209243774414
23,8242433,5V57,MdrDBcore03147,R168H,-0.807,-0.03530403971672058,0.5675472617149353,1.192209243774414
23,8242433,4O9R,MdrDBcore03148,R296H,-0.396,-0.15552589297294617,0.5675472617149353,1.192209243774414
23,8242433,6XBK,MdrDBcore03149,T179M,0.358,0.13072696328163147,0.5675472617149353,1.192209243774414
23,8242433,6XBK,MdrDBcore03150,V157M,0.095,0.5121212601661682,0.5675472617149353,1.192209243774414
23,8242433,6XBK,MdrDBcore03151,V157M,-0.084,0.08522150665521622,0.5675472617149353,1.192209243774414
23,8242433,4O9R,MdrDBcore03152,V195L,0.691,0.08795361965894699,0.5675472617149353,1.192209243774414
23,8242433,4O9R,MdrDBcore03153,V404M,-0.655,0.5587735176086426,0.5675472617149353,1.192209243774414
23,8242433,6XBK,MdrDBcore03154,Y130C,0.028,-0.2210865318775177,0.5675472617149353,1.192209243774414
23,8242433,6XBK,MdrDBcore03155,Y130C,-0.336,0.10882691293954849,0.5675472617149353,1.192209243774414
23,8242433,4O9R,MdrDBcore03156,Y322H,-0.011,-0.05286986008286476,0.5675472617149353,1.192209243774414
23,8242433,3OUI,MdrDBcore03157,C208Y,0.27,0.2439182996749878,0.5675472617149353,1.192209243774414
23,8242433,4KBZ,MdrDBcore03158,G409C,-0.487,-0.3011317849159241,0.5675472617149353,1.192209243774414
23,8242433,3HQR,MdrDBcore03159,K186N,-0.096,0.18007421493530273,0.5675472617149353,1.192209243774414
23,8242433,3OUI,MdrDBcore03160,R252Q,0.128,0.11957020312547684,0.5675472617149353,1.192209243774414
23,8242433,3OUI,MdrDBcore03161,R281L,-0.236,0.18169599771499634,0.5675472617149353,1.192209243774414
23,8242433,4KBZ,MdrDBcore03162,S418L,0.043,-0.0019020885229110718,0.5675472617149353,1.192209243774414
23,8242433,4B6L,MdrDBcore03163,C221Y,-2.86,-0.17251425981521606,0.5675472617149353,1.192209243774414
23,8242433,4B6L,MdrDBcore03164,C255Y,0.106,-0.08979617059230804,0.5675472617149353,1.192209243774414
23,8242433,4B6L,MdrDBcore03165,P101S,-0.116,-0.060189951211214066,0.5675472617149353,1.192209243774414
23,8242433,4B6L,MdrDBcore03166,Q103E,1.812,-0.022282198071479797,0.5675472617149353,1.192209243774414
23,8242433,4B6L,MdrDBcore03167,Q307H,0.407,-0.15619367361068726,0.5675472617149353,1.192209243774414
23,8242433,4B6L,MdrDBcore03168,R163L,-0.239,-0.016406096518039703,0.5675472617149353,1.192209243774414
23,8242433,4B6L,MdrDBcore03169,T262M,-0.148,-0.04044604301452637,0.5675472617149353,1.192209243774414
23,8242433,4B6L,MdrDBcore03170,T82A,-0.858,-0.029387596994638443,0.5675472617149353,1.192209243774414
23,8242433,4B6L,MdrDBcore03171,W151L,-1.723,0.22202914953231812,0.5675472617149353,1.192209243774414
23,8242433,6V1B,MdrDBcore03172,M186I,-0.053,0.05935841053724289,0.5675472617149353,1.192209243774414
23,8242433,5JI8,MdrDBcore03173,P164S,-1.241,0.17716440558433533,0.5675472617149353,1.192209243774414
23,8242433,4X7O,MdrDBcore03174,A1068V,-0.373,0.011333391070365906,0.5675472617149353,1.192209243774414
23,8242433,4YZS,MdrDBcore03175,A116D,0.039,0.44021692872047424,0.5675472617149353,1.192209243774414
23,8242433,4YZS,MdrDBcore03176,A342D,0.699,0.5066574811935425,0.5675472617149353,1.192209243774414
23,8242433,4YZS,MdrDBcore03177,A342V,0.249,0.5102803707122803,0.5675472617149353,1.192209243774414
23,8242433,4X7O,MdrDBcore03178,E1050K,-0.027,0.008070811629295349,0.5675472617149353,1.192209243774414
23,8242433,4X7O,MdrDBcore03179,E994A,0.199,0.19657009840011597,0.5675472617149353,1.192209243774414
23,8242433,4YZS,MdrDBcore03180,F335V,1.599,0.4789290726184845,0.5675472617149353,1.192209243774414
23,8242433,4X7O,MdrDBcore03181,I586L,0.537,0.020301878452301025,0.5675472617149353,1.192209243774414
23,8242433,4X7O,MdrDBcore03182,I917N,0.64,0.8608995079994202,0.5675472617149353,1.192209243774414
23,8242433,4X7O,MdrDBcore03183,M1053V,0.489,-0.01263900101184845,0.5675472617149353,1.192209243774414
23,8242433,4YZS,MdrDBcore03184,M390L,0.037,0.35350295901298523,0.5675472617149353,1.192209243774414
23,8242433,4YZS,MdrDBcore03185,R240H,0.729,0.542851984500885,0.5675472617149353,1.192209243774414
23,8242433,4X7O,MdrDBcore03186,S1022N,0.943,0.1434495449066162,0.5675472617149353,1.192209243774414
23,8242433,4YZS,MdrDBcore03187,V132M,-0.205,0.4930519759654999,0.5675472617149353,1.192209243774414
23,8242433,4X7O,MdrDBcore03188,Y1019C,-0.463,0.04573372006416321,0.5675472617149353,1.192209243774414
23,8242433,5EDU,MdrDBcore03189,A612T,-0.181,-0.17420215904712677,0.5675472617149353,1.192209243774414
23,8242433,5EDU,MdrDBcore03190,A770V,0.063,0.036381274461746216,0.5675472617149353,1.192209243774414
23,8242433,5KH7,MdrDBcore03191,G1126C,-0.885,1.0462170839309692,0.5675472617149353,1.192209243774414
23,8242433,5KH7,MdrDBcore03192,I1122V,1.97,1.5175395011901855,0.5675472617149353,1.192209243774414
23,8242433,5KH7,MdrDBcore03193,P1123A,-1.293,0.6248968839645386,0.5675472617149353,1.192209243774414
23,8242433,5EDU,MdrDBcore03194,P748T,0.136,0.6125116944313049,0.5675472617149353,1.192209243774414
23,8242433,5EDU,MdrDBcore03195,Q487K,-1.157,-0.01739438995718956,0.5675472617149353,1.192209243774414
23,8242433,5EDU,MdrDBcore03196,R529H,-0.198,-0.3017299771308899,0.5675472617149353,1.192209243774414
23,8242433,5EDU,MdrDBcore03197,R745Q,-0.06,0.8098803758621216,0.5675472617149353,1.192209243774414
23,8242433,5EDU,MdrDBcore03198,R835W,-0.391,0.8190937042236328,0.5675472617149353,1.192209243774414
23,8242433,5KH7,MdrDBcore03199,Y1149A,2.397,0.710641622543335,0.5675472617149353,1.192209243774414
23,8242433,5IUG,MdrDBcore03200,A1148V,0.361,0.8609357476234436,0.5675472617149353,1.192209243774414
23,8242433,5IUG,MdrDBcore03201,A1200V,0.399,0.03179844468832016,0.5675472617149353,1.192209243774414
23,8242433,5IUG,MdrDBcore03202,A1200V,1.744,-0.256105899810791,0.5675472617149353,1.192209243774414
23,8242433,7LRZ,MdrDBcore03203,A900G,0.24,-0.12555557489395142,0.5675472617149353,1.192209243774414
23,8242433,7LRZ,MdrDBcore03204,A900G,-0.424,-0.012965831905603409,0.5675472617149353,1.192209243774414
23,8242433,7LRZ,MdrDBcore03205,C928Y,-0.806,-0.2824912369251251,0.5675472617149353,1.192209243774414
23,8242433,7LRZ,MdrDBcore03206,C928Y,0.503,-0.6098545789718628,0.5675472617149353,1.192209243774414
23,8242433,5IUI,MdrDBcore03207,D1091N,-0.982,0.09953383356332779,0.5675472617149353,1.192209243774414
23,8242433,5IUI,MdrDBcore03208,D1091N,-1.476,0.22068160772323608,0.5675472617149353,1.192209243774414
23,8242433,5IUG,MdrDBcore03209,D1349N,0.294,0.10213037580251694,0.5675472617149353,1.192209243774414
23,8242433,7LRZ,MdrDBcore03210,D951E,0.195,0.25579503178596497,0.5675472617149353,1.192209243774414
23,8242433,7LRZ,MdrDBcore03211,D951E,0.502,-0.07212696224451065,0.5675472617149353,1.192209243774414
23,8242433,7LRZ,MdrDBcore03212,E949K,0.702,0.01094091683626175,0.5675472617149353,1.192209243774414
23,8242433,7LRZ,MdrDBcore03213,E949K,0.856,0.046262092888355255,0.5675472617149353,1.192209243774414
23,8242433,7LRZ,MdrDBcore03214,G744R,0.474,0.02157323807477951,0.5675472617149353,1.192209243774414
23,8242433,7LRZ,MdrDBcore03215,G882C,0.353,0.27094489336013794,0.5675472617149353,1.192209243774414
23,8242433,7LRZ,MdrDBcore03216,G893R,0.159,0.1257103979587555,0.5675472617149353,1.192209243774414
23,8242433,7LRZ,MdrDBcore03217,G893R,-0.172,0.05218583345413208,0.5675472617149353,1.192209243774414
23,8242433,7LRZ,MdrDBcore03218,G925R,-0.789,-0.14978337287902832,0.5675472617149353,1.192209243774414
23,8242433,7LRZ,MdrDBcore03219,G940C,-0.748,-0.033490002155303955,0.5675472617149353,1.192209243774414
23,8242433,7LRZ,MdrDBcore03220,H755N,0.299,-0.17565855383872986,0.5675472617149353,1.192209243774414
23,8242433,7LRZ,MdrDBcore03221,H755N,0.188,-0.17284029722213745,0.5675472617149353,1.192209243774414
23,8242433,7LRZ,MdrDBcore03222,I981V,0.199,-0.12334015220403671,0.5675472617149353,1.192209243774414
23,8242433,7LRZ,MdrDBcore03223,I981V,0.587,-0.37359169125556946,0.5675472617149353,1.192209243774414
23,8242433,5IUG,MdrDBcore03224,K1109N,0.122,0.5914109945297241,0.5675472617149353,1.192209243774414
23,8242433,5IUG,MdrDBcore03225,N1353S,0.731,0.20377624034881592,0.5675472617149353,1.192209243774414
23,8242433,5IUG,MdrDBcore03226,N1353S,-0.909,-1.7813560962677002,0.5675472617149353,1.192209243774414
23,8242433,7LRZ,MdrDBcore03227,N941S,0.153,0.6331873536109924,0.5675472617149353,1.192209243774414
23,8242433,4TT7,MdrDBcore03228,P1218S,0.681,0.5184895992279053,0.5675472617149353,1.192209243774414
23,8242433,4TT7,MdrDBcore03229,P1218S,1.508,0.3429790735244751,0.5675472617149353,1.192209243774414
23,8242433,5IUG,MdrDBcore03230,P1298S,-0.473,0.1352238953113556,0.5675472617149353,1.192209243774414
23,8242433,4TT7,MdrDBcore03231,P1298S,-0.566,-0.0867566242814064,0.5675472617149353,1.192209243774414
23,8242433,5IUG,MdrDBcore03232,P1398L,0.372,0.013327188789844513,0.5675472617149353,1.192209243774414
23,8242433,5IUG,MdrDBcore03233,R1192Q,0.204,0.16034561395645142,0.5675472617149353,1.192209243774414
23,8242433,5IUG,MdrDBcore03234,R1192Q,-0.195,0.562187671661377,0.5675472617149353,1.192209243774414
23,8242433,5IUG,MdrDBcore03235,R1209A,-0.06,0.08441504091024399,0.5675472617149353,1.192209243774414
23,8242433,5IUG,MdrDBcore03236,R1209A,-0.159,0.2596524655818939,0.5675472617149353,1.192209243774414
23,8242433,4TT7,MdrDBcore03237,R1275Q,-0.395,0.3644229769706726,0.5675472617149353,1.192209243774414
23,8242433,4TT7,MdrDBcore03238,R1275Q,-0.6,-0.665604829788208,0.5675472617149353,1.192209243774414
23,8242433,7LRZ,MdrDBcore03239,R753Q,0.26,-0.6383568644523621,0.5675472617149353,1.192209243774414
23,8242433,5IUG,MdrDBcore03240,T1312I,-0.415,0.04935401678085327,0.5675472617149353,1.192209243774414
23,8242433,5IUG,MdrDBcore03241,T1312I,-1.169,-0.17602108418941498,0.5675472617149353,1.192209243774414
23,8242433,7N00,MdrDBcore03242,V1013L,-0.435,0.287715345621109,0.5675472617149353,1.192209243774414
23,8242433,7LRZ,MdrDBcore03243,V712L,0.633,-0.0807262659072876,0.5675472617149353,1.192209243774414
23,8242433,7LRZ,MdrDBcore03244,V712L,0.273,-0.0933084487915039,0.5675472617149353,1.192209243774414
23,8242433,5OTF,MdrDBcore03245,A355T,-0.537,0.18125179409980774,0.5675472617149353,1.192209243774414
23,8242433,5OTF,MdrDBcore03246,D241H,0.15,0.1652839183807373,0.5675472617149353,1.192209243774414
23,8242433,5OTF,MdrDBcore03247,D411N,0.67,0.17564252018928528,0.5675472617149353,1.192209243774414
23,8242433,5OTF,MdrDBcore03248,E297A,-1.318,0.16533151268959045,0.5675472617149353,1.192209243774414
23,8242433,5OTE,MdrDBcore03249,F336L,-0.995,0.33177822828292847,0.5675472617149353,1.192209243774414
23,8242433,5OTF,MdrDBcore03250,K96N,1.17,0.17632576823234558,0.5675472617149353,1.192209243774414
23,8242433,5OTF,MdrDBcore03251,M184V,-0.534,0.1766747236251831,0.5675472617149353,1.192209243774414
23,8242433,5OTF,MdrDBcore03252,M274L,-0.536,0.18011632561683655,0.5675472617149353,1.192209243774414
23,8242433,5OTF,MdrDBcore03253,R326H,-1.003,0.16437122225761414,0.5675472617149353,1.192209243774414
23,8242433,5OTF,MdrDBcore03254,V372M,0.079,0.11799020320177078,0.5675472617149353,1.192209243774414
23,8242433,1XKK,MdrDBcore03255,T790M+L858R,0.931,0.9367601871490479,0.5675472617149353,1.192209243774414
23,8242433,1XKK,MdrDBcore03256,T790M+L858R,2.31,0.8774640560150146,0.5675472617149353,1.192209243774414
23,8242433,1XKK,MdrDBcore03257,T790M+L858R,1.177,1.0051631927490234,0.5675472617149353,1.192209243774414
23,8242433,1XKK,MdrDBcore03258,T790M+L858R,1.259,1.1335339546203613,0.5675472617149353,1.192209243774414
23,8242433,1XKK,MdrDBcore03259,T790M+L858R,1.129,0.9055004715919495,0.5675472617149353,1.192209243774414
23,8242433,1XKK,MdrDBcore03260,T790M+L858R,0.063,-0.1467074453830719,0.5675472617149353,1.192209243774414
23,8242433,1XKK,MdrDBcore03261,T790M+L858R,2.123,1.3644887208938599,0.5675472617149353,1.192209243774414
23,8242433,1QPC,MdrDBcore03262,A289D+A396V,0.426,-0.025493167340755463,0.5675472617149353,1.192209243774414
23,8242433,1QPC,MdrDBcore03263,A289D+A396V,0.364,-0.3012053072452545,0.5675472617149353,1.192209243774414
23,8242433,3CQU,MdrDBcore03264,G311D+K307N,0.539,1.2019217014312744,0.5675472617149353,1.192209243774414
23,8242433,3CQU,MdrDBcore03265,G311D+K307N,1.509,0.7430880069732666,0.5675472617149353,1.192209243774414
23,8242433,4KIK,MdrDBcore03266,R55A,0.198,0.811394214630127,0.5675472617149353,1.192209243774414
23,8242433,2J7T,MdrDBcore03267,V80M,0.784,0.18323734402656555,0.5675472617149353,1.192209243774414
23,8242433,1XKK,MdrDBcore03268,E866D,0.355,0.10565891116857529,0.5675472617149353,1.192209243774414
23,8242433,4AOJ,MdrDBcore03269,R692H,0.013,0.47421225905418396,0.5675472617149353,1.192209243774414
23,8242433,4PMM,MdrDBcore03270,T678I,0.198,-0.31638050079345703,0.5675472617149353,1.192209243774414
23,8242433,2I0V,MdrDBcore03271,G589E,0.09,-0.17241467535495758,0.5675472617149353,1.192209243774414
23,8242433,2IVS,MdrDBcore03272,L746M,0.961,-0.42179352045059204,0.5675472617149353,1.192209243774414
23,8242433,1JQH,MdrDBcore03273,S1009L,1.71,0.8456295728683472,0.5675472617149353,1.192209243774414
23,8242433,1JQH,MdrDBcore03274,S1009L,2.085,0.27934709191322327,0.5675472617149353,1.192209243774414
23,8242433,3ZBF,MdrDBcore03275,R2126L,1.523,0.02678658813238144,0.5675472617149353,1.192209243774414
23,8242433,1T46,MdrDBcore03276,E640K,0.319,0.4567824900150299,0.5675472617149353,1.192209243774414
23,8242433,1T46,MdrDBcore03277,N822K,0.297,0.4463944733142853,0.5675472617149353,1.192209243774414
23,8242433,1T46,MdrDBcore03278,N822K,0.231,0.4240386188030243,0.5675472617149353,1.192209243774414
23,8242433,1T46,MdrDBcore03279,N822K,1.303,-0.1275016963481903,0.5675472617149353,1.192209243774414
23,8242433,1T46,MdrDBcore03280,N822K,0.988,0.46960076689720154,0.5675472617149353,1.192209243774414
23,8242433,2FB8,MdrDBcore03281,G466V,0.503,0.19470271468162537,0.5675472617149353,1.192209243774414
23,8242433,5GRN,MdrDBcore03282,N848I,0.513,1.169742226600647,0.5675472617149353,1.192209243774414
23,8242433,5GRN,MdrDBcore03283,N848I,0.564,0.14519205689430237,0.5675472617149353,1.192209243774414
23,8242433,3HNG,MdrDBcore03284,C1039S,0.208,0.32098668813705444,0.5675472617149353,1.192209243774414
23,8242433,3HNG,MdrDBcore03285,L1061V,0.05,0.07991539686918259,0.5675472617149353,1.192209243774414
23,8242433,3HNG,MdrDBcore03286,L1061V,1.469,0.1666567027568817,0.5675472617149353,1.192209243774414
23,8242433,3HNG,MdrDBcore03287,L1061V,0.098,0.2025836706161499,0.5675472617149353,1.192209243774414
23,8242433,3HNG,MdrDBcore03288,R1045Q,0.171,0.21983152627944946,0.5675472617149353,1.192209243774414
23,8242433,3HNG,MdrDBcore03289,R1045Q,0.109,0.9393584728240967,0.5675472617149353,1.192209243774414
23,8242433,1B38,MdrDBcore03290,P155L,0.467,0.021847672760486603,0.5675472617149353,1.192209243774414
23,8242433,2JDO,MdrDBcore03291,A190G,0.213,0.0850033238530159,0.5675472617149353,1.192209243774414
23,8242433,1VR2,MdrDBcore03292,D1064Y,0.089,-0.03910047188401222,0.5675472617149353,1.192209243774414
23,8242433,1VR2,MdrDBcore03293,R1066C,0.054,0.580456554889679,0.5675472617149353,1.192209243774414
23,8242433,1VR2,MdrDBcore03294,R1066C,0.014,-0.10870718955993652,0.5675472617149353,1.192209243774414
23,8242433,4RT7,MdrDBcore03295,E661V,0.098,0.2797408103942871,0.5675472617149353,1.192209243774414
23,8242433,4RT7,MdrDBcore03296,E661V,0.057,1.1406817436218262,0.5675472617149353,1.192209243774414
23,8242433,4RT7,MdrDBcore03297,E661V,0.176,1.247691035270691,0.5675472617149353,1.192209243774414
23,8242433,1B6C,MdrDBcore03298,G212V,0.183,0.6688086986541748,0.5675472617149353,1.192209243774414
23,8242433,1XBB,MdrDBcore03299,R520S,1.81,0.03263147175312042,0.5675472617149353,1.192209243774414
23,8242433,3SXR,MdrDBcore03300,M464I,0.734,0.7773576974868774,0.5675472617149353,1.192209243774414
23,8242433,3SXR,MdrDBcore03301,M464I,0.312,0.25845953822135925,0.5675472617149353,1.192209243774414
23,8242433,1YVJ,MdrDBcore03302,K830M,0.118,0.18534967303276062,0.5675472617149353,1.192209243774414
23,8242433,3S95,MdrDBcore03303,G480R,0.553,0.016149133443832397,0.5675472617149353,1.192209243774414
23,8242433,1XO2,MdrDBcore03304,R168H,1.136,0.500868558883667,0.5675472617149353,1.192209243774414
23,8242433,3ZOS,MdrDBcore03305,D795E,1.094,1.0381824970245361,0.5675472617149353,1.192209243774414
23,8242433,3ZOS,MdrDBcore03306,P806L,0.142,-0.39272552728652954,0.5675472617149353,1.192209243774414
23,8242433,3MJ2,MdrDBcore03307,L508M,1.084,0.3416602313518524,0.5675472617149353,1.192209243774414
23,8242433,3MJ2,MdrDBcore03308,T504S,0.099,0.13481399416923523,0.5675472617149353,1.192209243774414
23,8242433,3MJ2,MdrDBcore03309,T518I,0.193,0.8040357232093811,0.5675472617149353,1.192209243774414
23,8242433,2R4B,MdrDBcore03310,G863E,0.044,0.229558527469635,0.5675472617149353,1.192209243774414
23,8242433,2R4B,MdrDBcore03311,G879A,0.128,0.34639763832092285,0.5675472617149353,1.192209243774414
23,8242433,2R4B,MdrDBcore03312,L770P,0.518,0.33422377705574036,0.5675472617149353,1.192209243774414
23,8242433,2R4B,MdrDBcore03313,L770P,0.384,0.5501724481582642,0.5675472617149353,1.192209243774414
23,8242433,2R4B,MdrDBcore03314,L770P,0.312,0.2796306610107422,0.5675472617149353,1.192209243774414
23,8242433,2R4B,MdrDBcore03315,M766I,0.801,0.24052488803863525,0.5675472617149353,1.192209243774414
23,8242433,2R4B,MdrDBcore03316,M766I,0.375,0.31465306878089905,0.5675472617149353,1.192209243774414
23,8242433,6KZC,MdrDBcore03317,R702T,0.378,0.17187845706939697,0.5675472617149353,1.192209243774414
23,8242433,1WAK,MdrDBcore03318,F508L,0.135,0.016890428960323334,0.5675472617149353,1.192209243774414
23,8242433,2XB7,MdrDBcore03319,A1289V,0.147,0.5115055441856384,0.5675472617149353,1.192209243774414
23,8242433,2XB7,MdrDBcore03320,A1289V,0.07,0.1767776608467102,0.5675472617149353,1.192209243774414
23,8242433,6GR8,MdrDBcore03321,P192L,1.021,1.8327001333236694,0.5675472617149353,1.192209243774414
23,8242433,6GR8,MdrDBcore03322,P192L,0.536,1.2910019159317017,0.5675472617149353,1.192209243774414
23,8242433,3UM8,MdrDBcore03323,A16C+S108T,2.407,3.542865037918091,0.5675472617149353,1.192209243774414
23,8242433,3UM8,MdrDBcore03324,A16G+S108T,2.628,3.7749791145324707,0.5675472617149353,1.192209243774414
23,8242433,3UM8,MdrDBcore03325,A16S+S108T,3.63,3.791109323501587,0.5675472617149353,1.192209243774414
23,8242433,3UM8,MdrDBcore03326,A16T+S108T,4.101,3.710177421569824,0.5675472617149353,1.192209243774414
23,8242433,3UM8,MdrDBcore03327,A16V+S108T,4.062,3.5975253582000732,0.5675472617149353,1.192209243774414
23,8242433,3UM8,MdrDBcore03328,C59R+S108N,1.794,3.5281736850738525,0.5675472617149353,1.192209243774414
23,8242433,3UM8,MdrDBcore03329,N51I+C59R+S108N+I164L,3.994,3.5402190685272217,0.5675472617149353,1.192209243774414
23,8242433,2R5Q,MdrDBcore03330,D30N+L90M,1.62,1.3420482873916626,0.5675472617149353,1.192209243774414
23,8242433,2R5P,MdrDBcore03331,D30N+L90M,0.222,0.6986944675445557,0.5675472617149353,1.192209243774414
23,8242433,2R5Q,MdrDBcore03332,D30N+N88D,1.599,1.342048168182373,0.5675472617149353,1.192209243774414
23,8242433,2R5P,MdrDBcore03333,D30N+N88D,0.334,0.6986947655677795,0.5675472617149353,1.192209243774414
23,8242433,2R5Q,MdrDBcore03334,D30N+N88D+L90M,2.344,1.3420485258102417,0.5675472617149353,1.192209243774414
23,8242433,2R5P,MdrDBcore03335,D30N+N88D+L90M,0.532,0.6986942291259766,0.5675472617149353,1.192209243774414
23,8242433,2R5Q,MdrDBcore03336,N88D+L90M,0.975,1.2147692441940308,0.5675472617149353,1.192209243774414
23,8242433,2R5P,MdrDBcore03337,N88D+L90M,1.61,0.8578358292579651,0.5675472617149353,1.192209243774414
23,8242433,2Q54,MdrDBcore03338,D30N+N88D,0.316,0.8980163931846619,0.5675472617149353,1.192209243774414
23,8242433,2Q54,MdrDBcore03339,L10I+A71V+G73S+I84V+L90M,2.858,0.9160097241401672,0.5675472617149353,1.192209243774414
23,8242433,2Q54,MdrDBcore03340,L10I+G48V+I54V+V82A,2.625,0.8923517465591431,0.5675472617149353,1.192209243774414
23,8242433,2VZM,MdrDBcore03341,E85Q+N50D,0.424,0.5620213150978088,0.5675472617149353,1.192209243774414
23,8242433,2VZ7,MdrDBcore03342,E85Q+N50D,1.497,0.8264769911766052,0.5675472617149353,1.192209243774414
23,8242433,2VZM,MdrDBcore03343,E94Q+N50D,1.076,0.4140734076499939,0.5675472617149353,1.192209243774414
23,8242433,1H0A,MdrDBcore03344,L6E+I13D,1.194,-1.7930684089660645,0.5675472617149353,1.192209243774414
23,8242433,1MPW,MdrDBcore03345,L247V+L244A,-0.085,-0.23922103643417358,0.5675472617149353,1.192209243774414
23,8242433,1MPW,MdrDBcore03346,W87A+L247V,-0.543,-0.3034555912017822,0.5675472617149353,1.192209243774414
23,8242433,1MPW,MdrDBcore03347,W87F+L244A,-0.411,-0.25556495785713196,0.5675472617149353,1.192209243774414
23,8242433,1MPW,MdrDBcore03348,W87F+L247V,-0.411,-0.30345526337623596,0.5675472617149353,1.192209243774414
23,8242433,1MPW,MdrDBcore03349,W87L+L247V,-0.651,-0.3034549355506897,0.5675472617149353,1.192209243774414
23,8242433,3FS6,MdrDBcore03350,Q35K+N64F,-1.702,1.1709668636322021,0.5675472617149353,1.192209243774414
23,8242433,2W3A,MdrDBcore03351,Q35K+N64F,0.14,0.3399808704853058,0.5675472617149353,1.192209243774414
23,8242433,2W3A,MdrDBcore03352,Q35K+N64S,0.227,0.33998075127601624,0.5675472617149353,1.192209243774414
23,8242433,2W3A,MdrDBcore03353,Q35S+N64F,0.13,0.3399806320667267,0.5675472617149353,1.192209243774414
23,8242433,3FS6,MdrDBcore03354,Q35S+N64S,-0.74,1.2549679279327393,0.5675472617149353,1.192209243774414
23,8242433,2W3A,MdrDBcore03355,Q35S+N64S,0.097,0.33998075127601624,0.5675472617149353,1.192209243774414
23,8242433,2V7A,MdrDBcore03356,I315T+E255V,0.61,0.5905478596687317,0.5675472617149353,1.192209243774414
23,8242433,2V7A,MdrDBcore03357,I315T+M351T,0.651,0.5905479788780212,0.5675472617149353,1.192209243774414
23,8242433,2ITY,MdrDBcore03358,G719S+T790M,0.48,-0.1545441597700119,0.5675472617149353,1.192209243774414
23,8242433,2H4N,MdrDBcore03359,H119D+N94H,4.201,4.191209316253662,0.5675472617149353,1.192209243774414
23,8242433,2H4N,MdrDBcore03360,H119N+N94H,1.564,3.839632034301758,0.5675472617149353,1.192209243774414
23,8242433,2H4N,MdrDBcore03361,H119Q+N94H,2.811,3.085340976715088,0.5675472617149353,1.192209243774414
23,8242433,1AMW,MdrDBcore03362,E88G+N92L,0.676,1.0130629539489746,0.5675472617149353,1.192209243774414
23,8242433,1A4H,MdrDBcore03363,E88G+N92L,1.262,0.8831062316894531,0.5675472617149353,1.192209243774414
23,8242433,1AMW,MdrDBcore03364,K44R+K98N,0.71,0.7040625810623169,0.5675472617149353,1.192209243774414
23,8242433,1A4H,MdrDBcore03365,K44R+K98N,0.659,0.6717303395271301,0.5675472617149353,1.192209243774414
23,8242433,1AMW,MdrDBcore03366,L89V+L93I,1.321,1.0118356943130493,0.5675472617149353,1.192209243774414
23,8242433,1A4H,MdrDBcore03367,L89V+L93I,-0.522,0.5658206939697266,0.5675472617149353,1.192209243774414
23,8242433,1AMW,MdrDBcore03368,L89V+L93I+V136M,1.628,1.0118356943130493,0.5675472617149353,1.192209243774414
23,8242433,2VWC,MdrDBcore03369,L89V+L93I+V136M,0.512,-0.075208880007267,0.5675472617149353,1.192209243774414
23,8242433,1A4H,MdrDBcore03370,L89V+L93I+V136M,0.317,0.5658209323883057,0.5675472617149353,1.192209243774414
23,8242433,2AQU,MdrDBcore03371,D30N+L90M,0.821,0.5343987345695496,0.5675472617149353,1.192209243774414
23,8242433,2AQU,MdrDBcore03372,D30N+N88D,0.149,0.534399151802063,0.5675472617149353,1.192209243774414
23,8242433,2AQU,MdrDBcore03373,D30N+N88D+L90M,0.986,0.5343990921974182,0.5675472617149353,1.192209243774414
23,8242433,2AQU,MdrDBcore03374,N88D+L90M,0.954,0.4665561616420746,0.5675472617149353,1.192209243774414
23,8242433,2Q64,MdrDBcore03375,A71V+N30D,-1.153,0.37760359048843384,0.5675472617149353,1.192209243774414
23,8242433,2Q64,MdrDBcore03376,L90M+N30D,-0.473,0.37760376930236816,0.5675472617149353,1.192209243774414
23,8242433,2Q64,MdrDBcore03377,N88D+N30D,-1.153,0.3776037096977234,0.5675472617149353,1.192209243774414
23,8242433,1SGU,MdrDBcore03378,V54I+M46I,-0.222,0.08748278766870499,0.5675472617149353,1.192209243774414
23,8242433,1SH9,MdrDBcore03379,V54I+M46I,-0.589,-0.25966116786003113,0.5675472617149353,1.192209243774414
23,8242433,1SGU,MdrDBcore03380,V54I+V84I,-2.439,0.12100637704133987,0.5675472617149353,1.192209243774414
23,8242433,1SH9,MdrDBcore03381,V54I+V84I,-1.578,-0.2586755156517029,0.5675472617149353,1.192209243774414
23,8242433,1SGU,MdrDBcore03382,V54I+V84I+M46I,-0.456,0.12100604921579361,0.5675472617149353,1.192209243774414
23,8242433,1SH9,MdrDBcore03383,V54I+V84I+M46I,-1.271,-0.258675217628479,0.5675472617149353,1.192209243774414
23,8242433,1QKU,MdrDBcore03384,C381S+C417S+C530S,0.749,1.0266286134719849,0.5675472617149353,1.192209243774414
23,8242433,1QKU,MdrDBcore03385,E339A+E419A+K531A,0.993,1.026628851890564,0.5675472617149353,1.192209243774414
23,8242433,1FKW,MdrDBcore03386,D296A+E295D,3.853,1.7043100595474243,0.5675472617149353,1.192209243774414
23,8242433,1FKW,MdrDBcore03387,D296N+E295D,3.007,1.516472578048706,0.5675472617149353,1.192209243774414
23,8242433,1FKW,MdrDBcore03388,H238A+E295D,1.016,0.9009290933609009,0.5675472617149353,1.192209243774414
23,8242433,1FKW,MdrDBcore03389,H238R+E295D,0.443,1.0651516914367676,0.5675472617149353,1.192209243774414
23,8242433,2BPX,MdrDBcore03390,D30N+L90M,1.016,0.7960046529769897,0.5675472617149353,1.192209243774414
23,8242433,2BPX,MdrDBcore03391,D30N+N88D,0.796,0.7960051894187927,0.5675472617149353,1.192209243774414
23,8242433,2BPX,MdrDBcore03392,D30N+N88D+L90M,0.605,0.796005129814148,0.5675472617149353,1.192209243774414
23,8242433,3BC4,MdrDBcore03393,I50V+V84I,1.309,1.1281838417053223,0.5675472617149353,1.192209243774414
23,8242433,2BPX,MdrDBcore03394,N88D+L90M,1.354,1.0321519374847412,0.5675472617149353,1.192209243774414
23,8242433,1OH0,MdrDBcore03395,L125A+V127A,0.999,0.9151714444160461,0.5675472617149353,1.192209243774414
23,8242433,1OH0,MdrDBcore03396,L125F+V127F,0.199,0.9151713848114014,0.5675472617149353,1.192209243774414
23,8242433,1OH0,MdrDBcore03397,W92A+L125A+V127A,0.641,0.9151714444160461,0.5675472617149353,1.192209243774414
23,8242433,2V5V,MdrDBcore03398,E16K+E57W,-1.245,-0.34988537430763245,0.5675472617149353,1.192209243774414
23,8242433,2V5V,MdrDBcore03399,I59A+I92A+E57W,-0.592,-0.45521053671836853,0.5675472617149353,1.192209243774414
23,8242433,2V5V,MdrDBcore03400,I59E+I92E+E57W,-0.138,-0.45457330346107483,0.5675472617149353,1.192209243774414
23,8242433,2V5V,MdrDBcore03401,T12K+E57W,0.372,-0.14050084352493286,0.5675472617149353,1.192209243774414
23,8242433,1G6S,MdrDBcore03402,T97I+P101S,5.33,1.6756614446640015,0.5675472617149353,1.192209243774414
23,8242433,1G6T,MdrDBcore03403,T97I+P101S,0.232,-0.6220866441726685,0.5675472617149353,1.192209243774414
23,8242433,1OWB,MdrDBcore03404,H110A+L109R,1.708,1.0991734266281128,0.5675472617149353,1.192209243774414
23,8242433,1OWB,MdrDBcore03405,K167A+L109R,2.126,1.27690589427948,0.5675472617149353,1.192209243774414
23,8242433,1OWB,MdrDBcore03406,N189A+L109R,1.997,1.2865910530090332,0.5675472617149353,1.192209243774414
23,8242433,1OWB,MdrDBcore03407,Q182A+L109R,1.191,1.0521748065948486,0.5675472617149353,1.192209243774414
23,8242433,1OWB,MdrDBcore03408,R163L+L109R,2.095,1.271747350692749,0.5675472617149353,1.192209243774414
23,8242433,1OWB,MdrDBcore03409,T111A+L109R,1.656,1.1393623352050781,0.5675472617149353,1.192209243774414
23,8242433,1OWB,MdrDBcore03410,T204A+L109R,1.999,1.0521739721298218,0.5675472617149353,1.192209243774414
23,8242433,1OWB,MdrDBcore03411,Y145A+L109R,3.639,1.286081314086914,0.5675472617149353,1.192209243774414
23,8242433,3G0E,MdrDBcore03412,V560D+T670I,-0.211,0.19020509719848633,0.5675472617149353,1.192209243774414
23,8242433,3EBS,MdrDBcore03413,S208I+G369S,0.942,-0.25385063886642456,0.5675472617149353,1.192209243774414
23,8242433,3BKL,MdrDBcore03414,V379S+V380T,0.147,0.458070307970047,0.5675472617149353,1.192209243774414
23,8242433,1J3I,MdrDBcore03415,A16C+S108T,-0.821,0.036911219358444214,0.5675472617149353,1.192209243774414
23,8242433,1J3I,MdrDBcore03416,A16G+S108T,-0.411,0.2829298675060272,0.5675472617149353,1.192209243774414
23,8242433,1J3I,MdrDBcore03417,A16S+S108T,0.0,0.2529142200946808,0.5675472617149353,1.192209243774414
23,8242433,1J3I,MdrDBcore03418,A16T+S108T,0.24,0.28284212946891785,0.5675472617149353,1.192209243774414
23,8242433,1J3I,MdrDBcore03419,A16V+S108T,0.332,0.16639003157615662,0.5675472617149353,1.192209243774414
23,8242433,1J3I,MdrDBcore03420,C59R+S108N,0.354,0.7088657021522522,0.5675472617149353,1.192209243774414
23,8242433,1J3I,MdrDBcore03421,N51I+C59R+S108N+I164L,0.719,0.5599969029426575,0.5675472617149353,1.192209243774414
23,8242433,2W9S,MdrDBcore03422,Y98F+A43G,-3.04,-0.06061341241002083,0.5675472617149353,1.192209243774414
23,8242433,2W9S,MdrDBcore03423,Y98F+A43G,-2.797,-0.06061071157455444,0.5675472617149353,1.192209243774414
23,8242433,2IS7,MdrDBcore03424,C298A+W219Y,-0.878,-0.13408678770065308,0.5675472617149353,1.192209243774414
23,8242433,2INZ,MdrDBcore03425,C298A+W219Y,1.311,1.1644326448440552,0.5675472617149353,1.192209243774414
23,8242433,2INE,MdrDBcore03426,C298A+W219Y,0.783,0.9352790117263794,0.5675472617149353,1.192209243774414
23,8242433,2PDK,MdrDBcore03427,L300P+M301L,-0.288,0.6424853205680847,0.5675472617149353,1.192209243774414
23,8242433,2PZN,MdrDBcore03428,S302R+C303D,2.471,1.556322693824768,0.5675472617149353,1.192209243774414
23,8242433,2PDG,MdrDBcore03429,S302R+C303D,2.735,0.6622025966644287,0.5675472617149353,1.192209243774414
23,8242433,1PWM,MdrDBcore03430,S302R+C303D,1.895,2.0352349281311035,0.5675472617149353,1.192209243774414
23,8242433,3AMA,MdrDBcore03431,Q95L+L120M+A123V,0.417,0.4276319146156311,0.5675472617149353,1.192209243774414
23,8242433,3AMB,MdrDBcore03432,Q95L+L120M+A123V,1.005,0.7555145025253296,0.5675472617149353,1.192209243774414
23,8242433,3AMA,MdrDBcore03433,R47K+L120M+A123V,0.827,0.4276321530342102,0.5675472617149353,1.192209243774414
23,8242433,3AMB,MdrDBcore03434,R47K+L120M+A123V,1.037,0.7555151581764221,0.5675472617149353,1.192209243774414
23,8242433,3AMA,MdrDBcore03435,R47K+Q95L+A123V,0.417,0.470358282327652,0.5675472617149353,1.192209243774414
23,8242433,3AMB,MdrDBcore03436,R47K+Q95L+A123V,0.713,0.7610157132148743,0.5675472617149353,1.192209243774414
23,8242433,3AMA,MdrDBcore03437,R47K+Q95L+L120M,0.875,0.3429085612297058,0.5675472617149353,1.192209243774414
23,8242433,3AMB,MdrDBcore03438,R47K+Q95L+L120M,-0.393,0.7214819192886353,0.5675472617149353,1.192209243774414
23,8242433,3AMA,MdrDBcore03439,R47K+Q95L+L120M+A123V,0.719,0.4276323616504669,0.5675472617149353,1.192209243774414
23,8242433,3AMB,MdrDBcore03440,R47K+Q95L+L120M+A123V,1.373,0.7555147409439087,0.5675472617149353,1.192209243774414
23,8242433,2GMK,MdrDBcore03441,N89K+A91E,-0.364,-0.02955346181988716,0.5675472617149353,1.192209243774414
23,8242433,2GMK,MdrDBcore03442,N89R+A91E,-0.256,0.10776179283857346,0.5675472617149353,1.192209243774414
23,8242433,3RY2,MdrDBcore03443,S52G+R53D,0.314,1.0291728973388672,0.5675472617149353,1.192209243774414
23,8242433,3RY2,MdrDBcore03444,S52G+R53S,0.0,1.0291728973388672,0.5675472617149353,1.192209243774414
23,8242433,3RY2,MdrDBcore03445,T90S+W108V+L110T+F29L+S52G+R53S,3.899,1.2108941078186035,0.5675472617149353,1.192209243774414
23,8242433,1GZ4,MdrDBcore03446,R197Q+R542V+R556Q,0.0,1.1974233388900757,0.5675472617149353,1.192209243774414
23,8242433,3CWK,MdrDBcore03447,L111R+E121L+V54T,-0.543,1.552286982536316,0.5675472617149353,1.192209243774414
23,8242433,1P6L,MdrDBcore03448,N368D+V106M,-2.454,0.07299641519784927,0.5675472617149353,1.192209243774414
23,8242433,1P6N,MdrDBcore03449,N368D+V106M,-2.728,-1.3191174268722534,0.5675472617149353,1.192209243774414
23,8242433,1P6H,MdrDBcore03450,D597N+M336V,3.171,1.4968187808990479,0.5675472617149353,1.192209243774414
23,8242433,1P6J,MdrDBcore03451,D597N+M336V,3.579,1.2626749277114868,0.5675472617149353,1.192209243774414
23,8242433,3HU2,MdrDBcore03452,R53A+A86R,1.384,0.7736927270889282,0.5675472617149353,1.192209243774414
23,8242433,1PZO,MdrDBcore03453,T182M+G238A,0.11,-0.17143630981445312,0.5675472617149353,1.192209243774414
23,8242433,3CKZ,MdrDBcore03454,N294S+Y274H,0.789,1.1458666324615479,0.5675472617149353,1.192209243774414
23,8242433,3CL2,MdrDBcore03455,S294N+Y252H,-3.968,-0.14189085364341736,0.5675472617149353,1.192209243774414
23,8242433,3CKZ,MdrDBcore03456,Y274H+Y252H,-0.272,1.1058610677719116,0.5675472617149353,1.192209243774414
23,8242433,2PH9,MdrDBcore03457,C190A+C191A,0.284,0.6824994683265686,0.5675472617149353,1.192209243774414
23,8242433,1MUI,MdrDBcore03458,D30N+L90M,0.821,0.35042813420295715,0.5675472617149353,1.192209243774414
23,8242433,1MUI,MdrDBcore03459,D30N+N88D+L90M,1.308,0.35042789578437805,0.5675472617149353,1.192209243774414
23,8242433,1MUI,MdrDBcore03460,N88D+L90M,0.184,0.3604854941368103,0.5675472617149353,1.192209243774414
23,8242433,2QEH,MdrDBcore03461,E7L+H35L,2.969,1.9847042560577393,0.5675472617149353,1.192209243774414
23,8242433,2PQL,MdrDBcore03462,E7L+H35L,-1.084,-0.4905503988265991,0.5675472617149353,1.192209243774414
23,8242433,3AM3,MdrDBcore03463,M372A+K316A,0.181,-0.23549416661262512,0.5675472617149353,1.192209243774414
23,8242433,2JDN,MdrDBcore03464,S23A+A22S,1.758,0.2420317530632019,0.5675472617149353,1.192209243774414
23,8242433,1TPZ,MdrDBcore03465,L44R+S172R,-0.158,0.01657850295305252,0.5675472617149353,1.192209243774414
23,8242433,2DOR,MdrDBcore03466,K136E,-0.793,0.5104865431785583,0.5675472617149353,1.192209243774414
23,8242433,2DOR,MdrDBcore03467,K213E,0.826,0.047574482858181,0.5675472617149353,1.192209243774414
23,8242433,2DOR,MdrDBcore03468,N127A,1.546,0.7430276870727539,0.5675472617149353,1.192209243774414
23,8242433,2DOR,MdrDBcore03469,N193A,3.55,0.7747076749801636,0.5675472617149353,1.192209243774414
23,8242433,2DOR,MdrDBcore03470,N67A,0.247,0.4766763150691986,0.5675472617149353,1.192209243774414
23,8242433,2DOR,MdrDBcore03471,P131A,0.191,0.6561474204063416,0.5675472617149353,1.192209243774414
23,8242433,2DOR,MdrDBcore03472,P56A,2.318,0.510486364364624,0.5675472617149353,1.192209243774414
23,8242433,2DOR,MdrDBcore03473,R50E,0.684,0.5104866027832031,0.5675472617149353,1.192209243774414
23,8242433,2DOR,MdrDBcore03474,R57A,0.703,0.5107767581939697,0.5675472617149353,1.192209243774414
23,8242433,2DOR,MdrDBcore03475,S129A,0.678,0.5233021974563599,0.5675472617149353,1.192209243774414
23,8242433,2RDE,MdrDBcore03476,L135R,-0.669,0.368497759103775,0.5675472617149353,1.192209243774414
23,8242433,3UM8,MdrDBcore03477,A16C,0.07,1.2123284339904785,0.5675472617149353,1.192209243774414
23,8242433,3UM8,MdrDBcore03478,A16G,0.732,0.8612668514251709,0.5675472617149353,1.192209243774414
23,8242433,3UM8,MdrDBcore03479,A16S,2.615,1.1819415092468262,0.5675472617149353,1.192209243774414
23,8242433,3UM8,MdrDBcore03480,S108N,1.241,1.3274996280670166,0.5675472617149353,1.192209243774414
23,8242433,3UM8,MdrDBcore03481,S108T,0.638,1.1285500526428223,0.5675472617149353,1.192209243774414
23,8242433,4B7J,MdrDBcore03482,H275Y,2.998,-0.6575788855552673,0.5675472617149353,1.192209243774414
23,8242433,4B7N,MdrDBcore03483,H275Y,0.513,-0.7714087963104248,0.5675472617149353,1.192209243774414
23,8242433,4B7J,MdrDBcore03484,R223I,-2.297,-1.221168875694275,0.5675472617149353,1.192209243774414
23,8242433,4B7N,MdrDBcore03485,R223I,-1.313,-1.266005516052246,0.5675472617149353,1.192209243774414
23,8242433,2Q2A,MdrDBcore03486,E163Q,0.798,1.4916834831237793,0.5675472617149353,1.192209243774414
23,8242433,2Q2A,MdrDBcore03487,E35K,3.343,1.5160353183746338,0.5675472617149353,1.192209243774414
23,8242433,2Q2A,MdrDBcore03488,G168R,0.757,1.491684079170227,0.5675472617149353,1.192209243774414
23,8242433,2Q2A,MdrDBcore03489,G40A,0.379,1.4916841983795166,0.5675472617149353,1.192209243774414
23,8242433,2Q2A,MdrDBcore03490,K41E,0.527,1.4916836023330688,0.5675472617149353,1.192209243774414
23,8242433,2Q2A,MdrDBcore03491,N166C,0.757,1.491683840751648,0.5675472617149353,1.192209243774414
23,8242433,2Q2A,MdrDBcore03492,Q132L,1.247,1.6717157363891602,0.5675472617149353,1.192209243774414
23,8242433,2R5Q,MdrDBcore03493,D30N,2.384,1.10002601146698,0.5675472617149353,1.192209243774414
23,8242433,2R5Q,MdrDBcore03494,D30N,2.384,1.1000261306762695,0.5675472617149353,1.192209243774414
23,8242433,2R5P,MdrDBcore03495,D30N,0.68,-0.1305231750011444,0.5675472617149353,1.192209243774414
23,8242433,2R5Q,MdrDBcore03496,L90M,0.388,1.0579423904418945,0.5675472617149353,1.192209243774414
23,8242433,2R5Q,MdrDBcore03497,L90M,0.388,1.0579423904418945,0.5675472617149353,1.192209243774414
23,8242433,2R5P,MdrDBcore03498,L90M,0.197,0.00016721338033676147,0.5675472617149353,1.192209243774414
23,8242433,2R5Q,MdrDBcore03499,N88D,0.493,1.0579423904418945,0.5675472617149353,1.192209243774414
23,8242433,2R5Q,MdrDBcore03500,N88D,0.493,1.0579426288604736,0.5675472617149353,1.192209243774414
23,8242433,2R5P,MdrDBcore03501,N88D,1.176,0.013700149953365326,0.5675472617149353,1.192209243774414
23,8242433,2HDK,MdrDBcore03502,A318C,-0.072,-0.6684181094169617,0.5675472617149353,1.192209243774414
23,8242433,1VKJ,MdrDBcore03503,E90Q,-0.554,-0.22466564178466797,0.5675472617149353,1.192209243774414
23,8242433,1VKJ,MdrDBcore03504,K123A,-0.143,-0.15329477190971375,0.5675472617149353,1.192209243774414
23,8242433,1VKJ,MdrDBcore03505,R67E,0.149,-0.08895383775234222,0.5675472617149353,1.192209243774414
23,8242433,1VKJ,MdrDBcore03506,R72E,-0.587,-0.5953332781791687,0.5675472617149353,1.192209243774414
23,8242433,2OFW,MdrDBcore03507,H34N,-1.005,-1.0826034545898438,0.5675472617149353,1.192209243774414
23,8242433,2OFW,MdrDBcore03508,N27A,-0.917,-1.0826040506362915,0.5675472617149353,1.192209243774414
23,8242433,2OFW,MdrDBcore03509,Q31A,-0.889,-1.2041141986846924,0.5675472617149353,1.192209243774414
23,8242433,3I73,MdrDBcore03510,S238A,0.869,0.39828911423683167,0.5675472617149353,1.192209243774414
23,8242433,2JBZ,MdrDBcore03511,D111A,0.477,0.48350706696510315,0.5675472617149353,1.192209243774414
23,8242433,2JBZ,MdrDBcore03512,E57A,1.116,0.47552040219306946,0.5675472617149353,1.192209243774414
23,8242433,2JBZ,MdrDBcore03513,H110A,0.1,0.5039620995521545,0.5675472617149353,1.192209243774414
23,8242433,2JBZ,MdrDBcore03514,R15A,0.441,0.4662528336048126,0.5675472617149353,1.192209243774414
23,8242433,2VZM,MdrDBcore03515,E85Q,0.582,0.022692561149597168,0.5675472617149353,1.192209243774414
23,8242433,2VZ7,MdrDBcore03516,E85Q,1.401,0.5729183554649353,0.5675472617149353,1.192209243774414
23,8242433,2VZM,MdrDBcore03517,E94Q,0.955,0.3231615126132965,0.5675472617149353,1.192209243774414
23,8242433,2VZM,MdrDBcore03518,N50D,0.184,0.23202908039093018,0.5675472617149353,1.192209243774414
23,8242433,2VZ7,MdrDBcore03519,N50D,0.765,0.47992435097694397,0.5675472617149353,1.192209243774414
23,8242433,1H0A,MdrDBcore03520,L6E,0.229,0.14957180619239807,0.5675472617149353,1.192209243774414
23,8242433,1H0A,MdrDBcore03521,L6Q,-0.108,0.14957189559936523,0.5675472617149353,1.192209243774414
23,8242433,1MPW,MdrDBcore03522,L244A,-0.132,-0.6350525617599487,0.5675472617149353,1.192209243774414
23,8242433,1MPW,MdrDBcore03523,L247V,-0.783,-0.5890461802482605,0.5675472617149353,1.192209243774414
23,8242433,1MPW,MdrDBcore03524,W87F,-0.452,-0.5653715133666992,0.5675472617149353,1.192209243774414
23,8242433,1AKR,MdrDBcore03525,A61G,-0.728,0.7483974695205688,0.5675472617149353,1.192209243774414
23,8242433,1AKU,MdrDBcore03526,A95D,-0.786,-0.3836181163787842,0.5675472617149353,1.192209243774414
23,8242433,1AKV,MdrDBcore03527,A95E,-0.812,-0.6437621116638184,0.5675472617149353,1.192209243774414
23,8242433,1AKV,MdrDBcore03528,A95N,-0.288,-0.25276172161102295,0.5675472617149353,1.192209243774414
23,8242433,1AKV,MdrDBcore03529,A95N,-0.377,-0.2527620196342468,0.5675472617149353,1.192209243774414
23,8242433,1C7E,MdrDBcore03530,E95D,-0.383,-0.516558825969696,0.5675472617149353,1.192209243774414
23,8242433,1AKW,MdrDBcore03531,L61G,-1.412,0.6512904763221741,0.5675472617149353,1.192209243774414
23,8242433,1AKT,MdrDBcore03532,N61G,-1.535,0.05435009300708771,0.5675472617149353,1.192209243774414
23,8242433,1HLD,MdrDBcore03533,F93A,1.679,0.8594951629638672,0.5675472617149353,1.192209243774414
23,8242433,1N92,MdrDBcore03534,T178S,-0.471,1.1758956909179688,0.5675472617149353,1.192209243774414
23,8242433,1N92,MdrDBcore03535,T178V,1.26,1.1312848329544067,0.5675472617149353,1.192209243774414
23,8242433,1N92,MdrDBcore03536,V203A,-0.04,1.1376187801361084,0.5675472617149353,1.192209243774414
23,8242433,1N92,MdrDBcore03537,V292A,2.115,1.1686397790908813,0.5675472617149353,1.192209243774414
23,8242433,1N92,MdrDBcore03538,V292S,2.337,1.2170227766036987,0.5675472617149353,1.192209243774414
23,8242433,1N92,MdrDBcore03539,V292T,2.015,1.131946325302124,0.5675472617149353,1.192209243774414
23,8242433,3EIG,MdrDBcore03540,E35Q,-1.747,-1.8796813488006592,0.5675472617149353,1.192209243774414
23,8242433,1DLR,MdrDBcore03541,F22W,-0.288,0.5902578234672546,0.5675472617149353,1.192209243774414
23,8242433,1DLR,MdrDBcore03542,F22Y,1.991,0.7455054521560669,0.5675472617149353,1.192209243774414
23,8242433,3N0H,MdrDBcore03543,F64S,-0.103,0.19860917329788208,0.5675472617149353,1.192209243774414
23,8242433,3S3V,MdrDBcore03544,K35S,0.033,-0.08175895363092422,0.5675472617149353,1.192209243774414
23,8242433,1U72,MdrDBcore03545,L22F,3.009,2.7191336154937744,0.5675472617149353,1.192209243774414
23,8242433,1U72,MdrDBcore03546,L22R,4.268,2.5393314361572266,0.5675472617149353,1.192209243774414
23,8242433,1U72,MdrDBcore03547,L22W,4.233,2.480642795562744,0.5675472617149353,1.192209243774414
23,8242433,1U72,MdrDBcore03548,L22Y,4.783,3.2188425064086914,0.5675472617149353,1.192209243774414
23,8242433,3FS6,MdrDBcore03549,N64F,-2.245,-1.3224287033081055,0.5675472617149353,1.192209243774414
23,8242433,2W3A,MdrDBcore03550,N64F,0.303,0.12648212909698486,0.5675472617149353,1.192209243774414
23,8242433,2W3A,MdrDBcore03551,N64F,-1.416,0.1264825165271759,0.5675472617149353,1.192209243774414
23,8242433,3FS6,MdrDBcore03552,N64S,-1.364,-1.418453574180603,0.5675472617149353,1.192209243774414
23,8242433,2W3A,MdrDBcore03553,N64S,0.199,0.21496513485908508,0.5675472617149353,1.192209243774414
23,8242433,2W3A,MdrDBcore03554,N64S,-1.015,0.21496525406837463,0.5675472617149353,1.192209243774414
23,8242433,3FS6,MdrDBcore03555,Q35K,-1.968,-1.2595466375350952,0.5675472617149353,1.192209243774414
23,8242433,2W3A,MdrDBcore03556,Q35K,0.605,0.09147839993238449,0.5675472617149353,1.192209243774414
23,8242433,2W3A,MdrDBcore03557,Q35K,-1.577,0.09147835522890091,0.5675472617149353,1.192209243774414
23,8242433,3FS6,MdrDBcore03558,Q35S,0.249,-1.2822599411010742,0.5675472617149353,1.192209243774414
23,8242433,2W3A,MdrDBcore03559,Q35S,-0.1,-0.39427539706230164,0.5675472617149353,1.192209243774414
23,8242433,2W3A,MdrDBcore03560,Q35S,-0.655,-0.3942755162715912,0.5675472617149353,1.192209243774414
23,8242433,3EIG,MdrDBcore03561,R31F,-3.603,-1.8269248008728027,0.5675472617149353,1.192209243774414
23,8242433,3N0H,MdrDBcore03562,S35K,-0.033,0.04518997669219971,0.5675472617149353,1.192209243774414
23,8242433,2P4T,MdrDBcore03563,H67Q,1.997,1.1846368312835693,0.5675472617149353,1.192209243774414
23,8242433,3PCA,MdrDBcore03564,Y408C,1.853,2.024306058883667,0.5675472617149353,1.192209243774414
23,8242433,3PCA,MdrDBcore03565,Y408H,1.628,1.7254747152328491,0.5675472617149353,1.192209243774414
23,8242433,1BF3,MdrDBcore03566,K42R,-0.821,-1.4772359132766724,0.5675472617149353,1.192209243774414
23,8242433,1BF3,MdrDBcore03567,K42S,-0.108,-1.477236032485962,0.5675472617149353,1.192209243774414
23,8242433,1NJB,MdrDBcore03568,C229A,0.036,0.003691442310810089,0.5675472617149353,1.192209243774414
23,8242433,1NJB,MdrDBcore03569,C229E,0.713,0.1921134889125824,0.5675472617149353,1.192209243774414
23,8242433,1NJB,MdrDBcore03570,C229G,-0.224,0.021837793290615082,0.5675472617149353,1.192209243774414
23,8242433,1NJB,MdrDBcore03571,C229I,1.29,0.046563901007175446,0.5675472617149353,1.192209243774414
23,8242433,1NJB,MdrDBcore03572,C229L,1.517,0.04066152125597,0.5675472617149353,1.192209243774414
23,8242433,1NJB,MdrDBcore03573,C229M,1.29,0.2913348078727722,0.5675472617149353,1.192209243774414
23,8242433,1NJB,MdrDBcore03574,C229Q,-0.242,0.1512543261051178,0.5675472617149353,1.192209243774414
23,8242433,1NJB,MdrDBcore03575,C229S,-0.361,-0.11063230782747269,0.5675472617149353,1.192209243774414
23,8242433,1NJB,MdrDBcore03576,C229T,1.688,-0.11184035241603851,0.5675472617149353,1.192209243774414
23,8242433,1NJB,MdrDBcore03577,C229V,1.58,0.039104998111724854,0.5675472617149353,1.192209243774414
23,8242433,1NJB,MdrDBcore03578,C229W,2.091,-0.4859450161457062,0.5675472617149353,1.192209243774414
23,8242433,1TSL,MdrDBcore03579,E60D,1.089,0.5031406283378601,0.5675472617149353,1.192209243774414
23,8242433,1TSM,MdrDBcore03580,E60D,-0.543,0.03436174988746643,0.5675472617149353,1.192209243774414
23,8242433,1NJE,MdrDBcore03581,N229A,-3.612,-1.7574567794799805,0.5675472617149353,1.192209243774414
23,8242433,1THY,MdrDBcore03582,N229A,0.888,0.8136658668518066,0.5675472617149353,1.192209243774414
23,8242433,1NJE,MdrDBcore03583,N229C,-3.61,-1.717344045639038,0.5675472617149353,1.192209243774414
23,8242433,1THY,MdrDBcore03584,N229C,0.852,0.8900974988937378,0.5675472617149353,1.192209243774414
23,8242433,1NJE,MdrDBcore03585,N229D,-2.086,-1.4466149806976318,0.5675472617149353,1.192209243774414
23,8242433,1NJE,MdrDBcore03586,N229E,-1.22,-1.5682159662246704,0.5675472617149353,1.192209243774414
23,8242433,1NJE,MdrDBcore03587,N229G,-3.37,-1.7973488569259644,0.5675472617149353,1.192209243774414
23,8242433,1THY,MdrDBcore03588,N229G,0.477,0.8169138431549072,0.5675472617149353,1.192209243774414
23,8242433,1NJE,MdrDBcore03589,N229I,-2.015,-1.7436680793762207,0.5675472617149353,1.192209243774414
23,8242433,1THY,MdrDBcore03590,N229I,2.011,0.9849615097045898,0.5675472617149353,1.192209243774414
23,8242433,1NJE,MdrDBcore03591,N229L,-2.328,-1.7747448682785034,0.5675472617149353,1.192209243774414
23,8242433,1NJE,MdrDBcore03592,N229M,-3.527,-1.5497527122497559,0.5675472617149353,1.192209243774414
23,8242433,1NJE,MdrDBcore03593,N229Q,0.329,-1.5685157775878906,0.5675472617149353,1.192209243774414
23,8242433,1NJE,MdrDBcore03594,N229S,-3.55,-1.73220694065094,0.5675472617149353,1.192209243774414
23,8242433,1THY,MdrDBcore03595,N229S,0.491,1.0103754997253418,0.5675472617149353,1.192209243774414
23,8242433,1NJE,MdrDBcore03596,N229T,-3.82,-1.7330526113510132,0.5675472617149353,1.192209243774414
23,8242433,1NJE,MdrDBcore03597,N229V,-2.104,-1.7660411596298218,0.5675472617149353,1.192209243774414
23,8242433,1NJE,MdrDBcore03598,N229W,-1.449,-1.7895560264587402,0.5675472617149353,1.192209243774414
23,8242433,2TDM,MdrDBcore03599,R179A,2.596,2.329575300216675,0.5675472617149353,1.192209243774414
23,8242433,2TDM,MdrDBcore03600,R179K,2.374,2.329576015472412,0.5675472617149353,1.192209243774414
23,8242433,1TSL,MdrDBcore03601,V316A,1.731,0.3819834589958191,0.5675472617149353,1.192209243774414
23,8242433,1TSM,MdrDBcore03602,V316A,1.52,0.03436216711997986,0.5675472617149353,1.192209243774414
23,8242433,1TSL,MdrDBcore03603,W82Y,0.211,0.5031405091285706,0.5675472617149353,1.192209243774414
23,8242433,2ITY,MdrDBcore03604,G719S,0.48,-0.27063608169555664,0.5675472617149353,1.192209243774414
23,8242433,1CNQ,MdrDBcore03605,A54L,-0.145,-0.3029821217060089,0.5675472617149353,1.192209243774414
23,8242433,1YYZ,MdrDBcore03606,L54A,-5.046,-1.1862713098526,0.5675472617149353,1.192209243774414
23,8242433,1OSS,MdrDBcore03607,P190A,-0.299,-0.22953906655311584,0.5675472617149353,1.192209243774414
23,8242433,1OSS,MdrDBcore03608,P190S,-0.728,-0.33493486046791077,0.5675472617149353,1.192209243774414
23,8242433,1OSS,MdrDBcore03609,P190T,-1.069,-0.2548953890800476,0.5675472617149353,1.192209243774414
23,8242433,1OSS,MdrDBcore03610,P190V,1.473,-0.2819264233112335,0.5675472617149353,1.192209243774414
23,8242433,2H4N,MdrDBcore03611,N94C,6.056,4.911669731140137,0.5675472617149353,1.192209243774414
23,8242433,2H4N,MdrDBcore03612,N94D,6.842,5.067636966705322,0.5675472617149353,1.192209243774414
23,8242433,2H4N,MdrDBcore03613,N94E,7.431,4.830681800842285,0.5675472617149353,1.192209243774414
23,8242433,2H4N,MdrDBcore03614,N94Q,2.861,4.4508280754089355,0.5675472617149353,1.192209243774414
23,8242433,1TPH,MdrDBcore03615,S96P,1.572,0.5476930141448975,0.5675472617149353,1.192209243774414
23,8242433,1OGZ,MdrDBcore03616,A39G,-0.143,0.2412770688533783,0.5675472617149353,1.192209243774414
23,8242433,2JGS,MdrDBcore03617,M76N,-1.684,-1.140831470489502,0.5675472617149353,1.192209243774414
23,8242433,1HK1,MdrDBcore03618,R218H,-0.726,-0.5454587340354919,0.5675472617149353,1.192209243774414
23,8242433,1HK1,MdrDBcore03619,R218P,-1.292,-0.6674054861068726,0.5675472617149353,1.192209243774414
23,8242433,1AMW,MdrDBcore03620,E88G,0.076,0.9700902700424194,0.5675472617149353,1.192209243774414
23,8242433,1A4H,MdrDBcore03621,E88G,-0.113,0.10128246992826462,0.5675472617149353,1.192209243774414
23,8242433,1AMW,MdrDBcore03622,K44R,0.229,0.6052708625793457,0.5675472617149353,1.192209243774414
23,8242433,1A4H,MdrDBcore03623,K44R,0.245,0.2522781789302826,0.5675472617149353,1.192209243774414
23,8242433,1AMW,MdrDBcore03624,K98N,0.65,1.0042318105697632,0.5675472617149353,1.192209243774414
23,8242433,1A4H,MdrDBcore03625,K98N,-0.362,-0.26836246252059937,0.5675472617149353,1.192209243774414
23,8242433,1AMW,MdrDBcore03626,L89V,0.58,0.9700907468795776,0.5675472617149353,1.192209243774414
23,8242433,1A4H,MdrDBcore03627,L89V,-0.95,-0.2953427731990814,0.5675472617149353,1.192209243774414
23,8242433,1AMW,MdrDBcore03628,L93I,0.527,1.0118358135223389,0.5675472617149353,1.192209243774414
23,8242433,1A4H,MdrDBcore03629,L93I,-0.742,0.16838610172271729,0.5675472617149353,1.192209243774414
23,8242433,1AMW,MdrDBcore03630,N92L,0.654,1.013062834739685,0.5675472617149353,1.192209243774414
23,8242433,1A4H,MdrDBcore03631,N92L,0.19,0.17345792055130005,0.5675472617149353,1.192209243774414
23,8242433,1AMW,MdrDBcore03632,V136M,1.221,0.9554401636123657,0.5675472617149353,1.192209243774414
23,8242433,2VWC,MdrDBcore03633,V136M,0.399,0.1896062195301056,0.5675472617149353,1.192209243774414
23,8242433,1A4H,MdrDBcore03634,V136M,0.487,0.37742504477500916,0.5675472617149353,1.192209243774414
23,8242433,1E2K,MdrDBcore03635,Y101F,0.893,-0.18862445652484894,0.5675472617149353,1.192209243774414
23,8242433,2AQU,MdrDBcore03636,D30N,0.622,0.5393504500389099,0.5675472617149353,1.192209243774414
23,8242433,2AQU,MdrDBcore03637,D30N,0.622,0.5393504500389099,0.5675472617149353,1.192209243774414
23,8242433,1GNO,MdrDBcore03638,G48H,1.057,1.044525146484375,0.5675472617149353,1.192209243774414
23,8242433,3TKW,MdrDBcore03639,G48V,2.001,1.3707422018051147,0.5675472617149353,1.192209243774414
23,8242433,3TKW,MdrDBcore03640,I50V,2.035,1.4021106958389282,0.5675472617149353,1.192209243774414
23,8242433,3NU3,MdrDBcore03641,I50V,2.015,0.9410916566848755,0.5675472617149353,1.192209243774414
23,8242433,3TKW,MdrDBcore03642,I54M,0.601,0.9983471632003784,0.5675472617149353,1.192209243774414
23,8242433,3NU3,MdrDBcore03643,I54M,0.713,0.9461994171142578,0.5675472617149353,1.192209243774414
23,8242433,3TKW,MdrDBcore03644,I54V,1.276,0.9983471632003784,0.5675472617149353,1.192209243774414
23,8242433,3NU3,MdrDBcore03645,I54V,0.596,0.9461997747421265,0.5675472617149353,1.192209243774414
23,8242433,3NU3,MdrDBcore03646,I84V,1.062,0.9428681135177612,0.5675472617149353,1.192209243774414
23,8242433,1RTD,MdrDBcore03647,K65A,1.02,0.6252827644348145,0.5675472617149353,1.192209243774414
23,8242433,1RTD,MdrDBcore03648,K65R,0.118,-0.0032714828848838806,0.5675472617149353,1.192209243774414
23,8242433,3NU3,MdrDBcore03649,L90M,0.038,0.9461995363235474,0.5675472617149353,1.192209243774414
23,8242433,2AQU,MdrDBcore03650,L90M,0.526,0.5236798524856567,0.5675472617149353,1.192209243774414
23,8242433,2AQU,MdrDBcore03651,L90M,0.526,0.5236794948577881,0.5675472617149353,1.192209243774414
23,8242433,2AQU,MdrDBcore03652,N88D,0.651,0.5236794948577881,0.5675472617149353,1.192209243774414
23,8242433,2AQU,MdrDBcore03653,N88D,0.651,0.5236797332763672,0.5675472617149353,1.192209243774414
23,8242433,1RTD,MdrDBcore03654,R72A,1.374,1.3402130603790283,0.5675472617149353,1.192209243774414
23,8242433,3NU3,MdrDBcore03655,V32I,1.364,0.9462003707885742,0.5675472617149353,1.192209243774414
23,8242433,1GNO,MdrDBcore03656,V82D,1.974,1.2111560106277466,0.5675472617149353,1.192209243774414
23,8242433,1GNO,MdrDBcore03657,V82N,2.757,0.985676646232605,0.5675472617149353,1.192209243774414
23,8242433,2Q64,MdrDBcore03658,A71V,0.954,0.6802301406860352,0.5675472617149353,1.192209243774414
23,8242433,2Q64,MdrDBcore03659,A71V,0.954,0.6802301406860352,0.5675472617149353,1.192209243774414
23,8242433,2Z4O,MdrDBcore03660,D30N,1.68,0.8060777187347412,0.5675472617149353,1.192209243774414
23,8242433,2Z4O,MdrDBcore03661,I50V,1.215,0.7593497633934021,0.5675472617149353,1.192209243774414
23,8242433,2ZGA,MdrDBcore03662,I50V,1.955,1.5165385007858276,0.5675472617149353,1.192209243774414
23,8242433,2IEN,MdrDBcore03663,I84V,0.689,0.2521219551563263,0.5675472617149353,1.192209243774414
23,8242433,2Z4O,MdrDBcore03664,I84V,0.679,0.7819358110427856,0.5675472617149353,1.192209243774414
23,8242433,2ZGA,MdrDBcore03665,I84V,0.815,1.5301851034164429,0.5675472617149353,1.192209243774414
23,8242433,2Q64,MdrDBcore03666,L90M,1.159,0.680229902267456,0.5675472617149353,1.192209243774414
23,8242433,2Q64,MdrDBcore03667,L90M,1.159,0.6802300810813904,0.5675472617149353,1.192209243774414
23,8242433,1SDT,MdrDBcore03668,L90M,-1.089,0.03963220864534378,0.5675472617149353,1.192209243774414
23,8242433,1SGU,MdrDBcore03669,M46I,-1.577,0.04791117459535599,0.5675472617149353,1.192209243774414
23,8242433,1SH9,MdrDBcore03670,M46I,-0.238,0.30481281876564026,0.5675472617149353,1.192209243774414
23,8242433,1SH9,MdrDBcore03671,M46I,-0.238,0.3048126697540283,0.5675472617149353,1.192209243774414
23,8242433,2Q64,MdrDBcore03672,N30D,-1.775,0.6291898488998413,0.5675472617149353,1.192209243774414
23,8242433,2Q64,MdrDBcore03673,N88D,1.513,0.6802300214767456,0.5675472617149353,1.192209243774414
23,8242433,2Q64,MdrDBcore03674,N88D,1.513,0.6802300810813904,0.5675472617149353,1.192209243774414
23,8242433,2R43,MdrDBcore03675,V50I,-0.776,-0.47743239998817444,0.5675472617149353,1.192209243774414
23,8242433,2R3T,MdrDBcore03676,V50I,-0.997,0.007835239171981812,0.5675472617149353,1.192209243774414
23,8242433,1SGU,MdrDBcore03677,V54I,-1.572,0.18097859621047974,0.5675472617149353,1.192209243774414
23,8242433,1SH9,MdrDBcore03678,V54I,-0.589,0.30931320786476135,0.5675472617149353,1.192209243774414
23,8242433,1SH9,MdrDBcore03679,V54I,-1.026,0.3093130588531494,0.5675472617149353,1.192209243774414
23,8242433,2IEN,MdrDBcore03680,V82A,0.155,0.49405166506767273,0.5675472617149353,1.192209243774414
23,8242433,2Z4O,MdrDBcore03681,V82A,0.644,0.5426604151725769,0.5675472617149353,1.192209243774414
23,8242433,1NH0,MdrDBcore03682,V82A,-0.292,1.0498567819595337,0.5675472617149353,1.192209243774414
23,8242433,1SDT,MdrDBcore03683,V82A,0.717,0.05922283977270126,0.5675472617149353,1.192209243774414
23,8242433,2R3W,MdrDBcore03684,V84I,0.442,0.5188113451004028,0.5675472617149353,1.192209243774414
23,8242433,2R38,MdrDBcore03685,V84I,2.536,2.5618813037872314,0.5675472617149353,1.192209243774414
23,8242433,1SGU,MdrDBcore03686,V84I,-1.401,0.20995542407035828,0.5675472617149353,1.192209243774414
23,8242433,1SH9,MdrDBcore03687,V84I,-1.026,0.3370039761066437,0.5675472617149353,1.192209243774414
23,8242433,1SH9,MdrDBcore03688,V84I,-1.271,0.3370039165019989,0.5675472617149353,1.192209243774414
23,8242433,1KDK,MdrDBcore03689,H136Q,0.17,0.5734190940856934,0.5675472617149353,1.192209243774414
23,8242433,1KDK,MdrDBcore03690,K134A,0.341,0.36231371760368347,0.5675472617149353,1.192209243774414
23,8242433,1KDK,MdrDBcore03691,L131G,1.651,0.8299548625946045,0.5675472617149353,1.192209243774414
23,8242433,1KDK,MdrDBcore03692,P130G,0.218,0.5734190940856934,0.5675472617149353,1.192209243774414
23,8242433,1KDK,MdrDBcore03693,P137G,0.062,0.5734190344810486,0.5675472617149353,1.192209243774414
23,8242433,1BWB,MdrDBcore03694,F82V,-1.589,0.45535388588905334,0.5675472617149353,1.192209243774414
23,8242433,1BWB,MdrDBcore03695,V84I,-2.566,0.6231721043586731,0.5675472617149353,1.192209243774414
23,8242433,2BPX,MdrDBcore03696,D30N,0.979,0.7960046529769897,0.5675472617149353,1.192209243774414
23,8242433,2AOD,MdrDBcore03697,I84V,1.061,-0.44959205389022827,0.5675472617149353,1.192209243774414
23,8242433,2BPX,MdrDBcore03698,L90M,0.605,1.0321519374847412,0.5675472617149353,1.192209243774414
23,8242433,2BPX,MdrDBcore03699,N88D,1.01,1.0321519374847412,0.5675472617149353,1.192209243774414
23,8242433,2AOD,MdrDBcore03700,V82A,-0.835,-0.47442615032196045,0.5675472617149353,1.192209243774414
23,8242433,3BC4,MdrDBcore03701,V84I,0.884,1.2885345220565796,0.5675472617149353,1.192209243774414
23,8242433,2J27,MdrDBcore03702,A168P,-0.821,0.47899702191352844,0.5675472617149353,1.192209243774414
23,8242433,2V2C,MdrDBcore03703,L178A,-1.217,0.044528529047966,0.5675472617149353,1.192209243774414
23,8242433,3E6K,MdrDBcore03704,A183D,-4.292,-2.5712075233459473,0.5675472617149353,1.192209243774414
23,8242433,3E6V,MdrDBcore03705,N183D,-2.003,-1.9224094152450562,0.5675472617149353,1.192209243774414
23,8242433,3DT4,MdrDBcore03706,A467G,-4.914,-1.7284764051437378,0.5675472617149353,1.192209243774414
23,8242433,3DTB,MdrDBcore03707,A467G,1.019,-0.8355981707572937,0.5675472617149353,1.192209243774414
23,8242433,3DT7,MdrDBcore03708,A467G,-1.118,-2.075382709503174,0.5675472617149353,1.192209243774414
23,8242433,1OH0,MdrDBcore03709,W92A,0.467,1.0778340101242065,0.5675472617149353,1.192209243774414
23,8242433,3E9B,MdrDBcore03710,A135S,-2.123,-1.852095127105713,0.5675472617149353,1.192209243774414
23,8242433,3E9B,MdrDBcore03711,A135T,-1.434,-1.7959758043289185,0.5675472617149353,1.192209243774414
23,8242433,1K3L,MdrDBcore03712,I219A,1.731,2.4059600830078125,0.5675472617149353,1.192209243774414
23,8242433,3E2Q,MdrDBcore03713,S540A,0.29,-0.04890086501836777,0.5675472617149353,1.192209243774414
23,8242433,3E2S,MdrDBcore03714,S540A,0.977,1.4169946908950806,0.5675472617149353,1.192209243774414
23,8242433,3E2R,MdrDBcore03715,S540A,0.984,0.27023860812187195,0.5675472617149353,1.192209243774414
23,8242433,3E2Q,MdrDBcore03716,S540Y,0.814,0.792624831199646,0.5675472617149353,1.192209243774414
23,8242433,3E2R,MdrDBcore03717,S540Y,-1.708,-0.06244833022356033,0.5675472617149353,1.192209243774414
23,8242433,3FRE,MdrDBcore03718,F98Y,3.051,2.9365768432617188,0.5675472617149353,1.192209243774414
23,8242433,3I8A,MdrDBcore03719,N30H,-0.531,-0.25481417775154114,0.5675472617149353,1.192209243774414
23,8242433,2V5V,MdrDBcore03720,E57K,0.441,-0.2857048809528351,0.5675472617149353,1.192209243774414
23,8242433,2V5V,MdrDBcore03721,E57R,0.404,-0.9437476396560669,0.5675472617149353,1.192209243774414
23,8242433,2V5V,MdrDBcore03722,E57W,-0.821,-0.2324732542037964,0.5675472617149353,1.192209243774414
23,8242433,1FLV,MdrDBcore03723,W57A,2.24,1.6153720617294312,0.5675472617149353,1.192209243774414
23,8242433,1FLV,MdrDBcore03724,W57F,2.054,2.1681137084960938,0.5675472617149353,1.192209243774414
23,8242433,1FLV,MdrDBcore03725,W57L,1.927,1.5797326564788818,0.5675472617149353,1.192209243774414
23,8242433,1FLV,MdrDBcore03726,W57Y,1.516,1.669114351272583,0.5675472617149353,1.192209243774414
23,8242433,1FLV,MdrDBcore03727,Y94A,3.963,1.9837384223937988,0.5675472617149353,1.192209243774414
23,8242433,1FLV,MdrDBcore03728,Y94F,0.821,1.2783691883087158,0.5675472617149353,1.192209243774414
23,8242433,1FLV,MdrDBcore03729,Y94W,1.514,1.2219890356063843,0.5675472617149353,1.192209243774414
23,8242433,2QFU,MdrDBcore03730,L101P,-3.025,-0.27603718638420105,0.5675472617149353,1.192209243774414
23,8242433,2QFQ,MdrDBcore03731,L101P,-0.303,-0.35513177514076233,0.5675472617149353,1.192209243774414
23,8242433,1G6S,MdrDBcore03732,P101S,1.364,1.5560604333877563,0.5675472617149353,1.192209243774414
23,8242433,1G6T,MdrDBcore03733,P101S,0.232,0.20209035277366638,0.5675472617149353,1.192209243774414
23,8242433,2QFT,MdrDBcore03734,S101A,0.734,1.1791019439697266,0.5675472617149353,1.192209243774414
23,8242433,2QFS,MdrDBcore03735,S101A,-0.17,0.0687137171626091,0.5675472617149353,1.192209243774414
23,8242433,2QFT,MdrDBcore03736,S101G,0.462,1.1791014671325684,0.5675472617149353,1.192209243774414
23,8242433,2QFS,MdrDBcore03737,S101G,-0.17,0.06871356815099716,0.5675472617149353,1.192209243774414
23,8242433,2QFT,MdrDBcore03738,S101P,-1.553,-0.7301424741744995,0.5675472617149353,1.192209243774414
23,8242433,2QFS,MdrDBcore03739,S101P,-0.17,0.06769891828298569,0.5675472617149353,1.192209243774414
23,8242433,1G6S,MdrDBcore03740,T97I,3.379,1.7702422142028809,0.5675472617149353,1.192209243774414
23,8242433,1G6T,MdrDBcore03741,T97I,0.28,0.327074259519577,0.5675472617149353,1.192209243774414
23,8242433,1EGH,MdrDBcore03742,H98N,0.631,0.6957439184188843,0.5675472617149353,1.192209243774414
23,8242433,1OWB,MdrDBcore03743,L109R,0.191,0.4126591682434082,0.5675472617149353,1.192209243774414
23,8242433,1Z95,MdrDBcore03744,L741W,0.383,0.4986042082309723,0.5675472617149353,1.192209243774414
23,8242433,2AMA,MdrDBcore03745,W741L,2.193,1.851233720779419,0.5675472617149353,1.192209243774414
23,8242433,1WDR,MdrDBcore03746,S342T,0.603,0.12466464191675186,0.5675472617149353,1.192209243774414
23,8242433,1WDQ,MdrDBcore03747,V342T,-0.127,-0.3531247675418854,0.5675472617149353,1.192209243774414
23,8242433,3G0E,MdrDBcore03748,D816H,0.056,0.22570759057998657,0.5675472617149353,1.192209243774414
23,8242433,3G0E,MdrDBcore03749,D816V,-0.255,0.22570770978927612,0.5675472617149353,1.192209243774414
23,8242433,3G0E,MdrDBcore03750,V560D,-0.897,0.22570765018463135,0.5675472617149353,1.192209243774414
23,8242433,2OBF,MdrDBcore03751,A57K,1.971,1.7533596754074097,0.5675472617149353,1.192209243774414
23,8242433,1N7J,MdrDBcore03752,D267A,4.398,4.003884315490723,0.5675472617149353,1.192209243774414
23,8242433,1N7I,MdrDBcore03753,D267A,2.902,3.052281141281128,0.5675472617149353,1.192209243774414
23,8242433,1YZ3,MdrDBcore03754,D267A,3.832,2.7912676334381104,0.5675472617149353,1.192209243774414
23,8242433,1HNN,MdrDBcore03755,D267A,4.676,4.775687217712402,0.5675472617149353,1.192209243774414
23,8242433,1N7J,MdrDBcore03756,E219A,3.616,2.579787015914917,0.5675472617149353,1.192209243774414
23,8242433,1N7I,MdrDBcore03757,E219A,3.889,1.8716959953308105,0.5675472617149353,1.192209243774414
23,8242433,1YZ3,MdrDBcore03758,E219A,4.022,2.4744479656219482,0.5675472617149353,1.192209243774414
23,8242433,1HNN,MdrDBcore03759,E219A,4.362,3.903580904006958,0.5675472617149353,1.192209243774414
23,8242433,2G72,MdrDBcore03760,K57A,-3.06,-0.11470748484134674,0.5675472617149353,1.192209243774414
23,8242433,2G71,MdrDBcore03761,K57A,-0.428,-0.25660446286201477,0.5675472617149353,1.192209243774414
23,8242433,2G70,MdrDBcore03762,K57A,1.27,1.628367304801941,0.5675472617149353,1.192209243774414
23,8242433,1N7J,MdrDBcore03763,K57A,1.729,2.079296588897705,0.5675472617149353,1.192209243774414
23,8242433,1N7I,MdrDBcore03764,K57A,1.792,0.2531321048736572,0.5675472617149353,1.192209243774414
23,8242433,1YZ3,MdrDBcore03765,K57A,1.682,2.6946346759796143,0.5675472617149353,1.192209243774414
23,8242433,1HNN,MdrDBcore03766,K57A,2.401,1.9362812042236328,0.5675472617149353,1.192209243774414
23,8242433,2ONY,MdrDBcore03767,K57A,-3.013,0.6028808951377869,0.5675472617149353,1.192209243774414
23,8242433,1N7J,MdrDBcore03768,V53A,0.698,1.8240680694580078,0.5675472617149353,1.192209243774414
23,8242433,1N7I,MdrDBcore03769,V53A,0.967,1.4212751388549805,0.5675472617149353,1.192209243774414
23,8242433,1YZ3,MdrDBcore03770,V53A,1.485,2.8511853218078613,0.5675472617149353,1.192209243774414
23,8242433,1HNN,MdrDBcore03771,V53A,0.973,2.3244922161102295,0.5675472617149353,1.192209243774414
23,8242433,2II4,MdrDBcore03772,D288A,0.869,0.9227392673492432,0.5675472617149353,1.192209243774414
23,8242433,2II4,MdrDBcore03773,K252N,0.77,0.9221893548965454,0.5675472617149353,1.192209243774414
23,8242433,2II4,MdrDBcore03774,L293A,1.256,0.916243314743042,0.5675472617149353,1.192209243774414
23,8242433,2II4,MdrDBcore03775,R230G,1.344,0.9233013391494751,0.5675472617149353,1.192209243774414
23,8242433,2II4,MdrDBcore03776,R240C,0.657,0.9221896529197693,0.5675472617149353,1.192209243774414
23,8242433,3EBS,MdrDBcore03777,G369S,0.651,0.8551149368286133,0.5675472617149353,1.192209243774414
23,8242433,3EBS,MdrDBcore03778,S208I,-0.284,0.7810003757476807,0.5675472617149353,1.192209243774414
23,8242433,1QY1,MdrDBcore03779,Y120F,1.121,-0.8073911666870117,0.5675472617149353,1.192209243774414
23,8242433,1OGG,MdrDBcore03780,N142D,-2.318,-1.9641529321670532,0.5675472617149353,1.192209243774414
23,8242433,1V11,MdrDBcore03781,A287R,-2.478,-0.10490597784519196,0.5675472617149353,1.192209243774414
23,8242433,1U5B,MdrDBcore03782,S292D,1.912,1.5960636138916016,0.5675472617149353,1.192209243774414
23,8242433,1U5B,MdrDBcore03783,S292E,2.069,1.6188935041427612,0.5675472617149353,1.192209243774414
23,8242433,1U5B,MdrDBcore03784,S292N,2.089,1.6188933849334717,0.5675472617149353,1.192209243774414
23,8242433,1U5B,MdrDBcore03785,S292Q,2.156,1.6188935041427612,0.5675472617149353,1.192209243774414
23,8242433,3BKL,MdrDBcore03786,D453E,-0.056,0.46873739361763,0.5675472617149353,1.192209243774414
23,8242433,3BKK,MdrDBcore03787,E376D,0.629,0.5568991899490356,0.5675472617149353,1.192209243774414
23,8242433,3BKL,MdrDBcore03788,E376D,0.731,0.4525926411151886,0.5675472617149353,1.192209243774414
23,8242433,3BKL,MdrDBcore03789,E403R,-0.616,0.13064241409301758,0.5675472617149353,1.192209243774414
23,8242433,3BKK,MdrDBcore03790,F391Y,0.917,0.47762611508369446,0.5675472617149353,1.192209243774414
23,8242433,3BKL,MdrDBcore03791,F391Y,1.153,0.3459082841873169,0.5675472617149353,1.192209243774414
23,8242433,3BKL,MdrDBcore03792,S516N,-0.185,0.1598702073097229,0.5675472617149353,1.192209243774414
23,8242433,3BKL,MdrDBcore03793,T282S,0.18,0.6482629179954529,0.5675472617149353,1.192209243774414
23,8242433,3BKK,MdrDBcore03794,V379S,-0.014,0.5568990111351013,0.5675472617149353,1.192209243774414
23,8242433,3BKL,MdrDBcore03795,V379S,-1.399,0.06970354169607162,0.5675472617149353,1.192209243774414
23,8242433,3BKK,MdrDBcore03796,V380T,0.491,0.4123953878879547,0.5675472617149353,1.192209243774414
23,8242433,3BKL,MdrDBcore03797,V380T,0.807,0.31270483136177063,0.5675472617149353,1.192209243774414
23,8242433,3BKK,MdrDBcore03798,V518T,1.826,0.6445271372795105,0.5675472617149353,1.192209243774414
23,8242433,3BKL,MdrDBcore03799,V518T,1.578,0.5381123423576355,0.5675472617149353,1.192209243774414
23,8242433,3QGT,MdrDBcore03800,A16C,0.17,1.1979066133499146,0.5675472617149353,1.192209243774414
23,8242433,3QGT,MdrDBcore03801,A16G,0.502,0.8236192464828491,0.5675472617149353,1.192209243774414
23,8242433,3QGT,MdrDBcore03802,A16S,1.775,1.0787380933761597,0.5675472617149353,1.192209243774414
23,8242433,3QGT,MdrDBcore03803,S108N,1.866,1.316377878189087,0.5675472617149353,1.192209243774414
23,8242433,3QGT,MdrDBcore03804,S108T,0.0,1.0339782238006592,0.5675472617149353,1.192209243774414
23,8242433,1JPZ,MdrDBcore03805,A328V,-1.162,-0.388723760843277,0.5675472617149353,1.192209243774414
23,8242433,2INZ,MdrDBcore03806,C298A,0.974,0.2411559820175171,0.5675472617149353,1.192209243774414
23,8242433,2INE,MdrDBcore03807,C298A,0.681,2.415851354598999,0.5675472617149353,1.192209243774414
23,8242433,2PZN,MdrDBcore03808,C303D,2.471,1.6814545392990112,0.5675472617149353,1.192209243774414
23,8242433,2PDG,MdrDBcore03809,C303D,2.399,1.8856000900268555,0.5675472617149353,1.192209243774414
23,8242433,1PWM,MdrDBcore03810,C303D,1.032,1.0518831014633179,0.5675472617149353,1.192209243774414
23,8242433,2PZN,MdrDBcore03811,F121P,1.104,1.6984330415725708,0.5675472617149353,1.192209243774414
23,8242433,2PDG,MdrDBcore03812,F121P,0.528,1.3734140396118164,0.5675472617149353,1.192209243774414
23,8242433,1PWM,MdrDBcore03813,F121P,0.288,1.0474066734313965,0.5675472617149353,1.192209243774414
23,8242433,2PZN,MdrDBcore03814,L300A,0.456,1.3639144897460938,0.5675472617149353,1.192209243774414
23,8242433,2PDG,MdrDBcore03815,L300A,-0.24,1.386081576347351,0.5675472617149353,1.192209243774414
23,8242433,1PWM,MdrDBcore03816,L300A,0.456,0.9913971424102783,0.5675472617149353,1.192209243774414
23,8242433,2IKI,MdrDBcore03817,L300P,2.615,1.2948517799377441,0.5675472617149353,1.192209243774414
23,8242433,2PZN,MdrDBcore03818,L300P,1.416,1.9964962005615234,0.5675472617149353,1.192209243774414
23,8242433,2PDG,MdrDBcore03819,L300P,1.101,1.9630672931671143,0.5675472617149353,1.192209243774414
23,8242433,1PWM,MdrDBcore03820,L300P,1.871,1.0448932647705078,0.5675472617149353,1.192209243774414
23,8242433,1PWM,MdrDBcore03821,L301M,0.696,1.065666675567627,0.5675472617149353,1.192209243774414
23,8242433,2FZD,MdrDBcore03822,L301M,0.6,0.2725121080875397,0.5675472617149353,1.192209243774414
23,8242433,2PZN,MdrDBcore03823,S302R,2.519,1.9593374729156494,0.5675472617149353,1.192209243774414
23,8242433,2PDG,MdrDBcore03824,S302R,2.783,1.3483978509902954,0.5675472617149353,1.192209243774414
23,8242433,2IKI,MdrDBcore03825,T113A,0.773,0.9751371145248413,0.5675472617149353,1.192209243774414
23,8242433,1US0,MdrDBcore03826,T113A,1.198,0.9441701173782349,0.5675472617149353,1.192209243774414
23,8242433,2IKI,MdrDBcore03827,T113C,0.142,1.061445951461792,0.5675472617149353,1.192209243774414
23,8242433,1US0,MdrDBcore03828,T113C,-1.523,0.9470992088317871,0.5675472617149353,1.192209243774414
23,8242433,1US0,MdrDBcore03829,T113S,0.994,0.9344998598098755,0.5675472617149353,1.192209243774414
23,8242433,2IKI,MdrDBcore03830,T113V,1.54,1.0667670965194702,0.5675472617149353,1.192209243774414
23,8242433,1US0,MdrDBcore03831,T113V,0.766,0.9073951840400696,0.5675472617149353,1.192209243774414
23,8242433,2IKI,MdrDBcore03832,T113Y,2.063,1.18353271484375,0.5675472617149353,1.192209243774414
23,8242433,2PZN,MdrDBcore03833,T113Y,2.327,2.419257879257202,0.5675472617149353,1.192209243774414
23,8242433,2PDG,MdrDBcore03834,T113Y,2.591,2.154132843017578,0.5675472617149353,1.192209243774414
23,8242433,1PWM,MdrDBcore03835,T113Y,2.063,1.208150029182434,0.5675472617149353,1.192209243774414
23,8242433,2IKI,MdrDBcore03836,V47I,-0.312,0.9313732981681824,0.5675472617149353,1.192209243774414
23,8242433,2PDG,MdrDBcore03837,V47I,1.2,1.437414526939392,0.5675472617149353,1.192209243774414
23,8242433,1PWM,MdrDBcore03838,V47I,0.144,1.071612000465393,0.5675472617149353,1.192209243774414
23,8242433,1GZF,MdrDBcore03839,Q182A,0.132,0.1989196240901947,0.5675472617149353,1.192209243774414
23,8242433,1GZF,MdrDBcore03840,Q212A,0.527,-0.035448819398880005,0.5675472617149353,1.192209243774414
23,8242433,1P1Q,MdrDBcore03841,T138L,-3.696,-2.234562635421753,0.5675472617149353,1.192209243774414
23,8242433,1P1N,MdrDBcore03842,T138L,1.478,0.19697275757789612,0.5675472617149353,1.192209243774414
23,8242433,1P1O,MdrDBcore03843,T138L,-3.057,-3.1234750747680664,0.5675472617149353,1.192209243774414
23,8242433,1SYH,MdrDBcore03844,Y187F,1.266,2.120044231414795,0.5675472617149353,1.192209243774414
23,8242433,2HA4,MdrDBcore03845,A203S,-2.14,-1.9943618774414062,0.5675472617149353,1.192209243774414
23,8242433,2HA5,MdrDBcore03846,A203S,-1.541,-1.7094961404800415,0.5675472617149353,1.192209243774414
23,8242433,2HA7,MdrDBcore03847,A203S,-0.384,-1.049010157585144,0.5675472617149353,1.192209243774414
23,8242433,2HA0,MdrDBcore03848,S203A,1.864,1.971219778060913,0.5675472617149353,1.192209243774414
23,8242433,2HA3,MdrDBcore03849,S203A,0.768,-0.12421360611915588,0.5675472617149353,1.192209243774414
23,8242433,2GMK,MdrDBcore03850,A91E,-0.667,-0.20907413959503174,0.5675472617149353,1.192209243774414
23,8242433,2GMK,MdrDBcore03851,N89T,-0.086,-0.20907393097877502,0.5675472617149353,1.192209243774414
23,8242433,1DF8,MdrDBcore03852,A45S,-4.05,-0.9707696437835693,0.5675472617149353,1.192209243774414
23,8242433,1DF8,MdrDBcore03853,D128A,7.869,-1.063809871673584,0.5675472617149353,1.192209243774414
23,8242433,3RY2,MdrDBcore03854,S52G,0.155,-0.4933546185493469,0.5675472617149353,1.192209243774414
23,8242433,1KC7,MdrDBcore03855,D620N,-1.605,-0.9840680956840515,0.5675472617149353,1.192209243774414
23,8242433,1XQD,MdrDBcore03856,G73S,1.775,1.5030485391616821,0.5675472617149353,1.192209243774414
23,8242433,1GZ4,MdrDBcore03857,R197Q,0.631,1.2618615627288818,0.5675472617149353,1.192209243774414
23,8242433,1GZ4,MdrDBcore03858,R542V,0.814,1.2128350734710693,0.5675472617149353,1.192209243774414
23,8242433,3LZS,MdrDBcore03859,N88S,1.231,0.7661941051483154,0.5675472617149353,1.192209243774414
23,8242433,2O2Q,MdrDBcore03860,C707A,1.371,0.22099947929382324,0.5675472617149353,1.192209243774414
23,8242433,2O2R,MdrDBcore03861,C707A,-0.968,0.8690427541732788,0.5675472617149353,1.192209243774414
23,8242433,2O2Q,MdrDBcore03862,E673A,-2.859,0.28576523065567017,0.5675472617149353,1.192209243774414
23,8242433,2O2Q,MdrDBcore03863,E673Q,-0.742,0.21679139137268066,0.5675472617149353,1.192209243774414
23,8242433,1P6L,MdrDBcore03864,N368D,-1.435,-0.3056214153766632,0.5675472617149353,1.192209243774414
23,8242433,1P6N,MdrDBcore03865,N368D,-1.82,-0.6927357316017151,0.5675472617149353,1.192209243774414
23,8242433,1P6H,MdrDBcore03866,D597N,3.205,0.9275683760643005,0.5675472617149353,1.192209243774414
23,8242433,1P6J,MdrDBcore03867,D597N,3.139,1.2323715686798096,0.5675472617149353,1.192209243774414
23,8242433,2CA8,MdrDBcore03868,R21L,1.518,1.2190825939178467,0.5675472617149353,1.192209243774414
23,8242433,2C80,MdrDBcore03869,R21L,0.487,-0.16546490788459778,0.5675472617149353,1.192209243774414
23,8242433,2CA8,MdrDBcore03870,R21Q,-0.028,1.2190827131271362,0.5675472617149353,1.192209243774414
23,8242433,2C80,MdrDBcore03871,R21Q,-0.638,-0.16546493768692017,0.5675472617149353,1.192209243774414
23,8242433,2CA8,MdrDBcore03872,Y10F,-0.028,0.7455117702484131,0.5675472617149353,1.192209243774414
23,8242433,1IYK,MdrDBcore03873,D110A,1.511,0.4259510040283203,0.5675472617149353,1.192209243774414
23,8242433,1IYK,MdrDBcore03874,D112A,2.22,0.419850617647171,0.5675472617149353,1.192209243774414
23,8242433,1IYK,MdrDBcore03875,D412A,2.647,0.5357322692871094,0.5675472617149353,1.192209243774414
23,8242433,1IYK,MdrDBcore03876,F339A,1.17,0.44654056429862976,0.5675472617149353,1.192209243774414
23,8242433,1IYK,MdrDBcore03877,G413A,-0.195,0.33820804953575134,0.5675472617149353,1.192209243774414
23,8242433,1IYK,MdrDBcore03878,H227A,2.007,0.5408190488815308,0.5675472617149353,1.192209243774414
23,8242433,1IYK,MdrDBcore03879,I111A,0.199,0.40620747208595276,0.5675472617149353,1.192209243774414
23,8242433,1IYK,MdrDBcore03880,I352A,1.17,0.38439255952835083,0.5675472617149353,1.192209243774414
23,8242433,1IYK,MdrDBcore03881,L350V,-0.132,0.3843924105167389,0.5675472617149353,1.192209243774414
23,8242433,1IYK,MdrDBcore03882,L451A,0.0,0.3706289231777191,0.5675472617149353,1.192209243774414
23,8242433,1IYK,MdrDBcore03883,L451Q,0.566,0.3706997036933899,0.5675472617149353,1.192209243774414
23,8242433,1IYK,MdrDBcore03884,N175A,1.41,0.451242059469223,0.5675472617149353,1.192209243774414
23,8242433,1IYK,MdrDBcore03885,P229A,0.108,0.4185463488101959,0.5675472617149353,1.192209243774414
23,8242433,1IYK,MdrDBcore03886,S241A,0.667,0.3608034551143646,0.5675472617149353,1.192209243774414
23,8242433,1IYK,MdrDBcore03887,T114A,-0.675,0.412253737449646,0.5675472617149353,1.192209243774414
23,8242433,1IYK,MdrDBcore03888,T211A,0.046,0.3783490061759949,0.5675472617149353,1.192209243774414
23,8242433,1IYK,MdrDBcore03889,V108A,-0.303,0.4049817621707916,0.5675472617149353,1.192209243774414
23,8242433,1IYK,MdrDBcore03890,W232A,0.718,0.38439273834228516,0.5675472617149353,1.192209243774414
23,8242433,1IYK,MdrDBcore03891,Y107A,1.232,0.24030184745788574,0.5675472617149353,1.192209243774414
23,8242433,1IYK,MdrDBcore03892,Y119A,1.062,0.3659718930721283,0.5675472617149353,1.192209243774414
23,8242433,1IYK,MdrDBcore03893,Y354A,1.289,0.24030178785324097,0.5675472617149353,1.192209243774414
23,8242433,2VQZ,MdrDBcore03894,F323A,0.282,0.20673701167106628,0.5675472617149353,1.192209243774414
23,8242433,2VQZ,MdrDBcore03895,F325A,0.509,0.10273497551679611,0.5675472617149353,1.192209243774414
23,8242433,2VQZ,MdrDBcore03896,F404A,1.171,0.1559852659702301,0.5675472617149353,1.192209243774414
23,8242433,2VQZ,MdrDBcore03897,H357A,0.916,0.1558838188648224,0.5675472617149353,1.192209243774414
23,8242433,2VQZ,MdrDBcore03898,H357W,-1.184,0.1002093181014061,0.5675472617149353,1.192209243774414
23,8242433,1P7T,MdrDBcore03899,R338K,1.483,0.17486095428466797,0.5675472617149353,1.192209243774414
23,8242433,1P7T,MdrDBcore03900,R338K,0.278,0.1748608946800232,0.5675472617149353,1.192209243774414
23,8242433,3AH4,MdrDBcore03901,F179I,0.22,-0.08560949563980103,0.5675472617149353,1.192209243774414
23,8242433,3AJ5,MdrDBcore03902,F179I,0.322,-0.007194790989160538,0.5675472617149353,1.192209243774414
23,8242433,3AH4,MdrDBcore03903,W176A,0.109,0.20929640531539917,0.5675472617149353,1.192209243774414
23,8242433,3AJ5,MdrDBcore03904,W176A,0.425,-0.007194720208644867,0.5675472617149353,1.192209243774414
23,8242433,1AMK,MdrDBcore03905,E65Q,-0.024,0.9709914922714233,0.5675472617149353,1.192209243774414
23,8242433,1XJB,MdrDBcore03906,R301L,-0.028,-0.19002950191497803,0.5675472617149353,1.192209243774414
23,8242433,1XJB,MdrDBcore03907,R304L,0.404,-0.1900293529033661,0.5675472617149353,1.192209243774414
23,8242433,3HU2,MdrDBcore03908,A86R,1.598,0.642796516418457,0.5675472617149353,1.192209243774414
23,8242433,3HU1,MdrDBcore03909,G95R,1.14,0.6772519946098328,0.5675472617149353,1.192209243774414
23,8242433,3HU3,MdrDBcore03910,H155R,1.14,0.9291209578514099,0.5675472617149353,1.192209243774414
23,8242433,1LO8,MdrDBcore03911,D17N,-0.051,0.2637195587158203,0.5675472617149353,1.192209243774414
23,8242433,1LO7,MdrDBcore03912,D17N,0.143,0.21916645765304565,0.5675472617149353,1.192209243774414
23,8242433,1B74,MdrDBcore03913,D7S,-0.268,0.8423183560371399,0.5675472617149353,1.192209243774414
23,8242433,1B74,MdrDBcore03914,E147N,1.005,0.6600981950759888,0.5675472617149353,1.192209243774414
23,8242433,1O0N,MdrDBcore03915,T45G,0.489,0.16648200154304504,0.5675472617149353,1.192209243774414
23,8242433,1W4Q,MdrDBcore03916,T45G,2.07,0.05203321576118469,0.5675472617149353,1.192209243774414
23,8242433,1PZO,MdrDBcore03917,T182M,0.012,0.476300448179245,0.5675472617149353,1.192209243774414
23,8242433,1W96,MdrDBcore03918,E477R,1.489,1.8087611198425293,0.5675472617149353,1.192209243774414
23,8242433,1W96,MdrDBcore03919,F510I,0.621,0.7982698678970337,0.5675472617149353,1.192209243774414
23,8242433,1W96,MdrDBcore03920,I69E,1.945,0.8544936776161194,0.5675472617149353,1.192209243774414
23,8242433,1W96,MdrDBcore03921,K73R,3.699,1.717282772064209,0.5675472617149353,1.192209243774414
23,8242433,1W96,MdrDBcore03922,N485G,0.178,0.7205812335014343,0.5675472617149353,1.192209243774414
23,8242433,1WCQ,MdrDBcore03923,F370D,1.218,1.0747764110565186,0.5675472617149353,1.192209243774414
23,8242433,1WCQ,MdrDBcore03924,F370E,0.633,1.0630300045013428,0.5675472617149353,1.192209243774414
23,8242433,1WCQ,MdrDBcore03925,F370Y,-0.811,0.3270428478717804,0.5675472617149353,1.192209243774414
23,8242433,3NTY,MdrDBcore03926,F311A,0.33,0.8653700947761536,0.5675472617149353,1.192209243774414
23,8242433,3C3U,MdrDBcore03927,F311A,0.066,0.8466428518295288,0.5675472617149353,1.192209243774414
23,8242433,3NTY,MdrDBcore03928,F311L,-0.007,0.6459386348724365,0.5675472617149353,1.192209243774414
23,8242433,3C3U,MdrDBcore03929,F311L,0.101,0.8466430902481079,0.5675472617149353,1.192209243774414
23,8242433,3C3U,MdrDBcore03930,H222S,1.354,1.9011608362197876,0.5675472617149353,1.192209243774414
23,8242433,3NTY,MdrDBcore03931,L306A,2.607,1.6041018962860107,0.5675472617149353,1.192209243774414
23,8242433,3C3U,MdrDBcore03932,L306A,2.272,1.916724681854248,0.5675472617149353,1.192209243774414
23,8242433,3NTY,MdrDBcore03933,L308A,0.197,0.5868725776672363,0.5675472617149353,1.192209243774414
23,8242433,3C3U,MdrDBcore03934,L308A,3.649,1.9940505027770996,0.5675472617149353,1.192209243774414
23,8242433,3NTY,MdrDBcore03935,L308V,0.404,0.6560148596763611,0.5675472617149353,1.192209243774414
23,8242433,3C3U,MdrDBcore03936,L308V,1.53,1.7233613729476929,0.5675472617149353,1.192209243774414
23,8242433,3NTY,MdrDBcore03937,L54V,1.019,0.8421165347099304,0.5675472617149353,1.192209243774414
23,8242433,3C3U,MdrDBcore03938,L54V,1.581,1.8302605152130127,0.5675472617149353,1.192209243774414
23,8242433,3ZY2,MdrDBcore03939,D242A,-0.805,0.16713133454322815,0.5675472617149353,1.192209243774414
23,8242433,3ZY2,MdrDBcore03940,D244A,-0.742,0.16713160276412964,0.5675472617149353,1.192209243774414
23,8242433,3ZY2,MdrDBcore03941,F199A,-0.394,0.1671314835548401,0.5675472617149353,1.192209243774414
23,8242433,3ZY2,MdrDBcore03942,F261A,-0.634,0.09650947898626328,0.5675472617149353,1.192209243774414
23,8242433,3ZY2,MdrDBcore03943,F357A,2.573,0.39052367210388184,0.5675472617149353,1.192209243774414
23,8242433,3ZY2,MdrDBcore03944,N43A,-0.091,0.26903975009918213,0.5675472617149353,1.192209243774414
23,8242433,3ZY2,MdrDBcore03945,R240K,3.06,0.26288482546806335,0.5675472617149353,1.192209243774414
23,8242433,3ZY2,MdrDBcore03946,R40A,1.292,0.4502030909061432,0.5675472617149353,1.192209243774414
23,8242433,3ZY2,MdrDBcore03947,W245A,0.9,0.2759978473186493,0.5675472617149353,1.192209243774414
23,8242433,2R0H,MdrDBcore03948,R81A,0.553,-2.974853515625,0.5675472617149353,1.192209243774414
23,8242433,1FSG,MdrDBcore03949,D150A,-1.181,0.7041957974433899,0.5675472617149353,1.192209243774414
23,8242433,3QFX,MdrDBcore03950,T86N,1.186,-0.6612918376922607,0.5675472617149353,1.192209243774414
23,8242433,3RG9,MdrDBcore03951,T86N,0.75,0.8160348534584045,0.5675472617149353,1.192209243774414
23,8242433,3QFX,MdrDBcore03952,T86S,-1.448,-0.9678244590759277,0.5675472617149353,1.192209243774414
23,8242433,3RG9,MdrDBcore03953,T86S,-0.119,0.02595885843038559,0.5675472617149353,1.192209243774414
23,8242433,1L7E,MdrDBcore03954,D135N,-0.004,-0.07369895279407501,0.5675472617149353,1.192209243774414
23,8242433,1L7E,MdrDBcore03955,Q132N,0.129,0.03051549196243286,0.5675472617149353,1.192209243774414
23,8242433,1L7E,MdrDBcore03956,R127A,2.169,0.8887653350830078,0.5675472617149353,1.192209243774414
23,8242433,1L7E,MdrDBcore03957,R127M,2.169,0.761428952217102,0.5675472617149353,1.192209243774414
23,8242433,1L7E,MdrDBcore03958,S138A,0.158,-0.04186734929680824,0.5675472617149353,1.192209243774414
23,8242433,2E7F,MdrDBcore03959,N199A,0.577,0.056263506412506104,0.5675472617149353,1.192209243774414
23,8242433,1FLM,MdrDBcore03960,E13Q,0.391,0.4877554476261139,0.5675472617149353,1.192209243774414
23,8242433,1FLM,MdrDBcore03961,E13T,0.649,0.4877561032772064,0.5675472617149353,1.192209243774414
23,8242433,1FLM,MdrDBcore03962,L122E,1.697,0.5052247047424316,0.5675472617149353,1.192209243774414
23,8242433,1FLM,MdrDBcore03963,L122K,0.521,0.6250736713409424,0.5675472617149353,1.192209243774414
23,8242433,1FLM,MdrDBcore03964,L122Y,-0.659,0.8587223291397095,0.5675472617149353,1.192209243774414
23,8242433,3H2K,MdrDBcore03965,G221I,-1.104,0.7977200746536255,0.5675472617149353,1.192209243774414
23,8242433,3H2K,MdrDBcore03966,G231A,1.207,0.799538254737854,0.5675472617149353,1.192209243774414
23,8242433,3H2K,MdrDBcore03967,G231F,1.92,0.9513766765594482,0.5675472617149353,1.192209243774414
23,8242433,3H2K,MdrDBcore03968,G231I,1.366,0.773666501045227,0.5675472617149353,1.192209243774414
23,8242433,3H2K,MdrDBcore03969,N228W,0.233,0.8321300745010376,0.5675472617149353,1.192209243774414
23,8242433,3H2K,MdrDBcore03970,S176A,0.049,0.8363472819328308,0.5675472617149353,1.192209243774414
23,8242433,3CL2,MdrDBcore03971,S294N,-2.604,-0.9804412126541138,0.5675472617149353,1.192209243774414
23,8242433,3CL0,MdrDBcore03972,Y274H,-3.306,-2.10233211517334,0.5675472617149353,1.192209243774414
23,8242433,3CKZ,MdrDBcore03973,Y274H,-0.38,-0.7111718654632568,0.5675472617149353,1.192209243774414
23,8242433,3UJ9,MdrDBcore03974,H132A,0.062,-0.3970879912376404,0.5675472617149353,1.192209243774414
23,8242433,3UJB,MdrDBcore03975,H132A,0.257,0.4316515624523163,0.5675472617149353,1.192209243774414
23,8242433,3UJ9,MdrDBcore03976,Y19F,-0.087,-0.2566879093647003,0.5675472617149353,1.192209243774414
23,8242433,3UJB,MdrDBcore03977,Y19F,0.248,0.38588982820510864,0.5675472617149353,1.192209243774414
23,8242433,3OXC,MdrDBcore03978,G48V,2.637,1.0760507583618164,0.5675472617149353,1.192209243774414
23,8242433,3OXC,MdrDBcore03979,G48V,2.637,1.076050877571106,0.5675472617149353,1.192209243774414
23,8242433,2HS1,MdrDBcore03980,I32V,-1.13,0.2353951632976532,0.5675472617149353,1.192209243774414
23,8242433,3OXC,MdrDBcore03981,I50V,1.878,1.0496431589126587,0.5675472617149353,1.192209243774414
23,8242433,3OXC,MdrDBcore03982,I50V,1.878,1.0496432781219482,0.5675472617149353,1.192209243774414
23,8242433,3OXC,MdrDBcore03983,I54M,0.981,1.0973519086837769,0.5675472617149353,1.192209243774414
23,8242433,3OXC,MdrDBcore03984,I54M,0.981,1.0973522663116455,0.5675472617149353,1.192209243774414
23,8242433,3OXC,MdrDBcore03985,I54V,1.576,1.0973520278930664,0.5675472617149353,1.192209243774414
23,8242433,3OXC,MdrDBcore03986,I54V,1.576,1.0973517894744873,0.5675472617149353,1.192209243774414
23,8242433,3OXC,MdrDBcore03987,I84V,0.058,0.9334813952445984,0.5675472617149353,1.192209243774414
23,8242433,3OXC,MdrDBcore03988,I84V,0.058,0.9334813356399536,0.5675472617149353,1.192209243774414
23,8242433,2HS2,MdrDBcore03989,L46M,-1.364,0.21373984217643738,0.5675472617149353,1.192209243774414
23,8242433,3OXC,MdrDBcore03990,V82A,0.058,1.0837671756744385,0.5675472617149353,1.192209243774414
23,8242433,3OXC,MdrDBcore03991,V82A,0.058,1.083767294883728,0.5675472617149353,1.192209243774414
23,8242433,3IJW,MdrDBcore03992,H183A,-1.3,0.00584045797586441,0.5675472617149353,1.192209243774414
23,8242433,3IJW,MdrDBcore03993,H183G,-1.006,0.005840636789798737,0.5675472617149353,1.192209243774414
23,8242433,3KYF,MdrDBcore03994,Q121A,0.338,0.5006204843521118,0.5675472617149353,1.192209243774414
23,8242433,3KYF,MdrDBcore03995,R122A,1.751,0.7177113890647888,0.5675472617149353,1.192209243774414
23,8242433,3KYF,MdrDBcore03996,R122L,0.862,0.8744364380836487,0.5675472617149353,1.192209243774414
23,8242433,3KYF,MdrDBcore03997,S159A,0.885,0.5286511182785034,0.5675472617149353,1.192209243774414
23,8242433,3OKP,MdrDBcore03998,D13A,0.481,0.37573543190956116,0.5675472617149353,1.192209243774414
23,8242433,3OKC,MdrDBcore03999,D13A,0.307,0.05208937078714371,0.5675472617149353,1.192209243774414
23,8242433,3OKP,MdrDBcore04000,D13N,0.273,0.37573570013046265,0.5675472617149353,1.192209243774414
23,8242433,3OKC,MdrDBcore04001,D13N,-0.393,0.05208946019411087,0.5675472617149353,1.192209243774414
23,8242433,3OKP,MdrDBcore04002,E290D,0.63,0.3553890585899353,0.5675472617149353,1.192209243774414
23,8242433,3OKC,MdrDBcore04003,E290D,1.291,0.1093544140458107,0.5675472617149353,1.192209243774414
23,8242433,3OKP,MdrDBcore04004,E290Q,0.374,0.3436983525753021,0.5675472617149353,1.192209243774414
23,8242433,3OKC,MdrDBcore04005,E290Q,0.079,0.15197768807411194,0.5675472617149353,1.192209243774414
23,8242433,3OKP,MdrDBcore04006,G123P,0.257,0.37573540210723877,0.5675472617149353,1.192209243774414
23,8242433,3OKC,MdrDBcore04007,G123P,0.087,0.05208964645862579,0.5675472617149353,1.192209243774414
23,8242433,3OKP,MdrDBcore04008,G20W,0.084,-0.2693886160850525,0.5675472617149353,1.192209243774414
23,8242433,3OKC,MdrDBcore04009,G20W,0.143,-1.4347352981567383,0.5675472617149353,1.192209243774414
23,8242433,3OKP,MdrDBcore04010,G291S,0.762,0.37573549151420593,0.5675472617149353,1.192209243774414
23,8242433,3OKC,MdrDBcore04011,G291S,0.42,0.05208951234817505,0.5675472617149353,1.192209243774414
23,8242433,3OKP,MdrDBcore04012,H118S,0.817,0.37573572993278503,0.5675472617149353,1.192209243774414
23,8242433,3OKC,MdrDBcore04013,H118S,-0.368,0.052089594304561615,0.5675472617149353,1.192209243774414
23,8242433,3OKP,MdrDBcore04014,I21A,0.64,0.3757353723049164,0.5675472617149353,1.192209243774414
23,8242433,3OKC,MdrDBcore04015,I21A,0.067,0.05208967626094818,0.5675472617149353,1.192209243774414
23,8242433,3OKP,MdrDBcore04016,I21S,-0.207,0.3757355809211731,0.5675472617149353,1.192209243774414
23,8242433,3OKC,MdrDBcore04017,I21S,-0.19,0.0520896315574646,0.5675472617149353,1.192209243774414
23,8242433,3OKP,MdrDBcore04018,K211Q,0.28,0.43289512395858765,0.5675472617149353,1.192209243774414
23,8242433,3OKC,MdrDBcore04019,K211Q,0.059,0.11054018884897232,0.5675472617149353,1.192209243774414
23,8242433,3OKP,MdrDBcore04020,N12A,0.042,0.3757358491420746,0.5675472617149353,1.192209243774414
23,8242433,3OKC,MdrDBcore04021,N12A,-0.319,0.0520896390080452,0.5675472617149353,1.192209243774414
23,8242433,3OKP,MdrDBcore04022,Q22A,0.684,0.3757355511188507,0.5675472617149353,1.192209243774414
23,8242433,3OKC,MdrDBcore04023,Q22A,-0.104,0.05208948999643326,0.5675472617149353,1.192209243774414
23,8242433,3OKP,MdrDBcore04024,R206S,0.48,0.6396538019180298,0.5675472617149353,1.192209243774414
23,8242433,3OKC,MdrDBcore04025,R206S,0.406,0.2030039131641388,0.5675472617149353,1.192209243774414
23,8242433,3OKP,MdrDBcore04026,R210S,0.444,0.4511431157588959,0.5675472617149353,1.192209243774414
23,8242433,3OKC,MdrDBcore04027,R210S,0.112,0.1095622256398201,0.5675472617149353,1.192209243774414
23,8242433,3OKP,MdrDBcore04028,S205G,-0.009,0.4457463324069977,0.5675472617149353,1.192209243774414
23,8242433,3OKC,MdrDBcore04029,S205G,-0.049,0.05189550668001175,0.5675472617149353,1.192209243774414
23,8242433,3AQT,MdrDBcore04030,D94A,1.759,1.5686944723129272,0.5675472617149353,1.192209243774414
23,8242433,3AQT,MdrDBcore04031,R145A,2.111,1.5749188661575317,0.5675472617149353,1.192209243774414
23,8242433,3AQT,MdrDBcore04032,R148A,1.451,1.2444989681243896,0.5675472617149353,1.192209243774414
23,8242433,1MUI,MdrDBcore04033,D30N,0.765,0.4392681419849396,0.5675472617149353,1.192209243774414
23,8242433,1MUI,MdrDBcore04034,L90M,-0.056,0.38136306405067444,0.5675472617149353,1.192209243774414
23,8242433,1MUI,MdrDBcore04035,N88D,-0.189,0.38136300444602966,0.5675472617149353,1.192209243774414
23,8242433,2Q88,MdrDBcore04036,E134A,-0.17,0.21923133730888367,0.5675472617149353,1.192209243774414
23,8242433,2Q88,MdrDBcore04037,E21A,2.137,0.29084712266921997,0.5675472617149353,1.192209243774414
23,8242433,2Q89,MdrDBcore04038,E21A,2.796,2.071532964706421,0.5675472617149353,1.192209243774414
23,8242433,2Q88,MdrDBcore04039,F24A,-0.123,0.40122726559638977,0.5675472617149353,1.192209243774414
23,8242433,2Q89,MdrDBcore04040,F24A,-0.132,0.6882821917533875,0.5675472617149353,1.192209243774414
23,8242433,2Q88,MdrDBcore04041,F24D,0.848,0.6815061569213867,0.5675472617149353,1.192209243774414
23,8242433,2Q89,MdrDBcore04042,F24D,0.954,0.8124854564666748,0.5675472617149353,1.192209243774414
23,8242433,2Q88,MdrDBcore04043,F24E,-0.079,0.36141636967658997,0.5675472617149353,1.192209243774414
23,8242433,2Q89,MdrDBcore04044,F24E,1.376,1.7680258750915527,0.5675472617149353,1.192209243774414
23,8242433,2Q88,MdrDBcore04045,F80D,1.95,0.772750198841095,0.5675472617149353,1.192209243774414
23,8242433,2Q89,MdrDBcore04046,F80D,3.103,1.2082486152648926,0.5675472617149353,1.192209243774414
23,8242433,2Q88,MdrDBcore04047,F80E,0.831,0.6780421137809753,0.5675472617149353,1.192209243774414
23,8242433,2Q89,MdrDBcore04048,F80E,2.827,0.9016126394271851,0.5675472617149353,1.192209243774414
23,8242433,2Q88,MdrDBcore04049,Y60A,0.783,0.7540572285652161,0.5675472617149353,1.192209243774414
23,8242433,2Q89,MdrDBcore04050,Y60A,0.566,0.812284529209137,0.5675472617149353,1.192209243774414
23,8242433,2Q88,MdrDBcore04051,Y60F,0.161,0.15965381264686584,0.5675472617149353,1.192209243774414
23,8242433,2Q89,MdrDBcore04052,Y60F,0.467,0.7538883090019226,0.5675472617149353,1.192209243774414
23,8242433,2Q88,MdrDBcore04053,Y60W,-1.586,-1.0086233615875244,0.5675472617149353,1.192209243774414
23,8242433,2Q89,MdrDBcore04054,Y60W,-0.675,-0.29513800144195557,0.5675472617149353,1.192209243774414
23,8242433,2.00E+22,MdrDBcore04055,R612A,-0.423,-1.1120470762252808,0.5675472617149353,1.192209243774414
23,8242433,2QEH,MdrDBcore04056,D111L,2.798,-1.2818373441696167,0.5675472617149353,1.192209243774414
23,8242433,2QEH,MdrDBcore04057,D139L,2.798,2.8405792713165283,0.5675472617149353,1.192209243774414
23,8242433,2QEH,MdrDBcore04058,E114L,4.791,-1.289650559425354,0.5675472617149353,1.192209243774414
23,8242433,2QEH,MdrDBcore04059,E7L,2.106,-1.7039626836776733,0.5675472617149353,1.192209243774414
23,8242433,2PQL,MdrDBcore04060,E7L,1.728,-1.572898030281067,0.5675472617149353,1.192209243774414
23,8242433,2QEH,MdrDBcore04061,H35L,-1.883,-1.6675732135772705,0.5675472617149353,1.192209243774414
23,8242433,2PQL,MdrDBcore04062,H35L,-2.655,-1.1714509725570679,0.5675472617149353,1.192209243774414
23,8242433,2QEH,MdrDBcore04063,Y94L,0.581,-0.3524017930030823,0.5675472617149353,1.192209243774414
23,8242433,2PQL,MdrDBcore04064,Y94L,2.055,-0.4355616271495819,0.5675472617149353,1.192209243774414
23,8242433,3AM3,MdrDBcore04065,M372V,-0.262,-0.42151370644569397,0.5675472617149353,1.192209243774414
23,8242433,2CCC,MdrDBcore04066,E45A,-0.338,-0.2581052780151367,0.5675472617149353,1.192209243774414
23,8242433,2CC7,MdrDBcore04067,E45A,0.071,-0.016382597386837006,0.5675472617149353,1.192209243774414
23,8242433,2CCB,MdrDBcore04068,E45A,0.236,-0.4271690845489502,0.5675472617149353,1.192209243774414
23,8242433,2CC7,MdrDBcore04069,E45F,0.501,-0.03481448069214821,0.5675472617149353,1.192209243774414
23,8242433,2CCB,MdrDBcore04070,E45F,-1.048,-0.3818429410457611,0.5675472617149353,1.192209243774414
23,8242433,2CC7,MdrDBcore04071,E45H,-0.453,-0.05778323858976364,0.5675472617149353,1.192209243774414
23,8242433,2CCB,MdrDBcore04072,E45H,-0.372,-0.4064640700817108,0.5675472617149353,1.192209243774414
23,8242433,2CC7,MdrDBcore04073,E45N,-0.075,-0.01575911045074463,0.5675472617149353,1.192209243774414
23,8242433,2CCB,MdrDBcore04074,E45N,0.895,-0.404283732175827,0.5675472617149353,1.192209243774414
23,8242433,2CC7,MdrDBcore04075,E45Q,-0.65,-0.04222312569618225,0.5675472617149353,1.192209243774414
23,8242433,2CCB,MdrDBcore04076,E45Q,1.076,-0.468807190656662,0.5675472617149353,1.192209243774414
23,8242433,2CCB,MdrDBcore04077,E45T,-2.011,-0.44313323497772217,0.5675472617149353,1.192209243774414
23,8242433,2CCC,MdrDBcore04078,Q55A,-1.028,-0.2722283601760864,0.5675472617149353,1.192209243774414
23,8242433,2CC7,MdrDBcore04079,Q55A,1.883,0.0034879446029663086,0.5675472617149353,1.192209243774414
23,8242433,2CCB,MdrDBcore04080,Q55A,-0.941,-0.45486167073249817,0.5675472617149353,1.192209243774414
23,8242433,2JDM,MdrDBcore04081,A22S,-1.315,-1.6193655729293823,0.5675472617149353,1.192209243774414
23,8242433,2JDU,MdrDBcore04082,N24G,0.484,-1.0204516649246216,0.5675472617149353,1.192209243774414
23,8242433,2JDY,MdrDBcore04083,N24G,-3.098,-1.6313230991363525,0.5675472617149353,1.192209243774414
23,8242433,2FLE,MdrDBcore04084,A82V,-1.146,0.3408498167991638,0.5675472617149353,1.192209243774414
23,8242433,3EEB,MdrDBcore04085,C140A,0.315,0.4622056186199188,0.5675472617149353,1.192209243774414
23,8242433,3EEB,MdrDBcore04086,D178A,1.612,0.5678480863571167,0.5675472617149353,1.192209243774414
23,8242433,3EEB,MdrDBcore04087,D178N,0.418,0.462206095457077,0.5675472617149353,1.192209243774414
23,8242433,3EEB,MdrDBcore04088,D191A,0.298,0.462206095457077,0.5675472617149353,1.192209243774414
23,8242433,3EEB,MdrDBcore04089,E179A,-0.07,0.4622062146663666,0.5675472617149353,1.192209243774414
23,8242433,3EEB,MdrDBcore04090,H134A,0.839,0.6747214794158936,0.5675472617149353,1.192209243774414
23,8242433,3EEB,MdrDBcore04091,R182Q,1.376,0.650442361831665,0.5675472617149353,1.192209243774414
23,8242433,3EEB,MdrDBcore04092,R29Q,1.015,0.558815598487854,0.5675472617149353,1.192209243774414
23,8242433,3EEB,MdrDBcore04093,W192A,1.168,0.4622059762477875,0.5675472617149353,1.192209243774414
23,8242433,3EEB,MdrDBcore04094,W192F,0.257,0.4622059762477875,0.5675472617149353,1.192209243774414
23,8242433,3HY8,MdrDBcore04095,W229Q,-1.724,0.5098527073860168,0.5675472617149353,1.192209243774414
23,8242433,3HY8,MdrDBcore04096,W229R,-2.302,0.3784898519515991,0.5675472617149353,1.192209243774414
23,8242433,1TPZ,MdrDBcore04097,K48A,0.0,-0.2466016709804535,0.5675472617149353,1.192209243774414
23,8242433,1TPZ,MdrDBcore04098,K48E,-0.048,-0.246602863073349,0.5675472617149353,1.192209243774414
23,8242433,1TPZ,MdrDBcore04099,L44R,-0.069,-0.24660226702690125,0.5675472617149353,1.192209243774414
23,8242433,1TPZ,MdrDBcore04100,M173A,0.0,-0.2466021180152893,0.5675472617149353,1.192209243774414
23,8242433,1TPZ,MdrDBcore04101,S172R,0.161,-0.2466016709804535,0.5675472617149353,1.192209243774414
23,8242433,3FQL,MdrDBcore04102,C316N,1.543,0.2383878529071808,0.5675472617149353,1.192209243774414
23,8242433,3FQL,MdrDBcore04103,L419M,-0.061,0.2709055542945862,0.5675472617149353,1.192209243774414
23,8242433,3FQL,MdrDBcore04104,M414T,-0.297,0.21776577830314636,0.5675472617149353,1.192209243774414
23,8242433,3FQL,MdrDBcore04105,P495L,-0.27,0.2709055542945862,0.5675472617149353,1.192209243774414
23,8242433,3MDV,MdrDBcore04106,T306A,0.132,0.6423137187957764,0.5675472617149353,1.192209243774414
23,8242433,3MDM,MdrDBcore04107,T306A,-1.062,-0.7277395725250244,0.5675472617149353,1.192209243774414
23,8242433,3MDR,MdrDBcore04108,T306A,0.954,1.2543861865997314,0.5675472617149353,1.192209243774414
23,8242433,3MDT,MdrDBcore04109,T306A,0.262,0.3573920726776123,0.5675472617149353,1.192209243774414
23,8242433,3MI3,MdrDBcore04110,E222Q,5.588,3.431426525115967,0.5675472617149353,1.192209243774414
23,8242433,3MI3,MdrDBcore04111,Q364R,3.292,3.4487905502319336,0.5675472617149353,1.192209243774414
23,8242433,3MI3,MdrDBcore04112,R288K,2.995,3.448777198791504,0.5675472617149353,1.192209243774414
23,8242433,3DGN,MdrDBcore04113,Y43F,1.133,0.6830040216445923,0.5675472617149353,1.192209243774414
23,8242433,3DGL,MdrDBcore04114,Y43F,-0.195,0.7331420183181763,0.5675472617149353,1.192209243774414
23,8242433,4CKI,MdrDBcore04115,A807V,0.512,0.06727803498506546,0.5675472617149353,1.192209243774414
23,8242433,6VHG,MdrDBcore04116,A807V,0.619,0.9843587875366211,0.5675472617149353,1.192209243774414
23,8242433,4CKI,MdrDBcore04117,A807V,-0.091,0.1557706594467163,0.5675472617149353,1.192209243774414
23,8242433,4CKI,MdrDBcore04118,E732K,0.928,0.32275861501693726,0.5675472617149353,1.192209243774414
23,8242433,6VHG,MdrDBcore04119,E732K,-0.102,0.9772067070007324,0.5675472617149353,1.192209243774414
23,8242433,4CKI,MdrDBcore04120,E732K,0.115,0.270528644323349,0.5675472617149353,1.192209243774414
23,8242433,4CKI,MdrDBcore04121,F998V,0.667,0.41855886578559875,0.5675472617149353,1.192209243774414
23,8242433,6VHG,MdrDBcore04122,F998V,0.901,0.6263619661331177,0.5675472617149353,1.192209243774414
23,8242433,4CKI,MdrDBcore04123,F998V,0.0,0.16859325766563416,0.5675472617149353,1.192209243774414
23,8242433,4CKI,MdrDBcore04124,G810A,-0.052,0.2966998517513275,0.5675472617149353,1.192209243774414
23,8242433,6NEC,MdrDBcore04125,G810A,-0.324,1.058762788772583,0.5675472617149353,1.192209243774414
23,8242433,4CKI,MdrDBcore04126,G810A,-0.044,0.37553486227989197,0.5675472617149353,1.192209243774414
23,8242433,4CKI,MdrDBcore04127,G810S,0.874,0.6138061881065369,0.5675472617149353,1.192209243774414
23,8242433,6NEC,MdrDBcore04128,G810S,0.747,1.2709283828735352,0.5675472617149353,1.192209243774414
23,8242433,4CKI,MdrDBcore04129,G810S,0.821,0.43739059567451477,0.5675472617149353,1.192209243774414
23,8242433,6NJA,MdrDBcore04130,M918T,1.113,0.36342278122901917,0.5675472617149353,1.192209243774414
23,8242433,6VHG,MdrDBcore04131,M918T,1.192,0.8736097812652588,0.5675472617149353,1.192209243774414
23,8242433,2IVT,MdrDBcore04132,M918T,0.319,0.1909603774547577,0.5675472617149353,1.192209243774414
23,8242433,4CKI,MdrDBcore04133,V738A,0.954,0.24262669682502747,0.5675472617149353,1.192209243774414
23,8242433,6NEC,MdrDBcore04134,V738A,1.49,1.1333056688308716,0.5675472617149353,1.192209243774414
23,8242433,4CKI,MdrDBcore04135,V738A,1.115,-0.06021717190742493,0.5675472617149353,1.192209243774414
23,8242433,4CKI,MdrDBcore04136,V804L,1.538,0.5761803388595581,0.5675472617149353,1.192209243774414
23,8242433,6VHG,MdrDBcore04137,V804L,2.383,0.5888872742652893,0.5675472617149353,1.192209243774414
23,8242433,4CKI,MdrDBcore04138,V804L,0.842,0.16382542252540588,0.5675472617149353,1.192209243774414
23,8242433,4CKI,MdrDBcore04139,V804M,1.704,0.35816994309425354,0.5675472617149353,1.192209243774414
23,8242433,6VHG,MdrDBcore04140,V804M,1.985,1.0779341459274292,0.5675472617149353,1.192209243774414
23,8242433,4CKI,MdrDBcore04141,V804M,1.076,0.21962487697601318,0.5675472617149353,1.192209243774414
23,8242433,4CKI,MdrDBcore04142,V871I,0.886,0.4325854182243347,0.5675472617149353,1.192209243774414
23,8242433,6NEC,MdrDBcore04143,V871I,0.597,0.96882164478302,0.5675472617149353,1.192209243774414
23,8242433,4CKI,MdrDBcore04144,V871I,0.149,0.1869100034236908,0.5675472617149353,1.192209243774414
23,8242433,4CKI,MdrDBcore04145,Y806N,1.77,0.19311320781707764,0.5675472617149353,1.192209243774414
23,8242433,6NEC,MdrDBcore04146,Y806N,1.374,0.9702582359313965,0.5675472617149353,1.192209243774414
23,8242433,4CKI,MdrDBcore04147,Y806N,1.109,0.12675058841705322,0.5675472617149353,1.192209243774414
23,8242433,4WA9,MdrDBcore04148,D276G,0.179,0.04098575562238693,0.5675472617149353,1.192209243774414
23,8242433,4XEY,MdrDBcore04149,E255K,0.894,0.618549108505249,0.5675472617149353,1.192209243774414
23,8242433,4WA9,MdrDBcore04150,E255K,0.258,0.04098581522703171,0.5675472617149353,1.192209243774414
23,8242433,3UE4,MdrDBcore04151,E255K,0.557,0.44485238194465637,0.5675472617149353,1.192209243774414
23,8242433,4XEY,MdrDBcore04152,E255V,1.014,0.6185486912727356,0.5675472617149353,1.192209243774414
23,8242433,4WA9,MdrDBcore04153,E255V,0.298,0.04098578542470932,0.5675472617149353,1.192209243774414
23,8242433,3UE4,MdrDBcore04154,E255V,0.656,0.4703129231929779,0.5675472617149353,1.192209243774414
23,8242433,4WA9,MdrDBcore04155,E279K,-0.03,0.044904790818691254,0.5675472617149353,1.192209243774414
23,8242433,4WA9,MdrDBcore04156,E292L,0.03,0.04098594933748245,0.5675472617149353,1.192209243774414
23,8242433,4XEY,MdrDBcore04157,E355A,0.239,0.6185489296913147,0.5675472617149353,1.192209243774414
23,8242433,3UE4,MdrDBcore04158,E355A,0.02,0.44485244154930115,0.5675472617149353,1.192209243774414
23,8242433,4XEY,MdrDBcore04159,E459K,0.407,0.618549108505249,0.5675472617149353,1.192209243774414
23,8242433,3UE4,MdrDBcore04160,E459K,0.348,0.44485220313072205,0.5675472617149353,1.192209243774414
23,8242433,4XEY,MdrDBcore04161,F317C,1.849,0.6402801871299744,0.5675472617149353,1.192209243774414
23,8242433,3UE4,MdrDBcore04162,F317C,0.497,0.3724139332771301,0.5675472617149353,1.192209243774414
23,8242433,4XEY,MdrDBcore04163,F317I,1.779,0.6333366632461548,0.5675472617149353,1.192209243774414
23,8242433,3UE4,MdrDBcore04164,F317I,0.706,0.424990713596344,0.5675472617149353,1.192209243774414
23,8242433,4XEY,MdrDBcore04165,F317L,0.954,0.5517811179161072,0.5675472617149353,1.192209243774414
23,8242433,4WA9,MdrDBcore04166,F317L,0.229,0.04768158495426178,0.5675472617149353,1.192209243774414
23,8242433,3UE4,MdrDBcore04167,F317L,0.089,0.4982438385486603,0.5675472617149353,1.192209243774414
23,8242433,4WA9,MdrDBcore04168,F317R,0.268,0.11410655826330185,0.5675472617149353,1.192209243774414
23,8242433,4XEY,MdrDBcore04169,F317V,2.345,0.6120023727416992,0.5675472617149353,1.192209243774414
23,8242433,4WA9,MdrDBcore04170,F317V,0.278,0.23762252926826477,0.5675472617149353,1.192209243774414
23,8242433,3UE4,MdrDBcore04171,F317V,1.709,0.4175550639629364,0.5675472617149353,1.192209243774414
23,8242433,4XEY,MdrDBcore04172,F359C,0.0,0.6185490489006042,0.5675472617149353,1.192209243774414
23,8242433,3UE4,MdrDBcore04173,F359C,-0.01,0.44485244154930115,0.5675472617149353,1.192209243774414
23,8242433,4XEY,MdrDBcore04174,F359I,0.239,0.6185490489006042,0.5675472617149353,1.192209243774414
23,8242433,4WA9,MdrDBcore04175,F359I,0.099,0.040985800325870514,0.5675472617149353,1.192209243774414
23,8242433,3UE4,MdrDBcore04176,F359I,0.04,0.4448522627353668,0.5675472617149353,1.192209243774414
23,8242433,4XEY,MdrDBcore04177,F359V,0.0,0.6185489296913147,0.5675472617149353,1.192209243774414
23,8242433,4WA9,MdrDBcore04178,F359V,0.07,0.04098593443632126,0.5675472617149353,1.192209243774414
23,8242433,3UE4,MdrDBcore04179,F359V,-0.109,0.4448522627353668,0.5675472617149353,1.192209243774414
23,8242433,4WA9,MdrDBcore04180,F486S,0.05,0.0409858301281929,0.5675472617149353,1.192209243774414
23,8242433,4XEY,MdrDBcore04181,G250E,0.407,0.6185490489006042,0.5675472617149353,1.192209243774414
23,8242433,4WA9,MdrDBcore04182,G250E,0.268,0.04098581522703171,0.5675472617149353,1.192209243774414
23,8242433,3UE4,MdrDBcore04183,G250E,0.109,0.4448522627353668,0.5675472617149353,1.192209243774414
23,8242433,4XEY,MdrDBcore04184,H396R,0.0,0.6185489892959595,0.5675472617149353,1.192209243774414
23,8242433,4WA9,MdrDBcore04185,H396R,0.248,0.040985845029354095,0.5675472617149353,1.192209243774414
23,8242433,3UE4,MdrDBcore04186,H396R,-0.099,0.44485244154930115,0.5675472617149353,1.192209243774414
23,8242433,4XEY,MdrDBcore04187,L248R,0.646,0.4734131395816803,0.5675472617149353,1.192209243774414
23,8242433,4WA9,MdrDBcore04188,L248R,0.308,0.07805243879556656,0.5675472617149353,1.192209243774414
23,8242433,3UE4,MdrDBcore04189,L248R,1.491,0.7935815453529358,0.5675472617149353,1.192209243774414
23,8242433,4XEY,MdrDBcore04190,L248V,0.547,0.5866822004318237,0.5675472617149353,1.192209243774414
23,8242433,4WA9,MdrDBcore04191,L248V,0.318,0.0347946435213089,0.5675472617149353,1.192209243774414
23,8242433,3UE4,MdrDBcore04192,L248V,0.557,0.44695845246315,0.5675472617149353,1.192209243774414
23,8242433,4WA9,MdrDBcore04193,L384M,0.06,0.040985770523548126,0.5675472617149353,1.192209243774414
23,8242433,4XEY,MdrDBcore04194,M244V,0.0,0.6185486912727356,0.5675472617149353,1.192209243774414
23,8242433,4WA9,MdrDBcore04195,M244V,-0.109,0.040985845029354095,0.5675472617149353,1.192209243774414
23,8242433,3UE4,MdrDBcore04196,M244V,0.427,0.4448525607585907,0.5675472617149353,1.192209243774414
23,8242433,4WA9,MdrDBcore04197,M343T,0.209,0.04098581522703171,0.5675472617149353,1.192209243774414
23,8242433,4XEY,MdrDBcore04198,M351T,0.0,0.6185491681098938,0.5675472617149353,1.192209243774414
23,8242433,4WA9,MdrDBcore04199,M351T,-0.239,0.040985725820064545,0.5675472617149353,1.192209243774414
23,8242433,3UE4,MdrDBcore04200,M351T,0.189,0.4448522627353668,0.5675472617149353,1.192209243774414
23,8242433,4WA9,MdrDBcore04201,Q252H,0.199,0.045084960758686066,0.5675472617149353,1.192209243774414
23,8242433,4XEY,MdrDBcore04202,T315A,2.008,0.5238423347473145,0.5675472617149353,1.192209243774414
23,8242433,4WA9,MdrDBcore04203,T315A,-0.447,0.04636407643556595,0.5675472617149353,1.192209243774414
23,8242433,3UE4,MdrDBcore04204,T315A,0.318,0.41118887066841125,0.5675472617149353,1.192209243774414
23,8242433,4XEY,MdrDBcore04205,T315I,5.049,0.6907463669776917,0.5675472617149353,1.192209243774414
23,8242433,4WA9,MdrDBcore04206,T315I,-1.262,0.027923114597797394,0.5675472617149353,1.192209243774414
23,8242433,3UE4,MdrDBcore04207,T315I,2.435,0.5058568716049194,0.5675472617149353,1.192209243774414
23,8242433,4WA9,MdrDBcore04208,T315V,-1.719,0.05014835298061371,0.5675472617149353,1.192209243774414
23,8242433,4XEY,MdrDBcore04209,V299L,1.232,0.6713976860046387,0.5675472617149353,1.192209243774414
23,8242433,4WA9,MdrDBcore04210,V299L,-0.875,-0.004758797585964203,0.5675472617149353,1.192209243774414
23,8242433,3UE4,MdrDBcore04211,V299L,1.69,0.4525574743747711,0.5675472617149353,1.192209243774414
23,8242433,4XEY,MdrDBcore04212,Y253F,0.239,0.6185491681098938,0.5675472617149353,1.192209243774414
23,8242433,4WA9,MdrDBcore04213,Y253F,0.258,0.05767282843589783,0.5675472617149353,1.192209243774414
23,8242433,3UE4,MdrDBcore04214,Y253F,-0.338,0.4448520839214325,0.5675472617149353,1.192209243774414
23,8242433,4WA9,MdrDBcore04215,Y253H,0.03,0.059987761080265045,0.5675472617149353,1.192209243774414
23,8242433,3OXZ,MdrDBcore04216,E255K,0.407,0.14772924780845642,0.5675472617149353,1.192209243774414
23,8242433,1OPJ,MdrDBcore04217,E255K,1.491,0.8658238649368286,0.5675472617149353,1.192209243774414
23,8242433,3OXZ,MdrDBcore04218,E255V,0.994,0.137879878282547,0.5675472617149353,1.192209243774414
23,8242433,1OPJ,MdrDBcore04219,E255V,2.206,0.8658245801925659,0.5675472617149353,1.192209243774414
23,8242433,3OXZ,MdrDBcore04220,E355A,0.507,0.14772939682006836,0.5675472617149353,1.192209243774414
23,8242433,1OPJ,MdrDBcore04221,E355A,0.467,0.8658243417739868,0.5675472617149353,1.192209243774414
23,8242433,3OXZ,MdrDBcore04222,E459K,0.298,0.14772897958755493,0.5675472617149353,1.192209243774414
23,8242433,1OPJ,MdrDBcore04223,E459K,0.656,0.865824282169342,0.5675472617149353,1.192209243774414
23,8242433,3OXZ,MdrDBcore04224,F317C,0.0,0.12791648507118225,0.5675472617149353,1.192209243774414
23,8242433,1OPJ,MdrDBcore04225,F317C,0.278,0.8404218554496765,0.5675472617149353,1.192209243774414
23,8242433,3OXZ,MdrDBcore04226,F317I,0.507,0.12172286957502365,0.5675472617149353,1.192209243774414
23,8242433,1OPJ,MdrDBcore04227,F317I,0.169,0.7878835201263428,0.5675472617149353,1.192209243774414
23,8242433,3OXZ,MdrDBcore04228,F317L,0.169,0.13329219818115234,0.5675472617149353,1.192209243774414
23,8242433,1OPJ,MdrDBcore04229,F317L,0.716,0.7886825203895569,0.5675472617149353,1.192209243774414
23,8242433,3OXZ,MdrDBcore04230,F317V,0.716,0.10080979019403458,0.5675472617149353,1.192209243774414
23,8242433,1OPJ,MdrDBcore04231,F317V,0.964,0.8655440807342529,0.5675472617149353,1.192209243774414
23,8242433,3OXZ,MdrDBcore04232,F359C,0.407,0.15183529257774353,0.5675472617149353,1.192209243774414
23,8242433,1OPJ,MdrDBcore04233,F359C,0.765,0.8296225666999817,0.5675472617149353,1.192209243774414
23,8242433,3OXZ,MdrDBcore04234,F359I,0.765,0.1764138638973236,0.5675472617149353,1.192209243774414
23,8242433,1OPJ,MdrDBcore04235,F359I,0.278,0.7619096636772156,0.5675472617149353,1.192209243774414
23,8242433,3OXZ,MdrDBcore04236,F359V,0.169,0.13295361399650574,0.5675472617149353,1.192209243774414
23,8242433,1OPJ,MdrDBcore04237,F359V,0.318,0.7613356113433838,0.5675472617149353,1.192209243774414
23,8242433,3OXZ,MdrDBcore04238,G250E,0.298,0.14772924780845642,0.5675472617149353,1.192209243774414
23,8242433,1OPJ,MdrDBcore04239,G250E,1.004,0.8658238649368286,0.5675472617149353,1.192209243774414
23,8242433,3OXZ,MdrDBcore04240,H396R,0.169,0.14772894978523254,0.5675472617149353,1.192209243774414
23,8242433,1OPJ,MdrDBcore04241,H396R,0.398,0.8658242225646973,0.5675472617149353,1.192209243774414
23,8242433,3OXZ,MdrDBcore04242,L248R,0.576,0.4859168827533722,0.5675472617149353,1.192209243774414
23,8242433,1OPJ,MdrDBcore04243,L248R,2.316,2.0658087730407715,0.5675472617149353,1.192209243774414
23,8242433,3OXZ,MdrDBcore04244,L248V,0.169,0.12230449169874191,0.5675472617149353,1.192209243774414
23,8242433,1OPJ,MdrDBcore04245,L248V,0.636,0.9264997839927673,0.5675472617149353,1.192209243774414
23,8242433,3OXZ,MdrDBcore04246,M244V,0.0,0.14772915840148926,0.5675472617149353,1.192209243774414
23,8242433,1OPJ,MdrDBcore04247,M244V,0.209,0.21105000376701355,0.5675472617149353,1.192209243774414
23,8242433,3OXZ,MdrDBcore04248,M351T,0.169,0.13417580723762512,0.5675472617149353,1.192209243774414
23,8242433,1OPJ,MdrDBcore04249,M351T,0.417,0.9949221611022949,0.5675472617149353,1.192209243774414
23,8242433,3OXZ,MdrDBcore04250,T315A,0.169,0.15323173999786377,0.5675472617149353,1.192209243774414
23,8242433,1OPJ,MdrDBcore04251,T315A,0.507,0.8212614059448242,0.5675472617149353,1.192209243774414
23,8242433,3OXZ,MdrDBcore04252,T315I,0.407,0.1814309060573578,0.5675472617149353,1.192209243774414
23,8242433,1OPJ,MdrDBcore04253,T315I,2.306,0.9301571846008301,0.5675472617149353,1.192209243774414
23,8242433,3OXZ,MdrDBcore04254,V299L,0.169,0.19864562153816223,0.5675472617149353,1.192209243774414
23,8242433,1OPJ,MdrDBcore04255,V299L,0.229,1.1347956657409668,0.5675472617149353,1.192209243774414
23,8242433,3OXZ,MdrDBcore04256,Y253F,0.298,0.11951663345098495,0.5675472617149353,1.192209243774414
23,8242433,1OPJ,MdrDBcore04257,Y253F,1.888,0.926097571849823,0.5675472617149353,1.192209243774414
23,8242433,3CS9,MdrDBcore04258,E255K,1.262,0.20325961709022522,0.5675472617149353,1.192209243774414
23,8242433,3CS9,MdrDBcore04259,E255V,2.345,0.5689299702644348,0.5675472617149353,1.192209243774414
23,8242433,3CS9,MdrDBcore04260,E355A,0.109,0.5689297914505005,0.5675472617149353,1.192209243774414
23,8242433,3CS9,MdrDBcore04261,E459K,0.547,0.5689293742179871,0.5675472617149353,1.192209243774414
23,8242433,3CS9,MdrDBcore04262,F317C,0.04,0.48891112208366394,0.5675472617149353,1.192209243774414
23,8242433,3CS9,MdrDBcore04263,F317I,0.298,0.44634637236595154,0.5675472617149353,1.192209243774414
23,8242433,3CS9,MdrDBcore04264,F317L,0.199,0.47642800211906433,0.5675472617149353,1.192209243774414
23,8242433,3CS9,MdrDBcore04265,F317V,0.328,0.45746180415153503,0.5675472617149353,1.192209243774414
23,8242433,3CS9,MdrDBcore04266,F359C,0.676,0.5000746250152588,0.5675472617149353,1.192209243774414
23,8242433,3CS9,MdrDBcore04267,F359I,0.855,0.5000746846199036,0.5675472617149353,1.192209243774414
23,8242433,3CS9,MdrDBcore04268,F359V,0.596,0.5000748038291931,0.5675472617149353,1.192209243774414
23,8242433,3CS9,MdrDBcore04269,G250E,0.596,0.5689289569854736,0.5675472617149353,1.192209243774414
23,8242433,3CS9,MdrDBcore04270,H396R,0.248,0.5689301490783691,0.5675472617149353,1.192209243774414
23,8242433,3CS9,MdrDBcore04271,L248R,2.137,1.399808406829834,0.5675472617149353,1.192209243774414
23,8242433,3CS9,MdrDBcore04272,L248V,0.328,0.5301697254180908,0.5675472617149353,1.192209243774414
23,8242433,3CS9,MdrDBcore04273,M244V,-0.129,0.5689293742179871,0.5675472617149353,1.192209243774414
23,8242433,3CS9,MdrDBcore04274,M351T,0.0,0.5689294338226318,0.5675472617149353,1.192209243774414
23,8242433,3CS9,MdrDBcore04275,T315A,0.716,0.5222560167312622,0.5675472617149353,1.192209243774414
23,8242433,3CS9,MdrDBcore04276,T315I,3.727,0.6391382217407227,0.5675472617149353,1.192209243774414
23,8242433,3CS9,MdrDBcore04277,V299L,0.278,0.6155415773391724,0.5675472617149353,1.192209243774414
23,8242433,3CS9,MdrDBcore04278,Y253F,1.471,0.5889245271682739,0.5675472617149353,1.192209243774414
23,8242433,DOK1,MdrDBcore04279,E255K,-0.109,0.13264429569244385,0.5675472617149353,1.192209243774414
23,8242433,DOK2,MdrDBcore04280,E255K,-0.109,0.1681371033191681,0.5675472617149353,1.192209243774414
23,8242433,DOK1,MdrDBcore04281,F317I,1.57,0.1932273507118225,0.5675472617149353,1.192209243774414
23,8242433,DOK2,MdrDBcore04282,F317I,1.342,0.23704838752746582,0.5675472617149353,1.192209243774414
23,8242433,DOK1,MdrDBcore04283,F317L,0.398,0.184268981218338,0.5675472617149353,1.192209243774414
23,8242433,DOK2,MdrDBcore04284,F317L,0.288,0.2288127839565277,0.5675472617149353,1.192209243774414
23,8242433,DOK1,MdrDBcore04285,M351T,-0.08,0.13264477252960205,0.5675472617149353,1.192209243774414
23,8242433,DOK2,MdrDBcore04286,M351T,0.05,0.1681371033191681,0.5675472617149353,1.192209243774414
23,8242433,DOK1,MdrDBcore04287,Q252H,-0.129,0.08420351892709732,0.5675472617149353,1.192209243774414
23,8242433,DOK2,MdrDBcore04288,Q252H,-0.437,0.30277788639068604,0.5675472617149353,1.192209243774414
23,8242433,DOK1,MdrDBcore04289,T315I,-0.149,0.10513829439878464,0.5675472617149353,1.192209243774414
23,8242433,DOK1,MdrDBcore04290,Y253F,0.0,0.132644385099411,0.5675472617149353,1.192209243774414
23,8242433,DOK2,MdrDBcore04291,Y253F,-0.169,0.1681370735168457,0.5675472617149353,1.192209243774414
