Run,Seed,SAMPLE_PDB_ID,SAMPLE_ID,MUTATION,True_DDG.EXP,Pred_DDG.EXP,ALL_Pearson,Best_Val_RMSE
20,6937554,6A2K,MdrDBcore00000,A16C+S108T,2.42,3.404144287109375,0.5698422789573669,1.1961462497711182
20,6937554,3UM8,MdrDBcore00001,A16C+S108T,-0.41,0.27883008122444153,0.5698422789573669,1.1961462497711182
20,6937554,6A2K,MdrDBcore00002,A16G+S108T,2.64,2.340010166168213,0.5698422789573669,1.1961462497711182
20,6937554,6A2K,MdrDBcore00003,A16G+S108T,0.31,0.4061490297317505,0.5698422789573669,1.1961462497711182
20,6937554,6A2K,MdrDBcore00004,A16S+S108T,3.65,3.4344804286956787,0.5698422789573669,1.1961462497711182
20,6937554,6A2K,MdrDBcore00005,A16S+S108T,0.31,-1.6300076246261597,0.5698422789573669,1.1961462497711182
20,6937554,6A2K,MdrDBcore00006,A16T+S108T,4.13,3.1048529148101807,0.5698422789573669,1.1961462497711182
20,6937554,6A2K,MdrDBcore00007,A16T+S108T,0.24,0.33630549907684326,0.5698422789573669,1.1961462497711182
20,6937554,6A2K,MdrDBcore00008,A16V+S108T,4.09,3.078402280807495,0.5698422789573669,1.1961462497711182
20,6937554,6A2K,MdrDBcore00009,A16V+S108T,0.0,-0.3904266357421875,0.5698422789573669,1.1961462497711182
20,6937554,6A2K,MdrDBcore00010,C59R+S108N,1.81,3.141204357147217,0.5698422789573669,1.1961462497711182
20,6937554,6A2K,MdrDBcore00011,C59R+S108N,2.32,2.4753212928771973,0.5698422789573669,1.1961462497711182
20,6937554,6A2K,MdrDBcore00012,N51I+C59R+S108N+I164L,4.02,3.1152045726776123,0.5698422789573669,1.1961462497711182
20,6937554,3UM8,MdrDBcore00013,N51I+C59R+S108N+I164L,4.32,3.1456544399261475,0.5698422789573669,1.1961462497711182
20,6937554,5FED,MdrDBcore00014,G719S+T790M,-0.56,-0.4983605444431305,0.5698422789573669,1.1961462497711182
20,6937554,5FED,MdrDBcore00015,L858R+T790M,-0.7,-0.5762590169906616,0.5698422789573669,1.1961462497711182
20,6937554,5I3U,MdrDBcore00016,A98G+G190A,0.47,0.1611597090959549,0.5698422789573669,1.1961462497711182
20,6937554,5I3U,MdrDBcore00017,A98G+G190A,0.59,0.41874179244041443,0.5698422789573669,1.1961462497711182
20,6937554,5I3U,MdrDBcore00018,A98G+Y181C,1.52,0.4994524121284485,0.5698422789573669,1.1961462497711182
20,6937554,5I3U,MdrDBcore00019,A98G+Y181C,1.13,0.3566368818283081,0.5698422789573669,1.1961462497711182
20,6937554,5I3U,MdrDBcore00020,E138K+M184I,0.96,0.2071945071220398,0.5698422789573669,1.1961462497711182
20,6937554,5I3U,MdrDBcore00021,E138K+M184I,0.9,0.9926304817199707,0.5698422789573669,1.1961462497711182
20,6937554,5I3U,MdrDBcore00022,E138K+M184V,0.78,0.4648803174495697,0.5698422789573669,1.1961462497711182
20,6937554,5I3U,MdrDBcore00023,E138K+M184V,0.65,0.11436375975608826,0.5698422789573669,1.1961462497711182
20,6937554,5I3U,MdrDBcore00024,K101E+G190A,0.65,0.25815314054489136,0.5698422789573669,1.1961462497711182
20,6937554,5I3U,MdrDBcore00025,K101E+G190A,1.03,0.06584645062685013,0.5698422789573669,1.1961462497711182
20,6937554,5I3U,MdrDBcore00026,K101E+G190S,0.35,0.5386694669723511,0.5698422789573669,1.1961462497711182
20,6937554,5I3U,MdrDBcore00027,K101E+G190S,0.32,0.8137954473495483,0.5698422789573669,1.1961462497711182
20,6937554,5I3U,MdrDBcore00028,K101E+Y181C,1.34,0.6177390217781067,0.5698422789573669,1.1961462497711182
20,6937554,5I3U,MdrDBcore00029,K101E+Y181C,1.18,0.446088045835495,0.5698422789573669,1.1961462497711182
20,6937554,5I3U,MdrDBcore00030,K101H+G190A,0.69,0.7558185458183289,0.5698422789573669,1.1961462497711182
20,6937554,5I3U,MdrDBcore00031,K101H+G190A,0.75,0.18204842507839203,0.5698422789573669,1.1961462497711182
20,6937554,5I3U,MdrDBcore00032,K101H+Y181C,1.29,0.6605979204177856,0.5698422789573669,1.1961462497711182
20,6937554,5I3U,MdrDBcore00033,K101H+Y181C,1.19,0.24636586010456085,0.5698422789573669,1.1961462497711182
20,6937554,1S6Q,MdrDBcore00034,K103N+P225H,0.8,0.1552637219429016,0.5698422789573669,1.1961462497711182
20,6937554,1S6Q,MdrDBcore00035,K103N+P225H,0.16,0.7493444681167603,0.5698422789573669,1.1961462497711182
20,6937554,5I3U,MdrDBcore00036,V106M+F227L,0.06,0.10158713907003403,0.5698422789573669,1.1961462497711182
20,6937554,5I3U,MdrDBcore00037,V106M+F227L,-0.55,-0.26422157883644104,0.5698422789573669,1.1961462497711182
20,6937554,5I3U,MdrDBcore00038,V106M+V179D,1.03,0.48027732968330383,0.5698422789573669,1.1961462497711182
20,6937554,5I3U,MdrDBcore00039,V106M+V179D,0.52,0.3324006199836731,0.5698422789573669,1.1961462497711182
20,6937554,5I3U,MdrDBcore00040,V179F+Y181C,1.13,0.9758346080780029,0.5698422789573669,1.1961462497711182
20,6937554,5I3U,MdrDBcore00041,Y181C+G190A,0.92,0.8555241823196411,0.5698422789573669,1.1961462497711182
20,6937554,5I3U,MdrDBcore00042,Y181C+G190A,0.57,0.7229123115539551,0.5698422789573669,1.1961462497711182
20,6937554,5I3U,MdrDBcore00043,Y181C+G190S,1.98,-0.11010506749153137,0.5698422789573669,1.1961462497711182
20,6937554,5I3U,MdrDBcore00044,Y181C+G190S,1.09,0.2614849805831909,0.5698422789573669,1.1961462497711182
20,6937554,1S6Q,MdrDBcore00045,Y181C+H221Y,1.82,1.4139046669006348,0.5698422789573669,1.1961462497711182
20,6937554,1IKY,MdrDBcore00046,Y181C+H221Y,1.08,0.26514869928359985,0.5698422789573669,1.1961462497711182
20,6937554,3BGB,MdrDBcore00047,G48V+L90M,1.42,0.8535832762718201,0.5698422789573669,1.1961462497711182
20,6937554,3BGB,MdrDBcore00048,L10F+I50V,2.43,0.17370688915252686,0.5698422789573669,1.1961462497711182
20,6937554,3BGB,MdrDBcore00049,L10F+I84V,1.78,0.26599007844924927,0.5698422789573669,1.1961462497711182
20,6937554,3BGB,MdrDBcore00050,V82F+I84V,2.73,0.6620833873748779,0.5698422789573669,1.1961462497711182
20,6937554,3LEP,MdrDBcore00051,S302R+C303D,1.91,-0.5133475661277771,0.5698422789573669,1.1961462497711182
20,6937554,3UM8,MdrDBcore00052,A16C,0.07,0.45204347372055054,0.5698422789573669,1.1961462497711182
20,6937554,3QGT,MdrDBcore00053,A16C,0.17,0.1297655552625656,0.5698422789573669,1.1961462497711182
20,6937554,3UM8,MdrDBcore00054,A16G,0.74,0.721289873123169,0.5698422789573669,1.1961462497711182
20,6937554,3QGT,MdrDBcore00055,A16G,0.5,0.47407475113868713,0.5698422789573669,1.1961462497711182
20,6937554,3UM8,MdrDBcore00056,A16S,2.63,0.5271105766296387,0.5698422789573669,1.1961462497711182
20,6937554,3QGT,MdrDBcore00057,A16S,1.79,0.21723271906375885,0.5698422789573669,1.1961462497711182
20,6937554,3UM8,MdrDBcore00058,S108N,1.25,0.7353150844573975,0.5698422789573669,1.1961462497711182
20,6937554,3QGT,MdrDBcore00059,S108N,1.88,0.3921203911304474,0.5698422789573669,1.1961462497711182
20,6937554,3UM8,MdrDBcore00060,S108T,0.64,0.6960447430610657,0.5698422789573669,1.1961462497711182
20,6937554,3QGT,MdrDBcore00061,S108T,0.0,0.4367768168449402,0.5698422789573669,1.1961462497711182
20,6937554,2GQG,MdrDBcore00062,E255K,1.16,0.7184467315673828,0.5698422789573669,1.1961462497711182
20,6937554,3CS9,MdrDBcore00063,E255K,1.63,0.5977274775505066,0.5698422789573669,1.1961462497711182
20,6937554,2GQG,MdrDBcore00064,E255V,1.56,0.7184470891952515,0.5698422789573669,1.1961462497711182
20,6937554,3CS9,MdrDBcore00065,E255V,2.09,0.5977274775505066,0.5698422789573669,1.1961462497711182
20,6937554,2GQG,MdrDBcore00066,E355G,0.48,0.7184470295906067,0.5698422789573669,1.1961462497711182
20,6937554,2GQG,MdrDBcore00067,F311L,0.29,0.7184473872184753,0.5698422789573669,1.1961462497711182
20,6937554,3CS9,MdrDBcore00068,F311L,0.34,0.5977276563644409,0.5698422789573669,1.1961462497711182
20,6937554,2GQG,MdrDBcore00069,F317L,1.33,0.734819769859314,0.5698422789573669,1.1961462497711182
20,6937554,3CS9,MdrDBcore00070,F317L,0.8,0.6349489688873291,0.5698422789573669,1.1961462497711182
20,6937554,2GQG,MdrDBcore00071,F317V,2.5,0.7493972182273865,0.5698422789573669,1.1961462497711182
20,6937554,2GQG,MdrDBcore00072,F359V,0.6,0.7184469699859619,0.5698422789573669,1.1961462497711182
20,6937554,3CS9,MdrDBcore00073,F359V,1.55,0.6570540070533752,0.5698422789573669,1.1961462497711182
20,6937554,2GQG,MdrDBcore00074,G250E,0.48,0.718447208404541,0.5698422789573669,1.1961462497711182
20,6937554,3CS9,MdrDBcore00075,G250E,0.78,0.5977276563644409,0.5698422789573669,1.1961462497711182
20,6937554,2GQG,MdrDBcore00076,H396P,-0.17,0.7358713746070862,0.5698422789573669,1.1961462497711182
20,6937554,3CS9,MdrDBcore00077,H396P,0.68,0.5977275371551514,0.5698422789573669,1.1961462497711182
20,6937554,2GQG,MdrDBcore00078,H396R,0.29,0.7228377461433411,0.5698422789573669,1.1961462497711182
20,6937554,3CS9,MdrDBcore00079,H396R,0.68,0.5977275371551514,0.5698422789573669,1.1961462497711182
20,6937554,2GQG,MdrDBcore00080,L387M,0.55,0.7184470891952515,0.5698422789573669,1.1961462497711182
20,6937554,3CS9,MdrDBcore00081,L387M,0.79,0.5977276563644409,0.5698422789573669,1.1961462497711182
20,6937554,2GQG,MdrDBcore00082,M244V,0.29,0.7184473276138306,0.5698422789573669,1.1961462497711182
20,6937554,3CS9,MdrDBcore00083,M244V,0.64,0.5977274775505066,0.5698422789573669,1.1961462497711182
20,6937554,2GQG,MdrDBcore00084,M351T,0.19,0.7184473872184753,0.5698422789573669,1.1961462497711182
20,6937554,3CS9,MdrDBcore00085,M351T,0.09,0.5977275371551514,0.5698422789573669,1.1961462497711182
20,6937554,2GQG,MdrDBcore00086,Q252H,0.86,0.7184470891952515,0.5698422789573669,1.1961462497711182
20,6937554,3CS9,MdrDBcore00087,Q252H,1.0,0.5977274775505066,0.5698422789573669,1.1961462497711182
20,6937554,2GQG,MdrDBcore00088,T315A,3.01,0.7734951376914978,0.5698422789573669,1.1961462497711182
20,6937554,3CS9,MdrDBcore00089,T315A,0.92,0.5435388088226318,0.5698422789573669,1.1961462497711182
20,6937554,2GQG,MdrDBcore00090,T315I,3.29,0.6193122863769531,0.5698422789573669,1.1961462497711182
20,6937554,3CS9,MdrDBcore00091,T315I,3.0,0.64105623960495,0.5698422789573669,1.1961462497711182
20,6937554,2GQG,MdrDBcore00092,V299L,1.86,0.6094415783882141,0.5698422789573669,1.1961462497711182
20,6937554,2GQG,MdrDBcore00093,V379I,0.0,0.7184467911720276,0.5698422789573669,1.1961462497711182
20,6937554,3CS9,MdrDBcore00094,V379I,0.81,0.5986003279685974,0.5698422789573669,1.1961462497711182
20,6937554,2GQG,MdrDBcore00095,Y253F,0.33,0.7491186857223511,0.5698422789573669,1.1961462497711182
20,6937554,3CS9,MdrDBcore00096,Y253F,1.35,0.6080174446105957,0.5698422789573669,1.1961462497711182
20,6937554,2GQG,MdrDBcore00097,Y253H,0.29,0.5995821952819824,0.5698422789573669,1.1961462497711182
20,6937554,3CS9,MdrDBcore00098,Y253H,2.11,0.6216337084770203,0.5698422789573669,1.1961462497711182
20,6937554,5CAN,MdrDBcore00099,G719S,0.48,0.12320136278867722,0.5698422789573669,1.1961462497711182
20,6937554,6D8E,MdrDBcore00100,L858R,-1.6,-0.47238844633102417,0.5698422789573669,1.1961462497711182
20,6937554,2ITY,MdrDBcore00101,T790M,-1.21,-0.12832549214363098,0.5698422789573669,1.1961462497711182
20,6937554,2ZD1,MdrDBcore00102,A98G,0.24,0.4870181381702423,0.5698422789573669,1.1961462497711182
20,6937554,2ZD1,MdrDBcore00103,A98G,0.41,0.4870182275772095,0.5698422789573669,1.1961462497711182
20,6937554,2ZD1,MdrDBcore00104,E138A,0.57,0.4870181083679199,0.5698422789573669,1.1961462497711182
20,6937554,2ZD1,MdrDBcore00105,E138A,0.32,0.4870181381702423,0.5698422789573669,1.1961462497711182
20,6937554,2ZD1,MdrDBcore00106,E138G,0.88,0.4870183765888214,0.5698422789573669,1.1961462497711182
20,6937554,2ZD1,MdrDBcore00107,E138G,0.61,0.4870181679725647,0.5698422789573669,1.1961462497711182
20,6937554,2ZD1,MdrDBcore00108,E138K,0.78,0.4870181381702423,0.5698422789573669,1.1961462497711182
20,6937554,2ZD1,MdrDBcore00109,E138K,0.81,0.48701804876327515,0.5698422789573669,1.1961462497711182
20,6937554,2ZD1,MdrDBcore00110,E138Q,1.5,0.48701828718185425,0.5698422789573669,1.1961462497711182
20,6937554,2ZD1,MdrDBcore00111,E138Q,1.17,0.4870181977748871,0.5698422789573669,1.1961462497711182
20,6937554,2ZD1,MdrDBcore00112,E138R,1.47,0.4870181679725647,0.5698422789573669,1.1961462497711182
20,6937554,2ZD1,MdrDBcore00113,E138R,1.14,0.48701825737953186,0.5698422789573669,1.1961462497711182
20,6937554,2ZD1,MdrDBcore00114,F227C,0.76,0.5111182332038879,0.5698422789573669,1.1961462497711182
20,6937554,2ZD1,MdrDBcore00115,F227C,0.84,0.5111182332038879,0.5698422789573669,1.1961462497711182
20,6937554,2ZD1,MdrDBcore00116,G190A,-0.21,0.47588443756103516,0.5698422789573669,1.1961462497711182
20,6937554,2ZD1,MdrDBcore00117,G190A,0.0,0.4758843183517456,0.5698422789573669,1.1961462497711182
20,6937554,2ZD1,MdrDBcore00118,G190S,-0.41,0.4771151840686798,0.5698422789573669,1.1961462497711182
20,6937554,2ZD1,MdrDBcore00119,G190S,-1.37,0.4771152138710022,0.5698422789573669,1.1961462497711182
20,6937554,3TKW,MdrDBcore00120,G48V,2.01,1.193438172340393,0.5698422789573669,1.1961462497711182
20,6937554,2ZD1,MdrDBcore00121,H221Y,0.32,0.4870181381702423,0.5698422789573669,1.1961462497711182
20,6937554,2ZD1,MdrDBcore00122,H221Y,0.28,0.4870181083679199,0.5698422789573669,1.1961462497711182
20,6937554,3TKW,MdrDBcore00123,I50V,2.05,1.7182573080062866,0.5698422789573669,1.1961462497711182
20,6937554,3TKW,MdrDBcore00124,I54M,0.61,1.1934852600097656,0.5698422789573669,1.1961462497711182
20,6937554,3TKW,MdrDBcore00125,I54V,1.28,1.193485140800476,0.5698422789573669,1.1961462497711182
20,6937554,2ZD1,MdrDBcore00126,K101E,0.57,0.4723058342933655,0.5698422789573669,1.1961462497711182
20,6937554,2ZD1,MdrDBcore00127,K101E,0.59,0.47230565547943115,0.5698422789573669,1.1961462497711182
20,6937554,2ZD1,MdrDBcore00128,K101H,0.06,0.48886287212371826,0.5698422789573669,1.1961462497711182
20,6937554,2ZD1,MdrDBcore00129,K101H,0.41,0.4888628423213959,0.5698422789573669,1.1961462497711182
20,6937554,2ZD1,MdrDBcore00130,K101P,0.86,0.5730881690979004,0.5698422789573669,1.1961462497711182
20,6937554,2ZD1,MdrDBcore00131,K101P,1.83,0.5730881690979004,0.5698422789573669,1.1961462497711182
20,6937554,2ZD1,MdrDBcore00132,K103N,-0.13,0.5855808258056641,0.5698422789573669,1.1961462497711182
20,6937554,2ZD1,MdrDBcore00133,K103N,0.0,0.5855807662010193,0.5698422789573669,1.1961462497711182
20,6937554,2ZD1,MdrDBcore00134,K103S,0.32,0.5175418853759766,0.5698422789573669,1.1961462497711182
20,6937554,2ZD1,MdrDBcore00135,K103S,0.32,0.5175418257713318,0.5698422789573669,1.1961462497711182
20,6937554,2ZD1,MdrDBcore00136,L100I,0.41,0.5490235686302185,0.5698422789573669,1.1961462497711182
20,6937554,2ZD1,MdrDBcore00137,L100I,-0.21,0.5490235686302185,0.5698422789573669,1.1961462497711182
20,6937554,2ZD1,MdrDBcore00138,M230I,1.29,0.487018346786499,0.5698422789573669,1.1961462497711182
20,6937554,2ZD1,MdrDBcore00139,M230I,1.03,0.48701828718185425,0.5698422789573669,1.1961462497711182
20,6937554,2ZD1,MdrDBcore00140,M230L,1.35,0.48701825737953186,0.5698422789573669,1.1961462497711182
20,6937554,2ZD1,MdrDBcore00141,M230L,1.15,0.4870181679725647,0.5698422789573669,1.1961462497711182
20,6937554,2ZD1,MdrDBcore00142,P225H,-0.3,0.5060204267501831,0.5698422789573669,1.1961462497711182
20,6937554,2ZD1,MdrDBcore00143,P225H,-0.55,0.5060206055641174,0.5698422789573669,1.1961462497711182
20,6937554,2ZD1,MdrDBcore00144,V106A,0.11,0.5278476476669312,0.5698422789573669,1.1961462497711182
20,6937554,2ZD1,MdrDBcore00145,V106A,-0.21,0.5278476476669312,0.5698422789573669,1.1961462497711182
20,6937554,2ZD1,MdrDBcore00146,V106I,-0.3,0.5078707337379456,0.5698422789573669,1.1961462497711182
20,6937554,2ZD1,MdrDBcore00147,V106I,-0.41,0.5078706741333008,0.5698422789573669,1.1961462497711182
20,6937554,2ZD1,MdrDBcore00148,V106M,0.28,0.5773931741714478,0.5698422789573669,1.1961462497711182
20,6937554,2ZD1,MdrDBcore00149,V106M,0.0,0.5773931741714478,0.5698422789573669,1.1961462497711182
20,6937554,2ZD1,MdrDBcore00150,V108I,-0.21,0.4870181679725647,0.5698422789573669,1.1961462497711182
20,6937554,2ZD1,MdrDBcore00151,V108I,-0.3,0.4870181977748871,0.5698422789573669,1.1961462497711182
20,6937554,2ZD1,MdrDBcore00152,V179D,0.28,0.4745125472545624,0.5698422789573669,1.1961462497711182
20,6937554,2ZD1,MdrDBcore00153,V179D,0.0,0.47451260685920715,0.5698422789573669,1.1961462497711182
20,6937554,2ZD1,MdrDBcore00154,V179L,-0.21,0.580178439617157,0.5698422789573669,1.1961462497711182
20,6937554,2ZD1,MdrDBcore00155,V179L,-0.41,0.5801783800125122,0.5698422789573669,1.1961462497711182
20,6937554,2ZD1,MdrDBcore00156,V179T,0.06,0.50567626953125,0.5698422789573669,1.1961462497711182
20,6937554,2ZD1,MdrDBcore00157,V179T,0.11,0.50567626953125,0.5698422789573669,1.1961462497711182
20,6937554,2ZD1,MdrDBcore00158,V90I,0.16,0.4870181381702423,0.5698422789573669,1.1961462497711182
20,6937554,2ZD1,MdrDBcore00159,V90I,0.11,0.4870181679725647,0.5698422789573669,1.1961462497711182
20,6937554,2ZD1,MdrDBcore00160,Y181C,0.81,0.5284947752952576,0.5698422789573669,1.1961462497711182
20,6937554,2ZD1,MdrDBcore00161,Y181C,0.11,0.5284947156906128,0.5698422789573669,1.1961462497711182
20,6937554,2ZD1,MdrDBcore00162,Y181I,2.05,0.5170994400978088,0.5698422789573669,1.1961462497711182
20,6937554,2ZD1,MdrDBcore00163,Y181I,2.05,0.5170994997024536,0.5698422789573669,1.1961462497711182
20,6937554,2ZD1,MdrDBcore00164,Y181V,1.83,0.5429989099502563,0.5698422789573669,1.1961462497711182
20,6937554,2ZD1,MdrDBcore00165,Y188C,-1.37,0.5000144839286804,0.5698422789573669,1.1961462497711182
20,6937554,2ZD1,MdrDBcore00166,Y188C,-0.96,0.5000144243240356,0.5698422789573669,1.1961462497711182
20,6937554,2ZD1,MdrDBcore00167,Y188H,-0.96,0.5208580493927002,0.5698422789573669,1.1961462497711182
20,6937554,2ZD1,MdrDBcore00168,Y188H,-0.3,0.5208580493927002,0.5698422789573669,1.1961462497711182
20,6937554,2ZD1,MdrDBcore00169,Y188L,0.63,0.47963014245033264,0.5698422789573669,1.1961462497711182
20,6937554,2ZD1,MdrDBcore00170,Y188L,1.23,0.4796302020549774,0.5698422789573669,1.1961462497711182
20,6937554,1FK9,MdrDBcore00171,A98G,0.76,0.8607657551765442,0.5698422789573669,1.1961462497711182
20,6937554,1VRT,MdrDBcore00172,A98G,1.23,0.7077143788337708,0.5698422789573669,1.1961462497711182
20,6937554,1FK9,MdrDBcore00173,E138A,0.16,0.8607655763626099,0.5698422789573669,1.1961462497711182
20,6937554,1VRT,MdrDBcore00174,E138A,0.06,0.7077144384384155,0.5698422789573669,1.1961462497711182
20,6937554,1FK9,MdrDBcore00175,E138G,0.32,0.8607657551765442,0.5698422789573669,1.1961462497711182
20,6937554,1VRT,MdrDBcore00176,E138G,0.47,0.7077143788337708,0.5698422789573669,1.1961462497711182
20,6937554,1FK9,MdrDBcore00177,E138K,0.59,0.8607656955718994,0.5698422789573669,1.1961462497711182
20,6937554,1VRT,MdrDBcore00178,E138K,0.38,0.7077144384384155,0.5698422789573669,1.1961462497711182
20,6937554,1FK9,MdrDBcore00179,E138Q,1.15,0.8607657551765442,0.5698422789573669,1.1961462497711182
20,6937554,1VRT,MdrDBcore00180,E138Q,1.38,0.707714319229126,0.5698422789573669,1.1961462497711182
20,6937554,1FK9,MdrDBcore00181,E138R,0.92,0.8607656955718994,0.5698422789573669,1.1961462497711182
20,6937554,1VRT,MdrDBcore00182,E138R,0.94,0.7077143788337708,0.5698422789573669,1.1961462497711182
20,6937554,1FK9,MdrDBcore00183,F227C,0.97,0.8764768242835999,0.5698422789573669,1.1961462497711182
20,6937554,1VRT,MdrDBcore00184,F227C,1.71,0.597744345664978,0.5698422789573669,1.1961462497711182
20,6937554,1FK9,MdrDBcore00185,G190A,1.21,0.901710569858551,0.5698422789573669,1.1961462497711182
20,6937554,1VRT,MdrDBcore00186,G190A,2.57,0.7204731106758118,0.5698422789573669,1.1961462497711182
20,6937554,1FK9,MdrDBcore00187,G190S,2.3,0.9219028949737549,0.5698422789573669,1.1961462497711182
20,6937554,1VRT,MdrDBcore00188,G190S,3.18,0.7468586564064026,0.5698422789573669,1.1961462497711182
20,6937554,1HXB,MdrDBcore00189,G48V,3.01,0.5392701029777527,0.5698422789573669,1.1961462497711182
20,6937554,1FK9,MdrDBcore00190,H221Y,0.41,0.8607656955718994,0.5698422789573669,1.1961462497711182
20,6937554,1VRT,MdrDBcore00191,H221Y,0.88,0.7077144980430603,0.5698422789573669,1.1961462497711182
20,6937554,1HXB,MdrDBcore00192,I47V,-0.41,0.5702914595603943,0.5698422789573669,1.1961462497711182
20,6937554,1HXB,MdrDBcore00193,I50V,1.89,0.5443192720413208,0.5698422789573669,1.1961462497711182
20,6937554,1HXB,MdrDBcore00194,I54M,0.95,0.5543878674507141,0.5698422789573669,1.1961462497711182
20,6937554,1HXB,MdrDBcore00195,I54V,1.61,0.5543881058692932,0.5698422789573669,1.1961462497711182
20,6937554,1HXB,MdrDBcore00196,I84V,1.68,0.5379396677017212,0.5698422789573669,1.1961462497711182
20,6937554,1FK9,MdrDBcore00197,K101E,0.96,0.8100864887237549,0.5698422789573669,1.1961462497711182
20,6937554,1VRT,MdrDBcore00198,K101E,1.46,0.7077488899230957,0.5698422789573669,1.1961462497711182
20,6937554,1FK9,MdrDBcore00199,K101H,0.69,0.8657017946243286,0.5698422789573669,1.1961462497711182
20,6937554,1VRT,MdrDBcore00200,K101H,1.18,0.7077434659004211,0.5698422789573669,1.1961462497711182
20,6937554,1FK9,MdrDBcore00201,K101P,2.2,0.8432227969169617,0.5698422789573669,1.1961462497711182
20,6937554,1FK9,MdrDBcore00202,K103N,1.94,0.9046260714530945,0.5698422789573669,1.1961462497711182
20,6937554,1VRT,MdrDBcore00203,K103N,2.39,0.6762291193008423,0.5698422789573669,1.1961462497711182
20,6937554,1FK9,MdrDBcore00204,K103S,1.58,0.8713904023170471,0.5698422789573669,1.1961462497711182
20,6937554,1FK9,MdrDBcore00205,L100I,1.37,0.8884704113006592,0.5698422789573669,1.1961462497711182
20,6937554,1VRT,MdrDBcore00206,L100I,0.67,0.6643472909927368,0.5698422789573669,1.1961462497711182
20,6937554,1HXB,MdrDBcore00207,L10F,0.33,0.5543879270553589,0.5698422789573669,1.1961462497711182
20,6937554,1HXB,MdrDBcore00208,L90M,0.59,0.5543880462646484,0.5698422789573669,1.1961462497711182
20,6937554,1FK9,MdrDBcore00209,M230I,1.41,0.8607656955718994,0.5698422789573669,1.1961462497711182
20,6937554,1VRT,MdrDBcore00210,M230I,1.64,0.7077145576477051,0.5698422789573669,1.1961462497711182
20,6937554,1FK9,MdrDBcore00211,M230L,1.64,0.8607657551765442,0.5698422789573669,1.1961462497711182
20,6937554,1HXB,MdrDBcore00212,M46I,0.0,0.5543881058692932,0.5698422789573669,1.1961462497711182
20,6937554,1FK9,MdrDBcore00213,P225H,0.2,0.860765814781189,0.5698422789573669,1.1961462497711182
20,6937554,1VRT,MdrDBcore00214,P225H,0.41,0.7077144980430603,0.5698422789573669,1.1961462497711182
20,6937554,1FK9,MdrDBcore00215,V106A,0.32,0.7903743386268616,0.5698422789573669,1.1961462497711182
20,6937554,1VRT,MdrDBcore00216,V106A,2.48,0.5695797801017761,0.5698422789573669,1.1961462497711182
20,6937554,1FK9,MdrDBcore00217,V106I,-0.3,0.9029358625411987,0.5698422789573669,1.1961462497711182
20,6937554,1VRT,MdrDBcore00218,V106I,-0.21,0.730097770690918,0.5698422789573669,1.1961462497711182
20,6937554,1FK9,MdrDBcore00219,V106M,1.81,0.9285637140274048,0.5698422789573669,1.1961462497711182
20,6937554,1VRT,MdrDBcore00220,V106M,2.05,0.7411286234855652,0.5698422789573669,1.1961462497711182
20,6937554,1FK9,MdrDBcore00221,V108I,0.32,0.8607657551765442,0.5698422789573669,1.1961462497711182
20,6937554,1VRT,MdrDBcore00222,V108I,0.65,0.7077145576477051,0.5698422789573669,1.1961462497711182
20,6937554,1FK9,MdrDBcore00223,V179D,0.65,0.7802773714065552,0.5698422789573669,1.1961462497711182
20,6937554,1VRT,MdrDBcore00224,V179D,0.16,0.6808333992958069,0.5698422789573669,1.1961462497711182
20,6937554,1VRT,MdrDBcore00225,V179F,-1.37,0.7256738543510437,0.5698422789573669,1.1961462497711182
20,6937554,1FK9,MdrDBcore00226,V179L,-0.55,0.8992148637771606,0.5698422789573669,1.1961462497711182
20,6937554,1VRT,MdrDBcore00227,V179L,-0.3,0.6801851391792297,0.5698422789573669,1.1961462497711182
20,6937554,1FK9,MdrDBcore00228,V179T,-0.21,0.8072019815444946,0.5698422789573669,1.1961462497711182
20,6937554,1VRT,MdrDBcore00229,V179T,-0.13,0.6857343316078186,0.5698422789573669,1.1961462497711182
20,6937554,1HXB,MdrDBcore00230,V32I,0.28,0.5373516082763672,0.5698422789573669,1.1961462497711182
20,6937554,1HXB,MdrDBcore00231,V82A,0.3,0.5257877111434937,0.5698422789573669,1.1961462497711182
20,6937554,1HXB,MdrDBcore00232,V82I,1.18,0.5535086989402771,0.5698422789573669,1.1961462497711182
20,6937554,1FK9,MdrDBcore00233,V90I,0.06,0.860765814781189,0.5698422789573669,1.1961462497711182
20,6937554,1VRT,MdrDBcore00234,V90I,0.16,0.7077145576477051,0.5698422789573669,1.1961462497711182
20,6937554,1FK9,MdrDBcore00235,Y181C,0.65,0.8304585814476013,0.5698422789573669,1.1961462497711182
20,6937554,1VRT,MdrDBcore00236,Y181C,3.03,0.7551787495613098,0.5698422789573669,1.1961462497711182
20,6937554,1FK9,MdrDBcore00237,Y181I,0.06,0.9250396490097046,0.5698422789573669,1.1961462497711182
20,6937554,1FK9,MdrDBcore00238,Y181V,0.47,0.9045160412788391,0.5698422789573669,1.1961462497711182
20,6937554,1FK9,MdrDBcore00239,Y188C,0.78,0.8760780692100525,0.5698422789573669,1.1961462497711182
20,6937554,1FK9,MdrDBcore00240,Y188H,0.9,0.8631025552749634,0.5698422789573669,1.1961462497711182
20,6937554,1VRT,MdrDBcore00241,Y188H,0.47,0.7212459444999695,0.5698422789573669,1.1961462497711182
20,6937554,1FK9,MdrDBcore00242,Y188L,2.8,0.8902990221977234,0.5698422789573669,1.1961462497711182
20,6937554,1VRT,MdrDBcore00243,Y188L,3.7,0.7776540517807007,0.5698422789573669,1.1961462497711182
20,6937554,1HPV,MdrDBcore00244,G48V,0.82,0.6453909873962402,0.5698422789573669,1.1961462497711182
20,6937554,1HPV,MdrDBcore00245,I47V,-0.24,0.6471558809280396,0.5698422789573669,1.1961462497711182
20,6937554,1HPV,MdrDBcore00246,I50V,2.48,0.6436610221862793,0.5698422789573669,1.1961462497711182
20,6937554,1HPV,MdrDBcore00247,I84V,1.86,0.7228968143463135,0.5698422789573669,1.1961462497711182
20,6937554,1HPV,MdrDBcore00248,L10F,-0.11,0.6452072262763977,0.5698422789573669,1.1961462497711182
20,6937554,1HPV,MdrDBcore00249,L90M,0.65,0.6452070474624634,0.5698422789573669,1.1961462497711182
20,6937554,1HPV,MdrDBcore00250,M46I,-0.41,0.6452071666717529,0.5698422789573669,1.1961462497711182
20,6937554,1HPV,MdrDBcore00251,V82A,0.33,0.47176671028137207,0.5698422789573669,1.1961462497711182
20,6937554,1HPV,MdrDBcore00252,V82I,0.71,0.6878884434700012,0.5698422789573669,1.1961462497711182
20,6937554,1PWM,MdrDBcore00253,C303D,1.04,0.6181169748306274,0.5698422789573669,1.1961462497711182
20,6937554,1PWM,MdrDBcore00254,F121P,0.29,0.61811763048172,0.5698422789573669,1.1961462497711182
20,6937554,1PWM,MdrDBcore00255,L300A,0.46,0.61811763048172,0.5698422789573669,1.1961462497711182
20,6937554,1PWM,MdrDBcore00256,L300P,1.88,0.6181162595748901,0.5698422789573669,1.1961462497711182
20,6937554,1PWM,MdrDBcore00257,L301M,0.7,0.6181173324584961,0.5698422789573669,1.1961462497711182
20,6937554,1PWM,MdrDBcore00258,T113Y,2.08,0.6181179285049438,0.5698422789573669,1.1961462497711182
20,6937554,1PWM,MdrDBcore00259,V47I,0.14,0.6181171536445618,0.5698422789573669,1.1961462497711182
20,6937554,1MUI,MdrDBcore00260,D30N,0.77,0.4308807849884033,0.5698422789573669,1.1961462497711182
20,6937554,1MUI,MdrDBcore00261,L90M,-0.06,0.46254417300224304,0.5698422789573669,1.1961462497711182
20,6937554,1MUI,MdrDBcore00262,N88D,-0.19,0.46254417300224304,0.5698422789573669,1.1961462497711182
20,6937554,3B7E,MdrDBcore00263,E119A,4.25,1.5381513833999634,0.5698422789573669,1.1961462497711182
20,6937554,3B7E,MdrDBcore00264,H274Y,0.55,0.6734594702720642,0.5698422789573669,1.1961462497711182
20,6937554,3B7E,MdrDBcore00265,I117V,0.84,0.5866034030914307,0.5698422789573669,1.1961462497711182
20,6937554,3B7E,MdrDBcore00266,K150N,0.11,0.586602509021759,0.5698422789573669,1.1961462497711182
20,6937554,3B7E,MdrDBcore00267,N294S,0.73,0.4035610258579254,0.5698422789573669,1.1961462497711182
20,6937554,3B7E,MdrDBcore00268,V116A,2.08,0.5866022706031799,0.5698422789573669,1.1961462497711182
20,6937554,3B7E,MdrDBcore00269,Y252H,0.16,0.5866028070449829,0.5698422789573669,1.1961462497711182
20,6937554,1OHR,MdrDBcore00270,G48V,0.65,0.9832386374473572,0.5698422789573669,1.1961462497711182
20,6937554,1OHR,MdrDBcore00271,I84V,1.2,0.8373666405677795,0.5698422789573669,1.1961462497711182
20,6937554,1OHR,MdrDBcore00272,L90M,0.41,0.9831861853599548,0.5698422789573669,1.1961462497711182
20,6937554,1OHR,MdrDBcore00273,V82A,0.86,0.8498921394348145,0.5698422789573669,1.1961462497711182
20,6937554,1OHR,MdrDBcore00274,V82F,1.61,0.9490064382553101,0.5698422789573669,1.1961462497711182
20,6937554,1OHR,MdrDBcore00275,V82I,1.7,1.0035768747329712,0.5698422789573669,1.1961462497711182
20,6937554,3C4C,MdrDBcore00276,N486_P491delNVTAP,0.0,-0.1535877138376236,0.5698422789573669,1.1961462497711182
20,6937554,3C4C,MdrDBcore00277,N486_P491delNVTAP,-2.23,-1.723615288734436,0.5698422789573669,1.1961462497711182
20,6937554,3EYL,MdrDBcore00278,E350delE,0.0,-0.7346318960189819,0.5698422789573669,1.1961462497711182
20,6937554,7MFD,MdrDBcore00279,V600E+I208V,0.0,0.21415136754512787,0.5698422789573669,1.1961462497711182
20,6937554,7MFD,MdrDBcore00280,V600E+I208V,-1.42,-0.3186802864074707,0.5698422789573669,1.1961462497711182
20,6937554,2FK3,MdrDBcore00281,D177N,0.476,1.7644972801208496,0.5698422789573669,1.1961462497711182
20,6937554,3UMI,MdrDBcore00282,E462K,0.496,-1.2330175638198853,0.5698422789573669,1.1961462497711182
20,6937554,1TKN,MdrDBcore00283,E556G,-4.106,1.0941262245178223,0.5698422789573669,1.1961462497711182
20,6937554,2FK3,MdrDBcore00284,F179S,-0.371,-0.4634888172149658,0.5698422789573669,1.1961462497711182
20,6937554,1TKN,MdrDBcore00285,K510N,0.496,0.5081092715263367,0.5698422789573669,1.1961462497711182
20,6937554,3UMI,MdrDBcore00286,M406V,0.496,0.9042012095451355,0.5698422789573669,1.1961462497711182
20,6937554,1TKN,MdrDBcore00287,N550K,0.496,0.4792814254760742,0.5698422789573669,1.1961462497711182
20,6937554,3MOQ,MdrDBcore00288,R100Q,-1.543,-0.916677713394165,0.5698422789573669,1.1961462497711182
20,6937554,3MOQ,MdrDBcore00289,R102P,0.496,0.9913662672042847,0.5698422789573669,1.1961462497711182
20,6937554,1TKN,MdrDBcore00290,R540H,0.496,1.1660552024841309,0.5698422789573669,1.1961462497711182
20,6937554,1TKN,MdrDBcore00291,Y538H,0.496,0.8657891154289246,0.5698422789573669,1.1961462497711182
20,6937554,6UAN,MdrDBcore00292,A728V,-2.513,-0.07172665745019913,0.5698422789573669,1.1961462497711182
20,6937554,6Q0T,MdrDBcore00293,A728V,-2.814,-0.37766310572624207,0.5698422789573669,1.1961462497711182
20,6937554,6NYB,MdrDBcore00294,E275K,0.0,0.26244908571243286,0.5698422789573669,1.1961462497711182
20,6937554,6NYB,MdrDBcore00295,E275K,-2.313,-0.206370010972023,0.5698422789573669,1.1961462497711182
20,6937554,3C4C,MdrDBcore00296,G464E,-2.837,-0.8396493792533875,0.5698422789573669,1.1961462497711182
20,6937554,3C4C,MdrDBcore00297,G466V,0.0,-0.16386263072490692,0.5698422789573669,1.1961462497711182
20,6937554,3C4C,MdrDBcore00298,G466V,-2.766,-1.3474715948104858,0.5698422789573669,1.1961462497711182
20,6937554,7M0X,MdrDBcore00299,K601N,-2.532,-1.0620006322860718,0.5698422789573669,1.1961462497711182
20,6937554,7M0X,MdrDBcore00300,K601N,-2.948,-0.4027096629142761,0.5698422789573669,1.1961462497711182
20,6937554,3C4C,MdrDBcore00301,L485W,0.0,-0.040849149227142334,0.5698422789573669,1.1961462497711182
20,6937554,3C4C,MdrDBcore00302,L485W,-2.901,0.006318807136267424,0.5698422789573669,1.1961462497711182
20,6937554,7M0X,MdrDBcore00303,L597R,0.0,-0.3908671438694,0.5698422789573669,1.1961462497711182
20,6937554,7M0X,MdrDBcore00304,L597R,0.154,-0.18155473470687866,0.5698422789573669,1.1961462497711182
20,6937554,7M0X,MdrDBcore00305,L597V,-1.652,-0.2504431903362274,0.5698422789573669,1.1961462497711182
20,6937554,7M0X,MdrDBcore00306,L597V,-1.444,0.0775425136089325,0.5698422789573669,1.1961462497711182
20,6937554,3C4C,MdrDBcore00307,M650I,0.0,-0.042224060744047165,0.5698422789573669,1.1961462497711182
20,6937554,3C4C,MdrDBcore00308,M650I,-0.593,-0.1656433492898941,0.5698422789573669,1.1961462497711182
20,6937554,5VR3,MdrDBcore00309,P74A,0.0,-0.8001131415367126,0.5698422789573669,1.1961462497711182
20,6937554,5VR3,MdrDBcore00310,P74A,-1.968,-1.9370582103729248,0.5698422789573669,1.1961462497711182
20,6937554,3C4C,MdrDBcore00311,R682Q,0.0,0.019806765019893646,0.5698422789573669,1.1961462497711182
20,6937554,3C4C,MdrDBcore00312,R682Q,0.132,0.171540766954422,0.5698422789573669,1.1961462497711182
20,6937554,6NYB,MdrDBcore00313,S273N,0.0,-0.14846257865428925,0.5698422789573669,1.1961462497711182
20,6937554,7MFD,MdrDBcore00314,S273N,1.715,-0.39371347427368164,0.5698422789573669,1.1961462497711182
20,6937554,3C4C,MdrDBcore00315,S683N,0.0,0.008569317869842052,0.5698422789573669,1.1961462497711182
20,6937554,3C4C,MdrDBcore00316,S683N,-0.956,0.2201249599456787,0.5698422789573669,1.1961462497711182
20,6937554,5J18,MdrDBcore00317,V226M,0.0,0.7064832448959351,0.5698422789573669,1.1961462497711182
20,6937554,3NY5,MdrDBcore00318,V226M,-2.284,-0.24431343376636505,0.5698422789573669,1.1961462497711182
20,6937554,7M0X,MdrDBcore00319,V600E,-2.583,-0.0033901375718414783,0.5698422789573669,1.1961462497711182
20,6937554,7M0X,MdrDBcore00320,V600E,-1.827,-0.4476017951965332,0.5698422789573669,1.1961462497711182
20,6937554,3T6P,MdrDBcore00321,T591A,0.0,-1.1727792024612427,0.5698422789573669,1.1961462497711182
20,6937554,2YT2,MdrDBcore00322,A96T,-1.211,-0.45013487339019775,0.5698422789573669,1.1961462497711182
20,6937554,7LRZ,MdrDBcore00323,C928Y,0.046,-0.10728428512811661,0.5698422789573669,1.1961462497711182
20,6937554,7LRZ,MdrDBcore00324,E949K,2.602,-0.16160331666469574,0.5698422789573669,1.1961462497711182
20,6937554,5IUG,MdrDBcore00325,F1174L,-1.911,-1.4792799949645996,0.5698422789573669,1.1961462497711182
20,6937554,2YT2,MdrDBcore00326,G103R,2.602,1.0248477458953857,0.5698422789573669,1.1961462497711182
20,6937554,2YT2,MdrDBcore00327,G129V,2.412,0.1414535492658615,0.5698422789573669,1.1961462497711182
20,6937554,7LRZ,MdrDBcore00328,G689R,0.792,0.7286792993545532,0.5698422789573669,1.1961462497711182
20,6937554,7LRZ,MdrDBcore00329,G882C,2.602,0.4020760953426361,0.5698422789573669,1.1961462497711182
20,6937554,7LRZ,MdrDBcore00330,G893R,-0.675,-0.2871377766132355,0.5698422789573669,1.1961462497711182
20,6937554,5IUG,MdrDBcore00331,N1353S,-1.515,0.08467962592840195,0.5698422789573669,1.1961462497711182
20,6937554,7LRZ,MdrDBcore00332,N941S,-1.034,-0.23816092312335968,0.5698422789573669,1.1961462497711182
20,6937554,2YT2,MdrDBcore00333,R48C,0.105,0.0002999411663040519,0.5698422789573669,1.1961462497711182
20,6937554,7LRZ,MdrDBcore00334,R753Q,2.602,-0.15907122194766998,0.5698422789573669,1.1961462497711182
20,6937554,7LRZ,MdrDBcore00335,R918I,2.602,-0.16319511830806732,0.5698422789573669,1.1961462497711182
20,6937554,7LRZ,MdrDBcore00336,S874F,0.005,-0.35495758056640625,0.5698422789573669,1.1961462497711182
20,6937554,5IUI,MdrDBcore00337,T1090I,2.602,0.8261449933052063,0.5698422789573669,1.1961462497711182
20,6937554,5IUG,MdrDBcore00338,T1312I,-2.067,0.18864960968494415,0.5698422789573669,1.1961462497711182
20,6937554,5IUG,MdrDBcore00339,V1185M,-1.679,-1.0870723724365234,0.5698422789573669,1.1961462497711182
20,6937554,2YT2,MdrDBcore00340,V132L,2.602,-0.9572625756263733,0.5698422789573669,1.1961462497711182
20,6937554,6TG1,MdrDBcore00341,E746_A750delELREA,-1.049,0.6542088985443115,0.5698422789573669,1.1961462497711182
20,6937554,6TG1,MdrDBcore00342,E746_A750delELREA,-0.592,-0.19993947446346283,0.5698422789573669,1.1961462497711182
20,6937554,6TG1,MdrDBcore00343,E746_A750delELREA,-0.568,0.2956002652645111,0.5698422789573669,1.1961462497711182
20,6937554,6TG1,MdrDBcore00344,E746_A750delELREA,-0.904,-2.1655194759368896,0.5698422789573669,1.1961462497711182
20,6937554,6TG1,MdrDBcore00345,E746_A750delELREA,-0.791,0.23425288498401642,0.5698422789573669,1.1961462497711182
20,6937554,4IBT,MdrDBcore00346,E286_E287delEE,-0.371,0.038564931601285934,0.5698422789573669,1.1961462497711182
20,6937554,4IBT,MdrDBcore00347,G108delG,-0.052,-0.15607884526252747,0.5698422789573669,1.1961462497711182
20,6937554,4IBT,MdrDBcore00348,G112_V122delGFLHSGTAKSV,-0.336,-0.29805898666381836,0.5698422789573669,1.1961462497711182
20,6937554,4IBT,MdrDBcore00349,H233delH,-0.768,-0.12756460905075073,0.5698422789573669,1.1961462497711182
20,6937554,4IBT,MdrDBcore00350,L188_P191delLAPP,-0.478,-0.25635695457458496,0.5698422789573669,1.1961462497711182
20,6937554,4IBT,MdrDBcore00351,P191delP,0.38,-0.18384899199008942,0.5698422789573669,1.1961462497711182
20,6937554,4IBT,MdrDBcore00352,Q192_H193delQH,0.184,0.2558239698410034,0.5698422789573669,1.1961462497711182
20,6937554,3D07,MdrDBcore00353,R283delR,-0.416,-0.1716044545173645,0.5698422789573669,1.1961462497711182
20,6937554,4IBT,MdrDBcore00354,S215delS,0.608,0.9635672569274902,0.5698422789573669,1.1961462497711182
20,6937554,4IBT,MdrDBcore00355,V218delV,-0.068,-0.07810600847005844,0.5698422789573669,1.1961462497711182
20,6937554,4IBT,MdrDBcore00356,Y103_R110delYQGSYGFR,-0.212,-0.5311317443847656,0.5698422789573669,1.1961462497711182
20,6937554,3C4C,MdrDBcore00357,N486_P490delNVTAP,-3.077,-2.311037302017212,0.5698422789573669,1.1961462497711182
20,6937554,3C4C,MdrDBcore00358,N486_P490delNVTAP,0.475,-0.3569815158843994,0.5698422789573669,1.1961462497711182
20,6937554,3C4C,MdrDBcore00359,N486_P490delNVTAP,0.109,0.31328320503234863,0.5698422789573669,1.1961462497711182
20,6937554,3C4C,MdrDBcore00360,N486_P490delNVTAP,-1.768,-0.36238643527030945,0.5698422789573669,1.1961462497711182
20,6937554,7SA7,MdrDBcore00361,N200delN,-0.459,-0.49975651502609253,0.5698422789573669,1.1961462497711182
20,6937554,7SA7,MdrDBcore00362,N200delN,-0.47,0.05370369926095009,0.5698422789573669,1.1961462497711182
20,6937554,7SA7,MdrDBcore00363,N200delN,-0.537,-0.16960598528385162,0.5698422789573669,1.1961462497711182
20,6937554,3EYL,MdrDBcore00364,E350delE,-0.165,0.33733847737312317,0.5698422789573669,1.1961462497711182
20,6937554,4KJU,MdrDBcore00365,R182_Y190delRELASAGLY,-0.044,-0.11656968295574188,0.5698422789573669,1.1961462497711182
20,6937554,5MYB,MdrDBcore00366,N618delN,1.251,0.38415369391441345,0.5698422789573669,1.1961462497711182
20,6937554,1F16,MdrDBcore00367,R37_G39delRMG,1.483,0.5412904620170593,0.5698422789573669,1.1961462497711182
20,6937554,6JN2,MdrDBcore00368,K521delK,-0.068,0.47398048639297485,0.5698422789573669,1.1961462497711182
20,6937554,6JN2,MdrDBcore00369,K521delK,-0.324,-0.20403937995433807,0.5698422789573669,1.1961462497711182
20,6937554,6JN2,MdrDBcore00370,K521delK,-0.046,0.31735169887542725,0.5698422789573669,1.1961462497711182
20,6937554,5HXB,MdrDBcore00371,W224delW,-0.247,-0.41954830288887024,0.5698422789573669,1.1961462497711182
20,6937554,3C4C,MdrDBcore00372,V487_P492delinsA,-0.253,-0.4286682605743408,0.5698422789573669,1.1961462497711182
20,6937554,7M0X,MdrDBcore00373,V487_P492delinsA,-0.914,-0.39180612564086914,0.5698422789573669,1.1961462497711182
20,6937554,3C4C,MdrDBcore00374,V487_P492delinsA,-0.501,0.3761596083641052,0.5698422789573669,1.1961462497711182
20,6937554,3C4C,MdrDBcore00375,V487_P492delinsA,0.421,0.14071966707706451,0.5698422789573669,1.1961462497711182
20,6937554,4IBT,MdrDBcore00376,N239_S240insN,-1.034,-1.5467830896377563,0.5698422789573669,1.1961462497711182
20,6937554,4IBT,MdrDBcore00377,Q165_S166insYKQ,0.559,0.08981815725564957,0.5698422789573669,1.1961462497711182
20,6937554,7M0X,MdrDBcore00378,T599_V600insT,-0.987,-0.8734681010246277,0.5698422789573669,1.1961462497711182
20,6937554,7M0X,MdrDBcore00379,T599_V600insT,-0.185,-0.46466779708862305,0.5698422789573669,1.1961462497711182
20,6937554,6Q0T,MdrDBcore00380,T599_V600insT,-0.167,-1.5070374011993408,0.5698422789573669,1.1961462497711182
20,6937554,7M0X,MdrDBcore00381,T599_V600insT,-0.306,-0.9157282114028931,0.5698422789573669,1.1961462497711182
20,6937554,7M0X,MdrDBcore00382,T599_V600insT,-0.163,-0.009448693133890629,0.5698422789573669,1.1961462497711182
20,6937554,6JQR,MdrDBcore00383,D600_L601insHVDFREYEYD,-5.319,-0.0721135213971138,0.5698422789573669,1.1961462497711182
20,6937554,6TG1,MdrDBcore00384,A750P+L747_E749delLRE,-2.298,0.38971829414367676,0.5698422789573669,1.1961462497711182
20,6937554,6TG1,MdrDBcore00385,A750P+L747_E749delLRE,-0.983,0.8192645311355591,0.5698422789573669,1.1961462497711182
20,6937554,6TG1,MdrDBcore00386,A750P+L747_E749delLRE,-2.239,-0.8797023892402649,0.5698422789573669,1.1961462497711182
20,6937554,6TG1,MdrDBcore00387,A750P+L747_E749delLRE,-2.526,-0.19805727899074554,0.5698422789573669,1.1961462497711182
20,6937554,6TG1,MdrDBcore00388,A750P+L747_E749delLRE,-2.377,-2.0733983516693115,0.5698422789573669,1.1961462497711182
20,6937554,6TG1,MdrDBcore00389,A750P+L747_E749delLRE,-2.291,-0.5235995054244995,0.5698422789573669,1.1961462497711182
20,6937554,4IBT,MdrDBcore00390,R267W+E171delE,0.39,-0.2323675900697708,0.5698422789573669,1.1961462497711182
20,6937554,3LCK,MdrDBcore00391,A353V+P447L+A500T+P232_W233insQKP,-1.484,-0.33337926864624023,0.5698422789573669,1.1961462497711182
20,6937554,1RJB,MdrDBcore00392,Y599F+E598_Y599insFDFREYE,-5.386,-0.7844595909118652,0.5698422789573669,1.1961462497711182
20,6937554,3EYL,MdrDBcore00393,E349D+E350delE,1.282,0.6165356040000916,0.5698422789573669,1.1961462497711182
20,6937554,5T8F,MdrDBcore00394,A215V+S764N,1.434,0.23050078749656677,0.5698422789573669,1.1961462497711182
20,6937554,5T8F,MdrDBcore00395,A215V+S764N,-0.853,-0.12275203317403793,0.5698422789573669,1.1961462497711182
20,6937554,6G6W,MdrDBcore00396,A215V+S764N,1.506,0.1392352133989334,0.5698422789573669,1.1961462497711182
20,6937554,6OCO,MdrDBcore00397,A215V+S764N,1.506,0.9964364767074585,0.5698422789573669,1.1961462497711182
20,6937554,6G6W,MdrDBcore00398,A388T+R460H+S738N,0.415,0.6044371128082275,0.5698422789573669,1.1961462497711182
20,6937554,6OCO,MdrDBcore00399,A388T+R460H+S738N,-0.528,-0.43841367959976196,0.5698422789573669,1.1961462497711182
20,6937554,6OCO,MdrDBcore00400,A388T+R460H+S738N,0.55,1.2297685146331787,0.5698422789573669,1.1961462497711182
20,6937554,6OCO,MdrDBcore00401,A388T+R460H+S738N,0.143,0.618938148021698,0.5698422789573669,1.1961462497711182
20,6937554,6OCO,MdrDBcore00402,L725I+E1021K,0.395,-0.03324775770306587,0.5698422789573669,1.1961462497711182
20,6937554,6G6W,MdrDBcore00403,L725I+E1021K,1.447,0.18581348657608032,0.5698422789573669,1.1961462497711182
20,6937554,6OCO,MdrDBcore00404,L725I+E1021K,1.636,0.5717681050300598,0.5698422789573669,1.1961462497711182
20,6937554,4ZYO,MdrDBcore00405,S198N+A267T,-1.229,0.1473463922739029,0.5698422789573669,1.1961462497711182
20,6937554,7BG9,MdrDBcore00406,A801T+R743W+Q506A,0.006,0.15600138902664185,0.5698422789573669,1.1961462497711182
20,6937554,7BG9,MdrDBcore00407,V746M+L520V,0.053,0.17066039144992828,0.5698422789573669,1.1961462497711182
20,6937554,4KIK,MdrDBcore00408,R526Q+M590I,-0.994,-1.4073588848114014,0.5698422789573669,1.1961462497711182
20,6937554,4E3C,MdrDBcore00409,R526Q+M590I,1.672,0.8525427579879761,0.5698422789573669,1.1961462497711182
20,6937554,4E3C,MdrDBcore00410,S239T+D242N+R526Q,-1.441,-0.8482954502105713,0.5698422789573669,1.1961462497711182
20,6937554,4E3C,MdrDBcore00411,S239T+D242N+R526Q,0.413,1.0205734968185425,0.5698422789573669,1.1961462497711182
20,6937554,4Z32,MdrDBcore00412,D194N+D319N,-0.501,-0.6894727349281311,0.5698422789573669,1.1961462497711182
20,6937554,6E2Q,MdrDBcore00413,D194N+D319N,0.217,0.40644627809524536,0.5698422789573669,1.1961462497711182
20,6937554,2J5E,MdrDBcore00414,E866D+H988P,0.327,0.10220380872488022,0.5698422789573669,1.1961462497711182
20,6937554,2J5E,MdrDBcore00415,E866D+H988P,0.441,0.41728928685188293,0.5698422789573669,1.1961462497711182
20,6937554,2J5E,MdrDBcore00416,E866D+H988P,0.185,0.5235663056373596,0.5698422789573669,1.1961462497711182
20,6937554,2J5E,MdrDBcore00417,E866D+H988P,-0.393,0.5728585720062256,0.5698422789573669,1.1961462497711182
20,6937554,2J5E,MdrDBcore00418,E866D+H988P,-0.316,0.3469475209712982,0.5698422789573669,1.1961462497711182
20,6937554,2J5E,MdrDBcore00419,T790M+L858R,0.397,0.29612332582473755,0.5698422789573669,1.1961462497711182
20,6937554,6D8E,MdrDBcore00420,T790M+L858R,-0.105,-0.420003205537796,0.5698422789573669,1.1961462497711182
20,6937554,6D8E,MdrDBcore00421,T790M+L858R,-0.07,-0.7371386289596558,0.5698422789573669,1.1961462497711182
20,6937554,6D8E,MdrDBcore00422,T790M+L858R,-2.794,-0.09134463220834732,0.5698422789573669,1.1961462497711182
20,6937554,1XKK,MdrDBcore00423,T790M+L858R,-2.597,-1.0888398885726929,0.5698422789573669,1.1961462497711182
20,6937554,5VQP,MdrDBcore00424,A221T+R218H,0.679,0.08075999468564987,0.5698422789573669,1.1961462497711182
20,6937554,6GFF,MdrDBcore00425,G307D+R296Q,0.447,-0.11542368680238724,0.5698422789573669,1.1961462497711182
20,6937554,6GFF,MdrDBcore00426,G307D+R296Q,-0.151,-0.049298424273729324,0.5698422789573669,1.1961462497711182
20,6937554,5VQP,MdrDBcore00427,R141Q+E119K,0.463,0.559033989906311,0.5698422789573669,1.1961462497711182
20,6937554,7MN8,MdrDBcore00428,S335I+T479M,-0.249,0.8668601512908936,0.5698422789573669,1.1961462497711182
20,6937554,7MN8,MdrDBcore00429,S413L+F425L+L436V,-3.293,-0.43692252039909363,0.5698422789573669,1.1961462497711182
20,6937554,3Q01,MdrDBcore00430,A347P+G245C,-0.228,0.23289059102535248,0.5698422789573669,1.1961462497711182
20,6937554,6XRE,MdrDBcore00431,C176F+Q16L,-0.362,0.02343245968222618,0.5698422789573669,1.1961462497711182
20,6937554,4IBT,MdrDBcore00432,E258A+Y126D,0.002,-0.16855882108211517,0.5698422789573669,1.1961462497711182
20,6937554,4IBT,MdrDBcore00433,E271A+R110L,0.318,-0.16830819845199585,0.5698422789573669,1.1961462497711182
20,6937554,4IBT,MdrDBcore00434,E285K+G245V,0.363,-0.1898788958787918,0.5698422789573669,1.1961462497711182
20,6937554,3Q01,MdrDBcore00435,E336A+I162N,0.081,-0.07976938784122467,0.5698422789573669,1.1961462497711182
20,6937554,3Q01,MdrDBcore00436,E339A+H179R,0.19,0.030119579285383224,0.5698422789573669,1.1961462497711182
20,6937554,4IBT,MdrDBcore00437,G154V+S106R,0.171,-0.14986573159694672,0.5698422789573669,1.1961462497711182
20,6937554,4IBT,MdrDBcore00438,G245S+M237K,0.035,-0.4413459002971649,0.5698422789573669,1.1961462497711182
20,6937554,4IBT,MdrDBcore00439,H214R+E258A,-0.249,-0.02391096018254757,0.5698422789573669,1.1961462497711182
20,6937554,4IBT,MdrDBcore00440,H214R+V147D,-0.345,0.026357393711805344,0.5698422789573669,1.1961462497711182
20,6937554,4IBT,MdrDBcore00441,I232N+P152L,-2.145,-0.1130995973944664,0.5698422789573669,1.1961462497711182
20,6937554,6XRE,MdrDBcore00442,K320N+E271K,0.84,0.030297940596938133,0.5698422789573669,1.1961462497711182
20,6937554,4IBT,MdrDBcore00443,N239D+R158H,-1.324,-0.4282386302947998,0.5698422789573669,1.1961462497711182
20,6937554,6XRE,MdrDBcore00444,P177L+C176F+Q38A,0.563,0.6178088784217834,0.5698422789573669,1.1961462497711182
20,6937554,4IBT,MdrDBcore00445,P278L+G262S,-0.029,-0.22670231759548187,0.5698422789573669,1.1961462497711182
20,6937554,6XRE,MdrDBcore00446,P309S+R273H,1.378,0.2721462547779083,0.5698422789573669,1.1961462497711182
20,6937554,6XRE,MdrDBcore00447,Q317A+E258K,0.306,-0.22053943574428558,0.5698422789573669,1.1961462497711182
20,6937554,6XRE,MdrDBcore00448,Q317A+R248W,0.251,0.4694005846977234,0.5698422789573669,1.1961462497711182
20,6937554,6XRE,MdrDBcore00449,Q331R+P60S,0.386,0.319691926240921,0.5698422789573669,1.1961462497711182
20,6937554,4AGO,MdrDBcore00450,R175L+S94A,0.016,0.5224438905715942,0.5698422789573669,1.1961462497711182
20,6937554,3D07,MdrDBcore00451,R181C+R290C,-1.91,-0.21595007181167603,0.5698422789573669,1.1961462497711182
20,6937554,3D07,MdrDBcore00452,R209A+R273H,1.189,0.16556435823440552,0.5698422789573669,1.1961462497711182
20,6937554,4IBT,MdrDBcore00453,R248Q+G245S,0.712,-0.22915023565292358,0.5698422789573669,1.1961462497711182
20,6937554,4IBT,MdrDBcore00454,R248W+N247K,0.011,-0.35271695256233215,0.5698422789573669,1.1961462497711182
20,6937554,4IBT,MdrDBcore00455,R248W+V218L,0.326,-0.16398674249649048,0.5698422789573669,1.1961462497711182
20,6937554,4IBT,MdrDBcore00456,R249G+Y234N,-1.019,-0.37808793783187866,0.5698422789573669,1.1961462497711182
20,6937554,3D07,MdrDBcore00457,R273C+R175H+T125M,-0.6,-0.01514511276036501,0.5698422789573669,1.1961462497711182
20,6937554,2J1W,MdrDBcore00458,R273C+R248Q+S183A,-0.137,0.6146218180656433,0.5698422789573669,1.1961462497711182
20,6937554,2J1W,MdrDBcore00459,R273H+R248Q,-2.215,-0.7755646705627441,0.5698422789573669,1.1961462497711182
20,6937554,4AGO,MdrDBcore00460,R273H+R267L+R248Q,-1.225,0.48503920435905457,0.5698422789573669,1.1961462497711182
20,6937554,3D07,MdrDBcore00461,R273H+V173L+K132N,0.142,-0.03875488415360451,0.5698422789573669,1.1961462497711182
20,6937554,6SL6,MdrDBcore00462,R273H+W91A,-0.798,0.9983623027801514,0.5698422789573669,1.1961462497711182
20,6937554,3D07,MdrDBcore00463,R273L+Y234C,-0.024,-0.017084939405322075,0.5698422789573669,1.1961462497711182
20,6937554,3D07,MdrDBcore00464,R280S+R273C+Y205C,-0.21,-0.10975270718336105,0.5698422789573669,1.1961462497711182
20,6937554,4IBT,MdrDBcore00465,R283H+G245S,-0.096,-0.3011022210121155,0.5698422789573669,1.1961462497711182
20,6937554,6XRE,MdrDBcore00466,R306A+Y220C,0.445,0.041367534548044205,0.5698422789573669,1.1961462497711182
20,6937554,4IBT,MdrDBcore00467,S215I+R158L,0.501,-0.031408119946718216,0.5698422789573669,1.1961462497711182
20,6937554,4IBT,MdrDBcore00468,S241C+E224A,-0.105,-0.3479801416397095,0.5698422789573669,1.1961462497711182
20,6937554,4IBT,MdrDBcore00469,V274F+P223L,0.287,-0.05935770645737648,0.5698422789573669,1.1961462497711182
20,6937554,6XRE,MdrDBcore00470,Y163C+P47S,-1.012,-0.6939272880554199,0.5698422789573669,1.1961462497711182
20,6937554,4IBT,MdrDBcore00471,Y234H+R213Q,-0.845,-0.49682533740997314,0.5698422789573669,1.1961462497711182
20,6937554,4IBT,MdrDBcore00472,Y236C+R196A,-0.604,-0.1547279804944992,0.5698422789573669,1.1961462497711182
20,6937554,1QPC,MdrDBcore00473,A289D+A396V,0.364,-0.5924354791641235,0.5698422789573669,1.1961462497711182
20,6937554,1QPJ,MdrDBcore00474,N339S+R458H,2.761,0.07742967456579208,0.5698422789573669,1.1961462497711182
20,6937554,4LIQ,MdrDBcore00475,V315L+R106L,-0.31,-0.11970558762550354,0.5698422789573669,1.1961462497711182
20,6937554,6JK8,MdrDBcore00476,L133P+I298V+K630R,0.373,0.6420612931251526,0.5698422789573669,1.1961462497711182
20,6937554,6JK8,MdrDBcore00477,L133P+I298V+K630R,1.102,0.20982429385185242,0.5698422789573669,1.1961462497711182
20,6937554,6JK8,MdrDBcore00478,Y201H+D435G,-0.178,0.19617940485477448,0.5698422789573669,1.1961462497711182
20,6937554,7MO7,MdrDBcore00479,A320V+R591W,0.438,-0.03385614976286888,0.5698422789573669,1.1961462497711182
20,6937554,6GCU,MdrDBcore00480,A320V+R591W,0.581,-0.6090291738510132,0.5698422789573669,1.1961462497711182
20,6937554,6GCU,MdrDBcore00481,A320V+R591W,1.143,0.6664254665374756,0.5698422789573669,1.1961462497711182
20,6937554,6GCU,MdrDBcore00482,A320V+R591W,1.189,0.044104259461164474,0.5698422789573669,1.1961462497711182
20,6937554,4K3J,MdrDBcore00483,A48T+E157G,-0.136,0.6046273112297058,0.5698422789573669,1.1961462497711182
20,6937554,6GCU,MdrDBcore00484,A48T+E157G,-1.317,-0.81559818983078,0.5698422789573669,1.1961462497711182
20,6937554,6GCU,MdrDBcore00485,A48T+E157G,-0.039,-0.10870344191789627,0.5698422789573669,1.1961462497711182
20,6937554,4K3J,MdrDBcore00486,A48T+E157G,-1.11,-0.05657410994172096,0.5698422789573669,1.1961462497711182
20,6937554,6GCU,MdrDBcore00487,A48T+E157G,-0.984,-0.7001389265060425,0.5698422789573669,1.1961462497711182
20,6937554,6GCU,MdrDBcore00488,A48T+E157G,-0.571,-0.4746472239494324,0.5698422789573669,1.1961462497711182
20,6937554,7MO8,MdrDBcore00489,K303T+N375S,-0.168,-0.16494028270244598,0.5698422789573669,1.1961462497711182
20,6937554,4K3J,MdrDBcore00490,V122D+N375S,0.277,-0.7928553819656372,0.5698422789573669,1.1961462497711182
20,6937554,2O21,MdrDBcore00491,A42V+V35M+G200S+E13D,-4.271,-0.6052480936050415,0.5698422789573669,1.1961462497711182
20,6937554,2W3L,MdrDBcore00492,A60V+D31H,-2.653,-0.37241291999816895,0.5698422789573669,1.1961462497711182
20,6937554,4IEH,MdrDBcore00493,E13D+P59A+N11H,-1.208,0.3431631326675415,0.5698422789573669,1.1961462497711182
20,6937554,1GJH,MdrDBcore00494,R129C+T7R+I48F,-3.455,-0.15282750129699707,0.5698422789573669,1.1961462497711182
20,6937554,4IEH,MdrDBcore00495,R98H+A82T,-1.385,-0.2945554256439209,0.5698422789573669,1.1961462497711182
20,6937554,4IEH,MdrDBcore00496,S117R+P59T,-2.828,0.4315263032913208,0.5698422789573669,1.1961462497711182
20,6937554,2E9W,MdrDBcore00497,A168V+E306K,-0.934,0.6922306418418884,0.5698422789573669,1.1961462497711182
20,6937554,2E9W,MdrDBcore00498,A168V+E306K,-1.457,-0.2858237624168396,0.5698422789573669,1.1961462497711182
20,6937554,6GQK,MdrDBcore00499,K581N+I920S,0.231,0.07542470842599869,0.5698422789573669,1.1961462497711182
20,6937554,6GQK,MdrDBcore00500,K581N+I920S,0.847,-0.01744500920176506,0.5698422789573669,1.1961462497711182
20,6937554,2E9W,MdrDBcore00501,Y125H+T488M,-0.533,-0.2011815756559372,0.5698422789573669,1.1961462497711182
20,6937554,1A31,MdrDBcore00502,E610K+A622T,-3.164,-0.5859853029251099,0.5698422789573669,1.1961462497711182
20,6937554,1R49,MdrDBcore00503,M675I+D760G,-0.862,0.23076939582824707,0.5698422789573669,1.1961462497711182
20,6937554,1SEU,MdrDBcore00504,R405W+Y426C+R434Q+E517K,1.787,-0.286312997341156,0.5698422789573669,1.1961462497711182
20,6937554,1SEU,MdrDBcore00505,R405W+Y426C+R434Q+E517K,1.482,-0.42545151710510254,0.5698422789573669,1.1961462497711182
20,6937554,1A31,MdrDBcore00506,R405W+Y426C+R434Q+E517K,1.622,0.3025706708431244,0.5698422789573669,1.1961462497711182
20,6937554,6ZY8,MdrDBcore00507,I872V+P385A+E203D,-0.765,-0.04614102467894554,0.5698422789573669,1.1961462497711182
20,6937554,5GWK,MdrDBcore00508,R635H+T530A,0.437,-0.08069103211164474,0.5698422789573669,1.1961462497711182
20,6937554,6NYB,MdrDBcore00509,R506G+S273N,0.6,0.08016855269670486,0.5698422789573669,1.1961462497711182
20,6937554,6NYB,MdrDBcore00510,R506G+S273N,0.305,-0.551555335521698,0.5698422789573669,1.1961462497711182
20,6937554,6NYB,MdrDBcore00511,R506G+S273N,0.291,-0.020562510937452316,0.5698422789573669,1.1961462497711182
20,6937554,6NYB,MdrDBcore00512,R506G+S273N,-0.891,0.7313573360443115,0.5698422789573669,1.1961462497711182
20,6937554,AlphaFold2,MdrDBcore00513,I86T+K237I,1.203,0.9115200042724609,0.5698422789573669,1.1961462497711182
20,6937554,3QS9,MdrDBcore00514,F406C+V220G,0.269,0.5411943197250366,0.5698422789573669,1.1961462497711182
20,6937554,3QS9,MdrDBcore00515,I417L+R243K,0.034,0.3246864080429077,0.5698422789573669,1.1961462497711182
20,6937554,6B8Y,MdrDBcore00516,A206V+A403T+R491Q,1.132,0.5681259632110596,0.5698422789573669,1.1961462497711182
20,6937554,AlphaFold2,MdrDBcore00517,G666D+P384Q,-0.3,0.17567028105258942,0.5698422789573669,1.1961462497711182
20,6937554,AlphaFold2,MdrDBcore00518,G666D+P384Q,0.277,-0.5567274689674377,0.5698422789573669,1.1961462497711182
20,6937554,AlphaFold2,MdrDBcore00519,I1021M+K720N+R306Q,-1.153,-0.38113856315612793,0.5698422789573669,1.1961462497711182
20,6937554,AlphaFold2,MdrDBcore00520,R562Q+R149Q,0.615,-0.06524385511875153,0.5698422789573669,1.1961462497711182
20,6937554,AlphaFold2,MdrDBcore00521,R628Q+C286Y,0.326,-0.6169436573982239,0.5698422789573669,1.1961462497711182
20,6937554,6SB0,MdrDBcore00522,A1728S+A41P,-1.799,0.3647928237915039,0.5698422789573669,1.1961462497711182
20,6937554,5H64,MdrDBcore00523,G1491S+A329T,1.792,0.7841673493385315,0.5698422789573669,1.1961462497711182
20,6937554,6SB0,MdrDBcore00524,G2238D+P1408S+M488I,-1.999,-0.935225248336792,0.5698422789573669,1.1961462497711182
20,6937554,6SB0,MdrDBcore00525,G2238D+P1408S+M488I,0.195,-0.05208725854754448,0.5698422789573669,1.1961462497711182
20,6937554,6SB0,MdrDBcore00526,G2238D+P1408S+M488I,0.14,-0.40672969818115234,0.5698422789573669,1.1961462497711182
20,6937554,6SB0,MdrDBcore00527,H262R+I261V,-2.88,-1.8737049102783203,0.5698422789573669,1.1961462497711182
20,6937554,6SB0,MdrDBcore00528,L1037V+R260Q,-1.424,-0.7246450781822205,0.5698422789573669,1.1961462497711182
20,6937554,4JSN,MdrDBcore00529,M2345V+F1545L,1.432,0.5894635915756226,0.5698422789573669,1.1961462497711182
20,6937554,6SB0,MdrDBcore00530,M2345V+F1545L,-2.215,-1.4259886741638184,0.5698422789573669,1.1961462497711182
20,6937554,5H64,MdrDBcore00531,Q2072R+H642R,-2.415,-1.459437608718872,0.5698422789573669,1.1961462497711182
20,6937554,6SB0,MdrDBcore00532,R1208C+T1143M+S1087N,-1.059,-1.7483519315719604,0.5698422789573669,1.1961462497711182
20,6937554,5H64,MdrDBcore00533,V1885I+S383G,1.935,-1.429193377494812,0.5698422789573669,1.1961462497711182
20,6937554,5H64,MdrDBcore00534,V1885I+S383G,-3.128,-2.05942440032959,0.5698422789573669,1.1961462497711182
20,6937554,6SB0,MdrDBcore00535,V420I+R1749Q,-2.829,-1.9189934730529785,0.5698422789573669,1.1961462497711182
20,6937554,3L08,MdrDBcore00536,A1064V+R184H+S515P,0.038,-0.01952054724097252,0.5698422789573669,1.1961462497711182
20,6937554,3L08,MdrDBcore00537,A1064V+R184H+S515P,1.301,1.0922502279281616,0.5698422789573669,1.1961462497711182
20,6937554,3L08,MdrDBcore00538,A1064V+R184H+S515P,-0.31,0.14627784490585327,0.5698422789573669,1.1961462497711182
20,6937554,7MEZ,MdrDBcore00539,A243T+P324S+E347K+F698L,0.362,0.12799467146396637,0.5698422789573669,1.1961462497711182
20,6937554,7MEZ,MdrDBcore00540,A243T+P324S+E347K+F698L,1.838,1.807120680809021,0.5698422789573669,1.1961462497711182
20,6937554,4GB9,MdrDBcore00541,A885T+E781K,0.246,0.11343379318714142,0.5698422789573669,1.1961462497711182
20,6937554,3L08,MdrDBcore00542,G426E+E511K,-0.467,-0.035534247756004333,0.5698422789573669,1.1961462497711182
20,6937554,3L08,MdrDBcore00543,G426E+E511K,0.28,-0.05597679316997528,0.5698422789573669,1.1961462497711182
20,6937554,7MEZ,MdrDBcore00544,G65D+T955I,0.329,0.3100854456424713,0.5698422789573669,1.1961462497711182
20,6937554,7MEZ,MdrDBcore00545,G65D+T955I,1.058,-0.28637298941612244,0.5698422789573669,1.1961462497711182
20,6937554,7MEZ,MdrDBcore00546,G65D+T955I,-0.193,0.14259155094623566,0.5698422789573669,1.1961462497711182
20,6937554,3L08,MdrDBcore00547,R178L+T1056I,0.051,-0.08183761686086655,0.5698422789573669,1.1961462497711182
20,6937554,3L08,MdrDBcore00548,R178L+T1056I,-0.977,0.004628566559404135,0.5698422789573669,1.1961462497711182
20,6937554,3L08,MdrDBcore00549,R273H+L466M,0.765,-0.009454724378883839,0.5698422789573669,1.1961462497711182
20,6937554,3L08,MdrDBcore00550,R273H+L466M,1.406,0.8968134522438049,0.5698422789573669,1.1961462497711182
20,6937554,4GB9,MdrDBcore00551,R273H+L466M,0.566,0.4433324337005615,0.5698422789573669,1.1961462497711182
20,6937554,7MEZ,MdrDBcore00552,T309M+R542W,-0.175,-0.7883928418159485,0.5698422789573669,1.1961462497711182
20,6937554,7MEZ,MdrDBcore00553,T309M+R542W,-0.228,-0.44742900133132935,0.5698422789573669,1.1961462497711182
20,6937554,1JCQ,MdrDBcore00554,S235C+S245F,-0.091,-0.7033588290214539,0.5698422789573669,1.1961462497711182
20,6937554,1LD8,MdrDBcore00555,S235C+S245F,-1.641,-0.7629677057266235,0.5698422789573669,1.1961462497711182
20,6937554,3T1I,MdrDBcore00556,G182A+L181F,1.019,1.3959202766418457,0.5698422789573669,1.1961462497711182
20,6937554,7A12,MdrDBcore00557,C121R+N434T+E470D+D476G,-0.275,-0.8644119501113892,0.5698422789573669,1.1961462497711182
20,6937554,7A12,MdrDBcore00558,E164D+N407S,-0.399,0.21632325649261475,0.5698422789573669,1.1961462497711182
20,6937554,3LQ5,MdrDBcore00559,D14N+D285N,2.774,0.26648959517478943,0.5698422789573669,1.1961462497711182
20,6937554,3LQ5,MdrDBcore00560,D14N+D285N,1.045,0.1893894225358963,0.5698422789573669,1.1961462497711182
20,6937554,3LQ5,MdrDBcore00561,D14N+D285N,-0.27,0.054610904306173325,0.5698422789573669,1.1961462497711182
20,6937554,3MI9,MdrDBcore00562,D323N+F336L,5.721,0.10550078749656677,0.5698422789573669,1.1961462497711182
20,6937554,3MI9,MdrDBcore00563,D323N+F336L,0.93,0.2697995901107788,0.5698422789573669,1.1961462497711182
20,6937554,3MI9,MdrDBcore00564,D323N+F336L,-0.141,0.06751447170972824,0.5698422789573669,1.1961462497711182
20,6937554,2BBA,MdrDBcore00565,R105C+R102W,0.918,0.40364038944244385,0.5698422789573669,1.1961462497711182
20,6937554,4K0V,MdrDBcore00566,I148T+V462A,0.975,0.2548461854457855,0.5698422789573669,1.1961462497711182
20,6937554,5UTK,MdrDBcore00567,T503A+D711E,-0.044,0.011882658116519451,0.5698422789573669,1.1961462497711182
20,6937554,6UDT,MdrDBcore00568,D256N+D236Y,-2.609,0.09768112003803253,0.5698422789573669,1.1961462497711182
20,6937554,6UDT,MdrDBcore00569,D256N+D236Y,-1.144,-0.13848894834518433,0.5698422789573669,1.1961462497711182
20,6937554,6UDT,MdrDBcore00570,D256N+D236Y,-0.682,0.02452099695801735,0.5698422789573669,1.1961462497711182
20,6937554,6B16,MdrDBcore00571,V445F+I312S,-0.991,1.0353010892868042,0.5698422789573669,1.1961462497711182
20,6937554,5NP0,MdrDBcore00572,A502G+Q1128R,1.019,1.174263834953308,0.5698422789573669,1.1961462497711182
20,6937554,5NP0,MdrDBcore00573,A502G+Q1128R,0.027,0.029157649725675583,0.5698422789573669,1.1961462497711182
20,6937554,7NI6,MdrDBcore00574,D2721N+V2906A,-0.289,0.3237135410308838,0.5698422789573669,1.1961462497711182
20,6937554,6K9K,MdrDBcore00575,D2721N+V2906A,-0.61,0.7950547933578491,0.5698422789573669,1.1961462497711182
20,6937554,7NI6,MdrDBcore00576,D2721N+V2906A,-0.274,-0.0346035398542881,0.5698422789573669,1.1961462497711182
20,6937554,7NI6,MdrDBcore00577,E3015D+R2849A,-0.003,0.5479943752288818,0.5698422789573669,1.1961462497711182
20,6937554,7NI6,MdrDBcore00578,E3015D+R2849A,-0.307,-0.14277470111846924,0.5698422789573669,1.1961462497711182
20,6937554,7NI6,MdrDBcore00579,E3015D+R2849A,0.036,-0.07108122855424881,0.5698422789573669,1.1961462497711182
20,6937554,5NP1,MdrDBcore00580,E848Q+L2965F,-0.366,0.5468564629554749,0.5698422789573669,1.1961462497711182
20,6937554,5NP0,MdrDBcore00581,E848Q+L2965F,0.629,1.1606589555740356,0.5698422789573669,1.1961462497711182
20,6937554,6K9L,MdrDBcore00582,E848Q+L2965F,0.278,0.5664397478103638,0.5698422789573669,1.1961462497711182
20,6937554,7NI6,MdrDBcore00583,F1896L+C2464R,-0.709,-0.3281422555446625,0.5698422789573669,1.1961462497711182
20,6937554,7NI6,MdrDBcore00584,F1896L+C2464R,-0.654,0.05019563063979149,0.5698422789573669,1.1961462497711182
20,6937554,7NI6,MdrDBcore00585,F1896L+C2464R,-0.561,-0.6575748920440674,0.5698422789573669,1.1961462497711182
20,6937554,7NI5,MdrDBcore00586,F582L+R1086H,0.341,0.28385475277900696,0.5698422789573669,1.1961462497711182
20,6937554,5NP0,MdrDBcore00587,F582L+R1086H,-0.527,1.2649555206298828,0.5698422789573669,1.1961462497711182
20,6937554,7NI5,MdrDBcore00588,F582L+R1086H,-0.299,0.022600701078772545,0.5698422789573669,1.1961462497711182
20,6937554,5NP0,MdrDBcore00589,G514D+H1380Y,0.621,1.3876630067825317,0.5698422789573669,1.1961462497711182
20,6937554,6K9K,MdrDBcore00590,G514D+H1380Y+P2518S,1.084,1.214142918586731,0.5698422789573669,1.1961462497711182
20,6937554,5NP1,MdrDBcore00591,G514D+H1380Y+Q1919P,0.899,1.5430750846862793,0.5698422789573669,1.1961462497711182
20,6937554,6K9L,MdrDBcore00592,H1380Y+R1618Q,1.508,0.4590914249420166,0.5698422789573669,1.1961462497711182
20,6937554,5NP0,MdrDBcore00593,I159V+I2998T,1.059,0.7935484051704407,0.5698422789573669,1.1961462497711182
20,6937554,6K9K,MdrDBcore00594,I159V+I2998T,-0.187,0.5798397660255432,0.5698422789573669,1.1961462497711182
20,6937554,5NP0,MdrDBcore00595,I159V+I2998T,-0.283,0.8861956596374512,0.5698422789573669,1.1961462497711182
20,6937554,7NI5,MdrDBcore00596,L1419I+L1794M,-0.587,-0.5819066762924194,0.5698422789573669,1.1961462497711182
20,6937554,7NI5,MdrDBcore00597,L1419I+L1794M,-0.401,0.07117214053869247,0.5698422789573669,1.1961462497711182
20,6937554,7NI5,MdrDBcore00598,L1419I+L1794M,-0.247,-0.04025005176663399,0.5698422789573669,1.1961462497711182
20,6937554,6K9L,MdrDBcore00599,L581V+I2606V,0.629,0.9716315865516663,0.5698422789573669,1.1961462497711182
20,6937554,6K9K,MdrDBcore00600,L581V+I2606V,-0.044,0.38804471492767334,0.5698422789573669,1.1961462497711182
20,6937554,5NP0,MdrDBcore00601,L581V+I2606V,-0.152,0.8885500431060791,0.5698422789573669,1.1961462497711182
20,6937554,7NI5,MdrDBcore00602,L787F+L1809P+N1784S,-1.561,-0.5744079947471619,0.5698422789573669,1.1961462497711182
20,6937554,7NI5,MdrDBcore00603,L787F+L1809P+N1784S,-1.203,0.07827330380678177,0.5698422789573669,1.1961462497711182
20,6937554,7NI5,MdrDBcore00604,L787F+L1809P+N1784S,-0.706,0.09767048060894012,0.5698422789573669,1.1961462497711182
20,6937554,6K9K,MdrDBcore00605,M1040V+C1482R,-0.584,-0.08728659898042679,0.5698422789573669,1.1961462497711182
20,6937554,6K9K,MdrDBcore00606,M1040V+C1482R,0.302,0.9572715163230896,0.5698422789573669,1.1961462497711182
20,6937554,7NI5,MdrDBcore00607,M1040V+C1482R,0.812,-0.04525694623589516,0.5698422789573669,1.1961462497711182
20,6937554,6K9K,MdrDBcore00608,M1040V+L1824F,-0.595,-0.047506172209978104,0.5698422789573669,1.1961462497711182
20,6937554,6K9K,MdrDBcore00609,M1040V+L1824F,0.187,0.1907382607460022,0.5698422789573669,1.1961462497711182
20,6937554,5NP0,MdrDBcore00610,M1040V+L1824F,-0.023,0.6342480182647705,0.5698422789573669,1.1961462497711182
20,6937554,6K9K,MdrDBcore00611,M1040V+L2332P,0.487,0.6425287127494812,0.5698422789573669,1.1961462497711182
20,6937554,6K9K,MdrDBcore00612,M1040V+L2332P,-0.257,0.18912078440189362,0.5698422789573669,1.1961462497711182
20,6937554,5NP0,MdrDBcore00613,M1040V+L2332P,0.811,1.1687538623809814,0.5698422789573669,1.1961462497711182
20,6937554,7NI6,MdrDBcore00614,M1644T+I2223M,0.359,0.10162907093763351,0.5698422789573669,1.1961462497711182
20,6937554,5NP0,MdrDBcore00615,M1644T+I2223M,0.414,0.5319684147834778,0.5698422789573669,1.1961462497711182
20,6937554,7NI6,MdrDBcore00616,M1644T+I2223M,0.425,0.01610489934682846,0.5698422789573669,1.1961462497711182
20,6937554,6K9K,MdrDBcore00617,N1005S+L2307F,-1.343,-0.6557731628417969,0.5698422789573669,1.1961462497711182
20,6937554,6K9K,MdrDBcore00618,N1005S+L2307F,-0.94,0.97100830078125,0.5698422789573669,1.1961462497711182
20,6937554,6K9L,MdrDBcore00619,N1005S+L2307F,-0.51,-0.192887544631958,0.5698422789573669,1.1961462497711182
20,6937554,6K9K,MdrDBcore00620,P604S+F1463C,-0.905,-0.36387795209884644,0.5698422789573669,1.1961462497711182
20,6937554,5NP0,MdrDBcore00621,P604S+F1463C,1.076,1.4193869829177856,0.5698422789573669,1.1961462497711182
20,6937554,5NP0,MdrDBcore00622,P604S+F1463C,0.984,0.4040384292602539,0.5698422789573669,1.1961462497711182
20,6937554,5NP0,MdrDBcore00623,P604S+R832C,-0.37,0.15183942019939423,0.5698422789573669,1.1961462497711182
20,6937554,6K9K,MdrDBcore00624,Q1128R+L2332P,-0.273,0.46437960863113403,0.5698422789573669,1.1961462497711182
20,6937554,6K9K,MdrDBcore00625,Q1128R+L2332P,-0.043,1.2038079500198364,0.5698422789573669,1.1961462497711182
20,6937554,7NI5,MdrDBcore00626,Q1128R+L2332P,-0.457,-0.08441073447465897,0.5698422789573669,1.1961462497711182
20,6937554,6K9K,MdrDBcore00627,R1304G+K2318Q,-1.226,0.15735723078250885,0.5698422789573669,1.1961462497711182
20,6937554,5NP0,MdrDBcore00628,R1304G+K2318Q,-0.545,1.3623255491256714,0.5698422789573669,1.1961462497711182
20,6937554,7NI5,MdrDBcore00629,R1304G+K2318Q,-0.85,0.13403141498565674,0.5698422789573669,1.1961462497711182
20,6937554,7NI5,MdrDBcore00630,R23A+T935R+T1350M,0.463,0.08151378482580185,0.5698422789573669,1.1961462497711182
20,6937554,7NI5,MdrDBcore00631,R23A+T935R+T1350M,-0.338,0.07771420478820801,0.5698422789573669,1.1961462497711182
20,6937554,7NI5,MdrDBcore00632,R23A+T935R+T1350M,0.214,-0.08960821479558945,0.5698422789573669,1.1961462497711182
20,6937554,6K9L,MdrDBcore00633,R2461C+T2921M,0.361,-0.15701477229595184,0.5698422789573669,1.1961462497711182
20,6937554,5NP0,MdrDBcore00634,R2461C+T2921M,-0.786,1.415564775466919,0.5698422789573669,1.1961462497711182
20,6937554,7NI6,MdrDBcore00635,R2461C+T2921M,-0.861,-0.22179974615573883,0.5698422789573669,1.1961462497711182
20,6937554,7NI5,MdrDBcore00636,R250A+E277A+R337C+E1133K+L1439I,0.112,-0.06518322974443436,0.5698422789573669,1.1961462497711182
20,6937554,6K9K,MdrDBcore00637,R250A+E277A+R337C+E1133K+L1439I,1.142,0.4243147373199463,0.5698422789573669,1.1961462497711182
20,6937554,7NI5,MdrDBcore00638,R250A+E277A+R337C+E1133K+L1439I,0.443,0.1906467229127884,0.5698422789573669,1.1961462497711182
20,6937554,6K9L,MdrDBcore00639,R2849A+E3015D,0.449,0.8258354067802429,0.5698422789573669,1.1961462497711182
20,6937554,6K9L,MdrDBcore00640,R32C+S2165F,-0.95,-0.017222095280885696,0.5698422789573669,1.1961462497711182
20,6937554,6K9K,MdrDBcore00641,R32C+S2165F,-0.643,-0.6694238185882568,0.5698422789573669,1.1961462497711182
20,6937554,7NI5,MdrDBcore00642,R32C+S2165F,-0.345,0.38880351185798645,0.5698422789573669,1.1961462497711182
20,6937554,6K9K,MdrDBcore00643,R924W+D2661N,0.391,0.555346667766571,0.5698422789573669,1.1961462497711182
20,6937554,6K9K,MdrDBcore00644,R924W+D2661N,0.295,0.2714311480522156,0.5698422789573669,1.1961462497711182
20,6937554,7NI5,MdrDBcore00645,R924W+D2661N,-0.842,0.14451873302459717,0.5698422789573669,1.1961462497711182
20,6937554,7NI5,MdrDBcore00646,S333F+H1876Q,-0.357,0.06489810347557068,0.5698422789573669,1.1961462497711182
20,6937554,7NI5,MdrDBcore00647,S333F+H1876Q,-0.431,0.049899522215127945,0.5698422789573669,1.1961462497711182
20,6937554,7NI5,MdrDBcore00648,S333F+H1876Q,-0.655,-0.04232337325811386,0.5698422789573669,1.1961462497711182
20,6937554,7NI5,MdrDBcore00649,S974F+F1236Y,0.578,-0.06263080984354019,0.5698422789573669,1.1961462497711182
20,6937554,5NP0,MdrDBcore00650,S974F+F1236Y,1.353,1.263904333114624,0.5698422789573669,1.1961462497711182
20,6937554,7NI5,MdrDBcore00651,S974F+F1236Y,0.39,-0.034603845328092575,0.5698422789573669,1.1961462497711182
20,6937554,7NI6,MdrDBcore00652,V1521L+G1998E,-0.655,0.1933704912662506,0.5698422789573669,1.1961462497711182
20,6937554,5NP0,MdrDBcore00653,V1521L+G1998E,0.658,1.2539986371994019,0.5698422789573669,1.1961462497711182
20,6937554,7NI6,MdrDBcore00654,V1521L+G1998E,-0.077,-0.2869175374507904,0.5698422789573669,1.1961462497711182
20,6937554,5NP0,MdrDBcore00655,V2079I+S2146T,1.789,1.386490821838379,0.5698422789573669,1.1961462497711182
20,6937554,7NI5,MdrDBcore00656,V410A+H1083Y,-0.662,0.23361381888389587,0.5698422789573669,1.1961462497711182
20,6937554,5YZ0,MdrDBcore00657,D1586Y+A1550V,0.659,-0.57874596118927,0.5698422789573669,1.1961462497711182
20,6937554,5YZ0,MdrDBcore00658,D1586Y+A1550V,0.95,0.09209983795881271,0.5698422789573669,1.1961462497711182
20,6937554,5YZ0,MdrDBcore00659,D1586Y+A1550V,0.742,0.48577624559402466,0.5698422789573669,1.1961462497711182
20,6937554,5YZ0,MdrDBcore00660,E910A+S138I,0.581,0.47532111406326294,0.5698422789573669,1.1961462497711182
20,6937554,5YZ0,MdrDBcore00661,E910A+S138I,0.566,1.5682532787322998,0.5698422789573669,1.1961462497711182
20,6937554,5YZ0,MdrDBcore00662,E910A+S138I,0.511,-0.42333152890205383,0.5698422789573669,1.1961462497711182
20,6937554,5YZ0,MdrDBcore00663,F982V+R109W,-0.02,0.6251129508018494,0.5698422789573669,1.1961462497711182
20,6937554,5YZ0,MdrDBcore00664,F982V+R109W,0.484,0.2700618505477905,0.5698422789573669,1.1961462497711182
20,6937554,5YZ0,MdrDBcore00665,F982V+R109W,-0.32,-0.914016604423523,0.5698422789573669,1.1961462497711182
20,6937554,5YZ0,MdrDBcore00666,I1526V+V666E,-0.098,0.421169638633728,0.5698422789573669,1.1961462497711182
20,6937554,5YZ0,MdrDBcore00667,I1526V+V666E,0.251,0.10070538520812988,0.5698422789573669,1.1961462497711182
20,6937554,5YZ0,MdrDBcore00668,I1526V+V666E,-0.428,0.39928439259529114,0.5698422789573669,1.1961462497711182
20,6937554,5YZ0,MdrDBcore00669,I1851V+T1798A,0.056,0.5479055643081665,0.5698422789573669,1.1961462497711182
20,6937554,5YZ0,MdrDBcore00670,I1851V+T1798A,-1.625,0.08735793083906174,0.5698422789573669,1.1961462497711182
20,6937554,5YZ0,MdrDBcore00671,I1851V+T1798A,-0.792,-0.6178535223007202,0.5698422789573669,1.1961462497711182
20,6937554,5YZ0,MdrDBcore00672,I2068V+R2066Q,0.854,0.09745416045188904,0.5698422789573669,1.1961462497711182
20,6937554,5YZ0,MdrDBcore00673,I2068V+R2066Q,-0.475,-0.14352253079414368,0.5698422789573669,1.1961462497711182
20,6937554,5YZ0,MdrDBcore00674,I2068V+R2066Q,-1.038,-0.03178413584828377,0.5698422789573669,1.1961462497711182
20,6937554,5YZ0,MdrDBcore00675,L2428F+R1696G,-0.303,0.6822993755340576,0.5698422789573669,1.1961462497711182
20,6937554,5YZ0,MdrDBcore00676,L2428F+R1696G,0.08,0.5574557781219482,0.5698422789573669,1.1961462497711182
20,6937554,5YZ0,MdrDBcore00677,L2428F+R1696G,0.354,0.467433899641037,0.5698422789573669,1.1961462497711182
20,6937554,5YZ0,MdrDBcore00678,L2428F+R1696G,1.185,0.8754047751426697,0.5698422789573669,1.1961462497711182
20,6937554,5YZ0,MdrDBcore00679,P1914S+C1858R,0.662,0.984574019908905,0.5698422789573669,1.1961462497711182
20,6937554,5YZ0,MdrDBcore00680,P1914S+C1858R,1.533,0.40514102578163147,0.5698422789573669,1.1961462497711182
20,6937554,5YZ0,MdrDBcore00681,R2363A+A2366T,-0.227,-0.02072736993432045,0.5698422789573669,1.1961462497711182
20,6937554,5YZ0,MdrDBcore00682,R2363A+A2366T,-1.71,-0.13480326533317566,0.5698422789573669,1.1961462497711182
20,6937554,5YZ0,MdrDBcore00683,R2363A+A2366T,-0.563,0.09164061397314072,0.5698422789573669,1.1961462497711182
20,6937554,5YZ0,MdrDBcore00684,T2556S+I475S,-1.005,0.4508970081806183,0.5698422789573669,1.1961462497711182
20,6937554,5YZ0,MdrDBcore00685,T2556S+I475S,-1.11,0.33514106273651123,0.5698422789573669,1.1961462497711182
20,6937554,5YZ0,MdrDBcore00686,T2556S+I475S,-1.275,0.3387349545955658,0.5698422789573669,1.1961462497711182
20,6937554,6Z2J,MdrDBcore00687,D104N+A376T,-0.746,-0.12426433712244034,0.5698422789573669,1.1961462497711182
20,6937554,6Z2J,MdrDBcore00688,D104N+A376T,-0.476,-0.48281118273735046,0.5698422789573669,1.1961462497711182
20,6937554,6Z2J,MdrDBcore00689,D104N+A376T,-1.57,0.17872501909732819,0.5698422789573669,1.1961462497711182
20,6937554,6Z2J,MdrDBcore00690,D104N+A376T,-0.59,-0.5657917261123657,0.5698422789573669,1.1961462497711182
20,6937554,6Z2J,MdrDBcore00691,D104N+A376T,-0.924,0.012079051695764065,0.5698422789573669,1.1961462497711182
20,6937554,6Z2J,MdrDBcore00692,N83I+E250K,2.919,0.029057292267680168,0.5698422789573669,1.1961462497711182
20,6937554,6Z2J,MdrDBcore00693,N83I+E250K,1.253,1.702405571937561,0.5698422789573669,1.1961462497711182
20,6937554,6Z2J,MdrDBcore00694,N83I+E250K,-0.694,-0.2604221999645233,0.5698422789573669,1.1961462497711182
20,6937554,6Z2J,MdrDBcore00695,S78P+A282T,-0.147,-0.009691870771348476,0.5698422789573669,1.1961462497711182
20,6937554,6Z2J,MdrDBcore00696,S78P+A282T,-0.155,0.3506935238838196,0.5698422789573669,1.1961462497711182
20,6937554,6Z2J,MdrDBcore00697,S78P+A282T,-1.171,0.29359304904937744,0.5698422789573669,1.1961462497711182
20,6937554,6Z2J,MdrDBcore00698,S78P+A282T,0.606,0.7648686170578003,0.5698422789573669,1.1961462497711182
20,6937554,2NVU,MdrDBcore00699,C398R+G372D,-0.637,-0.8636620044708252,0.5698422789573669,1.1961462497711182
20,6937554,2NVU,MdrDBcore00700,I371V+K209R,-3.018,-0.652760922908783,0.5698422789573669,1.1961462497711182
20,6937554,2NVU,MdrDBcore00701,V395M+R312H,-2.718,-0.5188767910003662,0.5698422789573669,1.1961462497711182
20,6937554,5HYN,MdrDBcore00702,F224V+N268D,-0.495,0.186559796333313,0.5698422789573669,1.1961462497711182
20,6937554,6U4Y,MdrDBcore00703,S220A+L71M,-0.779,0.2246173769235611,0.5698422789573669,1.1961462497711182
20,6937554,6VP7,MdrDBcore00704,A2135D+G2385R,0.443,-0.3282581567764282,0.5698422789573669,1.1961462497711182
20,6937554,7LI3,MdrDBcore00705,D1064G+S1145L,0.844,-0.03742269054055214,0.5698422789573669,1.1961462497711182
20,6937554,7LI3,MdrDBcore00706,E752D+P2103S+T2310M+V2396L,-0.565,-0.0335078202188015,0.5698422789573669,1.1961462497711182
20,6937554,7LI3,MdrDBcore00707,K1383Q+L1304H,-0.4,-0.0045033772476017475,0.5698422789573669,1.1961462497711182
20,6937554,6VP7,MdrDBcore00708,Q1648P+P2119T+L2291R,0.236,-0.12273642420768738,0.5698422789573669,1.1961462497711182
20,6937554,7LI3,MdrDBcore00709,S1204N+Q1365R,-0.211,-0.15038548409938812,0.5698422789573669,1.1961462497711182
20,6937554,6VP7,MdrDBcore00710,V1450I+G2385R,-0.438,-0.5367330312728882,0.5698422789573669,1.1961462497711182
20,6937554,6VP7,MdrDBcore00711,V1581D+A1440P,-0.652,0.012990173883736134,0.5698422789573669,1.1961462497711182
20,6937554,7LI3,MdrDBcore00712,V771I+T1410M,-0.726,-0.12266262620687485,0.5698422789573669,1.1961462497711182
20,6937554,6O96,MdrDBcore00713,E47V+I48F,-0.462,0.05751407518982887,0.5698422789573669,1.1961462497711182
20,6937554,6O96,MdrDBcore00714,E47V+I48F,-0.76,0.17522239685058594,0.5698422789573669,1.1961462497711182
20,6937554,6O96,MdrDBcore00715,E47V+I48F,-0.14,0.02342803031206131,0.5698422789573669,1.1961462497711182
20,6937554,4Z96,MdrDBcore00716,E924K+G577D,-0.615,0.4149077236652374,0.5698422789573669,1.1961462497711182
20,6937554,3OUI,MdrDBcore00717,A379V+A194T,0.524,0.5507885217666626,0.5698422789573669,1.1961462497711182
20,6937554,4B6L,MdrDBcore00718,R179C+G256E,0.897,0.8402422666549683,0.5698422789573669,1.1961462497711182
20,6937554,7LRZ,MdrDBcore00719,N787T+T901A,-0.155,0.13316717743873596,0.5698422789573669,1.1961462497711182
20,6937554,7LRZ,MdrDBcore00720,N787T+T901A,0.076,0.2580987215042114,0.5698422789573669,1.1961462497711182
20,6937554,7NX4,MdrDBcore00721,T1012M+S737L,0.165,0.21840377151966095,0.5698422789573669,1.1961462497711182
20,6937554,7N00,MdrDBcore00722,T1012M+S737L,1.523,-0.3058527410030365,0.5698422789573669,1.1961462497711182
20,6937554,AlphaFold2,MdrDBcore00723,Q275R+R102H,0.791,1.0049374103546143,0.5698422789573669,1.1961462497711182
20,6937554,AlphaFold2,MdrDBcore00724,R324H+R110H+R102H,1.934,1.3104584217071533,0.5698422789573669,1.1961462497711182
20,6937554,6OCO,MdrDBcore00725,A152T,-0.093,-0.04169245809316635,0.5698422789573669,1.1961462497711182
20,6937554,6OCO,MdrDBcore00726,A152T,-1.837,0.4514385461807251,0.5698422789573669,1.1961462497711182
20,6937554,6G6W,MdrDBcore00727,A396T,-0.37,0.7823312282562256,0.5698422789573669,1.1961462497711182
20,6937554,6OCO,MdrDBcore00728,A396T,-2.915,-0.21451111137866974,0.5698422789573669,1.1961462497711182
20,6937554,6G6W,MdrDBcore00729,A396T,1.111,0.35806798934936523,0.5698422789573669,1.1961462497711182
20,6937554,6OCO,MdrDBcore00730,A468V,1.255,-0.028378164395689964,0.5698422789573669,1.1961462497711182
20,6937554,6OCO,MdrDBcore00731,A487T,1.109,-0.006703984457999468,0.5698422789573669,1.1961462497711182
20,6937554,6OCO,MdrDBcore00732,A487T,-0.446,-0.5132648944854736,0.5698422789573669,1.1961462497711182
20,6937554,6OCO,MdrDBcore00733,A487T,1.508,1.2524385452270508,0.5698422789573669,1.1961462497711182
20,6937554,6OCO,MdrDBcore00734,A487T,1.531,0.31505894660949707,0.5698422789573669,1.1961462497711182
20,6937554,6OCO,MdrDBcore00735,A742V,0.08,5.650834646075964e-05,0.5698422789573669,1.1961462497711182
20,6937554,6OCO,MdrDBcore00736,A742V,-0.467,-0.4014991223812103,0.5698422789573669,1.1961462497711182
20,6937554,6OCO,MdrDBcore00737,A742V,0.764,1.2212539911270142,0.5698422789573669,1.1961462497711182
20,6937554,6OCO,MdrDBcore00738,A742V,0.342,0.7083309292793274,0.5698422789573669,1.1961462497711182
20,6937554,6OCO,MdrDBcore00739,C132Y,0.634,0.6646553874015808,0.5698422789573669,1.1961462497711182
20,6937554,6OCO,MdrDBcore00740,C132Y,-0.38,-0.29831260442733765,0.5698422789573669,1.1961462497711182
20,6937554,6G6W,MdrDBcore00741,C132Y,1.681,0.1749563217163086,0.5698422789573669,1.1961462497711182
20,6937554,6OCO,MdrDBcore00742,C132Y,0.978,0.33232325315475464,0.5698422789573669,1.1961462497711182
20,6937554,6OCO,MdrDBcore00743,E1021K,0.296,-0.026913370937108994,0.5698422789573669,1.1961462497711182
20,6937554,6OCO,MdrDBcore00744,E1021K,-1.343,-0.2324797362089157,0.5698422789573669,1.1961462497711182
20,6937554,6OCO,MdrDBcore00745,E1021K,0.773,1.2176811695098877,0.5698422789573669,1.1961462497711182
20,6937554,6OCO,MdrDBcore00746,E1021K,1.03,0.527316153049469,0.5698422789573669,1.1961462497711182
20,6937554,6OCO,MdrDBcore00747,E200K,0.923,1.248685359954834,0.5698422789573669,1.1961462497711182
20,6937554,6OCO,MdrDBcore00748,E200K,0.215,0.33494991064071655,0.5698422789573669,1.1961462497711182
20,6937554,6OCO,MdrDBcore00749,E234D,1.626,-0.08238422125577927,0.5698422789573669,1.1961462497711182
20,6937554,6OCO,MdrDBcore00750,E234D,-0.559,-0.32411107420921326,0.5698422789573669,1.1961462497711182
20,6937554,6OCO,MdrDBcore00751,E234D,1.595,1.141432762145996,0.5698422789573669,1.1961462497711182
20,6937554,6OCO,MdrDBcore00752,E234D,0.773,0.642350971698761,0.5698422789573669,1.1961462497711182
20,6937554,6OCO,MdrDBcore00753,E451K,-0.504,-0.08795133978128433,0.5698422789573669,1.1961462497711182
20,6937554,6OCO,MdrDBcore00754,E451K,-1.217,-0.07965691387653351,0.5698422789573669,1.1961462497711182
20,6937554,6OCO,MdrDBcore00755,E451K,1.576,1.2307428121566772,0.5698422789573669,1.1961462497711182
20,6937554,6OCO,MdrDBcore00756,E451K,0.594,0.6023099422454834,0.5698422789573669,1.1961462497711182
20,6937554,6OCO,MdrDBcore00757,E766G,1.189,0.02118249237537384,0.5698422789573669,1.1961462497711182
20,6937554,6OCO,MdrDBcore00758,E766G,-0.698,-0.36183997988700867,0.5698422789573669,1.1961462497711182
20,6937554,6OCO,MdrDBcore00759,E766G,0.686,0.4107670783996582,0.5698422789573669,1.1961462497711182
20,6937554,6OCO,MdrDBcore00760,E83K,-1.483,-0.08812373131513596,0.5698422789573669,1.1961462497711182
20,6937554,6OCO,MdrDBcore00761,E83K,-2.581,-1.925814151763916,0.5698422789573669,1.1961462497711182
20,6937554,6OCO,MdrDBcore00762,E83K,-2.871,1.2466598749160767,0.5698422789573669,1.1961462497711182
20,6937554,6OCO,MdrDBcore00763,E83K,-3.594,0.2595057785511017,0.5698422789573669,1.1961462497711182
20,6937554,6OCO,MdrDBcore00764,F609L,1.307,-0.08451802283525467,0.5698422789573669,1.1961462497711182
20,6937554,6OCO,MdrDBcore00765,F609L,0.229,-0.29877305030822754,0.5698422789573669,1.1961462497711182
20,6937554,6OCO,MdrDBcore00766,F609L,1.711,1.264582872390747,0.5698422789573669,1.1961462497711182
20,6937554,6OCO,MdrDBcore00767,F609L,1.465,0.5287761688232422,0.5698422789573669,1.1961462497711182
20,6937554,6OCO,MdrDBcore00768,F932C,1.114,-0.09357699751853943,0.5698422789573669,1.1961462497711182
20,6937554,6OCO,MdrDBcore00769,F932C,-0.381,-0.2328038364648819,0.5698422789573669,1.1961462497711182
20,6937554,6OCO,MdrDBcore00770,F932C,1.825,1.2460416555404663,0.5698422789573669,1.1961462497711182
20,6937554,6OCO,MdrDBcore00771,F932C,0.853,0.4973257780075073,0.5698422789573669,1.1961462497711182
20,6937554,6OCO,MdrDBcore00772,G593R,-0.385,-0.07246417552232742,0.5698422789573669,1.1961462497711182
20,6937554,6OCO,MdrDBcore00773,G593R,-1.066,-0.10860380530357361,0.5698422789573669,1.1961462497711182
20,6937554,6OCO,MdrDBcore00774,G593R,1.639,1.2810063362121582,0.5698422789573669,1.1961462497711182
20,6937554,6OCO,MdrDBcore00775,G593R,1.737,0.5545961856842041,0.5698422789573669,1.1961462497711182
20,6937554,6G6W,MdrDBcore00776,G772S,0.944,0.42021429538726807,0.5698422789573669,1.1961462497711182
20,6937554,6OCO,MdrDBcore00777,G772S,-0.37,-0.49054059386253357,0.5698422789573669,1.1961462497711182
20,6937554,6OCO,MdrDBcore00778,G772S,-0.284,1.2433185577392578,0.5698422789573669,1.1961462497711182
20,6937554,6OCO,MdrDBcore00779,G772S,0.13,0.18778568506240845,0.5698422789573669,1.1961462497711182
20,6937554,6OCO,MdrDBcore00780,G819E,1.359,-0.0044884760864079,0.5698422789573669,1.1961462497711182
20,6937554,6OCO,MdrDBcore00781,G819E,1.572,1.334463357925415,0.5698422789573669,1.1961462497711182
20,6937554,6OCO,MdrDBcore00782,G819E,0.717,0.3056154251098633,0.5698422789573669,1.1961462497711182
20,6937554,6OCO,MdrDBcore00783,G971R,-0.356,-0.06685357540845871,0.5698422789573669,1.1961462497711182
20,6937554,6OCO,MdrDBcore00784,G971R,-1.304,-0.4201836884021759,0.5698422789573669,1.1961462497711182
20,6937554,6OCO,MdrDBcore00785,G971R,0.385,1.1868997812271118,0.5698422789573669,1.1961462497711182
20,6937554,6G6W,MdrDBcore00786,G971R,-0.647,-0.0030929301865398884,0.5698422789573669,1.1961462497711182
20,6937554,6G6W,MdrDBcore00787,G985D,-0.9,0.31460830569267273,0.5698422789573669,1.1961462497711182
20,6937554,6OCO,MdrDBcore00788,G985D,-1.309,-0.4679759740829468,0.5698422789573669,1.1961462497711182
20,6937554,6OCO,MdrDBcore00789,G985D,1.103,1.1523665189743042,0.5698422789573669,1.1961462497711182
20,6937554,6OCO,MdrDBcore00790,G985D,0.766,0.5147084593772888,0.5698422789573669,1.1961462497711182
20,6937554,6OCO,MdrDBcore00791,M387T,-0.331,-0.03436832129955292,0.5698422789573669,1.1961462497711182
20,6937554,6OCO,MdrDBcore00792,M387T,0.988,0.10174664109945297,0.5698422789573669,1.1961462497711182
20,6937554,6OCO,MdrDBcore00793,M387T,1.038,0.9508221745491028,0.5698422789573669,1.1961462497711182
20,6937554,6OCO,MdrDBcore00794,M683I,0.209,0.006627557333558798,0.5698422789573669,1.1961462497711182
20,6937554,6OCO,MdrDBcore00795,M683I,-1.045,-0.5378472805023193,0.5698422789573669,1.1961462497711182
20,6937554,6OCO,MdrDBcore00796,M683I,0.788,1.2403918504714966,0.5698422789573669,1.1961462497711182
20,6937554,6OCO,MdrDBcore00797,M683I,1.13,0.20418457686901093,0.5698422789573669,1.1961462497711182
20,6937554,6OCO,MdrDBcore00798,M762I,0.201,-0.03211335837841034,0.5698422789573669,1.1961462497711182
20,6937554,6OCO,MdrDBcore00799,M762I,-1.116,-0.4820859432220459,0.5698422789573669,1.1961462497711182
20,6937554,6OCO,MdrDBcore00800,M762I,1.238,1.2388479709625244,0.5698422789573669,1.1961462497711182
20,6937554,6OCO,MdrDBcore00801,M762I,0.663,0.7660989761352539,0.5698422789573669,1.1961462497711182
20,6937554,6OCO,MdrDBcore00802,N334K,-0.837,-0.036670539528131485,0.5698422789573669,1.1961462497711182
20,6937554,6OCO,MdrDBcore00803,N334K,-1.744,-1.7039538621902466,0.5698422789573669,1.1961462497711182
20,6937554,6OCO,MdrDBcore00804,N334K,-2.134,1.2017477750778198,0.5698422789573669,1.1961462497711182
20,6937554,6OCO,MdrDBcore00805,N334K,-2.557,0.3372339606285095,0.5698422789573669,1.1961462497711182
20,6937554,6G6W,MdrDBcore00806,P186S,0.549,0.6732563376426697,0.5698422789573669,1.1961462497711182
20,6937554,6OCO,MdrDBcore00807,P186S,-1.197,-0.18036268651485443,0.5698422789573669,1.1961462497711182
20,6937554,6OCO,MdrDBcore00808,P186S,1.859,1.2418403625488281,0.5698422789573669,1.1961462497711182
20,6937554,6OCO,MdrDBcore00809,P186S,1.462,0.5090952515602112,0.5698422789573669,1.1961462497711182
20,6937554,7LQ1,MdrDBcore00810,P294H,1.024,0.06423194706439972,0.5698422789573669,1.1961462497711182
20,6937554,7LQ1,MdrDBcore00811,P294H,1.566,0.009798894636332989,0.5698422789573669,1.1961462497711182
20,6937554,7LQ1,MdrDBcore00812,P294H,1.036,0.5256897807121277,0.5698422789573669,1.1961462497711182
20,6937554,6OCO,MdrDBcore00813,P658L,1.496,1.2421026229858398,0.5698422789573669,1.1961462497711182
20,6937554,6OCO,MdrDBcore00814,P658L,1.098,0.33314868807792664,0.5698422789573669,1.1961462497711182
20,6937554,7LM2,MdrDBcore00815,R229Q,0.354,0.06757389008998871,0.5698422789573669,1.1961462497711182
20,6937554,7LM2,MdrDBcore00816,R229Q,-0.903,0.4633970856666565,0.5698422789573669,1.1961462497711182
20,6937554,7LM2,MdrDBcore00817,R229Q,1.506,0.8998299837112427,0.5698422789573669,1.1961462497711182
20,6937554,7LM2,MdrDBcore00818,R229Q,1.421,0.643193244934082,0.5698422789573669,1.1961462497711182
20,6937554,7LM2,MdrDBcore00819,R229W,0.606,0.16424043476581573,0.5698422789573669,1.1961462497711182
20,6937554,7LM2,MdrDBcore00820,R229W,-1.723,0.34075412154197693,0.5698422789573669,1.1961462497711182
20,6937554,7LM2,MdrDBcore00821,R229W,1.473,0.6972564458847046,0.5698422789573669,1.1961462497711182
20,6937554,6PYR,MdrDBcore00822,R229W,0.645,0.4938240945339203,0.5698422789573669,1.1961462497711182
20,6937554,6OCO,MdrDBcore00823,R38C,-0.365,-0.025058407336473465,0.5698422789573669,1.1961462497711182
20,6937554,6OCO,MdrDBcore00824,R38C,-1.456,0.439707487821579,0.5698422789573669,1.1961462497711182
20,6937554,6G6W,MdrDBcore00825,R38C,1.992,0.19580505788326263,0.5698422789573669,1.1961462497711182
20,6937554,6OCO,MdrDBcore00826,R38C,1.95,0.4651342034339905,0.5698422789573669,1.1961462497711182
20,6937554,6OCO,MdrDBcore00827,R437C,0.216,-0.08037489652633667,0.5698422789573669,1.1961462497711182
20,6937554,6OCO,MdrDBcore00828,R437C,-1.465,-0.26639363169670105,0.5698422789573669,1.1961462497711182
20,6937554,6OCO,MdrDBcore00829,R437C,1.666,1.2467949390411377,0.5698422789573669,1.1961462497711182
20,6937554,6OCO,MdrDBcore00830,R437C,1.238,1.0166912078857422,0.5698422789573669,1.1961462497711182
20,6937554,6OCO,MdrDBcore00831,R821C,-1.413,0.01485524419695139,0.5698422789573669,1.1961462497711182
20,6937554,6OCO,MdrDBcore00832,R821C,1.452,1.2220126390457153,0.5698422789573669,1.1961462497711182
20,6937554,6OCO,MdrDBcore00833,R821C,2.036,-0.5311057567596436,0.5698422789573669,1.1961462497711182
20,6937554,6OCO,MdrDBcore00834,R88H,1.69,1.4015592336654663,0.5698422789573669,1.1961462497711182
20,6937554,6OCO,MdrDBcore00835,R88H,1.048,0.7807043790817261,0.5698422789573669,1.1961462497711182
20,6937554,6G6W,MdrDBcore00836,S174L,2.083,0.730172336101532,0.5698422789573669,1.1961462497711182
20,6937554,6G6W,MdrDBcore00837,S174L,0.188,0.9059852957725525,0.5698422789573669,1.1961462497711182
20,6937554,6G6W,MdrDBcore00838,S174L,1.802,0.7309169173240662,0.5698422789573669,1.1961462497711182
20,6937554,6G6W,MdrDBcore00839,S174L,1.908,0.541145384311676,0.5698422789573669,1.1961462497711182
20,6937554,7SHQ,MdrDBcore00840,D179G,1.527,0.8841789960861206,0.5698422789573669,1.1961462497711182
20,6937554,7SHQ,MdrDBcore00841,D584N,1.715,1.1047718524932861,0.5698422789573669,1.1961462497711182
20,6937554,7SHQ,MdrDBcore00842,D609N,1.604,2.2860262393951416,0.5698422789573669,1.1961462497711182
20,6937554,7SHQ,MdrDBcore00843,E545D,1.571,0.7552751898765564,0.5698422789573669,1.1961462497711182
20,6937554,7SHQ,MdrDBcore00844,E662K,1.281,0.7338674664497375,0.5698422789573669,1.1961462497711182
20,6937554,7SHQ,MdrDBcore00845,E673D,1.289,0.783624529838562,0.5698422789573669,1.1961462497711182
20,6937554,7SHQ,MdrDBcore00846,G163V,1.756,0.7328948974609375,0.5698422789573669,1.1961462497711182
20,6937554,7SHQ,MdrDBcore00847,G623S,1.237,0.5487881898880005,0.5698422789573669,1.1961462497711182
20,6937554,7SHQ,MdrDBcore00848,I349V,1.672,1.4379024505615234,0.5698422789573669,1.1961462497711182
20,6937554,7SHQ,MdrDBcore00849,P221L,1.95,1.2931911945343018,0.5698422789573669,1.1961462497711182
20,6937554,7SHQ,MdrDBcore00850,Q286K,2.13,1.6301902532577515,0.5698422789573669,1.1961462497711182
20,6937554,7SHQ,MdrDBcore00851,R111H,1.472,0.9377062320709229,0.5698422789573669,1.1961462497711182
20,6937554,7SHQ,MdrDBcore00852,R178Q,1.41,1.7035048007965088,0.5698422789573669,1.1961462497711182
20,6937554,7SHQ,MdrDBcore00853,R247C,1.433,1.7099013328552246,0.5698422789573669,1.1961462497711182
20,6937554,7SHQ,MdrDBcore00854,R265S,1.517,1.7095831632614136,0.5698422789573669,1.1961462497711182
20,6937554,7SHQ,MdrDBcore00855,R303H,1.491,0.9577091336250305,0.5698422789573669,1.1961462497711182
20,6937554,7SHQ,MdrDBcore00856,T149M,1.58,1.0911407470703125,0.5698422789573669,1.1961462497711182
20,6937554,7SHQ,MdrDBcore00857,T291M,2.01,2.8412890434265137,0.5698422789573669,1.1961462497711182
20,6937554,7SHQ,MdrDBcore00858,T694I,1.412,0.7225600481033325,0.5698422789573669,1.1961462497711182
20,6937554,7SHQ,MdrDBcore00859,V120I,1.753,1.9479790925979614,0.5698422789573669,1.1961462497711182
20,6937554,7SHQ,MdrDBcore00860,W194C,1.538,1.2479132413864136,0.5698422789573669,1.1961462497711182
20,6937554,7SHQ,MdrDBcore00861,Y641H,1.946,1.3806812763214111,0.5698422789573669,1.1961462497711182
20,6937554,7SHQ,MdrDBcore00862,Y713C,1.392,1.5592604875564575,0.5698422789573669,1.1961462497711182
20,6937554,4ZYO,MdrDBcore00863,M224I,0.639,0.17139233648777008,0.5698422789573669,1.1961462497711182
20,6937554,7BG9,MdrDBcore00864,D807G,1.237,1.0886093378067017,0.5698422789573669,1.1961462497711182
20,6937554,7BG9,MdrDBcore00865,D848G,1.211,0.9740420579910278,0.5698422789573669,1.1961462497711182
20,6937554,7BG9,MdrDBcore00866,E1068K,1.628,1.0036362409591675,0.5698422789573669,1.1961462497711182
20,6937554,7BG9,MdrDBcore00867,E484K,1.124,0.5718054175376892,0.5698422789573669,1.1961462497711182
20,6937554,7BG9,MdrDBcore00868,H752R,1.3,0.9859508275985718,0.5698422789573669,1.1961462497711182
20,6937554,7BG9,MdrDBcore00869,L397I,0.21,0.6967917680740356,0.5698422789573669,1.1961462497711182
20,6937554,7BG9,MdrDBcore00870,P380S,0.378,0.24817895889282227,0.5698422789573669,1.1961462497711182
20,6937554,7BG9,MdrDBcore00871,P530L,1.038,0.2892546057701111,0.5698422789573669,1.1961462497711182
20,6937554,7BG9,MdrDBcore00872,P785L,0.639,0.5770360827445984,0.5698422789573669,1.1961462497711182
20,6937554,7BG9,MdrDBcore00873,P785Q,-0.52,-0.2107955366373062,0.5698422789573669,1.1961462497711182
20,6937554,7BG9,MdrDBcore00874,Q1024H,1.345,0.7961980104446411,0.5698422789573669,1.1961462497711182
20,6937554,7BG9,MdrDBcore00875,R521H,1.202,0.5479003190994263,0.5698422789573669,1.1961462497711182
20,6937554,7BG9,MdrDBcore00876,R743Q,-0.729,-0.05841914936900139,0.5698422789573669,1.1961462497711182
20,6937554,7BG9,MdrDBcore00877,R865C,0.839,1.0476635694503784,0.5698422789573669,1.1961462497711182
20,6937554,7BG9,MdrDBcore00878,R938L,1.408,1.2005430459976196,0.5698422789573669,1.1961462497711182
20,6937554,7BG9,MdrDBcore00879,R972H,1.156,0.6436904668807983,0.5698422789573669,1.1961462497711182
20,6937554,7BG9,MdrDBcore00880,T726P,-0.519,1.0566312074661255,0.5698422789573669,1.1961462497711182
20,6937554,7BG9,MdrDBcore00881,T878A,1.071,0.45652246475219727,0.5698422789573669,1.1961462497711182
20,6937554,7BG9,MdrDBcore00882,V639I,1.29,0.808876097202301,0.5698422789573669,1.1961462497711182
20,6937554,7BG9,MdrDBcore00883,V640M,1.288,0.7588539123535156,0.5698422789573669,1.1961462497711182
20,6937554,7BG9,MdrDBcore00884,V741M,1.087,0.7862123847007751,0.5698422789573669,1.1961462497711182
20,6937554,7BG9,MdrDBcore00885,V898A,1.275,0.8225978016853333,0.5698422789573669,1.1961462497711182
20,6937554,2WMR,MdrDBcore00886,A253D,-2.155,0.17610441148281097,0.5698422789573669,1.1961462497711182
20,6937554,2WMR,MdrDBcore00887,Y173H,-2.256,0.09656978398561478,0.5698422789573669,1.1961462497711182
20,6937554,4KIK,MdrDBcore00888,A360S,-1.563,-1.360521912574768,0.5698422789573669,1.1961462497711182
20,6937554,4KIK,MdrDBcore00889,A360S,1.021,0.7987673878669739,0.5698422789573669,1.1961462497711182
20,6937554,3BRV,MdrDBcore00890,A710T,-0.504,-1.1047258377075195,0.5698422789573669,1.1961462497711182
20,6937554,3BRV,MdrDBcore00891,A710T,1.786,1.667429804801941,0.5698422789573669,1.1961462497711182
20,6937554,4KIK,MdrDBcore00892,E502K,-1.913,-1.3842058181762695,0.5698422789573669,1.1961462497711182
20,6937554,4KIK,MdrDBcore00893,E502K,-0.066,0.8712161779403687,0.5698422789573669,1.1961462497711182
20,6937554,3BRV,MdrDBcore00894,F734L,-1.768,-1.106370449066162,0.5698422789573669,1.1961462497711182
20,6937554,3BRV,MdrDBcore00895,F734L,1.667,1.7569572925567627,0.5698422789573669,1.1961462497711182
20,6937554,4KIK,MdrDBcore00896,H284Y,-1.984,-1.3772926330566406,0.5698422789573669,1.1961462497711182
20,6937554,4KIK,MdrDBcore00897,H284Y,0.13,0.8697728514671326,0.5698422789573669,1.1961462497711182
20,6937554,4KIK,MdrDBcore00898,I413S,-1.999,-1.3783067464828491,0.5698422789573669,1.1961462497711182
20,6937554,4KIK,MdrDBcore00899,K337N,-1.745,-1.4027893543243408,0.5698422789573669,1.1961462497711182
20,6937554,4KIK,MdrDBcore00900,P296L,1.4,0.8139926791191101,0.5698422789573669,1.1961462497711182
20,6937554,4KIK,MdrDBcore00901,R118W,-1.151,-1.3487743139266968,0.5698422789573669,1.1961462497711182
20,6937554,4KIK,MdrDBcore00902,R118W,1.339,0.7355821132659912,0.5698422789573669,1.1961462497711182
20,6937554,4KIK,MdrDBcore00903,R20H,-0.068,-1.379162073135376,0.5698422789573669,1.1961462497711182
20,6937554,4KIK,MdrDBcore00904,R20H,0.521,0.8645476698875427,0.5698422789573669,1.1961462497711182
20,6937554,4KIK,MdrDBcore00905,R526Q,1.063,0.7976145148277283,0.5698422789573669,1.1961462497711182
20,6937554,4KIK,MdrDBcore00906,R57W,-1.249,-1.0873503684997559,0.5698422789573669,1.1961462497711182
20,6937554,4KIK,MdrDBcore00907,R57W,1.131,0.21559202671051025,0.5698422789573669,1.1961462497711182
20,6937554,4KIK,MdrDBcore00908,T344M,0.66,0.8707524538040161,0.5698422789573669,1.1961462497711182
20,6937554,4KIK,MdrDBcore00909,T8R,-0.516,-1.3215972185134888,0.5698422789573669,1.1961462497711182
20,6937554,4KIK,MdrDBcore00910,T8R,1.208,0.8837507963180542,0.5698422789573669,1.1961462497711182
20,6937554,4KIK,MdrDBcore00911,V327A,-1.102,-1.3928049802780151,0.5698422789573669,1.1961462497711182
20,6937554,4KIK,MdrDBcore00912,V327A,1.669,0.8193158507347107,0.5698422789573669,1.1961462497711182
20,6937554,4KIK,MdrDBcore00913,Y199C,-1.65,-1.3376073837280273,0.5698422789573669,1.1961462497711182
20,6937554,4KIK,MdrDBcore00914,Y199C,1.462,0.8172447681427002,0.5698422789573669,1.1961462497711182
20,6937554,4JBO,MdrDBcore00915,D311G,-0.93,0.131686270236969,0.5698422789573669,1.1961462497711182
20,6937554,4JBO,MdrDBcore00916,D311G,-0.001,-0.12394917756319046,0.5698422789573669,1.1961462497711182
20,6937554,4JBO,MdrDBcore00917,F133L,0.523,0.18884281814098358,0.5698422789573669,1.1961462497711182
20,6937554,4JBO,MdrDBcore00918,F133L,-0.48,-0.18936271965503693,0.5698422789573669,1.1961462497711182
20,6937554,4JBO,MdrDBcore00919,G173V,-0.301,0.3056742548942566,0.5698422789573669,1.1961462497711182
20,6937554,4JBO,MdrDBcore00920,G173V,-0.367,-0.1135321855545044,0.5698422789573669,1.1961462497711182
20,6937554,5DT0,MdrDBcore00921,L222P,-0.036,-0.3363635241985321,0.5698422789573669,1.1961462497711182
20,6937554,4JBO,MdrDBcore00922,L222P,-0.626,-0.31173256039619446,0.5698422789573669,1.1961462497711182
20,6937554,4JBO,MdrDBcore00923,P297H,0.286,0.2843073010444641,0.5698422789573669,1.1961462497711182
20,6937554,4JBO,MdrDBcore00924,P297H,-1.585,-0.18833057582378387,0.5698422789573669,1.1961462497711182
20,6937554,3FDN,MdrDBcore00925,Q394A,0.19,0.10733106732368469,0.5698422789573669,1.1961462497711182
20,6937554,3FDN,MdrDBcore00926,Q394A,0.126,0.010959203355014324,0.5698422789573669,1.1961462497711182
20,6937554,5DT0,MdrDBcore00927,R343Q,-0.868,-0.34885111451148987,0.5698422789573669,1.1961462497711182
20,6937554,4JBO,MdrDBcore00928,R343Q,-0.333,-0.0913069024682045,0.5698422789573669,1.1961462497711182
20,6937554,4JBO,MdrDBcore00929,S361L,0.835,0.15917310118675232,0.5698422789573669,1.1961462497711182
20,6937554,4JBO,MdrDBcore00930,S361L,0.516,-0.21012212336063385,0.5698422789573669,1.1961462497711182
20,6937554,4JBO,MdrDBcore00931,V174M,0.743,0.16868330538272858,0.5698422789573669,1.1961462497711182
20,6937554,4JBO,MdrDBcore00932,V174M,-0.501,0.050520021468400955,0.5698422789573669,1.1961462497711182
20,6937554,4JBO,MdrDBcore00933,Y197C,0.747,0.10795864462852478,0.5698422789573669,1.1961462497711182
20,6937554,4JBO,MdrDBcore00934,Y197C,0.569,-0.1560816764831543,0.5698422789573669,1.1961462497711182
20,6937554,4JBO,MdrDBcore00935,Y246H,0.777,-0.029774829745292664,0.5698422789573669,1.1961462497711182
20,6937554,4JBO,MdrDBcore00936,Y246H,-0.064,-0.21731381118297577,0.5698422789573669,1.1961462497711182
20,6937554,3JZQ,MdrDBcore00937,C76Y,1.279,0.10984998196363449,0.5698422789573669,1.1961462497711182
20,6937554,3JZQ,MdrDBcore00938,R87C,1.337,-0.3197181820869446,0.5698422789573669,1.1961462497711182
20,6937554,2VKI,MdrDBcore00939,A532T,-1.663,-1.3725676536560059,0.5698422789573669,1.1961462497711182
20,6937554,2VKI,MdrDBcore00940,A532T,-0.285,-0.12190572917461395,0.5698422789573669,1.1961462497711182
20,6937554,2VKI,MdrDBcore00941,A532T,-1.531,-0.9655174016952515,0.5698422789573669,1.1961462497711182
20,6937554,1W1D,MdrDBcore00942,H517Q,-1.454,-0.6356822848320007,0.5698422789573669,1.1961462497711182
20,6937554,2VKI,MdrDBcore00943,H517Q,-0.794,0.7442726492881775,0.5698422789573669,1.1961462497711182
20,6937554,2VKI,MdrDBcore00944,H517Q,-0.914,-1.0099307298660278,0.5698422789573669,1.1961462497711182
20,6937554,2VKI,MdrDBcore00945,Q540L,-0.007,-0.2960685193538666,0.5698422789573669,1.1961462497711182
20,6937554,2VKI,MdrDBcore00946,Q540L,0.155,0.03501852601766586,0.5698422789573669,1.1961462497711182
20,6937554,2VKI,MdrDBcore00947,Q540L,-0.613,-0.5408682227134705,0.5698422789573669,1.1961462497711182
20,6937554,2VKI,MdrDBcore00948,R505Q,-0.014,-0.011226494796574116,0.5698422789573669,1.1961462497711182
20,6937554,2VKI,MdrDBcore00949,R505Q,0.605,-0.18143142759799957,0.5698422789573669,1.1961462497711182
20,6937554,2VKI,MdrDBcore00950,R505Q,-0.845,-1.3918133974075317,0.5698422789573669,1.1961462497711182
20,6937554,AlphaFold2,MdrDBcore00951,C657R,1.242,0.6021347045898438,0.5698422789573669,1.1961462497711182
20,6937554,AlphaFold2,MdrDBcore00952,D644E,-0.767,0.36610424518585205,0.5698422789573669,1.1961462497711182
20,6937554,4FVQ,MdrDBcore00953,C675W,0.357,0.49128156900405884,0.5698422789573669,1.1961462497711182
20,6937554,4FVQ,MdrDBcore00954,E592K,2.616,-0.13050584495067596,0.5698422789573669,1.1961462497711182
20,6937554,3IOK,MdrDBcore00955,E846D,2.797,0.7763417959213257,0.5698422789573669,1.1961462497711182
20,6937554,4FVQ,MdrDBcore00956,F547V,1.589,0.18633638322353363,0.5698422789573669,1.1961462497711182
20,6937554,4FVQ,MdrDBcore00957,F560L,3.126,-0.06331870704889297,0.5698422789573669,1.1961462497711182
20,6937554,6E2Q,MdrDBcore00958,F85S,2.311,0.3079793453216553,0.5698422789573669,1.1961462497711182
20,6937554,3IOK,MdrDBcore00959,G1093R,1.446,0.6690061092376709,0.5698422789573669,1.1961462497711182
20,6937554,6G3C,MdrDBcore00960,G571S,-0.047,0.2854475975036621,0.5698422789573669,1.1961462497711182
20,6937554,6E2Q,MdrDBcore00961,H172R,-0.218,-0.3744220733642578,0.5698422789573669,1.1961462497711182
20,6937554,6E2Q,MdrDBcore00962,H172R,1.82,-0.4849276542663574,0.5698422789573669,1.1961462497711182
20,6937554,6G3C,MdrDBcore00963,H606Q,-1.028,0.4153030514717102,0.5698422789573669,1.1961462497711182
20,6937554,4FVQ,MdrDBcore00964,H606Q,0.836,0.5874122977256775,0.5698422789573669,1.1961462497711182
20,6937554,6E2Q,MdrDBcore00965,I67M,1.408,0.495250940322876,0.5698422789573669,1.1961462497711182
20,6937554,6E2Q,MdrDBcore00966,L383P,-1.434,-0.4255174398422241,0.5698422789573669,1.1961462497711182
20,6937554,6E2Q,MdrDBcore00967,L383P,2.042,1.3292630910873413,0.5698422789573669,1.1961462497711182
20,6937554,6E2Q,MdrDBcore00968,L393V,-0.207,-0.4772004187107086,0.5698422789573669,1.1961462497711182
20,6937554,4FVQ,MdrDBcore00969,L634P,2.074,1.4883666038513184,0.5698422789573669,1.1961462497711182
20,6937554,3IOK,MdrDBcore00970,L905P,-1.629,0.8422755599021912,0.5698422789573669,1.1961462497711182
20,6937554,3IOK,MdrDBcore00971,N1108S,1.948,0.5121313333511353,0.5698422789573669,1.1961462497711182
20,6937554,6E2Q,MdrDBcore00972,N337D,0.983,-0.689418375492096,0.5698422789573669,1.1961462497711182
20,6937554,3IOK,MdrDBcore00973,R1063H,-0.474,0.5145080089569092,0.5698422789573669,1.1961462497711182
20,6937554,3IOK,MdrDBcore00974,R1117M,0.687,0.5514554977416992,0.5698422789573669,1.1961462497711182
20,6937554,6E2Q,MdrDBcore00975,R426A,0.073,0.5762220621109009,0.5698422789573669,1.1961462497711182
20,6937554,6E2Q,MdrDBcore00976,S411N,3.172,0.42484399676322937,0.5698422789573669,1.1961462497711182
20,6937554,6E2Q,MdrDBcore00977,S507A,0.168,-0.24528808891773224,0.5698422789573669,1.1961462497711182
20,6937554,4FVQ,MdrDBcore00978,S797C,1.229,-0.0926564410328865,0.5698422789573669,1.1961462497711182
20,6937554,6E2Q,MdrDBcore00979,T108A,3.21,0.25525352358818054,0.5698422789573669,1.1961462497711182
20,6937554,6E2Q,MdrDBcore00980,V149A,0.931,0.04703638702630997,0.5698422789573669,1.1961462497711182
20,6937554,4FVQ,MdrDBcore00981,V617F,0.016,0.4426161050796509,0.5698422789573669,1.1961462497711182
20,6937554,6E2Q,MdrDBcore00982,W157A,-0.483,0.13023851811885834,0.5698422789573669,1.1961462497711182
20,6937554,6E2Q,MdrDBcore00983,Y42H,3.166,0.1221316009759903,0.5698422789573669,1.1961462497711182
20,6937554,3IOK,MdrDBcore00984,Y934N,1.12,0.44211021065711975,0.5698422789573669,1.1961462497711182
20,6937554,6E2Q,MdrDBcore00985,Y96H,-0.387,0.06171560660004616,0.5698422789573669,1.1961462497711182
20,6937554,5UEY,MdrDBcore00986,C357Y,3.73,1.4329049587249756,0.5698422789573669,1.1961462497711182
20,6937554,5UEY,MdrDBcore00987,C357Y,1.188,0.599004328250885,0.5698422789573669,1.1961462497711182
20,6937554,5UEY,MdrDBcore00988,C357Y,1.205,0.3477001488208771,0.5698422789573669,1.1961462497711182
20,6937554,5CTL,MdrDBcore00989,H77Y,-2.382,0.36117297410964966,0.5698422789573669,1.1961462497711182
20,6937554,5CTL,MdrDBcore00990,H77Y,0.959,-0.08020514249801636,0.5698422789573669,1.1961462497711182
20,6937554,5CTL,MdrDBcore00991,H77Y,1.105,0.6091811656951904,0.5698422789573669,1.1961462497711182
20,6937554,5UEY,MdrDBcore00992,I360V,-0.479,0.4577960968017578,0.5698422789573669,1.1961462497711182
20,6937554,5UEY,MdrDBcore00993,I360V,1.513,0.8388671875,0.5698422789573669,1.1961462497711182
20,6937554,5UEY,MdrDBcore00994,I360V,1.347,0.2903381884098053,0.5698422789573669,1.1961462497711182
20,6937554,4Z93,MdrDBcore00995,R444C,0.287,0.0707888975739479,0.5698422789573669,1.1961462497711182
20,6937554,4Z93,MdrDBcore00996,R444C,-0.215,0.22023211419582367,0.5698422789573669,1.1961462497711182
20,6937554,4Z93,MdrDBcore00997,R444C,-0.063,0.07413792610168457,0.5698422789573669,1.1961462497711182
20,6937554,2N3K,MdrDBcore00998,R616W,1.224,1.106170892715454,0.5698422789573669,1.1961462497711182
20,6937554,2N3K,MdrDBcore00999,R616W,1.614,0.9805346131324768,0.5698422789573669,1.1961462497711182
20,6937554,2N3K,MdrDBcore01000,R616W,1.6,0.6212983727455139,0.5698422789573669,1.1961462497711182
20,6937554,5CTL,MdrDBcore01001,T73I,-0.44,-0.060161519795656204,0.5698422789573669,1.1961462497711182
20,6937554,5CTL,MdrDBcore01002,T73I,-0.958,-0.007174257654696703,0.5698422789573669,1.1961462497711182
20,6937554,5CTL,MdrDBcore01003,T73I,-1.313,0.3254210948944092,0.5698422789573669,1.1961462497711182
20,6937554,5CTL,MdrDBcore01004,W120A,0.458,0.23950834572315216,0.5698422789573669,1.1961462497711182
20,6937554,5CTL,MdrDBcore01005,W120A,0.346,0.6579678058624268,0.5698422789573669,1.1961462497711182
20,6937554,5CTL,MdrDBcore01006,W120A,-0.884,0.6158493757247925,0.5698422789573669,1.1961462497711182
20,6937554,5CTL,MdrDBcore01007,W81L,1.79,-0.1246868297457695,0.5698422789573669,1.1961462497711182
20,6937554,5CTL,MdrDBcore01008,W81L,1.632,0.23133578896522522,0.5698422789573669,1.1961462497711182
20,6937554,5CTL,MdrDBcore01009,W81L,1.777,0.6213980913162231,0.5698422789573669,1.1961462497711182
20,6937554,6UMD,MdrDBcore01010,A537E,-0.83,0.18262161314487457,0.5698422789573669,1.1961462497711182
20,6937554,6UMD,MdrDBcore01011,D467N,1.991,0.3263140022754669,0.5698422789573669,1.1961462497711182
20,6937554,5U0J,MdrDBcore01012,D585V,1.689,0.3503330945968628,0.5698422789573669,1.1961462497711182
20,6937554,5U0J,MdrDBcore01013,D634G,2.083,1.0022186040878296,0.5698422789573669,1.1961462497711182
20,6937554,6UMD,MdrDBcore01014,F472L,1.268,0.44799143075942993,0.5698422789573669,1.1961462497711182
20,6937554,6UMD,MdrDBcore01015,G243E,1.422,0.7895592451095581,0.5698422789573669,1.1961462497711182
20,6937554,4O7D,MdrDBcore01016,K346Q,-0.127,-0.2281252145767212,0.5698422789573669,1.1961462497711182
20,6937554,6UMD,MdrDBcore01017,L478R,1.294,0.9290536046028137,0.5698422789573669,1.1961462497711182
20,6937554,6UMD,MdrDBcore01018,N331S,0.49,0.7546616792678833,0.5698422789573669,1.1961462497711182
20,6937554,6UMD,MdrDBcore01019,R307L,0.897,1.0463817119598389,0.5698422789573669,1.1961462497711182
20,6937554,6UMD,MdrDBcore01020,V453I,1.509,0.7110431790351868,0.5698422789573669,1.1961462497711182
20,6937554,5SD8,MdrDBcore01021,A125V,1.996,0.2963598072528839,0.5698422789573669,1.1961462497711182
20,6937554,5HT4,MdrDBcore01022,I176T,0.282,0.3873949646949768,0.5698422789573669,1.1961462497711182
20,6937554,5HT4,MdrDBcore01023,T57A,0.41,0.5229868292808533,0.5698422789573669,1.1961462497711182
20,6937554,5DC4,MdrDBcore01024,A156T,0.124,-0.19811846315860748,0.5698422789573669,1.1961462497711182
20,6937554,5DC4,MdrDBcore01025,E216K,0.948,-0.3024138808250427,0.5698422789573669,1.1961462497711182
20,6937554,2V7A,MdrDBcore01026,G340W,-0.028,-0.17584608495235443,0.5698422789573669,1.1961462497711182
20,6937554,2V7A,MdrDBcore01027,H415Q,0.762,-0.13491396605968475,0.5698422789573669,1.1961462497711182
20,6937554,4J9H,MdrDBcore01028,K106E,1.244,0.7278310060501099,0.5698422789573669,1.1961462497711182
20,6937554,6AMW,MdrDBcore01029,K7R,-0.044,-0.36287620663642883,0.5698422789573669,1.1961462497711182
20,6937554,4JJB,MdrDBcore01030,N115S,0.944,-0.35404250025749207,0.5698422789573669,1.1961462497711182
20,6937554,6AMW,MdrDBcore01031,P131S,-0.881,-0.28147202730178833,0.5698422789573669,1.1961462497711182
20,6937554,2V7A,MdrDBcore01032,P460L,0.494,-0.14603208005428314,0.5698422789573669,1.1961462497711182
20,6937554,6AMW,MdrDBcore01033,R13K,-0.459,-0.7654208540916443,0.5698422789573669,1.1961462497711182
20,6937554,5DC4,MdrDBcore01034,R153C,-0.602,-0.4581373631954193,0.5698422789573669,1.1961462497711182
20,6937554,5DC4,MdrDBcore01035,R185K,-0.121,-0.588770866394043,0.5698422789573669,1.1961462497711182
20,6937554,2V7A,MdrDBcore01036,R351W,0.405,-0.027707654982805252,0.5698422789573669,1.1961462497711182
20,6937554,7N9G,MdrDBcore01037,R502W,0.707,-0.3755614757537842,0.5698422789573669,1.1961462497711182
20,6937554,2V7A,MdrDBcore01038,T243I,0.101,-0.2095937281847,0.5698422789573669,1.1961462497711182
20,6937554,6XR6,MdrDBcore01039,V390I,-0.227,0.29587456583976746,0.5698422789573669,1.1961462497711182
20,6937554,2V7A,MdrDBcore01040,Y276C,-0.478,-0.18544833362102509,0.5698422789573669,1.1961462497711182
20,6937554,1MOX,MdrDBcore01041,A289D,-0.356,-0.4837374985218048,0.5698422789573669,1.1961462497711182
20,6937554,1MOX,MdrDBcore01042,A289D,0.668,0.5313910245895386,0.5698422789573669,1.1961462497711182
20,6937554,7SZ0,MdrDBcore01043,A289V,0.598,-0.35163259506225586,0.5698422789573669,1.1961462497711182
20,6937554,1MOX,MdrDBcore01044,A289V,0.528,-0.02259114757180214,0.5698422789573669,1.1961462497711182
20,6937554,1MOX,MdrDBcore01045,A289V,0.287,-0.20894496142864227,0.5698422789573669,1.1961462497711182
20,6937554,7SZ0,MdrDBcore01046,A289V,1.005,0.5634545087814331,0.5698422789573669,1.1961462497711182
20,6937554,1MOX,MdrDBcore01047,A289V,0.516,-0.7155574560165405,0.5698422789573669,1.1961462497711182
20,6937554,5CAN,MdrDBcore01048,A702D,-1.549,-0.09316331893205643,0.5698422789573669,1.1961462497711182
20,6937554,5CAN,MdrDBcore01049,A702D,0.098,0.11743589490652084,0.5698422789573669,1.1961462497711182
20,6937554,6D8E,MdrDBcore01050,A864V,-1.162,-0.008474021218717098,0.5698422789573669,1.1961462497711182
20,6937554,6D8E,MdrDBcore01051,A864V,-1.228,-0.23961074650287628,0.5698422789573669,1.1961462497711182
20,6937554,6D8E,MdrDBcore01052,A864V,-1.186,-0.14854644238948822,0.5698422789573669,1.1961462497711182
20,6937554,6D8E,MdrDBcore01053,A864V,-0.945,-0.050436317920684814,0.5698422789573669,1.1961462497711182
20,6937554,6D8E,MdrDBcore01054,A864V,-0.788,-0.347493052482605,0.5698422789573669,1.1961462497711182
20,6937554,6D8E,MdrDBcore01055,A864V,-0.396,0.07331135123968124,0.5698422789573669,1.1961462497711182
20,6937554,6D8E,MdrDBcore01056,A864V,-1.02,-1.5798200368881226,0.5698422789573669,1.1961462497711182
20,6937554,6D8E,MdrDBcore01057,A864V,-1.432,-0.9490540027618408,0.5698422789573669,1.1961462497711182
20,6937554,6D8E,MdrDBcore01058,A864V,-0.67,-0.28358814120292664,0.5698422789573669,1.1961462497711182
20,6937554,1MOX,MdrDBcore01059,C251Y,-0.693,-0.36111196875572205,0.5698422789573669,1.1961462497711182
20,6937554,1MOX,MdrDBcore01060,C311F,2.202,0.10090719908475876,0.5698422789573669,1.1961462497711182
20,6937554,7SZ0,MdrDBcore01061,C523R,-0.599,-0.22276799380779266,0.5698422789573669,1.1961462497711182
20,6937554,7SZ0,MdrDBcore01062,C523R,-0.637,-0.21409453451633453,0.5698422789573669,1.1961462497711182
20,6937554,7SZ0,MdrDBcore01063,C523R,0.304,-0.08927226811647415,0.5698422789573669,1.1961462497711182
20,6937554,7SZ0,MdrDBcore01064,C523R,0.093,0.25492897629737854,0.5698422789573669,1.1961462497711182
20,6937554,7SZ0,MdrDBcore01065,C523R,-0.466,-0.8541446924209595,0.5698422789573669,1.1961462497711182
20,6937554,7SZ0,MdrDBcore01066,C523R,0.621,-0.23180732131004333,0.5698422789573669,1.1961462497711182
20,6937554,5CAN,MdrDBcore01067,E711K,-0.282,-0.15123820304870605,0.5698422789573669,1.1961462497711182
20,6937554,6TG1,MdrDBcore01068,E711K,0.102,-0.3156359791755676,0.5698422789573669,1.1961462497711182
20,6937554,5CAN,MdrDBcore01069,E711K,0.011,-0.3583219051361084,0.5698422789573669,1.1961462497711182
20,6937554,5CAN,MdrDBcore01070,E711K,0.301,0.0649329423904419,0.5698422789573669,1.1961462497711182
20,6937554,5CAN,MdrDBcore01071,E711K,1.056,-0.18266873061656952,0.5698422789573669,1.1961462497711182
20,6937554,5CAN,MdrDBcore01072,F961L,0.414,0.06623339653015137,0.5698422789573669,1.1961462497711182
20,6937554,5CAN,MdrDBcore01073,F961L,-0.23,-0.37142759561538696,0.5698422789573669,1.1961462497711182
20,6937554,5CAN,MdrDBcore01074,F961L,-0.145,-0.17409475147724152,0.5698422789573669,1.1961462497711182
20,6937554,2M0B,MdrDBcore01075,G659R,-0.828,-0.1496918499469757,0.5698422789573669,1.1961462497711182
20,6937554,5CAN,MdrDBcore01076,G719S,-0.311,-0.0700550302863121,0.5698422789573669,1.1961462497711182
20,6937554,6TG1,MdrDBcore01077,G719S,-2.08,0.23836180567741394,0.5698422789573669,1.1961462497711182
20,6937554,6D8E,MdrDBcore01078,G719S,-1.345,-0.32082808017730713,0.5698422789573669,1.1961462497711182
20,6937554,5CAN,MdrDBcore01079,G719S,-1.534,-0.3330959677696228,0.5698422789573669,1.1961462497711182
20,6937554,5CAN,MdrDBcore01080,G719S,-1.594,-0.027379121631383896,0.5698422789573669,1.1961462497711182
20,6937554,5CAN,MdrDBcore01081,G719S,0.896,0.1566036343574524,0.5698422789573669,1.1961462497711182
20,6937554,5CAN,MdrDBcore01082,G917R,-0.265,-0.04315689206123352,0.5698422789573669,1.1961462497711182
20,6937554,5CAN,MdrDBcore01083,G917R,0.04,0.1385563760995865,0.5698422789573669,1.1961462497711182
20,6937554,5CAN,MdrDBcore01084,G917R,-0.148,0.7346442937850952,0.5698422789573669,1.1961462497711182
20,6937554,5CAN,MdrDBcore01085,G917R,-0.372,-0.8187976479530334,0.5698422789573669,1.1961462497711182
20,6937554,5CAN,MdrDBcore01086,H988P,-0.191,0.06382115930318832,0.5698422789573669,1.1961462497711182
20,6937554,2M0B,MdrDBcore01087,I646L,0.139,-0.23815754055976868,0.5698422789573669,1.1961462497711182
20,6937554,2M0B,MdrDBcore01088,I646L,0.342,0.23647116124629974,0.5698422789573669,1.1961462497711182
20,6937554,5LV6,MdrDBcore01089,I646L,-0.278,-0.1395183950662613,0.5698422789573669,1.1961462497711182
20,6937554,2M0B,MdrDBcore01090,I646L,0.656,-0.22920311987400055,0.5698422789573669,1.1961462497711182
20,6937554,2M0B,MdrDBcore01091,I646L,0.677,0.4834609031677246,0.5698422789573669,1.1961462497711182
20,6937554,7SZ0,MdrDBcore01092,K28N,-0.86,0.7018865942955017,0.5698422789573669,1.1961462497711182
20,6937554,2N5S,MdrDBcore01093,L62R,0.651,-0.04113490507006645,0.5698422789573669,1.1961462497711182
20,6937554,2N5S,MdrDBcore01094,L62R,0.883,0.3369322419166565,0.5698422789573669,1.1961462497711182
20,6937554,2N5S,MdrDBcore01095,L62R,0.476,0.2016438990831375,0.5698422789573669,1.1961462497711182
20,6937554,2N5S,MdrDBcore01096,L62R,1.078,0.9057043790817261,0.5698422789573669,1.1961462497711182
20,6937554,2N5S,MdrDBcore01097,L62R,1.369,0.12215415388345718,0.5698422789573669,1.1961462497711182
20,6937554,1MOX,MdrDBcore01098,L76P,-0.985,-1.0896503925323486,0.5698422789573669,1.1961462497711182
20,6937554,1MOX,MdrDBcore01099,L76P,-0.97,-0.21748845279216766,0.5698422789573669,1.1961462497711182
20,6937554,2M20,MdrDBcore01100,L76P,-0.064,-0.0033243936486542225,0.5698422789573669,1.1961462497711182
20,6937554,2M20,MdrDBcore01101,L76P,-0.699,-0.37493017315864563,0.5698422789573669,1.1961462497711182
20,6937554,1MOX,MdrDBcore01102,L76P,-0.228,-0.48416876792907715,0.5698422789573669,1.1961462497711182
20,6937554,2M20,MdrDBcore01103,L76P,0.398,1.0111465454101562,0.5698422789573669,1.1961462497711182
20,6937554,1MOX,MdrDBcore01104,L76P,-1.343,-0.6826329231262207,0.5698422789573669,1.1961462497711182
20,6937554,2M20,MdrDBcore01105,L76P,-1.839,-0.2445424348115921,0.5698422789573669,1.1961462497711182
20,6937554,6D8E,MdrDBcore01106,L858R,-4.042,-0.05046214908361435,0.5698422789573669,1.1961462497711182
20,6937554,6D8E,MdrDBcore01107,L858R,-2.66,0.08569227159023285,0.5698422789573669,1.1961462497711182
20,6937554,5CAN,MdrDBcore01108,L861Q,-0.896,-0.06284621357917786,0.5698422789573669,1.1961462497711182
20,6937554,5CAN,MdrDBcore01109,L861Q,-0.526,0.6349005103111267,0.5698422789573669,1.1961462497711182
20,6937554,5CAN,MdrDBcore01110,L861Q,-1.064,-0.3388415575027466,0.5698422789573669,1.1961462497711182
20,6937554,6D8E,MdrDBcore01111,L861Q,-0.736,-0.021718380972743034,0.5698422789573669,1.1961462497711182
20,6937554,6D8E,MdrDBcore01112,L861Q,-0.619,0.116535983979702,0.5698422789573669,1.1961462497711182
20,6937554,5CAN,MdrDBcore01113,L883F,-0.382,-0.3194582760334015,0.5698422789573669,1.1961462497711182
20,6937554,5CAN,MdrDBcore01114,L883F,0.58,-0.03255702182650566,0.5698422789573669,1.1961462497711182
20,6937554,5CAN,MdrDBcore01115,L883F,0.226,0.24823658168315887,0.5698422789573669,1.1961462497711182
20,6937554,5CAN,MdrDBcore01116,L883F,0.281,-0.06101914867758751,0.5698422789573669,1.1961462497711182
20,6937554,5CAN,MdrDBcore01117,L883F,0.945,-0.04034564271569252,0.5698422789573669,1.1961462497711182
20,6937554,3PFV,MdrDBcore01118,P1071L,0.324,-0.015411187894642353,0.5698422789573669,1.1961462497711182
20,6937554,3PFV,MdrDBcore01119,P1071L,-0.931,-0.8059937953948975,0.5698422789573669,1.1961462497711182
20,6937554,3PFV,MdrDBcore01120,P1071L,-0.113,-0.16144417226314545,0.5698422789573669,1.1961462497711182
20,6937554,3PFV,MdrDBcore01121,P1071L,0.13,0.21393200755119324,0.5698422789573669,1.1961462497711182
20,6937554,3PFV,MdrDBcore01122,P1071L,-0.12,-0.5552529692649841,0.5698422789573669,1.1961462497711182
20,6937554,3PFV,MdrDBcore01123,P1071L,1.21,-0.6888156533241272,0.5698422789573669,1.1961462497711182
20,6937554,5CAN,MdrDBcore01124,P753S,-1.218,0.019535545259714127,0.5698422789573669,1.1961462497711182
20,6937554,5CAN,MdrDBcore01125,P753S,1.334,-0.10442081838846207,0.5698422789573669,1.1961462497711182
20,6937554,5CAN,MdrDBcore01126,Q701R,-0.279,-0.18891455233097076,0.5698422789573669,1.1961462497711182
20,6937554,6TG1,MdrDBcore01127,Q701R,-0.382,-0.48536258935928345,0.5698422789573669,1.1961462497711182
20,6937554,5CAN,MdrDBcore01128,Q701R,0.29,-9.982497431337833e-06,0.5698422789573669,1.1961462497711182
20,6937554,6D8E,MdrDBcore01129,Q701R,-0.347,-0.3063482344150543,0.5698422789573669,1.1961462497711182
20,6937554,5CAN,MdrDBcore01130,Q701R,0.084,0.21663807332515717,0.5698422789573669,1.1961462497711182
20,6937554,5CAN,MdrDBcore01131,Q701R,-0.522,-0.2586532235145569,0.5698422789573669,1.1961462497711182
20,6937554,1MOX,MdrDBcore01132,R165Q,0.288,0.21946775913238525,0.5698422789573669,1.1961462497711182
20,6937554,1MOX,MdrDBcore01133,R451C,-0.719,-0.17989157140254974,0.5698422789573669,1.1961462497711182
20,6937554,7SZ0,MdrDBcore01134,R451C,-1.196,-0.6101008653640747,0.5698422789573669,1.1961462497711182
20,6937554,1MOX,MdrDBcore01135,R451C,-0.817,-0.48920026421546936,0.5698422789573669,1.1961462497711182
20,6937554,1MOX,MdrDBcore01136,R451C,-0.695,0.16745693981647491,0.5698422789573669,1.1961462497711182
20,6937554,7SZ0,MdrDBcore01137,R451C,-1.115,0.08007877320051193,0.5698422789573669,1.1961462497711182
20,6937554,1MOX,MdrDBcore01138,R451C,0.991,0.2997516095638275,0.5698422789573669,1.1961462497711182
20,6937554,2M0B,MdrDBcore01139,R675Q,0.202,0.10885631293058395,0.5698422789573669,1.1961462497711182
20,6937554,2M0B,MdrDBcore01140,R675Q,0.948,1.2992005348205566,0.5698422789573669,1.1961462497711182
20,6937554,2M0B,MdrDBcore01141,R675Q,0.704,0.12277344614267349,0.5698422789573669,1.1961462497711182
20,6937554,2M0B,MdrDBcore01142,R675Q,1.255,0.7036707401275635,0.5698422789573669,1.1961462497711182
20,6937554,2M0B,MdrDBcore01143,R675Q,0.318,0.08242828398942947,0.5698422789573669,1.1961462497711182
20,6937554,2M0B,MdrDBcore01144,R677C,-1.091,-0.06305765360593796,0.5698422789573669,1.1961462497711182
20,6937554,5CAN,MdrDBcore01145,R832C,-1.389,-0.026180610060691833,0.5698422789573669,1.1961462497711182
20,6937554,5CAN,MdrDBcore01146,R832C,-1.507,-0.2563801407814026,0.5698422789573669,1.1961462497711182
20,6937554,5CAN,MdrDBcore01147,R832C,-0.512,-0.07653441280126572,0.5698422789573669,1.1961462497711182
20,6937554,5CAN,MdrDBcore01148,S703F,-2.773,-0.018930979073047638,0.5698422789573669,1.1961462497711182
20,6937554,5CAN,MdrDBcore01149,S768I,-2.066,0.11771435290575027,0.5698422789573669,1.1961462497711182
20,6937554,6D8E,MdrDBcore01150,S768I,-1.336,-0.7001452445983887,0.5698422789573669,1.1961462497711182
20,6937554,5CAN,MdrDBcore01151,S768I,-1.442,0.14583884179592133,0.5698422789573669,1.1961462497711182
20,6937554,5CAN,MdrDBcore01152,S768I,-2.007,-0.07337924093008041,0.5698422789573669,1.1961462497711182
20,6937554,5CAN,MdrDBcore01153,S768I,-1.274,-0.8701968193054199,0.5698422789573669,1.1961462497711182
20,6937554,5CAN,MdrDBcore01154,S768I,-3.63,-0.12182383984327316,0.5698422789573669,1.1961462497711182
20,6937554,5CAN,MdrDBcore01155,S811F,0.566,0.04320775344967842,0.5698422789573669,1.1961462497711182
20,6937554,5CAN,MdrDBcore01156,S811F,0.765,0.8377423882484436,0.5698422789573669,1.1961462497711182
20,6937554,5CAN,MdrDBcore01157,S811F,0.132,0.048444539308547974,0.5698422789573669,1.1961462497711182
20,6937554,5CAN,MdrDBcore01158,S811F,0.163,-0.21810181438922882,0.5698422789573669,1.1961462497711182
20,6937554,5CAN,MdrDBcore01159,S811F,-0.607,0.20005381107330322,0.5698422789573669,1.1961462497711182
20,6937554,6TG1,MdrDBcore01160,T751I,0.033,0.09633728116750717,0.5698422789573669,1.1961462497711182
20,6937554,5CAN,MdrDBcore01161,T751I,0.148,0.6826383471488953,0.5698422789573669,1.1961462497711182
20,6937554,5CAN,MdrDBcore01162,T751I,-0.088,0.04023246467113495,0.5698422789573669,1.1961462497711182
20,6937554,5CAN,MdrDBcore01163,T751I,-0.18,0.07564365118741989,0.5698422789573669,1.1961462497711182
20,6937554,5CAN,MdrDBcore01164,T751I,-0.629,0.0003384271403774619,0.5698422789573669,1.1961462497711182
20,6937554,5CAN,MdrDBcore01165,V1011M,-2.524,-0.07913776487112045,0.5698422789573669,1.1961462497711182
20,6937554,5CAN,MdrDBcore01166,V1011M,-0.24,-0.03352281078696251,0.5698422789573669,1.1961462497711182
20,6937554,5CAN,MdrDBcore01167,V1011M,-0.267,0.0917433425784111,0.5698422789573669,1.1961462497711182
20,6937554,5CAN,MdrDBcore01168,V1011M,-0.597,-0.2606125771999359,0.5698422789573669,1.1961462497711182
20,6937554,5CAN,MdrDBcore01169,V1011M,-1.178,0.1256338357925415,0.5698422789573669,1.1961462497711182
20,6937554,5CAN,MdrDBcore01170,V1011M,-1.794,-0.09139841049909592,0.5698422789573669,1.1961462497711182
20,6937554,1MOX,MdrDBcore01171,V292M,-0.108,-0.12147533148527145,0.5698422789573669,1.1961462497711182
20,6937554,7SZ0,MdrDBcore01172,V592F,-0.734,-0.3035651743412018,0.5698422789573669,1.1961462497711182
20,6937554,7SZ0,MdrDBcore01173,V592F,0.123,-0.23850245773792267,0.5698422789573669,1.1961462497711182
20,6937554,7SZ0,MdrDBcore01174,V592F,1.952,0.43583744764328003,0.5698422789573669,1.1961462497711182
20,6937554,5CAN,MdrDBcore01175,V738D,-0.931,0.1097036823630333,0.5698422789573669,1.1961462497711182
20,6937554,6D8E,MdrDBcore01176,V738D,-0.288,-0.07754721492528915,0.5698422789573669,1.1961462497711182
20,6937554,5CAN,MdrDBcore01177,V738D,-0.471,-0.19665955007076263,0.5698422789573669,1.1961462497711182
20,6937554,5CAN,MdrDBcore01178,V738D,-0.628,-0.9995275735855103,0.5698422789573669,1.1961462497711182
20,6937554,5CAN,MdrDBcore01179,V738D,-1.784,-0.037119388580322266,0.5698422789573669,1.1961462497711182
20,6937554,5CAN,MdrDBcore01180,V904I,-0.686,-0.82933509349823,0.5698422789573669,1.1961462497711182
20,6937554,5CAN,MdrDBcore01181,V904I,-0.631,-0.1360951066017151,0.5698422789573669,1.1961462497711182
20,6937554,5CAN,MdrDBcore01182,V904I,-0.007,0.07581616938114166,0.5698422789573669,1.1961462497711182
20,6937554,5CAN,MdrDBcore01183,V904I,-0.208,0.04686867818236351,0.5698422789573669,1.1961462497711182
20,6937554,5CAN,MdrDBcore01184,V904I,-0.86,-0.1123511865735054,0.5698422789573669,1.1961462497711182
20,6937554,5CAN,MdrDBcore01185,V904I,-0.362,-0.20397977530956268,0.5698422789573669,1.1961462497711182
20,6937554,5VQP,MdrDBcore01186,A221T,0.098,0.7196137309074402,0.5698422789573669,1.1961462497711182
20,6937554,6GFF,MdrDBcore01187,A221T,0.035,1.0753777027130127,0.5698422789573669,1.1961462497711182
20,6937554,6GFF,MdrDBcore01188,E169A,0.4,-0.09482649713754654,0.5698422789573669,1.1961462497711182
20,6937554,6GFF,MdrDBcore01189,F134L,1.061,1.3440725803375244,0.5698422789573669,1.1961462497711182
20,6937554,6GFF,MdrDBcore01190,F134L,-0.28,0.09708309918642044,0.5698422789573669,1.1961462497711182
20,6937554,5FFO,MdrDBcore01191,I300V,0.168,-0.15620318055152893,0.5698422789573669,1.1961462497711182
20,6937554,6GFF,MdrDBcore01192,R152Q,0.693,0.9564144611358643,0.5698422789573669,1.1961462497711182
20,6937554,6GFF,MdrDBcore01193,R152Q,1.291,1.2495903968811035,0.5698422789573669,1.1961462497711182
20,6937554,6GFF,MdrDBcore01194,R205L,1.168,0.8160108327865601,0.5698422789573669,1.1961462497711182
20,6937554,6GFF,MdrDBcore01195,R205L,0.137,0.8835276365280151,0.5698422789573669,1.1961462497711182
20,6937554,6GFF,MdrDBcore01196,S138L,0.563,0.23424078524112701,0.5698422789573669,1.1961462497711182
20,6937554,6GFF,MdrDBcore01197,S138L,1.717,0.7437214851379395,0.5698422789573669,1.1961462497711182
20,6937554,6GFF,MdrDBcore01198,S209R,0.408,1.2559762001037598,0.5698422789573669,1.1961462497711182
20,6937554,6GFF,MdrDBcore01199,S209R,-0.44,-0.227121040225029,0.5698422789573669,1.1961462497711182
20,6937554,5VQP,MdrDBcore01200,T289A,0.353,0.19326438009738922,0.5698422789573669,1.1961462497711182
20,6937554,4KV5,MdrDBcore01201,V20M,1.636,0.7098173499107361,0.5698422789573669,1.1961462497711182
20,6937554,4KV5,MdrDBcore01202,Y103H,0.514,-0.23038193583488464,0.5698422789573669,1.1961462497711182
20,6937554,6GFF,MdrDBcore01203,Y103H,-0.297,0.30852198600769043,0.5698422789573669,1.1961462497711182
20,6937554,5TM1,MdrDBcore01204,D321N,0.066,0.19769249856472015,0.5698422789573669,1.1961462497711182
20,6937554,5TM1,MdrDBcore01205,D321N,0.304,0.32525691390037537,0.5698422789573669,1.1961462497711182
20,6937554,5TM1,MdrDBcore01206,D426G,-0.151,0.0909808799624443,0.5698422789573669,1.1961462497711182
20,6937554,5TM1,MdrDBcore01207,D426G,-0.021,0.30339545011520386,0.5698422789573669,1.1961462497711182
20,6937554,4AA6,MdrDBcore01208,E247K,-0.19,0.09736782312393188,0.5698422789573669,1.1961462497711182
20,6937554,4AA6,MdrDBcore01209,E247K,-0.393,-0.03863104060292244,0.5698422789573669,1.1961462497711182
20,6937554,2LLQ,MdrDBcore01210,I298V,-0.293,0.08581459522247314,0.5698422789573669,1.1961462497711182
20,6937554,2LLQ,MdrDBcore01211,I298V,-0.247,0.8284021019935608,0.5698422789573669,1.1961462497711182
20,6937554,5U2B,MdrDBcore01212,K299N,-0.096,0.04098910465836525,0.5698422789573669,1.1961462497711182
20,6937554,2LLQ,MdrDBcore01213,K299R,-0.316,0.15584611892700195,0.5698422789573669,1.1961462497711182
20,6937554,2LLQ,MdrDBcore01214,K299R,1.023,0.9686395525932312,0.5698422789573669,1.1961462497711182
20,6937554,2LLQ,MdrDBcore01215,M297I,0.335,0.5096519589424133,0.5698422789573669,1.1961462497711182
20,6937554,4AA6,MdrDBcore01216,R241L,0.711,0.0535406768321991,0.5698422789573669,1.1961462497711182
20,6937554,4AA6,MdrDBcore01217,R241L,-0.261,-0.14343573153018951,0.5698422789573669,1.1961462497711182
20,6937554,5TM1,MdrDBcore01218,R548C,-0.441,0.006030063610523939,0.5698422789573669,1.1961462497711182
20,6937554,5TM1,MdrDBcore01219,R548C,-0.471,0.3217117488384247,0.5698422789573669,1.1961462497711182
20,6937554,4AA6,MdrDBcore01220,T182A,-0.213,-0.4276787042617798,0.5698422789573669,1.1961462497711182
20,6937554,4AA6,MdrDBcore01221,T182A,0.145,0.10197647660970688,0.5698422789573669,1.1961462497711182
20,6937554,5TM1,MdrDBcore01222,V392I,-0.334,0.0925806313753128,0.5698422789573669,1.1961462497711182
20,6937554,5TM1,MdrDBcore01223,V392I,0.002,0.31232330203056335,0.5698422789573669,1.1961462497711182
20,6937554,5MY6,MdrDBcore01224,A386T,1.101,0.883999228477478,0.5698422789573669,1.1961462497711182
20,6937554,7MN8,MdrDBcore01225,A586G,0.23,0.021967928856611252,0.5698422789573669,1.1961462497711182
20,6937554,6LBX,MdrDBcore01226,A586G,1.097,0.4344303607940674,0.5698422789573669,1.1961462497711182
20,6937554,3PP0,MdrDBcore01227,A830V,-0.34,0.35900571942329407,0.5698422789573669,1.1961462497711182
20,6937554,3PP0,MdrDBcore01228,A830V,1.275,-0.06267265975475311,0.5698422789573669,1.1961462497711182
20,6937554,2L4K,MdrDBcore01229,D1144H,1.33,1.2409321069717407,0.5698422789573669,1.1961462497711182
20,6937554,6LBX,MdrDBcore01230,D592E,1.293,0.3208436667919159,0.5698422789573669,1.1961462497711182
20,6937554,3PP0,MdrDBcore01231,E744K,0.58,0.337784081697464,0.5698422789573669,1.1961462497711182
20,6937554,3PP0,MdrDBcore01232,E744K,1.703,0.0012811491033062339,0.5698422789573669,1.1961462497711182
20,6937554,3PP0,MdrDBcore01233,E930D,0.498,0.3545895218849182,0.5698422789573669,1.1961462497711182
20,6937554,3PP0,MdrDBcore01234,E930D,1.074,0.04151001200079918,0.5698422789573669,1.1961462497711182
20,6937554,3PP0,MdrDBcore01235,E936K,1.208,-0.02286774106323719,0.5698422789573669,1.1961462497711182
20,6937554,7MN8,MdrDBcore01236,G518V,-0.611,-0.80134117603302,0.5698422789573669,1.1961462497711182
20,6937554,5MY6,MdrDBcore01237,G518V,1.487,1.0993578433990479,0.5698422789573669,1.1961462497711182
20,6937554,3PP0,MdrDBcore01238,G776V,1.218,-0.03021342307329178,0.5698422789573669,1.1961462497711182
20,6937554,6LBX,MdrDBcore01239,K591M,1.313,1.0823920965194702,0.5698422789573669,1.1961462497711182
20,6937554,3PP0,MdrDBcore01240,L720P,-0.74,0.37586236000061035,0.5698422789573669,1.1961462497711182
20,6937554,3PP0,MdrDBcore01241,L720P,1.177,0.034757040441036224,0.5698422789573669,1.1961462497711182
20,6937554,3PP0,MdrDBcore01242,L755S,-1.223,0.33237844705581665,0.5698422789573669,1.1961462497711182
20,6937554,3PP0,MdrDBcore01243,L755S,1.397,0.013765041716396809,0.5698422789573669,1.1961462497711182
20,6937554,3PP0,MdrDBcore01244,L796P,1.379,0.06844978034496307,0.5698422789573669,1.1961462497711182
20,6937554,5MY6,MdrDBcore01245,N319Y,1.35,1.5013624429702759,0.5698422789573669,1.1961462497711182
20,6937554,7MN8,MdrDBcore01246,P230L,-0.368,-0.4725065529346466,0.5698422789573669,1.1961462497711182
20,6937554,5MY6,MdrDBcore01247,P230L,1.468,1.1200181245803833,0.5698422789573669,1.1961462497711182
20,6937554,5MY6,MdrDBcore01248,Q178H,1.641,1.0540227890014648,0.5698422789573669,1.1961462497711182
20,6937554,5MY6,MdrDBcore01249,R143Q,1.476,0.8381909132003784,0.5698422789573669,1.1961462497711182
20,6937554,7MN8,MdrDBcore01250,R226H,-0.251,0.2912135124206543,0.5698422789573669,1.1961462497711182
20,6937554,5MY6,MdrDBcore01251,R226H,1.003,1.1035887002944946,0.5698422789573669,1.1961462497711182
20,6937554,5MY6,MdrDBcore01252,R432W,1.52,1.0351859331130981,0.5698422789573669,1.1961462497711182
20,6937554,5MY6,MdrDBcore01253,R499Q,1.643,1.6802293062210083,0.5698422789573669,1.1961462497711182
20,6937554,3PP0,MdrDBcore01254,R816H,1.616,-0.01193580124527216,0.5698422789573669,1.1961462497711182
20,6937554,3PP0,MdrDBcore01255,R896H,0.026,0.07487229257822037,0.5698422789573669,1.1961462497711182
20,6937554,3PP0,MdrDBcore01256,S1007A,-0.226,0.1350906640291214,0.5698422789573669,1.1961462497711182
20,6937554,5MY6,MdrDBcore01257,S310F,1.353,1.3654111623764038,0.5698422789573669,1.1961462497711182
20,6937554,6J71,MdrDBcore01258,S335C,1.298,0.3212667405605316,0.5698422789573669,1.1961462497711182
20,6937554,1MFG,MdrDBcore01259,V1253M,1.209,1.871551513671875,0.5698422789573669,1.1961462497711182
20,6937554,7MN8,MdrDBcore01260,V541M,0.426,-0.6068596243858337,0.5698422789573669,1.1961462497711182
20,6937554,6LBX,MdrDBcore01261,V541M,1.961,1.5514153242111206,0.5698422789573669,1.1961462497711182
20,6937554,3PP0,MdrDBcore01262,V842I,1.0,0.009715328924357891,0.5698422789573669,1.1961462497711182
20,6937554,5MY6,MdrDBcore01263,W452C,-0.482,1.036642074584961,0.5698422789573669,1.1961462497711182
20,6937554,5MY6,MdrDBcore01264,W452S,1.615,0.9085673093795776,0.5698422789573669,1.1961462497711182
20,6937554,2IFG,MdrDBcore01265,A107V,-0.588,0.15896844863891602,0.5698422789573669,1.1961462497711182
20,6937554,2IFG,MdrDBcore01266,A65S,-0.973,-0.02123716101050377,0.5698422789573669,1.1961462497711182
20,6937554,5KMO,MdrDBcore01267,D738N,-1.024,0.17793519794940948,0.5698422789573669,1.1961462497711182
20,6937554,6D20,MdrDBcore01268,E492K,-0.45,0.19124288856983185,0.5698422789573669,1.1961462497711182
20,6937554,6PMB,MdrDBcore01269,E518D,-0.575,0.44063428044319153,0.5698422789573669,1.1961462497711182
20,6937554,5KMO,MdrDBcore01270,E581K,0.113,0.38190004229545593,0.5698422789573669,1.1961462497711182
20,6937554,2IFG,MdrDBcore01271,G166R,-0.339,-0.001494337455369532,0.5698422789573669,1.1961462497711182
20,6937554,6PL3,MdrDBcore01272,G595E,-0.352,0.3370715081691742,0.5698422789573669,1.1961462497711182
20,6937554,2IFG,MdrDBcore01273,G64D,-1.392,0.024419590830802917,0.5698422789573669,1.1961462497711182
20,6937554,6PL3,MdrDBcore01274,K665N,0.854,0.42468079924583435,0.5698422789573669,1.1961462497711182
20,6937554,6PMB,MdrDBcore01275,K665N,0.751,0.5135219097137451,0.5698422789573669,1.1961462497711182
20,6937554,2IFG,MdrDBcore01276,L62P,-0.478,-0.16308937966823578,0.5698422789573669,1.1961462497711182
20,6937554,6PL3,MdrDBcore01277,M671T,0.505,0.5572808384895325,0.5698422789573669,1.1961462497711182
20,6937554,2IFG,MdrDBcore01278,P149L,0.666,0.6684233546257019,0.5698422789573669,1.1961462497711182
20,6937554,1WWW,MdrDBcore01279,P309L,0.354,0.21773767471313477,0.5698422789573669,1.1961462497711182
20,6937554,1HE7,MdrDBcore01280,P387L,-0.124,-0.2542111575603485,0.5698422789573669,1.1961462497711182
20,6937554,2IFG,MdrDBcore01281,R104S,-0.426,-0.17375965416431427,0.5698422789573669,1.1961462497711182
20,6937554,2IFG,MdrDBcore01282,R161H,0.709,0.1455899327993393,0.5698422789573669,1.1961462497711182
20,6937554,1WWW,MdrDBcore01283,R314C,0.363,0.21402813494205475,0.5698422789573669,1.1961462497711182
20,6937554,1WWW,MdrDBcore01284,R314H,-0.637,0.21374794840812683,0.5698422789573669,1.1961462497711182
20,6937554,6PL3,MdrDBcore01285,R574C,0.34,0.4466671943664551,0.5698422789573669,1.1961462497711182
20,6937554,6PL3,MdrDBcore01286,R692H,0.208,0.49035346508026123,0.5698422789573669,1.1961462497711182
20,6937554,4AOJ,MdrDBcore01287,R692H,0.217,0.8076321482658386,0.5698422789573669,1.1961462497711182
20,6937554,6PL3,MdrDBcore01288,R748W,0.476,0.48610109090805054,0.5698422789573669,1.1961462497711182
20,6937554,2IFG,MdrDBcore01289,S277F,1.134,-0.0518987663090229,0.5698422789573669,1.1961462497711182
20,6937554,5KML,MdrDBcore01290,S475C,-0.238,0.438186913728714,0.5698422789573669,1.1961462497711182
20,6937554,4PMM,MdrDBcore01291,T678I,0.181,-0.03631797805428505,0.5698422789573669,1.1961462497711182
20,6937554,2IFG,MdrDBcore01292,V135L,0.269,0.3844486474990845,0.5698422789573669,1.1961462497711182
20,6937554,2IFG,MdrDBcore01293,V170A,0.152,-0.026828695088624954,0.5698422789573669,1.1961462497711182
20,6937554,1WWW,MdrDBcore01294,V282I,-1.069,0.23699918389320374,0.5698422789573669,1.1961462497711182
20,6937554,6PL3,MdrDBcore01295,W514A,0.067,0.5080713033676147,0.5698422789573669,1.1961462497711182
20,6937554,4IBT,MdrDBcore01296,A159D,0.658,-0.15182974934577942,0.5698422789573669,1.1961462497711182
20,6937554,6XRE,MdrDBcore01297,A307V,-0.319,0.3382686972618103,0.5698422789573669,1.1961462497711182
20,6937554,4IBT,MdrDBcore01298,C124R,1.26,0.28415119647979736,0.5698422789573669,1.1961462497711182
20,6937554,4IBT,MdrDBcore01299,C141W,-0.244,-0.4482375979423523,0.5698422789573669,1.1961462497711182
20,6937554,3D07,MdrDBcore01300,C176S,0.854,-0.0503639318048954,0.5698422789573669,1.1961462497711182
20,6937554,4IBT,MdrDBcore01301,C176Y,-0.087,-0.24916891753673553,0.5698422789573669,1.1961462497711182
20,6937554,4IBT,MdrDBcore01302,C238F,-1.165,-0.3738976716995239,0.5698422789573669,1.1961462497711182
20,6937554,4IBT,MdrDBcore01303,C242R,0.573,-0.12137506157159805,0.5698422789573669,1.1961462497711182
20,6937554,3D07,MdrDBcore01304,C242S,-0.088,-0.0506582073867321,0.5698422789573669,1.1961462497711182
20,6937554,2J20,MdrDBcore01305,C242W,0.138,0.38412684202194214,0.5698422789573669,1.1961462497711182
20,6937554,4IBT,MdrDBcore01306,C275G,-0.216,-0.10414296388626099,0.5698422789573669,1.1961462497711182
20,6937554,4IBT,MdrDBcore01307,C275Y,-0.281,-0.29383140802383423,0.5698422789573669,1.1961462497711182
20,6937554,4IBT,MdrDBcore01308,D259V,0.409,-0.3160126507282257,0.5698422789573669,1.1961462497711182
20,6937554,4IBT,MdrDBcore01309,D259Y,0.416,-0.15194553136825562,0.5698422789573669,1.1961462497711182
20,6937554,4IBT,MdrDBcore01310,D281G,-1.902,-0.17135319113731384,0.5698422789573669,1.1961462497711182
20,6937554,4IBT,MdrDBcore01311,D281Y,0.916,-0.4877583086490631,0.5698422789573669,1.1961462497711182
20,6937554,2K8F,MdrDBcore01312,E11Q,0.01,0.39807212352752686,0.5698422789573669,1.1961462497711182
20,6937554,4IBT,MdrDBcore01313,E180A,-0.469,0.021179769188165665,0.5698422789573669,1.1961462497711182
20,6937554,4IBT,MdrDBcore01314,E204A,0.566,-0.15274743735790253,0.5698422789573669,1.1961462497711182
20,6937554,4IBT,MdrDBcore01315,E224K,-0.737,-0.44386985898017883,0.5698422789573669,1.1961462497711182
20,6937554,4IBT,MdrDBcore01316,E285V,0.085,-0.4260500967502594,0.5698422789573669,1.1961462497711182
20,6937554,4IBT,MdrDBcore01317,E286K,-0.38,-0.3530924916267395,0.5698422789573669,1.1961462497711182
20,6937554,6XRE,MdrDBcore01318,E298A,0.302,1.0343490839004517,0.5698422789573669,1.1961462497711182
20,6937554,1SAE,MdrDBcore01319,E349A,0.609,0.5879325270652771,0.5698422789573669,1.1961462497711182
20,6937554,2RUK,MdrDBcore01320,E56A,-0.101,0.7744175791740417,0.5698422789573669,1.1961462497711182
20,6937554,4IBT,MdrDBcore01321,F113L,-1.546,-0.23722997307777405,0.5698422789573669,1.1961462497711182
20,6937554,3D07,MdrDBcore01322,F113V,-0.114,-0.035929229110479355,0.5698422789573669,1.1961462497711182
20,6937554,4IBT,MdrDBcore01323,G154V,-0.054,-0.1347397416830063,0.5698422789573669,1.1961462497711182
20,6937554,4IBT,MdrDBcore01324,G187R,1.545,-0.19403685629367828,0.5698422789573669,1.1961462497711182
20,6937554,4IBT,MdrDBcore01325,G244A,-0.295,-0.15850846469402313,0.5698422789573669,1.1961462497711182
20,6937554,4IBT,MdrDBcore01326,G244C,-0.968,-0.3685866594314575,0.5698422789573669,1.1961462497711182
20,6937554,4IBT,MdrDBcore01327,G245D,-0.079,-0.2726748585700989,0.5698422789573669,1.1961462497711182
20,6937554,4IBT,MdrDBcore01328,G245V,-1.372,-0.15403759479522705,0.5698422789573669,1.1961462497711182
20,6937554,4IBT,MdrDBcore01329,G262V,0.86,-0.2027481645345688,0.5698422789573669,1.1961462497711182
20,6937554,4IBT,MdrDBcore01330,G266R,-0.292,-0.3037742078304291,0.5698422789573669,1.1961462497711182
20,6937554,4IBT,MdrDBcore01331,G266V,0.404,-0.34180331230163574,0.5698422789573669,1.1961462497711182
20,6937554,4IBT,MdrDBcore01332,H179D,0.241,-0.16269677877426147,0.5698422789573669,1.1961462497711182
20,6937554,4IBT,MdrDBcore01333,H179Q,-1.041,-0.33226120471954346,0.5698422789573669,1.1961462497711182
20,6937554,4IBT,MdrDBcore01334,H193L,0.008,0.023075010627508163,0.5698422789573669,1.1961462497711182
20,6937554,4IBT,MdrDBcore01335,H193Y,-0.446,-0.3510366678237915,0.5698422789573669,1.1961462497711182
20,6937554,4IBT,MdrDBcore01336,I195T,-0.053,0.06965235620737076,0.5698422789573669,1.1961462497711182
20,6937554,4IBT,MdrDBcore01337,I232S,-0.179,-0.1876399666070938,0.5698422789573669,1.1961462497711182
20,6937554,4IBT,MdrDBcore01338,I251L,0.404,-0.1858043223619461,0.5698422789573669,1.1961462497711182
20,6937554,4IBT,MdrDBcore01339,I251N,0.376,-0.15603192150592804,0.5698422789573669,1.1961462497711182
20,6937554,4IBT,MdrDBcore01340,I251T,-0.037,-0.14891283214092255,0.5698422789573669,1.1961462497711182
20,6937554,4IBT,MdrDBcore01341,I254N,-1.024,-0.7227646112442017,0.5698422789573669,1.1961462497711182
20,6937554,4IBT,MdrDBcore01342,I255N,0.762,-0.08575217425823212,0.5698422789573669,1.1961462497711182
20,6937554,4IBT,MdrDBcore01343,I255S,-0.381,-0.3098211884498596,0.5698422789573669,1.1961462497711182
20,6937554,4IBT,MdrDBcore01344,I255T,0.232,-0.16140611469745636,0.5698422789573669,1.1961462497711182
20,6937554,4IBT,MdrDBcore01345,K101A,0.039,-0.329143762588501,0.5698422789573669,1.1961462497711182
20,6937554,4IBT,MdrDBcore01346,K120N,0.75,-0.016576239839196205,0.5698422789573669,1.1961462497711182
20,6937554,4IBT,MdrDBcore01347,K132E,-0.108,-0.3994065523147583,0.5698422789573669,1.1961462497711182
20,6937554,4IBT,MdrDBcore01348,K164A,0.358,-0.007666845340281725,0.5698422789573669,1.1961462497711182
20,6937554,4IBT,MdrDBcore01349,K164E,-0.948,-0.4363026022911072,0.5698422789573669,1.1961462497711182
20,6937554,4IBT,MdrDBcore01350,K164N,0.1,-0.17375017702579498,0.5698422789573669,1.1961462497711182
20,6937554,3D07,MdrDBcore01351,K291A,0.558,-0.1453125774860382,0.5698422789573669,1.1961462497711182
20,6937554,4IBT,MdrDBcore01352,L130V,0.525,-0.42397868633270264,0.5698422789573669,1.1961462497711182
20,6937554,4IBT,MdrDBcore01353,L145R,-1.048,-0.20264080166816711,0.5698422789573669,1.1961462497711182
20,6937554,4IBT,MdrDBcore01354,L194F,0.322,-0.051566947251558304,0.5698422789573669,1.1961462497711182
20,6937554,4IBT,MdrDBcore01355,L264R,0.757,-0.10339773446321487,0.5698422789573669,1.1961462497711182
20,6937554,4IBT,MdrDBcore01356,L265P,-0.213,-0.18015271425247192,0.5698422789573669,1.1961462497711182
20,6937554,4IBT,MdrDBcore01357,M246R,-0.158,0.02007126435637474,0.5698422789573669,1.1961462497711182
20,6937554,4IBT,MdrDBcore01358,M246T,-0.159,-0.41880571842193604,0.5698422789573669,1.1961462497711182
20,6937554,4IBT,MdrDBcore01359,N268I,0.208,0.03185932710766792,0.5698422789573669,1.1961462497711182
20,6937554,4IBT,MdrDBcore01360,P151H,-0.277,-0.056284982711076736,0.5698422789573669,1.1961462497711182
20,6937554,4IBT,MdrDBcore01361,P177T,-0.539,-0.14524370431900024,0.5698422789573669,1.1961462497711182
20,6937554,4IBT,MdrDBcore01362,P223L,1.505,-0.3274982273578644,0.5698422789573669,1.1961462497711182
20,6937554,4IBT,MdrDBcore01363,P250L,0.598,-0.2892092764377594,0.5698422789573669,1.1961462497711182
20,6937554,4IBT,MdrDBcore01364,P278A,-0.149,-0.43722856044769287,0.5698422789573669,1.1961462497711182
20,6937554,4IBT,MdrDBcore01365,P278H,-0.406,-0.18695472180843353,0.5698422789573669,1.1961462497711182
20,6937554,4IBT,MdrDBcore01366,P278S,0.716,-0.22343531250953674,0.5698422789573669,1.1961462497711182
20,6937554,4IBT,MdrDBcore01367,P98L,0.522,-0.1855858415365219,0.5698422789573669,1.1961462497711182
20,6937554,4IBT,MdrDBcore01368,Q100A,1.104,-0.16647963225841522,0.5698422789573669,1.1961462497711182
20,6937554,4IBT,MdrDBcore01369,Q144A,-0.373,-0.4061447083950043,0.5698422789573669,1.1961462497711182
20,6937554,4IBT,MdrDBcore01370,Q167A,0.595,-0.387800931930542,0.5698422789573669,1.1961462497711182
20,6937554,3Q01,MdrDBcore01371,Q331A,0.8,0.03780217841267586,0.5698422789573669,1.1961462497711182
20,6937554,4IBT,MdrDBcore01372,R110C,0.246,-0.5091363191604614,0.5698422789573669,1.1961462497711182
20,6937554,4IBT,MdrDBcore01373,R110P,-0.287,0.012630554847419262,0.5698422789573669,1.1961462497711182
20,6937554,4IBT,MdrDBcore01374,R156P,-0.394,-0.04988967254757881,0.5698422789573669,1.1961462497711182
20,6937554,4IBT,MdrDBcore01375,R158G,0.091,0.002399712335318327,0.5698422789573669,1.1961462497711182
20,6937554,4IBT,MdrDBcore01376,R175L,0.612,-0.14510902762413025,0.5698422789573669,1.1961462497711182
20,6937554,4IBT,MdrDBcore01377,R181C,-0.885,-0.3244386911392212,0.5698422789573669,1.1961462497711182
20,6937554,4IBT,MdrDBcore01378,R181H,0.247,-0.3388374447822571,0.5698422789573669,1.1961462497711182
20,6937554,4IBT,MdrDBcore01379,R209A,0.323,-0.18614380061626434,0.5698422789573669,1.1961462497711182
20,6937554,4IBT,MdrDBcore01380,R213L,0.252,-0.14872802793979645,0.5698422789573669,1.1961462497711182
20,6937554,4IBT,MdrDBcore01381,R248G,0.559,-0.19666659832000732,0.5698422789573669,1.1961462497711182
20,6937554,4IBT,MdrDBcore01382,R249G,-0.636,-0.01677394099533558,0.5698422789573669,1.1961462497711182
20,6937554,4IBT,MdrDBcore01383,R267P,0.442,-0.16463631391525269,0.5698422789573669,1.1961462497711182
20,6937554,4IBT,MdrDBcore01384,R280G,-1.191,-0.3833490014076233,0.5698422789573669,1.1961462497711182
20,6937554,4IBT,MdrDBcore01385,R280K,-0.372,-0.17730803787708282,0.5698422789573669,1.1961462497711182
20,6937554,4IBT,MdrDBcore01386,R282Q,0.034,-0.3933935761451721,0.5698422789573669,1.1961462497711182
20,6937554,4IBT,MdrDBcore01387,R283P,-0.816,-0.08842303603887558,0.5698422789573669,1.1961462497711182
20,6937554,1SAE,MdrDBcore01388,R337C,0.867,0.9613819718360901,0.5698422789573669,1.1961462497711182
20,6937554,1SAE,MdrDBcore01389,R337L,-1.266,0.7036189436912537,0.5698422789573669,1.1961462497711182
20,6937554,1SAE,MdrDBcore01390,R342A,-0.389,0.014807580970227718,0.5698422789573669,1.1961462497711182
20,6937554,4IBT,MdrDBcore01391,S215C,-2.605,-0.18651290237903595,0.5698422789573669,1.1961462497711182
20,6937554,4IBT,MdrDBcore01392,S215I,0.645,-0.3614148497581482,0.5698422789573669,1.1961462497711182
20,6937554,4IBT,MdrDBcore01393,S215N,1.106,0.6236369013786316,0.5698422789573669,1.1961462497711182
20,6937554,4IBT,MdrDBcore01394,S215R,0.498,-0.1680305153131485,0.5698422789573669,1.1961462497711182
20,6937554,4IBT,MdrDBcore01395,S240R,-0.058,-0.15653018653392792,0.5698422789573669,1.1961462497711182
20,6937554,4IBT,MdrDBcore01396,S241C,-0.483,-0.21707402169704437,0.5698422789573669,1.1961462497711182
20,6937554,4IBT,MdrDBcore01397,S241Y,-0.136,-0.2050117701292038,0.5698422789573669,1.1961462497711182
20,6937554,4IBT,MdrDBcore01398,S261T,-0.526,-0.22833459079265594,0.5698422789573669,1.1961462497711182
20,6937554,6SL6,MdrDBcore01399,S90F,0.219,0.4691680669784546,0.5698422789573669,1.1961462497711182
20,6937554,4IBT,MdrDBcore01400,T155N,-0.634,-0.17043042182922363,0.5698422789573669,1.1961462497711182
20,6937554,4IBT,MdrDBcore01401,V143M,0.535,-0.09243707358837128,0.5698422789573669,1.1961462497711182
20,6937554,4IBT,MdrDBcore01402,V147D,0.505,-0.17346729338169098,0.5698422789573669,1.1961462497711182
20,6937554,4IBT,MdrDBcore01403,V173M,-0.756,-0.146658793091774,0.5698422789573669,1.1961462497711182
20,6937554,4IBT,MdrDBcore01404,V216L,0.092,-0.3110601603984833,0.5698422789573669,1.1961462497711182
20,6937554,4IBT,MdrDBcore01405,V218L,0.984,-0.09268173575401306,0.5698422789573669,1.1961462497711182
20,6937554,4IBT,MdrDBcore01406,V274F,-0.47,-0.2719990015029907,0.5698422789573669,1.1961462497711182
20,6937554,4IBT,MdrDBcore01407,W146A,0.336,-0.18389128148555756,0.5698422789573669,1.1961462497711182
20,6937554,4IBT,MdrDBcore01408,Y107A,0.163,-0.16964469850063324,0.5698422789573669,1.1961462497711182
20,6937554,4IBT,MdrDBcore01409,Y126A,0.195,-0.19347046315670013,0.5698422789573669,1.1961462497711182
20,6937554,3D07,MdrDBcore01410,Y126C,0.065,0.003995565231889486,0.5698422789573669,1.1961462497711182
20,6937554,4IBT,MdrDBcore01411,Y205F,-0.692,-0.19223058223724365,0.5698422789573669,1.1961462497711182
20,6937554,4IBT,MdrDBcore01412,Y220D,-0.218,0.016404062509536743,0.5698422789573669,1.1961462497711182
20,6937554,4IBT,MdrDBcore01413,Y234C,-1.211,-0.2473878115415573,0.5698422789573669,1.1961462497711182
20,6937554,4IBT,MdrDBcore01414,Y236C,-0.702,-0.31219565868377686,0.5698422789573669,1.1961462497711182
20,6937554,4H1I,MdrDBcore01415,F142C,-1.844,-1.2110812664031982,0.5698422789573669,1.1961462497711182
20,6937554,4H1I,MdrDBcore01416,F91V,0.311,0.14194881916046143,0.5698422789573669,1.1961462497711182
20,6937554,4H1I,MdrDBcore01417,K93N,-0.864,-0.5281887650489807,0.5698422789573669,1.1961462497711182
20,6937554,4H1I,MdrDBcore01418,P27S,1.115,-1.2433711290359497,0.5698422789573669,1.1961462497711182
20,6937554,4H1I,MdrDBcore01419,R115A,-0.787,-1.1262128353118896,0.5698422789573669,1.1961462497711182
20,6937554,4H1I,MdrDBcore01420,Y33H,-2.721,-1.1401832103729248,0.5698422789573669,1.1961462497711182
20,6937554,2I0E,MdrDBcore01421,A451V,-1.057,0.34570348262786865,0.5698422789573669,1.1961462497711182
20,6937554,2I0E,MdrDBcore01422,A509T,0.084,0.33786168694496155,0.5698422789573669,1.1961462497711182
20,6937554,2I0E,MdrDBcore01423,A570T,-0.868,0.38696229457855225,0.5698422789573669,1.1961462497711182
20,6937554,2I0E,MdrDBcore01424,A621T,0.105,0.28737738728523254,0.5698422789573669,1.1961462497711182
20,6937554,2I0E,MdrDBcore01425,D475Y,0.998,0.26067376136779785,0.5698422789573669,1.1961462497711182
20,6937554,2I0E,MdrDBcore01426,E385D,0.183,0.3651297092437744,0.5698422789573669,1.1961462497711182
20,6937554,2I0E,MdrDBcore01427,E657K,0.732,0.37847840785980225,0.5698422789573669,1.1961462497711182
20,6937554,2I0E,MdrDBcore01428,G436D,1.299,0.36311691999435425,0.5698422789573669,1.1961462497711182
20,6937554,2I0E,MdrDBcore01429,G543V,0.868,0.3826347291469574,0.5698422789573669,1.1961462497711182
20,6937554,2I0E,MdrDBcore01430,K489N,-1.153,0.27515915036201477,0.5698422789573669,1.1961462497711182
20,6937554,2I0E,MdrDBcore01431,L469P,-0.426,0.2689221501350403,0.5698422789573669,1.1961462497711182
20,6937554,2I0E,MdrDBcore01432,M357I,0.278,0.3757200539112091,0.5698422789573669,1.1961462497711182
20,6937554,2I0E,MdrDBcore01433,P588H,-0.197,0.3201865255832672,0.5698422789573669,1.1961462497711182
20,6937554,2I0E,MdrDBcore01434,P616T,0.902,0.35495996475219727,0.5698422789573669,1.1961462497711182
20,6937554,2I0E,MdrDBcore01435,P669R,0.154,0.3633306324481964,0.5698422789573669,1.1961462497711182
20,6937554,2I0E,MdrDBcore01436,Q433H,0.915,0.35693687200546265,0.5698422789573669,1.1961462497711182
20,6937554,2I0E,MdrDBcore01437,R465H,0.048,0.5218076705932617,0.5698422789573669,1.1961462497711182
20,6937554,2I0E,MdrDBcore01438,R610H,0.7,0.2437218576669693,0.5698422789573669,1.1961462497711182
20,6937554,2I0E,MdrDBcore01439,S664F,-0.12,0.44245976209640503,0.5698422789573669,1.1961462497711182
20,6937554,1LKL,MdrDBcore01440,A143S,0.436,-0.8045063018798828,0.5698422789573669,1.1961462497711182
20,6937554,1LKL,MdrDBcore01441,A143S,-0.266,-0.1042189672589302,0.5698422789573669,1.1961462497711182
20,6937554,1LKL,MdrDBcore01442,A160T,-0.713,-0.34502506256103516,0.5698422789573669,1.1961462497711182
20,6937554,1QPJ,MdrDBcore01443,E448Q,0.337,-0.01351648848503828,0.5698422789573669,1.1961462497711182
20,6937554,1QPJ,MdrDBcore01444,E467D,0.417,0.07886850088834763,0.5698422789573669,1.1961462497711182
20,6937554,1QPJ,MdrDBcore01445,E482Q,0.393,0.027190595865249634,0.5698422789573669,1.1961462497711182
20,6937554,1QPJ,MdrDBcore01446,G456S,2.467,0.09356891363859177,0.5698422789573669,1.1961462497711182
20,6937554,1LKL,MdrDBcore01447,R139Q,-1.006,-0.33764970302581787,0.5698422789573669,1.1961462497711182
20,6937554,1QPJ,MdrDBcore01448,R363H,0.33,0.06635206192731857,0.5698422789573669,1.1961462497711182
20,6937554,1QPJ,MdrDBcore01449,R480H,1.736,0.08605972677469254,0.5698422789573669,1.1961462497711182
20,6937554,3LCK,MdrDBcore01450,R484W,-0.656,0.03400779888033867,0.5698422789573669,1.1961462497711182
20,6937554,1QPJ,MdrDBcore01451,S377R,0.101,0.14172066748142242,0.5698422789573669,1.1961462497711182
20,6937554,1QPJ,MdrDBcore01452,T416I,0.636,0.13444164395332336,0.5698422789573669,1.1961462497711182
20,6937554,1LKL,MdrDBcore01453,V167I,0.702,-0.628667950630188,0.5698422789573669,1.1961462497711182
20,6937554,4Y72,MdrDBcore01454,A250V,-0.229,0.316271036863327,0.5698422789573669,1.1961462497711182
20,6937554,5LQF,MdrDBcore01455,G177R,-0.39,-0.5626448392868042,0.5698422789573669,1.1961462497711182
20,6937554,5LQF,MdrDBcore01456,L282R,0.117,0.4685249328613281,0.5698422789573669,1.1961462497711182
20,6937554,5LQF,MdrDBcore01457,P95S,0.513,0.2988429069519043,0.5698422789573669,1.1961462497711182
20,6937554,5LQF,MdrDBcore01458,R59C,0.765,0.5816944241523743,0.5698422789573669,1.1961462497711182
20,6937554,5LQF,MdrDBcore01459,S178L,0.634,0.2876902222633362,0.5698422789573669,1.1961462497711182
20,6937554,5LQF,MdrDBcore01460,S233Y,-1.024,0.2599717974662781,0.5698422789573669,1.1961462497711182
20,6937554,5LQF,MdrDBcore01461,S248N,0.331,0.4572834372520447,0.5698422789573669,1.1961462497711182
20,6937554,3LCD,MdrDBcore01462,A792P,-0.053,-0.1787872463464737,0.5698422789573669,1.1961462497711182
20,6937554,4WRL,MdrDBcore01463,D89N,0.066,0.6521539688110352,0.5698422789573669,1.1961462497711182
20,6937554,3KRJ,MdrDBcore01464,E664G,-0.582,0.4903627634048462,0.5698422789573669,1.1961462497711182
20,6937554,4WRL,MdrDBcore01465,G145D,-0.559,0.2890588343143463,0.5698422789573669,1.1961462497711182
20,6937554,4LIQ,MdrDBcore01466,G377D,-0.221,0.46814674139022827,0.5698422789573669,1.1961462497711182
20,6937554,3KRJ,MdrDBcore01467,H623Y,0.502,0.5253738164901733,0.5698422789573669,1.1961462497711182
20,6937554,3KRJ,MdrDBcore01468,I827N,0.378,0.5707913041114807,0.5698422789573669,1.1961462497711182
20,6937554,4LIQ,MdrDBcore01469,L207P,0.132,0.08616971969604492,0.5698422789573669,1.1961462497711182
20,6937554,4LIQ,MdrDBcore01470,P202S,-0.329,-0.010510333813726902,0.5698422789573669,1.1961462497711182
20,6937554,4WRM,MdrDBcore01471,Q460H,-0.25,0.7524311542510986,0.5698422789573669,1.1961462497711182
20,6937554,4LIQ,MdrDBcore01472,R106Q,0.467,0.7726581692695618,0.5698422789573669,1.1961462497711182
20,6937554,4LIQ,MdrDBcore01473,R256H,-0.115,-0.3031310439109802,0.5698422789573669,1.1961462497711182
20,6937554,4LIQ,MdrDBcore01474,R486S,0.047,-0.12385489791631699,0.5698422789573669,1.1961462497711182
20,6937554,3KRJ,MdrDBcore01475,R753W,0.081,0.4987107813358307,0.5698422789573669,1.1961462497711182
20,6937554,3KRJ,MdrDBcore01476,T600M,-0.669,0.5587355494499207,0.5698422789573669,1.1961462497711182
20,6937554,3KRJ,MdrDBcore01477,V659A,-0.192,0.5474078059196472,0.5698422789573669,1.1961462497711182
20,6937554,3KRJ,MdrDBcore01478,Y571D,-4.236,0.5213673710823059,0.5698422789573669,1.1961462497711182
20,6937554,6JK8,MdrDBcore01479,A241T,0.418,0.028125932440161705,0.5698422789573669,1.1961462497711182
20,6937554,6JK8,MdrDBcore01480,A241T,-0.493,-0.20335207879543304,0.5698422789573669,1.1961462497711182
20,6937554,5FXR,MdrDBcore01481,D1146N,-1.665,0.7129117846488953,0.5698422789573669,1.1961462497711182
20,6937554,3LW0,MdrDBcore01482,D1146N,-0.583,0.7680971622467041,0.5698422789573669,1.1961462497711182
20,6937554,6JK8,MdrDBcore01483,D162N,-0.641,0.12356559187173843,0.5698422789573669,1.1961462497711182
20,6937554,6JK8,MdrDBcore01484,D162N,0.147,0.4289064407348633,0.5698422789573669,1.1961462497711182
20,6937554,6JK8,MdrDBcore01485,D38N,0.666,0.21027834713459015,0.5698422789573669,1.1961462497711182
20,6937554,6JK8,MdrDBcore01486,D38N,1.32,-0.2683570981025696,0.5698422789573669,1.1961462497711182
20,6937554,3LW0,MdrDBcore01487,E1037K,-0.695,0.7712984085083008,0.5698422789573669,1.1961462497711182
20,6937554,3LW0,MdrDBcore01488,E1037K,-0.099,0.8346774578094482,0.5698422789573669,1.1961462497711182
20,6937554,6JK8,MdrDBcore01489,E302K,0.823,0.13439197838306427,0.5698422789573669,1.1961462497711182
20,6937554,6JK8,MdrDBcore01490,E302K,1.437,-0.5762457847595215,0.5698422789573669,1.1961462497711182
20,6937554,3LW0,MdrDBcore01491,G1229S,0.075,0.9528806209564209,0.5698422789573669,1.1961462497711182
20,6937554,5FXR,MdrDBcore01492,G1229S,-0.613,-0.7112244963645935,0.5698422789573669,1.1961462497711182
20,6937554,6JK8,MdrDBcore01493,G310S,-0.536,-0.15966780483722687,0.5698422789573669,1.1961462497711182
20,6937554,6JK8,MdrDBcore01494,G310S,-0.536,-0.8234208822250366,0.5698422789573669,1.1961462497711182
20,6937554,6JK8,MdrDBcore01495,G410V,-0.209,-1.2105793952941895,0.5698422789573669,1.1961462497711182
20,6937554,6JK8,MdrDBcore01496,G410V,0.236,0.14814132452011108,0.5698422789573669,1.1961462497711182
20,6937554,6JK8,MdrDBcore01497,K339N,0.29,0.18548037111759186,0.5698422789573669,1.1961462497711182
20,6937554,6JK8,MdrDBcore01498,K339N,1.646,0.8241660594940186,0.5698422789573669,1.1961462497711182
20,6937554,6JK8,MdrDBcore01499,M446V,-0.437,0.3914143145084381,0.5698422789573669,1.1961462497711182
20,6937554,6JK8,MdrDBcore01500,M446V,-0.563,-0.3485659956932068,0.5698422789573669,1.1961462497711182
20,6937554,6VWG,MdrDBcore01501,N284Y,0.032,-0.4906335175037384,0.5698422789573669,1.1961462497711182
20,6937554,6VWG,MdrDBcore01502,N284Y,1.196,0.19536729156970978,0.5698422789573669,1.1961462497711182
20,6937554,3LW0,MdrDBcore01503,P989S,1.181,0.7558520436286926,0.5698422789573669,1.1961462497711182
20,6937554,3LW0,MdrDBcore01504,P989S,-0.106,-0.025369802489876747,0.5698422789573669,1.1961462497711182
20,6937554,6JK8,MdrDBcore01505,R107H,-0.356,0.29708343744277954,0.5698422789573669,1.1961462497711182
20,6937554,6JK8,MdrDBcore01506,R107H,-0.295,-0.34408581256866455,0.5698422789573669,1.1961462497711182
20,6937554,6JK8,MdrDBcore01507,R252C,0.968,0.5060178637504578,0.5698422789573669,1.1961462497711182
20,6937554,6JK8,MdrDBcore01508,R279H,1.442,-0.4644603133201599,0.5698422789573669,1.1961462497711182
20,6937554,6JK8,MdrDBcore01509,R461H,-0.472,-0.46815142035484314,0.5698422789573669,1.1961462497711182
20,6937554,6JK8,MdrDBcore01510,R461H,-1.424,-0.5707976222038269,0.5698422789573669,1.1961462497711182
20,6937554,6JK8,MdrDBcore01511,R595H,-0.752,-0.5013298392295837,0.5698422789573669,1.1961462497711182
20,6937554,6JK8,MdrDBcore01512,R595H,-0.32,-0.05023160204291344,0.5698422789573669,1.1961462497711182
20,6937554,6JK8,MdrDBcore01513,R650Q,0.252,-0.639677882194519,0.5698422789573669,1.1961462497711182
20,6937554,6VWJ,MdrDBcore01514,R794Q,-1.156,-0.12704090774059296,0.5698422789573669,1.1961462497711182
20,6937554,3LW0,MdrDBcore01515,S1009L,1.291,1.526231050491333,0.5698422789573669,1.1961462497711182
20,6937554,1JQH,MdrDBcore01516,S1009L,1.873,1.737445592880249,0.5698422789573669,1.1961462497711182
20,6937554,6JK8,MdrDBcore01517,S343F,-0.771,-0.5848058462142944,0.5698422789573669,1.1961462497711182
20,6937554,6JK8,MdrDBcore01518,S522N,0.21,-0.2774728238582611,0.5698422789573669,1.1961462497711182
20,6937554,6JK8,MdrDBcore01519,S522N,-0.498,-0.24508124589920044,0.5698422789573669,1.1961462497711182
20,6937554,6JK8,MdrDBcore01520,T524S,0.156,-0.02572222426533699,0.5698422789573669,1.1961462497711182
20,6937554,6JK8,MdrDBcore01521,T524S,-0.592,-0.9037799835205078,0.5698422789573669,1.1961462497711182
20,6937554,6JK8,MdrDBcore01522,V259I,-1.087,-0.12287606298923492,0.5698422789573669,1.1961462497711182
20,6937554,6JK8,MdrDBcore01523,V259I,-0.83,-0.2917887270450592,0.5698422789573669,1.1961462497711182
20,6937554,6JK8,MdrDBcore01524,V388M,-0.517,-0.16357840597629547,0.5698422789573669,1.1961462497711182
20,6937554,6JK8,MdrDBcore01525,V388M,-0.467,0.11944910138845444,0.5698422789573669,1.1961462497711182
20,6937554,5U8R,MdrDBcore01526,V554M,-0.571,-0.05858111009001732,0.5698422789573669,1.1961462497711182
20,6937554,5U8R,MdrDBcore01527,V554M,-0.551,-0.39383232593536377,0.5698422789573669,1.1961462497711182
20,6937554,6JK8,MdrDBcore01528,V579I,-0.143,0.009002934210002422,0.5698422789573669,1.1961462497711182
20,6937554,6JK8,MdrDBcore01529,V579I,-0.425,-0.08779080957174301,0.5698422789573669,1.1961462497711182
20,6937554,6JK8,MdrDBcore01530,Y517C,-1.026,-0.6017619371414185,0.5698422789573669,1.1961462497711182
20,6937554,6JK8,MdrDBcore01531,Y517C,-1.022,-0.08776156604290009,0.5698422789573669,1.1961462497711182
20,6937554,4K3J,MdrDBcore01532,A347T,0.149,0.23462273180484772,0.5698422789573669,1.1961462497711182
20,6937554,6GCU,MdrDBcore01533,A347T,-0.366,-0.07009100914001465,0.5698422789573669,1.1961462497711182
20,6937554,6GCU,MdrDBcore01534,A347T,-0.085,0.1522282212972641,0.5698422789573669,1.1961462497711182
20,6937554,6GCU,MdrDBcore01535,A347T,-0.618,-0.5644440650939941,0.5698422789573669,1.1961462497711182
20,6937554,6GCU,MdrDBcore01536,A347T,-0.912,-0.1383098065853119,0.5698422789573669,1.1961462497711182
20,6937554,2UZY,MdrDBcore01537,D741N,1.117,0.1572372168302536,0.5698422789573669,1.1961462497711182
20,6937554,2UZY,MdrDBcore01538,D741N,0.869,-0.24144944548606873,0.5698422789573669,1.1961462497711182
20,6937554,2UZY,MdrDBcore01539,D741N,1.061,-0.42418497800827026,0.5698422789573669,1.1961462497711182
20,6937554,2UZY,MdrDBcore01540,D741N,0.314,0.46430566906929016,0.5698422789573669,1.1961462497711182
20,6937554,4K3J,MdrDBcore01541,E168D,-0.883,-0.09232617914676666,0.5698422789573669,1.1961462497711182
20,6937554,4K3J,MdrDBcore01542,E168D,-0.715,-0.19656477868556976,0.5698422789573669,1.1961462497711182
20,6937554,4K3J,MdrDBcore01543,E168K,1.039,0.3207406997680664,0.5698422789573669,1.1961462497711182
20,6937554,6GCU,MdrDBcore01544,E168K,-0.809,0.164063960313797,0.5698422789573669,1.1961462497711182
20,6937554,6GCU,MdrDBcore01545,E168K,0.405,-0.12877614796161652,0.5698422789573669,1.1961462497711182
20,6937554,6GCU,MdrDBcore01546,E168K,0.486,0.10353180021047592,0.5698422789573669,1.1961462497711182
20,6937554,6WVZ,MdrDBcore01547,E302K,1.583,0.17547443509101868,0.5698422789573669,1.1961462497711182
20,6937554,7MOB,MdrDBcore01548,E302K,-0.433,-0.44829249382019043,0.5698422789573669,1.1961462497711182
20,6937554,6WVZ,MdrDBcore01549,E302K,1.611,-0.5633910894393921,0.5698422789573669,1.1961462497711182
20,6937554,7MOB,MdrDBcore01550,E302K,0.375,-0.46029728651046753,0.5698422789573669,1.1961462497711182
20,6937554,7MOB,MdrDBcore01551,E302K,1.254,-0.020067978650331497,0.5698422789573669,1.1961462497711182
20,6937554,7MO7,MdrDBcore01552,E34K,1.085,-0.5028084516525269,0.5698422789573669,1.1961462497711182
20,6937554,7MOB,MdrDBcore01553,E34K,-0.025,-0.5547959804534912,0.5698422789573669,1.1961462497711182
20,6937554,7MO7,MdrDBcore01554,E34K,1.129,-0.21136197447776794,0.5698422789573669,1.1961462497711182
20,6937554,7MOB,MdrDBcore01555,E34K,0.439,-0.046135690063238144,0.5698422789573669,1.1961462497711182
20,6937554,2UZY,MdrDBcore01556,E740K,0.869,0.7740275859832764,0.5698422789573669,1.1961462497711182
20,6937554,6GCU,MdrDBcore01557,E740K,0.247,-0.15336176753044128,0.5698422789573669,1.1961462497711182
20,6937554,6GCU,MdrDBcore01558,E740K,0.625,0.26290133595466614,0.5698422789573669,1.1961462497711182
20,6937554,6GCU,MdrDBcore01559,E740K,-0.117,-0.3433304727077484,0.5698422789573669,1.1961462497711182
20,6937554,4K3J,MdrDBcore01560,G344R,0.751,0.22459261119365692,0.5698422789573669,1.1961462497711182
20,6937554,6GCU,MdrDBcore01561,G344R,-0.534,0.5497794151306152,0.5698422789573669,1.1961462497711182
20,6937554,6GCU,MdrDBcore01562,G344R,-1.008,-0.6120103001594543,0.5698422789573669,1.1961462497711182
20,6937554,6GCU,MdrDBcore01563,G344R,0.425,0.6115601062774658,0.5698422789573669,1.1961462497711182
20,6937554,6GCU,MdrDBcore01564,H159R,-0.446,-0.46714675426483154,0.5698422789573669,1.1961462497711182
20,6937554,6GCU,MdrDBcore01565,H159R,0.065,0.31195658445358276,0.5698422789573669,1.1961462497711182
20,6937554,6GCU,MdrDBcore01566,H159R,0.074,0.27286818623542786,0.5698422789573669,1.1961462497711182
20,6937554,6GCU,MdrDBcore01567,H159R,-0.865,0.061292361468076706,0.5698422789573669,1.1961462497711182
20,6937554,6GCU,MdrDBcore01568,I316M,-0.289,-1.0585792064666748,0.5698422789573669,1.1961462497711182
20,6937554,4K3J,MdrDBcore01569,I333L,0.658,0.8316733241081238,0.5698422789573669,1.1961462497711182
20,6937554,6GCU,MdrDBcore01570,I333L,-0.058,-0.6998653411865234,0.5698422789573669,1.1961462497711182
20,6937554,6GCU,MdrDBcore01571,I333L,0.252,0.3829317092895508,0.5698422789573669,1.1961462497711182
20,6937554,6GCU,MdrDBcore01572,I333L,0.196,0.5142012238502502,0.5698422789573669,1.1961462497711182
20,6937554,7MO7,MdrDBcore01573,I583M,0.835,0.7356341481208801,0.5698422789573669,1.1961462497711182
20,6937554,6GCU,MdrDBcore01574,I583M,0.19,0.38210493326187134,0.5698422789573669,1.1961462497711182
20,6937554,6GCU,MdrDBcore01575,I583M,-0.494,-0.05174000933766365,0.5698422789573669,1.1961462497711182
20,6937554,7MO7,MdrDBcore01576,I638L,1.058,0.9963500499725342,0.5698422789573669,1.1961462497711182
20,6937554,6GCU,MdrDBcore01577,I638L,0.795,0.21594300866127014,0.5698422789573669,1.1961462497711182
20,6937554,6GCU,MdrDBcore01578,I638L,0.802,0.34681493043899536,0.5698422789573669,1.1961462497711182
20,6937554,7MOB,MdrDBcore01579,K303T,0.184,0.04960502311587334,0.5698422789573669,1.1961462497711182
20,6937554,7MOB,MdrDBcore01580,K303T,-0.012,-0.784885585308075,0.5698422789573669,1.1961462497711182
20,6937554,7MOB,MdrDBcore01581,K303T,0.45,-0.6353161931037903,0.5698422789573669,1.1961462497711182
20,6937554,7MOB,MdrDBcore01582,K303T,-0.496,0.1692543774843216,0.5698422789573669,1.1961462497711182
20,6937554,7MO7,MdrDBcore01583,K595T,0.861,0.6271493434906006,0.5698422789573669,1.1961462497711182
20,6937554,6GCU,MdrDBcore01584,K595T,-0.75,-0.459507554769516,0.5698422789573669,1.1961462497711182
20,6937554,7MO7,MdrDBcore01585,K595T,0.224,-0.4307362139225006,0.5698422789573669,1.1961462497711182
20,6937554,6GCU,MdrDBcore01586,K595T,-1.022,-0.29554232954978943,0.5698422789573669,1.1961462497711182
20,6937554,4K3J,MdrDBcore01587,L530V,-0.012,0.0829087570309639,0.5698422789573669,1.1961462497711182
20,6937554,4K3J,MdrDBcore01588,L530V,-0.068,0.006917502265423536,0.5698422789573669,1.1961462497711182
20,6937554,4K3J,MdrDBcore01589,L530V,0.265,-0.05091656744480133,0.5698422789573669,1.1961462497711182
20,6937554,6GCU,MdrDBcore01590,L530V,-0.304,0.05628890171647072,0.5698422789573669,1.1961462497711182
20,6937554,7MO7,MdrDBcore01591,L604V,-0.47,0.11490754038095474,0.5698422789573669,1.1961462497711182
20,6937554,6GCU,MdrDBcore01592,L604V,-0.787,0.12234511971473694,0.5698422789573669,1.1961462497711182
20,6937554,7MO7,MdrDBcore01593,L604V,-0.155,-1.4816994667053223,0.5698422789573669,1.1961462497711182
20,6937554,6GCU,MdrDBcore01594,L604V,-0.098,-0.24994580447673798,0.5698422789573669,1.1961462497711182
20,6937554,6GCU,MdrDBcore01595,L604V,-0.419,-0.8899288773536682,0.5698422789573669,1.1961462497711182
20,6937554,6GCU,MdrDBcore01596,M362T,0.053,0.17703129351139069,0.5698422789573669,1.1961462497711182
20,6937554,4K3J,MdrDBcore01597,M362T,0.651,-0.027691859751939774,0.5698422789573669,1.1961462497711182
20,6937554,6GCU,MdrDBcore01598,M362T,0.587,-0.18264202773571014,0.5698422789573669,1.1961462497711182
20,6937554,6GCU,MdrDBcore01599,M362T,-0.04,-0.23558790981769562,0.5698422789573669,1.1961462497711182
20,6937554,6GCU,MdrDBcore01600,M362T,0.5,0.19816236197948456,0.5698422789573669,1.1961462497711182
20,6937554,7MO7,MdrDBcore01601,M636V,1.12,0.9496458172798157,0.5698422789573669,1.1961462497711182
20,6937554,6GCU,MdrDBcore01602,M636V,-0.917,0.10569759458303452,0.5698422789573669,1.1961462497711182
20,6937554,6GCU,MdrDBcore01603,M636V,0.86,0.39278972148895264,0.5698422789573669,1.1961462497711182
20,6937554,6GCU,MdrDBcore01604,M636V,0.24,-0.38615697622299194,0.5698422789573669,1.1961462497711182
20,6937554,4K3J,MdrDBcore01605,N375K,1.48,0.4428490102291107,0.5698422789573669,1.1961462497711182
20,6937554,4K3J,MdrDBcore01606,N375K,1.787,0.03541314974427223,0.5698422789573669,1.1961462497711182
20,6937554,4K3J,MdrDBcore01607,N375S,-0.341,-0.3384113013744354,0.5698422789573669,1.1961462497711182
20,6937554,4K3J,MdrDBcore01608,N375S,-0.526,-0.1826154738664627,0.5698422789573669,1.1961462497711182
20,6937554,4K3J,MdrDBcore01609,P366S,1.022,-0.12444198876619339,0.5698422789573669,1.1961462497711182
20,6937554,4K3J,MdrDBcore01610,P366S,1.015,0.01839708909392357,0.5698422789573669,1.1961462497711182
20,6937554,6GCU,MdrDBcore01611,P366S,1.058,0.2912312150001526,0.5698422789573669,1.1961462497711182
20,6937554,6GCU,MdrDBcore01612,P366S,0.752,0.03497636690735817,0.5698422789573669,1.1961462497711182
20,6937554,3I5N,MdrDBcore01613,R1166A,-0.058,0.34981852769851685,0.5698422789573669,1.1961462497711182
20,6937554,3I5N,MdrDBcore01614,R1166A,0.043,0.21591441333293915,0.5698422789573669,1.1961462497711182
20,6937554,4K3J,MdrDBcore01615,R191W,0.304,0.2150183618068695,0.5698422789573669,1.1961462497711182
20,6937554,6GCU,MdrDBcore01616,R191W,0.021,-0.6037352681159973,0.5698422789573669,1.1961462497711182
20,6937554,4K3J,MdrDBcore01617,R191W,-0.321,-0.16301609575748444,0.5698422789573669,1.1961462497711182
20,6937554,6GCU,MdrDBcore01618,R191W,-0.683,-0.1085677295923233,0.5698422789573669,1.1961462497711182
20,6937554,6GCU,MdrDBcore01619,R191W,0.36,-0.3951703906059265,0.5698422789573669,1.1961462497711182
20,6937554,4XMO,MdrDBcore01620,S1159L,-0.493,0.16089828312397003,0.5698422789573669,1.1961462497711182
20,6937554,4K3J,MdrDBcore01621,S135N,0.701,-1.0266566276550293,0.5698422789573669,1.1961462497711182
20,6937554,6GCU,MdrDBcore01622,S135N,0.153,0.20471569895744324,0.5698422789573669,1.1961462497711182
20,6937554,6GCU,MdrDBcore01623,S135N,0.69,0.3719286024570465,0.5698422789573669,1.1961462497711182
20,6937554,6GCU,MdrDBcore01624,S135N,-0.604,-0.7316604256629944,0.5698422789573669,1.1961462497711182
20,6937554,4K3J,MdrDBcore01625,S244Y,0.904,0.006635147612541914,0.5698422789573669,1.1961462497711182
20,6937554,6GCU,MdrDBcore01626,S244Y,0.919,0.46190473437309265,0.5698422789573669,1.1961462497711182
20,6937554,6GCU,MdrDBcore01627,S244Y,0.959,-0.12904226779937744,0.5698422789573669,1.1961462497711182
20,6937554,6GCU,MdrDBcore01628,S244Y,0.06,0.15055134892463684,0.5698422789573669,1.1961462497711182
20,6937554,4K3J,MdrDBcore01629,S323G,0.398,-0.07995457947254181,0.5698422789573669,1.1961462497711182
20,6937554,6GCU,MdrDBcore01630,S323G,0.185,0.1692654937505722,0.5698422789573669,1.1961462497711182
20,6937554,4K3J,MdrDBcore01631,S323G,1.059,-0.041050273925065994,0.5698422789573669,1.1961462497711182
20,6937554,6GCU,MdrDBcore01632,S323G,-0.053,0.341508150100708,0.5698422789573669,1.1961462497711182
20,6937554,6GCU,MdrDBcore01633,S323G,-1.03,0.4989224076271057,0.5698422789573669,1.1961462497711182
20,6937554,7MO7,MdrDBcore01634,S572N,0.78,0.11744683235883713,0.5698422789573669,1.1961462497711182
20,6937554,6GCU,MdrDBcore01635,S572N,-0.222,-0.1645403355360031,0.5698422789573669,1.1961462497711182
20,6937554,6GCU,MdrDBcore01636,S572N,-0.648,0.6088197231292725,0.5698422789573669,1.1961462497711182
20,6937554,6GCU,MdrDBcore01637,S572N,-0.449,0.34909844398498535,0.5698422789573669,1.1961462497711182
20,6937554,4K3J,MdrDBcore01638,T200A,0.736,-0.2627532184123993,0.5698422789573669,1.1961462497711182
20,6937554,6GCU,MdrDBcore01639,T200A,0.154,0.21982425451278687,0.5698422789573669,1.1961462497711182
20,6937554,6GCU,MdrDBcore01640,T200A,-0.662,0.08758427947759628,0.5698422789573669,1.1961462497711182
20,6937554,6GCU,MdrDBcore01641,T200A,0.459,0.2865825295448303,0.5698422789573669,1.1961462497711182
20,6937554,4K3J,MdrDBcore01642,T273N,0.03,-0.7252827882766724,0.5698422789573669,1.1961462497711182
20,6937554,6GCU,MdrDBcore01643,T273N,0.39,0.06284026056528091,0.5698422789573669,1.1961462497711182
20,6937554,6GCU,MdrDBcore01644,T273N,-0.168,-0.6021394729614258,0.5698422789573669,1.1961462497711182
20,6937554,6GCU,MdrDBcore01645,T273N,-0.455,-0.6491996049880981,0.5698422789573669,1.1961462497711182
20,6937554,6GCU,MdrDBcore01646,T273N,0.54,0.3504056930541992,0.5698422789573669,1.1961462497711182
20,6937554,4K3J,MdrDBcore01647,T86I,1.143,0.6380560398101807,0.5698422789573669,1.1961462497711182
20,6937554,6GCU,MdrDBcore01648,T86I,0.902,0.4844370484352112,0.5698422789573669,1.1961462497711182
20,6937554,4K3J,MdrDBcore01649,T86I,0.896,0.0221879743039608,0.5698422789573669,1.1961462497711182
20,6937554,6GCU,MdrDBcore01650,T86I,0.529,-0.11834685504436493,0.5698422789573669,1.1961462497711182
20,6937554,6GCU,MdrDBcore01651,T86I,0.561,-0.20369409024715424,0.5698422789573669,1.1961462497711182
20,6937554,6GCU,MdrDBcore01652,V122D,0.629,0.2698867917060852,0.5698422789573669,1.1961462497711182
20,6937554,6GCU,MdrDBcore01653,V122D,-0.35,-0.3649270832538605,0.5698422789573669,1.1961462497711182
20,6937554,6GCU,MdrDBcore01654,V122D,-0.42,-0.15884394943714142,0.5698422789573669,1.1961462497711182
20,6937554,6GCU,MdrDBcore01655,V122D,0.414,-0.17392413318157196,0.5698422789573669,1.1961462497711182
20,6937554,4K3J,MdrDBcore01656,V136I,0.496,-0.3980337679386139,0.5698422789573669,1.1961462497711182
20,6937554,6GCU,MdrDBcore01657,V136I,-0.92,-0.05161682888865471,0.5698422789573669,1.1961462497711182
20,6937554,6GCU,MdrDBcore01658,V136I,-0.168,0.21736939251422882,0.5698422789573669,1.1961462497711182
20,6937554,2RD6,MdrDBcore01659,A220V,1.537,0.2041623443365097,0.5698422789573669,1.1961462497711182
20,6937554,2RD6,MdrDBcore01660,A220V,0.982,0.55306476354599,0.5698422789573669,1.1961462497711182
20,6937554,2RD6,MdrDBcore01661,A220V,0.19,-0.8369235396385193,0.5698422789573669,1.1961462497711182
20,6937554,2RD6,MdrDBcore01662,A220V,0.529,0.21075280010700226,0.5698422789573669,1.1961462497711182
20,6937554,2RCW,MdrDBcore01663,A220V,0.241,0.5667575597763062,0.5698422789573669,1.1961462497711182
20,6937554,3L3M,MdrDBcore01664,K230N,0.662,0.5074810981750488,0.5698422789573669,1.1961462497711182
20,6937554,2RD6,MdrDBcore01665,K230N,1.467,0.10632900148630142,0.5698422789573669,1.1961462497711182
20,6937554,2RD6,MdrDBcore01666,K230N,1.061,0.02713637426495552,0.5698422789573669,1.1961462497711182
20,6937554,2RD6,MdrDBcore01667,K230N,0.578,0.20941662788391113,0.5698422789573669,1.1961462497711182
20,6937554,2RD6,MdrDBcore01668,K230N,1.274,1.0529476404190063,0.5698422789573669,1.1961462497711182
20,6937554,4DQY,MdrDBcore01669,Y570C,1.291,0.3630399703979492,0.5698422789573669,1.1961462497711182
20,6937554,4DQY,MdrDBcore01670,Y570C,-0.072,-0.10156916826963425,0.5698422789573669,1.1961462497711182
20,6937554,4DQY,MdrDBcore01671,Y570C,0.272,-0.2366727888584137,0.5698422789573669,1.1961462497711182
20,6937554,4DQY,MdrDBcore01672,Y570C,-0.58,-0.4438735544681549,0.5698422789573669,1.1961462497711182
20,6937554,4DQY,MdrDBcore01673,Y570C,0.375,-0.4386865794658661,0.5698422789573669,1.1961462497711182
20,6937554,1GS4,MdrDBcore01674,F827L,0.855,0.23133836686611176,0.5698422789573669,1.1961462497711182
20,6937554,1GS4,MdrDBcore01675,F827L,1.237,0.5527113080024719,0.5698422789573669,1.1961462497711182
20,6937554,1GS4,MdrDBcore01676,V716L,1.351,0.12097764760255814,0.5698422789573669,1.1961462497711182
20,6937554,1GS4,MdrDBcore01677,V716L,1.051,0.6131706237792969,0.5698422789573669,1.1961462497711182
20,6937554,1GS4,MdrDBcore01678,V716M,0.633,0.30228549242019653,0.5698422789573669,1.1961462497711182
20,6937554,1GS4,MdrDBcore01679,V716M,1.309,0.7123286724090576,0.5698422789573669,1.1961462497711182
20,6937554,2O21,MdrDBcore01680,A43T,-1.023,-0.0726027861237526,0.5698422789573669,1.1961462497711182
20,6937554,1GJH,MdrDBcore01681,A4T,-1.343,-0.3251328468322754,0.5698422789573669,1.1961462497711182
20,6937554,1GJH,MdrDBcore01682,A4T,-1.124,0.14885137975215912,0.5698422789573669,1.1961462497711182
20,6937554,5FCG,MdrDBcore01683,A61T,0.759,0.22588172554969788,0.5698422789573669,1.1961462497711182
20,6937554,4IEH,MdrDBcore01684,A61T,-1.131,0.22891296446323395,0.5698422789573669,1.1961462497711182
20,6937554,6O0M,MdrDBcore01685,E200D,0.833,-0.0788164958357811,0.5698422789573669,1.1961462497711182
20,6937554,6O0M,MdrDBcore01686,E200D,-0.845,-0.18837055563926697,0.5698422789573669,1.1961462497711182
20,6937554,6O0M,MdrDBcore01687,G128E,-0.757,-0.24608995020389557,0.5698422789573669,1.1961462497711182
20,6937554,1GJH,MdrDBcore01688,G5W,0.145,0.40636080503463745,0.5698422789573669,1.1961462497711182
20,6937554,1GJH,MdrDBcore01689,G5W,-1.378,-0.365192711353302,0.5698422789573669,1.1961462497711182
20,6937554,4IEH,MdrDBcore01690,Q73H,-4.129,0.09140684455633163,0.5698422789573669,1.1961462497711182
20,6937554,1GJH,MdrDBcore01691,T7K,0.077,0.42148923873901367,0.5698422789573669,1.1961462497711182
20,6937554,2O21,MdrDBcore01692,T7K,-0.799,-0.7142201066017151,0.5698422789573669,1.1961462497711182
20,6937554,2E9W,MdrDBcore01693,A178T,0.67,-0.1094658225774765,0.5698422789573669,1.1961462497711182
20,6937554,6GQK,MdrDBcore01694,A794E,0.041,-0.02128583937883377,0.5698422789573669,1.1961462497711182
20,6937554,6ITT,MdrDBcore01695,A895E,0.238,-0.030878160148859024,0.5698422789573669,1.1961462497711182
20,6937554,6GQK,MdrDBcore01696,A895T,0.233,-0.03638678789138794,0.5698422789573669,1.1961462497711182
20,6937554,2E9W,MdrDBcore01697,D131N,-0.976,0.05462807044386864,0.5698422789573669,1.1961462497711182
20,6937554,2E9W,MdrDBcore01698,D159N,0.003,0.13159723579883575,0.5698422789573669,1.1961462497711182
20,6937554,2E9W,MdrDBcore01699,D266N,0.093,-0.13978160917758942,0.5698422789573669,1.1961462497711182
20,6937554,2E9W,MdrDBcore01700,E191K,0.565,-0.4148138165473938,0.5698422789573669,1.1961462497711182
20,6937554,6GQK,MdrDBcore01701,E640K,0.533,0.12690457701683044,0.5698422789573669,1.1961462497711182
20,6937554,6GQK,MdrDBcore01702,E640K,-0.292,-0.03124721348285675,0.5698422789573669,1.1961462497711182
20,6937554,2E9W,MdrDBcore01703,G169D,0.137,0.08772093057632446,0.5698422789573669,1.1961462497711182
20,6937554,2E9W,MdrDBcore01704,G265S,0.783,0.3792478144168854,0.5698422789573669,1.1961462497711182
20,6937554,2E9W,MdrDBcore01705,G265S,0.367,0.02286376804113388,0.5698422789573669,1.1961462497711182
20,6937554,2E9W,MdrDBcore01706,G265S,0.834,0.09908447414636612,0.5698422789573669,1.1961462497711182
20,6937554,6GQK,MdrDBcore01707,G676D,-1.116,-0.18358181416988373,0.5698422789573669,1.1961462497711182
20,6937554,6GQK,MdrDBcore01708,G779C,0.342,0.10966806858778,0.5698422789573669,1.1961462497711182
20,6937554,6GQK,MdrDBcore01709,K623N,0.184,-0.007466100621968508,0.5698422789573669,1.1961462497711182
20,6937554,6GQK,MdrDBcore01710,K626R,-0.514,-0.3500747084617615,0.5698422789573669,1.1961462497711182
20,6937554,6GQK,MdrDBcore01711,M882V,0.519,0.5161802172660828,0.5698422789573669,1.1961462497711182
20,6937554,6GQK,MdrDBcore01712,M882V,-0.347,0.05172579362988472,0.5698422789573669,1.1961462497711182
20,6937554,2EC8,MdrDBcore01713,N130D,0.008,0.1516188532114029,0.5698422789573669,1.1961462497711182
20,6937554,4K94,MdrDBcore01714,N400S,1.103,0.4797096848487854,0.5698422789573669,1.1961462497711182
20,6937554,6GQK,MdrDBcore01715,N655S,0.038,-0.02193000540137291,0.5698422789573669,1.1961462497711182
20,6937554,6GQK,MdrDBcore01716,N822K,-4.167,-0.020278673619031906,0.5698422789573669,1.1961462497711182
20,6937554,2E9W,MdrDBcore01717,P155H,0.27,0.1709054410457611,0.5698422789573669,1.1961462497711182
20,6937554,2E9W,MdrDBcore01718,R112I,0.21,0.1904013603925705,0.5698422789573669,1.1961462497711182
20,6937554,2E9W,MdrDBcore01719,R177H,-0.475,-0.013373135589063168,0.5698422789573669,1.1961462497711182
20,6937554,2E9W,MdrDBcore01720,R205W,0.265,-0.4354041814804077,0.5698422789573669,1.1961462497711182
20,6937554,2E9W,MdrDBcore01721,R55W,-0.281,-0.24420206248760223,0.5698422789573669,1.1961462497711182
20,6937554,4K94,MdrDBcore01722,T446N,0.327,0.25168654322624207,0.5698422789573669,1.1961462497711182
20,6937554,3KRJ,MdrDBcore01723,S628F,-0.722,-0.4595230221748352,0.5698422789573669,1.1961462497711182
20,6937554,3KRJ,MdrDBcore01724,S628F,0.74,0.12166865170001984,0.5698422789573669,1.1961462497711182
20,6937554,1SEU,MdrDBcore01725,A351D,-1.532,0.22791282832622528,0.5698422789573669,1.1961462497711182
20,6937554,1R49,MdrDBcore01726,A351D,-1.008,-0.20288366079330444,0.5698422789573669,1.1961462497711182
20,6937554,1A31,MdrDBcore01727,A351D,0.463,0.142392098903656,0.5698422789573669,1.1961462497711182
20,6937554,1R49,MdrDBcore01728,A705S,-0.754,-0.9526910781860352,0.5698422789573669,1.1961462497711182
20,6937554,1SEU,MdrDBcore01729,A705S,-0.752,-0.6681999564170837,0.5698422789573669,1.1961462497711182
20,6937554,1SEU,MdrDBcore01730,A705S,0.169,-0.14283783733844757,0.5698422789573669,1.1961462497711182
20,6937554,1SEU,MdrDBcore01731,D528E,0.662,-0.560318648815155,0.5698422789573669,1.1961462497711182
20,6937554,1SEU,MdrDBcore01732,D528E,0.451,-0.5271314382553101,0.5698422789573669,1.1961462497711182
20,6937554,1A31,MdrDBcore01733,D528E,0.907,0.2438831329345703,0.5698422789573669,1.1961462497711182
20,6937554,1R49,MdrDBcore01734,E208K,1.63,1.4067851305007935,0.5698422789573669,1.1961462497711182
20,6937554,1SEU,MdrDBcore01735,E208K,1.354,-0.014641319401562214,0.5698422789573669,1.1961462497711182
20,6937554,1RRJ,MdrDBcore01736,E208K,1.172,-0.28370749950408936,0.5698422789573669,1.1961462497711182
20,6937554,1R49,MdrDBcore01737,E561K,-1.039,-0.790948748588562,0.5698422789573669,1.1961462497711182
20,6937554,1SEU,MdrDBcore01738,E561K,-1.466,-0.45352667570114136,0.5698422789573669,1.1961462497711182
20,6937554,1SEU,MdrDBcore01739,E561K,-0.634,-0.15621931850910187,0.5698422789573669,1.1961462497711182
20,6937554,1SEU,MdrDBcore01740,E610K,-1.444,-1.3252407312393188,0.5698422789573669,1.1961462497711182
20,6937554,1SEU,MdrDBcore01741,E610K,-1.59,-0.7466852068901062,0.5698422789573669,1.1961462497711182
20,6937554,1SEU,MdrDBcore01742,E610K,-1.879,-0.3869008421897888,0.5698422789573669,1.1961462497711182
20,6937554,1SEU,MdrDBcore01743,E710D,-0.319,-0.5611243844032288,0.5698422789573669,1.1961462497711182
20,6937554,1SEU,MdrDBcore01744,E710D,-0.669,-0.6342105269432068,0.5698422789573669,1.1961462497711182
20,6937554,1RRJ,MdrDBcore01745,E710D,0.69,0.05124391242861748,0.5698422789573669,1.1961462497711182
20,6937554,1R49,MdrDBcore01746,F279L,-0.154,-0.40199291706085205,0.5698422789573669,1.1961462497711182
20,6937554,1A35,MdrDBcore01747,F279L,0.005,0.372893750667572,0.5698422789573669,1.1961462497711182
20,6937554,1A31,MdrDBcore01748,F279L,0.833,0.22501793503761292,0.5698422789573669,1.1961462497711182
20,6937554,1SEU,MdrDBcore01749,G244D,-1.294,-0.681350588798523,0.5698422789573669,1.1961462497711182
20,6937554,1R49,MdrDBcore01750,G244D,-1.416,-0.3018060028553009,0.5698422789573669,1.1961462497711182
20,6937554,1SEU,MdrDBcore01751,G244D,-0.887,-0.5349645018577576,0.5698422789573669,1.1961462497711182
20,6937554,1SEU,MdrDBcore01752,I714T,1.38,0.005733187776058912,0.5698422789573669,1.1961462497711182
20,6937554,1SEU,MdrDBcore01753,I714T,1.363,-0.6211576461791992,0.5698422789573669,1.1961462497711182
20,6937554,1RRJ,MdrDBcore01754,I714T,0.847,0.14111025631427765,0.5698422789573669,1.1961462497711182
20,6937554,1SEU,MdrDBcore01755,K326R,0.109,-0.356886625289917,0.5698422789573669,1.1961462497711182
20,6937554,1SEU,MdrDBcore01756,K326R,0.388,0.0048340666107833385,0.5698422789573669,1.1961462497711182
20,6937554,1A31,MdrDBcore01757,K326R,0.616,0.3762565851211548,0.5698422789573669,1.1961462497711182
20,6937554,1R49,MdrDBcore01758,M428T,-1.393,-0.15101119875907898,0.5698422789573669,1.1961462497711182
20,6937554,1SEU,MdrDBcore01759,M428T,-1.601,-0.27638888359069824,0.5698422789573669,1.1961462497711182
20,6937554,1A31,MdrDBcore01760,M428T,0.432,0.027076687663793564,0.5698422789573669,1.1961462497711182
20,6937554,1SEU,MdrDBcore01761,M675I,-0.361,-0.33463573455810547,0.5698422789573669,1.1961462497711182
20,6937554,1SEU,MdrDBcore01762,M675I,-0.059,-0.645340085029602,0.5698422789573669,1.1961462497711182
20,6937554,1SEU,MdrDBcore01763,M675I,0.422,-0.14872236549854279,0.5698422789573669,1.1961462497711182
20,6937554,1A31,MdrDBcore01764,N296S,1.038,0.06380525231361389,0.5698422789573669,1.1961462497711182
20,6937554,1SEU,MdrDBcore01765,P235T,-0.228,-0.5241506099700928,0.5698422789573669,1.1961462497711182
20,6937554,1SEU,MdrDBcore01766,P235T,-0.082,-0.6641855835914612,0.5698422789573669,1.1961462497711182
20,6937554,1A31,MdrDBcore01767,P235T,0.779,0.2380455732345581,0.5698422789573669,1.1961462497711182
20,6937554,1SEU,MdrDBcore01768,P397A,-1.473,-0.3480519950389862,0.5698422789573669,1.1961462497711182
20,6937554,1SEU,MdrDBcore01769,P397A,-1.61,-0.5071113109588623,0.5698422789573669,1.1961462497711182
20,6937554,1A31,MdrDBcore01770,P397A,0.447,0.10799292474985123,0.5698422789573669,1.1961462497711182
20,6937554,1RRJ,MdrDBcore01771,Q704K,-1.073,-0.12954694032669067,0.5698422789573669,1.1961462497711182
20,6937554,1SEU,MdrDBcore01772,T258M,-1.359,-0.42394915223121643,0.5698422789573669,1.1961462497711182
20,6937554,1SEU,MdrDBcore01773,T258M,-1.228,-0.7953219413757324,0.5698422789573669,1.1961462497711182
20,6937554,1A31,MdrDBcore01774,T258M,0.621,-0.12612639367580414,0.5698422789573669,1.1961462497711182
20,6937554,1SEU,MdrDBcore01775,W754C,-0.903,-0.35461172461509705,0.5698422789573669,1.1961462497711182
20,6937554,1SEU,MdrDBcore01776,W754C,-0.982,0.021335046738386154,0.5698422789573669,1.1961462497711182
20,6937554,1A31,MdrDBcore01777,W754C,0.49,0.21206864714622498,0.5698422789573669,1.1961462497711182
20,6937554,1ZXM,MdrDBcore01778,A318P,-0.749,-0.39075955748558044,0.5698422789573669,1.1961462497711182
20,6937554,5GWK,MdrDBcore01779,A903D,-0.37,0.037483375519514084,0.5698422789573669,1.1961462497711182
20,6937554,6ZY8,MdrDBcore01780,D152Y,-1.22,-0.048452816903591156,0.5698422789573669,1.1961462497711182
20,6937554,6ZY8,MdrDBcore01781,D213G,-1.302,-0.05086062476038933,0.5698422789573669,1.1961462497711182
20,6937554,6ZY6,MdrDBcore01782,G1192R,-0.335,-0.1365208774805069,0.5698422789573669,1.1961462497711182
20,6937554,6ZY8,MdrDBcore01783,G1197A,-1.936,-0.029430240392684937,0.5698422789573669,1.1961462497711182
20,6937554,6ZY8,MdrDBcore01784,G1197V,-1.92,-0.02167164720594883,0.5698422789573669,1.1961462497711182
20,6937554,6ZY8,MdrDBcore01785,G1198R,0.518,-0.03990635275840759,0.5698422789573669,1.1961462497711182
20,6937554,6ZY8,MdrDBcore01786,H290Q,-1.547,-0.047714848071336746,0.5698422789573669,1.1961462497711182
20,6937554,6ZY8,MdrDBcore01787,K1196I,-1.271,-0.015821704640984535,0.5698422789573669,1.1961462497711182
20,6937554,5GWK,MdrDBcore01788,K893R,-0.477,-1.0553590059280396,0.5698422789573669,1.1961462497711182
20,6937554,5GWK,MdrDBcore01789,L944S,1.059,-0.9079318046569824,0.5698422789573669,1.1961462497711182
20,6937554,5GWK,MdrDBcore01790,N774I,-1.407,-0.3939315676689148,0.5698422789573669,1.1961462497711182
20,6937554,6ZY8,MdrDBcore01791,P643T,-0.454,-0.6268219947814941,0.5698422789573669,1.1961462497711182
20,6937554,5GWK,MdrDBcore01792,P716R,-1.255,-1.2341610193252563,0.5698422789573669,1.1961462497711182
20,6937554,5GWK,MdrDBcore01793,P786H,-1.321,-0.5076092481613159,0.5698422789573669,1.1961462497711182
20,6937554,6ZY8,MdrDBcore01794,Q1206H,-1.586,-0.03290782496333122,0.5698422789573669,1.1961462497711182
20,6937554,1ZXM,MdrDBcore01795,Q35R,-1.199,-0.5792353749275208,0.5698422789573669,1.1961462497711182
20,6937554,5GWK,MdrDBcore01796,T930I,-1.654,-1.2413272857666016,0.5698422789573669,1.1961462497711182
20,6937554,5GWK,MdrDBcore01797,V1001L,-1.324,-1.481656789779663,0.5698422789573669,1.1961462497711182
20,6937554,6ZY8,MdrDBcore01798,V1097L,1.165,-0.06312385201454163,0.5698422789573669,1.1961462497711182
20,6937554,1ZXM,MdrDBcore01799,V255I,-0.702,-0.4346824288368225,0.5698422789573669,1.1961462497711182
20,6937554,6ZY8,MdrDBcore01800,V364L,-3.356,-0.039535317569971085,0.5698422789573669,1.1961462497711182
20,6937554,6ZY8,MdrDBcore01801,V68I,-0.762,-0.052540477365255356,0.5698422789573669,1.1961462497711182
20,6937554,5GWK,MdrDBcore01802,V776L,-1.615,0.3918931484222412,0.5698422789573669,1.1961462497711182
20,6937554,4ZNE,MdrDBcore01803,C168F,-0.604,-0.8477422595024109,0.5698422789573669,1.1961462497711182
20,6937554,4ZNE,MdrDBcore01804,G238A,0.056,-0.15231823921203613,0.5698422789573669,1.1961462497711182
20,6937554,4ZNE,MdrDBcore01805,K234R,-2.868,-0.9284933805465698,0.5698422789573669,1.1961462497711182
20,6937554,4ZNE,MdrDBcore01806,Q64E,-1.615,0.11665232479572296,0.5698422789573669,1.1961462497711182
20,6937554,4ZNE,MdrDBcore01807,R175H,-2.626,-0.854243278503418,0.5698422789573669,1.1961462497711182
20,6937554,4ZNE,MdrDBcore01808,R237G,-1.321,-1.184208869934082,0.5698422789573669,1.1961462497711182
20,6937554,4ZNE,MdrDBcore01809,S161R,-1.819,-0.4997967481613159,0.5698422789573669,1.1961462497711182
20,6937554,4ZNE,MdrDBcore01810,S66L,-1.242,-0.7678925395011902,0.5698422789573669,1.1961462497711182
20,6937554,4ZNE,MdrDBcore01811,T63I,-1.447,-1.1988425254821777,0.5698422789573669,1.1961462497711182
20,6937554,4ZNE,MdrDBcore01812,T67N,0.072,-1.0613690614700317,0.5698422789573669,1.1961462497711182
20,6937554,4ZNE,MdrDBcore01813,Y176C,-0.922,-1.2732254266738892,0.5698422789573669,1.1961462497711182
20,6937554,1O4K,MdrDBcore01814,H25Y,-1.077,-1.2700438499450684,0.5698422789573669,1.1961462497711182
20,6937554,4F59,MdrDBcore01815,Q222H,-4.77,-0.7997826337814331,0.5698422789573669,1.1961462497711182
20,6937554,3C4C,MdrDBcore01816,A712T,-0.829,-0.13269536197185516,0.5698422789573669,1.1961462497711182
20,6937554,3C4C,MdrDBcore01817,A712T,-0.61,0.038231417536735535,0.5698422789573669,1.1961462497711182
20,6937554,3C4C,MdrDBcore01818,A712T,-0.415,0.7952614426612854,0.5698422789573669,1.1961462497711182
20,6937554,3C4C,MdrDBcore01819,A712T,0.415,-0.0040687029249966145,0.5698422789573669,1.1961462497711182
20,6937554,3C4C,MdrDBcore01820,A712T,0.168,0.9239654541015625,0.5698422789573669,1.1961462497711182
20,6937554,6UAN,MdrDBcore01821,A728V,-1.007,-0.06720565259456635,0.5698422789573669,1.1961462497711182
20,6937554,6UAN,MdrDBcore01822,A728V,-0.644,0.08642787486314774,0.5698422789573669,1.1961462497711182
20,6937554,6Q0T,MdrDBcore01823,A728V,-0.865,1.0566478967666626,0.5698422789573669,1.1961462497711182
20,6937554,6UAN,MdrDBcore01824,A747V,-0.994,-0.5449210405349731,0.5698422789573669,1.1961462497711182
20,6937554,6UAN,MdrDBcore01825,A747V,-0.689,-0.16761036217212677,0.5698422789573669,1.1961462497711182
20,6937554,6UAN,MdrDBcore01826,A747V,-0.384,0.25718265771865845,0.5698422789573669,1.1961462497711182
20,6937554,6UAN,MdrDBcore01827,A747V,-0.019,0.6528653502464294,0.5698422789573669,1.1961462497711182
20,6937554,3NY5,MdrDBcore01828,C194G,0.527,0.5147766470909119,0.5698422789573669,1.1961462497711182
20,6937554,3NY5,MdrDBcore01829,C194G,-0.099,0.08449894934892654,0.5698422789573669,1.1961462497711182
20,6937554,3NY5,MdrDBcore01830,C194G,0.101,-0.2269289642572403,0.5698422789573669,1.1961462497711182
20,6937554,3NY5,MdrDBcore01831,C194G,0.407,-0.09575412422418594,0.5698422789573669,1.1961462497711182
20,6937554,3NY5,MdrDBcore01832,D211G,0.691,-0.14229854941368103,0.5698422789573669,1.1961462497711182
20,6937554,3NY5,MdrDBcore01833,D211G,-0.437,0.09279204905033112,0.5698422789573669,1.1961462497711182
20,6937554,3NY5,MdrDBcore01834,D211G,0.591,0.6379567980766296,0.5698422789573669,1.1961462497711182
20,6937554,3NY5,MdrDBcore01835,D211G,-0.432,-0.10640746355056763,0.5698422789573669,1.1961462497711182
20,6937554,6NYB,MdrDBcore01836,D361G,0.11,0.5456971526145935,0.5698422789573669,1.1961462497711182
20,6937554,6NYB,MdrDBcore01837,D361G,-0.156,0.08396060764789581,0.5698422789573669,1.1961462497711182
20,6937554,6NYB,MdrDBcore01838,D361G,-0.341,0.16853979229927063,0.5698422789573669,1.1961462497711182
20,6937554,6NYB,MdrDBcore01839,D361G,-1.075,0.6989117860794067,0.5698422789573669,1.1961462497711182
20,6937554,5J18,MdrDBcore01840,E204V,-1.3,0.4261130392551422,0.5698422789573669,1.1961462497711182
20,6937554,5J18,MdrDBcore01841,E204V,0.02,-0.5853342413902283,0.5698422789573669,1.1961462497711182
20,6937554,5J18,MdrDBcore01842,E204V,0.889,0.37732556462287903,0.5698422789573669,1.1961462497711182
20,6937554,5J18,MdrDBcore01843,E204V,0.431,0.24942125380039215,0.5698422789573669,1.1961462497711182
20,6937554,5J18,MdrDBcore01844,E204V,0.407,0.3377872109413147,0.5698422789573669,1.1961462497711182
20,6937554,3C4C,MdrDBcore01845,G464E,-1.368,-0.05014176294207573,0.5698422789573669,1.1961462497711182
20,6937554,3C4C,MdrDBcore01846,G464E,0.16,0.18484830856323242,0.5698422789573669,1.1961462497711182
20,6937554,3C4C,MdrDBcore01847,G464E,-1.349,-0.9515261650085449,0.5698422789573669,1.1961462497711182
20,6937554,3C4C,MdrDBcore01848,G464V,-0.216,0.14727501571178436,0.5698422789573669,1.1961462497711182
20,6937554,3C4C,MdrDBcore01849,G464V,-0.445,0.2553250789642334,0.5698422789573669,1.1961462497711182
20,6937554,3C4C,MdrDBcore01850,G464V,0.504,-0.919485867023468,0.5698422789573669,1.1961462497711182
20,6937554,3C4C,MdrDBcore01851,G464V,-0.398,0.027890756726264954,0.5698422789573669,1.1961462497711182
20,6937554,2FB8,MdrDBcore01852,G466V,0.762,0.04128703474998474,0.5698422789573669,1.1961462497711182
20,6937554,3C4C,MdrDBcore01853,G466V,-0.254,0.016674114391207695,0.5698422789573669,1.1961462497711182
20,6937554,3C4C,MdrDBcore01854,G466V,0.668,-0.22622360289096832,0.5698422789573669,1.1961462497711182
20,6937554,3C4C,MdrDBcore01855,G466V,-0.136,-0.08227888494729996,0.5698422789573669,1.1961462497711182
20,6937554,3C4C,MdrDBcore01856,G466V,0.046,-0.18526946008205414,0.5698422789573669,1.1961462497711182
20,6937554,3C4C,MdrDBcore01857,G469A,-0.49,0.06277734786272049,0.5698422789573669,1.1961462497711182
20,6937554,3C4C,MdrDBcore01858,G469A,-0.695,-0.0391026996076107,0.5698422789573669,1.1961462497711182
20,6937554,7M0X,MdrDBcore01859,G469A,-0.561,0.042107146233320236,0.5698422789573669,1.1961462497711182
20,6937554,3C4C,MdrDBcore01860,G469A,0.16,0.9320591688156128,0.5698422789573669,1.1961462497711182
20,6937554,3C4C,MdrDBcore01861,G469V,-1.288,0.08163204044103622,0.5698422789573669,1.1961462497711182
20,6937554,3C4C,MdrDBcore01862,G469V,-0.041,-0.4582609236240387,0.5698422789573669,1.1961462497711182
20,6937554,7M0X,MdrDBcore01863,G596R,-0.418,-0.15888230502605438,0.5698422789573669,1.1961462497711182
20,6937554,7M0X,MdrDBcore01864,G596R,0.092,0.6077449321746826,0.5698422789573669,1.1961462497711182
20,6937554,7M0X,MdrDBcore01865,G596R,1.071,0.6699005961418152,0.5698422789573669,1.1961462497711182
20,6937554,7M0X,MdrDBcore01866,L597R,0.687,0.041602712124586105,0.5698422789573669,1.1961462497711182
20,6937554,7M0X,MdrDBcore01867,L597R,0.39,-0.5284692049026489,0.5698422789573669,1.1961462497711182
20,6937554,7M0X,MdrDBcore01868,L597R,0.303,-0.7910701632499695,0.5698422789573669,1.1961462497711182
20,6937554,7M0X,MdrDBcore01869,L597R,-0.066,0.12630191445350647,0.5698422789573669,1.1961462497711182
20,6937554,7M0X,MdrDBcore01870,L597V,-0.742,-0.1320762038230896,0.5698422789573669,1.1961462497711182
20,6937554,7M0X,MdrDBcore01871,L597V,-0.547,-0.6409503817558289,0.5698422789573669,1.1961462497711182
20,6937554,7M0X,MdrDBcore01872,L597V,0.349,0.293191134929657,0.5698422789573669,1.1961462497711182
20,6937554,7M0X,MdrDBcore01873,L597V,0.38,0.6482122540473938,0.5698422789573669,1.1961462497711182
20,6937554,3C4C,MdrDBcore01874,N581Y,-0.324,0.03896819427609444,0.5698422789573669,1.1961462497711182
20,6937554,3C4C,MdrDBcore01875,N581Y,1.78,0.8697653412818909,0.5698422789573669,1.1961462497711182
20,6937554,3C4C,MdrDBcore01876,N581Y,0.123,-0.09338415414094925,0.5698422789573669,1.1961462497711182
20,6937554,3C4C,MdrDBcore01877,N581Y,0.553,0.23230521380901337,0.5698422789573669,1.1961462497711182
20,6937554,5VR3,MdrDBcore01878,P74A,0.219,0.49793195724487305,0.5698422789573669,1.1961462497711182
20,6937554,5VR3,MdrDBcore01879,P74A,0.502,-0.4956168234348297,0.5698422789573669,1.1961462497711182
20,6937554,6UAN,MdrDBcore01880,R726C,-0.181,0.09346648305654526,0.5698422789573669,1.1961462497711182
20,6937554,6UAN,MdrDBcore01881,R726C,0.523,0.24591125547885895,0.5698422789573669,1.1961462497711182
20,6937554,6UAN,MdrDBcore01882,R726C,0.512,0.8124626874923706,0.5698422789573669,1.1961462497711182
20,6937554,7M0X,MdrDBcore01883,S683N,0.292,-0.12311305850744247,0.5698422789573669,1.1961462497711182
20,6937554,3C4C,MdrDBcore01884,S683N,-0.563,-0.1545964777469635,0.5698422789573669,1.1961462497711182
20,6937554,3C4C,MdrDBcore01885,S683N,0.267,-0.00019748567137867212,0.5698422789573669,1.1961462497711182
20,6937554,3C4C,MdrDBcore01886,S683N,-0.767,0.2071426659822464,0.5698422789573669,1.1961462497711182
20,6937554,6UAN,MdrDBcore01887,S727G,-0.02,-0.04466788098216057,0.5698422789573669,1.1961462497711182
20,6937554,6UAN,MdrDBcore01888,S727G,-0.808,-0.539514422416687,0.5698422789573669,1.1961462497711182
20,6937554,6UAN,MdrDBcore01889,S727G,-0.029,-0.044594425708055496,0.5698422789573669,1.1961462497711182
20,6937554,3C4C,MdrDBcore01890,T529A,0.416,0.07656019926071167,0.5698422789573669,1.1961462497711182
20,6937554,3C4C,MdrDBcore01891,T529A,-0.801,0.3718411922454834,0.5698422789573669,1.1961462497711182
20,6937554,3C4C,MdrDBcore01892,T529A,-0.111,-0.14425702393054962,0.5698422789573669,1.1961462497711182
20,6937554,3C4C,MdrDBcore01893,T529A,0.082,0.46914127469062805,0.5698422789573669,1.1961462497711182
20,6937554,3NY5,MdrDBcore01894,V226M,-0.293,-0.2566105127334595,0.5698422789573669,1.1961462497711182
20,6937554,3NY5,MdrDBcore01895,V226M,-0.131,0.1864013671875,0.5698422789573669,1.1961462497711182
20,6937554,5J18,MdrDBcore01896,V226M,-0.178,-0.2188514918088913,0.5698422789573669,1.1961462497711182
20,6937554,3NY5,MdrDBcore01897,V226M,0.239,-0.21688470244407654,0.5698422789573669,1.1961462497711182
20,6937554,3C4C,MdrDBcore01898,V645I,0.705,0.16727560758590698,0.5698422789573669,1.1961462497711182
20,6937554,3C4C,MdrDBcore01899,V645I,-0.042,-0.05630289763212204,0.5698422789573669,1.1961462497711182
20,6937554,3C4C,MdrDBcore01900,V645I,0.404,-0.06836408376693726,0.5698422789573669,1.1961462497711182
20,6937554,3C4C,MdrDBcore01901,V645I,0.375,0.10424792766571045,0.5698422789573669,1.1961462497711182
20,6937554,4L46,MdrDBcore01902,D193H,0.761,0.3418533504009247,0.5698422789573669,1.1961462497711182
20,6937554,4L3L,MdrDBcore01903,E84K,0.634,0.5025604367256165,0.5698422789573669,1.1961462497711182
20,6937554,3WE4,MdrDBcore01904,H210P,0.633,0.653502345085144,0.5698422789573669,1.1961462497711182
20,6937554,3WE4,MdrDBcore01905,K141I,1.055,0.3856469690799713,0.5698422789573669,1.1961462497711182
20,6937554,3WE4,MdrDBcore01906,N145S,0.625,0.5580374598503113,0.5698422789573669,1.1961462497711182
20,6937554,3WE4,MdrDBcore01907,N311S,-1.139,0.6045650243759155,0.5698422789573669,1.1961462497711182
20,6937554,3WE4,MdrDBcore01908,P368L,-0.117,0.4448812007904053,0.5698422789573669,1.1961462497711182
20,6937554,3WE4,MdrDBcore01909,P88L,0.133,0.30065488815307617,0.5698422789573669,1.1961462497711182
20,6937554,3WE4,MdrDBcore01910,Q374E,0.456,0.63341224193573,0.5698422789573669,1.1961462497711182
20,6937554,3WE4,MdrDBcore01911,T140A,0.659,0.61305171251297,0.5698422789573669,1.1961462497711182
20,6937554,4L01,MdrDBcore01912,A760V,0.169,-0.5874623656272888,0.5698422789573669,1.1961462497711182
20,6937554,4L01,MdrDBcore01913,A760V,1.517,0.308297336101532,0.5698422789573669,1.1961462497711182
20,6937554,6N7C,MdrDBcore01914,A906V,0.388,0.8752310872077942,0.5698422789573669,1.1961462497711182
20,6937554,6N7C,MdrDBcore01915,A906V,1.681,0.6128582954406738,0.5698422789573669,1.1961462497711182
20,6937554,AlphaFold2,MdrDBcore01916,A178T,1.643,1.258108377456665,0.5698422789573669,1.1961462497711182
20,6937554,AlphaFold2,MdrDBcore01917,A293V,1.691,1.937455177307129,0.5698422789573669,1.1961462497711182
20,6937554,AlphaFold2,MdrDBcore01918,A368P,1.753,-0.3530780076980591,0.5698422789573669,1.1961462497711182
20,6937554,AlphaFold2,MdrDBcore01919,E249K,1.513,1.8320304155349731,0.5698422789573669,1.1961462497711182
20,6937554,AlphaFold2,MdrDBcore01920,E281K,2.351,2.221952199935913,0.5698422789573669,1.1961462497711182
20,6937554,AlphaFold2,MdrDBcore01921,F315V,1.411,1.6879711151123047,0.5698422789573669,1.1961462497711182
20,6937554,AlphaFold2,MdrDBcore01922,G197R,2.016,1.761570930480957,0.5698422789573669,1.1961462497711182
20,6937554,AlphaFold2,MdrDBcore01923,I136L,1.769,1.9827206134796143,0.5698422789573669,1.1961462497711182
20,6937554,AlphaFold2,MdrDBcore01924,I86V,1.928,2.165435791015625,0.5698422789573669,1.1961462497711182
20,6937554,AlphaFold2,MdrDBcore01925,R232G,1.634,1.4486175775527954,0.5698422789573669,1.1961462497711182
20,6937554,AlphaFold2,MdrDBcore01926,W146G,1.472,1.4308029413223267,0.5698422789573669,1.1961462497711182
20,6937554,3EZQ,MdrDBcore01927,D269N,-0.387,0.4370470941066742,0.5698422789573669,1.1961462497711182
20,6937554,3EZQ,MdrDBcore01928,I313V,0.75,0.6028407216072083,0.5698422789573669,1.1961462497711182
20,6937554,3TJE,MdrDBcore01929,R105S,0.647,0.040465060621500015,0.5698422789573669,1.1961462497711182
20,6937554,2NA7,MdrDBcore01930,R192I,-0.152,0.017945189028978348,0.5698422789573669,1.1961462497711182
20,6937554,3EZQ,MdrDBcore01931,R279H,-0.039,0.6666262149810791,0.5698422789573669,1.1961462497711182
20,6937554,3TJE,MdrDBcore01932,T122I,0.943,-0.25452280044555664,0.5698422789573669,1.1961462497711182
20,6937554,3EZQ,MdrDBcore01933,V267F,1.631,0.06649187952280045,0.5698422789573669,1.1961462497711182
20,6937554,2NA7,MdrDBcore01934,W176G,0.922,-0.001405783579684794,0.5698422789573669,1.1961462497711182
20,6937554,6G9D,MdrDBcore01935,H61Q,1.132,0.32431474328041077,0.5698422789573669,1.1961462497711182
20,6937554,6G9D,MdrDBcore01936,I211M,0.94,0.42605578899383545,0.5698422789573669,1.1961462497711182
20,6937554,6G9D,MdrDBcore01937,L76P,0.705,-0.12048125267028809,0.5698422789573669,1.1961462497711182
20,6937554,6G9D,MdrDBcore01938,R135K,0.31,-0.10997949540615082,0.5698422789573669,1.1961462497711182
20,6937554,6G9D,MdrDBcore01939,R79K,-0.067,0.3639717698097229,0.5698422789573669,1.1961462497711182
20,6937554,6G9D,MdrDBcore01940,T185A,-0.553,0.3768025040626526,0.5698422789573669,1.1961462497711182
20,6937554,6G9D,MdrDBcore01941,V214I,0.138,0.2112293392419815,0.5698422789573669,1.1961462497711182
20,6937554,5EHO,MdrDBcore01942,D608H,1.274,1.2130955457687378,0.5698422789573669,1.1961462497711182
20,6937554,4BI2,MdrDBcore01943,F540L,1.186,-0.3010411560535431,0.5698422789573669,1.1961462497711182
20,6937554,4BI2,MdrDBcore01944,F540L,0.745,1.099519968032837,0.5698422789573669,1.1961462497711182
20,6937554,4BI2,MdrDBcore01945,K696E,1.048,-0.1811884641647339,0.5698422789573669,1.1961462497711182
20,6937554,4BI2,MdrDBcore01946,K696E,0.571,0.3125283122062683,0.5698422789573669,1.1961462497711182
20,6937554,4BI2,MdrDBcore01947,L609F,1.373,0.5036110877990723,0.5698422789573669,1.1961462497711182
20,6937554,4BI2,MdrDBcore01948,L609F,0.208,0.27967944741249084,0.5698422789573669,1.1961462497711182
20,6937554,4B94,MdrDBcore01949,R172H,1.32,0.65635085105896,0.5698422789573669,1.1961462497711182
20,6937554,4B94,MdrDBcore01950,R185W,2.206,0.6736400127410889,0.5698422789573669,1.1961462497711182
20,6937554,4B94,MdrDBcore01951,R185W,1.954,0.8933103680610657,0.5698422789573669,1.1961462497711182
20,6937554,4BI2,MdrDBcore01952,R624C,0.767,1.2255160808563232,0.5698422789573669,1.1961462497711182
20,6937554,4B94,MdrDBcore01953,S162I,2.241,0.7774599194526672,0.5698422789573669,1.1961462497711182
20,6937554,4B94,MdrDBcore01954,S162I,0.908,-0.31081172823905945,0.5698422789573669,1.1961462497711182
20,6937554,7CJA,MdrDBcore01955,S699F,1.188,0.5315626263618469,0.5698422789573669,1.1961462497711182
20,6937554,7CJA,MdrDBcore01956,S699F,1.917,1.0533502101898193,0.5698422789573669,1.1961462497711182
20,6937554,4B94,MdrDBcore01957,S76G,1.616,0.8042378425598145,0.5698422789573669,1.1961462497711182
20,6937554,4B94,MdrDBcore01958,S76G,0.77,0.8382481336593628,0.5698422789573669,1.1961462497711182
20,6937554,4BI2,MdrDBcore01959,Y554H,0.963,0.01732594147324562,0.5698422789573669,1.1961462497711182
20,6937554,4BI2,MdrDBcore01960,Y554H,0.291,0.7870615124702454,0.5698422789573669,1.1961462497711182
20,6937554,4BI2,MdrDBcore01961,Y726C,1.364,0.19274429976940155,0.5698422789573669,1.1961462497711182
20,6937554,4BI2,MdrDBcore01962,Y726C,0.036,0.47429001331329346,0.5698422789573669,1.1961462497711182
20,6937554,3QS9,MdrDBcore01963,A443T,-1.192,0.9244987964630127,0.5698422789573669,1.1961462497711182
20,6937554,3QS9,MdrDBcore01964,A445T,0.152,0.5501575469970703,0.5698422789573669,1.1961462497711182
20,6937554,6JQR,MdrDBcore01965,A642V,-1.297,0.005050049629062414,0.5698422789573669,1.1961462497711182
20,6937554,6IL3,MdrDBcore01966,A680V,-0.5,-0.0033253957517445087,0.5698422789573669,1.1961462497711182
20,6937554,6JQR,MdrDBcore01967,A948T,-0.406,-0.44861990213394165,0.5698422789573669,1.1961462497711182
20,6937554,3QS9,MdrDBcore01968,C272S,0.581,0.5871047973632812,0.5698422789573669,1.1961462497711182
20,6937554,3QS9,MdrDBcore01969,C368Y,0.277,-0.447160005569458,0.5698422789573669,1.1961462497711182
20,6937554,3QS9,MdrDBcore01970,D362E,0.818,0.4411306381225586,0.5698422789573669,1.1961462497711182
20,6937554,6JQR,MdrDBcore01971,D787H,0.406,0.18156708776950836,0.5698422789573669,1.1961462497711182
20,6937554,3QS9,MdrDBcore01972,E293K,-0.094,-0.014463369734585285,0.5698422789573669,1.1961462497711182
20,6937554,4RT7,MdrDBcore01973,E661V,0.522,0.2757069766521454,0.5698422789573669,1.1961462497711182
20,6937554,1RJB,MdrDBcore01974,G831E,-0.481,0.18342924118041992,0.5698422789573669,1.1961462497711182
20,6937554,3QS9,MdrDBcore01975,H222R,0.161,-0.22831298410892487,0.5698422789573669,1.1961462497711182
20,6937554,1RJB,MdrDBcore01976,K634N,0.097,0.01115806121379137,0.5698422789573669,1.1961462497711182
20,6937554,6IL3,MdrDBcore01977,K709T,-0.093,-0.15030227601528168,0.5698422789573669,1.1961462497711182
20,6937554,3QS9,MdrDBcore01978,L168F,0.022,0.9979390501976013,0.5698422789573669,1.1961462497711182
20,6937554,3QS9,MdrDBcore01979,L442P,0.405,0.6689687967300415,0.5698422789573669,1.1961462497711182
20,6937554,3QS9,MdrDBcore01980,N100S,0.389,0.6170112490653992,0.5698422789573669,1.1961462497711182
20,6937554,3QS9,MdrDBcore01981,P116S,-0.347,-0.24980728328227997,0.5698422789573669,1.1961462497711182
20,6937554,6IL3,MdrDBcore01982,P937H,-0.617,-0.06890059262514114,0.5698422789573669,1.1961462497711182
20,6937554,6JQR,MdrDBcore01983,Q910A,-0.192,-0.7196943163871765,0.5698422789573669,1.1961462497711182
20,6937554,3QS9,MdrDBcore01984,R311W,0.247,0.551744282245636,0.5698422789573669,1.1961462497711182
20,6937554,3QS9,MdrDBcore01985,R485T,0.33,1.0513349771499634,0.5698422789573669,1.1961462497711182
20,6937554,3QS9,MdrDBcore01986,S404F,0.45,0.9946982264518738,0.5698422789573669,1.1961462497711182
20,6937554,3QS9,MdrDBcore01987,S519F,-0.104,0.03450800105929375,0.5698422789573669,1.1961462497711182
20,6937554,3QS9,MdrDBcore01988,T432M,-0.557,-0.9049808382987976,0.5698422789573669,1.1961462497711182
20,6937554,3QS9,MdrDBcore01989,Y376C,0.41,0.41515129804611206,0.5698422789573669,1.1961462497711182
20,6937554,6B8Y,MdrDBcore01990,D367H,0.674,0.5053725242614746,0.5698422789573669,1.1961462497711182
20,6937554,6B8Y,MdrDBcore01991,E398K,-0.771,0.4814275801181793,0.5698422789573669,1.1961462497711182
20,6937554,6B8Y,MdrDBcore01992,G216V,1.594,0.37818869948387146,0.5698422789573669,1.1961462497711182
20,6937554,3HMM,MdrDBcore01993,I143V,-0.29,0.5890236496925354,0.5698422789573669,1.1961462497711182
20,6937554,6B8Y,MdrDBcore01994,K453N,0.668,0.3869164288043976,0.5698422789573669,1.1961462497711182
20,6937554,6B8Y,MdrDBcore01995,L309R,1.485,0.5004631876945496,0.5698422789573669,1.1961462497711182
20,6937554,6B8Y,MdrDBcore01996,L468F,1.275,0.46503397822380066,0.5698422789573669,1.1961462497711182
20,6937554,3HMM,MdrDBcore01997,M148I,1.0,0.5898259282112122,0.5698422789573669,1.1961462497711182
20,6937554,6B8Y,MdrDBcore01998,N342S,0.408,0.4276031255722046,0.5698422789573669,1.1961462497711182
20,6937554,2PJY,MdrDBcore01999,N45S,1.626,1.7917293310165405,0.5698422789573669,1.1961462497711182
20,6937554,6B8Y,MdrDBcore02000,R417Q,0.985,0.5077130794525146,0.5698422789573669,1.1961462497711182
20,6937554,6B8Y,MdrDBcore02001,R491W,0.724,0.5686547756195068,0.5698422789573669,1.1961462497711182
20,6937554,6B8Y,MdrDBcore02002,S420F,-0.295,0.39973345398902893,0.5698422789573669,1.1961462497711182
20,6937554,3HMM,MdrDBcore02003,V157I,1.039,0.589932918548584,0.5698422789573669,1.1961462497711182
20,6937554,6B8Y,MdrDBcore02004,V256L,1.311,0.586584746837616,0.5698422789573669,1.1961462497711182
20,6937554,2PJY,MdrDBcore02005,V56I,0.733,0.6770775318145752,0.5698422789573669,1.1961462497711182
20,6937554,3HMM,MdrDBcore02006,V95A,1.443,0.5917158722877502,0.5698422789573669,1.1961462497711182
20,6937554,6B8Y,MdrDBcore02007,Y299F,1.173,0.4231347143650055,0.5698422789573669,1.1961462497711182
20,6937554,6B8Y,MdrDBcore02008,Y432F,0.823,0.4404631555080414,0.5698422789573669,1.1961462497711182
20,6937554,5IU2,MdrDBcore02009,A354T,-0.608,0.14713163673877716,0.5698422789573669,1.1961462497711182
20,6937554,4Y83,MdrDBcore02010,E188K,1.857,-0.5829576849937439,0.5698422789573669,1.1961462497711182
20,6937554,4Y83,MdrDBcore02011,F271Y,-0.06,-0.5054680109024048,0.5698422789573669,1.1961462497711182
20,6937554,4Y83,MdrDBcore02012,P359S,-0.169,-0.6589841246604919,0.5698422789573669,1.1961462497711182
20,6937554,4Y83,MdrDBcore02013,R146Q,0.559,-1.054437279701233,0.5698422789573669,1.1961462497711182
20,6937554,4Y83,MdrDBcore02014,R376C,-0.187,-0.5493065118789673,0.5698422789573669,1.1961462497711182
20,6937554,AlphaFold2,MdrDBcore02015,D1067N,-0.288,-0.3720952570438385,0.5698422789573669,1.1961462497711182
20,6937554,AlphaFold2,MdrDBcore02016,D1067N,0.55,1.0618189573287964,0.5698422789573669,1.1961462497711182
20,6937554,AlphaFold2,MdrDBcore02017,D1067V,-2.019,-1.0249781608581543,0.5698422789573669,1.1961462497711182
20,6937554,AlphaFold2,MdrDBcore02018,I767F,-0.474,-0.09669703245162964,0.5698422789573669,1.1961462497711182
20,6937554,AlphaFold2,MdrDBcore02019,I965N,1.038,0.6136084198951721,0.5698422789573669,1.1961462497711182
20,6937554,AlphaFold2,MdrDBcore02020,K718R,1.061,0.31946298480033875,0.5698422789573669,1.1961462497711182
20,6937554,AlphaFold2,MdrDBcore02021,L535R,0.233,0.6265015602111816,0.5698422789573669,1.1961462497711182
20,6937554,AlphaFold2,MdrDBcore02022,L642P,1.319,1.1385489702224731,0.5698422789573669,1.1961462497711182
20,6937554,AlphaFold2,MdrDBcore02023,L933P,-1.38,-0.36344820261001587,0.5698422789573669,1.1961462497711182
20,6937554,AlphaFold2,MdrDBcore02024,L99R,0.489,0.4063495397567749,0.5698422789573669,1.1961462497711182
20,6937554,AlphaFold2,MdrDBcore02025,M630R,1.408,1.0118080377578735,0.5698422789573669,1.1961462497711182
20,6937554,AlphaFold2,MdrDBcore02026,N717S,1.011,0.3794640898704529,0.5698422789573669,1.1961462497711182
20,6937554,AlphaFold2,MdrDBcore02027,P437H,1.642,1.1535208225250244,0.5698422789573669,1.1961462497711182
20,6937554,AlphaFold2,MdrDBcore02028,R321Q,-0.085,0.08811860531568527,0.5698422789573669,1.1961462497711182
20,6937554,AlphaFold2,MdrDBcore02029,R48Q,0.185,0.14248524606227875,0.5698422789573669,1.1961462497711182
20,6937554,AlphaFold2,MdrDBcore02030,R668Q,1.201,1.3291741609573364,0.5698422789573669,1.1961462497711182
20,6937554,AlphaFold2,MdrDBcore02031,R668W,0.304,0.7278790473937988,0.5698422789573669,1.1961462497711182
20,6937554,AlphaFold2,MdrDBcore02032,R896L,-0.341,0.3986395597457886,0.5698422789573669,1.1961462497711182
20,6937554,AlphaFold2,MdrDBcore02033,R896L,0.697,0.11994627863168716,0.5698422789573669,1.1961462497711182
20,6937554,AlphaFold2,MdrDBcore02034,T721P,-0.549,-0.26690754294395447,0.5698422789573669,1.1961462497711182
20,6937554,AlphaFold2,MdrDBcore02035,T721P,-0.316,-0.18308213353157043,0.5698422789573669,1.1961462497711182
20,6937554,AlphaFold2,MdrDBcore02036,V369I,-1.283,-1.023033857345581,0.5698422789573669,1.1961462497711182
20,6937554,AlphaFold2,MdrDBcore02037,V369I,-0.083,-0.20916788280010223,0.5698422789573669,1.1961462497711182
20,6937554,6SB0,MdrDBcore02038,A1134T,-2.549,-1.2243424654006958,0.5698422789573669,1.1961462497711182
20,6937554,6SB0,MdrDBcore02039,A1134V,-0.777,-0.4435881972312927,0.5698422789573669,1.1961462497711182
20,6937554,7EPD,MdrDBcore02040,A329T,-0.929,-0.5063026547431946,0.5698422789573669,1.1961462497711182
20,6937554,7PE9,MdrDBcore02041,A41T,-3.177,-0.14059963822364807,0.5698422789573669,1.1961462497711182
20,6937554,6SB0,MdrDBcore02042,A695V,-1.293,-0.22303956747055054,0.5698422789573669,1.1961462497711182
20,6937554,7PE9,MdrDBcore02043,A695V,-1.002,-0.49072837829589844,0.5698422789573669,1.1961462497711182
20,6937554,6SB0,MdrDBcore02044,A954T,-2.775,-1.7782626152038574,0.5698422789573669,1.1961462497711182
20,6937554,6SB0,MdrDBcore02045,D1332E,-2.443,-0.6596510410308838,0.5698422789573669,1.1961462497711182
20,6937554,6SB0,MdrDBcore02046,D259Y,-0.308,-0.6563764810562134,0.5698422789573669,1.1961462497711182
20,6937554,6SB0,MdrDBcore02047,E1033K,-1.819,0.7363743185997009,0.5698422789573669,1.1961462497711182
20,6937554,5WBY,MdrDBcore02048,E1799K,-0.79,-0.6601353287696838,0.5698422789573669,1.1961462497711182
20,6937554,7PE9,MdrDBcore02049,E2000Q,-1.021,-0.9045953750610352,0.5698422789573669,1.1961462497711182
20,6937554,6SB0,MdrDBcore02050,E427D,-4.512,-1.954465389251709,0.5698422789573669,1.1961462497711182
20,6937554,6SB0,MdrDBcore02051,F140L,-0.639,0.466071754693985,0.5698422789573669,1.1961462497711182
20,6937554,6SB0,MdrDBcore02052,H1647Q,-0.947,-0.8276553153991699,0.5698422789573669,1.1961462497711182
20,6937554,6SB0,MdrDBcore02053,I2017T,-1.532,-1.7905794382095337,0.5698422789573669,1.1961462497711182
20,6937554,6SB0,MdrDBcore02054,K1197N,-2.878,-1.689224362373352,0.5698422789573669,1.1961462497711182
20,6937554,6SB0,MdrDBcore02055,K1981E,-2.429,0.5731701254844666,0.5698422789573669,1.1961462497711182
20,6937554,6SB0,MdrDBcore02056,L1129P,-2.09,-0.9456961154937744,0.5698422789573669,1.1961462497711182
20,6937554,6SB0,MdrDBcore02057,L1894V,-2.235,-0.22483208775520325,0.5698422789573669,1.1961462497711182
20,6937554,6SB0,MdrDBcore02058,L1894V,-2.592,-1.4371910095214844,0.5698422789573669,1.1961462497711182
20,6937554,7PE9,MdrDBcore02059,L2138F,-1.88,-0.4071350693702698,0.5698422789573669,1.1961462497711182
20,6937554,6SB0,MdrDBcore02060,L2427R,-2.787,-1.896622657775879,0.5698422789573669,1.1961462497711182
20,6937554,6SB0,MdrDBcore02061,M135T,-1.39,-1.1912493705749512,0.5698422789573669,1.1961462497711182
20,6937554,7EPD,MdrDBcore02062,M476V,-1.455,-1.6302210092544556,0.5698422789573669,1.1961462497711182
20,6937554,6SB0,MdrDBcore02063,N1765D,-1.825,-1.4208171367645264,0.5698422789573669,1.1961462497711182
20,6937554,6SB0,MdrDBcore02064,P1128L,-3.787,-0.2317422777414322,0.5698422789573669,1.1961462497711182
20,6937554,6SB0,MdrDBcore02065,P1193L,-1.318,-1.5538852214813232,0.5698422789573669,1.1961462497711182
20,6937554,6SB0,MdrDBcore02066,P1312L,-1.355,-1.8049739599227905,0.5698422789573669,1.1961462497711182
20,6937554,6SB0,MdrDBcore02067,P1537S,-1.259,-1.003220796585083,0.5698422789573669,1.1961462497711182
20,6937554,6SB0,MdrDBcore02068,P1609L,-1.712,-0.2237231284379959,0.5698422789573669,1.1961462497711182
20,6937554,6SB0,MdrDBcore02069,P1609L,-1.195,-1.913124680519104,0.5698422789573669,1.1961462497711182
20,6937554,6SB0,MdrDBcore02070,P1951S,-0.062,0.03858299180865288,0.5698422789573669,1.1961462497711182
20,6937554,6SB0,MdrDBcore02071,P453L,-2.746,-1.7182064056396484,0.5698422789573669,1.1961462497711182
20,6937554,6SB0,MdrDBcore02072,P770A,-1.411,-0.9449190497398376,0.5698422789573669,1.1961462497711182
20,6937554,6SB0,MdrDBcore02073,P770A,-1.782,-2.0173962116241455,0.5698422789573669,1.1961462497711182
20,6937554,6SB0,MdrDBcore02074,Q1207P,-3.336,-1.8178815841674805,0.5698422789573669,1.1961462497711182
20,6937554,7PE9,MdrDBcore02075,R1208C,-1.145,-1.1440802812576294,0.5698422789573669,1.1961462497711182
20,6937554,6SB0,MdrDBcore02076,R1482C,-2.339,-2.0390589237213135,0.5698422789573669,1.1961462497711182
20,6937554,6SB0,MdrDBcore02077,R1612Q,0.682,-1.6765270233154297,0.5698422789573669,1.1961462497711182
20,6937554,6SB0,MdrDBcore02078,R1709H,-2.867,-1.8576186895370483,0.5698422789573669,1.1961462497711182
20,6937554,6SB0,MdrDBcore02079,R1709H,-1.1,-0.9578405618667603,0.5698422789573669,1.1961462497711182
20,6937554,6SB0,MdrDBcore02080,R1784C,0.857,-0.6795306205749512,0.5698422789573669,1.1961462497711182
20,6937554,6SB0,MdrDBcore02081,R1811H,-1.625,-1.9989080429077148,0.5698422789573669,1.1961462497711182
20,6937554,6SB0,MdrDBcore02082,R2152C,-3.364,-1.7078293561935425,0.5698422789573669,1.1961462497711182
20,6937554,7PE9,MdrDBcore02083,S1178F,-0.977,-1.2051433324813843,0.5698422789573669,1.1961462497711182
20,6937554,6SB0,MdrDBcore02084,S2215F,-2.632,0.2119632214307785,0.5698422789573669,1.1961462497711182
20,6937554,6SB0,MdrDBcore02085,S645C,-1.77,-1.5452078580856323,0.5698422789573669,1.1961462497711182
20,6937554,7PE9,MdrDBcore02086,T1948M,-2.088,-1.4837318658828735,0.5698422789573669,1.1961462497711182
20,6937554,6SB0,MdrDBcore02087,T1948M,-0.221,-1.6042389869689941,0.5698422789573669,1.1961462497711182
20,6937554,6SB0,MdrDBcore02088,T2232I,-0.216,-1.7031829357147217,0.5698422789573669,1.1961462497711182
20,6937554,6SB0,MdrDBcore02089,T2509A,-3.481,-1.6793524026870728,0.5698422789573669,1.1961462497711182
20,6937554,7EPD,MdrDBcore02090,T571K,-3.356,-0.8688496947288513,0.5698422789573669,1.1961462497711182
20,6937554,6SB0,MdrDBcore02091,T588M,-1.698,-1.7948170900344849,0.5698422789573669,1.1961462497711182
20,6937554,6SB0,MdrDBcore02092,T647I,-2.934,-1.6418673992156982,0.5698422789573669,1.1961462497711182
20,6937554,6SB0,MdrDBcore02093,T647I,-2.127,-1.5641705989837646,0.5698422789573669,1.1961462497711182
20,6937554,5WBY,MdrDBcore02094,V1591L,-2.614,-1.3051837682724,0.5698422789573669,1.1961462497711182
20,6937554,6SB0,MdrDBcore02095,W1304R,-0.871,-1.6228489875793457,0.5698422789573669,1.1961462497711182
20,6937554,5WBY,MdrDBcore02096,W1456R,-3.121,-1.1929585933685303,0.5698422789573669,1.1961462497711182
20,6937554,6SB0,MdrDBcore02097,Y1151C,-0.722,-2.0676612854003906,0.5698422789573669,1.1961462497711182
20,6937554,6SB0,MdrDBcore02098,Y861H,-1.509,-1.2866547107696533,0.5698422789573669,1.1961462497711182
20,6937554,6SB0,MdrDBcore02099,Y861H,-2.08,-1.2573333978652954,0.5698422789573669,1.1961462497711182
20,6937554,4FL2,MdrDBcore02100,A353T,-0.306,-0.6058574318885803,0.5698422789573669,1.1961462497711182
20,6937554,4FL2,MdrDBcore02101,A353T,-1.045,-0.7473483681678772,0.5698422789573669,1.1961462497711182
20,6937554,4FL2,MdrDBcore02102,A353T,-0.914,-1.6841017007827759,0.5698422789573669,1.1961462497711182
20,6937554,4RX7,MdrDBcore02103,A620T,1.14,0.18496109545230865,0.5698422789573669,1.1961462497711182
20,6937554,5CXZ,MdrDBcore02104,A620T,-0.871,0.05785680189728737,0.5698422789573669,1.1961462497711182
20,6937554,5CXZ,MdrDBcore02105,A620T,-0.284,-0.17730259895324707,0.5698422789573669,1.1961462497711182
20,6937554,1A81,MdrDBcore02106,A86T,1.59,1.2192682027816772,0.5698422789573669,1.1961462497711182
20,6937554,7SA7,MdrDBcore02107,A86T,0.263,0.6426193714141846,0.5698422789573669,1.1961462497711182
20,6937554,7SA7,MdrDBcore02108,A86T,0.511,0.9167084693908691,0.5698422789573669,1.1961462497711182
20,6937554,5CXZ,MdrDBcore02109,D428N,-0.288,0.17098423838615417,0.5698422789573669,1.1961462497711182
20,6937554,5CXZ,MdrDBcore02110,D428N,-0.438,0.03614870831370354,0.5698422789573669,1.1961462497711182
20,6937554,5CXZ,MdrDBcore02111,D428N,-0.601,-0.6712416410446167,0.5698422789573669,1.1961462497711182
20,6937554,5CXZ,MdrDBcore02112,E586D,-0.614,0.29622042179107666,0.5698422789573669,1.1961462497711182
20,6937554,5CXZ,MdrDBcore02113,E586D,0.601,0.0496453121304512,0.5698422789573669,1.1961462497711182
20,6937554,5CXZ,MdrDBcore02114,E586D,-0.338,-0.22077195346355438,0.5698422789573669,1.1961462497711182
20,6937554,5CXZ,MdrDBcore02115,G578E,0.377,0.15833856165409088,0.5698422789573669,1.1961462497711182
20,6937554,5CXZ,MdrDBcore02116,G578E,-0.261,0.08461470156908035,0.5698422789573669,1.1961462497711182
20,6937554,4RX7,MdrDBcore02117,G578E,-0.286,0.6121044754981995,0.5698422789573669,1.1961462497711182
20,6937554,4RX7,MdrDBcore02118,G588R,-0.786,0.28896164894104004,0.5698422789573669,1.1961462497711182
20,6937554,5CXZ,MdrDBcore02119,G588R,0.867,0.047825608402490616,0.5698422789573669,1.1961462497711182
20,6937554,5CXZ,MdrDBcore02120,G588R,1.22,-0.24226365983486176,0.5698422789573669,1.1961462497711182
20,6937554,5CXZ,MdrDBcore02121,H492Y,-0.596,0.1647215336561203,0.5698422789573669,1.1961462497711182
20,6937554,5CXZ,MdrDBcore02122,H492Y,-0.815,0.01703847385942936,0.5698422789573669,1.1961462497711182
20,6937554,5CXZ,MdrDBcore02123,H492Y,-0.579,-0.06531523913145065,0.5698422789573669,1.1961462497711182
20,6937554,4RX7,MdrDBcore02124,I438M,1.949,0.15757325291633606,0.5698422789573669,1.1961462497711182
20,6937554,7SA7,MdrDBcore02125,K133E,0.343,0.5638071298599243,0.5698422789573669,1.1961462497711182
20,6937554,7SA7,MdrDBcore02126,K133E,-0.138,-0.027722373604774475,0.5698422789573669,1.1961462497711182
20,6937554,7SA7,MdrDBcore02127,K133E,0.598,0.015220540575683117,0.5698422789573669,1.1961462497711182
20,6937554,5CXZ,MdrDBcore02128,K386N,-0.514,0.15507806837558746,0.5698422789573669,1.1961462497711182
20,6937554,5CXZ,MdrDBcore02129,N381I,-0.613,0.1129409447312355,0.5698422789573669,1.1961462497711182
20,6937554,4RX7,MdrDBcore02130,N381I,-0.32,0.21267203986644745,0.5698422789573669,1.1961462497711182
20,6937554,5CXZ,MdrDBcore02131,N381I,-0.743,-0.18360285460948944,0.5698422789573669,1.1961462497711182
20,6937554,4FL2,MdrDBcore02132,P355L,0.228,-0.44238555431365967,0.5698422789573669,1.1961462497711182
20,6937554,1XBB,MdrDBcore02133,R520S,2.261,-0.20309950411319733,0.5698422789573669,1.1961462497711182
20,6937554,5CXZ,MdrDBcore02134,R520S,-0.815,0.06527432799339294,0.5698422789573669,1.1961462497711182
20,6937554,5CXZ,MdrDBcore02135,R520S,0.111,-0.17170274257659912,0.5698422789573669,1.1961462497711182
20,6937554,5CXZ,MdrDBcore02136,V622A,-0.123,0.11996471136808395,0.5698422789573669,1.1961462497711182
20,6937554,5CXZ,MdrDBcore02137,V622A,1.095,0.038083694875240326,0.5698422789573669,1.1961462497711182
20,6937554,5CXZ,MdrDBcore02138,V622A,1.357,-0.08019105345010757,0.5698422789573669,1.1961462497711182
20,6937554,1A81,MdrDBcore02139,Y246C,-0.223,-0.07044622302055359,0.5698422789573669,1.1961462497711182
20,6937554,4RX7,MdrDBcore02140,Y568H,-0.077,0.160344198346138,0.5698422789573669,1.1961462497711182
20,6937554,5CXZ,MdrDBcore02141,Y568H,-0.729,0.020875904709100723,0.5698422789573669,1.1961462497711182
20,6937554,5CXZ,MdrDBcore02142,Y568H,-0.078,-0.3345924913883209,0.5698422789573669,1.1961462497711182
20,6937554,4O1D,MdrDBcore02143,A252S,-0.845,-0.906974196434021,0.5698422789573669,1.1961462497711182
20,6937554,4O1D,MdrDBcore02144,A83V,0.014,-0.46311622858047485,0.5698422789573669,1.1961462497711182
20,6937554,4O1D,MdrDBcore02145,E263G,-1.313,-0.30300173163414,0.5698422789573669,1.1961462497711182
20,6937554,4O1D,MdrDBcore02146,E336D,2.7,-0.40110522508621216,0.5698422789573669,1.1961462497711182
20,6937554,4O1D,MdrDBcore02147,E487D,0.707,0.42876437306404114,0.5698422789573669,1.1961462497711182
20,6937554,4O1D,MdrDBcore02148,G100R,-0.997,-0.770147442817688,0.5698422789573669,1.1961462497711182
20,6937554,4O1D,MdrDBcore02149,I206T,2.095,0.4939742386341095,0.5698422789573669,1.1961462497711182
20,6937554,4O1D,MdrDBcore02150,K228A,-1.331,-0.19544188678264618,0.5698422789573669,1.1961462497711182
20,6937554,4O1D,MdrDBcore02151,K339E,-0.833,0.29475167393684387,0.5698422789573669,1.1961462497711182
20,6937554,4O1D,MdrDBcore02152,K342R,-1.852,-0.6483309268951416,0.5698422789573669,1.1961462497711182
20,6937554,4O1D,MdrDBcore02153,K423A,-2.217,-0.3604128062725067,0.5698422789573669,1.1961462497711182
20,6937554,4O1D,MdrDBcore02154,L226R,3.238,0.8420288562774658,0.5698422789573669,1.1961462497711182
20,6937554,4O1D,MdrDBcore02155,Q268K,-0.386,-0.89112389087677,0.5698422789573669,1.1961462497711182
20,6937554,3DKJ,MdrDBcore02156,Q362E,0.056,-0.3004654049873352,0.5698422789573669,1.1961462497711182
20,6937554,4O1D,MdrDBcore02157,R349K,0.005,1.1384787559509277,0.5698422789573669,1.1961462497711182
20,6937554,4O1D,MdrDBcore02158,T233M,-2.333,-0.6214863657951355,0.5698422789573669,1.1961462497711182
20,6937554,4O1D,MdrDBcore02159,V221A,0.654,-0.3178447186946869,0.5698422789573669,1.1961462497711182
20,6937554,4O1D,MdrDBcore02160,V266I,2.09,0.7725206613540649,0.5698422789573669,1.1961462497711182
20,6937554,4O1D,MdrDBcore02161,V300I,0.067,-0.8732768893241882,0.5698422789573669,1.1961462497711182
20,6937554,4O1D,MdrDBcore02162,Y142C,0.206,-0.3893197774887085,0.5698422789573669,1.1961462497711182
20,6937554,4O1D,MdrDBcore02163,Y36C,1.022,0.46391725540161133,0.5698422789573669,1.1961462497711182
20,6937554,4AWI,MdrDBcore02164,A282D,-0.775,-0.10281828045845032,0.5698422789573669,1.1961462497711182
20,6937554,4AWI,MdrDBcore02165,C79Y,1.349,0.44887223839759827,0.5698422789573669,1.1961462497711182
20,6937554,4AWI,MdrDBcore02166,D277G,-0.384,0.34662118554115295,0.5698422789573669,1.1961462497711182
20,6937554,4AWI,MdrDBcore02167,D277V,0.443,0.4397740960121155,0.5698422789573669,1.1961462497711182
20,6937554,4AWI,MdrDBcore02168,H149R,-0.612,0.07460805028676987,0.5698422789573669,1.1961462497711182
20,6937554,4AWI,MdrDBcore02169,I304M,-0.709,0.30035772919654846,0.5698422789573669,1.1961462497711182
20,6937554,4AWI,MdrDBcore02170,M200T,-1.724,-0.6400038599967957,0.5698422789573669,1.1961462497711182
20,6937554,3L08,MdrDBcore02171,A197T,-1.852,-0.05516846105456352,0.5698422789573669,1.1961462497711182
20,6937554,3L08,MdrDBcore02172,A197T,0.351,-0.15640750527381897,0.5698422789573669,1.1961462497711182
20,6937554,4GB9,MdrDBcore02173,A253T,0.688,0.2496945559978485,0.5698422789573669,1.1961462497711182
20,6937554,4GB9,MdrDBcore02174,A253T,1.775,0.6856449842453003,0.5698422789573669,1.1961462497711182
20,6937554,4GB9,MdrDBcore02175,A253T,0.231,0.4418606758117676,0.5698422789573669,1.1961462497711182
20,6937554,3L08,MdrDBcore02176,A314T,0.664,-0.01819859817624092,0.5698422789573669,1.1961462497711182
20,6937554,4GB9,MdrDBcore02177,A314T,1.258,0.446545273065567,0.5698422789573669,1.1961462497711182
20,6937554,4GB9,MdrDBcore02178,A314T,0.288,0.4059302806854248,0.5698422789573669,1.1961462497711182
20,6937554,3L08,MdrDBcore02179,A528V,-0.026,-0.05741559714078903,0.5698422789573669,1.1961462497711182
20,6937554,4GB9,MdrDBcore02180,A528V,0.923,0.6365363597869873,0.5698422789573669,1.1961462497711182
20,6937554,3L08,MdrDBcore02181,A528V,-0.333,-0.10412778705358505,0.5698422789573669,1.1961462497711182
20,6937554,3L08,MdrDBcore02182,A557V,1.842,0.8808026909828186,0.5698422789573669,1.1961462497711182
20,6937554,3L08,MdrDBcore02183,A569T,1.29,-0.01767836883664131,0.5698422789573669,1.1961462497711182
20,6937554,3L08,MdrDBcore02184,A569T,1.746,1.0762823820114136,0.5698422789573669,1.1961462497711182
20,6937554,3L08,MdrDBcore02185,A569T,1.264,0.07341425120830536,0.5698422789573669,1.1961462497711182
20,6937554,4GB9,MdrDBcore02186,A621S,1.204,0.31426048278808594,0.5698422789573669,1.1961462497711182
20,6937554,3L08,MdrDBcore02187,A621S,1.806,0.9840463995933533,0.5698422789573669,1.1961462497711182
20,6937554,3L08,MdrDBcore02188,A621S,0.475,0.06906270235776901,0.5698422789573669,1.1961462497711182
20,6937554,7MEZ,MdrDBcore02189,A84V,-0.146,-0.5943742990493774,0.5698422789573669,1.1961462497711182
20,6937554,3L08,MdrDBcore02190,D192N,0.216,-0.08204557746648788,0.5698422789573669,1.1961462497711182
20,6937554,3L08,MdrDBcore02191,D192N,-1.811,0.11802686005830765,0.5698422789573669,1.1961462497711182
20,6937554,3L16,MdrDBcore02192,D358Y,-0.059,0.25667545199394226,0.5698422789573669,1.1961462497711182
20,6937554,3L08,MdrDBcore02193,D358Y,1.423,0.8066550493240356,0.5698422789573669,1.1961462497711182
20,6937554,3L08,MdrDBcore02194,D358Y,-0.28,-0.08551536500453949,0.5698422789573669,1.1961462497711182
20,6937554,3L08,MdrDBcore02195,D946N,0.767,-0.03762189671397209,0.5698422789573669,1.1961462497711182
20,6937554,3L08,MdrDBcore02196,D946N,0.372,1.1286389827728271,0.5698422789573669,1.1961462497711182
20,6937554,3L08,MdrDBcore02197,D946N,-0.134,-0.0019997996278107166,0.5698422789573669,1.1961462497711182
20,6937554,7MEZ,MdrDBcore02198,E108K,-1.323,-1.063984990119934,0.5698422789573669,1.1961462497711182
20,6937554,7MEZ,MdrDBcore02199,E108K,0.043,-0.34134483337402344,0.5698422789573669,1.1961462497711182
20,6937554,3L08,MdrDBcore02200,G276S,-0.235,-0.00888634193688631,0.5698422789573669,1.1961462497711182
20,6937554,3L08,MdrDBcore02201,G276S,1.873,0.9893277883529663,0.5698422789573669,1.1961462497711182
20,6937554,3L08,MdrDBcore02202,G276S,-1.009,0.046968523412942886,0.5698422789573669,1.1961462497711182
20,6937554,7MEZ,MdrDBcore02203,G343S,0.915,0.3286653757095337,0.5698422789573669,1.1961462497711182
20,6937554,7MEZ,MdrDBcore02204,G343S,1.741,-0.12858425080776215,0.5698422789573669,1.1961462497711182
20,6937554,7MEZ,MdrDBcore02205,G343S,-0.181,0.0085630277171731,0.5698422789573669,1.1961462497711182
20,6937554,3L08,MdrDBcore02206,G436S,2.055,1.1215304136276245,0.5698422789573669,1.1961462497711182
20,6937554,7MEZ,MdrDBcore02207,G65D,-0.46,-0.058863911777734756,0.5698422789573669,1.1961462497711182
20,6937554,3L08,MdrDBcore02208,G996A,0.184,-0.02889234572649002,0.5698422789573669,1.1961462497711182
20,6937554,3L08,MdrDBcore02209,G996A,0.68,0.041357554495334625,0.5698422789573669,1.1961462497711182
20,6937554,3L08,MdrDBcore02210,H295Q,0.103,-0.017928823828697205,0.5698422789573669,1.1961462497711182
20,6937554,3L08,MdrDBcore02211,H295Q,0.728,1.0741350650787354,0.5698422789573669,1.1961462497711182
20,6937554,3L08,MdrDBcore02212,H295Q,-0.988,0.0605909638106823,0.5698422789573669,1.1961462497711182
20,6937554,3L08,MdrDBcore02213,H693Q,0.143,-0.021460246294736862,0.5698422789573669,1.1961462497711182
20,6937554,3L08,MdrDBcore02214,H693Q,0.77,1.0398235321044922,0.5698422789573669,1.1961462497711182
20,6937554,3L08,MdrDBcore02215,H693Q,0.789,-0.03407471999526024,0.5698422789573669,1.1961462497711182
20,6937554,3L08,MdrDBcore02216,H909L,1.219,-0.021652251482009888,0.5698422789573669,1.1961462497711182
20,6937554,3L08,MdrDBcore02217,H909L,1.575,1.0062155723571777,0.5698422789573669,1.1961462497711182
20,6937554,3L08,MdrDBcore02218,H909L,-0.26,-0.052027154713869095,0.5698422789573669,1.1961462497711182
20,6937554,3L08,MdrDBcore02219,I158M,-0.179,-0.017129279673099518,0.5698422789573669,1.1961462497711182
20,6937554,3L08,MdrDBcore02220,I158M,0.786,0.9885236620903015,0.5698422789573669,1.1961462497711182
20,6937554,3L08,MdrDBcore02221,I158M,-0.507,-0.035157836973667145,0.5698422789573669,1.1961462497711182
20,6937554,3L08,MdrDBcore02222,I220M,0.235,-0.003528949338942766,0.5698422789573669,1.1961462497711182
20,6937554,3L08,MdrDBcore02223,I220M,1.658,1.090136170387268,0.5698422789573669,1.1961462497711182
20,6937554,3L08,MdrDBcore02224,I220M,0.889,0.20934368669986725,0.5698422789573669,1.1961462497711182
20,6937554,3L16,MdrDBcore02225,I287M,0.239,0.254300981760025,0.5698422789573669,1.1961462497711182
20,6937554,3L08,MdrDBcore02226,I287M,0.731,0.9757413864135742,0.5698422789573669,1.1961462497711182
20,6937554,3L08,MdrDBcore02227,I287M,-1.226,0.10270001739263535,0.5698422789573669,1.1961462497711182
20,6937554,3L08,MdrDBcore02228,I643V,0.624,-0.0093906344845891,0.5698422789573669,1.1961462497711182
20,6937554,3L08,MdrDBcore02229,I643V,1.642,0.8704824447631836,0.5698422789573669,1.1961462497711182
20,6937554,3L08,MdrDBcore02230,I643V,0.519,0.03404942527413368,0.5698422789573669,1.1961462497711182
20,6937554,3L08,MdrDBcore02231,I888V,-1.351,-0.026460058987140656,0.5698422789573669,1.1961462497711182
20,6937554,3L08,MdrDBcore02232,I888V,1.043,0.7475749254226685,0.5698422789573669,1.1961462497711182
20,6937554,3L08,MdrDBcore02233,I888V,-2.396,-0.12281473726034164,0.5698422789573669,1.1961462497711182
20,6937554,4EZL,MdrDBcore02234,L1092H,0.068,0.2491379976272583,0.5698422789573669,1.1961462497711182
20,6937554,4EZL,MdrDBcore02235,L1092H,0.793,0.5497641563415527,0.5698422789573669,1.1961462497711182
20,6937554,4EZL,MdrDBcore02236,L1092H,-0.092,0.42778512835502625,0.5698422789573669,1.1961462497711182
20,6937554,3L08,MdrDBcore02237,L211P,-0.101,-0.02096577361226082,0.5698422789573669,1.1961462497711182
20,6937554,3L08,MdrDBcore02238,L211P,0.311,0.8875847458839417,0.5698422789573669,1.1961462497711182
20,6937554,4GB9,MdrDBcore02239,L211P,-2.641,0.40459591150283813,0.5698422789573669,1.1961462497711182
20,6937554,4GB9,MdrDBcore02240,L651V,0.331,0.11778432875871658,0.5698422789573669,1.1961462497711182
20,6937554,4GB9,MdrDBcore02241,L651V,2.12,0.5744637846946716,0.5698422789573669,1.1961462497711182
20,6937554,3L08,MdrDBcore02242,L651V,0.752,0.12551330029964447,0.5698422789573669,1.1961462497711182
20,6937554,3L08,MdrDBcore02243,M1039T,0.369,-0.017567969858646393,0.5698422789573669,1.1961462497711182
20,6937554,3L08,MdrDBcore02244,M1039T,2.592,1.1114768981933594,0.5698422789573669,1.1961462497711182
20,6937554,3L08,MdrDBcore02245,M1039T,0.201,-0.05561436712741852,0.5698422789573669,1.1961462497711182
20,6937554,1HE8,MdrDBcore02246,M259I,0.954,1.0149052143096924,0.5698422789573669,1.1961462497711182
20,6937554,1HE8,MdrDBcore02247,M259I,1.22,0.09395339339971542,0.5698422789573669,1.1961462497711182
20,6937554,1HE8,MdrDBcore02248,M259I,-1.632,-0.5349021553993225,0.5698422789573669,1.1961462497711182
20,6937554,3L08,MdrDBcore02249,N386S,-1.827,-0.13463249802589417,0.5698422789573669,1.1961462497711182
20,6937554,3L08,MdrDBcore02250,N386S,0.942,0.8455581665039062,0.5698422789573669,1.1961462497711182
20,6937554,3L08,MdrDBcore02251,N386S,-0.521,-0.03453152999281883,0.5698422789573669,1.1961462497711182
20,6937554,3DPD,MdrDBcore02252,N979S,1.963,0.708541750907898,0.5698422789573669,1.1961462497711182
20,6937554,7MEZ,MdrDBcore02253,P142L,1.149,0.6951020956039429,0.5698422789573669,1.1961462497711182
20,6937554,7MEZ,MdrDBcore02254,P142L,-1.412,-0.8696260452270508,0.5698422789573669,1.1961462497711182
20,6937554,3L08,MdrDBcore02255,P208L,-0.45,-0.07704278081655502,0.5698422789573669,1.1961462497711182
20,6937554,3L08,MdrDBcore02256,P208L,1.21,0.7998901009559631,0.5698422789573669,1.1961462497711182
20,6937554,3L08,MdrDBcore02257,P208L,0.288,-0.0940457135438919,0.5698422789573669,1.1961462497711182
20,6937554,7MEZ,MdrDBcore02258,P538L,-0.83,0.41620969772338867,0.5698422789573669,1.1961462497711182
20,6937554,7MEZ,MdrDBcore02259,P538L,1.314,-0.36318618059158325,0.5698422789573669,1.1961462497711182
20,6937554,7MEZ,MdrDBcore02260,P538L,0.748,-0.07794022560119629,0.5698422789573669,1.1961462497711182
20,6937554,3L08,MdrDBcore02261,P563T,1.021,-0.015171726234257221,0.5698422789573669,1.1961462497711182
20,6937554,3L08,MdrDBcore02262,P563T,1.037,0.8243493437767029,0.5698422789573669,1.1961462497711182
20,6937554,3L08,MdrDBcore02263,P563T,-0.446,0.026878882199525833,0.5698422789573669,1.1961462497711182
20,6937554,3L08,MdrDBcore02264,R178C,-0.349,-0.03770178183913231,0.5698422789573669,1.1961462497711182
20,6937554,3L08,MdrDBcore02265,R178C,0.99,1.1140861511230469,0.5698422789573669,1.1961462497711182
20,6937554,3L08,MdrDBcore02266,R178C,0.102,0.009676427580416203,0.5698422789573669,1.1961462497711182
20,6937554,3L08,MdrDBcore02267,R362K,2.215,-0.030937448143959045,0.5698422789573669,1.1961462497711182
20,6937554,4GB9,MdrDBcore02268,R362K,1.776,0.6813918948173523,0.5698422789573669,1.1961462497711182
20,6937554,3L08,MdrDBcore02269,R362K,2.351,0.040857408195734024,0.5698422789573669,1.1961462497711182
20,6937554,3L08,MdrDBcore02270,R362S,0.783,-0.04632089287042618,0.5698422789573669,1.1961462497711182
20,6937554,3L08,MdrDBcore02271,R362S,0.697,1.0317087173461914,0.5698422789573669,1.1961462497711182
20,6937554,3L08,MdrDBcore02272,R362S,-1.205,-0.027734989300370216,0.5698422789573669,1.1961462497711182
20,6937554,3L08,MdrDBcore02273,R472P,-0.787,-0.03582670912146568,0.5698422789573669,1.1961462497711182
20,6937554,3L08,MdrDBcore02274,R472P,-0.729,-0.11868683993816376,0.5698422789573669,1.1961462497711182
20,6937554,3L08,MdrDBcore02275,R477C,-0.021,-0.018217921257019043,0.5698422789573669,1.1961462497711182
20,6937554,3L08,MdrDBcore02276,R477C,0.722,1.1694146394729614,0.5698422789573669,1.1961462497711182
20,6937554,3L08,MdrDBcore02277,R477C,-0.008,-0.24687470495700836,0.5698422789573669,1.1961462497711182
20,6937554,4GB9,MdrDBcore02278,R839C,0.1,0.23572154343128204,0.5698422789573669,1.1961462497711182
20,6937554,4GB9,MdrDBcore02279,R839C,1.826,0.5209591388702393,0.5698422789573669,1.1961462497711182
20,6937554,3L08,MdrDBcore02280,R839C,0.741,-0.09950809925794601,0.5698422789573669,1.1961462497711182
20,6937554,3L08,MdrDBcore02281,S806F,1.167,0.7876491546630859,0.5698422789573669,1.1961462497711182
20,6937554,3L08,MdrDBcore02282,S806F,0.803,0.9923118948936462,0.5698422789573669,1.1961462497711182
20,6937554,3L08,MdrDBcore02283,T1081I,0.994,1.0172061920166016,0.5698422789573669,1.1961462497711182
20,6937554,7MEZ,MdrDBcore02284,T330M,-0.318,0.16539938747882843,0.5698422789573669,1.1961462497711182
20,6937554,7MEZ,MdrDBcore02285,T330M,0.832,-0.3933461308479309,0.5698422789573669,1.1961462497711182
20,6937554,7MEZ,MdrDBcore02286,T330M,-0.466,-0.05102973058819771,0.5698422789573669,1.1961462497711182
20,6937554,4GB9,MdrDBcore02287,T627I,0.0,0.449507474899292,0.5698422789573669,1.1961462497711182
20,6937554,3L08,MdrDBcore02288,T627I,-1.75,-0.015845343470573425,0.5698422789573669,1.1961462497711182
20,6937554,4GB9,MdrDBcore02289,T827R,-0.102,0.11770915240049362,0.5698422789573669,1.1961462497711182
20,6937554,3L08,MdrDBcore02290,T827R,1.97,0.9090002179145813,0.5698422789573669,1.1961462497711182
20,6937554,3L08,MdrDBcore02291,T827R,0.901,0.030656449496746063,0.5698422789573669,1.1961462497711182
20,6937554,3L08,MdrDBcore02292,V305M,-0.719,-0.017683401703834534,0.5698422789573669,1.1961462497711182
20,6937554,3L08,MdrDBcore02293,V305M,1.076,1.0418980121612549,0.5698422789573669,1.1961462497711182
20,6937554,3L08,MdrDBcore02294,V305M,-0.557,-0.0024953563697636127,0.5698422789573669,1.1961462497711182
20,6937554,7MEZ,MdrDBcore02295,V332D,1.84,-0.29244863986968994,0.5698422789573669,1.1961462497711182
20,6937554,7MEZ,MdrDBcore02296,V332D,1.411,1.0127172470092773,0.5698422789573669,1.1961462497711182
20,6937554,7MEZ,MdrDBcore02297,V332D,1.987,0.11536476016044617,0.5698422789573669,1.1961462497711182
20,6937554,7MEZ,MdrDBcore02298,V332L,-0.668,-0.9572404026985168,0.5698422789573669,1.1961462497711182
20,6937554,7MEZ,MdrDBcore02299,V332L,-0.301,-0.10388804972171783,0.5698422789573669,1.1961462497711182
20,6937554,3L08,MdrDBcore02300,V381I,0.38,-0.027162421494722366,0.5698422789573669,1.1961462497711182
20,6937554,3L08,MdrDBcore02301,V381I,0.842,0.9366220831871033,0.5698422789573669,1.1961462497711182
20,6937554,3L08,MdrDBcore02302,V381I,-0.932,-0.027631834149360657,0.5698422789573669,1.1961462497711182
20,6937554,4GB9,MdrDBcore02303,W855L,0.54,0.3274598717689514,0.5698422789573669,1.1961462497711182
20,6937554,3L08,MdrDBcore02304,W855L,-0.514,0.0009806224843487144,0.5698422789573669,1.1961462497711182
20,6937554,1TN6,MdrDBcore02305,F117L,-0.232,0.24396291375160217,0.5698422789573669,1.1961462497711182
20,6937554,1LD8,MdrDBcore02306,F117L,0.864,-0.5354782938957214,0.5698422789573669,1.1961462497711182
20,6937554,1JCQ,MdrDBcore02307,K330T,-0.465,-0.25928640365600586,0.5698422789573669,1.1961462497711182
20,6937554,1LD8,MdrDBcore02308,K330T,-0.583,-0.9753714799880981,0.5698422789573669,1.1961462497711182
20,6937554,1JCQ,MdrDBcore02309,K336R,0.041,-0.015910882502794266,0.5698422789573669,1.1961462497711182
20,6937554,1LD8,MdrDBcore02310,K336R,-0.419,-0.429518461227417,0.5698422789573669,1.1961462497711182
20,6937554,1JCQ,MdrDBcore02311,L280F,-0.467,0.42867040634155273,0.5698422789573669,1.1961462497711182
20,6937554,1LD8,MdrDBcore02312,L280F,-2.033,-0.31163567304611206,0.5698422789573669,1.1961462497711182
20,6937554,1TN6,MdrDBcore02313,N329S,-0.981,-0.42987072467803955,0.5698422789573669,1.1961462497711182
20,6937554,2H6G,MdrDBcore02314,N329S,-2.001,0.2691248059272766,0.5698422789573669,1.1961462497711182
20,6937554,1JCQ,MdrDBcore02315,N85S,-0.979,-1.213308334350586,0.5698422789573669,1.1961462497711182
20,6937554,1LD8,MdrDBcore02316,N85S,-0.441,-0.3356245756149292,0.5698422789573669,1.1961462497711182
20,6937554,1JCQ,MdrDBcore02317,P304S,0.228,0.18078766763210297,0.5698422789573669,1.1961462497711182
20,6937554,1LD8,MdrDBcore02318,P304S,0.25,-0.2223806232213974,0.5698422789573669,1.1961462497711182
20,6937554,1TN6,MdrDBcore02319,Q221R,-0.144,-0.7924768924713135,0.5698422789573669,1.1961462497711182
20,6937554,1LD8,MdrDBcore02320,Q221R,-0.212,-0.29169324040412903,0.5698422789573669,1.1961462497711182
20,6937554,1JCQ,MdrDBcore02321,R287C,-0.139,-0.3859575092792511,0.5698422789573669,1.1961462497711182
20,6937554,1LD8,MdrDBcore02322,R287C,-1.421,-0.7552087306976318,0.5698422789573669,1.1961462497711182
20,6937554,1JCQ,MdrDBcore02323,S290Y,-0.41,-1.2295726537704468,0.5698422789573669,1.1961462497711182
20,6937554,1LD8,MdrDBcore02324,S290Y,-1.336,-0.7704241275787354,0.5698422789573669,1.1961462497711182
20,6937554,1JCQ,MdrDBcore02325,V64I,-0.339,-0.46077001094818115,0.5698422789573669,1.1961462497711182
20,6937554,1LD8,MdrDBcore02326,V64I,-0.458,-0.6952066421508789,0.5698422789573669,1.1961462497711182
20,6937554,1TN6,MdrDBcore02327,W72C,-0.542,-0.9754482507705688,0.5698422789573669,1.1961462497711182
20,6937554,1LD8,MdrDBcore02328,W72C,-0.138,-0.5602424740791321,0.5698422789573669,1.1961462497711182
20,6937554,5OY4,MdrDBcore02329,D33G,0.306,0.13825733959674835,0.5698422789573669,1.1961462497711182
20,6937554,5OY4,MdrDBcore02330,D33G,0.13,0.061153676360845566,0.5698422789573669,1.1961462497711182
20,6937554,5OY4,MdrDBcore02331,D33G,-0.255,0.36235111951828003,0.5698422789573669,1.1961462497711182
20,6937554,5KPK,MdrDBcore02332,G65E,1.34,0.4006560444831848,0.5698422789573669,1.1961462497711182
20,6937554,5KPK,MdrDBcore02333,G65E,-0.541,0.08807689696550369,0.5698422789573669,1.1961462497711182
20,6937554,3ZRL,MdrDBcore02334,G65E,0.501,0.12576718628406525,0.5698422789573669,1.1961462497711182
20,6937554,3ZRL,MdrDBcore02335,H310Q,-0.271,0.12445761263370514,0.5698422789573669,1.1961462497711182
20,6937554,5KPK,MdrDBcore02336,L75V,-0.149,0.05846293643116951,0.5698422789573669,1.1961462497711182
20,6937554,5KPK,MdrDBcore02337,L75V,0.069,-0.009993567131459713,0.5698422789573669,1.1961462497711182
20,6937554,3ZRL,MdrDBcore02338,L75V,-0.902,0.013963763602077961,0.5698422789573669,1.1961462497711182
20,6937554,5KPK,MdrDBcore02339,Q164A,0.288,0.025135081261396408,0.5698422789573669,1.1961462497711182
20,6937554,5KPK,MdrDBcore02340,Q164A,0.84,0.1140400841832161,0.5698422789573669,1.1961462497711182
20,6937554,5KPK,MdrDBcore02341,R319A,1.023,0.04266173765063286,0.5698422789573669,1.1961462497711182
20,6937554,5KPK,MdrDBcore02342,R319A,0.565,0.08386776596307755,0.5698422789573669,1.1961462497711182
20,6937554,5KPK,MdrDBcore02343,R319Q,-0.659,0.07689575105905533,0.5698422789573669,1.1961462497711182
20,6937554,5KPK,MdrDBcore02344,R319Q,0.068,0.13298103213310242,0.5698422789573669,1.1961462497711182
20,6937554,3ZRL,MdrDBcore02345,R319Q,0.804,0.1279062181711197,0.5698422789573669,1.1961462497711182
20,6937554,3ZRL,MdrDBcore02346,R332H,0.012,0.04668549820780754,0.5698422789573669,1.1961462497711182
20,6937554,5KPK,MdrDBcore02347,R96A,-0.548,0.0028722393326461315,0.5698422789573669,1.1961462497711182
20,6937554,5KPK,MdrDBcore02348,R96A,-0.015,0.3440415561199188,0.5698422789573669,1.1961462497711182
20,6937554,5KPK,MdrDBcore02349,V126I,-0.849,0.361614465713501,0.5698422789573669,1.1961462497711182
20,6937554,5KPK,MdrDBcore02350,V126I,-0.271,0.0356166735291481,0.5698422789573669,1.1961462497711182
20,6937554,3ZRL,MdrDBcore02351,V126I,-2.234,0.04560677334666252,0.5698422789573669,1.1961462497711182
20,6937554,3T1I,MdrDBcore02352,A177T,-1.11,1.1368612051010132,0.5698422789573669,1.1961462497711182
20,6937554,3T1I,MdrDBcore02353,A47S,2.016,1.3992125988006592,0.5698422789573669,1.1961462497711182
20,6937554,3T1I,MdrDBcore02354,D131Y,1.83,1.041229486465454,0.5698422789573669,1.1961462497711182
20,6937554,3T1I,MdrDBcore02355,D86N,0.945,1.3856608867645264,0.5698422789573669,1.1961462497711182
20,6937554,3T1I,MdrDBcore02356,E248K,2.338,1.3212193250656128,0.5698422789573669,1.1961462497711182
20,6937554,3T1I,MdrDBcore02357,G285C,1.512,1.4004287719726562,0.5698422789573669,1.1961462497711182
20,6937554,3T1I,MdrDBcore02358,H302Y,1.468,1.395884394645691,0.5698422789573669,1.1961462497711182
20,6937554,3T1I,MdrDBcore02359,L116I,-0.526,1.3852019309997559,0.5698422789573669,1.1961462497711182
20,6937554,3T1I,MdrDBcore02360,L61F,1.83,1.3840547800064087,0.5698422789573669,1.1961462497711182
20,6937554,3T1I,MdrDBcore02361,P358Q,0.965,1.409249186515808,0.5698422789573669,1.1961462497711182
20,6937554,3T1I,MdrDBcore02362,Q232K,1.923,1.1357802152633667,0.5698422789573669,1.1961462497711182
20,6937554,3T1I,MdrDBcore02363,Q330K,0.664,1.3621734380722046,0.5698422789573669,1.1961462497711182
20,6937554,3T1I,MdrDBcore02364,Q48L,1.486,1.2544591426849365,0.5698422789573669,1.1961462497711182
20,6937554,3T1I,MdrDBcore02365,R305W,1.167,1.377951741218567,0.5698422789573669,1.1961462497711182
20,6937554,3T1I,MdrDBcore02366,R351H,1.786,1.39900541305542,0.5698422789573669,1.1961462497711182
20,6937554,3T1I,MdrDBcore02367,R380C,2.126,1.3921931982040405,0.5698422789573669,1.1961462497711182
20,6937554,3T1I,MdrDBcore02368,R388W,1.634,1.3963087797164917,0.5698422789573669,1.1961462497711182
20,6937554,3T1I,MdrDBcore02369,R400S,1.215,1.3887319564819336,0.5698422789573669,1.1961462497711182
20,6937554,3T1I,MdrDBcore02370,R87W,1.359,1.3854153156280518,0.5698422789573669,1.1961462497711182
20,6937554,3T1I,MdrDBcore02371,S209F,1.884,1.3932241201400757,0.5698422789573669,1.1961462497711182
20,6937554,3T1I,MdrDBcore02372,T36M,1.591,1.3992376327514648,0.5698422789573669,1.1961462497711182
20,6937554,3T1I,MdrDBcore02373,V17I,1.492,1.3952949047088623,0.5698422789573669,1.1961462497711182
20,6937554,7A12,MdrDBcore02374,E164D,-0.254,-0.1257132738828659,0.5698422789573669,1.1961462497711182
20,6937554,7A12,MdrDBcore02375,I208M,0.169,-0.45141541957855225,0.5698422789573669,1.1961462497711182
20,6937554,7A12,MdrDBcore02376,M184L,-0.544,-0.15287630259990692,0.5698422789573669,1.1961462497711182
20,6937554,5JFR,MdrDBcore02377,N386K,-0.56,0.11572309583425522,0.5698422789573669,1.1961462497711182
20,6937554,7A12,MdrDBcore02378,N407S,-0.201,0.32817691564559937,0.5698422789573669,1.1961462497711182
20,6937554,7A12,MdrDBcore02379,P119A,-0.691,0.0707775428891182,0.5698422789573669,1.1961462497711182
20,6937554,7A12,MdrDBcore02380,P130L,-1.037,0.106426902115345,0.5698422789573669,1.1961462497711182
20,6937554,5JHU,MdrDBcore02381,R205C,0.054,0.5793784856796265,0.5698422789573669,1.1961462497711182
20,6937554,7A12,MdrDBcore02382,V118L,-0.571,0.5110756158828735,0.5698422789573669,1.1961462497711182
20,6937554,7A12,MdrDBcore02383,Y320C,-0.283,0.14392536878585815,0.5698422789573669,1.1961462497711182
20,6937554,7B5Q,MdrDBcore02384,D216N,-1.195,-0.060239944607019424,0.5698422789573669,1.1961462497711182
20,6937554,7B5Q,MdrDBcore02385,I133T,-2.336,-0.1183895692229271,0.5698422789573669,1.1961462497711182
20,6937554,7B5Q,MdrDBcore02386,L206S,-1.462,0.24882708489894867,0.5698422789573669,1.1961462497711182
20,6937554,7B5Q,MdrDBcore02387,L271V,2.255,0.11895226687192917,0.5698422789573669,1.1961462497711182
20,6937554,7B5Q,MdrDBcore02388,M196V,-1.469,0.2805413007736206,0.5698422789573669,1.1961462497711182
20,6937554,7B5Q,MdrDBcore02389,M240I,0.335,-0.19798804819583893,0.5698422789573669,1.1961462497711182
20,6937554,7B5Q,MdrDBcore02390,R209M,0.366,0.3131808042526245,0.5698422789573669,1.1961462497711182
20,6937554,4BCG,MdrDBcore02391,A239T,0.156,0.10848583281040192,0.5698422789573669,1.1961462497711182
20,6937554,3LQ5,MdrDBcore02392,A239T,0.235,0.33896419405937195,0.5698422789573669,1.1961462497711182
20,6937554,3LQ5,MdrDBcore02393,A239T,2.913,0.10878770798444748,0.5698422789573669,1.1961462497711182
20,6937554,6CYT,MdrDBcore02394,A288T,0.193,0.5156667828559875,0.5698422789573669,1.1961462497711182
20,6937554,3LQ5,MdrDBcore02395,A288T,2.925,0.31006574630737305,0.5698422789573669,1.1961462497711182
20,6937554,3MI9,MdrDBcore02396,A340T,-0.092,0.15703672170639038,0.5698422789573669,1.1961462497711182
20,6937554,3MI9,MdrDBcore02397,A340T,1.471,-0.2733960747718811,0.5698422789573669,1.1961462497711182
20,6937554,3LQ5,MdrDBcore02398,D290Y,3.885,0.37538525462150574,0.5698422789573669,1.1961462497711182
20,6937554,4BCG,MdrDBcore02399,D290Y,-0.007,0.19241581857204437,0.5698422789573669,1.1961462497711182
20,6937554,3LQ5,MdrDBcore02400,D290Y,0.668,0.08561473339796066,0.5698422789573669,1.1961462497711182
20,6937554,3LQ5,MdrDBcore02401,E9K,1.068,0.2998170852661133,0.5698422789573669,1.1961462497711182
20,6937554,6CYT,MdrDBcore02402,E9K,0.127,0.5012099146842957,0.5698422789573669,1.1961462497711182
20,6937554,3LQ5,MdrDBcore02403,E9K,2.883,0.2887432873249054,0.5698422789573669,1.1961462497711182
20,6937554,4BCG,MdrDBcore02404,F30L,-6.459,-0.1640024036169052,0.5698422789573669,1.1961462497711182
20,6937554,4BCG,MdrDBcore02405,F30L,1.629,0.17713268101215363,0.5698422789573669,1.1961462497711182
20,6937554,3LQ5,MdrDBcore02406,F30L,3.213,0.011405876837670803,0.5698422789573669,1.1961462497711182
20,6937554,3LQ5,MdrDBcore02407,G216R,-0.733,0.3151296377182007,0.5698422789573669,1.1961462497711182
20,6937554,3LQ5,MdrDBcore02408,G216R,2.878,0.23218706250190735,0.5698422789573669,1.1961462497711182
20,6937554,4BCG,MdrDBcore02409,L165P,9.353,-0.044270340353250504,0.5698422789573669,1.1961462497711182
20,6937554,3TNI,MdrDBcore02410,L165P,-0.771,-0.11387650668621063,0.5698422789573669,1.1961462497711182
20,6937554,4BCG,MdrDBcore02411,L165P,2.65,-0.1100592240691185,0.5698422789573669,1.1961462497711182
20,6937554,4BCG,MdrDBcore02412,R184C,1.887,-0.22167034447193146,0.5698422789573669,1.1961462497711182
20,6937554,3MI9,MdrDBcore02413,R184C,0.472,0.6384702920913696,0.5698422789573669,1.1961462497711182
20,6937554,3LQ5,MdrDBcore02414,R184C,0.627,0.07314483076334,0.5698422789573669,1.1961462497711182
20,6937554,3LQ5,MdrDBcore02415,S226N,4.531,0.2946945130825043,0.5698422789573669,1.1961462497711182
20,6937554,3LQ5,MdrDBcore02416,S226N,-0.169,0.23621803522109985,0.5698422789573669,1.1961462497711182
20,6937554,3LQ5,MdrDBcore02417,S226N,0.34,0.15541508793830872,0.5698422789573669,1.1961462497711182
20,6937554,6CYT,MdrDBcore02418,Y19H,0.01,0.32567039132118225,0.5698422789573669,1.1961462497711182
20,6937554,3LQ5,MdrDBcore02419,Y19H,2.474,0.11294667422771454,0.5698422789573669,1.1961462497711182
20,6937554,2EKX,MdrDBcore02420,K59E,-0.359,0.060729481279850006,0.5698422789573669,1.1961462497711182
20,6937554,3SXR,MdrDBcore02421,M464I,0.496,0.2702895700931549,0.5698422789573669,1.1961462497711182
20,6937554,3SXS,MdrDBcore02422,N494D,0.108,0.13372771441936493,0.5698422789573669,1.1961462497711182
20,6937554,3SXS,MdrDBcore02423,N494D,-0.707,-0.07802877575159073,0.5698422789573669,1.1961462497711182
20,6937554,3SXS,MdrDBcore02424,R656C,0.609,0.11713559180498123,0.5698422789573669,1.1961462497711182
20,6937554,4HVI,MdrDBcore02425,A1079D,-1.111,-0.21464352309703827,0.5698422789573669,1.1961462497711182
20,6937554,7APG,MdrDBcore02426,I991V,0.108,-0.1900779902935028,0.5698422789573669,1.1961462497711182
20,6937554,1YVJ,MdrDBcore02427,K830M,0.4,-0.10269872099161148,0.5698422789573669,1.1961462497711182
20,6937554,7APG,MdrDBcore02428,L1017M,-0.23,-0.2816028594970703,0.5698422789573669,1.1961462497711182
20,6937554,4HVI,MdrDBcore02429,L1073I,-0.26,-0.25212734937667847,0.5698422789573669,1.1961462497711182
20,6937554,4HVI,MdrDBcore02430,M1097L,0.021,-0.2593941390514374,0.5698422789573669,1.1961462497711182
20,6937554,4HVI,MdrDBcore02431,P1045S,0.132,-0.23575681447982788,0.5698422789573669,1.1961462497711182
20,6937554,4HVI,MdrDBcore02432,R925S,-0.1,-0.23444871604442596,0.5698422789573669,1.1961462497711182
20,6937554,4HVI,MdrDBcore02433,V1016D,0.514,-0.17496928572654724,0.5698422789573669,1.1961462497711182
20,6937554,4HVI,MdrDBcore02434,V957M,0.933,-0.23808534443378448,0.5698422789573669,1.1961462497711182
20,6937554,4HVI,MdrDBcore02435,Y1023H,-0.244,-0.08764619380235672,0.5698422789573669,1.1961462497711182
20,6937554,2G1Q,MdrDBcore02436,A133V,-1.43,-0.6099355220794678,0.5698422789573669,1.1961462497711182
20,6937554,4B7B,MdrDBcore02437,A133V,-4.205,-2.4458606243133545,0.5698422789573669,1.1961462497711182
20,6937554,2G1Q,MdrDBcore02438,A133V,-0.486,0.4745303988456726,0.5698422789573669,1.1961462497711182
20,6937554,4AS7,MdrDBcore02439,A282V,1.482,0.24234429001808167,0.5698422789573669,1.1961462497711182
20,6937554,6TA3,MdrDBcore02440,A282V,-3.214,-0.5672147870063782,0.5698422789573669,1.1961462497711182
20,6937554,6TA3,MdrDBcore02441,G96S,0.023,0.6256642937660217,0.5698422789573669,1.1961462497711182
20,6937554,6TA3,MdrDBcore02442,G96S,-4.855,-0.4487417936325073,0.5698422789573669,1.1961462497711182
20,6937554,6TA3,MdrDBcore02443,P88Q,-1.873,-0.4038798213005066,0.5698422789573669,1.1961462497711182
20,6937554,6TA3,MdrDBcore02444,P88Q,-5.567,-0.5699287056922913,0.5698422789573669,1.1961462497711182
20,6937554,6TA3,MdrDBcore02445,R329K,-1.818,-0.18016469478607178,0.5698422789573669,1.1961462497711182
20,6937554,6TA3,MdrDBcore02446,R329K,-4.608,-0.536628782749176,0.5698422789573669,1.1961462497711182
20,6937554,4B7B,MdrDBcore02447,S175A,0.318,0.25807368755340576,0.5698422789573669,1.1961462497711182
20,6937554,6TA3,MdrDBcore02448,S175A,-2.145,-0.4563778042793274,0.5698422789573669,1.1961462497711182
20,6937554,6TA3,MdrDBcore02449,S61T,-3.797,-0.9615128040313721,0.5698422789573669,1.1961462497711182
20,6937554,6TA3,MdrDBcore02450,T300S,2.351,0.9346154928207397,0.5698422789573669,1.1961462497711182
20,6937554,6TA3,MdrDBcore02451,T300S,-4.484,-0.9944264888763428,0.5698422789573669,1.1961462497711182
20,6937554,3C5L,MdrDBcore02452,E568A,0.205,0.06934726238250732,0.5698422789573669,1.1961462497711182
20,6937554,3FC2,MdrDBcore02453,I296V,-0.495,-0.034195758402347565,0.5698422789573669,1.1961462497711182
20,6937554,3FC2,MdrDBcore02454,K178A,-0.731,-0.011139367707073689,0.5698422789573669,1.1961462497711182
20,6937554,3FC2,MdrDBcore02455,L286F,0.892,-0.13962377607822418,0.5698422789573669,1.1961462497711182
20,6937554,3FC2,MdrDBcore02456,P250H,0.566,0.06408342719078064,0.5698422789573669,1.1961462497711182
20,6937554,3FC2,MdrDBcore02457,S107N,2.063,0.24872611463069916,0.5698422789573669,1.1961462497711182
20,6937554,3FC2,MdrDBcore02458,S224R,-1.082,-0.05586445331573486,0.5698422789573669,1.1961462497711182
20,6937554,3C5L,MdrDBcore02459,S375G,-1.329,-1.0146011114120483,0.5698422789573669,1.1961462497711182
20,6937554,3C5L,MdrDBcore02460,Y421A,-1.499,-1.2290089130401611,0.5698422789573669,1.1961462497711182
20,6937554,4BB4,MdrDBcore02461,A645S,0.79,-0.3055989444255829,0.5698422789573669,1.1961462497711182
20,6937554,4BB4,MdrDBcore02462,A725S,-0.133,-0.3430561125278473,0.5698422789573669,1.1961462497711182
20,6937554,4BB4,MdrDBcore02463,A800T,0.583,-0.2948910892009735,0.5698422789573669,1.1961462497711182
20,6937554,2VWU,MdrDBcore02464,A863S,-0.511,0.03940863162279129,0.5698422789573669,1.1961462497711182
20,6937554,2VWU,MdrDBcore02465,E609Q,0.13,-0.07963800430297852,0.5698422789573669,1.1961462497711182
20,6937554,4BB4,MdrDBcore02466,I610T,0.433,0.3244594931602478,0.5698422789573669,1.1961462497711182
20,6937554,4BB4,MdrDBcore02467,I878V,1.48,-0.4748600125312805,0.5698422789573669,1.1961462497711182
20,6937554,2BBA,MdrDBcore02468,K162R,-0.567,-0.04652826860547066,0.5698422789573669,1.1961462497711182
20,6937554,4BB4,MdrDBcore02469,K635N,0.232,-0.3242515027523041,0.5698422789573669,1.1961462497711182
20,6937554,2BBA,MdrDBcore02470,L21V,-0.295,0.09758847206830978,0.5698422789573669,1.1961462497711182
20,6937554,2BBA,MdrDBcore02471,M185V,0.192,-0.017565738409757614,0.5698422789573669,1.1961462497711182
20,6937554,2BBA,MdrDBcore02472,P36S,-0.005,0.11585582047700882,0.5698422789573669,1.1961462497711182
20,6937554,2BBA,MdrDBcore02473,R105C,-0.145,-0.5019039511680603,0.5698422789573669,1.1961462497711182
20,6937554,4BB4,MdrDBcore02474,R656Q,0.853,0.035892222076654434,0.5698422789573669,1.1961462497711182
20,6937554,4BB4,MdrDBcore02475,R795Q,-0.058,0.09850040823221207,0.5698422789573669,1.1961462497711182
20,6937554,6FNK,MdrDBcore02476,R889G,1.149,-0.23880808055400848,0.5698422789573669,1.1961462497711182
20,6937554,2QKQ,MdrDBcore02477,R917Q,0.197,-0.10713314265012741,0.5698422789573669,1.1961462497711182
20,6937554,2QKQ,MdrDBcore02478,R923G,-0.122,-0.5842273235321045,0.5698422789573669,1.1961462497711182
20,6937554,4BB4,MdrDBcore02479,S825N,-1.453,-0.9255579710006714,0.5698422789573669,1.1961462497711182
20,6937554,4BB4,MdrDBcore02480,S848F,-0.034,0.0241517573595047,0.5698422789573669,1.1961462497711182
20,6937554,2BBA,MdrDBcore02481,T140M,0.492,-0.11962299048900604,0.5698422789573669,1.1961462497711182
20,6937554,4BB4,MdrDBcore02482,V718L,1.653,-0.09189996868371964,0.5698422789573669,1.1961462497711182
20,6937554,2BBA,MdrDBcore02483,V84I,-0.396,-0.21493946015834808,0.5698422789573669,1.1961462497711182
20,6937554,2VSL,MdrDBcore02484,A321G,1.593,0.6089856624603271,0.5698422789573669,1.1961462497711182
20,6937554,1I3O,MdrDBcore02485,P155T,1.268,0.7843635678291321,0.5698422789573669,1.1961462497711182
20,6937554,2VSL,MdrDBcore02486,P325Q,1.069,0.8663193583488464,0.5698422789573669,1.1961462497711182
20,6937554,5O6T,MdrDBcore02487,R443C,1.126,1.6986801624298096,0.5698422789573669,1.1961462497711182
20,6937554,5O6T,MdrDBcore02488,T437I,1.887,0.8216790556907654,0.5698422789573669,1.1961462497711182
20,6937554,2RUH,MdrDBcore02489,D52N,2.049,-0.27345022559165955,0.5698422789573669,1.1961462497711182
20,6937554,6MWE,MdrDBcore02490,A1006T,1.208,-1.0195941925048828,0.5698422789573669,1.1961462497711182
20,6937554,4K0V,MdrDBcore02491,A226V,1.161,0.5490233302116394,0.5698422789573669,1.1961462497711182
20,6937554,5MYB,MdrDBcore02492,A615T,1.567,1.2510660886764526,0.5698422789573669,1.1961462497711182
20,6937554,5MYB,MdrDBcore02493,A724T,0.855,1.202407717704773,0.5698422789573669,1.1961462497711182
20,6937554,6MWE,MdrDBcore02494,A905T,1.09,1.297228455543518,0.5698422789573669,1.1961462497711182
20,6937554,6MWE,MdrDBcore02495,D823E,0.985,0.5990931987762451,0.5698422789573669,1.1961462497711182
20,6937554,6MWE,MdrDBcore02496,D982N,0.245,0.8442994356155396,0.5698422789573669,1.1961462497711182
20,6937554,6MWE,MdrDBcore02497,F1111C,0.665,0.3359939754009247,0.5698422789573669,1.1961462497711182
20,6937554,4K0V,MdrDBcore02498,G136R,1.117,0.9292802810668945,0.5698422789573669,1.1961462497711182
20,6937554,4K0V,MdrDBcore02499,G217V,0.956,0.6929826736450195,0.5698422789573669,1.1961462497711182
20,6937554,4K0V,MdrDBcore02500,G344D,1.184,0.11676820367574692,0.5698422789573669,1.1961462497711182
20,6937554,4K0V,MdrDBcore02501,I148T,0.861,0.6822948455810547,0.5698422789573669,1.1961462497711182
20,6937554,5MYA,MdrDBcore02502,I463V,1.443,0.3068394660949707,0.5698422789573669,1.1961462497711182
20,6937554,4K0V,MdrDBcore02503,K117N,1.217,1.0385572910308838,0.5698422789573669,1.1961462497711182
20,6937554,5MYB,MdrDBcore02504,K646R,0.108,1.1894346475601196,0.5698422789573669,1.1961462497711182
20,6937554,2GY5,MdrDBcore02505,L206M,0.284,0.5804505944252014,0.5698422789573669,1.1961462497711182
20,6937554,5MYB,MdrDBcore02506,L634F,1.665,1.1847290992736816,0.5698422789573669,1.1961462497711182
20,6937554,6MWE,MdrDBcore02507,N1104D,1.622,1.0428524017333984,0.5698422789573669,1.1961462497711182
20,6937554,5UTK,MdrDBcore02508,N449S,0.566,0.0798121765255928,0.5698422789573669,1.1961462497711182
20,6937554,4K0V,MdrDBcore02509,P282S,1.607,0.4934179484844208,0.5698422789573669,1.1961462497711182
20,6937554,4K0V,MdrDBcore02510,P304L,0.562,0.5682575106620789,0.5698422789573669,1.1961462497711182
20,6937554,5MYA,MdrDBcore02511,P469A,0.752,0.2826615273952484,0.5698422789573669,1.1961462497711182
20,6937554,6MWE,MdrDBcore02512,P906A,1.209,-0.13301675021648407,0.5698422789573669,1.1961462497711182
20,6937554,5MYB,MdrDBcore02513,Q696H,1.001,1.2016112804412842,0.5698422789573669,1.1961462497711182
20,6937554,6MWE,MdrDBcore02514,R1076Q,0.517,0.7989392280578613,0.5698422789573669,1.1961462497711182
20,6937554,4K0V,MdrDBcore02515,R50C,0.854,-0.01196721289306879,0.5698422789573669,1.1961462497711182
20,6937554,4K0V,MdrDBcore02516,R50H,0.973,0.9643648862838745,0.5698422789573669,1.1961462497711182
20,6937554,6MWE,MdrDBcore02517,S1091P,0.991,0.3191802203655243,0.5698422789573669,1.1961462497711182
20,6937554,6MWE,MdrDBcore02518,T1105I,0.602,-0.617754340171814,0.5698422789573669,1.1961462497711182
20,6937554,4K0V,MdrDBcore02519,T391I,0.557,0.8415916562080383,0.5698422789573669,1.1961462497711182
20,6937554,5MYB,MdrDBcore02520,T557N,1.304,1.212493896484375,0.5698422789573669,1.1961462497711182
20,6937554,5MYB,MdrDBcore02521,T693S,1.446,1.2044588327407837,0.5698422789573669,1.1961462497711182
20,6937554,3BEA,MdrDBcore02522,T761I,1.019,0.12804588675498962,0.5698422789573669,1.1961462497711182
20,6937554,4K0V,MdrDBcore02523,V146L,1.541,1.0765669345855713,0.5698422789573669,1.1961462497711182
20,6937554,5MYA,MdrDBcore02524,V453M,1.461,0.20361189544200897,0.5698422789573669,1.1961462497711182
20,6937554,6MWE,MdrDBcore02525,W1022G,1.72,0.9734345078468323,0.5698422789573669,1.1961462497711182
20,6937554,5U9D,MdrDBcore02526,C464F,-0.311,-0.2616349458694458,0.5698422789573669,1.1961462497711182
20,6937554,5U9D,MdrDBcore02527,C464F,-0.094,-0.4479648768901825,0.5698422789573669,1.1961462497711182
20,6937554,5U9D,MdrDBcore02528,D549A,-0.897,-0.2378290295600891,0.5698422789573669,1.1961462497711182
20,6937554,5U9D,MdrDBcore02529,D549A,-0.012,-0.760640561580658,0.5698422789573669,1.1961462497711182
20,6937554,5U9D,MdrDBcore02530,D549A,0.017,-0.451905220746994,0.5698422789573669,1.1961462497711182
20,6937554,5U9D,MdrDBcore02531,E439A,0.268,-0.17698831856250763,0.5698422789573669,1.1961462497711182
20,6937554,5U9D,MdrDBcore02532,E439A,0.004,-0.18164469301700592,0.5698422789573669,1.1961462497711182
20,6937554,5U9D,MdrDBcore02533,E439A,-0.348,-0.318881094455719,0.5698422789573669,1.1961462497711182
20,6937554,5U9D,MdrDBcore02534,E589D,0.232,-0.15780772268772125,0.5698422789573669,1.1961462497711182
20,6937554,5U9D,MdrDBcore02535,E589D,0.214,-0.2899956703186035,0.5698422789573669,1.1961462497711182
20,6937554,5U9D,MdrDBcore02536,E589D,1.263,-0.5029077529907227,0.5698422789573669,1.1961462497711182
20,6937554,6YYG,MdrDBcore02537,G47R,-1.231,-0.2080681324005127,0.5698422789573669,1.1961462497711182
20,6937554,6YYG,MdrDBcore02538,G47R,0.627,-0.12757642567157745,0.5698422789573669,1.1961462497711182
20,6937554,6YYG,MdrDBcore02539,G47R,-0.126,-0.006566919852048159,0.5698422789573669,1.1961462497711182
20,6937554,6YYG,MdrDBcore02540,H143Y,1.056,0.24682851135730743,0.5698422789573669,1.1961462497711182
20,6937554,6YYG,MdrDBcore02541,H143Y,-0.275,-0.027165649458765984,0.5698422789573669,1.1961462497711182
20,6937554,6YYG,MdrDBcore02542,I132N,-0.234,0.23465648293495178,0.5698422789573669,1.1961462497711182
20,6937554,6YYG,MdrDBcore02543,I132N,0.187,-0.20105044543743134,0.5698422789573669,1.1961462497711182
20,6937554,6YYG,MdrDBcore02544,I132N,0.465,0.0761045441031456,0.5698422789573669,1.1961462497711182
20,6937554,5U9D,MdrDBcore02545,I470S,-1.432,-0.34653496742248535,0.5698422789573669,1.1961462497711182
20,6937554,5U9D,MdrDBcore02546,I470S,0.16,-0.14106647670269012,0.5698422789573669,1.1961462497711182
20,6937554,5U9D,MdrDBcore02547,I470S,-1.104,-0.4086785614490509,0.5698422789573669,1.1961462497711182
20,6937554,6YYG,MdrDBcore02548,K26N,-0.705,-0.7909217476844788,0.5698422789573669,1.1961462497711182
20,6937554,6YYG,MdrDBcore02549,K26N,0.087,-0.1326431781053543,0.5698422789573669,1.1961462497711182
20,6937554,6YYG,MdrDBcore02550,K26N,-0.132,-0.06967363506555557,0.5698422789573669,1.1961462497711182
20,6937554,5U9D,MdrDBcore02551,K503R,-2.938,-0.2867022752761841,0.5698422789573669,1.1961462497711182
20,6937554,5U9D,MdrDBcore02552,K503R,-0.522,-0.7760072350502014,0.5698422789573669,1.1961462497711182
20,6937554,5U9D,MdrDBcore02553,K503R,0.081,-0.33357682824134827,0.5698422789573669,1.1961462497711182
20,6937554,6TSE,MdrDBcore02554,K60N,-0.109,0.35603296756744385,0.5698422789573669,1.1961462497711182
20,6937554,6TSE,MdrDBcore02555,K60N,0.286,-0.18496151268482208,0.5698422789573669,1.1961462497711182
20,6937554,6TSE,MdrDBcore02556,K60N,0.085,0.8244082927703857,0.5698422789573669,1.1961462497711182
20,6937554,6YYG,MdrDBcore02557,L29M,0.417,0.29517263174057007,0.5698422789573669,1.1961462497711182
20,6937554,6YYG,MdrDBcore02558,L29M,1.204,-0.12261111289262772,0.5698422789573669,1.1961462497711182
20,6937554,5U9D,MdrDBcore02559,M489I,-0.701,-0.1700674444437027,0.5698422789573669,1.1961462497711182
20,6937554,5U9D,MdrDBcore02560,M489I,0.882,-0.5354642868041992,0.5698422789573669,1.1961462497711182
20,6937554,6BKH,MdrDBcore02561,M523I,0.56,-0.03445814177393913,0.5698422789573669,1.1961462497711182
20,6937554,5U9D,MdrDBcore02562,M596L,-0.517,-0.08419016748666763,0.5698422789573669,1.1961462497711182
20,6937554,5U9D,MdrDBcore02563,M596L,-0.969,-0.7772009372711182,0.5698422789573669,1.1961462497711182
20,6937554,5U9D,MdrDBcore02564,M596L,-1.462,-0.5880394577980042,0.5698422789573669,1.1961462497711182
20,6937554,6BKH,MdrDBcore02565,M630L,0.078,-0.1685085892677307,0.5698422789573669,1.1961462497711182
20,6937554,6BKH,MdrDBcore02566,M630L,-0.769,0.24413172900676727,0.5698422789573669,1.1961462497711182
20,6937554,6BKH,MdrDBcore02567,M630L,-1.245,0.5038794279098511,0.5698422789573669,1.1961462497711182
20,6937554,5U9D,MdrDBcore02568,P566L,-0.603,-0.08298207819461823,0.5698422789573669,1.1961462497711182
20,6937554,5U9D,MdrDBcore02569,P566L,-0.608,-0.2536112070083618,0.5698422789573669,1.1961462497711182
20,6937554,6YYG,MdrDBcore02570,P74L,-0.088,0.04885000362992287,0.5698422789573669,1.1961462497711182
20,6937554,6YYG,MdrDBcore02571,P74L,1.93,-0.24186812341213226,0.5698422789573669,1.1961462497711182
20,6937554,6HTF,MdrDBcore02572,Q290L,0.286,-0.026855025440454483,0.5698422789573669,1.1961462497711182
20,6937554,6HTF,MdrDBcore02573,Q290L,-0.376,-0.204524964094162,0.5698422789573669,1.1961462497711182
20,6937554,6HTF,MdrDBcore02574,Q290L,-1.525,-0.9895855784416199,0.5698422789573669,1.1961462497711182
20,6937554,6HTF,MdrDBcore02575,Q324L,-2.267,0.029553096741437912,0.5698422789573669,1.1961462497711182
20,6937554,6HTF,MdrDBcore02576,Q379A,-0.11,-0.3238787055015564,0.5698422789573669,1.1961462497711182
20,6937554,6HTF,MdrDBcore02577,Q379A,-0.581,-0.38077956438064575,0.5698422789573669,1.1961462497711182
20,6937554,6YYG,MdrDBcore02578,R46H,-2.973,-0.5144550800323486,0.5698422789573669,1.1961462497711182
20,6937554,1BTK,MdrDBcore02579,R82K,-1.792,0.12205513566732407,0.5698422789573669,1.1961462497711182
20,6937554,1BTK,MdrDBcore02580,R82K,-1.028,0.13681292533874512,0.5698422789573669,1.1961462497711182
20,6937554,1BTK,MdrDBcore02581,R82K,-0.046,0.012872687540948391,0.5698422789573669,1.1961462497711182
20,6937554,5U9D,MdrDBcore02582,T495S,0.266,-0.3178859055042267,0.5698422789573669,1.1961462497711182
20,6937554,5U9D,MdrDBcore02583,T495S,0.076,-0.06245848163962364,0.5698422789573669,1.1961462497711182
20,6937554,5U9D,MdrDBcore02584,T495S,-1.916,-0.4782988131046295,0.5698422789573669,1.1961462497711182
20,6937554,6YYG,MdrDBcore02585,V105L,-0.448,-0.20730482041835785,0.5698422789573669,1.1961462497711182
20,6937554,6YYG,MdrDBcore02586,V105L,1.7,-0.30475741624832153,0.5698422789573669,1.1961462497711182
20,6937554,6YYG,MdrDBcore02587,V113I,-2.071,0.5668211579322815,0.5698422789573669,1.1961462497711182
20,6937554,6YYG,MdrDBcore02588,V113I,0.244,-0.1697874218225479,0.5698422789573669,1.1961462497711182
20,6937554,6YYG,MdrDBcore02589,V113I,0.377,-0.10904137045145035,0.5698422789573669,1.1961462497711182
20,6937554,6TSE,MdrDBcore02590,V139L,-0.248,-0.2569658160209656,0.5698422789573669,1.1961462497711182
20,6937554,6TSE,MdrDBcore02591,V139L,1.917,0.6343203783035278,0.5698422789573669,1.1961462497711182
20,6937554,5U9D,MdrDBcore02592,V427M,-2.653,-0.33797487616539,0.5698422789573669,1.1961462497711182
20,6937554,5U9D,MdrDBcore02593,V427M,-0.281,-0.2276339828968048,0.5698422789573669,1.1961462497711182
20,6937554,5U9D,MdrDBcore02594,V427M,0.086,-0.3674885630607605,0.5698422789573669,1.1961462497711182
20,6937554,5U9D,MdrDBcore02595,W588C,-0.308,-0.08332610875368118,0.5698422789573669,1.1961462497711182
20,6937554,5U9D,MdrDBcore02596,W588C,-1.204,-0.41957777738571167,0.5698422789573669,1.1961462497711182
20,6937554,6HTF,MdrDBcore02597,Y361C,0.633,0.06943722814321518,0.5698422789573669,1.1961462497711182
20,6937554,6HTF,MdrDBcore02598,Y361C,0.46,-0.7949154376983643,0.5698422789573669,1.1961462497711182
20,6937554,4BDU,MdrDBcore02599,A213V,1.244,0.04426097124814987,0.5698422789573669,1.1961462497711182
20,6937554,4BDU,MdrDBcore02600,D208E,1.288,0.8118728399276733,0.5698422789573669,1.1961462497711182
20,6937554,1F16,MdrDBcore02601,E75K,1.155,0.4021807909011841,0.5698422789573669,1.1961462497711182
20,6937554,4BDU,MdrDBcore02602,F214L,1.385,0.13657064735889435,0.5698422789573669,1.1961462497711182
20,6937554,1F16,MdrDBcore02603,G108V,1.373,0.8593984842300415,0.5698422789573669,1.1961462497711182
20,6937554,1F16,MdrDBcore02604,G11E,1.093,0.3913138210773468,0.5698422789573669,1.1961462497711182
20,6937554,1F16,MdrDBcore02605,G39A,1.301,0.5150598883628845,0.5698422789573669,1.1961462497711182
20,6937554,1F16,MdrDBcore02606,G67R,1.74,0.3416941165924072,0.5698422789573669,1.1961462497711182
20,6937554,1F16,MdrDBcore02607,I136L,1.611,0.6440224051475525,0.5698422789573669,1.1961462497711182
20,6937554,1F16,MdrDBcore02608,I31T,1.834,0.4812808334827423,0.5698422789573669,1.1961462497711182
20,6937554,1F16,MdrDBcore02609,L144I,1.706,1.0655121803283691,0.5698422789573669,1.1961462497711182
20,6937554,1F16,MdrDBcore02610,P130L,1.446,-0.3261638879776001,0.5698422789573669,1.1961462497711182
20,6937554,1F16,MdrDBcore02611,P88S,0.944,0.7890691757202148,0.5698422789573669,1.1961462497711182
20,6937554,1F16,MdrDBcore02612,Q32P,0.34,0.8557532429695129,0.5698422789573669,1.1961462497711182
20,6937554,4BDU,MdrDBcore02613,R195T,1.04,0.44868963956832886,0.5698422789573669,1.1961462497711182
20,6937554,1F16,MdrDBcore02614,R78M,1.243,0.23427549004554749,0.5698422789573669,1.1961462497711182
20,6937554,1F16,MdrDBcore02615,V83M,1.382,0.7140931487083435,0.5698422789573669,1.1961462497711182
20,6937554,6UDT,MdrDBcore02616,A193T,-1.212,-0.15424765646457672,0.5698422789573669,1.1961462497711182
20,6937554,6UDT,MdrDBcore02617,A193T,0.658,0.28118446469306946,0.5698422789573669,1.1961462497711182
20,6937554,6OVC,MdrDBcore02618,D72G,0.189,0.36215588450431824,0.5698422789573669,1.1961462497711182
20,6937554,6OVC,MdrDBcore02619,D72G,-1.578,-0.2408684492111206,0.5698422789573669,1.1961462497711182
20,6937554,6OVC,MdrDBcore02620,D72G,0.302,0.1616535484790802,0.5698422789573669,1.1961462497711182
20,6937554,6UDT,MdrDBcore02621,E322Q,0.154,0.19859100878238678,0.5698422789573669,1.1961462497711182
20,6937554,6UDT,MdrDBcore02622,E322Q,-1.442,-0.006913232151418924,0.5698422789573669,1.1961462497711182
20,6937554,6UDT,MdrDBcore02623,E322Q,-0.063,-0.12192841619253159,0.5698422789573669,1.1961462497711182
20,6937554,6UDT,MdrDBcore02624,M231L,2.132,1.6998162269592285,0.5698422789573669,1.1961462497711182
20,6937554,6UDT,MdrDBcore02625,M231L,-0.795,0.30671095848083496,0.5698422789573669,1.1961462497711182
20,6937554,6UDT,MdrDBcore02626,M231L,-0.411,-0.19362489879131317,0.5698422789573669,1.1961462497711182
20,6937554,6UDT,MdrDBcore02627,N260S,0.389,0.05170689895749092,0.5698422789573669,1.1961462497711182
20,6937554,6UDT,MdrDBcore02628,R215G,-0.152,0.10712011158466339,0.5698422789573669,1.1961462497711182
20,6937554,6UDT,MdrDBcore02629,R215G,-0.633,0.39910826086997986,0.5698422789573669,1.1961462497711182
20,6937554,6UDT,MdrDBcore02630,R215G,-0.098,-0.05116947367787361,0.5698422789573669,1.1961462497711182
20,6937554,6UDT,MdrDBcore02631,R263K,-0.008,0.5820952653884888,0.5698422789573669,1.1961462497711182
20,6937554,6UDT,MdrDBcore02632,S247F,1.466,0.3433268666267395,0.5698422789573669,1.1961462497711182
20,6937554,6UDT,MdrDBcore02633,S247F,1.16,0.41395071148872375,0.5698422789573669,1.1961462497711182
20,6937554,6UDT,MdrDBcore02634,S247F,-0.298,-0.17034660279750824,0.5698422789573669,1.1961462497711182
20,6937554,4AG4,MdrDBcore02635,A196S,0.528,-0.07146824896335602,0.5698422789573669,1.1961462497711182
20,6937554,4AG4,MdrDBcore02636,A353V,0.818,-0.09136649966239929,0.5698422789573669,1.1961462497711182
20,6937554,4AG4,MdrDBcore02637,A59G,-0.554,-0.5808233022689819,0.5698422789573669,1.1961462497711182
20,6937554,6FEX,MdrDBcore02638,D630E,-0.095,0.08070375770330429,0.5698422789573669,1.1961462497711182
20,6937554,4AG4,MdrDBcore02639,F241L,0.06,-0.49236494302749634,0.5698422789573669,1.1961462497711182
20,6937554,4AG4,MdrDBcore02640,M311V,0.216,0.07717635482549667,0.5698422789573669,1.1961462497711182
20,6937554,4AG4,MdrDBcore02641,R135C,-1.11,-0.7374175190925598,0.5698422789573669,1.1961462497711182
20,6937554,4AG4,MdrDBcore02642,R172W,0.25,-0.7144953608512878,0.5698422789573669,1.1961462497711182
20,6937554,4AG4,MdrDBcore02643,R276Q,0.243,-0.46868616342544556,0.5698422789573669,1.1961462497711182
20,6937554,4AG4,MdrDBcore02644,R307H,0.498,0.378660649061203,0.5698422789573669,1.1961462497711182
20,6937554,4AG4,MdrDBcore02645,R319C,-1.029,-0.029163703322410583,0.5698422789573669,1.1961462497711182
20,6937554,4AG4,MdrDBcore02646,R349C,0.82,0.7604596614837646,0.5698422789573669,1.1961462497711182
20,6937554,4AG4,MdrDBcore02647,R60C,-0.33,-0.2923280894756317,0.5698422789573669,1.1961462497711182
20,6937554,6BRJ,MdrDBcore02648,R761C,0.627,-0.26236048340797424,0.5698422789573669,1.1961462497711182
20,6937554,4AG4,MdrDBcore02649,S360R,-1.678,0.24806858599185944,0.5698422789573669,1.1961462497711182
20,6937554,4AG4,MdrDBcore02650,T292M,0.565,0.09177230298519135,0.5698422789573669,1.1961462497711182
20,6937554,4AG4,MdrDBcore02651,V100A,0.636,-0.06708933413028717,0.5698422789573669,1.1961462497711182
20,6937554,4AG4,MdrDBcore02652,W187C,0.186,-0.09411411732435226,0.5698422789573669,1.1961462497711182
20,6937554,3QGY,MdrDBcore02653,K385N,0.853,0.39162391424179077,0.5698422789573669,1.1961462497711182
20,6937554,3MJ2,MdrDBcore02654,L508M,1.118,1.0381443500518799,0.5698422789573669,1.1961462497711182
20,6937554,3QGY,MdrDBcore02655,M438L,0.04,-0.1592046469449997,0.5698422789573669,1.1961462497711182
20,6937554,3QGY,MdrDBcore02656,P558T,-0.802,-0.23138418793678284,0.5698422789573669,1.1961462497711182
20,6937554,4HCU,MdrDBcore02657,R394Q,0.768,0.5789304971694946,0.5698422789573669,1.1961462497711182
20,6937554,3QGY,MdrDBcore02658,R610H,-0.279,0.5757573246955872,0.5698422789573669,1.1961462497711182
20,6937554,6B16,MdrDBcore02659,D505G,1.166,1.0724339485168457,0.5698422789573669,1.1961462497711182
20,6937554,6B16,MdrDBcore02660,G364V,1.665,1.073898196220398,0.5698422789573669,1.1961462497711182
20,6937554,6B16,MdrDBcore02661,R371C,0.72,1.0480144023895264,0.5698422789573669,1.1961462497711182
20,6937554,6B16,MdrDBcore02662,S259N,2.228,1.085010290145874,0.5698422789573669,1.1961462497711182
20,6937554,6B16,MdrDBcore02663,S382L,0.546,1.0556591749191284,0.5698422789573669,1.1961462497711182
20,6937554,6B16,MdrDBcore02664,T406A,2.328,1.4221668243408203,0.5698422789573669,1.1961462497711182
20,6937554,6B16,MdrDBcore02665,V403A,1.274,1.0773050785064697,0.5698422789573669,1.1961462497711182
20,6937554,5BYZ,MdrDBcore02666,D364E,0.649,0.697792112827301,0.5698422789573669,1.1961462497711182
20,6937554,5BYZ,MdrDBcore02667,D387Y,1.262,0.34414929151535034,0.5698422789573669,1.1961462497711182
20,6937554,5BYZ,MdrDBcore02668,K104N,0.611,0.5250385999679565,0.5698422789573669,1.1961462497711182
20,6937554,4ZSL,MdrDBcore02669,P361L,1.395,0.24001210927963257,0.5698422789573669,1.1961462497711182
20,6937554,5BYZ,MdrDBcore02670,R318H,-0.87,-0.22107313573360443,0.5698422789573669,1.1961462497711182
20,6937554,5BYZ,MdrDBcore02671,R392C,0.158,0.45020580291748047,0.5698422789573669,1.1961462497711182
20,6937554,5BYZ,MdrDBcore02672,S247F,1.071,-0.09428919851779938,0.5698422789573669,1.1961462497711182
20,6937554,5NP0,MdrDBcore02673,A1090T,1.093,1.3047527074813843,0.5698422789573669,1.1961462497711182
20,6937554,5NP0,MdrDBcore02674,A1090T,0.801,1.3908904790878296,0.5698422789573669,1.1961462497711182
20,6937554,5NP0,MdrDBcore02675,A1090T,0.613,0.3943327069282532,0.5698422789573669,1.1961462497711182
20,6937554,5NP0,MdrDBcore02676,A1127V,0.85,0.971038818359375,0.5698422789573669,1.1961462497711182
20,6937554,5NP0,MdrDBcore02677,A1127V,1.404,1.307450294494629,0.5698422789573669,1.1961462497711182
20,6937554,6K9L,MdrDBcore02678,A1127V,0.818,0.35640445351600647,0.5698422789573669,1.1961462497711182
20,6937554,6K9K,MdrDBcore02679,A1309T,-0.629,0.15354213118553162,0.5698422789573669,1.1961462497711182
20,6937554,5NP0,MdrDBcore02680,A1309T,0.06,0.6169033050537109,0.5698422789573669,1.1961462497711182
20,6937554,5NP0,MdrDBcore02681,A1309T,0.213,1.0717713832855225,0.5698422789573669,1.1961462497711182
20,6937554,6K9L,MdrDBcore02682,A1670V,1.657,0.998544454574585,0.5698422789573669,1.1961462497711182
20,6937554,6K9K,MdrDBcore02683,A2635G,1.528,-0.06263305991888046,0.5698422789573669,1.1961462497711182
20,6937554,6K9K,MdrDBcore02684,A2688V,0.937,0.5522300004959106,0.5698422789573669,1.1961462497711182
20,6937554,6K9K,MdrDBcore02685,A2688V,1.579,0.831489086151123,0.5698422789573669,1.1961462497711182
20,6937554,5NP1,MdrDBcore02686,A2843V,2.515,-0.9911246299743652,0.5698422789573669,1.1961462497711182
20,6937554,5NP0,MdrDBcore02687,A2843V,1.796,1.1944252252578735,0.5698422789573669,1.1961462497711182
20,6937554,6K9K,MdrDBcore02688,A2843V,1.098,1.1318024396896362,0.5698422789573669,1.1961462497711182
20,6937554,6K9L,MdrDBcore02689,C1482R,1.059,0.666649341583252,0.5698422789573669,1.1961462497711182
20,6937554,5NP0,MdrDBcore02690,C1482R,0.948,0.31032752990722656,0.5698422789573669,1.1961462497711182
20,6937554,5NP0,MdrDBcore02691,C1726F,0.987,0.6342900395393372,0.5698422789573669,1.1961462497711182
20,6937554,7NI6,MdrDBcore02692,C2464R,0.523,0.17069970071315765,0.5698422789573669,1.1961462497711182
20,6937554,7NI6,MdrDBcore02693,C2464R,0.031,-0.1004304438829422,0.5698422789573669,1.1961462497711182
20,6937554,7NI6,MdrDBcore02694,C2464R,0.51,0.2545125484466553,0.5698422789573669,1.1961462497711182
20,6937554,5NP0,MdrDBcore02695,D130Y,2.065,0.7172831892967224,0.5698422789573669,1.1961462497711182
20,6937554,5NP1,MdrDBcore02696,D130Y,1.47,1.0880804061889648,0.5698422789573669,1.1961462497711182
20,6937554,5NP0,MdrDBcore02697,D1725H,1.117,1.2270352840423584,0.5698422789573669,1.1961462497711182
20,6937554,5NP1,MdrDBcore02698,D1725H,2.269,1.312090277671814,0.5698422789573669,1.1961462497711182
20,6937554,5NP0,MdrDBcore02699,D1853V,0.083,0.07334557920694351,0.5698422789573669,1.1961462497711182
20,6937554,5NP0,MdrDBcore02700,D1853V,1.081,1.0961612462997437,0.5698422789573669,1.1961462497711182
20,6937554,5NP0,MdrDBcore02701,D1853V,0.75,-0.09899266809225082,0.5698422789573669,1.1961462497711182
20,6937554,6K9K,MdrDBcore02702,D351N,1.515,1.2476097345352173,0.5698422789573669,1.1961462497711182
20,6937554,5NP0,MdrDBcore02703,D351N,1.13,1.1917839050292969,0.5698422789573669,1.1961462497711182
20,6937554,7NI5,MdrDBcore02704,D479A,0.092,-0.02251005358994007,0.5698422789573669,1.1961462497711182
20,6937554,7NI5,MdrDBcore02705,D814E,0.033,0.19851599633693695,0.5698422789573669,1.1961462497711182
20,6937554,7NI5,MdrDBcore02706,D814E,0.369,0.06116953119635582,0.5698422789573669,1.1961462497711182
20,6937554,7NI5,MdrDBcore02707,D814E,0.034,0.007418887224048376,0.5698422789573669,1.1961462497711182
20,6937554,5NP0,MdrDBcore02708,E1533G,1.765,1.2005375623703003,0.5698422789573669,1.1961462497711182
20,6937554,6K9K,MdrDBcore02709,E1533G,2.37,0.8121775388717651,0.5698422789573669,1.1961462497711182
20,6937554,5NP1,MdrDBcore02710,E1856Q,1.655,1.148213267326355,0.5698422789573669,1.1961462497711182
20,6937554,5NP0,MdrDBcore02711,E1856Q,1.568,0.14758500456809998,0.5698422789573669,1.1961462497711182
20,6937554,5NP1,MdrDBcore02712,E2351G,1.299,0.2553682029247284,0.5698422789573669,1.1961462497711182
20,6937554,5NP0,MdrDBcore02713,E2351G,1.074,0.7952238917350769,0.5698422789573669,1.1961462497711182
20,6937554,6K9L,MdrDBcore02714,E2351G,1.118,0.7148295640945435,0.5698422789573669,1.1961462497711182
20,6937554,5NP0,MdrDBcore02715,E2468K,2.034,1.3649218082427979,0.5698422789573669,1.1961462497711182
20,6937554,5NP1,MdrDBcore02716,E2468K,1.781,0.3186308443546295,0.5698422789573669,1.1961462497711182
20,6937554,5NP0,MdrDBcore02717,E347K,0.796,1.0658540725708008,0.5698422789573669,1.1961462497711182
20,6937554,5NP1,MdrDBcore02718,E347K,0.865,1.0222680568695068,0.5698422789573669,1.1961462497711182
20,6937554,5NP0,MdrDBcore02719,E586D,1.046,1.016417384147644,0.5698422789573669,1.1961462497711182
20,6937554,5NP0,MdrDBcore02720,E586D,1.294,1.3976985216140747,0.5698422789573669,1.1961462497711182
20,6937554,5NP1,MdrDBcore02721,E632Q,0.798,-1.7254343032836914,0.5698422789573669,1.1961462497711182
20,6937554,5NP0,MdrDBcore02722,E632Q,0.88,1.4106700420379639,0.5698422789573669,1.1961462497711182
20,6937554,5NP1,MdrDBcore02723,E632Q,0.699,1.1910581588745117,0.5698422789573669,1.1961462497711182
20,6937554,5NP1,MdrDBcore02724,F1896L,-0.721,1.3607715368270874,0.5698422789573669,1.1961462497711182
20,6937554,5NP0,MdrDBcore02725,F1896L,0.103,0.09009987860918045,0.5698422789573669,1.1961462497711182
20,6937554,5NP1,MdrDBcore02726,F1896L,-0.426,0.8409303426742554,0.5698422789573669,1.1961462497711182
20,6937554,7NI6,MdrDBcore02727,F2265L,-0.319,-0.12048110365867615,0.5698422789573669,1.1961462497711182
20,6937554,7NI6,MdrDBcore02728,F2265L,0.522,0.27168893814086914,0.5698422789573669,1.1961462497711182
20,6937554,7NI5,MdrDBcore02729,F2265L,-0.811,0.01984497718513012,0.5698422789573669,1.1961462497711182
20,6937554,5NP1,MdrDBcore02730,G2022V,1.218,1.205944299697876,0.5698422789573669,1.1961462497711182
20,6937554,6K9L,MdrDBcore02731,G2022V,1.688,0.8952826261520386,0.5698422789573669,1.1961462497711182
20,6937554,6K9L,MdrDBcore02732,G2917R,1.869,1.6555700302124023,0.5698422789573669,1.1961462497711182
20,6937554,5NP0,MdrDBcore02733,G2917R,1.204,1.3921589851379395,0.5698422789573669,1.1961462497711182
20,6937554,5NP0,MdrDBcore02734,G506C,1.491,1.0520412921905518,0.5698422789573669,1.1961462497711182
20,6937554,6K9L,MdrDBcore02735,G506C,1.582,0.7378116250038147,0.5698422789573669,1.1961462497711182
20,6937554,5NP0,MdrDBcore02736,G506C,1.131,0.5040168762207031,0.5698422789573669,1.1961462497711182
20,6937554,6K9L,MdrDBcore02737,H1083Y,-0.675,0.5617082118988037,0.5698422789573669,1.1961462497711182
20,6937554,6K9K,MdrDBcore02738,H1380Y,-0.004,0.36040204763412476,0.5698422789573669,1.1961462497711182
20,6937554,5NP0,MdrDBcore02739,H1380Y,0.735,0.9480539560317993,0.5698422789573669,1.1961462497711182
20,6937554,5NP0,MdrDBcore02740,H1876Q,-0.369,-0.04940277710556984,0.5698422789573669,1.1961462497711182
20,6937554,5NP0,MdrDBcore02741,H1876Q,0.326,0.7615569829940796,0.5698422789573669,1.1961462497711182
20,6937554,5NP0,MdrDBcore02742,H448R,1.96,1.214517593383789,0.5698422789573669,1.1961462497711182
20,6937554,5NP1,MdrDBcore02743,H448R,1.566,0.2488628327846527,0.5698422789573669,1.1961462497711182
20,6937554,5NP0,MdrDBcore02744,H683R,1.726,0.7311367988586426,0.5698422789573669,1.1961462497711182
20,6937554,5NP0,MdrDBcore02745,H683R,1.593,0.9559129476547241,0.5698422789573669,1.1961462497711182
20,6937554,6K9K,MdrDBcore02746,I1453T,1.358,0.31061992049217224,0.5698422789573669,1.1961462497711182
20,6937554,5NP0,MdrDBcore02747,I1688T,1.442,0.9010363221168518,0.5698422789573669,1.1961462497711182
20,6937554,5NP1,MdrDBcore02748,I1688T,1.174,0.7151680588722229,0.5698422789573669,1.1961462497711182
20,6937554,6K9L,MdrDBcore02749,I2920N,2.125,0.793974757194519,0.5698422789573669,1.1961462497711182
20,6937554,5NP0,MdrDBcore02750,K1572T,-0.429,-0.05445213243365288,0.5698422789573669,1.1961462497711182
20,6937554,6K9L,MdrDBcore02751,K1572T,0.666,0.8716330528259277,0.5698422789573669,1.1961462497711182
20,6937554,6K9L,MdrDBcore02752,K1964E,1.556,1.547330617904663,0.5698422789573669,1.1961462497711182
20,6937554,5NP1,MdrDBcore02753,K2318Q,1.556,1.2410062551498413,0.5698422789573669,1.1961462497711182
20,6937554,5NP0,MdrDBcore02754,K2318Q,1.27,1.10512113571167,0.5698422789573669,1.1961462497711182
20,6937554,5NP1,MdrDBcore02755,K2749I,1.749,1.7755240201950073,0.5698422789573669,1.1961462497711182
20,6937554,5NP1,MdrDBcore02756,K2749I,1.757,1.2765082120895386,0.5698422789573669,1.1961462497711182
20,6937554,5NP0,MdrDBcore02757,K31A,0.119,1.143930196762085,0.5698422789573669,1.1961462497711182
20,6937554,6K9L,MdrDBcore02758,K482Q,1.174,0.009889486245810986,0.5698422789573669,1.1961462497711182
20,6937554,5NP0,MdrDBcore02759,K482Q,1.683,1.4542948007583618,0.5698422789573669,1.1961462497711182
20,6937554,5NP0,MdrDBcore02760,L1472F,0.971,1.3467895984649658,0.5698422789573669,1.1961462497711182
20,6937554,6K9L,MdrDBcore02761,L1824F,-0.608,1.3293077945709229,0.5698422789573669,1.1961462497711182
20,6937554,5NP1,MdrDBcore02762,L1824F,0.944,0.604827344417572,0.5698422789573669,1.1961462497711182
20,6937554,5NP1,MdrDBcore02763,L2307F,1.662,1.1868975162506104,0.5698422789573669,1.1961462497711182
20,6937554,6K9L,MdrDBcore02764,L2307F,1.612,1.1725114583969116,0.5698422789573669,1.1961462497711182
20,6937554,5NP0,MdrDBcore02765,L243W,1.371,-0.8249163031578064,0.5698422789573669,1.1961462497711182
20,6937554,5NP0,MdrDBcore02766,L243W,0.86,1.0521081686019897,0.5698422789573669,1.1961462497711182
20,6937554,5NP0,MdrDBcore02767,L345F,0.888,-0.7372985482215881,0.5698422789573669,1.1961462497711182
20,6937554,5NP0,MdrDBcore02768,L345F,1.103,1.0831676721572876,0.5698422789573669,1.1961462497711182
20,6937554,5NP0,MdrDBcore02769,L345F,1.366,0.7373068332672119,0.5698422789573669,1.1961462497711182
20,6937554,5NP0,MdrDBcore02770,L546V,0.183,0.944784939289093,0.5698422789573669,1.1961462497711182
20,6937554,6K9L,MdrDBcore02771,L944V,1.061,0.18648159503936768,0.5698422789573669,1.1961462497711182
20,6937554,6K9K,MdrDBcore02772,L944V,1.202,1.128534197807312,0.5698422789573669,1.1961462497711182
20,6937554,7NI5,MdrDBcore02773,M1040V,0.411,0.06429450958967209,0.5698422789573669,1.1961462497711182
20,6937554,7NI5,MdrDBcore02774,M1040V,-0.275,0.06264326721429825,0.5698422789573669,1.1961462497711182
20,6937554,5NP0,MdrDBcore02775,M1064I,1.521,1.1343756914138794,0.5698422789573669,1.1961462497711182
20,6937554,5NP1,MdrDBcore02776,M1210V,2.327,1.4554619789123535,0.5698422789573669,1.1961462497711182
20,6937554,5NP0,MdrDBcore02777,M1210V,1.764,1.236704707145691,0.5698422789573669,1.1961462497711182
20,6937554,5NP1,MdrDBcore02778,M1210V,1.694,1.1928958892822266,0.5698422789573669,1.1961462497711182
20,6937554,5NP0,MdrDBcore02779,M1967V,0.97,1.3590755462646484,0.5698422789573669,1.1961462497711182
20,6937554,6K9K,MdrDBcore02780,N1005I,1.241,0.2842407822608948,0.5698422789573669,1.1961462497711182
20,6937554,6K9L,MdrDBcore02781,N1005I,1.561,1.4549598693847656,0.5698422789573669,1.1961462497711182
20,6937554,5NP1,MdrDBcore02782,N1005I,0.866,0.4429183304309845,0.5698422789573669,1.1961462497711182
20,6937554,5NP0,MdrDBcore02783,N1005S,-0.183,1.2577589750289917,0.5698422789573669,1.1961462497711182
20,6937554,5NP1,MdrDBcore02784,N1005S,-0.375,0.8483608365058899,0.5698422789573669,1.1961462497711182
20,6937554,6K9K,MdrDBcore02785,N1650S,1.956,0.6557707786560059,0.5698422789573669,1.1961462497711182
20,6937554,5NP0,MdrDBcore02786,N230T,1.358,1.1957265138626099,0.5698422789573669,1.1961462497711182
20,6937554,5NP0,MdrDBcore02787,N2826I,1.237,1.1166542768478394,0.5698422789573669,1.1961462497711182
20,6937554,5NP0,MdrDBcore02788,N2826I,1.154,0.5549143552780151,0.5698422789573669,1.1961462497711182
20,6937554,5NP1,MdrDBcore02789,N2826I,1.074,0.69841468334198,0.5698422789573669,1.1961462497711182
20,6937554,5NP0,MdrDBcore02790,P2353H,1.265,1.0395841598510742,0.5698422789573669,1.1961462497711182
20,6937554,5NP0,MdrDBcore02791,P2353H,1.046,0.6689451932907104,0.5698422789573669,1.1961462497711182
20,6937554,7NI6,MdrDBcore02792,P2518S,0.426,0.5643067359924316,0.5698422789573669,1.1961462497711182
20,6937554,7NI6,MdrDBcore02793,P2518S,0.328,-0.06997855007648468,0.5698422789573669,1.1961462497711182
20,6937554,7NI6,MdrDBcore02794,P2518S,-0.362,-0.33708518743515015,0.5698422789573669,1.1961462497711182
20,6937554,6K9K,MdrDBcore02795,P2648S,1.236,-0.026017548516392708,0.5698422789573669,1.1961462497711182
20,6937554,5NP0,MdrDBcore02796,P2648S,1.38,1.3885853290557861,0.5698422789573669,1.1961462497711182
20,6937554,6K9K,MdrDBcore02797,P2974L,0.839,0.018376976251602173,0.5698422789573669,1.1961462497711182
20,6937554,5NP0,MdrDBcore02798,P2974L,1.371,1.2533760070800781,0.5698422789573669,1.1961462497711182
20,6937554,5NP0,MdrDBcore02799,P604S,1.651,1.247748613357544,0.5698422789573669,1.1961462497711182
20,6937554,5NP0,MdrDBcore02800,P960R,1.415,0.5893529653549194,0.5698422789573669,1.1961462497711182
20,6937554,5NP0,MdrDBcore02801,P960R,1.25,1.1375685930252075,0.5698422789573669,1.1961462497711182
20,6937554,6K9L,MdrDBcore02802,Q1128E,1.504,0.026885580271482468,0.5698422789573669,1.1961462497711182
20,6937554,5NP1,MdrDBcore02803,Q1128E,1.084,1.0331271886825562,0.5698422789573669,1.1961462497711182
20,6937554,5NP0,MdrDBcore02804,Q1128R,0.312,0.2819134294986725,0.5698422789573669,1.1961462497711182
20,6937554,5NP0,MdrDBcore02805,Q1128R,0.801,1.3961864709854126,0.5698422789573669,1.1961462497711182
20,6937554,5NP1,MdrDBcore02806,Q1361R,2.374,-0.5072405934333801,0.5698422789573669,1.1961462497711182
20,6937554,6K9L,MdrDBcore02807,Q1361R,1.34,0.7790651321411133,0.5698422789573669,1.1961462497711182
20,6937554,7NI6,MdrDBcore02808,Q1919P,0.143,-0.022760510444641113,0.5698422789573669,1.1961462497711182
20,6937554,7NI5,MdrDBcore02809,Q1919P,0.053,0.13748733699321747,0.5698422789573669,1.1961462497711182
20,6937554,5NP0,MdrDBcore02810,Q2210A,1.931,1.3264567852020264,0.5698422789573669,1.1961462497711182
20,6937554,5NP1,MdrDBcore02811,Q2210A,1.494,0.9077417254447937,0.5698422789573669,1.1961462497711182
20,6937554,6K9L,MdrDBcore02812,Q2733P,0.914,0.5168351531028748,0.5698422789573669,1.1961462497711182
20,6937554,5NP0,MdrDBcore02813,Q2733P,1.786,1.5080444812774658,0.5698422789573669,1.1961462497711182
20,6937554,5NP0,MdrDBcore02814,Q2762R,1.632,0.8620873689651489,0.5698422789573669,1.1961462497711182
20,6937554,6K9L,MdrDBcore02815,Q2800A,0.735,-0.2769940495491028,0.5698422789573669,1.1961462497711182
20,6937554,5NP0,MdrDBcore02816,Q2800A,0.13,1.0701451301574707,0.5698422789573669,1.1961462497711182
20,6937554,6K9K,MdrDBcore02817,Q2800A,-0.566,0.222260981798172,0.5698422789573669,1.1961462497711182
20,6937554,6K9L,MdrDBcore02818,Q2825P,1.001,-1.2699599266052246,0.5698422789573669,1.1961462497711182
20,6937554,5NP0,MdrDBcore02819,Q2825P,0.95,1.1023106575012207,0.5698422789573669,1.1961462497711182
20,6937554,5NP1,MdrDBcore02820,Q2825P,0.908,1.1378856897354126,0.5698422789573669,1.1961462497711182
20,6937554,6K9K,MdrDBcore02821,Q65P,1.638,0.20583979785442352,0.5698422789573669,1.1961462497711182
20,6937554,5NP0,MdrDBcore02822,Q65P,0.955,0.48641520738601685,0.5698422789573669,1.1961462497711182
20,6937554,5NP0,MdrDBcore02823,R1086H,0.329,0.5843509435653687,0.5698422789573669,1.1961462497711182
20,6937554,6K9L,MdrDBcore02824,R1086H,0.23,0.48845207691192627,0.5698422789573669,1.1961462497711182
20,6937554,6K9L,MdrDBcore02825,R1585S,1.336,0.7970003485679626,0.5698422789573669,1.1961462497711182
20,6937554,5NP0,MdrDBcore02826,R1585S,1.371,1.2431755065917969,0.5698422789573669,1.1961462497711182
20,6937554,5NP0,MdrDBcore02827,R1618A,0.651,0.9445303678512573,0.5698422789573669,1.1961462497711182
20,6937554,5NP0,MdrDBcore02828,R1618A,-0.379,1.5433344841003418,0.5698422789573669,1.1961462497711182
20,6937554,7NI5,MdrDBcore02829,R1618Q,1.52,0.07797922939062119,0.5698422789573669,1.1961462497711182
20,6937554,7NI5,MdrDBcore02830,R1618Q,0.522,0.08793298900127411,0.5698422789573669,1.1961462497711182
20,6937554,7NI4,MdrDBcore02831,R1618Q,0.347,0.6278579235076904,0.5698422789573669,1.1961462497711182
20,6937554,5NP0,MdrDBcore02832,R2244T,1.347,-0.7336345314979553,0.5698422789573669,1.1961462497711182
20,6937554,5NP1,MdrDBcore02833,R2244T,1.616,1.2015985250473022,0.5698422789573669,1.1961462497711182
20,6937554,5NP0,MdrDBcore02834,R2244T,1.936,1.147700548171997,0.5698422789573669,1.1961462497711182
20,6937554,6K9K,MdrDBcore02835,R2436S,0.765,-0.031087107956409454,0.5698422789573669,1.1961462497711182
20,6937554,5NP0,MdrDBcore02836,R2436S,1.215,1.3148622512817383,0.5698422789573669,1.1961462497711182
20,6937554,6K9K,MdrDBcore02837,R2436S,1.198,-0.07110701501369476,0.5698422789573669,1.1961462497711182
20,6937554,5NP1,MdrDBcore02838,R248Q,1.467,1.3810341358184814,0.5698422789573669,1.1961462497711182
20,6937554,6K9L,MdrDBcore02839,R2832C,0.97,-0.11319171637296677,0.5698422789573669,1.1961462497711182
20,6937554,5NP0,MdrDBcore02840,R2832C,1.264,1.0177512168884277,0.5698422789573669,1.1961462497711182
20,6937554,6K9L,MdrDBcore02841,R451H,1.294,-0.5715562105178833,0.5698422789573669,1.1961462497711182
20,6937554,5NP0,MdrDBcore02842,R451H,1.177,1.278438687324524,0.5698422789573669,1.1961462497711182
20,6937554,6K9K,MdrDBcore02843,R451H,2.027,0.7274208664894104,0.5698422789573669,1.1961462497711182
20,6937554,5NP1,MdrDBcore02844,S1383L,-0.186,-0.5859700441360474,0.5698422789573669,1.1961462497711182
20,6937554,6K9K,MdrDBcore02845,S1383L,1.029,1.0813347101211548,0.5698422789573669,1.1961462497711182
20,6937554,5NP0,MdrDBcore02846,S1383L,1.007,1.0341399908065796,0.5698422789573669,1.1961462497711182
20,6937554,5NP0,MdrDBcore02847,S2058L,1.113,0.018583249300718307,0.5698422789573669,1.1961462497711182
20,6937554,5NP0,MdrDBcore02848,S2058L,2.001,0.9656298756599426,0.5698422789573669,1.1961462497711182
20,6937554,7NI6,MdrDBcore02849,S2146T,1.033,0.040495365858078,0.5698422789573669,1.1961462497711182
20,6937554,7NI6,MdrDBcore02850,S2146T,0.104,0.21999113261699677,0.5698422789573669,1.1961462497711182
20,6937554,5NP0,MdrDBcore02851,S2218N,1.089,1.2429444789886475,0.5698422789573669,1.1961462497711182
20,6937554,6K9L,MdrDBcore02852,S2218N,1.092,1.0334542989730835,0.5698422789573669,1.1961462497711182
20,6937554,6K9L,MdrDBcore02853,S2218R,1.627,0.5151788592338562,0.5698422789573669,1.1961462497711182
20,6937554,5NP0,MdrDBcore02854,S2218R,1.852,1.078413963317871,0.5698422789573669,1.1961462497711182
20,6937554,6K9K,MdrDBcore02855,S2218R,1.729,0.74609375,0.5698422789573669,1.1961462497711182
20,6937554,5NP0,MdrDBcore02856,S707P,0.647,1.1518914699554443,0.5698422789573669,1.1961462497711182
20,6937554,5NP0,MdrDBcore02857,S707P,0.195,0.4224068820476532,0.5698422789573669,1.1961462497711182
20,6937554,5NP0,MdrDBcore02858,T1854I,1.004,1.1401960849761963,0.5698422789573669,1.1961462497711182
20,6937554,5NP0,MdrDBcore02859,T1854I,0.798,1.3103924989700317,0.5698422789573669,1.1961462497711182
20,6937554,7NI5,MdrDBcore02860,T2059I,-0.689,-0.3308297395706177,0.5698422789573669,1.1961462497711182
20,6937554,7NI5,MdrDBcore02861,T2059I,-0.296,0.09543430060148239,0.5698422789573669,1.1961462497711182
20,6937554,7NI5,MdrDBcore02862,T2059I,-0.292,0.08514396101236343,0.5698422789573669,1.1961462497711182
20,6937554,6K9L,MdrDBcore02863,T2335I,1.55,-0.39954474568367004,0.5698422789573669,1.1961462497711182
20,6937554,5NP0,MdrDBcore02864,T2335I,1.068,1.016162395477295,0.5698422789573669,1.1961462497711182
20,6937554,6K9K,MdrDBcore02865,T2335I,1.689,0.6973569393157959,0.5698422789573669,1.1961462497711182
20,6937554,5NP0,MdrDBcore02866,T2438I,-0.468,0.9248895049095154,0.5698422789573669,1.1961462497711182
20,6937554,6K9L,MdrDBcore02867,T2640I,1.672,0.9091240763664246,0.5698422789573669,1.1961462497711182
20,6937554,5NP0,MdrDBcore02868,T2674R,1.635,1.315001130104065,0.5698422789573669,1.1961462497711182
20,6937554,6K9L,MdrDBcore02869,T2674R,1.51,0.3189260959625244,0.5698422789573669,1.1961462497711182
20,6937554,7NI5,MdrDBcore02870,V1570A,-0.069,0.19618959724903107,0.5698422789573669,1.1961462497711182
20,6937554,6K9K,MdrDBcore02871,V1570A,0.305,0.13810406625270844,0.5698422789573669,1.1961462497711182
20,6937554,7NI5,MdrDBcore02872,V1570A,-0.072,-0.05426211282610893,0.5698422789573669,1.1961462497711182
20,6937554,5NP0,MdrDBcore02873,V2079I,0.198,0.7513534426689148,0.5698422789573669,1.1961462497711182
20,6937554,5NP0,MdrDBcore02874,V2079I,0.911,0.8056111335754395,0.5698422789573669,1.1961462497711182
20,6937554,5NP1,MdrDBcore02875,V2079I,-0.07,0.47544652223587036,0.5698422789573669,1.1961462497711182
20,6937554,5NP0,MdrDBcore02876,V2166A,1.261,0.9910860061645508,0.5698422789573669,1.1961462497711182
20,6937554,5NP0,MdrDBcore02877,V2166A,0.785,1.254858136177063,0.5698422789573669,1.1961462497711182
20,6937554,6K9K,MdrDBcore02878,V2906I,3.078,1.5028057098388672,0.5698422789573669,1.1961462497711182
20,6937554,5NP0,MdrDBcore02879,V2906I,1.556,1.5686476230621338,0.5698422789573669,1.1961462497711182
20,6937554,6K9L,MdrDBcore02880,V2906I,1.31,0.6874973773956299,0.5698422789573669,1.1961462497711182
20,6937554,6K9L,MdrDBcore02881,V613L,1.098,0.14210009574890137,0.5698422789573669,1.1961462497711182
20,6937554,5NP0,MdrDBcore02882,V613L,1.209,1.1011576652526855,0.5698422789573669,1.1961462497711182
20,6937554,5NP0,MdrDBcore02883,W1279A,1.081,0.8852741718292236,0.5698422789573669,1.1961462497711182
20,6937554,5NP0,MdrDBcore02884,W1279A,-0.198,0.580922544002533,0.5698422789573669,1.1961462497711182
20,6937554,6K9L,MdrDBcore02885,W1279A,0.677,0.5123354196548462,0.5698422789573669,1.1961462497711182
20,6937554,6K9L,MdrDBcore02886,W2638A,1.175,0.6643239855766296,0.5698422789573669,1.1961462497711182
20,6937554,5NP0,MdrDBcore02887,W2845A,-0.186,0.37482622265815735,0.5698422789573669,1.1961462497711182
20,6937554,5NP0,MdrDBcore02888,W2845A,0.916,0.9015436768531799,0.5698422789573669,1.1961462497711182
20,6937554,6K9K,MdrDBcore02889,W57A,1.639,1.117077350616455,0.5698422789573669,1.1961462497711182
20,6937554,5NP0,MdrDBcore02890,Y2167A,0.171,0.8944434523582458,0.5698422789573669,1.1961462497711182
20,6937554,5NP1,MdrDBcore02891,Y2167A,0.637,0.5396446585655212,0.5698422789573669,1.1961462497711182
20,6937554,3NCZ,MdrDBcore02892,R349Q,0.303,0.7003429532051086,0.5698422789573669,1.1961462497711182
20,6937554,3NCZ,MdrDBcore02893,R349Q,1.394,0.5898078680038452,0.5698422789573669,1.1961462497711182
20,6937554,5YZ0,MdrDBcore02894,A1896V,2.885,1.8654916286468506,0.5698422789573669,1.1961462497711182
20,6937554,5YZ0,MdrDBcore02895,D1915G,1.226,-0.4035260081291199,0.5698422789573669,1.1961462497711182
20,6937554,5YZ0,MdrDBcore02896,E2034K,0.748,0.509925365447998,0.5698422789573669,1.1961462497711182
20,6937554,5YZ0,MdrDBcore02897,H453P,2.365,1.0919160842895508,0.5698422789573669,1.1961462497711182
20,6937554,5YZ0,MdrDBcore02898,I1526V,0.629,0.48875662684440613,0.5698422789573669,1.1961462497711182
20,6937554,5YZ0,MdrDBcore02899,K2501N,0.511,0.8098178505897522,0.5698422789573669,1.1961462497711182
20,6937554,5YZ0,MdrDBcore02900,L1483F,0.819,0.495552122592926,0.5698422789573669,1.1961462497711182
20,6937554,5YZ0,MdrDBcore02901,L1599P,1.873,-0.7403190732002258,0.5698422789573669,1.1961462497711182
20,6937554,5YZ0,MdrDBcore02902,M328V,1.249,0.516179621219635,0.5698422789573669,1.1961462497711182
20,6937554,5YZ0,MdrDBcore02903,M593T,-0.64,0.4127330780029297,0.5698422789573669,1.1961462497711182
20,6937554,5YZ0,MdrDBcore02904,P1991S,3.754,0.7155564427375793,0.5698422789573669,1.1961462497711182
20,6937554,5YZ0,MdrDBcore02905,Q713E,1.154,0.49895453453063965,0.5698422789573669,1.1961462497711182
20,6937554,5YZ0,MdrDBcore02906,R1015Q,3.395,0.18124714493751526,0.5698422789573669,1.1961462497711182
20,6937554,5YZ0,MdrDBcore02907,R2190C,2.025,1.3115110397338867,0.5698422789573669,1.1961462497711182
20,6937554,5YZ0,MdrDBcore02908,S601F,2.207,0.03593161702156067,0.5698422789573669,1.1961462497711182
20,6937554,5YZ0,MdrDBcore02909,T1751A,-0.963,0.3069247603416443,0.5698422789573669,1.1961462497711182
20,6937554,5YZ0,MdrDBcore02910,T1751A,-0.348,0.2485818862915039,0.5698422789573669,1.1961462497711182
20,6937554,5YZ0,MdrDBcore02911,T2556S,1.698,1.0700113773345947,0.5698422789573669,1.1961462497711182
20,6937554,5YZ0,MdrDBcore02912,T2556S,0.653,1.1992008686065674,0.5698422789573669,1.1961462497711182
20,6937554,5YZ0,MdrDBcore02913,Y1527S,7.83,0.6807610988616943,0.5698422789573669,1.1961462497711182
20,6937554,5YZ0,MdrDBcore02914,Y2637C,1.527,-0.3402464687824249,0.5698422789573669,1.1961462497711182
20,6937554,5YZ0,MdrDBcore02915,Y575C,3.374,0.5285958051681519,0.5698422789573669,1.1961462497711182
20,6937554,5YZ0,MdrDBcore02916,Y575C,2.478,1.1106325387954712,0.5698422789573669,1.1961462497711182
20,6937554,4ITI,MdrDBcore02917,E234K,1.088,0.8587746620178223,0.5698422789573669,1.1961462497711182
20,6937554,4ITI,MdrDBcore02918,L79V,0.31,0.871288537979126,0.5698422789573669,1.1961462497711182
20,6937554,7AO8,MdrDBcore02919,D210G,5.882,0.6679513454437256,0.5698422789573669,1.1961462497711182
20,6937554,7AO8,MdrDBcore02920,D210G,-16.798,-0.33631759881973267,0.5698422789573669,1.1961462497711182
20,6937554,7AO8,MdrDBcore02921,D210G,1.575,0.13501615822315216,0.5698422789573669,1.1961462497711182
20,6937554,7AO8,MdrDBcore02922,D210G,1.9,0.2990570664405823,0.5698422789573669,1.1961462497711182
20,6937554,7AO8,MdrDBcore02923,E146K,3.172,1.6518625020980835,0.5698422789573669,1.1961462497711182
20,6937554,7AO8,MdrDBcore02924,E146K,1.046,0.5611712336540222,0.5698422789573669,1.1961462497711182
20,6937554,7AO8,MdrDBcore02925,E250G,4.918,0.5494338274002075,0.5698422789573669,1.1961462497711182
20,6937554,7AO8,MdrDBcore02926,E250G,-11.358,0.11783041059970856,0.5698422789573669,1.1961462497711182
20,6937554,7AO8,MdrDBcore02927,E250G,1.685,0.9009277820587158,0.5698422789573669,1.1961462497711182
20,6937554,7AO8,MdrDBcore02928,E250G,0.577,0.5210002660751343,0.5698422789573669,1.1961462497711182
20,6937554,7AO8,MdrDBcore02929,M245I,5.176,0.712742269039154,0.5698422789573669,1.1961462497711182
20,6937554,7AO8,MdrDBcore02930,M245I,-16.939,-1.4468927383422852,0.5698422789573669,1.1961462497711182
20,6937554,7AO8,MdrDBcore02931,M245I,2.194,0.722709059715271,0.5698422789573669,1.1961462497711182
20,6937554,7AO8,MdrDBcore02932,R77C,-1.736,0.5426150560379028,0.5698422789573669,1.1961462497711182
20,6937554,6Z2J,MdrDBcore02933,R77C,1.507,1.7124384641647339,0.5698422789573669,1.1961462497711182
20,6937554,7AO8,MdrDBcore02934,R77C,6.287,0.3259419798851013,0.5698422789573669,1.1961462497711182
20,6937554,7AO8,MdrDBcore02935,R77C,-0.554,-0.12086353451013565,0.5698422789573669,1.1961462497711182
20,6937554,7AO8,MdrDBcore02936,R77C,2.431,0.8468269109725952,0.5698422789573669,1.1961462497711182
20,6937554,7AO8,MdrDBcore02937,S88N,5.575,0.5762919783592224,0.5698422789573669,1.1961462497711182
20,6937554,7AO8,MdrDBcore02938,S88N,-14.148,-1.0534533262252808,0.5698422789573669,1.1961462497711182
20,6937554,7AO8,MdrDBcore02939,S88N,1.513,-0.1410510092973709,0.5698422789573669,1.1961462497711182
20,6937554,7AO8,MdrDBcore02940,V224D,1.719,0.5427966117858887,0.5698422789573669,1.1961462497711182
20,6937554,7AO8,MdrDBcore02941,V224D,-5.874,1.3739780187606812,0.5698422789573669,1.1961462497711182
20,6937554,7AO8,MdrDBcore02942,V224D,1.098,0.5096306800842285,0.5698422789573669,1.1961462497711182
20,6937554,7AO8,MdrDBcore02943,Y226S,-1.242,-0.8901506662368774,0.5698422789573669,1.1961462497711182
20,6937554,7AO8,MdrDBcore02944,Y226S,-0.845,0.6694812178611755,0.5698422789573669,1.1961462497711182
20,6937554,7AO8,MdrDBcore02945,Y226S,-0.232,0.02558819390833378,0.5698422789573669,1.1961462497711182
20,6937554,7AO8,MdrDBcore02946,Y226S,-1.501,-0.6285544633865356,0.5698422789573669,1.1961462497711182
20,6937554,7AO8,MdrDBcore02947,Y67H,1.617,1.006368637084961,0.5698422789573669,1.1961462497711182
20,6937554,7AO8,MdrDBcore02948,Y67H,-2.409,-0.10933961719274521,0.5698422789573669,1.1961462497711182
20,6937554,7AO8,MdrDBcore02949,Y67H,1.501,0.5558696985244751,0.5698422789573669,1.1961462497711182
20,6937554,7URZ,MdrDBcore02950,C616Y,1.194,1.191671371459961,0.5698422789573669,1.1961462497711182
20,6937554,3BHH,MdrDBcore02951,E13D,1.287,1.3480490446090698,0.5698422789573669,1.1961462497711182
20,6937554,3BHH,MdrDBcore02952,L142M,0.635,1.1004655361175537,0.5698422789573669,1.1961462497711182
20,6937554,3BHH,MdrDBcore02953,P234L,1.372,1.3260327577590942,0.5698422789573669,1.1961462497711182
20,6937554,7URZ,MdrDBcore02954,Q624E,1.483,1.422247290611267,0.5698422789573669,1.1961462497711182
20,6937554,3BHH,MdrDBcore02955,R260L,1.06,1.3173238039016724,0.5698422789573669,1.1961462497711182
20,6937554,7URZ,MdrDBcore02956,R646H,1.19,1.3988615274429321,0.5698422789573669,1.1961462497711182
20,6937554,1YOV,MdrDBcore02957,A359S,-1.366,-0.016255084425210953,0.5698422789573669,1.1961462497711182
20,6937554,1YOV,MdrDBcore02958,D180N,-0.895,-0.33484670519828796,0.5698422789573669,1.1961462497711182
20,6937554,2NVU,MdrDBcore02959,D64N,-1.127,-1.1944314241409302,0.5698422789573669,1.1961462497711182
20,6937554,2NVU,MdrDBcore02960,E90Q,-2.097,0.11280249804258347,0.5698422789573669,1.1961462497711182
20,6937554,2NVU,MdrDBcore02961,F292L,-1.934,-1.1625664234161377,0.5698422789573669,1.1961462497711182
20,6937554,3GZN,MdrDBcore02962,F499L,-2.111,-1.4217729568481445,0.5698422789573669,1.1961462497711182
20,6937554,2NVU,MdrDBcore02963,I221V,-2.002,-0.987716794013977,0.5698422789573669,1.1961462497711182
20,6937554,3GZN,MdrDBcore02964,I250F,-1.648,-1.3064038753509521,0.5698422789573669,1.1961462497711182
20,6937554,2NVU,MdrDBcore02965,I457M,-2.064,-0.765301525592804,0.5698422789573669,1.1961462497711182
20,6937554,2NVU,MdrDBcore02966,K190R,-1.677,-1.1072089672088623,0.5698422789573669,1.1961462497711182
20,6937554,3GZN,MdrDBcore02967,K440E,-0.378,-1.0087894201278687,0.5698422789573669,1.1961462497711182
20,6937554,2NVU,MdrDBcore02968,N293T,-0.799,-1.041655421257019,0.5698422789573669,1.1961462497711182
20,6937554,2NVU,MdrDBcore02969,Q25R,0.312,0.11573565751314163,0.5698422789573669,1.1961462497711182
20,6937554,3GZN,MdrDBcore02970,Q469R,-2.149,-1.3008754253387451,0.5698422789573669,1.1961462497711182
20,6937554,2NVU,MdrDBcore02971,R312H,-0.211,-0.13081809878349304,0.5698422789573669,1.1961462497711182
20,6937554,2NVU,MdrDBcore02972,S104F,-2.588,-1.0254383087158203,0.5698422789573669,1.1961462497711182
20,6937554,2NVU,MdrDBcore02973,S121L,-1.406,-1.0165140628814697,0.5698422789573669,1.1961462497711182
20,6937554,2NVU,MdrDBcore02974,S379L,0.58,-0.8470255732536316,0.5698422789573669,1.1961462497711182
20,6937554,2NVU,MdrDBcore02975,S388N,-0.943,0.43849143385887146,0.5698422789573669,1.1961462497711182
20,6937554,2NVU,MdrDBcore02976,T277A,-2.361,-0.42847728729248047,0.5698422789573669,1.1961462497711182
20,6937554,6U4Y,MdrDBcore02977,E169K,0.137,0.3833276033401489,0.5698422789573669,1.1961462497711182
20,6937554,5HYN,MdrDBcore02978,G159R,-0.686,0.049884628504514694,0.5698422789573669,1.1961462497711182
20,6937554,4MI5,MdrDBcore02979,G648E,0.084,-0.9897257089614868,0.5698422789573669,1.1961462497711182
20,6937554,5HYN,MdrDBcore02980,H279Y,-0.426,0.12882085144519806,0.5698422789573669,1.1961462497711182
20,6937554,5HYN,MdrDBcore02981,K291T,0.139,0.19699744880199432,0.5698422789573669,1.1961462497711182
20,6937554,5HYN,MdrDBcore02982,P132S,0.277,0.30300647020339966,0.5698422789573669,1.1961462497711182
20,6937554,6U4Y,MdrDBcore02983,R16Q,-0.524,0.3152849078178406,0.5698422789573669,1.1961462497711182
20,6937554,4MI5,MdrDBcore02984,R690H,-0.335,0.5170318484306335,0.5698422789573669,1.1961462497711182
20,6937554,5H15,MdrDBcore02985,S44F,0.05,0.6099302172660828,0.5698422789573669,1.1961462497711182
20,6937554,4MI5,MdrDBcore02986,S537N,0.286,0.31707632541656494,0.5698422789573669,1.1961462497711182
20,6937554,4MI5,MdrDBcore02987,S538L,-0.413,-0.09286990016698837,0.5698422789573669,1.1961462497711182
20,6937554,4MI5,MdrDBcore02988,S624C,0.142,0.06105579063296318,0.5698422789573669,1.1961462497711182
20,6937554,6U4Y,MdrDBcore02989,T80P,0.5,0.8356170058250427,0.5698422789573669,1.1961462497711182
20,6937554,4MI5,MdrDBcore02990,Y646C,-0.272,0.17860382795333862,0.5698422789573669,1.1961462497711182
20,6937554,4MI5,MdrDBcore02991,Y646F,-1.131,-0.7237290740013123,0.5698422789573669,1.1961462497711182
20,6937554,4MI5,MdrDBcore02992,Y646S,-0.541,-0.18156574666500092,0.5698422789573669,1.1961462497711182
20,6937554,4MI5,MdrDBcore02993,Y701C,0.21,0.06342113018035889,0.5698422789573669,1.1961462497711182
20,6937554,7LI3,MdrDBcore02994,A628V,-0.861,-0.22664865851402283,0.5698422789573669,1.1961462497711182
20,6937554,7LI3,MdrDBcore02995,E1190A,0.213,0.11234533041715622,0.5698422789573669,1.1961462497711182
20,6937554,6VNO,MdrDBcore02996,E1874V,-0.195,0.000343659776262939,0.5698422789573669,1.1961462497711182
20,6937554,7LI3,MdrDBcore02997,E2516K,0.316,-0.21073587238788605,0.5698422789573669,1.1961462497711182
20,6937554,7LI3,MdrDBcore02998,G1213S,0.452,-0.14590099453926086,0.5698422789573669,1.1961462497711182
20,6937554,6VP7,MdrDBcore02999,G1397C,0.145,-0.140909343957901,0.5698422789573669,1.1961462497711182
20,6937554,6VNO,MdrDBcore03000,G1424R,-1.492,0.321344792842865,0.5698422789573669,1.1961462497711182
20,6937554,7LI3,MdrDBcore03001,G1939W,0.297,-0.13627220690250397,0.5698422789573669,1.1961462497711182
20,6937554,7LI3,MdrDBcore03002,H572Q,-0.93,-0.1185130625963211,0.5698422789573669,1.1961462497711182
20,6937554,7LI3,MdrDBcore03003,I1006M,-0.396,0.1247028335928917,0.5698422789573669,1.1961462497711182
20,6937554,7LI3,MdrDBcore03004,K1035N,-0.459,-0.0886835902929306,0.5698422789573669,1.1961462497711182
20,6937554,7LI3,MdrDBcore03005,L1136P,-0.112,-0.12657782435417175,0.5698422789573669,1.1961462497711182
20,6937554,6VP7,MdrDBcore03006,L1603I,-0.754,0.14557303488254547,0.5698422789573669,1.1961462497711182
20,6937554,6VP7,MdrDBcore03007,L1776I,-0.018,0.21451041102409363,0.5698422789573669,1.1961462497711182
20,6937554,6VP8,MdrDBcore03008,L1932F,-0.15,-0.7111340165138245,0.5698422789573669,1.1961462497711182
20,6937554,7LI3,MdrDBcore03009,L1982S,-0.709,-0.27985015511512756,0.5698422789573669,1.1961462497711182
20,6937554,6DLP,MdrDBcore03010,L2145S,-1.068,-0.2901439964771271,0.5698422789573669,1.1961462497711182
20,6937554,7LI3,MdrDBcore03011,L2393A,-0.261,-0.0693594440817833,0.5698422789573669,1.1961462497711182
20,6937554,7LI3,MdrDBcore03012,L708F,0.269,-0.028792666271328926,0.5698422789573669,1.1961462497711182
20,6937554,6OJE,MdrDBcore03013,M1431T,-0.542,0.18599028885364532,0.5698422789573669,1.1961462497711182
20,6937554,6VP7,MdrDBcore03014,M1947T,0.098,-0.10230464488267899,0.5698422789573669,1.1961462497711182
20,6937554,7LHW,MdrDBcore03015,P1546L,0.418,-0.14821048080921173,0.5698422789573669,1.1961462497711182
20,6937554,7LHW,MdrDBcore03016,P1930L,0.004,-0.2767469882965088,0.5698422789573669,1.1961462497711182
20,6937554,7LI3,MdrDBcore03017,Q1002A,-1.032,-0.012692195363342762,0.5698422789573669,1.1961462497711182
20,6937554,6VP7,MdrDBcore03018,Q1779K,0.004,0.5743516087532043,0.5698422789573669,1.1961462497711182
20,6937554,6VP8,MdrDBcore03019,Q2120A,0.277,0.11222512274980545,0.5698422789573669,1.1961462497711182
20,6937554,6VP8,MdrDBcore03020,Q2490K,-0.3,0.39058980345726013,0.5698422789573669,1.1961462497711182
20,6937554,7LI3,MdrDBcore03021,R1067G,0.328,-0.03977128863334656,0.5698422789573669,1.1961462497711182
20,6937554,7LI3,MdrDBcore03022,R1707T,0.407,-0.16787268221378326,0.5698422789573669,1.1961462497711182
20,6937554,7LI3,MdrDBcore03023,R1728L,0.576,-0.07289914041757584,0.5698422789573669,1.1961462497711182
20,6937554,7LI3,MdrDBcore03024,R1957C,1.06,0.1663883775472641,0.5698422789573669,1.1961462497711182
20,6937554,7LI3,MdrDBcore03025,R2394S,0.572,-0.09199773520231247,0.5698422789573669,1.1961462497711182
20,6937554,6DLP,MdrDBcore03026,R2443A,0.382,-0.1384807825088501,0.5698422789573669,1.1961462497711182
20,6937554,7LHW,MdrDBcore03027,R715S,0.302,-0.29608795046806335,0.5698422789573669,1.1961462497711182
20,6937554,7LI3,MdrDBcore03028,R767C,-0.294,-0.017122363671660423,0.5698422789573669,1.1961462497711182
20,6937554,7LI3,MdrDBcore03029,R772A,-0.21,-0.11499916762113571,0.5698422789573669,1.1961462497711182
20,6937554,7LI3,MdrDBcore03030,S1001G,-0.624,0.14761477708816528,0.5698422789573669,1.1961462497711182
20,6937554,7LI3,MdrDBcore03031,S1091P,0.258,-0.0852837860584259,0.5698422789573669,1.1961462497711182
20,6937554,7LI3,MdrDBcore03032,S1204G,-0.388,-0.04733744636178017,0.5698422789573669,1.1961462497711182
20,6937554,7LI3,MdrDBcore03033,S1283F,0.294,-0.1659439653158188,0.5698422789573669,1.1961462497711182
20,6937554,6VP7,MdrDBcore03034,S2454L,0.277,-0.1260334849357605,0.5698422789573669,1.1961462497711182
20,6937554,7LI4,MdrDBcore03035,S569C,0.018,-0.13739286363124847,0.5698422789573669,1.1961462497711182
20,6937554,7LI3,MdrDBcore03036,S634T,0.029,-0.02016269788146019,0.5698422789573669,1.1961462497711182
20,6937554,6OJE,MdrDBcore03037,T1368I,-0.48,0.04202984273433685,0.5698422789573669,1.1961462497711182
20,6937554,6OJE,MdrDBcore03038,T1452I,0.375,0.07874463498592377,0.5698422789573669,1.1961462497711182
20,6937554,6OJE,MdrDBcore03039,V1456A,-0.105,-0.4699805974960327,0.5698422789573669,1.1961462497711182
20,6937554,6DLP,MdrDBcore03040,V2152I,-0.481,0.005883436184376478,0.5698422789573669,1.1961462497711182
20,6937554,6DLP,MdrDBcore03041,V2495I,-0.201,0.06122696027159691,0.5698422789573669,1.1961462497711182
20,6937554,5HRX,MdrDBcore03042,A715T,0.897,1.1366467475891113,0.5698422789573669,1.1961462497711182
20,6937554,3HMF,MdrDBcore03043,R202C,1.156,0.7285977005958557,0.5698422789573669,1.1961462497711182
20,6937554,3IU5,MdrDBcore03044,V49L,1.525,0.01116639282554388,0.5698422789573669,1.1961462497711182
20,6937554,6OXB,MdrDBcore03045,Y1043F,1.635,1.1666215658187866,0.5698422789573669,1.1961462497711182
20,6937554,3O47,MdrDBcore03046,A27V,1.39,0.3002508878707886,0.5698422789573669,1.1961462497711182
20,6937554,3O47,MdrDBcore03047,A81S,-0.408,0.494936466217041,0.5698422789573669,1.1961462497711182
20,6937554,3O47,MdrDBcore03048,E120K,-0.236,0.3961145877838135,0.5698422789573669,1.1961462497711182
20,6937554,3O47,MdrDBcore03049,I41V,-0.35,0.2503725290298462,0.5698422789573669,1.1961462497711182
20,6937554,3O47,MdrDBcore03050,L99S,1.135,0.6715722680091858,0.5698422789573669,1.1961462497711182
20,6937554,3O47,MdrDBcore03051,R122G,0.035,0.24585729837417603,0.5698422789573669,1.1961462497711182
20,6937554,3O47,MdrDBcore03052,R84Q,0.25,0.3618127107620239,0.5698422789573669,1.1961462497711182
20,6937554,3O47,MdrDBcore03053,V15M,0.729,0.1852882206439972,0.5698422789573669,1.1961462497711182
20,6937554,3O47,MdrDBcore03054,Y103H,1.487,0.48601505160331726,0.5698422789573669,1.1961462497711182
20,6937554,6JN2,MdrDBcore03055,A483T,-0.133,-0.3637029528617859,0.5698422789573669,1.1961462497711182
20,6937554,6JN2,MdrDBcore03056,A483T,-0.407,-0.19388705492019653,0.5698422789573669,1.1961462497711182
20,6937554,6JN2,MdrDBcore03057,A483T,0.403,0.7578986883163452,0.5698422789573669,1.1961462497711182
20,6937554,6JN2,MdrDBcore03058,A528V,-0.232,-0.08911904692649841,0.5698422789573669,1.1961462497711182
20,6937554,6JN2,MdrDBcore03059,A528V,-0.224,0.8227961659431458,0.5698422789573669,1.1961462497711182
20,6937554,6JN2,MdrDBcore03060,A528V,0.007,0.3083646893501282,0.5698422789573669,1.1961462497711182
20,6937554,6O96,MdrDBcore03061,G165C,0.212,0.3241024613380432,0.5698422789573669,1.1961462497711182
20,6937554,6O96,MdrDBcore03062,G165C,-0.059,-0.7125453948974609,0.5698422789573669,1.1961462497711182
20,6937554,6O96,MdrDBcore03063,G165C,-0.34,0.5372377634048462,0.5698422789573669,1.1961462497711182
20,6937554,4ER0,MdrDBcore03064,K333E,-0.526,0.6558499932289124,0.5698422789573669,1.1961462497711182
20,6937554,4ER7,MdrDBcore03065,K333E,-0.155,0.6670452356338501,0.5698422789573669,1.1961462497711182
20,6937554,4ER0,MdrDBcore03066,K333E,0.095,0.487587571144104,0.5698422789573669,1.1961462497711182
20,6937554,6O96,MdrDBcore03067,P298S,0.33,0.1795213669538498,0.5698422789573669,1.1961462497711182
20,6937554,6O96,MdrDBcore03068,P298S,0.179,0.4764555096626282,0.5698422789573669,1.1961462497711182
20,6937554,6O96,MdrDBcore03069,P298S,0.155,0.23758453130722046,0.5698422789573669,1.1961462497711182
20,6937554,6O96,MdrDBcore03070,R231L,0.602,0.3949679434299469,0.5698422789573669,1.1961462497711182
20,6937554,6O96,MdrDBcore03071,R231L,0.458,-0.003488881979137659,0.5698422789573669,1.1961462497711182
20,6937554,6O96,MdrDBcore03072,R231L,-0.007,-0.3984367847442627,0.5698422789573669,1.1961462497711182
20,6937554,6O96,MdrDBcore03073,S304L,-0.454,0.17847248911857605,0.5698422789573669,1.1961462497711182
20,6937554,6O96,MdrDBcore03074,S304L,-0.105,0.03257451578974724,0.5698422789573669,1.1961462497711182
20,6937554,6O96,MdrDBcore03075,S304L,-1.396,-1.065043330192566,0.5698422789573669,1.1961462497711182
20,6937554,1NW3,MdrDBcore03076,T100M,-0.418,0.5636529326438904,0.5698422789573669,1.1961462497711182
20,6937554,6O96,MdrDBcore03077,T100M,0.074,0.15170404314994812,0.5698422789573669,1.1961462497711182
20,6937554,1NW3,MdrDBcore03078,T100M,0.223,0.6254467964172363,0.5698422789573669,1.1961462497711182
20,6937554,6O96,MdrDBcore03079,T306M,0.202,0.6372556090354919,0.5698422789573669,1.1961462497711182
20,6937554,6O96,MdrDBcore03080,T306M,0.435,0.4685996174812317,0.5698422789573669,1.1961462497711182
20,6937554,6O96,MdrDBcore03081,T306M,-0.398,-0.10351043194532394,0.5698422789573669,1.1961462497711182
20,6937554,6O96,MdrDBcore03082,T93M,0.408,0.2947247326374054,0.5698422789573669,1.1961462497711182
20,6937554,6O96,MdrDBcore03083,T93M,0.147,0.17319416999816895,0.5698422789573669,1.1961462497711182
20,6937554,6O96,MdrDBcore03084,T93M,-0.087,0.31584736704826355,0.5698422789573669,1.1961462497711182
20,6937554,6O96,MdrDBcore03085,W208C,-0.028,0.6268868446350098,0.5698422789573669,1.1961462497711182
20,6937554,6O96,MdrDBcore03086,W208C,-0.165,0.07605231553316116,0.5698422789573669,1.1961462497711182
20,6937554,6O96,MdrDBcore03087,W208C,-0.097,0.07168660312891006,0.5698422789573669,1.1961462497711182
20,6937554,6O96,MdrDBcore03088,Y58A,0.432,0.3602830469608307,0.5698422789573669,1.1961462497711182
20,6937554,6O96,MdrDBcore03089,Y58A,0.109,0.03417017683386803,0.5698422789573669,1.1961462497711182
20,6937554,6O96,MdrDBcore03090,Y58A,0.129,0.1180194541811943,0.5698422789573669,1.1961462497711182
20,6937554,1YY6,MdrDBcore03091,A197V,1.964,-0.07164271175861359,0.5698422789573669,1.1961462497711182
20,6937554,6F5H,MdrDBcore03092,A493V,0.277,0.8061528205871582,0.5698422789573669,1.1961462497711182
20,6937554,4Z96,MdrDBcore03093,P694S,2.386,0.632529616355896,0.5698422789573669,1.1961462497711182
20,6937554,5BTR,MdrDBcore03094,D379N,0.236,0.45876210927963257,0.5698422789573669,1.1961462497711182
20,6937554,5BTR,MdrDBcore03095,G355V,-0.624,0.4594642221927643,0.5698422789573669,1.1961462497711182
20,6937554,5BTR,MdrDBcore03096,G495D,0.283,0.45984187722206116,0.5698422789573669,1.1961462497711182
20,6937554,4ZZJ,MdrDBcore03097,I270K,0.147,0.9392552375793457,0.5698422789573669,1.1961462497711182
20,6937554,5BTR,MdrDBcore03098,L478V,-0.641,0.4592946767807007,0.5698422789573669,1.1961462497711182
20,6937554,4ZZH,MdrDBcore03099,M407T,-0.173,0.7458061575889587,0.5698422789573669,1.1961462497711182
20,6937554,5BTR,MdrDBcore03100,P393R,-0.327,0.4584716558456421,0.5698422789573669,1.1961462497711182
20,6937554,5BTR,MdrDBcore03101,R199Q,0.066,0.45906898379325867,0.5698422789573669,1.1961462497711182
20,6937554,5BTR,MdrDBcore03102,R649H,-0.222,0.4589546024799347,0.5698422789573669,1.1961462497711182
20,6937554,5BTR,MdrDBcore03103,T177I,0.138,0.4592929482460022,0.5698422789573669,1.1961462497711182
20,6937554,5BTR,MdrDBcore03104,V383I,0.017,0.4596719443798065,0.5698422789573669,1.1961462497711182
20,6937554,3UT1,MdrDBcore03105,A287T,1.04,1.2804582118988037,0.5698422789573669,1.1961462497711182
20,6937554,3UT1,MdrDBcore03106,C304F,0.046,1.1621851921081543,0.5698422789573669,1.1961462497711182
20,6937554,3UT1,MdrDBcore03107,D312E,-0.449,1.2203302383422852,0.5698422789573669,1.1961462497711182
20,6937554,3UT1,MdrDBcore03108,E338K,1.694,1.1267619132995605,0.5698422789573669,1.1961462497711182
20,6937554,3UT1,MdrDBcore03109,F298L,1.544,1.3701730966567993,0.5698422789573669,1.1961462497711182
20,6937554,3UT1,MdrDBcore03110,I364T,1.607,1.4833779335021973,0.5698422789573669,1.1961462497711182
20,6937554,3UT1,MdrDBcore03111,I388F,1.915,1.1967995166778564,0.5698422789573669,1.1961462497711182
20,6937554,3UT1,MdrDBcore03112,L346H,1.136,1.5665264129638672,0.5698422789573669,1.1961462497711182
20,6937554,3UT1,MdrDBcore03113,P461S,1.485,1.3252112865447998,0.5698422789573669,1.1961462497711182
20,6937554,3UT1,MdrDBcore03114,P525L,1.635,1.22799813747406,0.5698422789573669,1.1961462497711182
20,6937554,3UT1,MdrDBcore03115,Q352E,1.917,1.48548424243927,0.5698422789573669,1.1961462497711182
20,6937554,3UT1,MdrDBcore03116,S256P,1.42,1.0205447673797607,0.5698422789573669,1.1961462497711182
20,6937554,3UT1,MdrDBcore03117,S524Y,1.441,1.3822169303894043,0.5698422789573669,1.1961462497711182
20,6937554,3UT1,MdrDBcore03118,V286I,1.223,1.1740031242370605,0.5698422789573669,1.1961462497711182
20,6937554,3UT1,MdrDBcore03119,Y301C,1.521,1.528334617614746,0.5698422789573669,1.1961462497711182
20,6937554,5V3O,MdrDBcore03120,D313H,0.493,0.13729436695575714,0.5698422789573669,1.1961462497711182
20,6937554,5V3O,MdrDBcore03121,E187K,0.0,-0.3673495650291443,0.5698422789573669,1.1961462497711182
20,6937554,5HXB,MdrDBcore03122,G151A,-0.35,-0.47693297266960144,0.5698422789573669,1.1961462497711182
20,6937554,5V3O,MdrDBcore03123,G354A,0.496,0.543980598449707,0.5698422789573669,1.1961462497711182
20,6937554,6H0G,MdrDBcore03124,G383V,0.222,1.3456385135650635,0.5698422789573669,1.1961462497711182
20,6937554,5V3O,MdrDBcore03125,G69D,0.024,0.14155586063861847,0.5698422789573669,1.1961462497711182
20,6937554,5V3O,MdrDBcore03126,K204E,-0.404,-0.33042559027671814,0.5698422789573669,1.1961462497711182
20,6937554,5V3O,MdrDBcore03127,M109I,-0.158,-0.12205042690038681,0.5698422789573669,1.1961462497711182
20,6937554,5V3O,MdrDBcore03128,P345S,-0.155,0.6112164855003357,0.5698422789573669,1.1961462497711182
20,6937554,5V3O,MdrDBcore03129,P424L,-0.044,-0.3474572002887726,0.5698422789573669,1.1961462497711182
20,6937554,5V3O,MdrDBcore03130,Q297A,-0.313,-0.8823956847190857,0.5698422789573669,1.1961462497711182
20,6937554,5V3O,MdrDBcore03131,R295A,-0.343,-0.9890007972717285,0.5698422789573669,1.1961462497711182
20,6937554,5V3O,MdrDBcore03132,R373Q,-0.207,0.025655362755060196,0.5698422789573669,1.1961462497711182
20,6937554,5V3O,MdrDBcore03133,S379N,-0.534,-0.2955622673034668,0.5698422789573669,1.1961462497711182
20,6937554,5HXB,MdrDBcore03134,T51A,-0.082,-0.3148443400859833,0.5698422789573669,1.1961462497711182
20,6937554,5V3O,MdrDBcore03135,W223A,-0.779,-0.644537091255188,0.5698422789573669,1.1961462497711182
20,6937554,4O9R,MdrDBcore03136,A324T,-0.081,0.9888098835945129,0.5698422789573669,1.1961462497711182
20,6937554,5L7D,MdrDBcore03137,A68G,-0.556,0.8496964573860168,0.5698422789573669,1.1961462497711182
20,6937554,5V57,MdrDBcore03138,A68G,-0.288,-0.07864256203174591,0.5698422789573669,1.1961462497711182
20,6937554,4O9R,MdrDBcore03139,C273R,0.078,-0.1076216921210289,0.5698422789573669,1.1961462497711182
20,6937554,4O9R,MdrDBcore03140,C273R,0.205,-0.03927993401885033,0.5698422789573669,1.1961462497711182
20,6937554,4QIM,MdrDBcore03141,G497V,-0.188,0.47757038474082947,0.5698422789573669,1.1961462497711182
20,6937554,4QIM,MdrDBcore03142,G497V,0.069,0.7626630663871765,0.5698422789573669,1.1961462497711182
20,6937554,4O9R,MdrDBcore03143,L267H,0.65,-0.05184224620461464,0.5698422789573669,1.1961462497711182
20,6937554,4O9R,MdrDBcore03144,P505S,0.307,-0.09873950481414795,0.5698422789573669,1.1961462497711182
20,6937554,6XBK,MdrDBcore03145,R138Q,-1.589,-0.41246721148490906,0.5698422789573669,1.1961462497711182
20,6937554,6XBK,MdrDBcore03146,R138Q,-0.932,-1.1079750061035156,0.5698422789573669,1.1961462497711182
20,6937554,5V57,MdrDBcore03147,R168H,-0.807,0.018359601497650146,0.5698422789573669,1.1961462497711182
20,6937554,4O9R,MdrDBcore03148,R296H,-0.396,-0.01789173111319542,0.5698422789573669,1.1961462497711182
20,6937554,6XBK,MdrDBcore03149,T179M,0.358,1.3376129865646362,0.5698422789573669,1.1961462497711182
20,6937554,6XBK,MdrDBcore03150,V157M,0.095,0.07467925548553467,0.5698422789573669,1.1961462497711182
20,6937554,6XBK,MdrDBcore03151,V157M,-0.084,-0.27902543544769287,0.5698422789573669,1.1961462497711182
20,6937554,4O9R,MdrDBcore03152,V195L,0.691,0.35377705097198486,0.5698422789573669,1.1961462497711182
20,6937554,4O9R,MdrDBcore03153,V404M,-0.655,-0.9016027450561523,0.5698422789573669,1.1961462497711182
20,6937554,6XBK,MdrDBcore03154,Y130C,0.028,-0.892424464225769,0.5698422789573669,1.1961462497711182
20,6937554,6XBK,MdrDBcore03155,Y130C,-0.336,-0.07176744192838669,0.5698422789573669,1.1961462497711182
20,6937554,4O9R,MdrDBcore03156,Y322H,-0.011,0.09693332761526108,0.5698422789573669,1.1961462497711182
20,6937554,3OUI,MdrDBcore03157,C208Y,0.27,0.5261862277984619,0.5698422789573669,1.1961462497711182
20,6937554,4KBZ,MdrDBcore03158,G409C,-0.487,-0.31427091360092163,0.5698422789573669,1.1961462497711182
20,6937554,3HQR,MdrDBcore03159,K186N,-0.096,-0.04359649121761322,0.5698422789573669,1.1961462497711182
20,6937554,3OUI,MdrDBcore03160,R252Q,0.128,-0.25331827998161316,0.5698422789573669,1.1961462497711182
20,6937554,3OUI,MdrDBcore03161,R281L,-0.236,0.3479815125465393,0.5698422789573669,1.1961462497711182
20,6937554,4KBZ,MdrDBcore03162,S418L,0.043,-0.27140629291534424,0.5698422789573669,1.1961462497711182
20,6937554,4B6L,MdrDBcore03163,C221Y,-2.86,0.07663469016551971,0.5698422789573669,1.1961462497711182
20,6937554,4B6L,MdrDBcore03164,C255Y,0.106,0.2595937252044678,0.5698422789573669,1.1961462497711182
20,6937554,4B6L,MdrDBcore03165,P101S,-0.116,0.11391188204288483,0.5698422789573669,1.1961462497711182
20,6937554,4B6L,MdrDBcore03166,Q103E,1.812,0.20273281633853912,0.5698422789573669,1.1961462497711182
20,6937554,4B6L,MdrDBcore03167,Q307H,0.407,0.12468529492616653,0.5698422789573669,1.1961462497711182
20,6937554,4B6L,MdrDBcore03168,R163L,-0.239,0.15269576013088226,0.5698422789573669,1.1961462497711182
20,6937554,4B6L,MdrDBcore03169,T262M,-0.148,0.024979129433631897,0.5698422789573669,1.1961462497711182
20,6937554,4B6L,MdrDBcore03170,T82A,-0.858,-0.13266928493976593,0.5698422789573669,1.1961462497711182
20,6937554,4B6L,MdrDBcore03171,W151L,-1.723,0.8197296261787415,0.5698422789573669,1.1961462497711182
20,6937554,6V1B,MdrDBcore03172,M186I,-0.053,-0.008435488678514957,0.5698422789573669,1.1961462497711182
20,6937554,5JI8,MdrDBcore03173,P164S,-1.241,-0.2047795206308365,0.5698422789573669,1.1961462497711182
20,6937554,4X7O,MdrDBcore03174,A1068V,-0.373,0.054674047976732254,0.5698422789573669,1.1961462497711182
20,6937554,4YZS,MdrDBcore03175,A116D,0.039,0.5624485015869141,0.5698422789573669,1.1961462497711182
20,6937554,4YZS,MdrDBcore03176,A342D,0.699,0.5630454421043396,0.5698422789573669,1.1961462497711182
20,6937554,4YZS,MdrDBcore03177,A342V,0.249,0.5627412796020508,0.5698422789573669,1.1961462497711182
20,6937554,4X7O,MdrDBcore03178,E1050K,-0.027,0.04128379002213478,0.5698422789573669,1.1961462497711182
20,6937554,4X7O,MdrDBcore03179,E994A,0.199,0.3934662640094757,0.5698422789573669,1.1961462497711182
20,6937554,4YZS,MdrDBcore03180,F335V,1.599,0.6453410387039185,0.5698422789573669,1.1961462497711182
20,6937554,4X7O,MdrDBcore03181,I586L,0.537,0.256295770406723,0.5698422789573669,1.1961462497711182
20,6937554,4X7O,MdrDBcore03182,I917N,0.64,0.6172994375228882,0.5698422789573669,1.1961462497711182
20,6937554,4X7O,MdrDBcore03183,M1053V,0.489,0.06506313383579254,0.5698422789573669,1.1961462497711182
20,6937554,4YZS,MdrDBcore03184,M390L,0.037,0.4390124976634979,0.5698422789573669,1.1961462497711182
20,6937554,4YZS,MdrDBcore03185,R240H,0.729,0.5376678705215454,0.5698422789573669,1.1961462497711182
20,6937554,4X7O,MdrDBcore03186,S1022N,0.943,0.27145034074783325,0.5698422789573669,1.1961462497711182
20,6937554,4YZS,MdrDBcore03187,V132M,-0.205,0.564574658870697,0.5698422789573669,1.1961462497711182
20,6937554,4X7O,MdrDBcore03188,Y1019C,-0.463,0.2734816074371338,0.5698422789573669,1.1961462497711182
20,6937554,5EDU,MdrDBcore03189,A612T,-0.181,0.1668429970741272,0.5698422789573669,1.1961462497711182
20,6937554,5EDU,MdrDBcore03190,A770V,0.063,-0.34245753288269043,0.5698422789573669,1.1961462497711182
20,6937554,5KH7,MdrDBcore03191,G1126C,-0.885,0.6037931442260742,0.5698422789573669,1.1961462497711182
20,6937554,5KH7,MdrDBcore03192,I1122V,1.97,1.2001694440841675,0.5698422789573669,1.1961462497711182
20,6937554,5KH7,MdrDBcore03193,P1123A,-1.293,1.2470968961715698,0.5698422789573669,1.1961462497711182
20,6937554,5EDU,MdrDBcore03194,P748T,0.136,-0.06384309381246567,0.5698422789573669,1.1961462497711182
20,6937554,5EDU,MdrDBcore03195,Q487K,-1.157,0.1493617743253708,0.5698422789573669,1.1961462497711182
20,6937554,5EDU,MdrDBcore03196,R529H,-0.198,-0.4683329463005066,0.5698422789573669,1.1961462497711182
20,6937554,5EDU,MdrDBcore03197,R745Q,-0.06,-0.2545100152492523,0.5698422789573669,1.1961462497711182
20,6937554,5EDU,MdrDBcore03198,R835W,-0.391,0.002394373994320631,0.5698422789573669,1.1961462497711182
20,6937554,5KH7,MdrDBcore03199,Y1149A,2.397,1.5716766119003296,0.5698422789573669,1.1961462497711182
20,6937554,5IUG,MdrDBcore03200,A1148V,0.361,0.5997421741485596,0.5698422789573669,1.1961462497711182
20,6937554,5IUG,MdrDBcore03201,A1200V,0.399,0.2974461019039154,0.5698422789573669,1.1961462497711182
20,6937554,5IUG,MdrDBcore03202,A1200V,1.744,0.4753570854663849,0.5698422789573669,1.1961462497711182
20,6937554,7LRZ,MdrDBcore03203,A900G,0.24,0.1954941600561142,0.5698422789573669,1.1961462497711182
20,6937554,7LRZ,MdrDBcore03204,A900G,-0.424,0.18575328588485718,0.5698422789573669,1.1961462497711182
20,6937554,7LRZ,MdrDBcore03205,C928Y,-0.806,0.32110345363616943,0.5698422789573669,1.1961462497711182
20,6937554,7LRZ,MdrDBcore03206,C928Y,0.503,0.010618816129863262,0.5698422789573669,1.1961462497711182
20,6937554,5IUI,MdrDBcore03207,D1091N,-0.982,0.8845200538635254,0.5698422789573669,1.1961462497711182
20,6937554,5IUI,MdrDBcore03208,D1091N,-1.476,0.31749123334884644,0.5698422789573669,1.1961462497711182
20,6937554,5IUG,MdrDBcore03209,D1349N,0.294,0.7710703015327454,0.5698422789573669,1.1961462497711182
20,6937554,7LRZ,MdrDBcore03210,D951E,0.195,0.38607650995254517,0.5698422789573669,1.1961462497711182
20,6937554,7LRZ,MdrDBcore03211,D951E,0.502,-0.24029935896396637,0.5698422789573669,1.1961462497711182
20,6937554,7LRZ,MdrDBcore03212,E949K,0.702,0.08666762709617615,0.5698422789573669,1.1961462497711182
20,6937554,7LRZ,MdrDBcore03213,E949K,0.856,0.07792489230632782,0.5698422789573669,1.1961462497711182
20,6937554,7LRZ,MdrDBcore03214,G744R,0.474,-1.0574486255645752,0.5698422789573669,1.1961462497711182
20,6937554,7LRZ,MdrDBcore03215,G882C,0.353,-0.527424693107605,0.5698422789573669,1.1961462497711182
20,6937554,7LRZ,MdrDBcore03216,G893R,0.159,-0.5592361688613892,0.5698422789573669,1.1961462497711182
20,6937554,7LRZ,MdrDBcore03217,G893R,-0.172,0.06404221802949905,0.5698422789573669,1.1961462497711182
20,6937554,7LRZ,MdrDBcore03218,G925R,-0.789,0.11616157740354538,0.5698422789573669,1.1961462497711182
20,6937554,7LRZ,MdrDBcore03219,G940C,-0.748,0.26842644810676575,0.5698422789573669,1.1961462497711182
20,6937554,7LRZ,MdrDBcore03220,H755N,0.299,0.807386577129364,0.5698422789573669,1.1961462497711182
20,6937554,7LRZ,MdrDBcore03221,H755N,0.188,-0.4093037247657776,0.5698422789573669,1.1961462497711182
20,6937554,7LRZ,MdrDBcore03222,I981V,0.199,-0.12518684566020966,0.5698422789573669,1.1961462497711182
20,6937554,7LRZ,MdrDBcore03223,I981V,0.587,-0.07475731521844864,0.5698422789573669,1.1961462497711182
20,6937554,5IUG,MdrDBcore03224,K1109N,0.122,-0.4380970895290375,0.5698422789573669,1.1961462497711182
20,6937554,5IUG,MdrDBcore03225,N1353S,0.731,0.6208491325378418,0.5698422789573669,1.1961462497711182
20,6937554,5IUG,MdrDBcore03226,N1353S,-0.909,-0.8649046421051025,0.5698422789573669,1.1961462497711182
20,6937554,7LRZ,MdrDBcore03227,N941S,0.153,0.38448622822761536,0.5698422789573669,1.1961462497711182
20,6937554,4TT7,MdrDBcore03228,P1218S,0.681,0.8825811147689819,0.5698422789573669,1.1961462497711182
20,6937554,4TT7,MdrDBcore03229,P1218S,1.508,0.8204019069671631,0.5698422789573669,1.1961462497711182
20,6937554,5IUG,MdrDBcore03230,P1298S,-0.473,0.6244093775749207,0.5698422789573669,1.1961462497711182
20,6937554,4TT7,MdrDBcore03231,P1298S,-0.566,-0.5576431751251221,0.5698422789573669,1.1961462497711182
20,6937554,5IUG,MdrDBcore03232,P1398L,0.372,0.26212722063064575,0.5698422789573669,1.1961462497711182
20,6937554,5IUG,MdrDBcore03233,R1192Q,0.204,0.5644591450691223,0.5698422789573669,1.1961462497711182
20,6937554,5IUG,MdrDBcore03234,R1192Q,-0.195,0.12391672283411026,0.5698422789573669,1.1961462497711182
20,6937554,5IUG,MdrDBcore03235,R1209A,-0.06,0.732292115688324,0.5698422789573669,1.1961462497711182
20,6937554,5IUG,MdrDBcore03236,R1209A,-0.159,0.4719363749027252,0.5698422789573669,1.1961462497711182
20,6937554,4TT7,MdrDBcore03237,R1275Q,-0.395,0.8613548278808594,0.5698422789573669,1.1961462497711182
20,6937554,4TT7,MdrDBcore03238,R1275Q,-0.6,-0.848487377166748,0.5698422789573669,1.1961462497711182
20,6937554,7LRZ,MdrDBcore03239,R753Q,0.26,-0.6929957270622253,0.5698422789573669,1.1961462497711182
20,6937554,5IUG,MdrDBcore03240,T1312I,-0.415,0.5235738158226013,0.5698422789573669,1.1961462497711182
20,6937554,5IUG,MdrDBcore03241,T1312I,-1.169,0.030892346054315567,0.5698422789573669,1.1961462497711182
20,6937554,7N00,MdrDBcore03242,V1013L,-0.435,0.15211397409439087,0.5698422789573669,1.1961462497711182
20,6937554,7LRZ,MdrDBcore03243,V712L,0.633,0.24867627024650574,0.5698422789573669,1.1961462497711182
20,6937554,7LRZ,MdrDBcore03244,V712L,0.273,-0.23779664933681488,0.5698422789573669,1.1961462497711182
20,6937554,5OTF,MdrDBcore03245,A355T,-0.537,0.24917316436767578,0.5698422789573669,1.1961462497711182
20,6937554,5OTF,MdrDBcore03246,D241H,0.15,0.22539284825325012,0.5698422789573669,1.1961462497711182
20,6937554,5OTF,MdrDBcore03247,D411N,0.67,0.26204171776771545,0.5698422789573669,1.1961462497711182
20,6937554,5OTF,MdrDBcore03248,E297A,-1.318,0.2254626303911209,0.5698422789573669,1.1961462497711182
20,6937554,5OTE,MdrDBcore03249,F336L,-0.995,-0.17379984259605408,0.5698422789573669,1.1961462497711182
20,6937554,5OTF,MdrDBcore03250,K96N,1.17,0.24893848598003387,0.5698422789573669,1.1961462497711182
20,6937554,5OTF,MdrDBcore03251,M184V,-0.534,0.24958620965480804,0.5698422789573669,1.1961462497711182
20,6937554,5OTF,MdrDBcore03252,M274L,-0.536,0.21222777664661407,0.5698422789573669,1.1961462497711182
20,6937554,5OTF,MdrDBcore03253,R326H,-1.003,0.23747384548187256,0.5698422789573669,1.1961462497711182
20,6937554,5OTF,MdrDBcore03254,V372M,0.079,0.2693359851837158,0.5698422789573669,1.1961462497711182
20,6937554,1XKK,MdrDBcore03255,T790M+L858R,0.931,0.07950466126203537,0.5698422789573669,1.1961462497711182
20,6937554,1XKK,MdrDBcore03256,T790M+L858R,2.31,0.8970736861228943,0.5698422789573669,1.1961462497711182
20,6937554,1XKK,MdrDBcore03257,T790M+L858R,1.177,-0.41147252917289734,0.5698422789573669,1.1961462497711182
20,6937554,1XKK,MdrDBcore03258,T790M+L858R,1.259,0.647397518157959,0.5698422789573669,1.1961462497711182
20,6937554,1XKK,MdrDBcore03259,T790M+L858R,1.129,0.7389019131660461,0.5698422789573669,1.1961462497711182
20,6937554,1XKK,MdrDBcore03260,T790M+L858R,0.063,-0.8495088219642639,0.5698422789573669,1.1961462497711182
20,6937554,1XKK,MdrDBcore03261,T790M+L858R,2.123,1.17009699344635,0.5698422789573669,1.1961462497711182
20,6937554,1QPC,MdrDBcore03262,A289D+A396V,0.426,-0.47453731298446655,0.5698422789573669,1.1961462497711182
20,6937554,1QPC,MdrDBcore03263,A289D+A396V,0.364,-0.23728233575820923,0.5698422789573669,1.1961462497711182
20,6937554,3CQU,MdrDBcore03264,G311D+K307N,0.539,0.30213528871536255,0.5698422789573669,1.1961462497711182
20,6937554,3CQU,MdrDBcore03265,G311D+K307N,1.509,0.6327768564224243,0.5698422789573669,1.1961462497711182
20,6937554,4KIK,MdrDBcore03266,R55A,0.198,0.41623347997665405,0.5698422789573669,1.1961462497711182
20,6937554,2J7T,MdrDBcore03267,V80M,0.784,0.09033065289258957,0.5698422789573669,1.1961462497711182
20,6937554,1XKK,MdrDBcore03268,E866D,0.355,-0.09543497860431671,0.5698422789573669,1.1961462497711182
20,6937554,4AOJ,MdrDBcore03269,R692H,0.013,0.8710850477218628,0.5698422789573669,1.1961462497711182
20,6937554,4PMM,MdrDBcore03270,T678I,0.198,-0.23542068898677826,0.5698422789573669,1.1961462497711182
20,6937554,2I0V,MdrDBcore03271,G589E,0.09,0.2644467055797577,0.5698422789573669,1.1961462497711182
20,6937554,2IVS,MdrDBcore03272,L746M,0.961,-0.05682757496833801,0.5698422789573669,1.1961462497711182
20,6937554,1JQH,MdrDBcore03273,S1009L,1.71,1.6209516525268555,0.5698422789573669,1.1961462497711182
20,6937554,1JQH,MdrDBcore03274,S1009L,2.085,0.33941003680229187,0.5698422789573669,1.1961462497711182
20,6937554,3ZBF,MdrDBcore03275,R2126L,1.523,-0.16549056768417358,0.5698422789573669,1.1961462497711182
20,6937554,1T46,MdrDBcore03276,E640K,0.319,0.1661226898431778,0.5698422789573669,1.1961462497711182
20,6937554,1T46,MdrDBcore03277,N822K,0.297,0.36328768730163574,0.5698422789573669,1.1961462497711182
20,6937554,1T46,MdrDBcore03278,N822K,0.231,0.18634425103664398,0.5698422789573669,1.1961462497711182
20,6937554,1T46,MdrDBcore03279,N822K,1.303,0.016582805663347244,0.5698422789573669,1.1961462497711182
20,6937554,1T46,MdrDBcore03280,N822K,0.988,0.27738404273986816,0.5698422789573669,1.1961462497711182
20,6937554,2FB8,MdrDBcore03281,G466V,0.503,0.3824596405029297,0.5698422789573669,1.1961462497711182
20,6937554,5GRN,MdrDBcore03282,N848I,0.513,-0.00970692839473486,0.5698422789573669,1.1961462497711182
20,6937554,5GRN,MdrDBcore03283,N848I,0.564,0.05305340513586998,0.5698422789573669,1.1961462497711182
20,6937554,3HNG,MdrDBcore03284,C1039S,0.208,0.11497927457094193,0.5698422789573669,1.1961462497711182
20,6937554,3HNG,MdrDBcore03285,L1061V,0.05,2.1440326236188412e-05,0.5698422789573669,1.1961462497711182
20,6937554,3HNG,MdrDBcore03286,L1061V,1.469,0.05331065133213997,0.5698422789573669,1.1961462497711182
20,6937554,3HNG,MdrDBcore03287,L1061V,0.098,0.09370706230401993,0.5698422789573669,1.1961462497711182
20,6937554,3HNG,MdrDBcore03288,R1045Q,0.171,-0.06583225727081299,0.5698422789573669,1.1961462497711182
20,6937554,3HNG,MdrDBcore03289,R1045Q,0.109,0.04367285594344139,0.5698422789573669,1.1961462497711182
20,6937554,1B38,MdrDBcore03290,P155L,0.467,-0.11968402564525604,0.5698422789573669,1.1961462497711182
20,6937554,2JDO,MdrDBcore03291,A190G,0.213,-0.3268340229988098,0.5698422789573669,1.1961462497711182
20,6937554,1VR2,MdrDBcore03292,D1064Y,0.089,0.17424413561820984,0.5698422789573669,1.1961462497711182
20,6937554,1VR2,MdrDBcore03293,R1066C,0.054,-0.19245028495788574,0.5698422789573669,1.1961462497711182
20,6937554,1VR2,MdrDBcore03294,R1066C,0.014,-0.41631636023521423,0.5698422789573669,1.1961462497711182
20,6937554,4RT7,MdrDBcore03295,E661V,0.098,0.02357165515422821,0.5698422789573669,1.1961462497711182
20,6937554,4RT7,MdrDBcore03296,E661V,0.057,-0.06357569247484207,0.5698422789573669,1.1961462497711182
20,6937554,4RT7,MdrDBcore03297,E661V,0.176,-0.11773108690977097,0.5698422789573669,1.1961462497711182
20,6937554,1B6C,MdrDBcore03298,G212V,0.183,0.3578559160232544,0.5698422789573669,1.1961462497711182
20,6937554,1XBB,MdrDBcore03299,R520S,1.81,-0.010070259682834148,0.5698422789573669,1.1961462497711182
20,6937554,3SXR,MdrDBcore03300,M464I,0.734,0.9598003625869751,0.5698422789573669,1.1961462497711182
20,6937554,3SXR,MdrDBcore03301,M464I,0.312,0.0841156467795372,0.5698422789573669,1.1961462497711182
20,6937554,1YVJ,MdrDBcore03302,K830M,0.118,0.3525932729244232,0.5698422789573669,1.1961462497711182
20,6937554,3S95,MdrDBcore03303,G480R,0.553,0.33734580874443054,0.5698422789573669,1.1961462497711182
20,6937554,1XO2,MdrDBcore03304,R168H,1.136,0.32231444120407104,0.5698422789573669,1.1961462497711182
20,6937554,3ZOS,MdrDBcore03305,D795E,1.094,-0.25774726271629333,0.5698422789573669,1.1961462497711182
20,6937554,3ZOS,MdrDBcore03306,P806L,0.142,-0.2670372724533081,0.5698422789573669,1.1961462497711182
20,6937554,3MJ2,MdrDBcore03307,L508M,1.084,0.7458323240280151,0.5698422789573669,1.1961462497711182
20,6937554,3MJ2,MdrDBcore03308,T504S,0.099,-0.09068675339221954,0.5698422789573669,1.1961462497711182
20,6937554,3MJ2,MdrDBcore03309,T518I,0.193,0.6881410479545593,0.5698422789573669,1.1961462497711182
20,6937554,2R4B,MdrDBcore03310,G863E,0.044,0.15712450444698334,0.5698422789573669,1.1961462497711182
20,6937554,2R4B,MdrDBcore03311,G879A,0.128,0.09408804774284363,0.5698422789573669,1.1961462497711182
20,6937554,2R4B,MdrDBcore03312,L770P,0.518,0.3180948495864868,0.5698422789573669,1.1961462497711182
20,6937554,2R4B,MdrDBcore03313,L770P,0.384,0.440870076417923,0.5698422789573669,1.1961462497711182
20,6937554,2R4B,MdrDBcore03314,L770P,0.312,-0.11290835589170456,0.5698422789573669,1.1961462497711182
20,6937554,2R4B,MdrDBcore03315,M766I,0.801,0.18877054750919342,0.5698422789573669,1.1961462497711182
20,6937554,2R4B,MdrDBcore03316,M766I,0.375,0.17887641489505768,0.5698422789573669,1.1961462497711182
20,6937554,6KZC,MdrDBcore03317,R702T,0.378,0.5517144203186035,0.5698422789573669,1.1961462497711182
20,6937554,1WAK,MdrDBcore03318,F508L,0.135,0.16249699890613556,0.5698422789573669,1.1961462497711182
20,6937554,2XB7,MdrDBcore03319,A1289V,0.147,0.5362848043441772,0.5698422789573669,1.1961462497711182
20,6937554,2XB7,MdrDBcore03320,A1289V,0.07,0.3723170757293701,0.5698422789573669,1.1961462497711182
20,6937554,6GR8,MdrDBcore03321,P192L,1.021,0.9684766530990601,0.5698422789573669,1.1961462497711182
20,6937554,6GR8,MdrDBcore03322,P192L,0.536,1.0703060626983643,0.5698422789573669,1.1961462497711182
20,6937554,3UM8,MdrDBcore03323,A16C+S108T,2.407,3.2001376152038574,0.5698422789573669,1.1961462497711182
20,6937554,3UM8,MdrDBcore03324,A16G+S108T,2.628,3.157388925552368,0.5698422789573669,1.1961462497711182
20,6937554,3UM8,MdrDBcore03325,A16S+S108T,3.63,3.0886528491973877,0.5698422789573669,1.1961462497711182
20,6937554,3UM8,MdrDBcore03326,A16T+S108T,4.101,2.996565580368042,0.5698422789573669,1.1961462497711182
20,6937554,3UM8,MdrDBcore03327,A16V+S108T,4.062,2.96907377243042,0.5698422789573669,1.1961462497711182
20,6937554,3UM8,MdrDBcore03328,C59R+S108N,1.794,2.422288417816162,0.5698422789573669,1.1961462497711182
20,6937554,3UM8,MdrDBcore03329,N51I+C59R+S108N+I164L,3.994,2.3671774864196777,0.5698422789573669,1.1961462497711182
20,6937554,2R5Q,MdrDBcore03330,D30N+L90M,1.62,1.212881088256836,0.5698422789573669,1.1961462497711182
20,6937554,2R5P,MdrDBcore03331,D30N+L90M,0.222,0.2555199861526489,0.5698422789573669,1.1961462497711182
20,6937554,2R5Q,MdrDBcore03332,D30N+N88D,1.599,1.2128806114196777,0.5698422789573669,1.1961462497711182
20,6937554,2R5P,MdrDBcore03333,D30N+N88D,0.334,0.25551965832710266,0.5698422789573669,1.1961462497711182
20,6937554,2R5Q,MdrDBcore03334,D30N+N88D+L90M,2.344,1.212881326675415,0.5698422789573669,1.1961462497711182
20,6937554,2R5P,MdrDBcore03335,D30N+N88D+L90M,0.532,0.25551968812942505,0.5698422789573669,1.1961462497711182
20,6937554,2R5Q,MdrDBcore03336,N88D+L90M,0.975,1.0854897499084473,0.5698422789573669,1.1961462497711182
20,6937554,2R5P,MdrDBcore03337,N88D+L90M,1.61,0.351089745759964,0.5698422789573669,1.1961462497711182
20,6937554,2Q54,MdrDBcore03338,D30N+N88D,0.316,1.0527750253677368,0.5698422789573669,1.1961462497711182
20,6937554,2Q54,MdrDBcore03339,L10I+A71V+G73S+I84V+L90M,2.858,1.1586064100265503,0.5698422789573669,1.1961462497711182
20,6937554,2Q54,MdrDBcore03340,L10I+G48V+I54V+V82A,2.625,0.9506368041038513,0.5698422789573669,1.1961462497711182
20,6937554,2VZM,MdrDBcore03341,E85Q+N50D,0.424,0.32884806394577026,0.5698422789573669,1.1961462497711182
20,6937554,2VZ7,MdrDBcore03342,E85Q+N50D,1.497,0.38051730394363403,0.5698422789573669,1.1961462497711182
20,6937554,2VZM,MdrDBcore03343,E94Q+N50D,1.076,0.09509085863828659,0.5698422789573669,1.1961462497711182
20,6937554,1H0A,MdrDBcore03344,L6E+I13D,1.194,-0.629848062992096,0.5698422789573669,1.1961462497711182
20,6937554,1MPW,MdrDBcore03345,L247V+L244A,-0.085,-0.3101382553577423,0.5698422789573669,1.1961462497711182
20,6937554,1MPW,MdrDBcore03346,W87A+L247V,-0.543,-0.2434222549200058,0.5698422789573669,1.1961462497711182
20,6937554,1MPW,MdrDBcore03347,W87F+L244A,-0.411,-0.35071486234664917,0.5698422789573669,1.1961462497711182
20,6937554,1MPW,MdrDBcore03348,W87F+L247V,-0.411,-0.243422731757164,0.5698422789573669,1.1961462497711182
20,6937554,1MPW,MdrDBcore03349,W87L+L247V,-0.651,-0.24342243373394012,0.5698422789573669,1.1961462497711182
20,6937554,3FS6,MdrDBcore03350,Q35K+N64F,-1.702,0.170359805226326,0.5698422789573669,1.1961462497711182
20,6937554,2W3A,MdrDBcore03351,Q35K+N64F,0.14,-0.40437281131744385,0.5698422789573669,1.1961462497711182
20,6937554,2W3A,MdrDBcore03352,Q35K+N64S,0.227,-0.40437281131744385,0.5698422789573669,1.1961462497711182
20,6937554,2W3A,MdrDBcore03353,Q35S+N64F,0.13,-0.40437278151512146,0.5698422789573669,1.1961462497711182
20,6937554,3FS6,MdrDBcore03354,Q35S+N64S,-0.74,0.3585551679134369,0.5698422789573669,1.1961462497711182
20,6937554,2W3A,MdrDBcore03355,Q35S+N64S,0.097,-0.4043727517127991,0.5698422789573669,1.1961462497711182
20,6937554,2V7A,MdrDBcore03356,I315T+E255V,0.61,0.4463074803352356,0.5698422789573669,1.1961462497711182
20,6937554,2V7A,MdrDBcore03357,I315T+M351T,0.651,0.44630730152130127,0.5698422789573669,1.1961462497711182
20,6937554,2ITY,MdrDBcore03358,G719S+T790M,0.48,-0.03739771246910095,0.5698422789573669,1.1961462497711182
20,6937554,2H4N,MdrDBcore03359,H119D+N94H,4.201,3.30489182472229,0.5698422789573669,1.1961462497711182
20,6937554,2H4N,MdrDBcore03360,H119N+N94H,1.564,3.1600208282470703,0.5698422789573669,1.1961462497711182
20,6937554,2H4N,MdrDBcore03361,H119Q+N94H,2.811,2.18923282623291,0.5698422789573669,1.1961462497711182
20,6937554,1AMW,MdrDBcore03362,E88G+N92L,0.676,0.8880475163459778,0.5698422789573669,1.1961462497711182
20,6937554,1A4H,MdrDBcore03363,E88G+N92L,1.262,0.5189473032951355,0.5698422789573669,1.1961462497711182
20,6937554,1AMW,MdrDBcore03364,K44R+K98N,0.71,0.15710964798927307,0.5698422789573669,1.1961462497711182
20,6937554,1A4H,MdrDBcore03365,K44R+K98N,0.659,0.1430986523628235,0.5698422789573669,1.1961462497711182
20,6937554,1AMW,MdrDBcore03366,L89V+L93I,1.321,0.8721654415130615,0.5698422789573669,1.1961462497711182
20,6937554,1A4H,MdrDBcore03367,L89V+L93I,-0.522,0.10248763114213943,0.5698422789573669,1.1961462497711182
20,6937554,1AMW,MdrDBcore03368,L89V+L93I+V136M,1.628,0.8721652626991272,0.5698422789573669,1.1961462497711182
20,6937554,2VWC,MdrDBcore03369,L89V+L93I+V136M,0.512,0.02537814900279045,0.5698422789573669,1.1961462497711182
20,6937554,1A4H,MdrDBcore03370,L89V+L93I+V136M,0.317,0.10248754173517227,0.5698422789573669,1.1961462497711182
20,6937554,2AQU,MdrDBcore03371,D30N+L90M,0.821,0.38134413957595825,0.5698422789573669,1.1961462497711182
20,6937554,2AQU,MdrDBcore03372,D30N+N88D,0.149,0.3813440799713135,0.5698422789573669,1.1961462497711182
20,6937554,2AQU,MdrDBcore03373,D30N+N88D+L90M,0.986,0.38134413957595825,0.5698422789573669,1.1961462497711182
20,6937554,2AQU,MdrDBcore03374,N88D+L90M,0.954,0.3409176766872406,0.5698422789573669,1.1961462497711182
20,6937554,2Q64,MdrDBcore03375,A71V+N30D,-1.153,0.31045567989349365,0.5698422789573669,1.1961462497711182
20,6937554,2Q64,MdrDBcore03376,L90M+N30D,-0.473,0.31045591831207275,0.5698422789573669,1.1961462497711182
20,6937554,2Q64,MdrDBcore03377,N88D+N30D,-1.153,0.31045588850975037,0.5698422789573669,1.1961462497711182
20,6937554,1SGU,MdrDBcore03378,V54I+M46I,-0.222,-0.7130318284034729,0.5698422789573669,1.1961462497711182
20,6937554,1SH9,MdrDBcore03379,V54I+M46I,-0.589,-0.4693124294281006,0.5698422789573669,1.1961462497711182
20,6937554,1SGU,MdrDBcore03380,V54I+V84I,-2.439,-0.6238500475883484,0.5698422789573669,1.1961462497711182
20,6937554,1SH9,MdrDBcore03381,V54I+V84I,-1.578,-0.4738234281539917,0.5698422789573669,1.1961462497711182
20,6937554,1SGU,MdrDBcore03382,V54I+V84I+M46I,-0.456,-0.6238503456115723,0.5698422789573669,1.1961462497711182
20,6937554,1SH9,MdrDBcore03383,V54I+V84I+M46I,-1.271,-0.47382330894470215,0.5698422789573669,1.1961462497711182
20,6937554,1QKU,MdrDBcore03384,C381S+C417S+C530S,0.749,0.8743019104003906,0.5698422789573669,1.1961462497711182
20,6937554,1QKU,MdrDBcore03385,E339A+E419A+K531A,0.993,0.8743018507957458,0.5698422789573669,1.1961462497711182
20,6937554,1FKW,MdrDBcore03386,D296A+E295D,3.853,1.6797999143600464,0.5698422789573669,1.1961462497711182
20,6937554,1FKW,MdrDBcore03387,D296N+E295D,3.007,1.216559886932373,0.5698422789573669,1.1961462497711182
20,6937554,1FKW,MdrDBcore03388,H238A+E295D,1.016,1.5316588878631592,0.5698422789573669,1.1961462497711182
20,6937554,1FKW,MdrDBcore03389,H238R+E295D,0.443,1.3453257083892822,0.5698422789573669,1.1961462497711182
20,6937554,2BPX,MdrDBcore03390,D30N+L90M,1.016,0.6532866954803467,0.5698422789573669,1.1961462497711182
20,6937554,2BPX,MdrDBcore03391,D30N+N88D,0.796,0.6532866954803467,0.5698422789573669,1.1961462497711182
20,6937554,2BPX,MdrDBcore03392,D30N+N88D+L90M,0.605,0.6532867550849915,0.5698422789573669,1.1961462497711182
20,6937554,3BC4,MdrDBcore03393,I50V+V84I,1.309,1.3218300342559814,0.5698422789573669,1.1961462497711182
20,6937554,2BPX,MdrDBcore03394,N88D+L90M,1.354,1.0001146793365479,0.5698422789573669,1.1961462497711182
20,6937554,1OH0,MdrDBcore03395,L125A+V127A,0.999,0.6101961731910706,0.5698422789573669,1.1961462497711182
20,6937554,1OH0,MdrDBcore03396,L125F+V127F,0.199,0.6101961731910706,0.5698422789573669,1.1961462497711182
20,6937554,1OH0,MdrDBcore03397,W92A+L125A+V127A,0.641,0.6101962327957153,0.5698422789573669,1.1961462497711182
20,6937554,2V5V,MdrDBcore03398,E16K+E57W,-1.245,-0.1456872969865799,0.5698422789573669,1.1961462497711182
20,6937554,2V5V,MdrDBcore03399,I59A+I92A+E57W,-0.592,-0.22679917514324188,0.5698422789573669,1.1961462497711182
20,6937554,2V5V,MdrDBcore03400,I59E+I92E+E57W,-0.138,-0.22739024460315704,0.5698422789573669,1.1961462497711182
20,6937554,2V5V,MdrDBcore03401,T12K+E57W,0.372,0.02923974022269249,0.5698422789573669,1.1961462497711182
20,6937554,1G6S,MdrDBcore03402,T97I+P101S,5.33,-0.020992450416088104,0.5698422789573669,1.1961462497711182
20,6937554,1G6T,MdrDBcore03403,T97I+P101S,0.232,-0.4941830039024353,0.5698422789573669,1.1961462497711182
20,6937554,1OWB,MdrDBcore03404,H110A+L109R,1.708,1.9389947652816772,0.5698422789573669,1.1961462497711182
20,6937554,1OWB,MdrDBcore03405,K167A+L109R,2.126,2.024746894836426,0.5698422789573669,1.1961462497711182
20,6937554,1OWB,MdrDBcore03406,N189A+L109R,1.997,2.013014078140259,0.5698422789573669,1.1961462497711182
20,6937554,1OWB,MdrDBcore03407,Q182A+L109R,1.191,1.9293879270553589,0.5698422789573669,1.1961462497711182
20,6937554,1OWB,MdrDBcore03408,R163L+L109R,2.095,2.046658992767334,0.5698422789573669,1.1961462497711182
20,6937554,1OWB,MdrDBcore03409,T111A+L109R,1.656,2.0038909912109375,0.5698422789573669,1.1961462497711182
20,6937554,1OWB,MdrDBcore03410,T204A+L109R,1.999,1.9293873310089111,0.5698422789573669,1.1961462497711182
20,6937554,1OWB,MdrDBcore03411,Y145A+L109R,3.639,2.0826547145843506,0.5698422789573669,1.1961462497711182
20,6937554,3G0E,MdrDBcore03412,V560D+T670I,-0.211,-0.06806739419698715,0.5698422789573669,1.1961462497711182
20,6937554,3EBS,MdrDBcore03413,S208I+G369S,0.942,0.7006459832191467,0.5698422789573669,1.1961462497711182
20,6937554,3BKL,MdrDBcore03414,V379S+V380T,0.147,0.263669490814209,0.5698422789573669,1.1961462497711182
20,6937554,1J3I,MdrDBcore03415,A16C+S108T,-0.821,-0.15599295496940613,0.5698422789573669,1.1961462497711182
20,6937554,1J3I,MdrDBcore03416,A16G+S108T,-0.411,-0.07862885296344757,0.5698422789573669,1.1961462497711182
20,6937554,1J3I,MdrDBcore03417,A16S+S108T,0.0,-0.16886530816555023,0.5698422789573669,1.1961462497711182
20,6937554,1J3I,MdrDBcore03418,A16T+S108T,0.24,-0.19195133447647095,0.5698422789573669,1.1961462497711182
20,6937554,1J3I,MdrDBcore03419,A16V+S108T,0.332,-0.2043738216161728,0.5698422789573669,1.1961462497711182
20,6937554,1J3I,MdrDBcore03420,C59R+S108N,0.354,-0.421540230512619,0.5698422789573669,1.1961462497711182
20,6937554,1J3I,MdrDBcore03421,N51I+C59R+S108N+I164L,0.719,-0.4656883776187897,0.5698422789573669,1.1961462497711182
20,6937554,2W9S,MdrDBcore03422,Y98F+A43G,-3.04,-1.166260004043579,0.5698422789573669,1.1961462497711182
20,6937554,2W9S,MdrDBcore03423,Y98F+A43G,-2.797,-1.166259527206421,0.5698422789573669,1.1961462497711182
20,6937554,2IS7,MdrDBcore03424,C298A+W219Y,-0.878,-0.618492603302002,0.5698422789573669,1.1961462497711182
20,6937554,2INZ,MdrDBcore03425,C298A+W219Y,1.311,1.4444243907928467,0.5698422789573669,1.1961462497711182
20,6937554,2INE,MdrDBcore03426,C298A+W219Y,0.783,1.056082010269165,0.5698422789573669,1.1961462497711182
20,6937554,2PDK,MdrDBcore03427,L300P+M301L,-0.288,-0.4612661600112915,0.5698422789573669,1.1961462497711182
20,6937554,2PZN,MdrDBcore03428,S302R+C303D,2.471,2.6938905715942383,0.5698422789573669,1.1961462497711182
20,6937554,2PDG,MdrDBcore03429,S302R+C303D,2.735,0.8365747332572937,0.5698422789573669,1.1961462497711182
20,6937554,1PWM,MdrDBcore03430,S302R+C303D,1.895,0.9098984599113464,0.5698422789573669,1.1961462497711182
20,6937554,3AMA,MdrDBcore03431,Q95L+L120M+A123V,0.417,0.6385582089424133,0.5698422789573669,1.1961462497711182
20,6937554,3AMB,MdrDBcore03432,Q95L+L120M+A123V,1.005,0.3990381360054016,0.5698422789573669,1.1961462497711182
20,6937554,3AMA,MdrDBcore03433,R47K+L120M+A123V,0.827,0.6385583877563477,0.5698422789573669,1.1961462497711182
20,6937554,3AMB,MdrDBcore03434,R47K+L120M+A123V,1.037,0.39903855323791504,0.5698422789573669,1.1961462497711182
20,6937554,3AMA,MdrDBcore03435,R47K+Q95L+A123V,0.417,0.6385259628295898,0.5698422789573669,1.1961462497711182
20,6937554,3AMB,MdrDBcore03436,R47K+Q95L+A123V,0.713,0.3719918429851532,0.5698422789573669,1.1961462497711182
20,6937554,3AMA,MdrDBcore03437,R47K+Q95L+L120M,0.875,0.6282554268836975,0.5698422789573669,1.1961462497711182
20,6937554,3AMB,MdrDBcore03438,R47K+Q95L+L120M,-0.393,0.3663305640220642,0.5698422789573669,1.1961462497711182
20,6937554,3AMA,MdrDBcore03439,R47K+Q95L+L120M+A123V,0.719,0.6385582685470581,0.5698422789573669,1.1961462497711182
20,6937554,3AMB,MdrDBcore03440,R47K+Q95L+L120M+A123V,1.373,0.399038165807724,0.5698422789573669,1.1961462497711182
20,6937554,2GMK,MdrDBcore03441,N89K+A91E,-0.364,-0.0607907697558403,0.5698422789573669,1.1961462497711182
20,6937554,2GMK,MdrDBcore03442,N89R+A91E,-0.256,-0.1674508899450302,0.5698422789573669,1.1961462497711182
20,6937554,3RY2,MdrDBcore03443,S52G+R53D,0.314,0.9124911427497864,0.5698422789573669,1.1961462497711182
20,6937554,3RY2,MdrDBcore03444,S52G+R53S,0.0,0.9124911427497864,0.5698422789573669,1.1961462497711182
20,6937554,3RY2,MdrDBcore03445,T90S+W108V+L110T+F29L+S52G+R53S,3.899,0.8779510259628296,0.5698422789573669,1.1961462497711182
20,6937554,1GZ4,MdrDBcore03446,R197Q+R542V+R556Q,0.0,0.8375086188316345,0.5698422789573669,1.1961462497711182
20,6937554,3CWK,MdrDBcore03447,L111R+E121L+V54T,-0.543,0.4874928593635559,0.5698422789573669,1.1961462497711182
20,6937554,1P6L,MdrDBcore03448,N368D+V106M,-2.454,-1.2130303382873535,0.5698422789573669,1.1961462497711182
20,6937554,1P6N,MdrDBcore03449,N368D+V106M,-2.728,-1.2759920358657837,0.5698422789573669,1.1961462497711182
20,6937554,1P6H,MdrDBcore03450,D597N+M336V,3.171,2.7225074768066406,0.5698422789573669,1.1961462497711182
20,6937554,1P6J,MdrDBcore03451,D597N+M336V,3.579,2.752018690109253,0.5698422789573669,1.1961462497711182
20,6937554,3HU2,MdrDBcore03452,R53A+A86R,1.384,0.32450631260871887,0.5698422789573669,1.1961462497711182
20,6937554,1PZO,MdrDBcore03453,T182M+G238A,0.11,-0.06801336258649826,0.5698422789573669,1.1961462497711182
20,6937554,3CKZ,MdrDBcore03454,N294S+Y274H,0.789,0.6682418584823608,0.5698422789573669,1.1961462497711182
20,6937554,3CL2,MdrDBcore03455,S294N+Y252H,-3.968,-0.38313254714012146,0.5698422789573669,1.1961462497711182
20,6937554,3CKZ,MdrDBcore03456,Y274H+Y252H,-0.272,0.7532634735107422,0.5698422789573669,1.1961462497711182
20,6937554,2PH9,MdrDBcore03457,C190A+C191A,0.284,0.4824375808238983,0.5698422789573669,1.1961462497711182
20,6937554,1MUI,MdrDBcore03458,D30N+L90M,0.821,0.010835289023816586,0.5698422789573669,1.1961462497711182
20,6937554,1MUI,MdrDBcore03459,D30N+N88D+L90M,1.308,0.010835236869752407,0.5698422789573669,1.1961462497711182
20,6937554,1MUI,MdrDBcore03460,N88D+L90M,0.184,0.061305832117795944,0.5698422789573669,1.1961462497711182
20,6937554,2QEH,MdrDBcore03461,E7L+H35L,2.969,2.6222074031829834,0.5698422789573669,1.1961462497711182
20,6937554,2PQL,MdrDBcore03462,E7L+H35L,-1.084,-0.67056804895401,0.5698422789573669,1.1961462497711182
20,6937554,3AM3,MdrDBcore03463,M372A+K316A,0.181,0.03916911780834198,0.5698422789573669,1.1961462497711182
20,6937554,2JDN,MdrDBcore03464,S23A+A22S,1.758,0.6269920468330383,0.5698422789573669,1.1961462497711182
20,6937554,1TPZ,MdrDBcore03465,L44R+S172R,-0.158,-0.3695872128009796,0.5698422789573669,1.1961462497711182
20,6937554,2DOR,MdrDBcore03466,K136E,-0.793,0.7718903422355652,0.5698422789573669,1.1961462497711182
20,6937554,2DOR,MdrDBcore03467,K213E,0.826,0.2503543794155121,0.5698422789573669,1.1961462497711182
20,6937554,2DOR,MdrDBcore03468,N127A,1.546,0.6281053423881531,0.5698422789573669,1.1961462497711182
20,6937554,2DOR,MdrDBcore03469,N193A,3.55,1.1718535423278809,0.5698422789573669,1.1961462497711182
20,6937554,2DOR,MdrDBcore03470,N67A,0.247,0.6079494953155518,0.5698422789573669,1.1961462497711182
20,6937554,2DOR,MdrDBcore03471,P131A,0.191,0.42545098066329956,0.5698422789573669,1.1961462497711182
20,6937554,2DOR,MdrDBcore03472,P56A,2.318,0.7718904614448547,0.5698422789573669,1.1961462497711182
20,6937554,2DOR,MdrDBcore03473,R50E,0.684,0.7718905806541443,0.5698422789573669,1.1961462497711182
20,6937554,2DOR,MdrDBcore03474,R57A,0.703,0.7720592617988586,0.5698422789573669,1.1961462497711182
20,6937554,2DOR,MdrDBcore03475,S129A,0.678,0.7584074139595032,0.5698422789573669,1.1961462497711182
20,6937554,2RDE,MdrDBcore03476,L135R,-0.669,-0.7517862319946289,0.5698422789573669,1.1961462497711182
20,6937554,3UM8,MdrDBcore03477,A16C,0.07,1.3364386558532715,0.5698422789573669,1.1961462497711182
20,6937554,3UM8,MdrDBcore03478,A16G,0.732,1.1611084938049316,0.5698422789573669,1.1961462497711182
20,6937554,3UM8,MdrDBcore03479,A16S,2.615,1.2531951665878296,0.5698422789573669,1.1961462497711182
20,6937554,3UM8,MdrDBcore03480,S108N,1.241,1.3624027967453003,0.5698422789573669,1.1961462497711182
20,6937554,3UM8,MdrDBcore03481,S108T,0.638,1.1864317655563354,0.5698422789573669,1.1961462497711182
20,6937554,4B7J,MdrDBcore03482,H275Y,2.998,-0.5442215204238892,0.5698422789573669,1.1961462497711182
20,6937554,4B7N,MdrDBcore03483,H275Y,0.513,-0.3641839623451233,0.5698422789573669,1.1961462497711182
20,6937554,4B7J,MdrDBcore03484,R223I,-2.297,-0.8745056986808777,0.5698422789573669,1.1961462497711182
20,6937554,4B7N,MdrDBcore03485,R223I,-1.313,-0.632876992225647,0.5698422789573669,1.1961462497711182
20,6937554,2Q2A,MdrDBcore03486,E163Q,0.798,1.6923773288726807,0.5698422789573669,1.1961462497711182
20,6937554,2Q2A,MdrDBcore03487,E35K,3.343,1.6973153352737427,0.5698422789573669,1.1961462497711182
20,6937554,2Q2A,MdrDBcore03488,G168R,0.757,1.6923775672912598,0.5698422789573669,1.1961462497711182
20,6937554,2Q2A,MdrDBcore03489,G40A,0.379,1.6923778057098389,0.5698422789573669,1.1961462497711182
20,6937554,2Q2A,MdrDBcore03490,K41E,0.527,1.6923774480819702,0.5698422789573669,1.1961462497711182
20,6937554,2Q2A,MdrDBcore03491,N166C,0.757,1.6923779249191284,0.5698422789573669,1.1961462497711182
20,6937554,2Q2A,MdrDBcore03492,Q132L,1.247,1.7246805429458618,0.5698422789573669,1.1961462497711182
20,6937554,2R5Q,MdrDBcore03493,D30N,2.384,0.47437185049057007,0.5698422789573669,1.1961462497711182
20,6937554,2R5Q,MdrDBcore03494,D30N,2.384,0.4743722081184387,0.5698422789573669,1.1961462497711182
20,6937554,2R5P,MdrDBcore03495,D30N,0.68,0.21122269332408905,0.5698422789573669,1.1961462497711182
20,6937554,2R5Q,MdrDBcore03496,L90M,0.388,0.2494412511587143,0.5698422789573669,1.1961462497711182
20,6937554,2R5Q,MdrDBcore03497,L90M,0.388,0.2494407445192337,0.5698422789573669,1.1961462497711182
20,6937554,2R5P,MdrDBcore03498,L90M,0.197,0.3007640242576599,0.5698422789573669,1.1961462497711182
20,6937554,2R5Q,MdrDBcore03499,N88D,0.493,0.24944108724594116,0.5698422789573669,1.1961462497711182
20,6937554,2R5Q,MdrDBcore03500,N88D,0.493,0.24944137036800385,0.5698422789573669,1.1961462497711182
20,6937554,2R5P,MdrDBcore03501,N88D,1.176,0.32722240686416626,0.5698422789573669,1.1961462497711182
20,6937554,2HDK,MdrDBcore03502,A318C,-0.072,0.16580331325531006,0.5698422789573669,1.1961462497711182
20,6937554,1VKJ,MdrDBcore03503,E90Q,-0.554,-0.19276750087738037,0.5698422789573669,1.1961462497711182
20,6937554,1VKJ,MdrDBcore03504,K123A,-0.143,-0.25064152479171753,0.5698422789573669,1.1961462497711182
20,6937554,1VKJ,MdrDBcore03505,R67E,0.149,-0.24092666804790497,0.5698422789573669,1.1961462497711182
20,6937554,1VKJ,MdrDBcore03506,R72E,-0.587,-0.4609849452972412,0.5698422789573669,1.1961462497711182
20,6937554,2OFW,MdrDBcore03507,H34N,-1.005,-1.1307331323623657,0.5698422789573669,1.1961462497711182
20,6937554,2OFW,MdrDBcore03508,N27A,-0.917,-1.1307332515716553,0.5698422789573669,1.1961462497711182
20,6937554,2OFW,MdrDBcore03509,Q31A,-0.889,-1.1716355085372925,0.5698422789573669,1.1961462497711182
20,6937554,3I73,MdrDBcore03510,S238A,0.869,0.21735145151615143,0.5698422789573669,1.1961462497711182
20,6937554,2JBZ,MdrDBcore03511,D111A,0.477,0.15135765075683594,0.5698422789573669,1.1961462497711182
20,6937554,2JBZ,MdrDBcore03512,E57A,1.116,0.1976461112499237,0.5698422789573669,1.1961462497711182
20,6937554,2JBZ,MdrDBcore03513,H110A,0.1,0.2322070300579071,0.5698422789573669,1.1961462497711182
20,6937554,2JBZ,MdrDBcore03514,R15A,0.441,0.21172501146793365,0.5698422789573669,1.1961462497711182
20,6937554,2VZM,MdrDBcore03515,E85Q,0.582,0.10790526121854782,0.5698422789573669,1.1961462497711182
20,6937554,2VZ7,MdrDBcore03516,E85Q,1.401,0.7013786435127258,0.5698422789573669,1.1961462497711182
20,6937554,2VZM,MdrDBcore03517,E94Q,0.955,0.22705449163913727,0.5698422789573669,1.1961462497711182
20,6937554,2VZM,MdrDBcore03518,N50D,0.184,0.6529186964035034,0.5698422789573669,1.1961462497711182
20,6937554,2VZ7,MdrDBcore03519,N50D,0.765,0.7423173189163208,0.5698422789573669,1.1961462497711182
20,6937554,1H0A,MdrDBcore03520,L6E,0.229,-0.1816241443157196,0.5698422789573669,1.1961462497711182
20,6937554,1H0A,MdrDBcore03521,L6Q,-0.108,-0.18162398040294647,0.5698422789573669,1.1961462497711182
20,6937554,1MPW,MdrDBcore03522,L244A,-0.132,-0.7715697288513184,0.5698422789573669,1.1961462497711182
20,6937554,1MPW,MdrDBcore03523,L247V,-0.783,-0.7411757111549377,0.5698422789573669,1.1961462497711182
20,6937554,1MPW,MdrDBcore03524,W87F,-0.452,-0.6469714641571045,0.5698422789573669,1.1961462497711182
20,6937554,1AKR,MdrDBcore03525,A61G,-0.728,0.34253808856010437,0.5698422789573669,1.1961462497711182
20,6937554,1AKU,MdrDBcore03526,A95D,-0.786,-0.5478883981704712,0.5698422789573669,1.1961462497711182
20,6937554,1AKV,MdrDBcore03527,A95E,-0.812,-0.6514779925346375,0.5698422789573669,1.1961462497711182
20,6937554,1AKV,MdrDBcore03528,A95N,-0.288,0.15925395488739014,0.5698422789573669,1.1961462497711182
20,6937554,1AKV,MdrDBcore03529,A95N,-0.377,0.15925368666648865,0.5698422789573669,1.1961462497711182
20,6937554,1C7E,MdrDBcore03530,E95D,-0.383,-0.7754305005073547,0.5698422789573669,1.1961462497711182
20,6937554,1AKW,MdrDBcore03531,L61G,-1.412,-0.558624804019928,0.5698422789573669,1.1961462497711182
20,6937554,1AKT,MdrDBcore03532,N61G,-1.535,-0.515350878238678,0.5698422789573669,1.1961462497711182
20,6937554,1HLD,MdrDBcore03533,F93A,1.679,1.5391817092895508,0.5698422789573669,1.1961462497711182
20,6937554,1N92,MdrDBcore03534,T178S,-0.471,0.9506125450134277,0.5698422789573669,1.1961462497711182
20,6937554,1N92,MdrDBcore03535,T178V,1.26,1.034683346748352,0.5698422789573669,1.1961462497711182
20,6937554,1N92,MdrDBcore03536,V203A,-0.04,0.8971554040908813,0.5698422789573669,1.1961462497711182
20,6937554,1N92,MdrDBcore03537,V292A,2.115,0.9606162905693054,0.5698422789573669,1.1961462497711182
20,6937554,1N92,MdrDBcore03538,V292S,2.337,0.9009595513343811,0.5698422789573669,1.1961462497711182
20,6937554,1N92,MdrDBcore03539,V292T,2.015,1.0013264417648315,0.5698422789573669,1.1961462497711182
20,6937554,3EIG,MdrDBcore03540,E35Q,-1.747,-0.5042411684989929,0.5698422789573669,1.1961462497711182
20,6937554,1DLR,MdrDBcore03541,F22W,-0.288,0.6407005190849304,0.5698422789573669,1.1961462497711182
20,6937554,1DLR,MdrDBcore03542,F22Y,1.991,0.5207703113555908,0.5698422789573669,1.1961462497711182
20,6937554,3N0H,MdrDBcore03543,F64S,-0.103,-0.08056653290987015,0.5698422789573669,1.1961462497711182
20,6937554,3S3V,MdrDBcore03544,K35S,0.033,-0.6143773794174194,0.5698422789573669,1.1961462497711182
20,6937554,1U72,MdrDBcore03545,L22F,3.009,2.4309494495391846,0.5698422789573669,1.1961462497711182
20,6937554,1U72,MdrDBcore03546,L22R,4.268,3.760535955429077,0.5698422789573669,1.1961462497711182
20,6937554,1U72,MdrDBcore03547,L22W,4.233,2.9426651000976562,0.5698422789573669,1.1961462497711182
20,6937554,1U72,MdrDBcore03548,L22Y,4.783,2.5798017978668213,0.5698422789573669,1.1961462497711182
20,6937554,3FS6,MdrDBcore03549,N64F,-2.245,-1.1820967197418213,0.5698422789573669,1.1961462497711182
20,6937554,2W3A,MdrDBcore03550,N64F,0.303,0.20175181329250336,0.5698422789573669,1.1961462497711182
20,6937554,2W3A,MdrDBcore03551,N64F,-1.416,0.20175203680992126,0.5698422789573669,1.1961462497711182
20,6937554,3FS6,MdrDBcore03552,N64S,-1.364,-1.2250468730926514,0.5698422789573669,1.1961462497711182
20,6937554,2W3A,MdrDBcore03553,N64S,0.199,0.05419919267296791,0.5698422789573669,1.1961462497711182
20,6937554,2W3A,MdrDBcore03554,N64S,-1.015,0.05419859290122986,0.5698422789573669,1.1961462497711182
20,6937554,3FS6,MdrDBcore03555,Q35K,-1.968,-0.4019319713115692,0.5698422789573669,1.1961462497711182
20,6937554,2W3A,MdrDBcore03556,Q35K,0.605,0.018545251339673996,0.5698422789573669,1.1961462497711182
20,6937554,2W3A,MdrDBcore03557,Q35K,-1.577,0.01854522153735161,0.5698422789573669,1.1961462497711182
20,6937554,3FS6,MdrDBcore03558,Q35S,0.249,-0.5294085144996643,0.5698422789573669,1.1961462497711182
20,6937554,2W3A,MdrDBcore03559,Q35S,-0.1,-0.6153141856193542,0.5698422789573669,1.1961462497711182
20,6937554,2W3A,MdrDBcore03560,Q35S,-0.655,-0.6153141856193542,0.5698422789573669,1.1961462497711182
20,6937554,3EIG,MdrDBcore03561,R31F,-3.603,-0.6509008407592773,0.5698422789573669,1.1961462497711182
20,6937554,3N0H,MdrDBcore03562,S35K,-0.033,-0.49690333008766174,0.5698422789573669,1.1961462497711182
20,6937554,2P4T,MdrDBcore03563,H67Q,1.997,0.8289327621459961,0.5698422789573669,1.1961462497711182
20,6937554,3PCA,MdrDBcore03564,Y408C,1.853,0.3194645643234253,0.5698422789573669,1.1961462497711182
20,6937554,3PCA,MdrDBcore03565,Y408H,1.628,0.02633165568113327,0.5698422789573669,1.1961462497711182
20,6937554,1BF3,MdrDBcore03566,K42R,-0.821,-1.330869436264038,0.5698422789573669,1.1961462497711182
20,6937554,1BF3,MdrDBcore03567,K42S,-0.108,-1.3308699131011963,0.5698422789573669,1.1961462497711182
20,6937554,1NJB,MdrDBcore03568,C229A,0.036,-0.4018709659576416,0.5698422789573669,1.1961462497711182
20,6937554,1NJB,MdrDBcore03569,C229E,0.713,-0.008155797608196735,0.5698422789573669,1.1961462497711182
20,6937554,1NJB,MdrDBcore03570,C229G,-0.224,-0.3687058091163635,0.5698422789573669,1.1961462497711182
20,6937554,1NJB,MdrDBcore03571,C229I,1.29,-0.10343145579099655,0.5698422789573669,1.1961462497711182
20,6937554,1NJB,MdrDBcore03572,C229L,1.517,-0.08332324028015137,0.5698422789573669,1.1961462497711182
20,6937554,1NJB,MdrDBcore03573,C229M,1.29,-0.21213236451148987,0.5698422789573669,1.1961462497711182
20,6937554,1NJB,MdrDBcore03574,C229Q,-0.242,-0.09521202743053436,0.5698422789573669,1.1961462497711182
20,6937554,1NJB,MdrDBcore03575,C229S,-0.361,-0.3743186891078949,0.5698422789573669,1.1961462497711182
20,6937554,1NJB,MdrDBcore03576,C229T,1.688,-0.37512707710266113,0.5698422789573669,1.1961462497711182
20,6937554,1NJB,MdrDBcore03577,C229V,1.58,-0.19636592268943787,0.5698422789573669,1.1961462497711182
20,6937554,1NJB,MdrDBcore03578,C229W,2.091,-0.02083192765712738,0.5698422789573669,1.1961462497711182
20,6937554,1TSL,MdrDBcore03579,E60D,1.089,-0.12324953079223633,0.5698422789573669,1.1961462497711182
20,6937554,1TSM,MdrDBcore03580,E60D,-0.543,-0.17136631906032562,0.5698422789573669,1.1961462497711182
20,6937554,1NJE,MdrDBcore03581,N229A,-3.612,-1.7584104537963867,0.5698422789573669,1.1961462497711182
20,6937554,1THY,MdrDBcore03582,N229A,0.888,0.3426584303379059,0.5698422789573669,1.1961462497711182
20,6937554,1NJE,MdrDBcore03583,N229C,-3.61,-1.7208718061447144,0.5698422789573669,1.1961462497711182
20,6937554,1THY,MdrDBcore03584,N229C,0.852,0.3489017188549042,0.5698422789573669,1.1961462497711182
20,6937554,1NJE,MdrDBcore03585,N229D,-2.086,-1.2042955160140991,0.5698422789573669,1.1961462497711182
20,6937554,1NJE,MdrDBcore03586,N229E,-1.22,-1.305466651916504,0.5698422789573669,1.1961462497711182
20,6937554,1NJE,MdrDBcore03587,N229G,-3.37,-1.7958029508590698,0.5698422789573669,1.1961462497711182
20,6937554,1THY,MdrDBcore03588,N229G,0.477,0.3989061713218689,0.5698422789573669,1.1961462497711182
20,6937554,1NJE,MdrDBcore03589,N229I,-2.015,-1.6903870105743408,0.5698422789573669,1.1961462497711182
20,6937554,1THY,MdrDBcore03590,N229I,2.011,0.42248958349227905,0.5698422789573669,1.1961462497711182
20,6937554,1NJE,MdrDBcore03591,N229L,-2.328,-1.6920992136001587,0.5698422789573669,1.1961462497711182
20,6937554,1NJE,MdrDBcore03592,N229M,-3.527,-1.6003895998001099,0.5698422789573669,1.1961462497711182
20,6937554,1NJE,MdrDBcore03593,N229Q,0.329,-0.7953471541404724,0.5698422789573669,1.1961462497711182
20,6937554,1NJE,MdrDBcore03594,N229S,-3.55,-1.7714262008666992,0.5698422789573669,1.1961462497711182
20,6937554,1THY,MdrDBcore03595,N229S,0.491,0.3714422881603241,0.5698422789573669,1.1961462497711182
20,6937554,1NJE,MdrDBcore03596,N229T,-3.82,-1.771522045135498,0.5698422789573669,1.1961462497711182
20,6937554,1NJE,MdrDBcore03597,N229V,-2.104,-1.7438441514968872,0.5698422789573669,1.1961462497711182
20,6937554,1NJE,MdrDBcore03598,N229W,-1.449,-0.8375903964042664,0.5698422789573669,1.1961462497711182
20,6937554,2TDM,MdrDBcore03599,R179A,2.596,0.37731972336769104,0.5698422789573669,1.1961462497711182
20,6937554,2TDM,MdrDBcore03600,R179K,2.374,0.3773208260536194,0.5698422789573669,1.1961462497711182
20,6937554,1TSL,MdrDBcore03601,V316A,1.731,-0.10288363695144653,0.5698422789573669,1.1961462497711182
20,6937554,1TSM,MdrDBcore03602,V316A,1.52,-0.17136640846729279,0.5698422789573669,1.1961462497711182
20,6937554,1TSL,MdrDBcore03603,W82Y,0.211,-0.12324923276901245,0.5698422789573669,1.1961462497711182
20,6937554,2ITY,MdrDBcore03604,G719S,0.48,-0.32428455352783203,0.5698422789573669,1.1961462497711182
20,6937554,1CNQ,MdrDBcore03605,A54L,-0.145,0.8390110731124878,0.5698422789573669,1.1961462497711182
20,6937554,1YYZ,MdrDBcore03606,L54A,-5.046,-0.44993799924850464,0.5698422789573669,1.1961462497711182
20,6937554,1OSS,MdrDBcore03607,P190A,-0.299,-0.4829363226890564,0.5698422789573669,1.1961462497711182
20,6937554,1OSS,MdrDBcore03608,P190S,-0.728,-0.7183014154434204,0.5698422789573669,1.1961462497711182
20,6937554,1OSS,MdrDBcore03609,P190T,-1.069,-0.46457862854003906,0.5698422789573669,1.1961462497711182
20,6937554,1OSS,MdrDBcore03610,P190V,1.473,-0.48261773586273193,0.5698422789573669,1.1961462497711182
20,6937554,2H4N,MdrDBcore03611,N94C,6.056,4.6172895431518555,0.5698422789573669,1.1961462497711182
20,6937554,2H4N,MdrDBcore03612,N94D,6.842,4.545456409454346,0.5698422789573669,1.1961462497711182
20,6937554,2H4N,MdrDBcore03613,N94E,7.431,3.742194652557373,0.5698422789573669,1.1961462497711182
20,6937554,2H4N,MdrDBcore03614,N94Q,2.861,3.3326199054718018,0.5698422789573669,1.1961462497711182
20,6937554,1TPH,MdrDBcore03615,S96P,1.572,-0.545910120010376,0.5698422789573669,1.1961462497711182
20,6937554,1OGZ,MdrDBcore03616,A39G,-0.143,1.1122978925704956,0.5698422789573669,1.1961462497711182
20,6937554,2JGS,MdrDBcore03617,M76N,-1.684,-0.2680400609970093,0.5698422789573669,1.1961462497711182
20,6937554,1HK1,MdrDBcore03618,R218H,-0.726,-0.6814656257629395,0.5698422789573669,1.1961462497711182
20,6937554,1HK1,MdrDBcore03619,R218P,-1.292,-0.6806254386901855,0.5698422789573669,1.1961462497711182
20,6937554,1AMW,MdrDBcore03620,E88G,0.076,0.9335703253746033,0.5698422789573669,1.1961462497711182
20,6937554,1A4H,MdrDBcore03621,E88G,-0.113,-0.024343039840459824,0.5698422789573669,1.1961462497711182
20,6937554,1AMW,MdrDBcore03622,K44R,0.229,0.09105705469846725,0.5698422789573669,1.1961462497711182
20,6937554,1A4H,MdrDBcore03623,K44R,0.245,0.13598157465457916,0.5698422789573669,1.1961462497711182
20,6937554,1AMW,MdrDBcore03624,K98N,0.65,1.087268590927124,0.5698422789573669,1.1961462497711182
20,6937554,1A4H,MdrDBcore03625,K98N,-0.362,-0.8683995604515076,0.5698422789573669,1.1961462497711182
20,6937554,1AMW,MdrDBcore03626,L89V,0.58,0.9335700869560242,0.5698422789573669,1.1961462497711182
20,6937554,1A4H,MdrDBcore03627,L89V,-0.95,-0.365307092666626,0.5698422789573669,1.1961462497711182
20,6937554,1AMW,MdrDBcore03628,L93I,0.527,0.8721652626991272,0.5698422789573669,1.1961462497711182
20,6937554,1A4H,MdrDBcore03629,L93I,-0.742,-0.25787678360939026,0.5698422789573669,1.1961462497711182
20,6937554,1AMW,MdrDBcore03630,N92L,0.654,0.8880475163459778,0.5698422789573669,1.1961462497711182
20,6937554,1A4H,MdrDBcore03631,N92L,0.19,-0.1897316724061966,0.5698422789573669,1.1961462497711182
20,6937554,1AMW,MdrDBcore03632,V136M,1.221,0.8635292053222656,0.5698422789573669,1.1961462497711182
20,6937554,2VWC,MdrDBcore03633,V136M,0.399,0.18305842578411102,0.5698422789573669,1.1961462497711182
20,6937554,1A4H,MdrDBcore03634,V136M,0.487,-0.34591156244277954,0.5698422789573669,1.1961462497711182
20,6937554,1E2K,MdrDBcore03635,Y101F,0.893,-0.6203218102455139,0.5698422789573669,1.1961462497711182
20,6937554,2AQU,MdrDBcore03636,D30N,0.622,0.46562159061431885,0.5698422789573669,1.1961462497711182
20,6937554,2AQU,MdrDBcore03637,D30N,0.622,0.4656217098236084,0.5698422789573669,1.1961462497711182
20,6937554,1GNO,MdrDBcore03638,G48H,1.057,1.237685203552246,0.5698422789573669,1.1961462497711182
20,6937554,3TKW,MdrDBcore03639,G48V,2.001,1.7316471338272095,0.5698422789573669,1.1961462497711182
20,6937554,3TKW,MdrDBcore03640,I50V,2.035,1.8073663711547852,0.5698422789573669,1.1961462497711182
20,6937554,3NU3,MdrDBcore03641,I50V,2.015,0.8053171634674072,0.5698422789573669,1.1961462497711182
20,6937554,3TKW,MdrDBcore03642,I54M,0.601,0.625336229801178,0.5698422789573669,1.1961462497711182
20,6937554,3NU3,MdrDBcore03643,I54M,0.713,0.815488874912262,0.5698422789573669,1.1961462497711182
20,6937554,3TKW,MdrDBcore03644,I54V,1.276,0.6253362894058228,0.5698422789573669,1.1961462497711182
20,6937554,3NU3,MdrDBcore03645,I54V,0.596,0.8154888153076172,0.5698422789573669,1.1961462497711182
20,6937554,3NU3,MdrDBcore03646,I84V,1.062,0.8129106760025024,0.5698422789573669,1.1961462497711182
20,6937554,1RTD,MdrDBcore03647,K65A,1.02,0.3815009295940399,0.5698422789573669,1.1961462497711182
20,6937554,1RTD,MdrDBcore03648,K65R,0.118,-0.13994362950325012,0.5698422789573669,1.1961462497711182
20,6937554,3NU3,MdrDBcore03649,L90M,0.038,0.8154884576797485,0.5698422789573669,1.1961462497711182
20,6937554,2AQU,MdrDBcore03650,L90M,0.526,0.24151219427585602,0.5698422789573669,1.1961462497711182
20,6937554,2AQU,MdrDBcore03651,L90M,0.526,0.24151165783405304,0.5698422789573669,1.1961462497711182
20,6937554,2AQU,MdrDBcore03652,N88D,0.651,0.24151208996772766,0.5698422789573669,1.1961462497711182
20,6937554,2AQU,MdrDBcore03653,N88D,0.651,0.24151183664798737,0.5698422789573669,1.1961462497711182
20,6937554,1RTD,MdrDBcore03654,R72A,1.374,1.3540898561477661,0.5698422789573669,1.1961462497711182
20,6937554,3NU3,MdrDBcore03655,V32I,1.364,0.8155734539031982,0.5698422789573669,1.1961462497711182
20,6937554,1GNO,MdrDBcore03656,V82D,1.974,1.5310949087142944,0.5698422789573669,1.1961462497711182
20,6937554,1GNO,MdrDBcore03657,V82N,2.757,1.4397956132888794,0.5698422789573669,1.1961462497711182
20,6937554,2Q64,MdrDBcore03658,A71V,0.954,0.44355595111846924,0.5698422789573669,1.1961462497711182
20,6937554,2Q64,MdrDBcore03659,A71V,0.954,0.4435564875602722,0.5698422789573669,1.1961462497711182
20,6937554,2Z4O,MdrDBcore03660,D30N,1.68,0.5955420732498169,0.5698422789573669,1.1961462497711182
20,6937554,2Z4O,MdrDBcore03661,I50V,1.215,0.5607602596282959,0.5698422789573669,1.1961462497711182
20,6937554,2ZGA,MdrDBcore03662,I50V,1.955,0.13140566647052765,0.5698422789573669,1.1961462497711182
20,6937554,2IEN,MdrDBcore03663,I84V,0.689,0.35829275846481323,0.5698422789573669,1.1961462497711182
20,6937554,2Z4O,MdrDBcore03664,I84V,0.679,0.6479102969169617,0.5698422789573669,1.1961462497711182
20,6937554,2ZGA,MdrDBcore03665,I84V,0.815,0.4833407402038574,0.5698422789573669,1.1961462497711182
20,6937554,2Q64,MdrDBcore03666,L90M,1.159,0.44355660676956177,0.5698422789573669,1.1961462497711182
20,6937554,2Q64,MdrDBcore03667,L90M,1.159,0.4435562491416931,0.5698422789573669,1.1961462497711182
20,6937554,1SDT,MdrDBcore03668,L90M,-1.089,0.10811281949281693,0.5698422789573669,1.1961462497711182
20,6937554,1SGU,MdrDBcore03669,M46I,-1.577,-1.483766794204712,0.5698422789573669,1.1961462497711182
20,6937554,1SH9,MdrDBcore03670,M46I,-0.238,-0.945400595664978,0.5698422789573669,1.1961462497711182
20,6937554,1SH9,MdrDBcore03671,M46I,-0.238,-0.9454010725021362,0.5698422789573669,1.1961462497711182
20,6937554,2Q64,MdrDBcore03672,N30D,-1.775,0.4815780818462372,0.5698422789573669,1.1961462497711182
20,6937554,2Q64,MdrDBcore03673,N88D,1.513,0.4435565173625946,0.5698422789573669,1.1961462497711182
20,6937554,2Q64,MdrDBcore03674,N88D,1.513,0.44355642795562744,0.5698422789573669,1.1961462497711182
20,6937554,2R43,MdrDBcore03675,V50I,-0.776,-0.6753093004226685,0.5698422789573669,1.1961462497711182
20,6937554,2R3T,MdrDBcore03676,V50I,-0.997,-0.8758953809738159,0.5698422789573669,1.1961462497711182
20,6937554,1SGU,MdrDBcore03677,V54I,-1.572,-1.2324717044830322,0.5698422789573669,1.1961462497711182
20,6937554,1SH9,MdrDBcore03678,V54I,-0.589,-1.0096291303634644,0.5698422789573669,1.1961462497711182
20,6937554,1SH9,MdrDBcore03679,V54I,-1.026,-1.0096291303634644,0.5698422789573669,1.1961462497711182
20,6937554,2IEN,MdrDBcore03680,V82A,0.155,0.009403820149600506,0.5698422789573669,1.1961462497711182
20,6937554,2Z4O,MdrDBcore03681,V82A,0.644,0.6791946887969971,0.5698422789573669,1.1961462497711182
20,6937554,1NH0,MdrDBcore03682,V82A,-0.292,0.8960459232330322,0.5698422789573669,1.1961462497711182
20,6937554,1SDT,MdrDBcore03683,V82A,0.717,0.0607108436524868,0.5698422789573669,1.1961462497711182
20,6937554,2R3W,MdrDBcore03684,V84I,0.442,0.4013030529022217,0.5698422789573669,1.1961462497711182
20,6937554,2R38,MdrDBcore03685,V84I,2.536,2.2987329959869385,0.5698422789573669,1.1961462497711182
20,6937554,1SGU,MdrDBcore03686,V84I,-1.401,-1.2722464799880981,0.5698422789573669,1.1961462497711182
20,6937554,1SH9,MdrDBcore03687,V84I,-1.026,-1.0187208652496338,0.5698422789573669,1.1961462497711182
20,6937554,1SH9,MdrDBcore03688,V84I,-1.271,-1.0187201499938965,0.5698422789573669,1.1961462497711182
20,6937554,1KDK,MdrDBcore03689,H136Q,0.17,0.7374851107597351,0.5698422789573669,1.1961462497711182
20,6937554,1KDK,MdrDBcore03690,K134A,0.341,0.5912322402000427,0.5698422789573669,1.1961462497711182
20,6937554,1KDK,MdrDBcore03691,L131G,1.651,0.9393206238746643,0.5698422789573669,1.1961462497711182
20,6937554,1KDK,MdrDBcore03692,P130G,0.218,0.7374845147132874,0.5698422789573669,1.1961462497711182
20,6937554,1KDK,MdrDBcore03693,P137G,0.062,0.7374843955039978,0.5698422789573669,1.1961462497711182
20,6937554,1BWB,MdrDBcore03694,F82V,-1.589,0.808283805847168,0.5698422789573669,1.1961462497711182
20,6937554,1BWB,MdrDBcore03695,V84I,-2.566,0.7646064758300781,0.5698422789573669,1.1961462497711182
20,6937554,2BPX,MdrDBcore03696,D30N,0.979,0.6532866954803467,0.5698422789573669,1.1961462497711182
20,6937554,2AOD,MdrDBcore03697,I84V,1.061,0.1938929408788681,0.5698422789573669,1.1961462497711182
20,6937554,2BPX,MdrDBcore03698,L90M,0.605,1.0001140832901,0.5698422789573669,1.1961462497711182
20,6937554,2BPX,MdrDBcore03699,N88D,1.01,1.0001145601272583,0.5698422789573669,1.1961462497711182
20,6937554,2AOD,MdrDBcore03700,V82A,-0.835,0.11761153489351273,0.5698422789573669,1.1961462497711182
20,6937554,3BC4,MdrDBcore03701,V84I,0.884,0.4543941617012024,0.5698422789573669,1.1961462497711182
20,6937554,2J27,MdrDBcore03702,A168P,-0.821,-1.032859206199646,0.5698422789573669,1.1961462497711182
20,6937554,2V2C,MdrDBcore03703,L178A,-1.217,1.2421576976776123,0.5698422789573669,1.1961462497711182
20,6937554,3E6K,MdrDBcore03704,A183D,-4.292,-0.8688457012176514,0.5698422789573669,1.1961462497711182
20,6937554,3E6V,MdrDBcore03705,N183D,-2.003,-2.010673761367798,0.5698422789573669,1.1961462497711182
20,6937554,3DT4,MdrDBcore03706,A467G,-4.914,-0.9372724294662476,0.5698422789573669,1.1961462497711182
20,6937554,3DTB,MdrDBcore03707,A467G,1.019,0.29669877886772156,0.5698422789573669,1.1961462497711182
20,6937554,3DT7,MdrDBcore03708,A467G,-1.118,-0.5303817987442017,0.5698422789573669,1.1961462497711182
20,6937554,1OH0,MdrDBcore03709,W92A,0.467,0.32695847749710083,0.5698422789573669,1.1961462497711182
20,6937554,3E9B,MdrDBcore03710,A135S,-2.123,-1.570941686630249,0.5698422789573669,1.1961462497711182
20,6937554,3E9B,MdrDBcore03711,A135T,-1.434,-1.5491182804107666,0.5698422789573669,1.1961462497711182
20,6937554,1K3L,MdrDBcore03712,I219A,1.731,1.0435447692871094,0.5698422789573669,1.1961462497711182
20,6937554,3E2Q,MdrDBcore03713,S540A,0.29,-0.011335858143866062,0.5698422789573669,1.1961462497711182
20,6937554,3E2S,MdrDBcore03714,S540A,0.977,0.8602961301803589,0.5698422789573669,1.1961462497711182
20,6937554,3E2R,MdrDBcore03715,S540A,0.984,0.7516627907752991,0.5698422789573669,1.1961462497711182
20,6937554,3E2Q,MdrDBcore03716,S540Y,0.814,1.3387006521224976,0.5698422789573669,1.1961462497711182
20,6937554,3E2R,MdrDBcore03717,S540Y,-1.708,-0.09508293122053146,0.5698422789573669,1.1961462497711182
20,6937554,3FRE,MdrDBcore03718,F98Y,3.051,2.477508783340454,0.5698422789573669,1.1961462497711182
20,6937554,3I8A,MdrDBcore03719,N30H,-0.531,-0.3516297936439514,0.5698422789573669,1.1961462497711182
20,6937554,2V5V,MdrDBcore03720,E57K,0.441,0.4688926041126251,0.5698422789573669,1.1961462497711182
20,6937554,2V5V,MdrDBcore03721,E57R,0.404,-0.47901615500450134,0.5698422789573669,1.1961462497711182
20,6937554,2V5V,MdrDBcore03722,E57W,-0.821,0.6605211496353149,0.5698422789573669,1.1961462497711182
20,6937554,1FLV,MdrDBcore03723,W57A,2.24,1.4699113368988037,0.5698422789573669,1.1961462497711182
20,6937554,1FLV,MdrDBcore03724,W57F,2.054,1.022538661956787,0.5698422789573669,1.1961462497711182
20,6937554,1FLV,MdrDBcore03725,W57L,1.927,1.5926388502120972,0.5698422789573669,1.1961462497711182
20,6937554,1FLV,MdrDBcore03726,W57Y,1.516,1.7545560598373413,0.5698422789573669,1.1961462497711182
20,6937554,1FLV,MdrDBcore03727,Y94A,3.963,2.5225579738616943,0.5698422789573669,1.1961462497711182
20,6937554,1FLV,MdrDBcore03728,Y94F,0.821,0.9646735191345215,0.5698422789573669,1.1961462497711182
20,6937554,1FLV,MdrDBcore03729,Y94W,1.514,0.8820432424545288,0.5698422789573669,1.1961462497711182
20,6937554,2QFU,MdrDBcore03730,L101P,-3.025,-1.0379904508590698,0.5698422789573669,1.1961462497711182
20,6937554,2QFQ,MdrDBcore03731,L101P,-0.303,-0.5473406910896301,0.5698422789573669,1.1961462497711182
20,6937554,1G6S,MdrDBcore03732,P101S,1.364,1.223818302154541,0.5698422789573669,1.1961462497711182
20,6937554,1G6T,MdrDBcore03733,P101S,0.232,0.0804821327328682,0.5698422789573669,1.1961462497711182
20,6937554,2QFT,MdrDBcore03734,S101A,0.734,1.4931284189224243,0.5698422789573669,1.1961462497711182
20,6937554,2QFS,MdrDBcore03735,S101A,-0.17,-0.09432012587785721,0.5698422789573669,1.1961462497711182
20,6937554,2QFT,MdrDBcore03736,S101G,0.462,1.4931285381317139,0.5698422789573669,1.1961462497711182
20,6937554,2QFS,MdrDBcore03737,S101G,-0.17,-0.0943199023604393,0.5698422789573669,1.1961462497711182
20,6937554,2QFT,MdrDBcore03738,S101P,-1.553,1.780296802520752,0.5698422789573669,1.1961462497711182
20,6937554,2QFS,MdrDBcore03739,S101P,-0.17,-0.09612619131803513,0.5698422789573669,1.1961462497711182
20,6937554,1G6S,MdrDBcore03740,T97I,3.379,1.4430289268493652,0.5698422789573669,1.1961462497711182
20,6937554,1G6T,MdrDBcore03741,T97I,0.28,0.11652445793151855,0.5698422789573669,1.1961462497711182
20,6937554,1EGH,MdrDBcore03742,H98N,0.631,0.5716210007667542,0.5698422789573669,1.1961462497711182
20,6937554,1OWB,MdrDBcore03743,L109R,0.191,0.047467079013586044,0.5698422789573669,1.1961462497711182
20,6937554,1Z95,MdrDBcore03744,L741W,0.383,0.31086307764053345,0.5698422789573669,1.1961462497711182
20,6937554,2AMA,MdrDBcore03745,W741L,2.193,1.5403331518173218,0.5698422789573669,1.1961462497711182
20,6937554,1WDR,MdrDBcore03746,S342T,0.603,0.6076667308807373,0.5698422789573669,1.1961462497711182
20,6937554,1WDQ,MdrDBcore03747,V342T,-0.127,0.21886630356311798,0.5698422789573669,1.1961462497711182
20,6937554,3G0E,MdrDBcore03748,D816H,0.056,0.05397743359208107,0.5698422789573669,1.1961462497711182
20,6937554,3G0E,MdrDBcore03749,D816V,-0.255,0.053977422416210175,0.5698422789573669,1.1961462497711182
20,6937554,3G0E,MdrDBcore03750,V560D,-0.897,0.05397731065750122,0.5698422789573669,1.1961462497711182
20,6937554,2OBF,MdrDBcore03751,A57K,1.971,1.2358365058898926,0.5698422789573669,1.1961462497711182
20,6937554,1N7J,MdrDBcore03752,D267A,4.398,1.1818630695343018,0.5698422789573669,1.1961462497711182
20,6937554,1N7I,MdrDBcore03753,D267A,2.902,2.4820022583007812,0.5698422789573669,1.1961462497711182
20,6937554,1YZ3,MdrDBcore03754,D267A,3.832,2.802886486053467,0.5698422789573669,1.1961462497711182
20,6937554,1HNN,MdrDBcore03755,D267A,4.676,2.8170151710510254,0.5698422789573669,1.1961462497711182
20,6937554,1N7J,MdrDBcore03756,E219A,3.616,2.9052011966705322,0.5698422789573669,1.1961462497711182
20,6937554,1N7I,MdrDBcore03757,E219A,3.889,2.868196725845337,0.5698422789573669,1.1961462497711182
20,6937554,1YZ3,MdrDBcore03758,E219A,4.022,3.0337257385253906,0.5698422789573669,1.1961462497711182
20,6937554,1HNN,MdrDBcore03759,E219A,4.362,3.5563807487487793,0.5698422789573669,1.1961462497711182
20,6937554,2G72,MdrDBcore03760,K57A,-3.06,0.7897102236747742,0.5698422789573669,1.1961462497711182
20,6937554,2G71,MdrDBcore03761,K57A,-0.428,0.074813112616539,0.5698422789573669,1.1961462497711182
20,6937554,2G70,MdrDBcore03762,K57A,1.27,1.4211617708206177,0.5698422789573669,1.1961462497711182
20,6937554,1N7J,MdrDBcore03763,K57A,1.729,1.8617479801177979,0.5698422789573669,1.1961462497711182
20,6937554,1N7I,MdrDBcore03764,K57A,1.792,1.346258282661438,0.5698422789573669,1.1961462497711182
20,6937554,1YZ3,MdrDBcore03765,K57A,1.682,2.2470321655273438,0.5698422789573669,1.1961462497711182
20,6937554,1HNN,MdrDBcore03766,K57A,2.401,1.461156964302063,0.5698422789573669,1.1961462497711182
20,6937554,2ONY,MdrDBcore03767,K57A,-3.013,0.7728815078735352,0.5698422789573669,1.1961462497711182
20,6937554,1N7J,MdrDBcore03768,V53A,0.698,2.3616421222686768,0.5698422789573669,1.1961462497711182
20,6937554,1N7I,MdrDBcore03769,V53A,0.967,1.8695197105407715,0.5698422789573669,1.1961462497711182
20,6937554,1YZ3,MdrDBcore03770,V53A,1.485,2.1501269340515137,0.5698422789573669,1.1961462497711182
20,6937554,1HNN,MdrDBcore03771,V53A,0.973,2.2306792736053467,0.5698422789573669,1.1961462497711182
20,6937554,2II4,MdrDBcore03772,D288A,0.869,0.7543260455131531,0.5698422789573669,1.1961462497711182
20,6937554,2II4,MdrDBcore03773,K252N,0.77,0.7546157240867615,0.5698422789573669,1.1961462497711182
20,6937554,2II4,MdrDBcore03774,L293A,1.256,0.7510268688201904,0.5698422789573669,1.1961462497711182
20,6937554,2II4,MdrDBcore03775,R230G,1.344,0.772247314453125,0.5698422789573669,1.1961462497711182
20,6937554,2II4,MdrDBcore03776,R240C,0.657,0.7546157836914062,0.5698422789573669,1.1961462497711182
20,6937554,3EBS,MdrDBcore03777,G369S,0.651,0.6781201362609863,0.5698422789573669,1.1961462497711182
20,6937554,3EBS,MdrDBcore03778,S208I,-0.284,0.6447556018829346,0.5698422789573669,1.1961462497711182
20,6937554,1QY1,MdrDBcore03779,Y120F,1.121,0.743468165397644,0.5698422789573669,1.1961462497711182
20,6937554,1OGG,MdrDBcore03780,N142D,-2.318,-1.7514874935150146,0.5698422789573669,1.1961462497711182
20,6937554,1V11,MdrDBcore03781,A287R,-2.478,0.29591432213783264,0.5698422789573669,1.1961462497711182
20,6937554,1U5B,MdrDBcore03782,S292D,1.912,1.929696798324585,0.5698422789573669,1.1961462497711182
20,6937554,1U5B,MdrDBcore03783,S292E,2.069,2.0037662982940674,0.5698422789573669,1.1961462497711182
20,6937554,1U5B,MdrDBcore03784,S292N,2.089,2.0037665367126465,0.5698422789573669,1.1961462497711182
20,6937554,1U5B,MdrDBcore03785,S292Q,2.156,2.0037662982940674,0.5698422789573669,1.1961462497711182
20,6937554,3BKL,MdrDBcore03786,D453E,-0.056,0.07217531651258469,0.5698422789573669,1.1961462497711182
20,6937554,3BKK,MdrDBcore03787,E376D,0.629,1.0362948179244995,0.5698422789573669,1.1961462497711182
20,6937554,3BKL,MdrDBcore03788,E376D,0.731,0.039878781884908676,0.5698422789573669,1.1961462497711182
20,6937554,3BKL,MdrDBcore03789,E403R,-0.616,-0.07843858748674393,0.5698422789573669,1.1961462497711182
20,6937554,3BKK,MdrDBcore03790,F391Y,0.917,0.9679810404777527,0.5698422789573669,1.1961462497711182
20,6937554,3BKL,MdrDBcore03791,F391Y,1.153,-0.029194075614213943,0.5698422789573669,1.1961462497711182
20,6937554,3BKL,MdrDBcore03792,S516N,-0.185,-0.013289851136505604,0.5698422789573669,1.1961462497711182
20,6937554,3BKL,MdrDBcore03793,T282S,0.18,0.22442229092121124,0.5698422789573669,1.1961462497711182
20,6937554,3BKK,MdrDBcore03794,V379S,-0.014,1.0362945795059204,0.5698422789573669,1.1961462497711182
20,6937554,3BKL,MdrDBcore03795,V379S,-1.399,-0.6251956820487976,0.5698422789573669,1.1961462497711182
20,6937554,3BKK,MdrDBcore03796,V380T,0.491,0.31879547238349915,0.5698422789573669,1.1961462497711182
20,6937554,3BKL,MdrDBcore03797,V380T,0.807,-0.4939591586589813,0.5698422789573669,1.1961462497711182
20,6937554,3BKK,MdrDBcore03798,V518T,1.826,1.0367450714111328,0.5698422789573669,1.1961462497711182
20,6937554,3BKL,MdrDBcore03799,V518T,1.578,0.02718757465481758,0.5698422789573669,1.1961462497711182
20,6937554,3QGT,MdrDBcore03800,A16C,0.17,1.3101915121078491,0.5698422789573669,1.1961462497711182
20,6937554,3QGT,MdrDBcore03801,A16G,0.502,1.2336534261703491,0.5698422789573669,1.1961462497711182
20,6937554,3QGT,MdrDBcore03802,A16S,1.775,1.306463599205017,0.5698422789573669,1.1961462497711182
20,6937554,3QGT,MdrDBcore03803,S108N,1.866,1.4709841012954712,0.5698422789573669,1.1961462497711182
20,6937554,3QGT,MdrDBcore03804,S108T,0.0,1.2753320932388306,0.5698422789573669,1.1961462497711182
20,6937554,1JPZ,MdrDBcore03805,A328V,-1.162,-0.3570747971534729,0.5698422789573669,1.1961462497711182
20,6937554,2INZ,MdrDBcore03806,C298A,0.974,-0.20775775611400604,0.5698422789573669,1.1961462497711182
20,6937554,2INE,MdrDBcore03807,C298A,0.681,1.1835978031158447,0.5698422789573669,1.1961462497711182
20,6937554,2PZN,MdrDBcore03808,C303D,2.471,1.6696574687957764,0.5698422789573669,1.1961462497711182
20,6937554,2PDG,MdrDBcore03809,C303D,2.399,1.5913654565811157,0.5698422789573669,1.1961462497711182
20,6937554,1PWM,MdrDBcore03810,C303D,1.032,0.910254955291748,0.5698422789573669,1.1961462497711182
20,6937554,2PZN,MdrDBcore03811,F121P,1.104,1.6225749254226685,0.5698422789573669,1.1961462497711182
20,6937554,2PDG,MdrDBcore03812,F121P,0.528,0.9321051836013794,0.5698422789573669,1.1961462497711182
20,6937554,1PWM,MdrDBcore03813,F121P,0.288,0.7547395825386047,0.5698422789573669,1.1961462497711182
20,6937554,2PZN,MdrDBcore03814,L300A,0.456,1.50409996509552,0.5698422789573669,1.1961462497711182
20,6937554,2PDG,MdrDBcore03815,L300A,-0.24,1.0312055349349976,0.5698422789573669,1.1961462497711182
20,6937554,1PWM,MdrDBcore03816,L300A,0.456,0.8212524652481079,0.5698422789573669,1.1961462497711182
20,6937554,2IKI,MdrDBcore03817,L300P,2.615,1.0556247234344482,0.5698422789573669,1.1961462497711182
20,6937554,2PZN,MdrDBcore03818,L300P,1.416,1.9524863958358765,0.5698422789573669,1.1961462497711182
20,6937554,2PDG,MdrDBcore03819,L300P,1.101,1.7231512069702148,0.5698422789573669,1.1961462497711182
20,6937554,1PWM,MdrDBcore03820,L300P,1.871,0.8185867667198181,0.5698422789573669,1.1961462497711182
20,6937554,1PWM,MdrDBcore03821,L301M,0.696,0.8403316140174866,0.5698422789573669,1.1961462497711182
20,6937554,2FZD,MdrDBcore03822,L301M,0.6,-0.08936282247304916,0.5698422789573669,1.1961462497711182
20,6937554,2PZN,MdrDBcore03823,S302R,2.519,1.8776335716247559,0.5698422789573669,1.1961462497711182
20,6937554,2PDG,MdrDBcore03824,S302R,2.783,0.9066194891929626,0.5698422789573669,1.1961462497711182
20,6937554,2IKI,MdrDBcore03825,T113A,0.773,0.6915197372436523,0.5698422789573669,1.1961462497711182
20,6937554,1US0,MdrDBcore03826,T113A,1.198,0.42499834299087524,0.5698422789573669,1.1961462497711182
20,6937554,2IKI,MdrDBcore03827,T113C,0.142,0.4393482506275177,0.5698422789573669,1.1961462497711182
20,6937554,1US0,MdrDBcore03828,T113C,-1.523,-0.040181953459978104,0.5698422789573669,1.1961462497711182
20,6937554,1US0,MdrDBcore03829,T113S,0.994,-0.013346333988010883,0.5698422789573669,1.1961462497711182
20,6937554,2IKI,MdrDBcore03830,T113V,1.54,1.0124847888946533,0.5698422789573669,1.1961462497711182
20,6937554,1US0,MdrDBcore03831,T113V,0.766,0.49971991777420044,0.5698422789573669,1.1961462497711182
20,6937554,2IKI,MdrDBcore03832,T113Y,2.063,1.5825750827789307,0.5698422789573669,1.1961462497711182
20,6937554,2PZN,MdrDBcore03833,T113Y,2.327,2.0843048095703125,0.5698422789573669,1.1961462497711182
20,6937554,2PDG,MdrDBcore03834,T113Y,2.591,2.0424907207489014,0.5698422789573669,1.1961462497711182
20,6937554,1PWM,MdrDBcore03835,T113Y,2.063,1.0716381072998047,0.5698422789573669,1.1961462497711182
20,6937554,2IKI,MdrDBcore03836,V47I,-0.312,0.6875910758972168,0.5698422789573669,1.1961462497711182
20,6937554,2PDG,MdrDBcore03837,V47I,1.2,1.0934946537017822,0.5698422789573669,1.1961462497711182
20,6937554,1PWM,MdrDBcore03838,V47I,0.144,0.9412065744400024,0.5698422789573669,1.1961462497711182
20,6937554,1GZF,MdrDBcore03839,Q182A,0.132,0.4586736857891083,0.5698422789573669,1.1961462497711182
20,6937554,1GZF,MdrDBcore03840,Q212A,0.527,0.11954765021800995,0.5698422789573669,1.1961462497711182
20,6937554,1P1Q,MdrDBcore03841,T138L,-3.696,-2.4257030487060547,0.5698422789573669,1.1961462497711182
20,6937554,1P1N,MdrDBcore03842,T138L,1.478,0.9694916605949402,0.5698422789573669,1.1961462497711182
20,6937554,1P1O,MdrDBcore03843,T138L,-3.057,-0.7744576930999756,0.5698422789573669,1.1961462497711182
20,6937554,1SYH,MdrDBcore03844,Y187F,1.266,1.7648411989212036,0.5698422789573669,1.1961462497711182
20,6937554,2HA4,MdrDBcore03845,A203S,-2.14,-1.6071436405181885,0.5698422789573669,1.1961462497711182
20,6937554,2HA5,MdrDBcore03846,A203S,-1.541,-1.4538183212280273,0.5698422789573669,1.1961462497711182
20,6937554,2HA7,MdrDBcore03847,A203S,-0.384,-0.42362967133522034,0.5698422789573669,1.1961462497711182
20,6937554,2HA0,MdrDBcore03848,S203A,1.864,1.2653850317001343,0.5698422789573669,1.1961462497711182
20,6937554,2HA3,MdrDBcore03849,S203A,0.768,0.4865342974662781,0.5698422789573669,1.1961462497711182
20,6937554,2GMK,MdrDBcore03850,A91E,-0.667,-0.4554862976074219,0.5698422789573669,1.1961462497711182
20,6937554,2GMK,MdrDBcore03851,N89T,-0.086,-0.4554861783981323,0.5698422789573669,1.1961462497711182
20,6937554,1DF8,MdrDBcore03852,A45S,-4.05,-0.8351576328277588,0.5698422789573669,1.1961462497711182
20,6937554,1DF8,MdrDBcore03853,D128A,7.869,-0.8098694086074829,0.5698422789573669,1.1961462497711182
20,6937554,3RY2,MdrDBcore03854,S52G,0.155,-0.32410213351249695,0.5698422789573669,1.1961462497711182
20,6937554,1KC7,MdrDBcore03855,D620N,-1.605,-1.6243914365768433,0.5698422789573669,1.1961462497711182
20,6937554,1XQD,MdrDBcore03856,G73S,1.775,1.4264578819274902,0.5698422789573669,1.1961462497711182
20,6937554,1GZ4,MdrDBcore03857,R197Q,0.631,0.8025553226470947,0.5698422789573669,1.1961462497711182
20,6937554,1GZ4,MdrDBcore03858,R542V,0.814,0.956935703754425,0.5698422789573669,1.1961462497711182
20,6937554,3LZS,MdrDBcore03859,N88S,1.231,0.7685194611549377,0.5698422789573669,1.1961462497711182
20,6937554,2O2Q,MdrDBcore03860,C707A,1.371,-0.07163996994495392,0.5698422789573669,1.1961462497711182
20,6937554,2O2R,MdrDBcore03861,C707A,-0.968,0.515036940574646,0.5698422789573669,1.1961462497711182
20,6937554,2O2Q,MdrDBcore03862,E673A,-2.859,-0.07495734840631485,0.5698422789573669,1.1961462497711182
20,6937554,2O2Q,MdrDBcore03863,E673Q,-0.742,-0.08191905915737152,0.5698422789573669,1.1961462497711182
20,6937554,1P6L,MdrDBcore03864,N368D,-1.435,-0.3768932521343231,0.5698422789573669,1.1961462497711182
20,6937554,1P6N,MdrDBcore03865,N368D,-1.82,-0.09793726354837418,0.5698422789573669,1.1961462497711182
20,6937554,1P6H,MdrDBcore03866,D597N,3.205,0.37670719623565674,0.5698422789573669,1.1961462497711182
20,6937554,1P6J,MdrDBcore03867,D597N,3.139,0.21230283379554749,0.5698422789573669,1.1961462497711182
20,6937554,2CA8,MdrDBcore03868,R21L,1.518,0.46910110116004944,0.5698422789573669,1.1961462497711182
20,6937554,2C80,MdrDBcore03869,R21L,0.487,0.005711324047297239,0.5698422789573669,1.1961462497711182
20,6937554,2CA8,MdrDBcore03870,R21Q,-0.028,0.4691013693809509,0.5698422789573669,1.1961462497711182
20,6937554,2C80,MdrDBcore03871,R21Q,-0.638,0.0057112122885882854,0.5698422789573669,1.1961462497711182
20,6937554,2CA8,MdrDBcore03872,Y10F,-0.028,0.21720993518829346,0.5698422789573669,1.1961462497711182
20,6937554,1IYK,MdrDBcore03873,D110A,1.511,0.4662746489048004,0.5698422789573669,1.1961462497711182
20,6937554,1IYK,MdrDBcore03874,D112A,2.22,0.48564982414245605,0.5698422789573669,1.1961462497711182
20,6937554,1IYK,MdrDBcore03875,D412A,2.647,0.18341490626335144,0.5698422789573669,1.1961462497711182
20,6937554,1IYK,MdrDBcore03876,F339A,1.17,0.4950332045555115,0.5698422789573669,1.1961462497711182
20,6937554,1IYK,MdrDBcore03877,G413A,-0.195,0.4594567120075226,0.5698422789573669,1.1961462497711182
20,6937554,1IYK,MdrDBcore03878,H227A,2.007,0.34187427163124084,0.5698422789573669,1.1961462497711182
20,6937554,1IYK,MdrDBcore03879,I111A,0.199,0.4841408431529999,0.5698422789573669,1.1961462497711182
20,6937554,1IYK,MdrDBcore03880,I352A,1.17,0.47463691234588623,0.5698422789573669,1.1961462497711182
20,6937554,1IYK,MdrDBcore03881,L350V,-0.132,0.47463691234588623,0.5698422789573669,1.1961462497711182
20,6937554,1IYK,MdrDBcore03882,L451A,0.0,0.47984758019447327,0.5698422789573669,1.1961462497711182
20,6937554,1IYK,MdrDBcore03883,L451Q,0.566,0.4798004627227783,0.5698422789573669,1.1961462497711182
20,6937554,1IYK,MdrDBcore03884,N175A,1.41,0.44947344064712524,0.5698422789573669,1.1961462497711182
20,6937554,1IYK,MdrDBcore03885,P229A,0.108,0.4862600266933441,0.5698422789573669,1.1961462497711182
20,6937554,1IYK,MdrDBcore03886,S241A,0.667,0.46809476613998413,0.5698422789573669,1.1961462497711182
20,6937554,1IYK,MdrDBcore03887,T114A,-0.675,0.43285125494003296,0.5698422789573669,1.1961462497711182
20,6937554,1IYK,MdrDBcore03888,T211A,0.046,0.5034946799278259,0.5698422789573669,1.1961462497711182
20,6937554,1IYK,MdrDBcore03889,V108A,-0.303,0.5338233709335327,0.5698422789573669,1.1961462497711182
20,6937554,1IYK,MdrDBcore03890,W232A,0.718,0.474636971950531,0.5698422789573669,1.1961462497711182
20,6937554,1IYK,MdrDBcore03891,Y107A,1.232,0.41298407316207886,0.5698422789573669,1.1961462497711182
20,6937554,1IYK,MdrDBcore03892,Y119A,1.062,0.48587557673454285,0.5698422789573669,1.1961462497711182
20,6937554,1IYK,MdrDBcore03893,Y354A,1.289,0.41298404335975647,0.5698422789573669,1.1961462497711182
20,6937554,2VQZ,MdrDBcore03894,F323A,0.282,0.4793171286582947,0.5698422789573669,1.1961462497711182
20,6937554,2VQZ,MdrDBcore03895,F325A,0.509,0.453269898891449,0.5698422789573669,1.1961462497711182
20,6937554,2VQZ,MdrDBcore03896,F404A,1.171,0.48180004954338074,0.5698422789573669,1.1961462497711182
20,6937554,2VQZ,MdrDBcore03897,H357A,0.916,0.4866916537284851,0.5698422789573669,1.1961462497711182
20,6937554,2VQZ,MdrDBcore03898,H357W,-1.184,0.4707872271537781,0.5698422789573669,1.1961462497711182
20,6937554,1P7T,MdrDBcore03899,R338K,1.483,0.12225732207298279,0.5698422789573669,1.1961462497711182
20,6937554,1P7T,MdrDBcore03900,R338K,0.278,0.12225746363401413,0.5698422789573669,1.1961462497711182
20,6937554,3AH4,MdrDBcore03901,F179I,0.22,-0.12523813545703888,0.5698422789573669,1.1961462497711182
20,6937554,3AJ5,MdrDBcore03902,F179I,0.322,0.3903511166572571,0.5698422789573669,1.1961462497711182
20,6937554,3AH4,MdrDBcore03903,W176A,0.109,0.015442184172570705,0.5698422789573669,1.1961462497711182
20,6937554,3AJ5,MdrDBcore03904,W176A,0.425,0.3903511166572571,0.5698422789573669,1.1961462497711182
20,6937554,1AMK,MdrDBcore03905,E65Q,-0.024,1.3189400434494019,0.5698422789573669,1.1961462497711182
20,6937554,1XJB,MdrDBcore03906,R301L,-0.028,0.22890563309192657,0.5698422789573669,1.1961462497711182
20,6937554,1XJB,MdrDBcore03907,R304L,0.404,0.2289050966501236,0.5698422789573669,1.1961462497711182
20,6937554,3HU2,MdrDBcore03908,A86R,1.598,0.4700969159603119,0.5698422789573669,1.1961462497711182
20,6937554,3HU1,MdrDBcore03909,G95R,1.14,0.31345343589782715,0.5698422789573669,1.1961462497711182
20,6937554,3HU3,MdrDBcore03910,H155R,1.14,0.24279038608074188,0.5698422789573669,1.1961462497711182
20,6937554,1LO8,MdrDBcore03911,D17N,-0.051,-0.5075819492340088,0.5698422789573669,1.1961462497711182
20,6937554,1LO7,MdrDBcore03912,D17N,0.143,-0.8299711346626282,0.5698422789573669,1.1961462497711182
20,6937554,1B74,MdrDBcore03913,D7S,-0.268,1.5508456230163574,0.5698422789573669,1.1961462497711182
20,6937554,1B74,MdrDBcore03914,E147N,1.005,0.5121830701828003,0.5698422789573669,1.1961462497711182
20,6937554,1O0N,MdrDBcore03915,T45G,0.489,0.3577427864074707,0.5698422789573669,1.1961462497711182
20,6937554,1W4Q,MdrDBcore03916,T45G,2.07,0.19238577783107758,0.5698422789573669,1.1961462497711182
20,6937554,1PZO,MdrDBcore03917,T182M,0.012,-0.4654791057109833,0.5698422789573669,1.1961462497711182
20,6937554,1W96,MdrDBcore03918,E477R,1.489,1.4771921634674072,0.5698422789573669,1.1961462497711182
20,6937554,1W96,MdrDBcore03919,F510I,0.621,0.7262535095214844,0.5698422789573669,1.1961462497711182
20,6937554,1W96,MdrDBcore03920,I69E,1.945,0.8867648839950562,0.5698422789573669,1.1961462497711182
20,6937554,1W96,MdrDBcore03921,K73R,3.699,2.032334804534912,0.5698422789573669,1.1961462497711182
20,6937554,1W96,MdrDBcore03922,N485G,0.178,0.7639061212539673,0.5698422789573669,1.1961462497711182
20,6937554,1WCQ,MdrDBcore03923,F370D,1.218,0.1946363002061844,0.5698422789573669,1.1961462497711182
20,6937554,1WCQ,MdrDBcore03924,F370E,0.633,0.1570902019739151,0.5698422789573669,1.1961462497711182
20,6937554,1WCQ,MdrDBcore03925,F370Y,-0.811,0.6561787128448486,0.5698422789573669,1.1961462497711182
20,6937554,3NTY,MdrDBcore03926,F311A,0.33,0.9082542657852173,0.5698422789573669,1.1961462497711182
20,6937554,3C3U,MdrDBcore03927,F311A,0.066,0.43096616864204407,0.5698422789573669,1.1961462497711182
20,6937554,3NTY,MdrDBcore03928,F311L,-0.007,0.38671374320983887,0.5698422789573669,1.1961462497711182
20,6937554,3C3U,MdrDBcore03929,F311L,0.101,0.4309658408164978,0.5698422789573669,1.1961462497711182
20,6937554,3C3U,MdrDBcore03930,H222S,1.354,1.843152642250061,0.5698422789573669,1.1961462497711182
20,6937554,3NTY,MdrDBcore03931,L306A,2.607,1.7922502756118774,0.5698422789573669,1.1961462497711182
20,6937554,3C3U,MdrDBcore03932,L306A,2.272,1.8521538972854614,0.5698422789573669,1.1961462497711182
20,6937554,3NTY,MdrDBcore03933,L308A,0.197,0.6813853979110718,0.5698422789573669,1.1961462497711182
20,6937554,3C3U,MdrDBcore03934,L308A,3.649,1.7885792255401611,0.5698422789573669,1.1961462497711182
20,6937554,3NTY,MdrDBcore03935,L308V,0.404,0.5330990552902222,0.5698422789573669,1.1961462497711182
20,6937554,3C3U,MdrDBcore03936,L308V,1.53,1.6974265575408936,0.5698422789573669,1.1961462497711182
20,6937554,3NTY,MdrDBcore03937,L54V,1.019,0.9313822984695435,0.5698422789573669,1.1961462497711182
20,6937554,3C3U,MdrDBcore03938,L54V,1.581,1.922982931137085,0.5698422789573669,1.1961462497711182
20,6937554,3ZY2,MdrDBcore03939,D242A,-0.805,0.46719664335250854,0.5698422789573669,1.1961462497711182
20,6937554,3ZY2,MdrDBcore03940,D244A,-0.742,0.46719634532928467,0.5698422789573669,1.1961462497711182
20,6937554,3ZY2,MdrDBcore03941,F199A,-0.394,0.4671962261199951,0.5698422789573669,1.1961462497711182
20,6937554,3ZY2,MdrDBcore03942,F261A,-0.634,0.4775679111480713,0.5698422789573669,1.1961462497711182
20,6937554,3ZY2,MdrDBcore03943,F357A,2.573,0.8629603385925293,0.5698422789573669,1.1961462497711182
20,6937554,3ZY2,MdrDBcore03944,N43A,-0.091,0.569129228591919,0.5698422789573669,1.1961462497711182
20,6937554,3ZY2,MdrDBcore03945,R240K,3.06,0.6367388367652893,0.5698422789573669,1.1961462497711182
20,6937554,3ZY2,MdrDBcore03946,R40A,1.292,1.0092358589172363,0.5698422789573669,1.1961462497711182
20,6937554,3ZY2,MdrDBcore03947,W245A,0.9,0.5785373449325562,0.5698422789573669,1.1961462497711182
20,6937554,2R0H,MdrDBcore03948,R81A,0.553,0.27241986989974976,0.5698422789573669,1.1961462497711182
20,6937554,1FSG,MdrDBcore03949,D150A,-1.181,0.9637864828109741,0.5698422789573669,1.1961462497711182
20,6937554,3QFX,MdrDBcore03950,T86N,1.186,0.037617575377225876,0.5698422789573669,1.1961462497711182
20,6937554,3RG9,MdrDBcore03951,T86N,0.75,0.6222254037857056,0.5698422789573669,1.1961462497711182
20,6937554,3QFX,MdrDBcore03952,T86S,-1.448,-0.7385227680206299,0.5698422789573669,1.1961462497711182
20,6937554,3RG9,MdrDBcore03953,T86S,-0.119,0.3410564064979553,0.5698422789573669,1.1961462497711182
20,6937554,1L7E,MdrDBcore03954,D135N,-0.004,0.2959374189376831,0.5698422789573669,1.1961462497711182
20,6937554,1L7E,MdrDBcore03955,Q132N,0.129,0.309609591960907,0.5698422789573669,1.1961462497711182
20,6937554,1L7E,MdrDBcore03956,R127A,2.169,0.6501688957214355,0.5698422789573669,1.1961462497711182
20,6937554,1L7E,MdrDBcore03957,R127M,2.169,0.7277605533599854,0.5698422789573669,1.1961462497711182
20,6937554,1L7E,MdrDBcore03958,S138A,0.158,0.30662721395492554,0.5698422789573669,1.1961462497711182
20,6937554,2E7F,MdrDBcore03959,N199A,0.577,0.1660749763250351,0.5698422789573669,1.1961462497711182
20,6937554,1FLM,MdrDBcore03960,E13Q,0.391,0.5360931754112244,0.5698422789573669,1.1961462497711182
20,6937554,1FLM,MdrDBcore03961,E13T,0.649,0.5360931158065796,0.5698422789573669,1.1961462497711182
20,6937554,1FLM,MdrDBcore03962,L122E,1.697,0.7864909172058105,0.5698422789573669,1.1961462497711182
20,6937554,1FLM,MdrDBcore03963,L122K,0.521,0.8612645864486694,0.5698422789573669,1.1961462497711182
20,6937554,1FLM,MdrDBcore03964,L122Y,-0.659,0.8548469543457031,0.5698422789573669,1.1961462497711182
20,6937554,3H2K,MdrDBcore03965,G221I,-1.104,0.48496562242507935,0.5698422789573669,1.1961462497711182
20,6937554,3H2K,MdrDBcore03966,G231A,1.207,0.5152367353439331,0.5698422789573669,1.1961462497711182
20,6937554,3H2K,MdrDBcore03967,G231F,1.92,1.3286280632019043,0.5698422789573669,1.1961462497711182
20,6937554,3H2K,MdrDBcore03968,G231I,1.366,0.8330274224281311,0.5698422789573669,1.1961462497711182
20,6937554,3H2K,MdrDBcore03969,N228W,0.233,1.038546085357666,0.5698422789573669,1.1961462497711182
20,6937554,3H2K,MdrDBcore03970,S176A,0.049,0.5147736668586731,0.5698422789573669,1.1961462497711182
20,6937554,3CL2,MdrDBcore03971,S294N,-2.604,-1.4791004657745361,0.5698422789573669,1.1961462497711182
20,6937554,3CL0,MdrDBcore03972,Y274H,-3.306,-1.7290116548538208,0.5698422789573669,1.1961462497711182
20,6937554,3CKZ,MdrDBcore03973,Y274H,-0.38,-0.965714693069458,0.5698422789573669,1.1961462497711182
20,6937554,3UJ9,MdrDBcore03974,H132A,0.062,1.540848970413208,0.5698422789573669,1.1961462497711182
20,6937554,3UJB,MdrDBcore03975,H132A,0.257,0.05552254244685173,0.5698422789573669,1.1961462497711182
20,6937554,3UJ9,MdrDBcore03976,Y19F,-0.087,1.5697983503341675,0.5698422789573669,1.1961462497711182
20,6937554,3UJB,MdrDBcore03977,Y19F,0.248,0.18531639873981476,0.5698422789573669,1.1961462497711182
20,6937554,3OXC,MdrDBcore03978,G48V,2.637,0.5244746804237366,0.5698422789573669,1.1961462497711182
20,6937554,3OXC,MdrDBcore03979,G48V,2.637,0.524474561214447,0.5698422789573669,1.1961462497711182
20,6937554,2HS1,MdrDBcore03980,I32V,-1.13,-0.9624558091163635,0.5698422789573669,1.1961462497711182
20,6937554,3OXC,MdrDBcore03981,I50V,1.878,0.5165212154388428,0.5698422789573669,1.1961462497711182
20,6937554,3OXC,MdrDBcore03982,I50V,1.878,0.5165212154388428,0.5698422789573669,1.1961462497711182
20,6937554,3OXC,MdrDBcore03983,I54M,0.981,0.5323545336723328,0.5698422789573669,1.1961462497711182
20,6937554,3OXC,MdrDBcore03984,I54M,0.981,0.5323547720909119,0.5698422789573669,1.1961462497711182
20,6937554,3OXC,MdrDBcore03985,I54V,1.576,0.532354474067688,0.5698422789573669,1.1961462497711182
20,6937554,3OXC,MdrDBcore03986,I54V,1.576,0.5323545336723328,0.5698422789573669,1.1961462497711182
20,6937554,3OXC,MdrDBcore03987,I84V,0.058,0.6410995125770569,0.5698422789573669,1.1961462497711182
20,6937554,3OXC,MdrDBcore03988,I84V,0.058,0.6410995125770569,0.5698422789573669,1.1961462497711182
20,6937554,2HS2,MdrDBcore03989,L46M,-1.364,-0.05743657797574997,0.5698422789573669,1.1961462497711182
20,6937554,3OXC,MdrDBcore03990,V82A,0.058,0.4953828454017639,0.5698422789573669,1.1961462497711182
20,6937554,3OXC,MdrDBcore03991,V82A,0.058,0.49538278579711914,0.5698422789573669,1.1961462497711182
20,6937554,3IJW,MdrDBcore03992,H183A,-1.3,-0.028233323246240616,0.5698422789573669,1.1961462497711182
20,6937554,3IJW,MdrDBcore03993,H183G,-1.006,-0.028233196586370468,0.5698422789573669,1.1961462497711182
20,6937554,3KYF,MdrDBcore03994,Q121A,0.338,0.6488415002822876,0.5698422789573669,1.1961462497711182
20,6937554,3KYF,MdrDBcore03995,R122A,1.751,0.8637579083442688,0.5698422789573669,1.1961462497711182
20,6937554,3KYF,MdrDBcore03996,R122L,0.862,0.828159511089325,0.5698422789573669,1.1961462497711182
20,6937554,3KYF,MdrDBcore03997,S159A,0.885,0.6497170925140381,0.5698422789573669,1.1961462497711182
20,6937554,3OKP,MdrDBcore03998,D13A,0.481,0.30606916546821594,0.5698422789573669,1.1961462497711182
20,6937554,3OKC,MdrDBcore03999,D13A,0.307,-0.007754646707326174,0.5698422789573669,1.1961462497711182
20,6937554,3OKP,MdrDBcore04000,D13N,0.273,0.3060692846775055,0.5698422789573669,1.1961462497711182
20,6937554,3OKC,MdrDBcore04001,D13N,-0.393,-0.007754900027066469,0.5698422789573669,1.1961462497711182
20,6937554,3OKP,MdrDBcore04002,E290D,0.63,0.30775684118270874,0.5698422789573669,1.1961462497711182
20,6937554,3OKC,MdrDBcore04003,E290D,1.291,0.1505344808101654,0.5698422789573669,1.1961462497711182
20,6937554,3OKP,MdrDBcore04004,E290Q,0.374,0.2931825816631317,0.5698422789573669,1.1961462497711182
20,6937554,3OKC,MdrDBcore04005,E290Q,0.079,0.7969359159469604,0.5698422789573669,1.1961462497711182
20,6937554,3OKP,MdrDBcore04006,G123P,0.257,0.30606934428215027,0.5698422789573669,1.1961462497711182
20,6937554,3OKC,MdrDBcore04007,G123P,0.087,-0.007754881400614977,0.5698422789573669,1.1961462497711182
20,6937554,3OKP,MdrDBcore04008,G20W,0.084,-0.02645675092935562,0.5698422789573669,1.1961462497711182
20,6937554,3OKC,MdrDBcore04009,G20W,0.143,-0.613915205001831,0.5698422789573669,1.1961462497711182
20,6937554,3OKP,MdrDBcore04010,G291S,0.762,0.3060694634914398,0.5698422789573669,1.1961462497711182
20,6937554,3OKC,MdrDBcore04011,G291S,0.42,-0.0077547249384224415,0.5698422789573669,1.1961462497711182
20,6937554,3OKP,MdrDBcore04012,H118S,0.817,0.3060693144798279,0.5698422789573669,1.1961462497711182
20,6937554,3OKC,MdrDBcore04013,H118S,-0.368,-0.007754933554679155,0.5698422789573669,1.1961462497711182
20,6937554,3OKP,MdrDBcore04014,I21A,0.64,0.3060692846775055,0.5698422789573669,1.1961462497711182
20,6937554,3OKC,MdrDBcore04015,I21A,0.067,-0.007754914928227663,0.5698422789573669,1.1961462497711182
20,6937554,3OKP,MdrDBcore04016,I21S,-0.207,0.30606934428215027,0.5698422789573669,1.1961462497711182
20,6937554,3OKC,MdrDBcore04017,I21S,-0.19,-0.007754739839583635,0.5698422789573669,1.1961462497711182
20,6937554,3OKP,MdrDBcore04018,K211Q,0.28,0.3520253598690033,0.5698422789573669,1.1961462497711182
20,6937554,3OKC,MdrDBcore04019,K211Q,0.059,0.1541176736354828,0.5698422789573669,1.1961462497711182
20,6937554,3OKP,MdrDBcore04020,N12A,0.042,0.3060694634914398,0.5698422789573669,1.1961462497711182
20,6937554,3OKC,MdrDBcore04021,N12A,-0.319,-0.0077548255212605,0.5698422789573669,1.1961462497711182
20,6937554,3OKP,MdrDBcore04022,Q22A,0.684,0.30606937408447266,0.5698422789573669,1.1961462497711182
20,6937554,3OKC,MdrDBcore04023,Q22A,-0.104,-0.007754985708743334,0.5698422789573669,1.1961462497711182
20,6937554,3OKP,MdrDBcore04024,R206S,0.48,0.5619962215423584,0.5698422789573669,1.1961462497711182
20,6937554,3OKC,MdrDBcore04025,R206S,0.406,0.3448871076107025,0.5698422789573669,1.1961462497711182
20,6937554,3OKP,MdrDBcore04026,R210S,0.444,0.3183637857437134,0.5698422789573669,1.1961462497711182
20,6937554,3OKC,MdrDBcore04027,R210S,0.112,0.13753768801689148,0.5698422789573669,1.1961462497711182
20,6937554,3OKP,MdrDBcore04028,S205G,-0.009,0.31545400619506836,0.5698422789573669,1.1961462497711182
20,6937554,3OKC,MdrDBcore04029,S205G,-0.049,-0.007635817397385836,0.5698422789573669,1.1961462497711182
20,6937554,3AQT,MdrDBcore04030,D94A,1.759,1.6783432960510254,0.5698422789573669,1.1961462497711182
20,6937554,3AQT,MdrDBcore04031,R145A,2.111,1.71598219871521,0.5698422789573669,1.1961462497711182
20,6937554,3AQT,MdrDBcore04032,R148A,1.451,1.1656053066253662,0.5698422789573669,1.1961462497711182
20,6937554,1MUI,MdrDBcore04033,D30N,0.765,-0.11874143034219742,0.5698422789573669,1.1961462497711182
20,6937554,1MUI,MdrDBcore04034,L90M,-0.056,-0.09930046647787094,0.5698422789573669,1.1961462497711182
20,6937554,1MUI,MdrDBcore04035,N88D,-0.189,-0.09930052608251572,0.5698422789573669,1.1961462497711182
20,6937554,2Q88,MdrDBcore04036,E134A,-0.17,0.3847722113132477,0.5698422789573669,1.1961462497711182
20,6937554,2Q88,MdrDBcore04037,E21A,2.137,0.36396145820617676,0.5698422789573669,1.1961462497711182
20,6937554,2Q89,MdrDBcore04038,E21A,2.796,1.7157189846038818,0.5698422789573669,1.1961462497711182
20,6937554,2Q88,MdrDBcore04039,F24A,-0.123,0.20437362790107727,0.5698422789573669,1.1961462497711182
20,6937554,2Q89,MdrDBcore04040,F24A,-0.132,0.636529803276062,0.5698422789573669,1.1961462497711182
20,6937554,2Q88,MdrDBcore04041,F24D,0.848,0.09562356770038605,0.5698422789573669,1.1961462497711182
20,6937554,2Q89,MdrDBcore04042,F24D,0.954,1.4029866456985474,0.5698422789573669,1.1961462497711182
20,6937554,2Q88,MdrDBcore04043,F24E,-0.079,0.23961935937404633,0.5698422789573669,1.1961462497711182
20,6937554,2Q89,MdrDBcore04044,F24E,1.376,1.4327048063278198,0.5698422789573669,1.1961462497711182
20,6937554,2Q88,MdrDBcore04045,F80D,1.95,0.2649717926979065,0.5698422789573669,1.1961462497711182
20,6937554,2Q89,MdrDBcore04046,F80D,3.103,0.7558819651603699,0.5698422789573669,1.1961462497711182
20,6937554,2Q88,MdrDBcore04047,F80E,0.831,0.3968004882335663,0.5698422789573669,1.1961462497711182
20,6937554,2Q89,MdrDBcore04048,F80E,2.827,0.8386321067810059,0.5698422789573669,1.1961462497711182
20,6937554,2Q88,MdrDBcore04049,Y60A,0.783,0.30902427434921265,0.5698422789573669,1.1961462497711182
20,6937554,2Q89,MdrDBcore04050,Y60A,0.566,0.6461650133132935,0.5698422789573669,1.1961462497711182
20,6937554,2Q88,MdrDBcore04051,Y60F,0.161,0.3801344633102417,0.5698422789573669,1.1961462497711182
20,6937554,2Q89,MdrDBcore04052,Y60F,0.467,0.8194513320922852,0.5698422789573669,1.1961462497711182
20,6937554,2Q88,MdrDBcore04053,Y60W,-1.586,0.554428219795227,0.5698422789573669,1.1961462497711182
20,6937554,2Q89,MdrDBcore04054,Y60W,-0.675,1.0323611497879028,0.5698422789573669,1.1961462497711182
20,6937554,2.00E+22,MdrDBcore04055,R612A,-0.423,-0.2028704285621643,0.5698422789573669,1.1961462497711182
20,6937554,2QEH,MdrDBcore04056,D111L,2.798,2.443760395050049,0.5698422789573669,1.1961462497711182
20,6937554,2QEH,MdrDBcore04057,D139L,2.798,2.9443609714508057,0.5698422789573669,1.1961462497711182
20,6937554,2QEH,MdrDBcore04058,E114L,4.791,2.1624691486358643,0.5698422789573669,1.1961462497711182
20,6937554,2QEH,MdrDBcore04059,E7L,2.106,1.0398480892181396,0.5698422789573669,1.1961462497711182
20,6937554,2PQL,MdrDBcore04060,E7L,1.728,0.5795465707778931,0.5698422789573669,1.1961462497711182
20,6937554,2QEH,MdrDBcore04061,H35L,-1.883,0.5452550649642944,0.5698422789573669,1.1961462497711182
20,6937554,2PQL,MdrDBcore04062,H35L,-2.655,0.7216125726699829,0.5698422789573669,1.1961462497711182
20,6937554,2QEH,MdrDBcore04063,Y94L,0.581,2.550734758377075,0.5698422789573669,1.1961462497711182
20,6937554,2PQL,MdrDBcore04064,Y94L,2.055,2.2198586463928223,0.5698422789573669,1.1961462497711182
20,6937554,3AM3,MdrDBcore04065,M372V,-0.262,0.6694321632385254,0.5698422789573669,1.1961462497711182
20,6937554,2CCC,MdrDBcore04066,E45A,-0.338,-0.06186128780245781,0.5698422789573669,1.1961462497711182
20,6937554,2CC7,MdrDBcore04067,E45A,0.071,0.3132964074611664,0.5698422789573669,1.1961462497711182
20,6937554,2CCB,MdrDBcore04068,E45A,0.236,-0.053019192069768906,0.5698422789573669,1.1961462497711182
20,6937554,2CC7,MdrDBcore04069,E45F,0.501,0.3670116662979126,0.5698422789573669,1.1961462497711182
20,6937554,2CCB,MdrDBcore04070,E45F,-1.048,-0.0038733636029064655,0.5698422789573669,1.1961462497711182
20,6937554,2CC7,MdrDBcore04071,E45H,-0.453,0.3490380346775055,0.5698422789573669,1.1961462497711182
20,6937554,2CCB,MdrDBcore04072,E45H,-0.372,-0.010104228742420673,0.5698422789573669,1.1961462497711182
20,6937554,2CC7,MdrDBcore04073,E45N,-0.075,0.33064964413642883,0.5698422789573669,1.1961462497711182
20,6937554,2CCB,MdrDBcore04074,E45N,0.895,-0.026124659925699234,0.5698422789573669,1.1961462497711182
20,6937554,2CC7,MdrDBcore04075,E45Q,-0.65,0.32698991894721985,0.5698422789573669,1.1961462497711182
20,6937554,2CCB,MdrDBcore04076,E45Q,1.076,0.08804801851511002,0.5698422789573669,1.1961462497711182
20,6937554,2CCB,MdrDBcore04077,E45T,-2.011,-0.048053253442049026,0.5698422789573669,1.1961462497711182
20,6937554,2CCC,MdrDBcore04078,Q55A,-1.028,-0.08588358759880066,0.5698422789573669,1.1961462497711182
20,6937554,2CC7,MdrDBcore04079,Q55A,1.883,0.31358063220977783,0.5698422789573669,1.1961462497711182
20,6937554,2CCB,MdrDBcore04080,Q55A,-0.941,-0.02203737199306488,0.5698422789573669,1.1961462497711182
20,6937554,2JDM,MdrDBcore04081,A22S,-1.315,-1.8440158367156982,0.5698422789573669,1.1961462497711182
20,6937554,2JDU,MdrDBcore04082,N24G,0.484,-2.023542881011963,0.5698422789573669,1.1961462497711182
20,6937554,2JDY,MdrDBcore04083,N24G,-3.098,-2.066328763961792,0.5698422789573669,1.1961462497711182
20,6937554,2FLE,MdrDBcore04084,A82V,-1.146,-0.8461471796035767,0.5698422789573669,1.1961462497711182
20,6937554,3EEB,MdrDBcore04085,C140A,0.315,0.4512053430080414,0.5698422789573669,1.1961462497711182
20,6937554,3EEB,MdrDBcore04086,D178A,1.612,0.5277221202850342,0.5698422789573669,1.1961462497711182
20,6937554,3EEB,MdrDBcore04087,D178N,0.418,0.4512052834033966,0.5698422789573669,1.1961462497711182
20,6937554,3EEB,MdrDBcore04088,D191A,0.298,0.451205313205719,0.5698422789573669,1.1961462497711182
20,6937554,3EEB,MdrDBcore04089,E179A,-0.07,0.4512051045894623,0.5698422789573669,1.1961462497711182
20,6937554,3EEB,MdrDBcore04090,H134A,0.839,0.6978399753570557,0.5698422789573669,1.1961462497711182
20,6937554,3EEB,MdrDBcore04091,R182Q,1.376,0.72678542137146,0.5698422789573669,1.1961462497711182
20,6937554,3EEB,MdrDBcore04092,R29Q,1.015,0.7065498232841492,0.5698422789573669,1.1961462497711182
20,6937554,3EEB,MdrDBcore04093,W192A,1.168,0.45120546221733093,0.5698422789573669,1.1961462497711182
20,6937554,3EEB,MdrDBcore04094,W192F,0.257,0.45120498538017273,0.5698422789573669,1.1961462497711182
20,6937554,3HY8,MdrDBcore04095,W229Q,-1.724,0.10970224440097809,0.5698422789573669,1.1961462497711182
20,6937554,3HY8,MdrDBcore04096,W229R,-2.302,0.10651954263448715,0.5698422789573669,1.1961462497711182
20,6937554,1TPZ,MdrDBcore04097,K48A,0.0,-0.4044843912124634,0.5698422789573669,1.1961462497711182
20,6937554,1TPZ,MdrDBcore04098,K48E,-0.048,-0.40448471903800964,0.5698422789573669,1.1961462497711182
20,6937554,1TPZ,MdrDBcore04099,L44R,-0.069,-0.40448465943336487,0.5698422789573669,1.1961462497711182
20,6937554,1TPZ,MdrDBcore04100,M173A,0.0,-0.40448465943336487,0.5698422789573669,1.1961462497711182
20,6937554,1TPZ,MdrDBcore04101,S172R,0.161,-0.40448465943336487,0.5698422789573669,1.1961462497711182
20,6937554,3FQL,MdrDBcore04102,C316N,1.543,-0.10724984854459763,0.5698422789573669,1.1961462497711182
20,6937554,3FQL,MdrDBcore04103,L419M,-0.061,-0.18145935237407684,0.5698422789573669,1.1961462497711182
20,6937554,3FQL,MdrDBcore04104,M414T,-0.297,-0.3365083336830139,0.5698422789573669,1.1961462497711182
20,6937554,3FQL,MdrDBcore04105,P495L,-0.27,-0.18145939707756042,0.5698422789573669,1.1961462497711182
20,6937554,3MDV,MdrDBcore04106,T306A,0.132,-0.18202203512191772,0.5698422789573669,1.1961462497711182
20,6937554,3MDM,MdrDBcore04107,T306A,-1.062,-0.7144133448600769,0.5698422789573669,1.1961462497711182
20,6937554,3MDR,MdrDBcore04108,T306A,0.954,0.5408055782318115,0.5698422789573669,1.1961462497711182
20,6937554,3MDT,MdrDBcore04109,T306A,0.262,0.5705332159996033,0.5698422789573669,1.1961462497711182
20,6937554,3MI3,MdrDBcore04110,E222Q,5.588,1.7856048345565796,0.5698422789573669,1.1961462497711182
20,6937554,3MI3,MdrDBcore04111,Q364R,3.292,1.7842249870300293,0.5698422789573669,1.1961462497711182
20,6937554,3MI3,MdrDBcore04112,R288K,2.995,1.7842075824737549,0.5698422789573669,1.1961462497711182
20,6937554,3DGN,MdrDBcore04113,Y43F,1.133,0.36462876200675964,0.5698422789573669,1.1961462497711182
20,6937554,3DGL,MdrDBcore04114,Y43F,-0.195,-0.6512507796287537,0.5698422789573669,1.1961462497711182
20,6937554,4CKI,MdrDBcore04115,A807V,0.512,0.3441055417060852,0.5698422789573669,1.1961462497711182
20,6937554,6VHG,MdrDBcore04116,A807V,0.619,0.9597671627998352,0.5698422789573669,1.1961462497711182
20,6937554,4CKI,MdrDBcore04117,A807V,-0.091,0.3412296772003174,0.5698422789573669,1.1961462497711182
20,6937554,4CKI,MdrDBcore04118,E732K,0.928,0.6859754323959351,0.5698422789573669,1.1961462497711182
20,6937554,6VHG,MdrDBcore04119,E732K,-0.102,0.643162727355957,0.5698422789573669,1.1961462497711182
20,6937554,4CKI,MdrDBcore04120,E732K,0.115,0.6528868675231934,0.5698422789573669,1.1961462497711182
20,6937554,4CKI,MdrDBcore04121,F998V,0.667,0.5809682011604309,0.5698422789573669,1.1961462497711182
20,6937554,6VHG,MdrDBcore04122,F998V,0.901,0.8046747446060181,0.5698422789573669,1.1961462497711182
20,6937554,4CKI,MdrDBcore04123,F998V,0.0,0.6379323601722717,0.5698422789573669,1.1961462497711182
20,6937554,4CKI,MdrDBcore04124,G810A,-0.052,0.6039007902145386,0.5698422789573669,1.1961462497711182
20,6937554,6NEC,MdrDBcore04125,G810A,-0.324,0.8986752033233643,0.5698422789573669,1.1961462497711182
20,6937554,4CKI,MdrDBcore04126,G810A,-0.044,0.6719610691070557,0.5698422789573669,1.1961462497711182
20,6937554,4CKI,MdrDBcore04127,G810S,0.874,0.9970741868019104,0.5698422789573669,1.1961462497711182
20,6937554,6NEC,MdrDBcore04128,G810S,0.747,0.631523072719574,0.5698422789573669,1.1961462497711182
20,6937554,4CKI,MdrDBcore04129,G810S,0.821,0.8645262718200684,0.5698422789573669,1.1961462497711182
20,6937554,6NJA,MdrDBcore04130,M918T,1.113,0.5001659989356995,0.5698422789573669,1.1961462497711182
20,6937554,6VHG,MdrDBcore04131,M918T,1.192,0.8865752220153809,0.5698422789573669,1.1961462497711182
20,6937554,2IVT,MdrDBcore04132,M918T,0.319,0.24303573369979858,0.5698422789573669,1.1961462497711182
20,6937554,4CKI,MdrDBcore04133,V738A,0.954,0.8222565054893494,0.5698422789573669,1.1961462497711182
20,6937554,6NEC,MdrDBcore04134,V738A,1.49,0.9166122078895569,0.5698422789573669,1.1961462497711182
20,6937554,4CKI,MdrDBcore04135,V738A,1.115,0.5808568596839905,0.5698422789573669,1.1961462497711182
20,6937554,4CKI,MdrDBcore04136,V804L,1.538,1.0786107778549194,0.5698422789573669,1.1961462497711182
20,6937554,6VHG,MdrDBcore04137,V804L,2.383,0.8971896171569824,0.5698422789573669,1.1961462497711182
20,6937554,4CKI,MdrDBcore04138,V804L,0.842,0.570575475692749,0.5698422789573669,1.1961462497711182
20,6937554,4CKI,MdrDBcore04139,V804M,1.704,0.6446067690849304,0.5698422789573669,1.1961462497711182
20,6937554,6VHG,MdrDBcore04140,V804M,1.985,0.8955436944961548,0.5698422789573669,1.1961462497711182
20,6937554,4CKI,MdrDBcore04141,V804M,1.076,1.121498942375183,0.5698422789573669,1.1961462497711182
20,6937554,4CKI,MdrDBcore04142,V871I,0.886,0.9655104279518127,0.5698422789573669,1.1961462497711182
20,6937554,6NEC,MdrDBcore04143,V871I,0.597,0.6209957599639893,0.5698422789573669,1.1961462497711182
20,6937554,4CKI,MdrDBcore04144,V871I,0.149,0.605700671672821,0.5698422789573669,1.1961462497711182
20,6937554,4CKI,MdrDBcore04145,Y806N,1.77,0.5163887739181519,0.5698422789573669,1.1961462497711182
20,6937554,6NEC,MdrDBcore04146,Y806N,1.374,1.0492513179779053,0.5698422789573669,1.1961462497711182
20,6937554,4CKI,MdrDBcore04147,Y806N,1.109,0.48781993985176086,0.5698422789573669,1.1961462497711182
20,6937554,4WA9,MdrDBcore04148,D276G,0.179,-0.15646477043628693,0.5698422789573669,1.1961462497711182
20,6937554,4XEY,MdrDBcore04149,E255K,0.894,0.7137449979782104,0.5698422789573669,1.1961462497711182
20,6937554,4WA9,MdrDBcore04150,E255K,0.258,-0.15646493434906006,0.5698422789573669,1.1961462497711182
20,6937554,3UE4,MdrDBcore04151,E255K,0.557,0.22328780591487885,0.5698422789573669,1.1961462497711182
20,6937554,4XEY,MdrDBcore04152,E255V,1.014,0.7137448191642761,0.5698422789573669,1.1961462497711182
20,6937554,4WA9,MdrDBcore04153,E255V,0.298,-0.15646500885486603,0.5698422789573669,1.1961462497711182
20,6937554,3UE4,MdrDBcore04154,E255V,0.656,0.20519904792308807,0.5698422789573669,1.1961462497711182
20,6937554,4WA9,MdrDBcore04155,E279K,-0.03,-0.07745148986577988,0.5698422789573669,1.1961462497711182
20,6937554,4WA9,MdrDBcore04156,E292L,0.03,-0.15646493434906006,0.5698422789573669,1.1961462497711182
20,6937554,4XEY,MdrDBcore04157,E355A,0.239,0.7137450575828552,0.5698422789573669,1.1961462497711182
20,6937554,3UE4,MdrDBcore04158,E355A,0.02,0.2232879400253296,0.5698422789573669,1.1961462497711182
20,6937554,4XEY,MdrDBcore04159,E459K,0.407,0.7137448787689209,0.5698422789573669,1.1961462497711182
20,6937554,3UE4,MdrDBcore04160,E459K,0.348,0.223287895321846,0.5698422789573669,1.1961462497711182
20,6937554,4XEY,MdrDBcore04161,F317C,1.849,0.9107832312583923,0.5698422789573669,1.1961462497711182
20,6937554,3UE4,MdrDBcore04162,F317C,0.497,0.05813007429242134,0.5698422789573669,1.1961462497711182
20,6937554,4XEY,MdrDBcore04163,F317I,1.779,0.8768147826194763,0.5698422789573669,1.1961462497711182
20,6937554,3UE4,MdrDBcore04164,F317I,0.706,0.1393953412771225,0.5698422789573669,1.1961462497711182
20,6937554,4XEY,MdrDBcore04165,F317L,0.954,0.7592219114303589,0.5698422789573669,1.1961462497711182
20,6937554,4WA9,MdrDBcore04166,F317L,0.229,-0.10063665360212326,0.5698422789573669,1.1961462497711182
20,6937554,3UE4,MdrDBcore04167,F317L,0.089,0.24890460073947906,0.5698422789573669,1.1961462497711182
20,6937554,4WA9,MdrDBcore04168,F317R,0.268,-0.27393412590026855,0.5698422789573669,1.1961462497711182
20,6937554,4XEY,MdrDBcore04169,F317V,2.345,0.8923722505569458,0.5698422789573669,1.1961462497711182
20,6937554,4WA9,MdrDBcore04170,F317V,0.278,-0.2540498971939087,0.5698422789573669,1.1961462497711182
20,6937554,3UE4,MdrDBcore04171,F317V,1.709,0.11868637800216675,0.5698422789573669,1.1961462497711182
20,6937554,4XEY,MdrDBcore04172,F359C,0.0,0.7137450575828552,0.5698422789573669,1.1961462497711182
20,6937554,3UE4,MdrDBcore04173,F359C,-0.01,0.2232881635427475,0.5698422789573669,1.1961462497711182
20,6937554,4XEY,MdrDBcore04174,F359I,0.239,0.7137449979782104,0.5698422789573669,1.1961462497711182
20,6937554,4WA9,MdrDBcore04175,F359I,0.099,-0.15646477043628693,0.5698422789573669,1.1961462497711182
20,6937554,3UE4,MdrDBcore04176,F359I,0.04,0.22328807413578033,0.5698422789573669,1.1961462497711182
20,6937554,4XEY,MdrDBcore04177,F359V,0.0,0.7137449383735657,0.5698422789573669,1.1961462497711182
20,6937554,4WA9,MdrDBcore04178,F359V,0.07,-0.1564648151397705,0.5698422789573669,1.1961462497711182
20,6937554,3UE4,MdrDBcore04179,F359V,-0.109,0.22328819334506989,0.5698422789573669,1.1961462497711182
20,6937554,4WA9,MdrDBcore04180,F486S,0.05,-0.1564646065235138,0.5698422789573669,1.1961462497711182
20,6937554,4XEY,MdrDBcore04181,G250E,0.407,0.7137447595596313,0.5698422789573669,1.1961462497711182
20,6937554,4WA9,MdrDBcore04182,G250E,0.268,-0.15646478533744812,0.5698422789573669,1.1961462497711182
20,6937554,3UE4,MdrDBcore04183,G250E,0.109,0.22328801453113556,0.5698422789573669,1.1961462497711182
20,6937554,4XEY,MdrDBcore04184,H396R,0.0,0.7137448191642761,0.5698422789573669,1.1961462497711182
20,6937554,4WA9,MdrDBcore04185,H396R,0.248,-0.15646502375602722,0.5698422789573669,1.1961462497711182
20,6937554,3UE4,MdrDBcore04186,H396R,-0.099,0.22328771650791168,0.5698422789573669,1.1961462497711182
20,6937554,4XEY,MdrDBcore04187,L248R,0.646,-0.10926524549722672,0.5698422789573669,1.1961462497711182
20,6937554,4WA9,MdrDBcore04188,L248R,0.308,-0.09548937529325485,0.5698422789573669,1.1961462497711182
20,6937554,3UE4,MdrDBcore04189,L248R,1.491,0.8189560770988464,0.5698422789573669,1.1961462497711182
20,6937554,4XEY,MdrDBcore04190,L248V,0.547,0.7798777222633362,0.5698422789573669,1.1961462497711182
20,6937554,4WA9,MdrDBcore04191,L248V,0.318,-0.11995682865381241,0.5698422789573669,1.1961462497711182
20,6937554,3UE4,MdrDBcore04192,L248V,0.557,0.20507210493087769,0.5698422789573669,1.1961462497711182
20,6937554,4WA9,MdrDBcore04193,L384M,0.06,-0.15646500885486603,0.5698422789573669,1.1961462497711182
20,6937554,4XEY,MdrDBcore04194,M244V,0.0,0.7137448191642761,0.5698422789573669,1.1961462497711182
20,6937554,4WA9,MdrDBcore04195,M244V,-0.109,-0.1564648151397705,0.5698422789573669,1.1961462497711182
20,6937554,3UE4,MdrDBcore04196,M244V,0.427,0.22328776121139526,0.5698422789573669,1.1961462497711182
20,6937554,4WA9,MdrDBcore04197,M343T,0.209,-0.1564648300409317,0.5698422789573669,1.1961462497711182
20,6937554,4XEY,MdrDBcore04198,M351T,0.0,0.7137449979782104,0.5698422789573669,1.1961462497711182
20,6937554,4WA9,MdrDBcore04199,M351T,-0.239,-0.15646478533744812,0.5698422789573669,1.1961462497711182
20,6937554,3UE4,MdrDBcore04200,M351T,0.189,0.22328780591487885,0.5698422789573669,1.1961462497711182
20,6937554,4WA9,MdrDBcore04201,Q252H,0.199,-0.11295431107282639,0.5698422789573669,1.1961462497711182
20,6937554,4XEY,MdrDBcore04202,T315A,2.008,0.7381728291511536,0.5698422789573669,1.1961462497711182
20,6937554,4WA9,MdrDBcore04203,T315A,-0.447,-0.3921934962272644,0.5698422789573669,1.1961462497711182
20,6937554,3UE4,MdrDBcore04204,T315A,0.318,0.09564832597970963,0.5698422789573669,1.1961462497711182
20,6937554,4XEY,MdrDBcore04205,T315I,5.049,0.5791053771972656,0.5698422789573669,1.1961462497711182
20,6937554,4WA9,MdrDBcore04206,T315I,-1.262,-0.36423635482788086,0.5698422789573669,1.1961462497711182
20,6937554,3UE4,MdrDBcore04207,T315I,2.435,0.4759061336517334,0.5698422789573669,1.1961462497711182
20,6937554,4WA9,MdrDBcore04208,T315V,-1.719,-0.342536062002182,0.5698422789573669,1.1961462497711182
20,6937554,4XEY,MdrDBcore04209,V299L,1.232,0.5274523496627808,0.5698422789573669,1.1961462497711182
20,6937554,4WA9,MdrDBcore04210,V299L,-0.875,-0.02145041897892952,0.5698422789573669,1.1961462497711182
20,6937554,3UE4,MdrDBcore04211,V299L,1.69,0.28537994623184204,0.5698422789573669,1.1961462497711182
20,6937554,4XEY,MdrDBcore04212,Y253F,0.239,0.7137448787689209,0.5698422789573669,1.1961462497711182
20,6937554,4WA9,MdrDBcore04213,Y253F,0.258,-0.11252991110086441,0.5698422789573669,1.1961462497711182
20,6937554,3UE4,MdrDBcore04214,Y253F,-0.338,0.2232876569032669,0.5698422789573669,1.1961462497711182
20,6937554,4WA9,MdrDBcore04215,Y253H,0.03,-0.0347539521753788,0.5698422789573669,1.1961462497711182
20,6937554,3OXZ,MdrDBcore04216,E255K,0.407,0.3690357804298401,0.5698422789573669,1.1961462497711182
20,6937554,1OPJ,MdrDBcore04217,E255K,1.491,0.7227127552032471,0.5698422789573669,1.1961462497711182
20,6937554,3OXZ,MdrDBcore04218,E255V,0.994,0.36868971586227417,0.5698422789573669,1.1961462497711182
20,6937554,1OPJ,MdrDBcore04219,E255V,2.206,0.7227126359939575,0.5698422789573669,1.1961462497711182
20,6937554,3OXZ,MdrDBcore04220,E355A,0.507,0.3690357804298401,0.5698422789573669,1.1961462497711182
20,6937554,1OPJ,MdrDBcore04221,E355A,0.467,0.7227127552032471,0.5698422789573669,1.1961462497711182
20,6937554,3OXZ,MdrDBcore04222,E459K,0.298,0.3690357804298401,0.5698422789573669,1.1961462497711182
20,6937554,1OPJ,MdrDBcore04223,E459K,0.656,0.7227126955986023,0.5698422789573669,1.1961462497711182
20,6937554,3OXZ,MdrDBcore04224,F317C,0.0,0.39840513467788696,0.5698422789573669,1.1961462497711182
20,6937554,1OPJ,MdrDBcore04225,F317C,0.278,0.7493126392364502,0.5698422789573669,1.1961462497711182
20,6937554,3OXZ,MdrDBcore04226,F317I,0.507,0.37895306944847107,0.5698422789573669,1.1961462497711182
20,6937554,1OPJ,MdrDBcore04227,F317I,0.169,0.7028738856315613,0.5698422789573669,1.1961462497711182
20,6937554,3OXZ,MdrDBcore04228,F317L,0.169,0.37415194511413574,0.5698422789573669,1.1961462497711182
20,6937554,1OPJ,MdrDBcore04229,F317L,0.716,0.7061403393745422,0.5698422789573669,1.1961462497711182
20,6937554,3OXZ,MdrDBcore04230,F317V,0.716,0.38352715969085693,0.5698422789573669,1.1961462497711182
20,6937554,1OPJ,MdrDBcore04231,F317V,0.964,0.7125860452651978,0.5698422789573669,1.1961462497711182
20,6937554,3OXZ,MdrDBcore04232,F359C,0.407,0.37920430302619934,0.5698422789573669,1.1961462497711182
20,6937554,1OPJ,MdrDBcore04233,F359C,0.765,0.6930038332939148,0.5698422789573669,1.1961462497711182
20,6937554,3OXZ,MdrDBcore04234,F359I,0.765,0.3801328241825104,0.5698422789573669,1.1961462497711182
20,6937554,1OPJ,MdrDBcore04235,F359I,0.278,0.7033133506774902,0.5698422789573669,1.1961462497711182
20,6937554,3OXZ,MdrDBcore04236,F359V,0.169,0.37484797835350037,0.5698422789573669,1.1961462497711182
20,6937554,1OPJ,MdrDBcore04237,F359V,0.318,0.7033102512359619,0.5698422789573669,1.1961462497711182
20,6937554,3OXZ,MdrDBcore04238,G250E,0.298,0.36903566122055054,0.5698422789573669,1.1961462497711182
20,6937554,1OPJ,MdrDBcore04239,G250E,1.004,0.722712516784668,0.5698422789573669,1.1961462497711182
20,6937554,3OXZ,MdrDBcore04240,H396R,0.169,0.3690357208251953,0.5698422789573669,1.1961462497711182
20,6937554,1OPJ,MdrDBcore04241,H396R,0.398,0.7227128744125366,0.5698422789573669,1.1961462497711182
20,6937554,3OXZ,MdrDBcore04242,L248R,0.576,0.2510785758495331,0.5698422789573669,1.1961462497711182
20,6937554,1OPJ,MdrDBcore04243,L248R,2.316,1.5986239910125732,0.5698422789573669,1.1961462497711182
20,6937554,3OXZ,MdrDBcore04244,L248V,0.169,0.3701390027999878,0.5698422789573669,1.1961462497711182
20,6937554,1OPJ,MdrDBcore04245,L248V,0.636,0.7702746391296387,0.5698422789573669,1.1961462497711182
20,6937554,3OXZ,MdrDBcore04246,M244V,0.0,0.36903563141822815,0.5698422789573669,1.1961462497711182
20,6937554,1OPJ,MdrDBcore04247,M244V,0.209,0.23389989137649536,0.5698422789573669,1.1961462497711182
20,6937554,3OXZ,MdrDBcore04248,M351T,0.169,0.36232656240463257,0.5698422789573669,1.1961462497711182
20,6937554,1OPJ,MdrDBcore04249,M351T,0.417,0.614961564540863,0.5698422789573669,1.1961462497711182
20,6937554,3OXZ,MdrDBcore04250,T315A,0.169,0.36515045166015625,0.5698422789573669,1.1961462497711182
20,6937554,1OPJ,MdrDBcore04251,T315A,0.507,0.7028526067733765,0.5698422789573669,1.1961462497711182
20,6937554,3OXZ,MdrDBcore04252,T315I,0.407,0.3552931547164917,0.5698422789573669,1.1961462497711182
20,6937554,1OPJ,MdrDBcore04253,T315I,2.306,0.7566666603088379,0.5698422789573669,1.1961462497711182
20,6937554,3OXZ,MdrDBcore04254,V299L,0.169,0.3576400876045227,0.5698422789573669,1.1961462497711182
20,6937554,1OPJ,MdrDBcore04255,V299L,0.229,0.8883693218231201,0.5698422789573669,1.1961462497711182
20,6937554,3OXZ,MdrDBcore04256,Y253F,0.298,0.37154388427734375,0.5698422789573669,1.1961462497711182
20,6937554,1OPJ,MdrDBcore04257,Y253F,1.888,0.7650716304779053,0.5698422789573669,1.1961462497711182
20,6937554,3CS9,MdrDBcore04258,E255K,1.262,0.02217841148376465,0.5698422789573669,1.1961462497711182
20,6937554,3CS9,MdrDBcore04259,E255V,2.345,0.3950161337852478,0.5698422789573669,1.1961462497711182
20,6937554,3CS9,MdrDBcore04260,E355A,0.109,0.3950161337852478,0.5698422789573669,1.1961462497711182
20,6937554,3CS9,MdrDBcore04261,E459K,0.547,0.3950168490409851,0.5698422789573669,1.1961462497711182
20,6937554,3CS9,MdrDBcore04262,F317C,0.04,0.29741203784942627,0.5698422789573669,1.1961462497711182
20,6937554,3CS9,MdrDBcore04263,F317I,0.298,0.29801762104034424,0.5698422789573669,1.1961462497711182
20,6937554,3CS9,MdrDBcore04264,F317L,0.199,0.3261057138442993,0.5698422789573669,1.1961462497711182
20,6937554,3CS9,MdrDBcore04265,F317V,0.328,0.2926616072654724,0.5698422789573669,1.1961462497711182
20,6937554,3CS9,MdrDBcore04266,F359C,0.676,0.2805722951889038,0.5698422789573669,1.1961462497711182
20,6937554,3CS9,MdrDBcore04267,F359I,0.855,0.2805723249912262,0.5698422789573669,1.1961462497711182
20,6937554,3CS9,MdrDBcore04268,F359V,0.596,0.2805725932121277,0.5698422789573669,1.1961462497711182
20,6937554,3CS9,MdrDBcore04269,G250E,0.596,0.3950161933898926,0.5698422789573669,1.1961462497711182
20,6937554,3CS9,MdrDBcore04270,H396R,0.248,0.3950164318084717,0.5698422789573669,1.1961462497711182
20,6937554,3CS9,MdrDBcore04271,L248R,2.137,1.3982046842575073,0.5698422789573669,1.1961462497711182
20,6937554,3CS9,MdrDBcore04272,L248V,0.328,0.37586164474487305,0.5698422789573669,1.1961462497711182
20,6937554,3CS9,MdrDBcore04273,M244V,-0.129,0.39501631259918213,0.5698422789573669,1.1961462497711182
20,6937554,3CS9,MdrDBcore04274,M351T,0.0,0.39501574635505676,0.5698422789573669,1.1961462497711182
20,6937554,3CS9,MdrDBcore04275,T315A,0.716,0.3051767349243164,0.5698422789573669,1.1961462497711182
20,6937554,3CS9,MdrDBcore04276,T315I,3.727,0.5733540058135986,0.5698422789573669,1.1961462497711182
20,6937554,3CS9,MdrDBcore04277,V299L,0.278,0.462577223777771,0.5698422789573669,1.1961462497711182
20,6937554,3CS9,MdrDBcore04278,Y253F,1.471,0.44738060235977173,0.5698422789573669,1.1961462497711182
20,6937554,DOK1,MdrDBcore04279,E255K,-0.109,0.21572798490524292,0.5698422789573669,1.1961462497711182
20,6937554,DOK2,MdrDBcore04280,E255K,-0.109,0.10591744631528854,0.5698422789573669,1.1961462497711182
20,6937554,DOK1,MdrDBcore04281,F317I,1.57,0.2713764011859894,0.5698422789573669,1.1961462497711182
20,6937554,DOK2,MdrDBcore04282,F317I,1.342,0.08682788163423538,0.5698422789573669,1.1961462497711182
20,6937554,DOK1,MdrDBcore04283,F317L,0.398,0.24262018501758575,0.5698422789573669,1.1961462497711182
20,6937554,DOK2,MdrDBcore04284,F317L,0.288,0.060212548822164536,0.5698422789573669,1.1961462497711182
20,6937554,DOK1,MdrDBcore04285,M351T,-0.08,0.2157280296087265,0.5698422789573669,1.1961462497711182
20,6937554,DOK2,MdrDBcore04286,M351T,0.05,0.1059175431728363,0.5698422789573669,1.1961462497711182
20,6937554,DOK1,MdrDBcore04287,Q252H,-0.129,0.08564966917037964,0.5698422789573669,1.1961462497711182
20,6937554,DOK2,MdrDBcore04288,Q252H,-0.437,0.755395770072937,0.5698422789573669,1.1961462497711182
20,6937554,DOK1,MdrDBcore04289,T315I,-0.149,0.1646255999803543,0.5698422789573669,1.1961462497711182
20,6937554,DOK1,MdrDBcore04290,Y253F,0.0,0.21572762727737427,0.5698422789573669,1.1961462497711182
20,6937554,DOK2,MdrDBcore04291,Y253F,-0.169,0.10591749101877213,0.5698422789573669,1.1961462497711182
