Run,Seed,SAMPLE_PDB_ID,SAMPLE_ID,MUTATION,True_DDG.EXP,Pred_DDG.EXP,ALL_Pearson,Best_Val_RMSE
9,9588880,6A2K,MdrDBcore00000,A16C+S108T,2.42,3.800978660583496,0.5518468022346497,1.2046353816986084
9,9588880,3UM8,MdrDBcore00001,A16C+S108T,-0.41,-0.09977874159812927,0.5518468022346497,1.2046353816986084
9,9588880,6A2K,MdrDBcore00002,A16G+S108T,2.64,2.9666168689727783,0.5518468022346497,1.2046353816986084
9,9588880,6A2K,MdrDBcore00003,A16G+S108T,0.31,0.4468972384929657,0.5518468022346497,1.2046353816986084
9,9588880,6A2K,MdrDBcore00004,A16S+S108T,3.65,3.8466713428497314,0.5518468022346497,1.2046353816986084
9,9588880,6A2K,MdrDBcore00005,A16S+S108T,0.31,-0.10577952861785889,0.5518468022346497,1.2046353816986084
9,9588880,6A2K,MdrDBcore00006,A16T+S108T,4.13,3.8162221908569336,0.5518468022346497,1.2046353816986084
9,9588880,6A2K,MdrDBcore00007,A16T+S108T,0.24,0.04820268973708153,0.5518468022346497,1.2046353816986084
9,9588880,6A2K,MdrDBcore00008,A16V+S108T,4.09,3.892547845840454,0.5518468022346497,1.2046353816986084
9,9588880,6A2K,MdrDBcore00009,A16V+S108T,0.0,-0.10324461758136749,0.5518468022346497,1.2046353816986084
9,9588880,6A2K,MdrDBcore00010,C59R+S108N,1.81,2.6590890884399414,0.5518468022346497,1.2046353816986084
9,9588880,6A2K,MdrDBcore00011,C59R+S108N,2.32,-0.1614881157875061,0.5518468022346497,1.2046353816986084
9,9588880,6A2K,MdrDBcore00012,N51I+C59R+S108N+I164L,4.02,2.663313627243042,0.5518468022346497,1.2046353816986084
9,9588880,3UM8,MdrDBcore00013,N51I+C59R+S108N+I164L,4.32,0.37767404317855835,0.5518468022346497,1.2046353816986084
9,9588880,5FED,MdrDBcore00014,G719S+T790M,-0.56,-0.7744085192680359,0.5518468022346497,1.2046353816986084
9,9588880,5FED,MdrDBcore00015,L858R+T790M,-0.7,-0.47024351358413696,0.5518468022346497,1.2046353816986084
9,9588880,5I3U,MdrDBcore00016,A98G+G190A,0.47,0.2373972088098526,0.5518468022346497,1.2046353816986084
9,9588880,5I3U,MdrDBcore00017,A98G+G190A,0.59,0.08747708797454834,0.5518468022346497,1.2046353816986084
9,9588880,5I3U,MdrDBcore00018,A98G+Y181C,1.52,-0.6806873679161072,0.5518468022346497,1.2046353816986084
9,9588880,5I3U,MdrDBcore00019,A98G+Y181C,1.13,0.35334640741348267,0.5518468022346497,1.2046353816986084
9,9588880,5I3U,MdrDBcore00020,E138K+M184I,0.96,-0.18875525891780853,0.5518468022346497,1.2046353816986084
9,9588880,5I3U,MdrDBcore00021,E138K+M184I,0.9,0.6205053925514221,0.5518468022346497,1.2046353816986084
9,9588880,5I3U,MdrDBcore00022,E138K+M184V,0.78,0.14085380733013153,0.5518468022346497,1.2046353816986084
9,9588880,5I3U,MdrDBcore00023,E138K+M184V,0.65,0.5397145748138428,0.5518468022346497,1.2046353816986084
9,9588880,5I3U,MdrDBcore00024,K101E+G190A,0.65,0.7853652834892273,0.5518468022346497,1.2046353816986084
9,9588880,5I3U,MdrDBcore00025,K101E+G190A,1.03,0.6908288598060608,0.5518468022346497,1.2046353816986084
9,9588880,5I3U,MdrDBcore00026,K101E+G190S,0.35,-0.25580719113349915,0.5518468022346497,1.2046353816986084
9,9588880,5I3U,MdrDBcore00027,K101E+G190S,0.32,0.6605281233787537,0.5518468022346497,1.2046353816986084
9,9588880,5I3U,MdrDBcore00028,K101E+Y181C,1.34,-0.05967576429247856,0.5518468022346497,1.2046353816986084
9,9588880,5I3U,MdrDBcore00029,K101E+Y181C,1.18,0.3827526569366455,0.5518468022346497,1.2046353816986084
9,9588880,5I3U,MdrDBcore00030,K101H+G190A,0.69,0.23924188315868378,0.5518468022346497,1.2046353816986084
9,9588880,5I3U,MdrDBcore00031,K101H+G190A,0.75,0.20661120116710663,0.5518468022346497,1.2046353816986084
9,9588880,5I3U,MdrDBcore00032,K101H+Y181C,1.29,0.6207148432731628,0.5518468022346497,1.2046353816986084
9,9588880,5I3U,MdrDBcore00033,K101H+Y181C,1.19,0.03218379244208336,0.5518468022346497,1.2046353816986084
9,9588880,1S6Q,MdrDBcore00034,K103N+P225H,0.8,0.15289188921451569,0.5518468022346497,1.2046353816986084
9,9588880,1S6Q,MdrDBcore00035,K103N+P225H,0.16,0.6243680119514465,0.5518468022346497,1.2046353816986084
9,9588880,5I3U,MdrDBcore00036,V106M+F227L,0.06,-0.7830263376235962,0.5518468022346497,1.2046353816986084
9,9588880,5I3U,MdrDBcore00037,V106M+F227L,-0.55,0.47926902770996094,0.5518468022346497,1.2046353816986084
9,9588880,5I3U,MdrDBcore00038,V106M+V179D,1.03,0.34226328134536743,0.5518468022346497,1.2046353816986084
9,9588880,5I3U,MdrDBcore00039,V106M+V179D,0.52,-0.2817734181880951,0.5518468022346497,1.2046353816986084
9,9588880,5I3U,MdrDBcore00040,V179F+Y181C,1.13,0.4605026841163635,0.5518468022346497,1.2046353816986084
9,9588880,5I3U,MdrDBcore00041,Y181C+G190A,0.92,0.797109842300415,0.5518468022346497,1.2046353816986084
9,9588880,5I3U,MdrDBcore00042,Y181C+G190A,0.57,-0.06119213625788689,0.5518468022346497,1.2046353816986084
9,9588880,5I3U,MdrDBcore00043,Y181C+G190S,1.98,-0.30479782819747925,0.5518468022346497,1.2046353816986084
9,9588880,5I3U,MdrDBcore00044,Y181C+G190S,1.09,0.010910555720329285,0.5518468022346497,1.2046353816986084
9,9588880,1S6Q,MdrDBcore00045,Y181C+H221Y,1.82,1.3763246536254883,0.5518468022346497,1.2046353816986084
9,9588880,1IKY,MdrDBcore00046,Y181C+H221Y,1.08,0.4106929302215576,0.5518468022346497,1.2046353816986084
9,9588880,3BGB,MdrDBcore00047,G48V+L90M,1.42,0.2704422175884247,0.5518468022346497,1.2046353816986084
9,9588880,3BGB,MdrDBcore00048,L10F+I50V,2.43,0.4627029299736023,0.5518468022346497,1.2046353816986084
9,9588880,3BGB,MdrDBcore00049,L10F+I84V,1.78,0.37197059392929077,0.5518468022346497,1.2046353816986084
9,9588880,3BGB,MdrDBcore00050,V82F+I84V,2.73,0.7056422233581543,0.5518468022346497,1.2046353816986084
9,9588880,3LEP,MdrDBcore00051,S302R+C303D,1.91,0.36031681299209595,0.5518468022346497,1.2046353816986084
9,9588880,3UM8,MdrDBcore00052,A16C,0.07,0.5225127935409546,0.5518468022346497,1.2046353816986084
9,9588880,3QGT,MdrDBcore00053,A16C,0.17,0.45092663168907166,0.5518468022346497,1.2046353816986084
9,9588880,3UM8,MdrDBcore00054,A16G,0.74,0.538912832736969,0.5518468022346497,1.2046353816986084
9,9588880,3QGT,MdrDBcore00055,A16G,0.5,0.48359566926956177,0.5518468022346497,1.2046353816986084
9,9588880,3UM8,MdrDBcore00056,A16S,2.63,0.5158630013465881,0.5518468022346497,1.2046353816986084
9,9588880,3QGT,MdrDBcore00057,A16S,1.79,0.448753297328949,0.5518468022346497,1.2046353816986084
9,9588880,3UM8,MdrDBcore00058,S108N,1.25,0.5238118171691895,0.5518468022346497,1.2046353816986084
9,9588880,3QGT,MdrDBcore00059,S108N,1.88,0.4528051018714905,0.5518468022346497,1.2046353816986084
9,9588880,3UM8,MdrDBcore00060,S108T,0.64,0.5255654454231262,0.5518468022346497,1.2046353816986084
9,9588880,3QGT,MdrDBcore00061,S108T,0.0,0.4640078544616699,0.5518468022346497,1.2046353816986084
9,9588880,2GQG,MdrDBcore00062,E255K,1.16,0.51752769947052,0.5518468022346497,1.2046353816986084
9,9588880,3CS9,MdrDBcore00063,E255K,1.63,0.25820526480674744,0.5518468022346497,1.2046353816986084
9,9588880,2GQG,MdrDBcore00064,E255V,1.56,0.5175275206565857,0.5518468022346497,1.2046353816986084
9,9588880,3CS9,MdrDBcore00065,E255V,2.09,0.2582051753997803,0.5518468022346497,1.2046353816986084
9,9588880,2GQG,MdrDBcore00066,E355G,0.48,0.5175274610519409,0.5518468022346497,1.2046353816986084
9,9588880,2GQG,MdrDBcore00067,F311L,0.29,0.5175278186798096,0.5518468022346497,1.2046353816986084
9,9588880,3CS9,MdrDBcore00068,F311L,0.34,0.25820523500442505,0.5518468022346497,1.2046353816986084
9,9588880,2GQG,MdrDBcore00069,F317L,1.33,0.4846288561820984,0.5518468022346497,1.2046353816986084
9,9588880,3CS9,MdrDBcore00070,F317L,0.8,0.22971750795841217,0.5518468022346497,1.2046353816986084
9,9588880,2GQG,MdrDBcore00071,F317V,2.5,0.4632750153541565,0.5518468022346497,1.2046353816986084
9,9588880,2GQG,MdrDBcore00072,F359V,0.6,0.5175275802612305,0.5518468022346497,1.2046353816986084
9,9588880,3CS9,MdrDBcore00073,F359V,1.55,0.23669369518756866,0.5518468022346497,1.2046353816986084
9,9588880,2GQG,MdrDBcore00074,G250E,0.48,0.5175278186798096,0.5518468022346497,1.2046353816986084
9,9588880,3CS9,MdrDBcore00075,G250E,0.78,0.2582051455974579,0.5518468022346497,1.2046353816986084
9,9588880,2GQG,MdrDBcore00076,H396P,-0.17,0.5053173303604126,0.5518468022346497,1.2046353816986084
9,9588880,3CS9,MdrDBcore00077,H396P,0.68,0.2582051157951355,0.5518468022346497,1.2046353816986084
9,9588880,2GQG,MdrDBcore00078,H396R,0.29,0.4915534257888794,0.5518468022346497,1.2046353816986084
9,9588880,3CS9,MdrDBcore00079,H396R,0.68,0.2582051455974579,0.5518468022346497,1.2046353816986084
9,9588880,2GQG,MdrDBcore00080,L387M,0.55,0.5175277590751648,0.5518468022346497,1.2046353816986084
9,9588880,3CS9,MdrDBcore00081,L387M,0.79,0.2582051455974579,0.5518468022346497,1.2046353816986084
9,9588880,2GQG,MdrDBcore00082,M244V,0.29,0.5175275802612305,0.5518468022346497,1.2046353816986084
9,9588880,3CS9,MdrDBcore00083,M244V,0.64,0.2582051753997803,0.5518468022346497,1.2046353816986084
9,9588880,2GQG,MdrDBcore00084,M351T,0.19,0.5175277590751648,0.5518468022346497,1.2046353816986084
9,9588880,3CS9,MdrDBcore00085,M351T,0.09,0.2582050561904907,0.5518468022346497,1.2046353816986084
9,9588880,2GQG,MdrDBcore00086,Q252H,0.86,0.5175276398658752,0.5518468022346497,1.2046353816986084
9,9588880,3CS9,MdrDBcore00087,Q252H,1.0,0.25820523500442505,0.5518468022346497,1.2046353816986084
9,9588880,2GQG,MdrDBcore00088,T315A,3.01,0.5069654583930969,0.5518468022346497,1.2046353816986084
9,9588880,3CS9,MdrDBcore00089,T315A,0.92,0.20608754456043243,0.5518468022346497,1.2046353816986084
9,9588880,2GQG,MdrDBcore00090,T315I,3.29,0.5249459743499756,0.5518468022346497,1.2046353816986084
9,9588880,3CS9,MdrDBcore00091,T315I,3.0,0.2603395879268646,0.5518468022346497,1.2046353816986084
9,9588880,2GQG,MdrDBcore00092,V299L,1.86,0.5250844359397888,0.5518468022346497,1.2046353816986084
9,9588880,2GQG,MdrDBcore00093,V379I,0.0,0.5175278186798096,0.5518468022346497,1.2046353816986084
9,9588880,3CS9,MdrDBcore00094,V379I,0.81,0.25867974758148193,0.5518468022346497,1.2046353816986084
9,9588880,2GQG,MdrDBcore00095,Y253F,0.33,0.4934709668159485,0.5518468022346497,1.2046353816986084
9,9588880,3CS9,MdrDBcore00096,Y253F,1.35,0.2562286853790283,0.5518468022346497,1.2046353816986084
9,9588880,2GQG,MdrDBcore00097,Y253H,0.29,0.5281791090965271,0.5518468022346497,1.2046353816986084
9,9588880,3CS9,MdrDBcore00098,Y253H,2.11,0.24376632273197174,0.5518468022346497,1.2046353816986084
9,9588880,5CAN,MdrDBcore00099,G719S,0.48,0.17817923426628113,0.5518468022346497,1.2046353816986084
9,9588880,6D8E,MdrDBcore00100,L858R,-1.6,-0.46237149834632874,0.5518468022346497,1.2046353816986084
9,9588880,2ITY,MdrDBcore00101,T790M,-1.21,-0.5851925611495972,0.5518468022346497,1.2046353816986084
9,9588880,2ZD1,MdrDBcore00102,A98G,0.24,0.47275078296661377,0.5518468022346497,1.2046353816986084
9,9588880,2ZD1,MdrDBcore00103,A98G,0.41,0.4727509617805481,0.5518468022346497,1.2046353816986084
9,9588880,2ZD1,MdrDBcore00104,E138A,0.57,0.472750723361969,0.5518468022346497,1.2046353816986084
9,9588880,2ZD1,MdrDBcore00105,E138A,0.32,0.4727509021759033,0.5518468022346497,1.2046353816986084
9,9588880,2ZD1,MdrDBcore00106,E138G,0.88,0.47275078296661377,0.5518468022346497,1.2046353816986084
9,9588880,2ZD1,MdrDBcore00107,E138G,0.61,0.47275084257125854,0.5518468022346497,1.2046353816986084
9,9588880,2ZD1,MdrDBcore00108,E138K,0.78,0.47275084257125854,0.5518468022346497,1.2046353816986084
9,9588880,2ZD1,MdrDBcore00109,E138K,0.81,0.4727509021759033,0.5518468022346497,1.2046353816986084
9,9588880,2ZD1,MdrDBcore00110,E138Q,1.5,0.4727509021759033,0.5518468022346497,1.2046353816986084
9,9588880,2ZD1,MdrDBcore00111,E138Q,1.17,0.4727509021759033,0.5518468022346497,1.2046353816986084
9,9588880,2ZD1,MdrDBcore00112,E138R,1.47,0.47275084257125854,0.5518468022346497,1.2046353816986084
9,9588880,2ZD1,MdrDBcore00113,E138R,1.14,0.47275078296661377,0.5518468022346497,1.2046353816986084
9,9588880,2ZD1,MdrDBcore00114,F227C,0.76,0.3992827534675598,0.5518468022346497,1.2046353816986084
9,9588880,2ZD1,MdrDBcore00115,F227C,0.84,0.39928263425827026,0.5518468022346497,1.2046353816986084
9,9588880,2ZD1,MdrDBcore00116,G190A,-0.21,0.511404812335968,0.5518468022346497,1.2046353816986084
9,9588880,2ZD1,MdrDBcore00117,G190A,0.0,0.511404812335968,0.5518468022346497,1.2046353816986084
9,9588880,2ZD1,MdrDBcore00118,G190S,-0.41,0.5409210920333862,0.5518468022346497,1.2046353816986084
9,9588880,2ZD1,MdrDBcore00119,G190S,-1.37,0.5409209728240967,0.5518468022346497,1.2046353816986084
9,9588880,3TKW,MdrDBcore00120,G48V,2.01,1.0266268253326416,0.5518468022346497,1.2046353816986084
9,9588880,2ZD1,MdrDBcore00121,H221Y,0.32,0.4727509021759033,0.5518468022346497,1.2046353816986084
9,9588880,2ZD1,MdrDBcore00122,H221Y,0.28,0.472750723361969,0.5518468022346497,1.2046353816986084
9,9588880,3TKW,MdrDBcore00123,I50V,2.05,1.1177082061767578,0.5518468022346497,1.2046353816986084
9,9588880,3TKW,MdrDBcore00124,I54M,0.61,1.0266845226287842,0.5518468022346497,1.2046353816986084
9,9588880,3TKW,MdrDBcore00125,I54V,1.28,1.0266848802566528,0.5518468022346497,1.2046353816986084
9,9588880,2ZD1,MdrDBcore00126,K101E,0.57,0.4452332854270935,0.5518468022346497,1.2046353816986084
9,9588880,2ZD1,MdrDBcore00127,K101E,0.59,0.4452332556247711,0.5518468022346497,1.2046353816986084
9,9588880,2ZD1,MdrDBcore00128,K101H,0.06,0.4381154775619507,0.5518468022346497,1.2046353816986084
9,9588880,2ZD1,MdrDBcore00129,K101H,0.41,0.43811559677124023,0.5518468022346497,1.2046353816986084
9,9588880,2ZD1,MdrDBcore00130,K101P,0.86,0.4733530879020691,0.5518468022346497,1.2046353816986084
9,9588880,2ZD1,MdrDBcore00131,K101P,1.83,0.47335296869277954,0.5518468022346497,1.2046353816986084
9,9588880,2ZD1,MdrDBcore00132,K103N,-0.13,0.47235751152038574,0.5518468022346497,1.2046353816986084
9,9588880,2ZD1,MdrDBcore00133,K103N,0.0,0.4723575711250305,0.5518468022346497,1.2046353816986084
9,9588880,2ZD1,MdrDBcore00134,K103S,0.32,0.426608145236969,0.5518468022346497,1.2046353816986084
9,9588880,2ZD1,MdrDBcore00135,K103S,0.32,0.42660805583000183,0.5518468022346497,1.2046353816986084
9,9588880,2ZD1,MdrDBcore00136,L100I,0.41,0.4835338592529297,0.5518468022346497,1.2046353816986084
9,9588880,2ZD1,MdrDBcore00137,L100I,-0.21,0.4835338592529297,0.5518468022346497,1.2046353816986084
9,9588880,2ZD1,MdrDBcore00138,M230I,1.29,0.472750723361969,0.5518468022346497,1.2046353816986084
9,9588880,2ZD1,MdrDBcore00139,M230I,1.03,0.47275078296661377,0.5518468022346497,1.2046353816986084
9,9588880,2ZD1,MdrDBcore00140,M230L,1.35,0.4727509021759033,0.5518468022346497,1.2046353816986084
9,9588880,2ZD1,MdrDBcore00141,M230L,1.15,0.47275084257125854,0.5518468022346497,1.2046353816986084
9,9588880,2ZD1,MdrDBcore00142,P225H,-0.3,0.4618726968765259,0.5518468022346497,1.2046353816986084
9,9588880,2ZD1,MdrDBcore00143,P225H,-0.55,0.4618726372718811,0.5518468022346497,1.2046353816986084
9,9588880,2ZD1,MdrDBcore00144,V106A,0.11,0.41415154933929443,0.5518468022346497,1.2046353816986084
9,9588880,2ZD1,MdrDBcore00145,V106A,-0.21,0.41415145993232727,0.5518468022346497,1.2046353816986084
9,9588880,2ZD1,MdrDBcore00146,V106I,-0.3,0.48536771535873413,0.5518468022346497,1.2046353816986084
9,9588880,2ZD1,MdrDBcore00147,V106I,-0.41,0.48536741733551025,0.5518468022346497,1.2046353816986084
9,9588880,2ZD1,MdrDBcore00148,V106M,0.28,0.5334352254867554,0.5518468022346497,1.2046353816986084
9,9588880,2ZD1,MdrDBcore00149,V106M,0.0,0.5334354043006897,0.5518468022346497,1.2046353816986084
9,9588880,2ZD1,MdrDBcore00150,V108I,-0.21,0.47275084257125854,0.5518468022346497,1.2046353816986084
9,9588880,2ZD1,MdrDBcore00151,V108I,-0.3,0.472750723361969,0.5518468022346497,1.2046353816986084
9,9588880,2ZD1,MdrDBcore00152,V179D,0.28,0.4551762342453003,0.5518468022346497,1.2046353816986084
9,9588880,2ZD1,MdrDBcore00153,V179D,0.0,0.4551761746406555,0.5518468022346497,1.2046353816986084
9,9588880,2ZD1,MdrDBcore00154,V179L,-0.21,0.49634432792663574,0.5518468022346497,1.2046353816986084
9,9588880,2ZD1,MdrDBcore00155,V179L,-0.41,0.49634432792663574,0.5518468022346497,1.2046353816986084
9,9588880,2ZD1,MdrDBcore00156,V179T,0.06,0.48078715801239014,0.5518468022346497,1.2046353816986084
9,9588880,2ZD1,MdrDBcore00157,V179T,0.11,0.48078715801239014,0.5518468022346497,1.2046353816986084
9,9588880,2ZD1,MdrDBcore00158,V90I,0.16,0.472750723361969,0.5518468022346497,1.2046353816986084
9,9588880,2ZD1,MdrDBcore00159,V90I,0.11,0.472750723361969,0.5518468022346497,1.2046353816986084
9,9588880,2ZD1,MdrDBcore00160,Y181C,0.81,0.39105138182640076,0.5518468022346497,1.2046353816986084
9,9588880,2ZD1,MdrDBcore00161,Y181C,0.11,0.39105111360549927,0.5518468022346497,1.2046353816986084
9,9588880,2ZD1,MdrDBcore00162,Y181I,2.05,0.41211676597595215,0.5518468022346497,1.2046353816986084
9,9588880,2ZD1,MdrDBcore00163,Y181I,2.05,0.4121169149875641,0.5518468022346497,1.2046353816986084
9,9588880,2ZD1,MdrDBcore00164,Y181V,1.83,0.39533817768096924,0.5518468022346497,1.2046353816986084
9,9588880,2ZD1,MdrDBcore00165,Y188C,-1.37,0.3757052719593048,0.5518468022346497,1.2046353816986084
9,9588880,2ZD1,MdrDBcore00166,Y188C,-0.96,0.37570542097091675,0.5518468022346497,1.2046353816986084
9,9588880,2ZD1,MdrDBcore00167,Y188H,-0.96,0.460479199886322,0.5518468022346497,1.2046353816986084
9,9588880,2ZD1,MdrDBcore00168,Y188H,-0.3,0.46047937870025635,0.5518468022346497,1.2046353816986084
9,9588880,2ZD1,MdrDBcore00169,Y188L,0.63,0.39494675397872925,0.5518468022346497,1.2046353816986084
9,9588880,2ZD1,MdrDBcore00170,Y188L,1.23,0.3949468433856964,0.5518468022346497,1.2046353816986084
9,9588880,1FK9,MdrDBcore00171,A98G,0.76,0.7490302324295044,0.5518468022346497,1.2046353816986084
9,9588880,1VRT,MdrDBcore00172,A98G,1.23,0.8706856966018677,0.5518468022346497,1.2046353816986084
9,9588880,1FK9,MdrDBcore00173,E138A,0.16,0.7490302920341492,0.5518468022346497,1.2046353816986084
9,9588880,1VRT,MdrDBcore00174,E138A,0.06,0.8706857562065125,0.5518468022346497,1.2046353816986084
9,9588880,1FK9,MdrDBcore00175,E138G,0.32,0.7490300536155701,0.5518468022346497,1.2046353816986084
9,9588880,1VRT,MdrDBcore00176,E138G,0.47,0.8706857562065125,0.5518468022346497,1.2046353816986084
9,9588880,1FK9,MdrDBcore00177,E138K,0.59,0.749030351638794,0.5518468022346497,1.2046353816986084
9,9588880,1VRT,MdrDBcore00178,E138K,0.38,0.8706856369972229,0.5518468022346497,1.2046353816986084
9,9588880,1FK9,MdrDBcore00179,E138Q,1.15,0.7490299940109253,0.5518468022346497,1.2046353816986084
9,9588880,1VRT,MdrDBcore00180,E138Q,1.38,0.8706856966018677,0.5518468022346497,1.2046353816986084
9,9588880,1FK9,MdrDBcore00181,E138R,0.92,0.7490301132202148,0.5518468022346497,1.2046353816986084
9,9588880,1VRT,MdrDBcore00182,E138R,0.94,0.8706858158111572,0.5518468022346497,1.2046353816986084
9,9588880,1FK9,MdrDBcore00183,F227C,0.97,0.7537388801574707,0.5518468022346497,1.2046353816986084
9,9588880,1VRT,MdrDBcore00184,F227C,1.71,0.8531864881515503,0.5518468022346497,1.2046353816986084
9,9588880,1FK9,MdrDBcore00185,G190A,1.21,0.779565691947937,0.5518468022346497,1.2046353816986084
9,9588880,1VRT,MdrDBcore00186,G190A,2.57,0.9099581837654114,0.5518468022346497,1.2046353816986084
9,9588880,1FK9,MdrDBcore00187,G190S,2.3,0.8281658291816711,0.5518468022346497,1.2046353816986084
9,9588880,1VRT,MdrDBcore00188,G190S,3.18,0.9220795035362244,0.5518468022346497,1.2046353816986084
9,9588880,1HXB,MdrDBcore00189,G48V,3.01,0.5953417420387268,0.5518468022346497,1.2046353816986084
9,9588880,1FK9,MdrDBcore00190,H221Y,0.41,0.7490300536155701,0.5518468022346497,1.2046353816986084
9,9588880,1VRT,MdrDBcore00191,H221Y,0.88,0.8706858158111572,0.5518468022346497,1.2046353816986084
9,9588880,1HXB,MdrDBcore00192,I47V,-0.41,0.5262959003448486,0.5518468022346497,1.2046353816986084
9,9588880,1HXB,MdrDBcore00193,I50V,1.89,0.5003800988197327,0.5518468022346497,1.2046353816986084
9,9588880,1HXB,MdrDBcore00194,I54M,0.95,0.5327103734016418,0.5518468022346497,1.2046353816986084
9,9588880,1HXB,MdrDBcore00195,I54V,1.61,0.5327093005180359,0.5518468022346497,1.2046353816986084
9,9588880,1HXB,MdrDBcore00196,I84V,1.68,0.5147733092308044,0.5518468022346497,1.2046353816986084
9,9588880,1FK9,MdrDBcore00197,K101E,0.96,0.7327287793159485,0.5518468022346497,1.2046353816986084
9,9588880,1VRT,MdrDBcore00198,K101E,1.46,0.8706613183021545,0.5518468022346497,1.2046353816986084
9,9588880,1FK9,MdrDBcore00199,K101H,0.69,0.7344611287117004,0.5518468022346497,1.2046353816986084
9,9588880,1VRT,MdrDBcore00200,K101H,1.18,0.870665967464447,0.5518468022346497,1.2046353816986084
9,9588880,1FK9,MdrDBcore00201,K101P,2.2,0.7712521553039551,0.5518468022346497,1.2046353816986084
9,9588880,1FK9,MdrDBcore00202,K103N,1.94,0.7194107174873352,0.5518468022346497,1.2046353816986084
9,9588880,1VRT,MdrDBcore00203,K103N,2.39,0.892707109451294,0.5518468022346497,1.2046353816986084
9,9588880,1FK9,MdrDBcore00204,K103S,1.58,0.690643310546875,0.5518468022346497,1.2046353816986084
9,9588880,1FK9,MdrDBcore00205,L100I,1.37,0.7569735646247864,0.5518468022346497,1.2046353816986084
9,9588880,1VRT,MdrDBcore00206,L100I,0.67,0.8886439204216003,0.5518468022346497,1.2046353816986084
9,9588880,1HXB,MdrDBcore00207,L10F,0.33,0.5327097773551941,0.5518468022346497,1.2046353816986084
9,9588880,1HXB,MdrDBcore00208,L90M,0.59,0.5327093005180359,0.5518468022346497,1.2046353816986084
9,9588880,1FK9,MdrDBcore00209,M230I,1.41,0.7490301728248596,0.5518468022346497,1.2046353816986084
9,9588880,1VRT,MdrDBcore00210,M230I,1.64,0.8706857562065125,0.5518468022346497,1.2046353816986084
9,9588880,1FK9,MdrDBcore00211,M230L,1.64,0.7490301728248596,0.5518468022346497,1.2046353816986084
9,9588880,1HXB,MdrDBcore00212,M46I,0.0,0.5327093601226807,0.5518468022346497,1.2046353816986084
9,9588880,1FK9,MdrDBcore00213,P225H,0.2,0.7490302324295044,0.5518468022346497,1.2046353816986084
9,9588880,1VRT,MdrDBcore00214,P225H,0.41,0.8706856369972229,0.5518468022346497,1.2046353816986084
9,9588880,1FK9,MdrDBcore00215,V106A,0.32,0.7139835953712463,0.5518468022346497,1.2046353816986084
9,9588880,1VRT,MdrDBcore00216,V106A,2.48,0.929766058921814,0.5518468022346497,1.2046353816986084
9,9588880,1FK9,MdrDBcore00217,V106I,-0.3,0.7620128989219666,0.5518468022346497,1.2046353816986084
9,9588880,1VRT,MdrDBcore00218,V106I,-0.21,0.8775556683540344,0.5518468022346497,1.2046353816986084
9,9588880,1FK9,MdrDBcore00219,V106M,1.81,0.8714131116867065,0.5518468022346497,1.2046353816986084
9,9588880,1VRT,MdrDBcore00220,V106M,2.05,0.9365842342376709,0.5518468022346497,1.2046353816986084
9,9588880,1FK9,MdrDBcore00221,V108I,0.32,0.7490302324295044,0.5518468022346497,1.2046353816986084
9,9588880,1VRT,MdrDBcore00222,V108I,0.65,0.8706856369972229,0.5518468022346497,1.2046353816986084
9,9588880,1FK9,MdrDBcore00223,V179D,0.65,0.6989225745201111,0.5518468022346497,1.2046353816986084
9,9588880,1VRT,MdrDBcore00224,V179D,0.16,0.8768181800842285,0.5518468022346497,1.2046353816986084
9,9588880,1VRT,MdrDBcore00225,V179F,-1.37,0.9057336449623108,0.5518468022346497,1.2046353816986084
9,9588880,1FK9,MdrDBcore00226,V179L,-0.55,0.7710139155387878,0.5518468022346497,1.2046353816986084
9,9588880,1VRT,MdrDBcore00227,V179L,-0.3,0.8699387311935425,0.5518468022346497,1.2046353816986084
9,9588880,1FK9,MdrDBcore00228,V179T,-0.21,0.7134353518486023,0.5518468022346497,1.2046353816986084
9,9588880,1VRT,MdrDBcore00229,V179T,-0.13,0.8644828200340271,0.5518468022346497,1.2046353816986084
9,9588880,1HXB,MdrDBcore00230,V32I,0.28,0.54948490858078,0.5518468022346497,1.2046353816986084
9,9588880,1HXB,MdrDBcore00231,V82A,0.3,0.4958339333534241,0.5518468022346497,1.2046353816986084
9,9588880,1HXB,MdrDBcore00232,V82I,1.18,0.5322834849357605,0.5518468022346497,1.2046353816986084
9,9588880,1FK9,MdrDBcore00233,V90I,0.06,0.7490302324295044,0.5518468022346497,1.2046353816986084
9,9588880,1VRT,MdrDBcore00234,V90I,0.16,0.8706856369972229,0.5518468022346497,1.2046353816986084
9,9588880,1FK9,MdrDBcore00235,Y181C,0.65,0.678825855255127,0.5518468022346497,1.2046353816986084
9,9588880,1VRT,MdrDBcore00236,Y181C,3.03,0.8473291993141174,0.5518468022346497,1.2046353816986084
9,9588880,1FK9,MdrDBcore00237,Y181I,0.06,0.7299286127090454,0.5518468022346497,1.2046353816986084
9,9588880,1FK9,MdrDBcore00238,Y181V,0.47,0.7103073000907898,0.5518468022346497,1.2046353816986084
9,9588880,1FK9,MdrDBcore00239,Y188C,0.78,0.674217700958252,0.5518468022346497,1.2046353816986084
9,9588880,1FK9,MdrDBcore00240,Y188H,0.9,0.7476911544799805,0.5518468022346497,1.2046353816986084
9,9588880,1VRT,MdrDBcore00241,Y188H,0.47,0.8910574316978455,0.5518468022346497,1.2046353816986084
9,9588880,1FK9,MdrDBcore00242,Y188L,2.8,0.6945156455039978,0.5518468022346497,1.2046353816986084
9,9588880,1VRT,MdrDBcore00243,Y188L,3.7,0.8588699102401733,0.5518468022346497,1.2046353816986084
9,9588880,1HPV,MdrDBcore00244,G48V,0.82,0.5913107395172119,0.5518468022346497,1.2046353816986084
9,9588880,1HPV,MdrDBcore00245,I47V,-0.24,0.5930355787277222,0.5518468022346497,1.2046353816986084
9,9588880,1HPV,MdrDBcore00246,I50V,2.48,0.5231825709342957,0.5518468022346497,1.2046353816986084
9,9588880,1HPV,MdrDBcore00247,I84V,1.86,0.45733779668807983,0.5518468022346497,1.2046353816986084
9,9588880,1HPV,MdrDBcore00248,L10F,-0.11,0.5913316011428833,0.5518468022346497,1.2046353816986084
9,9588880,1HPV,MdrDBcore00249,L90M,0.65,0.591331422328949,0.5518468022346497,1.2046353816986084
9,9588880,1HPV,MdrDBcore00250,M46I,-0.41,0.5913315415382385,0.5518468022346497,1.2046353816986084
9,9588880,1HPV,MdrDBcore00251,V82A,0.33,0.430446594953537,0.5518468022346497,1.2046353816986084
9,9588880,1HPV,MdrDBcore00252,V82I,0.71,0.6467571258544922,0.5518468022346497,1.2046353816986084
9,9588880,1PWM,MdrDBcore00253,C303D,1.04,0.7745763659477234,0.5518468022346497,1.2046353816986084
9,9588880,1PWM,MdrDBcore00254,F121P,0.29,0.7745767831802368,0.5518468022346497,1.2046353816986084
9,9588880,1PWM,MdrDBcore00255,L300A,0.46,0.7745763063430786,0.5518468022346497,1.2046353816986084
9,9588880,1PWM,MdrDBcore00256,L300P,1.88,0.7745772004127502,0.5518468022346497,1.2046353816986084
9,9588880,1PWM,MdrDBcore00257,L301M,0.7,0.7745762467384338,0.5518468022346497,1.2046353816986084
9,9588880,1PWM,MdrDBcore00258,T113Y,2.08,0.7745764255523682,0.5518468022346497,1.2046353816986084
9,9588880,1PWM,MdrDBcore00259,V47I,0.14,0.7745766639709473,0.5518468022346497,1.2046353816986084
9,9588880,1MUI,MdrDBcore00260,D30N,0.77,0.023207765072584152,0.5518468022346497,1.2046353816986084
9,9588880,1MUI,MdrDBcore00261,L90M,-0.06,0.01978273317217827,0.5518468022346497,1.2046353816986084
9,9588880,1MUI,MdrDBcore00262,N88D,-0.19,0.019782673567533493,0.5518468022346497,1.2046353816986084
9,9588880,3B7E,MdrDBcore00263,E119A,4.25,2.2242233753204346,0.5518468022346497,1.2046353816986084
9,9588880,3B7E,MdrDBcore00264,H274Y,0.55,0.959692656993866,0.5518468022346497,1.2046353816986084
9,9588880,3B7E,MdrDBcore00265,I117V,0.84,0.9984666705131531,0.5518468022346497,1.2046353816986084
9,9588880,3B7E,MdrDBcore00266,K150N,0.11,0.9984667897224426,0.5518468022346497,1.2046353816986084
9,9588880,3B7E,MdrDBcore00267,N294S,0.73,0.9226373434066772,0.5518468022346497,1.2046353816986084
9,9588880,3B7E,MdrDBcore00268,V116A,2.08,0.9984670281410217,0.5518468022346497,1.2046353816986084
9,9588880,3B7E,MdrDBcore00269,Y252H,0.16,0.9984671473503113,0.5518468022346497,1.2046353816986084
9,9588880,1OHR,MdrDBcore00270,G48V,0.65,1.2467793226242065,0.5518468022346497,1.2046353816986084
9,9588880,1OHR,MdrDBcore00271,I84V,1.2,1.048502802848816,0.5518468022346497,1.2046353816986084
9,9588880,1OHR,MdrDBcore00272,L90M,0.41,1.2467637062072754,0.5518468022346497,1.2046353816986084
9,9588880,1OHR,MdrDBcore00273,V82A,0.86,1.09508216381073,0.5518468022346497,1.2046353816986084
9,9588880,1OHR,MdrDBcore00274,V82F,1.61,1.278444528579712,0.5518468022346497,1.2046353816986084
9,9588880,1OHR,MdrDBcore00275,V82I,1.7,1.185966968536377,0.5518468022346497,1.2046353816986084
9,9588880,3C4C,MdrDBcore00276,N486_P491delNVTAP,0.0,-0.18161098659038544,0.5518468022346497,1.2046353816986084
9,9588880,3C4C,MdrDBcore00277,N486_P491delNVTAP,-2.23,-0.768220841884613,0.5518468022346497,1.2046353816986084
9,9588880,3EYL,MdrDBcore00278,E350delE,0.0,-0.21932770311832428,0.5518468022346497,1.2046353816986084
9,9588880,7MFD,MdrDBcore00279,V600E+I208V,0.0,0.14151042699813843,0.5518468022346497,1.2046353816986084
9,9588880,7MFD,MdrDBcore00280,V600E+I208V,-1.42,-0.6296738982200623,0.5518468022346497,1.2046353816986084
9,9588880,2FK3,MdrDBcore00281,D177N,0.476,-0.15327565371990204,0.5518468022346497,1.2046353816986084
9,9588880,3UMI,MdrDBcore00282,E462K,0.496,0.29412952065467834,0.5518468022346497,1.2046353816986084
9,9588880,1TKN,MdrDBcore00283,E556G,-4.106,0.13844801485538483,0.5518468022346497,1.2046353816986084
9,9588880,2FK3,MdrDBcore00284,F179S,-0.371,0.03289992734789848,0.5518468022346497,1.2046353816986084
9,9588880,1TKN,MdrDBcore00285,K510N,0.496,-0.11468371748924255,0.5518468022346497,1.2046353816986084
9,9588880,3UMI,MdrDBcore00286,M406V,0.496,-0.1144896000623703,0.5518468022346497,1.2046353816986084
9,9588880,1TKN,MdrDBcore00287,N550K,0.496,-0.021470215171575546,0.5518468022346497,1.2046353816986084
9,9588880,3MOQ,MdrDBcore00288,R100Q,-1.543,-0.09637957811355591,0.5518468022346497,1.2046353816986084
9,9588880,3MOQ,MdrDBcore00289,R102P,0.496,0.3005563020706177,0.5518468022346497,1.2046353816986084
9,9588880,1TKN,MdrDBcore00290,R540H,0.496,0.10504516959190369,0.5518468022346497,1.2046353816986084
9,9588880,1TKN,MdrDBcore00291,Y538H,0.496,0.7799233198165894,0.5518468022346497,1.2046353816986084
9,9588880,6UAN,MdrDBcore00292,A728V,-2.513,0.19081442058086395,0.5518468022346497,1.2046353816986084
9,9588880,6Q0T,MdrDBcore00293,A728V,-2.814,-0.08671102672815323,0.5518468022346497,1.2046353816986084
9,9588880,6NYB,MdrDBcore00294,E275K,0.0,0.14508908987045288,0.5518468022346497,1.2046353816986084
9,9588880,6NYB,MdrDBcore00295,E275K,-2.313,-0.22553984820842743,0.5518468022346497,1.2046353816986084
9,9588880,3C4C,MdrDBcore00296,G464E,-2.837,-0.44907477498054504,0.5518468022346497,1.2046353816986084
9,9588880,3C4C,MdrDBcore00297,G466V,0.0,-0.498338520526886,0.5518468022346497,1.2046353816986084
9,9588880,3C4C,MdrDBcore00298,G466V,-2.766,-1.393760085105896,0.5518468022346497,1.2046353816986084
9,9588880,7M0X,MdrDBcore00299,K601N,-2.532,-1.0089943408966064,0.5518468022346497,1.2046353816986084
9,9588880,7M0X,MdrDBcore00300,K601N,-2.948,-0.8292050957679749,0.5518468022346497,1.2046353816986084
9,9588880,3C4C,MdrDBcore00301,L485W,0.0,-0.05536709353327751,0.5518468022346497,1.2046353816986084
9,9588880,3C4C,MdrDBcore00302,L485W,-2.901,-0.8235413432121277,0.5518468022346497,1.2046353816986084
9,9588880,7M0X,MdrDBcore00303,L597R,0.0,-0.4262762665748596,0.5518468022346497,1.2046353816986084
9,9588880,7M0X,MdrDBcore00304,L597R,0.154,-0.811716616153717,0.5518468022346497,1.2046353816986084
9,9588880,7M0X,MdrDBcore00305,L597V,-1.652,-0.43692660331726074,0.5518468022346497,1.2046353816986084
9,9588880,7M0X,MdrDBcore00306,L597V,-1.444,-0.6913647055625916,0.5518468022346497,1.2046353816986084
9,9588880,3C4C,MdrDBcore00307,M650I,0.0,-0.1973821222782135,0.5518468022346497,1.2046353816986084
9,9588880,3C4C,MdrDBcore00308,M650I,-0.593,-0.032413627952337265,0.5518468022346497,1.2046353816986084
9,9588880,5VR3,MdrDBcore00309,P74A,0.0,-0.5644800066947937,0.5518468022346497,1.2046353816986084
9,9588880,5VR3,MdrDBcore00310,P74A,-1.968,-1.050392746925354,0.5518468022346497,1.2046353816986084
9,9588880,3C4C,MdrDBcore00311,R682Q,0.0,-0.31848886609077454,0.5518468022346497,1.2046353816986084
9,9588880,3C4C,MdrDBcore00312,R682Q,0.132,-0.9469274282455444,0.5518468022346497,1.2046353816986084
9,9588880,6NYB,MdrDBcore00313,S273N,0.0,0.33206963539123535,0.5518468022346497,1.2046353816986084
9,9588880,7MFD,MdrDBcore00314,S273N,1.715,-0.24990960955619812,0.5518468022346497,1.2046353816986084
9,9588880,3C4C,MdrDBcore00315,S683N,0.0,-0.22475935518741608,0.5518468022346497,1.2046353816986084
9,9588880,3C4C,MdrDBcore00316,S683N,-0.956,-0.39591091871261597,0.5518468022346497,1.2046353816986084
9,9588880,5J18,MdrDBcore00317,V226M,0.0,0.6422040462493896,0.5518468022346497,1.2046353816986084
9,9588880,3NY5,MdrDBcore00318,V226M,-2.284,-1.2729555368423462,0.5518468022346497,1.2046353816986084
9,9588880,7M0X,MdrDBcore00319,V600E,-2.583,-0.8326190114021301,0.5518468022346497,1.2046353816986084
9,9588880,7M0X,MdrDBcore00320,V600E,-1.827,-0.895616352558136,0.5518468022346497,1.2046353816986084
9,9588880,3T6P,MdrDBcore00321,T591A,0.0,0.5946845412254333,0.5518468022346497,1.2046353816986084
9,9588880,2YT2,MdrDBcore00322,A96T,-1.211,-0.5038467645645142,0.5518468022346497,1.2046353816986084
9,9588880,7LRZ,MdrDBcore00323,C928Y,0.046,0.3630851209163666,0.5518468022346497,1.2046353816986084
9,9588880,7LRZ,MdrDBcore00324,E949K,2.602,0.40854260325431824,0.5518468022346497,1.2046353816986084
9,9588880,5IUG,MdrDBcore00325,F1174L,-1.911,-0.3662177324295044,0.5518468022346497,1.2046353816986084
9,9588880,2YT2,MdrDBcore00326,G103R,2.602,0.4095487594604492,0.5518468022346497,1.2046353816986084
9,9588880,2YT2,MdrDBcore00327,G129V,2.412,0.010897856205701828,0.5518468022346497,1.2046353816986084
9,9588880,7LRZ,MdrDBcore00328,G689R,0.792,0.508518636226654,0.5518468022346497,1.2046353816986084
9,9588880,7LRZ,MdrDBcore00329,G882C,2.602,0.02455197647213936,0.5518468022346497,1.2046353816986084
9,9588880,7LRZ,MdrDBcore00330,G893R,-0.675,0.006093982607126236,0.5518468022346497,1.2046353816986084
9,9588880,5IUG,MdrDBcore00331,N1353S,-1.515,0.10858123004436493,0.5518468022346497,1.2046353816986084
9,9588880,7LRZ,MdrDBcore00332,N941S,-1.034,0.09553821384906769,0.5518468022346497,1.2046353816986084
9,9588880,2YT2,MdrDBcore00333,R48C,0.105,-0.2860381007194519,0.5518468022346497,1.2046353816986084
9,9588880,7LRZ,MdrDBcore00334,R753Q,2.602,0.11014805734157562,0.5518468022346497,1.2046353816986084
9,9588880,7LRZ,MdrDBcore00335,R918I,2.602,-0.5067993402481079,0.5518468022346497,1.2046353816986084
9,9588880,7LRZ,MdrDBcore00336,S874F,0.005,0.04339669272303581,0.5518468022346497,1.2046353816986084
9,9588880,5IUI,MdrDBcore00337,T1090I,2.602,0.16625340282917023,0.5518468022346497,1.2046353816986084
9,9588880,5IUG,MdrDBcore00338,T1312I,-2.067,-0.29061442613601685,0.5518468022346497,1.2046353816986084
9,9588880,5IUG,MdrDBcore00339,V1185M,-1.679,-0.6407386660575867,0.5518468022346497,1.2046353816986084
9,9588880,2YT2,MdrDBcore00340,V132L,2.602,-0.3513132333755493,0.5518468022346497,1.2046353816986084
9,9588880,6TG1,MdrDBcore00341,E746_A750delELREA,-1.049,0.35153093934059143,0.5518468022346497,1.2046353816986084
9,9588880,6TG1,MdrDBcore00342,E746_A750delELREA,-0.592,0.47329068183898926,0.5518468022346497,1.2046353816986084
9,9588880,6TG1,MdrDBcore00343,E746_A750delELREA,-0.568,-0.4953811466693878,0.5518468022346497,1.2046353816986084
9,9588880,6TG1,MdrDBcore00344,E746_A750delELREA,-0.904,-1.210170865058899,0.5518468022346497,1.2046353816986084
9,9588880,6TG1,MdrDBcore00345,E746_A750delELREA,-0.791,0.0858985036611557,0.5518468022346497,1.2046353816986084
9,9588880,4IBT,MdrDBcore00346,E286_E287delEE,-0.371,0.1874328851699829,0.5518468022346497,1.2046353816986084
9,9588880,4IBT,MdrDBcore00347,G108delG,-0.052,0.6934548616409302,0.5518468022346497,1.2046353816986084
9,9588880,4IBT,MdrDBcore00348,G112_V122delGFLHSGTAKSV,-0.336,-0.4365236759185791,0.5518468022346497,1.2046353816986084
9,9588880,4IBT,MdrDBcore00349,H233delH,-0.768,0.37516120076179504,0.5518468022346497,1.2046353816986084
9,9588880,4IBT,MdrDBcore00350,L188_P191delLAPP,-0.478,-0.07235559821128845,0.5518468022346497,1.2046353816986084
9,9588880,4IBT,MdrDBcore00351,P191delP,0.38,0.11892448365688324,0.5518468022346497,1.2046353816986084
9,9588880,4IBT,MdrDBcore00352,Q192_H193delQH,0.184,0.1161065399646759,0.5518468022346497,1.2046353816986084
9,9588880,3D07,MdrDBcore00353,R283delR,-0.416,0.253717839717865,0.5518468022346497,1.2046353816986084
9,9588880,4IBT,MdrDBcore00354,S215delS,0.608,0.856844961643219,0.5518468022346497,1.2046353816986084
9,9588880,4IBT,MdrDBcore00355,V218delV,-0.068,0.07975202798843384,0.5518468022346497,1.2046353816986084
9,9588880,4IBT,MdrDBcore00356,Y103_R110delYQGSYGFR,-0.212,0.25450241565704346,0.5518468022346497,1.2046353816986084
9,9588880,3C4C,MdrDBcore00357,N486_P490delNVTAP,-3.077,-1.5887609720230103,0.5518468022346497,1.2046353816986084
9,9588880,3C4C,MdrDBcore00358,N486_P490delNVTAP,0.475,-0.0037694908678531647,0.5518468022346497,1.2046353816986084
9,9588880,3C4C,MdrDBcore00359,N486_P490delNVTAP,0.109,0.028941955417394638,0.5518468022346497,1.2046353816986084
9,9588880,3C4C,MdrDBcore00360,N486_P490delNVTAP,-1.768,-0.3225357234477997,0.5518468022346497,1.2046353816986084
9,9588880,7SA7,MdrDBcore00361,N200delN,-0.459,-0.39531996846199036,0.5518468022346497,1.2046353816986084
9,9588880,7SA7,MdrDBcore00362,N200delN,-0.47,-0.20019672811031342,0.5518468022346497,1.2046353816986084
9,9588880,7SA7,MdrDBcore00363,N200delN,-0.537,0.47697556018829346,0.5518468022346497,1.2046353816986084
9,9588880,3EYL,MdrDBcore00364,E350delE,-0.165,0.4414384365081787,0.5518468022346497,1.2046353816986084
9,9588880,4KJU,MdrDBcore00365,R182_Y190delRELASAGLY,-0.044,-0.1328594982624054,0.5518468022346497,1.2046353816986084
9,9588880,5MYB,MdrDBcore00366,N618delN,1.251,0.17639991641044617,0.5518468022346497,1.2046353816986084
9,9588880,1F16,MdrDBcore00367,R37_G39delRMG,1.483,0.21897517144680023,0.5518468022346497,1.2046353816986084
9,9588880,6JN2,MdrDBcore00368,K521delK,-0.068,-0.6445665955543518,0.5518468022346497,1.2046353816986084
9,9588880,6JN2,MdrDBcore00369,K521delK,-0.324,0.21814031898975372,0.5518468022346497,1.2046353816986084
9,9588880,6JN2,MdrDBcore00370,K521delK,-0.046,0.23724763095378876,0.5518468022346497,1.2046353816986084
9,9588880,5HXB,MdrDBcore00371,W224delW,-0.247,-0.6420345306396484,0.5518468022346497,1.2046353816986084
9,9588880,3C4C,MdrDBcore00372,V487_P492delinsA,-0.253,0.4729277491569519,0.5518468022346497,1.2046353816986084
9,9588880,7M0X,MdrDBcore00373,V487_P492delinsA,-0.914,-0.7738433480262756,0.5518468022346497,1.2046353816986084
9,9588880,3C4C,MdrDBcore00374,V487_P492delinsA,-0.501,0.4114888608455658,0.5518468022346497,1.2046353816986084
9,9588880,3C4C,MdrDBcore00375,V487_P492delinsA,0.421,0.5439809560775757,0.5518468022346497,1.2046353816986084
9,9588880,4IBT,MdrDBcore00376,N239_S240insN,-1.034,-0.3018255829811096,0.5518468022346497,1.2046353816986084
9,9588880,4IBT,MdrDBcore00377,Q165_S166insYKQ,0.559,-0.48169320821762085,0.5518468022346497,1.2046353816986084
9,9588880,7M0X,MdrDBcore00378,T599_V600insT,-0.987,-0.7854662537574768,0.5518468022346497,1.2046353816986084
9,9588880,7M0X,MdrDBcore00379,T599_V600insT,-0.185,-0.04248400405049324,0.5518468022346497,1.2046353816986084
9,9588880,6Q0T,MdrDBcore00380,T599_V600insT,-0.167,0.11174483597278595,0.5518468022346497,1.2046353816986084
9,9588880,7M0X,MdrDBcore00381,T599_V600insT,-0.306,-0.1501845419406891,0.5518468022346497,1.2046353816986084
9,9588880,7M0X,MdrDBcore00382,T599_V600insT,-0.163,-0.16272273659706116,0.5518468022346497,1.2046353816986084
9,9588880,6JQR,MdrDBcore00383,D600_L601insHVDFREYEYD,-5.319,-3.056128978729248,0.5518468022346497,1.2046353816986084
9,9588880,6TG1,MdrDBcore00384,A750P+L747_E749delLRE,-2.298,0.32790350914001465,0.5518468022346497,1.2046353816986084
9,9588880,6TG1,MdrDBcore00385,A750P+L747_E749delLRE,-0.983,0.08020493388175964,0.5518468022346497,1.2046353816986084
9,9588880,6TG1,MdrDBcore00386,A750P+L747_E749delLRE,-2.239,0.4439426064491272,0.5518468022346497,1.2046353816986084
9,9588880,6TG1,MdrDBcore00387,A750P+L747_E749delLRE,-2.526,-0.5907076597213745,0.5518468022346497,1.2046353816986084
9,9588880,6TG1,MdrDBcore00388,A750P+L747_E749delLRE,-2.377,-0.29193150997161865,0.5518468022346497,1.2046353816986084
9,9588880,6TG1,MdrDBcore00389,A750P+L747_E749delLRE,-2.291,-0.09277428686618805,0.5518468022346497,1.2046353816986084
9,9588880,4IBT,MdrDBcore00390,R267W+E171delE,0.39,-0.38095229864120483,0.5518468022346497,1.2046353816986084
9,9588880,3LCK,MdrDBcore00391,A353V+P447L+A500T+P232_W233insQKP,-1.484,-1.0673236846923828,0.5518468022346497,1.2046353816986084
9,9588880,1RJB,MdrDBcore00392,Y599F+E598_Y599insFDFREYE,-5.386,-0.17740938067436218,0.5518468022346497,1.2046353816986084
9,9588880,3EYL,MdrDBcore00393,E349D+E350delE,1.282,0.030645858496427536,0.5518468022346497,1.2046353816986084
9,9588880,5T8F,MdrDBcore00394,A215V+S764N,1.434,0.33528950810432434,0.5518468022346497,1.2046353816986084
9,9588880,5T8F,MdrDBcore00395,A215V+S764N,-0.853,-0.9473073482513428,0.5518468022346497,1.2046353816986084
9,9588880,6G6W,MdrDBcore00396,A215V+S764N,1.506,0.3782002329826355,0.5518468022346497,1.2046353816986084
9,9588880,6OCO,MdrDBcore00397,A215V+S764N,1.506,0.43960875272750854,0.5518468022346497,1.2046353816986084
9,9588880,6G6W,MdrDBcore00398,A388T+R460H+S738N,0.415,-0.24123458564281464,0.5518468022346497,1.2046353816986084
9,9588880,6OCO,MdrDBcore00399,A388T+R460H+S738N,-0.528,-1.1909644603729248,0.5518468022346497,1.2046353816986084
9,9588880,6OCO,MdrDBcore00400,A388T+R460H+S738N,0.55,0.7803733944892883,0.5518468022346497,1.2046353816986084
9,9588880,6OCO,MdrDBcore00401,A388T+R460H+S738N,0.143,0.8961964249610901,0.5518468022346497,1.2046353816986084
9,9588880,6OCO,MdrDBcore00402,L725I+E1021K,0.395,-0.33865395188331604,0.5518468022346497,1.2046353816986084
9,9588880,6G6W,MdrDBcore00403,L725I+E1021K,1.447,0.3784201145172119,0.5518468022346497,1.2046353816986084
9,9588880,6OCO,MdrDBcore00404,L725I+E1021K,1.636,0.8376348614692688,0.5518468022346497,1.2046353816986084
9,9588880,4ZYO,MdrDBcore00405,S198N+A267T,-1.229,0.11769251525402069,0.5518468022346497,1.2046353816986084
9,9588880,7BG9,MdrDBcore00406,A801T+R743W+Q506A,0.006,0.3019101917743683,0.5518468022346497,1.2046353816986084
9,9588880,7BG9,MdrDBcore00407,V746M+L520V,0.053,0.47632354497909546,0.5518468022346497,1.2046353816986084
9,9588880,4KIK,MdrDBcore00408,R526Q+M590I,-0.994,-1.2527273893356323,0.5518468022346497,1.2046353816986084
9,9588880,4E3C,MdrDBcore00409,R526Q+M590I,1.672,1.003014087677002,0.5518468022346497,1.2046353816986084
9,9588880,4E3C,MdrDBcore00410,S239T+D242N+R526Q,-1.441,-0.5195512175559998,0.5518468022346497,1.2046353816986084
9,9588880,4E3C,MdrDBcore00411,S239T+D242N+R526Q,0.413,0.7276465892791748,0.5518468022346497,1.2046353816986084
9,9588880,4Z32,MdrDBcore00412,D194N+D319N,-0.501,-1.0203757286071777,0.5518468022346497,1.2046353816986084
9,9588880,6E2Q,MdrDBcore00413,D194N+D319N,0.217,0.2917628884315491,0.5518468022346497,1.2046353816986084
9,9588880,2J5E,MdrDBcore00414,E866D+H988P,0.327,-0.09344121813774109,0.5518468022346497,1.2046353816986084
9,9588880,2J5E,MdrDBcore00415,E866D+H988P,0.441,0.26017409563064575,0.5518468022346497,1.2046353816986084
9,9588880,2J5E,MdrDBcore00416,E866D+H988P,0.185,0.2511509954929352,0.5518468022346497,1.2046353816986084
9,9588880,2J5E,MdrDBcore00417,E866D+H988P,-0.393,0.06588131189346313,0.5518468022346497,1.2046353816986084
9,9588880,2J5E,MdrDBcore00418,E866D+H988P,-0.316,-0.14047789573669434,0.5518468022346497,1.2046353816986084
9,9588880,2J5E,MdrDBcore00419,T790M+L858R,0.397,0.424263596534729,0.5518468022346497,1.2046353816986084
9,9588880,6D8E,MdrDBcore00420,T790M+L858R,-0.105,0.448050856590271,0.5518468022346497,1.2046353816986084
9,9588880,6D8E,MdrDBcore00421,T790M+L858R,-0.07,-0.4693548381328583,0.5518468022346497,1.2046353816986084
9,9588880,6D8E,MdrDBcore00422,T790M+L858R,-2.794,-0.6327057480812073,0.5518468022346497,1.2046353816986084
9,9588880,1XKK,MdrDBcore00423,T790M+L858R,-2.597,-0.15972717106342316,0.5518468022346497,1.2046353816986084
9,9588880,5VQP,MdrDBcore00424,A221T+R218H,0.679,-0.24342894554138184,0.5518468022346497,1.2046353816986084
9,9588880,6GFF,MdrDBcore00425,G307D+R296Q,0.447,-0.34507259726524353,0.5518468022346497,1.2046353816986084
9,9588880,6GFF,MdrDBcore00426,G307D+R296Q,-0.151,0.5262345671653748,0.5518468022346497,1.2046353816986084
9,9588880,5VQP,MdrDBcore00427,R141Q+E119K,0.463,0.2505466043949127,0.5518468022346497,1.2046353816986084
9,9588880,7MN8,MdrDBcore00428,S335I+T479M,-0.249,-0.09307551383972168,0.5518468022346497,1.2046353816986084
9,9588880,7MN8,MdrDBcore00429,S413L+F425L+L436V,-3.293,-0.44730937480926514,0.5518468022346497,1.2046353816986084
9,9588880,3Q01,MdrDBcore00430,A347P+G245C,-0.228,0.45102372765541077,0.5518468022346497,1.2046353816986084
9,9588880,6XRE,MdrDBcore00431,C176F+Q16L,-0.362,0.051883477717638016,0.5518468022346497,1.2046353816986084
9,9588880,4IBT,MdrDBcore00432,E258A+Y126D,0.002,0.03176158294081688,0.5518468022346497,1.2046353816986084
9,9588880,4IBT,MdrDBcore00433,E271A+R110L,0.318,0.10346703231334686,0.5518468022346497,1.2046353816986084
9,9588880,4IBT,MdrDBcore00434,E285K+G245V,0.363,0.0660160481929779,0.5518468022346497,1.2046353816986084
9,9588880,3Q01,MdrDBcore00435,E336A+I162N,0.081,0.1961504966020584,0.5518468022346497,1.2046353816986084
9,9588880,3Q01,MdrDBcore00436,E339A+H179R,0.19,0.21169497072696686,0.5518468022346497,1.2046353816986084
9,9588880,4IBT,MdrDBcore00437,G154V+S106R,0.171,0.10587635636329651,0.5518468022346497,1.2046353816986084
9,9588880,4IBT,MdrDBcore00438,G245S+M237K,0.035,-0.2331787794828415,0.5518468022346497,1.2046353816986084
9,9588880,4IBT,MdrDBcore00439,H214R+E258A,-0.249,0.28777626156806946,0.5518468022346497,1.2046353816986084
9,9588880,4IBT,MdrDBcore00440,H214R+V147D,-0.345,0.08476799726486206,0.5518468022346497,1.2046353816986084
9,9588880,4IBT,MdrDBcore00441,I232N+P152L,-2.145,0.005289178341627121,0.5518468022346497,1.2046353816986084
9,9588880,6XRE,MdrDBcore00442,K320N+E271K,0.84,-0.1834236979484558,0.5518468022346497,1.2046353816986084
9,9588880,4IBT,MdrDBcore00443,N239D+R158H,-1.324,-0.23662270605564117,0.5518468022346497,1.2046353816986084
9,9588880,6XRE,MdrDBcore00444,P177L+C176F+Q38A,0.563,0.6030400395393372,0.5518468022346497,1.2046353816986084
9,9588880,4IBT,MdrDBcore00445,P278L+G262S,-0.029,0.06307156383991241,0.5518468022346497,1.2046353816986084
9,9588880,6XRE,MdrDBcore00446,P309S+R273H,1.378,0.9550976157188416,0.5518468022346497,1.2046353816986084
9,9588880,6XRE,MdrDBcore00447,Q317A+E258K,0.306,-0.14932982623577118,0.5518468022346497,1.2046353816986084
9,9588880,6XRE,MdrDBcore00448,Q317A+R248W,0.251,0.38229119777679443,0.5518468022346497,1.2046353816986084
9,9588880,6XRE,MdrDBcore00449,Q331R+P60S,0.386,0.43149614334106445,0.5518468022346497,1.2046353816986084
9,9588880,4AGO,MdrDBcore00450,R175L+S94A,0.016,0.8843547701835632,0.5518468022346497,1.2046353816986084
9,9588880,3D07,MdrDBcore00451,R181C+R290C,-1.91,0.07164263725280762,0.5518468022346497,1.2046353816986084
9,9588880,3D07,MdrDBcore00452,R209A+R273H,1.189,0.29872405529022217,0.5518468022346497,1.2046353816986084
9,9588880,4IBT,MdrDBcore00453,R248Q+G245S,0.712,-0.01682649925351143,0.5518468022346497,1.2046353816986084
9,9588880,4IBT,MdrDBcore00454,R248W+N247K,0.011,-0.17613358795642853,0.5518468022346497,1.2046353816986084
9,9588880,4IBT,MdrDBcore00455,R248W+V218L,0.326,0.060656722635030746,0.5518468022346497,1.2046353816986084
9,9588880,4IBT,MdrDBcore00456,R249G+Y234N,-1.019,-0.2781006693840027,0.5518468022346497,1.2046353816986084
9,9588880,3D07,MdrDBcore00457,R273C+R175H+T125M,-0.6,0.26158037781715393,0.5518468022346497,1.2046353816986084
9,9588880,2J1W,MdrDBcore00458,R273C+R248Q+S183A,-0.137,0.4706873297691345,0.5518468022346497,1.2046353816986084
9,9588880,2J1W,MdrDBcore00459,R273H+R248Q,-2.215,1.1253513097763062,0.5518468022346497,1.2046353816986084
9,9588880,4AGO,MdrDBcore00460,R273H+R267L+R248Q,-1.225,0.774933397769928,0.5518468022346497,1.2046353816986084
9,9588880,3D07,MdrDBcore00461,R273H+V173L+K132N,0.142,0.10404707491397858,0.5518468022346497,1.2046353816986084
9,9588880,6SL6,MdrDBcore00462,R273H+W91A,-0.798,0.9665654301643372,0.5518468022346497,1.2046353816986084
9,9588880,3D07,MdrDBcore00463,R273L+Y234C,-0.024,0.12802307307720184,0.5518468022346497,1.2046353816986084
9,9588880,3D07,MdrDBcore00464,R280S+R273C+Y205C,-0.21,0.212188258767128,0.5518468022346497,1.2046353816986084
9,9588880,4IBT,MdrDBcore00465,R283H+G245S,-0.096,-0.06482547521591187,0.5518468022346497,1.2046353816986084
9,9588880,6XRE,MdrDBcore00466,R306A+Y220C,0.445,1.0395057201385498,0.5518468022346497,1.2046353816986084
9,9588880,4IBT,MdrDBcore00467,S215I+R158L,0.501,0.09270972013473511,0.5518468022346497,1.2046353816986084
9,9588880,4IBT,MdrDBcore00468,S241C+E224A,-0.105,-0.14958398044109344,0.5518468022346497,1.2046353816986084
9,9588880,4IBT,MdrDBcore00469,V274F+P223L,0.287,0.1985856145620346,0.5518468022346497,1.2046353816986084
9,9588880,6XRE,MdrDBcore00470,Y163C+P47S,-1.012,-0.07958583533763885,0.5518468022346497,1.2046353816986084
9,9588880,4IBT,MdrDBcore00471,Y234H+R213Q,-0.845,-0.24395538866519928,0.5518468022346497,1.2046353816986084
9,9588880,4IBT,MdrDBcore00472,Y236C+R196A,-0.604,-0.043013762682676315,0.5518468022346497,1.2046353816986084
9,9588880,1QPC,MdrDBcore00473,A289D+A396V,0.364,-0.35338443517684937,0.5518468022346497,1.2046353816986084
9,9588880,1QPJ,MdrDBcore00474,N339S+R458H,2.761,-0.17268313467502594,0.5518468022346497,1.2046353816986084
9,9588880,4LIQ,MdrDBcore00475,V315L+R106L,-0.31,0.044511254876852036,0.5518468022346497,1.2046353816986084
9,9588880,6JK8,MdrDBcore00476,L133P+I298V+K630R,0.373,0.2676507234573364,0.5518468022346497,1.2046353816986084
9,9588880,6JK8,MdrDBcore00477,L133P+I298V+K630R,1.102,0.3259985148906708,0.5518468022346497,1.2046353816986084
9,9588880,6JK8,MdrDBcore00478,Y201H+D435G,-0.178,0.22369925677776337,0.5518468022346497,1.2046353816986084
9,9588880,7MO7,MdrDBcore00479,A320V+R591W,0.438,0.46622925996780396,0.5518468022346497,1.2046353816986084
9,9588880,6GCU,MdrDBcore00480,A320V+R591W,0.581,-0.46916037797927856,0.5518468022346497,1.2046353816986084
9,9588880,6GCU,MdrDBcore00481,A320V+R591W,1.143,-0.48875564336776733,0.5518468022346497,1.2046353816986084
9,9588880,6GCU,MdrDBcore00482,A320V+R591W,1.189,0.26176518201828003,0.5518468022346497,1.2046353816986084
9,9588880,4K3J,MdrDBcore00483,A48T+E157G,-0.136,0.3717408776283264,0.5518468022346497,1.2046353816986084
9,9588880,6GCU,MdrDBcore00484,A48T+E157G,-1.317,-0.6496931910514832,0.5518468022346497,1.2046353816986084
9,9588880,6GCU,MdrDBcore00485,A48T+E157G,-0.039,0.4717887043952942,0.5518468022346497,1.2046353816986084
9,9588880,4K3J,MdrDBcore00486,A48T+E157G,-1.11,0.2669667601585388,0.5518468022346497,1.2046353816986084
9,9588880,6GCU,MdrDBcore00487,A48T+E157G,-0.984,-0.13267041742801666,0.5518468022346497,1.2046353816986084
9,9588880,6GCU,MdrDBcore00488,A48T+E157G,-0.571,-0.8408086895942688,0.5518468022346497,1.2046353816986084
9,9588880,7MO8,MdrDBcore00489,K303T+N375S,-0.168,-0.21490944921970367,0.5518468022346497,1.2046353816986084
9,9588880,4K3J,MdrDBcore00490,V122D+N375S,0.277,-0.09906427562236786,0.5518468022346497,1.2046353816986084
9,9588880,2O21,MdrDBcore00491,A42V+V35M+G200S+E13D,-4.271,-0.15576347708702087,0.5518468022346497,1.2046353816986084
9,9588880,2W3L,MdrDBcore00492,A60V+D31H,-2.653,0.08756774663925171,0.5518468022346497,1.2046353816986084
9,9588880,4IEH,MdrDBcore00493,E13D+P59A+N11H,-1.208,0.29004591703414917,0.5518468022346497,1.2046353816986084
9,9588880,1GJH,MdrDBcore00494,R129C+T7R+I48F,-3.455,-0.17818264663219452,0.5518468022346497,1.2046353816986084
9,9588880,4IEH,MdrDBcore00495,R98H+A82T,-1.385,0.27440986037254333,0.5518468022346497,1.2046353816986084
9,9588880,4IEH,MdrDBcore00496,S117R+P59T,-2.828,0.13712377846240997,0.5518468022346497,1.2046353816986084
9,9588880,2E9W,MdrDBcore00497,A168V+E306K,-0.934,1.0147171020507812,0.5518468022346497,1.2046353816986084
9,9588880,2E9W,MdrDBcore00498,A168V+E306K,-1.457,-0.4044552743434906,0.5518468022346497,1.2046353816986084
9,9588880,6GQK,MdrDBcore00499,K581N+I920S,0.231,0.007527913898229599,0.5518468022346497,1.2046353816986084
9,9588880,6GQK,MdrDBcore00500,K581N+I920S,0.847,0.11680237948894501,0.5518468022346497,1.2046353816986084
9,9588880,2E9W,MdrDBcore00501,Y125H+T488M,-0.533,-0.3497229814529419,0.5518468022346497,1.2046353816986084
9,9588880,1A31,MdrDBcore00502,E610K+A622T,-3.164,-0.5496304035186768,0.5518468022346497,1.2046353816986084
9,9588880,1R49,MdrDBcore00503,M675I+D760G,-0.862,-0.14040060341358185,0.5518468022346497,1.2046353816986084
9,9588880,1SEU,MdrDBcore00504,R405W+Y426C+R434Q+E517K,1.787,-0.5730087161064148,0.5518468022346497,1.2046353816986084
9,9588880,1SEU,MdrDBcore00505,R405W+Y426C+R434Q+E517K,1.482,-0.17531992495059967,0.5518468022346497,1.2046353816986084
9,9588880,1A31,MdrDBcore00506,R405W+Y426C+R434Q+E517K,1.622,-0.16119296848773956,0.5518468022346497,1.2046353816986084
9,9588880,6ZY8,MdrDBcore00507,I872V+P385A+E203D,-0.765,-0.3970484435558319,0.5518468022346497,1.2046353816986084
9,9588880,5GWK,MdrDBcore00508,R635H+T530A,0.437,-0.12166449427604675,0.5518468022346497,1.2046353816986084
9,9588880,6NYB,MdrDBcore00509,R506G+S273N,0.6,-0.04704112187027931,0.5518468022346497,1.2046353816986084
9,9588880,6NYB,MdrDBcore00510,R506G+S273N,0.305,-0.08574752509593964,0.5518468022346497,1.2046353816986084
9,9588880,6NYB,MdrDBcore00511,R506G+S273N,0.291,-0.04976342245936394,0.5518468022346497,1.2046353816986084
9,9588880,6NYB,MdrDBcore00512,R506G+S273N,-0.891,0.4568691849708557,0.5518468022346497,1.2046353816986084
9,9588880,AlphaFold2,MdrDBcore00513,I86T+K237I,1.203,1.1453508138656616,0.5518468022346497,1.2046353816986084
9,9588880,3QS9,MdrDBcore00514,F406C+V220G,0.269,0.03676454350352287,0.5518468022346497,1.2046353816986084
9,9588880,3QS9,MdrDBcore00515,I417L+R243K,0.034,-0.5404158234596252,0.5518468022346497,1.2046353816986084
9,9588880,6B8Y,MdrDBcore00516,A206V+A403T+R491Q,1.132,0.37462282180786133,0.5518468022346497,1.2046353816986084
9,9588880,AlphaFold2,MdrDBcore00517,G666D+P384Q,-0.3,0.09755931794643402,0.5518468022346497,1.2046353816986084
9,9588880,AlphaFold2,MdrDBcore00518,G666D+P384Q,0.277,0.055536042898893356,0.5518468022346497,1.2046353816986084
9,9588880,AlphaFold2,MdrDBcore00519,I1021M+K720N+R306Q,-1.153,-0.8298347592353821,0.5518468022346497,1.2046353816986084
9,9588880,AlphaFold2,MdrDBcore00520,R562Q+R149Q,0.615,-0.3899500370025635,0.5518468022346497,1.2046353816986084
9,9588880,AlphaFold2,MdrDBcore00521,R628Q+C286Y,0.326,0.41844838857650757,0.5518468022346497,1.2046353816986084
9,9588880,6SB0,MdrDBcore00522,A1728S+A41P,-1.799,-0.9001650214195251,0.5518468022346497,1.2046353816986084
9,9588880,5H64,MdrDBcore00523,G1491S+A329T,1.792,0.275431752204895,0.5518468022346497,1.2046353816986084
9,9588880,6SB0,MdrDBcore00524,G2238D+P1408S+M488I,-1.999,-0.2091718167066574,0.5518468022346497,1.2046353816986084
9,9588880,6SB0,MdrDBcore00525,G2238D+P1408S+M488I,0.195,-0.13413278758525848,0.5518468022346497,1.2046353816986084
9,9588880,6SB0,MdrDBcore00526,G2238D+P1408S+M488I,0.14,-0.38309749960899353,0.5518468022346497,1.2046353816986084
9,9588880,6SB0,MdrDBcore00527,H262R+I261V,-2.88,-0.3934061825275421,0.5518468022346497,1.2046353816986084
9,9588880,6SB0,MdrDBcore00528,L1037V+R260Q,-1.424,-0.2935665249824524,0.5518468022346497,1.2046353816986084
9,9588880,4JSN,MdrDBcore00529,M2345V+F1545L,1.432,0.36477217078208923,0.5518468022346497,1.2046353816986084
9,9588880,6SB0,MdrDBcore00530,M2345V+F1545L,-2.215,-0.3857724070549011,0.5518468022346497,1.2046353816986084
9,9588880,5H64,MdrDBcore00531,Q2072R+H642R,-2.415,0.0644332617521286,0.5518468022346497,1.2046353816986084
9,9588880,6SB0,MdrDBcore00532,R1208C+T1143M+S1087N,-1.059,-0.8388513326644897,0.5518468022346497,1.2046353816986084
9,9588880,5H64,MdrDBcore00533,V1885I+S383G,1.935,-0.10913610458374023,0.5518468022346497,1.2046353816986084
9,9588880,5H64,MdrDBcore00534,V1885I+S383G,-3.128,-0.21486569941043854,0.5518468022346497,1.2046353816986084
9,9588880,6SB0,MdrDBcore00535,V420I+R1749Q,-2.829,-1.1522687673568726,0.5518468022346497,1.2046353816986084
9,9588880,3L08,MdrDBcore00536,A1064V+R184H+S515P,0.038,0.09372006356716156,0.5518468022346497,1.2046353816986084
9,9588880,3L08,MdrDBcore00537,A1064V+R184H+S515P,1.301,1.505625605583191,0.5518468022346497,1.2046353816986084
9,9588880,3L08,MdrDBcore00538,A1064V+R184H+S515P,-0.31,0.004423301666975021,0.5518468022346497,1.2046353816986084
9,9588880,7MEZ,MdrDBcore00539,A243T+P324S+E347K+F698L,0.362,1.001615047454834,0.5518468022346497,1.2046353816986084
9,9588880,7MEZ,MdrDBcore00540,A243T+P324S+E347K+F698L,1.838,1.3414875268936157,0.5518468022346497,1.2046353816986084
9,9588880,4GB9,MdrDBcore00541,A885T+E781K,0.246,0.016993939876556396,0.5518468022346497,1.2046353816986084
9,9588880,3L08,MdrDBcore00542,G426E+E511K,-0.467,0.010681413114070892,0.5518468022346497,1.2046353816986084
9,9588880,3L08,MdrDBcore00543,G426E+E511K,0.28,-0.17346233129501343,0.5518468022346497,1.2046353816986084
9,9588880,7MEZ,MdrDBcore00544,G65D+T955I,0.329,0.17380236089229584,0.5518468022346497,1.2046353816986084
9,9588880,7MEZ,MdrDBcore00545,G65D+T955I,1.058,-0.3399967551231384,0.5518468022346497,1.2046353816986084
9,9588880,7MEZ,MdrDBcore00546,G65D+T955I,-0.193,0.2662046551704407,0.5518468022346497,1.2046353816986084
9,9588880,3L08,MdrDBcore00547,R178L+T1056I,0.051,-0.11231029033660889,0.5518468022346497,1.2046353816986084
9,9588880,3L08,MdrDBcore00548,R178L+T1056I,-0.977,-0.07055263221263885,0.5518468022346497,1.2046353816986084
9,9588880,3L08,MdrDBcore00549,R273H+L466M,0.765,0.054490189999341965,0.5518468022346497,1.2046353816986084
9,9588880,3L08,MdrDBcore00550,R273H+L466M,1.406,1.0555367469787598,0.5518468022346497,1.2046353816986084
9,9588880,4GB9,MdrDBcore00551,R273H+L466M,0.566,0.4853881597518921,0.5518468022346497,1.2046353816986084
9,9588880,7MEZ,MdrDBcore00552,T309M+R542W,-0.175,-0.5807101130485535,0.5518468022346497,1.2046353816986084
9,9588880,7MEZ,MdrDBcore00553,T309M+R542W,-0.228,-0.12119384109973907,0.5518468022346497,1.2046353816986084
9,9588880,1JCQ,MdrDBcore00554,S235C+S245F,-0.091,-0.6625297665596008,0.5518468022346497,1.2046353816986084
9,9588880,1LD8,MdrDBcore00555,S235C+S245F,-1.641,-0.5253638029098511,0.5518468022346497,1.2046353816986084
9,9588880,3T1I,MdrDBcore00556,G182A+L181F,1.019,1.247287631034851,0.5518468022346497,1.2046353816986084
9,9588880,7A12,MdrDBcore00557,C121R+N434T+E470D+D476G,-0.275,0.030155617743730545,0.5518468022346497,1.2046353816986084
9,9588880,7A12,MdrDBcore00558,E164D+N407S,-0.399,0.147393599152565,0.5518468022346497,1.2046353816986084
9,9588880,3LQ5,MdrDBcore00559,D14N+D285N,2.774,0.13258624076843262,0.5518468022346497,1.2046353816986084
9,9588880,3LQ5,MdrDBcore00560,D14N+D285N,1.045,0.2111133188009262,0.5518468022346497,1.2046353816986084
9,9588880,3LQ5,MdrDBcore00561,D14N+D285N,-0.27,0.277727335691452,0.5518468022346497,1.2046353816986084
9,9588880,3MI9,MdrDBcore00562,D323N+F336L,5.721,0.6362382769584656,0.5518468022346497,1.2046353816986084
9,9588880,3MI9,MdrDBcore00563,D323N+F336L,0.93,0.34592801332473755,0.5518468022346497,1.2046353816986084
9,9588880,3MI9,MdrDBcore00564,D323N+F336L,-0.141,0.32024461030960083,0.5518468022346497,1.2046353816986084
9,9588880,2BBA,MdrDBcore00565,R105C+R102W,0.918,-0.45507559180259705,0.5518468022346497,1.2046353816986084
9,9588880,4K0V,MdrDBcore00566,I148T+V462A,0.975,0.776617705821991,0.5518468022346497,1.2046353816986084
9,9588880,5UTK,MdrDBcore00567,T503A+D711E,-0.044,-0.34738704562187195,0.5518468022346497,1.2046353816986084
9,9588880,6UDT,MdrDBcore00568,D256N+D236Y,-2.609,-0.3579583764076233,0.5518468022346497,1.2046353816986084
9,9588880,6UDT,MdrDBcore00569,D256N+D236Y,-1.144,0.09675560891628265,0.5518468022346497,1.2046353816986084
9,9588880,6UDT,MdrDBcore00570,D256N+D236Y,-0.682,0.2965397238731384,0.5518468022346497,1.2046353816986084
9,9588880,6B16,MdrDBcore00571,V445F+I312S,-0.991,1.0593012571334839,0.5518468022346497,1.2046353816986084
9,9588880,5NP0,MdrDBcore00572,A502G+Q1128R,1.019,1.090945839881897,0.5518468022346497,1.2046353816986084
9,9588880,5NP0,MdrDBcore00573,A502G+Q1128R,0.027,0.07769538462162018,0.5518468022346497,1.2046353816986084
9,9588880,7NI6,MdrDBcore00574,D2721N+V2906A,-0.289,-0.21713973581790924,0.5518468022346497,1.2046353816986084
9,9588880,6K9K,MdrDBcore00575,D2721N+V2906A,-0.61,1.1019459962844849,0.5518468022346497,1.2046353816986084
9,9588880,7NI6,MdrDBcore00576,D2721N+V2906A,-0.274,0.24609066545963287,0.5518468022346497,1.2046353816986084
9,9588880,7NI6,MdrDBcore00577,E3015D+R2849A,-0.003,-0.5775198936462402,0.5518468022346497,1.2046353816986084
9,9588880,7NI6,MdrDBcore00578,E3015D+R2849A,-0.307,-0.19032101333141327,0.5518468022346497,1.2046353816986084
9,9588880,7NI6,MdrDBcore00579,E3015D+R2849A,0.036,0.15680791437625885,0.5518468022346497,1.2046353816986084
9,9588880,5NP1,MdrDBcore00580,E848Q+L2965F,-0.366,0.45333001017570496,0.5518468022346497,1.2046353816986084
9,9588880,5NP0,MdrDBcore00581,E848Q+L2965F,0.629,-0.03747263550758362,0.5518468022346497,1.2046353816986084
9,9588880,6K9L,MdrDBcore00582,E848Q+L2965F,0.278,0.44288182258605957,0.5518468022346497,1.2046353816986084
9,9588880,7NI6,MdrDBcore00583,F1896L+C2464R,-0.709,0.08005101978778839,0.5518468022346497,1.2046353816986084
9,9588880,7NI6,MdrDBcore00584,F1896L+C2464R,-0.654,-0.07673962414264679,0.5518468022346497,1.2046353816986084
9,9588880,7NI6,MdrDBcore00585,F1896L+C2464R,-0.561,-0.9769874811172485,0.5518468022346497,1.2046353816986084
9,9588880,7NI5,MdrDBcore00586,F582L+R1086H,0.341,0.23821105062961578,0.5518468022346497,1.2046353816986084
9,9588880,5NP0,MdrDBcore00587,F582L+R1086H,-0.527,0.9305533766746521,0.5518468022346497,1.2046353816986084
9,9588880,7NI5,MdrDBcore00588,F582L+R1086H,-0.299,-0.20217354595661163,0.5518468022346497,1.2046353816986084
9,9588880,5NP0,MdrDBcore00589,G514D+H1380Y,0.621,0.8585701584815979,0.5518468022346497,1.2046353816986084
9,9588880,6K9K,MdrDBcore00590,G514D+H1380Y+P2518S,1.084,0.309165358543396,0.5518468022346497,1.2046353816986084
9,9588880,5NP1,MdrDBcore00591,G514D+H1380Y+Q1919P,0.899,0.8311353921890259,0.5518468022346497,1.2046353816986084
9,9588880,6K9L,MdrDBcore00592,H1380Y+R1618Q,1.508,0.9736950993537903,0.5518468022346497,1.2046353816986084
9,9588880,5NP0,MdrDBcore00593,I159V+I2998T,1.059,0.3210824131965637,0.5518468022346497,1.2046353816986084
9,9588880,6K9K,MdrDBcore00594,I159V+I2998T,-0.187,0.47765207290649414,0.5518468022346497,1.2046353816986084
9,9588880,5NP0,MdrDBcore00595,I159V+I2998T,-0.283,0.3969344198703766,0.5518468022346497,1.2046353816986084
9,9588880,7NI5,MdrDBcore00596,L1419I+L1794M,-0.587,-0.23696285486221313,0.5518468022346497,1.2046353816986084
9,9588880,7NI5,MdrDBcore00597,L1419I+L1794M,-0.401,-0.21012452244758606,0.5518468022346497,1.2046353816986084
9,9588880,7NI5,MdrDBcore00598,L1419I+L1794M,-0.247,-0.08723433315753937,0.5518468022346497,1.2046353816986084
9,9588880,6K9L,MdrDBcore00599,L581V+I2606V,0.629,0.7384548187255859,0.5518468022346497,1.2046353816986084
9,9588880,6K9K,MdrDBcore00600,L581V+I2606V,-0.044,0.15092839300632477,0.5518468022346497,1.2046353816986084
9,9588880,5NP0,MdrDBcore00601,L581V+I2606V,-0.152,0.4780062437057495,0.5518468022346497,1.2046353816986084
9,9588880,7NI5,MdrDBcore00602,L787F+L1809P+N1784S,-1.561,-0.5257617831230164,0.5518468022346497,1.2046353816986084
9,9588880,7NI5,MdrDBcore00603,L787F+L1809P+N1784S,-1.203,-0.21882089972496033,0.5518468022346497,1.2046353816986084
9,9588880,7NI5,MdrDBcore00604,L787F+L1809P+N1784S,-0.706,-0.1477743238210678,0.5518468022346497,1.2046353816986084
9,9588880,6K9K,MdrDBcore00605,M1040V+C1482R,-0.584,-0.12220907211303711,0.5518468022346497,1.2046353816986084
9,9588880,6K9K,MdrDBcore00606,M1040V+C1482R,0.302,0.7767636179924011,0.5518468022346497,1.2046353816986084
9,9588880,7NI5,MdrDBcore00607,M1040V+C1482R,0.812,-0.19009871780872345,0.5518468022346497,1.2046353816986084
9,9588880,6K9K,MdrDBcore00608,M1040V+L1824F,-0.595,0.5442867875099182,0.5518468022346497,1.2046353816986084
9,9588880,6K9K,MdrDBcore00609,M1040V+L1824F,0.187,-0.05979036167263985,0.5518468022346497,1.2046353816986084
9,9588880,5NP0,MdrDBcore00610,M1040V+L1824F,-0.023,0.5025550127029419,0.5518468022346497,1.2046353816986084
9,9588880,6K9K,MdrDBcore00611,M1040V+L2332P,0.487,0.7477405667304993,0.5518468022346497,1.2046353816986084
9,9588880,6K9K,MdrDBcore00612,M1040V+L2332P,-0.257,0.3419000804424286,0.5518468022346497,1.2046353816986084
9,9588880,5NP0,MdrDBcore00613,M1040V+L2332P,0.811,0.6733394861221313,0.5518468022346497,1.2046353816986084
9,9588880,7NI6,MdrDBcore00614,M1644T+I2223M,0.359,0.23909728229045868,0.5518468022346497,1.2046353816986084
9,9588880,5NP0,MdrDBcore00615,M1644T+I2223M,0.414,0.4105055332183838,0.5518468022346497,1.2046353816986084
9,9588880,7NI6,MdrDBcore00616,M1644T+I2223M,0.425,-0.2744845449924469,0.5518468022346497,1.2046353816986084
9,9588880,6K9K,MdrDBcore00617,N1005S+L2307F,-1.343,-0.4190746247768402,0.5518468022346497,1.2046353816986084
9,9588880,6K9K,MdrDBcore00618,N1005S+L2307F,-0.94,1.0370779037475586,0.5518468022346497,1.2046353816986084
9,9588880,6K9L,MdrDBcore00619,N1005S+L2307F,-0.51,0.8002840876579285,0.5518468022346497,1.2046353816986084
9,9588880,6K9K,MdrDBcore00620,P604S+F1463C,-0.905,-0.6400169134140015,0.5518468022346497,1.2046353816986084
9,9588880,5NP0,MdrDBcore00621,P604S+F1463C,1.076,1.1273010969161987,0.5518468022346497,1.2046353816986084
9,9588880,5NP0,MdrDBcore00622,P604S+F1463C,0.984,0.23640380799770355,0.5518468022346497,1.2046353816986084
9,9588880,5NP0,MdrDBcore00623,P604S+R832C,-0.37,0.36906036734580994,0.5518468022346497,1.2046353816986084
9,9588880,6K9K,MdrDBcore00624,Q1128R+L2332P,-0.273,0.2560374438762665,0.5518468022346497,1.2046353816986084
9,9588880,6K9K,MdrDBcore00625,Q1128R+L2332P,-0.043,0.5685237646102905,0.5518468022346497,1.2046353816986084
9,9588880,7NI5,MdrDBcore00626,Q1128R+L2332P,-0.457,-0.3535764813423157,0.5518468022346497,1.2046353816986084
9,9588880,6K9K,MdrDBcore00627,R1304G+K2318Q,-1.226,-0.3123069107532501,0.5518468022346497,1.2046353816986084
9,9588880,5NP0,MdrDBcore00628,R1304G+K2318Q,-0.545,0.7550303936004639,0.5518468022346497,1.2046353816986084
9,9588880,7NI5,MdrDBcore00629,R1304G+K2318Q,-0.85,-0.18506868183612823,0.5518468022346497,1.2046353816986084
9,9588880,7NI5,MdrDBcore00630,R23A+T935R+T1350M,0.463,0.14666812121868134,0.5518468022346497,1.2046353816986084
9,9588880,7NI5,MdrDBcore00631,R23A+T935R+T1350M,-0.338,-0.21124394237995148,0.5518468022346497,1.2046353816986084
9,9588880,7NI5,MdrDBcore00632,R23A+T935R+T1350M,0.214,-0.10467872023582458,0.5518468022346497,1.2046353816986084
9,9588880,6K9L,MdrDBcore00633,R2461C+T2921M,0.361,0.28532275557518005,0.5518468022346497,1.2046353816986084
9,9588880,5NP0,MdrDBcore00634,R2461C+T2921M,-0.786,1.123932957649231,0.5518468022346497,1.2046353816986084
9,9588880,7NI6,MdrDBcore00635,R2461C+T2921M,-0.861,-0.14498497545719147,0.5518468022346497,1.2046353816986084
9,9588880,7NI5,MdrDBcore00636,R250A+E277A+R337C+E1133K+L1439I,0.112,0.31012746691703796,0.5518468022346497,1.2046353816986084
9,9588880,6K9K,MdrDBcore00637,R250A+E277A+R337C+E1133K+L1439I,1.142,0.2957248091697693,0.5518468022346497,1.2046353816986084
9,9588880,7NI5,MdrDBcore00638,R250A+E277A+R337C+E1133K+L1439I,0.443,-0.7082703709602356,0.5518468022346497,1.2046353816986084
9,9588880,6K9L,MdrDBcore00639,R2849A+E3015D,0.449,0.6372915506362915,0.5518468022346497,1.2046353816986084
9,9588880,6K9L,MdrDBcore00640,R32C+S2165F,-0.95,0.4280618727207184,0.5518468022346497,1.2046353816986084
9,9588880,6K9K,MdrDBcore00641,R32C+S2165F,-0.643,0.5260293483734131,0.5518468022346497,1.2046353816986084
9,9588880,7NI5,MdrDBcore00642,R32C+S2165F,-0.345,-0.0991634726524353,0.5518468022346497,1.2046353816986084
9,9588880,6K9K,MdrDBcore00643,R924W+D2661N,0.391,0.5230669379234314,0.5518468022346497,1.2046353816986084
9,9588880,6K9K,MdrDBcore00644,R924W+D2661N,0.295,0.05108683928847313,0.5518468022346497,1.2046353816986084
9,9588880,7NI5,MdrDBcore00645,R924W+D2661N,-0.842,-0.11989758908748627,0.5518468022346497,1.2046353816986084
9,9588880,7NI5,MdrDBcore00646,S333F+H1876Q,-0.357,0.14426332712173462,0.5518468022346497,1.2046353816986084
9,9588880,7NI5,MdrDBcore00647,S333F+H1876Q,-0.431,-0.21581755578517914,0.5518468022346497,1.2046353816986084
9,9588880,7NI5,MdrDBcore00648,S333F+H1876Q,-0.655,-0.16255876421928406,0.5518468022346497,1.2046353816986084
9,9588880,7NI5,MdrDBcore00649,S974F+F1236Y,0.578,0.5265080332756042,0.5518468022346497,1.2046353816986084
9,9588880,5NP0,MdrDBcore00650,S974F+F1236Y,1.353,1.0728555917739868,0.5518468022346497,1.2046353816986084
9,9588880,7NI5,MdrDBcore00651,S974F+F1236Y,0.39,-0.17361150681972504,0.5518468022346497,1.2046353816986084
9,9588880,7NI6,MdrDBcore00652,V1521L+G1998E,-0.655,-0.35180920362472534,0.5518468022346497,1.2046353816986084
9,9588880,5NP0,MdrDBcore00653,V1521L+G1998E,0.658,0.9025941491127014,0.5518468022346497,1.2046353816986084
9,9588880,7NI6,MdrDBcore00654,V1521L+G1998E,-0.077,0.1868773251771927,0.5518468022346497,1.2046353816986084
9,9588880,5NP0,MdrDBcore00655,V2079I+S2146T,1.789,0.9749000668525696,0.5518468022346497,1.2046353816986084
9,9588880,7NI5,MdrDBcore00656,V410A+H1083Y,-0.662,-0.02431972324848175,0.5518468022346497,1.2046353816986084
9,9588880,5YZ0,MdrDBcore00657,D1586Y+A1550V,0.659,-0.047812189906835556,0.5518468022346497,1.2046353816986084
9,9588880,5YZ0,MdrDBcore00658,D1586Y+A1550V,0.95,0.4378404915332794,0.5518468022346497,1.2046353816986084
9,9588880,5YZ0,MdrDBcore00659,D1586Y+A1550V,0.742,0.21751095354557037,0.5518468022346497,1.2046353816986084
9,9588880,5YZ0,MdrDBcore00660,E910A+S138I,0.581,1.0745632648468018,0.5518468022346497,1.2046353816986084
9,9588880,5YZ0,MdrDBcore00661,E910A+S138I,0.566,1.583672046661377,0.5518468022346497,1.2046353816986084
9,9588880,5YZ0,MdrDBcore00662,E910A+S138I,0.511,0.4835796356201172,0.5518468022346497,1.2046353816986084
9,9588880,5YZ0,MdrDBcore00663,F982V+R109W,-0.02,0.5062069892883301,0.5518468022346497,1.2046353816986084
9,9588880,5YZ0,MdrDBcore00664,F982V+R109W,0.484,-0.059430111199617386,0.5518468022346497,1.2046353816986084
9,9588880,5YZ0,MdrDBcore00665,F982V+R109W,-0.32,1.0756785869598389,0.5518468022346497,1.2046353816986084
9,9588880,5YZ0,MdrDBcore00666,I1526V+V666E,-0.098,-0.03675087168812752,0.5518468022346497,1.2046353816986084
9,9588880,5YZ0,MdrDBcore00667,I1526V+V666E,0.251,0.27927297353744507,0.5518468022346497,1.2046353816986084
9,9588880,5YZ0,MdrDBcore00668,I1526V+V666E,-0.428,0.41169512271881104,0.5518468022346497,1.2046353816986084
9,9588880,5YZ0,MdrDBcore00669,I1851V+T1798A,0.056,0.26107239723205566,0.5518468022346497,1.2046353816986084
9,9588880,5YZ0,MdrDBcore00670,I1851V+T1798A,-1.625,0.7956448197364807,0.5518468022346497,1.2046353816986084
9,9588880,5YZ0,MdrDBcore00671,I1851V+T1798A,-0.792,0.22184719145298004,0.5518468022346497,1.2046353816986084
9,9588880,5YZ0,MdrDBcore00672,I2068V+R2066Q,0.854,-0.1353195309638977,0.5518468022346497,1.2046353816986084
9,9588880,5YZ0,MdrDBcore00673,I2068V+R2066Q,-0.475,0.23009656369686127,0.5518468022346497,1.2046353816986084
9,9588880,5YZ0,MdrDBcore00674,I2068V+R2066Q,-1.038,0.17488887906074524,0.5518468022346497,1.2046353816986084
9,9588880,5YZ0,MdrDBcore00675,L2428F+R1696G,-0.303,0.8352252244949341,0.5518468022346497,1.2046353816986084
9,9588880,5YZ0,MdrDBcore00676,L2428F+R1696G,0.08,0.621224045753479,0.5518468022346497,1.2046353816986084
9,9588880,5YZ0,MdrDBcore00677,L2428F+R1696G,0.354,0.5647539496421814,0.5518468022346497,1.2046353816986084
9,9588880,5YZ0,MdrDBcore00678,L2428F+R1696G,1.185,0.6121014356613159,0.5518468022346497,1.2046353816986084
9,9588880,5YZ0,MdrDBcore00679,P1914S+C1858R,0.662,-0.08761177957057953,0.5518468022346497,1.2046353816986084
9,9588880,5YZ0,MdrDBcore00680,P1914S+C1858R,1.533,0.4807915687561035,0.5518468022346497,1.2046353816986084
9,9588880,5YZ0,MdrDBcore00681,R2363A+A2366T,-0.227,0.27120062708854675,0.5518468022346497,1.2046353816986084
9,9588880,5YZ0,MdrDBcore00682,R2363A+A2366T,-1.71,0.33367592096328735,0.5518468022346497,1.2046353816986084
9,9588880,5YZ0,MdrDBcore00683,R2363A+A2366T,-0.563,0.5541013479232788,0.5518468022346497,1.2046353816986084
9,9588880,5YZ0,MdrDBcore00684,T2556S+I475S,-1.005,1.0513756275177002,0.5518468022346497,1.2046353816986084
9,9588880,5YZ0,MdrDBcore00685,T2556S+I475S,-1.11,0.17432506382465363,0.5518468022346497,1.2046353816986084
9,9588880,5YZ0,MdrDBcore00686,T2556S+I475S,-1.275,-0.03301994502544403,0.5518468022346497,1.2046353816986084
9,9588880,6Z2J,MdrDBcore00687,D104N+A376T,-0.746,0.3785466253757477,0.5518468022346497,1.2046353816986084
9,9588880,6Z2J,MdrDBcore00688,D104N+A376T,-0.476,-0.24401764571666718,0.5518468022346497,1.2046353816986084
9,9588880,6Z2J,MdrDBcore00689,D104N+A376T,-1.57,0.10819670557975769,0.5518468022346497,1.2046353816986084
9,9588880,6Z2J,MdrDBcore00690,D104N+A376T,-0.59,0.10244433581829071,0.5518468022346497,1.2046353816986084
9,9588880,6Z2J,MdrDBcore00691,D104N+A376T,-0.924,0.7751104235649109,0.5518468022346497,1.2046353816986084
9,9588880,6Z2J,MdrDBcore00692,N83I+E250K,2.919,0.08533875644207001,0.5518468022346497,1.2046353816986084
9,9588880,6Z2J,MdrDBcore00693,N83I+E250K,1.253,0.8637780547142029,0.5518468022346497,1.2046353816986084
9,9588880,6Z2J,MdrDBcore00694,N83I+E250K,-0.694,-0.2614087462425232,0.5518468022346497,1.2046353816986084
9,9588880,6Z2J,MdrDBcore00695,S78P+A282T,-0.147,0.2228132039308548,0.5518468022346497,1.2046353816986084
9,9588880,6Z2J,MdrDBcore00696,S78P+A282T,-0.155,0.08991105854511261,0.5518468022346497,1.2046353816986084
9,9588880,6Z2J,MdrDBcore00697,S78P+A282T,-1.171,0.21732838451862335,0.5518468022346497,1.2046353816986084
9,9588880,6Z2J,MdrDBcore00698,S78P+A282T,0.606,-0.11705410480499268,0.5518468022346497,1.2046353816986084
9,9588880,2NVU,MdrDBcore00699,C398R+G372D,-0.637,-0.09578751027584076,0.5518468022346497,1.2046353816986084
9,9588880,2NVU,MdrDBcore00700,I371V+K209R,-3.018,-0.2415263056755066,0.5518468022346497,1.2046353816986084
9,9588880,2NVU,MdrDBcore00701,V395M+R312H,-2.718,-0.3109034299850464,0.5518468022346497,1.2046353816986084
9,9588880,5HYN,MdrDBcore00702,F224V+N268D,-0.495,-0.23149865865707397,0.5518468022346497,1.2046353816986084
9,9588880,6U4Y,MdrDBcore00703,S220A+L71M,-0.779,0.18385209143161774,0.5518468022346497,1.2046353816986084
9,9588880,6VP7,MdrDBcore00704,A2135D+G2385R,0.443,-0.18348051607608795,0.5518468022346497,1.2046353816986084
9,9588880,7LI3,MdrDBcore00705,D1064G+S1145L,0.844,-0.5480607151985168,0.5518468022346497,1.2046353816986084
9,9588880,7LI3,MdrDBcore00706,E752D+P2103S+T2310M+V2396L,-0.565,-0.6223230957984924,0.5518468022346497,1.2046353816986084
9,9588880,7LI3,MdrDBcore00707,K1383Q+L1304H,-0.4,-0.35830116271972656,0.5518468022346497,1.2046353816986084
9,9588880,6VP7,MdrDBcore00708,Q1648P+P2119T+L2291R,0.236,-0.3019992411136627,0.5518468022346497,1.2046353816986084
9,9588880,7LI3,MdrDBcore00709,S1204N+Q1365R,-0.211,-0.18128247559070587,0.5518468022346497,1.2046353816986084
9,9588880,6VP7,MdrDBcore00710,V1450I+G2385R,-0.438,-0.06000497564673424,0.5518468022346497,1.2046353816986084
9,9588880,6VP7,MdrDBcore00711,V1581D+A1440P,-0.652,0.2771720886230469,0.5518468022346497,1.2046353816986084
9,9588880,7LI3,MdrDBcore00712,V771I+T1410M,-0.726,-0.07231168448925018,0.5518468022346497,1.2046353816986084
9,9588880,6O96,MdrDBcore00713,E47V+I48F,-0.462,-0.2003859579563141,0.5518468022346497,1.2046353816986084
9,9588880,6O96,MdrDBcore00714,E47V+I48F,-0.76,-0.08389179408550262,0.5518468022346497,1.2046353816986084
9,9588880,6O96,MdrDBcore00715,E47V+I48F,-0.14,-0.26422062516212463,0.5518468022346497,1.2046353816986084
9,9588880,4Z96,MdrDBcore00716,E924K+G577D,-0.615,0.11372877657413483,0.5518468022346497,1.2046353816986084
9,9588880,3OUI,MdrDBcore00717,A379V+A194T,0.524,0.7225951552391052,0.5518468022346497,1.2046353816986084
9,9588880,4B6L,MdrDBcore00718,R179C+G256E,0.897,0.03283488377928734,0.5518468022346497,1.2046353816986084
9,9588880,7LRZ,MdrDBcore00719,N787T+T901A,-0.155,-0.11783674359321594,0.5518468022346497,1.2046353816986084
9,9588880,7LRZ,MdrDBcore00720,N787T+T901A,0.076,-0.09384647011756897,0.5518468022346497,1.2046353816986084
9,9588880,7NX4,MdrDBcore00721,T1012M+S737L,0.165,-0.11963105201721191,0.5518468022346497,1.2046353816986084
9,9588880,7N00,MdrDBcore00722,T1012M+S737L,1.523,0.015592362731695175,0.5518468022346497,1.2046353816986084
9,9588880,AlphaFold2,MdrDBcore00723,Q275R+R102H,0.791,0.6080535650253296,0.5518468022346497,1.2046353816986084
9,9588880,AlphaFold2,MdrDBcore00724,R324H+R110H+R102H,1.934,1.9111806154251099,0.5518468022346497,1.2046353816986084
9,9588880,6OCO,MdrDBcore00725,A152T,-0.093,-0.09639471769332886,0.5518468022346497,1.2046353816986084
9,9588880,6OCO,MdrDBcore00726,A152T,-1.837,-0.5437880754470825,0.5518468022346497,1.2046353816986084
9,9588880,6G6W,MdrDBcore00727,A396T,-0.37,-0.30600669980049133,0.5518468022346497,1.2046353816986084
9,9588880,6OCO,MdrDBcore00728,A396T,-2.915,-1.2948582172393799,0.5518468022346497,1.2046353816986084
9,9588880,6G6W,MdrDBcore00729,A396T,1.111,0.5657129287719727,0.5518468022346497,1.2046353816986084
9,9588880,6OCO,MdrDBcore00730,A468V,1.255,-0.22764185070991516,0.5518468022346497,1.2046353816986084
9,9588880,6OCO,MdrDBcore00731,A487T,1.109,-0.2937101721763611,0.5518468022346497,1.2046353816986084
9,9588880,6OCO,MdrDBcore00732,A487T,-0.446,-1.0058698654174805,0.5518468022346497,1.2046353816986084
9,9588880,6OCO,MdrDBcore00733,A487T,1.508,0.8009558916091919,0.5518468022346497,1.2046353816986084
9,9588880,6OCO,MdrDBcore00734,A487T,1.531,0.8362911939620972,0.5518468022346497,1.2046353816986084
9,9588880,6OCO,MdrDBcore00735,A742V,0.08,-0.3558935821056366,0.5518468022346497,1.2046353816986084
9,9588880,6OCO,MdrDBcore00736,A742V,-0.467,-1.2218599319458008,0.5518468022346497,1.2046353816986084
9,9588880,6OCO,MdrDBcore00737,A742V,0.764,0.7597426772117615,0.5518468022346497,1.2046353816986084
9,9588880,6OCO,MdrDBcore00738,A742V,0.342,0.7243110537528992,0.5518468022346497,1.2046353816986084
9,9588880,6OCO,MdrDBcore00739,C132Y,0.634,-0.2663971483707428,0.5518468022346497,1.2046353816986084
9,9588880,6OCO,MdrDBcore00740,C132Y,-0.38,-0.9350767135620117,0.5518468022346497,1.2046353816986084
9,9588880,6G6W,MdrDBcore00741,C132Y,1.681,0.34492143988609314,0.5518468022346497,1.2046353816986084
9,9588880,6OCO,MdrDBcore00742,C132Y,0.978,0.1761152595281601,0.5518468022346497,1.2046353816986084
9,9588880,6OCO,MdrDBcore00743,E1021K,0.296,-0.11320875585079193,0.5518468022346497,1.2046353816986084
9,9588880,6OCO,MdrDBcore00744,E1021K,-1.343,-1.2581201791763306,0.5518468022346497,1.2046353816986084
9,9588880,6OCO,MdrDBcore00745,E1021K,0.773,0.7460100650787354,0.5518468022346497,1.2046353816986084
9,9588880,6OCO,MdrDBcore00746,E1021K,1.03,0.5556211471557617,0.5518468022346497,1.2046353816986084
9,9588880,6OCO,MdrDBcore00747,E200K,0.923,0.7937798500061035,0.5518468022346497,1.2046353816986084
9,9588880,6OCO,MdrDBcore00748,E200K,0.215,0.7604743838310242,0.5518468022346497,1.2046353816986084
9,9588880,6OCO,MdrDBcore00749,E234D,1.626,-0.12441845238208771,0.5518468022346497,1.2046353816986084
9,9588880,6OCO,MdrDBcore00750,E234D,-0.559,-0.9470748901367188,0.5518468022346497,1.2046353816986084
9,9588880,6OCO,MdrDBcore00751,E234D,1.595,0.7025673389434814,0.5518468022346497,1.2046353816986084
9,9588880,6OCO,MdrDBcore00752,E234D,0.773,0.8137127757072449,0.5518468022346497,1.2046353816986084
9,9588880,6OCO,MdrDBcore00753,E451K,-0.504,-0.16756883263587952,0.5518468022346497,1.2046353816986084
9,9588880,6OCO,MdrDBcore00754,E451K,-1.217,-1.067483901977539,0.5518468022346497,1.2046353816986084
9,9588880,6OCO,MdrDBcore00755,E451K,1.576,0.7646245360374451,0.5518468022346497,1.2046353816986084
9,9588880,6OCO,MdrDBcore00756,E451K,0.594,0.9605780243873596,0.5518468022346497,1.2046353816986084
9,9588880,6OCO,MdrDBcore00757,E766G,1.189,0.18195988237857819,0.5518468022346497,1.2046353816986084
9,9588880,6OCO,MdrDBcore00758,E766G,-0.698,-1.2464293241500854,0.5518468022346497,1.2046353816986084
9,9588880,6OCO,MdrDBcore00759,E766G,0.686,0.22824536263942719,0.5518468022346497,1.2046353816986084
9,9588880,6OCO,MdrDBcore00760,E83K,-1.483,-0.11886326968669891,0.5518468022346497,1.2046353816986084
9,9588880,6OCO,MdrDBcore00761,E83K,-2.581,-0.5018431544303894,0.5518468022346497,1.2046353816986084
9,9588880,6OCO,MdrDBcore00762,E83K,-2.871,0.7626822590827942,0.5518468022346497,1.2046353816986084
9,9588880,6OCO,MdrDBcore00763,E83K,-3.594,0.7953341603279114,0.5518468022346497,1.2046353816986084
9,9588880,6OCO,MdrDBcore00764,F609L,1.307,-0.19036130607128143,0.5518468022346497,1.2046353816986084
9,9588880,6OCO,MdrDBcore00765,F609L,0.229,-1.1690433025360107,0.5518468022346497,1.2046353816986084
9,9588880,6OCO,MdrDBcore00766,F609L,1.711,0.7776906490325928,0.5518468022346497,1.2046353816986084
9,9588880,6OCO,MdrDBcore00767,F609L,1.465,0.9443459510803223,0.5518468022346497,1.2046353816986084
9,9588880,6OCO,MdrDBcore00768,F932C,1.114,-0.08313130587339401,0.5518468022346497,1.2046353816986084
9,9588880,6OCO,MdrDBcore00769,F932C,-0.381,-1.1575666666030884,0.5518468022346497,1.2046353816986084
9,9588880,6OCO,MdrDBcore00770,F932C,1.825,0.7779929041862488,0.5518468022346497,1.2046353816986084
9,9588880,6OCO,MdrDBcore00771,F932C,0.853,0.5318526029586792,0.5518468022346497,1.2046353816986084
9,9588880,6OCO,MdrDBcore00772,G593R,-0.385,-0.19030852615833282,0.5518468022346497,1.2046353816986084
9,9588880,6OCO,MdrDBcore00773,G593R,-1.066,-1.2847872972488403,0.5518468022346497,1.2046353816986084
9,9588880,6OCO,MdrDBcore00774,G593R,1.639,0.796245276927948,0.5518468022346497,1.2046353816986084
9,9588880,6OCO,MdrDBcore00775,G593R,1.737,0.6511088609695435,0.5518468022346497,1.2046353816986084
9,9588880,6G6W,MdrDBcore00776,G772S,0.944,-0.3009076416492462,0.5518468022346497,1.2046353816986084
9,9588880,6OCO,MdrDBcore00777,G772S,-0.37,-1.2315171957015991,0.5518468022346497,1.2046353816986084
9,9588880,6OCO,MdrDBcore00778,G772S,-0.284,0.7960879802703857,0.5518468022346497,1.2046353816986084
9,9588880,6OCO,MdrDBcore00779,G772S,0.13,0.41450685262680054,0.5518468022346497,1.2046353816986084
9,9588880,6OCO,MdrDBcore00780,G819E,1.359,-0.10538855195045471,0.5518468022346497,1.2046353816986084
9,9588880,6OCO,MdrDBcore00781,G819E,1.572,0.922842264175415,0.5518468022346497,1.2046353816986084
9,9588880,6OCO,MdrDBcore00782,G819E,0.717,0.8894385695457458,0.5518468022346497,1.2046353816986084
9,9588880,6OCO,MdrDBcore00783,G971R,-0.356,-0.1039462760090828,0.5518468022346497,1.2046353816986084
9,9588880,6OCO,MdrDBcore00784,G971R,-1.304,-1.1303069591522217,0.5518468022346497,1.2046353816986084
9,9588880,6OCO,MdrDBcore00785,G971R,0.385,0.7951968312263489,0.5518468022346497,1.2046353816986084
9,9588880,6G6W,MdrDBcore00786,G971R,-0.647,0.3556619882583618,0.5518468022346497,1.2046353816986084
9,9588880,6G6W,MdrDBcore00787,G985D,-0.9,-0.40503180027008057,0.5518468022346497,1.2046353816986084
9,9588880,6OCO,MdrDBcore00788,G985D,-1.309,-1.0921566486358643,0.5518468022346497,1.2046353816986084
9,9588880,6OCO,MdrDBcore00789,G985D,1.103,0.7972935438156128,0.5518468022346497,1.2046353816986084
9,9588880,6OCO,MdrDBcore00790,G985D,0.766,0.6553187966346741,0.5518468022346497,1.2046353816986084
9,9588880,6OCO,MdrDBcore00791,M387T,-0.331,-0.14111939072608948,0.5518468022346497,1.2046353816986084
9,9588880,6OCO,MdrDBcore00792,M387T,0.988,0.5770894885063171,0.5518468022346497,1.2046353816986084
9,9588880,6OCO,MdrDBcore00793,M387T,1.038,0.5444183945655823,0.5518468022346497,1.2046353816986084
9,9588880,6OCO,MdrDBcore00794,M683I,0.209,-0.32957184314727783,0.5518468022346497,1.2046353816986084
9,9588880,6OCO,MdrDBcore00795,M683I,-1.045,-1.1080594062805176,0.5518468022346497,1.2046353816986084
9,9588880,6OCO,MdrDBcore00796,M683I,0.788,0.7746836543083191,0.5518468022346497,1.2046353816986084
9,9588880,6OCO,MdrDBcore00797,M683I,1.13,0.804385244846344,0.5518468022346497,1.2046353816986084
9,9588880,6OCO,MdrDBcore00798,M762I,0.201,-0.17817731201648712,0.5518468022346497,1.2046353816986084
9,9588880,6OCO,MdrDBcore00799,M762I,-1.116,-1.120793342590332,0.5518468022346497,1.2046353816986084
9,9588880,6OCO,MdrDBcore00800,M762I,1.238,0.7752020359039307,0.5518468022346497,1.2046353816986084
9,9588880,6OCO,MdrDBcore00801,M762I,0.663,0.17529845237731934,0.5518468022346497,1.2046353816986084
9,9588880,6OCO,MdrDBcore00802,N334K,-0.837,-0.1729269176721573,0.5518468022346497,1.2046353816986084
9,9588880,6OCO,MdrDBcore00803,N334K,-1.744,-1.5552605390548706,0.5518468022346497,1.2046353816986084
9,9588880,6OCO,MdrDBcore00804,N334K,-2.134,0.7482619881629944,0.5518468022346497,1.2046353816986084
9,9588880,6OCO,MdrDBcore00805,N334K,-2.557,0.04053735360503197,0.5518468022346497,1.2046353816986084
9,9588880,6G6W,MdrDBcore00806,P186S,0.549,0.0728851705789566,0.5518468022346497,1.2046353816986084
9,9588880,6OCO,MdrDBcore00807,P186S,-1.197,-1.1148260831832886,0.5518468022346497,1.2046353816986084
9,9588880,6OCO,MdrDBcore00808,P186S,1.859,0.7724193930625916,0.5518468022346497,1.2046353816986084
9,9588880,6OCO,MdrDBcore00809,P186S,1.462,0.7093140482902527,0.5518468022346497,1.2046353816986084
9,9588880,7LQ1,MdrDBcore00810,P294H,1.024,0.6721833944320679,0.5518468022346497,1.2046353816986084
9,9588880,7LQ1,MdrDBcore00811,P294H,1.566,-0.493247926235199,0.5518468022346497,1.2046353816986084
9,9588880,7LQ1,MdrDBcore00812,P294H,1.036,-0.0716676414012909,0.5518468022346497,1.2046353816986084
9,9588880,6OCO,MdrDBcore00813,P658L,1.496,0.7736741304397583,0.5518468022346497,1.2046353816986084
9,9588880,6OCO,MdrDBcore00814,P658L,1.098,0.515203595161438,0.5518468022346497,1.2046353816986084
9,9588880,7LM2,MdrDBcore00815,R229Q,0.354,-0.2612667381763458,0.5518468022346497,1.2046353816986084
9,9588880,7LM2,MdrDBcore00816,R229Q,-0.903,0.4218769669532776,0.5518468022346497,1.2046353816986084
9,9588880,7LM2,MdrDBcore00817,R229Q,1.506,0.6530464291572571,0.5518468022346497,1.2046353816986084
9,9588880,7LM2,MdrDBcore00818,R229Q,1.421,0.2484162598848343,0.5518468022346497,1.2046353816986084
9,9588880,7LM2,MdrDBcore00819,R229W,0.606,-0.30024200677871704,0.5518468022346497,1.2046353816986084
9,9588880,7LM2,MdrDBcore00820,R229W,-1.723,0.4464859068393707,0.5518468022346497,1.2046353816986084
9,9588880,7LM2,MdrDBcore00821,R229W,1.473,1.0053900480270386,0.5518468022346497,1.2046353816986084
9,9588880,6PYR,MdrDBcore00822,R229W,0.645,0.17638547718524933,0.5518468022346497,1.2046353816986084
9,9588880,6OCO,MdrDBcore00823,R38C,-0.365,-0.20068584382534027,0.5518468022346497,1.2046353816986084
9,9588880,6OCO,MdrDBcore00824,R38C,-1.456,-1.2252038717269897,0.5518468022346497,1.2046353816986084
9,9588880,6G6W,MdrDBcore00825,R38C,1.992,0.3942505121231079,0.5518468022346497,1.2046353816986084
9,9588880,6OCO,MdrDBcore00826,R38C,1.95,0.9943991303443909,0.5518468022346497,1.2046353816986084
9,9588880,6OCO,MdrDBcore00827,R437C,0.216,-0.13436272740364075,0.5518468022346497,1.2046353816986084
9,9588880,6OCO,MdrDBcore00828,R437C,-1.465,-0.9005590677261353,0.5518468022346497,1.2046353816986084
9,9588880,6OCO,MdrDBcore00829,R437C,1.666,0.7892833352088928,0.5518468022346497,1.2046353816986084
9,9588880,6OCO,MdrDBcore00830,R437C,1.238,1.239063024520874,0.5518468022346497,1.2046353816986084
9,9588880,6OCO,MdrDBcore00831,R821C,-1.413,-0.23041348159313202,0.5518468022346497,1.2046353816986084
9,9588880,6OCO,MdrDBcore00832,R821C,1.452,0.7537636756896973,0.5518468022346497,1.2046353816986084
9,9588880,6OCO,MdrDBcore00833,R821C,2.036,0.9728513360023499,0.5518468022346497,1.2046353816986084
9,9588880,6OCO,MdrDBcore00834,R88H,1.69,0.9498798847198486,0.5518468022346497,1.2046353816986084
9,9588880,6OCO,MdrDBcore00835,R88H,1.048,0.5331423282623291,0.5518468022346497,1.2046353816986084
9,9588880,6G6W,MdrDBcore00836,S174L,2.083,0.14126577973365784,0.5518468022346497,1.2046353816986084
9,9588880,6G6W,MdrDBcore00837,S174L,0.188,1.0934422016143799,0.5518468022346497,1.2046353816986084
9,9588880,6G6W,MdrDBcore00838,S174L,1.802,0.8423641324043274,0.5518468022346497,1.2046353816986084
9,9588880,6G6W,MdrDBcore00839,S174L,1.908,0.1884445697069168,0.5518468022346497,1.2046353816986084
9,9588880,7SHQ,MdrDBcore00840,D179G,1.527,0.5057675242424011,0.5518468022346497,1.2046353816986084
9,9588880,7SHQ,MdrDBcore00841,D584N,1.715,0.5896113514900208,0.5518468022346497,1.2046353816986084
9,9588880,7SHQ,MdrDBcore00842,D609N,1.604,1.1378576755523682,0.5518468022346497,1.2046353816986084
9,9588880,7SHQ,MdrDBcore00843,E545D,1.571,0.8608770966529846,0.5518468022346497,1.2046353816986084
9,9588880,7SHQ,MdrDBcore00844,E662K,1.281,0.8855704665184021,0.5518468022346497,1.2046353816986084
9,9588880,7SHQ,MdrDBcore00845,E673D,1.289,1.7822726964950562,0.5518468022346497,1.2046353816986084
9,9588880,7SHQ,MdrDBcore00846,G163V,1.756,-0.38608860969543457,0.5518468022346497,1.2046353816986084
9,9588880,7SHQ,MdrDBcore00847,G623S,1.237,1.1311734914779663,0.5518468022346497,1.2046353816986084
9,9588880,7SHQ,MdrDBcore00848,I349V,1.672,1.3443193435668945,0.5518468022346497,1.2046353816986084
9,9588880,7SHQ,MdrDBcore00849,P221L,1.95,1.5414875745773315,0.5518468022346497,1.2046353816986084
9,9588880,7SHQ,MdrDBcore00850,Q286K,2.13,1.8878846168518066,0.5518468022346497,1.2046353816986084
9,9588880,7SHQ,MdrDBcore00851,R111H,1.472,1.607147216796875,0.5518468022346497,1.2046353816986084
9,9588880,7SHQ,MdrDBcore00852,R178Q,1.41,1.6759281158447266,0.5518468022346497,1.2046353816986084
9,9588880,7SHQ,MdrDBcore00853,R247C,1.433,1.250553011894226,0.5518468022346497,1.2046353816986084
9,9588880,7SHQ,MdrDBcore00854,R265S,1.517,1.146238088607788,0.5518468022346497,1.2046353816986084
9,9588880,7SHQ,MdrDBcore00855,R303H,1.491,0.5435115694999695,0.5518468022346497,1.2046353816986084
9,9588880,7SHQ,MdrDBcore00856,T149M,1.58,1.7869877815246582,0.5518468022346497,1.2046353816986084
9,9588880,7SHQ,MdrDBcore00857,T291M,2.01,1.0124379396438599,0.5518468022346497,1.2046353816986084
9,9588880,7SHQ,MdrDBcore00858,T694I,1.412,0.7846741080284119,0.5518468022346497,1.2046353816986084
9,9588880,7SHQ,MdrDBcore00859,V120I,1.753,1.3016762733459473,0.5518468022346497,1.2046353816986084
9,9588880,7SHQ,MdrDBcore00860,W194C,1.538,-0.18665596842765808,0.5518468022346497,1.2046353816986084
9,9588880,7SHQ,MdrDBcore00861,Y641H,1.946,1.3407810926437378,0.5518468022346497,1.2046353816986084
9,9588880,7SHQ,MdrDBcore00862,Y713C,1.392,1.8727715015411377,0.5518468022346497,1.2046353816986084
9,9588880,4ZYO,MdrDBcore00863,M224I,0.639,0.05355002358555794,0.5518468022346497,1.2046353816986084
9,9588880,7BG9,MdrDBcore00864,D807G,1.237,0.8698818683624268,0.5518468022346497,1.2046353816986084
9,9588880,7BG9,MdrDBcore00865,D848G,1.211,0.6529392004013062,0.5518468022346497,1.2046353816986084
9,9588880,7BG9,MdrDBcore00866,E1068K,1.628,0.9795376658439636,0.5518468022346497,1.2046353816986084
9,9588880,7BG9,MdrDBcore00867,E484K,1.124,1.024929165840149,0.5518468022346497,1.2046353816986084
9,9588880,7BG9,MdrDBcore00868,H752R,1.3,0.7078194618225098,0.5518468022346497,1.2046353816986084
9,9588880,7BG9,MdrDBcore00869,L397I,0.21,0.9621046185493469,0.5518468022346497,1.2046353816986084
9,9588880,7BG9,MdrDBcore00870,P380S,0.378,0.40862151980400085,0.5518468022346497,1.2046353816986084
9,9588880,7BG9,MdrDBcore00871,P530L,1.038,0.5296938419342041,0.5518468022346497,1.2046353816986084
9,9588880,7BG9,MdrDBcore00872,P785L,0.639,0.6815499067306519,0.5518468022346497,1.2046353816986084
9,9588880,7BG9,MdrDBcore00873,P785Q,-0.52,-0.34835290908813477,0.5518468022346497,1.2046353816986084
9,9588880,7BG9,MdrDBcore00874,Q1024H,1.345,0.7689207196235657,0.5518468022346497,1.2046353816986084
9,9588880,7BG9,MdrDBcore00875,R521H,1.202,0.07564488053321838,0.5518468022346497,1.2046353816986084
9,9588880,7BG9,MdrDBcore00876,R743Q,-0.729,-0.731965184211731,0.5518468022346497,1.2046353816986084
9,9588880,7BG9,MdrDBcore00877,R865C,0.839,0.5354945659637451,0.5518468022346497,1.2046353816986084
9,9588880,7BG9,MdrDBcore00878,R938L,1.408,0.8949687480926514,0.5518468022346497,1.2046353816986084
9,9588880,7BG9,MdrDBcore00879,R972H,1.156,0.6671485900878906,0.5518468022346497,1.2046353816986084
9,9588880,7BG9,MdrDBcore00880,T726P,-0.519,0.2183355838060379,0.5518468022346497,1.2046353816986084
9,9588880,7BG9,MdrDBcore00881,T878A,1.071,0.7509998679161072,0.5518468022346497,1.2046353816986084
9,9588880,7BG9,MdrDBcore00882,V639I,1.29,1.0353095531463623,0.5518468022346497,1.2046353816986084
9,9588880,7BG9,MdrDBcore00883,V640M,1.288,1.0130339860916138,0.5518468022346497,1.2046353816986084
9,9588880,7BG9,MdrDBcore00884,V741M,1.087,0.43669962882995605,0.5518468022346497,1.2046353816986084
9,9588880,7BG9,MdrDBcore00885,V898A,1.275,1.3950109481811523,0.5518468022346497,1.2046353816986084
9,9588880,2WMR,MdrDBcore00886,A253D,-2.155,-0.10845200717449188,0.5518468022346497,1.2046353816986084
9,9588880,2WMR,MdrDBcore00887,Y173H,-2.256,-0.14434240758419037,0.5518468022346497,1.2046353816986084
9,9588880,4KIK,MdrDBcore00888,A360S,-1.563,-1.2093292474746704,0.5518468022346497,1.2046353816986084
9,9588880,4KIK,MdrDBcore00889,A360S,1.021,0.9321495890617371,0.5518468022346497,1.2046353816986084
9,9588880,3BRV,MdrDBcore00890,A710T,-0.504,-0.876038134098053,0.5518468022346497,1.2046353816986084
9,9588880,3BRV,MdrDBcore00891,A710T,1.786,0.9750403761863708,0.5518468022346497,1.2046353816986084
9,9588880,4KIK,MdrDBcore00892,E502K,-1.913,-1.2015899419784546,0.5518468022346497,1.2046353816986084
9,9588880,4KIK,MdrDBcore00893,E502K,-0.066,0.941531240940094,0.5518468022346497,1.2046353816986084
9,9588880,3BRV,MdrDBcore00894,F734L,-1.768,-0.8654822707176208,0.5518468022346497,1.2046353816986084
9,9588880,3BRV,MdrDBcore00895,F734L,1.667,1.040747880935669,0.5518468022346497,1.2046353816986084
9,9588880,4KIK,MdrDBcore00896,H284Y,-1.984,-1.1762992143630981,0.5518468022346497,1.2046353816986084
9,9588880,4KIK,MdrDBcore00897,H284Y,0.13,0.8889377117156982,0.5518468022346497,1.2046353816986084
9,9588880,4KIK,MdrDBcore00898,I413S,-1.999,-1.18446946144104,0.5518468022346497,1.2046353816986084
9,9588880,4KIK,MdrDBcore00899,K337N,-1.745,-1.1809974908828735,0.5518468022346497,1.2046353816986084
9,9588880,4KIK,MdrDBcore00900,P296L,1.4,0.9329645037651062,0.5518468022346497,1.2046353816986084
9,9588880,4KIK,MdrDBcore00901,R118W,-1.151,-1.1836820840835571,0.5518468022346497,1.2046353816986084
9,9588880,4KIK,MdrDBcore00902,R118W,1.339,0.9589020609855652,0.5518468022346497,1.2046353816986084
9,9588880,4KIK,MdrDBcore00903,R20H,-0.068,-1.2089520692825317,0.5518468022346497,1.2046353816986084
9,9588880,4KIK,MdrDBcore00904,R20H,0.521,0.93216872215271,0.5518468022346497,1.2046353816986084
9,9588880,4KIK,MdrDBcore00905,R526Q,1.063,0.9314624071121216,0.5518468022346497,1.2046353816986084
9,9588880,4KIK,MdrDBcore00906,R57W,-1.249,-1.1147338151931763,0.5518468022346497,1.2046353816986084
9,9588880,4KIK,MdrDBcore00907,R57W,1.131,0.8089256882667542,0.5518468022346497,1.2046353816986084
9,9588880,4KIK,MdrDBcore00908,T344M,0.66,0.9412925839424133,0.5518468022346497,1.2046353816986084
9,9588880,4KIK,MdrDBcore00909,T8R,-0.516,-1.2067866325378418,0.5518468022346497,1.2046353816986084
9,9588880,4KIK,MdrDBcore00910,T8R,1.208,0.938679575920105,0.5518468022346497,1.2046353816986084
9,9588880,4KIK,MdrDBcore00911,V327A,-1.102,-1.2100943326950073,0.5518468022346497,1.2046353816986084
9,9588880,4KIK,MdrDBcore00912,V327A,1.669,0.9200083613395691,0.5518468022346497,1.2046353816986084
9,9588880,4KIK,MdrDBcore00913,Y199C,-1.65,-1.2204219102859497,0.5518468022346497,1.2046353816986084
9,9588880,4KIK,MdrDBcore00914,Y199C,1.462,0.9327998757362366,0.5518468022346497,1.2046353816986084
9,9588880,4JBO,MdrDBcore00915,D311G,-0.93,-0.09249883890151978,0.5518468022346497,1.2046353816986084
9,9588880,4JBO,MdrDBcore00916,D311G,-0.001,-0.32765987515449524,0.5518468022346497,1.2046353816986084
9,9588880,4JBO,MdrDBcore00917,F133L,0.523,-0.15458714962005615,0.5518468022346497,1.2046353816986084
9,9588880,4JBO,MdrDBcore00918,F133L,-0.48,-0.24507202208042145,0.5518468022346497,1.2046353816986084
9,9588880,4JBO,MdrDBcore00919,G173V,-0.301,-0.07239276170730591,0.5518468022346497,1.2046353816986084
9,9588880,4JBO,MdrDBcore00920,G173V,-0.367,-0.2121172547340393,0.5518468022346497,1.2046353816986084
9,9588880,5DT0,MdrDBcore00921,L222P,-0.036,0.09117019176483154,0.5518468022346497,1.2046353816986084
9,9588880,4JBO,MdrDBcore00922,L222P,-0.626,-0.20128022134304047,0.5518468022346497,1.2046353816986084
9,9588880,4JBO,MdrDBcore00923,P297H,0.286,0.26851874589920044,0.5518468022346497,1.2046353816986084
9,9588880,4JBO,MdrDBcore00924,P297H,-1.585,-0.2701106071472168,0.5518468022346497,1.2046353816986084
9,9588880,3FDN,MdrDBcore00925,Q394A,0.19,-0.24577444791793823,0.5518468022346497,1.2046353816986084
9,9588880,3FDN,MdrDBcore00926,Q394A,0.126,-0.41987550258636475,0.5518468022346497,1.2046353816986084
9,9588880,5DT0,MdrDBcore00927,R343Q,-0.868,-0.12300053238868713,0.5518468022346497,1.2046353816986084
9,9588880,4JBO,MdrDBcore00928,R343Q,-0.333,-0.30807143449783325,0.5518468022346497,1.2046353816986084
9,9588880,4JBO,MdrDBcore00929,S361L,0.835,-0.19989512860774994,0.5518468022346497,1.2046353816986084
9,9588880,4JBO,MdrDBcore00930,S361L,0.516,-0.2886134386062622,0.5518468022346497,1.2046353816986084
9,9588880,4JBO,MdrDBcore00931,V174M,0.743,-0.3261028528213501,0.5518468022346497,1.2046353816986084
9,9588880,4JBO,MdrDBcore00932,V174M,-0.501,-0.46725913882255554,0.5518468022346497,1.2046353816986084
9,9588880,4JBO,MdrDBcore00933,Y197C,0.747,-0.05701419338583946,0.5518468022346497,1.2046353816986084
9,9588880,4JBO,MdrDBcore00934,Y197C,0.569,-0.11614596843719482,0.5518468022346497,1.2046353816986084
9,9588880,4JBO,MdrDBcore00935,Y246H,0.777,-0.0898449718952179,0.5518468022346497,1.2046353816986084
9,9588880,4JBO,MdrDBcore00936,Y246H,-0.064,-0.08961430191993713,0.5518468022346497,1.2046353816986084
9,9588880,3JZQ,MdrDBcore00937,C76Y,1.279,-0.1940416842699051,0.5518468022346497,1.2046353816986084
9,9588880,3JZQ,MdrDBcore00938,R87C,1.337,0.1924939900636673,0.5518468022346497,1.2046353816986084
9,9588880,2VKI,MdrDBcore00939,A532T,-1.663,-0.4407716989517212,0.5518468022346497,1.2046353816986084
9,9588880,2VKI,MdrDBcore00940,A532T,-0.285,0.28348663449287415,0.5518468022346497,1.2046353816986084
9,9588880,2VKI,MdrDBcore00941,A532T,-1.531,-1.4314827919006348,0.5518468022346497,1.2046353816986084
9,9588880,1W1D,MdrDBcore00942,H517Q,-1.454,-1.2090277671813965,0.5518468022346497,1.2046353816986084
9,9588880,2VKI,MdrDBcore00943,H517Q,-0.794,-0.35054904222488403,0.5518468022346497,1.2046353816986084
9,9588880,2VKI,MdrDBcore00944,H517Q,-0.914,-1.212192177772522,0.5518468022346497,1.2046353816986084
9,9588880,2VKI,MdrDBcore00945,Q540L,-0.007,-0.758708119392395,0.5518468022346497,1.2046353816986084
9,9588880,2VKI,MdrDBcore00946,Q540L,0.155,0.12408141791820526,0.5518468022346497,1.2046353816986084
9,9588880,2VKI,MdrDBcore00947,Q540L,-0.613,-0.9455878734588623,0.5518468022346497,1.2046353816986084
9,9588880,2VKI,MdrDBcore00948,R505Q,-0.014,-0.4600040316581726,0.5518468022346497,1.2046353816986084
9,9588880,2VKI,MdrDBcore00949,R505Q,0.605,-0.07191376388072968,0.5518468022346497,1.2046353816986084
9,9588880,2VKI,MdrDBcore00950,R505Q,-0.845,-1.0363225936889648,0.5518468022346497,1.2046353816986084
9,9588880,AlphaFold2,MdrDBcore00951,C657R,1.242,1.7229955196380615,0.5518468022346497,1.2046353816986084
9,9588880,AlphaFold2,MdrDBcore00952,D644E,-0.767,-0.5871483683586121,0.5518468022346497,1.2046353816986084
9,9588880,4FVQ,MdrDBcore00953,C675W,0.357,0.5782561302185059,0.5518468022346497,1.2046353816986084
9,9588880,4FVQ,MdrDBcore00954,E592K,2.616,0.15970827639102936,0.5518468022346497,1.2046353816986084
9,9588880,3IOK,MdrDBcore00955,E846D,2.797,0.2764843702316284,0.5518468022346497,1.2046353816986084
9,9588880,4FVQ,MdrDBcore00956,F547V,1.589,0.4882010817527771,0.5518468022346497,1.2046353816986084
9,9588880,4FVQ,MdrDBcore00957,F560L,3.126,0.6578108072280884,0.5518468022346497,1.2046353816986084
9,9588880,6E2Q,MdrDBcore00958,F85S,2.311,0.7482655644416809,0.5518468022346497,1.2046353816986084
9,9588880,3IOK,MdrDBcore00959,G1093R,1.446,0.205313578248024,0.5518468022346497,1.2046353816986084
9,9588880,6G3C,MdrDBcore00960,G571S,-0.047,-0.1551831215620041,0.5518468022346497,1.2046353816986084
9,9588880,6E2Q,MdrDBcore00961,H172R,-0.218,-0.6421542763710022,0.5518468022346497,1.2046353816986084
9,9588880,6E2Q,MdrDBcore00962,H172R,1.82,-0.5204302668571472,0.5518468022346497,1.2046353816986084
9,9588880,6G3C,MdrDBcore00963,H606Q,-1.028,0.21662895381450653,0.5518468022346497,1.2046353816986084
9,9588880,4FVQ,MdrDBcore00964,H606Q,0.836,0.08095858991146088,0.5518468022346497,1.2046353816986084
9,9588880,6E2Q,MdrDBcore00965,I67M,1.408,0.1285860389471054,0.5518468022346497,1.2046353816986084
9,9588880,6E2Q,MdrDBcore00966,L383P,-1.434,-0.721508264541626,0.5518468022346497,1.2046353816986084
9,9588880,6E2Q,MdrDBcore00967,L383P,2.042,1.4820468425750732,0.5518468022346497,1.2046353816986084
9,9588880,6E2Q,MdrDBcore00968,L393V,-0.207,0.07499705255031586,0.5518468022346497,1.2046353816986084
9,9588880,4FVQ,MdrDBcore00969,L634P,2.074,0.2500323951244354,0.5518468022346497,1.2046353816986084
9,9588880,3IOK,MdrDBcore00970,L905P,-1.629,0.3008189797401428,0.5518468022346497,1.2046353816986084
9,9588880,3IOK,MdrDBcore00971,N1108S,1.948,0.13440731167793274,0.5518468022346497,1.2046353816986084
9,9588880,6E2Q,MdrDBcore00972,N337D,0.983,0.2081577330827713,0.5518468022346497,1.2046353816986084
9,9588880,3IOK,MdrDBcore00973,R1063H,-0.474,0.17262889444828033,0.5518468022346497,1.2046353816986084
9,9588880,3IOK,MdrDBcore00974,R1117M,0.687,0.11023488640785217,0.5518468022346497,1.2046353816986084
9,9588880,6E2Q,MdrDBcore00975,R426A,0.073,0.75672447681427,0.5518468022346497,1.2046353816986084
9,9588880,6E2Q,MdrDBcore00976,S411N,3.172,-0.08300663530826569,0.5518468022346497,1.2046353816986084
9,9588880,6E2Q,MdrDBcore00977,S507A,0.168,0.0035961978137493134,0.5518468022346497,1.2046353816986084
9,9588880,4FVQ,MdrDBcore00978,S797C,1.229,-0.16930750012397766,0.5518468022346497,1.2046353816986084
9,9588880,6E2Q,MdrDBcore00979,T108A,3.21,0.8011308908462524,0.5518468022346497,1.2046353816986084
9,9588880,6E2Q,MdrDBcore00980,V149A,0.931,0.5859554409980774,0.5518468022346497,1.2046353816986084
9,9588880,4FVQ,MdrDBcore00981,V617F,0.016,-0.2349189668893814,0.5518468022346497,1.2046353816986084
9,9588880,6E2Q,MdrDBcore00982,W157A,-0.483,-0.2139262557029724,0.5518468022346497,1.2046353816986084
9,9588880,6E2Q,MdrDBcore00983,Y42H,3.166,-0.07666659355163574,0.5518468022346497,1.2046353816986084
9,9588880,3IOK,MdrDBcore00984,Y934N,1.12,0.4248596727848053,0.5518468022346497,1.2046353816986084
9,9588880,6E2Q,MdrDBcore00985,Y96H,-0.387,0.027804609388113022,0.5518468022346497,1.2046353816986084
9,9588880,5UEY,MdrDBcore00986,C357Y,3.73,1.1143345832824707,0.5518468022346497,1.2046353816986084
9,9588880,5UEY,MdrDBcore00987,C357Y,1.188,0.8899447321891785,0.5518468022346497,1.2046353816986084
9,9588880,5UEY,MdrDBcore00988,C357Y,1.205,0.7520985007286072,0.5518468022346497,1.2046353816986084
9,9588880,5CTL,MdrDBcore00989,H77Y,-2.382,0.7334589958190918,0.5518468022346497,1.2046353816986084
9,9588880,5CTL,MdrDBcore00990,H77Y,0.959,-0.435856431722641,0.5518468022346497,1.2046353816986084
9,9588880,5CTL,MdrDBcore00991,H77Y,1.105,0.46096473932266235,0.5518468022346497,1.2046353816986084
9,9588880,5UEY,MdrDBcore00992,I360V,-0.479,0.3896405100822449,0.5518468022346497,1.2046353816986084
9,9588880,5UEY,MdrDBcore00993,I360V,1.513,0.960286557674408,0.5518468022346497,1.2046353816986084
9,9588880,5UEY,MdrDBcore00994,I360V,1.347,0.7898627519607544,0.5518468022346497,1.2046353816986084
9,9588880,4Z93,MdrDBcore00995,R444C,0.287,0.32671254873275757,0.5518468022346497,1.2046353816986084
9,9588880,4Z93,MdrDBcore00996,R444C,-0.215,0.7237944006919861,0.5518468022346497,1.2046353816986084
9,9588880,4Z93,MdrDBcore00997,R444C,-0.063,0.3119368255138397,0.5518468022346497,1.2046353816986084
9,9588880,2N3K,MdrDBcore00998,R616W,1.224,0.2806001603603363,0.5518468022346497,1.2046353816986084
9,9588880,2N3K,MdrDBcore00999,R616W,1.614,1.0677932500839233,0.5518468022346497,1.2046353816986084
9,9588880,2N3K,MdrDBcore01000,R616W,1.6,0.8188397884368896,0.5518468022346497,1.2046353816986084
9,9588880,5CTL,MdrDBcore01001,T73I,-0.44,0.22320742905139923,0.5518468022346497,1.2046353816986084
9,9588880,5CTL,MdrDBcore01002,T73I,-0.958,-0.4662807881832123,0.5518468022346497,1.2046353816986084
9,9588880,5CTL,MdrDBcore01003,T73I,-1.313,0.11955299973487854,0.5518468022346497,1.2046353816986084
9,9588880,5CTL,MdrDBcore01004,W120A,0.458,0.47042316198349,0.5518468022346497,1.2046353816986084
9,9588880,5CTL,MdrDBcore01005,W120A,0.346,0.035005029290914536,0.5518468022346497,1.2046353816986084
9,9588880,5CTL,MdrDBcore01006,W120A,-0.884,0.366807758808136,0.5518468022346497,1.2046353816986084
9,9588880,5CTL,MdrDBcore01007,W81L,1.79,1.0305992364883423,0.5518468022346497,1.2046353816986084
9,9588880,5CTL,MdrDBcore01008,W81L,1.632,0.718765914440155,0.5518468022346497,1.2046353816986084
9,9588880,5CTL,MdrDBcore01009,W81L,1.777,0.3368825316429138,0.5518468022346497,1.2046353816986084
9,9588880,6UMD,MdrDBcore01010,A537E,-0.83,-0.19767151772975922,0.5518468022346497,1.2046353816986084
9,9588880,6UMD,MdrDBcore01011,D467N,1.991,0.04819825664162636,0.5518468022346497,1.2046353816986084
9,9588880,5U0J,MdrDBcore01012,D585V,1.689,0.6900820136070251,0.5518468022346497,1.2046353816986084
9,9588880,5U0J,MdrDBcore01013,D634G,2.083,0.7184269428253174,0.5518468022346497,1.2046353816986084
9,9588880,6UMD,MdrDBcore01014,F472L,1.268,0.5240272879600525,0.5518468022346497,1.2046353816986084
9,9588880,6UMD,MdrDBcore01015,G243E,1.422,0.7987213730812073,0.5518468022346497,1.2046353816986084
9,9588880,4O7D,MdrDBcore01016,K346Q,-0.127,0.23966367542743683,0.5518468022346497,1.2046353816986084
9,9588880,6UMD,MdrDBcore01017,L478R,1.294,0.6674367785453796,0.5518468022346497,1.2046353816986084
9,9588880,6UMD,MdrDBcore01018,N331S,0.49,0.29361677169799805,0.5518468022346497,1.2046353816986084
9,9588880,6UMD,MdrDBcore01019,R307L,0.897,0.5200608372688293,0.5518468022346497,1.2046353816986084
9,9588880,6UMD,MdrDBcore01020,V453I,1.509,0.4974496364593506,0.5518468022346497,1.2046353816986084
9,9588880,5SD8,MdrDBcore01021,A125V,1.996,0.22149328887462616,0.5518468022346497,1.2046353816986084
9,9588880,5HT4,MdrDBcore01022,I176T,0.282,0.25845402479171753,0.5518468022346497,1.2046353816986084
9,9588880,5HT4,MdrDBcore01023,T57A,0.41,0.17791205644607544,0.5518468022346497,1.2046353816986084
9,9588880,5DC4,MdrDBcore01024,A156T,0.124,0.2733055353164673,0.5518468022346497,1.2046353816986084
9,9588880,5DC4,MdrDBcore01025,E216K,0.948,0.15100163221359253,0.5518468022346497,1.2046353816986084
9,9588880,2V7A,MdrDBcore01026,G340W,-0.028,-0.08018259704113007,0.5518468022346497,1.2046353816986084
9,9588880,2V7A,MdrDBcore01027,H415Q,0.762,-0.0583760030567646,0.5518468022346497,1.2046353816986084
9,9588880,4J9H,MdrDBcore01028,K106E,1.244,0.896319568157196,0.5518468022346497,1.2046353816986084
9,9588880,6AMW,MdrDBcore01029,K7R,-0.044,0.13079096376895905,0.5518468022346497,1.2046353816986084
9,9588880,4JJB,MdrDBcore01030,N115S,0.944,-0.190968856215477,0.5518468022346497,1.2046353816986084
9,9588880,6AMW,MdrDBcore01031,P131S,-0.881,-0.12612660229206085,0.5518468022346497,1.2046353816986084
9,9588880,2V7A,MdrDBcore01032,P460L,0.494,0.11006313562393188,0.5518468022346497,1.2046353816986084
9,9588880,6AMW,MdrDBcore01033,R13K,-0.459,-0.23873580992221832,0.5518468022346497,1.2046353816986084
9,9588880,5DC4,MdrDBcore01034,R153C,-0.602,-0.1245538741350174,0.5518468022346497,1.2046353816986084
9,9588880,5DC4,MdrDBcore01035,R185K,-0.121,-0.19850735366344452,0.5518468022346497,1.2046353816986084
9,9588880,2V7A,MdrDBcore01036,R351W,0.405,-0.08329280465841293,0.5518468022346497,1.2046353816986084
9,9588880,7N9G,MdrDBcore01037,R502W,0.707,-0.3577881455421448,0.5518468022346497,1.2046353816986084
9,9588880,2V7A,MdrDBcore01038,T243I,0.101,-0.06372566521167755,0.5518468022346497,1.2046353816986084
9,9588880,6XR6,MdrDBcore01039,V390I,-0.227,0.15874306857585907,0.5518468022346497,1.2046353816986084
9,9588880,2V7A,MdrDBcore01040,Y276C,-0.478,-0.09530353546142578,0.5518468022346497,1.2046353816986084
9,9588880,1MOX,MdrDBcore01041,A289D,-0.356,-0.3664093613624573,0.5518468022346497,1.2046353816986084
9,9588880,1MOX,MdrDBcore01042,A289D,0.668,0.2788277566432953,0.5518468022346497,1.2046353816986084
9,9588880,7SZ0,MdrDBcore01043,A289V,0.598,-0.30852770805358887,0.5518468022346497,1.2046353816986084
9,9588880,1MOX,MdrDBcore01044,A289V,0.528,0.4290994703769684,0.5518468022346497,1.2046353816986084
9,9588880,1MOX,MdrDBcore01045,A289V,0.287,0.03103822097182274,0.5518468022346497,1.2046353816986084
9,9588880,7SZ0,MdrDBcore01046,A289V,1.005,0.5220298767089844,0.5518468022346497,1.2046353816986084
9,9588880,1MOX,MdrDBcore01047,A289V,0.516,0.11462746560573578,0.5518468022346497,1.2046353816986084
9,9588880,5CAN,MdrDBcore01048,A702D,-1.549,-0.532615065574646,0.5518468022346497,1.2046353816986084
9,9588880,5CAN,MdrDBcore01049,A702D,0.098,-0.4754868447780609,0.5518468022346497,1.2046353816986084
9,9588880,6D8E,MdrDBcore01050,A864V,-1.162,-0.2438952773809433,0.5518468022346497,1.2046353816986084
9,9588880,6D8E,MdrDBcore01051,A864V,-1.228,0.2521204650402069,0.5518468022346497,1.2046353816986084
9,9588880,6D8E,MdrDBcore01052,A864V,-1.186,-0.6173641085624695,0.5518468022346497,1.2046353816986084
9,9588880,6D8E,MdrDBcore01053,A864V,-0.945,0.5285043120384216,0.5518468022346497,1.2046353816986084
9,9588880,6D8E,MdrDBcore01054,A864V,-0.788,-0.480609655380249,0.5518468022346497,1.2046353816986084
9,9588880,6D8E,MdrDBcore01055,A864V,-0.396,-0.0660264641046524,0.5518468022346497,1.2046353816986084
9,9588880,6D8E,MdrDBcore01056,A864V,-1.02,-0.11773991584777832,0.5518468022346497,1.2046353816986084
9,9588880,6D8E,MdrDBcore01057,A864V,-1.432,-0.9249275326728821,0.5518468022346497,1.2046353816986084
9,9588880,6D8E,MdrDBcore01058,A864V,-0.67,-0.6343116760253906,0.5518468022346497,1.2046353816986084
9,9588880,1MOX,MdrDBcore01059,C251Y,-0.693,-0.1376078873872757,0.5518468022346497,1.2046353816986084
9,9588880,1MOX,MdrDBcore01060,C311F,2.202,0.2389226108789444,0.5518468022346497,1.2046353816986084
9,9588880,7SZ0,MdrDBcore01061,C523R,-0.599,-0.5398762822151184,0.5518468022346497,1.2046353816986084
9,9588880,7SZ0,MdrDBcore01062,C523R,-0.637,0.5220050811767578,0.5518468022346497,1.2046353816986084
9,9588880,7SZ0,MdrDBcore01063,C523R,0.304,-0.516325831413269,0.5518468022346497,1.2046353816986084
9,9588880,7SZ0,MdrDBcore01064,C523R,0.093,-0.859711766242981,0.5518468022346497,1.2046353816986084
9,9588880,7SZ0,MdrDBcore01065,C523R,-0.466,-0.15271075069904327,0.5518468022346497,1.2046353816986084
9,9588880,7SZ0,MdrDBcore01066,C523R,0.621,-0.5136924982070923,0.5518468022346497,1.2046353816986084
9,9588880,5CAN,MdrDBcore01067,E711K,-0.282,-0.7459567189216614,0.5518468022346497,1.2046353816986084
9,9588880,6TG1,MdrDBcore01068,E711K,0.102,-0.03330158814787865,0.5518468022346497,1.2046353816986084
9,9588880,5CAN,MdrDBcore01069,E711K,0.011,-0.5979313254356384,0.5518468022346497,1.2046353816986084
9,9588880,5CAN,MdrDBcore01070,E711K,0.301,-0.19309186935424805,0.5518468022346497,1.2046353816986084
9,9588880,5CAN,MdrDBcore01071,E711K,1.056,-0.5942682027816772,0.5518468022346497,1.2046353816986084
9,9588880,5CAN,MdrDBcore01072,F961L,0.414,0.6783358454704285,0.5518468022346497,1.2046353816986084
9,9588880,5CAN,MdrDBcore01073,F961L,-0.23,-0.7282277345657349,0.5518468022346497,1.2046353816986084
9,9588880,5CAN,MdrDBcore01074,F961L,-0.145,-0.1669609248638153,0.5518468022346497,1.2046353816986084
9,9588880,2M0B,MdrDBcore01075,G659R,-0.828,0.0527481846511364,0.5518468022346497,1.2046353816986084
9,9588880,5CAN,MdrDBcore01076,G719S,-0.311,-0.13735125958919525,0.5518468022346497,1.2046353816986084
9,9588880,6TG1,MdrDBcore01077,G719S,-2.08,0.2699759602546692,0.5518468022346497,1.2046353816986084
9,9588880,6D8E,MdrDBcore01078,G719S,-1.345,0.5330092906951904,0.5518468022346497,1.2046353816986084
9,9588880,5CAN,MdrDBcore01079,G719S,-1.534,-0.507051944732666,0.5518468022346497,1.2046353816986084
9,9588880,5CAN,MdrDBcore01080,G719S,-1.594,-0.40247395634651184,0.5518468022346497,1.2046353816986084
9,9588880,5CAN,MdrDBcore01081,G719S,0.896,-0.2481376677751541,0.5518468022346497,1.2046353816986084
9,9588880,5CAN,MdrDBcore01082,G917R,-0.265,-0.43793025612831116,0.5518468022346497,1.2046353816986084
9,9588880,5CAN,MdrDBcore01083,G917R,0.04,0.10992582142353058,0.5518468022346497,1.2046353816986084
9,9588880,5CAN,MdrDBcore01084,G917R,-0.148,0.16481564939022064,0.5518468022346497,1.2046353816986084
9,9588880,5CAN,MdrDBcore01085,G917R,-0.372,-0.44596633315086365,0.5518468022346497,1.2046353816986084
9,9588880,5CAN,MdrDBcore01086,H988P,-0.191,-0.29530978202819824,0.5518468022346497,1.2046353816986084
9,9588880,2M0B,MdrDBcore01087,I646L,0.139,0.12867605686187744,0.5518468022346497,1.2046353816986084
9,9588880,2M0B,MdrDBcore01088,I646L,0.342,0.4451102614402771,0.5518468022346497,1.2046353816986084
9,9588880,5LV6,MdrDBcore01089,I646L,-0.278,0.21657593548297882,0.5518468022346497,1.2046353816986084
9,9588880,2M0B,MdrDBcore01090,I646L,0.656,-0.28737422823905945,0.5518468022346497,1.2046353816986084
9,9588880,2M0B,MdrDBcore01091,I646L,0.677,-0.46519726514816284,0.5518468022346497,1.2046353816986084
9,9588880,7SZ0,MdrDBcore01092,K28N,-0.86,0.10091626644134521,0.5518468022346497,1.2046353816986084
9,9588880,2N5S,MdrDBcore01093,L62R,0.651,-0.20846037566661835,0.5518468022346497,1.2046353816986084
9,9588880,2N5S,MdrDBcore01094,L62R,0.883,0.3142104744911194,0.5518468022346497,1.2046353816986084
9,9588880,2N5S,MdrDBcore01095,L62R,0.476,0.2241625338792801,0.5518468022346497,1.2046353816986084
9,9588880,2N5S,MdrDBcore01096,L62R,1.078,0.8148711323738098,0.5518468022346497,1.2046353816986084
9,9588880,2N5S,MdrDBcore01097,L62R,1.369,-0.09882916510105133,0.5518468022346497,1.2046353816986084
9,9588880,1MOX,MdrDBcore01098,L76P,-0.985,-0.179509237408638,0.5518468022346497,1.2046353816986084
9,9588880,1MOX,MdrDBcore01099,L76P,-0.97,0.03844891116023064,0.5518468022346497,1.2046353816986084
9,9588880,2M20,MdrDBcore01100,L76P,-0.064,0.2297690361738205,0.5518468022346497,1.2046353816986084
9,9588880,2M20,MdrDBcore01101,L76P,-0.699,-0.5252653360366821,0.5518468022346497,1.2046353816986084
9,9588880,1MOX,MdrDBcore01102,L76P,-0.228,0.1841381937265396,0.5518468022346497,1.2046353816986084
9,9588880,2M20,MdrDBcore01103,L76P,0.398,0.8004420399665833,0.5518468022346497,1.2046353816986084
9,9588880,1MOX,MdrDBcore01104,L76P,-1.343,-0.2126452475786209,0.5518468022346497,1.2046353816986084
9,9588880,2M20,MdrDBcore01105,L76P,-1.839,0.5709022879600525,0.5518468022346497,1.2046353816986084
9,9588880,6D8E,MdrDBcore01106,L858R,-4.042,-0.42746323347091675,0.5518468022346497,1.2046353816986084
9,9588880,6D8E,MdrDBcore01107,L858R,-2.66,-0.5933758616447449,0.5518468022346497,1.2046353816986084
9,9588880,5CAN,MdrDBcore01108,L861Q,-0.896,-0.4039537310600281,0.5518468022346497,1.2046353816986084
9,9588880,5CAN,MdrDBcore01109,L861Q,-0.526,0.7451549172401428,0.5518468022346497,1.2046353816986084
9,9588880,5CAN,MdrDBcore01110,L861Q,-1.064,-0.39274054765701294,0.5518468022346497,1.2046353816986084
9,9588880,6D8E,MdrDBcore01111,L861Q,-0.736,0.3704453408718109,0.5518468022346497,1.2046353816986084
9,9588880,6D8E,MdrDBcore01112,L861Q,-0.619,-0.2913261651992798,0.5518468022346497,1.2046353816986084
9,9588880,5CAN,MdrDBcore01113,L883F,-0.382,-0.5323604941368103,0.5518468022346497,1.2046353816986084
9,9588880,5CAN,MdrDBcore01114,L883F,0.58,0.18037165701389313,0.5518468022346497,1.2046353816986084
9,9588880,5CAN,MdrDBcore01115,L883F,0.226,-0.16943809390068054,0.5518468022346497,1.2046353816986084
9,9588880,5CAN,MdrDBcore01116,L883F,0.281,-0.4923034906387329,0.5518468022346497,1.2046353816986084
9,9588880,5CAN,MdrDBcore01117,L883F,0.945,-0.4631733298301697,0.5518468022346497,1.2046353816986084
9,9588880,3PFV,MdrDBcore01118,P1071L,0.324,-0.3756537139415741,0.5518468022346497,1.2046353816986084
9,9588880,3PFV,MdrDBcore01119,P1071L,-0.931,-0.3361876606941223,0.5518468022346497,1.2046353816986084
9,9588880,3PFV,MdrDBcore01120,P1071L,-0.113,-0.39173370599746704,0.5518468022346497,1.2046353816986084
9,9588880,3PFV,MdrDBcore01121,P1071L,0.13,0.05472187325358391,0.5518468022346497,1.2046353816986084
9,9588880,3PFV,MdrDBcore01122,P1071L,-0.12,0.152487114071846,0.5518468022346497,1.2046353816986084
9,9588880,3PFV,MdrDBcore01123,P1071L,1.21,0.19872288405895233,0.5518468022346497,1.2046353816986084
9,9588880,5CAN,MdrDBcore01124,P753S,-1.218,-0.24700959026813507,0.5518468022346497,1.2046353816986084
9,9588880,5CAN,MdrDBcore01125,P753S,1.334,-0.4156738519668579,0.5518468022346497,1.2046353816986084
9,9588880,5CAN,MdrDBcore01126,Q701R,-0.279,-0.4877951145172119,0.5518468022346497,1.2046353816986084
9,9588880,6TG1,MdrDBcore01127,Q701R,-0.382,-0.6530378460884094,0.5518468022346497,1.2046353816986084
9,9588880,5CAN,MdrDBcore01128,Q701R,0.29,0.31649914383888245,0.5518468022346497,1.2046353816986084
9,9588880,6D8E,MdrDBcore01129,Q701R,-0.347,-0.3429359197616577,0.5518468022346497,1.2046353816986084
9,9588880,5CAN,MdrDBcore01130,Q701R,0.084,0.5289534330368042,0.5518468022346497,1.2046353816986084
9,9588880,5CAN,MdrDBcore01131,Q701R,-0.522,-0.5564900040626526,0.5518468022346497,1.2046353816986084
9,9588880,1MOX,MdrDBcore01132,R165Q,0.288,0.41084253787994385,0.5518468022346497,1.2046353816986084
9,9588880,1MOX,MdrDBcore01133,R451C,-0.719,-0.21574153006076813,0.5518468022346497,1.2046353816986084
9,9588880,7SZ0,MdrDBcore01134,R451C,-1.196,-0.3313901424407959,0.5518468022346497,1.2046353816986084
9,9588880,1MOX,MdrDBcore01135,R451C,-0.817,-0.24453194439411163,0.5518468022346497,1.2046353816986084
9,9588880,1MOX,MdrDBcore01136,R451C,-0.695,0.4718344807624817,0.5518468022346497,1.2046353816986084
9,9588880,7SZ0,MdrDBcore01137,R451C,-1.115,-0.4283088445663452,0.5518468022346497,1.2046353816986084
9,9588880,1MOX,MdrDBcore01138,R451C,0.991,0.032059844583272934,0.5518468022346497,1.2046353816986084
9,9588880,2M0B,MdrDBcore01139,R675Q,0.202,0.021688010543584824,0.5518468022346497,1.2046353816986084
9,9588880,2M0B,MdrDBcore01140,R675Q,0.948,0.6044287085533142,0.5518468022346497,1.2046353816986084
9,9588880,2M0B,MdrDBcore01141,R675Q,0.704,-0.0408872552216053,0.5518468022346497,1.2046353816986084
9,9588880,2M0B,MdrDBcore01142,R675Q,1.255,0.41822949051856995,0.5518468022346497,1.2046353816986084
9,9588880,2M0B,MdrDBcore01143,R675Q,0.318,-0.33933025598526,0.5518468022346497,1.2046353816986084
9,9588880,2M0B,MdrDBcore01144,R677C,-1.091,-0.10407703369855881,0.5518468022346497,1.2046353816986084
9,9588880,5CAN,MdrDBcore01145,R832C,-1.389,1.2059978246688843,0.5518468022346497,1.2046353816986084
9,9588880,5CAN,MdrDBcore01146,R832C,-1.507,-0.3293556571006775,0.5518468022346497,1.2046353816986084
9,9588880,5CAN,MdrDBcore01147,R832C,-0.512,-0.7575147747993469,0.5518468022346497,1.2046353816986084
9,9588880,5CAN,MdrDBcore01148,S703F,-2.773,-0.4641018807888031,0.5518468022346497,1.2046353816986084
9,9588880,5CAN,MdrDBcore01149,S768I,-2.066,-0.5644904375076294,0.5518468022346497,1.2046353816986084
9,9588880,6D8E,MdrDBcore01150,S768I,-1.336,-0.7699699997901917,0.5518468022346497,1.2046353816986084
9,9588880,5CAN,MdrDBcore01151,S768I,-1.442,-0.07660944759845734,0.5518468022346497,1.2046353816986084
9,9588880,5CAN,MdrDBcore01152,S768I,-2.007,-0.21470771729946136,0.5518468022346497,1.2046353816986084
9,9588880,5CAN,MdrDBcore01153,S768I,-1.274,0.06290416419506073,0.5518468022346497,1.2046353816986084
9,9588880,5CAN,MdrDBcore01154,S768I,-3.63,-0.6498305201530457,0.5518468022346497,1.2046353816986084
9,9588880,5CAN,MdrDBcore01155,S811F,0.566,-0.509722113609314,0.5518468022346497,1.2046353816986084
9,9588880,5CAN,MdrDBcore01156,S811F,0.765,0.6467499136924744,0.5518468022346497,1.2046353816986084
9,9588880,5CAN,MdrDBcore01157,S811F,0.132,-0.4109797477722168,0.5518468022346497,1.2046353816986084
9,9588880,5CAN,MdrDBcore01158,S811F,0.163,-0.19890716671943665,0.5518468022346497,1.2046353816986084
9,9588880,5CAN,MdrDBcore01159,S811F,-0.607,-0.6856541037559509,0.5518468022346497,1.2046353816986084
9,9588880,6TG1,MdrDBcore01160,T751I,0.033,-0.13958172500133514,0.5518468022346497,1.2046353816986084
9,9588880,5CAN,MdrDBcore01161,T751I,0.148,0.7132696509361267,0.5518468022346497,1.2046353816986084
9,9588880,5CAN,MdrDBcore01162,T751I,-0.088,-0.3247576057910919,0.5518468022346497,1.2046353816986084
9,9588880,5CAN,MdrDBcore01163,T751I,-0.18,-0.4322774410247803,0.5518468022346497,1.2046353816986084
9,9588880,5CAN,MdrDBcore01164,T751I,-0.629,-0.46066978573799133,0.5518468022346497,1.2046353816986084
9,9588880,5CAN,MdrDBcore01165,V1011M,-2.524,-0.5054347515106201,0.5518468022346497,1.2046353816986084
9,9588880,5CAN,MdrDBcore01166,V1011M,-0.24,-0.33998095989227295,0.5518468022346497,1.2046353816986084
9,9588880,5CAN,MdrDBcore01167,V1011M,-0.267,0.24638085067272186,0.5518468022346497,1.2046353816986084
9,9588880,5CAN,MdrDBcore01168,V1011M,-0.597,-0.5663202404975891,0.5518468022346497,1.2046353816986084
9,9588880,5CAN,MdrDBcore01169,V1011M,-1.178,-0.007839716970920563,0.5518468022346497,1.2046353816986084
9,9588880,5CAN,MdrDBcore01170,V1011M,-1.794,-0.5478322505950928,0.5518468022346497,1.2046353816986084
9,9588880,1MOX,MdrDBcore01171,V292M,-0.108,0.1555648148059845,0.5518468022346497,1.2046353816986084
9,9588880,7SZ0,MdrDBcore01172,V592F,-0.734,-0.7851969599723816,0.5518468022346497,1.2046353816986084
9,9588880,7SZ0,MdrDBcore01173,V592F,0.123,-0.5695568323135376,0.5518468022346497,1.2046353816986084
9,9588880,7SZ0,MdrDBcore01174,V592F,1.952,0.1577318012714386,0.5518468022346497,1.2046353816986084
9,9588880,5CAN,MdrDBcore01175,V738D,-0.931,-0.5864530205726624,0.5518468022346497,1.2046353816986084
9,9588880,6D8E,MdrDBcore01176,V738D,-0.288,0.2365715652704239,0.5518468022346497,1.2046353816986084
9,9588880,5CAN,MdrDBcore01177,V738D,-0.471,-0.43421274423599243,0.5518468022346497,1.2046353816986084
9,9588880,5CAN,MdrDBcore01178,V738D,-0.628,-0.37367570400238037,0.5518468022346497,1.2046353816986084
9,9588880,5CAN,MdrDBcore01179,V738D,-1.784,-0.1888270080089569,0.5518468022346497,1.2046353816986084
9,9588880,5CAN,MdrDBcore01180,V904I,-0.686,-0.5702219009399414,0.5518468022346497,1.2046353816986084
9,9588880,5CAN,MdrDBcore01181,V904I,-0.631,-0.41922521591186523,0.5518468022346497,1.2046353816986084
9,9588880,5CAN,MdrDBcore01182,V904I,-0.007,-0.01812928542494774,0.5518468022346497,1.2046353816986084
9,9588880,5CAN,MdrDBcore01183,V904I,-0.208,-0.38348856568336487,0.5518468022346497,1.2046353816986084
9,9588880,5CAN,MdrDBcore01184,V904I,-0.86,-0.35414430499076843,0.5518468022346497,1.2046353816986084
9,9588880,5CAN,MdrDBcore01185,V904I,-0.362,-0.5239884853363037,0.5518468022346497,1.2046353816986084
9,9588880,5VQP,MdrDBcore01186,A221T,0.098,0.9903305172920227,0.5518468022346497,1.2046353816986084
9,9588880,6GFF,MdrDBcore01187,A221T,0.035,0.1910315752029419,0.5518468022346497,1.2046353816986084
9,9588880,6GFF,MdrDBcore01188,E169A,0.4,0.12423810362815857,0.5518468022346497,1.2046353816986084
9,9588880,6GFF,MdrDBcore01189,F134L,1.061,0.16868384182453156,0.5518468022346497,1.2046353816986084
9,9588880,6GFF,MdrDBcore01190,F134L,-0.28,-0.2836307883262634,0.5518468022346497,1.2046353816986084
9,9588880,5FFO,MdrDBcore01191,I300V,0.168,-0.22497349977493286,0.5518468022346497,1.2046353816986084
9,9588880,6GFF,MdrDBcore01192,R152Q,0.693,0.12018489837646484,0.5518468022346497,1.2046353816986084
9,9588880,6GFF,MdrDBcore01193,R152Q,1.291,0.32492971420288086,0.5518468022346497,1.2046353816986084
9,9588880,6GFF,MdrDBcore01194,R205L,1.168,-0.06963714957237244,0.5518468022346497,1.2046353816986084
9,9588880,6GFF,MdrDBcore01195,R205L,0.137,0.3705842196941376,0.5518468022346497,1.2046353816986084
9,9588880,6GFF,MdrDBcore01196,S138L,0.563,0.43851351737976074,0.5518468022346497,1.2046353816986084
9,9588880,6GFF,MdrDBcore01197,S138L,1.717,0.385960191488266,0.5518468022346497,1.2046353816986084
9,9588880,6GFF,MdrDBcore01198,S209R,0.408,-0.18361811339855194,0.5518468022346497,1.2046353816986084
9,9588880,6GFF,MdrDBcore01199,S209R,-0.44,-0.27731725573539734,0.5518468022346497,1.2046353816986084
9,9588880,5VQP,MdrDBcore01200,T289A,0.353,0.28905433416366577,0.5518468022346497,1.2046353816986084
9,9588880,4KV5,MdrDBcore01201,V20M,1.636,0.5989837050437927,0.5518468022346497,1.2046353816986084
9,9588880,4KV5,MdrDBcore01202,Y103H,0.514,0.29369935393333435,0.5518468022346497,1.2046353816986084
9,9588880,6GFF,MdrDBcore01203,Y103H,-0.297,-0.47988396883010864,0.5518468022346497,1.2046353816986084
9,9588880,5TM1,MdrDBcore01204,D321N,0.066,-0.006665635854005814,0.5518468022346497,1.2046353816986084
9,9588880,5TM1,MdrDBcore01205,D321N,0.304,0.19320093095302582,0.5518468022346497,1.2046353816986084
9,9588880,5TM1,MdrDBcore01206,D426G,-0.151,0.007169988006353378,0.5518468022346497,1.2046353816986084
9,9588880,5TM1,MdrDBcore01207,D426G,-0.021,0.17747505009174347,0.5518468022346497,1.2046353816986084
9,9588880,4AA6,MdrDBcore01208,E247K,-0.19,-0.48844146728515625,0.5518468022346497,1.2046353816986084
9,9588880,4AA6,MdrDBcore01209,E247K,-0.393,-0.039736341685056686,0.5518468022346497,1.2046353816986084
9,9588880,2LLQ,MdrDBcore01210,I298V,-0.293,-0.13651306927204132,0.5518468022346497,1.2046353816986084
9,9588880,2LLQ,MdrDBcore01211,I298V,-0.247,0.39419060945510864,0.5518468022346497,1.2046353816986084
9,9588880,5U2B,MdrDBcore01212,K299N,-0.096,0.18597671389579773,0.5518468022346497,1.2046353816986084
9,9588880,2LLQ,MdrDBcore01213,K299R,-0.316,-0.2933785021305084,0.5518468022346497,1.2046353816986084
9,9588880,2LLQ,MdrDBcore01214,K299R,1.023,0.21506427228450775,0.5518468022346497,1.2046353816986084
9,9588880,2LLQ,MdrDBcore01215,M297I,0.335,0.33971622586250305,0.5518468022346497,1.2046353816986084
9,9588880,4AA6,MdrDBcore01216,R241L,0.711,-0.42665740847587585,0.5518468022346497,1.2046353816986084
9,9588880,4AA6,MdrDBcore01217,R241L,-0.261,0.2093624621629715,0.5518468022346497,1.2046353816986084
9,9588880,5TM1,MdrDBcore01218,R548C,-0.441,-0.6929280161857605,0.5518468022346497,1.2046353816986084
9,9588880,5TM1,MdrDBcore01219,R548C,-0.471,0.20478291809558868,0.5518468022346497,1.2046353816986084
9,9588880,4AA6,MdrDBcore01220,T182A,-0.213,-0.5314800143241882,0.5518468022346497,1.2046353816986084
9,9588880,4AA6,MdrDBcore01221,T182A,0.145,0.24905787408351898,0.5518468022346497,1.2046353816986084
9,9588880,5TM1,MdrDBcore01222,V392I,-0.334,-0.39611488580703735,0.5518468022346497,1.2046353816986084
9,9588880,5TM1,MdrDBcore01223,V392I,0.002,0.18011663854122162,0.5518468022346497,1.2046353816986084
9,9588880,5MY6,MdrDBcore01224,A386T,1.101,0.1318501979112625,0.5518468022346497,1.2046353816986084
9,9588880,7MN8,MdrDBcore01225,A586G,0.23,-0.4771631956100464,0.5518468022346497,1.2046353816986084
9,9588880,6LBX,MdrDBcore01226,A586G,1.097,0.0074997954070568085,0.5518468022346497,1.2046353816986084
9,9588880,3PP0,MdrDBcore01227,A830V,-0.34,0.36042696237564087,0.5518468022346497,1.2046353816986084
9,9588880,3PP0,MdrDBcore01228,A830V,1.275,0.6222602725028992,0.5518468022346497,1.2046353816986084
9,9588880,2L4K,MdrDBcore01229,D1144H,1.33,0.5202534794807434,0.5518468022346497,1.2046353816986084
9,9588880,6LBX,MdrDBcore01230,D592E,1.293,-0.10949322581291199,0.5518468022346497,1.2046353816986084
9,9588880,3PP0,MdrDBcore01231,E744K,0.58,0.3673112988471985,0.5518468022346497,1.2046353816986084
9,9588880,3PP0,MdrDBcore01232,E744K,1.703,0.5665677785873413,0.5518468022346497,1.2046353816986084
9,9588880,3PP0,MdrDBcore01233,E930D,0.498,0.36595234274864197,0.5518468022346497,1.2046353816986084
9,9588880,3PP0,MdrDBcore01234,E930D,1.074,0.4653747081756592,0.5518468022346497,1.2046353816986084
9,9588880,3PP0,MdrDBcore01235,E936K,1.208,0.6389747858047485,0.5518468022346497,1.2046353816986084
9,9588880,7MN8,MdrDBcore01236,G518V,-0.611,-0.5843290686607361,0.5518468022346497,1.2046353816986084
9,9588880,5MY6,MdrDBcore01237,G518V,1.487,0.3729749917984009,0.5518468022346497,1.2046353816986084
9,9588880,3PP0,MdrDBcore01238,G776V,1.218,0.5343006253242493,0.5518468022346497,1.2046353816986084
9,9588880,6LBX,MdrDBcore01239,K591M,1.313,-0.2649206519126892,0.5518468022346497,1.2046353816986084
9,9588880,3PP0,MdrDBcore01240,L720P,-0.74,0.2717927098274231,0.5518468022346497,1.2046353816986084
9,9588880,3PP0,MdrDBcore01241,L720P,1.177,0.5745565891265869,0.5518468022346497,1.2046353816986084
9,9588880,3PP0,MdrDBcore01242,L755S,-1.223,0.321938693523407,0.5518468022346497,1.2046353816986084
9,9588880,3PP0,MdrDBcore01243,L755S,1.397,0.46615070104599,0.5518468022346497,1.2046353816986084
9,9588880,3PP0,MdrDBcore01244,L796P,1.379,0.30913040041923523,0.5518468022346497,1.2046353816986084
9,9588880,5MY6,MdrDBcore01245,N319Y,1.35,0.0730905532836914,0.5518468022346497,1.2046353816986084
9,9588880,7MN8,MdrDBcore01246,P230L,-0.368,0.050753336399793625,0.5518468022346497,1.2046353816986084
9,9588880,5MY6,MdrDBcore01247,P230L,1.468,0.5321931838989258,0.5518468022346497,1.2046353816986084
9,9588880,5MY6,MdrDBcore01248,Q178H,1.641,0.3880389630794525,0.5518468022346497,1.2046353816986084
9,9588880,5MY6,MdrDBcore01249,R143Q,1.476,0.1372378021478653,0.5518468022346497,1.2046353816986084
9,9588880,7MN8,MdrDBcore01250,R226H,-0.251,-0.3642704486846924,0.5518468022346497,1.2046353816986084
9,9588880,5MY6,MdrDBcore01251,R226H,1.003,-0.19744417071342468,0.5518468022346497,1.2046353816986084
9,9588880,5MY6,MdrDBcore01252,R432W,1.52,0.39760899543762207,0.5518468022346497,1.2046353816986084
9,9588880,5MY6,MdrDBcore01253,R499Q,1.643,0.013297434896230698,0.5518468022346497,1.2046353816986084
9,9588880,3PP0,MdrDBcore01254,R816H,1.616,0.4310082495212555,0.5518468022346497,1.2046353816986084
9,9588880,3PP0,MdrDBcore01255,R896H,0.026,0.33076393604278564,0.5518468022346497,1.2046353816986084
9,9588880,3PP0,MdrDBcore01256,S1007A,-0.226,0.30541878938674927,0.5518468022346497,1.2046353816986084
9,9588880,5MY6,MdrDBcore01257,S310F,1.353,0.5542368292808533,0.5518468022346497,1.2046353816986084
9,9588880,6J71,MdrDBcore01258,S335C,1.298,0.13497762382030487,0.5518468022346497,1.2046353816986084
9,9588880,1MFG,MdrDBcore01259,V1253M,1.209,1.0291287899017334,0.5518468022346497,1.2046353816986084
9,9588880,7MN8,MdrDBcore01260,V541M,0.426,-0.5349966287612915,0.5518468022346497,1.2046353816986084
9,9588880,6LBX,MdrDBcore01261,V541M,1.961,-0.6194004416465759,0.5518468022346497,1.2046353816986084
9,9588880,3PP0,MdrDBcore01262,V842I,1.0,0.7218140363693237,0.5518468022346497,1.2046353816986084
9,9588880,5MY6,MdrDBcore01263,W452C,-0.482,-0.23076432943344116,0.5518468022346497,1.2046353816986084
9,9588880,5MY6,MdrDBcore01264,W452S,1.615,0.5910329222679138,0.5518468022346497,1.2046353816986084
9,9588880,2IFG,MdrDBcore01265,A107V,-0.588,-0.23035506904125214,0.5518468022346497,1.2046353816986084
9,9588880,2IFG,MdrDBcore01266,A65S,-0.973,-0.7941911220550537,0.5518468022346497,1.2046353816986084
9,9588880,5KMO,MdrDBcore01267,D738N,-1.024,0.6905564665794373,0.5518468022346497,1.2046353816986084
9,9588880,6D20,MdrDBcore01268,E492K,-0.45,-0.009892459958791733,0.5518468022346497,1.2046353816986084
9,9588880,6PMB,MdrDBcore01269,E518D,-0.575,0.46833282709121704,0.5518468022346497,1.2046353816986084
9,9588880,5KMO,MdrDBcore01270,E581K,0.113,0.5292048454284668,0.5518468022346497,1.2046353816986084
9,9588880,2IFG,MdrDBcore01271,G166R,-0.339,-0.5152506828308105,0.5518468022346497,1.2046353816986084
9,9588880,6PL3,MdrDBcore01272,G595E,-0.352,0.08000697195529938,0.5518468022346497,1.2046353816986084
9,9588880,2IFG,MdrDBcore01273,G64D,-1.392,-0.20453567802906036,0.5518468022346497,1.2046353816986084
9,9588880,6PL3,MdrDBcore01274,K665N,0.854,0.1398264318704605,0.5518468022346497,1.2046353816986084
9,9588880,6PMB,MdrDBcore01275,K665N,0.751,0.4604390859603882,0.5518468022346497,1.2046353816986084
9,9588880,2IFG,MdrDBcore01276,L62P,-0.478,-0.20797578990459442,0.5518468022346497,1.2046353816986084
9,9588880,6PL3,MdrDBcore01277,M671T,0.505,0.11839880049228668,0.5518468022346497,1.2046353816986084
9,9588880,2IFG,MdrDBcore01278,P149L,0.666,0.4474754333496094,0.5518468022346497,1.2046353816986084
9,9588880,1WWW,MdrDBcore01279,P309L,0.354,0.3465782105922699,0.5518468022346497,1.2046353816986084
9,9588880,1HE7,MdrDBcore01280,P387L,-0.124,0.3285228908061981,0.5518468022346497,1.2046353816986084
9,9588880,2IFG,MdrDBcore01281,R104S,-0.426,0.14591780304908752,0.5518468022346497,1.2046353816986084
9,9588880,2IFG,MdrDBcore01282,R161H,0.709,0.17197710275650024,0.5518468022346497,1.2046353816986084
9,9588880,1WWW,MdrDBcore01283,R314C,0.363,0.34574663639068604,0.5518468022346497,1.2046353816986084
9,9588880,1WWW,MdrDBcore01284,R314H,-0.637,0.3461867570877075,0.5518468022346497,1.2046353816986084
9,9588880,6PL3,MdrDBcore01285,R574C,0.34,0.2232901006937027,0.5518468022346497,1.2046353816986084
9,9588880,6PL3,MdrDBcore01286,R692H,0.208,0.20941363275051117,0.5518468022346497,1.2046353816986084
9,9588880,4AOJ,MdrDBcore01287,R692H,0.217,0.5098303556442261,0.5518468022346497,1.2046353816986084
9,9588880,6PL3,MdrDBcore01288,R748W,0.476,0.2157878428697586,0.5518468022346497,1.2046353816986084
9,9588880,2IFG,MdrDBcore01289,S277F,1.134,0.6893747448921204,0.5518468022346497,1.2046353816986084
9,9588880,5KML,MdrDBcore01290,S475C,-0.238,0.1449827402830124,0.5518468022346497,1.2046353816986084
9,9588880,4PMM,MdrDBcore01291,T678I,0.181,-0.3659692704677582,0.5518468022346497,1.2046353816986084
9,9588880,2IFG,MdrDBcore01292,V135L,0.269,0.08387859165668488,0.5518468022346497,1.2046353816986084
9,9588880,2IFG,MdrDBcore01293,V170A,0.152,0.4211481213569641,0.5518468022346497,1.2046353816986084
9,9588880,1WWW,MdrDBcore01294,V282I,-1.069,0.33363625407218933,0.5518468022346497,1.2046353816986084
9,9588880,6PL3,MdrDBcore01295,W514A,0.067,0.16487331688404083,0.5518468022346497,1.2046353816986084
9,9588880,4IBT,MdrDBcore01296,A159D,0.658,0.2253093272447586,0.5518468022346497,1.2046353816986084
9,9588880,6XRE,MdrDBcore01297,A307V,-0.319,0.24935497343540192,0.5518468022346497,1.2046353816986084
9,9588880,4IBT,MdrDBcore01298,C124R,1.26,-0.046781498938798904,0.5518468022346497,1.2046353816986084
9,9588880,4IBT,MdrDBcore01299,C141W,-0.244,-0.2035307139158249,0.5518468022346497,1.2046353816986084
9,9588880,3D07,MdrDBcore01300,C176S,0.854,0.5961745381355286,0.5518468022346497,1.2046353816986084
9,9588880,4IBT,MdrDBcore01301,C176Y,-0.087,0.048987653106451035,0.5518468022346497,1.2046353816986084
9,9588880,4IBT,MdrDBcore01302,C238F,-1.165,-0.21231108903884888,0.5518468022346497,1.2046353816986084
9,9588880,4IBT,MdrDBcore01303,C242R,0.573,0.09077338874340057,0.5518468022346497,1.2046353816986084
9,9588880,3D07,MdrDBcore01304,C242S,-0.088,0.5892709493637085,0.5518468022346497,1.2046353816986084
9,9588880,2J20,MdrDBcore01305,C242W,0.138,0.3626091778278351,0.5518468022346497,1.2046353816986084
9,9588880,4IBT,MdrDBcore01306,C275G,-0.216,0.07644619047641754,0.5518468022346497,1.2046353816986084
9,9588880,4IBT,MdrDBcore01307,C275Y,-0.281,0.09769675135612488,0.5518468022346497,1.2046353816986084
9,9588880,4IBT,MdrDBcore01308,D259V,0.409,0.11888574063777924,0.5518468022346497,1.2046353816986084
9,9588880,4IBT,MdrDBcore01309,D259Y,0.416,-0.05632860213518143,0.5518468022346497,1.2046353816986084
9,9588880,4IBT,MdrDBcore01310,D281G,-1.902,0.10454629361629486,0.5518468022346497,1.2046353816986084
9,9588880,4IBT,MdrDBcore01311,D281Y,0.916,-0.26516619324684143,0.5518468022346497,1.2046353816986084
9,9588880,2K8F,MdrDBcore01312,E11Q,0.01,-0.038220833986997604,0.5518468022346497,1.2046353816986084
9,9588880,4IBT,MdrDBcore01313,E180A,-0.469,0.02235938236117363,0.5518468022346497,1.2046353816986084
9,9588880,4IBT,MdrDBcore01314,E204A,0.566,-0.020062308758497238,0.5518468022346497,1.2046353816986084
9,9588880,4IBT,MdrDBcore01315,E224K,-0.737,-0.17856983840465546,0.5518468022346497,1.2046353816986084
9,9588880,4IBT,MdrDBcore01316,E285V,0.085,-0.23440375924110413,0.5518468022346497,1.2046353816986084
9,9588880,4IBT,MdrDBcore01317,E286K,-0.38,-0.2749468684196472,0.5518468022346497,1.2046353816986084
9,9588880,6XRE,MdrDBcore01318,E298A,0.302,0.3182690143585205,0.5518468022346497,1.2046353816986084
9,9588880,1SAE,MdrDBcore01319,E349A,0.609,0.6094677448272705,0.5518468022346497,1.2046353816986084
9,9588880,2RUK,MdrDBcore01320,E56A,-0.101,0.7343208193778992,0.5518468022346497,1.2046353816986084
9,9588880,4IBT,MdrDBcore01321,F113L,-1.546,-0.06686000525951385,0.5518468022346497,1.2046353816986084
9,9588880,3D07,MdrDBcore01322,F113V,-0.114,0.3154923617839813,0.5518468022346497,1.2046353816986084
9,9588880,4IBT,MdrDBcore01323,G154V,-0.054,-0.019462544471025467,0.5518468022346497,1.2046353816986084
9,9588880,4IBT,MdrDBcore01324,G187R,1.545,0.05153911933302879,0.5518468022346497,1.2046353816986084
9,9588880,4IBT,MdrDBcore01325,G244A,-0.295,-0.01819755509495735,0.5518468022346497,1.2046353816986084
9,9588880,4IBT,MdrDBcore01326,G244C,-0.968,-0.17535673081874847,0.5518468022346497,1.2046353816986084
9,9588880,4IBT,MdrDBcore01327,G245D,-0.079,0.06242568418383598,0.5518468022346497,1.2046353816986084
9,9588880,4IBT,MdrDBcore01328,G245V,-1.372,0.08320043981075287,0.5518468022346497,1.2046353816986084
9,9588880,4IBT,MdrDBcore01329,G262V,0.86,0.0549890361726284,0.5518468022346497,1.2046353816986084
9,9588880,4IBT,MdrDBcore01330,G266R,-0.292,0.11023001372814178,0.5518468022346497,1.2046353816986084
9,9588880,4IBT,MdrDBcore01331,G266V,0.404,-0.2854562997817993,0.5518468022346497,1.2046353816986084
9,9588880,4IBT,MdrDBcore01332,H179D,0.241,-0.037147682160139084,0.5518468022346497,1.2046353816986084
9,9588880,4IBT,MdrDBcore01333,H179Q,-1.041,-0.27211299538612366,0.5518468022346497,1.2046353816986084
9,9588880,4IBT,MdrDBcore01334,H193L,0.008,0.09701487421989441,0.5518468022346497,1.2046353816986084
9,9588880,4IBT,MdrDBcore01335,H193Y,-0.446,-0.2946513593196869,0.5518468022346497,1.2046353816986084
9,9588880,4IBT,MdrDBcore01336,I195T,-0.053,0.19373978674411774,0.5518468022346497,1.2046353816986084
9,9588880,4IBT,MdrDBcore01337,I232S,-0.179,0.03758886083960533,0.5518468022346497,1.2046353816986084
9,9588880,4IBT,MdrDBcore01338,I251L,0.404,0.04606100544333458,0.5518468022346497,1.2046353816986084
9,9588880,4IBT,MdrDBcore01339,I251N,0.376,0.1031358540058136,0.5518468022346497,1.2046353816986084
9,9588880,4IBT,MdrDBcore01340,I251T,-0.037,0.10548579692840576,0.5518468022346497,1.2046353816986084
9,9588880,4IBT,MdrDBcore01341,I254N,-1.024,-0.42404845356941223,0.5518468022346497,1.2046353816986084
9,9588880,4IBT,MdrDBcore01342,I255N,0.762,-0.051734261214733124,0.5518468022346497,1.2046353816986084
9,9588880,4IBT,MdrDBcore01343,I255S,-0.381,-0.09614618122577667,0.5518468022346497,1.2046353816986084
9,9588880,4IBT,MdrDBcore01344,I255T,0.232,0.07716396450996399,0.5518468022346497,1.2046353816986084
9,9588880,4IBT,MdrDBcore01345,K101A,0.039,-0.28006067872047424,0.5518468022346497,1.2046353816986084
9,9588880,4IBT,MdrDBcore01346,K120N,0.75,0.3120042085647583,0.5518468022346497,1.2046353816986084
9,9588880,4IBT,MdrDBcore01347,K132E,-0.108,-0.25950300693511963,0.5518468022346497,1.2046353816986084
9,9588880,4IBT,MdrDBcore01348,K164A,0.358,-0.01307276263833046,0.5518468022346497,1.2046353816986084
9,9588880,4IBT,MdrDBcore01349,K164E,-0.948,-0.23038707673549652,0.5518468022346497,1.2046353816986084
9,9588880,4IBT,MdrDBcore01350,K164N,0.1,0.05363928899168968,0.5518468022346497,1.2046353816986084
9,9588880,3D07,MdrDBcore01351,K291A,0.558,0.9725109934806824,0.5518468022346497,1.2046353816986084
9,9588880,4IBT,MdrDBcore01352,L130V,0.525,-0.23755048215389252,0.5518468022346497,1.2046353816986084
9,9588880,4IBT,MdrDBcore01353,L145R,-1.048,0.043246399611234665,0.5518468022346497,1.2046353816986084
9,9588880,4IBT,MdrDBcore01354,L194F,0.322,0.09672527015209198,0.5518468022346497,1.2046353816986084
9,9588880,4IBT,MdrDBcore01355,L264R,0.757,0.10093522071838379,0.5518468022346497,1.2046353816986084
9,9588880,4IBT,MdrDBcore01356,L265P,-0.213,0.2910460829734802,0.5518468022346497,1.2046353816986084
9,9588880,4IBT,MdrDBcore01357,M246R,-0.158,0.022137772291898727,0.5518468022346497,1.2046353816986084
9,9588880,4IBT,MdrDBcore01358,M246T,-0.159,-0.25281691551208496,0.5518468022346497,1.2046353816986084
9,9588880,4IBT,MdrDBcore01359,N268I,0.208,0.08560362458229065,0.5518468022346497,1.2046353816986084
9,9588880,4IBT,MdrDBcore01360,P151H,-0.277,-0.012000400573015213,0.5518468022346497,1.2046353816986084
9,9588880,4IBT,MdrDBcore01361,P177T,-0.539,0.10242417454719543,0.5518468022346497,1.2046353816986084
9,9588880,4IBT,MdrDBcore01362,P223L,1.505,0.14755260944366455,0.5518468022346497,1.2046353816986084
9,9588880,4IBT,MdrDBcore01363,P250L,0.598,-0.07540516555309296,0.5518468022346497,1.2046353816986084
9,9588880,4IBT,MdrDBcore01364,P278A,-0.149,-0.1966671198606491,0.5518468022346497,1.2046353816986084
9,9588880,4IBT,MdrDBcore01365,P278H,-0.406,0.03382999822497368,0.5518468022346497,1.2046353816986084
9,9588880,4IBT,MdrDBcore01366,P278S,0.716,-0.28945696353912354,0.5518468022346497,1.2046353816986084
9,9588880,4IBT,MdrDBcore01367,P98L,0.522,0.04427484795451164,0.5518468022346497,1.2046353816986084
9,9588880,4IBT,MdrDBcore01368,Q100A,1.104,0.09554153680801392,0.5518468022346497,1.2046353816986084
9,9588880,4IBT,MdrDBcore01369,Q144A,-0.373,-0.2003689557313919,0.5518468022346497,1.2046353816986084
9,9588880,4IBT,MdrDBcore01370,Q167A,0.595,-0.21732157468795776,0.5518468022346497,1.2046353816986084
9,9588880,3Q01,MdrDBcore01371,Q331A,0.8,1.2344231605529785,0.5518468022346497,1.2046353816986084
9,9588880,4IBT,MdrDBcore01372,R110C,0.246,-0.10621882975101471,0.5518468022346497,1.2046353816986084
9,9588880,4IBT,MdrDBcore01373,R110P,-0.287,-0.3584843873977661,0.5518468022346497,1.2046353816986084
9,9588880,4IBT,MdrDBcore01374,R156P,-0.394,0.010919816792011261,0.5518468022346497,1.2046353816986084
9,9588880,4IBT,MdrDBcore01375,R158G,0.091,0.06729525327682495,0.5518468022346497,1.2046353816986084
9,9588880,4IBT,MdrDBcore01376,R175L,0.612,0.05035309121012688,0.5518468022346497,1.2046353816986084
9,9588880,4IBT,MdrDBcore01377,R181C,-0.885,-0.00037484243512153625,0.5518468022346497,1.2046353816986084
9,9588880,4IBT,MdrDBcore01378,R181H,0.247,-0.11369059979915619,0.5518468022346497,1.2046353816986084
9,9588880,4IBT,MdrDBcore01379,R209A,0.323,0.09224426746368408,0.5518468022346497,1.2046353816986084
9,9588880,4IBT,MdrDBcore01380,R213L,0.252,-0.03746732696890831,0.5518468022346497,1.2046353816986084
9,9588880,4IBT,MdrDBcore01381,R248G,0.559,0.08905951678752899,0.5518468022346497,1.2046353816986084
9,9588880,4IBT,MdrDBcore01382,R249G,-0.636,0.34182029962539673,0.5518468022346497,1.2046353816986084
9,9588880,4IBT,MdrDBcore01383,R267P,0.442,0.1221015602350235,0.5518468022346497,1.2046353816986084
9,9588880,4IBT,MdrDBcore01384,R280G,-1.191,-0.15728910267353058,0.5518468022346497,1.2046353816986084
9,9588880,4IBT,MdrDBcore01385,R280K,-0.372,-0.01750604435801506,0.5518468022346497,1.2046353816986084
9,9588880,4IBT,MdrDBcore01386,R282Q,0.034,-0.2227460891008377,0.5518468022346497,1.2046353816986084
9,9588880,4IBT,MdrDBcore01387,R283P,-0.816,0.2842538356781006,0.5518468022346497,1.2046353816986084
9,9588880,1SAE,MdrDBcore01388,R337C,0.867,0.38528257608413696,0.5518468022346497,1.2046353816986084
9,9588880,1SAE,MdrDBcore01389,R337L,-1.266,0.4477557837963104,0.5518468022346497,1.2046353816986084
9,9588880,1SAE,MdrDBcore01390,R342A,-0.389,0.10677798092365265,0.5518468022346497,1.2046353816986084
9,9588880,4IBT,MdrDBcore01391,S215C,-2.605,0.04728766903281212,0.5518468022346497,1.2046353816986084
9,9588880,4IBT,MdrDBcore01392,S215I,0.645,-0.07089240849018097,0.5518468022346497,1.2046353816986084
9,9588880,4IBT,MdrDBcore01393,S215N,1.106,0.3237455487251282,0.5518468022346497,1.2046353816986084
9,9588880,4IBT,MdrDBcore01394,S215R,0.498,0.09401342272758484,0.5518468022346497,1.2046353816986084
9,9588880,4IBT,MdrDBcore01395,S240R,-0.058,0.08428710699081421,0.5518468022346497,1.2046353816986084
9,9588880,4IBT,MdrDBcore01396,S241C,-0.483,0.014001678675413132,0.5518468022346497,1.2046353816986084
9,9588880,4IBT,MdrDBcore01397,S241Y,-0.136,0.03364027664065361,0.5518468022346497,1.2046353816986084
9,9588880,4IBT,MdrDBcore01398,S261T,-0.526,0.09557867050170898,0.5518468022346497,1.2046353816986084
9,9588880,6SL6,MdrDBcore01399,S90F,0.219,0.3585160970687866,0.5518468022346497,1.2046353816986084
9,9588880,4IBT,MdrDBcore01400,T155N,-0.634,0.07555681467056274,0.5518468022346497,1.2046353816986084
9,9588880,4IBT,MdrDBcore01401,V143M,0.535,0.11114789545536041,0.5518468022346497,1.2046353816986084
9,9588880,4IBT,MdrDBcore01402,V147D,0.505,0.06421886384487152,0.5518468022346497,1.2046353816986084
9,9588880,4IBT,MdrDBcore01403,V173M,-0.756,0.056247320026159286,0.5518468022346497,1.2046353816986084
9,9588880,4IBT,MdrDBcore01404,V216L,0.092,0.11885319650173187,0.5518468022346497,1.2046353816986084
9,9588880,4IBT,MdrDBcore01405,V218L,0.984,0.11508442461490631,0.5518468022346497,1.2046353816986084
9,9588880,4IBT,MdrDBcore01406,V274F,-0.47,0.07579769194126129,0.5518468022346497,1.2046353816986084
9,9588880,4IBT,MdrDBcore01407,W146A,0.336,0.04432817921042442,0.5518468022346497,1.2046353816986084
9,9588880,4IBT,MdrDBcore01408,Y107A,0.163,0.05675194784998894,0.5518468022346497,1.2046353816986084
9,9588880,4IBT,MdrDBcore01409,Y126A,0.195,0.03431088849902153,0.5518468022346497,1.2046353816986084
9,9588880,3D07,MdrDBcore01410,Y126C,0.065,0.18700040876865387,0.5518468022346497,1.2046353816986084
9,9588880,4IBT,MdrDBcore01411,Y205F,-0.692,0.04117560014128685,0.5518468022346497,1.2046353816986084
9,9588880,4IBT,MdrDBcore01412,Y220D,-0.218,0.11645428836345673,0.5518468022346497,1.2046353816986084
9,9588880,4IBT,MdrDBcore01413,Y234C,-1.211,-0.02486974373459816,0.5518468022346497,1.2046353816986084
9,9588880,4IBT,MdrDBcore01414,Y236C,-0.702,0.16685903072357178,0.5518468022346497,1.2046353816986084
9,9588880,4H1I,MdrDBcore01415,F142C,-1.844,-0.17488576471805573,0.5518468022346497,1.2046353816986084
9,9588880,4H1I,MdrDBcore01416,F91V,0.311,-0.3360234498977661,0.5518468022346497,1.2046353816986084
9,9588880,4H1I,MdrDBcore01417,K93N,-0.864,-0.06284666061401367,0.5518468022346497,1.2046353816986084
9,9588880,4H1I,MdrDBcore01418,P27S,1.115,-0.22142884135246277,0.5518468022346497,1.2046353816986084
9,9588880,4H1I,MdrDBcore01419,R115A,-0.787,-0.3666733503341675,0.5518468022346497,1.2046353816986084
9,9588880,4H1I,MdrDBcore01420,Y33H,-2.721,-0.44111132621765137,0.5518468022346497,1.2046353816986084
9,9588880,2I0E,MdrDBcore01421,A451V,-1.057,0.18580129742622375,0.5518468022346497,1.2046353816986084
9,9588880,2I0E,MdrDBcore01422,A509T,0.084,0.13887907564640045,0.5518468022346497,1.2046353816986084
9,9588880,2I0E,MdrDBcore01423,A570T,-0.868,0.22419048845767975,0.5518468022346497,1.2046353816986084
9,9588880,2I0E,MdrDBcore01424,A621T,0.105,0.12478633224964142,0.5518468022346497,1.2046353816986084
9,9588880,2I0E,MdrDBcore01425,D475Y,0.998,0.11015872657299042,0.5518468022346497,1.2046353816986084
9,9588880,2I0E,MdrDBcore01426,E385D,0.183,0.214629665017128,0.5518468022346497,1.2046353816986084
9,9588880,2I0E,MdrDBcore01427,E657K,0.732,0.22699590027332306,0.5518468022346497,1.2046353816986084
9,9588880,2I0E,MdrDBcore01428,G436D,1.299,0.2603295147418976,0.5518468022346497,1.2046353816986084
9,9588880,2I0E,MdrDBcore01429,G543V,0.868,0.23335076868534088,0.5518468022346497,1.2046353816986084
9,9588880,2I0E,MdrDBcore01430,K489N,-1.153,0.1712937355041504,0.5518468022346497,1.2046353816986084
9,9588880,2I0E,MdrDBcore01431,L469P,-0.426,0.08042033016681671,0.5518468022346497,1.2046353816986084
9,9588880,2I0E,MdrDBcore01432,M357I,0.278,0.23153050243854523,0.5518468022346497,1.2046353816986084
9,9588880,2I0E,MdrDBcore01433,P588H,-0.197,0.1847071647644043,0.5518468022346497,1.2046353816986084
9,9588880,2I0E,MdrDBcore01434,P616T,0.902,0.24544085562229156,0.5518468022346497,1.2046353816986084
9,9588880,2I0E,MdrDBcore01435,P669R,0.154,0.19679458439350128,0.5518468022346497,1.2046353816986084
9,9588880,2I0E,MdrDBcore01436,Q433H,0.915,0.2548650801181793,0.5518468022346497,1.2046353816986084
9,9588880,2I0E,MdrDBcore01437,R465H,0.048,0.28077948093414307,0.5518468022346497,1.2046353816986084
9,9588880,2I0E,MdrDBcore01438,R610H,0.7,0.08632880449295044,0.5518468022346497,1.2046353816986084
9,9588880,2I0E,MdrDBcore01439,S664F,-0.12,0.14426308870315552,0.5518468022346497,1.2046353816986084
9,9588880,1LKL,MdrDBcore01440,A143S,0.436,-0.4638959765434265,0.5518468022346497,1.2046353816986084
9,9588880,1LKL,MdrDBcore01441,A143S,-0.266,-0.470474511384964,0.5518468022346497,1.2046353816986084
9,9588880,1LKL,MdrDBcore01442,A160T,-0.713,-0.7957355976104736,0.5518468022346497,1.2046353816986084
9,9588880,1QPJ,MdrDBcore01443,E448Q,0.337,-0.3242705464363098,0.5518468022346497,1.2046353816986084
9,9588880,1QPJ,MdrDBcore01444,E467D,0.417,0.9927346110343933,0.5518468022346497,1.2046353816986084
9,9588880,1QPJ,MdrDBcore01445,E482Q,0.393,0.7599338889122009,0.5518468022346497,1.2046353816986084
9,9588880,1QPJ,MdrDBcore01446,G456S,2.467,0.984029233455658,0.5518468022346497,1.2046353816986084
9,9588880,1LKL,MdrDBcore01447,R139Q,-1.006,-0.14902859926223755,0.5518468022346497,1.2046353816986084
9,9588880,1QPJ,MdrDBcore01448,R363H,0.33,-0.26769521832466125,0.5518468022346497,1.2046353816986084
9,9588880,1QPJ,MdrDBcore01449,R480H,1.736,0.9592897295951843,0.5518468022346497,1.2046353816986084
9,9588880,3LCK,MdrDBcore01450,R484W,-0.656,-0.4537665545940399,0.5518468022346497,1.2046353816986084
9,9588880,1QPJ,MdrDBcore01451,S377R,0.101,0.9800588488578796,0.5518468022346497,1.2046353816986084
9,9588880,1QPJ,MdrDBcore01452,T416I,0.636,0.9757912755012512,0.5518468022346497,1.2046353816986084
9,9588880,1LKL,MdrDBcore01453,V167I,0.702,-0.5418395400047302,0.5518468022346497,1.2046353816986084
9,9588880,4Y72,MdrDBcore01454,A250V,-0.229,0.19620801508426666,0.5518468022346497,1.2046353816986084
9,9588880,5LQF,MdrDBcore01455,G177R,-0.39,0.41505539417266846,0.5518468022346497,1.2046353816986084
9,9588880,5LQF,MdrDBcore01456,L282R,0.117,0.5408011674880981,0.5518468022346497,1.2046353816986084
9,9588880,5LQF,MdrDBcore01457,P95S,0.513,0.4170841574668884,0.5518468022346497,1.2046353816986084
9,9588880,5LQF,MdrDBcore01458,R59C,0.765,0.8442533612251282,0.5518468022346497,1.2046353816986084
9,9588880,5LQF,MdrDBcore01459,S178L,0.634,0.22952644526958466,0.5518468022346497,1.2046353816986084
9,9588880,5LQF,MdrDBcore01460,S233Y,-1.024,0.8522871732711792,0.5518468022346497,1.2046353816986084
9,9588880,5LQF,MdrDBcore01461,S248N,0.331,0.5457760691642761,0.5518468022346497,1.2046353816986084
9,9588880,3LCD,MdrDBcore01462,A792P,-0.053,-0.12670287489891052,0.5518468022346497,1.2046353816986084
9,9588880,4WRL,MdrDBcore01463,D89N,0.066,-0.10346873104572296,0.5518468022346497,1.2046353816986084
9,9588880,3KRJ,MdrDBcore01464,E664G,-0.582,0.411466121673584,0.5518468022346497,1.2046353816986084
9,9588880,4WRL,MdrDBcore01465,G145D,-0.559,0.5329394936561584,0.5518468022346497,1.2046353816986084
9,9588880,4LIQ,MdrDBcore01466,G377D,-0.221,-0.6534861922264099,0.5518468022346497,1.2046353816986084
9,9588880,3KRJ,MdrDBcore01467,H623Y,0.502,0.4031880795955658,0.5518468022346497,1.2046353816986084
9,9588880,3KRJ,MdrDBcore01468,I827N,0.378,0.13215279579162598,0.5518468022346497,1.2046353816986084
9,9588880,4LIQ,MdrDBcore01469,L207P,0.132,0.05298597738146782,0.5518468022346497,1.2046353816986084
9,9588880,4LIQ,MdrDBcore01470,P202S,-0.329,-0.2055695354938507,0.5518468022346497,1.2046353816986084
9,9588880,4WRM,MdrDBcore01471,Q460H,-0.25,0.1437915712594986,0.5518468022346497,1.2046353816986084
9,9588880,4LIQ,MdrDBcore01472,R106Q,0.467,0.6312358975410461,0.5518468022346497,1.2046353816986084
9,9588880,4LIQ,MdrDBcore01473,R256H,-0.115,-0.1704612523317337,0.5518468022346497,1.2046353816986084
9,9588880,4LIQ,MdrDBcore01474,R486S,0.047,-0.33790135383605957,0.5518468022346497,1.2046353816986084
9,9588880,3KRJ,MdrDBcore01475,R753W,0.081,0.13536542654037476,0.5518468022346497,1.2046353816986084
9,9588880,3KRJ,MdrDBcore01476,T600M,-0.669,0.4564638137817383,0.5518468022346497,1.2046353816986084
9,9588880,3KRJ,MdrDBcore01477,V659A,-0.192,0.48410505056381226,0.5518468022346497,1.2046353816986084
9,9588880,3KRJ,MdrDBcore01478,Y571D,-4.236,0.2730960249900818,0.5518468022346497,1.2046353816986084
9,9588880,6JK8,MdrDBcore01479,A241T,0.418,-0.264171838760376,0.5518468022346497,1.2046353816986084
9,9588880,6JK8,MdrDBcore01480,A241T,-0.493,-0.16954335570335388,0.5518468022346497,1.2046353816986084
9,9588880,5FXR,MdrDBcore01481,D1146N,-1.665,0.7601220607757568,0.5518468022346497,1.2046353816986084
9,9588880,3LW0,MdrDBcore01482,D1146N,-0.583,-0.4446203410625458,0.5518468022346497,1.2046353816986084
9,9588880,6JK8,MdrDBcore01483,D162N,-0.641,-0.7737143635749817,0.5518468022346497,1.2046353816986084
9,9588880,6JK8,MdrDBcore01484,D162N,0.147,-0.08368000388145447,0.5518468022346497,1.2046353816986084
9,9588880,6JK8,MdrDBcore01485,D38N,0.666,0.1784406155347824,0.5518468022346497,1.2046353816986084
9,9588880,6JK8,MdrDBcore01486,D38N,1.32,-0.2987489700317383,0.5518468022346497,1.2046353816986084
9,9588880,3LW0,MdrDBcore01487,E1037K,-0.695,-0.5694187879562378,0.5518468022346497,1.2046353816986084
9,9588880,3LW0,MdrDBcore01488,E1037K,-0.099,-0.2315618246793747,0.5518468022346497,1.2046353816986084
9,9588880,6JK8,MdrDBcore01489,E302K,0.823,-0.3920252323150635,0.5518468022346497,1.2046353816986084
9,9588880,6JK8,MdrDBcore01490,E302K,1.437,-0.30117371678352356,0.5518468022346497,1.2046353816986084
9,9588880,3LW0,MdrDBcore01491,G1229S,0.075,-0.5196947455406189,0.5518468022346497,1.2046353816986084
9,9588880,5FXR,MdrDBcore01492,G1229S,-0.613,0.31875795125961304,0.5518468022346497,1.2046353816986084
9,9588880,6JK8,MdrDBcore01493,G310S,-0.536,-0.29261696338653564,0.5518468022346497,1.2046353816986084
9,9588880,6JK8,MdrDBcore01494,G310S,-0.536,-0.5220475196838379,0.5518468022346497,1.2046353816986084
9,9588880,6JK8,MdrDBcore01495,G410V,-0.209,-0.5114171504974365,0.5518468022346497,1.2046353816986084
9,9588880,6JK8,MdrDBcore01496,G410V,0.236,-0.07070858776569366,0.5518468022346497,1.2046353816986084
9,9588880,6JK8,MdrDBcore01497,K339N,0.29,-0.6522511839866638,0.5518468022346497,1.2046353816986084
9,9588880,6JK8,MdrDBcore01498,K339N,1.646,0.18954995274543762,0.5518468022346497,1.2046353816986084
9,9588880,6JK8,MdrDBcore01499,M446V,-0.437,-0.22571538388729095,0.5518468022346497,1.2046353816986084
9,9588880,6JK8,MdrDBcore01500,M446V,-0.563,-0.2042292356491089,0.5518468022346497,1.2046353816986084
9,9588880,6VWG,MdrDBcore01501,N284Y,0.032,0.0415329746901989,0.5518468022346497,1.2046353816986084
9,9588880,6VWG,MdrDBcore01502,N284Y,1.196,0.38787585496902466,0.5518468022346497,1.2046353816986084
9,9588880,3LW0,MdrDBcore01503,P989S,1.181,-0.45409563183784485,0.5518468022346497,1.2046353816986084
9,9588880,3LW0,MdrDBcore01504,P989S,-0.106,-0.2734535336494446,0.5518468022346497,1.2046353816986084
9,9588880,6JK8,MdrDBcore01505,R107H,-0.356,-0.4327971935272217,0.5518468022346497,1.2046353816986084
9,9588880,6JK8,MdrDBcore01506,R107H,-0.295,0.37666019797325134,0.5518468022346497,1.2046353816986084
9,9588880,6JK8,MdrDBcore01507,R252C,0.968,0.24110223352909088,0.5518468022346497,1.2046353816986084
9,9588880,6JK8,MdrDBcore01508,R279H,1.442,-0.23553155362606049,0.5518468022346497,1.2046353816986084
9,9588880,6JK8,MdrDBcore01509,R461H,-0.472,-0.06640325486660004,0.5518468022346497,1.2046353816986084
9,9588880,6JK8,MdrDBcore01510,R461H,-1.424,-0.5078039765357971,0.5518468022346497,1.2046353816986084
9,9588880,6JK8,MdrDBcore01511,R595H,-0.752,-0.44533514976501465,0.5518468022346497,1.2046353816986084
9,9588880,6JK8,MdrDBcore01512,R595H,-0.32,-0.00190054252743721,0.5518468022346497,1.2046353816986084
9,9588880,6JK8,MdrDBcore01513,R650Q,0.252,-0.1642857789993286,0.5518468022346497,1.2046353816986084
9,9588880,6VWJ,MdrDBcore01514,R794Q,-1.156,-0.0858907550573349,0.5518468022346497,1.2046353816986084
9,9588880,3LW0,MdrDBcore01515,S1009L,1.291,-0.09346608817577362,0.5518468022346497,1.2046353816986084
9,9588880,1JQH,MdrDBcore01516,S1009L,1.873,-0.6270429491996765,0.5518468022346497,1.2046353816986084
9,9588880,6JK8,MdrDBcore01517,S343F,-0.771,-0.5245141386985779,0.5518468022346497,1.2046353816986084
9,9588880,6JK8,MdrDBcore01518,S522N,0.21,-0.6740251779556274,0.5518468022346497,1.2046353816986084
9,9588880,6JK8,MdrDBcore01519,S522N,-0.498,-0.18978241086006165,0.5518468022346497,1.2046353816986084
9,9588880,6JK8,MdrDBcore01520,T524S,0.156,-0.3827740252017975,0.5518468022346497,1.2046353816986084
9,9588880,6JK8,MdrDBcore01521,T524S,-0.592,0.03672434762120247,0.5518468022346497,1.2046353816986084
9,9588880,6JK8,MdrDBcore01522,V259I,-1.087,-0.2612070143222809,0.5518468022346497,1.2046353816986084
9,9588880,6JK8,MdrDBcore01523,V259I,-0.83,-0.20332829654216766,0.5518468022346497,1.2046353816986084
9,9588880,6JK8,MdrDBcore01524,V388M,-0.517,-0.17628873884677887,0.5518468022346497,1.2046353816986084
9,9588880,6JK8,MdrDBcore01525,V388M,-0.467,0.5307469964027405,0.5518468022346497,1.2046353816986084
9,9588880,5U8R,MdrDBcore01526,V554M,-0.571,0.6389919519424438,0.5518468022346497,1.2046353816986084
9,9588880,5U8R,MdrDBcore01527,V554M,-0.551,-0.16825900971889496,0.5518468022346497,1.2046353816986084
9,9588880,6JK8,MdrDBcore01528,V579I,-0.143,-0.529449999332428,0.5518468022346497,1.2046353816986084
9,9588880,6JK8,MdrDBcore01529,V579I,-0.425,-0.17135459184646606,0.5518468022346497,1.2046353816986084
9,9588880,6JK8,MdrDBcore01530,Y517C,-1.026,-0.8849191665649414,0.5518468022346497,1.2046353816986084
9,9588880,6JK8,MdrDBcore01531,Y517C,-1.022,-0.3138163983821869,0.5518468022346497,1.2046353816986084
9,9588880,4K3J,MdrDBcore01532,A347T,0.149,0.7191829085350037,0.5518468022346497,1.2046353816986084
9,9588880,6GCU,MdrDBcore01533,A347T,-0.366,0.4515438973903656,0.5518468022346497,1.2046353816986084
9,9588880,6GCU,MdrDBcore01534,A347T,-0.085,0.404514878988266,0.5518468022346497,1.2046353816986084
9,9588880,6GCU,MdrDBcore01535,A347T,-0.618,-0.35262012481689453,0.5518468022346497,1.2046353816986084
9,9588880,6GCU,MdrDBcore01536,A347T,-0.912,-0.09543532133102417,0.5518468022346497,1.2046353816986084
9,9588880,2UZY,MdrDBcore01537,D741N,1.117,-0.17095834016799927,0.5518468022346497,1.2046353816986084
9,9588880,2UZY,MdrDBcore01538,D741N,0.869,-0.15872085094451904,0.5518468022346497,1.2046353816986084
9,9588880,2UZY,MdrDBcore01539,D741N,1.061,-0.24985352158546448,0.5518468022346497,1.2046353816986084
9,9588880,2UZY,MdrDBcore01540,D741N,0.314,0.8050225377082825,0.5518468022346497,1.2046353816986084
9,9588880,4K3J,MdrDBcore01541,E168D,-0.883,0.3582291901111603,0.5518468022346497,1.2046353816986084
9,9588880,4K3J,MdrDBcore01542,E168D,-0.715,-0.01805754378437996,0.5518468022346497,1.2046353816986084
9,9588880,4K3J,MdrDBcore01543,E168K,1.039,0.38450929522514343,0.5518468022346497,1.2046353816986084
9,9588880,6GCU,MdrDBcore01544,E168K,-0.809,-0.2911982834339142,0.5518468022346497,1.2046353816986084
9,9588880,6GCU,MdrDBcore01545,E168K,0.405,-0.12519225478172302,0.5518468022346497,1.2046353816986084
9,9588880,6GCU,MdrDBcore01546,E168K,0.486,0.34056374430656433,0.5518468022346497,1.2046353816986084
9,9588880,6WVZ,MdrDBcore01547,E302K,1.583,0.044460248202085495,0.5518468022346497,1.2046353816986084
9,9588880,7MOB,MdrDBcore01548,E302K,-0.433,-0.8481447696685791,0.5518468022346497,1.2046353816986084
9,9588880,6WVZ,MdrDBcore01549,E302K,1.611,-0.3723367154598236,0.5518468022346497,1.2046353816986084
9,9588880,7MOB,MdrDBcore01550,E302K,0.375,-0.320419579744339,0.5518468022346497,1.2046353816986084
9,9588880,7MOB,MdrDBcore01551,E302K,1.254,-0.31384652853012085,0.5518468022346497,1.2046353816986084
9,9588880,7MO7,MdrDBcore01552,E34K,1.085,-0.2516665458679199,0.5518468022346497,1.2046353816986084
9,9588880,7MOB,MdrDBcore01553,E34K,-0.025,-0.9439576268196106,0.5518468022346497,1.2046353816986084
9,9588880,7MO7,MdrDBcore01554,E34K,1.129,0.5441811084747314,0.5518468022346497,1.2046353816986084
9,9588880,7MOB,MdrDBcore01555,E34K,0.439,-0.6209704875946045,0.5518468022346497,1.2046353816986084
9,9588880,2UZY,MdrDBcore01556,E740K,0.869,-1.347448706626892,0.5518468022346497,1.2046353816986084
9,9588880,6GCU,MdrDBcore01557,E740K,0.247,-0.3960711359977722,0.5518468022346497,1.2046353816986084
9,9588880,6GCU,MdrDBcore01558,E740K,0.625,0.6742069125175476,0.5518468022346497,1.2046353816986084
9,9588880,6GCU,MdrDBcore01559,E740K,-0.117,-0.251878559589386,0.5518468022346497,1.2046353816986084
9,9588880,4K3J,MdrDBcore01560,G344R,0.751,0.1286650151014328,0.5518468022346497,1.2046353816986084
9,9588880,6GCU,MdrDBcore01561,G344R,-0.534,0.024590130895376205,0.5518468022346497,1.2046353816986084
9,9588880,6GCU,MdrDBcore01562,G344R,-1.008,-0.30170542001724243,0.5518468022346497,1.2046353816986084
9,9588880,6GCU,MdrDBcore01563,G344R,0.425,-0.09371809661388397,0.5518468022346497,1.2046353816986084
9,9588880,6GCU,MdrDBcore01564,H159R,-0.446,-0.1319049447774887,0.5518468022346497,1.2046353816986084
9,9588880,6GCU,MdrDBcore01565,H159R,0.065,-0.17017918825149536,0.5518468022346497,1.2046353816986084
9,9588880,6GCU,MdrDBcore01566,H159R,0.074,-0.48032963275909424,0.5518468022346497,1.2046353816986084
9,9588880,6GCU,MdrDBcore01567,H159R,-0.865,-0.3701185882091522,0.5518468022346497,1.2046353816986084
9,9588880,6GCU,MdrDBcore01568,I316M,-0.289,-0.3654443621635437,0.5518468022346497,1.2046353816986084
9,9588880,4K3J,MdrDBcore01569,I333L,0.658,0.7424113750457764,0.5518468022346497,1.2046353816986084
9,9588880,6GCU,MdrDBcore01570,I333L,-0.058,-0.8460797667503357,0.5518468022346497,1.2046353816986084
9,9588880,6GCU,MdrDBcore01571,I333L,0.252,-0.009242851287126541,0.5518468022346497,1.2046353816986084
9,9588880,6GCU,MdrDBcore01572,I333L,0.196,-0.2371143102645874,0.5518468022346497,1.2046353816986084
9,9588880,7MO7,MdrDBcore01573,I583M,0.835,0.5948705077171326,0.5518468022346497,1.2046353816986084
9,9588880,6GCU,MdrDBcore01574,I583M,0.19,0.01942012831568718,0.5518468022346497,1.2046353816986084
9,9588880,6GCU,MdrDBcore01575,I583M,-0.494,-0.2984287440776825,0.5518468022346497,1.2046353816986084
9,9588880,7MO7,MdrDBcore01576,I638L,1.058,0.36734795570373535,0.5518468022346497,1.2046353816986084
9,9588880,6GCU,MdrDBcore01577,I638L,0.795,-0.24827370047569275,0.5518468022346497,1.2046353816986084
9,9588880,6GCU,MdrDBcore01578,I638L,0.802,0.4723750948905945,0.5518468022346497,1.2046353816986084
9,9588880,7MOB,MdrDBcore01579,K303T,0.184,0.29577967524528503,0.5518468022346497,1.2046353816986084
9,9588880,7MOB,MdrDBcore01580,K303T,-0.012,-0.9932365417480469,0.5518468022346497,1.2046353816986084
9,9588880,7MOB,MdrDBcore01581,K303T,0.45,-0.1623147875070572,0.5518468022346497,1.2046353816986084
9,9588880,7MOB,MdrDBcore01582,K303T,-0.496,0.1368526965379715,0.5518468022346497,1.2046353816986084
9,9588880,7MO7,MdrDBcore01583,K595T,0.861,0.35024601221084595,0.5518468022346497,1.2046353816986084
9,9588880,6GCU,MdrDBcore01584,K595T,-0.75,0.0805201381444931,0.5518468022346497,1.2046353816986084
9,9588880,7MO7,MdrDBcore01585,K595T,0.224,-0.26575684547424316,0.5518468022346497,1.2046353816986084
9,9588880,6GCU,MdrDBcore01586,K595T,-1.022,-0.6284225583076477,0.5518468022346497,1.2046353816986084
9,9588880,4K3J,MdrDBcore01587,L530V,-0.012,0.3488057851791382,0.5518468022346497,1.2046353816986084
9,9588880,4K3J,MdrDBcore01588,L530V,-0.068,-0.31915032863616943,0.5518468022346497,1.2046353816986084
9,9588880,4K3J,MdrDBcore01589,L530V,0.265,0.21379058063030243,0.5518468022346497,1.2046353816986084
9,9588880,6GCU,MdrDBcore01590,L530V,-0.304,-0.13586778938770294,0.5518468022346497,1.2046353816986084
9,9588880,7MO7,MdrDBcore01591,L604V,-0.47,-0.146447092294693,0.5518468022346497,1.2046353816986084
9,9588880,6GCU,MdrDBcore01592,L604V,-0.787,-0.2552395761013031,0.5518468022346497,1.2046353816986084
9,9588880,7MO7,MdrDBcore01593,L604V,-0.155,-0.17088279128074646,0.5518468022346497,1.2046353816986084
9,9588880,6GCU,MdrDBcore01594,L604V,-0.098,-0.2212824672460556,0.5518468022346497,1.2046353816986084
9,9588880,6GCU,MdrDBcore01595,L604V,-0.419,-0.3707481026649475,0.5518468022346497,1.2046353816986084
9,9588880,6GCU,MdrDBcore01596,M362T,0.053,0.2558809816837311,0.5518468022346497,1.2046353816986084
9,9588880,4K3J,MdrDBcore01597,M362T,0.651,-0.32073432207107544,0.5518468022346497,1.2046353816986084
9,9588880,6GCU,MdrDBcore01598,M362T,0.587,-0.024202395230531693,0.5518468022346497,1.2046353816986084
9,9588880,6GCU,MdrDBcore01599,M362T,-0.04,-0.4078006148338318,0.5518468022346497,1.2046353816986084
9,9588880,6GCU,MdrDBcore01600,M362T,0.5,-0.351046085357666,0.5518468022346497,1.2046353816986084
9,9588880,7MO7,MdrDBcore01601,M636V,1.12,0.9493480324745178,0.5518468022346497,1.2046353816986084
9,9588880,6GCU,MdrDBcore01602,M636V,-0.917,-0.3295671343803406,0.5518468022346497,1.2046353816986084
9,9588880,6GCU,MdrDBcore01603,M636V,0.86,-0.345808207988739,0.5518468022346497,1.2046353816986084
9,9588880,6GCU,MdrDBcore01604,M636V,0.24,-0.5843049883842468,0.5518468022346497,1.2046353816986084
9,9588880,4K3J,MdrDBcore01605,N375K,1.48,0.40490958094596863,0.5518468022346497,1.2046353816986084
9,9588880,4K3J,MdrDBcore01606,N375K,1.787,0.28767576813697815,0.5518468022346497,1.2046353816986084
9,9588880,4K3J,MdrDBcore01607,N375S,-0.341,0.03002111241221428,0.5518468022346497,1.2046353816986084
9,9588880,4K3J,MdrDBcore01608,N375S,-0.526,-0.08588673174381256,0.5518468022346497,1.2046353816986084
9,9588880,4K3J,MdrDBcore01609,P366S,1.022,0.20367015898227692,0.5518468022346497,1.2046353816986084
9,9588880,4K3J,MdrDBcore01610,P366S,1.015,-0.35408133268356323,0.5518468022346497,1.2046353816986084
9,9588880,6GCU,MdrDBcore01611,P366S,1.058,0.48176681995391846,0.5518468022346497,1.2046353816986084
9,9588880,6GCU,MdrDBcore01612,P366S,0.752,0.19897237420082092,0.5518468022346497,1.2046353816986084
9,9588880,3I5N,MdrDBcore01613,R1166A,-0.058,0.3797066807746887,0.5518468022346497,1.2046353816986084
9,9588880,3I5N,MdrDBcore01614,R1166A,0.043,0.4781264066696167,0.5518468022346497,1.2046353816986084
9,9588880,4K3J,MdrDBcore01615,R191W,0.304,0.1635631024837494,0.5518468022346497,1.2046353816986084
9,9588880,6GCU,MdrDBcore01616,R191W,0.021,0.07372383773326874,0.5518468022346497,1.2046353816986084
9,9588880,4K3J,MdrDBcore01617,R191W,-0.321,-0.026206690818071365,0.5518468022346497,1.2046353816986084
9,9588880,6GCU,MdrDBcore01618,R191W,-0.683,-0.16581843793392181,0.5518468022346497,1.2046353816986084
9,9588880,6GCU,MdrDBcore01619,R191W,0.36,-0.405636727809906,0.5518468022346497,1.2046353816986084
9,9588880,4XMO,MdrDBcore01620,S1159L,-0.493,-0.023004978895187378,0.5518468022346497,1.2046353816986084
9,9588880,4K3J,MdrDBcore01621,S135N,0.701,0.3217918276786804,0.5518468022346497,1.2046353816986084
9,9588880,6GCU,MdrDBcore01622,S135N,0.153,-0.33634549379348755,0.5518468022346497,1.2046353816986084
9,9588880,6GCU,MdrDBcore01623,S135N,0.69,0.24285970628261566,0.5518468022346497,1.2046353816986084
9,9588880,6GCU,MdrDBcore01624,S135N,-0.604,-0.2538657784461975,0.5518468022346497,1.2046353816986084
9,9588880,4K3J,MdrDBcore01625,S244Y,0.904,-0.4780072271823883,0.5518468022346497,1.2046353816986084
9,9588880,6GCU,MdrDBcore01626,S244Y,0.919,-0.09781649708747864,0.5518468022346497,1.2046353816986084
9,9588880,6GCU,MdrDBcore01627,S244Y,0.959,0.24647147953510284,0.5518468022346497,1.2046353816986084
9,9588880,6GCU,MdrDBcore01628,S244Y,0.06,-0.6677073240280151,0.5518468022346497,1.2046353816986084
9,9588880,4K3J,MdrDBcore01629,S323G,0.398,0.23569725453853607,0.5518468022346497,1.2046353816986084
9,9588880,6GCU,MdrDBcore01630,S323G,0.185,-0.16907568275928497,0.5518468022346497,1.2046353816986084
9,9588880,4K3J,MdrDBcore01631,S323G,1.059,-0.07824397087097168,0.5518468022346497,1.2046353816986084
9,9588880,6GCU,MdrDBcore01632,S323G,-0.053,-0.12912218272686005,0.5518468022346497,1.2046353816986084
9,9588880,6GCU,MdrDBcore01633,S323G,-1.03,-0.053168702870607376,0.5518468022346497,1.2046353816986084
9,9588880,7MO7,MdrDBcore01634,S572N,0.78,0.2526327967643738,0.5518468022346497,1.2046353816986084
9,9588880,6GCU,MdrDBcore01635,S572N,-0.222,-0.28597286343574524,0.5518468022346497,1.2046353816986084
9,9588880,6GCU,MdrDBcore01636,S572N,-0.648,0.749571681022644,0.5518468022346497,1.2046353816986084
9,9588880,6GCU,MdrDBcore01637,S572N,-0.449,-0.31732475757598877,0.5518468022346497,1.2046353816986084
9,9588880,4K3J,MdrDBcore01638,T200A,0.736,0.005309250205755234,0.5518468022346497,1.2046353816986084
9,9588880,6GCU,MdrDBcore01639,T200A,0.154,-0.30069243907928467,0.5518468022346497,1.2046353816986084
9,9588880,6GCU,MdrDBcore01640,T200A,-0.662,0.3641085624694824,0.5518468022346497,1.2046353816986084
9,9588880,6GCU,MdrDBcore01641,T200A,0.459,-0.09888355433940887,0.5518468022346497,1.2046353816986084
9,9588880,4K3J,MdrDBcore01642,T273N,0.03,0.1713992953300476,0.5518468022346497,1.2046353816986084
9,9588880,6GCU,MdrDBcore01643,T273N,0.39,0.68919438123703,0.5518468022346497,1.2046353816986084
9,9588880,6GCU,MdrDBcore01644,T273N,-0.168,-0.21650134027004242,0.5518468022346497,1.2046353816986084
9,9588880,6GCU,MdrDBcore01645,T273N,-0.455,-0.17559470236301422,0.5518468022346497,1.2046353816986084
9,9588880,6GCU,MdrDBcore01646,T273N,0.54,0.3634296953678131,0.5518468022346497,1.2046353816986084
9,9588880,4K3J,MdrDBcore01647,T86I,1.143,0.2704063057899475,0.5518468022346497,1.2046353816986084
9,9588880,6GCU,MdrDBcore01648,T86I,0.902,0.0433814637362957,0.5518468022346497,1.2046353816986084
9,9588880,4K3J,MdrDBcore01649,T86I,0.896,0.3883481025695801,0.5518468022346497,1.2046353816986084
9,9588880,6GCU,MdrDBcore01650,T86I,0.529,0.010775398463010788,0.5518468022346497,1.2046353816986084
9,9588880,6GCU,MdrDBcore01651,T86I,0.561,0.5193540453910828,0.5518468022346497,1.2046353816986084
9,9588880,6GCU,MdrDBcore01652,V122D,0.629,0.09229782223701477,0.5518468022346497,1.2046353816986084
9,9588880,6GCU,MdrDBcore01653,V122D,-0.35,-0.553946316242218,0.5518468022346497,1.2046353816986084
9,9588880,6GCU,MdrDBcore01654,V122D,-0.42,-0.18610955774784088,0.5518468022346497,1.2046353816986084
9,9588880,6GCU,MdrDBcore01655,V122D,0.414,-0.4079889953136444,0.5518468022346497,1.2046353816986084
9,9588880,4K3J,MdrDBcore01656,V136I,0.496,0.1418624073266983,0.5518468022346497,1.2046353816986084
9,9588880,6GCU,MdrDBcore01657,V136I,-0.92,-0.4747718870639801,0.5518468022346497,1.2046353816986084
9,9588880,6GCU,MdrDBcore01658,V136I,-0.168,-0.3628212511539459,0.5518468022346497,1.2046353816986084
9,9588880,2RD6,MdrDBcore01659,A220V,1.537,0.21705614030361176,0.5518468022346497,1.2046353816986084
9,9588880,2RD6,MdrDBcore01660,A220V,0.982,-0.6101801991462708,0.5518468022346497,1.2046353816986084
9,9588880,2RD6,MdrDBcore01661,A220V,0.19,0.06806744635105133,0.5518468022346497,1.2046353816986084
9,9588880,2RD6,MdrDBcore01662,A220V,0.529,-0.3456465005874634,0.5518468022346497,1.2046353816986084
9,9588880,2RCW,MdrDBcore01663,A220V,0.241,0.7297092080116272,0.5518468022346497,1.2046353816986084
9,9588880,3L3M,MdrDBcore01664,K230N,0.662,0.3401707112789154,0.5518468022346497,1.2046353816986084
9,9588880,2RD6,MdrDBcore01665,K230N,1.467,0.18259093165397644,0.5518468022346497,1.2046353816986084
9,9588880,2RD6,MdrDBcore01666,K230N,1.061,0.6668055653572083,0.5518468022346497,1.2046353816986084
9,9588880,2RD6,MdrDBcore01667,K230N,0.578,-0.34271183609962463,0.5518468022346497,1.2046353816986084
9,9588880,2RD6,MdrDBcore01668,K230N,1.274,1.162809133529663,0.5518468022346497,1.2046353816986084
9,9588880,4DQY,MdrDBcore01669,Y570C,1.291,-0.23159635066986084,0.5518468022346497,1.2046353816986084
9,9588880,4DQY,MdrDBcore01670,Y570C,-0.072,-0.6640806794166565,0.5518468022346497,1.2046353816986084
9,9588880,4DQY,MdrDBcore01671,Y570C,0.272,-0.6085872054100037,0.5518468022346497,1.2046353816986084
9,9588880,4DQY,MdrDBcore01672,Y570C,-0.58,-0.8217779397964478,0.5518468022346497,1.2046353816986084
9,9588880,4DQY,MdrDBcore01673,Y570C,0.375,0.27397727966308594,0.5518468022346497,1.2046353816986084
9,9588880,1GS4,MdrDBcore01674,F827L,0.855,0.44827800989151,0.5518468022346497,1.2046353816986084
9,9588880,1GS4,MdrDBcore01675,F827L,1.237,1.488410234451294,0.5518468022346497,1.2046353816986084
9,9588880,1GS4,MdrDBcore01676,V716L,1.351,1.305533766746521,0.5518468022346497,1.2046353816986084
9,9588880,1GS4,MdrDBcore01677,V716L,1.051,1.7870410680770874,0.5518468022346497,1.2046353816986084
9,9588880,1GS4,MdrDBcore01678,V716M,0.633,0.5074846148490906,0.5518468022346497,1.2046353816986084
9,9588880,1GS4,MdrDBcore01679,V716M,1.309,1.6051791906356812,0.5518468022346497,1.2046353816986084
9,9588880,2O21,MdrDBcore01680,A43T,-1.023,0.070824533700943,0.5518468022346497,1.2046353816986084
9,9588880,1GJH,MdrDBcore01681,A4T,-1.343,-0.9967780709266663,0.5518468022346497,1.2046353816986084
9,9588880,1GJH,MdrDBcore01682,A4T,-1.124,-0.7997462153434753,0.5518468022346497,1.2046353816986084
9,9588880,5FCG,MdrDBcore01683,A61T,0.759,0.04364896938204765,0.5518468022346497,1.2046353816986084
9,9588880,4IEH,MdrDBcore01684,A61T,-1.131,0.16928236186504364,0.5518468022346497,1.2046353816986084
9,9588880,6O0M,MdrDBcore01685,E200D,0.833,0.32849371433258057,0.5518468022346497,1.2046353816986084
9,9588880,6O0M,MdrDBcore01686,E200D,-0.845,-0.13590599596500397,0.5518468022346497,1.2046353816986084
9,9588880,6O0M,MdrDBcore01687,G128E,-0.757,0.02464711293578148,0.5518468022346497,1.2046353816986084
9,9588880,1GJH,MdrDBcore01688,G5W,0.145,-0.03011137619614601,0.5518468022346497,1.2046353816986084
9,9588880,1GJH,MdrDBcore01689,G5W,-1.378,-0.32030194997787476,0.5518468022346497,1.2046353816986084
9,9588880,4IEH,MdrDBcore01690,Q73H,-4.129,-0.02157335914671421,0.5518468022346497,1.2046353816986084
9,9588880,1GJH,MdrDBcore01691,T7K,0.077,0.024854224175214767,0.5518468022346497,1.2046353816986084
9,9588880,2O21,MdrDBcore01692,T7K,-0.799,-0.04028693959116936,0.5518468022346497,1.2046353816986084
9,9588880,2E9W,MdrDBcore01693,A178T,0.67,-0.8173810243606567,0.5518468022346497,1.2046353816986084
9,9588880,6GQK,MdrDBcore01694,A794E,0.041,0.11939406394958496,0.5518468022346497,1.2046353816986084
9,9588880,6ITT,MdrDBcore01695,A895E,0.238,0.29046007990837097,0.5518468022346497,1.2046353816986084
9,9588880,6GQK,MdrDBcore01696,A895T,0.233,0.05604053661227226,0.5518468022346497,1.2046353816986084
9,9588880,2E9W,MdrDBcore01697,D131N,-0.976,-0.33100682497024536,0.5518468022346497,1.2046353816986084
9,9588880,2E9W,MdrDBcore01698,D159N,0.003,-0.3639734387397766,0.5518468022346497,1.2046353816986084
9,9588880,2E9W,MdrDBcore01699,D266N,0.093,0.39387941360473633,0.5518468022346497,1.2046353816986084
9,9588880,2E9W,MdrDBcore01700,E191K,0.565,-0.9507855772972107,0.5518468022346497,1.2046353816986084
9,9588880,6GQK,MdrDBcore01701,E640K,0.533,0.5234682559967041,0.5518468022346497,1.2046353816986084
9,9588880,6GQK,MdrDBcore01702,E640K,-0.292,0.17432595789432526,0.5518468022346497,1.2046353816986084
9,9588880,2E9W,MdrDBcore01703,G169D,0.137,-0.4487684667110443,0.5518468022346497,1.2046353816986084
9,9588880,2E9W,MdrDBcore01704,G265S,0.783,-0.02571837604045868,0.5518468022346497,1.2046353816986084
9,9588880,2E9W,MdrDBcore01705,G265S,0.367,-0.25061336159706116,0.5518468022346497,1.2046353816986084
9,9588880,2E9W,MdrDBcore01706,G265S,0.834,-0.31167274713516235,0.5518468022346497,1.2046353816986084
9,9588880,6GQK,MdrDBcore01707,G676D,-1.116,0.061579909175634384,0.5518468022346497,1.2046353816986084
9,9588880,6GQK,MdrDBcore01708,G779C,0.342,0.08236783742904663,0.5518468022346497,1.2046353816986084
9,9588880,6GQK,MdrDBcore01709,K623N,0.184,0.16210630536079407,0.5518468022346497,1.2046353816986084
9,9588880,6GQK,MdrDBcore01710,K626R,-0.514,-0.30275991559028625,0.5518468022346497,1.2046353816986084
9,9588880,6GQK,MdrDBcore01711,M882V,0.519,0.18095232546329498,0.5518468022346497,1.2046353816986084
9,9588880,6GQK,MdrDBcore01712,M882V,-0.347,0.18764258921146393,0.5518468022346497,1.2046353816986084
9,9588880,2EC8,MdrDBcore01713,N130D,0.008,-0.2838233411312103,0.5518468022346497,1.2046353816986084
9,9588880,4K94,MdrDBcore01714,N400S,1.103,0.23005004227161407,0.5518468022346497,1.2046353816986084
9,9588880,6GQK,MdrDBcore01715,N655S,0.038,0.029425080865621567,0.5518468022346497,1.2046353816986084
9,9588880,6GQK,MdrDBcore01716,N822K,-4.167,0.12065933644771576,0.5518468022346497,1.2046353816986084
9,9588880,2E9W,MdrDBcore01717,P155H,0.27,-0.6016823649406433,0.5518468022346497,1.2046353816986084
9,9588880,2E9W,MdrDBcore01718,R112I,0.21,0.38442474603652954,0.5518468022346497,1.2046353816986084
9,9588880,2E9W,MdrDBcore01719,R177H,-0.475,-0.21950361132621765,0.5518468022346497,1.2046353816986084
9,9588880,2E9W,MdrDBcore01720,R205W,0.265,-0.21144863963127136,0.5518468022346497,1.2046353816986084
9,9588880,2E9W,MdrDBcore01721,R55W,-0.281,-0.5767256021499634,0.5518468022346497,1.2046353816986084
9,9588880,4K94,MdrDBcore01722,T446N,0.327,-0.29552942514419556,0.5518468022346497,1.2046353816986084
9,9588880,3KRJ,MdrDBcore01723,S628F,-0.722,0.45204371213912964,0.5518468022346497,1.2046353816986084
9,9588880,3KRJ,MdrDBcore01724,S628F,0.74,0.2658497989177704,0.5518468022346497,1.2046353816986084
9,9588880,1SEU,MdrDBcore01725,A351D,-1.532,-0.15059097111225128,0.5518468022346497,1.2046353816986084
9,9588880,1R49,MdrDBcore01726,A351D,-1.008,-0.18381522595882416,0.5518468022346497,1.2046353816986084
9,9588880,1A31,MdrDBcore01727,A351D,0.463,0.045492272824048996,0.5518468022346497,1.2046353816986084
9,9588880,1R49,MdrDBcore01728,A705S,-0.754,-0.7685090899467468,0.5518468022346497,1.2046353816986084
9,9588880,1SEU,MdrDBcore01729,A705S,-0.752,-0.33746761083602905,0.5518468022346497,1.2046353816986084
9,9588880,1SEU,MdrDBcore01730,A705S,0.169,-0.3743288815021515,0.5518468022346497,1.2046353816986084
9,9588880,1SEU,MdrDBcore01731,D528E,0.662,-0.1789858043193817,0.5518468022346497,1.2046353816986084
9,9588880,1SEU,MdrDBcore01732,D528E,0.451,-0.42952239513397217,0.5518468022346497,1.2046353816986084
9,9588880,1A31,MdrDBcore01733,D528E,0.907,-0.06647436320781708,0.5518468022346497,1.2046353816986084
9,9588880,1R49,MdrDBcore01734,E208K,1.63,1.3223234415054321,0.5518468022346497,1.2046353816986084
9,9588880,1SEU,MdrDBcore01735,E208K,1.354,-0.03393535688519478,0.5518468022346497,1.2046353816986084
9,9588880,1RRJ,MdrDBcore01736,E208K,1.172,-0.18381422758102417,0.5518468022346497,1.2046353816986084
9,9588880,1R49,MdrDBcore01737,E561K,-1.039,-0.3711068034172058,0.5518468022346497,1.2046353816986084
9,9588880,1SEU,MdrDBcore01738,E561K,-1.466,-0.4593621790409088,0.5518468022346497,1.2046353816986084
9,9588880,1SEU,MdrDBcore01739,E561K,-0.634,0.3615465462207794,0.5518468022346497,1.2046353816986084
9,9588880,1SEU,MdrDBcore01740,E610K,-1.444,-0.7379119992256165,0.5518468022346497,1.2046353816986084
9,9588880,1SEU,MdrDBcore01741,E610K,-1.59,-0.7022557854652405,0.5518468022346497,1.2046353816986084
9,9588880,1SEU,MdrDBcore01742,E610K,-1.879,-0.13886234164237976,0.5518468022346497,1.2046353816986084
9,9588880,1SEU,MdrDBcore01743,E710D,-0.319,-0.3932885527610779,0.5518468022346497,1.2046353816986084
9,9588880,1SEU,MdrDBcore01744,E710D,-0.669,-0.4813237190246582,0.5518468022346497,1.2046353816986084
9,9588880,1RRJ,MdrDBcore01745,E710D,0.69,-0.1451932191848755,0.5518468022346497,1.2046353816986084
9,9588880,1R49,MdrDBcore01746,F279L,-0.154,-0.2451411485671997,0.5518468022346497,1.2046353816986084
9,9588880,1A35,MdrDBcore01747,F279L,0.005,-0.714494526386261,0.5518468022346497,1.2046353816986084
9,9588880,1A31,MdrDBcore01748,F279L,0.833,0.26461514830589294,0.5518468022346497,1.2046353816986084
9,9588880,1SEU,MdrDBcore01749,G244D,-1.294,-0.26823902130126953,0.5518468022346497,1.2046353816986084
9,9588880,1R49,MdrDBcore01750,G244D,-1.416,-0.8296570181846619,0.5518468022346497,1.2046353816986084
9,9588880,1SEU,MdrDBcore01751,G244D,-0.887,-0.5158278942108154,0.5518468022346497,1.2046353816986084
9,9588880,1SEU,MdrDBcore01752,I714T,1.38,-0.08068610727787018,0.5518468022346497,1.2046353816986084
9,9588880,1SEU,MdrDBcore01753,I714T,1.363,-0.3943150043487549,0.5518468022346497,1.2046353816986084
9,9588880,1RRJ,MdrDBcore01754,I714T,0.847,-0.09606434404850006,0.5518468022346497,1.2046353816986084
9,9588880,1SEU,MdrDBcore01755,K326R,0.109,-0.4314876198768616,0.5518468022346497,1.2046353816986084
9,9588880,1SEU,MdrDBcore01756,K326R,0.388,-0.25151294469833374,0.5518468022346497,1.2046353816986084
9,9588880,1A31,MdrDBcore01757,K326R,0.616,0.3286677896976471,0.5518468022346497,1.2046353816986084
9,9588880,1R49,MdrDBcore01758,M428T,-1.393,-0.04347430542111397,0.5518468022346497,1.2046353816986084
9,9588880,1SEU,MdrDBcore01759,M428T,-1.601,-0.6885161995887756,0.5518468022346497,1.2046353816986084
9,9588880,1A31,MdrDBcore01760,M428T,0.432,-0.18241646885871887,0.5518468022346497,1.2046353816986084
9,9588880,1SEU,MdrDBcore01761,M675I,-0.361,-0.5049405694007874,0.5518468022346497,1.2046353816986084
9,9588880,1SEU,MdrDBcore01762,M675I,-0.059,-0.3539028763771057,0.5518468022346497,1.2046353816986084
9,9588880,1SEU,MdrDBcore01763,M675I,0.422,0.3113276958465576,0.5518468022346497,1.2046353816986084
9,9588880,1A31,MdrDBcore01764,N296S,1.038,-0.0727212131023407,0.5518468022346497,1.2046353816986084
9,9588880,1SEU,MdrDBcore01765,P235T,-0.228,-0.2642972469329834,0.5518468022346497,1.2046353816986084
9,9588880,1SEU,MdrDBcore01766,P235T,-0.082,-0.804194986820221,0.5518468022346497,1.2046353816986084
9,9588880,1A31,MdrDBcore01767,P235T,0.779,0.1551542729139328,0.5518468022346497,1.2046353816986084
9,9588880,1SEU,MdrDBcore01768,P397A,-1.473,-0.32545721530914307,0.5518468022346497,1.2046353816986084
9,9588880,1SEU,MdrDBcore01769,P397A,-1.61,-0.15978586673736572,0.5518468022346497,1.2046353816986084
9,9588880,1A31,MdrDBcore01770,P397A,0.447,0.4685366749763489,0.5518468022346497,1.2046353816986084
9,9588880,1RRJ,MdrDBcore01771,Q704K,-1.073,0.004510607570409775,0.5518468022346497,1.2046353816986084
9,9588880,1SEU,MdrDBcore01772,T258M,-1.359,-0.27883970737457275,0.5518468022346497,1.2046353816986084
9,9588880,1SEU,MdrDBcore01773,T258M,-1.228,-0.37365126609802246,0.5518468022346497,1.2046353816986084
9,9588880,1A31,MdrDBcore01774,T258M,0.621,-0.4755490720272064,0.5518468022346497,1.2046353816986084
9,9588880,1SEU,MdrDBcore01775,W754C,-0.903,-0.2182507961988449,0.5518468022346497,1.2046353816986084
9,9588880,1SEU,MdrDBcore01776,W754C,-0.982,0.5498567819595337,0.5518468022346497,1.2046353816986084
9,9588880,1A31,MdrDBcore01777,W754C,0.49,0.00917152687907219,0.5518468022346497,1.2046353816986084
9,9588880,1ZXM,MdrDBcore01778,A318P,-0.749,0.13782106339931488,0.5518468022346497,1.2046353816986084
9,9588880,5GWK,MdrDBcore01779,A903D,-0.37,-0.4073082208633423,0.5518468022346497,1.2046353816986084
9,9588880,6ZY8,MdrDBcore01780,D152Y,-1.22,-0.38870471715927124,0.5518468022346497,1.2046353816986084
9,9588880,6ZY8,MdrDBcore01781,D213G,-1.302,-0.4077562689781189,0.5518468022346497,1.2046353816986084
9,9588880,6ZY6,MdrDBcore01782,G1192R,-0.335,0.14435075223445892,0.5518468022346497,1.2046353816986084
9,9588880,6ZY8,MdrDBcore01783,G1197A,-1.936,-0.4041775166988373,0.5518468022346497,1.2046353816986084
9,9588880,6ZY8,MdrDBcore01784,G1197V,-1.92,-0.3895414173603058,0.5518468022346497,1.2046353816986084
9,9588880,6ZY8,MdrDBcore01785,G1198R,0.518,-0.3869568705558777,0.5518468022346497,1.2046353816986084
9,9588880,6ZY8,MdrDBcore01786,H290Q,-1.547,-0.39737558364868164,0.5518468022346497,1.2046353816986084
9,9588880,6ZY8,MdrDBcore01787,K1196I,-1.271,-0.4053494334220886,0.5518468022346497,1.2046353816986084
9,9588880,5GWK,MdrDBcore01788,K893R,-0.477,-0.1485728621482849,0.5518468022346497,1.2046353816986084
9,9588880,5GWK,MdrDBcore01789,L944S,1.059,0.14200960099697113,0.5518468022346497,1.2046353816986084
9,9588880,5GWK,MdrDBcore01790,N774I,-1.407,-0.16231228411197662,0.5518468022346497,1.2046353816986084
9,9588880,6ZY8,MdrDBcore01791,P643T,-0.454,-0.2211487740278244,0.5518468022346497,1.2046353816986084
9,9588880,5GWK,MdrDBcore01792,P716R,-1.255,-1.0621256828308105,0.5518468022346497,1.2046353816986084
9,9588880,5GWK,MdrDBcore01793,P786H,-1.321,-0.7339902520179749,0.5518468022346497,1.2046353816986084
9,9588880,6ZY8,MdrDBcore01794,Q1206H,-1.586,-0.37305748462677,0.5518468022346497,1.2046353816986084
9,9588880,1ZXM,MdrDBcore01795,Q35R,-1.199,0.19703496992588043,0.5518468022346497,1.2046353816986084
9,9588880,5GWK,MdrDBcore01796,T930I,-1.654,-0.7961116433143616,0.5518468022346497,1.2046353816986084
9,9588880,5GWK,MdrDBcore01797,V1001L,-1.324,-0.7768377661705017,0.5518468022346497,1.2046353816986084
9,9588880,6ZY8,MdrDBcore01798,V1097L,1.165,-0.40152162313461304,0.5518468022346497,1.2046353816986084
9,9588880,1ZXM,MdrDBcore01799,V255I,-0.702,-0.01876429095864296,0.5518468022346497,1.2046353816986084
9,9588880,6ZY8,MdrDBcore01800,V364L,-3.356,-0.40509331226348877,0.5518468022346497,1.2046353816986084
9,9588880,6ZY8,MdrDBcore01801,V68I,-0.762,-0.3676533102989197,0.5518468022346497,1.2046353816986084
9,9588880,5GWK,MdrDBcore01802,V776L,-1.615,-0.051796041429042816,0.5518468022346497,1.2046353816986084
9,9588880,4ZNE,MdrDBcore01803,C168F,-0.604,-0.3296566307544708,0.5518468022346497,1.2046353816986084
9,9588880,4ZNE,MdrDBcore01804,G238A,0.056,-0.6432304978370667,0.5518468022346497,1.2046353816986084
9,9588880,4ZNE,MdrDBcore01805,K234R,-2.868,-0.5600408911705017,0.5518468022346497,1.2046353816986084
9,9588880,4ZNE,MdrDBcore01806,Q64E,-1.615,-0.11978758871555328,0.5518468022346497,1.2046353816986084
9,9588880,4ZNE,MdrDBcore01807,R175H,-2.626,-0.6667926907539368,0.5518468022346497,1.2046353816986084
9,9588880,4ZNE,MdrDBcore01808,R237G,-1.321,-0.4559813439846039,0.5518468022346497,1.2046353816986084
9,9588880,4ZNE,MdrDBcore01809,S161R,-1.819,-0.31651297211647034,0.5518468022346497,1.2046353816986084
9,9588880,4ZNE,MdrDBcore01810,S66L,-1.242,-0.14547021687030792,0.5518468022346497,1.2046353816986084
9,9588880,4ZNE,MdrDBcore01811,T63I,-1.447,-0.34124985337257385,0.5518468022346497,1.2046353816986084
9,9588880,4ZNE,MdrDBcore01812,T67N,0.072,-0.10457159578800201,0.5518468022346497,1.2046353816986084
9,9588880,4ZNE,MdrDBcore01813,Y176C,-0.922,-0.15868227183818817,0.5518468022346497,1.2046353816986084
9,9588880,1O4K,MdrDBcore01814,H25Y,-1.077,-0.29546937346458435,0.5518468022346497,1.2046353816986084
9,9588880,4F59,MdrDBcore01815,Q222H,-4.77,-0.2174532413482666,0.5518468022346497,1.2046353816986084
9,9588880,3C4C,MdrDBcore01816,A712T,-0.829,0.10181920230388641,0.5518468022346497,1.2046353816986084
9,9588880,3C4C,MdrDBcore01817,A712T,-0.61,-0.050588078796863556,0.5518468022346497,1.2046353816986084
9,9588880,3C4C,MdrDBcore01818,A712T,-0.415,-0.03005695343017578,0.5518468022346497,1.2046353816986084
9,9588880,3C4C,MdrDBcore01819,A712T,0.415,-0.15581023693084717,0.5518468022346497,1.2046353816986084
9,9588880,3C4C,MdrDBcore01820,A712T,0.168,0.8711356520652771,0.5518468022346497,1.2046353816986084
9,9588880,6UAN,MdrDBcore01821,A728V,-1.007,-0.10922187566757202,0.5518468022346497,1.2046353816986084
9,9588880,6UAN,MdrDBcore01822,A728V,-0.644,-0.11075431108474731,0.5518468022346497,1.2046353816986084
9,9588880,6Q0T,MdrDBcore01823,A728V,-0.865,0.3490041196346283,0.5518468022346497,1.2046353816986084
9,9588880,6UAN,MdrDBcore01824,A747V,-0.994,-0.4435030519962311,0.5518468022346497,1.2046353816986084
9,9588880,6UAN,MdrDBcore01825,A747V,-0.689,0.12717534601688385,0.5518468022346497,1.2046353816986084
9,9588880,6UAN,MdrDBcore01826,A747V,-0.384,0.32284146547317505,0.5518468022346497,1.2046353816986084
9,9588880,6UAN,MdrDBcore01827,A747V,-0.019,0.11595280468463898,0.5518468022346497,1.2046353816986084
9,9588880,3NY5,MdrDBcore01828,C194G,0.527,0.4889916181564331,0.5518468022346497,1.2046353816986084
9,9588880,3NY5,MdrDBcore01829,C194G,-0.099,-0.7637719511985779,0.5518468022346497,1.2046353816986084
9,9588880,3NY5,MdrDBcore01830,C194G,0.101,-0.3699190020561218,0.5518468022346497,1.2046353816986084
9,9588880,3NY5,MdrDBcore01831,C194G,0.407,-0.0744430422782898,0.5518468022346497,1.2046353816986084
9,9588880,3NY5,MdrDBcore01832,D211G,0.691,-0.7846841216087341,0.5518468022346497,1.2046353816986084
9,9588880,3NY5,MdrDBcore01833,D211G,-0.437,-0.7271869778633118,0.5518468022346497,1.2046353816986084
9,9588880,3NY5,MdrDBcore01834,D211G,0.591,0.3511449992656708,0.5518468022346497,1.2046353816986084
9,9588880,3NY5,MdrDBcore01835,D211G,-0.432,0.1818062961101532,0.5518468022346497,1.2046353816986084
9,9588880,6NYB,MdrDBcore01836,D361G,0.11,0.695931077003479,0.5518468022346497,1.2046353816986084
9,9588880,6NYB,MdrDBcore01837,D361G,-0.156,0.08258090913295746,0.5518468022346497,1.2046353816986084
9,9588880,6NYB,MdrDBcore01838,D361G,-0.341,0.2630220353603363,0.5518468022346497,1.2046353816986084
9,9588880,6NYB,MdrDBcore01839,D361G,-1.075,0.4383549094200134,0.5518468022346497,1.2046353816986084
9,9588880,5J18,MdrDBcore01840,E204V,-1.3,-0.21517792344093323,0.5518468022346497,1.2046353816986084
9,9588880,5J18,MdrDBcore01841,E204V,0.02,-0.1042177826166153,0.5518468022346497,1.2046353816986084
9,9588880,5J18,MdrDBcore01842,E204V,0.889,-0.37841176986694336,0.5518468022346497,1.2046353816986084
9,9588880,5J18,MdrDBcore01843,E204V,0.431,0.1977430135011673,0.5518468022346497,1.2046353816986084
9,9588880,5J18,MdrDBcore01844,E204V,0.407,0.015118960291147232,0.5518468022346497,1.2046353816986084
9,9588880,3C4C,MdrDBcore01845,G464E,-1.368,-0.7961239814758301,0.5518468022346497,1.2046353816986084
9,9588880,3C4C,MdrDBcore01846,G464E,0.16,-0.4950433373451233,0.5518468022346497,1.2046353816986084
9,9588880,3C4C,MdrDBcore01847,G464E,-1.349,0.22104059159755707,0.5518468022346497,1.2046353816986084
9,9588880,3C4C,MdrDBcore01848,G464V,-0.216,0.013738002628087997,0.5518468022346497,1.2046353816986084
9,9588880,3C4C,MdrDBcore01849,G464V,-0.445,-0.204836905002594,0.5518468022346497,1.2046353816986084
9,9588880,3C4C,MdrDBcore01850,G464V,0.504,-0.038362640887498856,0.5518468022346497,1.2046353816986084
9,9588880,3C4C,MdrDBcore01851,G464V,-0.398,0.2382730394601822,0.5518468022346497,1.2046353816986084
9,9588880,2FB8,MdrDBcore01852,G466V,0.762,-0.4715406894683838,0.5518468022346497,1.2046353816986084
9,9588880,3C4C,MdrDBcore01853,G466V,-0.254,-0.3825063109397888,0.5518468022346497,1.2046353816986084
9,9588880,3C4C,MdrDBcore01854,G466V,0.668,-0.2820412814617157,0.5518468022346497,1.2046353816986084
9,9588880,3C4C,MdrDBcore01855,G466V,-0.136,-0.34792807698249817,0.5518468022346497,1.2046353816986084
9,9588880,3C4C,MdrDBcore01856,G466V,0.046,0.1983211487531662,0.5518468022346497,1.2046353816986084
9,9588880,3C4C,MdrDBcore01857,G469A,-0.49,-0.09053683280944824,0.5518468022346497,1.2046353816986084
9,9588880,3C4C,MdrDBcore01858,G469A,-0.695,-0.17307204008102417,0.5518468022346497,1.2046353816986084
9,9588880,7M0X,MdrDBcore01859,G469A,-0.561,0.0003271736204624176,0.5518468022346497,1.2046353816986084
9,9588880,3C4C,MdrDBcore01860,G469A,0.16,-0.039562467485666275,0.5518468022346497,1.2046353816986084
9,9588880,3C4C,MdrDBcore01861,G469V,-1.288,-0.3328108787536621,0.5518468022346497,1.2046353816986084
9,9588880,3C4C,MdrDBcore01862,G469V,-0.041,-0.0051911361515522,0.5518468022346497,1.2046353816986084
9,9588880,7M0X,MdrDBcore01863,G596R,-0.418,-0.4150436520576477,0.5518468022346497,1.2046353816986084
9,9588880,7M0X,MdrDBcore01864,G596R,0.092,-0.17698289453983307,0.5518468022346497,1.2046353816986084
9,9588880,7M0X,MdrDBcore01865,G596R,1.071,0.02515960857272148,0.5518468022346497,1.2046353816986084
9,9588880,7M0X,MdrDBcore01866,L597R,0.687,-0.4172917604446411,0.5518468022346497,1.2046353816986084
9,9588880,7M0X,MdrDBcore01867,L597R,0.39,-0.44617193937301636,0.5518468022346497,1.2046353816986084
9,9588880,7M0X,MdrDBcore01868,L597R,0.303,0.19793683290481567,0.5518468022346497,1.2046353816986084
9,9588880,7M0X,MdrDBcore01869,L597R,-0.066,-0.04444101080298424,0.5518468022346497,1.2046353816986084
9,9588880,7M0X,MdrDBcore01870,L597V,-0.742,-0.5867558121681213,0.5518468022346497,1.2046353816986084
9,9588880,7M0X,MdrDBcore01871,L597V,-0.547,-0.06178780272603035,0.5518468022346497,1.2046353816986084
9,9588880,7M0X,MdrDBcore01872,L597V,0.349,-0.12246230244636536,0.5518468022346497,1.2046353816986084
9,9588880,7M0X,MdrDBcore01873,L597V,0.38,0.10963653028011322,0.5518468022346497,1.2046353816986084
9,9588880,3C4C,MdrDBcore01874,N581Y,-0.324,0.008022468537092209,0.5518468022346497,1.2046353816986084
9,9588880,3C4C,MdrDBcore01875,N581Y,1.78,-0.029417484998703003,0.5518468022346497,1.2046353816986084
9,9588880,3C4C,MdrDBcore01876,N581Y,0.123,-0.22533775866031647,0.5518468022346497,1.2046353816986084
9,9588880,3C4C,MdrDBcore01877,N581Y,0.553,0.021170709282159805,0.5518468022346497,1.2046353816986084
9,9588880,5VR3,MdrDBcore01878,P74A,0.219,0.17216292023658752,0.5518468022346497,1.2046353816986084
9,9588880,5VR3,MdrDBcore01879,P74A,0.502,-0.32425910234451294,0.5518468022346497,1.2046353816986084
9,9588880,6UAN,MdrDBcore01880,R726C,-0.181,-0.05986713245511055,0.5518468022346497,1.2046353816986084
9,9588880,6UAN,MdrDBcore01881,R726C,0.523,-0.2379917949438095,0.5518468022346497,1.2046353816986084
9,9588880,6UAN,MdrDBcore01882,R726C,0.512,0.3105035722255707,0.5518468022346497,1.2046353816986084
9,9588880,7M0X,MdrDBcore01883,S683N,0.292,-0.0729779601097107,0.5518468022346497,1.2046353816986084
9,9588880,3C4C,MdrDBcore01884,S683N,-0.563,-0.8730847835540771,0.5518468022346497,1.2046353816986084
9,9588880,3C4C,MdrDBcore01885,S683N,0.267,-0.14696942269802094,0.5518468022346497,1.2046353816986084
9,9588880,3C4C,MdrDBcore01886,S683N,-0.767,0.4180912971496582,0.5518468022346497,1.2046353816986084
9,9588880,6UAN,MdrDBcore01887,S727G,-0.02,-0.01547710970044136,0.5518468022346497,1.2046353816986084
9,9588880,6UAN,MdrDBcore01888,S727G,-0.808,-0.3413534462451935,0.5518468022346497,1.2046353816986084
9,9588880,6UAN,MdrDBcore01889,S727G,-0.029,-0.12576313316822052,0.5518468022346497,1.2046353816986084
9,9588880,3C4C,MdrDBcore01890,T529A,0.416,-0.24420443177223206,0.5518468022346497,1.2046353816986084
9,9588880,3C4C,MdrDBcore01891,T529A,-0.801,-0.23079322278499603,0.5518468022346497,1.2046353816986084
9,9588880,3C4C,MdrDBcore01892,T529A,-0.111,-0.3981552720069885,0.5518468022346497,1.2046353816986084
9,9588880,3C4C,MdrDBcore01893,T529A,0.082,0.510506808757782,0.5518468022346497,1.2046353816986084
9,9588880,3NY5,MdrDBcore01894,V226M,-0.293,-0.4808807969093323,0.5518468022346497,1.2046353816986084
9,9588880,3NY5,MdrDBcore01895,V226M,-0.131,-1.207480788230896,0.5518468022346497,1.2046353816986084
9,9588880,5J18,MdrDBcore01896,V226M,-0.178,-0.336112916469574,0.5518468022346497,1.2046353816986084
9,9588880,3NY5,MdrDBcore01897,V226M,0.239,-0.09436863660812378,0.5518468022346497,1.2046353816986084
9,9588880,3C4C,MdrDBcore01898,V645I,0.705,0.029904987663030624,0.5518468022346497,1.2046353816986084
9,9588880,3C4C,MdrDBcore01899,V645I,-0.042,-0.3405746519565582,0.5518468022346497,1.2046353816986084
9,9588880,3C4C,MdrDBcore01900,V645I,0.404,-0.32298755645751953,0.5518468022346497,1.2046353816986084
9,9588880,3C4C,MdrDBcore01901,V645I,0.375,0.24982278048992157,0.5518468022346497,1.2046353816986084
9,9588880,4L46,MdrDBcore01902,D193H,0.761,0.6435965895652771,0.5518468022346497,1.2046353816986084
9,9588880,4L3L,MdrDBcore01903,E84K,0.634,0.09727250039577484,0.5518468022346497,1.2046353816986084
9,9588880,3WE4,MdrDBcore01904,H210P,0.633,0.680309534072876,0.5518468022346497,1.2046353816986084
9,9588880,3WE4,MdrDBcore01905,K141I,1.055,0.5822531580924988,0.5518468022346497,1.2046353816986084
9,9588880,3WE4,MdrDBcore01906,N145S,0.625,1.0476443767547607,0.5518468022346497,1.2046353816986084
9,9588880,3WE4,MdrDBcore01907,N311S,-1.139,0.7236886620521545,0.5518468022346497,1.2046353816986084
9,9588880,3WE4,MdrDBcore01908,P368L,-0.117,0.5485442280769348,0.5518468022346497,1.2046353816986084
9,9588880,3WE4,MdrDBcore01909,P88L,0.133,0.6734735369682312,0.5518468022346497,1.2046353816986084
9,9588880,3WE4,MdrDBcore01910,Q374E,0.456,0.5758407711982727,0.5518468022346497,1.2046353816986084
9,9588880,3WE4,MdrDBcore01911,T140A,0.659,0.6576444506645203,0.5518468022346497,1.2046353816986084
9,9588880,4L01,MdrDBcore01912,A760V,0.169,-0.18785203993320465,0.5518468022346497,1.2046353816986084
9,9588880,4L01,MdrDBcore01913,A760V,1.517,0.42648783326148987,0.5518468022346497,1.2046353816986084
9,9588880,6N7C,MdrDBcore01914,A906V,0.388,0.28167033195495605,0.5518468022346497,1.2046353816986084
9,9588880,6N7C,MdrDBcore01915,A906V,1.681,0.6291362643241882,0.5518468022346497,1.2046353816986084
9,9588880,AlphaFold2,MdrDBcore01916,A178T,1.643,1.8356956243515015,0.5518468022346497,1.2046353816986084
9,9588880,AlphaFold2,MdrDBcore01917,A293V,1.691,1.4022456407546997,0.5518468022346497,1.2046353816986084
9,9588880,AlphaFold2,MdrDBcore01918,A368P,1.753,1.734964370727539,0.5518468022346497,1.2046353816986084
9,9588880,AlphaFold2,MdrDBcore01919,E249K,1.513,1.658596158027649,0.5518468022346497,1.2046353816986084
9,9588880,AlphaFold2,MdrDBcore01920,E281K,2.351,1.65890634059906,0.5518468022346497,1.2046353816986084
9,9588880,AlphaFold2,MdrDBcore01921,F315V,1.411,1.5486119985580444,0.5518468022346497,1.2046353816986084
9,9588880,AlphaFold2,MdrDBcore01922,G197R,2.016,1.7207024097442627,0.5518468022346497,1.2046353816986084
9,9588880,AlphaFold2,MdrDBcore01923,I136L,1.769,1.3830413818359375,0.5518468022346497,1.2046353816986084
9,9588880,AlphaFold2,MdrDBcore01924,I86V,1.928,1.6120381355285645,0.5518468022346497,1.2046353816986084
9,9588880,AlphaFold2,MdrDBcore01925,R232G,1.634,1.3359167575836182,0.5518468022346497,1.2046353816986084
9,9588880,AlphaFold2,MdrDBcore01926,W146G,1.472,1.8070746660232544,0.5518468022346497,1.2046353816986084
9,9588880,3EZQ,MdrDBcore01927,D269N,-0.387,0.014686435461044312,0.5518468022346497,1.2046353816986084
9,9588880,3EZQ,MdrDBcore01928,I313V,0.75,0.3446127474308014,0.5518468022346497,1.2046353816986084
9,9588880,3TJE,MdrDBcore01929,R105S,0.647,0.3657221794128418,0.5518468022346497,1.2046353816986084
9,9588880,2NA7,MdrDBcore01930,R192I,-0.152,-0.22069217264652252,0.5518468022346497,1.2046353816986084
9,9588880,3EZQ,MdrDBcore01931,R279H,-0.039,0.3055034577846527,0.5518468022346497,1.2046353816986084
9,9588880,3TJE,MdrDBcore01932,T122I,0.943,0.22821979224681854,0.5518468022346497,1.2046353816986084
9,9588880,3EZQ,MdrDBcore01933,V267F,1.631,0.17491254210472107,0.5518468022346497,1.2046353816986084
9,9588880,2NA7,MdrDBcore01934,W176G,0.922,-0.04471668601036072,0.5518468022346497,1.2046353816986084
9,9588880,6G9D,MdrDBcore01935,H61Q,1.132,0.7230899930000305,0.5518468022346497,1.2046353816986084
9,9588880,6G9D,MdrDBcore01936,I211M,0.94,0.4904841184616089,0.5518468022346497,1.2046353816986084
9,9588880,6G9D,MdrDBcore01937,L76P,0.705,-0.08374184370040894,0.5518468022346497,1.2046353816986084
9,9588880,6G9D,MdrDBcore01938,R135K,0.31,-0.0830821767449379,0.5518468022346497,1.2046353816986084
9,9588880,6G9D,MdrDBcore01939,R79K,-0.067,0.3738069236278534,0.5518468022346497,1.2046353816986084
9,9588880,6G9D,MdrDBcore01940,T185A,-0.553,0.4006759822368622,0.5518468022346497,1.2046353816986084
9,9588880,6G9D,MdrDBcore01941,V214I,0.138,0.42180222272872925,0.5518468022346497,1.2046353816986084
9,9588880,5EHO,MdrDBcore01942,D608H,1.274,0.7929875254631042,0.5518468022346497,1.2046353816986084
9,9588880,4BI2,MdrDBcore01943,F540L,1.186,0.23828931152820587,0.5518468022346497,1.2046353816986084
9,9588880,4BI2,MdrDBcore01944,F540L,0.745,-0.5871819257736206,0.5518468022346497,1.2046353816986084
9,9588880,4BI2,MdrDBcore01945,K696E,1.048,0.2663493752479553,0.5518468022346497,1.2046353816986084
9,9588880,4BI2,MdrDBcore01946,K696E,0.571,0.08913925290107727,0.5518468022346497,1.2046353816986084
9,9588880,4BI2,MdrDBcore01947,L609F,1.373,-0.5504235625267029,0.5518468022346497,1.2046353816986084
9,9588880,4BI2,MdrDBcore01948,L609F,0.208,-0.14418524503707886,0.5518468022346497,1.2046353816986084
9,9588880,4B94,MdrDBcore01949,R172H,1.32,0.614331841468811,0.5518468022346497,1.2046353816986084
9,9588880,4B94,MdrDBcore01950,R185W,2.206,0.6715744137763977,0.5518468022346497,1.2046353816986084
9,9588880,4B94,MdrDBcore01951,R185W,1.954,0.5961230397224426,0.5518468022346497,1.2046353816986084
9,9588880,4BI2,MdrDBcore01952,R624C,0.767,0.020579073578119278,0.5518468022346497,1.2046353816986084
9,9588880,4B94,MdrDBcore01953,S162I,2.241,0.6255040764808655,0.5518468022346497,1.2046353816986084
9,9588880,4B94,MdrDBcore01954,S162I,0.908,0.08690176904201508,0.5518468022346497,1.2046353816986084
9,9588880,7CJA,MdrDBcore01955,S699F,1.188,0.2328716665506363,0.5518468022346497,1.2046353816986084
9,9588880,7CJA,MdrDBcore01956,S699F,1.917,0.7789579033851624,0.5518468022346497,1.2046353816986084
9,9588880,4B94,MdrDBcore01957,S76G,1.616,0.6033515334129333,0.5518468022346497,1.2046353816986084
9,9588880,4B94,MdrDBcore01958,S76G,0.77,0.5254796147346497,0.5518468022346497,1.2046353816986084
9,9588880,4BI2,MdrDBcore01959,Y554H,0.963,0.18450725078582764,0.5518468022346497,1.2046353816986084
9,9588880,4BI2,MdrDBcore01960,Y554H,0.291,-0.15399755537509918,0.5518468022346497,1.2046353816986084
9,9588880,4BI2,MdrDBcore01961,Y726C,1.364,0.4414130449295044,0.5518468022346497,1.2046353816986084
9,9588880,4BI2,MdrDBcore01962,Y726C,0.036,0.6139098405838013,0.5518468022346497,1.2046353816986084
9,9588880,3QS9,MdrDBcore01963,A443T,-1.192,0.19385111331939697,0.5518468022346497,1.2046353816986084
9,9588880,3QS9,MdrDBcore01964,A445T,0.152,0.386615514755249,0.5518468022346497,1.2046353816986084
9,9588880,6JQR,MdrDBcore01965,A642V,-1.297,0.3078804314136505,0.5518468022346497,1.2046353816986084
9,9588880,6IL3,MdrDBcore01966,A680V,-0.5,-0.4331583082675934,0.5518468022346497,1.2046353816986084
9,9588880,6JQR,MdrDBcore01967,A948T,-0.406,-0.3015657663345337,0.5518468022346497,1.2046353816986084
9,9588880,3QS9,MdrDBcore01968,C272S,0.581,-0.1794707179069519,0.5518468022346497,1.2046353816986084
9,9588880,3QS9,MdrDBcore01969,C368Y,0.277,0.053526002913713455,0.5518468022346497,1.2046353816986084
9,9588880,3QS9,MdrDBcore01970,D362E,0.818,-0.1923426240682602,0.5518468022346497,1.2046353816986084
9,9588880,6JQR,MdrDBcore01971,D787H,0.406,0.6809503436088562,0.5518468022346497,1.2046353816986084
9,9588880,3QS9,MdrDBcore01972,E293K,-0.094,0.748146653175354,0.5518468022346497,1.2046353816986084
9,9588880,4RT7,MdrDBcore01973,E661V,0.522,1.0141499042510986,0.5518468022346497,1.2046353816986084
9,9588880,1RJB,MdrDBcore01974,G831E,-0.481,0.04475269839167595,0.5518468022346497,1.2046353816986084
9,9588880,3QS9,MdrDBcore01975,H222R,0.161,-0.1393827199935913,0.5518468022346497,1.2046353816986084
9,9588880,1RJB,MdrDBcore01976,K634N,0.097,-0.2112024575471878,0.5518468022346497,1.2046353816986084
9,9588880,6IL3,MdrDBcore01977,K709T,-0.093,-0.43632423877716064,0.5518468022346497,1.2046353816986084
9,9588880,3QS9,MdrDBcore01978,L168F,0.022,-0.5681285262107849,0.5518468022346497,1.2046353816986084
9,9588880,3QS9,MdrDBcore01979,L442P,0.405,-0.34011948108673096,0.5518468022346497,1.2046353816986084
9,9588880,3QS9,MdrDBcore01980,N100S,0.389,0.25712358951568604,0.5518468022346497,1.2046353816986084
9,9588880,3QS9,MdrDBcore01981,P116S,-0.347,0.07339558005332947,0.5518468022346497,1.2046353816986084
9,9588880,6IL3,MdrDBcore01982,P937H,-0.617,-0.07544735074043274,0.5518468022346497,1.2046353816986084
9,9588880,6JQR,MdrDBcore01983,Q910A,-0.192,0.24715633690357208,0.5518468022346497,1.2046353816986084
9,9588880,3QS9,MdrDBcore01984,R311W,0.247,0.05323849245905876,0.5518468022346497,1.2046353816986084
9,9588880,3QS9,MdrDBcore01985,R485T,0.33,1.1843204498291016,0.5518468022346497,1.2046353816986084
9,9588880,3QS9,MdrDBcore01986,S404F,0.45,0.352464497089386,0.5518468022346497,1.2046353816986084
9,9588880,3QS9,MdrDBcore01987,S519F,-0.104,-0.6937231421470642,0.5518468022346497,1.2046353816986084
9,9588880,3QS9,MdrDBcore01988,T432M,-0.557,0.1787468045949936,0.5518468022346497,1.2046353816986084
9,9588880,3QS9,MdrDBcore01989,Y376C,0.41,0.3732668161392212,0.5518468022346497,1.2046353816986084
9,9588880,6B8Y,MdrDBcore01990,D367H,0.674,0.38712894916534424,0.5518468022346497,1.2046353816986084
9,9588880,6B8Y,MdrDBcore01991,E398K,-0.771,0.6081399321556091,0.5518468022346497,1.2046353816986084
9,9588880,6B8Y,MdrDBcore01992,G216V,1.594,1.1229296922683716,0.5518468022346497,1.2046353816986084
9,9588880,3HMM,MdrDBcore01993,I143V,-0.29,0.7700464129447937,0.5518468022346497,1.2046353816986084
9,9588880,6B8Y,MdrDBcore01994,K453N,0.668,0.6602113246917725,0.5518468022346497,1.2046353816986084
9,9588880,6B8Y,MdrDBcore01995,L309R,1.485,0.5649163722991943,0.5518468022346497,1.2046353816986084
9,9588880,6B8Y,MdrDBcore01996,L468F,1.275,0.4329856336116791,0.5518468022346497,1.2046353816986084
9,9588880,3HMM,MdrDBcore01997,M148I,1.0,0.7696723937988281,0.5518468022346497,1.2046353816986084
9,9588880,6B8Y,MdrDBcore01998,N342S,0.408,0.5933560729026794,0.5518468022346497,1.2046353816986084
9,9588880,2PJY,MdrDBcore01999,N45S,1.626,-0.06514744460582733,0.5518468022346497,1.2046353816986084
9,9588880,6B8Y,MdrDBcore02000,R417Q,0.985,0.567315399646759,0.5518468022346497,1.2046353816986084
9,9588880,6B8Y,MdrDBcore02001,R491W,0.724,0.3705407679080963,0.5518468022346497,1.2046353816986084
9,9588880,6B8Y,MdrDBcore02002,S420F,-0.295,0.5859986543655396,0.5518468022346497,1.2046353816986084
9,9588880,3HMM,MdrDBcore02003,V157I,1.039,0.7713169455528259,0.5518468022346497,1.2046353816986084
9,9588880,6B8Y,MdrDBcore02004,V256L,1.311,0.558036744594574,0.5518468022346497,1.2046353816986084
9,9588880,2PJY,MdrDBcore02005,V56I,0.733,0.0822894275188446,0.5518468022346497,1.2046353816986084
9,9588880,3HMM,MdrDBcore02006,V95A,1.443,0.7719741463661194,0.5518468022346497,1.2046353816986084
9,9588880,6B8Y,MdrDBcore02007,Y299F,1.173,0.712444543838501,0.5518468022346497,1.2046353816986084
9,9588880,6B8Y,MdrDBcore02008,Y432F,0.823,0.6408379673957825,0.5518468022346497,1.2046353816986084
9,9588880,5IU2,MdrDBcore02009,A354T,-0.608,-0.5877689719200134,0.5518468022346497,1.2046353816986084
9,9588880,4Y83,MdrDBcore02010,E188K,1.857,-0.5508617758750916,0.5518468022346497,1.2046353816986084
9,9588880,4Y83,MdrDBcore02011,F271Y,-0.06,-0.6001899838447571,0.5518468022346497,1.2046353816986084
9,9588880,4Y83,MdrDBcore02012,P359S,-0.169,-0.6543264985084534,0.5518468022346497,1.2046353816986084
9,9588880,4Y83,MdrDBcore02013,R146Q,0.559,-0.38814640045166016,0.5518468022346497,1.2046353816986084
9,9588880,4Y83,MdrDBcore02014,R376C,-0.187,-0.5376818180084229,0.5518468022346497,1.2046353816986084
9,9588880,AlphaFold2,MdrDBcore02015,D1067N,-0.288,-0.30578842759132385,0.5518468022346497,1.2046353816986084
9,9588880,AlphaFold2,MdrDBcore02016,D1067N,0.55,0.9096081852912903,0.5518468022346497,1.2046353816986084
9,9588880,AlphaFold2,MdrDBcore02017,D1067V,-2.019,-0.055300284177064896,0.5518468022346497,1.2046353816986084
9,9588880,AlphaFold2,MdrDBcore02018,I767F,-0.474,-0.3024657666683197,0.5518468022346497,1.2046353816986084
9,9588880,AlphaFold2,MdrDBcore02019,I965N,1.038,1.392655372619629,0.5518468022346497,1.2046353816986084
9,9588880,AlphaFold2,MdrDBcore02020,K718R,1.061,1.1065917015075684,0.5518468022346497,1.2046353816986084
9,9588880,AlphaFold2,MdrDBcore02021,L535R,0.233,0.26918497681617737,0.5518468022346497,1.2046353816986084
9,9588880,AlphaFold2,MdrDBcore02022,L642P,1.319,1.4135719537734985,0.5518468022346497,1.2046353816986084
9,9588880,AlphaFold2,MdrDBcore02023,L933P,-1.38,-1.163360595703125,0.5518468022346497,1.2046353816986084
9,9588880,AlphaFold2,MdrDBcore02024,L99R,0.489,0.8595563173294067,0.5518468022346497,1.2046353816986084
9,9588880,AlphaFold2,MdrDBcore02025,M630R,1.408,1.33783757686615,0.5518468022346497,1.2046353816986084
9,9588880,AlphaFold2,MdrDBcore02026,N717S,1.011,0.962947428226471,0.5518468022346497,1.2046353816986084
9,9588880,AlphaFold2,MdrDBcore02027,P437H,1.642,1.4666975736618042,0.5518468022346497,1.2046353816986084
9,9588880,AlphaFold2,MdrDBcore02028,R321Q,-0.085,0.25114092230796814,0.5518468022346497,1.2046353816986084
9,9588880,AlphaFold2,MdrDBcore02029,R48Q,0.185,0.4268535375595093,0.5518468022346497,1.2046353816986084
9,9588880,AlphaFold2,MdrDBcore02030,R668Q,1.201,0.762765109539032,0.5518468022346497,1.2046353816986084
9,9588880,AlphaFold2,MdrDBcore02031,R668W,0.304,0.6296101212501526,0.5518468022346497,1.2046353816986084
9,9588880,AlphaFold2,MdrDBcore02032,R896L,-0.341,0.2816140651702881,0.5518468022346497,1.2046353816986084
9,9588880,AlphaFold2,MdrDBcore02033,R896L,0.697,0.7465288043022156,0.5518468022346497,1.2046353816986084
9,9588880,AlphaFold2,MdrDBcore02034,T721P,-0.549,-0.5415793657302856,0.5518468022346497,1.2046353816986084
9,9588880,AlphaFold2,MdrDBcore02035,T721P,-0.316,1.336098313331604,0.5518468022346497,1.2046353816986084
9,9588880,AlphaFold2,MdrDBcore02036,V369I,-1.283,-1.1196738481521606,0.5518468022346497,1.2046353816986084
9,9588880,AlphaFold2,MdrDBcore02037,V369I,-0.083,0.14751757681369781,0.5518468022346497,1.2046353816986084
9,9588880,6SB0,MdrDBcore02038,A1134T,-2.549,-0.3594965934753418,0.5518468022346497,1.2046353816986084
9,9588880,6SB0,MdrDBcore02039,A1134V,-0.777,-0.6246129274368286,0.5518468022346497,1.2046353816986084
9,9588880,7EPD,MdrDBcore02040,A329T,-0.929,-0.5569131970405579,0.5518468022346497,1.2046353816986084
9,9588880,7PE9,MdrDBcore02041,A41T,-3.177,-0.172409325838089,0.5518468022346497,1.2046353816986084
9,9588880,6SB0,MdrDBcore02042,A695V,-1.293,-0.38359880447387695,0.5518468022346497,1.2046353816986084
9,9588880,7PE9,MdrDBcore02043,A695V,-1.002,-0.07220254838466644,0.5518468022346497,1.2046353816986084
9,9588880,6SB0,MdrDBcore02044,A954T,-2.775,-0.5046894550323486,0.5518468022346497,1.2046353816986084
9,9588880,6SB0,MdrDBcore02045,D1332E,-2.443,-0.6205023527145386,0.5518468022346497,1.2046353816986084
9,9588880,6SB0,MdrDBcore02046,D259Y,-0.308,-0.4985790550708771,0.5518468022346497,1.2046353816986084
9,9588880,6SB0,MdrDBcore02047,E1033K,-1.819,0.4189162850379944,0.5518468022346497,1.2046353816986084
9,9588880,5WBY,MdrDBcore02048,E1799K,-0.79,-0.4962337613105774,0.5518468022346497,1.2046353816986084
9,9588880,7PE9,MdrDBcore02049,E2000Q,-1.021,0.10635121166706085,0.5518468022346497,1.2046353816986084
9,9588880,6SB0,MdrDBcore02050,E427D,-4.512,-1.2586842775344849,0.5518468022346497,1.2046353816986084
9,9588880,6SB0,MdrDBcore02051,F140L,-0.639,0.6470429301261902,0.5518468022346497,1.2046353816986084
9,9588880,6SB0,MdrDBcore02052,H1647Q,-0.947,-0.4452904462814331,0.5518468022346497,1.2046353816986084
9,9588880,6SB0,MdrDBcore02053,I2017T,-1.532,-0.8300613164901733,0.5518468022346497,1.2046353816986084
9,9588880,6SB0,MdrDBcore02054,K1197N,-2.878,-0.5414608716964722,0.5518468022346497,1.2046353816986084
9,9588880,6SB0,MdrDBcore02055,K1981E,-2.429,-0.5146180987358093,0.5518468022346497,1.2046353816986084
9,9588880,6SB0,MdrDBcore02056,L1129P,-2.09,-0.8152573704719543,0.5518468022346497,1.2046353816986084
9,9588880,6SB0,MdrDBcore02057,L1894V,-2.235,-0.39718011021614075,0.5518468022346497,1.2046353816986084
9,9588880,6SB0,MdrDBcore02058,L1894V,-2.592,0.13493074476718903,0.5518468022346497,1.2046353816986084
9,9588880,7PE9,MdrDBcore02059,L2138F,-1.88,-0.3791603147983551,0.5518468022346497,1.2046353816986084
9,9588880,6SB0,MdrDBcore02060,L2427R,-2.787,-0.24284577369689941,0.5518468022346497,1.2046353816986084
9,9588880,6SB0,MdrDBcore02061,M135T,-1.39,-0.6267470717430115,0.5518468022346497,1.2046353816986084
9,9588880,7EPD,MdrDBcore02062,M476V,-1.455,-1.1215542554855347,0.5518468022346497,1.2046353816986084
9,9588880,6SB0,MdrDBcore02063,N1765D,-1.825,-0.6924870014190674,0.5518468022346497,1.2046353816986084
9,9588880,6SB0,MdrDBcore02064,P1128L,-3.787,-0.2236052006483078,0.5518468022346497,1.2046353816986084
9,9588880,6SB0,MdrDBcore02065,P1193L,-1.318,-0.09531660377979279,0.5518468022346497,1.2046353816986084
9,9588880,6SB0,MdrDBcore02066,P1312L,-1.355,0.03461305424571037,0.5518468022346497,1.2046353816986084
9,9588880,6SB0,MdrDBcore02067,P1537S,-1.259,-0.34988075494766235,0.5518468022346497,1.2046353816986084
9,9588880,6SB0,MdrDBcore02068,P1609L,-1.712,-0.3787864148616791,0.5518468022346497,1.2046353816986084
9,9588880,6SB0,MdrDBcore02069,P1609L,-1.195,-0.5260916948318481,0.5518468022346497,1.2046353816986084
9,9588880,6SB0,MdrDBcore02070,P1951S,-0.062,-0.2410220056772232,0.5518468022346497,1.2046353816986084
9,9588880,6SB0,MdrDBcore02071,P453L,-2.746,-0.49039071798324585,0.5518468022346497,1.2046353816986084
9,9588880,6SB0,MdrDBcore02072,P770A,-1.411,-0.38488632440567017,0.5518468022346497,1.2046353816986084
9,9588880,6SB0,MdrDBcore02073,P770A,-1.782,-0.14268863201141357,0.5518468022346497,1.2046353816986084
9,9588880,6SB0,MdrDBcore02074,Q1207P,-3.336,-0.5757794380187988,0.5518468022346497,1.2046353816986084
9,9588880,7PE9,MdrDBcore02075,R1208C,-1.145,-0.29696187376976013,0.5518468022346497,1.2046353816986084
9,9588880,6SB0,MdrDBcore02076,R1482C,-2.339,-0.8640651106834412,0.5518468022346497,1.2046353816986084
9,9588880,6SB0,MdrDBcore02077,R1612Q,0.682,-0.04517948627471924,0.5518468022346497,1.2046353816986084
9,9588880,6SB0,MdrDBcore02078,R1709H,-2.867,-0.36398690938949585,0.5518468022346497,1.2046353816986084
9,9588880,6SB0,MdrDBcore02079,R1709H,-1.1,-0.5378642082214355,0.5518468022346497,1.2046353816986084
9,9588880,6SB0,MdrDBcore02080,R1784C,0.857,-0.11040565371513367,0.5518468022346497,1.2046353816986084
9,9588880,6SB0,MdrDBcore02081,R1811H,-1.625,-0.8670699596405029,0.5518468022346497,1.2046353816986084
9,9588880,6SB0,MdrDBcore02082,R2152C,-3.364,-0.23238255083560944,0.5518468022346497,1.2046353816986084
9,9588880,7PE9,MdrDBcore02083,S1178F,-0.977,0.11762288212776184,0.5518468022346497,1.2046353816986084
9,9588880,6SB0,MdrDBcore02084,S2215F,-2.632,-0.6059425473213196,0.5518468022346497,1.2046353816986084
9,9588880,6SB0,MdrDBcore02085,S645C,-1.77,-0.4248269200325012,0.5518468022346497,1.2046353816986084
9,9588880,7PE9,MdrDBcore02086,T1948M,-2.088,-0.39075151085853577,0.5518468022346497,1.2046353816986084
9,9588880,6SB0,MdrDBcore02087,T1948M,-0.221,-0.7887922525405884,0.5518468022346497,1.2046353816986084
9,9588880,6SB0,MdrDBcore02088,T2232I,-0.216,-0.062933050096035,0.5518468022346497,1.2046353816986084
9,9588880,6SB0,MdrDBcore02089,T2509A,-3.481,-0.5004257559776306,0.5518468022346497,1.2046353816986084
9,9588880,7EPD,MdrDBcore02090,T571K,-3.356,-0.2956763505935669,0.5518468022346497,1.2046353816986084
9,9588880,6SB0,MdrDBcore02091,T588M,-1.698,-0.7338162064552307,0.5518468022346497,1.2046353816986084
9,9588880,6SB0,MdrDBcore02092,T647I,-2.934,-0.11016564071178436,0.5518468022346497,1.2046353816986084
9,9588880,6SB0,MdrDBcore02093,T647I,-2.127,-0.5366477966308594,0.5518468022346497,1.2046353816986084
9,9588880,5WBY,MdrDBcore02094,V1591L,-2.614,-1.2430214881896973,0.5518468022346497,1.2046353816986084
9,9588880,6SB0,MdrDBcore02095,W1304R,-0.871,-0.2956961989402771,0.5518468022346497,1.2046353816986084
9,9588880,5WBY,MdrDBcore02096,W1456R,-3.121,0.24901576340198517,0.5518468022346497,1.2046353816986084
9,9588880,6SB0,MdrDBcore02097,Y1151C,-0.722,-0.6041188836097717,0.5518468022346497,1.2046353816986084
9,9588880,6SB0,MdrDBcore02098,Y861H,-1.509,-0.6812626719474792,0.5518468022346497,1.2046353816986084
9,9588880,6SB0,MdrDBcore02099,Y861H,-2.08,-0.6540892720222473,0.5518468022346497,1.2046353816986084
9,9588880,4FL2,MdrDBcore02100,A353T,-0.306,0.7756134271621704,0.5518468022346497,1.2046353816986084
9,9588880,4FL2,MdrDBcore02101,A353T,-1.045,-0.8421230912208557,0.5518468022346497,1.2046353816986084
9,9588880,4FL2,MdrDBcore02102,A353T,-0.914,-0.8161182999610901,0.5518468022346497,1.2046353816986084
9,9588880,4RX7,MdrDBcore02103,A620T,1.14,0.006486032158136368,0.5518468022346497,1.2046353816986084
9,9588880,5CXZ,MdrDBcore02104,A620T,-0.871,0.022343244403600693,0.5518468022346497,1.2046353816986084
9,9588880,5CXZ,MdrDBcore02105,A620T,-0.284,0.18625052273273468,0.5518468022346497,1.2046353816986084
9,9588880,1A81,MdrDBcore02106,A86T,1.59,0.3252753019332886,0.5518468022346497,1.2046353816986084
9,9588880,7SA7,MdrDBcore02107,A86T,0.263,-0.05513378232717514,0.5518468022346497,1.2046353816986084
9,9588880,7SA7,MdrDBcore02108,A86T,0.511,0.9164212346076965,0.5518468022346497,1.2046353816986084
9,9588880,5CXZ,MdrDBcore02109,D428N,-0.288,0.10933282971382141,0.5518468022346497,1.2046353816986084
9,9588880,5CXZ,MdrDBcore02110,D428N,-0.438,0.04501480981707573,0.5518468022346497,1.2046353816986084
9,9588880,5CXZ,MdrDBcore02111,D428N,-0.601,-0.8941465616226196,0.5518468022346497,1.2046353816986084
9,9588880,5CXZ,MdrDBcore02112,E586D,-0.614,0.43005433678627014,0.5518468022346497,1.2046353816986084
9,9588880,5CXZ,MdrDBcore02113,E586D,0.601,0.07653331756591797,0.5518468022346497,1.2046353816986084
9,9588880,5CXZ,MdrDBcore02114,E586D,-0.338,0.17498250305652618,0.5518468022346497,1.2046353816986084
9,9588880,5CXZ,MdrDBcore02115,G578E,0.377,0.08606129884719849,0.5518468022346497,1.2046353816986084
9,9588880,5CXZ,MdrDBcore02116,G578E,-0.261,0.04122359678149223,0.5518468022346497,1.2046353816986084
9,9588880,4RX7,MdrDBcore02117,G578E,-0.286,0.49071580171585083,0.5518468022346497,1.2046353816986084
9,9588880,4RX7,MdrDBcore02118,G588R,-0.786,0.46014392375946045,0.5518468022346497,1.2046353816986084
9,9588880,5CXZ,MdrDBcore02119,G588R,0.867,0.0114748515188694,0.5518468022346497,1.2046353816986084
9,9588880,5CXZ,MdrDBcore02120,G588R,1.22,-0.09120215475559235,0.5518468022346497,1.2046353816986084
9,9588880,5CXZ,MdrDBcore02121,H492Y,-0.596,0.11921809613704681,0.5518468022346497,1.2046353816986084
9,9588880,5CXZ,MdrDBcore02122,H492Y,-0.815,0.058981504291296005,0.5518468022346497,1.2046353816986084
9,9588880,5CXZ,MdrDBcore02123,H492Y,-0.579,-0.08188071101903915,0.5518468022346497,1.2046353816986084
9,9588880,4RX7,MdrDBcore02124,I438M,1.949,-0.02745591476559639,0.5518468022346497,1.2046353816986084
9,9588880,7SA7,MdrDBcore02125,K133E,0.343,0.32947486639022827,0.5518468022346497,1.2046353816986084
9,9588880,7SA7,MdrDBcore02126,K133E,-0.138,0.17612747848033905,0.5518468022346497,1.2046353816986084
9,9588880,7SA7,MdrDBcore02127,K133E,0.598,0.26593297719955444,0.5518468022346497,1.2046353816986084
9,9588880,5CXZ,MdrDBcore02128,K386N,-0.514,-0.001446206122636795,0.5518468022346497,1.2046353816986084
9,9588880,5CXZ,MdrDBcore02129,N381I,-0.613,0.3301854431629181,0.5518468022346497,1.2046353816986084
9,9588880,4RX7,MdrDBcore02130,N381I,-0.32,0.1966046243906021,0.5518468022346497,1.2046353816986084
9,9588880,5CXZ,MdrDBcore02131,N381I,-0.743,-1.0332930088043213,0.5518468022346497,1.2046353816986084
9,9588880,4FL2,MdrDBcore02132,P355L,0.228,0.18488113582134247,0.5518468022346497,1.2046353816986084
9,9588880,1XBB,MdrDBcore02133,R520S,2.261,0.5484746694564819,0.5518468022346497,1.2046353816986084
9,9588880,5CXZ,MdrDBcore02134,R520S,-0.815,0.010933544486761093,0.5518468022346497,1.2046353816986084
9,9588880,5CXZ,MdrDBcore02135,R520S,0.111,0.06718558073043823,0.5518468022346497,1.2046353816986084
9,9588880,5CXZ,MdrDBcore02136,V622A,-0.123,0.21569578349590302,0.5518468022346497,1.2046353816986084
9,9588880,5CXZ,MdrDBcore02137,V622A,1.095,-0.0021592825651168823,0.5518468022346497,1.2046353816986084
9,9588880,5CXZ,MdrDBcore02138,V622A,1.357,0.24565492570400238,0.5518468022346497,1.2046353816986084
9,9588880,1A81,MdrDBcore02139,Y246C,-0.223,0.214722141623497,0.5518468022346497,1.2046353816986084
9,9588880,4RX7,MdrDBcore02140,Y568H,-0.077,0.1379825919866562,0.5518468022346497,1.2046353816986084
9,9588880,5CXZ,MdrDBcore02141,Y568H,-0.729,0.06027955934405327,0.5518468022346497,1.2046353816986084
9,9588880,5CXZ,MdrDBcore02142,Y568H,-0.078,-0.8000103831291199,0.5518468022346497,1.2046353816986084
9,9588880,4O1D,MdrDBcore02143,A252S,-0.845,-0.2613871693611145,0.5518468022346497,1.2046353816986084
9,9588880,4O1D,MdrDBcore02144,A83V,0.014,-0.23288807272911072,0.5518468022346497,1.2046353816986084
9,9588880,4O1D,MdrDBcore02145,E263G,-1.313,0.5648517608642578,0.5518468022346497,1.2046353816986084
9,9588880,4O1D,MdrDBcore02146,E336D,2.7,-0.20083893835544586,0.5518468022346497,1.2046353816986084
9,9588880,4O1D,MdrDBcore02147,E487D,0.707,0.1489553600549698,0.5518468022346497,1.2046353816986084
9,9588880,4O1D,MdrDBcore02148,G100R,-0.997,-0.5258051156997681,0.5518468022346497,1.2046353816986084
9,9588880,4O1D,MdrDBcore02149,I206T,2.095,0.960211455821991,0.5518468022346497,1.2046353816986084
9,9588880,4O1D,MdrDBcore02150,K228A,-1.331,0.35247495770454407,0.5518468022346497,1.2046353816986084
9,9588880,4O1D,MdrDBcore02151,K339E,-0.833,-0.3529965281486511,0.5518468022346497,1.2046353816986084
9,9588880,4O1D,MdrDBcore02152,K342R,-1.852,-0.3615901470184326,0.5518468022346497,1.2046353816986084
9,9588880,4O1D,MdrDBcore02153,K423A,-2.217,-0.38965877890586853,0.5518468022346497,1.2046353816986084
9,9588880,4O1D,MdrDBcore02154,L226R,3.238,0.3105005621910095,0.5518468022346497,1.2046353816986084
9,9588880,4O1D,MdrDBcore02155,Q268K,-0.386,-0.4479351043701172,0.5518468022346497,1.2046353816986084
9,9588880,3DKJ,MdrDBcore02156,Q362E,0.056,-0.6337822079658508,0.5518468022346497,1.2046353816986084
9,9588880,4O1D,MdrDBcore02157,R349K,0.005,0.3388754725456238,0.5518468022346497,1.2046353816986084
9,9588880,4O1D,MdrDBcore02158,T233M,-2.333,-0.08990249037742615,0.5518468022346497,1.2046353816986084
9,9588880,4O1D,MdrDBcore02159,V221A,0.654,-0.45739686489105225,0.5518468022346497,1.2046353816986084
9,9588880,4O1D,MdrDBcore02160,V266I,2.09,0.9038493037223816,0.5518468022346497,1.2046353816986084
9,9588880,4O1D,MdrDBcore02161,V300I,0.067,-0.43842846155166626,0.5518468022346497,1.2046353816986084
9,9588880,4O1D,MdrDBcore02162,Y142C,0.206,-0.13088887929916382,0.5518468022346497,1.2046353816986084
9,9588880,4O1D,MdrDBcore02163,Y36C,1.022,-0.07878610491752625,0.5518468022346497,1.2046353816986084
9,9588880,4AWI,MdrDBcore02164,A282D,-0.775,-0.06197378784418106,0.5518468022346497,1.2046353816986084
9,9588880,4AWI,MdrDBcore02165,C79Y,1.349,0.0016427375376224518,0.5518468022346497,1.2046353816986084
9,9588880,4AWI,MdrDBcore02166,D277G,-0.384,-0.319362074136734,0.5518468022346497,1.2046353816986084
9,9588880,4AWI,MdrDBcore02167,D277V,0.443,-0.18035487830638885,0.5518468022346497,1.2046353816986084
9,9588880,4AWI,MdrDBcore02168,H149R,-0.612,0.1413796991109848,0.5518468022346497,1.2046353816986084
9,9588880,4AWI,MdrDBcore02169,I304M,-0.709,-0.5914761424064636,0.5518468022346497,1.2046353816986084
9,9588880,4AWI,MdrDBcore02170,M200T,-1.724,-0.49429261684417725,0.5518468022346497,1.2046353816986084
9,9588880,3L08,MdrDBcore02171,A197T,-1.852,-0.5380995273590088,0.5518468022346497,1.2046353816986084
9,9588880,3L08,MdrDBcore02172,A197T,0.351,1.1118379831314087,0.5518468022346497,1.2046353816986084
9,9588880,4GB9,MdrDBcore02173,A253T,0.688,0.5125769972801208,0.5518468022346497,1.2046353816986084
9,9588880,4GB9,MdrDBcore02174,A253T,1.775,1.058159589767456,0.5518468022346497,1.2046353816986084
9,9588880,4GB9,MdrDBcore02175,A253T,0.231,0.44551390409469604,0.5518468022346497,1.2046353816986084
9,9588880,3L08,MdrDBcore02176,A314T,0.664,0.09873676300048828,0.5518468022346497,1.2046353816986084
9,9588880,4GB9,MdrDBcore02177,A314T,1.258,0.6749723553657532,0.5518468022346497,1.2046353816986084
9,9588880,4GB9,MdrDBcore02178,A314T,0.288,0.4666600227355957,0.5518468022346497,1.2046353816986084
9,9588880,3L08,MdrDBcore02179,A528V,-0.026,-0.4648124873638153,0.5518468022346497,1.2046353816986084
9,9588880,4GB9,MdrDBcore02180,A528V,0.923,0.708733081817627,0.5518468022346497,1.2046353816986084
9,9588880,3L08,MdrDBcore02181,A528V,-0.333,-0.18294191360473633,0.5518468022346497,1.2046353816986084
9,9588880,3L08,MdrDBcore02182,A557V,1.842,1.300751805305481,0.5518468022346497,1.2046353816986084
9,9588880,3L08,MdrDBcore02183,A569T,1.29,0.09729482233524323,0.5518468022346497,1.2046353816986084
9,9588880,3L08,MdrDBcore02184,A569T,1.746,1.227189540863037,0.5518468022346497,1.2046353816986084
9,9588880,3L08,MdrDBcore02185,A569T,1.264,0.0943697988986969,0.5518468022346497,1.2046353816986084
9,9588880,4GB9,MdrDBcore02186,A621S,1.204,0.6787251830101013,0.5518468022346497,1.2046353816986084
9,9588880,3L08,MdrDBcore02187,A621S,1.806,0.8488181829452515,0.5518468022346497,1.2046353816986084
9,9588880,3L08,MdrDBcore02188,A621S,0.475,-0.1321934312582016,0.5518468022346497,1.2046353816986084
9,9588880,7MEZ,MdrDBcore02189,A84V,-0.146,-0.24042443931102753,0.5518468022346497,1.2046353816986084
9,9588880,3L08,MdrDBcore02190,D192N,0.216,-0.11159291863441467,0.5518468022346497,1.2046353816986084
9,9588880,3L08,MdrDBcore02191,D192N,-1.811,-0.10436882078647614,0.5518468022346497,1.2046353816986084
9,9588880,3L16,MdrDBcore02192,D358Y,-0.059,0.1271974891424179,0.5518468022346497,1.2046353816986084
9,9588880,3L08,MdrDBcore02193,D358Y,1.423,1.0648919343948364,0.5518468022346497,1.2046353816986084
9,9588880,3L08,MdrDBcore02194,D358Y,-0.28,-0.09467358887195587,0.5518468022346497,1.2046353816986084
9,9588880,3L08,MdrDBcore02195,D946N,0.767,0.06420889496803284,0.5518468022346497,1.2046353816986084
9,9588880,3L08,MdrDBcore02196,D946N,0.372,1.4637216329574585,0.5518468022346497,1.2046353816986084
9,9588880,3L08,MdrDBcore02197,D946N,-0.134,-0.05965256690979004,0.5518468022346497,1.2046353816986084
9,9588880,7MEZ,MdrDBcore02198,E108K,-1.323,-0.5907854437828064,0.5518468022346497,1.2046353816986084
9,9588880,7MEZ,MdrDBcore02199,E108K,0.043,-1.0473331212997437,0.5518468022346497,1.2046353816986084
9,9588880,3L08,MdrDBcore02200,G276S,-0.235,0.19816528260707855,0.5518468022346497,1.2046353816986084
9,9588880,3L08,MdrDBcore02201,G276S,1.873,1.381730079650879,0.5518468022346497,1.2046353816986084
9,9588880,3L08,MdrDBcore02202,G276S,-1.009,0.011311493813991547,0.5518468022346497,1.2046353816986084
9,9588880,7MEZ,MdrDBcore02203,G343S,0.915,0.3098088800907135,0.5518468022346497,1.2046353816986084
9,9588880,7MEZ,MdrDBcore02204,G343S,1.741,-0.17055189609527588,0.5518468022346497,1.2046353816986084
9,9588880,7MEZ,MdrDBcore02205,G343S,-0.181,0.2469569593667984,0.5518468022346497,1.2046353816986084
9,9588880,3L08,MdrDBcore02206,G436S,2.055,1.4256534576416016,0.5518468022346497,1.2046353816986084
9,9588880,7MEZ,MdrDBcore02207,G65D,-0.46,0.1641533225774765,0.5518468022346497,1.2046353816986084
9,9588880,3L08,MdrDBcore02208,G996A,0.184,0.16903625428676605,0.5518468022346497,1.2046353816986084
9,9588880,3L08,MdrDBcore02209,G996A,0.68,-0.0031066536903381348,0.5518468022346497,1.2046353816986084
9,9588880,3L08,MdrDBcore02210,H295Q,0.103,0.09710589051246643,0.5518468022346497,1.2046353816986084
9,9588880,3L08,MdrDBcore02211,H295Q,0.728,1.206217885017395,0.5518468022346497,1.2046353816986084
9,9588880,3L08,MdrDBcore02212,H295Q,-0.988,-0.1795901209115982,0.5518468022346497,1.2046353816986084
9,9588880,3L08,MdrDBcore02213,H693Q,0.143,0.042859915643930435,0.5518468022346497,1.2046353816986084
9,9588880,3L08,MdrDBcore02214,H693Q,0.77,1.212224006652832,0.5518468022346497,1.2046353816986084
9,9588880,3L08,MdrDBcore02215,H693Q,0.789,-0.03818149119615555,0.5518468022346497,1.2046353816986084
9,9588880,3L08,MdrDBcore02216,H909L,1.219,0.04467499628663063,0.5518468022346497,1.2046353816986084
9,9588880,3L08,MdrDBcore02217,H909L,1.575,1.0249736309051514,0.5518468022346497,1.2046353816986084
9,9588880,3L08,MdrDBcore02218,H909L,-0.26,-0.09364631772041321,0.5518468022346497,1.2046353816986084
9,9588880,3L08,MdrDBcore02219,I158M,-0.179,0.09624320268630981,0.5518468022346497,1.2046353816986084
9,9588880,3L08,MdrDBcore02220,I158M,0.786,0.9038288593292236,0.5518468022346497,1.2046353816986084
9,9588880,3L08,MdrDBcore02221,I158M,-0.507,-0.31098923087120056,0.5518468022346497,1.2046353816986084
9,9588880,3L08,MdrDBcore02222,I220M,0.235,0.1292162537574768,0.5518468022346497,1.2046353816986084
9,9588880,3L08,MdrDBcore02223,I220M,1.658,1.3791136741638184,0.5518468022346497,1.2046353816986084
9,9588880,3L08,MdrDBcore02224,I220M,0.889,-0.03682266175746918,0.5518468022346497,1.2046353816986084
9,9588880,3L16,MdrDBcore02225,I287M,0.239,0.1292506605386734,0.5518468022346497,1.2046353816986084
9,9588880,3L08,MdrDBcore02226,I287M,0.731,1.315390706062317,0.5518468022346497,1.2046353816986084
9,9588880,3L08,MdrDBcore02227,I287M,-1.226,0.13530535995960236,0.5518468022346497,1.2046353816986084
9,9588880,3L08,MdrDBcore02228,I643V,0.624,0.19823309779167175,0.5518468022346497,1.2046353816986084
9,9588880,3L08,MdrDBcore02229,I643V,1.642,1.378092646598816,0.5518468022346497,1.2046353816986084
9,9588880,3L08,MdrDBcore02230,I643V,0.519,-0.09473201632499695,0.5518468022346497,1.2046353816986084
9,9588880,3L08,MdrDBcore02231,I888V,-1.351,0.08062882721424103,0.5518468022346497,1.2046353816986084
9,9588880,3L08,MdrDBcore02232,I888V,1.043,1.326669692993164,0.5518468022346497,1.2046353816986084
9,9588880,3L08,MdrDBcore02233,I888V,-2.396,-0.20909355580806732,0.5518468022346497,1.2046353816986084
9,9588880,4EZL,MdrDBcore02234,L1092H,0.068,0.4347819983959198,0.5518468022346497,1.2046353816986084
9,9588880,4EZL,MdrDBcore02235,L1092H,0.793,0.4676463007926941,0.5518468022346497,1.2046353816986084
9,9588880,4EZL,MdrDBcore02236,L1092H,-0.092,0.3711213171482086,0.5518468022346497,1.2046353816986084
9,9588880,3L08,MdrDBcore02237,L211P,-0.101,0.04337751492857933,0.5518468022346497,1.2046353816986084
9,9588880,3L08,MdrDBcore02238,L211P,0.311,1.2716079950332642,0.5518468022346497,1.2046353816986084
9,9588880,4GB9,MdrDBcore02239,L211P,-2.641,0.3218228816986084,0.5518468022346497,1.2046353816986084
9,9588880,4GB9,MdrDBcore02240,L651V,0.331,0.5101683735847473,0.5518468022346497,1.2046353816986084
9,9588880,4GB9,MdrDBcore02241,L651V,2.12,0.6356509923934937,0.5518468022346497,1.2046353816986084
9,9588880,3L08,MdrDBcore02242,L651V,0.752,0.004624854773283005,0.5518468022346497,1.2046353816986084
9,9588880,3L08,MdrDBcore02243,M1039T,0.369,0.0959819108247757,0.5518468022346497,1.2046353816986084
9,9588880,3L08,MdrDBcore02244,M1039T,2.592,1.4032236337661743,0.5518468022346497,1.2046353816986084
9,9588880,3L08,MdrDBcore02245,M1039T,0.201,-0.1736719012260437,0.5518468022346497,1.2046353816986084
9,9588880,1HE8,MdrDBcore02246,M259I,0.954,0.570938229560852,0.5518468022346497,1.2046353816986084
9,9588880,1HE8,MdrDBcore02247,M259I,1.22,0.6776636242866516,0.5518468022346497,1.2046353816986084
9,9588880,1HE8,MdrDBcore02248,M259I,-1.632,0.9964105486869812,0.5518468022346497,1.2046353816986084
9,9588880,3L08,MdrDBcore02249,N386S,-1.827,-0.8778762221336365,0.5518468022346497,1.2046353816986084
9,9588880,3L08,MdrDBcore02250,N386S,0.942,1.0829851627349854,0.5518468022346497,1.2046353816986084
9,9588880,3L08,MdrDBcore02251,N386S,-0.521,-0.2001483291387558,0.5518468022346497,1.2046353816986084
9,9588880,3DPD,MdrDBcore02252,N979S,1.963,0.5474268794059753,0.5518468022346497,1.2046353816986084
9,9588880,7MEZ,MdrDBcore02253,P142L,1.149,-0.4204727113246918,0.5518468022346497,1.2046353816986084
9,9588880,7MEZ,MdrDBcore02254,P142L,-1.412,-0.30282115936279297,0.5518468022346497,1.2046353816986084
9,9588880,3L08,MdrDBcore02255,P208L,-0.45,-0.46681666374206543,0.5518468022346497,1.2046353816986084
9,9588880,3L08,MdrDBcore02256,P208L,1.21,1.360457181930542,0.5518468022346497,1.2046353816986084
9,9588880,3L08,MdrDBcore02257,P208L,0.288,-0.08030668646097183,0.5518468022346497,1.2046353816986084
9,9588880,7MEZ,MdrDBcore02258,P538L,-0.83,-0.535761296749115,0.5518468022346497,1.2046353816986084
9,9588880,7MEZ,MdrDBcore02259,P538L,1.314,-0.4636918902397156,0.5518468022346497,1.2046353816986084
9,9588880,7MEZ,MdrDBcore02260,P538L,0.748,0.26279163360595703,0.5518468022346497,1.2046353816986084
9,9588880,3L08,MdrDBcore02261,P563T,1.021,0.05873545631766319,0.5518468022346497,1.2046353816986084
9,9588880,3L08,MdrDBcore02262,P563T,1.037,1.105490803718567,0.5518468022346497,1.2046353816986084
9,9588880,3L08,MdrDBcore02263,P563T,-0.446,-0.04294103756546974,0.5518468022346497,1.2046353816986084
9,9588880,3L08,MdrDBcore02264,R178C,-0.349,0.06678231060504913,0.5518468022346497,1.2046353816986084
9,9588880,3L08,MdrDBcore02265,R178C,0.99,1.0840153694152832,0.5518468022346497,1.2046353816986084
9,9588880,3L08,MdrDBcore02266,R178C,0.102,-0.07157857716083527,0.5518468022346497,1.2046353816986084
9,9588880,3L08,MdrDBcore02267,R362K,2.215,0.0787118673324585,0.5518468022346497,1.2046353816986084
9,9588880,4GB9,MdrDBcore02268,R362K,1.776,1.0382630825042725,0.5518468022346497,1.2046353816986084
9,9588880,3L08,MdrDBcore02269,R362K,2.351,-0.05166642367839813,0.5518468022346497,1.2046353816986084
9,9588880,3L08,MdrDBcore02270,R362S,0.783,-0.521938145160675,0.5518468022346497,1.2046353816986084
9,9588880,3L08,MdrDBcore02271,R362S,0.697,0.7863312363624573,0.5518468022346497,1.2046353816986084
9,9588880,3L08,MdrDBcore02272,R362S,-1.205,0.018092017620801926,0.5518468022346497,1.2046353816986084
9,9588880,3L08,MdrDBcore02273,R472P,-0.787,0.010829903185367584,0.5518468022346497,1.2046353816986084
9,9588880,3L08,MdrDBcore02274,R472P,-0.729,-0.2557743489742279,0.5518468022346497,1.2046353816986084
9,9588880,3L08,MdrDBcore02275,R477C,-0.021,0.09897896647453308,0.5518468022346497,1.2046353816986084
9,9588880,3L08,MdrDBcore02276,R477C,0.722,1.2738696336746216,0.5518468022346497,1.2046353816986084
9,9588880,3L08,MdrDBcore02277,R477C,-0.008,-0.45524993538856506,0.5518468022346497,1.2046353816986084
9,9588880,4GB9,MdrDBcore02278,R839C,0.1,0.5135317444801331,0.5518468022346497,1.2046353816986084
9,9588880,4GB9,MdrDBcore02279,R839C,1.826,1.0841580629348755,0.5518468022346497,1.2046353816986084
9,9588880,3L08,MdrDBcore02280,R839C,0.741,-0.1182815283536911,0.5518468022346497,1.2046353816986084
9,9588880,3L08,MdrDBcore02281,S806F,1.167,1.0186153650283813,0.5518468022346497,1.2046353816986084
9,9588880,3L08,MdrDBcore02282,S806F,0.803,1.0659890174865723,0.5518468022346497,1.2046353816986084
9,9588880,3L08,MdrDBcore02283,T1081I,0.994,1.4162112474441528,0.5518468022346497,1.2046353816986084
9,9588880,7MEZ,MdrDBcore02284,T330M,-0.318,0.8872897028923035,0.5518468022346497,1.2046353816986084
9,9588880,7MEZ,MdrDBcore02285,T330M,0.832,0.7746264934539795,0.5518468022346497,1.2046353816986084
9,9588880,7MEZ,MdrDBcore02286,T330M,-0.466,0.3770335912704468,0.5518468022346497,1.2046353816986084
9,9588880,4GB9,MdrDBcore02287,T627I,0.0,0.6987605690956116,0.5518468022346497,1.2046353816986084
9,9588880,3L08,MdrDBcore02288,T627I,-1.75,-0.12148092687129974,0.5518468022346497,1.2046353816986084
9,9588880,4GB9,MdrDBcore02289,T827R,-0.102,0.5105798840522766,0.5518468022346497,1.2046353816986084
9,9588880,3L08,MdrDBcore02290,T827R,1.97,1.2750155925750732,0.5518468022346497,1.2046353816986084
9,9588880,3L08,MdrDBcore02291,T827R,0.901,-0.13787923753261566,0.5518468022346497,1.2046353816986084
9,9588880,3L08,MdrDBcore02292,V305M,-0.719,0.09640905261039734,0.5518468022346497,1.2046353816986084
9,9588880,3L08,MdrDBcore02293,V305M,1.076,1.474178671836853,0.5518468022346497,1.2046353816986084
9,9588880,3L08,MdrDBcore02294,V305M,-0.557,0.04584724083542824,0.5518468022346497,1.2046353816986084
9,9588880,7MEZ,MdrDBcore02295,V332D,1.84,0.9323337078094482,0.5518468022346497,1.2046353816986084
9,9588880,7MEZ,MdrDBcore02296,V332D,1.411,1.2085756063461304,0.5518468022346497,1.2046353816986084
9,9588880,7MEZ,MdrDBcore02297,V332D,1.987,0.2183982878923416,0.5518468022346497,1.2046353816986084
9,9588880,7MEZ,MdrDBcore02298,V332L,-0.668,-0.6081606149673462,0.5518468022346497,1.2046353816986084
9,9588880,7MEZ,MdrDBcore02299,V332L,-0.301,0.31440114974975586,0.5518468022346497,1.2046353816986084
9,9588880,3L08,MdrDBcore02300,V381I,0.38,0.11446277797222137,0.5518468022346497,1.2046353816986084
9,9588880,3L08,MdrDBcore02301,V381I,0.842,1.2654584646224976,0.5518468022346497,1.2046353816986084
9,9588880,3L08,MdrDBcore02302,V381I,-0.932,-0.1352808028459549,0.5518468022346497,1.2046353816986084
9,9588880,4GB9,MdrDBcore02303,W855L,0.54,0.6517584323883057,0.5518468022346497,1.2046353816986084
9,9588880,3L08,MdrDBcore02304,W855L,-0.514,0.1574619561433792,0.5518468022346497,1.2046353816986084
9,9588880,1TN6,MdrDBcore02305,F117L,-0.232,-0.7244164347648621,0.5518468022346497,1.2046353816986084
9,9588880,1LD8,MdrDBcore02306,F117L,0.864,-0.2919565737247467,0.5518468022346497,1.2046353816986084
9,9588880,1JCQ,MdrDBcore02307,K330T,-0.465,0.01891876384615898,0.5518468022346497,1.2046353816986084
9,9588880,1LD8,MdrDBcore02308,K330T,-0.583,-0.8526009321212769,0.5518468022346497,1.2046353816986084
9,9588880,1JCQ,MdrDBcore02309,K336R,0.041,-0.049576833844184875,0.5518468022346497,1.2046353816986084
9,9588880,1LD8,MdrDBcore02310,K336R,-0.419,-0.6169572472572327,0.5518468022346497,1.2046353816986084
9,9588880,1JCQ,MdrDBcore02311,L280F,-0.467,0.3701241910457611,0.5518468022346497,1.2046353816986084
9,9588880,1LD8,MdrDBcore02312,L280F,-2.033,-0.4195301830768585,0.5518468022346497,1.2046353816986084
9,9588880,1TN6,MdrDBcore02313,N329S,-0.981,-0.7573047876358032,0.5518468022346497,1.2046353816986084
9,9588880,2H6G,MdrDBcore02314,N329S,-2.001,-0.37117287516593933,0.5518468022346497,1.2046353816986084
9,9588880,1JCQ,MdrDBcore02315,N85S,-0.979,-0.5876476168632507,0.5518468022346497,1.2046353816986084
9,9588880,1LD8,MdrDBcore02316,N85S,-0.441,-0.38924238085746765,0.5518468022346497,1.2046353816986084
9,9588880,1JCQ,MdrDBcore02317,P304S,0.228,-0.0440596267580986,0.5518468022346497,1.2046353816986084
9,9588880,1LD8,MdrDBcore02318,P304S,0.25,-0.1652453988790512,0.5518468022346497,1.2046353816986084
9,9588880,1TN6,MdrDBcore02319,Q221R,-0.144,-0.4777023196220398,0.5518468022346497,1.2046353816986084
9,9588880,1LD8,MdrDBcore02320,Q221R,-0.212,-0.4158090353012085,0.5518468022346497,1.2046353816986084
9,9588880,1JCQ,MdrDBcore02321,R287C,-0.139,-0.22203253209590912,0.5518468022346497,1.2046353816986084
9,9588880,1LD8,MdrDBcore02322,R287C,-1.421,-0.9735301733016968,0.5518468022346497,1.2046353816986084
9,9588880,1JCQ,MdrDBcore02323,S290Y,-0.41,-0.4336041808128357,0.5518468022346497,1.2046353816986084
9,9588880,1LD8,MdrDBcore02324,S290Y,-1.336,-0.958325982093811,0.5518468022346497,1.2046353816986084
9,9588880,1JCQ,MdrDBcore02325,V64I,-0.339,-0.48872557282447815,0.5518468022346497,1.2046353816986084
9,9588880,1LD8,MdrDBcore02326,V64I,-0.458,-0.9204633831977844,0.5518468022346497,1.2046353816986084
9,9588880,1TN6,MdrDBcore02327,W72C,-0.542,-0.9150250554084778,0.5518468022346497,1.2046353816986084
9,9588880,1LD8,MdrDBcore02328,W72C,-0.138,-0.5477597117424011,0.5518468022346497,1.2046353816986084
9,9588880,5OY4,MdrDBcore02329,D33G,0.306,-0.10518300533294678,0.5518468022346497,1.2046353816986084
9,9588880,5OY4,MdrDBcore02330,D33G,0.13,-0.043793532997369766,0.5518468022346497,1.2046353816986084
9,9588880,5OY4,MdrDBcore02331,D33G,-0.255,0.0031902678310871124,0.5518468022346497,1.2046353816986084
9,9588880,5KPK,MdrDBcore02332,G65E,1.34,0.734919548034668,0.5518468022346497,1.2046353816986084
9,9588880,5KPK,MdrDBcore02333,G65E,-0.541,-0.4044007658958435,0.5518468022346497,1.2046353816986084
9,9588880,3ZRL,MdrDBcore02334,G65E,0.501,0.2623212933540344,0.5518468022346497,1.2046353816986084
9,9588880,3ZRL,MdrDBcore02335,H310Q,-0.271,0.3002891540527344,0.5518468022346497,1.2046353816986084
9,9588880,5KPK,MdrDBcore02336,L75V,-0.149,0.10347841680049896,0.5518468022346497,1.2046353816986084
9,9588880,5KPK,MdrDBcore02337,L75V,0.069,-0.9106770157814026,0.5518468022346497,1.2046353816986084
9,9588880,3ZRL,MdrDBcore02338,L75V,-0.902,0.2524465322494507,0.5518468022346497,1.2046353816986084
9,9588880,5KPK,MdrDBcore02339,Q164A,0.288,0.14187030494213104,0.5518468022346497,1.2046353816986084
9,9588880,5KPK,MdrDBcore02340,Q164A,0.84,0.709497332572937,0.5518468022346497,1.2046353816986084
9,9588880,5KPK,MdrDBcore02341,R319A,1.023,0.15930338203907013,0.5518468022346497,1.2046353816986084
9,9588880,5KPK,MdrDBcore02342,R319A,0.565,0.08855177462100983,0.5518468022346497,1.2046353816986084
9,9588880,5KPK,MdrDBcore02343,R319Q,-0.659,0.36131763458251953,0.5518468022346497,1.2046353816986084
9,9588880,5KPK,MdrDBcore02344,R319Q,0.068,0.13844408094882965,0.5518468022346497,1.2046353816986084
9,9588880,3ZRL,MdrDBcore02345,R319Q,0.804,0.405784547328949,0.5518468022346497,1.2046353816986084
9,9588880,3ZRL,MdrDBcore02346,R332H,0.012,0.18509383499622345,0.5518468022346497,1.2046353816986084
9,9588880,5KPK,MdrDBcore02347,R96A,-0.548,-0.025441249832510948,0.5518468022346497,1.2046353816986084
9,9588880,5KPK,MdrDBcore02348,R96A,-0.015,0.6915349364280701,0.5518468022346497,1.2046353816986084
9,9588880,5KPK,MdrDBcore02349,V126I,-0.849,0.40939298272132874,0.5518468022346497,1.2046353816986084
9,9588880,5KPK,MdrDBcore02350,V126I,-0.271,0.04373959079384804,0.5518468022346497,1.2046353816986084
9,9588880,3ZRL,MdrDBcore02351,V126I,-2.234,0.17700274288654327,0.5518468022346497,1.2046353816986084
9,9588880,3T1I,MdrDBcore02352,A177T,-1.11,1.3609938621520996,0.5518468022346497,1.2046353816986084
9,9588880,3T1I,MdrDBcore02353,A47S,2.016,1.2596518993377686,0.5518468022346497,1.2046353816986084
9,9588880,3T1I,MdrDBcore02354,D131Y,1.83,1.4408135414123535,0.5518468022346497,1.2046353816986084
9,9588880,3T1I,MdrDBcore02355,D86N,0.945,1.247156023979187,0.5518468022346497,1.2046353816986084
9,9588880,3T1I,MdrDBcore02356,E248K,2.338,1.2622008323669434,0.5518468022346497,1.2046353816986084
9,9588880,3T1I,MdrDBcore02357,G285C,1.512,1.290421724319458,0.5518468022346497,1.2046353816986084
9,9588880,3T1I,MdrDBcore02358,H302Y,1.468,1.2324175834655762,0.5518468022346497,1.2046353816986084
9,9588880,3T1I,MdrDBcore02359,L116I,-0.526,1.2048542499542236,0.5518468022346497,1.2046353816986084
9,9588880,3T1I,MdrDBcore02360,L61F,1.83,1.2288678884506226,0.5518468022346497,1.2046353816986084
9,9588880,3T1I,MdrDBcore02361,P358Q,0.965,1.2049494981765747,0.5518468022346497,1.2046353816986084
9,9588880,3T1I,MdrDBcore02362,Q232K,1.923,1.3599669933319092,0.5518468022346497,1.2046353816986084
9,9588880,3T1I,MdrDBcore02363,Q330K,0.664,1.2165796756744385,0.5518468022346497,1.2046353816986084
9,9588880,3T1I,MdrDBcore02364,Q48L,1.486,1.1973637342453003,0.5518468022346497,1.2046353816986084
9,9588880,3T1I,MdrDBcore02365,R305W,1.167,1.2281997203826904,0.5518468022346497,1.2046353816986084
9,9588880,3T1I,MdrDBcore02366,R351H,1.786,1.2601139545440674,0.5518468022346497,1.2046353816986084
9,9588880,3T1I,MdrDBcore02367,R380C,2.126,1.194650650024414,0.5518468022346497,1.2046353816986084
9,9588880,3T1I,MdrDBcore02368,R388W,1.634,1.2472602128982544,0.5518468022346497,1.2046353816986084
9,9588880,3T1I,MdrDBcore02369,R400S,1.215,1.2252858877182007,0.5518468022346497,1.2046353816986084
9,9588880,3T1I,MdrDBcore02370,R87W,1.359,1.265294075012207,0.5518468022346497,1.2046353816986084
9,9588880,3T1I,MdrDBcore02371,S209F,1.884,1.212346076965332,0.5518468022346497,1.2046353816986084
9,9588880,3T1I,MdrDBcore02372,T36M,1.591,1.2596921920776367,0.5518468022346497,1.2046353816986084
9,9588880,3T1I,MdrDBcore02373,V17I,1.492,1.2472132444381714,0.5518468022346497,1.2046353816986084
9,9588880,7A12,MdrDBcore02374,E164D,-0.254,0.013050064444541931,0.5518468022346497,1.2046353816986084
9,9588880,7A12,MdrDBcore02375,I208M,0.169,-0.06029936298727989,0.5518468022346497,1.2046353816986084
9,9588880,7A12,MdrDBcore02376,M184L,-0.544,-0.19879549741744995,0.5518468022346497,1.2046353816986084
9,9588880,5JFR,MdrDBcore02377,N386K,-0.56,-0.2318606972694397,0.5518468022346497,1.2046353816986084
9,9588880,7A12,MdrDBcore02378,N407S,-0.201,-0.34958410263061523,0.5518468022346497,1.2046353816986084
9,9588880,7A12,MdrDBcore02379,P119A,-0.691,0.13158832490444183,0.5518468022346497,1.2046353816986084
9,9588880,7A12,MdrDBcore02380,P130L,-1.037,-0.14447276294231415,0.5518468022346497,1.2046353816986084
9,9588880,5JHU,MdrDBcore02381,R205C,0.054,0.6691693067550659,0.5518468022346497,1.2046353816986084
9,9588880,7A12,MdrDBcore02382,V118L,-0.571,0.10277490317821503,0.5518468022346497,1.2046353816986084
9,9588880,7A12,MdrDBcore02383,Y320C,-0.283,0.1689152866601944,0.5518468022346497,1.2046353816986084
9,9588880,7B5Q,MdrDBcore02384,D216N,-1.195,-0.327003538608551,0.5518468022346497,1.2046353816986084
9,9588880,7B5Q,MdrDBcore02385,I133T,-2.336,-0.38797134160995483,0.5518468022346497,1.2046353816986084
9,9588880,7B5Q,MdrDBcore02386,L206S,-1.462,0.029245499521493912,0.5518468022346497,1.2046353816986084
9,9588880,7B5Q,MdrDBcore02387,L271V,2.255,-0.38257068395614624,0.5518468022346497,1.2046353816986084
9,9588880,7B5Q,MdrDBcore02388,M196V,-1.469,-0.4663059711456299,0.5518468022346497,1.2046353816986084
9,9588880,7B5Q,MdrDBcore02389,M240I,0.335,-0.5142622590065002,0.5518468022346497,1.2046353816986084
9,9588880,7B5Q,MdrDBcore02390,R209M,0.366,-0.07544603943824768,0.5518468022346497,1.2046353816986084
9,9588880,4BCG,MdrDBcore02391,A239T,0.156,0.21401377022266388,0.5518468022346497,1.2046353816986084
9,9588880,3LQ5,MdrDBcore02392,A239T,0.235,0.03803154453635216,0.5518468022346497,1.2046353816986084
9,9588880,3LQ5,MdrDBcore02393,A239T,2.913,0.08243308961391449,0.5518468022346497,1.2046353816986084
9,9588880,6CYT,MdrDBcore02394,A288T,0.193,0.10036320984363556,0.5518468022346497,1.2046353816986084
9,9588880,3LQ5,MdrDBcore02395,A288T,2.925,0.8940849900245667,0.5518468022346497,1.2046353816986084
9,9588880,3MI9,MdrDBcore02396,A340T,-0.092,-0.41376617550849915,0.5518468022346497,1.2046353816986084
9,9588880,3MI9,MdrDBcore02397,A340T,1.471,-0.07979145646095276,0.5518468022346497,1.2046353816986084
9,9588880,3LQ5,MdrDBcore02398,D290Y,3.885,1.0586738586425781,0.5518468022346497,1.2046353816986084
9,9588880,4BCG,MdrDBcore02399,D290Y,-0.007,0.014404494315385818,0.5518468022346497,1.2046353816986084
9,9588880,3LQ5,MdrDBcore02400,D290Y,0.668,0.055972013622522354,0.5518468022346497,1.2046353816986084
9,9588880,3LQ5,MdrDBcore02401,E9K,1.068,0.8202086091041565,0.5518468022346497,1.2046353816986084
9,9588880,6CYT,MdrDBcore02402,E9K,0.127,0.18344517052173615,0.5518468022346497,1.2046353816986084
9,9588880,3LQ5,MdrDBcore02403,E9K,2.883,0.2584318220615387,0.5518468022346497,1.2046353816986084
9,9588880,4BCG,MdrDBcore02404,F30L,-6.459,-0.11762019991874695,0.5518468022346497,1.2046353816986084
9,9588880,4BCG,MdrDBcore02405,F30L,1.629,0.002557985484600067,0.5518468022346497,1.2046353816986084
9,9588880,3LQ5,MdrDBcore02406,F30L,3.213,0.40503576397895813,0.5518468022346497,1.2046353816986084
9,9588880,3LQ5,MdrDBcore02407,G216R,-0.733,0.04617005214095116,0.5518468022346497,1.2046353816986084
9,9588880,3LQ5,MdrDBcore02408,G216R,2.878,0.5542546510696411,0.5518468022346497,1.2046353816986084
9,9588880,4BCG,MdrDBcore02409,L165P,9.353,0.005856405943632126,0.5518468022346497,1.2046353816986084
9,9588880,3TNI,MdrDBcore02410,L165P,-0.771,0.047773394733667374,0.5518468022346497,1.2046353816986084
9,9588880,4BCG,MdrDBcore02411,L165P,2.65,-0.16339100897312164,0.5518468022346497,1.2046353816986084
9,9588880,4BCG,MdrDBcore02412,R184C,1.887,-0.1586759239435196,0.5518468022346497,1.2046353816986084
9,9588880,3MI9,MdrDBcore02413,R184C,0.472,0.7409208416938782,0.5518468022346497,1.2046353816986084
9,9588880,3LQ5,MdrDBcore02414,R184C,0.627,0.09799127280712128,0.5518468022346497,1.2046353816986084
9,9588880,3LQ5,MdrDBcore02415,S226N,4.531,0.191681906580925,0.5518468022346497,1.2046353816986084
9,9588880,3LQ5,MdrDBcore02416,S226N,-0.169,0.16003628075122833,0.5518468022346497,1.2046353816986084
9,9588880,3LQ5,MdrDBcore02417,S226N,0.34,0.08374591171741486,0.5518468022346497,1.2046353816986084
9,9588880,6CYT,MdrDBcore02418,Y19H,0.01,-0.21443653106689453,0.5518468022346497,1.2046353816986084
9,9588880,3LQ5,MdrDBcore02419,Y19H,2.474,-0.21605274081230164,0.5518468022346497,1.2046353816986084
9,9588880,2EKX,MdrDBcore02420,K59E,-0.359,-0.21714286506175995,0.5518468022346497,1.2046353816986084
9,9588880,3SXR,MdrDBcore02421,M464I,0.496,0.1654932200908661,0.5518468022346497,1.2046353816986084
9,9588880,3SXS,MdrDBcore02422,N494D,0.108,-0.1009899452328682,0.5518468022346497,1.2046353816986084
9,9588880,3SXS,MdrDBcore02423,N494D,-0.707,-0.11061951518058777,0.5518468022346497,1.2046353816986084
9,9588880,3SXS,MdrDBcore02424,R656C,0.609,-0.12667876482009888,0.5518468022346497,1.2046353816986084
9,9588880,4HVI,MdrDBcore02425,A1079D,-1.111,-0.2794764041900635,0.5518468022346497,1.2046353816986084
9,9588880,7APG,MdrDBcore02426,I991V,0.108,0.06362670660018921,0.5518468022346497,1.2046353816986084
9,9588880,1YVJ,MdrDBcore02427,K830M,0.4,0.5744165778160095,0.5518468022346497,1.2046353816986084
9,9588880,7APG,MdrDBcore02428,L1017M,-0.23,-0.2758222222328186,0.5518468022346497,1.2046353816986084
9,9588880,4HVI,MdrDBcore02429,L1073I,-0.26,-0.21864482760429382,0.5518468022346497,1.2046353816986084
9,9588880,4HVI,MdrDBcore02430,M1097L,0.021,-0.3106045722961426,0.5518468022346497,1.2046353816986084
9,9588880,4HVI,MdrDBcore02431,P1045S,0.132,-0.2482324093580246,0.5518468022346497,1.2046353816986084
9,9588880,4HVI,MdrDBcore02432,R925S,-0.1,-0.30972179770469666,0.5518468022346497,1.2046353816986084
9,9588880,4HVI,MdrDBcore02433,V1016D,0.514,0.041993241757154465,0.5518468022346497,1.2046353816986084
9,9588880,4HVI,MdrDBcore02434,V957M,0.933,-0.2929164469242096,0.5518468022346497,1.2046353816986084
9,9588880,4HVI,MdrDBcore02435,Y1023H,-0.244,-0.1780225783586502,0.5518468022346497,1.2046353816986084
9,9588880,2G1Q,MdrDBcore02436,A133V,-1.43,-0.26670587062835693,0.5518468022346497,1.2046353816986084
9,9588880,4B7B,MdrDBcore02437,A133V,-4.205,-1.129347324371338,0.5518468022346497,1.2046353816986084
9,9588880,2G1Q,MdrDBcore02438,A133V,-0.486,-1.1012169122695923,0.5518468022346497,1.2046353816986084
9,9588880,4AS7,MdrDBcore02439,A282V,1.482,0.20246191322803497,0.5518468022346497,1.2046353816986084
9,9588880,6TA3,MdrDBcore02440,A282V,-3.214,-0.410300076007843,0.5518468022346497,1.2046353816986084
9,9588880,6TA3,MdrDBcore02441,G96S,0.023,0.25592002272605896,0.5518468022346497,1.2046353816986084
9,9588880,6TA3,MdrDBcore02442,G96S,-4.855,-0.513961136341095,0.5518468022346497,1.2046353816986084
9,9588880,6TA3,MdrDBcore02443,P88Q,-1.873,-0.5163096189498901,0.5518468022346497,1.2046353816986084
9,9588880,6TA3,MdrDBcore02444,P88Q,-5.567,-0.12824112176895142,0.5518468022346497,1.2046353816986084
9,9588880,6TA3,MdrDBcore02445,R329K,-1.818,-0.6043421626091003,0.5518468022346497,1.2046353816986084
9,9588880,6TA3,MdrDBcore02446,R329K,-4.608,-0.46285924315452576,0.5518468022346497,1.2046353816986084
9,9588880,4B7B,MdrDBcore02447,S175A,0.318,0.14930863678455353,0.5518468022346497,1.2046353816986084
9,9588880,6TA3,MdrDBcore02448,S175A,-2.145,-0.5288994312286377,0.5518468022346497,1.2046353816986084
9,9588880,6TA3,MdrDBcore02449,S61T,-3.797,-0.6970280408859253,0.5518468022346497,1.2046353816986084
9,9588880,6TA3,MdrDBcore02450,T300S,2.351,0.7622032165527344,0.5518468022346497,1.2046353816986084
9,9588880,6TA3,MdrDBcore02451,T300S,-4.484,-0.526175320148468,0.5518468022346497,1.2046353816986084
9,9588880,3C5L,MdrDBcore02452,E568A,0.205,0.36621424555778503,0.5518468022346497,1.2046353816986084
9,9588880,3FC2,MdrDBcore02453,I296V,-0.495,-0.5594771504402161,0.5518468022346497,1.2046353816986084
9,9588880,3FC2,MdrDBcore02454,K178A,-0.731,-0.33926451206207275,0.5518468022346497,1.2046353816986084
9,9588880,3FC2,MdrDBcore02455,L286F,0.892,-0.38486137986183167,0.5518468022346497,1.2046353816986084
9,9588880,3FC2,MdrDBcore02456,P250H,0.566,-0.3994963467121124,0.5518468022346497,1.2046353816986084
9,9588880,3FC2,MdrDBcore02457,S107N,2.063,-0.1781998574733734,0.5518468022346497,1.2046353816986084
9,9588880,3FC2,MdrDBcore02458,S224R,-1.082,-0.31973540782928467,0.5518468022346497,1.2046353816986084
9,9588880,3C5L,MdrDBcore02459,S375G,-1.329,-0.8969495892524719,0.5518468022346497,1.2046353816986084
9,9588880,3C5L,MdrDBcore02460,Y421A,-1.499,-0.36750084161758423,0.5518468022346497,1.2046353816986084
9,9588880,4BB4,MdrDBcore02461,A645S,0.79,0.023649077862501144,0.5518468022346497,1.2046353816986084
9,9588880,4BB4,MdrDBcore02462,A725S,-0.133,-0.4676562547683716,0.5518468022346497,1.2046353816986084
9,9588880,4BB4,MdrDBcore02463,A800T,0.583,-0.2644091546535492,0.5518468022346497,1.2046353816986084
9,9588880,2VWU,MdrDBcore02464,A863S,-0.511,-0.3881627023220062,0.5518468022346497,1.2046353816986084
9,9588880,2VWU,MdrDBcore02465,E609Q,0.13,-0.15069067478179932,0.5518468022346497,1.2046353816986084
9,9588880,4BB4,MdrDBcore02466,I610T,0.433,-0.26938027143478394,0.5518468022346497,1.2046353816986084
9,9588880,4BB4,MdrDBcore02467,I878V,1.48,-0.404033362865448,0.5518468022346497,1.2046353816986084
9,9588880,2BBA,MdrDBcore02468,K162R,-0.567,0.21375392377376556,0.5518468022346497,1.2046353816986084
9,9588880,4BB4,MdrDBcore02469,K635N,0.232,0.08867144584655762,0.5518468022346497,1.2046353816986084
9,9588880,2BBA,MdrDBcore02470,L21V,-0.295,-0.2955310344696045,0.5518468022346497,1.2046353816986084
9,9588880,2BBA,MdrDBcore02471,M185V,0.192,0.6697714328765869,0.5518468022346497,1.2046353816986084
9,9588880,2BBA,MdrDBcore02472,P36S,-0.005,-0.40677979588508606,0.5518468022346497,1.2046353816986084
9,9588880,2BBA,MdrDBcore02473,R105C,-0.145,-0.5886971354484558,0.5518468022346497,1.2046353816986084
9,9588880,4BB4,MdrDBcore02474,R656Q,0.853,-0.16470186412334442,0.5518468022346497,1.2046353816986084
9,9588880,4BB4,MdrDBcore02475,R795Q,-0.058,-0.1367315649986267,0.5518468022346497,1.2046353816986084
9,9588880,6FNK,MdrDBcore02476,R889G,1.149,-0.36007440090179443,0.5518468022346497,1.2046353816986084
9,9588880,2QKQ,MdrDBcore02477,R917Q,0.197,-0.1590593159198761,0.5518468022346497,1.2046353816986084
9,9588880,2QKQ,MdrDBcore02478,R923G,-0.122,-0.14398397505283356,0.5518468022346497,1.2046353816986084
9,9588880,4BB4,MdrDBcore02479,S825N,-1.453,-0.4240468144416809,0.5518468022346497,1.2046353816986084
9,9588880,4BB4,MdrDBcore02480,S848F,-0.034,-0.3336443603038788,0.5518468022346497,1.2046353816986084
9,9588880,2BBA,MdrDBcore02481,T140M,0.492,0.054524313658475876,0.5518468022346497,1.2046353816986084
9,9588880,4BB4,MdrDBcore02482,V718L,1.653,-0.2927757799625397,0.5518468022346497,1.2046353816986084
9,9588880,2BBA,MdrDBcore02483,V84I,-0.396,-0.1332739144563675,0.5518468022346497,1.2046353816986084
9,9588880,2VSL,MdrDBcore02484,A321G,1.593,0.6301957368850708,0.5518468022346497,1.2046353816986084
9,9588880,1I3O,MdrDBcore02485,P155T,1.268,-0.26401689648628235,0.5518468022346497,1.2046353816986084
9,9588880,2VSL,MdrDBcore02486,P325Q,1.069,0.7209427356719971,0.5518468022346497,1.2046353816986084
9,9588880,5O6T,MdrDBcore02487,R443C,1.126,0.7194819450378418,0.5518468022346497,1.2046353816986084
9,9588880,5O6T,MdrDBcore02488,T437I,1.887,1.036385416984558,0.5518468022346497,1.2046353816986084
9,9588880,2RUH,MdrDBcore02489,D52N,2.049,0.33066436648368835,0.5518468022346497,1.2046353816986084
9,9588880,6MWE,MdrDBcore02490,A1006T,1.208,-0.43742918968200684,0.5518468022346497,1.2046353816986084
9,9588880,4K0V,MdrDBcore02491,A226V,1.161,1.1638611555099487,0.5518468022346497,1.2046353816986084
9,9588880,5MYB,MdrDBcore02492,A615T,1.567,1.136916995048523,0.5518468022346497,1.2046353816986084
9,9588880,5MYB,MdrDBcore02493,A724T,0.855,1.1859333515167236,0.5518468022346497,1.2046353816986084
9,9588880,6MWE,MdrDBcore02494,A905T,1.09,1.022865653038025,0.5518468022346497,1.2046353816986084
9,9588880,6MWE,MdrDBcore02495,D823E,0.985,0.6375977993011475,0.5518468022346497,1.2046353816986084
9,9588880,6MWE,MdrDBcore02496,D982N,0.245,0.46379655599594116,0.5518468022346497,1.2046353816986084
9,9588880,6MWE,MdrDBcore02497,F1111C,0.665,0.6754522919654846,0.5518468022346497,1.2046353816986084
9,9588880,4K0V,MdrDBcore02498,G136R,1.117,1.0127190351486206,0.5518468022346497,1.2046353816986084
9,9588880,4K0V,MdrDBcore02499,G217V,0.956,0.5772314071655273,0.5518468022346497,1.2046353816986084
9,9588880,4K0V,MdrDBcore02500,G344D,1.184,1.2918466329574585,0.5518468022346497,1.2046353816986084
9,9588880,4K0V,MdrDBcore02501,I148T,0.861,0.8107305765151978,0.5518468022346497,1.2046353816986084
9,9588880,5MYA,MdrDBcore02502,I463V,1.443,-0.018790196627378464,0.5518468022346497,1.2046353816986084
9,9588880,4K0V,MdrDBcore02503,K117N,1.217,1.1128121614456177,0.5518468022346497,1.2046353816986084
9,9588880,5MYB,MdrDBcore02504,K646R,0.108,1.1802304983139038,0.5518468022346497,1.2046353816986084
9,9588880,2GY5,MdrDBcore02505,L206M,0.284,0.02033871039748192,0.5518468022346497,1.2046353816986084
9,9588880,5MYB,MdrDBcore02506,L634F,1.665,1.2698309421539307,0.5518468022346497,1.2046353816986084
9,9588880,6MWE,MdrDBcore02507,N1104D,1.622,1.064315676689148,0.5518468022346497,1.2046353816986084
9,9588880,5UTK,MdrDBcore02508,N449S,0.566,-0.30990585684776306,0.5518468022346497,1.2046353816986084
9,9588880,4K0V,MdrDBcore02509,P282S,1.607,1.503597617149353,0.5518468022346497,1.2046353816986084
9,9588880,4K0V,MdrDBcore02510,P304L,0.562,0.4669237732887268,0.5518468022346497,1.2046353816986084
9,9588880,5MYA,MdrDBcore02511,P469A,0.752,0.030937273055315018,0.5518468022346497,1.2046353816986084
9,9588880,6MWE,MdrDBcore02512,P906A,1.209,-0.22483840584754944,0.5518468022346497,1.2046353816986084
9,9588880,5MYB,MdrDBcore02513,Q696H,1.001,1.1766842603683472,0.5518468022346497,1.2046353816986084
9,9588880,6MWE,MdrDBcore02514,R1076Q,0.517,0.8109806180000305,0.5518468022346497,1.2046353816986084
9,9588880,4K0V,MdrDBcore02515,R50C,0.854,1.0557541847229004,0.5518468022346497,1.2046353816986084
9,9588880,4K0V,MdrDBcore02516,R50H,0.973,0.516414225101471,0.5518468022346497,1.2046353816986084
9,9588880,6MWE,MdrDBcore02517,S1091P,0.991,0.6908000111579895,0.5518468022346497,1.2046353816986084
9,9588880,6MWE,MdrDBcore02518,T1105I,0.602,-0.3835631012916565,0.5518468022346497,1.2046353816986084
9,9588880,4K0V,MdrDBcore02519,T391I,0.557,0.5856518745422363,0.5518468022346497,1.2046353816986084
9,9588880,5MYB,MdrDBcore02520,T557N,1.304,1.1882327795028687,0.5518468022346497,1.2046353816986084
9,9588880,5MYB,MdrDBcore02521,T693S,1.446,1.1136866807937622,0.5518468022346497,1.2046353816986084
9,9588880,3BEA,MdrDBcore02522,T761I,1.019,-0.09879821538925171,0.5518468022346497,1.2046353816986084
9,9588880,4K0V,MdrDBcore02523,V146L,1.541,1.2720072269439697,0.5518468022346497,1.2046353816986084
9,9588880,5MYA,MdrDBcore02524,V453M,1.461,-0.19384081661701202,0.5518468022346497,1.2046353816986084
9,9588880,6MWE,MdrDBcore02525,W1022G,1.72,0.9088545441627502,0.5518468022346497,1.2046353816986084
9,9588880,5U9D,MdrDBcore02526,C464F,-0.311,0.10646283626556396,0.5518468022346497,1.2046353816986084
9,9588880,5U9D,MdrDBcore02527,C464F,-0.094,-0.6386942863464355,0.5518468022346497,1.2046353816986084
9,9588880,5U9D,MdrDBcore02528,D549A,-0.897,-0.4336400330066681,0.5518468022346497,1.2046353816986084
9,9588880,5U9D,MdrDBcore02529,D549A,-0.012,-0.19641759991645813,0.5518468022346497,1.2046353816986084
9,9588880,5U9D,MdrDBcore02530,D549A,0.017,-0.6233804821968079,0.5518468022346497,1.2046353816986084
9,9588880,5U9D,MdrDBcore02531,E439A,0.268,-0.4512196481227875,0.5518468022346497,1.2046353816986084
9,9588880,5U9D,MdrDBcore02532,E439A,0.004,-0.6957500576972961,0.5518468022346497,1.2046353816986084
9,9588880,5U9D,MdrDBcore02533,E439A,-0.348,-0.6218702793121338,0.5518468022346497,1.2046353816986084
9,9588880,5U9D,MdrDBcore02534,E589D,0.232,-0.42394766211509705,0.5518468022346497,1.2046353816986084
9,9588880,5U9D,MdrDBcore02535,E589D,0.214,-0.4726080298423767,0.5518468022346497,1.2046353816986084
9,9588880,5U9D,MdrDBcore02536,E589D,1.263,-0.5431498885154724,0.5518468022346497,1.2046353816986084
9,9588880,6YYG,MdrDBcore02537,G47R,-1.231,-0.4087398648262024,0.5518468022346497,1.2046353816986084
9,9588880,6YYG,MdrDBcore02538,G47R,0.627,-0.10341690480709076,0.5518468022346497,1.2046353816986084
9,9588880,6YYG,MdrDBcore02539,G47R,-0.126,0.40380802750587463,0.5518468022346497,1.2046353816986084
9,9588880,6YYG,MdrDBcore02540,H143Y,1.056,0.4815746545791626,0.5518468022346497,1.2046353816986084
9,9588880,6YYG,MdrDBcore02541,H143Y,-0.275,0.47417646646499634,0.5518468022346497,1.2046353816986084
9,9588880,6YYG,MdrDBcore02542,I132N,-0.234,0.3665618896484375,0.5518468022346497,1.2046353816986084
9,9588880,6YYG,MdrDBcore02543,I132N,0.187,-0.24439792335033417,0.5518468022346497,1.2046353816986084
9,9588880,6YYG,MdrDBcore02544,I132N,0.465,0.36129230260849,0.5518468022346497,1.2046353816986084
9,9588880,5U9D,MdrDBcore02545,I470S,-1.432,-0.5028742551803589,0.5518468022346497,1.2046353816986084
9,9588880,5U9D,MdrDBcore02546,I470S,0.16,0.291428804397583,0.5518468022346497,1.2046353816986084
9,9588880,5U9D,MdrDBcore02547,I470S,-1.104,-0.6070659756660461,0.5518468022346497,1.2046353816986084
9,9588880,6YYG,MdrDBcore02548,K26N,-0.705,-0.4642663598060608,0.5518468022346497,1.2046353816986084
9,9588880,6YYG,MdrDBcore02549,K26N,0.087,-0.09234389662742615,0.5518468022346497,1.2046353816986084
9,9588880,6YYG,MdrDBcore02550,K26N,-0.132,0.313626229763031,0.5518468022346497,1.2046353816986084
9,9588880,5U9D,MdrDBcore02551,K503R,-2.938,-0.37203705310821533,0.5518468022346497,1.2046353816986084
9,9588880,5U9D,MdrDBcore02552,K503R,-0.522,-0.47278255224227905,0.5518468022346497,1.2046353816986084
9,9588880,5U9D,MdrDBcore02553,K503R,0.081,-0.6210684180259705,0.5518468022346497,1.2046353816986084
9,9588880,6TSE,MdrDBcore02554,K60N,-0.109,-0.35914355516433716,0.5518468022346497,1.2046353816986084
9,9588880,6TSE,MdrDBcore02555,K60N,0.286,0.12368178367614746,0.5518468022346497,1.2046353816986084
9,9588880,6TSE,MdrDBcore02556,K60N,0.085,0.5451064109802246,0.5518468022346497,1.2046353816986084
9,9588880,6YYG,MdrDBcore02557,L29M,0.417,0.3239612281322479,0.5518468022346497,1.2046353816986084
9,9588880,6YYG,MdrDBcore02558,L29M,1.204,0.3542417287826538,0.5518468022346497,1.2046353816986084
9,9588880,5U9D,MdrDBcore02559,M489I,-0.701,-0.46679890155792236,0.5518468022346497,1.2046353816986084
9,9588880,5U9D,MdrDBcore02560,M489I,0.882,-0.5813489556312561,0.5518468022346497,1.2046353816986084
9,9588880,6BKH,MdrDBcore02561,M523I,0.56,-0.15399131178855896,0.5518468022346497,1.2046353816986084
9,9588880,5U9D,MdrDBcore02562,M596L,-0.517,-0.11015307903289795,0.5518468022346497,1.2046353816986084
9,9588880,5U9D,MdrDBcore02563,M596L,-0.969,-0.4626956582069397,0.5518468022346497,1.2046353816986084
9,9588880,5U9D,MdrDBcore02564,M596L,-1.462,-0.6514766216278076,0.5518468022346497,1.2046353816986084
9,9588880,6BKH,MdrDBcore02565,M630L,0.078,-0.02986125275492668,0.5518468022346497,1.2046353816986084
9,9588880,6BKH,MdrDBcore02566,M630L,-0.769,0.4731297492980957,0.5518468022346497,1.2046353816986084
9,9588880,6BKH,MdrDBcore02567,M630L,-1.245,-0.1048533171415329,0.5518468022346497,1.2046353816986084
9,9588880,5U9D,MdrDBcore02568,P566L,-0.603,-0.5877330899238586,0.5518468022346497,1.2046353816986084
9,9588880,5U9D,MdrDBcore02569,P566L,-0.608,-0.6908704042434692,0.5518468022346497,1.2046353816986084
9,9588880,6YYG,MdrDBcore02570,P74L,-0.088,-0.1497606486082077,0.5518468022346497,1.2046353816986084
9,9588880,6YYG,MdrDBcore02571,P74L,1.93,0.25825947523117065,0.5518468022346497,1.2046353816986084
9,9588880,6HTF,MdrDBcore02572,Q290L,0.286,-0.14154206216335297,0.5518468022346497,1.2046353816986084
9,9588880,6HTF,MdrDBcore02573,Q290L,-0.376,0.322913259267807,0.5518468022346497,1.2046353816986084
9,9588880,6HTF,MdrDBcore02574,Q290L,-1.525,-0.3033997714519501,0.5518468022346497,1.2046353816986084
9,9588880,6HTF,MdrDBcore02575,Q324L,-2.267,0.5862164497375488,0.5518468022346497,1.2046353816986084
9,9588880,6HTF,MdrDBcore02576,Q379A,-0.11,0.33360591530799866,0.5518468022346497,1.2046353816986084
9,9588880,6HTF,MdrDBcore02577,Q379A,-0.581,-0.2676558196544647,0.5518468022346497,1.2046353816986084
9,9588880,6YYG,MdrDBcore02578,R46H,-2.973,-1.739640712738037,0.5518468022346497,1.2046353816986084
9,9588880,1BTK,MdrDBcore02579,R82K,-1.792,0.32342785596847534,0.5518468022346497,1.2046353816986084
9,9588880,1BTK,MdrDBcore02580,R82K,-1.028,-0.1623145043849945,0.5518468022346497,1.2046353816986084
9,9588880,1BTK,MdrDBcore02581,R82K,-0.046,-0.05418180301785469,0.5518468022346497,1.2046353816986084
9,9588880,5U9D,MdrDBcore02582,T495S,0.266,-0.4515393376350403,0.5518468022346497,1.2046353816986084
9,9588880,5U9D,MdrDBcore02583,T495S,0.076,-0.5383322238922119,0.5518468022346497,1.2046353816986084
9,9588880,5U9D,MdrDBcore02584,T495S,-1.916,-0.5666767954826355,0.5518468022346497,1.2046353816986084
9,9588880,6YYG,MdrDBcore02585,V105L,-0.448,-0.22628311812877655,0.5518468022346497,1.2046353816986084
9,9588880,6YYG,MdrDBcore02586,V105L,1.7,0.36924251914024353,0.5518468022346497,1.2046353816986084
9,9588880,6YYG,MdrDBcore02587,V113I,-2.071,-1.632655382156372,0.5518468022346497,1.2046353816986084
9,9588880,6YYG,MdrDBcore02588,V113I,0.244,-0.13983923196792603,0.5518468022346497,1.2046353816986084
9,9588880,6YYG,MdrDBcore02589,V113I,0.377,0.5315355658531189,0.5518468022346497,1.2046353816986084
9,9588880,6TSE,MdrDBcore02590,V139L,-0.248,-0.28943634033203125,0.5518468022346497,1.2046353816986084
9,9588880,6TSE,MdrDBcore02591,V139L,1.917,0.42303764820098877,0.5518468022346497,1.2046353816986084
9,9588880,5U9D,MdrDBcore02592,V427M,-2.653,-0.4147913157939911,0.5518468022346497,1.2046353816986084
9,9588880,5U9D,MdrDBcore02593,V427M,-0.281,0.009490158408880234,0.5518468022346497,1.2046353816986084
9,9588880,5U9D,MdrDBcore02594,V427M,0.086,-0.6826578378677368,0.5518468022346497,1.2046353816986084
9,9588880,5U9D,MdrDBcore02595,W588C,-0.308,-0.5779746174812317,0.5518468022346497,1.2046353816986084
9,9588880,5U9D,MdrDBcore02596,W588C,-1.204,-0.5342603325843811,0.5518468022346497,1.2046353816986084
9,9588880,6HTF,MdrDBcore02597,Y361C,0.633,-0.21421335637569427,0.5518468022346497,1.2046353816986084
9,9588880,6HTF,MdrDBcore02598,Y361C,0.46,-0.11868664622306824,0.5518468022346497,1.2046353816986084
9,9588880,4BDU,MdrDBcore02599,A213V,1.244,0.3094518482685089,0.5518468022346497,1.2046353816986084
9,9588880,4BDU,MdrDBcore02600,D208E,1.288,0.6272974610328674,0.5518468022346497,1.2046353816986084
9,9588880,1F16,MdrDBcore02601,E75K,1.155,1.0003957748413086,0.5518468022346497,1.2046353816986084
9,9588880,4BDU,MdrDBcore02602,F214L,1.385,0.02082204446196556,0.5518468022346497,1.2046353816986084
9,9588880,1F16,MdrDBcore02603,G108V,1.373,0.19846758246421814,0.5518468022346497,1.2046353816986084
9,9588880,1F16,MdrDBcore02604,G11E,1.093,0.657463550567627,0.5518468022346497,1.2046353816986084
9,9588880,1F16,MdrDBcore02605,G39A,1.301,0.7742066979408264,0.5518468022346497,1.2046353816986084
9,9588880,1F16,MdrDBcore02606,G67R,1.74,0.15531639754772186,0.5518468022346497,1.2046353816986084
9,9588880,1F16,MdrDBcore02607,I136L,1.611,0.7096291184425354,0.5518468022346497,1.2046353816986084
9,9588880,1F16,MdrDBcore02608,I31T,1.834,0.7157569527626038,0.5518468022346497,1.2046353816986084
9,9588880,1F16,MdrDBcore02609,L144I,1.706,0.7985146045684814,0.5518468022346497,1.2046353816986084
9,9588880,1F16,MdrDBcore02610,P130L,1.446,-0.3637799322605133,0.5518468022346497,1.2046353816986084
9,9588880,1F16,MdrDBcore02611,P88S,0.944,1.0533251762390137,0.5518468022346497,1.2046353816986084
9,9588880,1F16,MdrDBcore02612,Q32P,0.34,1.0306637287139893,0.5518468022346497,1.2046353816986084
9,9588880,4BDU,MdrDBcore02613,R195T,1.04,0.046600136905908585,0.5518468022346497,1.2046353816986084
9,9588880,1F16,MdrDBcore02614,R78M,1.243,0.8527031540870667,0.5518468022346497,1.2046353816986084
9,9588880,1F16,MdrDBcore02615,V83M,1.382,0.9241235256195068,0.5518468022346497,1.2046353816986084
9,9588880,6UDT,MdrDBcore02616,A193T,-1.212,-0.2136967033147812,0.5518468022346497,1.2046353816986084
9,9588880,6UDT,MdrDBcore02617,A193T,0.658,0.1484530121088028,0.5518468022346497,1.2046353816986084
9,9588880,6OVC,MdrDBcore02618,D72G,0.189,0.4576467275619507,0.5518468022346497,1.2046353816986084
9,9588880,6OVC,MdrDBcore02619,D72G,-1.578,-0.3067021071910858,0.5518468022346497,1.2046353816986084
9,9588880,6OVC,MdrDBcore02620,D72G,0.302,0.18243303894996643,0.5518468022346497,1.2046353816986084
9,9588880,6UDT,MdrDBcore02621,E322Q,0.154,-0.4223373532295227,0.5518468022346497,1.2046353816986084
9,9588880,6UDT,MdrDBcore02622,E322Q,-1.442,-0.0663587898015976,0.5518468022346497,1.2046353816986084
9,9588880,6UDT,MdrDBcore02623,E322Q,-0.063,-0.15688182413578033,0.5518468022346497,1.2046353816986084
9,9588880,6UDT,MdrDBcore02624,M231L,2.132,1.3488571643829346,0.5518468022346497,1.2046353816986084
9,9588880,6UDT,MdrDBcore02625,M231L,-0.795,0.16410763561725616,0.5518468022346497,1.2046353816986084
9,9588880,6UDT,MdrDBcore02626,M231L,-0.411,0.3073798418045044,0.5518468022346497,1.2046353816986084
9,9588880,6UDT,MdrDBcore02627,N260S,0.389,0.11556300520896912,0.5518468022346497,1.2046353816986084
9,9588880,6UDT,MdrDBcore02628,R215G,-0.152,-0.385496586561203,0.5518468022346497,1.2046353816986084
9,9588880,6UDT,MdrDBcore02629,R215G,-0.633,0.17395757138729095,0.5518468022346497,1.2046353816986084
9,9588880,6UDT,MdrDBcore02630,R215G,-0.098,-0.7923243641853333,0.5518468022346497,1.2046353816986084
9,9588880,6UDT,MdrDBcore02631,R263K,-0.008,-0.028116976842284203,0.5518468022346497,1.2046353816986084
9,9588880,6UDT,MdrDBcore02632,S247F,1.466,-0.3483932316303253,0.5518468022346497,1.2046353816986084
9,9588880,6UDT,MdrDBcore02633,S247F,1.16,0.1619943529367447,0.5518468022346497,1.2046353816986084
9,9588880,6UDT,MdrDBcore02634,S247F,-0.298,0.22769992053508759,0.5518468022346497,1.2046353816986084
9,9588880,4AG4,MdrDBcore02635,A196S,0.528,-0.363944411277771,0.5518468022346497,1.2046353816986084
9,9588880,4AG4,MdrDBcore02636,A353V,0.818,-0.10424719750881195,0.5518468022346497,1.2046353816986084
9,9588880,4AG4,MdrDBcore02637,A59G,-0.554,-0.5164775252342224,0.5518468022346497,1.2046353816986084
9,9588880,6FEX,MdrDBcore02638,D630E,-0.095,-0.046153947710990906,0.5518468022346497,1.2046353816986084
9,9588880,4AG4,MdrDBcore02639,F241L,0.06,0.04749466851353645,0.5518468022346497,1.2046353816986084
9,9588880,4AG4,MdrDBcore02640,M311V,0.216,-0.36256060004234314,0.5518468022346497,1.2046353816986084
9,9588880,4AG4,MdrDBcore02641,R135C,-1.11,-0.820338785648346,0.5518468022346497,1.2046353816986084
9,9588880,4AG4,MdrDBcore02642,R172W,0.25,-0.727789580821991,0.5518468022346497,1.2046353816986084
9,9588880,4AG4,MdrDBcore02643,R276Q,0.243,-0.2647143006324768,0.5518468022346497,1.2046353816986084
9,9588880,4AG4,MdrDBcore02644,R307H,0.498,-0.28000152111053467,0.5518468022346497,1.2046353816986084
9,9588880,4AG4,MdrDBcore02645,R319C,-1.029,-0.4836675226688385,0.5518468022346497,1.2046353816986084
9,9588880,4AG4,MdrDBcore02646,R349C,0.82,-0.14359667897224426,0.5518468022346497,1.2046353816986084
9,9588880,4AG4,MdrDBcore02647,R60C,-0.33,-0.29692938923835754,0.5518468022346497,1.2046353816986084
9,9588880,6BRJ,MdrDBcore02648,R761C,0.627,-0.4893198609352112,0.5518468022346497,1.2046353816986084
9,9588880,4AG4,MdrDBcore02649,S360R,-1.678,-0.3273908495903015,0.5518468022346497,1.2046353816986084
9,9588880,4AG4,MdrDBcore02650,T292M,0.565,-0.35024499893188477,0.5518468022346497,1.2046353816986084
9,9588880,4AG4,MdrDBcore02651,V100A,0.636,-0.2816227078437805,0.5518468022346497,1.2046353816986084
9,9588880,4AG4,MdrDBcore02652,W187C,0.186,-0.5366867184638977,0.5518468022346497,1.2046353816986084
9,9588880,3QGY,MdrDBcore02653,K385N,0.853,0.36212414503097534,0.5518468022346497,1.2046353816986084
9,9588880,3MJ2,MdrDBcore02654,L508M,1.118,0.2302810102701187,0.5518468022346497,1.2046353816986084
9,9588880,3QGY,MdrDBcore02655,M438L,0.04,-0.07898414134979248,0.5518468022346497,1.2046353816986084
9,9588880,3QGY,MdrDBcore02656,P558T,-0.802,0.302856981754303,0.5518468022346497,1.2046353816986084
9,9588880,4HCU,MdrDBcore02657,R394Q,0.768,-0.30729278922080994,0.5518468022346497,1.2046353816986084
9,9588880,3QGY,MdrDBcore02658,R610H,-0.279,0.2675439119338989,0.5518468022346497,1.2046353816986084
9,9588880,6B16,MdrDBcore02659,D505G,1.166,1.0317726135253906,0.5518468022346497,1.2046353816986084
9,9588880,6B16,MdrDBcore02660,G364V,1.665,1.0299686193466187,0.5518468022346497,1.2046353816986084
9,9588880,6B16,MdrDBcore02661,R371C,0.72,1.0471247434616089,0.5518468022346497,1.2046353816986084
9,9588880,6B16,MdrDBcore02662,S259N,2.228,1.0300203561782837,0.5518468022346497,1.2046353816986084
9,9588880,6B16,MdrDBcore02663,S382L,0.546,1.0399343967437744,0.5518468022346497,1.2046353816986084
9,9588880,6B16,MdrDBcore02664,T406A,2.328,0.4909175634384155,0.5518468022346497,1.2046353816986084
9,9588880,6B16,MdrDBcore02665,V403A,1.274,1.0268727540969849,0.5518468022346497,1.2046353816986084
9,9588880,5BYZ,MdrDBcore02666,D364E,0.649,0.26836949586868286,0.5518468022346497,1.2046353816986084
9,9588880,5BYZ,MdrDBcore02667,D387Y,1.262,0.21326471865177155,0.5518468022346497,1.2046353816986084
9,9588880,5BYZ,MdrDBcore02668,K104N,0.611,0.35748666524887085,0.5518468022346497,1.2046353816986084
9,9588880,4ZSL,MdrDBcore02669,P361L,1.395,0.5894816517829895,0.5518468022346497,1.2046353816986084
9,9588880,5BYZ,MdrDBcore02670,R318H,-0.87,-0.5624181032180786,0.5518468022346497,1.2046353816986084
9,9588880,5BYZ,MdrDBcore02671,R392C,0.158,0.0724673867225647,0.5518468022346497,1.2046353816986084
9,9588880,5BYZ,MdrDBcore02672,S247F,1.071,-0.007818970829248428,0.5518468022346497,1.2046353816986084
9,9588880,5NP0,MdrDBcore02673,A1090T,1.093,0.15229135751724243,0.5518468022346497,1.2046353816986084
9,9588880,5NP0,MdrDBcore02674,A1090T,0.801,1.0404574871063232,0.5518468022346497,1.2046353816986084
9,9588880,5NP0,MdrDBcore02675,A1090T,0.613,-0.4177183508872986,0.5518468022346497,1.2046353816986084
9,9588880,5NP0,MdrDBcore02676,A1127V,0.85,0.4486534595489502,0.5518468022346497,1.2046353816986084
9,9588880,5NP0,MdrDBcore02677,A1127V,1.404,1.1722627878189087,0.5518468022346497,1.2046353816986084
9,9588880,6K9L,MdrDBcore02678,A1127V,0.818,0.33355170488357544,0.5518468022346497,1.2046353816986084
9,9588880,6K9K,MdrDBcore02679,A1309T,-0.629,-0.08245411515235901,0.5518468022346497,1.2046353816986084
9,9588880,5NP0,MdrDBcore02680,A1309T,0.06,1.2256730794906616,0.5518468022346497,1.2046353816986084
9,9588880,5NP0,MdrDBcore02681,A1309T,0.213,0.7217625975608826,0.5518468022346497,1.2046353816986084
9,9588880,6K9L,MdrDBcore02682,A1670V,1.657,0.5434234738349915,0.5518468022346497,1.2046353816986084
9,9588880,6K9K,MdrDBcore02683,A2635G,1.528,1.02827787399292,0.5518468022346497,1.2046353816986084
9,9588880,6K9K,MdrDBcore02684,A2688V,0.937,-0.18469811975955963,0.5518468022346497,1.2046353816986084
9,9588880,6K9K,MdrDBcore02685,A2688V,1.579,0.6421247720718384,0.5518468022346497,1.2046353816986084
9,9588880,5NP1,MdrDBcore02686,A2843V,2.515,1.6404927968978882,0.5518468022346497,1.2046353816986084
9,9588880,5NP0,MdrDBcore02687,A2843V,1.796,1.2165071964263916,0.5518468022346497,1.2046353816986084
9,9588880,6K9K,MdrDBcore02688,A2843V,1.098,0.1768713742494583,0.5518468022346497,1.2046353816986084
9,9588880,6K9L,MdrDBcore02689,C1482R,1.059,0.4067936837673187,0.5518468022346497,1.2046353816986084
9,9588880,5NP0,MdrDBcore02690,C1482R,0.948,0.08252166211605072,0.5518468022346497,1.2046353816986084
9,9588880,5NP0,MdrDBcore02691,C1726F,0.987,0.4951011538505554,0.5518468022346497,1.2046353816986084
9,9588880,7NI6,MdrDBcore02692,C2464R,0.523,0.5097727179527283,0.5518468022346497,1.2046353816986084
9,9588880,7NI6,MdrDBcore02693,C2464R,0.031,0.836818277835846,0.5518468022346497,1.2046353816986084
9,9588880,7NI6,MdrDBcore02694,C2464R,0.51,0.17402909696102142,0.5518468022346497,1.2046353816986084
9,9588880,5NP0,MdrDBcore02695,D130Y,2.065,0.919328510761261,0.5518468022346497,1.2046353816986084
9,9588880,5NP1,MdrDBcore02696,D130Y,1.47,0.7646387815475464,0.5518468022346497,1.2046353816986084
9,9588880,5NP0,MdrDBcore02697,D1725H,1.117,1.0114713907241821,0.5518468022346497,1.2046353816986084
9,9588880,5NP1,MdrDBcore02698,D1725H,2.269,0.1485300362110138,0.5518468022346497,1.2046353816986084
9,9588880,5NP0,MdrDBcore02699,D1853V,0.083,0.08632636070251465,0.5518468022346497,1.2046353816986084
9,9588880,5NP0,MdrDBcore02700,D1853V,1.081,1.1215429306030273,0.5518468022346497,1.2046353816986084
9,9588880,5NP0,MdrDBcore02701,D1853V,0.75,-0.2031048685312271,0.5518468022346497,1.2046353816986084
9,9588880,6K9K,MdrDBcore02702,D351N,1.515,0.5490707159042358,0.5518468022346497,1.2046353816986084
9,9588880,5NP0,MdrDBcore02703,D351N,1.13,0.8363156318664551,0.5518468022346497,1.2046353816986084
9,9588880,7NI5,MdrDBcore02704,D479A,0.092,-0.09796395897865295,0.5518468022346497,1.2046353816986084
9,9588880,7NI5,MdrDBcore02705,D814E,0.033,-0.09116237610578537,0.5518468022346497,1.2046353816986084
9,9588880,7NI5,MdrDBcore02706,D814E,0.369,-0.22293834388256073,0.5518468022346497,1.2046353816986084
9,9588880,7NI5,MdrDBcore02707,D814E,0.034,0.02119845524430275,0.5518468022346497,1.2046353816986084
9,9588880,5NP0,MdrDBcore02708,E1533G,1.765,1.478129506111145,0.5518468022346497,1.2046353816986084
9,9588880,6K9K,MdrDBcore02709,E1533G,2.37,1.2457218170166016,0.5518468022346497,1.2046353816986084
9,9588880,5NP1,MdrDBcore02710,E1856Q,1.655,0.887000560760498,0.5518468022346497,1.2046353816986084
9,9588880,5NP0,MdrDBcore02711,E1856Q,1.568,-0.09645351767539978,0.5518468022346497,1.2046353816986084
9,9588880,5NP1,MdrDBcore02712,E2351G,1.299,0.8213228583335876,0.5518468022346497,1.2046353816986084
9,9588880,5NP0,MdrDBcore02713,E2351G,1.074,1.25625479221344,0.5518468022346497,1.2046353816986084
9,9588880,6K9L,MdrDBcore02714,E2351G,1.118,0.9203235507011414,0.5518468022346497,1.2046353816986084
9,9588880,5NP0,MdrDBcore02715,E2468K,2.034,0.929033100605011,0.5518468022346497,1.2046353816986084
9,9588880,5NP1,MdrDBcore02716,E2468K,1.781,0.3380209505558014,0.5518468022346497,1.2046353816986084
9,9588880,5NP0,MdrDBcore02717,E347K,0.796,0.6998744606971741,0.5518468022346497,1.2046353816986084
9,9588880,5NP1,MdrDBcore02718,E347K,0.865,0.9357798099517822,0.5518468022346497,1.2046353816986084
9,9588880,5NP0,MdrDBcore02719,E586D,1.046,0.9711775183677673,0.5518468022346497,1.2046353816986084
9,9588880,5NP0,MdrDBcore02720,E586D,1.294,0.9826163649559021,0.5518468022346497,1.2046353816986084
9,9588880,5NP1,MdrDBcore02721,E632Q,0.798,-0.03844963014125824,0.5518468022346497,1.2046353816986084
9,9588880,5NP0,MdrDBcore02722,E632Q,0.88,0.9606131911277771,0.5518468022346497,1.2046353816986084
9,9588880,5NP1,MdrDBcore02723,E632Q,0.699,0.7760623693466187,0.5518468022346497,1.2046353816986084
9,9588880,5NP1,MdrDBcore02724,F1896L,-0.721,0.7519330978393555,0.5518468022346497,1.2046353816986084
9,9588880,5NP0,MdrDBcore02725,F1896L,0.103,0.7997322678565979,0.5518468022346497,1.2046353816986084
9,9588880,5NP1,MdrDBcore02726,F1896L,-0.426,1.2546765804290771,0.5518468022346497,1.2046353816986084
9,9588880,7NI6,MdrDBcore02727,F2265L,-0.319,-0.07802040874958038,0.5518468022346497,1.2046353816986084
9,9588880,7NI6,MdrDBcore02728,F2265L,0.522,0.7893474102020264,0.5518468022346497,1.2046353816986084
9,9588880,7NI5,MdrDBcore02729,F2265L,-0.811,-0.1706250160932541,0.5518468022346497,1.2046353816986084
9,9588880,5NP1,MdrDBcore02730,G2022V,1.218,1.017667531967163,0.5518468022346497,1.2046353816986084
9,9588880,6K9L,MdrDBcore02731,G2022V,1.688,0.1841365247964859,0.5518468022346497,1.2046353816986084
9,9588880,6K9L,MdrDBcore02732,G2917R,1.869,0.7814058661460876,0.5518468022346497,1.2046353816986084
9,9588880,5NP0,MdrDBcore02733,G2917R,1.204,0.9743593335151672,0.5518468022346497,1.2046353816986084
9,9588880,5NP0,MdrDBcore02734,G506C,1.491,0.4554789066314697,0.5518468022346497,1.2046353816986084
9,9588880,6K9L,MdrDBcore02735,G506C,1.582,0.978238046169281,0.5518468022346497,1.2046353816986084
9,9588880,5NP0,MdrDBcore02736,G506C,1.131,0.8450687527656555,0.5518468022346497,1.2046353816986084
9,9588880,6K9L,MdrDBcore02737,H1083Y,-0.675,0.15082816779613495,0.5518468022346497,1.2046353816986084
9,9588880,6K9K,MdrDBcore02738,H1380Y,-0.004,0.19461065530776978,0.5518468022346497,1.2046353816986084
9,9588880,5NP0,MdrDBcore02739,H1380Y,0.735,0.6624327301979065,0.5518468022346497,1.2046353816986084
9,9588880,5NP0,MdrDBcore02740,H1876Q,-0.369,0.8863795399665833,0.5518468022346497,1.2046353816986084
9,9588880,5NP0,MdrDBcore02741,H1876Q,0.326,1.0984227657318115,0.5518468022346497,1.2046353816986084
9,9588880,5NP0,MdrDBcore02742,H448R,1.96,1.2424588203430176,0.5518468022346497,1.2046353816986084
9,9588880,5NP1,MdrDBcore02743,H448R,1.566,1.0687825679779053,0.5518468022346497,1.2046353816986084
9,9588880,5NP0,MdrDBcore02744,H683R,1.726,0.612811267375946,0.5518468022346497,1.2046353816986084
9,9588880,5NP0,MdrDBcore02745,H683R,1.593,0.5961670279502869,0.5518468022346497,1.2046353816986084
9,9588880,6K9K,MdrDBcore02746,I1453T,1.358,0.369463711977005,0.5518468022346497,1.2046353816986084
9,9588880,5NP0,MdrDBcore02747,I1688T,1.442,1.4749263525009155,0.5518468022346497,1.2046353816986084
9,9588880,5NP1,MdrDBcore02748,I1688T,1.174,0.6050700545310974,0.5518468022346497,1.2046353816986084
9,9588880,6K9L,MdrDBcore02749,I2920N,2.125,0.665534496307373,0.5518468022346497,1.2046353816986084
9,9588880,5NP0,MdrDBcore02750,K1572T,-0.429,-0.6291683912277222,0.5518468022346497,1.2046353816986084
9,9588880,6K9L,MdrDBcore02751,K1572T,0.666,0.3693252205848694,0.5518468022346497,1.2046353816986084
9,9588880,6K9L,MdrDBcore02752,K1964E,1.556,0.9886812567710876,0.5518468022346497,1.2046353816986084
9,9588880,5NP1,MdrDBcore02753,K2318Q,1.556,0.592673122882843,0.5518468022346497,1.2046353816986084
9,9588880,5NP0,MdrDBcore02754,K2318Q,1.27,0.0982576310634613,0.5518468022346497,1.2046353816986084
9,9588880,5NP1,MdrDBcore02755,K2749I,1.749,1.9568768739700317,0.5518468022346497,1.2046353816986084
9,9588880,5NP1,MdrDBcore02756,K2749I,1.757,0.6488140821456909,0.5518468022346497,1.2046353816986084
9,9588880,5NP0,MdrDBcore02757,K31A,0.119,0.49815934896469116,0.5518468022346497,1.2046353816986084
9,9588880,6K9L,MdrDBcore02758,K482Q,1.174,0.9273462295532227,0.5518468022346497,1.2046353816986084
9,9588880,5NP0,MdrDBcore02759,K482Q,1.683,1.0299471616744995,0.5518468022346497,1.2046353816986084
9,9588880,5NP0,MdrDBcore02760,L1472F,0.971,0.860447347164154,0.5518468022346497,1.2046353816986084
9,9588880,6K9L,MdrDBcore02761,L1824F,-0.608,-0.26429057121276855,0.5518468022346497,1.2046353816986084
9,9588880,5NP1,MdrDBcore02762,L1824F,0.944,0.5707451701164246,0.5518468022346497,1.2046353816986084
9,9588880,5NP1,MdrDBcore02763,L2307F,1.662,0.8251493573188782,0.5518468022346497,1.2046353816986084
9,9588880,6K9L,MdrDBcore02764,L2307F,1.612,0.7619373798370361,0.5518468022346497,1.2046353816986084
9,9588880,5NP0,MdrDBcore02765,L243W,1.371,-0.24764500558376312,0.5518468022346497,1.2046353816986084
9,9588880,5NP0,MdrDBcore02766,L243W,0.86,0.7043411135673523,0.5518468022346497,1.2046353816986084
9,9588880,5NP0,MdrDBcore02767,L345F,0.888,0.6298601627349854,0.5518468022346497,1.2046353816986084
9,9588880,5NP0,MdrDBcore02768,L345F,1.103,0.6635314226150513,0.5518468022346497,1.2046353816986084
9,9588880,5NP0,MdrDBcore02769,L345F,1.366,0.13178417086601257,0.5518468022346497,1.2046353816986084
9,9588880,5NP0,MdrDBcore02770,L546V,0.183,1.2407225370407104,0.5518468022346497,1.2046353816986084
9,9588880,6K9L,MdrDBcore02771,L944V,1.061,0.3184736371040344,0.5518468022346497,1.2046353816986084
9,9588880,6K9K,MdrDBcore02772,L944V,1.202,0.49169015884399414,0.5518468022346497,1.2046353816986084
9,9588880,7NI5,MdrDBcore02773,M1040V,0.411,0.12241694331169128,0.5518468022346497,1.2046353816986084
9,9588880,7NI5,MdrDBcore02774,M1040V,-0.275,-0.20109447836875916,0.5518468022346497,1.2046353816986084
9,9588880,5NP0,MdrDBcore02775,M1064I,1.521,1.0702968835830688,0.5518468022346497,1.2046353816986084
9,9588880,5NP1,MdrDBcore02776,M1210V,2.327,0.8583571314811707,0.5518468022346497,1.2046353816986084
9,9588880,5NP0,MdrDBcore02777,M1210V,1.764,0.9523029923439026,0.5518468022346497,1.2046353816986084
9,9588880,5NP1,MdrDBcore02778,M1210V,1.694,0.6028575897216797,0.5518468022346497,1.2046353816986084
9,9588880,5NP0,MdrDBcore02779,M1967V,0.97,0.840458333492279,0.5518468022346497,1.2046353816986084
9,9588880,6K9K,MdrDBcore02780,N1005I,1.241,-0.13322113454341888,0.5518468022346497,1.2046353816986084
9,9588880,6K9L,MdrDBcore02781,N1005I,1.561,1.046552300453186,0.5518468022346497,1.2046353816986084
9,9588880,5NP1,MdrDBcore02782,N1005I,0.866,0.08814676105976105,0.5518468022346497,1.2046353816986084
9,9588880,5NP0,MdrDBcore02783,N1005S,-0.183,1.1721488237380981,0.5518468022346497,1.2046353816986084
9,9588880,5NP1,MdrDBcore02784,N1005S,-0.375,0.6592254638671875,0.5518468022346497,1.2046353816986084
9,9588880,6K9K,MdrDBcore02785,N1650S,1.956,0.15995194017887115,0.5518468022346497,1.2046353816986084
9,9588880,5NP0,MdrDBcore02786,N230T,1.358,0.9761479496955872,0.5518468022346497,1.2046353816986084
9,9588880,5NP0,MdrDBcore02787,N2826I,1.237,1.2738373279571533,0.5518468022346497,1.2046353816986084
9,9588880,5NP0,MdrDBcore02788,N2826I,1.154,1.0986007452011108,0.5518468022346497,1.2046353816986084
9,9588880,5NP1,MdrDBcore02789,N2826I,1.074,-0.035112280398607254,0.5518468022346497,1.2046353816986084
9,9588880,5NP0,MdrDBcore02790,P2353H,1.265,1.209509015083313,0.5518468022346497,1.2046353816986084
9,9588880,5NP0,MdrDBcore02791,P2353H,1.046,0.20555056631565094,0.5518468022346497,1.2046353816986084
9,9588880,7NI6,MdrDBcore02792,P2518S,0.426,-0.7900292277336121,0.5518468022346497,1.2046353816986084
9,9588880,7NI6,MdrDBcore02793,P2518S,0.328,0.5829622149467468,0.5518468022346497,1.2046353816986084
9,9588880,7NI6,MdrDBcore02794,P2518S,-0.362,0.17136147618293762,0.5518468022346497,1.2046353816986084
9,9588880,6K9K,MdrDBcore02795,P2648S,1.236,0.1941877156496048,0.5518468022346497,1.2046353816986084
9,9588880,5NP0,MdrDBcore02796,P2648S,1.38,1.0233815908432007,0.5518468022346497,1.2046353816986084
9,9588880,6K9K,MdrDBcore02797,P2974L,0.839,0.1977769434452057,0.5518468022346497,1.2046353816986084
9,9588880,5NP0,MdrDBcore02798,P2974L,1.371,0.8409241437911987,0.5518468022346497,1.2046353816986084
9,9588880,5NP0,MdrDBcore02799,P604S,1.651,0.959598958492279,0.5518468022346497,1.2046353816986084
9,9588880,5NP0,MdrDBcore02800,P960R,1.415,0.5916136503219604,0.5518468022346497,1.2046353816986084
9,9588880,5NP0,MdrDBcore02801,P960R,1.25,1.0454095602035522,0.5518468022346497,1.2046353816986084
9,9588880,6K9L,MdrDBcore02802,Q1128E,1.504,0.4504854381084442,0.5518468022346497,1.2046353816986084
9,9588880,5NP1,MdrDBcore02803,Q1128E,1.084,0.8832569718360901,0.5518468022346497,1.2046353816986084
9,9588880,5NP0,MdrDBcore02804,Q1128R,0.312,0.4933474063873291,0.5518468022346497,1.2046353816986084
9,9588880,5NP0,MdrDBcore02805,Q1128R,0.801,1.0151852369308472,0.5518468022346497,1.2046353816986084
9,9588880,5NP1,MdrDBcore02806,Q1361R,2.374,1.1085689067840576,0.5518468022346497,1.2046353816986084
9,9588880,6K9L,MdrDBcore02807,Q1361R,1.34,0.5152966976165771,0.5518468022346497,1.2046353816986084
9,9588880,7NI6,MdrDBcore02808,Q1919P,0.143,-0.46336522698402405,0.5518468022346497,1.2046353816986084
9,9588880,7NI5,MdrDBcore02809,Q1919P,0.053,-0.09927023947238922,0.5518468022346497,1.2046353816986084
9,9588880,5NP0,MdrDBcore02810,Q2210A,1.931,1.3476115465164185,0.5518468022346497,1.2046353816986084
9,9588880,5NP1,MdrDBcore02811,Q2210A,1.494,0.5836842060089111,0.5518468022346497,1.2046353816986084
9,9588880,6K9L,MdrDBcore02812,Q2733P,0.914,0.8297410011291504,0.5518468022346497,1.2046353816986084
9,9588880,5NP0,MdrDBcore02813,Q2733P,1.786,0.8715389370918274,0.5518468022346497,1.2046353816986084
9,9588880,5NP0,MdrDBcore02814,Q2762R,1.632,1.508816123008728,0.5518468022346497,1.2046353816986084
9,9588880,6K9L,MdrDBcore02815,Q2800A,0.735,0.36078521609306335,0.5518468022346497,1.2046353816986084
9,9588880,5NP0,MdrDBcore02816,Q2800A,0.13,1.186255693435669,0.5518468022346497,1.2046353816986084
9,9588880,6K9K,MdrDBcore02817,Q2800A,-0.566,0.2136930674314499,0.5518468022346497,1.2046353816986084
9,9588880,6K9L,MdrDBcore02818,Q2825P,1.001,-0.4340985119342804,0.5518468022346497,1.2046353816986084
9,9588880,5NP0,MdrDBcore02819,Q2825P,0.95,1.1228336095809937,0.5518468022346497,1.2046353816986084
9,9588880,5NP1,MdrDBcore02820,Q2825P,0.908,0.5657246708869934,0.5518468022346497,1.2046353816986084
9,9588880,6K9K,MdrDBcore02821,Q65P,1.638,0.5924420356750488,0.5518468022346497,1.2046353816986084
9,9588880,5NP0,MdrDBcore02822,Q65P,0.955,-0.11249004304409027,0.5518468022346497,1.2046353816986084
9,9588880,5NP0,MdrDBcore02823,R1086H,0.329,0.21737216413021088,0.5518468022346497,1.2046353816986084
9,9588880,6K9L,MdrDBcore02824,R1086H,0.23,0.15763457119464874,0.5518468022346497,1.2046353816986084
9,9588880,6K9L,MdrDBcore02825,R1585S,1.336,0.41235920786857605,0.5518468022346497,1.2046353816986084
9,9588880,5NP0,MdrDBcore02826,R1585S,1.371,0.3967322111129761,0.5518468022346497,1.2046353816986084
9,9588880,5NP0,MdrDBcore02827,R1618A,0.651,1.129589557647705,0.5518468022346497,1.2046353816986084
9,9588880,5NP0,MdrDBcore02828,R1618A,-0.379,0.5993421077728271,0.5518468022346497,1.2046353816986084
9,9588880,7NI5,MdrDBcore02829,R1618Q,1.52,0.1292106956243515,0.5518468022346497,1.2046353816986084
9,9588880,7NI5,MdrDBcore02830,R1618Q,0.522,-0.2269304245710373,0.5518468022346497,1.2046353816986084
9,9588880,7NI4,MdrDBcore02831,R1618Q,0.347,0.7464904189109802,0.5518468022346497,1.2046353816986084
9,9588880,5NP0,MdrDBcore02832,R2244T,1.347,0.19691987335681915,0.5518468022346497,1.2046353816986084
9,9588880,5NP1,MdrDBcore02833,R2244T,1.616,1.168821096420288,0.5518468022346497,1.2046353816986084
9,9588880,5NP0,MdrDBcore02834,R2244T,1.936,0.4137510359287262,0.5518468022346497,1.2046353816986084
9,9588880,6K9K,MdrDBcore02835,R2436S,0.765,0.007846605032682419,0.5518468022346497,1.2046353816986084
9,9588880,5NP0,MdrDBcore02836,R2436S,1.215,1.101880669593811,0.5518468022346497,1.2046353816986084
9,9588880,6K9K,MdrDBcore02837,R2436S,1.198,-0.08427473902702332,0.5518468022346497,1.2046353816986084
9,9588880,5NP1,MdrDBcore02838,R248Q,1.467,0.6695740818977356,0.5518468022346497,1.2046353816986084
9,9588880,6K9L,MdrDBcore02839,R2832C,0.97,0.2855534553527832,0.5518468022346497,1.2046353816986084
9,9588880,5NP0,MdrDBcore02840,R2832C,1.264,0.5930942296981812,0.5518468022346497,1.2046353816986084
9,9588880,6K9L,MdrDBcore02841,R451H,1.294,-0.6397621631622314,0.5518468022346497,1.2046353816986084
9,9588880,5NP0,MdrDBcore02842,R451H,1.177,0.9230008125305176,0.5518468022346497,1.2046353816986084
9,9588880,6K9K,MdrDBcore02843,R451H,2.027,-0.16063977777957916,0.5518468022346497,1.2046353816986084
9,9588880,5NP1,MdrDBcore02844,S1383L,-0.186,0.3771696090698242,0.5518468022346497,1.2046353816986084
9,9588880,6K9K,MdrDBcore02845,S1383L,1.029,0.9248489141464233,0.5518468022346497,1.2046353816986084
9,9588880,5NP0,MdrDBcore02846,S1383L,1.007,0.4389328956604004,0.5518468022346497,1.2046353816986084
9,9588880,5NP0,MdrDBcore02847,S2058L,1.113,0.9436967968940735,0.5518468022346497,1.2046353816986084
9,9588880,5NP0,MdrDBcore02848,S2058L,2.001,0.9431907534599304,0.5518468022346497,1.2046353816986084
9,9588880,7NI6,MdrDBcore02849,S2146T,1.033,0.4661073684692383,0.5518468022346497,1.2046353816986084
9,9588880,7NI6,MdrDBcore02850,S2146T,0.104,0.3474353551864624,0.5518468022346497,1.2046353816986084
9,9588880,5NP0,MdrDBcore02851,S2218N,1.089,0.8108224272727966,0.5518468022346497,1.2046353816986084
9,9588880,6K9L,MdrDBcore02852,S2218N,1.092,0.39480412006378174,0.5518468022346497,1.2046353816986084
9,9588880,6K9L,MdrDBcore02853,S2218R,1.627,0.5060287714004517,0.5518468022346497,1.2046353816986084
9,9588880,5NP0,MdrDBcore02854,S2218R,1.852,1.0736408233642578,0.5518468022346497,1.2046353816986084
9,9588880,6K9K,MdrDBcore02855,S2218R,1.729,1.150510549545288,0.5518468022346497,1.2046353816986084
9,9588880,5NP0,MdrDBcore02856,S707P,0.647,1.1521049737930298,0.5518468022346497,1.2046353816986084
9,9588880,5NP0,MdrDBcore02857,S707P,0.195,0.5389353632926941,0.5518468022346497,1.2046353816986084
9,9588880,5NP0,MdrDBcore02858,T1854I,1.004,0.6588599681854248,0.5518468022346497,1.2046353816986084
9,9588880,5NP0,MdrDBcore02859,T1854I,0.798,1.0033454895019531,0.5518468022346497,1.2046353816986084
9,9588880,7NI5,MdrDBcore02860,T2059I,-0.689,-0.17137058079242706,0.5518468022346497,1.2046353816986084
9,9588880,7NI5,MdrDBcore02861,T2059I,-0.296,-0.19481681287288666,0.5518468022346497,1.2046353816986084
9,9588880,7NI5,MdrDBcore02862,T2059I,-0.292,0.09843972325325012,0.5518468022346497,1.2046353816986084
9,9588880,6K9L,MdrDBcore02863,T2335I,1.55,0.9035280346870422,0.5518468022346497,1.2046353816986084
9,9588880,5NP0,MdrDBcore02864,T2335I,1.068,1.264686107635498,0.5518468022346497,1.2046353816986084
9,9588880,6K9K,MdrDBcore02865,T2335I,1.689,0.5165411829948425,0.5518468022346497,1.2046353816986084
9,9588880,5NP0,MdrDBcore02866,T2438I,-0.468,1.1708849668502808,0.5518468022346497,1.2046353816986084
9,9588880,6K9L,MdrDBcore02867,T2640I,1.672,0.9386016130447388,0.5518468022346497,1.2046353816986084
9,9588880,5NP0,MdrDBcore02868,T2674R,1.635,1.0494716167449951,0.5518468022346497,1.2046353816986084
9,9588880,6K9L,MdrDBcore02869,T2674R,1.51,-0.11012561619281769,0.5518468022346497,1.2046353816986084
9,9588880,7NI5,MdrDBcore02870,V1570A,-0.069,0.5713234543800354,0.5518468022346497,1.2046353816986084
9,9588880,6K9K,MdrDBcore02871,V1570A,0.305,1.023533821105957,0.5518468022346497,1.2046353816986084
9,9588880,7NI5,MdrDBcore02872,V1570A,-0.072,-0.19394750893115997,0.5518468022346497,1.2046353816986084
9,9588880,5NP0,MdrDBcore02873,V2079I,0.198,1.0190364122390747,0.5518468022346497,1.2046353816986084
9,9588880,5NP0,MdrDBcore02874,V2079I,0.911,0.42296966910362244,0.5518468022346497,1.2046353816986084
9,9588880,5NP1,MdrDBcore02875,V2079I,-0.07,1.0051639080047607,0.5518468022346497,1.2046353816986084
9,9588880,5NP0,MdrDBcore02876,V2166A,1.261,1.005047082901001,0.5518468022346497,1.2046353816986084
9,9588880,5NP0,MdrDBcore02877,V2166A,0.785,0.9151632785797119,0.5518468022346497,1.2046353816986084
9,9588880,6K9K,MdrDBcore02878,V2906I,3.078,1.0091127157211304,0.5518468022346497,1.2046353816986084
9,9588880,5NP0,MdrDBcore02879,V2906I,1.556,0.696140468120575,0.5518468022346497,1.2046353816986084
9,9588880,6K9L,MdrDBcore02880,V2906I,1.31,1.2663294076919556,0.5518468022346497,1.2046353816986084
9,9588880,6K9L,MdrDBcore02881,V613L,1.098,-0.5398111939430237,0.5518468022346497,1.2046353816986084
9,9588880,5NP0,MdrDBcore02882,V613L,1.209,0.6425523161888123,0.5518468022346497,1.2046353816986084
9,9588880,5NP0,MdrDBcore02883,W1279A,1.081,0.6238057613372803,0.5518468022346497,1.2046353816986084
9,9588880,5NP0,MdrDBcore02884,W1279A,-0.198,0.8250482678413391,0.5518468022346497,1.2046353816986084
9,9588880,6K9L,MdrDBcore02885,W1279A,0.677,0.33597874641418457,0.5518468022346497,1.2046353816986084
9,9588880,6K9L,MdrDBcore02886,W2638A,1.175,0.06722193956375122,0.5518468022346497,1.2046353816986084
9,9588880,5NP0,MdrDBcore02887,W2845A,-0.186,1.3118298053741455,0.5518468022346497,1.2046353816986084
9,9588880,5NP0,MdrDBcore02888,W2845A,0.916,0.8014667630195618,0.5518468022346497,1.2046353816986084
9,9588880,6K9K,MdrDBcore02889,W57A,1.639,0.8517322540283203,0.5518468022346497,1.2046353816986084
9,9588880,5NP0,MdrDBcore02890,Y2167A,0.171,0.34777992963790894,0.5518468022346497,1.2046353816986084
9,9588880,5NP1,MdrDBcore02891,Y2167A,0.637,-0.05090375617146492,0.5518468022346497,1.2046353816986084
9,9588880,3NCZ,MdrDBcore02892,R349Q,0.303,1.0112472772598267,0.5518468022346497,1.2046353816986084
9,9588880,3NCZ,MdrDBcore02893,R349Q,1.394,0.6358188986778259,0.5518468022346497,1.2046353816986084
9,9588880,5YZ0,MdrDBcore02894,A1896V,2.885,0.3631272614002228,0.5518468022346497,1.2046353816986084
9,9588880,5YZ0,MdrDBcore02895,D1915G,1.226,0.6670700907707214,0.5518468022346497,1.2046353816986084
9,9588880,5YZ0,MdrDBcore02896,E2034K,0.748,0.08975908160209656,0.5518468022346497,1.2046353816986084
9,9588880,5YZ0,MdrDBcore02897,H453P,2.365,0.2705734372138977,0.5518468022346497,1.2046353816986084
9,9588880,5YZ0,MdrDBcore02898,I1526V,0.629,1.3606233596801758,0.5518468022346497,1.2046353816986084
9,9588880,5YZ0,MdrDBcore02899,K2501N,0.511,0.8985980153083801,0.5518468022346497,1.2046353816986084
9,9588880,5YZ0,MdrDBcore02900,L1483F,0.819,-0.048705000430345535,0.5518468022346497,1.2046353816986084
9,9588880,5YZ0,MdrDBcore02901,L1599P,1.873,1.0417367219924927,0.5518468022346497,1.2046353816986084
9,9588880,5YZ0,MdrDBcore02902,M328V,1.249,-0.711125910282135,0.5518468022346497,1.2046353816986084
9,9588880,5YZ0,MdrDBcore02903,M593T,-0.64,0.10920412838459015,0.5518468022346497,1.2046353816986084
9,9588880,5YZ0,MdrDBcore02904,P1991S,3.754,1.3345669507980347,0.5518468022346497,1.2046353816986084
9,9588880,5YZ0,MdrDBcore02905,Q713E,1.154,0.33151882886886597,0.5518468022346497,1.2046353816986084
9,9588880,5YZ0,MdrDBcore02906,R1015Q,3.395,1.097227931022644,0.5518468022346497,1.2046353816986084
9,9588880,5YZ0,MdrDBcore02907,R2190C,2.025,1.0431708097457886,0.5518468022346497,1.2046353816986084
9,9588880,5YZ0,MdrDBcore02908,S601F,2.207,0.08766913414001465,0.5518468022346497,1.2046353816986084
9,9588880,5YZ0,MdrDBcore02909,T1751A,-0.963,0.04972470924258232,0.5518468022346497,1.2046353816986084
9,9588880,5YZ0,MdrDBcore02910,T1751A,-0.348,0.8286399245262146,0.5518468022346497,1.2046353816986084
9,9588880,5YZ0,MdrDBcore02911,T2556S,1.698,1.0900636911392212,0.5518468022346497,1.2046353816986084
9,9588880,5YZ0,MdrDBcore02912,T2556S,0.653,1.043154239654541,0.5518468022346497,1.2046353816986084
9,9588880,5YZ0,MdrDBcore02913,Y1527S,7.83,0.30767369270324707,0.5518468022346497,1.2046353816986084
9,9588880,5YZ0,MdrDBcore02914,Y2637C,1.527,-0.11301720142364502,0.5518468022346497,1.2046353816986084
9,9588880,5YZ0,MdrDBcore02915,Y575C,3.374,-0.0012472905218601227,0.5518468022346497,1.2046353816986084
9,9588880,5YZ0,MdrDBcore02916,Y575C,2.478,0.7666887044906616,0.5518468022346497,1.2046353816986084
9,9588880,4ITI,MdrDBcore02917,E234K,1.088,0.8773068785667419,0.5518468022346497,1.2046353816986084
9,9588880,4ITI,MdrDBcore02918,L79V,0.31,0.8140292167663574,0.5518468022346497,1.2046353816986084
9,9588880,7AO8,MdrDBcore02919,D210G,5.882,0.13492171466350555,0.5518468022346497,1.2046353816986084
9,9588880,7AO8,MdrDBcore02920,D210G,-16.798,-0.7602156400680542,0.5518468022346497,1.2046353816986084
9,9588880,7AO8,MdrDBcore02921,D210G,1.575,0.40166786313056946,0.5518468022346497,1.2046353816986084
9,9588880,7AO8,MdrDBcore02922,D210G,1.9,0.0767015665769577,0.5518468022346497,1.2046353816986084
9,9588880,7AO8,MdrDBcore02923,E146K,3.172,0.6811866164207458,0.5518468022346497,1.2046353816986084
9,9588880,7AO8,MdrDBcore02924,E146K,1.046,1.1423667669296265,0.5518468022346497,1.2046353816986084
9,9588880,7AO8,MdrDBcore02925,E250G,4.918,0.18013572692871094,0.5518468022346497,1.2046353816986084
9,9588880,7AO8,MdrDBcore02926,E250G,-11.358,0.25668588280677795,0.5518468022346497,1.2046353816986084
9,9588880,7AO8,MdrDBcore02927,E250G,1.685,-0.17631468176841736,0.5518468022346497,1.2046353816986084
9,9588880,7AO8,MdrDBcore02928,E250G,0.577,0.7305800318717957,0.5518468022346497,1.2046353816986084
9,9588880,7AO8,MdrDBcore02929,M245I,5.176,0.4823433756828308,0.5518468022346497,1.2046353816986084
9,9588880,7AO8,MdrDBcore02930,M245I,-16.939,-2.2783751487731934,0.5518468022346497,1.2046353816986084
9,9588880,7AO8,MdrDBcore02931,M245I,2.194,0.0614633671939373,0.5518468022346497,1.2046353816986084
9,9588880,7AO8,MdrDBcore02932,R77C,-1.736,0.3312917649745941,0.5518468022346497,1.2046353816986084
9,9588880,6Z2J,MdrDBcore02933,R77C,1.507,0.4018101692199707,0.5518468022346497,1.2046353816986084
9,9588880,7AO8,MdrDBcore02934,R77C,6.287,0.43992793560028076,0.5518468022346497,1.2046353816986084
9,9588880,7AO8,MdrDBcore02935,R77C,-0.554,-0.05751573294401169,0.5518468022346497,1.2046353816986084
9,9588880,7AO8,MdrDBcore02936,R77C,2.431,0.296403169631958,0.5518468022346497,1.2046353816986084
9,9588880,7AO8,MdrDBcore02937,S88N,5.575,0.6956194639205933,0.5518468022346497,1.2046353816986084
9,9588880,7AO8,MdrDBcore02938,S88N,-14.148,-0.09207673370838165,0.5518468022346497,1.2046353816986084
9,9588880,7AO8,MdrDBcore02939,S88N,1.513,0.6503535509109497,0.5518468022346497,1.2046353816986084
9,9588880,7AO8,MdrDBcore02940,V224D,1.719,0.5999462604522705,0.5518468022346497,1.2046353816986084
9,9588880,7AO8,MdrDBcore02941,V224D,-5.874,0.6889806985855103,0.5518468022346497,1.2046353816986084
9,9588880,7AO8,MdrDBcore02942,V224D,1.098,0.134501650929451,0.5518468022346497,1.2046353816986084
9,9588880,7AO8,MdrDBcore02943,Y226S,-1.242,-0.20481489598751068,0.5518468022346497,1.2046353816986084
9,9588880,7AO8,MdrDBcore02944,Y226S,-0.845,0.7029597759246826,0.5518468022346497,1.2046353816986084
9,9588880,7AO8,MdrDBcore02945,Y226S,-0.232,-0.09532785415649414,0.5518468022346497,1.2046353816986084
9,9588880,7AO8,MdrDBcore02946,Y226S,-1.501,-0.7703085541725159,0.5518468022346497,1.2046353816986084
9,9588880,7AO8,MdrDBcore02947,Y67H,1.617,0.41741943359375,0.5518468022346497,1.2046353816986084
9,9588880,7AO8,MdrDBcore02948,Y67H,-2.409,-0.45935726165771484,0.5518468022346497,1.2046353816986084
9,9588880,7AO8,MdrDBcore02949,Y67H,1.501,0.5144644379615784,0.5518468022346497,1.2046353816986084
9,9588880,7URZ,MdrDBcore02950,C616Y,1.194,1.0972930192947388,0.5518468022346497,1.2046353816986084
9,9588880,3BHH,MdrDBcore02951,E13D,1.287,0.98501056432724,0.5518468022346497,1.2046353816986084
9,9588880,3BHH,MdrDBcore02952,L142M,0.635,1.2115806341171265,0.5518468022346497,1.2046353816986084
9,9588880,3BHH,MdrDBcore02953,P234L,1.372,0.7855690717697144,0.5518468022346497,1.2046353816986084
9,9588880,7URZ,MdrDBcore02954,Q624E,1.483,1.0971318483352661,0.5518468022346497,1.2046353816986084
9,9588880,3BHH,MdrDBcore02955,R260L,1.06,0.8677098155021667,0.5518468022346497,1.2046353816986084
9,9588880,7URZ,MdrDBcore02956,R646H,1.19,0.8848631381988525,0.5518468022346497,1.2046353816986084
9,9588880,1YOV,MdrDBcore02957,A359S,-1.366,-0.05011157691478729,0.5518468022346497,1.2046353816986084
9,9588880,1YOV,MdrDBcore02958,D180N,-0.895,-0.13990826904773712,0.5518468022346497,1.2046353816986084
9,9588880,2NVU,MdrDBcore02959,D64N,-1.127,-0.4968089461326599,0.5518468022346497,1.2046353816986084
9,9588880,2NVU,MdrDBcore02960,E90Q,-2.097,-1.2661408185958862,0.5518468022346497,1.2046353816986084
9,9588880,2NVU,MdrDBcore02961,F292L,-1.934,-0.6703207492828369,0.5518468022346497,1.2046353816986084
9,9588880,3GZN,MdrDBcore02962,F499L,-2.111,-0.28437238931655884,0.5518468022346497,1.2046353816986084
9,9588880,2NVU,MdrDBcore02963,I221V,-2.002,-0.5657307505607605,0.5518468022346497,1.2046353816986084
9,9588880,3GZN,MdrDBcore02964,I250F,-1.648,-0.3279615044593811,0.5518468022346497,1.2046353816986084
9,9588880,2NVU,MdrDBcore02965,I457M,-2.064,-0.8650326132774353,0.5518468022346497,1.2046353816986084
9,9588880,2NVU,MdrDBcore02966,K190R,-1.677,-0.5367950797080994,0.5518468022346497,1.2046353816986084
9,9588880,3GZN,MdrDBcore02967,K440E,-0.378,-0.4108530580997467,0.5518468022346497,1.2046353816986084
9,9588880,2NVU,MdrDBcore02968,N293T,-0.799,-0.49947917461395264,0.5518468022346497,1.2046353816986084
9,9588880,2NVU,MdrDBcore02969,Q25R,0.312,0.289736270904541,0.5518468022346497,1.2046353816986084
9,9588880,3GZN,MdrDBcore02970,Q469R,-2.149,-0.4919655919075012,0.5518468022346497,1.2046353816986084
9,9588880,2NVU,MdrDBcore02971,R312H,-0.211,-0.45429930090904236,0.5518468022346497,1.2046353816986084
9,9588880,2NVU,MdrDBcore02972,S104F,-2.588,-0.7773311734199524,0.5518468022346497,1.2046353816986084
9,9588880,2NVU,MdrDBcore02973,S121L,-1.406,-0.6180800795555115,0.5518468022346497,1.2046353816986084
9,9588880,2NVU,MdrDBcore02974,S379L,0.58,-0.4816820025444031,0.5518468022346497,1.2046353816986084
9,9588880,2NVU,MdrDBcore02975,S388N,-0.943,-0.3491065204143524,0.5518468022346497,1.2046353816986084
9,9588880,2NVU,MdrDBcore02976,T277A,-2.361,-0.6975286602973938,0.5518468022346497,1.2046353816986084
9,9588880,6U4Y,MdrDBcore02977,E169K,0.137,0.11012236773967743,0.5518468022346497,1.2046353816986084
9,9588880,5HYN,MdrDBcore02978,G159R,-0.686,-0.20084026455879211,0.5518468022346497,1.2046353816986084
9,9588880,4MI5,MdrDBcore02979,G648E,0.084,-0.3575109839439392,0.5518468022346497,1.2046353816986084
9,9588880,5HYN,MdrDBcore02980,H279Y,-0.426,0.23262329399585724,0.5518468022346497,1.2046353816986084
9,9588880,5HYN,MdrDBcore02981,K291T,0.139,-0.415613055229187,0.5518468022346497,1.2046353816986084
9,9588880,5HYN,MdrDBcore02982,P132S,0.277,-0.06978702545166016,0.5518468022346497,1.2046353816986084
9,9588880,6U4Y,MdrDBcore02983,R16Q,-0.524,0.5060668587684631,0.5518468022346497,1.2046353816986084
9,9588880,4MI5,MdrDBcore02984,R690H,-0.335,-0.6414788961410522,0.5518468022346497,1.2046353816986084
9,9588880,5H15,MdrDBcore02985,S44F,0.05,0.6303893327713013,0.5518468022346497,1.2046353816986084
9,9588880,4MI5,MdrDBcore02986,S537N,0.286,-0.49204689264297485,0.5518468022346497,1.2046353816986084
9,9588880,4MI5,MdrDBcore02987,S538L,-0.413,-0.6138385534286499,0.5518468022346497,1.2046353816986084
9,9588880,4MI5,MdrDBcore02988,S624C,0.142,-0.3100356459617615,0.5518468022346497,1.2046353816986084
9,9588880,6U4Y,MdrDBcore02989,T80P,0.5,0.5692960023880005,0.5518468022346497,1.2046353816986084
9,9588880,4MI5,MdrDBcore02990,Y646C,-0.272,-0.7741849422454834,0.5518468022346497,1.2046353816986084
9,9588880,4MI5,MdrDBcore02991,Y646F,-1.131,-0.6231021285057068,0.5518468022346497,1.2046353816986084
9,9588880,4MI5,MdrDBcore02992,Y646S,-0.541,0.0038612335920333862,0.5518468022346497,1.2046353816986084
9,9588880,4MI5,MdrDBcore02993,Y701C,0.21,-0.21496489644050598,0.5518468022346497,1.2046353816986084
9,9588880,7LI3,MdrDBcore02994,A628V,-0.861,-0.35559001564979553,0.5518468022346497,1.2046353816986084
9,9588880,7LI3,MdrDBcore02995,E1190A,0.213,0.09996713697910309,0.5518468022346497,1.2046353816986084
9,9588880,6VNO,MdrDBcore02996,E1874V,-0.195,-0.13836455345153809,0.5518468022346497,1.2046353816986084
9,9588880,7LI3,MdrDBcore02997,E2516K,0.316,-0.04082632437348366,0.5518468022346497,1.2046353816986084
9,9588880,7LI3,MdrDBcore02998,G1213S,0.452,-0.09846524894237518,0.5518468022346497,1.2046353816986084
9,9588880,6VP7,MdrDBcore02999,G1397C,0.145,-0.04653831571340561,0.5518468022346497,1.2046353816986084
9,9588880,6VNO,MdrDBcore03000,G1424R,-1.492,0.009065497666597366,0.5518468022346497,1.2046353816986084
9,9588880,7LI3,MdrDBcore03001,G1939W,0.297,0.0687989741563797,0.5518468022346497,1.2046353816986084
9,9588880,7LI3,MdrDBcore03002,H572Q,-0.93,-0.06361225247383118,0.5518468022346497,1.2046353816986084
9,9588880,7LI3,MdrDBcore03003,I1006M,-0.396,0.07947719097137451,0.5518468022346497,1.2046353816986084
9,9588880,7LI3,MdrDBcore03004,K1035N,-0.459,0.31511935591697693,0.5518468022346497,1.2046353816986084
9,9588880,7LI3,MdrDBcore03005,L1136P,-0.112,-0.09903144836425781,0.5518468022346497,1.2046353816986084
9,9588880,6VP7,MdrDBcore03006,L1603I,-0.754,-0.154100239276886,0.5518468022346497,1.2046353816986084
9,9588880,6VP7,MdrDBcore03007,L1776I,-0.018,0.06472678482532501,0.5518468022346497,1.2046353816986084
9,9588880,6VP8,MdrDBcore03008,L1932F,-0.15,0.03797667846083641,0.5518468022346497,1.2046353816986084
9,9588880,7LI3,MdrDBcore03009,L1982S,-0.709,-0.22625496983528137,0.5518468022346497,1.2046353816986084
9,9588880,6DLP,MdrDBcore03010,L2145S,-1.068,-0.5094016194343567,0.5518468022346497,1.2046353816986084
9,9588880,7LI3,MdrDBcore03011,L2393A,-0.261,0.24542076885700226,0.5518468022346497,1.2046353816986084
9,9588880,7LI3,MdrDBcore03012,L708F,0.269,0.41519030928611755,0.5518468022346497,1.2046353816986084
9,9588880,6OJE,MdrDBcore03013,M1431T,-0.542,-0.22381728887557983,0.5518468022346497,1.2046353816986084
9,9588880,6VP7,MdrDBcore03014,M1947T,0.098,-0.0847356766462326,0.5518468022346497,1.2046353816986084
9,9588880,7LHW,MdrDBcore03015,P1546L,0.418,0.5712259411811829,0.5518468022346497,1.2046353816986084
9,9588880,7LHW,MdrDBcore03016,P1930L,0.004,0.14729705452919006,0.5518468022346497,1.2046353816986084
9,9588880,7LI3,MdrDBcore03017,Q1002A,-1.032,-0.2830853760242462,0.5518468022346497,1.2046353816986084
9,9588880,6VP7,MdrDBcore03018,Q1779K,0.004,0.40331533551216125,0.5518468022346497,1.2046353816986084
9,9588880,6VP8,MdrDBcore03019,Q2120A,0.277,0.31441599130630493,0.5518468022346497,1.2046353816986084
9,9588880,6VP8,MdrDBcore03020,Q2490K,-0.3,0.6625112891197205,0.5518468022346497,1.2046353816986084
9,9588880,7LI3,MdrDBcore03021,R1067G,0.328,-0.383456826210022,0.5518468022346497,1.2046353816986084
9,9588880,7LI3,MdrDBcore03022,R1707T,0.407,-0.04588328301906586,0.5518468022346497,1.2046353816986084
9,9588880,7LI3,MdrDBcore03023,R1728L,0.576,-0.3955081105232239,0.5518468022346497,1.2046353816986084
9,9588880,7LI3,MdrDBcore03024,R1957C,1.06,0.44655436277389526,0.5518468022346497,1.2046353816986084
9,9588880,7LI3,MdrDBcore03025,R2394S,0.572,-0.4543422758579254,0.5518468022346497,1.2046353816986084
9,9588880,6DLP,MdrDBcore03026,R2443A,0.382,-0.43862617015838623,0.5518468022346497,1.2046353816986084
9,9588880,7LHW,MdrDBcore03027,R715S,0.302,0.24094389379024506,0.5518468022346497,1.2046353816986084
9,9588880,7LI3,MdrDBcore03028,R767C,-0.294,-0.508650004863739,0.5518468022346497,1.2046353816986084
9,9588880,7LI3,MdrDBcore03029,R772A,-0.21,0.060204725712537766,0.5518468022346497,1.2046353816986084
9,9588880,7LI3,MdrDBcore03030,S1001G,-0.624,-0.28051599860191345,0.5518468022346497,1.2046353816986084
9,9588880,7LI3,MdrDBcore03031,S1091P,0.258,0.18722251057624817,0.5518468022346497,1.2046353816986084
9,9588880,7LI3,MdrDBcore03032,S1204G,-0.388,0.24545975029468536,0.5518468022346497,1.2046353816986084
9,9588880,7LI3,MdrDBcore03033,S1283F,0.294,-0.4969915747642517,0.5518468022346497,1.2046353816986084
9,9588880,6VP7,MdrDBcore03034,S2454L,0.277,-0.09924468398094177,0.5518468022346497,1.2046353816986084
9,9588880,7LI4,MdrDBcore03035,S569C,0.018,0.5166922807693481,0.5518468022346497,1.2046353816986084
9,9588880,7LI3,MdrDBcore03036,S634T,0.029,-0.17490746080875397,0.5518468022346497,1.2046353816986084
9,9588880,6OJE,MdrDBcore03037,T1368I,-0.48,-0.49725034832954407,0.5518468022346497,1.2046353816986084
9,9588880,6OJE,MdrDBcore03038,T1452I,0.375,-0.3668334484100342,0.5518468022346497,1.2046353816986084
9,9588880,6OJE,MdrDBcore03039,V1456A,-0.105,0.14911462366580963,0.5518468022346497,1.2046353816986084
9,9588880,6DLP,MdrDBcore03040,V2152I,-0.481,0.1084606796503067,0.5518468022346497,1.2046353816986084
9,9588880,6DLP,MdrDBcore03041,V2495I,-0.201,-0.3875926434993744,0.5518468022346497,1.2046353816986084
9,9588880,5HRX,MdrDBcore03042,A715T,0.897,0.9005511999130249,0.5518468022346497,1.2046353816986084
9,9588880,3HMF,MdrDBcore03043,R202C,1.156,0.5301790833473206,0.5518468022346497,1.2046353816986084
9,9588880,3IU5,MdrDBcore03044,V49L,1.525,0.16183091700077057,0.5518468022346497,1.2046353816986084
9,9588880,6OXB,MdrDBcore03045,Y1043F,1.635,1.5590490102767944,0.5518468022346497,1.2046353816986084
9,9588880,3O47,MdrDBcore03046,A27V,1.39,0.5060344338417053,0.5518468022346497,1.2046353816986084
9,9588880,3O47,MdrDBcore03047,A81S,-0.408,0.7638970017433167,0.5518468022346497,1.2046353816986084
9,9588880,3O47,MdrDBcore03048,E120K,-0.236,0.6994234919548035,0.5518468022346497,1.2046353816986084
9,9588880,3O47,MdrDBcore03049,I41V,-0.35,0.4429032802581787,0.5518468022346497,1.2046353816986084
9,9588880,3O47,MdrDBcore03050,L99S,1.135,0.6302635073661804,0.5518468022346497,1.2046353816986084
9,9588880,3O47,MdrDBcore03051,R122G,0.035,0.5364499092102051,0.5518468022346497,1.2046353816986084
9,9588880,3O47,MdrDBcore03052,R84Q,0.25,0.5153998732566833,0.5518468022346497,1.2046353816986084
9,9588880,3O47,MdrDBcore03053,V15M,0.729,0.4645330309867859,0.5518468022346497,1.2046353816986084
9,9588880,3O47,MdrDBcore03054,Y103H,1.487,0.7006940245628357,0.5518468022346497,1.2046353816986084
9,9588880,6JN2,MdrDBcore03055,A483T,-0.133,0.2566816806793213,0.5518468022346497,1.2046353816986084
9,9588880,6JN2,MdrDBcore03056,A483T,-0.407,-0.1657974272966385,0.5518468022346497,1.2046353816986084
9,9588880,6JN2,MdrDBcore03057,A483T,0.403,0.08241462707519531,0.5518468022346497,1.2046353816986084
9,9588880,6JN2,MdrDBcore03058,A528V,-0.232,0.7283650040626526,0.5518468022346497,1.2046353816986084
9,9588880,6JN2,MdrDBcore03059,A528V,-0.224,0.25034794211387634,0.5518468022346497,1.2046353816986084
9,9588880,6JN2,MdrDBcore03060,A528V,0.007,-0.39831241965293884,0.5518468022346497,1.2046353816986084
9,9588880,6O96,MdrDBcore03061,G165C,0.212,-0.12791672348976135,0.5518468022346497,1.2046353816986084
9,9588880,6O96,MdrDBcore03062,G165C,-0.059,-0.027209125459194183,0.5518468022346497,1.2046353816986084
9,9588880,6O96,MdrDBcore03063,G165C,-0.34,-0.9914979338645935,0.5518468022346497,1.2046353816986084
9,9588880,4ER0,MdrDBcore03064,K333E,-0.526,0.6617192029953003,0.5518468022346497,1.2046353816986084
9,9588880,4ER7,MdrDBcore03065,K333E,-0.155,0.8008409738540649,0.5518468022346497,1.2046353816986084
9,9588880,4ER0,MdrDBcore03066,K333E,0.095,0.07603570818901062,0.5518468022346497,1.2046353816986084
9,9588880,6O96,MdrDBcore03067,P298S,0.33,-0.28504011034965515,0.5518468022346497,1.2046353816986084
9,9588880,6O96,MdrDBcore03068,P298S,0.179,0.16525928676128387,0.5518468022346497,1.2046353816986084
9,9588880,6O96,MdrDBcore03069,P298S,0.155,-0.1867334097623825,0.5518468022346497,1.2046353816986084
9,9588880,6O96,MdrDBcore03070,R231L,0.602,0.10550689697265625,0.5518468022346497,1.2046353816986084
9,9588880,6O96,MdrDBcore03071,R231L,0.458,0.3893415331840515,0.5518468022346497,1.2046353816986084
9,9588880,6O96,MdrDBcore03072,R231L,-0.007,0.1012449562549591,0.5518468022346497,1.2046353816986084
9,9588880,6O96,MdrDBcore03073,S304L,-0.454,0.037521276623010635,0.5518468022346497,1.2046353816986084
9,9588880,6O96,MdrDBcore03074,S304L,-0.105,-0.2560597360134125,0.5518468022346497,1.2046353816986084
9,9588880,6O96,MdrDBcore03075,S304L,-1.396,-0.15608614683151245,0.5518468022346497,1.2046353816986084
9,9588880,1NW3,MdrDBcore03076,T100M,-0.418,0.48889946937561035,0.5518468022346497,1.2046353816986084
9,9588880,6O96,MdrDBcore03077,T100M,0.074,-0.1501445323228836,0.5518468022346497,1.2046353816986084
9,9588880,1NW3,MdrDBcore03078,T100M,0.223,0.672745406627655,0.5518468022346497,1.2046353816986084
9,9588880,6O96,MdrDBcore03079,T306M,0.202,0.18160435557365417,0.5518468022346497,1.2046353816986084
9,9588880,6O96,MdrDBcore03080,T306M,0.435,-0.46542495489120483,0.5518468022346497,1.2046353816986084
9,9588880,6O96,MdrDBcore03081,T306M,-0.398,-0.21958927810192108,0.5518468022346497,1.2046353816986084
9,9588880,6O96,MdrDBcore03082,T93M,0.408,0.14332957565784454,0.5518468022346497,1.2046353816986084
9,9588880,6O96,MdrDBcore03083,T93M,0.147,0.13676294684410095,0.5518468022346497,1.2046353816986084
9,9588880,6O96,MdrDBcore03084,T93M,-0.087,0.4318076968193054,0.5518468022346497,1.2046353816986084
9,9588880,6O96,MdrDBcore03085,W208C,-0.028,0.8546250462532043,0.5518468022346497,1.2046353816986084
9,9588880,6O96,MdrDBcore03086,W208C,-0.165,-0.42098569869995117,0.5518468022346497,1.2046353816986084
9,9588880,6O96,MdrDBcore03087,W208C,-0.097,0.16961947083473206,0.5518468022346497,1.2046353816986084
9,9588880,6O96,MdrDBcore03088,Y58A,0.432,0.33358967304229736,0.5518468022346497,1.2046353816986084
9,9588880,6O96,MdrDBcore03089,Y58A,0.109,-0.24418984353542328,0.5518468022346497,1.2046353816986084
9,9588880,6O96,MdrDBcore03090,Y58A,0.129,0.7021815180778503,0.5518468022346497,1.2046353816986084
9,9588880,1YY6,MdrDBcore03091,A197V,1.964,0.030878853052854538,0.5518468022346497,1.2046353816986084
9,9588880,6F5H,MdrDBcore03092,A493V,0.277,0.42842966318130493,0.5518468022346497,1.2046353816986084
9,9588880,4Z96,MdrDBcore03093,P694S,2.386,0.8933351635932922,0.5518468022346497,1.2046353816986084
9,9588880,5BTR,MdrDBcore03094,D379N,0.236,-0.18075959384441376,0.5518468022346497,1.2046353816986084
9,9588880,5BTR,MdrDBcore03095,G355V,-0.624,-0.18104572594165802,0.5518468022346497,1.2046353816986084
9,9588880,5BTR,MdrDBcore03096,G495D,0.283,-0.18031860888004303,0.5518468022346497,1.2046353816986084
9,9588880,4ZZJ,MdrDBcore03097,I270K,0.147,0.16399149596691132,0.5518468022346497,1.2046353816986084
9,9588880,5BTR,MdrDBcore03098,L478V,-0.641,-0.1812772899866104,0.5518468022346497,1.2046353816986084
9,9588880,4ZZH,MdrDBcore03099,M407T,-0.173,0.10429637134075165,0.5518468022346497,1.2046353816986084
9,9588880,5BTR,MdrDBcore03100,P393R,-0.327,-0.18105612695217133,0.5518468022346497,1.2046353816986084
9,9588880,5BTR,MdrDBcore03101,R199Q,0.066,-0.18111717700958252,0.5518468022346497,1.2046353816986084
9,9588880,5BTR,MdrDBcore03102,R649H,-0.222,-0.18002332746982574,0.5518468022346497,1.2046353816986084
9,9588880,5BTR,MdrDBcore03103,T177I,0.138,-0.18072225153446198,0.5518468022346497,1.2046353816986084
9,9588880,5BTR,MdrDBcore03104,V383I,0.017,-0.17726393043994904,0.5518468022346497,1.2046353816986084
9,9588880,3UT1,MdrDBcore03105,A287T,1.04,0.8493576049804688,0.5518468022346497,1.2046353816986084
9,9588880,3UT1,MdrDBcore03106,C304F,0.046,0.880934476852417,0.5518468022346497,1.2046353816986084
9,9588880,3UT1,MdrDBcore03107,D312E,-0.449,0.8438758850097656,0.5518468022346497,1.2046353816986084
9,9588880,3UT1,MdrDBcore03108,E338K,1.694,0.9373388290405273,0.5518468022346497,1.2046353816986084
9,9588880,3UT1,MdrDBcore03109,F298L,1.544,0.9210260510444641,0.5518468022346497,1.2046353816986084
9,9588880,3UT1,MdrDBcore03110,I364T,1.607,0.8544647693634033,0.5518468022346497,1.2046353816986084
9,9588880,3UT1,MdrDBcore03111,I388F,1.915,0.9029036164283752,0.5518468022346497,1.2046353816986084
9,9588880,3UT1,MdrDBcore03112,L346H,1.136,0.5364721417427063,0.5518468022346497,1.2046353816986084
9,9588880,3UT1,MdrDBcore03113,P461S,1.485,0.6036351323127747,0.5518468022346497,1.2046353816986084
9,9588880,3UT1,MdrDBcore03114,P525L,1.635,0.9929248690605164,0.5518468022346497,1.2046353816986084
9,9588880,3UT1,MdrDBcore03115,Q352E,1.917,1.034590244293213,0.5518468022346497,1.2046353816986084
9,9588880,3UT1,MdrDBcore03116,S256P,1.42,0.9068416357040405,0.5518468022346497,1.2046353816986084
9,9588880,3UT1,MdrDBcore03117,S524Y,1.441,0.840501606464386,0.5518468022346497,1.2046353816986084
9,9588880,3UT1,MdrDBcore03118,V286I,1.223,0.7321767807006836,0.5518468022346497,1.2046353816986084
9,9588880,3UT1,MdrDBcore03119,Y301C,1.521,1.149535894393921,0.5518468022346497,1.2046353816986084
9,9588880,5V3O,MdrDBcore03120,D313H,0.493,0.12406013906002045,0.5518468022346497,1.2046353816986084
9,9588880,5V3O,MdrDBcore03121,E187K,0.0,0.24823029339313507,0.5518468022346497,1.2046353816986084
9,9588880,5HXB,MdrDBcore03122,G151A,-0.35,-0.472236692905426,0.5518468022346497,1.2046353816986084
9,9588880,5V3O,MdrDBcore03123,G354A,0.496,0.505549967288971,0.5518468022346497,1.2046353816986084
9,9588880,6H0G,MdrDBcore03124,G383V,0.222,2.15061092376709,0.5518468022346497,1.2046353816986084
9,9588880,5V3O,MdrDBcore03125,G69D,0.024,0.06741069257259369,0.5518468022346497,1.2046353816986084
9,9588880,5V3O,MdrDBcore03126,K204E,-0.404,-0.1378077119588852,0.5518468022346497,1.2046353816986084
9,9588880,5V3O,MdrDBcore03127,M109I,-0.158,-0.16492077708244324,0.5518468022346497,1.2046353816986084
9,9588880,5V3O,MdrDBcore03128,P345S,-0.155,0.31278473138809204,0.5518468022346497,1.2046353816986084
9,9588880,5V3O,MdrDBcore03129,P424L,-0.044,0.2967537045478821,0.5518468022346497,1.2046353816986084
9,9588880,5V3O,MdrDBcore03130,Q297A,-0.313,-0.31363919377326965,0.5518468022346497,1.2046353816986084
9,9588880,5V3O,MdrDBcore03131,R295A,-0.343,-0.6895459294319153,0.5518468022346497,1.2046353816986084
9,9588880,5V3O,MdrDBcore03132,R373Q,-0.207,0.4372193217277527,0.5518468022346497,1.2046353816986084
9,9588880,5V3O,MdrDBcore03133,S379N,-0.534,0.01698891445994377,0.5518468022346497,1.2046353816986084
9,9588880,5HXB,MdrDBcore03134,T51A,-0.082,0.43229806423187256,0.5518468022346497,1.2046353816986084
9,9588880,5V3O,MdrDBcore03135,W223A,-0.779,-0.6765027642250061,0.5518468022346497,1.2046353816986084
9,9588880,4O9R,MdrDBcore03136,A324T,-0.081,2.8029980659484863,0.5518468022346497,1.2046353816986084
9,9588880,5L7D,MdrDBcore03137,A68G,-0.556,0.04774646833539009,0.5518468022346497,1.2046353816986084
9,9588880,5V57,MdrDBcore03138,A68G,-0.288,0.24275480210781097,0.5518468022346497,1.2046353816986084
9,9588880,4O9R,MdrDBcore03139,C273R,0.078,0.04450536146759987,0.5518468022346497,1.2046353816986084
9,9588880,4O9R,MdrDBcore03140,C273R,0.205,0.6247037053108215,0.5518468022346497,1.2046353816986084
9,9588880,4QIM,MdrDBcore03141,G497V,-0.188,0.2424844652414322,0.5518468022346497,1.2046353816986084
9,9588880,4QIM,MdrDBcore03142,G497V,0.069,0.8121167421340942,0.5518468022346497,1.2046353816986084
9,9588880,4O9R,MdrDBcore03143,L267H,0.65,-0.10416145622730255,0.5518468022346497,1.2046353816986084
9,9588880,4O9R,MdrDBcore03144,P505S,0.307,0.5901203155517578,0.5518468022346497,1.2046353816986084
9,9588880,6XBK,MdrDBcore03145,R138Q,-1.589,-0.11732009053230286,0.5518468022346497,1.2046353816986084
9,9588880,6XBK,MdrDBcore03146,R138Q,-0.932,-0.7124026417732239,0.5518468022346497,1.2046353816986084
9,9588880,5V57,MdrDBcore03147,R168H,-0.807,0.09060804545879364,0.5518468022346497,1.2046353816986084
9,9588880,4O9R,MdrDBcore03148,R296H,-0.396,0.7720032930374146,0.5518468022346497,1.2046353816986084
9,9588880,6XBK,MdrDBcore03149,T179M,0.358,0.13663917779922485,0.5518468022346497,1.2046353816986084
9,9588880,6XBK,MdrDBcore03150,V157M,0.095,0.44521626830101013,0.5518468022346497,1.2046353816986084
9,9588880,6XBK,MdrDBcore03151,V157M,-0.084,-0.40139737725257874,0.5518468022346497,1.2046353816986084
9,9588880,4O9R,MdrDBcore03152,V195L,0.691,0.6433019042015076,0.5518468022346497,1.2046353816986084
9,9588880,4O9R,MdrDBcore03153,V404M,-0.655,-0.6311596632003784,0.5518468022346497,1.2046353816986084
9,9588880,6XBK,MdrDBcore03154,Y130C,0.028,-0.9515722990036011,0.5518468022346497,1.2046353816986084
9,9588880,6XBK,MdrDBcore03155,Y130C,-0.336,-0.011649515479803085,0.5518468022346497,1.2046353816986084
9,9588880,4O9R,MdrDBcore03156,Y322H,-0.011,0.4875752329826355,0.5518468022346497,1.2046353816986084
9,9588880,3OUI,MdrDBcore03157,C208Y,0.27,0.6899616122245789,0.5518468022346497,1.2046353816986084
9,9588880,4KBZ,MdrDBcore03158,G409C,-0.487,-0.6988704800605774,0.5518468022346497,1.2046353816986084
9,9588880,3HQR,MdrDBcore03159,K186N,-0.096,-0.22807951271533966,0.5518468022346497,1.2046353816986084
9,9588880,3OUI,MdrDBcore03160,R252Q,0.128,0.4648277163505554,0.5518468022346497,1.2046353816986084
9,9588880,3OUI,MdrDBcore03161,R281L,-0.236,0.576768159866333,0.5518468022346497,1.2046353816986084
9,9588880,4KBZ,MdrDBcore03162,S418L,0.043,-0.6871548891067505,0.5518468022346497,1.2046353816986084
9,9588880,4B6L,MdrDBcore03163,C221Y,-2.86,-0.01255873218178749,0.5518468022346497,1.2046353816986084
9,9588880,4B6L,MdrDBcore03164,C255Y,0.106,0.040871512144804,0.5518468022346497,1.2046353816986084
9,9588880,4B6L,MdrDBcore03165,P101S,-0.116,0.37129390239715576,0.5518468022346497,1.2046353816986084
9,9588880,4B6L,MdrDBcore03166,Q103E,1.812,0.4828720688819885,0.5518468022346497,1.2046353816986084
9,9588880,4B6L,MdrDBcore03167,Q307H,0.407,0.08489564061164856,0.5518468022346497,1.2046353816986084
9,9588880,4B6L,MdrDBcore03168,R163L,-0.239,0.02014375850558281,0.5518468022346497,1.2046353816986084
9,9588880,4B6L,MdrDBcore03169,T262M,-0.148,0.2550956904888153,0.5518468022346497,1.2046353816986084
9,9588880,4B6L,MdrDBcore03170,T82A,-0.858,0.06973642110824585,0.5518468022346497,1.2046353816986084
9,9588880,4B6L,MdrDBcore03171,W151L,-1.723,0.17973320186138153,0.5518468022346497,1.2046353816986084
9,9588880,6V1B,MdrDBcore03172,M186I,-0.053,-0.16747111082077026,0.5518468022346497,1.2046353816986084
9,9588880,5JI8,MdrDBcore03173,P164S,-1.241,-0.43726494908332825,0.5518468022346497,1.2046353816986084
9,9588880,4X7O,MdrDBcore03174,A1068V,-0.373,0.029274452477693558,0.5518468022346497,1.2046353816986084
9,9588880,4YZS,MdrDBcore03175,A116D,0.039,0.5679446458816528,0.5518468022346497,1.2046353816986084
9,9588880,4YZS,MdrDBcore03176,A342D,0.699,0.584803581237793,0.5518468022346497,1.2046353816986084
9,9588880,4YZS,MdrDBcore03177,A342V,0.249,0.5866177678108215,0.5518468022346497,1.2046353816986084
9,9588880,4X7O,MdrDBcore03178,E1050K,-0.027,-0.0036020874977111816,0.5518468022346497,1.2046353816986084
9,9588880,4X7O,MdrDBcore03179,E994A,0.199,0.10361652076244354,0.5518468022346497,1.2046353816986084
9,9588880,4YZS,MdrDBcore03180,F335V,1.599,0.5763118267059326,0.5518468022346497,1.2046353816986084
9,9588880,4X7O,MdrDBcore03181,I586L,0.537,-0.08558903634548187,0.5518468022346497,1.2046353816986084
9,9588880,4X7O,MdrDBcore03182,I917N,0.64,0.47565144300460815,0.5518468022346497,1.2046353816986084
9,9588880,4X7O,MdrDBcore03183,M1053V,0.489,0.006356451660394669,0.5518468022346497,1.2046353816986084
9,9588880,4YZS,MdrDBcore03184,M390L,0.037,0.5920156836509705,0.5518468022346497,1.2046353816986084
9,9588880,4YZS,MdrDBcore03185,R240H,0.729,0.6326138973236084,0.5518468022346497,1.2046353816986084
9,9588880,4X7O,MdrDBcore03186,S1022N,0.943,-0.09740501642227173,0.5518468022346497,1.2046353816986084
9,9588880,4YZS,MdrDBcore03187,V132M,-0.205,0.5624409317970276,0.5518468022346497,1.2046353816986084
9,9588880,4X7O,MdrDBcore03188,Y1019C,-0.463,0.3321709632873535,0.5518468022346497,1.2046353816986084
9,9588880,5EDU,MdrDBcore03189,A612T,-0.181,0.1575789898633957,0.5518468022346497,1.2046353816986084
9,9588880,5EDU,MdrDBcore03190,A770V,0.063,-0.4639117121696472,0.5518468022346497,1.2046353816986084
9,9588880,5KH7,MdrDBcore03191,G1126C,-0.885,1.109273076057434,0.5518468022346497,1.2046353816986084
9,9588880,5KH7,MdrDBcore03192,I1122V,1.97,1.3319668769836426,0.5518468022346497,1.2046353816986084
9,9588880,5KH7,MdrDBcore03193,P1123A,-1.293,-0.8473048806190491,0.5518468022346497,1.2046353816986084
9,9588880,5EDU,MdrDBcore03194,P748T,0.136,0.7738229632377625,0.5518468022346497,1.2046353816986084
9,9588880,5EDU,MdrDBcore03195,Q487K,-1.157,0.02023341879248619,0.5518468022346497,1.2046353816986084
9,9588880,5EDU,MdrDBcore03196,R529H,-0.198,0.06652139127254486,0.5518468022346497,1.2046353816986084
9,9588880,5EDU,MdrDBcore03197,R745Q,-0.06,-0.17292633652687073,0.5518468022346497,1.2046353816986084
9,9588880,5EDU,MdrDBcore03198,R835W,-0.391,0.3011385202407837,0.5518468022346497,1.2046353816986084
9,9588880,5KH7,MdrDBcore03199,Y1149A,2.397,-0.2725919485092163,0.5518468022346497,1.2046353816986084
9,9588880,5IUG,MdrDBcore03200,A1148V,0.361,0.054383035749197006,0.5518468022346497,1.2046353816986084
9,9588880,5IUG,MdrDBcore03201,A1200V,0.399,-0.08325144648551941,0.5518468022346497,1.2046353816986084
9,9588880,5IUG,MdrDBcore03202,A1200V,1.744,-0.3637482821941376,0.5518468022346497,1.2046353816986084
9,9588880,7LRZ,MdrDBcore03203,A900G,0.24,0.09569907188415527,0.5518468022346497,1.2046353816986084
9,9588880,7LRZ,MdrDBcore03204,A900G,-0.424,0.4621075987815857,0.5518468022346497,1.2046353816986084
9,9588880,7LRZ,MdrDBcore03205,C928Y,-0.806,0.22994081676006317,0.5518468022346497,1.2046353816986084
9,9588880,7LRZ,MdrDBcore03206,C928Y,0.503,0.21223630011081696,0.5518468022346497,1.2046353816986084
9,9588880,5IUI,MdrDBcore03207,D1091N,-0.982,0.30233532190322876,0.5518468022346497,1.2046353816986084
9,9588880,5IUI,MdrDBcore03208,D1091N,-1.476,0.34640008211135864,0.5518468022346497,1.2046353816986084
9,9588880,5IUG,MdrDBcore03209,D1349N,0.294,0.12556816637516022,0.5518468022346497,1.2046353816986084
9,9588880,7LRZ,MdrDBcore03210,D951E,0.195,0.19298596680164337,0.5518468022346497,1.2046353816986084
9,9588880,7LRZ,MdrDBcore03211,D951E,0.502,-0.043214742094278336,0.5518468022346497,1.2046353816986084
9,9588880,7LRZ,MdrDBcore03212,E949K,0.702,-0.16613446176052094,0.5518468022346497,1.2046353816986084
9,9588880,7LRZ,MdrDBcore03213,E949K,0.856,0.04325944557785988,0.5518468022346497,1.2046353816986084
9,9588880,7LRZ,MdrDBcore03214,G744R,0.474,-0.4393373727798462,0.5518468022346497,1.2046353816986084
9,9588880,7LRZ,MdrDBcore03215,G882C,0.353,0.02214142307639122,0.5518468022346497,1.2046353816986084
9,9588880,7LRZ,MdrDBcore03216,G893R,0.159,0.008695092052221298,0.5518468022346497,1.2046353816986084
9,9588880,7LRZ,MdrDBcore03217,G893R,-0.172,-0.2168305665254593,0.5518468022346497,1.2046353816986084
9,9588880,7LRZ,MdrDBcore03218,G925R,-0.789,0.12057022750377655,0.5518468022346497,1.2046353816986084
9,9588880,7LRZ,MdrDBcore03219,G940C,-0.748,-0.42625120282173157,0.5518468022346497,1.2046353816986084
9,9588880,7LRZ,MdrDBcore03220,H755N,0.299,-0.0032975710928440094,0.5518468022346497,1.2046353816986084
9,9588880,7LRZ,MdrDBcore03221,H755N,0.188,-0.09852705895900726,0.5518468022346497,1.2046353816986084
9,9588880,7LRZ,MdrDBcore03222,I981V,0.199,-0.20127125084400177,0.5518468022346497,1.2046353816986084
9,9588880,7LRZ,MdrDBcore03223,I981V,0.587,-0.14246121048927307,0.5518468022346497,1.2046353816986084
9,9588880,5IUG,MdrDBcore03224,K1109N,0.122,-0.3572862446308136,0.5518468022346497,1.2046353816986084
9,9588880,5IUG,MdrDBcore03225,N1353S,0.731,0.5351163148880005,0.5518468022346497,1.2046353816986084
9,9588880,5IUG,MdrDBcore03226,N1353S,-0.909,0.01845714822411537,0.5518468022346497,1.2046353816986084
9,9588880,7LRZ,MdrDBcore03227,N941S,0.153,0.30408021807670593,0.5518468022346497,1.2046353816986084
9,9588880,4TT7,MdrDBcore03228,P1218S,0.681,0.5564112067222595,0.5518468022346497,1.2046353816986084
9,9588880,4TT7,MdrDBcore03229,P1218S,1.508,0.3041316568851471,0.5518468022346497,1.2046353816986084
9,9588880,5IUG,MdrDBcore03230,P1298S,-0.473,-0.12003058195114136,0.5518468022346497,1.2046353816986084
9,9588880,4TT7,MdrDBcore03231,P1298S,-0.566,-0.41443556547164917,0.5518468022346497,1.2046353816986084
9,9588880,5IUG,MdrDBcore03232,P1398L,0.372,0.01911357417702675,0.5518468022346497,1.2046353816986084
9,9588880,5IUG,MdrDBcore03233,R1192Q,0.204,0.07915893197059631,0.5518468022346497,1.2046353816986084
9,9588880,5IUG,MdrDBcore03234,R1192Q,-0.195,0.02488679066300392,0.5518468022346497,1.2046353816986084
9,9588880,5IUG,MdrDBcore03235,R1209A,-0.06,0.0907420963048935,0.5518468022346497,1.2046353816986084
9,9588880,5IUG,MdrDBcore03236,R1209A,-0.159,0.10211162269115448,0.5518468022346497,1.2046353816986084
9,9588880,4TT7,MdrDBcore03237,R1275Q,-0.395,0.9505986571311951,0.5518468022346497,1.2046353816986084
9,9588880,4TT7,MdrDBcore03238,R1275Q,-0.6,-0.5454787015914917,0.5518468022346497,1.2046353816986084
9,9588880,7LRZ,MdrDBcore03239,R753Q,0.26,0.11046965420246124,0.5518468022346497,1.2046353816986084
9,9588880,5IUG,MdrDBcore03240,T1312I,-0.415,0.06713174283504486,0.5518468022346497,1.2046353816986084
9,9588880,5IUG,MdrDBcore03241,T1312I,-1.169,-0.25188302993774414,0.5518468022346497,1.2046353816986084
9,9588880,7N00,MdrDBcore03242,V1013L,-0.435,-0.08634018898010254,0.5518468022346497,1.2046353816986084
9,9588880,7LRZ,MdrDBcore03243,V712L,0.633,-0.25609201192855835,0.5518468022346497,1.2046353816986084
9,9588880,7LRZ,MdrDBcore03244,V712L,0.273,0.1613999605178833,0.5518468022346497,1.2046353816986084
9,9588880,5OTF,MdrDBcore03245,A355T,-0.537,-0.05728503316640854,0.5518468022346497,1.2046353816986084
9,9588880,5OTF,MdrDBcore03246,D241H,0.15,-0.11003299057483673,0.5518468022346497,1.2046353816986084
9,9588880,5OTF,MdrDBcore03247,D411N,0.67,-0.14729033410549164,0.5518468022346497,1.2046353816986084
9,9588880,5OTF,MdrDBcore03248,E297A,-1.318,-0.14295457303524017,0.5518468022346497,1.2046353816986084
9,9588880,5OTE,MdrDBcore03249,F336L,-0.995,0.04131154343485832,0.5518468022346497,1.2046353816986084
9,9588880,5OTF,MdrDBcore03250,K96N,1.17,-0.16414552927017212,0.5518468022346497,1.2046353816986084
9,9588880,5OTF,MdrDBcore03251,M184V,-0.534,-0.12282335758209229,0.5518468022346497,1.2046353816986084
9,9588880,5OTF,MdrDBcore03252,M274L,-0.536,-0.13265496492385864,0.5518468022346497,1.2046353816986084
9,9588880,5OTF,MdrDBcore03253,R326H,-1.003,-0.09734904766082764,0.5518468022346497,1.2046353816986084
9,9588880,5OTF,MdrDBcore03254,V372M,0.079,-0.26890066266059875,0.5518468022346497,1.2046353816986084
9,9588880,1XKK,MdrDBcore03255,T790M+L858R,0.931,0.29665786027908325,0.5518468022346497,1.2046353816986084
9,9588880,1XKK,MdrDBcore03256,T790M+L858R,2.31,0.40287768840789795,0.5518468022346497,1.2046353816986084
9,9588880,1XKK,MdrDBcore03257,T790M+L858R,1.177,0.6588627696037292,0.5518468022346497,1.2046353816986084
9,9588880,1XKK,MdrDBcore03258,T790M+L858R,1.259,1.6083794832229614,0.5518468022346497,1.2046353816986084
9,9588880,1XKK,MdrDBcore03259,T790M+L858R,1.129,0.6608920097351074,0.5518468022346497,1.2046353816986084
9,9588880,1XKK,MdrDBcore03260,T790M+L858R,0.063,-0.04281424358487129,0.5518468022346497,1.2046353816986084
9,9588880,1XKK,MdrDBcore03261,T790M+L858R,2.123,1.072523832321167,0.5518468022346497,1.2046353816986084
9,9588880,1QPC,MdrDBcore03262,A289D+A396V,0.426,-0.4194520115852356,0.5518468022346497,1.2046353816986084
9,9588880,1QPC,MdrDBcore03263,A289D+A396V,0.364,-0.1378295123577118,0.5518468022346497,1.2046353816986084
9,9588880,3CQU,MdrDBcore03264,G311D+K307N,0.539,1.5689514875411987,0.5518468022346497,1.2046353816986084
9,9588880,3CQU,MdrDBcore03265,G311D+K307N,1.509,0.5932633280754089,0.5518468022346497,1.2046353816986084
9,9588880,4KIK,MdrDBcore03266,R55A,0.198,0.7818141579627991,0.5518468022346497,1.2046353816986084
9,9588880,2J7T,MdrDBcore03267,V80M,0.784,-0.20783381164073944,0.5518468022346497,1.2046353816986084
9,9588880,1XKK,MdrDBcore03268,E866D,0.355,0.22136850655078888,0.5518468022346497,1.2046353816986084
9,9588880,4AOJ,MdrDBcore03269,R692H,0.013,0.6264709234237671,0.5518468022346497,1.2046353816986084
9,9588880,4PMM,MdrDBcore03270,T678I,0.198,-0.2671900987625122,0.5518468022346497,1.2046353816986084
9,9588880,2I0V,MdrDBcore03271,G589E,0.09,-0.24389766156673431,0.5518468022346497,1.2046353816986084
9,9588880,2IVS,MdrDBcore03272,L746M,0.961,0.06262286007404327,0.5518468022346497,1.2046353816986084
9,9588880,1JQH,MdrDBcore03273,S1009L,1.71,0.35700106620788574,0.5518468022346497,1.2046353816986084
9,9588880,1JQH,MdrDBcore03274,S1009L,2.085,0.845115065574646,0.5518468022346497,1.2046353816986084
9,9588880,3ZBF,MdrDBcore03275,R2126L,1.523,-0.11861498653888702,0.5518468022346497,1.2046353816986084
9,9588880,1T46,MdrDBcore03276,E640K,0.319,0.43936145305633545,0.5518468022346497,1.2046353816986084
9,9588880,1T46,MdrDBcore03277,N822K,0.297,0.4352702498435974,0.5518468022346497,1.2046353816986084
9,9588880,1T46,MdrDBcore03278,N822K,0.231,0.31657278537750244,0.5518468022346497,1.2046353816986084
9,9588880,1T46,MdrDBcore03279,N822K,1.303,0.22012056410312653,0.5518468022346497,1.2046353816986084
9,9588880,1T46,MdrDBcore03280,N822K,0.988,0.3758125901222229,0.5518468022346497,1.2046353816986084
9,9588880,2FB8,MdrDBcore03281,G466V,0.503,0.1844893991947174,0.5518468022346497,1.2046353816986084
9,9588880,5GRN,MdrDBcore03282,N848I,0.513,0.6098217964172363,0.5518468022346497,1.2046353816986084
9,9588880,5GRN,MdrDBcore03283,N848I,0.564,0.1702248752117157,0.5518468022346497,1.2046353816986084
9,9588880,3HNG,MdrDBcore03284,C1039S,0.208,0.30527082085609436,0.5518468022346497,1.2046353816986084
9,9588880,3HNG,MdrDBcore03285,L1061V,0.05,0.23161296546459198,0.5518468022346497,1.2046353816986084
9,9588880,3HNG,MdrDBcore03286,L1061V,1.469,0.33126625418663025,0.5518468022346497,1.2046353816986084
9,9588880,3HNG,MdrDBcore03287,L1061V,0.098,0.2525208592414856,0.5518468022346497,1.2046353816986084
9,9588880,3HNG,MdrDBcore03288,R1045Q,0.171,-0.12392283976078033,0.5518468022346497,1.2046353816986084
9,9588880,3HNG,MdrDBcore03289,R1045Q,0.109,1.1365692615509033,0.5518468022346497,1.2046353816986084
9,9588880,1B38,MdrDBcore03290,P155L,0.467,-0.6433504223823547,0.5518468022346497,1.2046353816986084
9,9588880,2JDO,MdrDBcore03291,A190G,0.213,0.15165308117866516,0.5518468022346497,1.2046353816986084
9,9588880,1VR2,MdrDBcore03292,D1064Y,0.089,-0.11635403335094452,0.5518468022346497,1.2046353816986084
9,9588880,1VR2,MdrDBcore03293,R1066C,0.054,0.09104149043560028,0.5518468022346497,1.2046353816986084
9,9588880,1VR2,MdrDBcore03294,R1066C,0.014,-0.2321893274784088,0.5518468022346497,1.2046353816986084
9,9588880,4RT7,MdrDBcore03295,E661V,0.098,0.1959666758775711,0.5518468022346497,1.2046353816986084
9,9588880,4RT7,MdrDBcore03296,E661V,0.057,0.5107331871986389,0.5518468022346497,1.2046353816986084
9,9588880,4RT7,MdrDBcore03297,E661V,0.176,1.215674877166748,0.5518468022346497,1.2046353816986084
9,9588880,1B6C,MdrDBcore03298,G212V,0.183,-0.18944117426872253,0.5518468022346497,1.2046353816986084
9,9588880,1XBB,MdrDBcore03299,R520S,1.81,0.6419551968574524,0.5518468022346497,1.2046353816986084
9,9588880,3SXR,MdrDBcore03300,M464I,0.734,0.39184218645095825,0.5518468022346497,1.2046353816986084
9,9588880,3SXR,MdrDBcore03301,M464I,0.312,0.14728938043117523,0.5518468022346497,1.2046353816986084
9,9588880,1YVJ,MdrDBcore03302,K830M,0.118,0.5545390248298645,0.5518468022346497,1.2046353816986084
9,9588880,3S95,MdrDBcore03303,G480R,0.553,1.0469828844070435,0.5518468022346497,1.2046353816986084
9,9588880,1XO2,MdrDBcore03304,R168H,1.136,0.7240309715270996,0.5518468022346497,1.2046353816986084
9,9588880,3ZOS,MdrDBcore03305,D795E,1.094,0.8911668658256531,0.5518468022346497,1.2046353816986084
9,9588880,3ZOS,MdrDBcore03306,P806L,0.142,0.41432756185531616,0.5518468022346497,1.2046353816986084
9,9588880,3MJ2,MdrDBcore03307,L508M,1.084,0.4137651324272156,0.5518468022346497,1.2046353816986084
9,9588880,3MJ2,MdrDBcore03308,T504S,0.099,0.18893355131149292,0.5518468022346497,1.2046353816986084
9,9588880,3MJ2,MdrDBcore03309,T518I,0.193,0.22675330936908722,0.5518468022346497,1.2046353816986084
9,9588880,2R4B,MdrDBcore03310,G863E,0.044,0.16496844589710236,0.5518468022346497,1.2046353816986084
9,9588880,2R4B,MdrDBcore03311,G879A,0.128,0.29927772283554077,0.5518468022346497,1.2046353816986084
9,9588880,2R4B,MdrDBcore03312,L770P,0.518,0.19334520399570465,0.5518468022346497,1.2046353816986084
9,9588880,2R4B,MdrDBcore03313,L770P,0.384,0.13371987640857697,0.5518468022346497,1.2046353816986084
9,9588880,2R4B,MdrDBcore03314,L770P,0.312,-0.1238323301076889,0.5518468022346497,1.2046353816986084
9,9588880,2R4B,MdrDBcore03315,M766I,0.801,0.22820337116718292,0.5518468022346497,1.2046353816986084
9,9588880,2R4B,MdrDBcore03316,M766I,0.375,0.20190158486366272,0.5518468022346497,1.2046353816986084
9,9588880,6KZC,MdrDBcore03317,R702T,0.378,-0.2645047605037689,0.5518468022346497,1.2046353816986084
9,9588880,1WAK,MdrDBcore03318,F508L,0.135,-0.4252094328403473,0.5518468022346497,1.2046353816986084
9,9588880,2XB7,MdrDBcore03319,A1289V,0.147,0.7919882535934448,0.5518468022346497,1.2046353816986084
9,9588880,2XB7,MdrDBcore03320,A1289V,0.07,0.1605554074048996,0.5518468022346497,1.2046353816986084
9,9588880,6GR8,MdrDBcore03321,P192L,1.021,1.287103533744812,0.5518468022346497,1.2046353816986084
9,9588880,6GR8,MdrDBcore03322,P192L,0.536,0.851534903049469,0.5518468022346497,1.2046353816986084
9,9588880,3UM8,MdrDBcore03323,A16C+S108T,2.407,3.1523520946502686,0.5518468022346497,1.2046353816986084
9,9588880,3UM8,MdrDBcore03324,A16G+S108T,2.628,3.094085693359375,0.5518468022346497,1.2046353816986084
9,9588880,3UM8,MdrDBcore03325,A16S+S108T,3.63,3.194218158721924,0.5518468022346497,1.2046353816986084
9,9588880,3UM8,MdrDBcore03326,A16T+S108T,4.101,3.2127270698547363,0.5518468022346497,1.2046353816986084
9,9588880,3UM8,MdrDBcore03327,A16V+S108T,4.062,3.1927921772003174,0.5518468022346497,1.2046353816986084
9,9588880,3UM8,MdrDBcore03328,C59R+S108N,1.794,2.7557663917541504,0.5518468022346497,1.2046353816986084
9,9588880,3UM8,MdrDBcore03329,N51I+C59R+S108N+I164L,3.994,2.7370550632476807,0.5518468022346497,1.2046353816986084
9,9588880,2R5Q,MdrDBcore03330,D30N+L90M,1.62,1.0547271966934204,0.5518468022346497,1.2046353816986084
9,9588880,2R5P,MdrDBcore03331,D30N+L90M,0.222,0.7400026917457581,0.5518468022346497,1.2046353816986084
9,9588880,2R5Q,MdrDBcore03332,D30N+N88D,1.599,1.0547271966934204,0.5518468022346497,1.2046353816986084
9,9588880,2R5P,MdrDBcore03333,D30N+N88D,0.334,0.7400026917457581,0.5518468022346497,1.2046353816986084
9,9588880,2R5Q,MdrDBcore03334,D30N+N88D+L90M,2.344,1.05472731590271,0.5518468022346497,1.2046353816986084
9,9588880,2R5P,MdrDBcore03335,D30N+N88D+L90M,0.532,0.7400036454200745,0.5518468022346497,1.2046353816986084
9,9588880,2R5Q,MdrDBcore03336,N88D+L90M,0.975,1.0021004676818848,0.5518468022346497,1.2046353816986084
9,9588880,2R5P,MdrDBcore03337,N88D+L90M,1.61,0.7414695024490356,0.5518468022346497,1.2046353816986084
9,9588880,2Q54,MdrDBcore03338,D30N+N88D,0.316,0.642135739326477,0.5518468022346497,1.2046353816986084
9,9588880,2Q54,MdrDBcore03339,L10I+A71V+G73S+I84V+L90M,2.858,0.6209756135940552,0.5518468022346497,1.2046353816986084
9,9588880,2Q54,MdrDBcore03340,L10I+G48V+I54V+V82A,2.625,0.5810446739196777,0.5518468022346497,1.2046353816986084
9,9588880,2VZM,MdrDBcore03341,E85Q+N50D,0.424,0.6921977996826172,0.5518468022346497,1.2046353816986084
9,9588880,2VZ7,MdrDBcore03342,E85Q+N50D,1.497,0.7071541547775269,0.5518468022346497,1.2046353816986084
9,9588880,2VZM,MdrDBcore03343,E94Q+N50D,1.076,0.6896911263465881,0.5518468022346497,1.2046353816986084
9,9588880,1H0A,MdrDBcore03344,L6E+I13D,1.194,0.143154114484787,0.5518468022346497,1.2046353816986084
9,9588880,1MPW,MdrDBcore03345,L247V+L244A,-0.085,-0.6283857822418213,0.5518468022346497,1.2046353816986084
9,9588880,1MPW,MdrDBcore03346,W87A+L247V,-0.543,-0.6534305810928345,0.5518468022346497,1.2046353816986084
9,9588880,1MPW,MdrDBcore03347,W87F+L244A,-0.411,-0.6564413905143738,0.5518468022346497,1.2046353816986084
9,9588880,1MPW,MdrDBcore03348,W87F+L247V,-0.411,-0.6534306406974792,0.5518468022346497,1.2046353816986084
9,9588880,1MPW,MdrDBcore03349,W87L+L247V,-0.651,-0.6534305214881897,0.5518468022346497,1.2046353816986084
9,9588880,3FS6,MdrDBcore03350,Q35K+N64F,-1.702,0.45954596996307373,0.5518468022346497,1.2046353816986084
9,9588880,2W3A,MdrDBcore03351,Q35K+N64F,0.14,0.14042125642299652,0.5518468022346497,1.2046353816986084
9,9588880,2W3A,MdrDBcore03352,Q35K+N64S,0.227,0.14042076468467712,0.5518468022346497,1.2046353816986084
9,9588880,2W3A,MdrDBcore03353,Q35S+N64F,0.13,0.14042043685913086,0.5518468022346497,1.2046353816986084
9,9588880,3FS6,MdrDBcore03354,Q35S+N64S,-0.74,0.7709612846374512,0.5518468022346497,1.2046353816986084
9,9588880,2W3A,MdrDBcore03355,Q35S+N64S,0.097,0.14042061567306519,0.5518468022346497,1.2046353816986084
9,9588880,2V7A,MdrDBcore03356,I315T+E255V,0.61,0.28472092747688293,0.5518468022346497,1.2046353816986084
9,9588880,2V7A,MdrDBcore03357,I315T+M351T,0.651,0.28472116589546204,0.5518468022346497,1.2046353816986084
9,9588880,2ITY,MdrDBcore03358,G719S+T790M,0.48,-0.4677004814147949,0.5518468022346497,1.2046353816986084
9,9588880,2H4N,MdrDBcore03359,H119D+N94H,4.201,2.8345839977264404,0.5518468022346497,1.2046353816986084
9,9588880,2H4N,MdrDBcore03360,H119N+N94H,1.564,3.0629637241363525,0.5518468022346497,1.2046353816986084
9,9588880,2H4N,MdrDBcore03361,H119Q+N94H,2.811,2.6402108669281006,0.5518468022346497,1.2046353816986084
9,9588880,1AMW,MdrDBcore03362,E88G+N92L,0.676,1.1661416292190552,0.5518468022346497,1.2046353816986084
9,9588880,1A4H,MdrDBcore03363,E88G+N92L,1.262,0.6773789525032043,0.5518468022346497,1.2046353816986084
9,9588880,1AMW,MdrDBcore03364,K44R+K98N,0.71,0.6207436323165894,0.5518468022346497,1.2046353816986084
9,9588880,1A4H,MdrDBcore03365,K44R+K98N,0.659,0.29153314232826233,0.5518468022346497,1.2046353816986084
9,9588880,1AMW,MdrDBcore03366,L89V+L93I,1.321,1.2181943655014038,0.5518468022346497,1.2046353816986084
9,9588880,1A4H,MdrDBcore03367,L89V+L93I,-0.522,0.6031478643417358,0.5518468022346497,1.2046353816986084
9,9588880,1AMW,MdrDBcore03368,L89V+L93I+V136M,1.628,1.2181943655014038,0.5518468022346497,1.2046353816986084
9,9588880,2VWC,MdrDBcore03369,L89V+L93I+V136M,0.512,0.6082252860069275,0.5518468022346497,1.2046353816986084
9,9588880,1A4H,MdrDBcore03370,L89V+L93I+V136M,0.317,0.6031478643417358,0.5518468022346497,1.2046353816986084
9,9588880,2AQU,MdrDBcore03371,D30N+L90M,0.821,0.6096646785736084,0.5518468022346497,1.2046353816986084
9,9588880,2AQU,MdrDBcore03372,D30N+N88D,0.149,0.6096643209457397,0.5518468022346497,1.2046353816986084
9,9588880,2AQU,MdrDBcore03373,D30N+N88D+L90M,0.986,0.6096641421318054,0.5518468022346497,1.2046353816986084
9,9588880,2AQU,MdrDBcore03374,N88D+L90M,0.954,0.6136185526847839,0.5518468022346497,1.2046353816986084
9,9588880,2Q64,MdrDBcore03375,A71V+N30D,-1.153,0.6656771898269653,0.5518468022346497,1.2046353816986084
9,9588880,2Q64,MdrDBcore03376,L90M+N30D,-0.473,0.6656770706176758,0.5518468022346497,1.2046353816986084
9,9588880,2Q64,MdrDBcore03377,N88D+N30D,-1.153,0.665677011013031,0.5518468022346497,1.2046353816986084
9,9588880,1SGU,MdrDBcore03378,V54I+M46I,-0.222,-0.31665849685668945,0.5518468022346497,1.2046353816986084
9,9588880,1SH9,MdrDBcore03379,V54I+M46I,-0.589,-0.14634747803211212,0.5518468022346497,1.2046353816986084
9,9588880,1SGU,MdrDBcore03380,V54I+V84I,-2.439,-0.2735222578048706,0.5518468022346497,1.2046353816986084
9,9588880,1SH9,MdrDBcore03381,V54I+V84I,-1.578,-0.1593501716852188,0.5518468022346497,1.2046353816986084
9,9588880,1SGU,MdrDBcore03382,V54I+V84I+M46I,-0.456,-0.27352219820022583,0.5518468022346497,1.2046353816986084
9,9588880,1SH9,MdrDBcore03383,V54I+V84I+M46I,-1.271,-0.15934999287128448,0.5518468022346497,1.2046353816986084
9,9588880,1QKU,MdrDBcore03384,C381S+C417S+C530S,0.749,0.27720871567726135,0.5518468022346497,1.2046353816986084
9,9588880,1QKU,MdrDBcore03385,E339A+E419A+K531A,0.993,0.2772093117237091,0.5518468022346497,1.2046353816986084
9,9588880,1FKW,MdrDBcore03386,D296A+E295D,3.853,3.3091230392456055,0.5518468022346497,1.2046353816986084
9,9588880,1FKW,MdrDBcore03387,D296N+E295D,3.007,2.002692222595215,0.5518468022346497,1.2046353816986084
9,9588880,1FKW,MdrDBcore03388,H238A+E295D,1.016,1.032105803489685,0.5518468022346497,1.2046353816986084
9,9588880,1FKW,MdrDBcore03389,H238R+E295D,0.443,1.4177595376968384,0.5518468022346497,1.2046353816986084
9,9588880,2BPX,MdrDBcore03390,D30N+L90M,1.016,0.831749439239502,0.5518468022346497,1.2046353816986084
9,9588880,2BPX,MdrDBcore03391,D30N+N88D,0.796,0.8317491412162781,0.5518468022346497,1.2046353816986084
9,9588880,2BPX,MdrDBcore03392,D30N+N88D+L90M,0.605,0.8317485451698303,0.5518468022346497,1.2046353816986084
9,9588880,3BC4,MdrDBcore03393,I50V+V84I,1.309,1.0752239227294922,0.5518468022346497,1.2046353816986084
9,9588880,2BPX,MdrDBcore03394,N88D+L90M,1.354,1.0610580444335938,0.5518468022346497,1.2046353816986084
9,9588880,1OH0,MdrDBcore03395,L125A+V127A,0.999,0.10059067606925964,0.5518468022346497,1.2046353816986084
9,9588880,1OH0,MdrDBcore03396,L125F+V127F,0.199,0.10059081017971039,0.5518468022346497,1.2046353816986084
9,9588880,1OH0,MdrDBcore03397,W92A+L125A+V127A,0.641,0.10059075057506561,0.5518468022346497,1.2046353816986084
9,9588880,2V5V,MdrDBcore03398,E16K+E57W,-1.245,0.26566946506500244,0.5518468022346497,1.2046353816986084
9,9588880,2V5V,MdrDBcore03399,I59A+I92A+E57W,-0.592,0.27686807513237,0.5518468022346497,1.2046353816986084
9,9588880,2V5V,MdrDBcore03400,I59E+I92E+E57W,-0.138,0.2767352759838104,0.5518468022346497,1.2046353816986084
9,9588880,2V5V,MdrDBcore03401,T12K+E57W,0.372,0.29076120257377625,0.5518468022346497,1.2046353816986084
9,9588880,1G6S,MdrDBcore03402,T97I+P101S,5.33,4.595189094543457,0.5518468022346497,1.2046353816986084
9,9588880,1G6T,MdrDBcore03403,T97I+P101S,0.232,-0.43052488565444946,0.5518468022346497,1.2046353816986084
9,9588880,1OWB,MdrDBcore03404,H110A+L109R,1.708,1.3839139938354492,0.5518468022346497,1.2046353816986084
9,9588880,1OWB,MdrDBcore03405,K167A+L109R,2.126,1.3375402688980103,0.5518468022346497,1.2046353816986084
9,9588880,1OWB,MdrDBcore03406,N189A+L109R,1.997,1.354232668876648,0.5518468022346497,1.2046353816986084
9,9588880,1OWB,MdrDBcore03407,Q182A+L109R,1.191,1.3183414936065674,0.5518468022346497,1.2046353816986084
9,9588880,1OWB,MdrDBcore03408,R163L+L109R,2.095,1.2715039253234863,0.5518468022346497,1.2046353816986084
9,9588880,1OWB,MdrDBcore03409,T111A+L109R,1.656,1.3279799222946167,0.5518468022346497,1.2046353816986084
9,9588880,1OWB,MdrDBcore03410,T204A+L109R,1.999,1.3183414936065674,0.5518468022346497,1.2046353816986084
9,9588880,1OWB,MdrDBcore03411,Y145A+L109R,3.639,1.3287602663040161,0.5518468022346497,1.2046353816986084
9,9588880,3G0E,MdrDBcore03412,V560D+T670I,-0.211,0.08227144181728363,0.5518468022346497,1.2046353816986084
9,9588880,3EBS,MdrDBcore03413,S208I+G369S,0.942,2.288792610168457,0.5518468022346497,1.2046353816986084
9,9588880,3BKL,MdrDBcore03414,V379S+V380T,0.147,0.3019493818283081,0.5518468022346497,1.2046353816986084
9,9588880,1J3I,MdrDBcore03415,A16C+S108T,-0.821,0.3164867162704468,0.5518468022346497,1.2046353816986084
9,9588880,1J3I,MdrDBcore03416,A16G+S108T,-0.411,0.14885978400707245,0.5518468022346497,1.2046353816986084
9,9588880,1J3I,MdrDBcore03417,A16S+S108T,0.0,0.251848965883255,0.5518468022346497,1.2046353816986084
9,9588880,1J3I,MdrDBcore03418,A16T+S108T,0.24,0.23978234827518463,0.5518468022346497,1.2046353816986084
9,9588880,1J3I,MdrDBcore03419,A16V+S108T,0.332,0.24791358411312103,0.5518468022346497,1.2046353816986084
9,9588880,1J3I,MdrDBcore03420,C59R+S108N,0.354,0.24420221149921417,0.5518468022346497,1.2046353816986084
9,9588880,1J3I,MdrDBcore03421,N51I+C59R+S108N+I164L,0.719,0.15836201608181,0.5518468022346497,1.2046353816986084
9,9588880,2W9S,MdrDBcore03422,Y98F+A43G,-3.04,-0.10094162821769714,0.5518468022346497,1.2046353816986084
9,9588880,2W9S,MdrDBcore03423,Y98F+A43G,-2.797,-0.10094162821769714,0.5518468022346497,1.2046353816986084
9,9588880,2IS7,MdrDBcore03424,C298A+W219Y,-0.878,1.010543942451477,0.5518468022346497,1.2046353816986084
9,9588880,2INZ,MdrDBcore03425,C298A+W219Y,1.311,0.9405916929244995,0.5518468022346497,1.2046353816986084
9,9588880,2INE,MdrDBcore03426,C298A+W219Y,0.783,1.2151368856430054,0.5518468022346497,1.2046353816986084
9,9588880,2PDK,MdrDBcore03427,L300P+M301L,-0.288,-0.49822795391082764,0.5518468022346497,1.2046353816986084
9,9588880,2PZN,MdrDBcore03428,S302R+C303D,2.471,1.325485348701477,0.5518468022346497,1.2046353816986084
9,9588880,2PDG,MdrDBcore03429,S302R+C303D,2.735,1.767982840538025,0.5518468022346497,1.2046353816986084
9,9588880,1PWM,MdrDBcore03430,S302R+C303D,1.895,0.22980649769306183,0.5518468022346497,1.2046353816986084
9,9588880,3AMA,MdrDBcore03431,Q95L+L120M+A123V,0.417,0.6076059937477112,0.5518468022346497,1.2046353816986084
9,9588880,3AMB,MdrDBcore03432,Q95L+L120M+A123V,1.005,0.8557013869285583,0.5518468022346497,1.2046353816986084
9,9588880,3AMA,MdrDBcore03433,R47K+L120M+A123V,0.827,0.6076059341430664,0.5518468022346497,1.2046353816986084
9,9588880,3AMB,MdrDBcore03434,R47K+L120M+A123V,1.037,0.8557016849517822,0.5518468022346497,1.2046353816986084
9,9588880,3AMA,MdrDBcore03435,R47K+Q95L+A123V,0.417,0.6041952967643738,0.5518468022346497,1.2046353816986084
9,9588880,3AMB,MdrDBcore03436,R47K+Q95L+A123V,0.713,0.9038800001144409,0.5518468022346497,1.2046353816986084
9,9588880,3AMA,MdrDBcore03437,R47K+Q95L+L120M,0.875,0.599342405796051,0.5518468022346497,1.2046353816986084
9,9588880,3AMB,MdrDBcore03438,R47K+Q95L+L120M,-0.393,0.8720609545707703,0.5518468022346497,1.2046353816986084
9,9588880,3AMA,MdrDBcore03439,R47K+Q95L+L120M+A123V,0.719,0.6076058745384216,0.5518468022346497,1.2046353816986084
9,9588880,3AMB,MdrDBcore03440,R47K+Q95L+L120M+A123V,1.373,0.8557016849517822,0.5518468022346497,1.2046353816986084
9,9588880,2GMK,MdrDBcore03441,N89K+A91E,-0.364,0.44044047594070435,0.5518468022346497,1.2046353816986084
9,9588880,2GMK,MdrDBcore03442,N89R+A91E,-0.256,0.34212809801101685,0.5518468022346497,1.2046353816986084
9,9588880,3RY2,MdrDBcore03443,S52G+R53D,0.314,0.6533081531524658,0.5518468022346497,1.2046353816986084
9,9588880,3RY2,MdrDBcore03444,S52G+R53S,0.0,0.6533080339431763,0.5518468022346497,1.2046353816986084
9,9588880,3RY2,MdrDBcore03445,T90S+W108V+L110T+F29L+S52G+R53S,3.899,-0.9766497611999512,0.5518468022346497,1.2046353816986084
9,9588880,1GZ4,MdrDBcore03446,R197Q+R542V+R556Q,0.0,0.8994096517562866,0.5518468022346497,1.2046353816986084
9,9588880,3CWK,MdrDBcore03447,L111R+E121L+V54T,-0.543,0.01281159371137619,0.5518468022346497,1.2046353816986084
9,9588880,1P6L,MdrDBcore03448,N368D+V106M,-2.454,-1.9882973432540894,0.5518468022346497,1.2046353816986084
9,9588880,1P6N,MdrDBcore03449,N368D+V106M,-2.728,-0.264873206615448,0.5518468022346497,1.2046353816986084
9,9588880,1P6H,MdrDBcore03450,D597N+M336V,3.171,1.6062177419662476,0.5518468022346497,1.2046353816986084
9,9588880,1P6J,MdrDBcore03451,D597N+M336V,3.579,1.6358221769332886,0.5518468022346497,1.2046353816986084
9,9588880,3HU2,MdrDBcore03452,R53A+A86R,1.384,0.7495473623275757,0.5518468022346497,1.2046353816986084
9,9588880,1PZO,MdrDBcore03453,T182M+G238A,0.11,-0.22026972472667694,0.5518468022346497,1.2046353816986084
9,9588880,3CKZ,MdrDBcore03454,N294S+Y274H,0.789,0.4728584289550781,0.5518468022346497,1.2046353816986084
9,9588880,3CL2,MdrDBcore03455,S294N+Y252H,-3.968,0.0035658665001392365,0.5518468022346497,1.2046353816986084
9,9588880,3CKZ,MdrDBcore03456,Y274H+Y252H,-0.272,0.6664102673530579,0.5518468022346497,1.2046353816986084
9,9588880,2PH9,MdrDBcore03457,C190A+C191A,0.284,0.29015859961509705,0.5518468022346497,1.2046353816986084
9,9588880,1MUI,MdrDBcore03458,D30N+L90M,0.821,0.017637770622968674,0.5518468022346497,1.2046353816986084
9,9588880,1MUI,MdrDBcore03459,D30N+N88D+L90M,1.308,0.017638172954320908,0.5518468022346497,1.2046353816986084
9,9588880,1MUI,MdrDBcore03460,N88D+L90M,0.184,0.02717282995581627,0.5518468022346497,1.2046353816986084
9,9588880,2QEH,MdrDBcore03461,E7L+H35L,2.969,0.12719665467739105,0.5518468022346497,1.2046353816986084
9,9588880,2PQL,MdrDBcore03462,E7L+H35L,-1.084,-1.0636171102523804,0.5518468022346497,1.2046353816986084
9,9588880,3AM3,MdrDBcore03463,M372A+K316A,0.181,-0.454755574464798,0.5518468022346497,1.2046353816986084
9,9588880,2JDN,MdrDBcore03464,S23A+A22S,1.758,0.2524222135543823,0.5518468022346497,1.2046353816986084
9,9588880,1TPZ,MdrDBcore03465,L44R+S172R,-0.158,0.282639741897583,0.5518468022346497,1.2046353816986084
9,9588880,2DOR,MdrDBcore03466,K136E,-0.793,0.5231968760490417,0.5518468022346497,1.2046353816986084
9,9588880,2DOR,MdrDBcore03467,K213E,0.826,0.6004489660263062,0.5518468022346497,1.2046353816986084
9,9588880,2DOR,MdrDBcore03468,N127A,1.546,0.7044921517372131,0.5518468022346497,1.2046353816986084
9,9588880,2DOR,MdrDBcore03469,N193A,3.55,0.3216501474380493,0.5518468022346497,1.2046353816986084
9,9588880,2DOR,MdrDBcore03470,N67A,0.247,0.5325027108192444,0.5518468022346497,1.2046353816986084
9,9588880,2DOR,MdrDBcore03471,P131A,0.191,0.4026459753513336,0.5518468022346497,1.2046353816986084
9,9588880,2DOR,MdrDBcore03472,P56A,2.318,0.5231972336769104,0.5518468022346497,1.2046353816986084
9,9588880,2DOR,MdrDBcore03473,R50E,0.684,0.5231971144676208,0.5518468022346497,1.2046353816986084
9,9588880,2DOR,MdrDBcore03474,R57A,0.703,0.523377537727356,0.5518468022346497,1.2046353816986084
9,9588880,2DOR,MdrDBcore03475,S129A,0.678,0.4898058772087097,0.5518468022346497,1.2046353816986084
9,9588880,2RDE,MdrDBcore03476,L135R,-0.669,-0.4108111262321472,0.5518468022346497,1.2046353816986084
9,9588880,3UM8,MdrDBcore03477,A16C,0.07,0.6980985999107361,0.5518468022346497,1.2046353816986084
9,9588880,3UM8,MdrDBcore03478,A16G,0.732,0.7413451075553894,0.5518468022346497,1.2046353816986084
9,9588880,3UM8,MdrDBcore03479,A16S,2.615,0.7808875441551208,0.5518468022346497,1.2046353816986084
9,9588880,3UM8,MdrDBcore03480,S108N,1.241,0.8581429123878479,0.5518468022346497,1.2046353816986084
9,9588880,3UM8,MdrDBcore03481,S108T,0.638,0.8211655020713806,0.5518468022346497,1.2046353816986084
9,9588880,4B7J,MdrDBcore03482,H275Y,2.998,-0.327627956867218,0.5518468022346497,1.2046353816986084
9,9588880,4B7N,MdrDBcore03483,H275Y,0.513,0.8013007044792175,0.5518468022346497,1.2046353816986084
9,9588880,4B7J,MdrDBcore03484,R223I,-2.297,-0.789186954498291,0.5518468022346497,1.2046353816986084
9,9588880,4B7N,MdrDBcore03485,R223I,-1.313,-0.7842503786087036,0.5518468022346497,1.2046353816986084
9,9588880,2Q2A,MdrDBcore03486,E163Q,0.798,1.0470455884933472,0.5518468022346497,1.2046353816986084
9,9588880,2Q2A,MdrDBcore03487,E35K,3.343,1.0725042819976807,0.5518468022346497,1.2046353816986084
9,9588880,2Q2A,MdrDBcore03488,G168R,0.757,1.0470466613769531,0.5518468022346497,1.2046353816986084
9,9588880,2Q2A,MdrDBcore03489,G40A,0.379,1.0470473766326904,0.5518468022346497,1.2046353816986084
9,9588880,2Q2A,MdrDBcore03490,K41E,0.527,1.047046422958374,0.5518468022346497,1.2046353816986084
9,9588880,2Q2A,MdrDBcore03491,N166C,0.757,1.0470458269119263,0.5518468022346497,1.2046353816986084
9,9588880,2Q2A,MdrDBcore03492,Q132L,1.247,0.9916577935218811,0.5518468022346497,1.2046353816986084
9,9588880,2R5Q,MdrDBcore03493,D30N,2.384,0.29019060730934143,0.5518468022346497,1.2046353816986084
9,9588880,2R5Q,MdrDBcore03494,D30N,2.384,0.29019081592559814,0.5518468022346497,1.2046353816986084
9,9588880,2R5P,MdrDBcore03495,D30N,0.68,-0.6796951293945312,0.5518468022346497,1.2046353816986084
9,9588880,2R5Q,MdrDBcore03496,L90M,0.388,0.2287491112947464,0.5518468022346497,1.2046353816986084
9,9588880,2R5Q,MdrDBcore03497,L90M,0.388,0.22874905169010162,0.5518468022346497,1.2046353816986084
9,9588880,2R5P,MdrDBcore03498,L90M,0.197,-0.49123597145080566,0.5518468022346497,1.2046353816986084
9,9588880,2R5Q,MdrDBcore03499,N88D,0.493,0.22874926030635834,0.5518468022346497,1.2046353816986084
9,9588880,2R5Q,MdrDBcore03500,N88D,0.493,0.228749081492424,0.5518468022346497,1.2046353816986084
9,9588880,2R5P,MdrDBcore03501,N88D,1.176,-0.5211650133132935,0.5518468022346497,1.2046353816986084
9,9588880,2HDK,MdrDBcore03502,A318C,-0.072,-0.15158578753471375,0.5518468022346497,1.2046353816986084
9,9588880,1VKJ,MdrDBcore03503,E90Q,-0.554,-0.16845418512821198,0.5518468022346497,1.2046353816986084
9,9588880,1VKJ,MdrDBcore03504,K123A,-0.143,-0.23610876500606537,0.5518468022346497,1.2046353816986084
9,9588880,1VKJ,MdrDBcore03505,R67E,0.149,-0.17805708944797516,0.5518468022346497,1.2046353816986084
9,9588880,1VKJ,MdrDBcore03506,R72E,-0.587,-0.5177269577980042,0.5518468022346497,1.2046353816986084
9,9588880,2OFW,MdrDBcore03507,H34N,-1.005,-1.0886293649673462,0.5518468022346497,1.2046353816986084
9,9588880,2OFW,MdrDBcore03508,N27A,-0.917,-1.0886293649673462,0.5518468022346497,1.2046353816986084
9,9588880,2OFW,MdrDBcore03509,Q31A,-0.889,-1.2718095779418945,0.5518468022346497,1.2046353816986084
9,9588880,3I73,MdrDBcore03510,S238A,0.869,0.7760528922080994,0.5518468022346497,1.2046353816986084
9,9588880,2JBZ,MdrDBcore03511,D111A,0.477,0.6552197337150574,0.5518468022346497,1.2046353816986084
9,9588880,2JBZ,MdrDBcore03512,E57A,1.116,0.5972480177879333,0.5518468022346497,1.2046353816986084
9,9588880,2JBZ,MdrDBcore03513,H110A,0.1,0.6128543615341187,0.5518468022346497,1.2046353816986084
9,9588880,2JBZ,MdrDBcore03514,R15A,0.441,0.6252401471138,0.5518468022346497,1.2046353816986084
9,9588880,2VZM,MdrDBcore03515,E85Q,0.582,-0.28687864542007446,0.5518468022346497,1.2046353816986084
9,9588880,2VZ7,MdrDBcore03516,E85Q,1.401,0.7940102219581604,0.5518468022346497,1.2046353816986084
9,9588880,2VZM,MdrDBcore03517,E94Q,0.955,-0.23456963896751404,0.5518468022346497,1.2046353816986084
9,9588880,2VZM,MdrDBcore03518,N50D,0.184,-0.2288167029619217,0.5518468022346497,1.2046353816986084
9,9588880,2VZ7,MdrDBcore03519,N50D,0.765,0.8639096617698669,0.5518468022346497,1.2046353816986084
9,9588880,1H0A,MdrDBcore03520,L6E,0.229,0.4027565121650696,0.5518468022346497,1.2046353816986084
9,9588880,1H0A,MdrDBcore03521,L6Q,-0.108,0.40275630354881287,0.5518468022346497,1.2046353816986084
9,9588880,1MPW,MdrDBcore03522,L244A,-0.132,-0.5513629913330078,0.5518468022346497,1.2046353816986084
9,9588880,1MPW,MdrDBcore03523,L247V,-0.783,-0.5225383639335632,0.5518468022346497,1.2046353816986084
9,9588880,1MPW,MdrDBcore03524,W87F,-0.452,-0.4893023669719696,0.5518468022346497,1.2046353816986084
9,9588880,1AKR,MdrDBcore03525,A61G,-0.728,0.3801981210708618,0.5518468022346497,1.2046353816986084
9,9588880,1AKU,MdrDBcore03526,A95D,-0.786,-1.0708305835723877,0.5518468022346497,1.2046353816986084
9,9588880,1AKV,MdrDBcore03527,A95E,-0.812,0.36814141273498535,0.5518468022346497,1.2046353816986084
9,9588880,1AKV,MdrDBcore03528,A95N,-0.288,0.349656879901886,0.5518468022346497,1.2046353816986084
9,9588880,1AKV,MdrDBcore03529,A95N,-0.377,0.3496570587158203,0.5518468022346497,1.2046353816986084
9,9588880,1C7E,MdrDBcore03530,E95D,-0.383,0.13045932352542877,0.5518468022346497,1.2046353816986084
9,9588880,1AKW,MdrDBcore03531,L61G,-1.412,0.4679540991783142,0.5518468022346497,1.2046353816986084
9,9588880,1AKT,MdrDBcore03532,N61G,-1.535,0.27608418464660645,0.5518468022346497,1.2046353816986084
9,9588880,1HLD,MdrDBcore03533,F93A,1.679,1.2387206554412842,0.5518468022346497,1.2046353816986084
9,9588880,1N92,MdrDBcore03534,T178S,-0.471,1.1826612949371338,0.5518468022346497,1.2046353816986084
9,9588880,1N92,MdrDBcore03535,T178V,1.26,1.308293342590332,0.5518468022346497,1.2046353816986084
9,9588880,1N92,MdrDBcore03536,V203A,-0.04,1.218306541442871,0.5518468022346497,1.2046353816986084
9,9588880,1N92,MdrDBcore03537,V292A,2.115,1.232029914855957,0.5518468022346497,1.2046353816986084
9,9588880,1N92,MdrDBcore03538,V292S,2.337,1.1541179418563843,0.5518468022346497,1.2046353816986084
9,9588880,1N92,MdrDBcore03539,V292T,2.015,1.3022289276123047,0.5518468022346497,1.2046353816986084
9,9588880,3EIG,MdrDBcore03540,E35Q,-1.747,-2.4010202884674072,0.5518468022346497,1.2046353816986084
9,9588880,1DLR,MdrDBcore03541,F22W,-0.288,0.25076329708099365,0.5518468022346497,1.2046353816986084
9,9588880,1DLR,MdrDBcore03542,F22Y,1.991,0.35409852862358093,0.5518468022346497,1.2046353816986084
9,9588880,3N0H,MdrDBcore03543,F64S,-0.103,0.46843457221984863,0.5518468022346497,1.2046353816986084
9,9588880,3S3V,MdrDBcore03544,K35S,0.033,-0.00815914198756218,0.5518468022346497,1.2046353816986084
9,9588880,1U72,MdrDBcore03545,L22F,3.009,3.5106008052825928,0.5518468022346497,1.2046353816986084
9,9588880,1U72,MdrDBcore03546,L22R,4.268,2.720461845397949,0.5518468022346497,1.2046353816986084
9,9588880,1U72,MdrDBcore03547,L22W,4.233,3.2373876571655273,0.5518468022346497,1.2046353816986084
9,9588880,1U72,MdrDBcore03548,L22Y,4.783,3.5261223316192627,0.5518468022346497,1.2046353816986084
9,9588880,3FS6,MdrDBcore03549,N64F,-2.245,-1.4967195987701416,0.5518468022346497,1.2046353816986084
9,9588880,2W3A,MdrDBcore03550,N64F,0.303,0.318311870098114,0.5518468022346497,1.2046353816986084
9,9588880,2W3A,MdrDBcore03551,N64F,-1.416,0.31831198930740356,0.5518468022346497,1.2046353816986084
9,9588880,3FS6,MdrDBcore03552,N64S,-1.364,-1.5233935117721558,0.5518468022346497,1.2046353816986084
9,9588880,2W3A,MdrDBcore03553,N64S,0.199,0.14384327828884125,0.5518468022346497,1.2046353816986084
9,9588880,2W3A,MdrDBcore03554,N64S,-1.015,0.14384344220161438,0.5518468022346497,1.2046353816986084
9,9588880,3FS6,MdrDBcore03555,Q35K,-1.968,-1.091167688369751,0.5518468022346497,1.2046353816986084
9,9588880,2W3A,MdrDBcore03556,Q35K,0.605,0.21174465119838715,0.5518468022346497,1.2046353816986084
9,9588880,2W3A,MdrDBcore03557,Q35K,-1.577,0.21174509823322296,0.5518468022346497,1.2046353816986084
9,9588880,3FS6,MdrDBcore03558,Q35S,0.249,-1.0944472551345825,0.5518468022346497,1.2046353816986084
9,9588880,2W3A,MdrDBcore03559,Q35S,-0.1,0.06331893801689148,0.5518468022346497,1.2046353816986084
9,9588880,2W3A,MdrDBcore03560,Q35S,-0.655,0.06331811845302582,0.5518468022346497,1.2046353816986084
9,9588880,3EIG,MdrDBcore03561,R31F,-3.603,-3.234767436981201,0.5518468022346497,1.2046353816986084
9,9588880,3N0H,MdrDBcore03562,S35K,-0.033,-0.011384434998035431,0.5518468022346497,1.2046353816986084
9,9588880,2P4T,MdrDBcore03563,H67Q,1.997,0.7615712285041809,0.5518468022346497,1.2046353816986084
9,9588880,3PCA,MdrDBcore03564,Y408C,1.853,0.9112817049026489,0.5518468022346497,1.2046353816986084
9,9588880,3PCA,MdrDBcore03565,Y408H,1.628,0.8316593766212463,0.5518468022346497,1.2046353816986084
9,9588880,1BF3,MdrDBcore03566,K42R,-0.821,-0.969890296459198,0.5518468022346497,1.2046353816986084
9,9588880,1BF3,MdrDBcore03567,K42S,-0.108,-0.9698901772499084,0.5518468022346497,1.2046353816986084
9,9588880,1NJB,MdrDBcore03568,C229A,0.036,0.7804469466209412,0.5518468022346497,1.2046353816986084
9,9588880,1NJB,MdrDBcore03569,C229E,0.713,0.7709102630615234,0.5518468022346497,1.2046353816986084
9,9588880,1NJB,MdrDBcore03570,C229G,-0.224,0.9396064281463623,0.5518468022346497,1.2046353816986084
9,9588880,1NJB,MdrDBcore03571,C229I,1.29,0.8941164612770081,0.5518468022346497,1.2046353816986084
9,9588880,1NJB,MdrDBcore03572,C229L,1.517,0.8485400676727295,0.5518468022346497,1.2046353816986084
9,9588880,1NJB,MdrDBcore03573,C229M,1.29,0.6117717027664185,0.5518468022346497,1.2046353816986084
9,9588880,1NJB,MdrDBcore03574,C229Q,-0.242,0.7221640944480896,0.5518468022346497,1.2046353816986084
9,9588880,1NJB,MdrDBcore03575,C229S,-0.361,0.8092089891433716,0.5518468022346497,1.2046353816986084
9,9588880,1NJB,MdrDBcore03576,C229T,1.688,0.8088988661766052,0.5518468022346497,1.2046353816986084
9,9588880,1NJB,MdrDBcore03577,C229V,1.58,0.9745053648948669,0.5518468022346497,1.2046353816986084
9,9588880,1NJB,MdrDBcore03578,C229W,2.091,0.6444194912910461,0.5518468022346497,1.2046353816986084
9,9588880,1TSL,MdrDBcore03579,E60D,1.089,0.7663288712501526,0.5518468022346497,1.2046353816986084
9,9588880,1TSM,MdrDBcore03580,E60D,-0.543,0.5594891309738159,0.5518468022346497,1.2046353816986084
9,9588880,1NJE,MdrDBcore03581,N229A,-3.612,-1.6485282182693481,0.5518468022346497,1.2046353816986084
9,9588880,1THY,MdrDBcore03582,N229A,0.888,1.1208841800689697,0.5518468022346497,1.2046353816986084
9,9588880,1NJE,MdrDBcore03583,N229C,-3.61,-1.869616985321045,0.5518468022346497,1.2046353816986084
9,9588880,1THY,MdrDBcore03584,N229C,0.852,1.0005687475204468,0.5518468022346497,1.2046353816986084
9,9588880,1NJE,MdrDBcore03585,N229D,-2.086,-0.88014155626297,0.5518468022346497,1.2046353816986084
9,9588880,1NJE,MdrDBcore03586,N229E,-1.22,-0.7484702467918396,0.5518468022346497,1.2046353816986084
9,9588880,1NJE,MdrDBcore03587,N229G,-3.37,-1.7343233823776245,0.5518468022346497,1.2046353816986084
9,9588880,1THY,MdrDBcore03588,N229G,0.477,0.5547144412994385,0.5518468022346497,1.2046353816986084
9,9588880,1NJE,MdrDBcore03589,N229I,-2.015,-1.0259292125701904,0.5518468022346497,1.2046353816986084
9,9588880,1THY,MdrDBcore03590,N229I,2.011,0.5859390497207642,0.5518468022346497,1.2046353816986084
9,9588880,1NJE,MdrDBcore03591,N229L,-2.328,-0.86237633228302,0.5518468022346497,1.2046353816986084
9,9588880,1NJE,MdrDBcore03592,N229M,-3.527,-1.230991244316101,0.5518468022346497,1.2046353816986084
9,9588880,1NJE,MdrDBcore03593,N229Q,0.329,-0.5054680705070496,0.5518468022346497,1.2046353816986084
9,9588880,1NJE,MdrDBcore03594,N229S,-3.55,-1.6778744459152222,0.5518468022346497,1.2046353816986084
9,9588880,1THY,MdrDBcore03595,N229S,0.491,0.33262476325035095,0.5518468022346497,1.2046353816986084
9,9588880,1NJE,MdrDBcore03596,N229T,-3.82,-1.6784613132476807,0.5518468022346497,1.2046353816986084
9,9588880,1NJE,MdrDBcore03597,N229V,-2.104,-1.3786486387252808,0.5518468022346497,1.2046353816986084
9,9588880,1NJE,MdrDBcore03598,N229W,-1.449,-1.3032771348953247,0.5518468022346497,1.2046353816986084
9,9588880,2TDM,MdrDBcore03599,R179A,2.596,0.9672626852989197,0.5518468022346497,1.2046353816986084
9,9588880,2TDM,MdrDBcore03600,R179K,2.374,0.9672625660896301,0.5518468022346497,1.2046353816986084
9,9588880,1TSL,MdrDBcore03601,V316A,1.731,0.7088165283203125,0.5518468022346497,1.2046353816986084
9,9588880,1TSM,MdrDBcore03602,V316A,1.52,0.5594892501831055,0.5518468022346497,1.2046353816986084
9,9588880,1TSL,MdrDBcore03603,W82Y,0.211,0.7663289904594421,0.5518468022346497,1.2046353816986084
9,9588880,2ITY,MdrDBcore03604,G719S,0.48,-0.5316755175590515,0.5518468022346497,1.2046353816986084
9,9588880,1CNQ,MdrDBcore03605,A54L,-0.145,-0.6856847405433655,0.5518468022346497,1.2046353816986084
9,9588880,1YYZ,MdrDBcore03606,L54A,-5.046,0.7474945783615112,0.5518468022346497,1.2046353816986084
9,9588880,1OSS,MdrDBcore03607,P190A,-0.299,-0.5350176692008972,0.5518468022346497,1.2046353816986084
9,9588880,1OSS,MdrDBcore03608,P190S,-0.728,-0.44315817952156067,0.5518468022346497,1.2046353816986084
9,9588880,1OSS,MdrDBcore03609,P190T,-1.069,-0.5876813530921936,0.5518468022346497,1.2046353816986084
9,9588880,1OSS,MdrDBcore03610,P190V,1.473,-0.6151523590087891,0.5518468022346497,1.2046353816986084
9,9588880,2H4N,MdrDBcore03611,N94C,6.056,4.030300617218018,0.5518468022346497,1.2046353816986084
9,9588880,2H4N,MdrDBcore03612,N94D,6.842,3.4626271724700928,0.5518468022346497,1.2046353816986084
9,9588880,2H4N,MdrDBcore03613,N94E,7.431,3.9944703578948975,0.5518468022346497,1.2046353816986084
9,9588880,2H4N,MdrDBcore03614,N94Q,2.861,4.091832637786865,0.5518468022346497,1.2046353816986084
9,9588880,1TPH,MdrDBcore03615,S96P,1.572,1.1220086812973022,0.5518468022346497,1.2046353816986084
9,9588880,1OGZ,MdrDBcore03616,A39G,-0.143,-0.5518049001693726,0.5518468022346497,1.2046353816986084
9,9588880,2JGS,MdrDBcore03617,M76N,-1.684,-0.7054460644721985,0.5518468022346497,1.2046353816986084
9,9588880,1HK1,MdrDBcore03618,R218H,-0.726,-0.7881259322166443,0.5518468022346497,1.2046353816986084
9,9588880,1HK1,MdrDBcore03619,R218P,-1.292,-0.8952473402023315,0.5518468022346497,1.2046353816986084
9,9588880,1AMW,MdrDBcore03620,E88G,0.076,1.1804391145706177,0.5518468022346497,1.2046353816986084
9,9588880,1A4H,MdrDBcore03621,E88G,-0.113,-0.01991896703839302,0.5518468022346497,1.2046353816986084
9,9588880,1AMW,MdrDBcore03622,K44R,0.229,0.7954396605491638,0.5518468022346497,1.2046353816986084
9,9588880,1A4H,MdrDBcore03623,K44R,0.245,-0.11646656692028046,0.5518468022346497,1.2046353816986084
9,9588880,1AMW,MdrDBcore03624,K98N,0.65,1.176261067390442,0.5518468022346497,1.2046353816986084
9,9588880,1A4H,MdrDBcore03625,K98N,-0.362,-0.48722589015960693,0.5518468022346497,1.2046353816986084
9,9588880,1AMW,MdrDBcore03626,L89V,0.58,1.1804391145706177,0.5518468022346497,1.2046353816986084
9,9588880,1A4H,MdrDBcore03627,L89V,-0.95,-0.4919481575489044,0.5518468022346497,1.2046353816986084
9,9588880,1AMW,MdrDBcore03628,L93I,0.527,1.2181944847106934,0.5518468022346497,1.2046353816986084
9,9588880,1A4H,MdrDBcore03629,L93I,-0.742,-0.2527947425842285,0.5518468022346497,1.2046353816986084
9,9588880,1AMW,MdrDBcore03630,N92L,0.654,1.1661416292190552,0.5518468022346497,1.2046353816986084
9,9588880,1A4H,MdrDBcore03631,N92L,0.19,-0.15573622286319733,0.5518468022346497,1.2046353816986084
9,9588880,1AMW,MdrDBcore03632,V136M,1.221,1.1495815515518188,0.5518468022346497,1.2046353816986084
9,9588880,2VWC,MdrDBcore03633,V136M,0.399,0.5414736866950989,0.5518468022346497,1.2046353816986084
9,9588880,1A4H,MdrDBcore03634,V136M,0.487,-0.19590948522090912,0.5518468022346497,1.2046353816986084
9,9588880,1E2K,MdrDBcore03635,Y101F,0.893,0.18145033717155457,0.5518468022346497,1.2046353816986084
9,9588880,2AQU,MdrDBcore03636,D30N,0.622,0.4643833637237549,0.5518468022346497,1.2046353816986084
9,9588880,2AQU,MdrDBcore03637,D30N,0.622,0.4643833637237549,0.5518468022346497,1.2046353816986084
9,9588880,1GNO,MdrDBcore03638,G48H,1.057,1.0863450765609741,0.5518468022346497,1.2046353816986084
9,9588880,3TKW,MdrDBcore03639,G48V,2.001,0.747192919254303,0.5518468022346497,1.2046353816986084
9,9588880,3TKW,MdrDBcore03640,I50V,2.035,0.8313261866569519,0.5518468022346497,1.2046353816986084
9,9588880,3NU3,MdrDBcore03641,I50V,2.015,0.8883609175682068,0.5518468022346497,1.2046353816986084
9,9588880,3TKW,MdrDBcore03642,I54M,0.601,1.38970947265625,0.5518468022346497,1.2046353816986084
9,9588880,3NU3,MdrDBcore03643,I54M,0.713,0.902972400188446,0.5518468022346497,1.2046353816986084
9,9588880,3TKW,MdrDBcore03644,I54V,1.276,1.3897098302841187,0.5518468022346497,1.2046353816986084
9,9588880,3NU3,MdrDBcore03645,I54V,0.596,0.9029725790023804,0.5518468022346497,1.2046353816986084
9,9588880,3NU3,MdrDBcore03646,I84V,1.062,0.9825122952461243,0.5518468022346497,1.2046353816986084
9,9588880,1RTD,MdrDBcore03647,K65A,1.02,0.617913544178009,0.5518468022346497,1.2046353816986084
9,9588880,1RTD,MdrDBcore03648,K65R,0.118,0.5006119012832642,0.5518468022346497,1.2046353816986084
9,9588880,3NU3,MdrDBcore03649,L90M,0.038,0.9029724597930908,0.5518468022346497,1.2046353816986084
9,9588880,2AQU,MdrDBcore03650,L90M,0.526,0.6379912495613098,0.5518468022346497,1.2046353816986084
9,9588880,2AQU,MdrDBcore03651,L90M,0.526,0.6379912495613098,0.5518468022346497,1.2046353816986084
9,9588880,2AQU,MdrDBcore03652,N88D,0.651,0.6379913091659546,0.5518468022346497,1.2046353816986084
9,9588880,2AQU,MdrDBcore03653,N88D,0.651,0.6379912495613098,0.5518468022346497,1.2046353816986084
9,9588880,1RTD,MdrDBcore03654,R72A,1.374,0.6605952382087708,0.5518468022346497,1.2046353816986084
9,9588880,3NU3,MdrDBcore03655,V32I,1.364,0.9032495617866516,0.5518468022346497,1.2046353816986084
9,9588880,1GNO,MdrDBcore03656,V82D,1.974,1.173359751701355,0.5518468022346497,1.2046353816986084
9,9588880,1GNO,MdrDBcore03657,V82N,2.757,1.2757269144058228,0.5518468022346497,1.2046353816986084
9,9588880,2Q64,MdrDBcore03658,A71V,0.954,0.5001037120819092,0.5518468022346497,1.2046353816986084
9,9588880,2Q64,MdrDBcore03659,A71V,0.954,0.5001031756401062,0.5518468022346497,1.2046353816986084
9,9588880,2Z4O,MdrDBcore03660,D30N,1.68,1.108530879020691,0.5518468022346497,1.2046353816986084
9,9588880,2Z4O,MdrDBcore03661,I50V,1.215,1.068069338798523,0.5518468022346497,1.2046353816986084
9,9588880,2ZGA,MdrDBcore03662,I50V,1.955,0.7002735733985901,0.5518468022346497,1.2046353816986084
9,9588880,2IEN,MdrDBcore03663,I84V,0.689,0.9310980439186096,0.5518468022346497,1.2046353816986084
9,9588880,2Z4O,MdrDBcore03664,I84V,0.679,1.1413923501968384,0.5518468022346497,1.2046353816986084
9,9588880,2ZGA,MdrDBcore03665,I84V,0.815,0.7455930709838867,0.5518468022346497,1.2046353816986084
9,9588880,2Q64,MdrDBcore03666,L90M,1.159,0.5001034140586853,0.5518468022346497,1.2046353816986084
9,9588880,2Q64,MdrDBcore03667,L90M,1.159,0.5001035928726196,0.5518468022346497,1.2046353816986084
9,9588880,1SDT,MdrDBcore03668,L90M,-1.089,-0.40431419014930725,0.5518468022346497,1.2046353816986084
9,9588880,1SGU,MdrDBcore03669,M46I,-1.577,0.1067432314157486,0.5518468022346497,1.2046353816986084
9,9588880,1SH9,MdrDBcore03670,M46I,-0.238,-0.060499075800180435,0.5518468022346497,1.2046353816986084
9,9588880,1SH9,MdrDBcore03671,M46I,-0.238,-0.06049899384379387,0.5518468022346497,1.2046353816986084
9,9588880,2Q64,MdrDBcore03672,N30D,-1.775,0.5706024169921875,0.5518468022346497,1.2046353816986084
9,9588880,2Q64,MdrDBcore03673,N88D,1.513,0.5001036524772644,0.5518468022346497,1.2046353816986084
9,9588880,2Q64,MdrDBcore03674,N88D,1.513,0.5001035928726196,0.5518468022346497,1.2046353816986084
9,9588880,2R43,MdrDBcore03675,V50I,-0.776,-0.1649017482995987,0.5518468022346497,1.2046353816986084
9,9588880,2R3T,MdrDBcore03676,V50I,-0.997,-0.6439895629882812,0.5518468022346497,1.2046353816986084
9,9588880,1SGU,MdrDBcore03677,V54I,-1.572,0.18288519978523254,0.5518468022346497,1.2046353816986084
9,9588880,1SH9,MdrDBcore03678,V54I,-0.589,-0.09205050766468048,0.5518468022346497,1.2046353816986084
9,9588880,1SH9,MdrDBcore03679,V54I,-1.026,-0.0920507162809372,0.5518468022346497,1.2046353816986084
9,9588880,2IEN,MdrDBcore03680,V82A,0.155,0.5018609166145325,0.5518468022346497,1.2046353816986084
9,9588880,2Z4O,MdrDBcore03681,V82A,0.644,0.6486609578132629,0.5518468022346497,1.2046353816986084
9,9588880,1NH0,MdrDBcore03682,V82A,-0.292,0.6106980443000793,0.5518468022346497,1.2046353816986084
9,9588880,1SDT,MdrDBcore03683,V82A,0.717,-0.22096994519233704,0.5518468022346497,1.2046353816986084
9,9588880,2R3W,MdrDBcore03684,V84I,0.442,0.9532198905944824,0.5518468022346497,1.2046353816986084
9,9588880,2R38,MdrDBcore03685,V84I,2.536,1.6441872119903564,0.5518468022346497,1.2046353816986084
9,9588880,1SGU,MdrDBcore03686,V84I,-1.401,0.18423455953598022,0.5518468022346497,1.2046353816986084
9,9588880,1SH9,MdrDBcore03687,V84I,-1.026,-0.10123440623283386,0.5518468022346497,1.2046353816986084
9,9588880,1SH9,MdrDBcore03688,V84I,-1.271,-0.101234570145607,0.5518468022346497,1.2046353816986084
9,9588880,1KDK,MdrDBcore03689,H136Q,0.17,0.3598443865776062,0.5518468022346497,1.2046353816986084
9,9588880,1KDK,MdrDBcore03690,K134A,0.341,0.3039318323135376,0.5518468022346497,1.2046353816986084
9,9588880,1KDK,MdrDBcore03691,L131G,1.651,0.8468557000160217,0.5518468022346497,1.2046353816986084
9,9588880,1KDK,MdrDBcore03692,P130G,0.218,0.35984498262405396,0.5518468022346497,1.2046353816986084
9,9588880,1KDK,MdrDBcore03693,P137G,0.062,0.35984352231025696,0.5518468022346497,1.2046353816986084
9,9588880,1BWB,MdrDBcore03694,F82V,-1.589,0.5173101425170898,0.5518468022346497,1.2046353816986084
9,9588880,1BWB,MdrDBcore03695,V84I,-2.566,0.5624314546585083,0.5518468022346497,1.2046353816986084
9,9588880,2BPX,MdrDBcore03696,D30N,0.979,0.8317484259605408,0.5518468022346497,1.2046353816986084
9,9588880,2AOD,MdrDBcore03697,I84V,1.061,0.09668491780757904,0.5518468022346497,1.2046353816986084
9,9588880,2BPX,MdrDBcore03698,L90M,0.605,1.0610579252243042,0.5518468022346497,1.2046353816986084
9,9588880,2BPX,MdrDBcore03699,N88D,1.01,1.0610579252243042,0.5518468022346497,1.2046353816986084
9,9588880,2AOD,MdrDBcore03700,V82A,-0.835,0.06276611983776093,0.5518468022346497,1.2046353816986084
9,9588880,3BC4,MdrDBcore03701,V84I,0.884,0.966908872127533,0.5518468022346497,1.2046353816986084
9,9588880,2J27,MdrDBcore03702,A168P,-0.821,-0.6453273296356201,0.5518468022346497,1.2046353816986084
9,9588880,2V2C,MdrDBcore03703,L178A,-1.217,-0.5751041769981384,0.5518468022346497,1.2046353816986084
9,9588880,3E6K,MdrDBcore03704,A183D,-4.292,-1.1163026094436646,0.5518468022346497,1.2046353816986084
9,9588880,3E6V,MdrDBcore03705,N183D,-2.003,-2.1383187770843506,0.5518468022346497,1.2046353816986084
9,9588880,3DT4,MdrDBcore03706,A467G,-4.914,-0.6566901803016663,0.5518468022346497,1.2046353816986084
9,9588880,3DTB,MdrDBcore03707,A467G,1.019,0.49943387508392334,0.5518468022346497,1.2046353816986084
9,9588880,3DT7,MdrDBcore03708,A467G,-1.118,-0.894067108631134,0.5518468022346497,1.2046353816986084
9,9588880,1OH0,MdrDBcore03709,W92A,0.467,0.23413319885730743,0.5518468022346497,1.2046353816986084
9,9588880,3E9B,MdrDBcore03710,A135S,-2.123,-2.049699544906616,0.5518468022346497,1.2046353816986084
9,9588880,3E9B,MdrDBcore03711,A135T,-1.434,-2.030021905899048,0.5518468022346497,1.2046353816986084
9,9588880,1K3L,MdrDBcore03712,I219A,1.731,1.422136664390564,0.5518468022346497,1.2046353816986084
9,9588880,3E2Q,MdrDBcore03713,S540A,0.29,0.4949187636375427,0.5518468022346497,1.2046353816986084
9,9588880,3E2S,MdrDBcore03714,S540A,0.977,1.577485203742981,0.5518468022346497,1.2046353816986084
9,9588880,3E2R,MdrDBcore03715,S540A,0.984,-0.6519714593887329,0.5518468022346497,1.2046353816986084
9,9588880,3E2Q,MdrDBcore03716,S540Y,0.814,1.192162275314331,0.5518468022346497,1.2046353816986084
9,9588880,3E2R,MdrDBcore03717,S540Y,-1.708,-0.7701884508132935,0.5518468022346497,1.2046353816986084
9,9588880,3FRE,MdrDBcore03718,F98Y,3.051,2.200701951980591,0.5518468022346497,1.2046353816986084
9,9588880,3I8A,MdrDBcore03719,N30H,-0.531,-0.64226233959198,0.5518468022346497,1.2046353816986084
9,9588880,2V5V,MdrDBcore03720,E57K,0.441,0.431912362575531,0.5518468022346497,1.2046353816986084
9,9588880,2V5V,MdrDBcore03721,E57R,0.404,0.48438626527786255,0.5518468022346497,1.2046353816986084
9,9588880,2V5V,MdrDBcore03722,E57W,-0.821,0.49076563119888306,0.5518468022346497,1.2046353816986084
9,9588880,1FLV,MdrDBcore03723,W57A,2.24,1.624477744102478,0.5518468022346497,1.2046353816986084
9,9588880,1FLV,MdrDBcore03724,W57F,2.054,1.4672313928604126,0.5518468022346497,1.2046353816986084
9,9588880,1FLV,MdrDBcore03725,W57L,1.927,2.265021562576294,0.5518468022346497,1.2046353816986084
9,9588880,1FLV,MdrDBcore03726,W57Y,1.516,1.7946239709854126,0.5518468022346497,1.2046353816986084
9,9588880,1FLV,MdrDBcore03727,Y94A,3.963,1.6699378490447998,0.5518468022346497,1.2046353816986084
9,9588880,1FLV,MdrDBcore03728,Y94F,0.821,1.36167311668396,0.5518468022346497,1.2046353816986084
9,9588880,1FLV,MdrDBcore03729,Y94W,1.514,1.4249446392059326,0.5518468022346497,1.2046353816986084
9,9588880,2QFU,MdrDBcore03730,L101P,-3.025,2.2415964603424072,0.5518468022346497,1.2046353816986084
9,9588880,2QFQ,MdrDBcore03731,L101P,-0.303,-0.06675232946872711,0.5518468022346497,1.2046353816986084
9,9588880,1G6S,MdrDBcore03732,P101S,1.364,1.7792820930480957,0.5518468022346497,1.2046353816986084
9,9588880,1G6T,MdrDBcore03733,P101S,0.232,0.21738795936107635,0.5518468022346497,1.2046353816986084
9,9588880,2QFT,MdrDBcore03734,S101A,0.734,1.830574870109558,0.5518468022346497,1.2046353816986084
9,9588880,2QFS,MdrDBcore03735,S101A,-0.17,-0.22706039249897003,0.5518468022346497,1.2046353816986084
9,9588880,2QFT,MdrDBcore03736,S101G,0.462,1.8305751085281372,0.5518468022346497,1.2046353816986084
9,9588880,2QFS,MdrDBcore03737,S101G,-0.17,-0.22706077992916107,0.5518468022346497,1.2046353816986084
9,9588880,2QFT,MdrDBcore03738,S101P,-1.553,0.4662249684333801,0.5518468022346497,1.2046353816986084
9,9588880,2QFS,MdrDBcore03739,S101P,-0.17,-0.2308836132287979,0.5518468022346497,1.2046353816986084
9,9588880,1G6S,MdrDBcore03740,T97I,3.379,1.7661775350570679,0.5518468022346497,1.2046353816986084
9,9588880,1G6T,MdrDBcore03741,T97I,0.28,0.13990052044391632,0.5518468022346497,1.2046353816986084
9,9588880,1EGH,MdrDBcore03742,H98N,0.631,0.07040931284427643,0.5518468022346497,1.2046353816986084
9,9588880,1OWB,MdrDBcore03743,L109R,0.191,-0.119936004281044,0.5518468022346497,1.2046353816986084
9,9588880,1Z95,MdrDBcore03744,L741W,0.383,0.30090993642807007,0.5518468022346497,1.2046353816986084
9,9588880,2AMA,MdrDBcore03745,W741L,2.193,2.021829605102539,0.5518468022346497,1.2046353816986084
9,9588880,1WDR,MdrDBcore03746,S342T,0.603,0.5619840025901794,0.5518468022346497,1.2046353816986084
9,9588880,1WDQ,MdrDBcore03747,V342T,-0.127,-0.3058193325996399,0.5518468022346497,1.2046353816986084
9,9588880,3G0E,MdrDBcore03748,D816H,0.056,0.19080747663974762,0.5518468022346497,1.2046353816986084
9,9588880,3G0E,MdrDBcore03749,D816V,-0.255,0.19080732762813568,0.5518468022346497,1.2046353816986084
9,9588880,3G0E,MdrDBcore03750,V560D,-0.897,0.19080734252929688,0.5518468022346497,1.2046353816986084
9,9588880,2OBF,MdrDBcore03751,A57K,1.971,2.212681531906128,0.5518468022346497,1.2046353816986084
9,9588880,1N7J,MdrDBcore03752,D267A,4.398,2.898530960083008,0.5518468022346497,1.2046353816986084
9,9588880,1N7I,MdrDBcore03753,D267A,2.902,1.9662035703659058,0.5518468022346497,1.2046353816986084
9,9588880,1YZ3,MdrDBcore03754,D267A,3.832,2.265068769454956,0.5518468022346497,1.2046353816986084
9,9588880,1HNN,MdrDBcore03755,D267A,4.676,4.217198848724365,0.5518468022346497,1.2046353816986084
9,9588880,1N7J,MdrDBcore03756,E219A,3.616,2.41914439201355,0.5518468022346497,1.2046353816986084
9,9588880,1N7I,MdrDBcore03757,E219A,3.889,2.262558937072754,0.5518468022346497,1.2046353816986084
9,9588880,1YZ3,MdrDBcore03758,E219A,4.022,2.3881330490112305,0.5518468022346497,1.2046353816986084
9,9588880,1HNN,MdrDBcore03759,E219A,4.362,3.936432123184204,0.5518468022346497,1.2046353816986084
9,9588880,2G72,MdrDBcore03760,K57A,-3.06,0.9652470946311951,0.5518468022346497,1.2046353816986084
9,9588880,2G71,MdrDBcore03761,K57A,-0.428,2.2169384956359863,0.5518468022346497,1.2046353816986084
9,9588880,2G70,MdrDBcore03762,K57A,1.27,0.6092424988746643,0.5518468022346497,1.2046353816986084
9,9588880,1N7J,MdrDBcore03763,K57A,1.729,2.4798712730407715,0.5518468022346497,1.2046353816986084
9,9588880,1N7I,MdrDBcore03764,K57A,1.792,1.1483657360076904,0.5518468022346497,1.2046353816986084
9,9588880,1YZ3,MdrDBcore03765,K57A,1.682,2.143564462661743,0.5518468022346497,1.2046353816986084
9,9588880,1HNN,MdrDBcore03766,K57A,2.401,1.7281938791275024,0.5518468022346497,1.2046353816986084
9,9588880,2ONY,MdrDBcore03767,K57A,-3.013,0.6021313071250916,0.5518468022346497,1.2046353816986084
9,9588880,1N7J,MdrDBcore03768,V53A,0.698,2.1072511672973633,0.5518468022346497,1.2046353816986084
9,9588880,1N7I,MdrDBcore03769,V53A,0.967,1.4080684185028076,0.5518468022346497,1.2046353816986084
9,9588880,1YZ3,MdrDBcore03770,V53A,1.485,2.0921411514282227,0.5518468022346497,1.2046353816986084
9,9588880,1HNN,MdrDBcore03771,V53A,0.973,2.255479574203491,0.5518468022346497,1.2046353816986084
9,9588880,2II4,MdrDBcore03772,D288A,0.869,0.7347927689552307,0.5518468022346497,1.2046353816986084
9,9588880,2II4,MdrDBcore03773,K252N,0.77,0.7357501983642578,0.5518468022346497,1.2046353816986084
9,9588880,2II4,MdrDBcore03774,L293A,1.256,0.7193421721458435,0.5518468022346497,1.2046353816986084
9,9588880,2II4,MdrDBcore03775,R230G,1.344,0.7180704474449158,0.5518468022346497,1.2046353816986084
9,9588880,2II4,MdrDBcore03776,R240C,0.657,0.7357500195503235,0.5518468022346497,1.2046353816986084
9,9588880,3EBS,MdrDBcore03777,G369S,0.651,0.8129847049713135,0.5518468022346497,1.2046353816986084
9,9588880,3EBS,MdrDBcore03778,S208I,-0.284,0.6687862873077393,0.5518468022346497,1.2046353816986084
9,9588880,1QY1,MdrDBcore03779,Y120F,1.121,1.1285039186477661,0.5518468022346497,1.2046353816986084
9,9588880,1OGG,MdrDBcore03780,N142D,-2.318,-2.437995672225952,0.5518468022346497,1.2046353816986084
9,9588880,1V11,MdrDBcore03781,A287R,-2.478,-2.2652533054351807,0.5518468022346497,1.2046353816986084
9,9588880,1U5B,MdrDBcore03782,S292D,1.912,1.986270785331726,0.5518468022346497,1.2046353816986084
9,9588880,1U5B,MdrDBcore03783,S292E,2.069,1.9447580575942993,0.5518468022346497,1.2046353816986084
9,9588880,1U5B,MdrDBcore03784,S292N,2.089,1.944758415222168,0.5518468022346497,1.2046353816986084
9,9588880,1U5B,MdrDBcore03785,S292Q,2.156,1.944758653640747,0.5518468022346497,1.2046353816986084
9,9588880,3BKL,MdrDBcore03786,D453E,-0.056,0.04969228431582451,0.5518468022346497,1.2046353816986084
9,9588880,3BKK,MdrDBcore03787,E376D,0.629,0.6679568290710449,0.5518468022346497,1.2046353816986084
9,9588880,3BKL,MdrDBcore03788,E376D,0.731,0.033644627779722214,0.5518468022346497,1.2046353816986084
9,9588880,3BKL,MdrDBcore03789,E403R,-0.616,0.13652582466602325,0.5518468022346497,1.2046353816986084
9,9588880,3BKK,MdrDBcore03790,F391Y,0.917,0.6481956839561462,0.5518468022346497,1.2046353816986084
9,9588880,3BKL,MdrDBcore03791,F391Y,1.153,0.035236310213804245,0.5518468022346497,1.2046353816986084
9,9588880,3BKL,MdrDBcore03792,S516N,-0.185,0.09656192362308502,0.5518468022346497,1.2046353816986084
9,9588880,3BKL,MdrDBcore03793,T282S,0.18,0.21308960020542145,0.5518468022346497,1.2046353816986084
9,9588880,3BKK,MdrDBcore03794,V379S,-0.014,0.6679574847221375,0.5518468022346497,1.2046353816986084
9,9588880,3BKL,MdrDBcore03795,V379S,-1.399,-0.41506874561309814,0.5518468022346497,1.2046353816986084
9,9588880,3BKK,MdrDBcore03796,V380T,0.491,0.19612838327884674,0.5518468022346497,1.2046353816986084
9,9588880,3BKL,MdrDBcore03797,V380T,0.807,-0.28906258940696716,0.5518468022346497,1.2046353816986084
9,9588880,3BKK,MdrDBcore03798,V518T,1.826,0.7782804369926453,0.5518468022346497,1.2046353816986084
9,9588880,3BKL,MdrDBcore03799,V518T,1.578,0.11058606207370758,0.5518468022346497,1.2046353816986084
9,9588880,3QGT,MdrDBcore03800,A16C,0.17,0.7798013091087341,0.5518468022346497,1.2046353816986084
9,9588880,3QGT,MdrDBcore03801,A16G,0.502,0.7796373963356018,0.5518468022346497,1.2046353816986084
9,9588880,3QGT,MdrDBcore03802,A16S,1.775,0.7845284342765808,0.5518468022346497,1.2046353816986084
9,9588880,3QGT,MdrDBcore03803,S108N,1.866,0.887046754360199,0.5518468022346497,1.2046353816986084
9,9588880,3QGT,MdrDBcore03804,S108T,0.0,0.8004134297370911,0.5518468022346497,1.2046353816986084
9,9588880,1JPZ,MdrDBcore03805,A328V,-1.162,-0.8842449188232422,0.5518468022346497,1.2046353816986084
9,9588880,2INZ,MdrDBcore03806,C298A,0.974,0.4487907290458679,0.5518468022346497,1.2046353816986084
9,9588880,2INE,MdrDBcore03807,C298A,0.681,1.3195334672927856,0.5518468022346497,1.2046353816986084
9,9588880,2PZN,MdrDBcore03808,C303D,2.471,0.5601888298988342,0.5518468022346497,1.2046353816986084
9,9588880,2PDG,MdrDBcore03809,C303D,2.399,1.9666277170181274,0.5518468022346497,1.2046353816986084
9,9588880,1PWM,MdrDBcore03810,C303D,1.032,0.7479986548423767,0.5518468022346497,1.2046353816986084
9,9588880,2PZN,MdrDBcore03811,F121P,1.104,0.6242504715919495,0.5518468022346497,1.2046353816986084
9,9588880,2PDG,MdrDBcore03812,F121P,0.528,1.0615540742874146,0.5518468022346497,1.2046353816986084
9,9588880,1PWM,MdrDBcore03813,F121P,0.288,0.7741170525550842,0.5518468022346497,1.2046353816986084
9,9588880,2PZN,MdrDBcore03814,L300A,0.456,0.4516473412513733,0.5518468022346497,1.2046353816986084
9,9588880,2PDG,MdrDBcore03815,L300A,-0.24,0.9217466711997986,0.5518468022346497,1.2046353816986084
9,9588880,1PWM,MdrDBcore03816,L300A,0.456,0.7172666788101196,0.5518468022346497,1.2046353816986084
9,9588880,2IKI,MdrDBcore03817,L300P,2.615,0.37646520137786865,0.5518468022346497,1.2046353816986084
9,9588880,2PZN,MdrDBcore03818,L300P,1.416,0.8795227408409119,0.5518468022346497,1.2046353816986084
9,9588880,2PDG,MdrDBcore03819,L300P,1.101,1.5489708185195923,0.5518468022346497,1.2046353816986084
9,9588880,1PWM,MdrDBcore03820,L300P,1.871,0.7916032671928406,0.5518468022346497,1.2046353816986084
9,9588880,1PWM,MdrDBcore03821,L301M,0.696,0.7304003834724426,0.5518468022346497,1.2046353816986084
9,9588880,2FZD,MdrDBcore03822,L301M,0.6,0.36784741282463074,0.5518468022346497,1.2046353816986084
9,9588880,2PZN,MdrDBcore03823,S302R,2.519,0.861872673034668,0.5518468022346497,1.2046353816986084
9,9588880,2PDG,MdrDBcore03824,S302R,2.783,0.9873284697532654,0.5518468022346497,1.2046353816986084
9,9588880,2IKI,MdrDBcore03825,T113A,0.773,0.41928449273109436,0.5518468022346497,1.2046353816986084
9,9588880,1US0,MdrDBcore03826,T113A,1.198,1.0836819410324097,0.5518468022346497,1.2046353816986084
9,9588880,2IKI,MdrDBcore03827,T113C,0.142,0.12367293238639832,0.5518468022346497,1.2046353816986084
9,9588880,1US0,MdrDBcore03828,T113C,-1.523,0.776037335395813,0.5518468022346497,1.2046353816986084
9,9588880,1US0,MdrDBcore03829,T113S,0.994,0.8676049709320068,0.5518468022346497,1.2046353816986084
9,9588880,2IKI,MdrDBcore03830,T113V,1.54,0.5716754198074341,0.5518468022346497,1.2046353816986084
9,9588880,1US0,MdrDBcore03831,T113V,0.766,1.2566184997558594,0.5518468022346497,1.2046353816986084
9,9588880,2IKI,MdrDBcore03832,T113Y,2.063,1.4639251232147217,0.5518468022346497,1.2046353816986084
9,9588880,2PZN,MdrDBcore03833,T113Y,2.327,1.5851749181747437,0.5518468022346497,1.2046353816986084
9,9588880,2PDG,MdrDBcore03834,T113Y,2.591,2.345600128173828,0.5518468022346497,1.2046353816986084
9,9588880,1PWM,MdrDBcore03835,T113Y,2.063,0.6506608724594116,0.5518468022346497,1.2046353816986084
9,9588880,2IKI,MdrDBcore03836,V47I,-0.312,0.5129411816596985,0.5518468022346497,1.2046353816986084
9,9588880,2PDG,MdrDBcore03837,V47I,1.2,1.094810128211975,0.5518468022346497,1.2046353816986084
9,9588880,1PWM,MdrDBcore03838,V47I,0.144,0.8422805070877075,0.5518468022346497,1.2046353816986084
9,9588880,1GZF,MdrDBcore03839,Q182A,0.132,0.3890158534049988,0.5518468022346497,1.2046353816986084
9,9588880,1GZF,MdrDBcore03840,Q212A,0.527,0.3326842188835144,0.5518468022346497,1.2046353816986084
9,9588880,1P1Q,MdrDBcore03841,T138L,-3.696,-1.8853470087051392,0.5518468022346497,1.2046353816986084
9,9588880,1P1N,MdrDBcore03842,T138L,1.478,-0.04463230445981026,0.5518468022346497,1.2046353816986084
9,9588880,1P1O,MdrDBcore03843,T138L,-3.057,-3.2530710697174072,0.5518468022346497,1.2046353816986084
9,9588880,1SYH,MdrDBcore03844,Y187F,1.266,0.9243425726890564,0.5518468022346497,1.2046353816986084
9,9588880,2HA4,MdrDBcore03845,A203S,-2.14,-1.874983549118042,0.5518468022346497,1.2046353816986084
9,9588880,2HA5,MdrDBcore03846,A203S,-1.541,-0.6304660439491272,0.5518468022346497,1.2046353816986084
9,9588880,2HA7,MdrDBcore03847,A203S,-0.384,-0.22420139610767365,0.5518468022346497,1.2046353816986084
9,9588880,2HA0,MdrDBcore03848,S203A,1.864,1.3268239498138428,0.5518468022346497,1.2046353816986084
9,9588880,2HA3,MdrDBcore03849,S203A,0.768,0.6386047005653381,0.5518468022346497,1.2046353816986084
9,9588880,2GMK,MdrDBcore03850,A91E,-0.667,-0.4590171277523041,0.5518468022346497,1.2046353816986084
9,9588880,2GMK,MdrDBcore03851,N89T,-0.086,-0.459016889333725,0.5518468022346497,1.2046353816986084
9,9588880,1DF8,MdrDBcore03852,A45S,-4.05,-1.0911235809326172,0.5518468022346497,1.2046353816986084
9,9588880,1DF8,MdrDBcore03853,D128A,7.869,-1.1590734720230103,0.5518468022346497,1.2046353816986084
9,9588880,3RY2,MdrDBcore03854,S52G,0.155,-0.794180154800415,0.5518468022346497,1.2046353816986084
9,9588880,1KC7,MdrDBcore03855,D620N,-1.605,-1.2987120151519775,0.5518468022346497,1.2046353816986084
9,9588880,1XQD,MdrDBcore03856,G73S,1.775,0.9666218161582947,0.5518468022346497,1.2046353816986084
9,9588880,1GZ4,MdrDBcore03857,R197Q,0.631,0.9894309639930725,0.5518468022346497,1.2046353816986084
9,9588880,1GZ4,MdrDBcore03858,R542V,0.814,1.0863392353057861,0.5518468022346497,1.2046353816986084
9,9588880,3LZS,MdrDBcore03859,N88S,1.231,0.8435395359992981,0.5518468022346497,1.2046353816986084
9,9588880,2O2Q,MdrDBcore03860,C707A,1.371,0.8415462374687195,0.5518468022346497,1.2046353816986084
9,9588880,2O2R,MdrDBcore03861,C707A,-0.968,0.7780926823616028,0.5518468022346497,1.2046353816986084
9,9588880,2O2Q,MdrDBcore03862,E673A,-2.859,0.8482402563095093,0.5518468022346497,1.2046353816986084
9,9588880,2O2Q,MdrDBcore03863,E673Q,-0.742,0.8674923777580261,0.5518468022346497,1.2046353816986084
9,9588880,1P6L,MdrDBcore03864,N368D,-1.435,0.6759189963340759,0.5518468022346497,1.2046353816986084
9,9588880,1P6N,MdrDBcore03865,N368D,-1.82,1.4715685844421387,0.5518468022346497,1.2046353816986084
9,9588880,1P6H,MdrDBcore03866,D597N,3.205,1.18779718875885,0.5518468022346497,1.2046353816986084
9,9588880,1P6J,MdrDBcore03867,D597N,3.139,1.6494446992874146,0.5518468022346497,1.2046353816986084
9,9588880,2CA8,MdrDBcore03868,R21L,1.518,-0.009495951235294342,0.5518468022346497,1.2046353816986084
9,9588880,2C80,MdrDBcore03869,R21L,0.487,-1.0201674699783325,0.5518468022346497,1.2046353816986084
9,9588880,2CA8,MdrDBcore03870,R21Q,-0.028,-0.009496096521615982,0.5518468022346497,1.2046353816986084
9,9588880,2C80,MdrDBcore03871,R21Q,-0.638,-1.0201674699783325,0.5518468022346497,1.2046353816986084
9,9588880,2CA8,MdrDBcore03872,Y10F,-0.028,0.08878126740455627,0.5518468022346497,1.2046353816986084
9,9588880,1IYK,MdrDBcore03873,D110A,1.511,0.5560043454170227,0.5518468022346497,1.2046353816986084
9,9588880,1IYK,MdrDBcore03874,D112A,2.22,0.5624657273292542,0.5518468022346497,1.2046353816986084
9,9588880,1IYK,MdrDBcore03875,D412A,2.647,0.4794809818267822,0.5518468022346497,1.2046353816986084
9,9588880,1IYK,MdrDBcore03876,F339A,1.17,0.5548946261405945,0.5518468022346497,1.2046353816986084
9,9588880,1IYK,MdrDBcore03877,G413A,-0.195,0.5323893427848816,0.5518468022346497,1.2046353816986084
9,9588880,1IYK,MdrDBcore03878,H227A,2.007,0.5434052348136902,0.5518468022346497,1.2046353816986084
9,9588880,1IYK,MdrDBcore03879,I111A,0.199,0.5461599826812744,0.5518468022346497,1.2046353816986084
9,9588880,1IYK,MdrDBcore03880,I352A,1.17,0.526512622833252,0.5518468022346497,1.2046353816986084
9,9588880,1IYK,MdrDBcore03881,L350V,-0.132,0.5265125036239624,0.5518468022346497,1.2046353816986084
9,9588880,1IYK,MdrDBcore03882,L451A,0.0,0.5160778760910034,0.5518468022346497,1.2046353816986084
9,9588880,1IYK,MdrDBcore03883,L451Q,0.566,0.5161194801330566,0.5518468022346497,1.2046353816986084
9,9588880,1IYK,MdrDBcore03884,N175A,1.41,0.5385573506355286,0.5518468022346497,1.2046353816986084
9,9588880,1IYK,MdrDBcore03885,P229A,0.108,0.46336448192596436,0.5518468022346497,1.2046353816986084
9,9588880,1IYK,MdrDBcore03886,S241A,0.667,0.5571796298027039,0.5518468022346497,1.2046353816986084
9,9588880,1IYK,MdrDBcore03887,T114A,-0.675,0.4444102346897125,0.5518468022346497,1.2046353816986084
9,9588880,1IYK,MdrDBcore03888,T211A,0.046,0.5204830169677734,0.5518468022346497,1.2046353816986084
9,9588880,1IYK,MdrDBcore03889,V108A,-0.303,0.47540873289108276,0.5518468022346497,1.2046353816986084
9,9588880,1IYK,MdrDBcore03890,W232A,0.718,0.5265123844146729,0.5518468022346497,1.2046353816986084
9,9588880,1IYK,MdrDBcore03891,Y107A,1.232,0.4701686501502991,0.5518468022346497,1.2046353816986084
9,9588880,1IYK,MdrDBcore03892,Y119A,1.062,0.4972240924835205,0.5518468022346497,1.2046353816986084
9,9588880,1IYK,MdrDBcore03893,Y354A,1.289,0.4701685905456543,0.5518468022346497,1.2046353816986084
9,9588880,2VQZ,MdrDBcore03894,F323A,0.282,0.47331035137176514,0.5518468022346497,1.2046353816986084
9,9588880,2VQZ,MdrDBcore03895,F325A,0.509,0.45544034242630005,0.5518468022346497,1.2046353816986084
9,9588880,2VQZ,MdrDBcore03896,F404A,1.171,0.4761204719543457,0.5518468022346497,1.2046353816986084
9,9588880,2VQZ,MdrDBcore03897,H357A,0.916,0.5138548016548157,0.5518468022346497,1.2046353816986084
9,9588880,2VQZ,MdrDBcore03898,H357W,-1.184,0.40392544865608215,0.5518468022346497,1.2046353816986084
9,9588880,1P7T,MdrDBcore03899,R338K,1.483,0.4330574572086334,0.5518468022346497,1.2046353816986084
9,9588880,1P7T,MdrDBcore03900,R338K,0.278,0.43305712938308716,0.5518468022346497,1.2046353816986084
9,9588880,3AH4,MdrDBcore03901,F179I,0.22,0.5703738331794739,0.5518468022346497,1.2046353816986084
9,9588880,3AJ5,MdrDBcore03902,F179I,0.322,0.801497757434845,0.5518468022346497,1.2046353816986084
9,9588880,3AH4,MdrDBcore03903,W176A,0.109,0.43915778398513794,0.5518468022346497,1.2046353816986084
9,9588880,3AJ5,MdrDBcore03904,W176A,0.425,0.8014976978302002,0.5518468022346497,1.2046353816986084
9,9588880,1AMK,MdrDBcore03905,E65Q,-0.024,-0.07092688977718353,0.5518468022346497,1.2046353816986084
9,9588880,1XJB,MdrDBcore03906,R301L,-0.028,0.6145827770233154,0.5518468022346497,1.2046353816986084
9,9588880,1XJB,MdrDBcore03907,R304L,0.404,0.6145824790000916,0.5518468022346497,1.2046353816986084
9,9588880,3HU2,MdrDBcore03908,A86R,1.598,1.1897419691085815,0.5518468022346497,1.2046353816986084
9,9588880,3HU1,MdrDBcore03909,G95R,1.14,1.1000221967697144,0.5518468022346497,1.2046353816986084
9,9588880,3HU3,MdrDBcore03910,H155R,1.14,1.1933401823043823,0.5518468022346497,1.2046353816986084
9,9588880,1LO8,MdrDBcore03911,D17N,-0.051,0.25805920362472534,0.5518468022346497,1.2046353816986084
9,9588880,1LO7,MdrDBcore03912,D17N,0.143,-0.026789512485265732,0.5518468022346497,1.2046353816986084
9,9588880,1B74,MdrDBcore03913,D7S,-0.268,0.9510104060173035,0.5518468022346497,1.2046353816986084
9,9588880,1B74,MdrDBcore03914,E147N,1.005,1.2994705438613892,0.5518468022346497,1.2046353816986084
9,9588880,1O0N,MdrDBcore03915,T45G,0.489,0.45635688304901123,0.5518468022346497,1.2046353816986084
9,9588880,1W4Q,MdrDBcore03916,T45G,2.07,-0.3639415502548218,0.5518468022346497,1.2046353816986084
9,9588880,1PZO,MdrDBcore03917,T182M,0.012,0.07972642779350281,0.5518468022346497,1.2046353816986084
9,9588880,1W96,MdrDBcore03918,E477R,1.489,1.4762042760849,0.5518468022346497,1.2046353816986084
9,9588880,1W96,MdrDBcore03919,F510I,0.621,0.5657280087471008,0.5518468022346497,1.2046353816986084
9,9588880,1W96,MdrDBcore03920,I69E,1.945,0.5387418270111084,0.5518468022346497,1.2046353816986084
9,9588880,1W96,MdrDBcore03921,K73R,3.699,1.4837491512298584,0.5518468022346497,1.2046353816986084
9,9588880,1W96,MdrDBcore03922,N485G,0.178,0.5784276723861694,0.5518468022346497,1.2046353816986084
9,9588880,1WCQ,MdrDBcore03923,F370D,1.218,0.7182164788246155,0.5518468022346497,1.2046353816986084
9,9588880,1WCQ,MdrDBcore03924,F370E,0.633,0.631845235824585,0.5518468022346497,1.2046353816986084
9,9588880,1WCQ,MdrDBcore03925,F370Y,-0.811,-0.2677190899848938,0.5518468022346497,1.2046353816986084
9,9588880,3NTY,MdrDBcore03926,F311A,0.33,0.7196817398071289,0.5518468022346497,1.2046353816986084
9,9588880,3C3U,MdrDBcore03927,F311A,0.066,0.7531358599662781,0.5518468022346497,1.2046353816986084
9,9588880,3NTY,MdrDBcore03928,F311L,-0.007,0.9407815337181091,0.5518468022346497,1.2046353816986084
9,9588880,3C3U,MdrDBcore03929,F311L,0.101,0.7531358599662781,0.5518468022346497,1.2046353816986084
9,9588880,3C3U,MdrDBcore03930,H222S,1.354,1.2136906385421753,0.5518468022346497,1.2046353816986084
9,9588880,3NTY,MdrDBcore03931,L306A,2.607,1.2123528718948364,0.5518468022346497,1.2046353816986084
9,9588880,3C3U,MdrDBcore03932,L306A,2.272,1.2502907514572144,0.5518468022346497,1.2046353816986084
9,9588880,3NTY,MdrDBcore03933,L308A,0.197,0.7293693423271179,0.5518468022346497,1.2046353816986084
9,9588880,3C3U,MdrDBcore03934,L308A,3.649,1.242933750152588,0.5518468022346497,1.2046353816986084
9,9588880,3NTY,MdrDBcore03935,L308V,0.404,0.870965838432312,0.5518468022346497,1.2046353816986084
9,9588880,3C3U,MdrDBcore03936,L308V,1.53,1.1233901977539062,0.5518468022346497,1.2046353816986084
9,9588880,3NTY,MdrDBcore03937,L54V,1.019,0.7203213572502136,0.5518468022346497,1.2046353816986084
9,9588880,3C3U,MdrDBcore03938,L54V,1.581,1.153207540512085,0.5518468022346497,1.2046353816986084
9,9588880,3ZY2,MdrDBcore03939,D242A,-0.805,0.010632794350385666,0.5518468022346497,1.2046353816986084
9,9588880,3ZY2,MdrDBcore03940,D244A,-0.742,0.010632988065481186,0.5518468022346497,1.2046353816986084
9,9588880,3ZY2,MdrDBcore03941,F199A,-0.394,0.010633107274770737,0.5518468022346497,1.2046353816986084
9,9588880,3ZY2,MdrDBcore03942,F261A,-0.634,-0.02288900688290596,0.5518468022346497,1.2046353816986084
9,9588880,3ZY2,MdrDBcore03943,F357A,2.573,0.1426139920949936,0.5518468022346497,1.2046353816986084
9,9588880,3ZY2,MdrDBcore03944,N43A,-0.091,0.06761325895786285,0.5518468022346497,1.2046353816986084
9,9588880,3ZY2,MdrDBcore03945,R240K,3.06,0.1074756383895874,0.5518468022346497,1.2046353816986084
9,9588880,3ZY2,MdrDBcore03946,R40A,1.292,0.17310892045497894,0.5518468022346497,1.2046353816986084
9,9588880,3ZY2,MdrDBcore03947,W245A,0.9,0.09163489937782288,0.5518468022346497,1.2046353816986084
9,9588880,2R0H,MdrDBcore03948,R81A,0.553,0.04150143638253212,0.5518468022346497,1.2046353816986084
9,9588880,1FSG,MdrDBcore03949,D150A,-1.181,-0.12260313332080841,0.5518468022346497,1.2046353816986084
9,9588880,3QFX,MdrDBcore03950,T86N,1.186,-0.35578495264053345,0.5518468022346497,1.2046353816986084
9,9588880,3RG9,MdrDBcore03951,T86N,0.75,0.3987286388874054,0.5518468022346497,1.2046353816986084
9,9588880,3QFX,MdrDBcore03952,T86S,-1.448,-0.6812635660171509,0.5518468022346497,1.2046353816986084
9,9588880,3RG9,MdrDBcore03953,T86S,-0.119,0.29025551676750183,0.5518468022346497,1.2046353816986084
9,9588880,1L7E,MdrDBcore03954,D135N,-0.004,0.6077890992164612,0.5518468022346497,1.2046353816986084
9,9588880,1L7E,MdrDBcore03955,Q132N,0.129,0.6044424176216125,0.5518468022346497,1.2046353816986084
9,9588880,1L7E,MdrDBcore03956,R127A,2.169,-0.1065332293510437,0.5518468022346497,1.2046353816986084
9,9588880,1L7E,MdrDBcore03957,R127M,2.169,0.16246680915355682,0.5518468022346497,1.2046353816986084
9,9588880,1L7E,MdrDBcore03958,S138A,0.158,0.558953583240509,0.5518468022346497,1.2046353816986084
9,9588880,2E7F,MdrDBcore03959,N199A,0.577,0.8286301493644714,0.5518468022346497,1.2046353816986084
9,9588880,1FLM,MdrDBcore03960,E13Q,0.391,0.40479016304016113,0.5518468022346497,1.2046353816986084
9,9588880,1FLM,MdrDBcore03961,E13T,0.649,0.40479016304016113,0.5518468022346497,1.2046353816986084
9,9588880,1FLM,MdrDBcore03962,L122E,1.697,0.4221649169921875,0.5518468022346497,1.2046353816986084
9,9588880,1FLM,MdrDBcore03963,L122K,0.521,0.42850008606910706,0.5518468022346497,1.2046353816986084
9,9588880,1FLM,MdrDBcore03964,L122Y,-0.659,0.5140777826309204,0.5518468022346497,1.2046353816986084
9,9588880,3H2K,MdrDBcore03965,G221I,-1.104,0.8348950147628784,0.5518468022346497,1.2046353816986084
9,9588880,3H2K,MdrDBcore03966,G231A,1.207,0.8068755865097046,0.5518468022346497,1.2046353816986084
9,9588880,3H2K,MdrDBcore03967,G231F,1.92,0.4379083812236786,0.5518468022346497,1.2046353816986084
9,9588880,3H2K,MdrDBcore03968,G231I,1.366,0.6884819269180298,0.5518468022346497,1.2046353816986084
9,9588880,3H2K,MdrDBcore03969,N228W,0.233,0.6099564433097839,0.5518468022346497,1.2046353816986084
9,9588880,3H2K,MdrDBcore03970,S176A,0.049,0.8062785267829895,0.5518468022346497,1.2046353816986084
9,9588880,3CL2,MdrDBcore03971,S294N,-2.604,-0.585659921169281,0.5518468022346497,1.2046353816986084
9,9588880,3CL0,MdrDBcore03972,Y274H,-3.306,-2.583247661590576,0.5518468022346497,1.2046353816986084
9,9588880,3CKZ,MdrDBcore03973,Y274H,-0.38,-0.7725865840911865,0.5518468022346497,1.2046353816986084
9,9588880,3UJ9,MdrDBcore03974,H132A,0.062,0.30818885564804077,0.5518468022346497,1.2046353816986084
9,9588880,3UJB,MdrDBcore03975,H132A,0.257,-0.2251097559928894,0.5518468022346497,1.2046353816986084
9,9588880,3UJ9,MdrDBcore03976,Y19F,-0.087,0.09733374416828156,0.5518468022346497,1.2046353816986084
9,9588880,3UJB,MdrDBcore03977,Y19F,0.248,-0.024445965886116028,0.5518468022346497,1.2046353816986084
9,9588880,3OXC,MdrDBcore03978,G48V,2.637,0.690544605255127,0.5518468022346497,1.2046353816986084
9,9588880,3OXC,MdrDBcore03979,G48V,2.637,0.6905445456504822,0.5518468022346497,1.2046353816986084
9,9588880,2HS1,MdrDBcore03980,I32V,-1.13,0.40748685598373413,0.5518468022346497,1.2046353816986084
9,9588880,3OXC,MdrDBcore03981,I50V,1.878,0.6662222146987915,0.5518468022346497,1.2046353816986084
9,9588880,3OXC,MdrDBcore03982,I50V,1.878,0.6662222743034363,0.5518468022346497,1.2046353816986084
9,9588880,3OXC,MdrDBcore03983,I54M,0.981,0.6782428026199341,0.5518468022346497,1.2046353816986084
9,9588880,3OXC,MdrDBcore03984,I54M,0.981,0.6782433390617371,0.5518468022346497,1.2046353816986084
9,9588880,3OXC,MdrDBcore03985,I54V,1.576,0.6782428622245789,0.5518468022346497,1.2046353816986084
9,9588880,3OXC,MdrDBcore03986,I54V,1.576,0.678243100643158,0.5518468022346497,1.2046353816986084
9,9588880,3OXC,MdrDBcore03987,I84V,0.058,0.818722665309906,0.5518468022346497,1.2046353816986084
9,9588880,3OXC,MdrDBcore03988,I84V,0.058,0.818722665309906,0.5518468022346497,1.2046353816986084
9,9588880,2HS2,MdrDBcore03989,L46M,-1.364,0.30093908309936523,0.5518468022346497,1.2046353816986084
9,9588880,3OXC,MdrDBcore03990,V82A,0.058,0.5572945475578308,0.5518468022346497,1.2046353816986084
9,9588880,3OXC,MdrDBcore03991,V82A,0.058,0.5572939515113831,0.5518468022346497,1.2046353816986084
9,9588880,3IJW,MdrDBcore03992,H183A,-1.3,0.26764699816703796,0.5518468022346497,1.2046353816986084
9,9588880,3IJW,MdrDBcore03993,H183G,-1.006,0.2676469087600708,0.5518468022346497,1.2046353816986084
9,9588880,3KYF,MdrDBcore03994,Q121A,0.338,0.42531487345695496,0.5518468022346497,1.2046353816986084
9,9588880,3KYF,MdrDBcore03995,R122A,1.751,0.6027592420578003,0.5518468022346497,1.2046353816986084
9,9588880,3KYF,MdrDBcore03996,R122L,0.862,0.6412718296051025,0.5518468022346497,1.2046353816986084
9,9588880,3KYF,MdrDBcore03997,S159A,0.885,0.4197804033756256,0.5518468022346497,1.2046353816986084
9,9588880,3OKP,MdrDBcore03998,D13A,0.481,0.479401171207428,0.5518468022346497,1.2046353816986084
9,9588880,3OKC,MdrDBcore03999,D13A,0.307,0.005764517933130264,0.5518468022346497,1.2046353816986084
9,9588880,3OKP,MdrDBcore04000,D13N,0.273,0.47940099239349365,0.5518468022346497,1.2046353816986084
9,9588880,3OKC,MdrDBcore04001,D13N,-0.393,0.005764391273260117,0.5518468022346497,1.2046353816986084
9,9588880,3OKP,MdrDBcore04002,E290D,0.63,0.6575056910514832,0.5518468022346497,1.2046353816986084
9,9588880,3OKC,MdrDBcore04003,E290D,1.291,0.059711556881666183,0.5518468022346497,1.2046353816986084
9,9588880,3OKP,MdrDBcore04004,E290Q,0.374,0.42084282636642456,0.5518468022346497,1.2046353816986084
9,9588880,3OKC,MdrDBcore04005,E290Q,0.079,0.8847644925117493,0.5518468022346497,1.2046353816986084
9,9588880,3OKP,MdrDBcore04006,G123P,0.257,0.4794010519981384,0.5518468022346497,1.2046353816986084
9,9588880,3OKC,MdrDBcore04007,G123P,0.087,0.0057645030319690704,0.5518468022346497,1.2046353816986084
9,9588880,3OKP,MdrDBcore04008,G20W,0.084,0.13943186402320862,0.5518468022346497,1.2046353816986084
9,9588880,3OKC,MdrDBcore04009,G20W,0.143,-0.22768379747867584,0.5518468022346497,1.2046353816986084
9,9588880,3OKP,MdrDBcore04010,G291S,0.762,0.479401171207428,0.5518468022346497,1.2046353816986084
9,9588880,3OKC,MdrDBcore04011,G291S,0.42,0.005764540284872055,0.5518468022346497,1.2046353816986084
9,9588880,3OKP,MdrDBcore04012,H118S,0.817,0.47940146923065186,0.5518468022346497,1.2046353816986084
9,9588880,3OKC,MdrDBcore04013,H118S,-0.368,0.005764465779066086,0.5518468022346497,1.2046353816986084
9,9588880,3OKP,MdrDBcore04014,I21A,0.64,0.47940123081207275,0.5518468022346497,1.2046353816986084
9,9588880,3OKC,MdrDBcore04015,I21A,0.067,0.005764391273260117,0.5518468022346497,1.2046353816986084
9,9588880,3OKP,MdrDBcore04016,I21S,-0.207,0.4794011116027832,0.5518468022346497,1.2046353816986084
9,9588880,3OKC,MdrDBcore04017,I21S,-0.19,0.0057645030319690704,0.5518468022346497,1.2046353816986084
9,9588880,3OKP,MdrDBcore04018,K211Q,0.28,0.463512122631073,0.5518468022346497,1.2046353816986084
9,9588880,3OKC,MdrDBcore04019,K211Q,0.059,0.05169184133410454,0.5518468022346497,1.2046353816986084
9,9588880,3OKP,MdrDBcore04020,N12A,0.042,0.479401171207428,0.5518468022346497,1.2046353816986084
9,9588880,3OKC,MdrDBcore04021,N12A,-0.319,0.005764175206422806,0.5518468022346497,1.2046353816986084
9,9588880,3OKP,MdrDBcore04022,Q22A,0.684,0.4794013500213623,0.5518468022346497,1.2046353816986084
9,9588880,3OKC,MdrDBcore04023,Q22A,-0.104,0.005764402449131012,0.5518468022346497,1.2046353816986084
9,9588880,3OKP,MdrDBcore04024,R206S,0.48,0.5314484238624573,0.5518468022346497,1.2046353816986084
9,9588880,3OKC,MdrDBcore04025,R206S,0.406,0.09621848165988922,0.5518468022346497,1.2046353816986084
9,9588880,3OKP,MdrDBcore04026,R210S,0.444,0.5694857239723206,0.5518468022346497,1.2046353816986084
9,9588880,3OKC,MdrDBcore04027,R210S,0.112,0.01894799992442131,0.5518468022346497,1.2046353816986084
9,9588880,3OKP,MdrDBcore04028,S205G,-0.009,0.5329845547676086,0.5518468022346497,1.2046353816986084
9,9588880,3OKC,MdrDBcore04029,S205G,-0.049,0.005684860050678253,0.5518468022346497,1.2046353816986084
9,9588880,3AQT,MdrDBcore04030,D94A,1.759,1.5557750463485718,0.5518468022346497,1.2046353816986084
9,9588880,3AQT,MdrDBcore04031,R145A,2.111,1.3792359828948975,0.5518468022346497,1.2046353816986084
9,9588880,3AQT,MdrDBcore04032,R148A,1.451,-0.6790590286254883,0.5518468022346497,1.2046353816986084
9,9588880,1MUI,MdrDBcore04033,D30N,0.765,0.24874962866306305,0.5518468022346497,1.2046353816986084
9,9588880,1MUI,MdrDBcore04034,L90M,-0.056,0.3257908821105957,0.5518468022346497,1.2046353816986084
9,9588880,1MUI,MdrDBcore04035,N88D,-0.189,0.32579120993614197,0.5518468022346497,1.2046353816986084
9,9588880,2Q88,MdrDBcore04036,E134A,-0.17,0.29431891441345215,0.5518468022346497,1.2046353816986084
9,9588880,2Q88,MdrDBcore04037,E21A,2.137,0.36814990639686584,0.5518468022346497,1.2046353816986084
9,9588880,2Q89,MdrDBcore04038,E21A,2.796,1.678157925605774,0.5518468022346497,1.2046353816986084
9,9588880,2Q88,MdrDBcore04039,F24A,-0.123,0.28047651052474976,0.5518468022346497,1.2046353816986084
9,9588880,2Q89,MdrDBcore04040,F24A,-0.132,0.8295947909355164,0.5518468022346497,1.2046353816986084
9,9588880,2Q88,MdrDBcore04041,F24D,0.848,0.5359892249107361,0.5518468022346497,1.2046353816986084
9,9588880,2Q89,MdrDBcore04042,F24D,0.954,1.6679176092147827,0.5518468022346497,1.2046353816986084
9,9588880,2Q88,MdrDBcore04043,F24E,-0.079,0.34889480471611023,0.5518468022346497,1.2046353816986084
9,9588880,2Q89,MdrDBcore04044,F24E,1.376,1.6762772798538208,0.5518468022346497,1.2046353816986084
9,9588880,2Q88,MdrDBcore04045,F80D,1.95,0.5738027095794678,0.5518468022346497,1.2046353816986084
9,9588880,2Q89,MdrDBcore04046,F80D,3.103,1.1903210878372192,0.5518468022346497,1.2046353816986084
9,9588880,2Q88,MdrDBcore04047,F80E,0.831,0.15920376777648926,0.5518468022346497,1.2046353816986084
9,9588880,2Q89,MdrDBcore04048,F80E,2.827,1.0979301929473877,0.5518468022346497,1.2046353816986084
9,9588880,2Q88,MdrDBcore04049,Y60A,0.783,1.0444875955581665,0.5518468022346497,1.2046353816986084
9,9588880,2Q89,MdrDBcore04050,Y60A,0.566,1.2811428308486938,0.5518468022346497,1.2046353816986084
9,9588880,2Q88,MdrDBcore04051,Y60F,0.161,0.27159589529037476,0.5518468022346497,1.2046353816986084
9,9588880,2Q89,MdrDBcore04052,Y60F,0.467,1.0967353582382202,0.5518468022346497,1.2046353816986084
9,9588880,2Q88,MdrDBcore04053,Y60W,-1.586,-1.1683319807052612,0.5518468022346497,1.2046353816986084
9,9588880,2Q89,MdrDBcore04054,Y60W,-0.675,1.057759165763855,0.5518468022346497,1.2046353816986084
9,9588880,2.00E+22,MdrDBcore04055,R612A,-0.423,-0.5875950455665588,0.5518468022346497,1.2046353816986084
9,9588880,2QEH,MdrDBcore04056,D111L,2.798,2.9072530269622803,0.5518468022346497,1.2046353816986084
9,9588880,2QEH,MdrDBcore04057,D139L,2.798,1.8595913648605347,0.5518468022346497,1.2046353816986084
9,9588880,2QEH,MdrDBcore04058,E114L,4.791,2.914578437805176,0.5518468022346497,1.2046353816986084
9,9588880,2QEH,MdrDBcore04059,E7L,2.106,2.9137632846832275,0.5518468022346497,1.2046353816986084
9,9588880,2PQL,MdrDBcore04060,E7L,1.728,2.0460147857666016,0.5518468022346497,1.2046353816986084
9,9588880,2QEH,MdrDBcore04061,H35L,-1.883,-1.572420597076416,0.5518468022346497,1.2046353816986084
9,9588880,2PQL,MdrDBcore04062,H35L,-2.655,-2.4761433601379395,0.5518468022346497,1.2046353816986084
9,9588880,2QEH,MdrDBcore04063,Y94L,0.581,1.7898484468460083,0.5518468022346497,1.2046353816986084
9,9588880,2PQL,MdrDBcore04064,Y94L,2.055,0.5322238206863403,0.5518468022346497,1.2046353816986084
9,9588880,3AM3,MdrDBcore04065,M372V,-0.262,0.7334409952163696,0.5518468022346497,1.2046353816986084
9,9588880,2CCC,MdrDBcore04066,E45A,-0.338,-0.12376923859119415,0.5518468022346497,1.2046353816986084
9,9588880,2CC7,MdrDBcore04067,E45A,0.071,0.048742543905973434,0.5518468022346497,1.2046353816986084
9,9588880,2CCB,MdrDBcore04068,E45A,0.236,-0.9326924085617065,0.5518468022346497,1.2046353816986084
9,9588880,2CC7,MdrDBcore04069,E45F,0.501,-0.028607353568077087,0.5518468022346497,1.2046353816986084
9,9588880,2CCB,MdrDBcore04070,E45F,-1.048,-0.9420987367630005,0.5518468022346497,1.2046353816986084
9,9588880,2CC7,MdrDBcore04071,E45H,-0.453,-0.015153231099247932,0.5518468022346497,1.2046353816986084
9,9588880,2CCB,MdrDBcore04072,E45H,-0.372,-0.9089435338973999,0.5518468022346497,1.2046353816986084
9,9588880,2CC7,MdrDBcore04073,E45N,-0.075,0.03359008952975273,0.5518468022346497,1.2046353816986084
9,9588880,2CCB,MdrDBcore04074,E45N,0.895,-0.9220876097679138,0.5518468022346497,1.2046353816986084
9,9588880,2CC7,MdrDBcore04075,E45Q,-0.65,0.029120180755853653,0.5518468022346497,1.2046353816986084
9,9588880,2CCB,MdrDBcore04076,E45Q,1.076,-0.9200931191444397,0.5518468022346497,1.2046353816986084
9,9588880,2CCB,MdrDBcore04077,E45T,-2.011,-0.9404261708259583,0.5518468022346497,1.2046353816986084
9,9588880,2CCC,MdrDBcore04078,Q55A,-1.028,-0.14803966879844666,0.5518468022346497,1.2046353816986084
9,9588880,2CC7,MdrDBcore04079,Q55A,1.883,0.06027713045477867,0.5518468022346497,1.2046353816986084
9,9588880,2CCB,MdrDBcore04080,Q55A,-0.941,-0.952227771282196,0.5518468022346497,1.2046353816986084
9,9588880,2JDM,MdrDBcore04081,A22S,-1.315,-1.3560668230056763,0.5518468022346497,1.2046353816986084
9,9588880,2JDU,MdrDBcore04082,N24G,0.484,-0.4980679750442505,0.5518468022346497,1.2046353816986084
9,9588880,2JDY,MdrDBcore04083,N24G,-3.098,-1.6535401344299316,0.5518468022346497,1.2046353816986084
9,9588880,2FLE,MdrDBcore04084,A82V,-1.146,0.19616904854774475,0.5518468022346497,1.2046353816986084
9,9588880,3EEB,MdrDBcore04085,C140A,0.315,0.4816357493400574,0.5518468022346497,1.2046353816986084
9,9588880,3EEB,MdrDBcore04086,D178A,1.612,0.5382992625236511,0.5518468022346497,1.2046353816986084
9,9588880,3EEB,MdrDBcore04087,D178N,0.418,0.4816358685493469,0.5518468022346497,1.2046353816986084
9,9588880,3EEB,MdrDBcore04088,D191A,0.298,0.4816358685493469,0.5518468022346497,1.2046353816986084
9,9588880,3EEB,MdrDBcore04089,E179A,-0.07,0.4816357493400574,0.5518468022346497,1.2046353816986084
9,9588880,3EEB,MdrDBcore04090,H134A,0.839,0.5010102391242981,0.5518468022346497,1.2046353816986084
9,9588880,3EEB,MdrDBcore04091,R182Q,1.376,0.4712314009666443,0.5518468022346497,1.2046353816986084
9,9588880,3EEB,MdrDBcore04092,R29Q,1.015,0.4683404564857483,0.5518468022346497,1.2046353816986084
9,9588880,3EEB,MdrDBcore04093,W192A,1.168,0.48163604736328125,0.5518468022346497,1.2046353816986084
9,9588880,3EEB,MdrDBcore04094,W192F,0.257,0.48163580894470215,0.5518468022346497,1.2046353816986084
9,9588880,3HY8,MdrDBcore04095,W229Q,-1.724,0.406024307012558,0.5518468022346497,1.2046353816986084
9,9588880,3HY8,MdrDBcore04096,W229R,-2.302,0.36233824491500854,0.5518468022346497,1.2046353816986084
9,9588880,1TPZ,MdrDBcore04097,K48A,0.0,0.28605788946151733,0.5518468022346497,1.2046353816986084
9,9588880,1TPZ,MdrDBcore04098,K48E,-0.048,0.2860580086708069,0.5518468022346497,1.2046353816986084
9,9588880,1TPZ,MdrDBcore04099,L44R,-0.069,0.286058247089386,0.5518468022346497,1.2046353816986084
9,9588880,1TPZ,MdrDBcore04100,M173A,0.0,0.2860582768917084,0.5518468022346497,1.2046353816986084
9,9588880,1TPZ,MdrDBcore04101,S172R,0.161,0.286058247089386,0.5518468022346497,1.2046353816986084
9,9588880,3FQL,MdrDBcore04102,C316N,1.543,-0.25876668095588684,0.5518468022346497,1.2046353816986084
9,9588880,3FQL,MdrDBcore04103,L419M,-0.061,-0.034380871802568436,0.5518468022346497,1.2046353816986084
9,9588880,3FQL,MdrDBcore04104,M414T,-0.297,-0.1388663500547409,0.5518468022346497,1.2046353816986084
9,9588880,3FQL,MdrDBcore04105,P495L,-0.27,-0.03438105061650276,0.5518468022346497,1.2046353816986084
9,9588880,3MDV,MdrDBcore04106,T306A,0.132,-0.11288042366504669,0.5518468022346497,1.2046353816986084
9,9588880,3MDM,MdrDBcore04107,T306A,-1.062,-0.6040719747543335,0.5518468022346497,1.2046353816986084
9,9588880,3MDR,MdrDBcore04108,T306A,0.954,1.1418462991714478,0.5518468022346497,1.2046353816986084
9,9588880,3MDT,MdrDBcore04109,T306A,0.262,0.359094500541687,0.5518468022346497,1.2046353816986084
9,9588880,3MI3,MdrDBcore04110,E222Q,5.588,2.9257497787475586,0.5518468022346497,1.2046353816986084
9,9588880,3MI3,MdrDBcore04111,Q364R,3.292,2.8894708156585693,0.5518468022346497,1.2046353816986084
9,9588880,3MI3,MdrDBcore04112,R288K,2.995,2.8894453048706055,0.5518468022346497,1.2046353816986084
9,9588880,3DGN,MdrDBcore04113,Y43F,1.133,0.443112850189209,0.5518468022346497,1.2046353816986084
9,9588880,3DGL,MdrDBcore04114,Y43F,-0.195,0.1418215036392212,0.5518468022346497,1.2046353816986084
9,9588880,4CKI,MdrDBcore04115,A807V,0.512,0.16806162893772125,0.5518468022346497,1.2046353816986084
9,9588880,6VHG,MdrDBcore04116,A807V,0.619,0.965340793132782,0.5518468022346497,1.2046353816986084
9,9588880,4CKI,MdrDBcore04117,A807V,-0.091,0.06715741753578186,0.5518468022346497,1.2046353816986084
9,9588880,4CKI,MdrDBcore04118,E732K,0.928,0.28116685152053833,0.5518468022346497,1.2046353816986084
9,9588880,6VHG,MdrDBcore04119,E732K,-0.102,0.27748364210128784,0.5518468022346497,1.2046353816986084
9,9588880,4CKI,MdrDBcore04120,E732K,0.115,0.08798868954181671,0.5518468022346497,1.2046353816986084
9,9588880,4CKI,MdrDBcore04121,F998V,0.667,0.48266202211380005,0.5518468022346497,1.2046353816986084
9,9588880,6VHG,MdrDBcore04122,F998V,0.901,1.0195049047470093,0.5518468022346497,1.2046353816986084
9,9588880,4CKI,MdrDBcore04123,F998V,0.0,0.1487477421760559,0.5518468022346497,1.2046353816986084
9,9588880,4CKI,MdrDBcore04124,G810A,-0.052,0.298809289932251,0.5518468022346497,1.2046353816986084
9,9588880,6NEC,MdrDBcore04125,G810A,-0.324,0.7782222032546997,0.5518468022346497,1.2046353816986084
9,9588880,4CKI,MdrDBcore04126,G810A,-0.044,0.06777043640613556,0.5518468022346497,1.2046353816986084
9,9588880,4CKI,MdrDBcore04127,G810S,0.874,1.0111019611358643,0.5518468022346497,1.2046353816986084
9,9588880,6NEC,MdrDBcore04128,G810S,0.747,0.8836506009101868,0.5518468022346497,1.2046353816986084
9,9588880,4CKI,MdrDBcore04129,G810S,0.821,0.047995682805776596,0.5518468022346497,1.2046353816986084
9,9588880,6NJA,MdrDBcore04130,M918T,1.113,0.3872781991958618,0.5518468022346497,1.2046353816986084
9,9588880,6VHG,MdrDBcore04131,M918T,1.192,0.4161302149295807,0.5518468022346497,1.2046353816986084
9,9588880,2IVT,MdrDBcore04132,M918T,0.319,-0.10077720880508423,0.5518468022346497,1.2046353816986084
9,9588880,4CKI,MdrDBcore04133,V738A,0.954,0.7809056639671326,0.5518468022346497,1.2046353816986084
9,9588880,6NEC,MdrDBcore04134,V738A,1.49,0.7559610605239868,0.5518468022346497,1.2046353816986084
9,9588880,4CKI,MdrDBcore04135,V738A,1.115,0.1083776205778122,0.5518468022346497,1.2046353816986084
9,9588880,4CKI,MdrDBcore04136,V804L,1.538,1.0294641256332397,0.5518468022346497,1.2046353816986084
9,9588880,6VHG,MdrDBcore04137,V804L,2.383,1.1745086908340454,0.5518468022346497,1.2046353816986084
9,9588880,4CKI,MdrDBcore04138,V804L,0.842,-0.19874772429466248,0.5518468022346497,1.2046353816986084
9,9588880,4CKI,MdrDBcore04139,V804M,1.704,0.2677195072174072,0.5518468022346497,1.2046353816986084
9,9588880,6VHG,MdrDBcore04140,V804M,1.985,1.0979329347610474,0.5518468022346497,1.2046353816986084
9,9588880,4CKI,MdrDBcore04141,V804M,1.076,0.31356173753738403,0.5518468022346497,1.2046353816986084
9,9588880,4CKI,MdrDBcore04142,V871I,0.886,0.9085748791694641,0.5518468022346497,1.2046353816986084
9,9588880,6NEC,MdrDBcore04143,V871I,0.597,0.811862587928772,0.5518468022346497,1.2046353816986084
9,9588880,4CKI,MdrDBcore04144,V871I,0.149,0.02071506902575493,0.5518468022346497,1.2046353816986084
9,9588880,4CKI,MdrDBcore04145,Y806N,1.77,0.4955598711967468,0.5518468022346497,1.2046353816986084
9,9588880,6NEC,MdrDBcore04146,Y806N,1.374,0.6637423038482666,0.5518468022346497,1.2046353816986084
9,9588880,4CKI,MdrDBcore04147,Y806N,1.109,0.12607057392597198,0.5518468022346497,1.2046353816986084
9,9588880,4WA9,MdrDBcore04148,D276G,0.179,-0.05775472894310951,0.5518468022346497,1.2046353816986084
9,9588880,4XEY,MdrDBcore04149,E255K,0.894,0.5453239679336548,0.5518468022346497,1.2046353816986084
9,9588880,4WA9,MdrDBcore04150,E255K,0.258,-0.05775447562336922,0.5518468022346497,1.2046353816986084
9,9588880,3UE4,MdrDBcore04151,E255K,0.557,0.32908952236175537,0.5518468022346497,1.2046353816986084
9,9588880,4XEY,MdrDBcore04152,E255V,1.014,0.5453239679336548,0.5518468022346497,1.2046353816986084
9,9588880,4WA9,MdrDBcore04153,E255V,0.298,-0.0577545128762722,0.5518468022346497,1.2046353816986084
9,9588880,3UE4,MdrDBcore04154,E255V,0.656,0.31227847933769226,0.5518468022346497,1.2046353816986084
9,9588880,4WA9,MdrDBcore04155,E279K,-0.03,0.1615491658449173,0.5518468022346497,1.2046353816986084
9,9588880,4WA9,MdrDBcore04156,E292L,0.03,-0.057755086570978165,0.5518468022346497,1.2046353816986084
9,9588880,4XEY,MdrDBcore04157,E355A,0.239,0.5453240275382996,0.5518468022346497,1.2046353816986084
9,9588880,3UE4,MdrDBcore04158,E355A,0.02,0.32908931374549866,0.5518468022346497,1.2046353816986084
9,9588880,4XEY,MdrDBcore04159,E459K,0.407,0.54532390832901,0.5518468022346497,1.2046353816986084
9,9588880,3UE4,MdrDBcore04160,E459K,0.348,0.32908952236175537,0.5518468022346497,1.2046353816986084
9,9588880,4XEY,MdrDBcore04161,F317C,1.849,0.5481932759284973,0.5518468022346497,1.2046353816986084
9,9588880,3UE4,MdrDBcore04162,F317C,0.497,0.30003979802131653,0.5518468022346497,1.2046353816986084
9,9588880,4XEY,MdrDBcore04163,F317I,1.779,0.5847233533859253,0.5518468022346497,1.2046353816986084
9,9588880,3UE4,MdrDBcore04164,F317I,0.706,0.31121882796287537,0.5518468022346497,1.2046353816986084
9,9588880,4XEY,MdrDBcore04165,F317L,0.954,0.5603702664375305,0.5518468022346497,1.2046353816986084
9,9588880,4WA9,MdrDBcore04166,F317L,0.229,-0.02932490035891533,0.5518468022346497,1.2046353816986084
9,9588880,3UE4,MdrDBcore04167,F317L,0.089,0.4304502010345459,0.5518468022346497,1.2046353816986084
9,9588880,4WA9,MdrDBcore04168,F317R,0.268,-0.12308108806610107,0.5518468022346497,1.2046353816986084
9,9588880,4XEY,MdrDBcore04169,F317V,2.345,0.5573939681053162,0.5518468022346497,1.2046353816986084
9,9588880,4WA9,MdrDBcore04170,F317V,0.278,-0.3523409366607666,0.5518468022346497,1.2046353816986084
9,9588880,3UE4,MdrDBcore04171,F317V,1.709,0.39819028973579407,0.5518468022346497,1.2046353816986084
9,9588880,4XEY,MdrDBcore04172,F359C,0.0,0.5453240275382996,0.5518468022346497,1.2046353816986084
9,9588880,3UE4,MdrDBcore04173,F359C,-0.01,0.329089492559433,0.5518468022346497,1.2046353816986084
9,9588880,4XEY,MdrDBcore04174,F359I,0.239,0.5453238487243652,0.5518468022346497,1.2046353816986084
9,9588880,4WA9,MdrDBcore04175,F359I,0.099,-0.05775455757975578,0.5518468022346497,1.2046353816986084
9,9588880,3UE4,MdrDBcore04176,F359I,0.04,0.32908931374549866,0.5518468022346497,1.2046353816986084
9,9588880,4XEY,MdrDBcore04177,F359V,0.0,0.54532390832901,0.5518468022346497,1.2046353816986084
9,9588880,4WA9,MdrDBcore04178,F359V,0.07,-0.05775492265820503,0.5518468022346497,1.2046353816986084
9,9588880,3UE4,MdrDBcore04179,F359V,-0.109,0.32908928394317627,0.5518468022346497,1.2046353816986084
9,9588880,4WA9,MdrDBcore04180,F486S,0.05,-0.05775486305356026,0.5518468022346497,1.2046353816986084
9,9588880,4XEY,MdrDBcore04181,G250E,0.407,0.5453240275382996,0.5518468022346497,1.2046353816986084
9,9588880,4WA9,MdrDBcore04182,G250E,0.268,-0.05775472894310951,0.5518468022346497,1.2046353816986084
9,9588880,3UE4,MdrDBcore04183,G250E,0.109,0.3290899693965912,0.5518468022346497,1.2046353816986084
9,9588880,4XEY,MdrDBcore04184,H396R,0.0,0.54532390832901,0.5518468022346497,1.2046353816986084
9,9588880,4WA9,MdrDBcore04185,H396R,0.248,-0.057754773646593094,0.5518468022346497,1.2046353816986084
9,9588880,3UE4,MdrDBcore04186,H396R,-0.099,0.32908952236175537,0.5518468022346497,1.2046353816986084
9,9588880,4XEY,MdrDBcore04187,L248R,0.646,0.5270492434501648,0.5518468022346497,1.2046353816986084
9,9588880,4WA9,MdrDBcore04188,L248R,0.308,-0.19661776721477509,0.5518468022346497,1.2046353816986084
9,9588880,3UE4,MdrDBcore04189,L248R,1.491,0.5142716765403748,0.5518468022346497,1.2046353816986084
9,9588880,4XEY,MdrDBcore04190,L248V,0.547,0.5237575173377991,0.5518468022346497,1.2046353816986084
9,9588880,4WA9,MdrDBcore04191,L248V,0.318,-0.07983854413032532,0.5518468022346497,1.2046353816986084
9,9588880,3UE4,MdrDBcore04192,L248V,0.557,0.3089345395565033,0.5518468022346497,1.2046353816986084
9,9588880,4WA9,MdrDBcore04193,L384M,0.06,-0.05775472894310951,0.5518468022346497,1.2046353816986084
9,9588880,4XEY,MdrDBcore04194,M244V,0.0,0.54532390832901,0.5518468022346497,1.2046353816986084
9,9588880,4WA9,MdrDBcore04195,M244V,-0.109,-0.05775480344891548,0.5518468022346497,1.2046353816986084
9,9588880,3UE4,MdrDBcore04196,M244V,0.427,0.32908955216407776,0.5518468022346497,1.2046353816986084
9,9588880,4WA9,MdrDBcore04197,M343T,0.209,-0.05775440111756325,0.5518468022346497,1.2046353816986084
9,9588880,4XEY,MdrDBcore04198,M351T,0.0,0.5453239679336548,0.5518468022346497,1.2046353816986084
9,9588880,4WA9,MdrDBcore04199,M351T,-0.239,-0.05775460973381996,0.5518468022346497,1.2046353816986084
9,9588880,3UE4,MdrDBcore04200,M351T,0.189,0.32908961176872253,0.5518468022346497,1.2046353816986084
9,9588880,4WA9,MdrDBcore04201,Q252H,0.199,-0.028104577213525772,0.5518468022346497,1.2046353816986084
9,9588880,4XEY,MdrDBcore04202,T315A,2.008,0.5708765387535095,0.5518468022346497,1.2046353816986084
9,9588880,4WA9,MdrDBcore04203,T315A,-0.447,0.011185672134160995,0.5518468022346497,1.2046353816986084
9,9588880,3UE4,MdrDBcore04204,T315A,0.318,0.3005841076374054,0.5518468022346497,1.2046353816986084
9,9588880,4XEY,MdrDBcore04205,T315I,5.049,0.5009065866470337,0.5518468022346497,1.2046353816986084
9,9588880,4WA9,MdrDBcore04206,T315I,-1.262,-0.1584016978740692,0.5518468022346497,1.2046353816986084
9,9588880,3UE4,MdrDBcore04207,T315I,2.435,0.38336434960365295,0.5518468022346497,1.2046353816986084
9,9588880,4WA9,MdrDBcore04208,T315V,-1.719,-0.11499404907226562,0.5518468022346497,1.2046353816986084
9,9588880,4XEY,MdrDBcore04209,V299L,1.232,0.497342050075531,0.5518468022346497,1.2046353816986084
9,9588880,4WA9,MdrDBcore04210,V299L,-0.875,-0.2533295452594757,0.5518468022346497,1.2046353816986084
9,9588880,3UE4,MdrDBcore04211,V299L,1.69,0.34790563583374023,0.5518468022346497,1.2046353816986084
9,9588880,4XEY,MdrDBcore04212,Y253F,0.239,0.54532390832901,0.5518468022346497,1.2046353816986084
9,9588880,4WA9,MdrDBcore04213,Y253F,0.258,-0.0394553504884243,0.5518468022346497,1.2046353816986084
9,9588880,3UE4,MdrDBcore04214,Y253F,-0.338,0.32908934354782104,0.5518468022346497,1.2046353816986084
9,9588880,4WA9,MdrDBcore04215,Y253H,0.03,-0.35162127017974854,0.5518468022346497,1.2046353816986084
9,9588880,3OXZ,MdrDBcore04216,E255K,0.407,0.36664116382598877,0.5518468022346497,1.2046353816986084
9,9588880,1OPJ,MdrDBcore04217,E255K,1.491,0.9710072875022888,0.5518468022346497,1.2046353816986084
9,9588880,3OXZ,MdrDBcore04218,E255V,0.994,0.36449357867240906,0.5518468022346497,1.2046353816986084
9,9588880,1OPJ,MdrDBcore04219,E255V,2.206,0.9710074067115784,0.5518468022346497,1.2046353816986084
9,9588880,3OXZ,MdrDBcore04220,E355A,0.507,0.3666410744190216,0.5518468022346497,1.2046353816986084
9,9588880,1OPJ,MdrDBcore04221,E355A,0.467,0.9710072875022888,0.5518468022346497,1.2046353816986084
9,9588880,3OXZ,MdrDBcore04222,E459K,0.298,0.3666411340236664,0.5518468022346497,1.2046353816986084
9,9588880,1OPJ,MdrDBcore04223,E459K,0.656,0.9710074067115784,0.5518468022346497,1.2046353816986084
9,9588880,3OXZ,MdrDBcore04224,F317C,0.0,0.3935939073562622,0.5518468022346497,1.2046353816986084
9,9588880,1OPJ,MdrDBcore04225,F317C,0.278,0.8784725666046143,0.5518468022346497,1.2046353816986084
9,9588880,3OXZ,MdrDBcore04226,F317I,0.507,0.3564407229423523,0.5518468022346497,1.2046353816986084
9,9588880,1OPJ,MdrDBcore04227,F317I,0.169,0.9194624423980713,0.5518468022346497,1.2046353816986084
9,9588880,3OXZ,MdrDBcore04228,F317L,0.169,0.3570255637168884,0.5518468022346497,1.2046353816986084
9,9588880,1OPJ,MdrDBcore04229,F317L,0.716,0.9327866435050964,0.5518468022346497,1.2046353816986084
9,9588880,3OXZ,MdrDBcore04230,F317V,0.716,0.3552272915840149,0.5518468022346497,1.2046353816986084
9,9588880,1OPJ,MdrDBcore04231,F317V,0.964,0.9468643069267273,0.5518468022346497,1.2046353816986084
9,9588880,3OXZ,MdrDBcore04232,F359C,0.407,0.41378164291381836,0.5518468022346497,1.2046353816986084
9,9588880,1OPJ,MdrDBcore04233,F359C,0.765,0.9510214924812317,0.5518468022346497,1.2046353816986084
9,9588880,3OXZ,MdrDBcore04234,F359I,0.765,0.4312818646430969,0.5518468022346497,1.2046353816986084
9,9588880,1OPJ,MdrDBcore04235,F359I,0.278,0.9534215331077576,0.5518468022346497,1.2046353816986084
9,9588880,3OXZ,MdrDBcore04236,F359V,0.169,0.354396790266037,0.5518468022346497,1.2046353816986084
9,9588880,1OPJ,MdrDBcore04237,F359V,0.318,0.9536162614822388,0.5518468022346497,1.2046353816986084
9,9588880,3OXZ,MdrDBcore04238,G250E,0.298,0.36664116382598877,0.5518468022346497,1.2046353816986084
9,9588880,1OPJ,MdrDBcore04239,G250E,1.004,0.9710076451301575,0.5518468022346497,1.2046353816986084
9,9588880,3OXZ,MdrDBcore04240,H396R,0.169,0.36664125323295593,0.5518468022346497,1.2046353816986084
9,9588880,1OPJ,MdrDBcore04241,H396R,0.398,0.9710072875022888,0.5518468022346497,1.2046353816986084
9,9588880,3OXZ,MdrDBcore04242,L248R,0.576,0.41470834612846375,0.5518468022346497,1.2046353816986084
9,9588880,1OPJ,MdrDBcore04243,L248R,2.316,1.2493430376052856,0.5518468022346497,1.2046353816986084
9,9588880,3OXZ,MdrDBcore04244,L248V,0.169,0.37079498171806335,0.5518468022346497,1.2046353816986084
9,9588880,1OPJ,MdrDBcore04245,L248V,0.636,1.0228906869888306,0.5518468022346497,1.2046353816986084
9,9588880,3OXZ,MdrDBcore04246,M244V,0.0,0.36664116382598877,0.5518468022346497,1.2046353816986084
9,9588880,1OPJ,MdrDBcore04247,M244V,0.209,0.4154246151447296,0.5518468022346497,1.2046353816986084
9,9588880,3OXZ,MdrDBcore04248,M351T,0.169,0.37157192826271057,0.5518468022346497,1.2046353816986084
9,9588880,1OPJ,MdrDBcore04249,M351T,0.417,0.977046549320221,0.5518468022346497,1.2046353816986084
9,9588880,3OXZ,MdrDBcore04250,T315A,0.169,0.3647063374519348,0.5518468022346497,1.2046353816986084
9,9588880,1OPJ,MdrDBcore04251,T315A,0.507,0.8969298005104065,0.5518468022346497,1.2046353816986084
9,9588880,3OXZ,MdrDBcore04252,T315I,0.407,0.3745025396347046,0.5518468022346497,1.2046353816986084
9,9588880,1OPJ,MdrDBcore04253,T315I,2.306,1.015342116355896,0.5518468022346497,1.2046353816986084
9,9588880,3OXZ,MdrDBcore04254,V299L,0.169,0.37845730781555176,0.5518468022346497,1.2046353816986084
9,9588880,1OPJ,MdrDBcore04255,V299L,0.229,1.0287609100341797,0.5518468022346497,1.2046353816986084
9,9588880,3OXZ,MdrDBcore04256,Y253F,0.298,0.37115269899368286,0.5518468022346497,1.2046353816986084
9,9588880,1OPJ,MdrDBcore04257,Y253F,1.888,1.0236443281173706,0.5518468022346497,1.2046353816986084
9,9588880,3CS9,MdrDBcore04258,E255K,1.262,0.3473091721534729,0.5518468022346497,1.2046353816986084
9,9588880,3CS9,MdrDBcore04259,E255V,2.345,0.6672825217247009,0.5518468022346497,1.2046353816986084
9,9588880,3CS9,MdrDBcore04260,E355A,0.109,0.6672827005386353,0.5518468022346497,1.2046353816986084
9,9588880,3CS9,MdrDBcore04261,E459K,0.547,0.6672825813293457,0.5518468022346497,1.2046353816986084
9,9588880,3CS9,MdrDBcore04262,F317C,0.04,0.6373952627182007,0.5518468022346497,1.2046353816986084
9,9588880,3CS9,MdrDBcore04263,F317I,0.298,0.6394032835960388,0.5518468022346497,1.2046353816986084
9,9588880,3CS9,MdrDBcore04264,F317L,0.199,0.6454126238822937,0.5518468022346497,1.2046353816986084
9,9588880,3CS9,MdrDBcore04265,F317V,0.328,0.6337868571281433,0.5518468022346497,1.2046353816986084
9,9588880,3CS9,MdrDBcore04266,F359C,0.676,0.6434925198554993,0.5518468022346497,1.2046353816986084
9,9588880,3CS9,MdrDBcore04267,F359I,0.855,0.643492579460144,0.5518468022346497,1.2046353816986084
9,9588880,3CS9,MdrDBcore04268,F359V,0.596,0.6434928774833679,0.5518468022346497,1.2046353816986084
9,9588880,3CS9,MdrDBcore04269,G250E,0.596,0.6672829389572144,0.5518468022346497,1.2046353816986084
9,9588880,3CS9,MdrDBcore04270,H396R,0.248,0.6672822833061218,0.5518468022346497,1.2046353816986084
9,9588880,3CS9,MdrDBcore04271,L248R,2.137,0.8764349222183228,0.5518468022346497,1.2046353816986084
9,9588880,3CS9,MdrDBcore04272,L248V,0.328,0.6505762934684753,0.5518468022346497,1.2046353816986084
9,9588880,3CS9,MdrDBcore04273,M244V,-0.129,0.6672826409339905,0.5518468022346497,1.2046353816986084
9,9588880,3CS9,MdrDBcore04274,M351T,0.0,0.6672823429107666,0.5518468022346497,1.2046353816986084
9,9588880,3CS9,MdrDBcore04275,T315A,0.716,0.6192905306816101,0.5518468022346497,1.2046353816986084
9,9588880,3CS9,MdrDBcore04276,T315I,3.727,0.684654176235199,0.5518468022346497,1.2046353816986084
9,9588880,3CS9,MdrDBcore04277,V299L,0.278,0.683652937412262,0.5518468022346497,1.2046353816986084
9,9588880,3CS9,MdrDBcore04278,Y253F,1.471,0.6740905046463013,0.5518468022346497,1.2046353816986084
9,9588880,DOK1,MdrDBcore04279,E255K,-0.109,0.4217877984046936,0.5518468022346497,1.2046353816986084
9,9588880,DOK2,MdrDBcore04280,E255K,-0.109,0.2536701261997223,0.5518468022346497,1.2046353816986084
9,9588880,DOK1,MdrDBcore04281,F317I,1.57,0.4202221930027008,0.5518468022346497,1.2046353816986084
9,9588880,DOK2,MdrDBcore04282,F317I,1.342,0.2213468998670578,0.5518468022346497,1.2046353816986084
9,9588880,DOK1,MdrDBcore04283,F317L,0.398,0.4484182894229889,0.5518468022346497,1.2046353816986084
9,9588880,DOK2,MdrDBcore04284,F317L,0.288,0.19843891263008118,0.5518468022346497,1.2046353816986084
9,9588880,DOK1,MdrDBcore04285,M351T,-0.08,0.4217878580093384,0.5518468022346497,1.2046353816986084
9,9588880,DOK2,MdrDBcore04286,M351T,0.05,0.2536700665950775,0.5518468022346497,1.2046353816986084
9,9588880,DOK1,MdrDBcore04287,Q252H,-0.129,-0.02921820431947708,0.5518468022346497,1.2046353816986084
9,9588880,DOK2,MdrDBcore04288,Q252H,-0.437,0.4567115902900696,0.5518468022346497,1.2046353816986084
9,9588880,DOK1,MdrDBcore04289,T315I,-0.149,0.39607492089271545,0.5518468022346497,1.2046353816986084
9,9588880,DOK1,MdrDBcore04290,Y253F,0.0,0.421787828207016,0.5518468022346497,1.2046353816986084
9,9588880,DOK2,MdrDBcore04291,Y253F,-0.169,0.25367027521133423,0.5518468022346497,1.2046353816986084
