Run,Seed,SAMPLE_PDB_ID,SAMPLE_ID,MUTATION,True_DDG.EXP,Pred_DDG.EXP,ALL_Pearson,Best_Val_RMSE
22,6408975,6A2K,MdrDBcore00000,A16C+S108T,2.42,3.3652806282043457,0.5660257935523987,1.3461720943450928
22,6408975,3UM8,MdrDBcore00001,A16C+S108T,-0.41,0.035194385796785355,0.5660257935523987,1.3461720943450928
22,6408975,6A2K,MdrDBcore00002,A16G+S108T,2.64,2.7619826793670654,0.5660257935523987,1.3461720943450928
22,6408975,6A2K,MdrDBcore00003,A16G+S108T,0.31,0.7027495503425598,0.5660257935523987,1.3461720943450928
22,6408975,6A2K,MdrDBcore00004,A16S+S108T,3.65,3.671992301940918,0.5660257935523987,1.3461720943450928
22,6408975,6A2K,MdrDBcore00005,A16S+S108T,0.31,0.4031744599342346,0.5660257935523987,1.3461720943450928
22,6408975,6A2K,MdrDBcore00006,A16T+S108T,4.13,3.770775318145752,0.5660257935523987,1.3461720943450928
22,6408975,6A2K,MdrDBcore00007,A16T+S108T,0.24,0.24959777295589447,0.5660257935523987,1.3461720943450928
22,6408975,6A2K,MdrDBcore00008,A16V+S108T,4.09,3.570162534713745,0.5660257935523987,1.3461720943450928
22,6408975,6A2K,MdrDBcore00009,A16V+S108T,0.0,0.23600144684314728,0.5660257935523987,1.3461720943450928
22,6408975,6A2K,MdrDBcore00010,C59R+S108N,1.81,2.684476852416992,0.5660257935523987,1.3461720943450928
22,6408975,6A2K,MdrDBcore00011,C59R+S108N,2.32,1.5916532278060913,0.5660257935523987,1.3461720943450928
22,6408975,6A2K,MdrDBcore00012,N51I+C59R+S108N+I164L,4.02,2.7329225540161133,0.5660257935523987,1.3461720943450928
22,6408975,3UM8,MdrDBcore00013,N51I+C59R+S108N+I164L,4.32,2.767977476119995,0.5660257935523987,1.3461720943450928
22,6408975,5FED,MdrDBcore00014,G719S+T790M,-0.56,-0.36571863293647766,0.5660257935523987,1.3461720943450928
22,6408975,5FED,MdrDBcore00015,L858R+T790M,-0.7,-0.31691429018974304,0.5660257935523987,1.3461720943450928
22,6408975,5I3U,MdrDBcore00016,A98G+G190A,0.47,0.388012170791626,0.5660257935523987,1.3461720943450928
22,6408975,5I3U,MdrDBcore00017,A98G+G190A,0.59,0.26687878370285034,0.5660257935523987,1.3461720943450928
22,6408975,5I3U,MdrDBcore00018,A98G+Y181C,1.52,0.34940943121910095,0.5660257935523987,1.3461720943450928
22,6408975,5I3U,MdrDBcore00019,A98G+Y181C,1.13,0.7383947372436523,0.5660257935523987,1.3461720943450928
22,6408975,5I3U,MdrDBcore00020,E138K+M184I,0.96,0.2808338403701782,0.5660257935523987,1.3461720943450928
22,6408975,5I3U,MdrDBcore00021,E138K+M184I,0.9,0.6340581178665161,0.5660257935523987,1.3461720943450928
22,6408975,5I3U,MdrDBcore00022,E138K+M184V,0.78,0.251712828874588,0.5660257935523987,1.3461720943450928
22,6408975,5I3U,MdrDBcore00023,E138K+M184V,0.65,0.5921745300292969,0.5660257935523987,1.3461720943450928
22,6408975,5I3U,MdrDBcore00024,K101E+G190A,0.65,0.8698755502700806,0.5660257935523987,1.3461720943450928
22,6408975,5I3U,MdrDBcore00025,K101E+G190A,1.03,0.6408804655075073,0.5660257935523987,1.3461720943450928
22,6408975,5I3U,MdrDBcore00026,K101E+G190S,0.35,-0.008875776082277298,0.5660257935523987,1.3461720943450928
22,6408975,5I3U,MdrDBcore00027,K101E+G190S,0.32,0.7608821392059326,0.5660257935523987,1.3461720943450928
22,6408975,5I3U,MdrDBcore00028,K101E+Y181C,1.34,0.6051346659660339,0.5660257935523987,1.3461720943450928
22,6408975,5I3U,MdrDBcore00029,K101E+Y181C,1.18,0.4272465407848358,0.5660257935523987,1.3461720943450928
22,6408975,5I3U,MdrDBcore00030,K101H+G190A,0.69,1.0930887460708618,0.5660257935523987,1.3461720943450928
22,6408975,5I3U,MdrDBcore00031,K101H+G190A,0.75,0.10904350876808167,0.5660257935523987,1.3461720943450928
22,6408975,5I3U,MdrDBcore00032,K101H+Y181C,1.29,1.0090806484222412,0.5660257935523987,1.3461720943450928
22,6408975,5I3U,MdrDBcore00033,K101H+Y181C,1.19,0.2944014370441437,0.5660257935523987,1.3461720943450928
22,6408975,1S6Q,MdrDBcore00034,K103N+P225H,0.8,0.2717374861240387,0.5660257935523987,1.3461720943450928
22,6408975,1S6Q,MdrDBcore00035,K103N+P225H,0.16,0.3740857243537903,0.5660257935523987,1.3461720943450928
22,6408975,5I3U,MdrDBcore00036,V106M+F227L,0.06,0.06833432614803314,0.5660257935523987,1.3461720943450928
22,6408975,5I3U,MdrDBcore00037,V106M+F227L,-0.55,0.3829893469810486,0.5660257935523987,1.3461720943450928
22,6408975,5I3U,MdrDBcore00038,V106M+V179D,1.03,0.2932280898094177,0.5660257935523987,1.3461720943450928
22,6408975,5I3U,MdrDBcore00039,V106M+V179D,0.52,0.9992050528526306,0.5660257935523987,1.3461720943450928
22,6408975,5I3U,MdrDBcore00040,V179F+Y181C,1.13,0.12640142440795898,0.5660257935523987,1.3461720943450928
22,6408975,5I3U,MdrDBcore00041,Y181C+G190A,0.92,0.7322317361831665,0.5660257935523987,1.3461720943450928
22,6408975,5I3U,MdrDBcore00042,Y181C+G190A,0.57,0.6123552918434143,0.5660257935523987,1.3461720943450928
22,6408975,5I3U,MdrDBcore00043,Y181C+G190S,1.98,0.8605687022209167,0.5660257935523987,1.3461720943450928
22,6408975,5I3U,MdrDBcore00044,Y181C+G190S,1.09,0.38863858580589294,0.5660257935523987,1.3461720943450928
22,6408975,1S6Q,MdrDBcore00045,Y181C+H221Y,1.82,1.5458781719207764,0.5660257935523987,1.3461720943450928
22,6408975,1IKY,MdrDBcore00046,Y181C+H221Y,1.08,0.5150594711303711,0.5660257935523987,1.3461720943450928
22,6408975,3BGB,MdrDBcore00047,G48V+L90M,1.42,0.2817985415458679,0.5660257935523987,1.3461720943450928
22,6408975,3BGB,MdrDBcore00048,L10F+I50V,2.43,0.7389542460441589,0.5660257935523987,1.3461720943450928
22,6408975,3BGB,MdrDBcore00049,L10F+I84V,1.78,0.5231854319572449,0.5660257935523987,1.3461720943450928
22,6408975,3BGB,MdrDBcore00050,V82F+I84V,2.73,0.46178698539733887,0.5660257935523987,1.3461720943450928
22,6408975,3LEP,MdrDBcore00051,S302R+C303D,1.91,0.8540797233581543,0.5660257935523987,1.3461720943450928
22,6408975,3UM8,MdrDBcore00052,A16C,0.07,0.7002397179603577,0.5660257935523987,1.3461720943450928
22,6408975,3QGT,MdrDBcore00053,A16C,0.17,0.2528824508190155,0.5660257935523987,1.3461720943450928
22,6408975,3UM8,MdrDBcore00054,A16G,0.74,0.9553403854370117,0.5660257935523987,1.3461720943450928
22,6408975,3QGT,MdrDBcore00055,A16G,0.5,0.5193189978599548,0.5660257935523987,1.3461720943450928
22,6408975,3UM8,MdrDBcore00056,A16S,2.63,0.7702503800392151,0.5660257935523987,1.3461720943450928
22,6408975,3QGT,MdrDBcore00057,A16S,1.79,0.3156735599040985,0.5660257935523987,1.3461720943450928
22,6408975,3UM8,MdrDBcore00058,S108N,1.25,0.9408664703369141,0.5660257935523987,1.3461720943450928
22,6408975,3QGT,MdrDBcore00059,S108N,1.88,0.4253481328487396,0.5660257935523987,1.3461720943450928
22,6408975,3UM8,MdrDBcore00060,S108T,0.64,0.8891144394874573,0.5660257935523987,1.3461720943450928
22,6408975,3QGT,MdrDBcore00061,S108T,0.0,0.4374624490737915,0.5660257935523987,1.3461720943450928
22,6408975,2GQG,MdrDBcore00062,E255K,1.16,0.9171814322471619,0.5660257935523987,1.3461720943450928
22,6408975,3CS9,MdrDBcore00063,E255K,1.63,0.5290183424949646,0.5660257935523987,1.3461720943450928
22,6408975,2GQG,MdrDBcore00064,E255V,1.56,0.9171814322471619,0.5660257935523987,1.3461720943450928
22,6408975,3CS9,MdrDBcore00065,E255V,2.09,0.5290185213088989,0.5660257935523987,1.3461720943450928
22,6408975,2GQG,MdrDBcore00066,E355G,0.48,0.9171814322471619,0.5660257935523987,1.3461720943450928
22,6408975,2GQG,MdrDBcore00067,F311L,0.29,0.9171814322471619,0.5660257935523987,1.3461720943450928
22,6408975,3CS9,MdrDBcore00068,F311L,0.34,0.5290183424949646,0.5660257935523987,1.3461720943450928
22,6408975,2GQG,MdrDBcore00069,F317L,1.33,0.9128006100654602,0.5660257935523987,1.3461720943450928
22,6408975,3CS9,MdrDBcore00070,F317L,0.8,0.495761513710022,0.5660257935523987,1.3461720943450928
22,6408975,2GQG,MdrDBcore00071,F317V,2.5,0.9074385762214661,0.5660257935523987,1.3461720943450928
22,6408975,2GQG,MdrDBcore00072,F359V,0.6,0.917181670665741,0.5660257935523987,1.3461720943450928
22,6408975,3CS9,MdrDBcore00073,F359V,1.55,0.5086140036582947,0.5660257935523987,1.3461720943450928
22,6408975,2GQG,MdrDBcore00074,G250E,0.48,0.9171812534332275,0.5660257935523987,1.3461720943450928
22,6408975,3CS9,MdrDBcore00075,G250E,0.78,0.5290184617042542,0.5660257935523987,1.3461720943450928
22,6408975,2GQG,MdrDBcore00076,H396P,-0.17,0.8348459601402283,0.5660257935523987,1.3461720943450928
22,6408975,3CS9,MdrDBcore00077,H396P,0.68,0.5290184020996094,0.5660257935523987,1.3461720943450928
22,6408975,2GQG,MdrDBcore00078,H396R,0.29,0.8021537661552429,0.5660257935523987,1.3461720943450928
22,6408975,3CS9,MdrDBcore00079,H396R,0.68,0.5290185213088989,0.5660257935523987,1.3461720943450928
22,6408975,2GQG,MdrDBcore00080,L387M,0.55,0.9171814322471619,0.5660257935523987,1.3461720943450928
22,6408975,3CS9,MdrDBcore00081,L387M,0.79,0.5290184617042542,0.5660257935523987,1.3461720943450928
22,6408975,2GQG,MdrDBcore00082,M244V,0.29,0.9171814322471619,0.5660257935523987,1.3461720943450928
22,6408975,3CS9,MdrDBcore00083,M244V,0.64,0.5290184020996094,0.5660257935523987,1.3461720943450928
22,6408975,2GQG,MdrDBcore00084,M351T,0.19,0.9171816110610962,0.5660257935523987,1.3461720943450928
22,6408975,3CS9,MdrDBcore00085,M351T,0.09,0.5290184020996094,0.5660257935523987,1.3461720943450928
22,6408975,2GQG,MdrDBcore00086,Q252H,0.86,0.9171814322471619,0.5660257935523987,1.3461720943450928
22,6408975,3CS9,MdrDBcore00087,Q252H,1.0,0.5290184617042542,0.5660257935523987,1.3461720943450928
22,6408975,2GQG,MdrDBcore00088,T315A,3.01,0.9218907356262207,0.5660257935523987,1.3461720943450928
22,6408975,3CS9,MdrDBcore00089,T315A,0.92,0.47039490938186646,0.5660257935523987,1.3461720943450928
22,6408975,2GQG,MdrDBcore00090,T315I,3.29,0.9339634776115417,0.5660257935523987,1.3461720943450928
22,6408975,3CS9,MdrDBcore00091,T315I,3.0,0.5378171801567078,0.5660257935523987,1.3461720943450928
22,6408975,2GQG,MdrDBcore00092,V299L,1.86,0.9059460759162903,0.5660257935523987,1.3461720943450928
22,6408975,2GQG,MdrDBcore00093,V379I,0.0,0.9171813726425171,0.5660257935523987,1.3461720943450928
22,6408975,3CS9,MdrDBcore00094,V379I,0.81,0.5289723873138428,0.5660257935523987,1.3461720943450928
22,6408975,2GQG,MdrDBcore00095,Y253F,0.33,0.9259926080703735,0.5660257935523987,1.3461720943450928
22,6408975,3CS9,MdrDBcore00096,Y253F,1.35,0.5421229004859924,0.5660257935523987,1.3461720943450928
22,6408975,2GQG,MdrDBcore00097,Y253H,0.29,0.9092891216278076,0.5660257935523987,1.3461720943450928
22,6408975,3CS9,MdrDBcore00098,Y253H,2.11,0.5225614905357361,0.5660257935523987,1.3461720943450928
22,6408975,5CAN,MdrDBcore00099,G719S,0.48,0.04983781650662422,0.5660257935523987,1.3461720943450928
22,6408975,6D8E,MdrDBcore00100,L858R,-1.6,-0.09276445209980011,0.5660257935523987,1.3461720943450928
22,6408975,2ITY,MdrDBcore00101,T790M,-1.21,-0.11037547886371613,0.5660257935523987,1.3461720943450928
22,6408975,2ZD1,MdrDBcore00102,A98G,0.24,0.45626765489578247,0.5660257935523987,1.3461720943450928
22,6408975,2ZD1,MdrDBcore00103,A98G,0.41,0.45626771450042725,0.5660257935523987,1.3461720943450928
22,6408975,2ZD1,MdrDBcore00104,E138A,0.57,0.45626774430274963,0.5660257935523987,1.3461720943450928
22,6408975,2ZD1,MdrDBcore00105,E138A,0.32,0.4562675952911377,0.5660257935523987,1.3461720943450928
22,6408975,2ZD1,MdrDBcore00106,E138G,0.88,0.4562675654888153,0.5660257935523987,1.3461720943450928
22,6408975,2ZD1,MdrDBcore00107,E138G,0.61,0.45626765489578247,0.5660257935523987,1.3461720943450928
22,6408975,2ZD1,MdrDBcore00108,E138K,0.78,0.45626774430274963,0.5660257935523987,1.3461720943450928
22,6408975,2ZD1,MdrDBcore00109,E138K,0.81,0.45626774430274963,0.5660257935523987,1.3461720943450928
22,6408975,2ZD1,MdrDBcore00110,E138Q,1.5,0.45626768469810486,0.5660257935523987,1.3461720943450928
22,6408975,2ZD1,MdrDBcore00111,E138Q,1.17,0.45626768469810486,0.5660257935523987,1.3461720943450928
22,6408975,2ZD1,MdrDBcore00112,E138R,1.47,0.45626765489578247,0.5660257935523987,1.3461720943450928
22,6408975,2ZD1,MdrDBcore00113,E138R,1.14,0.45626768469810486,0.5660257935523987,1.3461720943450928
22,6408975,2ZD1,MdrDBcore00114,F227C,0.76,0.40049099922180176,0.5660257935523987,1.3461720943450928
22,6408975,2ZD1,MdrDBcore00115,F227C,0.84,0.40049105882644653,0.5660257935523987,1.3461720943450928
22,6408975,2ZD1,MdrDBcore00116,G190A,-0.21,0.48184531927108765,0.5660257935523987,1.3461720943450928
22,6408975,2ZD1,MdrDBcore00117,G190A,0.0,0.48184525966644287,0.5660257935523987,1.3461720943450928
22,6408975,2ZD1,MdrDBcore00118,G190S,-0.41,0.47347182035446167,0.5660257935523987,1.3461720943450928
22,6408975,2ZD1,MdrDBcore00119,G190S,-1.37,0.473471999168396,0.5660257935523987,1.3461720943450928
22,6408975,3TKW,MdrDBcore00120,G48V,2.01,1.1370503902435303,0.5660257935523987,1.3461720943450928
22,6408975,2ZD1,MdrDBcore00121,H221Y,0.32,0.45626774430274963,0.5660257935523987,1.3461720943450928
22,6408975,2ZD1,MdrDBcore00122,H221Y,0.28,0.45626750588417053,0.5660257935523987,1.3461720943450928
22,6408975,3TKW,MdrDBcore00123,I50V,2.05,1.1371499300003052,0.5660257935523987,1.3461720943450928
22,6408975,3TKW,MdrDBcore00124,I54M,0.61,1.1370375156402588,0.5660257935523987,1.3461720943450928
22,6408975,3TKW,MdrDBcore00125,I54V,1.28,1.1370372772216797,0.5660257935523987,1.3461720943450928
22,6408975,2ZD1,MdrDBcore00126,K101E,0.57,0.47727149724960327,0.5660257935523987,1.3461720943450928
22,6408975,2ZD1,MdrDBcore00127,K101E,0.59,0.4772716164588928,0.5660257935523987,1.3461720943450928
22,6408975,2ZD1,MdrDBcore00128,K101H,0.06,0.4884428381919861,0.5660257935523987,1.3461720943450928
22,6408975,2ZD1,MdrDBcore00129,K101H,0.41,0.4884430170059204,0.5660257935523987,1.3461720943450928
22,6408975,2ZD1,MdrDBcore00130,K101P,0.86,0.4665096402168274,0.5660257935523987,1.3461720943450928
22,6408975,2ZD1,MdrDBcore00131,K101P,1.83,0.4665098190307617,0.5660257935523987,1.3461720943450928
22,6408975,2ZD1,MdrDBcore00132,K103N,-0.13,0.4612901210784912,0.5660257935523987,1.3461720943450928
22,6408975,2ZD1,MdrDBcore00133,K103N,0.0,0.4612899720668793,0.5660257935523987,1.3461720943450928
22,6408975,2ZD1,MdrDBcore00134,K103S,0.32,0.4868636131286621,0.5660257935523987,1.3461720943450928
22,6408975,2ZD1,MdrDBcore00135,K103S,0.32,0.4868636131286621,0.5660257935523987,1.3461720943450928
22,6408975,2ZD1,MdrDBcore00136,L100I,0.41,0.4838811755180359,0.5660257935523987,1.3461720943450928
22,6408975,2ZD1,MdrDBcore00137,L100I,-0.21,0.48388123512268066,0.5660257935523987,1.3461720943450928
22,6408975,2ZD1,MdrDBcore00138,M230I,1.29,0.45626768469810486,0.5660257935523987,1.3461720943450928
22,6408975,2ZD1,MdrDBcore00139,M230I,1.03,0.45626765489578247,0.5660257935523987,1.3461720943450928
22,6408975,2ZD1,MdrDBcore00140,M230L,1.35,0.45626774430274963,0.5660257935523987,1.3461720943450928
22,6408975,2ZD1,MdrDBcore00141,M230L,1.15,0.45626771450042725,0.5660257935523987,1.3461720943450928
22,6408975,2ZD1,MdrDBcore00142,P225H,-0.3,0.4462187588214874,0.5660257935523987,1.3461720943450928
22,6408975,2ZD1,MdrDBcore00143,P225H,-0.55,0.4462187588214874,0.5660257935523987,1.3461720943450928
22,6408975,2ZD1,MdrDBcore00144,V106A,0.11,0.4194450080394745,0.5660257935523987,1.3461720943450928
22,6408975,2ZD1,MdrDBcore00145,V106A,-0.21,0.4194452166557312,0.5660257935523987,1.3461720943450928
22,6408975,2ZD1,MdrDBcore00146,V106I,-0.3,0.4792901873588562,0.5660257935523987,1.3461720943450928
22,6408975,2ZD1,MdrDBcore00147,V106I,-0.41,0.4792901873588562,0.5660257935523987,1.3461720943450928
22,6408975,2ZD1,MdrDBcore00148,V106M,0.28,0.5838544368743896,0.5660257935523987,1.3461720943450928
22,6408975,2ZD1,MdrDBcore00149,V106M,0.0,0.5838542580604553,0.5660257935523987,1.3461720943450928
22,6408975,2ZD1,MdrDBcore00150,V108I,-0.21,0.45626768469810486,0.5660257935523987,1.3461720943450928
22,6408975,2ZD1,MdrDBcore00151,V108I,-0.3,0.45626765489578247,0.5660257935523987,1.3461720943450928
22,6408975,2ZD1,MdrDBcore00152,V179D,0.28,0.41505125164985657,0.5660257935523987,1.3461720943450928
22,6408975,2ZD1,MdrDBcore00153,V179D,0.0,0.4150514006614685,0.5660257935523987,1.3461720943450928
22,6408975,2ZD1,MdrDBcore00154,V179L,-0.21,0.49945247173309326,0.5660257935523987,1.3461720943450928
22,6408975,2ZD1,MdrDBcore00155,V179L,-0.41,0.4994523525238037,0.5660257935523987,1.3461720943450928
22,6408975,2ZD1,MdrDBcore00156,V179T,0.06,0.48237675428390503,0.5660257935523987,1.3461720943450928
22,6408975,2ZD1,MdrDBcore00157,V179T,0.11,0.4823768138885498,0.5660257935523987,1.3461720943450928
22,6408975,2ZD1,MdrDBcore00158,V90I,0.16,0.4562675654888153,0.5660257935523987,1.3461720943450928
22,6408975,2ZD1,MdrDBcore00159,V90I,0.11,0.45626765489578247,0.5660257935523987,1.3461720943450928
22,6408975,2ZD1,MdrDBcore00160,Y181C,0.81,0.44206860661506653,0.5660257935523987,1.3461720943450928
22,6408975,2ZD1,MdrDBcore00161,Y181C,0.11,0.44206860661506653,0.5660257935523987,1.3461720943450928
22,6408975,2ZD1,MdrDBcore00162,Y181I,2.05,0.48824113607406616,0.5660257935523987,1.3461720943450928
22,6408975,2ZD1,MdrDBcore00163,Y181I,2.05,0.4882410764694214,0.5660257935523987,1.3461720943450928
22,6408975,2ZD1,MdrDBcore00164,Y181V,1.83,0.5262617468833923,0.5660257935523987,1.3461720943450928
22,6408975,2ZD1,MdrDBcore00165,Y188C,-1.37,0.46056246757507324,0.5660257935523987,1.3461720943450928
22,6408975,2ZD1,MdrDBcore00166,Y188C,-0.96,0.4605623781681061,0.5660257935523987,1.3461720943450928
22,6408975,2ZD1,MdrDBcore00167,Y188H,-0.96,0.37880051136016846,0.5660257935523987,1.3461720943450928
22,6408975,2ZD1,MdrDBcore00168,Y188H,-0.3,0.37880057096481323,0.5660257935523987,1.3461720943450928
22,6408975,2ZD1,MdrDBcore00169,Y188L,0.63,0.44968757033348083,0.5660257935523987,1.3461720943450928
22,6408975,2ZD1,MdrDBcore00170,Y188L,1.23,0.4496874213218689,0.5660257935523987,1.3461720943450928
22,6408975,1FK9,MdrDBcore00171,A98G,0.76,0.9032362699508667,0.5660257935523987,1.3461720943450928
22,6408975,1VRT,MdrDBcore00172,A98G,1.23,1.0695126056671143,0.5660257935523987,1.3461720943450928
22,6408975,1FK9,MdrDBcore00173,E138A,0.16,0.9032363891601562,0.5660257935523987,1.3461720943450928
22,6408975,1VRT,MdrDBcore00174,E138A,0.06,1.0695124864578247,0.5660257935523987,1.3461720943450928
22,6408975,1FK9,MdrDBcore00175,E138G,0.32,0.9032362699508667,0.5660257935523987,1.3461720943450928
22,6408975,1VRT,MdrDBcore00176,E138G,0.47,1.0695126056671143,0.5660257935523987,1.3461720943450928
22,6408975,1FK9,MdrDBcore00177,E138K,0.59,0.9032362103462219,0.5660257935523987,1.3461720943450928
22,6408975,1VRT,MdrDBcore00178,E138K,0.38,1.0695124864578247,0.5660257935523987,1.3461720943450928
22,6408975,1FK9,MdrDBcore00179,E138Q,1.15,0.9032361507415771,0.5660257935523987,1.3461720943450928
22,6408975,1VRT,MdrDBcore00180,E138Q,1.38,1.0695127248764038,0.5660257935523987,1.3461720943450928
22,6408975,1FK9,MdrDBcore00181,E138R,0.92,0.9032362699508667,0.5660257935523987,1.3461720943450928
22,6408975,1VRT,MdrDBcore00182,E138R,0.94,1.0695126056671143,0.5660257935523987,1.3461720943450928
22,6408975,1FK9,MdrDBcore00183,F227C,0.97,0.8922754526138306,0.5660257935523987,1.3461720943450928
22,6408975,1VRT,MdrDBcore00184,F227C,1.71,0.9567816257476807,0.5660257935523987,1.3461720943450928
22,6408975,1FK9,MdrDBcore00185,G190A,1.21,0.9643197655677795,0.5660257935523987,1.3461720943450928
22,6408975,1VRT,MdrDBcore00186,G190A,2.57,1.0940667390823364,0.5660257935523987,1.3461720943450928
22,6408975,1FK9,MdrDBcore00187,G190S,2.3,1.0401207208633423,0.5660257935523987,1.3461720943450928
22,6408975,1VRT,MdrDBcore00188,G190S,3.18,1.1152236461639404,0.5660257935523987,1.3461720943450928
22,6408975,1HXB,MdrDBcore00189,G48V,3.01,0.6482886672019958,0.5660257935523987,1.3461720943450928
22,6408975,1FK9,MdrDBcore00190,H221Y,0.41,0.9032365083694458,0.5660257935523987,1.3461720943450928
22,6408975,1VRT,MdrDBcore00191,H221Y,0.88,1.0695127248764038,0.5660257935523987,1.3461720943450928
22,6408975,1HXB,MdrDBcore00192,I47V,-0.41,0.620799720287323,0.5660257935523987,1.3461720943450928
22,6408975,1HXB,MdrDBcore00193,I50V,1.89,0.631435751914978,0.5660257935523987,1.3461720943450928
22,6408975,1HXB,MdrDBcore00194,I54M,0.95,0.6292833685874939,0.5660257935523987,1.3461720943450928
22,6408975,1HXB,MdrDBcore00195,I54V,1.61,0.6292834877967834,0.5660257935523987,1.3461720943450928
22,6408975,1HXB,MdrDBcore00196,I84V,1.68,0.6489502787590027,0.5660257935523987,1.3461720943450928
22,6408975,1FK9,MdrDBcore00197,K101E,0.96,0.7795153856277466,0.5660257935523987,1.3461720943450928
22,6408975,1VRT,MdrDBcore00198,K101E,1.46,1.0696253776550293,0.5660257935523987,1.3461720943450928
22,6408975,1FK9,MdrDBcore00199,K101H,0.69,0.8966500163078308,0.5660257935523987,1.3461720943450928
22,6408975,1VRT,MdrDBcore00200,K101H,1.18,1.0696035623550415,0.5660257935523987,1.3461720943450928
22,6408975,1FK9,MdrDBcore00201,K101P,2.2,0.950779378414154,0.5660257935523987,1.3461720943450928
22,6408975,1FK9,MdrDBcore00202,K103N,1.94,1.061876654624939,0.5660257935523987,1.3461720943450928
22,6408975,1VRT,MdrDBcore00203,K103N,2.39,1.047513484954834,0.5660257935523987,1.3461720943450928
22,6408975,1FK9,MdrDBcore00204,K103S,1.58,0.9426944255828857,0.5660257935523987,1.3461720943450928
22,6408975,1FK9,MdrDBcore00205,L100I,1.37,1.0163543224334717,0.5660257935523987,1.3461720943450928
22,6408975,1VRT,MdrDBcore00206,L100I,0.67,1.0174790620803833,0.5660257935523987,1.3461720943450928
22,6408975,1HXB,MdrDBcore00207,L10F,0.33,0.629283607006073,0.5660257935523987,1.3461720943450928
22,6408975,1HXB,MdrDBcore00208,L90M,0.59,0.6292833685874939,0.5660257935523987,1.3461720943450928
22,6408975,1FK9,MdrDBcore00209,M230I,1.41,0.9032362103462219,0.5660257935523987,1.3461720943450928
22,6408975,1VRT,MdrDBcore00210,M230I,1.64,1.0695127248764038,0.5660257935523987,1.3461720943450928
22,6408975,1FK9,MdrDBcore00211,M230L,1.64,0.9032362103462219,0.5660257935523987,1.3461720943450928
22,6408975,1HXB,MdrDBcore00212,M46I,0.0,0.6292836666107178,0.5660257935523987,1.3461720943450928
22,6408975,1FK9,MdrDBcore00213,P225H,0.2,0.9032363295555115,0.5660257935523987,1.3461720943450928
22,6408975,1VRT,MdrDBcore00214,P225H,0.41,1.0695127248764038,0.5660257935523987,1.3461720943450928
22,6408975,1FK9,MdrDBcore00215,V106A,0.32,0.8915172815322876,0.5660257935523987,1.3461720943450928
22,6408975,1VRT,MdrDBcore00216,V106A,2.48,1.0009928941726685,0.5660257935523987,1.3461720943450928
22,6408975,1FK9,MdrDBcore00217,V106I,-0.3,0.9841023087501526,0.5660257935523987,1.3461720943450928
22,6408975,1VRT,MdrDBcore00218,V106I,-0.21,1.1185081005096436,0.5660257935523987,1.3461720943450928
22,6408975,1FK9,MdrDBcore00219,V106M,1.81,1.1926733255386353,0.5660257935523987,1.3461720943450928
22,6408975,1VRT,MdrDBcore00220,V106M,2.05,1.1850841045379639,0.5660257935523987,1.3461720943450928
22,6408975,1FK9,MdrDBcore00221,V108I,0.32,0.9032363295555115,0.5660257935523987,1.3461720943450928
22,6408975,1VRT,MdrDBcore00222,V108I,0.65,1.0695126056671143,0.5660257935523987,1.3461720943450928
22,6408975,1FK9,MdrDBcore00223,V179D,0.65,0.8067107796669006,0.5660257935523987,1.3461720943450928
22,6408975,1VRT,MdrDBcore00224,V179D,0.16,1.0608437061309814,0.5660257935523987,1.3461720943450928
22,6408975,1VRT,MdrDBcore00225,V179F,-1.37,1.1018983125686646,0.5660257935523987,1.3461720943450928
22,6408975,1FK9,MdrDBcore00226,V179L,-0.55,0.9726888537406921,0.5660257935523987,1.3461720943450928
22,6408975,1VRT,MdrDBcore00227,V179L,-0.3,1.0549274682998657,0.5660257935523987,1.3461720943450928
22,6408975,1FK9,MdrDBcore00228,V179T,-0.21,0.808928370475769,0.5660257935523987,1.3461720943450928
22,6408975,1VRT,MdrDBcore00229,V179T,-0.13,1.0500215291976929,0.5660257935523987,1.3461720943450928
22,6408975,1HXB,MdrDBcore00230,V32I,0.28,0.6564038395881653,0.5660257935523987,1.3461720943450928
22,6408975,1HXB,MdrDBcore00231,V82A,0.3,0.6550801396369934,0.5660257935523987,1.3461720943450928
22,6408975,1HXB,MdrDBcore00232,V82I,1.18,0.6296109557151794,0.5660257935523987,1.3461720943450928
22,6408975,1FK9,MdrDBcore00233,V90I,0.06,0.9032362699508667,0.5660257935523987,1.3461720943450928
22,6408975,1VRT,MdrDBcore00234,V90I,0.16,1.0695126056671143,0.5660257935523987,1.3461720943450928
22,6408975,1FK9,MdrDBcore00235,Y181C,0.65,0.8587225675582886,0.5660257935523987,1.3461720943450928
22,6408975,1VRT,MdrDBcore00236,Y181C,3.03,1.0154794454574585,0.5660257935523987,1.3461720943450928
22,6408975,1FK9,MdrDBcore00237,Y181I,0.06,0.9493538737297058,0.5660257935523987,1.3461720943450928
22,6408975,1FK9,MdrDBcore00238,Y181V,0.47,0.9057759642601013,0.5660257935523987,1.3461720943450928
22,6408975,1FK9,MdrDBcore00239,Y188C,0.78,0.8783476948738098,0.5660257935523987,1.3461720943450928
22,6408975,1FK9,MdrDBcore00240,Y188H,0.9,0.8340643048286438,0.5660257935523987,1.3461720943450928
22,6408975,1VRT,MdrDBcore00241,Y188H,0.47,1.0612479448318481,0.5660257935523987,1.3461720943450928
22,6408975,1FK9,MdrDBcore00242,Y188L,2.8,0.8785763382911682,0.5660257935523987,1.3461720943450928
22,6408975,1VRT,MdrDBcore00243,Y188L,3.7,1.0489625930786133,0.5660257935523987,1.3461720943450928
22,6408975,1HPV,MdrDBcore00244,G48V,0.82,0.5184580683708191,0.5660257935523987,1.3461720943450928
22,6408975,1HPV,MdrDBcore00245,I47V,-0.24,0.524992048740387,0.5660257935523987,1.3461720943450928
22,6408975,1HPV,MdrDBcore00246,I50V,2.48,0.5273252725601196,0.5660257935523987,1.3461720943450928
22,6408975,1HPV,MdrDBcore00247,I84V,1.86,0.7238215804100037,0.5660257935523987,1.3461720943450928
22,6408975,1HPV,MdrDBcore00248,L10F,-0.11,0.5183335542678833,0.5660257935523987,1.3461720943450928
22,6408975,1HPV,MdrDBcore00249,L90M,0.65,0.518333375453949,0.5660257935523987,1.3461720943450928
22,6408975,1HPV,MdrDBcore00250,M46I,-0.41,0.5183332562446594,0.5660257935523987,1.3461720943450928
22,6408975,1HPV,MdrDBcore00251,V82A,0.33,0.41170716285705566,0.5660257935523987,1.3461720943450928
22,6408975,1HPV,MdrDBcore00252,V82I,0.71,0.5658755302429199,0.5660257935523987,1.3461720943450928
22,6408975,1PWM,MdrDBcore00253,C303D,1.04,0.47144216299057007,0.5660257935523987,1.3461720943450928
22,6408975,1PWM,MdrDBcore00254,F121P,0.29,0.4714433550834656,0.5660257935523987,1.3461720943450928
22,6408975,1PWM,MdrDBcore00255,L300A,0.46,0.4714428186416626,0.5660257935523987,1.3461720943450928
22,6408975,1PWM,MdrDBcore00256,L300P,1.88,0.4714429974555969,0.5660257935523987,1.3461720943450928
22,6408975,1PWM,MdrDBcore00257,L301M,0.7,0.4714420437812805,0.5660257935523987,1.3461720943450928
22,6408975,1PWM,MdrDBcore00258,T113Y,2.08,0.4714430570602417,0.5660257935523987,1.3461720943450928
22,6408975,1PWM,MdrDBcore00259,V47I,0.14,0.4714428782463074,0.5660257935523987,1.3461720943450928
22,6408975,1MUI,MdrDBcore00260,D30N,0.77,0.45736390352249146,0.5660257935523987,1.3461720943450928
22,6408975,1MUI,MdrDBcore00261,L90M,-0.06,0.5123995542526245,0.5660257935523987,1.3461720943450928
22,6408975,1MUI,MdrDBcore00262,N88D,-0.19,0.5123991370201111,0.5660257935523987,1.3461720943450928
22,6408975,3B7E,MdrDBcore00263,E119A,4.25,0.7362483739852905,0.5660257935523987,1.3461720943450928
22,6408975,3B7E,MdrDBcore00264,H274Y,0.55,0.49094974994659424,0.5660257935523987,1.3461720943450928
22,6408975,3B7E,MdrDBcore00265,I117V,0.84,0.5428593158721924,0.5660257935523987,1.3461720943450928
22,6408975,3B7E,MdrDBcore00266,K150N,0.11,0.5428591370582581,0.5660257935523987,1.3461720943450928
22,6408975,3B7E,MdrDBcore00267,N294S,0.73,0.5635588765144348,0.5660257935523987,1.3461720943450928
22,6408975,3B7E,MdrDBcore00268,V116A,2.08,0.5428588390350342,0.5660257935523987,1.3461720943450928
22,6408975,3B7E,MdrDBcore00269,Y252H,0.16,0.5428586602210999,0.5660257935523987,1.3461720943450928
22,6408975,1OHR,MdrDBcore00270,G48V,0.65,0.932498037815094,0.5660257935523987,1.3461720943450928
22,6408975,1OHR,MdrDBcore00271,I84V,1.2,0.7984452843666077,0.5660257935523987,1.3461720943450928
22,6408975,1OHR,MdrDBcore00272,L90M,0.41,0.9324286580085754,0.5660257935523987,1.3461720943450928
22,6408975,1OHR,MdrDBcore00273,V82A,0.86,0.9009231925010681,0.5660257935523987,1.3461720943450928
22,6408975,1OHR,MdrDBcore00274,V82F,1.61,0.9680725336074829,0.5660257935523987,1.3461720943450928
22,6408975,1OHR,MdrDBcore00275,V82I,1.7,0.878588855266571,0.5660257935523987,1.3461720943450928
22,6408975,3C4C,MdrDBcore00276,N486_P491delNVTAP,0.0,-0.35313719511032104,0.5660257935523987,1.3461720943450928
22,6408975,3C4C,MdrDBcore00277,N486_P491delNVTAP,-2.23,-1.7377091646194458,0.5660257935523987,1.3461720943450928
22,6408975,3EYL,MdrDBcore00278,E350delE,0.0,0.056092191487550735,0.5660257935523987,1.3461720943450928
22,6408975,7MFD,MdrDBcore00279,V600E+I208V,0.0,0.9486760497093201,0.5660257935523987,1.3461720943450928
22,6408975,7MFD,MdrDBcore00280,V600E+I208V,-1.42,-0.11845515668392181,0.5660257935523987,1.3461720943450928
22,6408975,2FK3,MdrDBcore00281,D177N,0.476,0.5230292677879333,0.5660257935523987,1.3461720943450928
22,6408975,3UMI,MdrDBcore00282,E462K,0.496,0.21483473479747772,0.5660257935523987,1.3461720943450928
22,6408975,1TKN,MdrDBcore00283,E556G,-4.106,0.7632685899734497,0.5660257935523987,1.3461720943450928
22,6408975,2FK3,MdrDBcore00284,F179S,-0.371,0.7436574101448059,0.5660257935523987,1.3461720943450928
22,6408975,1TKN,MdrDBcore00285,K510N,0.496,0.7130953669548035,0.5660257935523987,1.3461720943450928
22,6408975,3UMI,MdrDBcore00286,M406V,0.496,0.7658215165138245,0.5660257935523987,1.3461720943450928
22,6408975,1TKN,MdrDBcore00287,N550K,0.496,0.9183152914047241,0.5660257935523987,1.3461720943450928
22,6408975,3MOQ,MdrDBcore00288,R100Q,-1.543,0.31469064950942993,0.5660257935523987,1.3461720943450928
22,6408975,3MOQ,MdrDBcore00289,R102P,0.496,0.2718650996685028,0.5660257935523987,1.3461720943450928
22,6408975,1TKN,MdrDBcore00290,R540H,0.496,0.929013729095459,0.5660257935523987,1.3461720943450928
22,6408975,1TKN,MdrDBcore00291,Y538H,0.496,0.17829440534114838,0.5660257935523987,1.3461720943450928
22,6408975,6UAN,MdrDBcore00292,A728V,-2.513,-0.3631010949611664,0.5660257935523987,1.3461720943450928
22,6408975,6Q0T,MdrDBcore00293,A728V,-2.814,0.3115503489971161,0.5660257935523987,1.3461720943450928
22,6408975,6NYB,MdrDBcore00294,E275K,0.0,0.10273517668247223,0.5660257935523987,1.3461720943450928
22,6408975,6NYB,MdrDBcore00295,E275K,-2.313,0.01855313777923584,0.5660257935523987,1.3461720943450928
22,6408975,3C4C,MdrDBcore00296,G464E,-2.837,-0.44369447231292725,0.5660257935523987,1.3461720943450928
22,6408975,3C4C,MdrDBcore00297,G466V,0.0,-0.0061608050018548965,0.5660257935523987,1.3461720943450928
22,6408975,3C4C,MdrDBcore00298,G466V,-2.766,-1.8759541511535645,0.5660257935523987,1.3461720943450928
22,6408975,7M0X,MdrDBcore00299,K601N,-2.532,-0.1877337098121643,0.5660257935523987,1.3461720943450928
22,6408975,7M0X,MdrDBcore00300,K601N,-2.948,-0.664372980594635,0.5660257935523987,1.3461720943450928
22,6408975,3C4C,MdrDBcore00301,L485W,0.0,0.24553276598453522,0.5660257935523987,1.3461720943450928
22,6408975,3C4C,MdrDBcore00302,L485W,-2.901,-0.4785178303718567,0.5660257935523987,1.3461720943450928
22,6408975,7M0X,MdrDBcore00303,L597R,0.0,0.019678831100463867,0.5660257935523987,1.3461720943450928
22,6408975,7M0X,MdrDBcore00304,L597R,0.154,-0.456491619348526,0.5660257935523987,1.3461720943450928
22,6408975,7M0X,MdrDBcore00305,L597V,-1.652,-0.04859962686896324,0.5660257935523987,1.3461720943450928
22,6408975,7M0X,MdrDBcore00306,L597V,-1.444,-0.5290879011154175,0.5660257935523987,1.3461720943450928
22,6408975,3C4C,MdrDBcore00307,M650I,0.0,0.09352956712245941,0.5660257935523987,1.3461720943450928
22,6408975,3C4C,MdrDBcore00308,M650I,-0.593,-0.26056763529777527,0.5660257935523987,1.3461720943450928
22,6408975,5VR3,MdrDBcore00309,P74A,0.0,-0.44227758049964905,0.5660257935523987,1.3461720943450928
22,6408975,5VR3,MdrDBcore00310,P74A,-1.968,-1.3223953247070312,0.5660257935523987,1.3461720943450928
22,6408975,3C4C,MdrDBcore00311,R682Q,0.0,0.029916919767856598,0.5660257935523987,1.3461720943450928
22,6408975,3C4C,MdrDBcore00312,R682Q,0.132,-0.12038365006446838,0.5660257935523987,1.3461720943450928
22,6408975,6NYB,MdrDBcore00313,S273N,0.0,0.2212577909231186,0.5660257935523987,1.3461720943450928
22,6408975,7MFD,MdrDBcore00314,S273N,1.715,0.09972184896469116,0.5660257935523987,1.3461720943450928
22,6408975,3C4C,MdrDBcore00315,S683N,0.0,0.049483370035886765,0.5660257935523987,1.3461720943450928
22,6408975,3C4C,MdrDBcore00316,S683N,-0.956,-0.18952973186969757,0.5660257935523987,1.3461720943450928
22,6408975,5J18,MdrDBcore00317,V226M,0.0,0.22887574136257172,0.5660257935523987,1.3461720943450928
22,6408975,3NY5,MdrDBcore00318,V226M,-2.284,-1.7044955492019653,0.5660257935523987,1.3461720943450928
22,6408975,7M0X,MdrDBcore00319,V600E,-2.583,-0.14938786625862122,0.5660257935523987,1.3461720943450928
22,6408975,7M0X,MdrDBcore00320,V600E,-1.827,-0.6525729894638062,0.5660257935523987,1.3461720943450928
22,6408975,3T6P,MdrDBcore00321,T591A,0.0,0.23757456243038177,0.5660257935523987,1.3461720943450928
22,6408975,2YT2,MdrDBcore00322,A96T,-1.211,-0.29106298089027405,0.5660257935523987,1.3461720943450928
22,6408975,7LRZ,MdrDBcore00323,C928Y,0.046,0.3807068467140198,0.5660257935523987,1.3461720943450928
22,6408975,7LRZ,MdrDBcore00324,E949K,2.602,0.25763314962387085,0.5660257935523987,1.3461720943450928
22,6408975,5IUG,MdrDBcore00325,F1174L,-1.911,0.08493676781654358,0.5660257935523987,1.3461720943450928
22,6408975,2YT2,MdrDBcore00326,G103R,2.602,-0.18768565356731415,0.5660257935523987,1.3461720943450928
22,6408975,2YT2,MdrDBcore00327,G129V,2.412,-0.06742068380117416,0.5660257935523987,1.3461720943450928
22,6408975,7LRZ,MdrDBcore00328,G689R,0.792,0.3062252104282379,0.5660257935523987,1.3461720943450928
22,6408975,7LRZ,MdrDBcore00329,G882C,2.602,0.0321626253426075,0.5660257935523987,1.3461720943450928
22,6408975,7LRZ,MdrDBcore00330,G893R,-0.675,0.0436384342610836,0.5660257935523987,1.3461720943450928
22,6408975,5IUG,MdrDBcore00331,N1353S,-1.515,0.3876749575138092,0.5660257935523987,1.3461720943450928
22,6408975,7LRZ,MdrDBcore00332,N941S,-1.034,0.29352620244026184,0.5660257935523987,1.3461720943450928
22,6408975,2YT2,MdrDBcore00333,R48C,0.105,0.22378309071063995,0.5660257935523987,1.3461720943450928
22,6408975,7LRZ,MdrDBcore00334,R753Q,2.602,0.29621097445487976,0.5660257935523987,1.3461720943450928
22,6408975,7LRZ,MdrDBcore00335,R918I,2.602,0.05623186007142067,0.5660257935523987,1.3461720943450928
22,6408975,7LRZ,MdrDBcore00336,S874F,0.005,0.08346940577030182,0.5660257935523987,1.3461720943450928
22,6408975,5IUI,MdrDBcore00337,T1090I,2.602,0.7134584188461304,0.5660257935523987,1.3461720943450928
22,6408975,5IUG,MdrDBcore00338,T1312I,-2.067,-0.3436416983604431,0.5660257935523987,1.3461720943450928
22,6408975,5IUG,MdrDBcore00339,V1185M,-1.679,0.351066529750824,0.5660257935523987,1.3461720943450928
22,6408975,2YT2,MdrDBcore00340,V132L,2.602,-0.2538817226886749,0.5660257935523987,1.3461720943450928
22,6408975,6TG1,MdrDBcore00341,E746_A750delELREA,-1.049,0.01122242584824562,0.5660257935523987,1.3461720943450928
22,6408975,6TG1,MdrDBcore00342,E746_A750delELREA,-0.592,0.1753092259168625,0.5660257935523987,1.3461720943450928
22,6408975,6TG1,MdrDBcore00343,E746_A750delELREA,-0.568,-0.6318498253822327,0.5660257935523987,1.3461720943450928
22,6408975,6TG1,MdrDBcore00344,E746_A750delELREA,-0.904,-0.5159035325050354,0.5660257935523987,1.3461720943450928
22,6408975,6TG1,MdrDBcore00345,E746_A750delELREA,-0.791,0.22936950623989105,0.5660257935523987,1.3461720943450928
22,6408975,4IBT,MdrDBcore00346,E286_E287delEE,-0.371,-0.5450599789619446,0.5660257935523987,1.3461720943450928
22,6408975,4IBT,MdrDBcore00347,G108delG,-0.052,0.5200178623199463,0.5660257935523987,1.3461720943450928
22,6408975,4IBT,MdrDBcore00348,G112_V122delGFLHSGTAKSV,-0.336,1.137345552444458,0.5660257935523987,1.3461720943450928
22,6408975,4IBT,MdrDBcore00349,H233delH,-0.768,0.4412301778793335,0.5660257935523987,1.3461720943450928
22,6408975,4IBT,MdrDBcore00350,L188_P191delLAPP,-0.478,-0.35695797204971313,0.5660257935523987,1.3461720943450928
22,6408975,4IBT,MdrDBcore00351,P191delP,0.38,-0.23565103113651276,0.5660257935523987,1.3461720943450928
22,6408975,4IBT,MdrDBcore00352,Q192_H193delQH,0.184,0.3161925673484802,0.5660257935523987,1.3461720943450928
22,6408975,3D07,MdrDBcore00353,R283delR,-0.416,0.4902019500732422,0.5660257935523987,1.3461720943450928
22,6408975,4IBT,MdrDBcore00354,S215delS,0.608,0.837502658367157,0.5660257935523987,1.3461720943450928
22,6408975,4IBT,MdrDBcore00355,V218delV,-0.068,0.4292677044868469,0.5660257935523987,1.3461720943450928
22,6408975,4IBT,MdrDBcore00356,Y103_R110delYQGSYGFR,-0.212,-0.056480471044778824,0.5660257935523987,1.3461720943450928
22,6408975,3C4C,MdrDBcore00357,N486_P490delNVTAP,-3.077,-1.7375425100326538,0.5660257935523987,1.3461720943450928
22,6408975,3C4C,MdrDBcore00358,N486_P490delNVTAP,0.475,-0.2803420126438141,0.5660257935523987,1.3461720943450928
22,6408975,3C4C,MdrDBcore00359,N486_P490delNVTAP,0.109,0.20966088771820068,0.5660257935523987,1.3461720943450928
22,6408975,3C4C,MdrDBcore00360,N486_P490delNVTAP,-1.768,0.41321468353271484,0.5660257935523987,1.3461720943450928
22,6408975,7SA7,MdrDBcore00361,N200delN,-0.459,0.16242928802967072,0.5660257935523987,1.3461720943450928
22,6408975,7SA7,MdrDBcore00362,N200delN,-0.47,0.2198963612318039,0.5660257935523987,1.3461720943450928
22,6408975,7SA7,MdrDBcore00363,N200delN,-0.537,-0.5930785536766052,0.5660257935523987,1.3461720943450928
22,6408975,3EYL,MdrDBcore00364,E350delE,-0.165,0.3077869415283203,0.5660257935523987,1.3461720943450928
22,6408975,4KJU,MdrDBcore00365,R182_Y190delRELASAGLY,-0.044,-0.08363483846187592,0.5660257935523987,1.3461720943450928
22,6408975,5MYB,MdrDBcore00366,N618delN,1.251,0.5104393362998962,0.5660257935523987,1.3461720943450928
22,6408975,1F16,MdrDBcore00367,R37_G39delRMG,1.483,0.7535094618797302,0.5660257935523987,1.3461720943450928
22,6408975,6JN2,MdrDBcore00368,K521delK,-0.068,-0.4349355101585388,0.5660257935523987,1.3461720943450928
22,6408975,6JN2,MdrDBcore00369,K521delK,-0.324,0.2962949872016907,0.5660257935523987,1.3461720943450928
22,6408975,6JN2,MdrDBcore00370,K521delK,-0.046,-0.0831357017159462,0.5660257935523987,1.3461720943450928
22,6408975,5HXB,MdrDBcore00371,W224delW,-0.247,-0.048209451138973236,0.5660257935523987,1.3461720943450928
22,6408975,3C4C,MdrDBcore00372,V487_P492delinsA,-0.253,-0.050188496708869934,0.5660257935523987,1.3461720943450928
22,6408975,7M0X,MdrDBcore00373,V487_P492delinsA,-0.914,-0.31542786955833435,0.5660257935523987,1.3461720943450928
22,6408975,3C4C,MdrDBcore00374,V487_P492delinsA,-0.501,-0.04133778437972069,0.5660257935523987,1.3461720943450928
22,6408975,3C4C,MdrDBcore00375,V487_P492delinsA,0.421,0.3787864148616791,0.5660257935523987,1.3461720943450928
22,6408975,4IBT,MdrDBcore00376,N239_S240insN,-1.034,-0.5938003659248352,0.5660257935523987,1.3461720943450928
22,6408975,4IBT,MdrDBcore00377,Q165_S166insYKQ,0.559,0.657971978187561,0.5660257935523987,1.3461720943450928
22,6408975,7M0X,MdrDBcore00378,T599_V600insT,-0.987,-0.42441242933273315,0.5660257935523987,1.3461720943450928
22,6408975,7M0X,MdrDBcore00379,T599_V600insT,-0.185,-0.6003555655479431,0.5660257935523987,1.3461720943450928
22,6408975,6Q0T,MdrDBcore00380,T599_V600insT,-0.167,0.14943771064281464,0.5660257935523987,1.3461720943450928
22,6408975,7M0X,MdrDBcore00381,T599_V600insT,-0.306,-0.6341924667358398,0.5660257935523987,1.3461720943450928
22,6408975,7M0X,MdrDBcore00382,T599_V600insT,-0.163,-0.24241884052753448,0.5660257935523987,1.3461720943450928
22,6408975,6JQR,MdrDBcore00383,D600_L601insHVDFREYEYD,-5.319,-1.1009128093719482,0.5660257935523987,1.3461720943450928
22,6408975,6TG1,MdrDBcore00384,A750P+L747_E749delLRE,-2.298,-0.5258564352989197,0.5660257935523987,1.3461720943450928
22,6408975,6TG1,MdrDBcore00385,A750P+L747_E749delLRE,-0.983,0.7063683271408081,0.5660257935523987,1.3461720943450928
22,6408975,6TG1,MdrDBcore00386,A750P+L747_E749delLRE,-2.239,-0.24987037479877472,0.5660257935523987,1.3461720943450928
22,6408975,6TG1,MdrDBcore00387,A750P+L747_E749delLRE,-2.526,-0.391639769077301,0.5660257935523987,1.3461720943450928
22,6408975,6TG1,MdrDBcore00388,A750P+L747_E749delLRE,-2.377,-0.9140303134918213,0.5660257935523987,1.3461720943450928
22,6408975,6TG1,MdrDBcore00389,A750P+L747_E749delLRE,-2.291,0.002542886883020401,0.5660257935523987,1.3461720943450928
22,6408975,4IBT,MdrDBcore00390,R267W+E171delE,0.39,0.9370478987693787,0.5660257935523987,1.3461720943450928
22,6408975,3LCK,MdrDBcore00391,A353V+P447L+A500T+P232_W233insQKP,-1.484,-1.3292036056518555,0.5660257935523987,1.3461720943450928
22,6408975,1RJB,MdrDBcore00392,Y599F+E598_Y599insFDFREYE,-5.386,-0.8059210181236267,0.5660257935523987,1.3461720943450928
22,6408975,3EYL,MdrDBcore00393,E349D+E350delE,1.282,0.6696227788925171,0.5660257935523987,1.3461720943450928
22,6408975,5T8F,MdrDBcore00394,A215V+S764N,1.434,0.13784973323345184,0.5660257935523987,1.3461720943450928
22,6408975,5T8F,MdrDBcore00395,A215V+S764N,-0.853,-0.1931653916835785,0.5660257935523987,1.3461720943450928
22,6408975,6G6W,MdrDBcore00396,A215V+S764N,1.506,0.6379703283309937,0.5660257935523987,1.3461720943450928
22,6408975,6OCO,MdrDBcore00397,A215V+S764N,1.506,0.7161777019500732,0.5660257935523987,1.3461720943450928
22,6408975,6G6W,MdrDBcore00398,A388T+R460H+S738N,0.415,0.7604746222496033,0.5660257935523987,1.3461720943450928
22,6408975,6OCO,MdrDBcore00399,A388T+R460H+S738N,-0.528,-0.853797197341919,0.5660257935523987,1.3461720943450928
22,6408975,6OCO,MdrDBcore00400,A388T+R460H+S738N,0.55,1.2835168838500977,0.5660257935523987,1.3461720943450928
22,6408975,6OCO,MdrDBcore00401,A388T+R460H+S738N,0.143,1.0801173448562622,0.5660257935523987,1.3461720943450928
22,6408975,6OCO,MdrDBcore00402,L725I+E1021K,0.395,0.025804102420806885,0.5660257935523987,1.3461720943450928
22,6408975,6G6W,MdrDBcore00403,L725I+E1021K,1.447,0.6016626358032227,0.5660257935523987,1.3461720943450928
22,6408975,6OCO,MdrDBcore00404,L725I+E1021K,1.636,1.1500024795532227,0.5660257935523987,1.3461720943450928
22,6408975,4ZYO,MdrDBcore00405,S198N+A267T,-1.229,0.12164002656936646,0.5660257935523987,1.3461720943450928
22,6408975,7BG9,MdrDBcore00406,A801T+R743W+Q506A,0.006,0.2048264443874359,0.5660257935523987,1.3461720943450928
22,6408975,7BG9,MdrDBcore00407,V746M+L520V,0.053,-0.011023443192243576,0.5660257935523987,1.3461720943450928
22,6408975,4KIK,MdrDBcore00408,R526Q+M590I,-0.994,-0.9980452656745911,0.5660257935523987,1.3461720943450928
22,6408975,4E3C,MdrDBcore00409,R526Q+M590I,1.672,1.1992450952529907,0.5660257935523987,1.3461720943450928
22,6408975,4E3C,MdrDBcore00410,S239T+D242N+R526Q,-1.441,-1.1826969385147095,0.5660257935523987,1.3461720943450928
22,6408975,4E3C,MdrDBcore00411,S239T+D242N+R526Q,0.413,1.07222580909729,0.5660257935523987,1.3461720943450928
22,6408975,4Z32,MdrDBcore00412,D194N+D319N,-0.501,-0.31682664155960083,0.5660257935523987,1.3461720943450928
22,6408975,6E2Q,MdrDBcore00413,D194N+D319N,0.217,0.48983412981033325,0.5660257935523987,1.3461720943450928
22,6408975,2J5E,MdrDBcore00414,E866D+H988P,0.327,0.2553975284099579,0.5660257935523987,1.3461720943450928
22,6408975,2J5E,MdrDBcore00415,E866D+H988P,0.441,0.24019061028957367,0.5660257935523987,1.3461720943450928
22,6408975,2J5E,MdrDBcore00416,E866D+H988P,0.185,0.1795964390039444,0.5660257935523987,1.3461720943450928
22,6408975,2J5E,MdrDBcore00417,E866D+H988P,-0.393,0.46015891432762146,0.5660257935523987,1.3461720943450928
22,6408975,2J5E,MdrDBcore00418,E866D+H988P,-0.316,0.10612334311008453,0.5660257935523987,1.3461720943450928
22,6408975,2J5E,MdrDBcore00419,T790M+L858R,0.397,0.18529777228832245,0.5660257935523987,1.3461720943450928
22,6408975,6D8E,MdrDBcore00420,T790M+L858R,-0.105,0.39066776633262634,0.5660257935523987,1.3461720943450928
22,6408975,6D8E,MdrDBcore00421,T790M+L858R,-0.07,-0.24583236873149872,0.5660257935523987,1.3461720943450928
22,6408975,6D8E,MdrDBcore00422,T790M+L858R,-2.794,-1.6817353963851929,0.5660257935523987,1.3461720943450928
22,6408975,1XKK,MdrDBcore00423,T790M+L858R,-2.597,-0.0660751685500145,0.5660257935523987,1.3461720943450928
22,6408975,5VQP,MdrDBcore00424,A221T+R218H,0.679,-0.022793829441070557,0.5660257935523987,1.3461720943450928
22,6408975,6GFF,MdrDBcore00425,G307D+R296Q,0.447,0.05299532786011696,0.5660257935523987,1.3461720943450928
22,6408975,6GFF,MdrDBcore00426,G307D+R296Q,-0.151,0.30484816431999207,0.5660257935523987,1.3461720943450928
22,6408975,5VQP,MdrDBcore00427,R141Q+E119K,0.463,0.44829943776130676,0.5660257935523987,1.3461720943450928
22,6408975,7MN8,MdrDBcore00428,S335I+T479M,-0.249,-0.48775574564933777,0.5660257935523987,1.3461720943450928
22,6408975,7MN8,MdrDBcore00429,S413L+F425L+L436V,-3.293,-0.2566850483417511,0.5660257935523987,1.3461720943450928
22,6408975,3Q01,MdrDBcore00430,A347P+G245C,-0.228,0.2036277949810028,0.5660257935523987,1.3461720943450928
22,6408975,6XRE,MdrDBcore00431,C176F+Q16L,-0.362,0.6443480253219604,0.5660257935523987,1.3461720943450928
22,6408975,4IBT,MdrDBcore00432,E258A+Y126D,0.002,0.06229075416922569,0.5660257935523987,1.3461720943450928
22,6408975,4IBT,MdrDBcore00433,E271A+R110L,0.318,0.13450968265533447,0.5660257935523987,1.3461720943450928
22,6408975,4IBT,MdrDBcore00434,E285K+G245V,0.363,0.11404001712799072,0.5660257935523987,1.3461720943450928
22,6408975,3Q01,MdrDBcore00435,E336A+I162N,0.081,0.4951915144920349,0.5660257935523987,1.3461720943450928
22,6408975,3Q01,MdrDBcore00436,E339A+H179R,0.19,0.5573797821998596,0.5660257935523987,1.3461720943450928
22,6408975,4IBT,MdrDBcore00437,G154V+S106R,0.171,0.13050512969493866,0.5660257935523987,1.3461720943450928
22,6408975,4IBT,MdrDBcore00438,G245S+M237K,0.035,-0.045259956270456314,0.5660257935523987,1.3461720943450928
22,6408975,4IBT,MdrDBcore00439,H214R+E258A,-0.249,0.030481558293104172,0.5660257935523987,1.3461720943450928
22,6408975,4IBT,MdrDBcore00440,H214R+V147D,-0.345,0.15462061762809753,0.5660257935523987,1.3461720943450928
22,6408975,4IBT,MdrDBcore00441,I232N+P152L,-2.145,0.07269403338432312,0.5660257935523987,1.3461720943450928
22,6408975,6XRE,MdrDBcore00442,K320N+E271K,0.84,0.3066437840461731,0.5660257935523987,1.3461720943450928
22,6408975,4IBT,MdrDBcore00443,N239D+R158H,-1.324,-0.07438471168279648,0.5660257935523987,1.3461720943450928
22,6408975,6XRE,MdrDBcore00444,P177L+C176F+Q38A,0.563,0.8663073182106018,0.5660257935523987,1.3461720943450928
22,6408975,4IBT,MdrDBcore00445,P278L+G262S,-0.029,0.14513500034809113,0.5660257935523987,1.3461720943450928
22,6408975,6XRE,MdrDBcore00446,P309S+R273H,1.378,0.4264566898345947,0.5660257935523987,1.3461720943450928
22,6408975,6XRE,MdrDBcore00447,Q317A+E258K,0.306,0.6764488816261292,0.5660257935523987,1.3461720943450928
22,6408975,6XRE,MdrDBcore00448,Q317A+R248W,0.251,1.0839017629623413,0.5660257935523987,1.3461720943450928
22,6408975,6XRE,MdrDBcore00449,Q331R+P60S,0.386,0.8786383867263794,0.5660257935523987,1.3461720943450928
22,6408975,4AGO,MdrDBcore00450,R175L+S94A,0.016,0.45851001143455505,0.5660257935523987,1.3461720943450928
22,6408975,3D07,MdrDBcore00451,R181C+R290C,-1.91,0.3882628381252289,0.5660257935523987,1.3461720943450928
22,6408975,3D07,MdrDBcore00452,R209A+R273H,1.189,0.5495557188987732,0.5660257935523987,1.3461720943450928
22,6408975,4IBT,MdrDBcore00453,R248Q+G245S,0.712,0.011424820870161057,0.5660257935523987,1.3461720943450928
22,6408975,4IBT,MdrDBcore00454,R248W+N247K,0.011,-0.08057206869125366,0.5660257935523987,1.3461720943450928
22,6408975,4IBT,MdrDBcore00455,R248W+V218L,0.326,0.09788772463798523,0.5660257935523987,1.3461720943450928
22,6408975,4IBT,MdrDBcore00456,R249G+Y234N,-1.019,-0.01604854315519333,0.5660257935523987,1.3461720943450928
22,6408975,3D07,MdrDBcore00457,R273C+R175H+T125M,-0.6,0.42005598545074463,0.5660257935523987,1.3461720943450928
22,6408975,2J1W,MdrDBcore00458,R273C+R248Q+S183A,-0.137,0.8447002172470093,0.5660257935523987,1.3461720943450928
22,6408975,2J1W,MdrDBcore00459,R273H+R248Q,-2.215,0.6050174236297607,0.5660257935523987,1.3461720943450928
22,6408975,4AGO,MdrDBcore00460,R273H+R267L+R248Q,-1.225,0.5857533812522888,0.5660257935523987,1.3461720943450928
22,6408975,3D07,MdrDBcore00461,R273H+V173L+K132N,0.142,0.2863595485687256,0.5660257935523987,1.3461720943450928
22,6408975,6SL6,MdrDBcore00462,R273H+W91A,-0.798,0.6174306273460388,0.5660257935523987,1.3461720943450928
22,6408975,3D07,MdrDBcore00463,R273L+Y234C,-0.024,0.06374141573905945,0.5660257935523987,1.3461720943450928
22,6408975,3D07,MdrDBcore00464,R280S+R273C+Y205C,-0.21,0.3674834072589874,0.5660257935523987,1.3461720943450928
22,6408975,4IBT,MdrDBcore00465,R283H+G245S,-0.096,-0.0065712034702301025,0.5660257935523987,1.3461720943450928
22,6408975,6XRE,MdrDBcore00466,R306A+Y220C,0.445,0.37744754552841187,0.5660257935523987,1.3461720943450928
22,6408975,4IBT,MdrDBcore00467,S215I+R158L,0.501,0.14690129458904266,0.5660257935523987,1.3461720943450928
22,6408975,4IBT,MdrDBcore00468,S241C+E224A,-0.105,0.008314847946166992,0.5660257935523987,1.3461720943450928
22,6408975,4IBT,MdrDBcore00469,V274F+P223L,0.287,0.05520779266953468,0.5660257935523987,1.3461720943450928
22,6408975,6XRE,MdrDBcore00470,Y163C+P47S,-1.012,0.8266552090644836,0.5660257935523987,1.3461720943450928
22,6408975,4IBT,MdrDBcore00471,Y234H+R213Q,-0.845,-0.1525457352399826,0.5660257935523987,1.3461720943450928
22,6408975,4IBT,MdrDBcore00472,Y236C+R196A,-0.604,-0.004749998450279236,0.5660257935523987,1.3461720943450928
22,6408975,1QPC,MdrDBcore00473,A289D+A396V,0.364,-0.08612138777971268,0.5660257935523987,1.3461720943450928
22,6408975,1QPJ,MdrDBcore00474,N339S+R458H,2.761,0.03392503783106804,0.5660257935523987,1.3461720943450928
22,6408975,4LIQ,MdrDBcore00475,V315L+R106L,-0.31,-0.2045675367116928,0.5660257935523987,1.3461720943450928
22,6408975,6JK8,MdrDBcore00476,L133P+I298V+K630R,0.373,-0.14333081245422363,0.5660257935523987,1.3461720943450928
22,6408975,6JK8,MdrDBcore00477,L133P+I298V+K630R,1.102,0.3241698443889618,0.5660257935523987,1.3461720943450928
22,6408975,6JK8,MdrDBcore00478,Y201H+D435G,-0.178,0.2068360298871994,0.5660257935523987,1.3461720943450928
22,6408975,7MO7,MdrDBcore00479,A320V+R591W,0.438,0.6998974084854126,0.5660257935523987,1.3461720943450928
22,6408975,6GCU,MdrDBcore00480,A320V+R591W,0.581,-0.37115663290023804,0.5660257935523987,1.3461720943450928
22,6408975,6GCU,MdrDBcore00481,A320V+R591W,1.143,0.22884126007556915,0.5660257935523987,1.3461720943450928
22,6408975,6GCU,MdrDBcore00482,A320V+R591W,1.189,0.412838339805603,0.5660257935523987,1.3461720943450928
22,6408975,4K3J,MdrDBcore00483,A48T+E157G,-0.136,0.39670005440711975,0.5660257935523987,1.3461720943450928
22,6408975,6GCU,MdrDBcore00484,A48T+E157G,-1.317,-0.3833311200141907,0.5660257935523987,1.3461720943450928
22,6408975,6GCU,MdrDBcore00485,A48T+E157G,-0.039,0.1160377562046051,0.5660257935523987,1.3461720943450928
22,6408975,4K3J,MdrDBcore00486,A48T+E157G,-1.11,0.05388351157307625,0.5660257935523987,1.3461720943450928
22,6408975,6GCU,MdrDBcore00487,A48T+E157G,-0.984,0.020175140351057053,0.5660257935523987,1.3461720943450928
22,6408975,6GCU,MdrDBcore00488,A48T+E157G,-0.571,0.6883916258811951,0.5660257935523987,1.3461720943450928
22,6408975,7MO8,MdrDBcore00489,K303T+N375S,-0.168,0.5662465691566467,0.5660257935523987,1.3461720943450928
22,6408975,4K3J,MdrDBcore00490,V122D+N375S,0.277,0.24934981763362885,0.5660257935523987,1.3461720943450928
22,6408975,2O21,MdrDBcore00491,A42V+V35M+G200S+E13D,-4.271,-0.06369709968566895,0.5660257935523987,1.3461720943450928
22,6408975,2W3L,MdrDBcore00492,A60V+D31H,-2.653,0.0990205854177475,0.5660257935523987,1.3461720943450928
22,6408975,4IEH,MdrDBcore00493,E13D+P59A+N11H,-1.208,0.6200747489929199,0.5660257935523987,1.3461720943450928
22,6408975,1GJH,MdrDBcore00494,R129C+T7R+I48F,-3.455,0.21837890148162842,0.5660257935523987,1.3461720943450928
22,6408975,4IEH,MdrDBcore00495,R98H+A82T,-1.385,0.5758487582206726,0.5660257935523987,1.3461720943450928
22,6408975,4IEH,MdrDBcore00496,S117R+P59T,-2.828,0.9397892951965332,0.5660257935523987,1.3461720943450928
22,6408975,2E9W,MdrDBcore00497,A168V+E306K,-0.934,0.37205249071121216,0.5660257935523987,1.3461720943450928
22,6408975,2E9W,MdrDBcore00498,A168V+E306K,-1.457,-0.05471085011959076,0.5660257935523987,1.3461720943450928
22,6408975,6GQK,MdrDBcore00499,K581N+I920S,0.231,1.2334927320480347,0.5660257935523987,1.3461720943450928
22,6408975,6GQK,MdrDBcore00500,K581N+I920S,0.847,0.11033925414085388,0.5660257935523987,1.3461720943450928
22,6408975,2E9W,MdrDBcore00501,Y125H+T488M,-0.533,-0.007434539496898651,0.5660257935523987,1.3461720943450928
22,6408975,1A31,MdrDBcore00502,E610K+A622T,-3.164,-0.1565321534872055,0.5660257935523987,1.3461720943450928
22,6408975,1R49,MdrDBcore00503,M675I+D760G,-0.862,0.10436217486858368,0.5660257935523987,1.3461720943450928
22,6408975,1SEU,MdrDBcore00504,R405W+Y426C+R434Q+E517K,1.787,0.10938258469104767,0.5660257935523987,1.3461720943450928
22,6408975,1SEU,MdrDBcore00505,R405W+Y426C+R434Q+E517K,1.482,0.15772630274295807,0.5660257935523987,1.3461720943450928
22,6408975,1A31,MdrDBcore00506,R405W+Y426C+R434Q+E517K,1.622,0.24536432325839996,0.5660257935523987,1.3461720943450928
22,6408975,6ZY8,MdrDBcore00507,I872V+P385A+E203D,-0.765,0.0923355370759964,0.5660257935523987,1.3461720943450928
22,6408975,5GWK,MdrDBcore00508,R635H+T530A,0.437,-0.2551635503768921,0.5660257935523987,1.3461720943450928
22,6408975,6NYB,MdrDBcore00509,R506G+S273N,0.6,0.09475472569465637,0.5660257935523987,1.3461720943450928
22,6408975,6NYB,MdrDBcore00510,R506G+S273N,0.305,0.03573507443070412,0.5660257935523987,1.3461720943450928
22,6408975,6NYB,MdrDBcore00511,R506G+S273N,0.291,0.21601900458335876,0.5660257935523987,1.3461720943450928
22,6408975,6NYB,MdrDBcore00512,R506G+S273N,-0.891,0.3350568115711212,0.5660257935523987,1.3461720943450928
22,6408975,AlphaFold2,MdrDBcore00513,I86T+K237I,1.203,1.2240519523620605,0.5660257935523987,1.3461720943450928
22,6408975,3QS9,MdrDBcore00514,F406C+V220G,0.269,0.2400640994310379,0.5660257935523987,1.3461720943450928
22,6408975,3QS9,MdrDBcore00515,I417L+R243K,0.034,0.6323317289352417,0.5660257935523987,1.3461720943450928
22,6408975,6B8Y,MdrDBcore00516,A206V+A403T+R491Q,1.132,0.6789343357086182,0.5660257935523987,1.3461720943450928
22,6408975,AlphaFold2,MdrDBcore00517,G666D+P384Q,-0.3,-0.0069937873631715775,0.5660257935523987,1.3461720943450928
22,6408975,AlphaFold2,MdrDBcore00518,G666D+P384Q,0.277,-0.5744163393974304,0.5660257935523987,1.3461720943450928
22,6408975,AlphaFold2,MdrDBcore00519,I1021M+K720N+R306Q,-1.153,-0.13210678100585938,0.5660257935523987,1.3461720943450928
22,6408975,AlphaFold2,MdrDBcore00520,R562Q+R149Q,0.615,-0.5400158762931824,0.5660257935523987,1.3461720943450928
22,6408975,AlphaFold2,MdrDBcore00521,R628Q+C286Y,0.326,-0.468858003616333,0.5660257935523987,1.3461720943450928
22,6408975,6SB0,MdrDBcore00522,A1728S+A41P,-1.799,-0.6851693987846375,0.5660257935523987,1.3461720943450928
22,6408975,5H64,MdrDBcore00523,G1491S+A329T,1.792,0.44903790950775146,0.5660257935523987,1.3461720943450928
22,6408975,6SB0,MdrDBcore00524,G2238D+P1408S+M488I,-1.999,0.12478408217430115,0.5660257935523987,1.3461720943450928
22,6408975,6SB0,MdrDBcore00525,G2238D+P1408S+M488I,0.195,0.3568078577518463,0.5660257935523987,1.3461720943450928
22,6408975,6SB0,MdrDBcore00526,G2238D+P1408S+M488I,0.14,-1.0725153684616089,0.5660257935523987,1.3461720943450928
22,6408975,6SB0,MdrDBcore00527,H262R+I261V,-2.88,-1.8812448978424072,0.5660257935523987,1.3461720943450928
22,6408975,6SB0,MdrDBcore00528,L1037V+R260Q,-1.424,-1.4978163242340088,0.5660257935523987,1.3461720943450928
22,6408975,4JSN,MdrDBcore00529,M2345V+F1545L,1.432,0.26793766021728516,0.5660257935523987,1.3461720943450928
22,6408975,6SB0,MdrDBcore00530,M2345V+F1545L,-2.215,-1.0547369718551636,0.5660257935523987,1.3461720943450928
22,6408975,5H64,MdrDBcore00531,Q2072R+H642R,-2.415,-0.7211907505989075,0.5660257935523987,1.3461720943450928
22,6408975,6SB0,MdrDBcore00532,R1208C+T1143M+S1087N,-1.059,-1.4473012685775757,0.5660257935523987,1.3461720943450928
22,6408975,5H64,MdrDBcore00533,V1885I+S383G,1.935,-0.9722170233726501,0.5660257935523987,1.3461720943450928
22,6408975,5H64,MdrDBcore00534,V1885I+S383G,-3.128,-0.49447935819625854,0.5660257935523987,1.3461720943450928
22,6408975,6SB0,MdrDBcore00535,V420I+R1749Q,-2.829,-1.5233547687530518,0.5660257935523987,1.3461720943450928
22,6408975,3L08,MdrDBcore00536,A1064V+R184H+S515P,0.038,0.29415854811668396,0.5660257935523987,1.3461720943450928
22,6408975,3L08,MdrDBcore00537,A1064V+R184H+S515P,1.301,0.8852549195289612,0.5660257935523987,1.3461720943450928
22,6408975,3L08,MdrDBcore00538,A1064V+R184H+S515P,-0.31,0.07653702795505524,0.5660257935523987,1.3461720943450928
22,6408975,7MEZ,MdrDBcore00539,A243T+P324S+E347K+F698L,0.362,0.46353214979171753,0.5660257935523987,1.3461720943450928
22,6408975,7MEZ,MdrDBcore00540,A243T+P324S+E347K+F698L,1.838,0.7550066113471985,0.5660257935523987,1.3461720943450928
22,6408975,4GB9,MdrDBcore00541,A885T+E781K,0.246,0.3857932388782501,0.5660257935523987,1.3461720943450928
22,6408975,3L08,MdrDBcore00542,G426E+E511K,-0.467,0.2692752182483673,0.5660257935523987,1.3461720943450928
22,6408975,3L08,MdrDBcore00543,G426E+E511K,0.28,-0.15598531067371368,0.5660257935523987,1.3461720943450928
22,6408975,7MEZ,MdrDBcore00544,G65D+T955I,0.329,0.5985329747200012,0.5660257935523987,1.3461720943450928
22,6408975,7MEZ,MdrDBcore00545,G65D+T955I,1.058,0.5962543487548828,0.5660257935523987,1.3461720943450928
22,6408975,7MEZ,MdrDBcore00546,G65D+T955I,-0.193,0.3665265738964081,0.5660257935523987,1.3461720943450928
22,6408975,3L08,MdrDBcore00547,R178L+T1056I,0.051,0.14256079494953156,0.5660257935523987,1.3461720943450928
22,6408975,3L08,MdrDBcore00548,R178L+T1056I,-0.977,0.03413359448313713,0.5660257935523987,1.3461720943450928
22,6408975,3L08,MdrDBcore00549,R273H+L466M,0.765,0.2945828139781952,0.5660257935523987,1.3461720943450928
22,6408975,3L08,MdrDBcore00550,R273H+L466M,1.406,0.9898684620857239,0.5660257935523987,1.3461720943450928
22,6408975,4GB9,MdrDBcore00551,R273H+L466M,0.566,0.37674185633659363,0.5660257935523987,1.3461720943450928
22,6408975,7MEZ,MdrDBcore00552,T309M+R542W,-0.175,0.1525794267654419,0.5660257935523987,1.3461720943450928
22,6408975,7MEZ,MdrDBcore00553,T309M+R542W,-0.228,0.39275747537612915,0.5660257935523987,1.3461720943450928
22,6408975,1JCQ,MdrDBcore00554,S235C+S245F,-0.091,-0.5708609223365784,0.5660257935523987,1.3461720943450928
22,6408975,1LD8,MdrDBcore00555,S235C+S245F,-1.641,-0.9064961671829224,0.5660257935523987,1.3461720943450928
22,6408975,3T1I,MdrDBcore00556,G182A+L181F,1.019,1.2976340055465698,0.5660257935523987,1.3461720943450928
22,6408975,7A12,MdrDBcore00557,C121R+N434T+E470D+D476G,-0.275,-0.20631830394268036,0.5660257935523987,1.3461720943450928
22,6408975,7A12,MdrDBcore00558,E164D+N407S,-0.399,0.3151397407054901,0.5660257935523987,1.3461720943450928
22,6408975,3LQ5,MdrDBcore00559,D14N+D285N,2.774,0.462997168302536,0.5660257935523987,1.3461720943450928
22,6408975,3LQ5,MdrDBcore00560,D14N+D285N,1.045,0.4286005198955536,0.5660257935523987,1.3461720943450928
22,6408975,3LQ5,MdrDBcore00561,D14N+D285N,-0.27,0.3655124604701996,0.5660257935523987,1.3461720943450928
22,6408975,3MI9,MdrDBcore00562,D323N+F336L,5.721,0.30440858006477356,0.5660257935523987,1.3461720943450928
22,6408975,3MI9,MdrDBcore00563,D323N+F336L,0.93,0.48463791608810425,0.5660257935523987,1.3461720943450928
22,6408975,3MI9,MdrDBcore00564,D323N+F336L,-0.141,0.49180853366851807,0.5660257935523987,1.3461720943450928
22,6408975,2BBA,MdrDBcore00565,R105C+R102W,0.918,0.19946634769439697,0.5660257935523987,1.3461720943450928
22,6408975,4K0V,MdrDBcore00566,I148T+V462A,0.975,1.185536503791809,0.5660257935523987,1.3461720943450928
22,6408975,5UTK,MdrDBcore00567,T503A+D711E,-0.044,0.05534699186682701,0.5660257935523987,1.3461720943450928
22,6408975,6UDT,MdrDBcore00568,D256N+D236Y,-2.609,0.06424738466739655,0.5660257935523987,1.3461720943450928
22,6408975,6UDT,MdrDBcore00569,D256N+D236Y,-1.144,-0.023141631856560707,0.5660257935523987,1.3461720943450928
22,6408975,6UDT,MdrDBcore00570,D256N+D236Y,-0.682,-0.062203120440244675,0.5660257935523987,1.3461720943450928
22,6408975,6B16,MdrDBcore00571,V445F+I312S,-0.991,1.0640078783035278,0.5660257935523987,1.3461720943450928
22,6408975,5NP0,MdrDBcore00572,A502G+Q1128R,1.019,1.3416478633880615,0.5660257935523987,1.3461720943450928
22,6408975,5NP0,MdrDBcore00573,A502G+Q1128R,0.027,0.5551910400390625,0.5660257935523987,1.3461720943450928
22,6408975,7NI6,MdrDBcore00574,D2721N+V2906A,-0.289,0.10136741399765015,0.5660257935523987,1.3461720943450928
22,6408975,6K9K,MdrDBcore00575,D2721N+V2906A,-0.61,0.9860686659812927,0.5660257935523987,1.3461720943450928
22,6408975,7NI6,MdrDBcore00576,D2721N+V2906A,-0.274,0.010244157165288925,0.5660257935523987,1.3461720943450928
22,6408975,7NI6,MdrDBcore00577,E3015D+R2849A,-0.003,0.4021827280521393,0.5660257935523987,1.3461720943450928
22,6408975,7NI6,MdrDBcore00578,E3015D+R2849A,-0.307,-0.6719302535057068,0.5660257935523987,1.3461720943450928
22,6408975,7NI6,MdrDBcore00579,E3015D+R2849A,0.036,0.44418439269065857,0.5660257935523987,1.3461720943450928
22,6408975,5NP1,MdrDBcore00580,E848Q+L2965F,-0.366,0.1412588208913803,0.5660257935523987,1.3461720943450928
22,6408975,5NP0,MdrDBcore00581,E848Q+L2965F,0.629,1.090167760848999,0.5660257935523987,1.3461720943450928
22,6408975,6K9L,MdrDBcore00582,E848Q+L2965F,0.278,0.819697380065918,0.5660257935523987,1.3461720943450928
22,6408975,7NI6,MdrDBcore00583,F1896L+C2464R,-0.709,0.36261293292045593,0.5660257935523987,1.3461720943450928
22,6408975,7NI6,MdrDBcore00584,F1896L+C2464R,-0.654,0.30527263879776,0.5660257935523987,1.3461720943450928
22,6408975,7NI6,MdrDBcore00585,F1896L+C2464R,-0.561,-0.82254558801651,0.5660257935523987,1.3461720943450928
22,6408975,7NI5,MdrDBcore00586,F582L+R1086H,0.341,0.11372505128383636,0.5660257935523987,1.3461720943450928
22,6408975,5NP0,MdrDBcore00587,F582L+R1086H,-0.527,1.1215486526489258,0.5660257935523987,1.3461720943450928
22,6408975,7NI5,MdrDBcore00588,F582L+R1086H,-0.299,0.053289059549570084,0.5660257935523987,1.3461720943450928
22,6408975,5NP0,MdrDBcore00589,G514D+H1380Y,0.621,0.7941447496414185,0.5660257935523987,1.3461720943450928
22,6408975,6K9K,MdrDBcore00590,G514D+H1380Y+P2518S,1.084,0.5907296538352966,0.5660257935523987,1.3461720943450928
22,6408975,5NP1,MdrDBcore00591,G514D+H1380Y+Q1919P,0.899,0.5731101036071777,0.5660257935523987,1.3461720943450928
22,6408975,6K9L,MdrDBcore00592,H1380Y+R1618Q,1.508,1.5262869596481323,0.5660257935523987,1.3461720943450928
22,6408975,5NP0,MdrDBcore00593,I159V+I2998T,1.059,0.7866237163543701,0.5660257935523987,1.3461720943450928
22,6408975,6K9K,MdrDBcore00594,I159V+I2998T,-0.187,-0.5011119842529297,0.5660257935523987,1.3461720943450928
22,6408975,5NP0,MdrDBcore00595,I159V+I2998T,-0.283,0.5628147125244141,0.5660257935523987,1.3461720943450928
22,6408975,7NI5,MdrDBcore00596,L1419I+L1794M,-0.587,0.1213875561952591,0.5660257935523987,1.3461720943450928
22,6408975,7NI5,MdrDBcore00597,L1419I+L1794M,-0.401,0.3901720941066742,0.5660257935523987,1.3461720943450928
22,6408975,7NI5,MdrDBcore00598,L1419I+L1794M,-0.247,-0.006822526454925537,0.5660257935523987,1.3461720943450928
22,6408975,6K9L,MdrDBcore00599,L581V+I2606V,0.629,1.2280811071395874,0.5660257935523987,1.3461720943450928
22,6408975,6K9K,MdrDBcore00600,L581V+I2606V,-0.044,0.20599110424518585,0.5660257935523987,1.3461720943450928
22,6408975,5NP0,MdrDBcore00601,L581V+I2606V,-0.152,0.6386672854423523,0.5660257935523987,1.3461720943450928
22,6408975,7NI5,MdrDBcore00602,L787F+L1809P+N1784S,-1.561,-0.1180206835269928,0.5660257935523987,1.3461720943450928
22,6408975,7NI5,MdrDBcore00603,L787F+L1809P+N1784S,-1.203,0.42399054765701294,0.5660257935523987,1.3461720943450928
22,6408975,7NI5,MdrDBcore00604,L787F+L1809P+N1784S,-0.706,0.09262904524803162,0.5660257935523987,1.3461720943450928
22,6408975,6K9K,MdrDBcore00605,M1040V+C1482R,-0.584,-0.003313925117254257,0.5660257935523987,1.3461720943450928
22,6408975,6K9K,MdrDBcore00606,M1040V+C1482R,0.302,0.6804506182670593,0.5660257935523987,1.3461720943450928
22,6408975,7NI5,MdrDBcore00607,M1040V+C1482R,0.812,0.059669379144907,0.5660257935523987,1.3461720943450928
22,6408975,6K9K,MdrDBcore00608,M1040V+L1824F,-0.595,0.6001843214035034,0.5660257935523987,1.3461720943450928
22,6408975,6K9K,MdrDBcore00609,M1040V+L1824F,0.187,0.2638109624385834,0.5660257935523987,1.3461720943450928
22,6408975,5NP0,MdrDBcore00610,M1040V+L1824F,-0.023,0.9168099164962769,0.5660257935523987,1.3461720943450928
22,6408975,6K9K,MdrDBcore00611,M1040V+L2332P,0.487,0.8835670351982117,0.5660257935523987,1.3461720943450928
22,6408975,6K9K,MdrDBcore00612,M1040V+L2332P,-0.257,0.9124429821968079,0.5660257935523987,1.3461720943450928
22,6408975,5NP0,MdrDBcore00613,M1040V+L2332P,0.811,0.31462350487709045,0.5660257935523987,1.3461720943450928
22,6408975,7NI6,MdrDBcore00614,M1644T+I2223M,0.359,0.4216153621673584,0.5660257935523987,1.3461720943450928
22,6408975,5NP0,MdrDBcore00615,M1644T+I2223M,0.414,1.100804328918457,0.5660257935523987,1.3461720943450928
22,6408975,7NI6,MdrDBcore00616,M1644T+I2223M,0.425,-0.34736302495002747,0.5660257935523987,1.3461720943450928
22,6408975,6K9K,MdrDBcore00617,N1005S+L2307F,-1.343,-0.028826657682657242,0.5660257935523987,1.3461720943450928
22,6408975,6K9K,MdrDBcore00618,N1005S+L2307F,-0.94,1.1917400360107422,0.5660257935523987,1.3461720943450928
22,6408975,6K9L,MdrDBcore00619,N1005S+L2307F,-0.51,0.7475398778915405,0.5660257935523987,1.3461720943450928
22,6408975,6K9K,MdrDBcore00620,P604S+F1463C,-0.905,-0.42918530106544495,0.5660257935523987,1.3461720943450928
22,6408975,5NP0,MdrDBcore00621,P604S+F1463C,1.076,1.1616231203079224,0.5660257935523987,1.3461720943450928
22,6408975,5NP0,MdrDBcore00622,P604S+F1463C,0.984,0.7453761696815491,0.5660257935523987,1.3461720943450928
22,6408975,5NP0,MdrDBcore00623,P604S+R832C,-0.37,0.2565562129020691,0.5660257935523987,1.3461720943450928
22,6408975,6K9K,MdrDBcore00624,Q1128R+L2332P,-0.273,0.41729485988616943,0.5660257935523987,1.3461720943450928
22,6408975,6K9K,MdrDBcore00625,Q1128R+L2332P,-0.043,0.636762797832489,0.5660257935523987,1.3461720943450928
22,6408975,7NI5,MdrDBcore00626,Q1128R+L2332P,-0.457,0.10651171207427979,0.5660257935523987,1.3461720943450928
22,6408975,6K9K,MdrDBcore00627,R1304G+K2318Q,-1.226,-1.5085610151290894,0.5660257935523987,1.3461720943450928
22,6408975,5NP0,MdrDBcore00628,R1304G+K2318Q,-0.545,0.9814464449882507,0.5660257935523987,1.3461720943450928
22,6408975,7NI5,MdrDBcore00629,R1304G+K2318Q,-0.85,0.06260150671005249,0.5660257935523987,1.3461720943450928
22,6408975,7NI5,MdrDBcore00630,R23A+T935R+T1350M,0.463,0.4374142289161682,0.5660257935523987,1.3461720943450928
22,6408975,7NI5,MdrDBcore00631,R23A+T935R+T1350M,-0.338,0.39481601119041443,0.5660257935523987,1.3461720943450928
22,6408975,7NI5,MdrDBcore00632,R23A+T935R+T1350M,0.214,0.001215534284710884,0.5660257935523987,1.3461720943450928
22,6408975,6K9L,MdrDBcore00633,R2461C+T2921M,0.361,0.602427065372467,0.5660257935523987,1.3461720943450928
22,6408975,5NP0,MdrDBcore00634,R2461C+T2921M,-0.786,1.1595596075057983,0.5660257935523987,1.3461720943450928
22,6408975,7NI6,MdrDBcore00635,R2461C+T2921M,-0.861,-0.12046018242835999,0.5660257935523987,1.3461720943450928
22,6408975,7NI5,MdrDBcore00636,R250A+E277A+R337C+E1133K+L1439I,0.112,-0.07284091413021088,0.5660257935523987,1.3461720943450928
22,6408975,6K9K,MdrDBcore00637,R250A+E277A+R337C+E1133K+L1439I,1.142,0.8358178734779358,0.5660257935523987,1.3461720943450928
22,6408975,7NI5,MdrDBcore00638,R250A+E277A+R337C+E1133K+L1439I,0.443,-0.024686645716428757,0.5660257935523987,1.3461720943450928
22,6408975,6K9L,MdrDBcore00639,R2849A+E3015D,0.449,0.532464861869812,0.5660257935523987,1.3461720943450928
22,6408975,6K9L,MdrDBcore00640,R32C+S2165F,-0.95,-0.23248152434825897,0.5660257935523987,1.3461720943450928
22,6408975,6K9K,MdrDBcore00641,R32C+S2165F,-0.643,-0.17664344608783722,0.5660257935523987,1.3461720943450928
22,6408975,7NI5,MdrDBcore00642,R32C+S2165F,-0.345,0.4405965805053711,0.5660257935523987,1.3461720943450928
22,6408975,6K9K,MdrDBcore00643,R924W+D2661N,0.391,0.4453728497028351,0.5660257935523987,1.3461720943450928
22,6408975,6K9K,MdrDBcore00644,R924W+D2661N,0.295,-0.06447473168373108,0.5660257935523987,1.3461720943450928
22,6408975,7NI5,MdrDBcore00645,R924W+D2661N,-0.842,0.20903006196022034,0.5660257935523987,1.3461720943450928
22,6408975,7NI5,MdrDBcore00646,S333F+H1876Q,-0.357,0.31198009848594666,0.5660257935523987,1.3461720943450928
22,6408975,7NI5,MdrDBcore00647,S333F+H1876Q,-0.431,0.3643137216567993,0.5660257935523987,1.3461720943450928
22,6408975,7NI5,MdrDBcore00648,S333F+H1876Q,-0.655,-0.01978291943669319,0.5660257935523987,1.3461720943450928
22,6408975,7NI5,MdrDBcore00649,S974F+F1236Y,0.578,0.3823016881942749,0.5660257935523987,1.3461720943450928
22,6408975,5NP0,MdrDBcore00650,S974F+F1236Y,1.353,1.2611470222473145,0.5660257935523987,1.3461720943450928
22,6408975,7NI5,MdrDBcore00651,S974F+F1236Y,0.39,0.014561664313077927,0.5660257935523987,1.3461720943450928
22,6408975,7NI6,MdrDBcore00652,V1521L+G1998E,-0.655,-0.5844218134880066,0.5660257935523987,1.3461720943450928
22,6408975,5NP0,MdrDBcore00653,V1521L+G1998E,0.658,1.6121560335159302,0.5660257935523987,1.3461720943450928
22,6408975,7NI6,MdrDBcore00654,V1521L+G1998E,-0.077,0.20905274152755737,0.5660257935523987,1.3461720943450928
22,6408975,5NP0,MdrDBcore00655,V2079I+S2146T,1.789,1.1038209199905396,0.5660257935523987,1.3461720943450928
22,6408975,7NI5,MdrDBcore00656,V410A+H1083Y,-0.662,0.3637363612651825,0.5660257935523987,1.3461720943450928
22,6408975,5YZ0,MdrDBcore00657,D1586Y+A1550V,0.659,-0.2348785251379013,0.5660257935523987,1.3461720943450928
22,6408975,5YZ0,MdrDBcore00658,D1586Y+A1550V,0.95,0.6152971982955933,0.5660257935523987,1.3461720943450928
22,6408975,5YZ0,MdrDBcore00659,D1586Y+A1550V,0.742,0.5957877039909363,0.5660257935523987,1.3461720943450928
22,6408975,5YZ0,MdrDBcore00660,E910A+S138I,0.581,0.5227459073066711,0.5660257935523987,1.3461720943450928
22,6408975,5YZ0,MdrDBcore00661,E910A+S138I,0.566,1.133967638015747,0.5660257935523987,1.3461720943450928
22,6408975,5YZ0,MdrDBcore00662,E910A+S138I,0.511,0.7708672881126404,0.5660257935523987,1.3461720943450928
22,6408975,5YZ0,MdrDBcore00663,F982V+R109W,-0.02,-0.19064655900001526,0.5660257935523987,1.3461720943450928
22,6408975,5YZ0,MdrDBcore00664,F982V+R109W,0.484,-1.4856672286987305,0.5660257935523987,1.3461720943450928
22,6408975,5YZ0,MdrDBcore00665,F982V+R109W,-0.32,-1.0307164192199707,0.5660257935523987,1.3461720943450928
22,6408975,5YZ0,MdrDBcore00666,I1526V+V666E,-0.098,-0.6199380159378052,0.5660257935523987,1.3461720943450928
22,6408975,5YZ0,MdrDBcore00667,I1526V+V666E,0.251,0.3304675221443176,0.5660257935523987,1.3461720943450928
22,6408975,5YZ0,MdrDBcore00668,I1526V+V666E,-0.428,0.2659948170185089,0.5660257935523987,1.3461720943450928
22,6408975,5YZ0,MdrDBcore00669,I1851V+T1798A,0.056,0.26782768964767456,0.5660257935523987,1.3461720943450928
22,6408975,5YZ0,MdrDBcore00670,I1851V+T1798A,-1.625,-0.24296392500400543,0.5660257935523987,1.3461720943450928
22,6408975,5YZ0,MdrDBcore00671,I1851V+T1798A,-0.792,-0.2284417301416397,0.5660257935523987,1.3461720943450928
22,6408975,5YZ0,MdrDBcore00672,I2068V+R2066Q,0.854,0.234720841050148,0.5660257935523987,1.3461720943450928
22,6408975,5YZ0,MdrDBcore00673,I2068V+R2066Q,-0.475,0.2050618827342987,0.5660257935523987,1.3461720943450928
22,6408975,5YZ0,MdrDBcore00674,I2068V+R2066Q,-1.038,0.4506600499153137,0.5660257935523987,1.3461720943450928
22,6408975,5YZ0,MdrDBcore00675,L2428F+R1696G,-0.303,0.38971665501594543,0.5660257935523987,1.3461720943450928
22,6408975,5YZ0,MdrDBcore00676,L2428F+R1696G,0.08,0.9060938954353333,0.5660257935523987,1.3461720943450928
22,6408975,5YZ0,MdrDBcore00677,L2428F+R1696G,0.354,0.3506559729576111,0.5660257935523987,1.3461720943450928
22,6408975,5YZ0,MdrDBcore00678,L2428F+R1696G,1.185,0.23848210275173187,0.5660257935523987,1.3461720943450928
22,6408975,5YZ0,MdrDBcore00679,P1914S+C1858R,0.662,0.46125805377960205,0.5660257935523987,1.3461720943450928
22,6408975,5YZ0,MdrDBcore00680,P1914S+C1858R,1.533,0.406950443983078,0.5660257935523987,1.3461720943450928
22,6408975,5YZ0,MdrDBcore00681,R2363A+A2366T,-0.227,-0.11159488558769226,0.5660257935523987,1.3461720943450928
22,6408975,5YZ0,MdrDBcore00682,R2363A+A2366T,-1.71,0.8720744252204895,0.5660257935523987,1.3461720943450928
22,6408975,5YZ0,MdrDBcore00683,R2363A+A2366T,-0.563,0.13190744817256927,0.5660257935523987,1.3461720943450928
22,6408975,5YZ0,MdrDBcore00684,T2556S+I475S,-1.005,0.501798152923584,0.5660257935523987,1.3461720943450928
22,6408975,5YZ0,MdrDBcore00685,T2556S+I475S,-1.11,0.18389521539211273,0.5660257935523987,1.3461720943450928
22,6408975,5YZ0,MdrDBcore00686,T2556S+I475S,-1.275,0.013490766286849976,0.5660257935523987,1.3461720943450928
22,6408975,6Z2J,MdrDBcore00687,D104N+A376T,-0.746,0.04602964594960213,0.5660257935523987,1.3461720943450928
22,6408975,6Z2J,MdrDBcore00688,D104N+A376T,-0.476,-0.02231137454509735,0.5660257935523987,1.3461720943450928
22,6408975,6Z2J,MdrDBcore00689,D104N+A376T,-1.57,0.13009044528007507,0.5660257935523987,1.3461720943450928
22,6408975,6Z2J,MdrDBcore00690,D104N+A376T,-0.59,0.05281839892268181,0.5660257935523987,1.3461720943450928
22,6408975,6Z2J,MdrDBcore00691,D104N+A376T,-0.924,0.7107531428337097,0.5660257935523987,1.3461720943450928
22,6408975,6Z2J,MdrDBcore00692,N83I+E250K,2.919,0.5273932218551636,0.5660257935523987,1.3461720943450928
22,6408975,6Z2J,MdrDBcore00693,N83I+E250K,1.253,1.1346204280853271,0.5660257935523987,1.3461720943450928
22,6408975,6Z2J,MdrDBcore00694,N83I+E250K,-0.694,0.2710285782814026,0.5660257935523987,1.3461720943450928
22,6408975,6Z2J,MdrDBcore00695,S78P+A282T,-0.147,1.1912150382995605,0.5660257935523987,1.3461720943450928
22,6408975,6Z2J,MdrDBcore00696,S78P+A282T,-0.155,0.25213128328323364,0.5660257935523987,1.3461720943450928
22,6408975,6Z2J,MdrDBcore00697,S78P+A282T,-1.171,0.35277149081230164,0.5660257935523987,1.3461720943450928
22,6408975,6Z2J,MdrDBcore00698,S78P+A282T,0.606,0.19437678158283234,0.5660257935523987,1.3461720943450928
22,6408975,2NVU,MdrDBcore00699,C398R+G372D,-0.637,-0.5809451937675476,0.5660257935523987,1.3461720943450928
22,6408975,2NVU,MdrDBcore00700,I371V+K209R,-3.018,-0.7247726321220398,0.5660257935523987,1.3461720943450928
22,6408975,2NVU,MdrDBcore00701,V395M+R312H,-2.718,-0.6624740958213806,0.5660257935523987,1.3461720943450928
22,6408975,5HYN,MdrDBcore00702,F224V+N268D,-0.495,0.18035180866718292,0.5660257935523987,1.3461720943450928
22,6408975,6U4Y,MdrDBcore00703,S220A+L71M,-0.779,-0.022202592343091965,0.5660257935523987,1.3461720943450928
22,6408975,6VP7,MdrDBcore00704,A2135D+G2385R,0.443,0.14643226563930511,0.5660257935523987,1.3461720943450928
22,6408975,7LI3,MdrDBcore00705,D1064G+S1145L,0.844,-0.06330577284097672,0.5660257935523987,1.3461720943450928
22,6408975,7LI3,MdrDBcore00706,E752D+P2103S+T2310M+V2396L,-0.565,-0.9660587906837463,0.5660257935523987,1.3461720943450928
22,6408975,7LI3,MdrDBcore00707,K1383Q+L1304H,-0.4,-0.11233587563037872,0.5660257935523987,1.3461720943450928
22,6408975,6VP7,MdrDBcore00708,Q1648P+P2119T+L2291R,0.236,0.21262460947036743,0.5660257935523987,1.3461720943450928
22,6408975,7LI3,MdrDBcore00709,S1204N+Q1365R,-0.211,-0.11333674192428589,0.5660257935523987,1.3461720943450928
22,6408975,6VP7,MdrDBcore00710,V1450I+G2385R,-0.438,0.28526073694229126,0.5660257935523987,1.3461720943450928
22,6408975,6VP7,MdrDBcore00711,V1581D+A1440P,-0.652,0.17287011444568634,0.5660257935523987,1.3461720943450928
22,6408975,7LI3,MdrDBcore00712,V771I+T1410M,-0.726,0.05579245463013649,0.5660257935523987,1.3461720943450928
22,6408975,6O96,MdrDBcore00713,E47V+I48F,-0.462,0.18111471831798553,0.5660257935523987,1.3461720943450928
22,6408975,6O96,MdrDBcore00714,E47V+I48F,-0.76,0.21107354760169983,0.5660257935523987,1.3461720943450928
22,6408975,6O96,MdrDBcore00715,E47V+I48F,-0.14,-0.22720345854759216,0.5660257935523987,1.3461720943450928
22,6408975,4Z96,MdrDBcore00716,E924K+G577D,-0.615,-0.620184600353241,0.5660257935523987,1.3461720943450928
22,6408975,3OUI,MdrDBcore00717,A379V+A194T,0.524,0.8205676078796387,0.5660257935523987,1.3461720943450928
22,6408975,4B6L,MdrDBcore00718,R179C+G256E,0.897,0.2546175420284271,0.5660257935523987,1.3461720943450928
22,6408975,7LRZ,MdrDBcore00719,N787T+T901A,-0.155,0.04548351839184761,0.5660257935523987,1.3461720943450928
22,6408975,7LRZ,MdrDBcore00720,N787T+T901A,0.076,0.47424471378326416,0.5660257935523987,1.3461720943450928
22,6408975,7NX4,MdrDBcore00721,T1012M+S737L,0.165,0.013145063072443008,0.5660257935523987,1.3461720943450928
22,6408975,7N00,MdrDBcore00722,T1012M+S737L,1.523,0.06697313487529755,0.5660257935523987,1.3461720943450928
22,6408975,AlphaFold2,MdrDBcore00723,Q275R+R102H,0.791,0.18937727808952332,0.5660257935523987,1.3461720943450928
22,6408975,AlphaFold2,MdrDBcore00724,R324H+R110H+R102H,1.934,0.6850060820579529,0.5660257935523987,1.3461720943450928
22,6408975,6OCO,MdrDBcore00725,A152T,-0.093,0.08481442928314209,0.5660257935523987,1.3461720943450928
22,6408975,6OCO,MdrDBcore00726,A152T,-1.837,-1.5876487493515015,0.5660257935523987,1.3461720943450928
22,6408975,6G6W,MdrDBcore00727,A396T,-0.37,0.7716222405433655,0.5660257935523987,1.3461720943450928
22,6408975,6OCO,MdrDBcore00728,A396T,-2.915,-0.9541351199150085,0.5660257935523987,1.3461720943450928
22,6408975,6G6W,MdrDBcore00729,A396T,1.111,0.9253751635551453,0.5660257935523987,1.3461720943450928
22,6408975,6OCO,MdrDBcore00730,A468V,1.255,0.07263095676898956,0.5660257935523987,1.3461720943450928
22,6408975,6OCO,MdrDBcore00731,A487T,1.109,0.19684220850467682,0.5660257935523987,1.3461720943450928
22,6408975,6OCO,MdrDBcore00732,A487T,-0.446,-0.4736345708370209,0.5660257935523987,1.3461720943450928
22,6408975,6OCO,MdrDBcore00733,A487T,1.508,1.3008134365081787,0.5660257935523987,1.3461720943450928
22,6408975,6OCO,MdrDBcore00734,A487T,1.531,0.488547682762146,0.5660257935523987,1.3461720943450928
22,6408975,6OCO,MdrDBcore00735,A742V,0.08,0.08417896926403046,0.5660257935523987,1.3461720943450928
22,6408975,6OCO,MdrDBcore00736,A742V,-0.467,-0.9198210835456848,0.5660257935523987,1.3461720943450928
22,6408975,6OCO,MdrDBcore00737,A742V,0.764,1.2735751867294312,0.5660257935523987,1.3461720943450928
22,6408975,6OCO,MdrDBcore00738,A742V,0.342,1.0606410503387451,0.5660257935523987,1.3461720943450928
22,6408975,6OCO,MdrDBcore00739,C132Y,0.634,0.026202235370874405,0.5660257935523987,1.3461720943450928
22,6408975,6OCO,MdrDBcore00740,C132Y,-0.38,-0.48929035663604736,0.5660257935523987,1.3461720943450928
22,6408975,6G6W,MdrDBcore00741,C132Y,1.681,0.6483588814735413,0.5660257935523987,1.3461720943450928
22,6408975,6OCO,MdrDBcore00742,C132Y,0.978,0.9741310477256775,0.5660257935523987,1.3461720943450928
22,6408975,6OCO,MdrDBcore00743,E1021K,0.296,0.09095253050327301,0.5660257935523987,1.3461720943450928
22,6408975,6OCO,MdrDBcore00744,E1021K,-1.343,-0.5540975332260132,0.5660257935523987,1.3461720943450928
22,6408975,6OCO,MdrDBcore00745,E1021K,0.773,1.2366636991500854,0.5660257935523987,1.3461720943450928
22,6408975,6OCO,MdrDBcore00746,E1021K,1.03,0.6962838172912598,0.5660257935523987,1.3461720943450928
22,6408975,6OCO,MdrDBcore00747,E200K,0.923,1.2915886640548706,0.5660257935523987,1.3461720943450928
22,6408975,6OCO,MdrDBcore00748,E200K,0.215,0.763365626335144,0.5660257935523987,1.3461720943450928
22,6408975,6OCO,MdrDBcore00749,E234D,1.626,0.15366816520690918,0.5660257935523987,1.3461720943450928
22,6408975,6OCO,MdrDBcore00750,E234D,-0.559,-0.5806393027305603,0.5660257935523987,1.3461720943450928
22,6408975,6OCO,MdrDBcore00751,E234D,1.595,1.1990900039672852,0.5660257935523987,1.3461720943450928
22,6408975,6OCO,MdrDBcore00752,E234D,0.773,0.7275837659835815,0.5660257935523987,1.3461720943450928
22,6408975,6OCO,MdrDBcore00753,E451K,-0.504,0.19665175676345825,0.5660257935523987,1.3461720943450928
22,6408975,6OCO,MdrDBcore00754,E451K,-1.217,-1.1619728803634644,0.5660257935523987,1.3461720943450928
22,6408975,6OCO,MdrDBcore00755,E451K,1.576,1.2730039358139038,0.5660257935523987,1.3461720943450928
22,6408975,6OCO,MdrDBcore00756,E451K,0.594,1.1610604524612427,0.5660257935523987,1.3461720943450928
22,6408975,6OCO,MdrDBcore00757,E766G,1.189,0.33528581261634827,0.5660257935523987,1.3461720943450928
22,6408975,6OCO,MdrDBcore00758,E766G,-0.698,-0.5038370490074158,0.5660257935523987,1.3461720943450928
22,6408975,6OCO,MdrDBcore00759,E766G,0.686,0.9538063406944275,0.5660257935523987,1.3461720943450928
22,6408975,6OCO,MdrDBcore00760,E83K,-1.483,0.0965123176574707,0.5660257935523987,1.3461720943450928
22,6408975,6OCO,MdrDBcore00761,E83K,-2.581,-1.5920426845550537,0.5660257935523987,1.3461720943450928
22,6408975,6OCO,MdrDBcore00762,E83K,-2.871,1.2878977060317993,0.5660257935523987,1.3461720943450928
22,6408975,6OCO,MdrDBcore00763,E83K,-3.594,0.823269784450531,0.5660257935523987,1.3461720943450928
22,6408975,6OCO,MdrDBcore00764,F609L,1.307,0.10853062570095062,0.5660257935523987,1.3461720943450928
22,6408975,6OCO,MdrDBcore00765,F609L,0.229,-0.8438566327095032,0.5660257935523987,1.3461720943450928
22,6408975,6OCO,MdrDBcore00766,F609L,1.711,1.282935619354248,0.5660257935523987,1.3461720943450928
22,6408975,6OCO,MdrDBcore00767,F609L,1.465,1.0245932340621948,0.5660257935523987,1.3461720943450928
22,6408975,6OCO,MdrDBcore00768,F932C,1.114,0.13972875475883484,0.5660257935523987,1.3461720943450928
22,6408975,6OCO,MdrDBcore00769,F932C,-0.381,-0.4446974992752075,0.5660257935523987,1.3461720943450928
22,6408975,6OCO,MdrDBcore00770,F932C,1.825,1.27560293674469,0.5660257935523987,1.3461720943450928
22,6408975,6OCO,MdrDBcore00771,F932C,0.853,0.7926329374313354,0.5660257935523987,1.3461720943450928
22,6408975,6OCO,MdrDBcore00772,G593R,-0.385,0.12379786372184753,0.5660257935523987,1.3461720943450928
22,6408975,6OCO,MdrDBcore00773,G593R,-1.066,-1.0323466062545776,0.5660257935523987,1.3461720943450928
22,6408975,6OCO,MdrDBcore00774,G593R,1.639,1.2825721502304077,0.5660257935523987,1.3461720943450928
22,6408975,6OCO,MdrDBcore00775,G593R,1.737,0.8219017386436462,0.5660257935523987,1.3461720943450928
22,6408975,6G6W,MdrDBcore00776,G772S,0.944,0.6699654459953308,0.5660257935523987,1.3461720943450928
22,6408975,6OCO,MdrDBcore00777,G772S,-0.37,-0.8669402599334717,0.5660257935523987,1.3461720943450928
22,6408975,6OCO,MdrDBcore00778,G772S,-0.284,1.2874650955200195,0.5660257935523987,1.3461720943450928
22,6408975,6OCO,MdrDBcore00779,G772S,0.13,0.3181357979774475,0.5660257935523987,1.3461720943450928
22,6408975,6OCO,MdrDBcore00780,G819E,1.359,0.09254889190196991,0.5660257935523987,1.3461720943450928
22,6408975,6OCO,MdrDBcore00781,G819E,1.572,1.325379729270935,0.5660257935523987,1.3461720943450928
22,6408975,6OCO,MdrDBcore00782,G819E,0.717,1.0927000045776367,0.5660257935523987,1.3461720943450928
22,6408975,6OCO,MdrDBcore00783,G971R,-0.356,0.05718863382935524,0.5660257935523987,1.3461720943450928
22,6408975,6OCO,MdrDBcore00784,G971R,-1.304,-0.8609586954116821,0.5660257935523987,1.3461720943450928
22,6408975,6OCO,MdrDBcore00785,G971R,0.385,1.1367954015731812,0.5660257935523987,1.3461720943450928
22,6408975,6G6W,MdrDBcore00786,G971R,-0.647,0.131869837641716,0.5660257935523987,1.3461720943450928
22,6408975,6G6W,MdrDBcore00787,G985D,-0.9,-0.37596625089645386,0.5660257935523987,1.3461720943450928
22,6408975,6OCO,MdrDBcore00788,G985D,-1.309,-0.7691693305969238,0.5660257935523987,1.3461720943450928
22,6408975,6OCO,MdrDBcore00789,G985D,1.103,1.2114909887313843,0.5660257935523987,1.3461720943450928
22,6408975,6OCO,MdrDBcore00790,G985D,0.766,1.0089163780212402,0.5660257935523987,1.3461720943450928
22,6408975,6OCO,MdrDBcore00791,M387T,-0.331,0.1322576254606247,0.5660257935523987,1.3461720943450928
22,6408975,6OCO,MdrDBcore00792,M387T,0.988,0.7407242655754089,0.5660257935523987,1.3461720943450928
22,6408975,6OCO,MdrDBcore00793,M387T,1.038,0.6800727844238281,0.5660257935523987,1.3461720943450928
22,6408975,6OCO,MdrDBcore00794,M683I,0.209,-0.08865006268024445,0.5660257935523987,1.3461720943450928
22,6408975,6OCO,MdrDBcore00795,M683I,-1.045,-0.6025453209877014,0.5660257935523987,1.3461720943450928
22,6408975,6OCO,MdrDBcore00796,M683I,0.788,1.2706369161605835,0.5660257935523987,1.3461720943450928
22,6408975,6OCO,MdrDBcore00797,M683I,1.13,0.7465586066246033,0.5660257935523987,1.3461720943450928
22,6408975,6OCO,MdrDBcore00798,M762I,0.201,0.17638783156871796,0.5660257935523987,1.3461720943450928
22,6408975,6OCO,MdrDBcore00799,M762I,-1.116,-0.9088101387023926,0.5660257935523987,1.3461720943450928
22,6408975,6OCO,MdrDBcore00800,M762I,1.238,1.2633321285247803,0.5660257935523987,1.3461720943450928
22,6408975,6OCO,MdrDBcore00801,M762I,0.663,0.5579366683959961,0.5660257935523987,1.3461720943450928
22,6408975,6OCO,MdrDBcore00802,N334K,-0.837,0.16781319677829742,0.5660257935523987,1.3461720943450928
22,6408975,6OCO,MdrDBcore00803,N334K,-1.744,-1.3113043308258057,0.5660257935523987,1.3461720943450928
22,6408975,6OCO,MdrDBcore00804,N334K,-2.134,1.235671877861023,0.5660257935523987,1.3461720943450928
22,6408975,6OCO,MdrDBcore00805,N334K,-2.557,0.5754836797714233,0.5660257935523987,1.3461720943450928
22,6408975,6G6W,MdrDBcore00806,P186S,0.549,0.8011088967323303,0.5660257935523987,1.3461720943450928
22,6408975,6OCO,MdrDBcore00807,P186S,-1.197,-0.6960433721542358,0.5660257935523987,1.3461720943450928
22,6408975,6OCO,MdrDBcore00808,P186S,1.859,1.2554243803024292,0.5660257935523987,1.3461720943450928
22,6408975,6OCO,MdrDBcore00809,P186S,1.462,0.9938059449195862,0.5660257935523987,1.3461720943450928
22,6408975,7LQ1,MdrDBcore00810,P294H,1.024,0.09226882457733154,0.5660257935523987,1.3461720943450928
22,6408975,7LQ1,MdrDBcore00811,P294H,1.566,0.7015904784202576,0.5660257935523987,1.3461720943450928
22,6408975,7LQ1,MdrDBcore00812,P294H,1.036,0.9932325482368469,0.5660257935523987,1.3461720943450928
22,6408975,6OCO,MdrDBcore00813,P658L,1.496,1.2560616731643677,0.5660257935523987,1.3461720943450928
22,6408975,6OCO,MdrDBcore00814,P658L,1.098,0.6513112187385559,0.5660257935523987,1.3461720943450928
22,6408975,7LM2,MdrDBcore00815,R229Q,0.354,0.11600129306316376,0.5660257935523987,1.3461720943450928
22,6408975,7LM2,MdrDBcore00816,R229Q,-0.903,0.38123437762260437,0.5660257935523987,1.3461720943450928
22,6408975,7LM2,MdrDBcore00817,R229Q,1.506,1.0568026304244995,0.5660257935523987,1.3461720943450928
22,6408975,7LM2,MdrDBcore00818,R229Q,1.421,0.9636523127555847,0.5660257935523987,1.3461720943450928
22,6408975,7LM2,MdrDBcore00819,R229W,0.606,0.078030064702034,0.5660257935523987,1.3461720943450928
22,6408975,7LM2,MdrDBcore00820,R229W,-1.723,0.18444716930389404,0.5660257935523987,1.3461720943450928
22,6408975,7LM2,MdrDBcore00821,R229W,1.473,1.0232089757919312,0.5660257935523987,1.3461720943450928
22,6408975,6PYR,MdrDBcore00822,R229W,0.645,0.7236027717590332,0.5660257935523987,1.3461720943450928
22,6408975,6OCO,MdrDBcore00823,R38C,-0.365,0.09976135194301605,0.5660257935523987,1.3461720943450928
22,6408975,6OCO,MdrDBcore00824,R38C,-1.456,-1.0529661178588867,0.5660257935523987,1.3461720943450928
22,6408975,6G6W,MdrDBcore00825,R38C,1.992,0.6018996834754944,0.5660257935523987,1.3461720943450928
22,6408975,6OCO,MdrDBcore00826,R38C,1.95,1.1294314861297607,0.5660257935523987,1.3461720943450928
22,6408975,6OCO,MdrDBcore00827,R437C,0.216,0.20254331827163696,0.5660257935523987,1.3461720943450928
22,6408975,6OCO,MdrDBcore00828,R437C,-1.465,-0.46218886971473694,0.5660257935523987,1.3461720943450928
22,6408975,6OCO,MdrDBcore00829,R437C,1.666,1.2764880657196045,0.5660257935523987,1.3461720943450928
22,6408975,6OCO,MdrDBcore00830,R437C,1.238,1.0502585172653198,0.5660257935523987,1.3461720943450928
22,6408975,6OCO,MdrDBcore00831,R821C,-1.413,0.0012219492346048355,0.5660257935523987,1.3461720943450928
22,6408975,6OCO,MdrDBcore00832,R821C,1.452,1.2757247686386108,0.5660257935523987,1.3461720943450928
22,6408975,6OCO,MdrDBcore00833,R821C,2.036,0.8625679016113281,0.5660257935523987,1.3461720943450928
22,6408975,6OCO,MdrDBcore00834,R88H,1.69,1.41814124584198,0.5660257935523987,1.3461720943450928
22,6408975,6OCO,MdrDBcore00835,R88H,1.048,0.6142832636833191,0.5660257935523987,1.3461720943450928
22,6408975,6G6W,MdrDBcore00836,S174L,2.083,0.8409658074378967,0.5660257935523987,1.3461720943450928
22,6408975,6G6W,MdrDBcore00837,S174L,0.188,0.605353593826294,0.5660257935523987,1.3461720943450928
22,6408975,6G6W,MdrDBcore00838,S174L,1.802,0.6252772212028503,0.5660257935523987,1.3461720943450928
22,6408975,6G6W,MdrDBcore00839,S174L,1.908,0.4525257349014282,0.5660257935523987,1.3461720943450928
22,6408975,7SHQ,MdrDBcore00840,D179G,1.527,1.4147944450378418,0.5660257935523987,1.3461720943450928
22,6408975,7SHQ,MdrDBcore00841,D584N,1.715,1.387229084968567,0.5660257935523987,1.3461720943450928
22,6408975,7SHQ,MdrDBcore00842,D609N,1.604,1.9072262048721313,0.5660257935523987,1.3461720943450928
22,6408975,7SHQ,MdrDBcore00843,E545D,1.571,1.0395439863204956,0.5660257935523987,1.3461720943450928
22,6408975,7SHQ,MdrDBcore00844,E662K,1.281,1.3175562620162964,0.5660257935523987,1.3461720943450928
22,6408975,7SHQ,MdrDBcore00845,E673D,1.289,1.045196294784546,0.5660257935523987,1.3461720943450928
22,6408975,7SHQ,MdrDBcore00846,G163V,1.756,0.7486281394958496,0.5660257935523987,1.3461720943450928
22,6408975,7SHQ,MdrDBcore00847,G623S,1.237,1.5080323219299316,0.5660257935523987,1.3461720943450928
22,6408975,7SHQ,MdrDBcore00848,I349V,1.672,1.1703388690948486,0.5660257935523987,1.3461720943450928
22,6408975,7SHQ,MdrDBcore00849,P221L,1.95,1.846748948097229,0.5660257935523987,1.3461720943450928
22,6408975,7SHQ,MdrDBcore00850,Q286K,2.13,1.4879716634750366,0.5660257935523987,1.3461720943450928
22,6408975,7SHQ,MdrDBcore00851,R111H,1.472,1.5764281749725342,0.5660257935523987,1.3461720943450928
22,6408975,7SHQ,MdrDBcore00852,R178Q,1.41,0.8437857031822205,0.5660257935523987,1.3461720943450928
22,6408975,7SHQ,MdrDBcore00853,R247C,1.433,1.397928237915039,0.5660257935523987,1.3461720943450928
22,6408975,7SHQ,MdrDBcore00854,R265S,1.517,1.1549190282821655,0.5660257935523987,1.3461720943450928
22,6408975,7SHQ,MdrDBcore00855,R303H,1.491,0.9413499236106873,0.5660257935523987,1.3461720943450928
22,6408975,7SHQ,MdrDBcore00856,T149M,1.58,1.777536153793335,0.5660257935523987,1.3461720943450928
22,6408975,7SHQ,MdrDBcore00857,T291M,2.01,2.365001916885376,0.5660257935523987,1.3461720943450928
22,6408975,7SHQ,MdrDBcore00858,T694I,1.412,2.1564199924468994,0.5660257935523987,1.3461720943450928
22,6408975,7SHQ,MdrDBcore00859,V120I,1.753,-0.07781613618135452,0.5660257935523987,1.3461720943450928
22,6408975,7SHQ,MdrDBcore00860,W194C,1.538,1.1106911897659302,0.5660257935523987,1.3461720943450928
22,6408975,7SHQ,MdrDBcore00861,Y641H,1.946,1.8113540410995483,0.5660257935523987,1.3461720943450928
22,6408975,7SHQ,MdrDBcore00862,Y713C,1.392,1.8368805646896362,0.5660257935523987,1.3461720943450928
22,6408975,4ZYO,MdrDBcore00863,M224I,0.639,0.6594346165657043,0.5660257935523987,1.3461720943450928
22,6408975,7BG9,MdrDBcore00864,D807G,1.237,0.3863973617553711,0.5660257935523987,1.3461720943450928
22,6408975,7BG9,MdrDBcore00865,D848G,1.211,0.9883678555488586,0.5660257935523987,1.3461720943450928
22,6408975,7BG9,MdrDBcore00866,E1068K,1.628,1.0031988620758057,0.5660257935523987,1.3461720943450928
22,6408975,7BG9,MdrDBcore00867,E484K,1.124,0.696212112903595,0.5660257935523987,1.3461720943450928
22,6408975,7BG9,MdrDBcore00868,H752R,1.3,0.9031096696853638,0.5660257935523987,1.3461720943450928
22,6408975,7BG9,MdrDBcore00869,L397I,0.21,0.8062030076980591,0.5660257935523987,1.3461720943450928
22,6408975,7BG9,MdrDBcore00870,P380S,0.378,0.19589631259441376,0.5660257935523987,1.3461720943450928
22,6408975,7BG9,MdrDBcore00871,P530L,1.038,0.7658491730690002,0.5660257935523987,1.3461720943450928
22,6408975,7BG9,MdrDBcore00872,P785L,0.639,0.48769956827163696,0.5660257935523987,1.3461720943450928
22,6408975,7BG9,MdrDBcore00873,P785Q,-0.52,0.34614425897598267,0.5660257935523987,1.3461720943450928
22,6408975,7BG9,MdrDBcore00874,Q1024H,1.345,1.1370183229446411,0.5660257935523987,1.3461720943450928
22,6408975,7BG9,MdrDBcore00875,R521H,1.202,0.24972335994243622,0.5660257935523987,1.3461720943450928
22,6408975,7BG9,MdrDBcore00876,R743Q,-0.729,0.1379653960466385,0.5660257935523987,1.3461720943450928
22,6408975,7BG9,MdrDBcore00877,R865C,0.839,0.5079034566879272,0.5660257935523987,1.3461720943450928
22,6408975,7BG9,MdrDBcore00878,R938L,1.408,0.6409702301025391,0.5660257935523987,1.3461720943450928
22,6408975,7BG9,MdrDBcore00879,R972H,1.156,1.074179768562317,0.5660257935523987,1.3461720943450928
22,6408975,7BG9,MdrDBcore00880,T726P,-0.519,0.5592381358146667,0.5660257935523987,1.3461720943450928
22,6408975,7BG9,MdrDBcore00881,T878A,1.071,0.5445843935012817,0.5660257935523987,1.3461720943450928
22,6408975,7BG9,MdrDBcore00882,V639I,1.29,0.8446432948112488,0.5660257935523987,1.3461720943450928
22,6408975,7BG9,MdrDBcore00883,V640M,1.288,1.010785460472107,0.5660257935523987,1.3461720943450928
22,6408975,7BG9,MdrDBcore00884,V741M,1.087,1.070372223854065,0.5660257935523987,1.3461720943450928
22,6408975,7BG9,MdrDBcore00885,V898A,1.275,1.1985478401184082,0.5660257935523987,1.3461720943450928
22,6408975,2WMR,MdrDBcore00886,A253D,-2.155,0.03772277757525444,0.5660257935523987,1.3461720943450928
22,6408975,2WMR,MdrDBcore00887,Y173H,-2.256,-0.13473202288150787,0.5660257935523987,1.3461720943450928
22,6408975,4KIK,MdrDBcore00888,A360S,-1.563,-1.088793158531189,0.5660257935523987,1.3461720943450928
22,6408975,4KIK,MdrDBcore00889,A360S,1.021,0.542949378490448,0.5660257935523987,1.3461720943450928
22,6408975,3BRV,MdrDBcore00890,A710T,-0.504,-1.238701581954956,0.5660257935523987,1.3461720943450928
22,6408975,3BRV,MdrDBcore00891,A710T,1.786,1.4867829084396362,0.5660257935523987,1.3461720943450928
22,6408975,4KIK,MdrDBcore00892,E502K,-1.913,-1.050711989402771,0.5660257935523987,1.3461720943450928
22,6408975,4KIK,MdrDBcore00893,E502K,-0.066,0.6023271083831787,0.5660257935523987,1.3461720943450928
22,6408975,3BRV,MdrDBcore00894,F734L,-1.768,-1.232662320137024,0.5660257935523987,1.3461720943450928
22,6408975,3BRV,MdrDBcore00895,F734L,1.667,1.5312782526016235,0.5660257935523987,1.3461720943450928
22,6408975,4KIK,MdrDBcore00896,H284Y,-1.984,-0.9162462949752808,0.5660257935523987,1.3461720943450928
22,6408975,4KIK,MdrDBcore00897,H284Y,0.13,0.6493958234786987,0.5660257935523987,1.3461720943450928
22,6408975,4KIK,MdrDBcore00898,I413S,-1.999,-1.031173825263977,0.5660257935523987,1.3461720943450928
22,6408975,4KIK,MdrDBcore00899,K337N,-1.745,-1.0560590028762817,0.5660257935523987,1.3461720943450928
22,6408975,4KIK,MdrDBcore00900,P296L,1.4,0.5562521815299988,0.5660257935523987,1.3461720943450928
22,6408975,4KIK,MdrDBcore00901,R118W,-1.151,-0.9050180315971375,0.5660257935523987,1.3461720943450928
22,6408975,4KIK,MdrDBcore00902,R118W,1.339,0.5188146829605103,0.5660257935523987,1.3461720943450928
22,6408975,4KIK,MdrDBcore00903,R20H,-0.068,-1.0479472875595093,0.5660257935523987,1.3461720943450928
22,6408975,4KIK,MdrDBcore00904,R20H,0.521,0.5949227809906006,0.5660257935523987,1.3461720943450928
22,6408975,4KIK,MdrDBcore00905,R526Q,1.063,0.5428496599197388,0.5660257935523987,1.3461720943450928
22,6408975,4KIK,MdrDBcore00906,R57W,-1.249,-1.2499247789382935,0.5660257935523987,1.3461720943450928
22,6408975,4KIK,MdrDBcore00907,R57W,1.131,0.5549367070198059,0.5660257935523987,1.3461720943450928
22,6408975,4KIK,MdrDBcore00908,T344M,0.66,0.601883590221405,0.5660257935523987,1.3461720943450928
22,6408975,4KIK,MdrDBcore00909,T8R,-0.516,-0.9646173715591431,0.5660257935523987,1.3461720943450928
22,6408975,4KIK,MdrDBcore00910,T8R,1.208,0.5958448052406311,0.5660257935523987,1.3461720943450928
22,6408975,4KIK,MdrDBcore00911,V327A,-1.102,-1.0638996362686157,0.5660257935523987,1.3461720943450928
22,6408975,4KIK,MdrDBcore00912,V327A,1.669,0.5565902590751648,0.5660257935523987,1.3461720943450928
22,6408975,4KIK,MdrDBcore00913,Y199C,-1.65,-1.1104707717895508,0.5660257935523987,1.3461720943450928
22,6408975,4KIK,MdrDBcore00914,Y199C,1.462,0.6102948188781738,0.5660257935523987,1.3461720943450928
22,6408975,4JBO,MdrDBcore00915,D311G,-0.93,0.3395272195339203,0.5660257935523987,1.3461720943450928
22,6408975,4JBO,MdrDBcore00916,D311G,-0.001,-0.00037088990211486816,0.5660257935523987,1.3461720943450928
22,6408975,4JBO,MdrDBcore00917,F133L,0.523,-0.10438463091850281,0.5660257935523987,1.3461720943450928
22,6408975,4JBO,MdrDBcore00918,F133L,-0.48,-0.07180944085121155,0.5660257935523987,1.3461720943450928
22,6408975,4JBO,MdrDBcore00919,G173V,-0.301,0.3509262800216675,0.5660257935523987,1.3461720943450928
22,6408975,4JBO,MdrDBcore00920,G173V,-0.367,0.02847771719098091,0.5660257935523987,1.3461720943450928
22,6408975,5DT0,MdrDBcore00921,L222P,-0.036,-0.14613759517669678,0.5660257935523987,1.3461720943450928
22,6408975,4JBO,MdrDBcore00922,L222P,-0.626,-0.15296964347362518,0.5660257935523987,1.3461720943450928
22,6408975,4JBO,MdrDBcore00923,P297H,0.286,0.3014180362224579,0.5660257935523987,1.3461720943450928
22,6408975,4JBO,MdrDBcore00924,P297H,-1.585,-0.08297573775053024,0.5660257935523987,1.3461720943450928
22,6408975,3FDN,MdrDBcore00925,Q394A,0.19,-0.4172970950603485,0.5660257935523987,1.3461720943450928
22,6408975,3FDN,MdrDBcore00926,Q394A,0.126,-0.35015785694122314,0.5660257935523987,1.3461720943450928
22,6408975,5DT0,MdrDBcore00927,R343Q,-0.868,-0.3086404502391815,0.5660257935523987,1.3461720943450928
22,6408975,4JBO,MdrDBcore00928,R343Q,-0.333,0.026868410408496857,0.5660257935523987,1.3461720943450928
22,6408975,4JBO,MdrDBcore00929,S361L,0.835,0.38982921838760376,0.5660257935523987,1.3461720943450928
22,6408975,4JBO,MdrDBcore00930,S361L,0.516,-0.08998183161020279,0.5660257935523987,1.3461720943450928
22,6408975,4JBO,MdrDBcore00931,V174M,0.743,0.1979236751794815,0.5660257935523987,1.3461720943450928
22,6408975,4JBO,MdrDBcore00932,V174M,-0.501,0.022572744637727737,0.5660257935523987,1.3461720943450928
22,6408975,4JBO,MdrDBcore00933,Y197C,0.747,0.14923009276390076,0.5660257935523987,1.3461720943450928
22,6408975,4JBO,MdrDBcore00934,Y197C,0.569,-0.002872299402952194,0.5660257935523987,1.3461720943450928
22,6408975,4JBO,MdrDBcore00935,Y246H,0.777,0.43381085991859436,0.5660257935523987,1.3461720943450928
22,6408975,4JBO,MdrDBcore00936,Y246H,-0.064,-0.04102274775505066,0.5660257935523987,1.3461720943450928
22,6408975,3JZQ,MdrDBcore00937,C76Y,1.279,0.5792074799537659,0.5660257935523987,1.3461720943450928
22,6408975,3JZQ,MdrDBcore00938,R87C,1.337,0.5839223265647888,0.5660257935523987,1.3461720943450928
22,6408975,2VKI,MdrDBcore00939,A532T,-1.663,0.0010061543434858322,0.5660257935523987,1.3461720943450928
22,6408975,2VKI,MdrDBcore00940,A532T,-0.285,0.5431932806968689,0.5660257935523987,1.3461720943450928
22,6408975,2VKI,MdrDBcore00941,A532T,-1.531,-0.6772519946098328,0.5660257935523987,1.3461720943450928
22,6408975,1W1D,MdrDBcore00942,H517Q,-1.454,-1.3258823156356812,0.5660257935523987,1.3461720943450928
22,6408975,2VKI,MdrDBcore00943,H517Q,-0.794,-0.6522062420845032,0.5660257935523987,1.3461720943450928
22,6408975,2VKI,MdrDBcore00944,H517Q,-0.914,-0.8774041533470154,0.5660257935523987,1.3461720943450928
22,6408975,2VKI,MdrDBcore00945,Q540L,-0.007,-0.032454799860715866,0.5660257935523987,1.3461720943450928
22,6408975,2VKI,MdrDBcore00946,Q540L,0.155,0.527062714099884,0.5660257935523987,1.3461720943450928
22,6408975,2VKI,MdrDBcore00947,Q540L,-0.613,-1.0733723640441895,0.5660257935523987,1.3461720943450928
22,6408975,2VKI,MdrDBcore00948,R505Q,-0.014,0.4686218500137329,0.5660257935523987,1.3461720943450928
22,6408975,2VKI,MdrDBcore00949,R505Q,0.605,-0.01797255501151085,0.5660257935523987,1.3461720943450928
22,6408975,2VKI,MdrDBcore00950,R505Q,-0.845,-1.1307449340820312,0.5660257935523987,1.3461720943450928
22,6408975,AlphaFold2,MdrDBcore00951,C657R,1.242,-0.37955331802368164,0.5660257935523987,1.3461720943450928
22,6408975,AlphaFold2,MdrDBcore00952,D644E,-0.767,0.46781039237976074,0.5660257935523987,1.3461720943450928
22,6408975,4FVQ,MdrDBcore00953,C675W,0.357,0.5040148496627808,0.5660257935523987,1.3461720943450928
22,6408975,4FVQ,MdrDBcore00954,E592K,2.616,0.2147073894739151,0.5660257935523987,1.3461720943450928
22,6408975,3IOK,MdrDBcore00955,E846D,2.797,0.5059136152267456,0.5660257935523987,1.3461720943450928
22,6408975,4FVQ,MdrDBcore00956,F547V,1.589,0.25558996200561523,0.5660257935523987,1.3461720943450928
22,6408975,4FVQ,MdrDBcore00957,F560L,3.126,0.493521511554718,0.5660257935523987,1.3461720943450928
22,6408975,6E2Q,MdrDBcore00958,F85S,2.311,-0.16157200932502747,0.5660257935523987,1.3461720943450928
22,6408975,3IOK,MdrDBcore00959,G1093R,1.446,0.46594107151031494,0.5660257935523987,1.3461720943450928
22,6408975,6G3C,MdrDBcore00960,G571S,-0.047,0.5164201259613037,0.5660257935523987,1.3461720943450928
22,6408975,6E2Q,MdrDBcore00961,H172R,-0.218,-0.4994409680366516,0.5660257935523987,1.3461720943450928
22,6408975,6E2Q,MdrDBcore00962,H172R,1.82,0.0887647271156311,0.5660257935523987,1.3461720943450928
22,6408975,6G3C,MdrDBcore00963,H606Q,-1.028,0.34558185935020447,0.5660257935523987,1.3461720943450928
22,6408975,4FVQ,MdrDBcore00964,H606Q,0.836,0.38553741574287415,0.5660257935523987,1.3461720943450928
22,6408975,6E2Q,MdrDBcore00965,I67M,1.408,0.6222095489501953,0.5660257935523987,1.3461720943450928
22,6408975,6E2Q,MdrDBcore00966,L383P,-1.434,-0.29109475016593933,0.5660257935523987,1.3461720943450928
22,6408975,6E2Q,MdrDBcore00967,L383P,2.042,0.6417052745819092,0.5660257935523987,1.3461720943450928
22,6408975,6E2Q,MdrDBcore00968,L393V,-0.207,-0.9148390889167786,0.5660257935523987,1.3461720943450928
22,6408975,4FVQ,MdrDBcore00969,L634P,2.074,0.3779255449771881,0.5660257935523987,1.3461720943450928
22,6408975,3IOK,MdrDBcore00970,L905P,-1.629,0.4411732256412506,0.5660257935523987,1.3461720943450928
22,6408975,3IOK,MdrDBcore00971,N1108S,1.948,0.5261751413345337,0.5660257935523987,1.3461720943450928
22,6408975,6E2Q,MdrDBcore00972,N337D,0.983,0.08823871612548828,0.5660257935523987,1.3461720943450928
22,6408975,3IOK,MdrDBcore00973,R1063H,-0.474,0.5119876265525818,0.5660257935523987,1.3461720943450928
22,6408975,3IOK,MdrDBcore00974,R1117M,0.687,0.37166285514831543,0.5660257935523987,1.3461720943450928
22,6408975,6E2Q,MdrDBcore00975,R426A,0.073,0.16736772656440735,0.5660257935523987,1.3461720943450928
22,6408975,6E2Q,MdrDBcore00976,S411N,3.172,0.028613857924938202,0.5660257935523987,1.3461720943450928
22,6408975,6E2Q,MdrDBcore00977,S507A,0.168,0.20982885360717773,0.5660257935523987,1.3461720943450928
22,6408975,4FVQ,MdrDBcore00978,S797C,1.229,0.14140737056732178,0.5660257935523987,1.3461720943450928
22,6408975,6E2Q,MdrDBcore00979,T108A,3.21,0.3875378370285034,0.5660257935523987,1.3461720943450928
22,6408975,6E2Q,MdrDBcore00980,V149A,0.931,0.6936857104301453,0.5660257935523987,1.3461720943450928
22,6408975,4FVQ,MdrDBcore00981,V617F,0.016,0.19545720517635345,0.5660257935523987,1.3461720943450928
22,6408975,6E2Q,MdrDBcore00982,W157A,-0.483,0.4431540369987488,0.5660257935523987,1.3461720943450928
22,6408975,6E2Q,MdrDBcore00983,Y42H,3.166,-0.03784917667508125,0.5660257935523987,1.3461720943450928
22,6408975,3IOK,MdrDBcore00984,Y934N,1.12,0.4193378984928131,0.5660257935523987,1.3461720943450928
22,6408975,6E2Q,MdrDBcore00985,Y96H,-0.387,0.19081184267997742,0.5660257935523987,1.3461720943450928
22,6408975,5UEY,MdrDBcore00986,C357Y,3.73,1.5371025800704956,0.5660257935523987,1.3461720943450928
22,6408975,5UEY,MdrDBcore00987,C357Y,1.188,0.5711414813995361,0.5660257935523987,1.3461720943450928
22,6408975,5UEY,MdrDBcore00988,C357Y,1.205,0.64089435338974,0.5660257935523987,1.3461720943450928
22,6408975,5CTL,MdrDBcore00989,H77Y,-2.382,0.48428767919540405,0.5660257935523987,1.3461720943450928
22,6408975,5CTL,MdrDBcore00990,H77Y,0.959,0.15814697742462158,0.5660257935523987,1.3461720943450928
22,6408975,5CTL,MdrDBcore00991,H77Y,1.105,0.923590362071991,0.5660257935523987,1.3461720943450928
22,6408975,5UEY,MdrDBcore00992,I360V,-0.479,-0.3496105968952179,0.5660257935523987,1.3461720943450928
22,6408975,5UEY,MdrDBcore00993,I360V,1.513,0.5732523202896118,0.5660257935523987,1.3461720943450928
22,6408975,5UEY,MdrDBcore00994,I360V,1.347,0.5783349871635437,0.5660257935523987,1.3461720943450928
22,6408975,4Z93,MdrDBcore00995,R444C,0.287,0.9693532586097717,0.5660257935523987,1.3461720943450928
22,6408975,4Z93,MdrDBcore00996,R444C,-0.215,1.2578126192092896,0.5660257935523987,1.3461720943450928
22,6408975,4Z93,MdrDBcore00997,R444C,-0.063,0.5885249376296997,0.5660257935523987,1.3461720943450928
22,6408975,2N3K,MdrDBcore00998,R616W,1.224,1.0180810689926147,0.5660257935523987,1.3461720943450928
22,6408975,2N3K,MdrDBcore00999,R616W,1.614,1.0145618915557861,0.5660257935523987,1.3461720943450928
22,6408975,2N3K,MdrDBcore01000,R616W,1.6,0.3999841809272766,0.5660257935523987,1.3461720943450928
22,6408975,5CTL,MdrDBcore01001,T73I,-0.44,-0.030422359704971313,0.5660257935523987,1.3461720943450928
22,6408975,5CTL,MdrDBcore01002,T73I,-0.958,0.08600826561450958,0.5660257935523987,1.3461720943450928
22,6408975,5CTL,MdrDBcore01003,T73I,-1.313,1.0538184642791748,0.5660257935523987,1.3461720943450928
22,6408975,5CTL,MdrDBcore01004,W120A,0.458,0.11370329558849335,0.5660257935523987,1.3461720943450928
22,6408975,5CTL,MdrDBcore01005,W120A,0.346,0.2865164875984192,0.5660257935523987,1.3461720943450928
22,6408975,5CTL,MdrDBcore01006,W120A,-0.884,0.8944907784461975,0.5660257935523987,1.3461720943450928
22,6408975,5CTL,MdrDBcore01007,W81L,1.79,0.5986309051513672,0.5660257935523987,1.3461720943450928
22,6408975,5CTL,MdrDBcore01008,W81L,1.632,0.7166224718093872,0.5660257935523987,1.3461720943450928
22,6408975,5CTL,MdrDBcore01009,W81L,1.777,0.7217737436294556,0.5660257935523987,1.3461720943450928
22,6408975,6UMD,MdrDBcore01010,A537E,-0.83,1.2506415843963623,0.5660257935523987,1.3461720943450928
22,6408975,6UMD,MdrDBcore01011,D467N,1.991,1.06402587890625,0.5660257935523987,1.3461720943450928
22,6408975,5U0J,MdrDBcore01012,D585V,1.689,0.5740535259246826,0.5660257935523987,1.3461720943450928
22,6408975,5U0J,MdrDBcore01013,D634G,2.083,0.7196269631385803,0.5660257935523987,1.3461720943450928
22,6408975,6UMD,MdrDBcore01014,F472L,1.268,0.9754267334938049,0.5660257935523987,1.3461720943450928
22,6408975,6UMD,MdrDBcore01015,G243E,1.422,1.3488234281539917,0.5660257935523987,1.3461720943450928
22,6408975,4O7D,MdrDBcore01016,K346Q,-0.127,-0.04911898821592331,0.5660257935523987,1.3461720943450928
22,6408975,6UMD,MdrDBcore01017,L478R,1.294,0.9027849435806274,0.5660257935523987,1.3461720943450928
22,6408975,6UMD,MdrDBcore01018,N331S,0.49,0.6427123546600342,0.5660257935523987,1.3461720943450928
22,6408975,6UMD,MdrDBcore01019,R307L,0.897,0.9447289705276489,0.5660257935523987,1.3461720943450928
22,6408975,6UMD,MdrDBcore01020,V453I,1.509,0.757437527179718,0.5660257935523987,1.3461720943450928
22,6408975,5SD8,MdrDBcore01021,A125V,1.996,0.2351125329732895,0.5660257935523987,1.3461720943450928
22,6408975,5HT4,MdrDBcore01022,I176T,0.282,0.8917263746261597,0.5660257935523987,1.3461720943450928
22,6408975,5HT4,MdrDBcore01023,T57A,0.41,0.44610562920570374,0.5660257935523987,1.3461720943450928
22,6408975,5DC4,MdrDBcore01024,A156T,0.124,0.24124063551425934,0.5660257935523987,1.3461720943450928
22,6408975,5DC4,MdrDBcore01025,E216K,0.948,0.08153654634952545,0.5660257935523987,1.3461720943450928
22,6408975,2V7A,MdrDBcore01026,G340W,-0.028,0.1057162880897522,0.5660257935523987,1.3461720943450928
22,6408975,2V7A,MdrDBcore01027,H415Q,0.762,0.0907086580991745,0.5660257935523987,1.3461720943450928
22,6408975,4J9H,MdrDBcore01028,K106E,1.244,0.9044818878173828,0.5660257935523987,1.3461720943450928
22,6408975,6AMW,MdrDBcore01029,K7R,-0.044,0.23539678752422333,0.5660257935523987,1.3461720943450928
22,6408975,4JJB,MdrDBcore01030,N115S,0.944,-0.12295818328857422,0.5660257935523987,1.3461720943450928
22,6408975,6AMW,MdrDBcore01031,P131S,-0.881,-0.5148259401321411,0.5660257935523987,1.3461720943450928
22,6408975,2V7A,MdrDBcore01032,P460L,0.494,0.4369552731513977,0.5660257935523987,1.3461720943450928
22,6408975,6AMW,MdrDBcore01033,R13K,-0.459,-0.19376404583454132,0.5660257935523987,1.3461720943450928
22,6408975,5DC4,MdrDBcore01034,R153C,-0.602,0.078513503074646,0.5660257935523987,1.3461720943450928
22,6408975,5DC4,MdrDBcore01035,R185K,-0.121,-0.12108160555362701,0.5660257935523987,1.3461720943450928
22,6408975,2V7A,MdrDBcore01036,R351W,0.405,0.10112781822681427,0.5660257935523987,1.3461720943450928
22,6408975,7N9G,MdrDBcore01037,R502W,0.707,-0.16621199250221252,0.5660257935523987,1.3461720943450928
22,6408975,2V7A,MdrDBcore01038,T243I,0.101,0.10537838935852051,0.5660257935523987,1.3461720943450928
22,6408975,6XR6,MdrDBcore01039,V390I,-0.227,0.2396990805864334,0.5660257935523987,1.3461720943450928
22,6408975,2V7A,MdrDBcore01040,Y276C,-0.478,0.09142129123210907,0.5660257935523987,1.3461720943450928
22,6408975,1MOX,MdrDBcore01041,A289D,-0.356,-0.18325351178646088,0.5660257935523987,1.3461720943450928
22,6408975,1MOX,MdrDBcore01042,A289D,0.668,0.3508053719997406,0.5660257935523987,1.3461720943450928
22,6408975,7SZ0,MdrDBcore01043,A289V,0.598,-0.6526994705200195,0.5660257935523987,1.3461720943450928
22,6408975,1MOX,MdrDBcore01044,A289V,0.528,0.35156816244125366,0.5660257935523987,1.3461720943450928
22,6408975,1MOX,MdrDBcore01045,A289V,0.287,-0.1001775711774826,0.5660257935523987,1.3461720943450928
22,6408975,7SZ0,MdrDBcore01046,A289V,1.005,0.21790902316570282,0.5660257935523987,1.3461720943450928
22,6408975,1MOX,MdrDBcore01047,A289V,0.516,0.004001062363386154,0.5660257935523987,1.3461720943450928
22,6408975,5CAN,MdrDBcore01048,A702D,-1.549,-0.02802370861172676,0.5660257935523987,1.3461720943450928
22,6408975,5CAN,MdrDBcore01049,A702D,0.098,-0.4899132549762726,0.5660257935523987,1.3461720943450928
22,6408975,6D8E,MdrDBcore01050,A864V,-1.162,0.005676798522472382,0.5660257935523987,1.3461720943450928
22,6408975,6D8E,MdrDBcore01051,A864V,-1.228,-1.1928040981292725,0.5660257935523987,1.3461720943450928
22,6408975,6D8E,MdrDBcore01052,A864V,-1.186,-0.27481675148010254,0.5660257935523987,1.3461720943450928
22,6408975,6D8E,MdrDBcore01053,A864V,-0.945,0.7387791275978088,0.5660257935523987,1.3461720943450928
22,6408975,6D8E,MdrDBcore01054,A864V,-0.788,-0.37074872851371765,0.5660257935523987,1.3461720943450928
22,6408975,6D8E,MdrDBcore01055,A864V,-0.396,0.03620879724621773,0.5660257935523987,1.3461720943450928
22,6408975,6D8E,MdrDBcore01056,A864V,-1.02,-0.23351451754570007,0.5660257935523987,1.3461720943450928
22,6408975,6D8E,MdrDBcore01057,A864V,-1.432,-0.175541490316391,0.5660257935523987,1.3461720943450928
22,6408975,6D8E,MdrDBcore01058,A864V,-0.67,-0.26587462425231934,0.5660257935523987,1.3461720943450928
22,6408975,1MOX,MdrDBcore01059,C251Y,-0.693,0.18613825738430023,0.5660257935523987,1.3461720943450928
22,6408975,1MOX,MdrDBcore01060,C311F,2.202,0.32235419750213623,0.5660257935523987,1.3461720943450928
22,6408975,7SZ0,MdrDBcore01061,C523R,-0.599,0.16275687515735626,0.5660257935523987,1.3461720943450928
22,6408975,7SZ0,MdrDBcore01062,C523R,-0.637,0.3734630048274994,0.5660257935523987,1.3461720943450928
22,6408975,7SZ0,MdrDBcore01063,C523R,0.304,-0.24968208372592926,0.5660257935523987,1.3461720943450928
22,6408975,7SZ0,MdrDBcore01064,C523R,0.093,0.010225575417280197,0.5660257935523987,1.3461720943450928
22,6408975,7SZ0,MdrDBcore01065,C523R,-0.466,-0.5998809933662415,0.5660257935523987,1.3461720943450928
22,6408975,7SZ0,MdrDBcore01066,C523R,0.621,-0.04014157876372337,0.5660257935523987,1.3461720943450928
22,6408975,5CAN,MdrDBcore01067,E711K,-0.282,-0.42287465929985046,0.5660257935523987,1.3461720943450928
22,6408975,6TG1,MdrDBcore01068,E711K,0.102,-0.27518460154533386,0.5660257935523987,1.3461720943450928
22,6408975,5CAN,MdrDBcore01069,E711K,0.011,-0.30204376578330994,0.5660257935523987,1.3461720943450928
22,6408975,5CAN,MdrDBcore01070,E711K,0.301,0.25002866983413696,0.5660257935523987,1.3461720943450928
22,6408975,5CAN,MdrDBcore01071,E711K,1.056,-0.23555441200733185,0.5660257935523987,1.3461720943450928
22,6408975,5CAN,MdrDBcore01072,F961L,0.414,0.4316450357437134,0.5660257935523987,1.3461720943450928
22,6408975,5CAN,MdrDBcore01073,F961L,-0.23,-0.03238185495138168,0.5660257935523987,1.3461720943450928
22,6408975,5CAN,MdrDBcore01074,F961L,-0.145,-0.16842535138130188,0.5660257935523987,1.3461720943450928
22,6408975,2M0B,MdrDBcore01075,G659R,-0.828,-1.171436071395874,0.5660257935523987,1.3461720943450928
22,6408975,5CAN,MdrDBcore01076,G719S,-0.311,0.06097934767603874,0.5660257935523987,1.3461720943450928
22,6408975,6TG1,MdrDBcore01077,G719S,-2.08,0.2567490339279175,0.5660257935523987,1.3461720943450928
22,6408975,6D8E,MdrDBcore01078,G719S,-1.345,-0.6695639491081238,0.5660257935523987,1.3461720943450928
22,6408975,5CAN,MdrDBcore01079,G719S,-1.534,-0.5513443350791931,0.5660257935523987,1.3461720943450928
22,6408975,5CAN,MdrDBcore01080,G719S,-1.594,0.16993913054466248,0.5660257935523987,1.3461720943450928
22,6408975,5CAN,MdrDBcore01081,G719S,0.896,-0.10476456582546234,0.5660257935523987,1.3461720943450928
22,6408975,5CAN,MdrDBcore01082,G917R,-0.265,-0.3229365348815918,0.5660257935523987,1.3461720943450928
22,6408975,5CAN,MdrDBcore01083,G917R,0.04,0.029209207743406296,0.5660257935523987,1.3461720943450928
22,6408975,5CAN,MdrDBcore01084,G917R,-0.148,-0.023002546280622482,0.5660257935523987,1.3461720943450928
22,6408975,5CAN,MdrDBcore01085,G917R,-0.372,-0.013350887224078178,0.5660257935523987,1.3461720943450928
22,6408975,5CAN,MdrDBcore01086,H988P,-0.191,0.3795835077762604,0.5660257935523987,1.3461720943450928
22,6408975,2M0B,MdrDBcore01087,I646L,0.139,-0.19823358952999115,0.5660257935523987,1.3461720943450928
22,6408975,2M0B,MdrDBcore01088,I646L,0.342,0.77385014295578,0.5660257935523987,1.3461720943450928
22,6408975,5LV6,MdrDBcore01089,I646L,-0.278,0.2329920083284378,0.5660257935523987,1.3461720943450928
22,6408975,2M0B,MdrDBcore01090,I646L,0.656,0.459795743227005,0.5660257935523987,1.3461720943450928
22,6408975,2M0B,MdrDBcore01091,I646L,0.677,0.09825193881988525,0.5660257935523987,1.3461720943450928
22,6408975,7SZ0,MdrDBcore01092,K28N,-0.86,-0.2931792140007019,0.5660257935523987,1.3461720943450928
22,6408975,2N5S,MdrDBcore01093,L62R,0.651,-0.5498889088630676,0.5660257935523987,1.3461720943450928
22,6408975,2N5S,MdrDBcore01094,L62R,0.883,0.7012741565704346,0.5660257935523987,1.3461720943450928
22,6408975,2N5S,MdrDBcore01095,L62R,0.476,0.2194439023733139,0.5660257935523987,1.3461720943450928
22,6408975,2N5S,MdrDBcore01096,L62R,1.078,1.0321968793869019,0.5660257935523987,1.3461720943450928
22,6408975,2N5S,MdrDBcore01097,L62R,1.369,-0.4759719669818878,0.5660257935523987,1.3461720943450928
22,6408975,1MOX,MdrDBcore01098,L76P,-0.985,-0.08770319074392319,0.5660257935523987,1.3461720943450928
22,6408975,1MOX,MdrDBcore01099,L76P,-0.97,-0.12167574465274811,0.5660257935523987,1.3461720943450928
22,6408975,2M20,MdrDBcore01100,L76P,-0.064,0.4899771809577942,0.5660257935523987,1.3461720943450928
22,6408975,2M20,MdrDBcore01101,L76P,-0.699,-0.1052870899438858,0.5660257935523987,1.3461720943450928
22,6408975,1MOX,MdrDBcore01102,L76P,-0.228,0.1072305291891098,0.5660257935523987,1.3461720943450928
22,6408975,2M20,MdrDBcore01103,L76P,0.398,0.7668391466140747,0.5660257935523987,1.3461720943450928
22,6408975,1MOX,MdrDBcore01104,L76P,-1.343,0.10809019207954407,0.5660257935523987,1.3461720943450928
22,6408975,2M20,MdrDBcore01105,L76P,-1.839,0.5280720591545105,0.5660257935523987,1.3461720943450928
22,6408975,6D8E,MdrDBcore01106,L858R,-4.042,-0.32233336567878723,0.5660257935523987,1.3461720943450928
22,6408975,6D8E,MdrDBcore01107,L858R,-2.66,-0.009603995829820633,0.5660257935523987,1.3461720943450928
22,6408975,5CAN,MdrDBcore01108,L861Q,-0.896,-0.29418909549713135,0.5660257935523987,1.3461720943450928
22,6408975,5CAN,MdrDBcore01109,L861Q,-0.526,0.5823609828948975,0.5660257935523987,1.3461720943450928
22,6408975,5CAN,MdrDBcore01110,L861Q,-1.064,-0.17416022717952728,0.5660257935523987,1.3461720943450928
22,6408975,6D8E,MdrDBcore01111,L861Q,-0.736,0.03938605263829231,0.5660257935523987,1.3461720943450928
22,6408975,6D8E,MdrDBcore01112,L861Q,-0.619,-0.20386338233947754,0.5660257935523987,1.3461720943450928
22,6408975,5CAN,MdrDBcore01113,L883F,-0.382,-0.4290170967578888,0.5660257935523987,1.3461720943450928
22,6408975,5CAN,MdrDBcore01114,L883F,0.58,0.5398021340370178,0.5660257935523987,1.3461720943450928
22,6408975,5CAN,MdrDBcore01115,L883F,0.226,0.00861382856965065,0.5660257935523987,1.3461720943450928
22,6408975,5CAN,MdrDBcore01116,L883F,0.281,-0.025273248553276062,0.5660257935523987,1.3461720943450928
22,6408975,5CAN,MdrDBcore01117,L883F,0.945,-0.7908784747123718,0.5660257935523987,1.3461720943450928
22,6408975,3PFV,MdrDBcore01118,P1071L,0.324,0.6870034337043762,0.5660257935523987,1.3461720943450928
22,6408975,3PFV,MdrDBcore01119,P1071L,-0.931,-0.1705329269170761,0.5660257935523987,1.3461720943450928
22,6408975,3PFV,MdrDBcore01120,P1071L,-0.113,-0.3636268973350525,0.5660257935523987,1.3461720943450928
22,6408975,3PFV,MdrDBcore01121,P1071L,0.13,0.3248273730278015,0.5660257935523987,1.3461720943450928
22,6408975,3PFV,MdrDBcore01122,P1071L,-0.12,-0.13740447163581848,0.5660257935523987,1.3461720943450928
22,6408975,3PFV,MdrDBcore01123,P1071L,1.21,-0.18463517725467682,0.5660257935523987,1.3461720943450928
22,6408975,5CAN,MdrDBcore01124,P753S,-1.218,0.10177439451217651,0.5660257935523987,1.3461720943450928
22,6408975,5CAN,MdrDBcore01125,P753S,1.334,-0.3036085367202759,0.5660257935523987,1.3461720943450928
22,6408975,5CAN,MdrDBcore01126,Q701R,-0.279,0.03957847133278847,0.5660257935523987,1.3461720943450928
22,6408975,6TG1,MdrDBcore01127,Q701R,-0.382,-0.10508693754673004,0.5660257935523987,1.3461720943450928
22,6408975,5CAN,MdrDBcore01128,Q701R,0.29,0.21599705517292023,0.5660257935523987,1.3461720943450928
22,6408975,6D8E,MdrDBcore01129,Q701R,-0.347,0.0002789348363876343,0.5660257935523987,1.3461720943450928
22,6408975,5CAN,MdrDBcore01130,Q701R,0.084,0.4014626443386078,0.5660257935523987,1.3461720943450928
22,6408975,5CAN,MdrDBcore01131,Q701R,-0.522,-0.10441461205482483,0.5660257935523987,1.3461720943450928
22,6408975,1MOX,MdrDBcore01132,R165Q,0.288,0.35493355989456177,0.5660257935523987,1.3461720943450928
22,6408975,1MOX,MdrDBcore01133,R451C,-0.719,-0.08387565612792969,0.5660257935523987,1.3461720943450928
22,6408975,7SZ0,MdrDBcore01134,R451C,-1.196,-0.23911429941654205,0.5660257935523987,1.3461720943450928
22,6408975,1MOX,MdrDBcore01135,R451C,-0.817,-0.09757055342197418,0.5660257935523987,1.3461720943450928
22,6408975,1MOX,MdrDBcore01136,R451C,-0.695,0.5012106895446777,0.5660257935523987,1.3461720943450928
22,6408975,7SZ0,MdrDBcore01137,R451C,-1.115,-0.21251411736011505,0.5660257935523987,1.3461720943450928
22,6408975,1MOX,MdrDBcore01138,R451C,0.991,0.06970301270484924,0.5660257935523987,1.3461720943450928
22,6408975,2M0B,MdrDBcore01139,R675Q,0.202,0.03328188136219978,0.5660257935523987,1.3461720943450928
22,6408975,2M0B,MdrDBcore01140,R675Q,0.948,0.9537425637245178,0.5660257935523987,1.3461720943450928
22,6408975,2M0B,MdrDBcore01141,R675Q,0.704,-0.4913572371006012,0.5660257935523987,1.3461720943450928
22,6408975,2M0B,MdrDBcore01142,R675Q,1.255,0.4417535364627838,0.5660257935523987,1.3461720943450928
22,6408975,2M0B,MdrDBcore01143,R675Q,0.318,-0.07397764921188354,0.5660257935523987,1.3461720943450928
22,6408975,2M0B,MdrDBcore01144,R677C,-1.091,-0.06658963859081268,0.5660257935523987,1.3461720943450928
22,6408975,5CAN,MdrDBcore01145,R832C,-1.389,-0.4019101858139038,0.5660257935523987,1.3461720943450928
22,6408975,5CAN,MdrDBcore01146,R832C,-1.507,-0.1530076265335083,0.5660257935523987,1.3461720943450928
22,6408975,5CAN,MdrDBcore01147,R832C,-0.512,-0.3529368042945862,0.5660257935523987,1.3461720943450928
22,6408975,5CAN,MdrDBcore01148,S703F,-2.773,0.25714021921157837,0.5660257935523987,1.3461720943450928
22,6408975,5CAN,MdrDBcore01149,S768I,-2.066,-1.2008581161499023,0.5660257935523987,1.3461720943450928
22,6408975,6D8E,MdrDBcore01150,S768I,-1.336,-0.10430733859539032,0.5660257935523987,1.3461720943450928
22,6408975,5CAN,MdrDBcore01151,S768I,-1.442,-0.7618793249130249,0.5660257935523987,1.3461720943450928
22,6408975,5CAN,MdrDBcore01152,S768I,-2.007,0.19105707108974457,0.5660257935523987,1.3461720943450928
22,6408975,5CAN,MdrDBcore01153,S768I,-1.274,-0.2018977254629135,0.5660257935523987,1.3461720943450928
22,6408975,5CAN,MdrDBcore01154,S768I,-3.63,-0.2203073650598526,0.5660257935523987,1.3461720943450928
22,6408975,5CAN,MdrDBcore01155,S811F,0.566,-0.3145800828933716,0.5660257935523987,1.3461720943450928
22,6408975,5CAN,MdrDBcore01156,S811F,0.765,1.044697642326355,0.5660257935523987,1.3461720943450928
22,6408975,5CAN,MdrDBcore01157,S811F,0.132,-0.14743469655513763,0.5660257935523987,1.3461720943450928
22,6408975,5CAN,MdrDBcore01158,S811F,0.163,0.054016757756471634,0.5660257935523987,1.3461720943450928
22,6408975,5CAN,MdrDBcore01159,S811F,-0.607,-0.2225121259689331,0.5660257935523987,1.3461720943450928
22,6408975,6TG1,MdrDBcore01160,T751I,0.033,0.47784996032714844,0.5660257935523987,1.3461720943450928
22,6408975,5CAN,MdrDBcore01161,T751I,0.148,0.4827447533607483,0.5660257935523987,1.3461720943450928
22,6408975,5CAN,MdrDBcore01162,T751I,-0.088,0.22925011813640594,0.5660257935523987,1.3461720943450928
22,6408975,5CAN,MdrDBcore01163,T751I,-0.18,-0.45887383818626404,0.5660257935523987,1.3461720943450928
22,6408975,5CAN,MdrDBcore01164,T751I,-0.629,-0.1391531229019165,0.5660257935523987,1.3461720943450928
22,6408975,5CAN,MdrDBcore01165,V1011M,-2.524,-1.9007399082183838,0.5660257935523987,1.3461720943450928
22,6408975,5CAN,MdrDBcore01166,V1011M,-0.24,-0.25798434019088745,0.5660257935523987,1.3461720943450928
22,6408975,5CAN,MdrDBcore01167,V1011M,-0.267,-0.41766634583473206,0.5660257935523987,1.3461720943450928
22,6408975,5CAN,MdrDBcore01168,V1011M,-0.597,-0.4109278619289398,0.5660257935523987,1.3461720943450928
22,6408975,5CAN,MdrDBcore01169,V1011M,-1.178,0.07650119066238403,0.5660257935523987,1.3461720943450928
22,6408975,5CAN,MdrDBcore01170,V1011M,-1.794,-0.2425878643989563,0.5660257935523987,1.3461720943450928
22,6408975,1MOX,MdrDBcore01171,V292M,-0.108,-0.14774107933044434,0.5660257935523987,1.3461720943450928
22,6408975,7SZ0,MdrDBcore01172,V592F,-0.734,-0.2583499550819397,0.5660257935523987,1.3461720943450928
22,6408975,7SZ0,MdrDBcore01173,V592F,0.123,0.014241408556699753,0.5660257935523987,1.3461720943450928
22,6408975,7SZ0,MdrDBcore01174,V592F,1.952,0.6531855463981628,0.5660257935523987,1.3461720943450928
22,6408975,5CAN,MdrDBcore01175,V738D,-0.931,-0.29933711886405945,0.5660257935523987,1.3461720943450928
22,6408975,6D8E,MdrDBcore01176,V738D,-0.288,-0.16417564451694489,0.5660257935523987,1.3461720943450928
22,6408975,5CAN,MdrDBcore01177,V738D,-0.471,-0.17824289202690125,0.5660257935523987,1.3461720943450928
22,6408975,5CAN,MdrDBcore01178,V738D,-0.628,-0.4073672592639923,0.5660257935523987,1.3461720943450928
22,6408975,5CAN,MdrDBcore01179,V738D,-1.784,0.06830070912837982,0.5660257935523987,1.3461720943450928
22,6408975,5CAN,MdrDBcore01180,V904I,-0.686,-0.23254117369651794,0.5660257935523987,1.3461720943450928
22,6408975,5CAN,MdrDBcore01181,V904I,-0.631,-0.3747107684612274,0.5660257935523987,1.3461720943450928
22,6408975,5CAN,MdrDBcore01182,V904I,-0.007,0.6389862298965454,0.5660257935523987,1.3461720943450928
22,6408975,5CAN,MdrDBcore01183,V904I,-0.208,-0.147006556391716,0.5660257935523987,1.3461720943450928
22,6408975,5CAN,MdrDBcore01184,V904I,-0.86,-0.06224459409713745,0.5660257935523987,1.3461720943450928
22,6408975,5CAN,MdrDBcore01185,V904I,-0.362,-0.18058961629867554,0.5660257935523987,1.3461720943450928
22,6408975,5VQP,MdrDBcore01186,A221T,0.098,0.6063215732574463,0.5660257935523987,1.3461720943450928
22,6408975,6GFF,MdrDBcore01187,A221T,0.035,0.712689995765686,0.5660257935523987,1.3461720943450928
22,6408975,6GFF,MdrDBcore01188,E169A,0.4,0.37581121921539307,0.5660257935523987,1.3461720943450928
22,6408975,6GFF,MdrDBcore01189,F134L,1.061,0.5565537810325623,0.5660257935523987,1.3461720943450928
22,6408975,6GFF,MdrDBcore01190,F134L,-0.28,-0.20357243716716766,0.5660257935523987,1.3461720943450928
22,6408975,5FFO,MdrDBcore01191,I300V,0.168,0.07284210622310638,0.5660257935523987,1.3461720943450928
22,6408975,6GFF,MdrDBcore01192,R152Q,0.693,0.30780598521232605,0.5660257935523987,1.3461720943450928
22,6408975,6GFF,MdrDBcore01193,R152Q,1.291,1.2024881839752197,0.5660257935523987,1.3461720943450928
22,6408975,6GFF,MdrDBcore01194,R205L,1.168,0.9359123706817627,0.5660257935523987,1.3461720943450928
22,6408975,6GFF,MdrDBcore01195,R205L,0.137,0.4907481074333191,0.5660257935523987,1.3461720943450928
22,6408975,6GFF,MdrDBcore01196,S138L,0.563,0.7867283821105957,0.5660257935523987,1.3461720943450928
22,6408975,6GFF,MdrDBcore01197,S138L,1.717,0.07914365828037262,0.5660257935523987,1.3461720943450928
22,6408975,6GFF,MdrDBcore01198,S209R,0.408,0.20843540132045746,0.5660257935523987,1.3461720943450928
22,6408975,6GFF,MdrDBcore01199,S209R,-0.44,-0.24726572632789612,0.5660257935523987,1.3461720943450928
22,6408975,5VQP,MdrDBcore01200,T289A,0.353,0.809529185295105,0.5660257935523987,1.3461720943450928
22,6408975,4KV5,MdrDBcore01201,V20M,1.636,0.6020012497901917,0.5660257935523987,1.3461720943450928
22,6408975,4KV5,MdrDBcore01202,Y103H,0.514,0.7198188304901123,0.5660257935523987,1.3461720943450928
22,6408975,6GFF,MdrDBcore01203,Y103H,-0.297,-0.4854719638824463,0.5660257935523987,1.3461720943450928
22,6408975,5TM1,MdrDBcore01204,D321N,0.066,0.21645665168762207,0.5660257935523987,1.3461720943450928
22,6408975,5TM1,MdrDBcore01205,D321N,0.304,0.13061045110225677,0.5660257935523987,1.3461720943450928
22,6408975,5TM1,MdrDBcore01206,D426G,-0.151,0.12584446370601654,0.5660257935523987,1.3461720943450928
22,6408975,5TM1,MdrDBcore01207,D426G,-0.021,0.13865317404270172,0.5660257935523987,1.3461720943450928
22,6408975,4AA6,MdrDBcore01208,E247K,-0.19,0.4724201560020447,0.5660257935523987,1.3461720943450928
22,6408975,4AA6,MdrDBcore01209,E247K,-0.393,0.5013917088508606,0.5660257935523987,1.3461720943450928
22,6408975,2LLQ,MdrDBcore01210,I298V,-0.293,-0.11094386875629425,0.5660257935523987,1.3461720943450928
22,6408975,2LLQ,MdrDBcore01211,I298V,-0.247,0.8754651546478271,0.5660257935523987,1.3461720943450928
22,6408975,5U2B,MdrDBcore01212,K299N,-0.096,0.16850687563419342,0.5660257935523987,1.3461720943450928
22,6408975,2LLQ,MdrDBcore01213,K299R,-0.316,0.22221533954143524,0.5660257935523987,1.3461720943450928
22,6408975,2LLQ,MdrDBcore01214,K299R,1.023,0.9790307879447937,0.5660257935523987,1.3461720943450928
22,6408975,2LLQ,MdrDBcore01215,M297I,0.335,0.6018378138542175,0.5660257935523987,1.3461720943450928
22,6408975,4AA6,MdrDBcore01216,R241L,0.711,-0.07638171315193176,0.5660257935523987,1.3461720943450928
22,6408975,4AA6,MdrDBcore01217,R241L,-0.261,0.41830939054489136,0.5660257935523987,1.3461720943450928
22,6408975,5TM1,MdrDBcore01218,R548C,-0.441,-0.47840380668640137,0.5660257935523987,1.3461720943450928
22,6408975,5TM1,MdrDBcore01219,R548C,-0.471,0.07180830836296082,0.5660257935523987,1.3461720943450928
22,6408975,4AA6,MdrDBcore01220,T182A,-0.213,-0.04649125412106514,0.5660257935523987,1.3461720943450928
22,6408975,4AA6,MdrDBcore01221,T182A,0.145,0.7583978176116943,0.5660257935523987,1.3461720943450928
22,6408975,5TM1,MdrDBcore01222,V392I,-0.334,-0.20440806448459625,0.5660257935523987,1.3461720943450928
22,6408975,5TM1,MdrDBcore01223,V392I,0.002,0.13216924667358398,0.5660257935523987,1.3461720943450928
22,6408975,5MY6,MdrDBcore01224,A386T,1.101,0.939098596572876,0.5660257935523987,1.3461720943450928
22,6408975,7MN8,MdrDBcore01225,A586G,0.23,-0.03867797553539276,0.5660257935523987,1.3461720943450928
22,6408975,6LBX,MdrDBcore01226,A586G,1.097,0.14452198147773743,0.5660257935523987,1.3461720943450928
22,6408975,3PP0,MdrDBcore01227,A830V,-0.34,0.45846685767173767,0.5660257935523987,1.3461720943450928
22,6408975,3PP0,MdrDBcore01228,A830V,1.275,0.3908284306526184,0.5660257935523987,1.3461720943450928
22,6408975,2L4K,MdrDBcore01229,D1144H,1.33,0.894637405872345,0.5660257935523987,1.3461720943450928
22,6408975,6LBX,MdrDBcore01230,D592E,1.293,0.17154832184314728,0.5660257935523987,1.3461720943450928
22,6408975,3PP0,MdrDBcore01231,E744K,0.58,0.46269336342811584,0.5660257935523987,1.3461720943450928
22,6408975,3PP0,MdrDBcore01232,E744K,1.703,0.4203912019729614,0.5660257935523987,1.3461720943450928
22,6408975,3PP0,MdrDBcore01233,E930D,0.498,0.44021663069725037,0.5660257935523987,1.3461720943450928
22,6408975,3PP0,MdrDBcore01234,E930D,1.074,0.3528033196926117,0.5660257935523987,1.3461720943450928
22,6408975,3PP0,MdrDBcore01235,E936K,1.208,0.5298773646354675,0.5660257935523987,1.3461720943450928
22,6408975,7MN8,MdrDBcore01236,G518V,-0.611,-0.07396586239337921,0.5660257935523987,1.3461720943450928
22,6408975,5MY6,MdrDBcore01237,G518V,1.487,0.855813205242157,0.5660257935523987,1.3461720943450928
22,6408975,3PP0,MdrDBcore01238,G776V,1.218,0.4815046191215515,0.5660257935523987,1.3461720943450928
22,6408975,6LBX,MdrDBcore01239,K591M,1.313,0.09159491956233978,0.5660257935523987,1.3461720943450928
22,6408975,3PP0,MdrDBcore01240,L720P,-0.74,0.399696409702301,0.5660257935523987,1.3461720943450928
22,6408975,3PP0,MdrDBcore01241,L720P,1.177,0.550780713558197,0.5660257935523987,1.3461720943450928
22,6408975,3PP0,MdrDBcore01242,L755S,-1.223,0.4484667181968689,0.5660257935523987,1.3461720943450928
22,6408975,3PP0,MdrDBcore01243,L755S,1.397,0.43126535415649414,0.5660257935523987,1.3461720943450928
22,6408975,3PP0,MdrDBcore01244,L796P,1.379,0.3685986399650574,0.5660257935523987,1.3461720943450928
22,6408975,5MY6,MdrDBcore01245,N319Y,1.35,0.8421026468276978,0.5660257935523987,1.3461720943450928
22,6408975,7MN8,MdrDBcore01246,P230L,-0.368,0.4746828079223633,0.5660257935523987,1.3461720943450928
22,6408975,5MY6,MdrDBcore01247,P230L,1.468,0.7652087807655334,0.5660257935523987,1.3461720943450928
22,6408975,5MY6,MdrDBcore01248,Q178H,1.641,0.8222101926803589,0.5660257935523987,1.3461720943450928
22,6408975,5MY6,MdrDBcore01249,R143Q,1.476,1.1054567098617554,0.5660257935523987,1.3461720943450928
22,6408975,7MN8,MdrDBcore01250,R226H,-0.251,-0.2543744444847107,0.5660257935523987,1.3461720943450928
22,6408975,5MY6,MdrDBcore01251,R226H,1.003,0.7293263673782349,0.5660257935523987,1.3461720943450928
22,6408975,5MY6,MdrDBcore01252,R432W,1.52,0.5973008871078491,0.5660257935523987,1.3461720943450928
22,6408975,5MY6,MdrDBcore01253,R499Q,1.643,0.5872607231140137,0.5660257935523987,1.3461720943450928
22,6408975,3PP0,MdrDBcore01254,R816H,1.616,0.39135321974754333,0.5660257935523987,1.3461720943450928
22,6408975,3PP0,MdrDBcore01255,R896H,0.026,0.2782898545265198,0.5660257935523987,1.3461720943450928
22,6408975,3PP0,MdrDBcore01256,S1007A,-0.226,0.3248807191848755,0.5660257935523987,1.3461720943450928
22,6408975,5MY6,MdrDBcore01257,S310F,1.353,0.9258876442909241,0.5660257935523987,1.3461720943450928
22,6408975,6J71,MdrDBcore01258,S335C,1.298,0.6296717524528503,0.5660257935523987,1.3461720943450928
22,6408975,1MFG,MdrDBcore01259,V1253M,1.209,1.2115224599838257,0.5660257935523987,1.3461720943450928
22,6408975,7MN8,MdrDBcore01260,V541M,0.426,-0.2034633904695511,0.5660257935523987,1.3461720943450928
22,6408975,6LBX,MdrDBcore01261,V541M,1.961,0.43053895235061646,0.5660257935523987,1.3461720943450928
22,6408975,3PP0,MdrDBcore01262,V842I,1.0,0.5622243881225586,0.5660257935523987,1.3461720943450928
22,6408975,5MY6,MdrDBcore01263,W452C,-0.482,0.7613519430160522,0.5660257935523987,1.3461720943450928
22,6408975,5MY6,MdrDBcore01264,W452S,1.615,0.929682731628418,0.5660257935523987,1.3461720943450928
22,6408975,2IFG,MdrDBcore01265,A107V,-0.588,-0.2630598843097687,0.5660257935523987,1.3461720943450928
22,6408975,2IFG,MdrDBcore01266,A65S,-0.973,-1.075824499130249,0.5660257935523987,1.3461720943450928
22,6408975,5KMO,MdrDBcore01267,D738N,-1.024,0.17730823159217834,0.5660257935523987,1.3461720943450928
22,6408975,6D20,MdrDBcore01268,E492K,-0.45,0.41180965304374695,0.5660257935523987,1.3461720943450928
22,6408975,6PMB,MdrDBcore01269,E518D,-0.575,0.46737685799598694,0.5660257935523987,1.3461720943450928
22,6408975,5KMO,MdrDBcore01270,E581K,0.113,0.2656322717666626,0.5660257935523987,1.3461720943450928
22,6408975,2IFG,MdrDBcore01271,G166R,-0.339,0.45973819494247437,0.5660257935523987,1.3461720943450928
22,6408975,6PL3,MdrDBcore01272,G595E,-0.352,0.12627379596233368,0.5660257935523987,1.3461720943450928
22,6408975,2IFG,MdrDBcore01273,G64D,-1.392,0.32498058676719666,0.5660257935523987,1.3461720943450928
22,6408975,6PL3,MdrDBcore01274,K665N,0.854,0.3763508200645447,0.5660257935523987,1.3461720943450928
22,6408975,6PMB,MdrDBcore01275,K665N,0.751,0.4745550751686096,0.5660257935523987,1.3461720943450928
22,6408975,2IFG,MdrDBcore01276,L62P,-0.478,0.06007379665970802,0.5660257935523987,1.3461720943450928
22,6408975,6PL3,MdrDBcore01277,M671T,0.505,0.2408611923456192,0.5660257935523987,1.3461720943450928
22,6408975,2IFG,MdrDBcore01278,P149L,0.666,0.6885175704956055,0.5660257935523987,1.3461720943450928
22,6408975,1WWW,MdrDBcore01279,P309L,0.354,0.16097578406333923,0.5660257935523987,1.3461720943450928
22,6408975,1HE7,MdrDBcore01280,P387L,-0.124,-0.3289158046245575,0.5660257935523987,1.3461720943450928
22,6408975,2IFG,MdrDBcore01281,R104S,-0.426,-0.3049944341182709,0.5660257935523987,1.3461720943450928
22,6408975,2IFG,MdrDBcore01282,R161H,0.709,0.43579769134521484,0.5660257935523987,1.3461720943450928
22,6408975,1WWW,MdrDBcore01283,R314C,0.363,0.1454719752073288,0.5660257935523987,1.3461720943450928
22,6408975,1WWW,MdrDBcore01284,R314H,-0.637,0.14593826234340668,0.5660257935523987,1.3461720943450928
22,6408975,6PL3,MdrDBcore01285,R574C,0.34,-0.004536028951406479,0.5660257935523987,1.3461720943450928
22,6408975,6PL3,MdrDBcore01286,R692H,0.208,0.3293381631374359,0.5660257935523987,1.3461720943450928
22,6408975,4AOJ,MdrDBcore01287,R692H,0.217,0.6953306198120117,0.5660257935523987,1.3461720943450928
22,6408975,6PL3,MdrDBcore01288,R748W,0.476,0.15935508906841278,0.5660257935523987,1.3461720943450928
22,6408975,2IFG,MdrDBcore01289,S277F,1.134,0.24411748349666595,0.5660257935523987,1.3461720943450928
22,6408975,5KML,MdrDBcore01290,S475C,-0.238,0.2656274437904358,0.5660257935523987,1.3461720943450928
22,6408975,4PMM,MdrDBcore01291,T678I,0.181,0.5454832911491394,0.5660257935523987,1.3461720943450928
22,6408975,2IFG,MdrDBcore01292,V135L,0.269,-1.2271881103515625,0.5660257935523987,1.3461720943450928
22,6408975,2IFG,MdrDBcore01293,V170A,0.152,0.36231744289398193,0.5660257935523987,1.3461720943450928
22,6408975,1WWW,MdrDBcore01294,V282I,-1.069,0.17024357616901398,0.5660257935523987,1.3461720943450928
22,6408975,6PL3,MdrDBcore01295,W514A,0.067,0.026344653218984604,0.5660257935523987,1.3461720943450928
22,6408975,4IBT,MdrDBcore01296,A159D,0.658,0.07486112415790558,0.5660257935523987,1.3461720943450928
22,6408975,6XRE,MdrDBcore01297,A307V,-0.319,0.2095988541841507,0.5660257935523987,1.3461720943450928
22,6408975,4IBT,MdrDBcore01298,C124R,1.26,0.05959593877196312,0.5660257935523987,1.3461720943450928
22,6408975,4IBT,MdrDBcore01299,C141W,-0.244,-0.011523965746164322,0.5660257935523987,1.3461720943450928
22,6408975,3D07,MdrDBcore01300,C176S,0.854,0.3343847692012787,0.5660257935523987,1.3461720943450928
22,6408975,4IBT,MdrDBcore01301,C176Y,-0.087,0.0925094485282898,0.5660257935523987,1.3461720943450928
22,6408975,4IBT,MdrDBcore01302,C238F,-1.165,-0.046780504286289215,0.5660257935523987,1.3461720943450928
22,6408975,4IBT,MdrDBcore01303,C242R,0.573,0.12364962697029114,0.5660257935523987,1.3461720943450928
22,6408975,3D07,MdrDBcore01304,C242S,-0.088,0.5656440258026123,0.5660257935523987,1.3461720943450928
22,6408975,2J20,MdrDBcore01305,C242W,0.138,0.5015644431114197,0.5660257935523987,1.3461720943450928
22,6408975,4IBT,MdrDBcore01306,C275G,-0.216,0.04929239675402641,0.5660257935523987,1.3461720943450928
22,6408975,4IBT,MdrDBcore01307,C275Y,-0.281,0.1084553450345993,0.5660257935523987,1.3461720943450928
22,6408975,4IBT,MdrDBcore01308,D259V,0.409,0.1276157796382904,0.5660257935523987,1.3461720943450928
22,6408975,4IBT,MdrDBcore01309,D259Y,0.416,0.08741496503353119,0.5660257935523987,1.3461720943450928
22,6408975,4IBT,MdrDBcore01310,D281G,-1.902,0.13073500990867615,0.5660257935523987,1.3461720943450928
22,6408975,4IBT,MdrDBcore01311,D281Y,0.916,-0.10344439744949341,0.5660257935523987,1.3461720943450928
22,6408975,2K8F,MdrDBcore01312,E11Q,0.01,0.3021354377269745,0.5660257935523987,1.3461720943450928
22,6408975,4IBT,MdrDBcore01313,E180A,-0.469,0.09936648607254028,0.5660257935523987,1.3461720943450928
22,6408975,4IBT,MdrDBcore01314,E204A,0.566,0.10280287265777588,0.5660257935523987,1.3461720943450928
22,6408975,4IBT,MdrDBcore01315,E224K,-0.737,0.01879153773188591,0.5660257935523987,1.3461720943450928
22,6408975,4IBT,MdrDBcore01316,E285V,0.085,-0.07721589505672455,0.5660257935523987,1.3461720943450928
22,6408975,4IBT,MdrDBcore01317,E286K,-0.38,-0.023860672488808632,0.5660257935523987,1.3461720943450928
22,6408975,6XRE,MdrDBcore01318,E298A,0.302,0.7634503841400146,0.5660257935523987,1.3461720943450928
22,6408975,1SAE,MdrDBcore01319,E349A,0.609,0.5790792107582092,0.5660257935523987,1.3461720943450928
22,6408975,2RUK,MdrDBcore01320,E56A,-0.101,0.5453198552131653,0.5660257935523987,1.3461720943450928
22,6408975,4IBT,MdrDBcore01321,F113L,-1.546,-0.009235337376594543,0.5660257935523987,1.3461720943450928
22,6408975,3D07,MdrDBcore01322,F113V,-0.114,0.42114347219467163,0.5660257935523987,1.3461720943450928
22,6408975,4IBT,MdrDBcore01323,G154V,-0.054,0.09638850390911102,0.5660257935523987,1.3461720943450928
22,6408975,4IBT,MdrDBcore01324,G187R,1.545,0.09841261804103851,0.5660257935523987,1.3461720943450928
22,6408975,4IBT,MdrDBcore01325,G244A,-0.295,0.09933936595916748,0.5660257935523987,1.3461720943450928
22,6408975,4IBT,MdrDBcore01326,G244C,-0.968,-0.056459300220012665,0.5660257935523987,1.3461720943450928
22,6408975,4IBT,MdrDBcore01327,G245D,-0.079,0.06739714741706848,0.5660257935523987,1.3461720943450928
22,6408975,4IBT,MdrDBcore01328,G245V,-1.372,0.12534844875335693,0.5660257935523987,1.3461720943450928
22,6408975,4IBT,MdrDBcore01329,G262V,0.86,0.09291587769985199,0.5660257935523987,1.3461720943450928
22,6408975,4IBT,MdrDBcore01330,G266R,-0.292,0.11585287749767303,0.5660257935523987,1.3461720943450928
22,6408975,4IBT,MdrDBcore01331,G266V,0.404,-0.01339331828057766,0.5660257935523987,1.3461720943450928
22,6408975,4IBT,MdrDBcore01332,H179D,0.241,0.08490268886089325,0.5660257935523987,1.3461720943450928
22,6408975,4IBT,MdrDBcore01333,H179Q,-1.041,-0.015200819820165634,0.5660257935523987,1.3461720943450928
22,6408975,4IBT,MdrDBcore01334,H193L,0.008,0.16993685066699982,0.5660257935523987,1.3461720943450928
22,6408975,4IBT,MdrDBcore01335,H193Y,-0.446,6.108358502388e-05,0.5660257935523987,1.3461720943450928
22,6408975,4IBT,MdrDBcore01336,I195T,-0.053,0.27740907669067383,0.5660257935523987,1.3461720943450928
22,6408975,4IBT,MdrDBcore01337,I232S,-0.179,0.08375884592533112,0.5660257935523987,1.3461720943450928
22,6408975,4IBT,MdrDBcore01338,I251L,0.404,0.08965520560741425,0.5660257935523987,1.3461720943450928
22,6408975,4IBT,MdrDBcore01339,I251N,0.376,0.13564659655094147,0.5660257935523987,1.3461720943450928
22,6408975,4IBT,MdrDBcore01340,I251T,-0.037,0.12713931500911713,0.5660257935523987,1.3461720943450928
22,6408975,4IBT,MdrDBcore01341,I254N,-1.024,-0.9215522408485413,0.5660257935523987,1.3461720943450928
22,6408975,4IBT,MdrDBcore01342,I255N,0.762,0.067701056599617,0.5660257935523987,1.3461720943450928
22,6408975,4IBT,MdrDBcore01343,I255S,-0.381,-0.04873999208211899,0.5660257935523987,1.3461720943450928
22,6408975,4IBT,MdrDBcore01344,I255T,0.232,0.1153034120798111,0.5660257935523987,1.3461720943450928
22,6408975,4IBT,MdrDBcore01345,K101A,0.039,-0.002560017630457878,0.5660257935523987,1.3461720943450928
22,6408975,4IBT,MdrDBcore01346,K120N,0.75,0.09224238991737366,0.5660257935523987,1.3461720943450928
22,6408975,4IBT,MdrDBcore01347,K132E,-0.108,-0.07306414842605591,0.5660257935523987,1.3461720943450928
22,6408975,4IBT,MdrDBcore01348,K164A,0.358,0.04240119084715843,0.5660257935523987,1.3461720943450928
22,6408975,4IBT,MdrDBcore01349,K164E,-0.948,-0.15781168639659882,0.5660257935523987,1.3461720943450928
22,6408975,4IBT,MdrDBcore01350,K164N,0.1,0.09194605052471161,0.5660257935523987,1.3461720943450928
22,6408975,3D07,MdrDBcore01351,K291A,0.558,0.4407302737236023,0.5660257935523987,1.3461720943450928
22,6408975,4IBT,MdrDBcore01352,L130V,0.525,-0.08606331795454025,0.5660257935523987,1.3461720943450928
22,6408975,4IBT,MdrDBcore01353,L145R,-1.048,0.09703086316585541,0.5660257935523987,1.3461720943450928
22,6408975,4IBT,MdrDBcore01354,L194F,0.322,0.14686331152915955,0.5660257935523987,1.3461720943450928
22,6408975,4IBT,MdrDBcore01355,L264R,0.757,0.13767783343791962,0.5660257935523987,1.3461720943450928
22,6408975,4IBT,MdrDBcore01356,L265P,-0.213,0.0296400785446167,0.5660257935523987,1.3461720943450928
22,6408975,4IBT,MdrDBcore01357,M246R,-0.158,0.09910087287425995,0.5660257935523987,1.3461720943450928
22,6408975,4IBT,MdrDBcore01358,M246T,-0.159,-0.07186029851436615,0.5660257935523987,1.3461720943450928
22,6408975,4IBT,MdrDBcore01359,N268I,0.208,0.13097603619098663,0.5660257935523987,1.3461720943450928
22,6408975,4IBT,MdrDBcore01360,P151H,-0.277,0.09428471326828003,0.5660257935523987,1.3461720943450928
22,6408975,4IBT,MdrDBcore01361,P177T,-0.539,0.16562366485595703,0.5660257935523987,1.3461720943450928
22,6408975,4IBT,MdrDBcore01362,P223L,1.505,0.13556751608848572,0.5660257935523987,1.3461720943450928
22,6408975,4IBT,MdrDBcore01363,P250L,0.598,0.2743925452232361,0.5660257935523987,1.3461720943450928
22,6408975,4IBT,MdrDBcore01364,P278A,-0.149,-0.007634533569216728,0.5660257935523987,1.3461720943450928
22,6408975,4IBT,MdrDBcore01365,P278H,-0.406,0.08375169336795807,0.5660257935523987,1.3461720943450928
22,6408975,4IBT,MdrDBcore01366,P278S,0.716,0.21345973014831543,0.5660257935523987,1.3461720943450928
22,6408975,4IBT,MdrDBcore01367,P98L,0.522,0.0844157338142395,0.5660257935523987,1.3461720943450928
22,6408975,4IBT,MdrDBcore01368,Q100A,1.104,0.15535053610801697,0.5660257935523987,1.3461720943450928
22,6408975,4IBT,MdrDBcore01369,Q144A,-0.373,-0.06101168692111969,0.5660257935523987,1.3461720943450928
22,6408975,4IBT,MdrDBcore01370,Q167A,0.595,-0.027790555730462074,0.5660257935523987,1.3461720943450928
22,6408975,3Q01,MdrDBcore01371,Q331A,0.8,0.5562629103660583,0.5660257935523987,1.3461720943450928
22,6408975,4IBT,MdrDBcore01372,R110C,0.246,0.2728382349014282,0.5660257935523987,1.3461720943450928
22,6408975,4IBT,MdrDBcore01373,R110P,-0.287,0.20987476408481598,0.5660257935523987,1.3461720943450928
22,6408975,4IBT,MdrDBcore01374,R156P,-0.394,0.03140207752585411,0.5660257935523987,1.3461720943450928
22,6408975,4IBT,MdrDBcore01375,R158G,0.091,0.04932314530014992,0.5660257935523987,1.3461720943450928
22,6408975,4IBT,MdrDBcore01376,R175L,0.612,0.015459336340427399,0.5660257935523987,1.3461720943450928
22,6408975,4IBT,MdrDBcore01377,R181C,-0.885,0.11674879491329193,0.5660257935523987,1.3461720943450928
22,6408975,4IBT,MdrDBcore01378,R181H,0.247,-0.06799967586994171,0.5660257935523987,1.3461720943450928
22,6408975,4IBT,MdrDBcore01379,R209A,0.323,0.13536794483661652,0.5660257935523987,1.3461720943450928
22,6408975,4IBT,MdrDBcore01380,R213L,0.252,0.09795324504375458,0.5660257935523987,1.3461720943450928
22,6408975,4IBT,MdrDBcore01381,R248G,0.559,0.16582292318344116,0.5660257935523987,1.3461720943450928
22,6408975,4IBT,MdrDBcore01382,R249G,-0.636,0.10522691905498505,0.5660257935523987,1.3461720943450928
22,6408975,4IBT,MdrDBcore01383,R267P,0.442,0.20745669305324554,0.5660257935523987,1.3461720943450928
22,6408975,4IBT,MdrDBcore01384,R280G,-1.191,-0.05664878338575363,0.5660257935523987,1.3461720943450928
22,6408975,4IBT,MdrDBcore01385,R280K,-0.372,0.10007061064243317,0.5660257935523987,1.3461720943450928
22,6408975,4IBT,MdrDBcore01386,R282Q,0.034,-0.06826868653297424,0.5660257935523987,1.3461720943450928
22,6408975,4IBT,MdrDBcore01387,R283P,-0.816,0.06347456574440002,0.5660257935523987,1.3461720943450928
22,6408975,1SAE,MdrDBcore01388,R337C,0.867,1.497702717781067,0.5660257935523987,1.3461720943450928
22,6408975,1SAE,MdrDBcore01389,R337L,-1.266,0.5692572593688965,0.5660257935523987,1.3461720943450928
22,6408975,1SAE,MdrDBcore01390,R342A,-0.389,0.4316270053386688,0.5660257935523987,1.3461720943450928
22,6408975,4IBT,MdrDBcore01391,S215C,-2.605,0.08589720726013184,0.5660257935523987,1.3461720943450928
22,6408975,4IBT,MdrDBcore01392,S215I,0.645,-0.027792030945420265,0.5660257935523987,1.3461720943450928
22,6408975,4IBT,MdrDBcore01393,S215N,1.106,0.2783815860748291,0.5660257935523987,1.3461720943450928
22,6408975,4IBT,MdrDBcore01394,S215R,0.498,0.12886399030685425,0.5660257935523987,1.3461720943450928
22,6408975,4IBT,MdrDBcore01395,S240R,-0.058,0.12536509335041046,0.5660257935523987,1.3461720943450928
22,6408975,4IBT,MdrDBcore01396,S241C,-0.483,0.06987020373344421,0.5660257935523987,1.3461720943450928
22,6408975,4IBT,MdrDBcore01397,S241Y,-0.136,0.07306914031505585,0.5660257935523987,1.3461720943450928
22,6408975,4IBT,MdrDBcore01398,S261T,-0.526,0.1413707137107849,0.5660257935523987,1.3461720943450928
22,6408975,6SL6,MdrDBcore01399,S90F,0.219,0.3607860207557678,0.5660257935523987,1.3461720943450928
22,6408975,4IBT,MdrDBcore01400,T155N,-0.634,0.10756969451904297,0.5660257935523987,1.3461720943450928
22,6408975,4IBT,MdrDBcore01401,V143M,0.535,0.13264164328575134,0.5660257935523987,1.3461720943450928
22,6408975,4IBT,MdrDBcore01402,V147D,0.505,0.10687801241874695,0.5660257935523987,1.3461720943450928
22,6408975,4IBT,MdrDBcore01403,V173M,-0.756,0.10306684672832489,0.5660257935523987,1.3461720943450928
22,6408975,4IBT,MdrDBcore01404,V216L,0.092,0.12031765282154083,0.5660257935523987,1.3461720943450928
22,6408975,4IBT,MdrDBcore01405,V218L,0.984,0.13287018239498138,0.5660257935523987,1.3461720943450928
22,6408975,4IBT,MdrDBcore01406,V274F,-0.47,0.02146666869521141,0.5660257935523987,1.3461720943450928
22,6408975,4IBT,MdrDBcore01407,W146A,0.336,0.0839356780052185,0.5660257935523987,1.3461720943450928
22,6408975,4IBT,MdrDBcore01408,Y107A,0.163,0.09963645040988922,0.5660257935523987,1.3461720943450928
22,6408975,4IBT,MdrDBcore01409,Y126A,0.195,0.08424203097820282,0.5660257935523987,1.3461720943450928
22,6408975,3D07,MdrDBcore01410,Y126C,0.065,0.40982529520988464,0.5660257935523987,1.3461720943450928
22,6408975,4IBT,MdrDBcore01411,Y205F,-0.692,0.07826793193817139,0.5660257935523987,1.3461720943450928
22,6408975,4IBT,MdrDBcore01412,Y220D,-0.218,0.14589285850524902,0.5660257935523987,1.3461720943450928
22,6408975,4IBT,MdrDBcore01413,Y234C,-1.211,0.005747176706790924,0.5660257935523987,1.3461720943450928
22,6408975,4IBT,MdrDBcore01414,Y236C,-0.702,0.14733101427555084,0.5660257935523987,1.3461720943450928
22,6408975,4H1I,MdrDBcore01415,F142C,-1.844,-0.5812421441078186,0.5660257935523987,1.3461720943450928
22,6408975,4H1I,MdrDBcore01416,F91V,0.311,0.16211096942424774,0.5660257935523987,1.3461720943450928
22,6408975,4H1I,MdrDBcore01417,K93N,-0.864,0.3971438407897949,0.5660257935523987,1.3461720943450928
22,6408975,4H1I,MdrDBcore01418,P27S,1.115,-0.8419691920280457,0.5660257935523987,1.3461720943450928
22,6408975,4H1I,MdrDBcore01419,R115A,-0.787,-0.6023757457733154,0.5660257935523987,1.3461720943450928
22,6408975,4H1I,MdrDBcore01420,Y33H,-2.721,-0.234085813164711,0.5660257935523987,1.3461720943450928
22,6408975,2I0E,MdrDBcore01421,A451V,-1.057,0.3714490532875061,0.5660257935523987,1.3461720943450928
22,6408975,2I0E,MdrDBcore01422,A509T,0.084,0.3927007019519806,0.5660257935523987,1.3461720943450928
22,6408975,2I0E,MdrDBcore01423,A570T,-0.868,0.39118051528930664,0.5660257935523987,1.3461720943450928
22,6408975,2I0E,MdrDBcore01424,A621T,0.105,0.33911553025245667,0.5660257935523987,1.3461720943450928
22,6408975,2I0E,MdrDBcore01425,D475Y,0.998,0.32449907064437866,0.5660257935523987,1.3461720943450928
22,6408975,2I0E,MdrDBcore01426,E385D,0.183,0.386282354593277,0.5660257935523987,1.3461720943450928
22,6408975,2I0E,MdrDBcore01427,E657K,0.732,0.3691836893558502,0.5660257935523987,1.3461720943450928
22,6408975,2I0E,MdrDBcore01428,G436D,1.299,0.37180832028388977,0.5660257935523987,1.3461720943450928
22,6408975,2I0E,MdrDBcore01429,G543V,0.868,0.3727368712425232,0.5660257935523987,1.3461720943450928
22,6408975,2I0E,MdrDBcore01430,K489N,-1.153,0.3596116602420807,0.5660257935523987,1.3461720943450928
22,6408975,2I0E,MdrDBcore01431,L469P,-0.426,0.3952856659889221,0.5660257935523987,1.3461720943450928
22,6408975,2I0E,MdrDBcore01432,M357I,0.278,0.36774271726608276,0.5660257935523987,1.3461720943450928
22,6408975,2I0E,MdrDBcore01433,P588H,-0.197,0.37143436074256897,0.5660257935523987,1.3461720943450928
22,6408975,2I0E,MdrDBcore01434,P616T,0.902,0.369931161403656,0.5660257935523987,1.3461720943450928
22,6408975,2I0E,MdrDBcore01435,P669R,0.154,0.3789815306663513,0.5660257935523987,1.3461720943450928
22,6408975,2I0E,MdrDBcore01436,Q433H,0.915,0.3703749477863312,0.5660257935523987,1.3461720943450928
22,6408975,2I0E,MdrDBcore01437,R465H,0.048,0.37673652172088623,0.5660257935523987,1.3461720943450928
22,6408975,2I0E,MdrDBcore01438,R610H,0.7,0.3373757302761078,0.5660257935523987,1.3461720943450928
22,6408975,2I0E,MdrDBcore01439,S664F,-0.12,0.41421622037887573,0.5660257935523987,1.3461720943450928
22,6408975,1LKL,MdrDBcore01440,A143S,0.436,-0.4573071599006653,0.5660257935523987,1.3461720943450928
22,6408975,1LKL,MdrDBcore01441,A143S,-0.266,-0.24307481944561005,0.5660257935523987,1.3461720943450928
22,6408975,1LKL,MdrDBcore01442,A160T,-0.713,-0.8464798927307129,0.5660257935523987,1.3461720943450928
22,6408975,1QPJ,MdrDBcore01443,E448Q,0.337,0.12032061815261841,0.5660257935523987,1.3461720943450928
22,6408975,1QPJ,MdrDBcore01444,E467D,0.417,0.07854300737380981,0.5660257935523987,1.3461720943450928
22,6408975,1QPJ,MdrDBcore01445,E482Q,0.393,0.10886071622371674,0.5660257935523987,1.3461720943450928
22,6408975,1QPJ,MdrDBcore01446,G456S,2.467,0.048465464264154434,0.5660257935523987,1.3461720943450928
22,6408975,1LKL,MdrDBcore01447,R139Q,-1.006,-0.0064643509685993195,0.5660257935523987,1.3461720943450928
22,6408975,1QPJ,MdrDBcore01448,R363H,0.33,0.15809856355190277,0.5660257935523987,1.3461720943450928
22,6408975,1QPJ,MdrDBcore01449,R480H,1.736,0.13956168293952942,0.5660257935523987,1.3461720943450928
22,6408975,3LCK,MdrDBcore01450,R484W,-0.656,-0.2124606817960739,0.5660257935523987,1.3461720943450928
22,6408975,1QPJ,MdrDBcore01451,S377R,0.101,0.1395498812198639,0.5660257935523987,1.3461720943450928
22,6408975,1QPJ,MdrDBcore01452,T416I,0.636,0.11040227115154266,0.5660257935523987,1.3461720943450928
22,6408975,1LKL,MdrDBcore01453,V167I,0.702,-0.6058263182640076,0.5660257935523987,1.3461720943450928
22,6408975,4Y72,MdrDBcore01454,A250V,-0.229,0.437233030796051,0.5660257935523987,1.3461720943450928
22,6408975,5LQF,MdrDBcore01455,G177R,-0.39,-0.2816676199436188,0.5660257935523987,1.3461720943450928
22,6408975,5LQF,MdrDBcore01456,L282R,0.117,0.3952943980693817,0.5660257935523987,1.3461720943450928
22,6408975,5LQF,MdrDBcore01457,P95S,0.513,0.30018898844718933,0.5660257935523987,1.3461720943450928
22,6408975,5LQF,MdrDBcore01458,R59C,0.765,0.6367368102073669,0.5660257935523987,1.3461720943450928
22,6408975,5LQF,MdrDBcore01459,S178L,0.634,0.27338671684265137,0.5660257935523987,1.3461720943450928
22,6408975,5LQF,MdrDBcore01460,S233Y,-1.024,0.4408319294452667,0.5660257935523987,1.3461720943450928
22,6408975,5LQF,MdrDBcore01461,S248N,0.331,0.46366921067237854,0.5660257935523987,1.3461720943450928
22,6408975,3LCD,MdrDBcore01462,A792P,-0.053,-0.2407662570476532,0.5660257935523987,1.3461720943450928
22,6408975,4WRL,MdrDBcore01463,D89N,0.066,0.3586624264717102,0.5660257935523987,1.3461720943450928
22,6408975,3KRJ,MdrDBcore01464,E664G,-0.582,0.12289842963218689,0.5660257935523987,1.3461720943450928
22,6408975,4WRL,MdrDBcore01465,G145D,-0.559,-1.0101176500320435,0.5660257935523987,1.3461720943450928
22,6408975,4LIQ,MdrDBcore01466,G377D,-0.221,-0.2558296322822571,0.5660257935523987,1.3461720943450928
22,6408975,3KRJ,MdrDBcore01467,H623Y,0.502,0.14302217960357666,0.5660257935523987,1.3461720943450928
22,6408975,3KRJ,MdrDBcore01468,I827N,0.378,0.012361202389001846,0.5660257935523987,1.3461720943450928
22,6408975,4LIQ,MdrDBcore01469,L207P,0.132,-0.1943090409040451,0.5660257935523987,1.3461720943450928
22,6408975,4LIQ,MdrDBcore01470,P202S,-0.329,-1.1770341396331787,0.5660257935523987,1.3461720943450928
22,6408975,4WRM,MdrDBcore01471,Q460H,-0.25,-0.42311692237854004,0.5660257935523987,1.3461720943450928
22,6408975,4LIQ,MdrDBcore01472,R106Q,0.467,0.8355385065078735,0.5660257935523987,1.3461720943450928
22,6408975,4LIQ,MdrDBcore01473,R256H,-0.115,-0.18290361762046814,0.5660257935523987,1.3461720943450928
22,6408975,4LIQ,MdrDBcore01474,R486S,0.047,-1.0278154611587524,0.5660257935523987,1.3461720943450928
22,6408975,3KRJ,MdrDBcore01475,R753W,0.081,0.08371609449386597,0.5660257935523987,1.3461720943450928
22,6408975,3KRJ,MdrDBcore01476,T600M,-0.669,0.19485217332839966,0.5660257935523987,1.3461720943450928
22,6408975,3KRJ,MdrDBcore01477,V659A,-0.192,0.12506885826587677,0.5660257935523987,1.3461720943450928
22,6408975,3KRJ,MdrDBcore01478,Y571D,-4.236,0.16353875398635864,0.5660257935523987,1.3461720943450928
22,6408975,6JK8,MdrDBcore01479,A241T,0.418,0.7376211285591125,0.5660257935523987,1.3461720943450928
22,6408975,6JK8,MdrDBcore01480,A241T,-0.493,-0.04707090184092522,0.5660257935523987,1.3461720943450928
22,6408975,5FXR,MdrDBcore01481,D1146N,-1.665,0.13092297315597534,0.5660257935523987,1.3461720943450928
22,6408975,3LW0,MdrDBcore01482,D1146N,-0.583,0.06253695487976074,0.5660257935523987,1.3461720943450928
22,6408975,6JK8,MdrDBcore01483,D162N,-0.641,0.00415019690990448,0.5660257935523987,1.3461720943450928
22,6408975,6JK8,MdrDBcore01484,D162N,0.147,0.04116904363036156,0.5660257935523987,1.3461720943450928
22,6408975,6JK8,MdrDBcore01485,D38N,0.666,0.24375121295452118,0.5660257935523987,1.3461720943450928
22,6408975,6JK8,MdrDBcore01486,D38N,1.32,0.07604727149009705,0.5660257935523987,1.3461720943450928
22,6408975,3LW0,MdrDBcore01487,E1037K,-0.695,-0.1766365021467209,0.5660257935523987,1.3461720943450928
22,6408975,3LW0,MdrDBcore01488,E1037K,-0.099,-0.056014738976955414,0.5660257935523987,1.3461720943450928
22,6408975,6JK8,MdrDBcore01489,E302K,0.823,-0.3903927505016327,0.5660257935523987,1.3461720943450928
22,6408975,6JK8,MdrDBcore01490,E302K,1.437,0.06424960494041443,0.5660257935523987,1.3461720943450928
22,6408975,3LW0,MdrDBcore01491,G1229S,0.075,-0.09287998080253601,0.5660257935523987,1.3461720943450928
22,6408975,5FXR,MdrDBcore01492,G1229S,-0.613,-0.711600124835968,0.5660257935523987,1.3461720943450928
22,6408975,6JK8,MdrDBcore01493,G310S,-0.536,-0.36545777320861816,0.5660257935523987,1.3461720943450928
22,6408975,6JK8,MdrDBcore01494,G310S,-0.536,0.0044283270835876465,0.5660257935523987,1.3461720943450928
22,6408975,6JK8,MdrDBcore01495,G410V,-0.209,-0.2722705602645874,0.5660257935523987,1.3461720943450928
22,6408975,6JK8,MdrDBcore01496,G410V,0.236,0.052114088088274,0.5660257935523987,1.3461720943450928
22,6408975,6JK8,MdrDBcore01497,K339N,0.29,-0.2628427743911743,0.5660257935523987,1.3461720943450928
22,6408975,6JK8,MdrDBcore01498,K339N,1.646,0.10945819318294525,0.5660257935523987,1.3461720943450928
22,6408975,6JK8,MdrDBcore01499,M446V,-0.437,-0.17935752868652344,0.5660257935523987,1.3461720943450928
22,6408975,6JK8,MdrDBcore01500,M446V,-0.563,0.28098610043525696,0.5660257935523987,1.3461720943450928
22,6408975,6VWG,MdrDBcore01501,N284Y,0.032,0.279049277305603,0.5660257935523987,1.3461720943450928
22,6408975,6VWG,MdrDBcore01502,N284Y,1.196,0.5689380168914795,0.5660257935523987,1.3461720943450928
22,6408975,3LW0,MdrDBcore01503,P989S,1.181,-0.054191309958696365,0.5660257935523987,1.3461720943450928
22,6408975,3LW0,MdrDBcore01504,P989S,-0.106,-0.0128994882106781,0.5660257935523987,1.3461720943450928
22,6408975,6JK8,MdrDBcore01505,R107H,-0.356,-0.03913475200533867,0.5660257935523987,1.3461720943450928
22,6408975,6JK8,MdrDBcore01506,R107H,-0.295,0.8769904375076294,0.5660257935523987,1.3461720943450928
22,6408975,6JK8,MdrDBcore01507,R252C,0.968,0.8055589199066162,0.5660257935523987,1.3461720943450928
22,6408975,6JK8,MdrDBcore01508,R279H,1.442,-0.004894845187664032,0.5660257935523987,1.3461720943450928
22,6408975,6JK8,MdrDBcore01509,R461H,-0.472,-0.3895065188407898,0.5660257935523987,1.3461720943450928
22,6408975,6JK8,MdrDBcore01510,R461H,-1.424,0.1595088094472885,0.5660257935523987,1.3461720943450928
22,6408975,6JK8,MdrDBcore01511,R595H,-0.752,-0.5676146149635315,0.5660257935523987,1.3461720943450928
22,6408975,6JK8,MdrDBcore01512,R595H,-0.32,-0.5703028440475464,0.5660257935523987,1.3461720943450928
22,6408975,6JK8,MdrDBcore01513,R650Q,0.252,-0.5755374431610107,0.5660257935523987,1.3461720943450928
22,6408975,6VWJ,MdrDBcore01514,R794Q,-1.156,-0.2323680818080902,0.5660257935523987,1.3461720943450928
22,6408975,3LW0,MdrDBcore01515,S1009L,1.291,-0.1108693778514862,0.5660257935523987,1.3461720943450928
22,6408975,1JQH,MdrDBcore01516,S1009L,1.873,0.6292977929115295,0.5660257935523987,1.3461720943450928
22,6408975,6JK8,MdrDBcore01517,S343F,-0.771,-0.08183880895376205,0.5660257935523987,1.3461720943450928
22,6408975,6JK8,MdrDBcore01518,S522N,0.21,-0.19731543958187103,0.5660257935523987,1.3461720943450928
22,6408975,6JK8,MdrDBcore01519,S522N,-0.498,0.033707670867443085,0.5660257935523987,1.3461720943450928
22,6408975,6JK8,MdrDBcore01520,T524S,0.156,-0.2636255621910095,0.5660257935523987,1.3461720943450928
22,6408975,6JK8,MdrDBcore01521,T524S,-0.592,0.12235693633556366,0.5660257935523987,1.3461720943450928
22,6408975,6JK8,MdrDBcore01522,V259I,-1.087,-0.352088063955307,0.5660257935523987,1.3461720943450928
22,6408975,6JK8,MdrDBcore01523,V259I,-0.83,0.1208912581205368,0.5660257935523987,1.3461720943450928
22,6408975,6JK8,MdrDBcore01524,V388M,-0.517,-0.44434431195259094,0.5660257935523987,1.3461720943450928
22,6408975,6JK8,MdrDBcore01525,V388M,-0.467,-0.06535321474075317,0.5660257935523987,1.3461720943450928
22,6408975,5U8R,MdrDBcore01526,V554M,-0.571,0.40739497542381287,0.5660257935523987,1.3461720943450928
22,6408975,5U8R,MdrDBcore01527,V554M,-0.551,-0.06257417798042297,0.5660257935523987,1.3461720943450928
22,6408975,6JK8,MdrDBcore01528,V579I,-0.143,0.3749545216560364,0.5660257935523987,1.3461720943450928
22,6408975,6JK8,MdrDBcore01529,V579I,-0.425,-0.2207026183605194,0.5660257935523987,1.3461720943450928
22,6408975,6JK8,MdrDBcore01530,Y517C,-1.026,-0.6497591733932495,0.5660257935523987,1.3461720943450928
22,6408975,6JK8,MdrDBcore01531,Y517C,-1.022,0.007966507226228714,0.5660257935523987,1.3461720943450928
22,6408975,4K3J,MdrDBcore01532,A347T,0.149,0.32037490606307983,0.5660257935523987,1.3461720943450928
22,6408975,6GCU,MdrDBcore01533,A347T,-0.366,0.1813608705997467,0.5660257935523987,1.3461720943450928
22,6408975,6GCU,MdrDBcore01534,A347T,-0.085,0.02810487523674965,0.5660257935523987,1.3461720943450928
22,6408975,6GCU,MdrDBcore01535,A347T,-0.618,0.4866102933883667,0.5660257935523987,1.3461720943450928
22,6408975,6GCU,MdrDBcore01536,A347T,-0.912,0.2236529439687729,0.5660257935523987,1.3461720943450928
22,6408975,2UZY,MdrDBcore01537,D741N,1.117,0.114869624376297,0.5660257935523987,1.3461720943450928
22,6408975,2UZY,MdrDBcore01538,D741N,0.869,-0.03556092828512192,0.5660257935523987,1.3461720943450928
22,6408975,2UZY,MdrDBcore01539,D741N,1.061,0.3457822799682617,0.5660257935523987,1.3461720943450928
22,6408975,2UZY,MdrDBcore01540,D741N,0.314,0.7581894397735596,0.5660257935523987,1.3461720943450928
22,6408975,4K3J,MdrDBcore01541,E168D,-0.883,0.16637970507144928,0.5660257935523987,1.3461720943450928
22,6408975,4K3J,MdrDBcore01542,E168D,-0.715,0.10935834050178528,0.5660257935523987,1.3461720943450928
22,6408975,4K3J,MdrDBcore01543,E168K,1.039,0.17130528390407562,0.5660257935523987,1.3461720943450928
22,6408975,6GCU,MdrDBcore01544,E168K,-0.809,0.2436964064836502,0.5660257935523987,1.3461720943450928
22,6408975,6GCU,MdrDBcore01545,E168K,0.405,0.6514500379562378,0.5660257935523987,1.3461720943450928
22,6408975,6GCU,MdrDBcore01546,E168K,0.486,0.46532922983169556,0.5660257935523987,1.3461720943450928
22,6408975,6WVZ,MdrDBcore01547,E302K,1.583,0.8160576820373535,0.5660257935523987,1.3461720943450928
22,6408975,7MOB,MdrDBcore01548,E302K,-0.433,-0.3884396255016327,0.5660257935523987,1.3461720943450928
22,6408975,6WVZ,MdrDBcore01549,E302K,1.611,-0.03346584364771843,0.5660257935523987,1.3461720943450928
22,6408975,7MOB,MdrDBcore01550,E302K,0.375,-0.2067313939332962,0.5660257935523987,1.3461720943450928
22,6408975,7MOB,MdrDBcore01551,E302K,1.254,0.3120899796485901,0.5660257935523987,1.3461720943450928
22,6408975,7MO7,MdrDBcore01552,E34K,1.085,0.0653408020734787,0.5660257935523987,1.3461720943450928
22,6408975,7MOB,MdrDBcore01553,E34K,-0.025,-0.05981724336743355,0.5660257935523987,1.3461720943450928
22,6408975,7MO7,MdrDBcore01554,E34K,1.129,0.31068140268325806,0.5660257935523987,1.3461720943450928
22,6408975,7MOB,MdrDBcore01555,E34K,0.439,0.10156677663326263,0.5660257935523987,1.3461720943450928
22,6408975,2UZY,MdrDBcore01556,E740K,0.869,0.8542167544364929,0.5660257935523987,1.3461720943450928
22,6408975,6GCU,MdrDBcore01557,E740K,0.247,-0.3822546601295471,0.5660257935523987,1.3461720943450928
22,6408975,6GCU,MdrDBcore01558,E740K,0.625,0.5124847888946533,0.5660257935523987,1.3461720943450928
22,6408975,6GCU,MdrDBcore01559,E740K,-0.117,-0.15126775205135345,0.5660257935523987,1.3461720943450928
22,6408975,4K3J,MdrDBcore01560,G344R,0.751,0.42197945713996887,0.5660257935523987,1.3461720943450928
22,6408975,6GCU,MdrDBcore01561,G344R,-0.534,-0.11817857623100281,0.5660257935523987,1.3461720943450928
22,6408975,6GCU,MdrDBcore01562,G344R,-1.008,0.1269124448299408,0.5660257935523987,1.3461720943450928
22,6408975,6GCU,MdrDBcore01563,G344R,0.425,0.6148037314414978,0.5660257935523987,1.3461720943450928
22,6408975,6GCU,MdrDBcore01564,H159R,-0.446,0.28153935074806213,0.5660257935523987,1.3461720943450928
22,6408975,6GCU,MdrDBcore01565,H159R,0.065,0.34653425216674805,0.5660257935523987,1.3461720943450928
22,6408975,6GCU,MdrDBcore01566,H159R,0.074,0.25891315937042236,0.5660257935523987,1.3461720943450928
22,6408975,6GCU,MdrDBcore01567,H159R,-0.865,0.019316192716360092,0.5660257935523987,1.3461720943450928
22,6408975,6GCU,MdrDBcore01568,I316M,-0.289,-0.42288893461227417,0.5660257935523987,1.3461720943450928
22,6408975,4K3J,MdrDBcore01569,I333L,0.658,0.6817626357078552,0.5660257935523987,1.3461720943450928
22,6408975,6GCU,MdrDBcore01570,I333L,-0.058,0.22527988255023956,0.5660257935523987,1.3461720943450928
22,6408975,6GCU,MdrDBcore01571,I333L,0.252,0.5245017409324646,0.5660257935523987,1.3461720943450928
22,6408975,6GCU,MdrDBcore01572,I333L,0.196,-0.0522502139210701,0.5660257935523987,1.3461720943450928
22,6408975,7MO7,MdrDBcore01573,I583M,0.835,0.5706211924552917,0.5660257935523987,1.3461720943450928
22,6408975,6GCU,MdrDBcore01574,I583M,0.19,0.3269980251789093,0.5660257935523987,1.3461720943450928
22,6408975,6GCU,MdrDBcore01575,I583M,-0.494,-0.3446504473686218,0.5660257935523987,1.3461720943450928
22,6408975,7MO7,MdrDBcore01576,I638L,1.058,0.7377648949623108,0.5660257935523987,1.3461720943450928
22,6408975,6GCU,MdrDBcore01577,I638L,0.795,0.2168029099702835,0.5660257935523987,1.3461720943450928
22,6408975,6GCU,MdrDBcore01578,I638L,0.802,0.31826308369636536,0.5660257935523987,1.3461720943450928
22,6408975,7MOB,MdrDBcore01579,K303T,0.184,0.9037025570869446,0.5660257935523987,1.3461720943450928
22,6408975,7MOB,MdrDBcore01580,K303T,-0.012,0.11676821112632751,0.5660257935523987,1.3461720943450928
22,6408975,7MOB,MdrDBcore01581,K303T,0.45,-0.19615137577056885,0.5660257935523987,1.3461720943450928
22,6408975,7MOB,MdrDBcore01582,K303T,-0.496,0.27886611223220825,0.5660257935523987,1.3461720943450928
22,6408975,7MO7,MdrDBcore01583,K595T,0.861,0.24883373081684113,0.5660257935523987,1.3461720943450928
22,6408975,6GCU,MdrDBcore01584,K595T,-0.75,0.4400935471057892,0.5660257935523987,1.3461720943450928
22,6408975,7MO7,MdrDBcore01585,K595T,0.224,-0.36208969354629517,0.5660257935523987,1.3461720943450928
22,6408975,6GCU,MdrDBcore01586,K595T,-1.022,-0.03023386374115944,0.5660257935523987,1.3461720943450928
22,6408975,4K3J,MdrDBcore01587,L530V,-0.012,0.31049272418022156,0.5660257935523987,1.3461720943450928
22,6408975,4K3J,MdrDBcore01588,L530V,-0.068,0.07417094707489014,0.5660257935523987,1.3461720943450928
22,6408975,4K3J,MdrDBcore01589,L530V,0.265,0.1017129123210907,0.5660257935523987,1.3461720943450928
22,6408975,6GCU,MdrDBcore01590,L530V,-0.304,0.21305663883686066,0.5660257935523987,1.3461720943450928
22,6408975,7MO7,MdrDBcore01591,L604V,-0.47,0.43858587741851807,0.5660257935523987,1.3461720943450928
22,6408975,6GCU,MdrDBcore01592,L604V,-0.787,0.29496777057647705,0.5660257935523987,1.3461720943450928
22,6408975,7MO7,MdrDBcore01593,L604V,-0.155,-0.5403715968132019,0.5660257935523987,1.3461720943450928
22,6408975,6GCU,MdrDBcore01594,L604V,-0.098,0.1068369597196579,0.5660257935523987,1.3461720943450928
22,6408975,6GCU,MdrDBcore01595,L604V,-0.419,0.35186588764190674,0.5660257935523987,1.3461720943450928
22,6408975,6GCU,MdrDBcore01596,M362T,0.053,0.530971348285675,0.5660257935523987,1.3461720943450928
22,6408975,4K3J,MdrDBcore01597,M362T,0.651,0.09473492205142975,0.5660257935523987,1.3461720943450928
22,6408975,6GCU,MdrDBcore01598,M362T,0.587,-0.24557305872440338,0.5660257935523987,1.3461720943450928
22,6408975,6GCU,MdrDBcore01599,M362T,-0.04,0.046268779784440994,0.5660257935523987,1.3461720943450928
22,6408975,6GCU,MdrDBcore01600,M362T,0.5,0.2359084039926529,0.5660257935523987,1.3461720943450928
22,6408975,7MO7,MdrDBcore01601,M636V,1.12,0.5042333006858826,0.5660257935523987,1.3461720943450928
22,6408975,6GCU,MdrDBcore01602,M636V,-0.917,0.2293889969587326,0.5660257935523987,1.3461720943450928
22,6408975,6GCU,MdrDBcore01603,M636V,0.86,0.06866350769996643,0.5660257935523987,1.3461720943450928
22,6408975,6GCU,MdrDBcore01604,M636V,0.24,-0.6443868279457092,0.5660257935523987,1.3461720943450928
22,6408975,4K3J,MdrDBcore01605,N375K,1.48,0.4637531638145447,0.5660257935523987,1.3461720943450928
22,6408975,4K3J,MdrDBcore01606,N375K,1.787,0.09783682227134705,0.5660257935523987,1.3461720943450928
22,6408975,4K3J,MdrDBcore01607,N375S,-0.341,0.09623952209949493,0.5660257935523987,1.3461720943450928
22,6408975,4K3J,MdrDBcore01608,N375S,-0.526,-0.11683323979377747,0.5660257935523987,1.3461720943450928
22,6408975,4K3J,MdrDBcore01609,P366S,1.022,0.2646781802177429,0.5660257935523987,1.3461720943450928
22,6408975,4K3J,MdrDBcore01610,P366S,1.015,0.05164698138833046,0.5660257935523987,1.3461720943450928
22,6408975,6GCU,MdrDBcore01611,P366S,1.058,0.5996803641319275,0.5660257935523987,1.3461720943450928
22,6408975,6GCU,MdrDBcore01612,P366S,0.752,0.24540366232395172,0.5660257935523987,1.3461720943450928
22,6408975,3I5N,MdrDBcore01613,R1166A,-0.058,0.7324262857437134,0.5660257935523987,1.3461720943450928
22,6408975,3I5N,MdrDBcore01614,R1166A,0.043,0.1705751270055771,0.5660257935523987,1.3461720943450928
22,6408975,4K3J,MdrDBcore01615,R191W,0.304,0.3562569320201874,0.5660257935523987,1.3461720943450928
22,6408975,6GCU,MdrDBcore01616,R191W,0.021,0.22531001269817352,0.5660257935523987,1.3461720943450928
22,6408975,4K3J,MdrDBcore01617,R191W,-0.321,-0.005067937076091766,0.5660257935523987,1.3461720943450928
22,6408975,6GCU,MdrDBcore01618,R191W,-0.683,0.6250005960464478,0.5660257935523987,1.3461720943450928
22,6408975,6GCU,MdrDBcore01619,R191W,0.36,0.01045311614871025,0.5660257935523987,1.3461720943450928
22,6408975,4XMO,MdrDBcore01620,S1159L,-0.493,-0.11541791260242462,0.5660257935523987,1.3461720943450928
22,6408975,4K3J,MdrDBcore01621,S135N,0.701,0.4048211872577667,0.5660257935523987,1.3461720943450928
22,6408975,6GCU,MdrDBcore01622,S135N,0.153,0.15555940568447113,0.5660257935523987,1.3461720943450928
22,6408975,6GCU,MdrDBcore01623,S135N,0.69,0.4497571289539337,0.5660257935523987,1.3461720943450928
22,6408975,6GCU,MdrDBcore01624,S135N,-0.604,0.3942684531211853,0.5660257935523987,1.3461720943450928
22,6408975,4K3J,MdrDBcore01625,S244Y,0.904,-0.1893920600414276,0.5660257935523987,1.3461720943450928
22,6408975,6GCU,MdrDBcore01626,S244Y,0.919,0.17561455070972443,0.5660257935523987,1.3461720943450928
22,6408975,6GCU,MdrDBcore01627,S244Y,0.959,-0.014569634571671486,0.5660257935523987,1.3461720943450928
22,6408975,6GCU,MdrDBcore01628,S244Y,0.06,0.36782926321029663,0.5660257935523987,1.3461720943450928
22,6408975,4K3J,MdrDBcore01629,S323G,0.398,0.2872106432914734,0.5660257935523987,1.3461720943450928
22,6408975,6GCU,MdrDBcore01630,S323G,0.185,0.3466982841491699,0.5660257935523987,1.3461720943450928
22,6408975,4K3J,MdrDBcore01631,S323G,1.059,0.24262787401676178,0.5660257935523987,1.3461720943450928
22,6408975,6GCU,MdrDBcore01632,S323G,-0.053,0.10450504720211029,0.5660257935523987,1.3461720943450928
22,6408975,6GCU,MdrDBcore01633,S323G,-1.03,0.7311034202575684,0.5660257935523987,1.3461720943450928
22,6408975,7MO7,MdrDBcore01634,S572N,0.78,0.5178478956222534,0.5660257935523987,1.3461720943450928
22,6408975,6GCU,MdrDBcore01635,S572N,-0.222,-0.021565742790699005,0.5660257935523987,1.3461720943450928
22,6408975,6GCU,MdrDBcore01636,S572N,-0.648,-0.039991848170757294,0.5660257935523987,1.3461720943450928
22,6408975,6GCU,MdrDBcore01637,S572N,-0.449,0.11141690611839294,0.5660257935523987,1.3461720943450928
22,6408975,4K3J,MdrDBcore01638,T200A,0.736,0.2420012205839157,0.5660257935523987,1.3461720943450928
22,6408975,6GCU,MdrDBcore01639,T200A,0.154,0.03980245813727379,0.5660257935523987,1.3461720943450928
22,6408975,6GCU,MdrDBcore01640,T200A,-0.662,0.164265438914299,0.5660257935523987,1.3461720943450928
22,6408975,6GCU,MdrDBcore01641,T200A,0.459,0.3932013511657715,0.5660257935523987,1.3461720943450928
22,6408975,4K3J,MdrDBcore01642,T273N,0.03,0.22638632357120514,0.5660257935523987,1.3461720943450928
22,6408975,6GCU,MdrDBcore01643,T273N,0.39,0.14433598518371582,0.5660257935523987,1.3461720943450928
22,6408975,6GCU,MdrDBcore01644,T273N,-0.168,-0.3520314395427704,0.5660257935523987,1.3461720943450928
22,6408975,6GCU,MdrDBcore01645,T273N,-0.455,0.12241166830062866,0.5660257935523987,1.3461720943450928
22,6408975,6GCU,MdrDBcore01646,T273N,0.54,0.13752368092536926,0.5660257935523987,1.3461720943450928
22,6408975,4K3J,MdrDBcore01647,T86I,1.143,0.20869454741477966,0.5660257935523987,1.3461720943450928
22,6408975,6GCU,MdrDBcore01648,T86I,0.902,0.25501373410224915,0.5660257935523987,1.3461720943450928
22,6408975,4K3J,MdrDBcore01649,T86I,0.896,0.07458136975765228,0.5660257935523987,1.3461720943450928
22,6408975,6GCU,MdrDBcore01650,T86I,0.529,0.4477163851261139,0.5660257935523987,1.3461720943450928
22,6408975,6GCU,MdrDBcore01651,T86I,0.561,0.49796855449676514,0.5660257935523987,1.3461720943450928
22,6408975,6GCU,MdrDBcore01652,V122D,0.629,-0.03894722834229469,0.5660257935523987,1.3461720943450928
22,6408975,6GCU,MdrDBcore01653,V122D,-0.35,-0.47873666882514954,0.5660257935523987,1.3461720943450928
22,6408975,6GCU,MdrDBcore01654,V122D,-0.42,0.08202600479125977,0.5660257935523987,1.3461720943450928
22,6408975,6GCU,MdrDBcore01655,V122D,0.414,0.06421549618244171,0.5660257935523987,1.3461720943450928
22,6408975,4K3J,MdrDBcore01656,V136I,0.496,0.24377502501010895,0.5660257935523987,1.3461720943450928
22,6408975,6GCU,MdrDBcore01657,V136I,-0.92,0.07909512519836426,0.5660257935523987,1.3461720943450928
22,6408975,6GCU,MdrDBcore01658,V136I,-0.168,-0.2680767774581909,0.5660257935523987,1.3461720943450928
22,6408975,2RD6,MdrDBcore01659,A220V,1.537,0.21047136187553406,0.5660257935523987,1.3461720943450928
22,6408975,2RD6,MdrDBcore01660,A220V,0.982,-0.17449459433555603,0.5660257935523987,1.3461720943450928
22,6408975,2RD6,MdrDBcore01661,A220V,0.19,0.19472211599349976,0.5660257935523987,1.3461720943450928
22,6408975,2RD6,MdrDBcore01662,A220V,0.529,0.008175000548362732,0.5660257935523987,1.3461720943450928
22,6408975,2RCW,MdrDBcore01663,A220V,0.241,0.9692979454994202,0.5660257935523987,1.3461720943450928
22,6408975,3L3M,MdrDBcore01664,K230N,0.662,0.36188098788261414,0.5660257935523987,1.3461720943450928
22,6408975,2RD6,MdrDBcore01665,K230N,1.467,0.0005479436367750168,0.5660257935523987,1.3461720943450928
22,6408975,2RD6,MdrDBcore01666,K230N,1.061,0.07872609794139862,0.5660257935523987,1.3461720943450928
22,6408975,2RD6,MdrDBcore01667,K230N,0.578,-0.0033365152776241302,0.5660257935523987,1.3461720943450928
22,6408975,2RD6,MdrDBcore01668,K230N,1.274,1.3254168033599854,0.5660257935523987,1.3461720943450928
22,6408975,4DQY,MdrDBcore01669,Y570C,1.291,0.7796081304550171,0.5660257935523987,1.3461720943450928
22,6408975,4DQY,MdrDBcore01670,Y570C,-0.072,0.1894483119249344,0.5660257935523987,1.3461720943450928
22,6408975,4DQY,MdrDBcore01671,Y570C,0.272,0.20394174754619598,0.5660257935523987,1.3461720943450928
22,6408975,4DQY,MdrDBcore01672,Y570C,-0.58,-0.2486298680305481,0.5660257935523987,1.3461720943450928
22,6408975,4DQY,MdrDBcore01673,Y570C,0.375,0.4614053964614868,0.5660257935523987,1.3461720943450928
22,6408975,1GS4,MdrDBcore01674,F827L,0.855,1.0543277263641357,0.5660257935523987,1.3461720943450928
22,6408975,1GS4,MdrDBcore01675,F827L,1.237,0.972640335559845,0.5660257935523987,1.3461720943450928
22,6408975,1GS4,MdrDBcore01676,V716L,1.351,1.3191548585891724,0.5660257935523987,1.3461720943450928
22,6408975,1GS4,MdrDBcore01677,V716L,1.051,0.754725992679596,0.5660257935523987,1.3461720943450928
22,6408975,1GS4,MdrDBcore01678,V716M,0.633,0.7760584950447083,0.5660257935523987,1.3461720943450928
22,6408975,1GS4,MdrDBcore01679,V716M,1.309,1.0225412845611572,0.5660257935523987,1.3461720943450928
22,6408975,2O21,MdrDBcore01680,A43T,-1.023,0.18946313858032227,0.5660257935523987,1.3461720943450928
22,6408975,1GJH,MdrDBcore01681,A4T,-1.343,0.01802903786301613,0.5660257935523987,1.3461720943450928
22,6408975,1GJH,MdrDBcore01682,A4T,-1.124,-0.10653534531593323,0.5660257935523987,1.3461720943450928
22,6408975,5FCG,MdrDBcore01683,A61T,0.759,0.19693513214588165,0.5660257935523987,1.3461720943450928
22,6408975,4IEH,MdrDBcore01684,A61T,-1.131,0.5320103168487549,0.5660257935523987,1.3461720943450928
22,6408975,6O0M,MdrDBcore01685,E200D,0.833,0.15203846991062164,0.5660257935523987,1.3461720943450928
22,6408975,6O0M,MdrDBcore01686,E200D,-0.845,-0.06611569225788116,0.5660257935523987,1.3461720943450928
22,6408975,6O0M,MdrDBcore01687,G128E,-0.757,-0.08298055827617645,0.5660257935523987,1.3461720943450928
22,6408975,1GJH,MdrDBcore01688,G5W,0.145,0.02051680162549019,0.5660257935523987,1.3461720943450928
22,6408975,1GJH,MdrDBcore01689,G5W,-1.378,0.33319032192230225,0.5660257935523987,1.3461720943450928
22,6408975,4IEH,MdrDBcore01690,Q73H,-4.129,0.42275431752204895,0.5660257935523987,1.3461720943450928
22,6408975,1GJH,MdrDBcore01691,T7K,0.077,-0.032048698514699936,0.5660257935523987,1.3461720943450928
22,6408975,2O21,MdrDBcore01692,T7K,-0.799,-0.22045806050300598,0.5660257935523987,1.3461720943450928
22,6408975,2E9W,MdrDBcore01693,A178T,0.67,0.1675989180803299,0.5660257935523987,1.3461720943450928
22,6408975,6GQK,MdrDBcore01694,A794E,0.041,0.10011747479438782,0.5660257935523987,1.3461720943450928
22,6408975,6ITT,MdrDBcore01695,A895E,0.238,0.44227731227874756,0.5660257935523987,1.3461720943450928
22,6408975,6GQK,MdrDBcore01696,A895T,0.233,0.06585732102394104,0.5660257935523987,1.3461720943450928
22,6408975,2E9W,MdrDBcore01697,D131N,-0.976,-0.12858405709266663,0.5660257935523987,1.3461720943450928
22,6408975,2E9W,MdrDBcore01698,D159N,0.003,0.21960917115211487,0.5660257935523987,1.3461720943450928
22,6408975,2E9W,MdrDBcore01699,D266N,0.093,0.05705171450972557,0.5660257935523987,1.3461720943450928
22,6408975,2E9W,MdrDBcore01700,E191K,0.565,0.21208511292934418,0.5660257935523987,1.3461720943450928
22,6408975,6GQK,MdrDBcore01701,E640K,0.533,0.39028382301330566,0.5660257935523987,1.3461720943450928
22,6408975,6GQK,MdrDBcore01702,E640K,-0.292,0.1234486997127533,0.5660257935523987,1.3461720943450928
22,6408975,2E9W,MdrDBcore01703,G169D,0.137,-0.1973140686750412,0.5660257935523987,1.3461720943450928
22,6408975,2E9W,MdrDBcore01704,G265S,0.783,-0.31786173582077026,0.5660257935523987,1.3461720943450928
22,6408975,2E9W,MdrDBcore01705,G265S,0.367,-0.11625790596008301,0.5660257935523987,1.3461720943450928
22,6408975,2E9W,MdrDBcore01706,G265S,0.834,-0.1192052811384201,0.5660257935523987,1.3461720943450928
22,6408975,6GQK,MdrDBcore01707,G676D,-1.116,0.11338728666305542,0.5660257935523987,1.3461720943450928
22,6408975,6GQK,MdrDBcore01708,G779C,0.342,-0.10300295054912567,0.5660257935523987,1.3461720943450928
22,6408975,6GQK,MdrDBcore01709,K623N,0.184,0.07214340567588806,0.5660257935523987,1.3461720943450928
22,6408975,6GQK,MdrDBcore01710,K626R,-0.514,-0.20857396721839905,0.5660257935523987,1.3461720943450928
22,6408975,6GQK,MdrDBcore01711,M882V,0.519,0.6660658121109009,0.5660257935523987,1.3461720943450928
22,6408975,6GQK,MdrDBcore01712,M882V,-0.347,-0.04776717722415924,0.5660257935523987,1.3461720943450928
22,6408975,2EC8,MdrDBcore01713,N130D,0.008,0.45071354508399963,0.5660257935523987,1.3461720943450928
22,6408975,4K94,MdrDBcore01714,N400S,1.103,0.1428818553686142,0.5660257935523987,1.3461720943450928
22,6408975,6GQK,MdrDBcore01715,N655S,0.038,0.11854825913906097,0.5660257935523987,1.3461720943450928
22,6408975,6GQK,MdrDBcore01716,N822K,-4.167,0.10820876061916351,0.5660257935523987,1.3461720943450928
22,6408975,2E9W,MdrDBcore01717,P155H,0.27,-0.04411787539720535,0.5660257935523987,1.3461720943450928
22,6408975,2E9W,MdrDBcore01718,R112I,0.21,0.08123897016048431,0.5660257935523987,1.3461720943450928
22,6408975,2E9W,MdrDBcore01719,R177H,-0.475,-0.10420820116996765,0.5660257935523987,1.3461720943450928
22,6408975,2E9W,MdrDBcore01720,R205W,0.265,0.1955985575914383,0.5660257935523987,1.3461720943450928
22,6408975,2E9W,MdrDBcore01721,R55W,-0.281,-0.2788730263710022,0.5660257935523987,1.3461720943450928
22,6408975,4K94,MdrDBcore01722,T446N,0.327,0.1438284069299698,0.5660257935523987,1.3461720943450928
22,6408975,3KRJ,MdrDBcore01723,S628F,-0.722,-0.02919323369860649,0.5660257935523987,1.3461720943450928
22,6408975,3KRJ,MdrDBcore01724,S628F,0.74,0.07879045605659485,0.5660257935523987,1.3461720943450928
22,6408975,1SEU,MdrDBcore01725,A351D,-1.532,-0.11083944141864777,0.5660257935523987,1.3461720943450928
22,6408975,1R49,MdrDBcore01726,A351D,-1.008,0.028498362749814987,0.5660257935523987,1.3461720943450928
22,6408975,1A31,MdrDBcore01727,A351D,0.463,0.19134333729743958,0.5660257935523987,1.3461720943450928
22,6408975,1R49,MdrDBcore01728,A705S,-0.754,-1.3690346479415894,0.5660257935523987,1.3461720943450928
22,6408975,1SEU,MdrDBcore01729,A705S,-0.752,-0.03157899156212807,0.5660257935523987,1.3461720943450928
22,6408975,1SEU,MdrDBcore01730,A705S,0.169,-0.11438260972499847,0.5660257935523987,1.3461720943450928
22,6408975,1SEU,MdrDBcore01731,D528E,0.662,0.2499813288450241,0.5660257935523987,1.3461720943450928
22,6408975,1SEU,MdrDBcore01732,D528E,0.451,-0.2685294449329376,0.5660257935523987,1.3461720943450928
22,6408975,1A31,MdrDBcore01733,D528E,0.907,0.23129095137119293,0.5660257935523987,1.3461720943450928
22,6408975,1R49,MdrDBcore01734,E208K,1.63,0.3036060631275177,0.5660257935523987,1.3461720943450928
22,6408975,1SEU,MdrDBcore01735,E208K,1.354,0.5907580256462097,0.5660257935523987,1.3461720943450928
22,6408975,1RRJ,MdrDBcore01736,E208K,1.172,0.04526183381676674,0.5660257935523987,1.3461720943450928
22,6408975,1R49,MdrDBcore01737,E561K,-1.039,-0.17949946224689484,0.5660257935523987,1.3461720943450928
22,6408975,1SEU,MdrDBcore01738,E561K,-1.466,0.13203342258930206,0.5660257935523987,1.3461720943450928
22,6408975,1SEU,MdrDBcore01739,E561K,-0.634,-0.010675543919205666,0.5660257935523987,1.3461720943450928
22,6408975,1SEU,MdrDBcore01740,E610K,-1.444,0.3398273289203644,0.5660257935523987,1.3461720943450928
22,6408975,1SEU,MdrDBcore01741,E610K,-1.59,-0.26296284794807434,0.5660257935523987,1.3461720943450928
22,6408975,1SEU,MdrDBcore01742,E610K,-1.879,-0.14717192947864532,0.5660257935523987,1.3461720943450928
22,6408975,1SEU,MdrDBcore01743,E710D,-0.319,0.13626807928085327,0.5660257935523987,1.3461720943450928
22,6408975,1SEU,MdrDBcore01744,E710D,-0.669,-0.08788593858480453,0.5660257935523987,1.3461720943450928
22,6408975,1RRJ,MdrDBcore01745,E710D,0.69,0.3166414499282837,0.5660257935523987,1.3461720943450928
22,6408975,1R49,MdrDBcore01746,F279L,-0.154,-0.47668182849884033,0.5660257935523987,1.3461720943450928
22,6408975,1A35,MdrDBcore01747,F279L,0.005,-0.1966651827096939,0.5660257935523987,1.3461720943450928
22,6408975,1A31,MdrDBcore01748,F279L,0.833,0.2481582909822464,0.5660257935523987,1.3461720943450928
22,6408975,1SEU,MdrDBcore01749,G244D,-1.294,-0.00671226903796196,0.5660257935523987,1.3461720943450928
22,6408975,1R49,MdrDBcore01750,G244D,-1.416,-0.03754032030701637,0.5660257935523987,1.3461720943450928
22,6408975,1SEU,MdrDBcore01751,G244D,-0.887,-0.0069210343062877655,0.5660257935523987,1.3461720943450928
22,6408975,1SEU,MdrDBcore01752,I714T,1.38,0.03121233731508255,0.5660257935523987,1.3461720943450928
22,6408975,1SEU,MdrDBcore01753,I714T,1.363,-0.09015386551618576,0.5660257935523987,1.3461720943450928
22,6408975,1RRJ,MdrDBcore01754,I714T,0.847,0.5279646515846252,0.5660257935523987,1.3461720943450928
22,6408975,1SEU,MdrDBcore01755,K326R,0.109,-0.2795843183994293,0.5660257935523987,1.3461720943450928
22,6408975,1SEU,MdrDBcore01756,K326R,0.388,0.1381748467683792,0.5660257935523987,1.3461720943450928
22,6408975,1A31,MdrDBcore01757,K326R,0.616,-0.11397393047809601,0.5660257935523987,1.3461720943450928
22,6408975,1R49,MdrDBcore01758,M428T,-1.393,0.5447843074798584,0.5660257935523987,1.3461720943450928
22,6408975,1SEU,MdrDBcore01759,M428T,-1.601,-0.2934121787548065,0.5660257935523987,1.3461720943450928
22,6408975,1A31,MdrDBcore01760,M428T,0.432,-0.021793236956000328,0.5660257935523987,1.3461720943450928
22,6408975,1SEU,MdrDBcore01761,M675I,-0.361,0.011554989963769913,0.5660257935523987,1.3461720943450928
22,6408975,1SEU,MdrDBcore01762,M675I,-0.059,-0.09166643023490906,0.5660257935523987,1.3461720943450928
22,6408975,1SEU,MdrDBcore01763,M675I,0.422,-0.02379831299185753,0.5660257935523987,1.3461720943450928
22,6408975,1A31,MdrDBcore01764,N296S,1.038,0.10257011651992798,0.5660257935523987,1.3461720943450928
22,6408975,1SEU,MdrDBcore01765,P235T,-0.228,0.005937255918979645,0.5660257935523987,1.3461720943450928
22,6408975,1SEU,MdrDBcore01766,P235T,-0.082,-0.14559514820575714,0.5660257935523987,1.3461720943450928
22,6408975,1A31,MdrDBcore01767,P235T,0.779,0.1699862778186798,0.5660257935523987,1.3461720943450928
22,6408975,1SEU,MdrDBcore01768,P397A,-1.473,0.04938647523522377,0.5660257935523987,1.3461720943450928
22,6408975,1SEU,MdrDBcore01769,P397A,-1.61,-0.11108258366584778,0.5660257935523987,1.3461720943450928
22,6408975,1A31,MdrDBcore01770,P397A,0.447,0.19719739258289337,0.5660257935523987,1.3461720943450928
22,6408975,1RRJ,MdrDBcore01771,Q704K,-1.073,0.06244483217597008,0.5660257935523987,1.3461720943450928
22,6408975,1SEU,MdrDBcore01772,T258M,-1.359,-0.06129394471645355,0.5660257935523987,1.3461720943450928
22,6408975,1SEU,MdrDBcore01773,T258M,-1.228,-0.16104280948638916,0.5660257935523987,1.3461720943450928
22,6408975,1A31,MdrDBcore01774,T258M,0.621,-0.041828278452157974,0.5660257935523987,1.3461720943450928
22,6408975,1SEU,MdrDBcore01775,W754C,-0.903,0.1934620440006256,0.5660257935523987,1.3461720943450928
22,6408975,1SEU,MdrDBcore01776,W754C,-0.982,0.18821433186531067,0.5660257935523987,1.3461720943450928
22,6408975,1A31,MdrDBcore01777,W754C,0.49,0.18055909872055054,0.5660257935523987,1.3461720943450928
22,6408975,1ZXM,MdrDBcore01778,A318P,-0.749,0.20878510177135468,0.5660257935523987,1.3461720943450928
22,6408975,5GWK,MdrDBcore01779,A903D,-0.37,-0.2928338944911957,0.5660257935523987,1.3461720943450928
22,6408975,6ZY8,MdrDBcore01780,D152Y,-1.22,0.11711737513542175,0.5660257935523987,1.3461720943450928
22,6408975,6ZY8,MdrDBcore01781,D213G,-1.302,0.11645711958408356,0.5660257935523987,1.3461720943450928
22,6408975,6ZY6,MdrDBcore01782,G1192R,-0.335,0.059098679572343826,0.5660257935523987,1.3461720943450928
22,6408975,6ZY8,MdrDBcore01783,G1197A,-1.936,0.11117908358573914,0.5660257935523987,1.3461720943450928
22,6408975,6ZY8,MdrDBcore01784,G1197V,-1.92,0.09811809659004211,0.5660257935523987,1.3461720943450928
22,6408975,6ZY8,MdrDBcore01785,G1198R,0.518,0.1196652352809906,0.5660257935523987,1.3461720943450928
22,6408975,6ZY8,MdrDBcore01786,H290Q,-1.547,0.11963732540607452,0.5660257935523987,1.3461720943450928
22,6408975,6ZY8,MdrDBcore01787,K1196I,-1.271,0.07193942368030548,0.5660257935523987,1.3461720943450928
22,6408975,5GWK,MdrDBcore01788,K893R,-0.477,-0.36669254302978516,0.5660257935523987,1.3461720943450928
22,6408975,5GWK,MdrDBcore01789,L944S,1.059,-0.07018524408340454,0.5660257935523987,1.3461720943450928
22,6408975,5GWK,MdrDBcore01790,N774I,-1.407,0.16129110753536224,0.5660257935523987,1.3461720943450928
22,6408975,6ZY8,MdrDBcore01791,P643T,-0.454,0.021692324429750443,0.5660257935523987,1.3461720943450928
22,6408975,5GWK,MdrDBcore01792,P716R,-1.255,-0.7224524617195129,0.5660257935523987,1.3461720943450928
22,6408975,5GWK,MdrDBcore01793,P786H,-1.321,-0.42018768191337585,0.5660257935523987,1.3461720943450928
22,6408975,6ZY8,MdrDBcore01794,Q1206H,-1.586,0.1404719054698944,0.5660257935523987,1.3461720943450928
22,6408975,1ZXM,MdrDBcore01795,Q35R,-1.199,-0.031022604554891586,0.5660257935523987,1.3461720943450928
22,6408975,5GWK,MdrDBcore01796,T930I,-1.654,-0.5461210012435913,0.5660257935523987,1.3461720943450928
22,6408975,5GWK,MdrDBcore01797,V1001L,-1.324,-0.3909382224082947,0.5660257935523987,1.3461720943450928
22,6408975,6ZY8,MdrDBcore01798,V1097L,1.165,0.09010639786720276,0.5660257935523987,1.3461720943450928
22,6408975,1ZXM,MdrDBcore01799,V255I,-0.702,0.07320041954517365,0.5660257935523987,1.3461720943450928
22,6408975,6ZY8,MdrDBcore01800,V364L,-3.356,0.10571686923503876,0.5660257935523987,1.3461720943450928
22,6408975,6ZY8,MdrDBcore01801,V68I,-0.762,0.13625799119472504,0.5660257935523987,1.3461720943450928
22,6408975,5GWK,MdrDBcore01802,V776L,-1.615,-0.3991600275039673,0.5660257935523987,1.3461720943450928
22,6408975,4ZNE,MdrDBcore01803,C168F,-0.604,0.4965136647224426,0.5660257935523987,1.3461720943450928
22,6408975,4ZNE,MdrDBcore01804,G238A,0.056,-0.09655517339706421,0.5660257935523987,1.3461720943450928
22,6408975,4ZNE,MdrDBcore01805,K234R,-2.868,-0.5425136089324951,0.5660257935523987,1.3461720943450928
22,6408975,4ZNE,MdrDBcore01806,Q64E,-1.615,-0.8666357398033142,0.5660257935523987,1.3461720943450928
22,6408975,4ZNE,MdrDBcore01807,R175H,-2.626,-2.009587526321411,0.5660257935523987,1.3461720943450928
22,6408975,4ZNE,MdrDBcore01808,R237G,-1.321,-0.6056149005889893,0.5660257935523987,1.3461720943450928
22,6408975,4ZNE,MdrDBcore01809,S161R,-1.819,-0.6851086020469666,0.5660257935523987,1.3461720943450928
22,6408975,4ZNE,MdrDBcore01810,S66L,-1.242,-0.07034523785114288,0.5660257935523987,1.3461720943450928
22,6408975,4ZNE,MdrDBcore01811,T63I,-1.447,-0.7637673616409302,0.5660257935523987,1.3461720943450928
22,6408975,4ZNE,MdrDBcore01812,T67N,0.072,0.32619401812553406,0.5660257935523987,1.3461720943450928
22,6408975,4ZNE,MdrDBcore01813,Y176C,-0.922,-1.3567925691604614,0.5660257935523987,1.3461720943450928
22,6408975,1O4K,MdrDBcore01814,H25Y,-1.077,-0.44622647762298584,0.5660257935523987,1.3461720943450928
22,6408975,4F59,MdrDBcore01815,Q222H,-4.77,-0.08128495514392853,0.5660257935523987,1.3461720943450928
22,6408975,3C4C,MdrDBcore01816,A712T,-0.829,0.18808041512966156,0.5660257935523987,1.3461720943450928
22,6408975,3C4C,MdrDBcore01817,A712T,-0.61,-0.17809107899665833,0.5660257935523987,1.3461720943450928
22,6408975,3C4C,MdrDBcore01818,A712T,-0.415,0.5813977718353271,0.5660257935523987,1.3461720943450928
22,6408975,3C4C,MdrDBcore01819,A712T,0.415,0.10090053081512451,0.5660257935523987,1.3461720943450928
22,6408975,3C4C,MdrDBcore01820,A712T,0.168,0.6628628373146057,0.5660257935523987,1.3461720943450928
22,6408975,6UAN,MdrDBcore01821,A728V,-1.007,-0.03735857084393501,0.5660257935523987,1.3461720943450928
22,6408975,6UAN,MdrDBcore01822,A728V,-0.644,0.2668357193470001,0.5660257935523987,1.3461720943450928
22,6408975,6Q0T,MdrDBcore01823,A728V,-0.865,0.09806446731090546,0.5660257935523987,1.3461720943450928
22,6408975,6UAN,MdrDBcore01824,A747V,-0.994,-0.18441273272037506,0.5660257935523987,1.3461720943450928
22,6408975,6UAN,MdrDBcore01825,A747V,-0.689,0.2656700611114502,0.5660257935523987,1.3461720943450928
22,6408975,6UAN,MdrDBcore01826,A747V,-0.384,0.4381139576435089,0.5660257935523987,1.3461720943450928
22,6408975,6UAN,MdrDBcore01827,A747V,-0.019,0.2865090072154999,0.5660257935523987,1.3461720943450928
22,6408975,3NY5,MdrDBcore01828,C194G,0.527,0.4187214970588684,0.5660257935523987,1.3461720943450928
22,6408975,3NY5,MdrDBcore01829,C194G,-0.099,-0.07361379265785217,0.5660257935523987,1.3461720943450928
22,6408975,3NY5,MdrDBcore01830,C194G,0.101,0.2442653924226761,0.5660257935523987,1.3461720943450928
22,6408975,3NY5,MdrDBcore01831,C194G,0.407,0.21622051298618317,0.5660257935523987,1.3461720943450928
22,6408975,3NY5,MdrDBcore01832,D211G,0.691,-0.011967357248067856,0.5660257935523987,1.3461720943450928
22,6408975,3NY5,MdrDBcore01833,D211G,-0.437,0.2412974089384079,0.5660257935523987,1.3461720943450928
22,6408975,3NY5,MdrDBcore01834,D211G,0.591,0.7678689956665039,0.5660257935523987,1.3461720943450928
22,6408975,3NY5,MdrDBcore01835,D211G,-0.432,0.13887740671634674,0.5660257935523987,1.3461720943450928
22,6408975,6NYB,MdrDBcore01836,D361G,0.11,0.37397846579551697,0.5660257935523987,1.3461720943450928
22,6408975,6NYB,MdrDBcore01837,D361G,-0.156,0.1873045265674591,0.5660257935523987,1.3461720943450928
22,6408975,6NYB,MdrDBcore01838,D361G,-0.341,0.11341315507888794,0.5660257935523987,1.3461720943450928
22,6408975,6NYB,MdrDBcore01839,D361G,-1.075,0.40333253145217896,0.5660257935523987,1.3461720943450928
22,6408975,5J18,MdrDBcore01840,E204V,-1.3,0.6183369159698486,0.5660257935523987,1.3461720943450928
22,6408975,5J18,MdrDBcore01841,E204V,0.02,-0.23595081269741058,0.5660257935523987,1.3461720943450928
22,6408975,5J18,MdrDBcore01842,E204V,0.889,0.18457891047000885,0.5660257935523987,1.3461720943450928
22,6408975,5J18,MdrDBcore01843,E204V,0.431,0.24793408811092377,0.5660257935523987,1.3461720943450928
22,6408975,5J18,MdrDBcore01844,E204V,0.407,0.9072121381759644,0.5660257935523987,1.3461720943450928
22,6408975,3C4C,MdrDBcore01845,G464E,-1.368,-0.31161436438560486,0.5660257935523987,1.3461720943450928
22,6408975,3C4C,MdrDBcore01846,G464E,0.16,-0.12717309594154358,0.5660257935523987,1.3461720943450928
22,6408975,3C4C,MdrDBcore01847,G464E,-1.349,0.056238312274217606,0.5660257935523987,1.3461720943450928
22,6408975,3C4C,MdrDBcore01848,G464V,-0.216,0.20228391885757446,0.5660257935523987,1.3461720943450928
22,6408975,3C4C,MdrDBcore01849,G464V,-0.445,-0.011005554348230362,0.5660257935523987,1.3461720943450928
22,6408975,3C4C,MdrDBcore01850,G464V,0.504,0.5852513909339905,0.5660257935523987,1.3461720943450928
22,6408975,3C4C,MdrDBcore01851,G464V,-0.398,0.26524659991264343,0.5660257935523987,1.3461720943450928
22,6408975,2FB8,MdrDBcore01852,G466V,0.762,-0.03431927412748337,0.5660257935523987,1.3461720943450928
22,6408975,3C4C,MdrDBcore01853,G466V,-0.254,-0.035446587949991226,0.5660257935523987,1.3461720943450928
22,6408975,3C4C,MdrDBcore01854,G466V,0.668,-0.15004044771194458,0.5660257935523987,1.3461720943450928
22,6408975,3C4C,MdrDBcore01855,G466V,-0.136,0.03536516800522804,0.5660257935523987,1.3461720943450928
22,6408975,3C4C,MdrDBcore01856,G466V,0.046,0.4873376488685608,0.5660257935523987,1.3461720943450928
22,6408975,3C4C,MdrDBcore01857,G469A,-0.49,-0.12426024675369263,0.5660257935523987,1.3461720943450928
22,6408975,3C4C,MdrDBcore01858,G469A,-0.695,-0.20810891687870026,0.5660257935523987,1.3461720943450928
22,6408975,7M0X,MdrDBcore01859,G469A,-0.561,0.03934625908732414,0.5660257935523987,1.3461720943450928
22,6408975,3C4C,MdrDBcore01860,G469A,0.16,0.5180836915969849,0.5660257935523987,1.3461720943450928
22,6408975,3C4C,MdrDBcore01861,G469V,-1.288,-0.03306877613067627,0.5660257935523987,1.3461720943450928
22,6408975,3C4C,MdrDBcore01862,G469V,-0.041,-0.04805683717131615,0.5660257935523987,1.3461720943450928
22,6408975,7M0X,MdrDBcore01863,G596R,-0.418,-0.18094517290592194,0.5660257935523987,1.3461720943450928
22,6408975,7M0X,MdrDBcore01864,G596R,0.092,-0.3188656270503998,0.5660257935523987,1.3461720943450928
22,6408975,7M0X,MdrDBcore01865,G596R,1.071,0.45052093267440796,0.5660257935523987,1.3461720943450928
22,6408975,7M0X,MdrDBcore01866,L597R,0.687,-0.08179447054862976,0.5660257935523987,1.3461720943450928
22,6408975,7M0X,MdrDBcore01867,L597R,0.39,-0.005019987002015114,0.5660257935523987,1.3461720943450928
22,6408975,7M0X,MdrDBcore01868,L597R,0.303,0.16145974397659302,0.5660257935523987,1.3461720943450928
22,6408975,7M0X,MdrDBcore01869,L597R,-0.066,0.4478070139884949,0.5660257935523987,1.3461720943450928
22,6408975,7M0X,MdrDBcore01870,L597V,-0.742,-0.17705637216567993,0.5660257935523987,1.3461720943450928
22,6408975,7M0X,MdrDBcore01871,L597V,-0.547,0.13310080766677856,0.5660257935523987,1.3461720943450928
22,6408975,7M0X,MdrDBcore01872,L597V,0.349,-0.1479700654745102,0.5660257935523987,1.3461720943450928
22,6408975,7M0X,MdrDBcore01873,L597V,0.38,0.24583803117275238,0.5660257935523987,1.3461720943450928
22,6408975,3C4C,MdrDBcore01874,N581Y,-0.324,-0.024650288745760918,0.5660257935523987,1.3461720943450928
22,6408975,3C4C,MdrDBcore01875,N581Y,1.78,0.6740996241569519,0.5660257935523987,1.3461720943450928
22,6408975,3C4C,MdrDBcore01876,N581Y,0.123,0.01061081513762474,0.5660257935523987,1.3461720943450928
22,6408975,3C4C,MdrDBcore01877,N581Y,0.553,0.6586340665817261,0.5660257935523987,1.3461720943450928
22,6408975,5VR3,MdrDBcore01878,P74A,0.219,0.8753041625022888,0.5660257935523987,1.3461720943450928
22,6408975,5VR3,MdrDBcore01879,P74A,0.502,-0.14422152936458588,0.5660257935523987,1.3461720943450928
22,6408975,6UAN,MdrDBcore01880,R726C,-0.181,0.1315777599811554,0.5660257935523987,1.3461720943450928
22,6408975,6UAN,MdrDBcore01881,R726C,0.523,-0.021830592304468155,0.5660257935523987,1.3461720943450928
22,6408975,6UAN,MdrDBcore01882,R726C,0.512,0.34628987312316895,0.5660257935523987,1.3461720943450928
22,6408975,7M0X,MdrDBcore01883,S683N,0.292,-0.06685420125722885,0.5660257935523987,1.3461720943450928
22,6408975,3C4C,MdrDBcore01884,S683N,-0.563,-0.20448844134807587,0.5660257935523987,1.3461720943450928
22,6408975,3C4C,MdrDBcore01885,S683N,0.267,0.10552461445331573,0.5660257935523987,1.3461720943450928
22,6408975,3C4C,MdrDBcore01886,S683N,-0.767,0.37292149662971497,0.5660257935523987,1.3461720943450928
22,6408975,6UAN,MdrDBcore01887,S727G,-0.02,0.034808870404958725,0.5660257935523987,1.3461720943450928
22,6408975,6UAN,MdrDBcore01888,S727G,-0.808,-0.15640419721603394,0.5660257935523987,1.3461720943450928
22,6408975,6UAN,MdrDBcore01889,S727G,-0.029,0.06241462007164955,0.5660257935523987,1.3461720943450928
22,6408975,3C4C,MdrDBcore01890,T529A,0.416,0.1605045050382614,0.5660257935523987,1.3461720943450928
22,6408975,3C4C,MdrDBcore01891,T529A,-0.801,0.4161204993724823,0.5660257935523987,1.3461720943450928
22,6408975,3C4C,MdrDBcore01892,T529A,-0.111,0.030147120356559753,0.5660257935523987,1.3461720943450928
22,6408975,3C4C,MdrDBcore01893,T529A,0.082,0.4809694290161133,0.5660257935523987,1.3461720943450928
22,6408975,3NY5,MdrDBcore01894,V226M,-0.293,0.15643493831157684,0.5660257935523987,1.3461720943450928
22,6408975,3NY5,MdrDBcore01895,V226M,-0.131,0.0268251970410347,0.5660257935523987,1.3461720943450928
22,6408975,5J18,MdrDBcore01896,V226M,-0.178,-0.606778621673584,0.5660257935523987,1.3461720943450928
22,6408975,3NY5,MdrDBcore01897,V226M,0.239,0.13643814623355865,0.5660257935523987,1.3461720943450928
22,6408975,3C4C,MdrDBcore01898,V645I,0.705,-0.07075856626033783,0.5660257935523987,1.3461720943450928
22,6408975,3C4C,MdrDBcore01899,V645I,-0.042,-0.3782772421836853,0.5660257935523987,1.3461720943450928
22,6408975,3C4C,MdrDBcore01900,V645I,0.404,0.06440556049346924,0.5660257935523987,1.3461720943450928
22,6408975,3C4C,MdrDBcore01901,V645I,0.375,0.3072701692581177,0.5660257935523987,1.3461720943450928
22,6408975,4L46,MdrDBcore01902,D193H,0.761,0.6247207522392273,0.5660257935523987,1.3461720943450928
22,6408975,4L3L,MdrDBcore01903,E84K,0.634,0.4358142912387848,0.5660257935523987,1.3461720943450928
22,6408975,3WE4,MdrDBcore01904,H210P,0.633,1.0691308975219727,0.5660257935523987,1.3461720943450928
22,6408975,3WE4,MdrDBcore01905,K141I,1.055,1.0364232063293457,0.5660257935523987,1.3461720943450928
22,6408975,3WE4,MdrDBcore01906,N145S,0.625,0.937915027141571,0.5660257935523987,1.3461720943450928
22,6408975,3WE4,MdrDBcore01907,N311S,-1.139,1.075171947479248,0.5660257935523987,1.3461720943450928
22,6408975,3WE4,MdrDBcore01908,P368L,-0.117,0.8263601064682007,0.5660257935523987,1.3461720943450928
22,6408975,3WE4,MdrDBcore01909,P88L,0.133,0.9404336214065552,0.5660257935523987,1.3461720943450928
22,6408975,3WE4,MdrDBcore01910,Q374E,0.456,1.0628904104232788,0.5660257935523987,1.3461720943450928
22,6408975,3WE4,MdrDBcore01911,T140A,0.659,1.0671730041503906,0.5660257935523987,1.3461720943450928
22,6408975,4L01,MdrDBcore01912,A760V,0.169,-1.177659034729004,0.5660257935523987,1.3461720943450928
22,6408975,4L01,MdrDBcore01913,A760V,1.517,0.2609609067440033,0.5660257935523987,1.3461720943450928
22,6408975,6N7C,MdrDBcore01914,A906V,0.388,0.6149519085884094,0.5660257935523987,1.3461720943450928
22,6408975,6N7C,MdrDBcore01915,A906V,1.681,0.7931663393974304,0.5660257935523987,1.3461720943450928
22,6408975,AlphaFold2,MdrDBcore01916,A178T,1.643,1.4985435009002686,0.5660257935523987,1.3461720943450928
22,6408975,AlphaFold2,MdrDBcore01917,A293V,1.691,1.700909972190857,0.5660257935523987,1.3461720943450928
22,6408975,AlphaFold2,MdrDBcore01918,A368P,1.753,0.7851831912994385,0.5660257935523987,1.3461720943450928
22,6408975,AlphaFold2,MdrDBcore01919,E249K,1.513,1.9072813987731934,0.5660257935523987,1.3461720943450928
22,6408975,AlphaFold2,MdrDBcore01920,E281K,2.351,2.0408425331115723,0.5660257935523987,1.3461720943450928
22,6408975,AlphaFold2,MdrDBcore01921,F315V,1.411,1.8324954509735107,0.5660257935523987,1.3461720943450928
22,6408975,AlphaFold2,MdrDBcore01922,G197R,2.016,1.9339207410812378,0.5660257935523987,1.3461720943450928
22,6408975,AlphaFold2,MdrDBcore01923,I136L,1.769,1.5976479053497314,0.5660257935523987,1.3461720943450928
22,6408975,AlphaFold2,MdrDBcore01924,I86V,1.928,1.8542083501815796,0.5660257935523987,1.3461720943450928
22,6408975,AlphaFold2,MdrDBcore01925,R232G,1.634,0.914512038230896,0.5660257935523987,1.3461720943450928
22,6408975,AlphaFold2,MdrDBcore01926,W146G,1.472,0.8643950819969177,0.5660257935523987,1.3461720943450928
22,6408975,3EZQ,MdrDBcore01927,D269N,-0.387,0.5769018530845642,0.5660257935523987,1.3461720943450928
22,6408975,3EZQ,MdrDBcore01928,I313V,0.75,0.9801173806190491,0.5660257935523987,1.3461720943450928
22,6408975,3TJE,MdrDBcore01929,R105S,0.647,0.5851382613182068,0.5660257935523987,1.3461720943450928
22,6408975,2NA7,MdrDBcore01930,R192I,-0.152,0.23154400289058685,0.5660257935523987,1.3461720943450928
22,6408975,3EZQ,MdrDBcore01931,R279H,-0.039,0.3146149516105652,0.5660257935523987,1.3461720943450928
22,6408975,3TJE,MdrDBcore01932,T122I,0.943,0.10876426100730896,0.5660257935523987,1.3461720943450928
22,6408975,3EZQ,MdrDBcore01933,V267F,1.631,0.38631004095077515,0.5660257935523987,1.3461720943450928
22,6408975,2NA7,MdrDBcore01934,W176G,0.922,0.5177590250968933,0.5660257935523987,1.3461720943450928
22,6408975,6G9D,MdrDBcore01935,H61Q,1.132,1.0439574718475342,0.5660257935523987,1.3461720943450928
22,6408975,6G9D,MdrDBcore01936,I211M,0.94,0.84829181432724,0.5660257935523987,1.3461720943450928
22,6408975,6G9D,MdrDBcore01937,L76P,0.705,0.8618649840354919,0.5660257935523987,1.3461720943450928
22,6408975,6G9D,MdrDBcore01938,R135K,0.31,0.24753151834011078,0.5660257935523987,1.3461720943450928
22,6408975,6G9D,MdrDBcore01939,R79K,-0.067,0.7126834392547607,0.5660257935523987,1.3461720943450928
22,6408975,6G9D,MdrDBcore01940,T185A,-0.553,0.819288432598114,0.5660257935523987,1.3461720943450928
22,6408975,6G9D,MdrDBcore01941,V214I,0.138,0.9256415367126465,0.5660257935523987,1.3461720943450928
22,6408975,5EHO,MdrDBcore01942,D608H,1.274,1.4666849374771118,0.5660257935523987,1.3461720943450928
22,6408975,4BI2,MdrDBcore01943,F540L,1.186,0.6722763180732727,0.5660257935523987,1.3461720943450928
22,6408975,4BI2,MdrDBcore01944,F540L,0.745,0.3099251985549927,0.5660257935523987,1.3461720943450928
22,6408975,4BI2,MdrDBcore01945,K696E,1.048,-0.03580243140459061,0.5660257935523987,1.3461720943450928
22,6408975,4BI2,MdrDBcore01946,K696E,0.571,0.37981557846069336,0.5660257935523987,1.3461720943450928
22,6408975,4BI2,MdrDBcore01947,L609F,1.373,0.62005615234375,0.5660257935523987,1.3461720943450928
22,6408975,4BI2,MdrDBcore01948,L609F,0.208,0.12157520651817322,0.5660257935523987,1.3461720943450928
22,6408975,4B94,MdrDBcore01949,R172H,1.32,0.8665949106216431,0.5660257935523987,1.3461720943450928
22,6408975,4B94,MdrDBcore01950,R185W,2.206,0.9608684182167053,0.5660257935523987,1.3461720943450928
22,6408975,4B94,MdrDBcore01951,R185W,1.954,0.6220450401306152,0.5660257935523987,1.3461720943450928
22,6408975,4BI2,MdrDBcore01952,R624C,0.767,-0.3609757423400879,0.5660257935523987,1.3461720943450928
22,6408975,4B94,MdrDBcore01953,S162I,2.241,0.9982028603553772,0.5660257935523987,1.3461720943450928
22,6408975,4B94,MdrDBcore01954,S162I,0.908,-0.10931193828582764,0.5660257935523987,1.3461720943450928
22,6408975,7CJA,MdrDBcore01955,S699F,1.188,0.49443310499191284,0.5660257935523987,1.3461720943450928
22,6408975,7CJA,MdrDBcore01956,S699F,1.917,0.6583808064460754,0.5660257935523987,1.3461720943450928
22,6408975,4B94,MdrDBcore01957,S76G,1.616,1.0617846250534058,0.5660257935523987,1.3461720943450928
22,6408975,4B94,MdrDBcore01958,S76G,0.77,1.3351340293884277,0.5660257935523987,1.3461720943450928
22,6408975,4BI2,MdrDBcore01959,Y554H,0.963,0.19807349145412445,0.5660257935523987,1.3461720943450928
22,6408975,4BI2,MdrDBcore01960,Y554H,0.291,0.4658704400062561,0.5660257935523987,1.3461720943450928
22,6408975,4BI2,MdrDBcore01961,Y726C,1.364,0.37837234139442444,0.5660257935523987,1.3461720943450928
22,6408975,4BI2,MdrDBcore01962,Y726C,0.036,0.7858155369758606,0.5660257935523987,1.3461720943450928
22,6408975,3QS9,MdrDBcore01963,A443T,-1.192,0.10252326726913452,0.5660257935523987,1.3461720943450928
22,6408975,3QS9,MdrDBcore01964,A445T,0.152,-0.580367386341095,0.5660257935523987,1.3461720943450928
22,6408975,6JQR,MdrDBcore01965,A642V,-1.297,-0.4227345585823059,0.5660257935523987,1.3461720943450928
22,6408975,6IL3,MdrDBcore01966,A680V,-0.5,0.1440240442752838,0.5660257935523987,1.3461720943450928
22,6408975,6JQR,MdrDBcore01967,A948T,-0.406,-0.2460578978061676,0.5660257935523987,1.3461720943450928
22,6408975,3QS9,MdrDBcore01968,C272S,0.581,0.7529895901679993,0.5660257935523987,1.3461720943450928
22,6408975,3QS9,MdrDBcore01969,C368Y,0.277,0.42514920234680176,0.5660257935523987,1.3461720943450928
22,6408975,3QS9,MdrDBcore01970,D362E,0.818,0.6306471824645996,0.5660257935523987,1.3461720943450928
22,6408975,6JQR,MdrDBcore01971,D787H,0.406,-0.15365538001060486,0.5660257935523987,1.3461720943450928
22,6408975,3QS9,MdrDBcore01972,E293K,-0.094,0.8830540180206299,0.5660257935523987,1.3461720943450928
22,6408975,4RT7,MdrDBcore01973,E661V,0.522,0.5823273658752441,0.5660257935523987,1.3461720943450928
22,6408975,1RJB,MdrDBcore01974,G831E,-0.481,0.4877227544784546,0.5660257935523987,1.3461720943450928
22,6408975,3QS9,MdrDBcore01975,H222R,0.161,0.652267336845398,0.5660257935523987,1.3461720943450928
22,6408975,1RJB,MdrDBcore01976,K634N,0.097,-0.02815585769712925,0.5660257935523987,1.3461720943450928
22,6408975,6IL3,MdrDBcore01977,K709T,-0.093,-0.11126010119915009,0.5660257935523987,1.3461720943450928
22,6408975,3QS9,MdrDBcore01978,L168F,0.022,0.3887052536010742,0.5660257935523987,1.3461720943450928
22,6408975,3QS9,MdrDBcore01979,L442P,0.405,0.38468608260154724,0.5660257935523987,1.3461720943450928
22,6408975,3QS9,MdrDBcore01980,N100S,0.389,0.9006823897361755,0.5660257935523987,1.3461720943450928
22,6408975,3QS9,MdrDBcore01981,P116S,-0.347,0.10108889639377594,0.5660257935523987,1.3461720943450928
22,6408975,6IL3,MdrDBcore01982,P937H,-0.617,-0.0721503421664238,0.5660257935523987,1.3461720943450928
22,6408975,6JQR,MdrDBcore01983,Q910A,-0.192,-0.4584333002567291,0.5660257935523987,1.3461720943450928
22,6408975,3QS9,MdrDBcore01984,R311W,0.247,0.3439590036869049,0.5660257935523987,1.3461720943450928
22,6408975,3QS9,MdrDBcore01985,R485T,0.33,1.1638209819793701,0.5660257935523987,1.3461720943450928
22,6408975,3QS9,MdrDBcore01986,S404F,0.45,0.7237030267715454,0.5660257935523987,1.3461720943450928
22,6408975,3QS9,MdrDBcore01987,S519F,-0.104,-0.15360590815544128,0.5660257935523987,1.3461720943450928
22,6408975,3QS9,MdrDBcore01988,T432M,-0.557,0.5281020998954773,0.5660257935523987,1.3461720943450928
22,6408975,3QS9,MdrDBcore01989,Y376C,0.41,0.6667724847793579,0.5660257935523987,1.3461720943450928
22,6408975,6B8Y,MdrDBcore01990,D367H,0.674,0.6662395000457764,0.5660257935523987,1.3461720943450928
22,6408975,6B8Y,MdrDBcore01991,E398K,-0.771,0.5214890241622925,0.5660257935523987,1.3461720943450928
22,6408975,6B8Y,MdrDBcore01992,G216V,1.594,0.5795182585716248,0.5660257935523987,1.3461720943450928
22,6408975,3HMM,MdrDBcore01993,I143V,-0.29,0.7777863144874573,0.5660257935523987,1.3461720943450928
22,6408975,6B8Y,MdrDBcore01994,K453N,0.668,0.7920258641242981,0.5660257935523987,1.3461720943450928
22,6408975,6B8Y,MdrDBcore01995,L309R,1.485,0.5306358337402344,0.5660257935523987,1.3461720943450928
22,6408975,6B8Y,MdrDBcore01996,L468F,1.275,0.9449161887168884,0.5660257935523987,1.3461720943450928
22,6408975,3HMM,MdrDBcore01997,M148I,1.0,0.7784121632575989,0.5660257935523987,1.3461720943450928
22,6408975,6B8Y,MdrDBcore01998,N342S,0.408,0.8472759127616882,0.5660257935523987,1.3461720943450928
22,6408975,2PJY,MdrDBcore01999,N45S,1.626,0.4462977945804596,0.5660257935523987,1.3461720943450928
22,6408975,6B8Y,MdrDBcore02000,R417Q,0.985,0.5327361822128296,0.5660257935523987,1.3461720943450928
22,6408975,6B8Y,MdrDBcore02001,R491W,0.724,0.6351452469825745,0.5660257935523987,1.3461720943450928
22,6408975,6B8Y,MdrDBcore02002,S420F,-0.295,0.7720772624015808,0.5660257935523987,1.3461720943450928
22,6408975,3HMM,MdrDBcore02003,V157I,1.039,0.778618574142456,0.5660257935523987,1.3461720943450928
22,6408975,6B8Y,MdrDBcore02004,V256L,1.311,0.6427747011184692,0.5660257935523987,1.3461720943450928
22,6408975,2PJY,MdrDBcore02005,V56I,0.733,1.1840486526489258,0.5660257935523987,1.3461720943450928
22,6408975,3HMM,MdrDBcore02006,V95A,1.443,0.7797080874443054,0.5660257935523987,1.3461720943450928
22,6408975,6B8Y,MdrDBcore02007,Y299F,1.173,0.7612234354019165,0.5660257935523987,1.3461720943450928
22,6408975,6B8Y,MdrDBcore02008,Y432F,0.823,0.6989085078239441,0.5660257935523987,1.3461720943450928
22,6408975,5IU2,MdrDBcore02009,A354T,-0.608,-0.17207731306552887,0.5660257935523987,1.3461720943450928
22,6408975,4Y83,MdrDBcore02010,E188K,1.857,-0.11433765292167664,0.5660257935523987,1.3461720943450928
22,6408975,4Y83,MdrDBcore02011,F271Y,-0.06,-0.2421860545873642,0.5660257935523987,1.3461720943450928
22,6408975,4Y83,MdrDBcore02012,P359S,-0.169,-0.3135460913181305,0.5660257935523987,1.3461720943450928
22,6408975,4Y83,MdrDBcore02013,R146Q,0.559,-0.6752097010612488,0.5660257935523987,1.3461720943450928
22,6408975,4Y83,MdrDBcore02014,R376C,-0.187,-0.09982664883136749,0.5660257935523987,1.3461720943450928
22,6408975,AlphaFold2,MdrDBcore02015,D1067N,-0.288,-0.6853265166282654,0.5660257935523987,1.3461720943450928
22,6408975,AlphaFold2,MdrDBcore02016,D1067N,0.55,0.5142582058906555,0.5660257935523987,1.3461720943450928
22,6408975,AlphaFold2,MdrDBcore02017,D1067V,-2.019,-1.2937862873077393,0.5660257935523987,1.3461720943450928
22,6408975,AlphaFold2,MdrDBcore02018,I767F,-0.474,-0.36355090141296387,0.5660257935523987,1.3461720943450928
22,6408975,AlphaFold2,MdrDBcore02019,I965N,1.038,0.4708820581436157,0.5660257935523987,1.3461720943450928
22,6408975,AlphaFold2,MdrDBcore02020,K718R,1.061,0.46320825815200806,0.5660257935523987,1.3461720943450928
22,6408975,AlphaFold2,MdrDBcore02021,L535R,0.233,0.41493305563926697,0.5660257935523987,1.3461720943450928
22,6408975,AlphaFold2,MdrDBcore02022,L642P,1.319,0.48660963773727417,0.5660257935523987,1.3461720943450928
22,6408975,AlphaFold2,MdrDBcore02023,L933P,-1.38,0.7783738374710083,0.5660257935523987,1.3461720943450928
22,6408975,AlphaFold2,MdrDBcore02024,L99R,0.489,0.15018495917320251,0.5660257935523987,1.3461720943450928
22,6408975,AlphaFold2,MdrDBcore02025,M630R,1.408,1.5230498313903809,0.5660257935523987,1.3461720943450928
22,6408975,AlphaFold2,MdrDBcore02026,N717S,1.011,0.551446795463562,0.5660257935523987,1.3461720943450928
22,6408975,AlphaFold2,MdrDBcore02027,P437H,1.642,0.8966019153594971,0.5660257935523987,1.3461720943450928
22,6408975,AlphaFold2,MdrDBcore02028,R321Q,-0.085,-0.5363603830337524,0.5660257935523987,1.3461720943450928
22,6408975,AlphaFold2,MdrDBcore02029,R48Q,0.185,0.4839637875556946,0.5660257935523987,1.3461720943450928
22,6408975,AlphaFold2,MdrDBcore02030,R668Q,1.201,1.225588321685791,0.5660257935523987,1.3461720943450928
22,6408975,AlphaFold2,MdrDBcore02031,R668W,0.304,0.01351848617196083,0.5660257935523987,1.3461720943450928
22,6408975,AlphaFold2,MdrDBcore02032,R896L,-0.341,0.3614104390144348,0.5660257935523987,1.3461720943450928
22,6408975,AlphaFold2,MdrDBcore02033,R896L,0.697,-0.3316482901573181,0.5660257935523987,1.3461720943450928
22,6408975,AlphaFold2,MdrDBcore02034,T721P,-0.549,-0.48380258679389954,0.5660257935523987,1.3461720943450928
22,6408975,AlphaFold2,MdrDBcore02035,T721P,-0.316,-0.3177817165851593,0.5660257935523987,1.3461720943450928
22,6408975,AlphaFold2,MdrDBcore02036,V369I,-1.283,-0.8986697196960449,0.5660257935523987,1.3461720943450928
22,6408975,AlphaFold2,MdrDBcore02037,V369I,-0.083,-0.27219638228416443,0.5660257935523987,1.3461720943450928
22,6408975,6SB0,MdrDBcore02038,A1134T,-2.549,-0.26101920008659363,0.5660257935523987,1.3461720943450928
22,6408975,6SB0,MdrDBcore02039,A1134V,-0.777,-0.8945887684822083,0.5660257935523987,1.3461720943450928
22,6408975,7EPD,MdrDBcore02040,A329T,-0.929,-0.03392718732357025,0.5660257935523987,1.3461720943450928
22,6408975,7PE9,MdrDBcore02041,A41T,-3.177,0.2914566397666931,0.5660257935523987,1.3461720943450928
22,6408975,6SB0,MdrDBcore02042,A695V,-1.293,0.13879676163196564,0.5660257935523987,1.3461720943450928
22,6408975,7PE9,MdrDBcore02043,A695V,-1.002,-0.7472540140151978,0.5660257935523987,1.3461720943450928
22,6408975,6SB0,MdrDBcore02044,A954T,-2.775,-1.5335582494735718,0.5660257935523987,1.3461720943450928
22,6408975,6SB0,MdrDBcore02045,D1332E,-2.443,-1.9712255001068115,0.5660257935523987,1.3461720943450928
22,6408975,6SB0,MdrDBcore02046,D259Y,-0.308,0.012613620609045029,0.5660257935523987,1.3461720943450928
22,6408975,6SB0,MdrDBcore02047,E1033K,-1.819,-1.566728115081787,0.5660257935523987,1.3461720943450928
22,6408975,5WBY,MdrDBcore02048,E1799K,-0.79,-1.152057409286499,0.5660257935523987,1.3461720943450928
22,6408975,7PE9,MdrDBcore02049,E2000Q,-1.021,-0.1408548355102539,0.5660257935523987,1.3461720943450928
22,6408975,6SB0,MdrDBcore02050,E427D,-4.512,-2.085721015930176,0.5660257935523987,1.3461720943450928
22,6408975,6SB0,MdrDBcore02051,F140L,-0.639,0.21690985560417175,0.5660257935523987,1.3461720943450928
22,6408975,6SB0,MdrDBcore02052,H1647Q,-0.947,-1.5414788722991943,0.5660257935523987,1.3461720943450928
22,6408975,6SB0,MdrDBcore02053,I2017T,-1.532,-0.7160677313804626,0.5660257935523987,1.3461720943450928
22,6408975,6SB0,MdrDBcore02054,K1197N,-2.878,-1.448994517326355,0.5660257935523987,1.3461720943450928
22,6408975,6SB0,MdrDBcore02055,K1981E,-2.429,-1.699914813041687,0.5660257935523987,1.3461720943450928
22,6408975,6SB0,MdrDBcore02056,L1129P,-2.09,-1.761438012123108,0.5660257935523987,1.3461720943450928
22,6408975,6SB0,MdrDBcore02057,L1894V,-2.235,0.13444530963897705,0.5660257935523987,1.3461720943450928
22,6408975,6SB0,MdrDBcore02058,L1894V,-2.592,-1.9093952178955078,0.5660257935523987,1.3461720943450928
22,6408975,7PE9,MdrDBcore02059,L2138F,-1.88,0.2911417484283447,0.5660257935523987,1.3461720943450928
22,6408975,6SB0,MdrDBcore02060,L2427R,-2.787,-1.8008856773376465,0.5660257935523987,1.3461720943450928
22,6408975,6SB0,MdrDBcore02061,M135T,-1.39,-0.7281469106674194,0.5660257935523987,1.3461720943450928
22,6408975,7EPD,MdrDBcore02062,M476V,-1.455,-1.6690720319747925,0.5660257935523987,1.3461720943450928
22,6408975,6SB0,MdrDBcore02063,N1765D,-1.825,-1.6688668727874756,0.5660257935523987,1.3461720943450928
22,6408975,6SB0,MdrDBcore02064,P1128L,-3.787,-2.0279123783111572,0.5660257935523987,1.3461720943450928
22,6408975,6SB0,MdrDBcore02065,P1193L,-1.318,-1.2880035638809204,0.5660257935523987,1.3461720943450928
22,6408975,6SB0,MdrDBcore02066,P1312L,-1.355,-0.13959801197052002,0.5660257935523987,1.3461720943450928
22,6408975,6SB0,MdrDBcore02067,P1537S,-1.259,-0.2710322141647339,0.5660257935523987,1.3461720943450928
22,6408975,6SB0,MdrDBcore02068,P1609L,-1.712,0.1488562673330307,0.5660257935523987,1.3461720943450928
22,6408975,6SB0,MdrDBcore02069,P1609L,-1.195,-1.722785234451294,0.5660257935523987,1.3461720943450928
22,6408975,6SB0,MdrDBcore02070,P1951S,-0.062,-0.009618151932954788,0.5660257935523987,1.3461720943450928
22,6408975,6SB0,MdrDBcore02071,P453L,-2.746,-1.534690499305725,0.5660257935523987,1.3461720943450928
22,6408975,6SB0,MdrDBcore02072,P770A,-1.411,0.12940023839473724,0.5660257935523987,1.3461720943450928
22,6408975,6SB0,MdrDBcore02073,P770A,-1.782,-1.9568711519241333,0.5660257935523987,1.3461720943450928
22,6408975,6SB0,MdrDBcore02074,Q1207P,-3.336,-0.22077275812625885,0.5660257935523987,1.3461720943450928
22,6408975,7PE9,MdrDBcore02075,R1208C,-1.145,-1.374389410018921,0.5660257935523987,1.3461720943450928
22,6408975,6SB0,MdrDBcore02076,R1482C,-2.339,-0.7269827723503113,0.5660257935523987,1.3461720943450928
22,6408975,6SB0,MdrDBcore02077,R1612Q,0.682,-0.09169532358646393,0.5660257935523987,1.3461720943450928
22,6408975,6SB0,MdrDBcore02078,R1709H,-2.867,-0.5381054282188416,0.5660257935523987,1.3461720943450928
22,6408975,6SB0,MdrDBcore02079,R1709H,-1.1,-1.215038537979126,0.5660257935523987,1.3461720943450928
22,6408975,6SB0,MdrDBcore02080,R1784C,0.857,0.3968687951564789,0.5660257935523987,1.3461720943450928
22,6408975,6SB0,MdrDBcore02081,R1811H,-1.625,-2.060481071472168,0.5660257935523987,1.3461720943450928
22,6408975,6SB0,MdrDBcore02082,R2152C,-3.364,-1.586485743522644,0.5660257935523987,1.3461720943450928
22,6408975,7PE9,MdrDBcore02083,S1178F,-0.977,-1.2101813554763794,0.5660257935523987,1.3461720943450928
22,6408975,6SB0,MdrDBcore02084,S2215F,-2.632,-2.3838868141174316,0.5660257935523987,1.3461720943450928
22,6408975,6SB0,MdrDBcore02085,S645C,-1.77,-1.916450023651123,0.5660257935523987,1.3461720943450928
22,6408975,7PE9,MdrDBcore02086,T1948M,-2.088,-1.3096095323562622,0.5660257935523987,1.3461720943450928
22,6408975,6SB0,MdrDBcore02087,T1948M,-0.221,-1.2409287691116333,0.5660257935523987,1.3461720943450928
22,6408975,6SB0,MdrDBcore02088,T2232I,-0.216,-1.4459301233291626,0.5660257935523987,1.3461720943450928
22,6408975,6SB0,MdrDBcore02089,T2509A,-3.481,-1.4868462085723877,0.5660257935523987,1.3461720943450928
22,6408975,7EPD,MdrDBcore02090,T571K,-3.356,-0.7709285616874695,0.5660257935523987,1.3461720943450928
22,6408975,6SB0,MdrDBcore02091,T588M,-1.698,-1.7738193273544312,0.5660257935523987,1.3461720943450928
22,6408975,6SB0,MdrDBcore02092,T647I,-2.934,-0.24209313094615936,0.5660257935523987,1.3461720943450928
22,6408975,6SB0,MdrDBcore02093,T647I,-2.127,-1.9455475807189941,0.5660257935523987,1.3461720943450928
22,6408975,5WBY,MdrDBcore02094,V1591L,-2.614,-1.2690229415893555,0.5660257935523987,1.3461720943450928
22,6408975,6SB0,MdrDBcore02095,W1304R,-0.871,-0.26660072803497314,0.5660257935523987,1.3461720943450928
22,6408975,5WBY,MdrDBcore02096,W1456R,-3.121,-2.469285488128662,0.5660257935523987,1.3461720943450928
22,6408975,6SB0,MdrDBcore02097,Y1151C,-0.722,-2.1526968479156494,0.5660257935523987,1.3461720943450928
22,6408975,6SB0,MdrDBcore02098,Y861H,-1.509,-0.3737105429172516,0.5660257935523987,1.3461720943450928
22,6408975,6SB0,MdrDBcore02099,Y861H,-2.08,-1.9748237133026123,0.5660257935523987,1.3461720943450928
22,6408975,4FL2,MdrDBcore02100,A353T,-0.306,-0.17933565378189087,0.5660257935523987,1.3461720943450928
22,6408975,4FL2,MdrDBcore02101,A353T,-1.045,-0.6971430778503418,0.5660257935523987,1.3461720943450928
22,6408975,4FL2,MdrDBcore02102,A353T,-0.914,0.8202394247055054,0.5660257935523987,1.3461720943450928
22,6408975,4RX7,MdrDBcore02103,A620T,1.14,0.1185164749622345,0.5660257935523987,1.3461720943450928
22,6408975,5CXZ,MdrDBcore02104,A620T,-0.871,0.36290764808654785,0.5660257935523987,1.3461720943450928
22,6408975,5CXZ,MdrDBcore02105,A620T,-0.284,0.8193983435630798,0.5660257935523987,1.3461720943450928
22,6408975,1A81,MdrDBcore02106,A86T,1.59,0.458482950925827,0.5660257935523987,1.3461720943450928
22,6408975,7SA7,MdrDBcore02107,A86T,0.263,0.612146258354187,0.5660257935523987,1.3461720943450928
22,6408975,7SA7,MdrDBcore02108,A86T,0.511,0.36826005578041077,0.5660257935523987,1.3461720943450928
22,6408975,5CXZ,MdrDBcore02109,D428N,-0.288,0.2389407604932785,0.5660257935523987,1.3461720943450928
22,6408975,5CXZ,MdrDBcore02110,D428N,-0.438,0.2984093427658081,0.5660257935523987,1.3461720943450928
22,6408975,5CXZ,MdrDBcore02111,D428N,-0.601,0.12381573021411896,0.5660257935523987,1.3461720943450928
22,6408975,5CXZ,MdrDBcore02112,E586D,-0.614,0.30643972754478455,0.5660257935523987,1.3461720943450928
22,6408975,5CXZ,MdrDBcore02113,E586D,0.601,0.35405510663986206,0.5660257935523987,1.3461720943450928
22,6408975,5CXZ,MdrDBcore02114,E586D,-0.338,0.7857971787452698,0.5660257935523987,1.3461720943450928
22,6408975,5CXZ,MdrDBcore02115,G578E,0.377,0.23006828129291534,0.5660257935523987,1.3461720943450928
22,6408975,5CXZ,MdrDBcore02116,G578E,-0.261,0.3586982488632202,0.5660257935523987,1.3461720943450928
22,6408975,4RX7,MdrDBcore02117,G578E,-0.286,1.219600796699524,0.5660257935523987,1.3461720943450928
22,6408975,4RX7,MdrDBcore02118,G588R,-0.786,0.4580599069595337,0.5660257935523987,1.3461720943450928
22,6408975,5CXZ,MdrDBcore02119,G588R,0.867,0.3410164415836334,0.5660257935523987,1.3461720943450928
22,6408975,5CXZ,MdrDBcore02120,G588R,1.22,0.8424721360206604,0.5660257935523987,1.3461720943450928
22,6408975,5CXZ,MdrDBcore02121,H492Y,-0.596,0.5927607417106628,0.5660257935523987,1.3461720943450928
22,6408975,5CXZ,MdrDBcore02122,H492Y,-0.815,0.28908732533454895,0.5660257935523987,1.3461720943450928
22,6408975,5CXZ,MdrDBcore02123,H492Y,-0.579,0.589914858341217,0.5660257935523987,1.3461720943450928
22,6408975,4RX7,MdrDBcore02124,I438M,1.949,1.04500150680542,0.5660257935523987,1.3461720943450928
22,6408975,7SA7,MdrDBcore02125,K133E,0.343,0.03706034645438194,0.5660257935523987,1.3461720943450928
22,6408975,7SA7,MdrDBcore02126,K133E,-0.138,0.05799596384167671,0.5660257935523987,1.3461720943450928
22,6408975,7SA7,MdrDBcore02127,K133E,0.598,1.0370720624923706,0.5660257935523987,1.3461720943450928
22,6408975,5CXZ,MdrDBcore02128,K386N,-0.514,0.10935942828655243,0.5660257935523987,1.3461720943450928
22,6408975,5CXZ,MdrDBcore02129,N381I,-0.613,0.41541677713394165,0.5660257935523987,1.3461720943450928
22,6408975,4RX7,MdrDBcore02130,N381I,-0.32,0.255037397146225,0.5660257935523987,1.3461720943450928
22,6408975,5CXZ,MdrDBcore02131,N381I,-0.743,0.22489605844020844,0.5660257935523987,1.3461720943450928
22,6408975,4FL2,MdrDBcore02132,P355L,0.228,0.417584091424942,0.5660257935523987,1.3461720943450928
22,6408975,1XBB,MdrDBcore02133,R520S,2.261,0.6123589873313904,0.5660257935523987,1.3461720943450928
22,6408975,5CXZ,MdrDBcore02134,R520S,-0.815,0.33786845207214355,0.5660257935523987,1.3461720943450928
22,6408975,5CXZ,MdrDBcore02135,R520S,0.111,1.0174105167388916,0.5660257935523987,1.3461720943450928
22,6408975,5CXZ,MdrDBcore02136,V622A,-0.123,0.1782660335302353,0.5660257935523987,1.3461720943450928
22,6408975,5CXZ,MdrDBcore02137,V622A,1.095,0.34517917037010193,0.5660257935523987,1.3461720943450928
22,6408975,5CXZ,MdrDBcore02138,V622A,1.357,0.9030399322509766,0.5660257935523987,1.3461720943450928
22,6408975,1A81,MdrDBcore02139,Y246C,-0.223,0.016474369913339615,0.5660257935523987,1.3461720943450928
22,6408975,4RX7,MdrDBcore02140,Y568H,-0.077,0.8345692753791809,0.5660257935523987,1.3461720943450928
22,6408975,5CXZ,MdrDBcore02141,Y568H,-0.729,0.2855328619480133,0.5660257935523987,1.3461720943450928
22,6408975,5CXZ,MdrDBcore02142,Y568H,-0.078,0.10928547382354736,0.5660257935523987,1.3461720943450928
22,6408975,4O1D,MdrDBcore02143,A252S,-0.845,0.05391022190451622,0.5660257935523987,1.3461720943450928
22,6408975,4O1D,MdrDBcore02144,A83V,0.014,0.1928541362285614,0.5660257935523987,1.3461720943450928
22,6408975,4O1D,MdrDBcore02145,E263G,-1.313,0.1927882730960846,0.5660257935523987,1.3461720943450928
22,6408975,4O1D,MdrDBcore02146,E336D,2.7,0.20312058925628662,0.5660257935523987,1.3461720943450928
22,6408975,4O1D,MdrDBcore02147,E487D,0.707,0.6377474069595337,0.5660257935523987,1.3461720943450928
22,6408975,4O1D,MdrDBcore02148,G100R,-0.997,0.06928308308124542,0.5660257935523987,1.3461720943450928
22,6408975,4O1D,MdrDBcore02149,I206T,2.095,0.1712023913860321,0.5660257935523987,1.3461720943450928
22,6408975,4O1D,MdrDBcore02150,K228A,-1.331,0.08136595785617828,0.5660257935523987,1.3461720943450928
22,6408975,4O1D,MdrDBcore02151,K339E,-0.833,0.005028415471315384,0.5660257935523987,1.3461720943450928
22,6408975,4O1D,MdrDBcore02152,K342R,-1.852,0.1382669359445572,0.5660257935523987,1.3461720943450928
22,6408975,4O1D,MdrDBcore02153,K423A,-2.217,0.22264356911182404,0.5660257935523987,1.3461720943450928
22,6408975,4O1D,MdrDBcore02154,L226R,3.238,0.17999307811260223,0.5660257935523987,1.3461720943450928
22,6408975,4O1D,MdrDBcore02155,Q268K,-0.386,0.24940688908100128,0.5660257935523987,1.3461720943450928
22,6408975,3DKJ,MdrDBcore02156,Q362E,0.056,-0.2940160632133484,0.5660257935523987,1.3461720943450928
22,6408975,4O1D,MdrDBcore02157,R349K,0.005,0.3399643301963806,0.5660257935523987,1.3461720943450928
22,6408975,4O1D,MdrDBcore02158,T233M,-2.333,0.10857139527797699,0.5660257935523987,1.3461720943450928
22,6408975,4O1D,MdrDBcore02159,V221A,0.654,0.07950928807258606,0.5660257935523987,1.3461720943450928
22,6408975,4O1D,MdrDBcore02160,V266I,2.09,0.01832587644457817,0.5660257935523987,1.3461720943450928
22,6408975,4O1D,MdrDBcore02161,V300I,0.067,0.18194986879825592,0.5660257935523987,1.3461720943450928
22,6408975,4O1D,MdrDBcore02162,Y142C,0.206,0.024314485490322113,0.5660257935523987,1.3461720943450928
22,6408975,4O1D,MdrDBcore02163,Y36C,1.022,0.22602908313274384,0.5660257935523987,1.3461720943450928
22,6408975,4AWI,MdrDBcore02164,A282D,-0.775,0.19531629979610443,0.5660257935523987,1.3461720943450928
22,6408975,4AWI,MdrDBcore02165,C79Y,1.349,0.412736177444458,0.5660257935523987,1.3461720943450928
22,6408975,4AWI,MdrDBcore02166,D277G,-0.384,0.22315384447574615,0.5660257935523987,1.3461720943450928
22,6408975,4AWI,MdrDBcore02167,D277V,0.443,-0.007715312764048576,0.5660257935523987,1.3461720943450928
22,6408975,4AWI,MdrDBcore02168,H149R,-0.612,-0.24532966315746307,0.5660257935523987,1.3461720943450928
22,6408975,4AWI,MdrDBcore02169,I304M,-0.709,-0.21025241911411285,0.5660257935523987,1.3461720943450928
22,6408975,4AWI,MdrDBcore02170,M200T,-1.724,-0.19260916113853455,0.5660257935523987,1.3461720943450928
22,6408975,3L08,MdrDBcore02171,A197T,-1.852,0.13085763156414032,0.5660257935523987,1.3461720943450928
22,6408975,3L08,MdrDBcore02172,A197T,0.351,1.0197125673294067,0.5660257935523987,1.3461720943450928
22,6408975,4GB9,MdrDBcore02173,A253T,0.688,0.6118218898773193,0.5660257935523987,1.3461720943450928
22,6408975,4GB9,MdrDBcore02174,A253T,1.775,0.8364830017089844,0.5660257935523987,1.3461720943450928
22,6408975,4GB9,MdrDBcore02175,A253T,0.231,0.49436622858047485,0.5660257935523987,1.3461720943450928
22,6408975,3L08,MdrDBcore02176,A314T,0.664,0.2998557984828949,0.5660257935523987,1.3461720943450928
22,6408975,4GB9,MdrDBcore02177,A314T,1.258,0.8423183560371399,0.5660257935523987,1.3461720943450928
22,6408975,4GB9,MdrDBcore02178,A314T,0.288,0.5301154255867004,0.5660257935523987,1.3461720943450928
22,6408975,3L08,MdrDBcore02179,A528V,-0.026,0.21291209757328033,0.5660257935523987,1.3461720943450928
22,6408975,4GB9,MdrDBcore02180,A528V,0.923,0.8454307317733765,0.5660257935523987,1.3461720943450928
22,6408975,3L08,MdrDBcore02181,A528V,-0.333,-0.1502552479505539,0.5660257935523987,1.3461720943450928
22,6408975,3L08,MdrDBcore02182,A557V,1.842,1.0865790843963623,0.5660257935523987,1.3461720943450928
22,6408975,3L08,MdrDBcore02183,A569T,1.29,0.29689693450927734,0.5660257935523987,1.3461720943450928
22,6408975,3L08,MdrDBcore02184,A569T,1.746,1.005839467048645,0.5660257935523987,1.3461720943450928
22,6408975,3L08,MdrDBcore02185,A569T,1.264,0.1263452172279358,0.5660257935523987,1.3461720943450928
22,6408975,4GB9,MdrDBcore02186,A621S,1.204,0.5914173722267151,0.5660257935523987,1.3461720943450928
22,6408975,3L08,MdrDBcore02187,A621S,1.806,1.3460822105407715,0.5660257935523987,1.3461720943450928
22,6408975,3L08,MdrDBcore02188,A621S,0.475,-0.0647498071193695,0.5660257935523987,1.3461720943450928
22,6408975,7MEZ,MdrDBcore02189,A84V,-0.146,-0.3536359965801239,0.5660257935523987,1.3461720943450928
22,6408975,3L08,MdrDBcore02190,D192N,0.216,0.14229367673397064,0.5660257935523987,1.3461720943450928
22,6408975,3L08,MdrDBcore02191,D192N,-1.811,-0.0731869712471962,0.5660257935523987,1.3461720943450928
22,6408975,3L16,MdrDBcore02192,D358Y,-0.059,0.7198759317398071,0.5660257935523987,1.3461720943450928
22,6408975,3L08,MdrDBcore02193,D358Y,1.423,1.2824634313583374,0.5660257935523987,1.3461720943450928
22,6408975,3L08,MdrDBcore02194,D358Y,-0.28,0.08856244385242462,0.5660257935523987,1.3461720943450928
22,6408975,3L08,MdrDBcore02195,D946N,0.767,0.28749141097068787,0.5660257935523987,1.3461720943450928
22,6408975,3L08,MdrDBcore02196,D946N,0.372,0.8585533499717712,0.5660257935523987,1.3461720943450928
22,6408975,3L08,MdrDBcore02197,D946N,-0.134,-0.028256407007575035,0.5660257935523987,1.3461720943450928
22,6408975,7MEZ,MdrDBcore02198,E108K,-1.323,0.12939201295375824,0.5660257935523987,1.3461720943450928
22,6408975,7MEZ,MdrDBcore02199,E108K,0.043,-0.5889849066734314,0.5660257935523987,1.3461720943450928
22,6408975,3L08,MdrDBcore02200,G276S,-0.235,0.3254072368144989,0.5660257935523987,1.3461720943450928
22,6408975,3L08,MdrDBcore02201,G276S,1.873,1.0393755435943604,0.5660257935523987,1.3461720943450928
22,6408975,3L08,MdrDBcore02202,G276S,-1.009,0.14596854150295258,0.5660257935523987,1.3461720943450928
22,6408975,7MEZ,MdrDBcore02203,G343S,0.915,0.555759847164154,0.5660257935523987,1.3461720943450928
22,6408975,7MEZ,MdrDBcore02204,G343S,1.741,0.29782745242118835,0.5660257935523987,1.3461720943450928
22,6408975,7MEZ,MdrDBcore02205,G343S,-0.181,0.1605488508939743,0.5660257935523987,1.3461720943450928
22,6408975,3L08,MdrDBcore02206,G436S,2.055,1.2831590175628662,0.5660257935523987,1.3461720943450928
22,6408975,7MEZ,MdrDBcore02207,G65D,-0.46,0.18738730251789093,0.5660257935523987,1.3461720943450928
22,6408975,3L08,MdrDBcore02208,G996A,0.184,0.3222852945327759,0.5660257935523987,1.3461720943450928
22,6408975,3L08,MdrDBcore02209,G996A,0.68,0.08804774284362793,0.5660257935523987,1.3461720943450928
22,6408975,3L08,MdrDBcore02210,H295Q,0.103,0.2967313528060913,0.5660257935523987,1.3461720943450928
22,6408975,3L08,MdrDBcore02211,H295Q,0.728,0.9775761961936951,0.5660257935523987,1.3461720943450928
22,6408975,3L08,MdrDBcore02212,H295Q,-0.988,-0.12768085300922394,0.5660257935523987,1.3461720943450928
22,6408975,3L08,MdrDBcore02213,H693Q,0.143,0.2892181873321533,0.5660257935523987,1.3461720943450928
22,6408975,3L08,MdrDBcore02214,H693Q,0.77,1.018526554107666,0.5660257935523987,1.3461720943450928
22,6408975,3L08,MdrDBcore02215,H693Q,0.789,0.013114150613546371,0.5660257935523987,1.3461720943450928
22,6408975,3L08,MdrDBcore02216,H909L,1.219,0.2899281084537506,0.5660257935523987,1.3461720943450928
22,6408975,3L08,MdrDBcore02217,H909L,1.575,1.2624181509017944,0.5660257935523987,1.3461720943450928
22,6408975,3L08,MdrDBcore02218,H909L,-0.26,0.09291473031044006,0.5660257935523987,1.3461720943450928
22,6408975,3L08,MdrDBcore02219,I158M,-0.179,0.29678940773010254,0.5660257935523987,1.3461720943450928
22,6408975,3L08,MdrDBcore02220,I158M,0.786,1.44884192943573,0.5660257935523987,1.3461720943450928
22,6408975,3L08,MdrDBcore02221,I158M,-0.507,0.014097563922405243,0.5660257935523987,1.3461720943450928
22,6408975,3L08,MdrDBcore02222,I220M,0.235,0.30988138914108276,0.5660257935523987,1.3461720943450928
22,6408975,3L08,MdrDBcore02223,I220M,1.658,0.8451611399650574,0.5660257935523987,1.3461720943450928
22,6408975,3L08,MdrDBcore02224,I220M,0.889,-0.0009684041142463684,0.5660257935523987,1.3461720943450928
22,6408975,3L16,MdrDBcore02225,I287M,0.239,0.7239710688591003,0.5660257935523987,1.3461720943450928
22,6408975,3L08,MdrDBcore02226,I287M,0.731,1.0780943632125854,0.5660257935523987,1.3461720943450928
22,6408975,3L08,MdrDBcore02227,I287M,-1.226,0.055508214980363846,0.5660257935523987,1.3461720943450928
22,6408975,3L08,MdrDBcore02228,I643V,0.624,0.3254593312740326,0.5660257935523987,1.3461720943450928
22,6408975,3L08,MdrDBcore02229,I643V,1.642,1.1435999870300293,0.5660257935523987,1.3461720943450928
22,6408975,3L08,MdrDBcore02230,I643V,0.519,0.06865066289901733,0.5660257935523987,1.3461720943450928
22,6408975,3L08,MdrDBcore02231,I888V,-1.351,0.277506023645401,0.5660257935523987,1.3461720943450928
22,6408975,3L08,MdrDBcore02232,I888V,1.043,1.0697871446609497,0.5660257935523987,1.3461720943450928
22,6408975,3L08,MdrDBcore02233,I888V,-2.396,0.07883965969085693,0.5660257935523987,1.3461720943450928
22,6408975,4EZL,MdrDBcore02234,L1092H,0.068,0.6938716769218445,0.5660257935523987,1.3461720943450928
22,6408975,4EZL,MdrDBcore02235,L1092H,0.793,0.7886723279953003,0.5660257935523987,1.3461720943450928
22,6408975,4EZL,MdrDBcore02236,L1092H,-0.092,0.5943058133125305,0.5660257935523987,1.3461720943450928
22,6408975,3L08,MdrDBcore02237,L211P,-0.101,0.28953245282173157,0.5660257935523987,1.3461720943450928
22,6408975,3L08,MdrDBcore02238,L211P,0.311,1.0088332891464233,0.5660257935523987,1.3461720943450928
22,6408975,4GB9,MdrDBcore02239,L211P,-2.641,0.3488987982273102,0.5660257935523987,1.3461720943450928
22,6408975,4GB9,MdrDBcore02240,L651V,0.331,0.5956861972808838,0.5660257935523987,1.3461720943450928
22,6408975,4GB9,MdrDBcore02241,L651V,2.12,0.9221468567848206,0.5660257935523987,1.3461720943450928
22,6408975,3L08,MdrDBcore02242,L651V,0.752,0.24978409707546234,0.5660257935523987,1.3461720943450928
22,6408975,3L08,MdrDBcore02243,M1039T,0.369,0.29642683267593384,0.5660257935523987,1.3461720943450928
22,6408975,3L08,MdrDBcore02244,M1039T,2.592,1.0846561193466187,0.5660257935523987,1.3461720943450928
22,6408975,3L08,MdrDBcore02245,M1039T,0.201,-0.006159134209156036,0.5660257935523987,1.3461720943450928
22,6408975,1HE8,MdrDBcore02246,M259I,0.954,0.5728161931037903,0.5660257935523987,1.3461720943450928
22,6408975,1HE8,MdrDBcore02247,M259I,1.22,1.259294867515564,0.5660257935523987,1.3461720943450928
22,6408975,1HE8,MdrDBcore02248,M259I,-1.632,-0.14561322331428528,0.5660257935523987,1.3461720943450928
22,6408975,3L08,MdrDBcore02249,N386S,-1.827,-0.04874357581138611,0.5660257935523987,1.3461720943450928
22,6408975,3L08,MdrDBcore02250,N386S,0.942,0.842068612575531,0.5660257935523987,1.3461720943450928
22,6408975,3L08,MdrDBcore02251,N386S,-0.521,-0.1299845278263092,0.5660257935523987,1.3461720943450928
22,6408975,3DPD,MdrDBcore02252,N979S,1.963,0.8226895332336426,0.5660257935523987,1.3461720943450928
22,6408975,7MEZ,MdrDBcore02253,P142L,1.149,1.0545541048049927,0.5660257935523987,1.3461720943450928
22,6408975,7MEZ,MdrDBcore02254,P142L,-1.412,-0.8939083814620972,0.5660257935523987,1.3461720943450928
22,6408975,3L08,MdrDBcore02255,P208L,-0.45,0.1689300686120987,0.5660257935523987,1.3461720943450928
22,6408975,3L08,MdrDBcore02256,P208L,1.21,1.1902761459350586,0.5660257935523987,1.3461720943450928
22,6408975,3L08,MdrDBcore02257,P208L,0.288,-0.019606972113251686,0.5660257935523987,1.3461720943450928
22,6408975,7MEZ,MdrDBcore02258,P538L,-0.83,0.059306588023900986,0.5660257935523987,1.3461720943450928
22,6408975,7MEZ,MdrDBcore02259,P538L,1.314,-0.022411810234189034,0.5660257935523987,1.3461720943450928
22,6408975,7MEZ,MdrDBcore02260,P538L,0.748,0.1594272404909134,0.5660257935523987,1.3461720943450928
22,6408975,3L08,MdrDBcore02261,P563T,1.021,0.3060709536075592,0.5660257935523987,1.3461720943450928
22,6408975,3L08,MdrDBcore02262,P563T,1.037,0.9281418323516846,0.5660257935523987,1.3461720943450928
22,6408975,3L08,MdrDBcore02263,P563T,-0.446,-0.13284260034561157,0.5660257935523987,1.3461720943450928
22,6408975,3L08,MdrDBcore02264,R178C,-0.349,0.2878659963607788,0.5660257935523987,1.3461720943450928
22,6408975,3L08,MdrDBcore02265,R178C,0.99,1.3629441261291504,0.5660257935523987,1.3461720943450928
22,6408975,3L08,MdrDBcore02266,R178C,0.102,0.0702531635761261,0.5660257935523987,1.3461720943450928
22,6408975,3L08,MdrDBcore02267,R362K,2.215,0.3039259910583496,0.5660257935523987,1.3461720943450928
22,6408975,4GB9,MdrDBcore02268,R362K,1.776,0.7054615020751953,0.5660257935523987,1.3461720943450928
22,6408975,3L08,MdrDBcore02269,R362K,2.351,-0.048253245651721954,0.5660257935523987,1.3461720943450928
22,6408975,3L08,MdrDBcore02270,R362S,0.783,0.1623522788286209,0.5660257935523987,1.3461720943450928
22,6408975,3L08,MdrDBcore02271,R362S,0.697,0.8200357556343079,0.5660257935523987,1.3461720943450928
22,6408975,3L08,MdrDBcore02272,R362S,-1.205,0.05958143249154091,0.5660257935523987,1.3461720943450928
22,6408975,3L08,MdrDBcore02273,R472P,-0.787,0.26946398615837097,0.5660257935523987,1.3461720943450928
22,6408975,3L08,MdrDBcore02274,R472P,-0.729,-0.04981980100274086,0.5660257935523987,1.3461720943450928
22,6408975,3L08,MdrDBcore02275,R477C,-0.021,0.29952535033226013,0.5660257935523987,1.3461720943450928
22,6408975,3L08,MdrDBcore02276,R477C,0.722,1.0702476501464844,0.5660257935523987,1.3461720943450928
22,6408975,3L08,MdrDBcore02277,R477C,-0.008,-0.0421314612030983,0.5660257935523987,1.3461720943450928
22,6408975,4GB9,MdrDBcore02278,R839C,0.1,0.6120783090591431,0.5660257935523987,1.3461720943450928
22,6408975,4GB9,MdrDBcore02279,R839C,1.826,0.7538219094276428,0.5660257935523987,1.3461720943450928
22,6408975,3L08,MdrDBcore02280,R839C,0.741,0.12281385064125061,0.5660257935523987,1.3461720943450928
22,6408975,3L08,MdrDBcore02281,S806F,1.167,1.0671995878219604,0.5660257935523987,1.3461720943450928
22,6408975,3L08,MdrDBcore02282,S806F,0.803,0.5567919611930847,0.5660257935523987,1.3461720943450928
22,6408975,3L08,MdrDBcore02283,T1081I,0.994,1.2692010402679443,0.5660257935523987,1.3461720943450928
22,6408975,7MEZ,MdrDBcore02284,T330M,-0.318,0.39329081773757935,0.5660257935523987,1.3461720943450928
22,6408975,7MEZ,MdrDBcore02285,T330M,0.832,-0.01860535889863968,0.5660257935523987,1.3461720943450928
22,6408975,7MEZ,MdrDBcore02286,T330M,-0.466,0.40077364444732666,0.5660257935523987,1.3461720943450928
22,6408975,4GB9,MdrDBcore02287,T627I,0.0,0.6047850251197815,0.5660257935523987,1.3461720943450928
22,6408975,3L08,MdrDBcore02288,T627I,-1.75,0.03842751309275627,0.5660257935523987,1.3461720943450928
22,6408975,4GB9,MdrDBcore02289,T827R,-0.102,0.5962967872619629,0.5660257935523987,1.3461720943450928
22,6408975,3L08,MdrDBcore02290,T827R,1.97,1.017484188079834,0.5660257935523987,1.3461720943450928
22,6408975,3L08,MdrDBcore02291,T827R,0.901,0.19206973910331726,0.5660257935523987,1.3461720943450928
22,6408975,3L08,MdrDBcore02292,V305M,-0.719,0.29684484004974365,0.5660257935523987,1.3461720943450928
22,6408975,3L08,MdrDBcore02293,V305M,1.076,1.1203056573867798,0.5660257935523987,1.3461720943450928
22,6408975,3L08,MdrDBcore02294,V305M,-0.557,0.18175280094146729,0.5660257935523987,1.3461720943450928
22,6408975,7MEZ,MdrDBcore02295,V332D,1.84,0.6206480264663696,0.5660257935523987,1.3461720943450928
22,6408975,7MEZ,MdrDBcore02296,V332D,1.411,2.501429557800293,0.5660257935523987,1.3461720943450928
22,6408975,7MEZ,MdrDBcore02297,V332D,1.987,0.18104159832000732,0.5660257935523987,1.3461720943450928
22,6408975,7MEZ,MdrDBcore02298,V332L,-0.668,0.23661760985851288,0.5660257935523987,1.3461720943450928
22,6408975,7MEZ,MdrDBcore02299,V332L,-0.301,0.4488072395324707,0.5660257935523987,1.3461720943450928
22,6408975,3L08,MdrDBcore02300,V381I,0.38,0.31083276867866516,0.5660257935523987,1.3461720943450928
22,6408975,3L08,MdrDBcore02301,V381I,0.842,1.0504204034805298,0.5660257935523987,1.3461720943450928
22,6408975,3L08,MdrDBcore02302,V381I,-0.932,0.10751940310001373,0.5660257935523987,1.3461720943450928
22,6408975,4GB9,MdrDBcore02303,W855L,0.54,0.5921117067337036,0.5660257935523987,1.3461720943450928
22,6408975,3L08,MdrDBcore02304,W855L,-0.514,-0.086161307990551,0.5660257935523987,1.3461720943450928
22,6408975,1TN6,MdrDBcore02305,F117L,-0.232,0.4332357347011566,0.5660257935523987,1.3461720943450928
22,6408975,1LD8,MdrDBcore02306,F117L,0.864,-1.078627109527588,0.5660257935523987,1.3461720943450928
22,6408975,1JCQ,MdrDBcore02307,K330T,-0.465,-0.3699921667575836,0.5660257935523987,1.3461720943450928
22,6408975,1LD8,MdrDBcore02308,K330T,-0.583,-1.0951285362243652,0.5660257935523987,1.3461720943450928
22,6408975,1JCQ,MdrDBcore02309,K336R,0.041,0.2957509756088257,0.5660257935523987,1.3461720943450928
22,6408975,1LD8,MdrDBcore02310,K336R,-0.419,-0.857093870639801,0.5660257935523987,1.3461720943450928
22,6408975,1JCQ,MdrDBcore02311,L280F,-0.467,0.3568795919418335,0.5660257935523987,1.3461720943450928
22,6408975,1LD8,MdrDBcore02312,L280F,-2.033,-0.9711951613426208,0.5660257935523987,1.3461720943450928
22,6408975,1TN6,MdrDBcore02313,N329S,-0.981,0.7709692120552063,0.5660257935523987,1.3461720943450928
22,6408975,2H6G,MdrDBcore02314,N329S,-2.001,0.04012950137257576,0.5660257935523987,1.3461720943450928
22,6408975,1JCQ,MdrDBcore02315,N85S,-0.979,-0.551400363445282,0.5660257935523987,1.3461720943450928
22,6408975,1LD8,MdrDBcore02316,N85S,-0.441,-0.937765896320343,0.5660257935523987,1.3461720943450928
22,6408975,1JCQ,MdrDBcore02317,P304S,0.228,0.5035931468009949,0.5660257935523987,1.3461720943450928
22,6408975,1LD8,MdrDBcore02318,P304S,0.25,-0.8017853498458862,0.5660257935523987,1.3461720943450928
22,6408975,1TN6,MdrDBcore02319,Q221R,-0.144,0.47940564155578613,0.5660257935523987,1.3461720943450928
22,6408975,1LD8,MdrDBcore02320,Q221R,-0.212,-0.9741260409355164,0.5660257935523987,1.3461720943450928
22,6408975,1JCQ,MdrDBcore02321,R287C,-0.139,0.12507683038711548,0.5660257935523987,1.3461720943450928
22,6408975,1LD8,MdrDBcore02322,R287C,-1.421,-1.0696799755096436,0.5660257935523987,1.3461720943450928
22,6408975,1JCQ,MdrDBcore02323,S290Y,-0.41,-0.561890184879303,0.5660257935523987,1.3461720943450928
22,6408975,1LD8,MdrDBcore02324,S290Y,-1.336,-1.0174505710601807,0.5660257935523987,1.3461720943450928
22,6408975,1JCQ,MdrDBcore02325,V64I,-0.339,-0.03782420605421066,0.5660257935523987,1.3461720943450928
22,6408975,1LD8,MdrDBcore02326,V64I,-0.458,-0.9774705171585083,0.5660257935523987,1.3461720943450928
22,6408975,1TN6,MdrDBcore02327,W72C,-0.542,-0.5762155055999756,0.5660257935523987,1.3461720943450928
22,6408975,1LD8,MdrDBcore02328,W72C,-0.138,-0.8783519864082336,0.5660257935523987,1.3461720943450928
22,6408975,5OY4,MdrDBcore02329,D33G,0.306,0.42202305793762207,0.5660257935523987,1.3461720943450928
22,6408975,5OY4,MdrDBcore02330,D33G,0.13,0.3007524311542511,0.5660257935523987,1.3461720943450928
22,6408975,5OY4,MdrDBcore02331,D33G,-0.255,0.3029348850250244,0.5660257935523987,1.3461720943450928
22,6408975,5KPK,MdrDBcore02332,G65E,1.34,0.5685815811157227,0.5660257935523987,1.3461720943450928
22,6408975,5KPK,MdrDBcore02333,G65E,-0.541,0.44666755199432373,0.5660257935523987,1.3461720943450928
22,6408975,3ZRL,MdrDBcore02334,G65E,0.501,0.08676500618457794,0.5660257935523987,1.3461720943450928
22,6408975,3ZRL,MdrDBcore02335,H310Q,-0.271,0.260707288980484,0.5660257935523987,1.3461720943450928
22,6408975,5KPK,MdrDBcore02336,L75V,-0.149,0.32983845472335815,0.5660257935523987,1.3461720943450928
22,6408975,5KPK,MdrDBcore02337,L75V,0.069,0.27216437458992004,0.5660257935523987,1.3461720943450928
22,6408975,3ZRL,MdrDBcore02338,L75V,-0.902,0.13893553614616394,0.5660257935523987,1.3461720943450928
22,6408975,5KPK,MdrDBcore02339,Q164A,0.288,0.2964780032634735,0.5660257935523987,1.3461720943450928
22,6408975,5KPK,MdrDBcore02340,Q164A,0.84,0.28381165862083435,0.5660257935523987,1.3461720943450928
22,6408975,5KPK,MdrDBcore02341,R319A,1.023,0.28079405426979065,0.5660257935523987,1.3461720943450928
22,6408975,5KPK,MdrDBcore02342,R319A,0.565,0.49922633171081543,0.5660257935523987,1.3461720943450928
22,6408975,5KPK,MdrDBcore02343,R319Q,-0.659,0.38992613554000854,0.5660257935523987,1.3461720943450928
22,6408975,5KPK,MdrDBcore02344,R319Q,0.068,0.6296597719192505,0.5660257935523987,1.3461720943450928
22,6408975,3ZRL,MdrDBcore02345,R319Q,0.804,0.2301308959722519,0.5660257935523987,1.3461720943450928
22,6408975,3ZRL,MdrDBcore02346,R332H,0.012,0.21114666759967804,0.5660257935523987,1.3461720943450928
22,6408975,5KPK,MdrDBcore02347,R96A,-0.548,0.23194865882396698,0.5660257935523987,1.3461720943450928
22,6408975,5KPK,MdrDBcore02348,R96A,-0.015,0.6211314797401428,0.5660257935523987,1.3461720943450928
22,6408975,5KPK,MdrDBcore02349,V126I,-0.849,0.4864833950996399,0.5660257935523987,1.3461720943450928
22,6408975,5KPK,MdrDBcore02350,V126I,-0.271,0.4228697121143341,0.5660257935523987,1.3461720943450928
22,6408975,3ZRL,MdrDBcore02351,V126I,-2.234,0.23630879819393158,0.5660257935523987,1.3461720943450928
22,6408975,3T1I,MdrDBcore02352,A177T,-1.11,1.3316386938095093,0.5660257935523987,1.3461720943450928
22,6408975,3T1I,MdrDBcore02353,A47S,2.016,1.298754334449768,0.5660257935523987,1.3461720943450928
22,6408975,3T1I,MdrDBcore02354,D131Y,1.83,1.4462263584136963,0.5660257935523987,1.3461720943450928
22,6408975,3T1I,MdrDBcore02355,D86N,0.945,1.3157460689544678,0.5660257935523987,1.3461720943450928
22,6408975,3T1I,MdrDBcore02356,E248K,2.338,1.3679152727127075,0.5660257935523987,1.3461720943450928
22,6408975,3T1I,MdrDBcore02357,G285C,1.512,1.319928526878357,0.5660257935523987,1.3461720943450928
22,6408975,3T1I,MdrDBcore02358,H302Y,1.468,1.3037350177764893,0.5660257935523987,1.3461720943450928
22,6408975,3T1I,MdrDBcore02359,L116I,-0.526,1.3229769468307495,0.5660257935523987,1.3461720943450928
22,6408975,3T1I,MdrDBcore02360,L61F,1.83,1.3646559715270996,0.5660257935523987,1.3461720943450928
22,6408975,3T1I,MdrDBcore02361,P358Q,0.965,1.269884705543518,0.5660257935523987,1.3461720943450928
22,6408975,3T1I,MdrDBcore02362,Q232K,1.923,1.3318169116973877,0.5660257935523987,1.3461720943450928
22,6408975,3T1I,MdrDBcore02363,Q330K,0.664,1.2814338207244873,0.5660257935523987,1.3461720943450928
22,6408975,3T1I,MdrDBcore02364,Q48L,1.486,1.2476674318313599,0.5660257935523987,1.3461720943450928
22,6408975,3T1I,MdrDBcore02365,R305W,1.167,1.2519255876541138,0.5660257935523987,1.3461720943450928
22,6408975,3T1I,MdrDBcore02366,R351H,1.786,1.298890233039856,0.5660257935523987,1.3461720943450928
22,6408975,3T1I,MdrDBcore02367,R380C,2.126,1.3141837120056152,0.5660257935523987,1.3461720943450928
22,6408975,3T1I,MdrDBcore02368,R388W,1.634,1.3018804788589478,0.5660257935523987,1.3461720943450928
22,6408975,3T1I,MdrDBcore02369,R400S,1.215,1.2264683246612549,0.5660257935523987,1.3461720943450928
22,6408975,3T1I,MdrDBcore02370,R87W,1.359,1.2871358394622803,0.5660257935523987,1.3461720943450928
22,6408975,3T1I,MdrDBcore02371,S209F,1.884,1.3006569147109985,0.5660257935523987,1.3461720943450928
22,6408975,3T1I,MdrDBcore02372,T36M,1.591,1.2987955808639526,0.5660257935523987,1.3461720943450928
22,6408975,3T1I,MdrDBcore02373,V17I,1.492,1.297990322113037,0.5660257935523987,1.3461720943450928
22,6408975,7A12,MdrDBcore02374,E164D,-0.254,0.25392207503318787,0.5660257935523987,1.3461720943450928
22,6408975,7A12,MdrDBcore02375,I208M,0.169,0.3591933250427246,0.5660257935523987,1.3461720943450928
22,6408975,7A12,MdrDBcore02376,M184L,-0.544,0.7550832629203796,0.5660257935523987,1.3461720943450928
22,6408975,5JFR,MdrDBcore02377,N386K,-0.56,0.3310374915599823,0.5660257935523987,1.3461720943450928
22,6408975,7A12,MdrDBcore02378,N407S,-0.201,0.2536209225654602,0.5660257935523987,1.3461720943450928
22,6408975,7A12,MdrDBcore02379,P119A,-0.691,0.2719865143299103,0.5660257935523987,1.3461720943450928
22,6408975,7A12,MdrDBcore02380,P130L,-1.037,0.5426032543182373,0.5660257935523987,1.3461720943450928
22,6408975,5JHU,MdrDBcore02381,R205C,0.054,0.5266581177711487,0.5660257935523987,1.3461720943450928
22,6408975,7A12,MdrDBcore02382,V118L,-0.571,0.2974105179309845,0.5660257935523987,1.3461720943450928
22,6408975,7A12,MdrDBcore02383,Y320C,-0.283,0.3205213248729706,0.5660257935523987,1.3461720943450928
22,6408975,7B5Q,MdrDBcore02384,D216N,-1.195,-0.07294228672981262,0.5660257935523987,1.3461720943450928
22,6408975,7B5Q,MdrDBcore02385,I133T,-2.336,-0.11354084312915802,0.5660257935523987,1.3461720943450928
22,6408975,7B5Q,MdrDBcore02386,L206S,-1.462,0.5160512924194336,0.5660257935523987,1.3461720943450928
22,6408975,7B5Q,MdrDBcore02387,L271V,2.255,0.11242803931236267,0.5660257935523987,1.3461720943450928
22,6408975,7B5Q,MdrDBcore02388,M196V,-1.469,0.26311421394348145,0.5660257935523987,1.3461720943450928
22,6408975,7B5Q,MdrDBcore02389,M240I,0.335,-0.07091499865055084,0.5660257935523987,1.3461720943450928
22,6408975,7B5Q,MdrDBcore02390,R209M,0.366,-0.18830229341983795,0.5660257935523987,1.3461720943450928
22,6408975,4BCG,MdrDBcore02391,A239T,0.156,0.22253669798374176,0.5660257935523987,1.3461720943450928
22,6408975,3LQ5,MdrDBcore02392,A239T,0.235,0.4668681025505066,0.5660257935523987,1.3461720943450928
22,6408975,3LQ5,MdrDBcore02393,A239T,2.913,0.3088850677013397,0.5660257935523987,1.3461720943450928
22,6408975,6CYT,MdrDBcore02394,A288T,0.193,0.4359515309333801,0.5660257935523987,1.3461720943450928
22,6408975,3LQ5,MdrDBcore02395,A288T,2.925,0.4430699944496155,0.5660257935523987,1.3461720943450928
22,6408975,3MI9,MdrDBcore02396,A340T,-0.092,0.7548508048057556,0.5660257935523987,1.3461720943450928
22,6408975,3MI9,MdrDBcore02397,A340T,1.471,-0.0599810853600502,0.5660257935523987,1.3461720943450928
22,6408975,3LQ5,MdrDBcore02398,D290Y,3.885,0.35432785749435425,0.5660257935523987,1.3461720943450928
22,6408975,4BCG,MdrDBcore02399,D290Y,-0.007,0.468572735786438,0.5660257935523987,1.3461720943450928
22,6408975,3LQ5,MdrDBcore02400,D290Y,0.668,0.3158482015132904,0.5660257935523987,1.3461720943450928
22,6408975,3LQ5,MdrDBcore02401,E9K,1.068,0.426398903131485,0.5660257935523987,1.3461720943450928
22,6408975,6CYT,MdrDBcore02402,E9K,0.127,0.2983482778072357,0.5660257935523987,1.3461720943450928
22,6408975,3LQ5,MdrDBcore02403,E9K,2.883,0.46509209275245667,0.5660257935523987,1.3461720943450928
22,6408975,4BCG,MdrDBcore02404,F30L,-6.459,0.2162022888660431,0.5660257935523987,1.3461720943450928
22,6408975,4BCG,MdrDBcore02405,F30L,1.629,0.41157183051109314,0.5660257935523987,1.3461720943450928
22,6408975,3LQ5,MdrDBcore02406,F30L,3.213,0.44842520356178284,0.5660257935523987,1.3461720943450928
22,6408975,3LQ5,MdrDBcore02407,G216R,-0.733,0.46765679121017456,0.5660257935523987,1.3461720943450928
22,6408975,3LQ5,MdrDBcore02408,G216R,2.878,0.639595091342926,0.5660257935523987,1.3461720943450928
22,6408975,4BCG,MdrDBcore02409,L165P,9.353,0.38109245896339417,0.5660257935523987,1.3461720943450928
22,6408975,3TNI,MdrDBcore02410,L165P,-0.771,0.1919427365064621,0.5660257935523987,1.3461720943450928
22,6408975,4BCG,MdrDBcore02411,L165P,2.65,0.22540785372257233,0.5660257935523987,1.3461720943450928
22,6408975,4BCG,MdrDBcore02412,R184C,1.887,0.18063008785247803,0.5660257935523987,1.3461720943450928
22,6408975,3MI9,MdrDBcore02413,R184C,0.472,0.8894544839859009,0.5660257935523987,1.3461720943450928
22,6408975,3LQ5,MdrDBcore02414,R184C,0.627,0.31558462977409363,0.5660257935523987,1.3461720943450928
22,6408975,3LQ5,MdrDBcore02415,S226N,4.531,0.44100600481033325,0.5660257935523987,1.3461720943450928
22,6408975,3LQ5,MdrDBcore02416,S226N,-0.169,0.4708946943283081,0.5660257935523987,1.3461720943450928
22,6408975,3LQ5,MdrDBcore02417,S226N,0.34,0.41585269570350647,0.5660257935523987,1.3461720943450928
22,6408975,6CYT,MdrDBcore02418,Y19H,0.01,0.19092246890068054,0.5660257935523987,1.3461720943450928
22,6408975,3LQ5,MdrDBcore02419,Y19H,2.474,0.26828181743621826,0.5660257935523987,1.3461720943450928
22,6408975,2EKX,MdrDBcore02420,K59E,-0.359,-0.12986253201961517,0.5660257935523987,1.3461720943450928
22,6408975,3SXR,MdrDBcore02421,M464I,0.496,0.3055029809474945,0.5660257935523987,1.3461720943450928
22,6408975,3SXS,MdrDBcore02422,N494D,0.108,0.40419816970825195,0.5660257935523987,1.3461720943450928
22,6408975,3SXS,MdrDBcore02423,N494D,-0.707,0.5799940824508667,0.5660257935523987,1.3461720943450928
22,6408975,3SXS,MdrDBcore02424,R656C,0.609,0.463081419467926,0.5660257935523987,1.3461720943450928
22,6408975,4HVI,MdrDBcore02425,A1079D,-1.111,0.38216742873191833,0.5660257935523987,1.3461720943450928
22,6408975,7APG,MdrDBcore02426,I991V,0.108,-0.2905217707157135,0.5660257935523987,1.3461720943450928
22,6408975,1YVJ,MdrDBcore02427,K830M,0.4,0.16911162436008453,0.5660257935523987,1.3461720943450928
22,6408975,7APG,MdrDBcore02428,L1017M,-0.23,0.19940198957920074,0.5660257935523987,1.3461720943450928
22,6408975,4HVI,MdrDBcore02429,L1073I,-0.26,0.3145165741443634,0.5660257935523987,1.3461720943450928
22,6408975,4HVI,MdrDBcore02430,M1097L,0.021,0.32128623127937317,0.5660257935523987,1.3461720943450928
22,6408975,4HVI,MdrDBcore02431,P1045S,0.132,0.3237936496734619,0.5660257935523987,1.3461720943450928
22,6408975,4HVI,MdrDBcore02432,R925S,-0.1,0.33887162804603577,0.5660257935523987,1.3461720943450928
22,6408975,4HVI,MdrDBcore02433,V1016D,0.514,0.39991506934165955,0.5660257935523987,1.3461720943450928
22,6408975,4HVI,MdrDBcore02434,V957M,0.933,0.2549436092376709,0.5660257935523987,1.3461720943450928
22,6408975,4HVI,MdrDBcore02435,Y1023H,-0.244,0.3285141587257385,0.5660257935523987,1.3461720943450928
22,6408975,2G1Q,MdrDBcore02436,A133V,-1.43,0.09209057688713074,0.5660257935523987,1.3461720943450928
22,6408975,4B7B,MdrDBcore02437,A133V,-4.205,-2.726979970932007,0.5660257935523987,1.3461720943450928
22,6408975,2G1Q,MdrDBcore02438,A133V,-0.486,-0.12039099633693695,0.5660257935523987,1.3461720943450928
22,6408975,4AS7,MdrDBcore02439,A282V,1.482,0.7147837281227112,0.5660257935523987,1.3461720943450928
22,6408975,6TA3,MdrDBcore02440,A282V,-3.214,-0.642655074596405,0.5660257935523987,1.3461720943450928
22,6408975,6TA3,MdrDBcore02441,G96S,0.023,0.2430211454629898,0.5660257935523987,1.3461720943450928
22,6408975,6TA3,MdrDBcore02442,G96S,-4.855,-0.13028188049793243,0.5660257935523987,1.3461720943450928
22,6408975,6TA3,MdrDBcore02443,P88Q,-1.873,-0.45580315589904785,0.5660257935523987,1.3461720943450928
22,6408975,6TA3,MdrDBcore02444,P88Q,-5.567,-1.03439199924469,0.5660257935523987,1.3461720943450928
22,6408975,6TA3,MdrDBcore02445,R329K,-1.818,-0.3950461149215698,0.5660257935523987,1.3461720943450928
22,6408975,6TA3,MdrDBcore02446,R329K,-4.608,-0.05844029411673546,0.5660257935523987,1.3461720943450928
22,6408975,4B7B,MdrDBcore02447,S175A,0.318,0.15687425434589386,0.5660257935523987,1.3461720943450928
22,6408975,6TA3,MdrDBcore02448,S175A,-2.145,-1.361488699913025,0.5660257935523987,1.3461720943450928
22,6408975,6TA3,MdrDBcore02449,S61T,-3.797,-0.08176686614751816,0.5660257935523987,1.3461720943450928
22,6408975,6TA3,MdrDBcore02450,T300S,2.351,1.421143651008606,0.5660257935523987,1.3461720943450928
22,6408975,6TA3,MdrDBcore02451,T300S,-4.484,-1.1252343654632568,0.5660257935523987,1.3461720943450928
22,6408975,3C5L,MdrDBcore02452,E568A,0.205,0.3022308051586151,0.5660257935523987,1.3461720943450928
22,6408975,3FC2,MdrDBcore02453,I296V,-0.495,0.09103502333164215,0.5660257935523987,1.3461720943450928
22,6408975,3FC2,MdrDBcore02454,K178A,-0.731,0.11410240828990936,0.5660257935523987,1.3461720943450928
22,6408975,3FC2,MdrDBcore02455,L286F,0.892,0.07692578434944153,0.5660257935523987,1.3461720943450928
22,6408975,3FC2,MdrDBcore02456,P250H,0.566,0.19619452953338623,0.5660257935523987,1.3461720943450928
22,6408975,3FC2,MdrDBcore02457,S107N,2.063,0.6017523407936096,0.5660257935523987,1.3461720943450928
22,6408975,3FC2,MdrDBcore02458,S224R,-1.082,0.052617672830820084,0.5660257935523987,1.3461720943450928
22,6408975,3C5L,MdrDBcore02459,S375G,-1.329,-0.6624180674552917,0.5660257935523987,1.3461720943450928
22,6408975,3C5L,MdrDBcore02460,Y421A,-1.499,-0.4965715706348419,0.5660257935523987,1.3461720943450928
22,6408975,4BB4,MdrDBcore02461,A645S,0.79,-0.016889845952391624,0.5660257935523987,1.3461720943450928
22,6408975,4BB4,MdrDBcore02462,A725S,-0.133,-0.12831835448741913,0.5660257935523987,1.3461720943450928
22,6408975,4BB4,MdrDBcore02463,A800T,0.583,-0.11587636172771454,0.5660257935523987,1.3461720943450928
22,6408975,2VWU,MdrDBcore02464,A863S,-0.511,-0.07163332402706146,0.5660257935523987,1.3461720943450928
22,6408975,2VWU,MdrDBcore02465,E609Q,0.13,-0.012783687561750412,0.5660257935523987,1.3461720943450928
22,6408975,4BB4,MdrDBcore02466,I610T,0.433,0.17644968628883362,0.5660257935523987,1.3461720943450928
22,6408975,4BB4,MdrDBcore02467,I878V,1.48,-0.144455686211586,0.5660257935523987,1.3461720943450928
22,6408975,2BBA,MdrDBcore02468,K162R,-0.567,0.10170373320579529,0.5660257935523987,1.3461720943450928
22,6408975,4BB4,MdrDBcore02469,K635N,0.232,0.0411052368581295,0.5660257935523987,1.3461720943450928
22,6408975,2BBA,MdrDBcore02470,L21V,-0.295,-0.05018117278814316,0.5660257935523987,1.3461720943450928
22,6408975,2BBA,MdrDBcore02471,M185V,0.192,0.4237237572669983,0.5660257935523987,1.3461720943450928
22,6408975,2BBA,MdrDBcore02472,P36S,-0.005,-0.08684232831001282,0.5660257935523987,1.3461720943450928
22,6408975,2BBA,MdrDBcore02473,R105C,-0.145,-0.4991382360458374,0.5660257935523987,1.3461720943450928
22,6408975,4BB4,MdrDBcore02474,R656Q,0.853,0.04165175184607506,0.5660257935523987,1.3461720943450928
22,6408975,4BB4,MdrDBcore02475,R795Q,-0.058,0.10827110707759857,0.5660257935523987,1.3461720943450928
22,6408975,6FNK,MdrDBcore02476,R889G,1.149,-0.013218006119132042,0.5660257935523987,1.3461720943450928
22,6408975,2QKQ,MdrDBcore02477,R917Q,0.197,-0.249188631772995,0.5660257935523987,1.3461720943450928
22,6408975,2QKQ,MdrDBcore02478,R923G,-0.122,-0.2986380457878113,0.5660257935523987,1.3461720943450928
22,6408975,4BB4,MdrDBcore02479,S825N,-1.453,-0.6246984004974365,0.5660257935523987,1.3461720943450928
22,6408975,4BB4,MdrDBcore02480,S848F,-0.034,0.0517137311398983,0.5660257935523987,1.3461720943450928
22,6408975,2BBA,MdrDBcore02481,T140M,0.492,0.19168560206890106,0.5660257935523987,1.3461720943450928
22,6408975,4BB4,MdrDBcore02482,V718L,1.653,0.014854516834020615,0.5660257935523987,1.3461720943450928
22,6408975,2BBA,MdrDBcore02483,V84I,-0.396,0.33776336908340454,0.5660257935523987,1.3461720943450928
22,6408975,2VSL,MdrDBcore02484,A321G,1.593,0.8731511831283569,0.5660257935523987,1.3461720943450928
22,6408975,1I3O,MdrDBcore02485,P155T,1.268,0.05579457804560661,0.5660257935523987,1.3461720943450928
22,6408975,2VSL,MdrDBcore02486,P325Q,1.069,0.8799189925193787,0.5660257935523987,1.3461720943450928
22,6408975,5O6T,MdrDBcore02487,R443C,1.126,1.0987316370010376,0.5660257935523987,1.3461720943450928
22,6408975,5O6T,MdrDBcore02488,T437I,1.887,0.8673555850982666,0.5660257935523987,1.3461720943450928
22,6408975,2RUH,MdrDBcore02489,D52N,2.049,0.6067736744880676,0.5660257935523987,1.3461720943450928
22,6408975,6MWE,MdrDBcore02490,A1006T,1.208,-0.2850370705127716,0.5660257935523987,1.3461720943450928
22,6408975,4K0V,MdrDBcore02491,A226V,1.161,0.10069349408149719,0.5660257935523987,1.3461720943450928
22,6408975,5MYB,MdrDBcore02492,A615T,1.567,0.9521397352218628,0.5660257935523987,1.3461720943450928
22,6408975,5MYB,MdrDBcore02493,A724T,0.855,1.0194727182388306,0.5660257935523987,1.3461720943450928
22,6408975,6MWE,MdrDBcore02494,A905T,1.09,1.13760507106781,0.5660257935523987,1.3461720943450928
22,6408975,6MWE,MdrDBcore02495,D823E,0.985,0.5901629328727722,0.5660257935523987,1.3461720943450928
22,6408975,6MWE,MdrDBcore02496,D982N,0.245,0.6539682149887085,0.5660257935523987,1.3461720943450928
22,6408975,6MWE,MdrDBcore02497,F1111C,0.665,0.8241185545921326,0.5660257935523987,1.3461720943450928
22,6408975,4K0V,MdrDBcore02498,G136R,1.117,0.9070995450019836,0.5660257935523987,1.3461720943450928
22,6408975,4K0V,MdrDBcore02499,G217V,0.956,0.6360694169998169,0.5660257935523987,1.3461720943450928
22,6408975,4K0V,MdrDBcore02500,G344D,1.184,0.38174498081207275,0.5660257935523987,1.3461720943450928
22,6408975,4K0V,MdrDBcore02501,I148T,0.861,0.42234548926353455,0.5660257935523987,1.3461720943450928
22,6408975,5MYA,MdrDBcore02502,I463V,1.443,0.4660637378692627,0.5660257935523987,1.3461720943450928
22,6408975,4K0V,MdrDBcore02503,K117N,1.217,1.0530707836151123,0.5660257935523987,1.3461720943450928
22,6408975,5MYB,MdrDBcore02504,K646R,0.108,1.0123963356018066,0.5660257935523987,1.3461720943450928
22,6408975,2GY5,MdrDBcore02505,L206M,0.284,0.20518694818019867,0.5660257935523987,1.3461720943450928
22,6408975,5MYB,MdrDBcore02506,L634F,1.665,1.079768180847168,0.5660257935523987,1.3461720943450928
22,6408975,6MWE,MdrDBcore02507,N1104D,1.622,1.027591347694397,0.5660257935523987,1.3461720943450928
22,6408975,5UTK,MdrDBcore02508,N449S,0.566,0.04467951878905296,0.5660257935523987,1.3461720943450928
22,6408975,4K0V,MdrDBcore02509,P282S,1.607,1.3534318208694458,0.5660257935523987,1.3461720943450928
22,6408975,4K0V,MdrDBcore02510,P304L,0.562,1.3266137838363647,0.5660257935523987,1.3461720943450928
22,6408975,5MYA,MdrDBcore02511,P469A,0.752,0.5119092464447021,0.5660257935523987,1.3461720943450928
22,6408975,6MWE,MdrDBcore02512,P906A,1.209,-0.07703875005245209,0.5660257935523987,1.3461720943450928
22,6408975,5MYB,MdrDBcore02513,Q696H,1.001,1.0027546882629395,0.5660257935523987,1.3461720943450928
22,6408975,6MWE,MdrDBcore02514,R1076Q,0.517,1.176016926765442,0.5660257935523987,1.3461720943450928
22,6408975,4K0V,MdrDBcore02515,R50C,0.854,0.9225106239318848,0.5660257935523987,1.3461720943450928
22,6408975,4K0V,MdrDBcore02516,R50H,0.973,0.956452488899231,0.5660257935523987,1.3461720943450928
22,6408975,6MWE,MdrDBcore02517,S1091P,0.991,1.0093929767608643,0.5660257935523987,1.3461720943450928
22,6408975,6MWE,MdrDBcore02518,T1105I,0.602,-0.3121894896030426,0.5660257935523987,1.3461720943450928
22,6408975,4K0V,MdrDBcore02519,T391I,0.557,0.8673336505889893,0.5660257935523987,1.3461720943450928
22,6408975,5MYB,MdrDBcore02520,T557N,1.304,1.0184048414230347,0.5660257935523987,1.3461720943450928
22,6408975,5MYB,MdrDBcore02521,T693S,1.446,0.9935936331748962,0.5660257935523987,1.3461720943450928
22,6408975,3BEA,MdrDBcore02522,T761I,1.019,0.29297393560409546,0.5660257935523987,1.3461720943450928
22,6408975,4K0V,MdrDBcore02523,V146L,1.541,1.41179358959198,0.5660257935523987,1.3461720943450928
22,6408975,5MYA,MdrDBcore02524,V453M,1.461,0.5350033044815063,0.5660257935523987,1.3461720943450928
22,6408975,6MWE,MdrDBcore02525,W1022G,1.72,0.5476641058921814,0.5660257935523987,1.3461720943450928
22,6408975,5U9D,MdrDBcore02526,C464F,-0.311,0.11298635601997375,0.5660257935523987,1.3461720943450928
22,6408975,5U9D,MdrDBcore02527,C464F,-0.094,-0.2815675437450409,0.5660257935523987,1.3461720943450928
22,6408975,5U9D,MdrDBcore02528,D549A,-0.897,-0.10077686607837677,0.5660257935523987,1.3461720943450928
22,6408975,5U9D,MdrDBcore02529,D549A,-0.012,-0.2961585521697998,0.5660257935523987,1.3461720943450928
22,6408975,5U9D,MdrDBcore02530,D549A,0.017,-0.2797563374042511,0.5660257935523987,1.3461720943450928
22,6408975,5U9D,MdrDBcore02531,E439A,0.268,-0.11400769650936127,0.5660257935523987,1.3461720943450928
22,6408975,5U9D,MdrDBcore02532,E439A,0.004,-0.1789897084236145,0.5660257935523987,1.3461720943450928
22,6408975,5U9D,MdrDBcore02533,E439A,-0.348,-0.23658694326877594,0.5660257935523987,1.3461720943450928
22,6408975,5U9D,MdrDBcore02534,E589D,0.232,-0.22468577325344086,0.5660257935523987,1.3461720943450928
22,6408975,5U9D,MdrDBcore02535,E589D,0.214,-0.1006639301776886,0.5660257935523987,1.3461720943450928
22,6408975,5U9D,MdrDBcore02536,E589D,1.263,-0.219013974070549,0.5660257935523987,1.3461720943450928
22,6408975,6YYG,MdrDBcore02537,G47R,-1.231,-1.460848331451416,0.5660257935523987,1.3461720943450928
22,6408975,6YYG,MdrDBcore02538,G47R,0.627,0.04748627170920372,0.5660257935523987,1.3461720943450928
22,6408975,6YYG,MdrDBcore02539,G47R,-0.126,1.0216395854949951,0.5660257935523987,1.3461720943450928
22,6408975,6YYG,MdrDBcore02540,H143Y,1.056,0.3047652840614319,0.5660257935523987,1.3461720943450928
22,6408975,6YYG,MdrDBcore02541,H143Y,-0.275,0.9815918803215027,0.5660257935523987,1.3461720943450928
22,6408975,6YYG,MdrDBcore02542,I132N,-0.234,0.15289078652858734,0.5660257935523987,1.3461720943450928
22,6408975,6YYG,MdrDBcore02543,I132N,0.187,-0.01930089294910431,0.5660257935523987,1.3461720943450928
22,6408975,6YYG,MdrDBcore02544,I132N,0.465,0.9057604670524597,0.5660257935523987,1.3461720943450928
22,6408975,5U9D,MdrDBcore02545,I470S,-1.432,-0.2220439463853836,0.5660257935523987,1.3461720943450928
22,6408975,5U9D,MdrDBcore02546,I470S,0.16,0.5003384351730347,0.5660257935523987,1.3461720943450928
22,6408975,5U9D,MdrDBcore02547,I470S,-1.104,-0.2395768165588379,0.5660257935523987,1.3461720943450928
22,6408975,6YYG,MdrDBcore02548,K26N,-0.705,-0.15566259622573853,0.5660257935523987,1.3461720943450928
22,6408975,6YYG,MdrDBcore02549,K26N,0.087,0.2920096218585968,0.5660257935523987,1.3461720943450928
22,6408975,6YYG,MdrDBcore02550,K26N,-0.132,0.8497928380966187,0.5660257935523987,1.3461720943450928
22,6408975,5U9D,MdrDBcore02551,K503R,-2.938,-0.13937273621559143,0.5660257935523987,1.3461720943450928
22,6408975,5U9D,MdrDBcore02552,K503R,-0.522,-0.4823519289493561,0.5660257935523987,1.3461720943450928
22,6408975,5U9D,MdrDBcore02553,K503R,0.081,-0.23739837110042572,0.5660257935523987,1.3461720943450928
22,6408975,6TSE,MdrDBcore02554,K60N,-0.109,0.2681232690811157,0.5660257935523987,1.3461720943450928
22,6408975,6TSE,MdrDBcore02555,K60N,0.286,-0.09624524414539337,0.5660257935523987,1.3461720943450928
22,6408975,6TSE,MdrDBcore02556,K60N,0.085,0.6605339050292969,0.5660257935523987,1.3461720943450928
22,6408975,6YYG,MdrDBcore02557,L29M,0.417,0.22066104412078857,0.5660257935523987,1.3461720943450928
22,6408975,6YYG,MdrDBcore02558,L29M,1.204,0.7695063352584839,0.5660257935523987,1.3461720943450928
22,6408975,5U9D,MdrDBcore02559,M489I,-0.701,-0.15944179892539978,0.5660257935523987,1.3461720943450928
22,6408975,5U9D,MdrDBcore02560,M489I,0.882,-0.2993605434894562,0.5660257935523987,1.3461720943450928
22,6408975,6BKH,MdrDBcore02561,M523I,0.56,0.08144541084766388,0.5660257935523987,1.3461720943450928
22,6408975,5U9D,MdrDBcore02562,M596L,-0.517,0.13129940629005432,0.5660257935523987,1.3461720943450928
22,6408975,5U9D,MdrDBcore02563,M596L,-0.969,-0.4802890419960022,0.5660257935523987,1.3461720943450928
22,6408975,5U9D,MdrDBcore02564,M596L,-1.462,-0.32725006341934204,0.5660257935523987,1.3461720943450928
22,6408975,6BKH,MdrDBcore02565,M630L,0.078,0.14573925733566284,0.5660257935523987,1.3461720943450928
22,6408975,6BKH,MdrDBcore02566,M630L,-0.769,0.5719410181045532,0.5660257935523987,1.3461720943450928
22,6408975,6BKH,MdrDBcore02567,M630L,-1.245,0.5169375538825989,0.5660257935523987,1.3461720943450928
22,6408975,5U9D,MdrDBcore02568,P566L,-0.603,-0.23320536315441132,0.5660257935523987,1.3461720943450928
22,6408975,5U9D,MdrDBcore02569,P566L,-0.608,-0.19423124194145203,0.5660257935523987,1.3461720943450928
22,6408975,6YYG,MdrDBcore02570,P74L,-0.088,0.013800043612718582,0.5660257935523987,1.3461720943450928
22,6408975,6YYG,MdrDBcore02571,P74L,1.93,0.7796066403388977,0.5660257935523987,1.3461720943450928
22,6408975,6HTF,MdrDBcore02572,Q290L,0.286,0.21769928932189941,0.5660257935523987,1.3461720943450928
22,6408975,6HTF,MdrDBcore02573,Q290L,-0.376,-0.3984772562980652,0.5660257935523987,1.3461720943450928
22,6408975,6HTF,MdrDBcore02574,Q290L,-1.525,-0.2604448199272156,0.5660257935523987,1.3461720943450928
22,6408975,6HTF,MdrDBcore02575,Q324L,-2.267,0.5867574214935303,0.5660257935523987,1.3461720943450928
22,6408975,6HTF,MdrDBcore02576,Q379A,-0.11,-0.45296549797058105,0.5660257935523987,1.3461720943450928
22,6408975,6HTF,MdrDBcore02577,Q379A,-0.581,0.2167155146598816,0.5660257935523987,1.3461720943450928
22,6408975,6YYG,MdrDBcore02578,R46H,-2.973,-2.382753849029541,0.5660257935523987,1.3461720943450928
22,6408975,1BTK,MdrDBcore02579,R82K,-1.792,0.02188490703701973,0.5660257935523987,1.3461720943450928
22,6408975,1BTK,MdrDBcore02580,R82K,-1.028,0.1555090993642807,0.5660257935523987,1.3461720943450928
22,6408975,1BTK,MdrDBcore02581,R82K,-0.046,0.01757540926337242,0.5660257935523987,1.3461720943450928
22,6408975,5U9D,MdrDBcore02582,T495S,0.266,-0.13608630001544952,0.5660257935523987,1.3461720943450928
22,6408975,5U9D,MdrDBcore02583,T495S,0.076,-0.2325197011232376,0.5660257935523987,1.3461720943450928
22,6408975,5U9D,MdrDBcore02584,T495S,-1.916,-0.2874051630496979,0.5660257935523987,1.3461720943450928
22,6408975,6YYG,MdrDBcore02585,V105L,-0.448,-0.03878312185406685,0.5660257935523987,1.3461720943450928
22,6408975,6YYG,MdrDBcore02586,V105L,1.7,0.7465436458587646,0.5660257935523987,1.3461720943450928
22,6408975,6YYG,MdrDBcore02587,V113I,-2.071,-0.521568238735199,0.5660257935523987,1.3461720943450928
22,6408975,6YYG,MdrDBcore02588,V113I,0.244,-0.0276094451546669,0.5660257935523987,1.3461720943450928
22,6408975,6YYG,MdrDBcore02589,V113I,0.377,0.8629274964332581,0.5660257935523987,1.3461720943450928
22,6408975,6TSE,MdrDBcore02590,V139L,-0.248,-0.07949947565793991,0.5660257935523987,1.3461720943450928
22,6408975,6TSE,MdrDBcore02591,V139L,1.917,0.4346150755882263,0.5660257935523987,1.3461720943450928
22,6408975,5U9D,MdrDBcore02592,V427M,-2.653,-0.11519739031791687,0.5660257935523987,1.3461720943450928
22,6408975,5U9D,MdrDBcore02593,V427M,-0.281,0.13646067678928375,0.5660257935523987,1.3461720943450928
22,6408975,5U9D,MdrDBcore02594,V427M,0.086,-0.26031526923179626,0.5660257935523987,1.3461720943450928
22,6408975,5U9D,MdrDBcore02595,W588C,-0.308,-0.2351868450641632,0.5660257935523987,1.3461720943450928
22,6408975,5U9D,MdrDBcore02596,W588C,-1.204,-0.20390862226486206,0.5660257935523987,1.3461720943450928
22,6408975,6HTF,MdrDBcore02597,Y361C,0.633,0.5845257043838501,0.5660257935523987,1.3461720943450928
22,6408975,6HTF,MdrDBcore02598,Y361C,0.46,-0.2412673979997635,0.5660257935523987,1.3461720943450928
22,6408975,4BDU,MdrDBcore02599,A213V,1.244,0.33608171343803406,0.5660257935523987,1.3461720943450928
22,6408975,4BDU,MdrDBcore02600,D208E,1.288,0.09430690109729767,0.5660257935523987,1.3461720943450928
22,6408975,1F16,MdrDBcore02601,E75K,1.155,0.40378493070602417,0.5660257935523987,1.3461720943450928
22,6408975,4BDU,MdrDBcore02602,F214L,1.385,0.12823307514190674,0.5660257935523987,1.3461720943450928
22,6408975,1F16,MdrDBcore02603,G108V,1.373,0.3945809602737427,0.5660257935523987,1.3461720943450928
22,6408975,1F16,MdrDBcore02604,G11E,1.093,0.32026275992393494,0.5660257935523987,1.3461720943450928
22,6408975,1F16,MdrDBcore02605,G39A,1.301,0.3840257525444031,0.5660257935523987,1.3461720943450928
22,6408975,1F16,MdrDBcore02606,G67R,1.74,1.0333877801895142,0.5660257935523987,1.3461720943450928
22,6408975,1F16,MdrDBcore02607,I136L,1.611,0.46910977363586426,0.5660257935523987,1.3461720943450928
22,6408975,1F16,MdrDBcore02608,I31T,1.834,0.3835683763027191,0.5660257935523987,1.3461720943450928
22,6408975,1F16,MdrDBcore02609,L144I,1.706,0.7002438306808472,0.5660257935523987,1.3461720943450928
22,6408975,1F16,MdrDBcore02610,P130L,1.446,0.4890013337135315,0.5660257935523987,1.3461720943450928
22,6408975,1F16,MdrDBcore02611,P88S,0.944,0.6139381527900696,0.5660257935523987,1.3461720943450928
22,6408975,1F16,MdrDBcore02612,Q32P,0.34,0.5050061345100403,0.5660257935523987,1.3461720943450928
22,6408975,4BDU,MdrDBcore02613,R195T,1.04,0.04525546357035637,0.5660257935523987,1.3461720943450928
22,6408975,1F16,MdrDBcore02614,R78M,1.243,0.5836122035980225,0.5660257935523987,1.3461720943450928
22,6408975,1F16,MdrDBcore02615,V83M,1.382,0.44992271065711975,0.5660257935523987,1.3461720943450928
22,6408975,6UDT,MdrDBcore02616,A193T,-1.212,-0.35011765360832214,0.5660257935523987,1.3461720943450928
22,6408975,6UDT,MdrDBcore02617,A193T,0.658,0.1649358719587326,0.5660257935523987,1.3461720943450928
22,6408975,6OVC,MdrDBcore02618,D72G,0.189,1.199049949645996,0.5660257935523987,1.3461720943450928
22,6408975,6OVC,MdrDBcore02619,D72G,-1.578,0.1629972904920578,0.5660257935523987,1.3461720943450928
22,6408975,6OVC,MdrDBcore02620,D72G,0.302,0.3244032561779022,0.5660257935523987,1.3461720943450928
22,6408975,6UDT,MdrDBcore02621,E322Q,0.154,0.3301815390586853,0.5660257935523987,1.3461720943450928
22,6408975,6UDT,MdrDBcore02622,E322Q,-1.442,-0.26485100388526917,0.5660257935523987,1.3461720943450928
22,6408975,6UDT,MdrDBcore02623,E322Q,-0.063,-0.14530347287654877,0.5660257935523987,1.3461720943450928
22,6408975,6UDT,MdrDBcore02624,M231L,2.132,1.2431256771087646,0.5660257935523987,1.3461720943450928
22,6408975,6UDT,MdrDBcore02625,M231L,-0.795,-0.831637978553772,0.5660257935523987,1.3461720943450928
22,6408975,6UDT,MdrDBcore02626,M231L,-0.411,0.6425695419311523,0.5660257935523987,1.3461720943450928
22,6408975,6UDT,MdrDBcore02627,N260S,0.389,0.4206226170063019,0.5660257935523987,1.3461720943450928
22,6408975,6UDT,MdrDBcore02628,R215G,-0.152,0.09890370070934296,0.5660257935523987,1.3461720943450928
22,6408975,6UDT,MdrDBcore02629,R215G,-0.633,0.02252979576587677,0.5660257935523987,1.3461720943450928
22,6408975,6UDT,MdrDBcore02630,R215G,-0.098,-0.13941386342048645,0.5660257935523987,1.3461720943450928
22,6408975,6UDT,MdrDBcore02631,R263K,-0.008,0.11091014742851257,0.5660257935523987,1.3461720943450928
22,6408975,6UDT,MdrDBcore02632,S247F,1.466,0.5331271290779114,0.5660257935523987,1.3461720943450928
22,6408975,6UDT,MdrDBcore02633,S247F,1.16,0.06864410638809204,0.5660257935523987,1.3461720943450928
22,6408975,6UDT,MdrDBcore02634,S247F,-0.298,-0.10659587383270264,0.5660257935523987,1.3461720943450928
22,6408975,4AG4,MdrDBcore02635,A196S,0.528,0.06704822182655334,0.5660257935523987,1.3461720943450928
22,6408975,4AG4,MdrDBcore02636,A353V,0.818,-0.8332725763320923,0.5660257935523987,1.3461720943450928
22,6408975,4AG4,MdrDBcore02637,A59G,-0.554,-0.010379727929830551,0.5660257935523987,1.3461720943450928
22,6408975,6FEX,MdrDBcore02638,D630E,-0.095,0.14052903652191162,0.5660257935523987,1.3461720943450928
22,6408975,4AG4,MdrDBcore02639,F241L,0.06,0.26791560649871826,0.5660257935523987,1.3461720943450928
22,6408975,4AG4,MdrDBcore02640,M311V,0.216,0.10726232826709747,0.5660257935523987,1.3461720943450928
22,6408975,4AG4,MdrDBcore02641,R135C,-1.11,0.11313118040561676,0.5660257935523987,1.3461720943450928
22,6408975,4AG4,MdrDBcore02642,R172W,0.25,0.2459612935781479,0.5660257935523987,1.3461720943450928
22,6408975,4AG4,MdrDBcore02643,R276Q,0.243,-0.018407020717859268,0.5660257935523987,1.3461720943450928
22,6408975,4AG4,MdrDBcore02644,R307H,0.498,0.08044792711734772,0.5660257935523987,1.3461720943450928
22,6408975,4AG4,MdrDBcore02645,R319C,-1.029,-0.1321924477815628,0.5660257935523987,1.3461720943450928
22,6408975,4AG4,MdrDBcore02646,R349C,0.82,-0.18736141920089722,0.5660257935523987,1.3461720943450928
22,6408975,4AG4,MdrDBcore02647,R60C,-0.33,0.03712430223822594,0.5660257935523987,1.3461720943450928
22,6408975,6BRJ,MdrDBcore02648,R761C,0.627,-0.11808298528194427,0.5660257935523987,1.3461720943450928
22,6408975,4AG4,MdrDBcore02649,S360R,-1.678,-0.04494701698422432,0.5660257935523987,1.3461720943450928
22,6408975,4AG4,MdrDBcore02650,T292M,0.565,-0.15177342295646667,0.5660257935523987,1.3461720943450928
22,6408975,4AG4,MdrDBcore02651,V100A,0.636,0.23799486458301544,0.5660257935523987,1.3461720943450928
22,6408975,4AG4,MdrDBcore02652,W187C,0.186,0.2559145390987396,0.5660257935523987,1.3461720943450928
22,6408975,3QGY,MdrDBcore02653,K385N,0.853,-0.4021207094192505,0.5660257935523987,1.3461720943450928
22,6408975,3MJ2,MdrDBcore02654,L508M,1.118,0.39357486367225647,0.5660257935523987,1.3461720943450928
22,6408975,3QGY,MdrDBcore02655,M438L,0.04,-0.08300536125898361,0.5660257935523987,1.3461720943450928
22,6408975,3QGY,MdrDBcore02656,P558T,-0.802,-0.10406838357448578,0.5660257935523987,1.3461720943450928
22,6408975,4HCU,MdrDBcore02657,R394Q,0.768,0.5416480898857117,0.5660257935523987,1.3461720943450928
22,6408975,3QGY,MdrDBcore02658,R610H,-0.279,0.613152027130127,0.5660257935523987,1.3461720943450928
22,6408975,6B16,MdrDBcore02659,D505G,1.166,1.0654913187026978,0.5660257935523987,1.3461720943450928
22,6408975,6B16,MdrDBcore02660,G364V,1.665,1.0648524761199951,0.5660257935523987,1.3461720943450928
22,6408975,6B16,MdrDBcore02661,R371C,0.72,1.1019500494003296,0.5660257935523987,1.3461720943450928
22,6408975,6B16,MdrDBcore02662,S259N,2.228,1.0919926166534424,0.5660257935523987,1.3461720943450928
22,6408975,6B16,MdrDBcore02663,S382L,0.546,1.0574558973312378,0.5660257935523987,1.3461720943450928
22,6408975,6B16,MdrDBcore02664,T406A,2.328,1.3432756662368774,0.5660257935523987,1.3461720943450928
22,6408975,6B16,MdrDBcore02665,V403A,1.274,1.0990363359451294,0.5660257935523987,1.3461720943450928
22,6408975,5BYZ,MdrDBcore02666,D364E,0.649,0.5315127372741699,0.5660257935523987,1.3461720943450928
22,6408975,5BYZ,MdrDBcore02667,D387Y,1.262,0.4830072522163391,0.5660257935523987,1.3461720943450928
22,6408975,5BYZ,MdrDBcore02668,K104N,0.611,0.4226195216178894,0.5660257935523987,1.3461720943450928
22,6408975,4ZSL,MdrDBcore02669,P361L,1.395,-0.13902930915355682,0.5660257935523987,1.3461720943450928
22,6408975,5BYZ,MdrDBcore02670,R318H,-0.87,-0.4070691466331482,0.5660257935523987,1.3461720943450928
22,6408975,5BYZ,MdrDBcore02671,R392C,0.158,0.7067912220954895,0.5660257935523987,1.3461720943450928
22,6408975,5BYZ,MdrDBcore02672,S247F,1.071,-0.0796484425663948,0.5660257935523987,1.3461720943450928
22,6408975,5NP0,MdrDBcore02673,A1090T,1.093,0.2587789297103882,0.5660257935523987,1.3461720943450928
22,6408975,5NP0,MdrDBcore02674,A1090T,0.801,1.1088443994522095,0.5660257935523987,1.3461720943450928
22,6408975,5NP0,MdrDBcore02675,A1090T,0.613,0.6501882076263428,0.5660257935523987,1.3461720943450928
22,6408975,5NP0,MdrDBcore02676,A1127V,0.85,0.6767258048057556,0.5660257935523987,1.3461720943450928
22,6408975,5NP0,MdrDBcore02677,A1127V,1.404,1.1155853271484375,0.5660257935523987,1.3461720943450928
22,6408975,6K9L,MdrDBcore02678,A1127V,0.818,0.5523462891578674,0.5660257935523987,1.3461720943450928
22,6408975,6K9K,MdrDBcore02679,A1309T,-0.629,0.39432963728904724,0.5660257935523987,1.3461720943450928
22,6408975,5NP0,MdrDBcore02680,A1309T,0.06,1.4233450889587402,0.5660257935523987,1.3461720943450928
22,6408975,5NP0,MdrDBcore02681,A1309T,0.213,0.3093653917312622,0.5660257935523987,1.3461720943450928
22,6408975,6K9L,MdrDBcore02682,A1670V,1.657,1.6014059782028198,0.5660257935523987,1.3461720943450928
22,6408975,6K9K,MdrDBcore02683,A2635G,1.528,1.506760835647583,0.5660257935523987,1.3461720943450928
22,6408975,6K9K,MdrDBcore02684,A2688V,0.937,0.34532588720321655,0.5660257935523987,1.3461720943450928
22,6408975,6K9K,MdrDBcore02685,A2688V,1.579,1.1593867540359497,0.5660257935523987,1.3461720943450928
22,6408975,5NP1,MdrDBcore02686,A2843V,2.515,1.6723105907440186,0.5660257935523987,1.3461720943450928
22,6408975,5NP0,MdrDBcore02687,A2843V,1.796,0.9312078952789307,0.5660257935523987,1.3461720943450928
22,6408975,6K9K,MdrDBcore02688,A2843V,1.098,0.7326916456222534,0.5660257935523987,1.3461720943450928
22,6408975,6K9L,MdrDBcore02689,C1482R,1.059,0.7431768178939819,0.5660257935523987,1.3461720943450928
22,6408975,5NP0,MdrDBcore02690,C1482R,0.948,0.8820220232009888,0.5660257935523987,1.3461720943450928
22,6408975,5NP0,MdrDBcore02691,C1726F,0.987,0.7993432879447937,0.5660257935523987,1.3461720943450928
22,6408975,7NI6,MdrDBcore02692,C2464R,0.523,0.2320815473794937,0.5660257935523987,1.3461720943450928
22,6408975,7NI6,MdrDBcore02693,C2464R,0.031,0.11322404444217682,0.5660257935523987,1.3461720943450928
22,6408975,7NI6,MdrDBcore02694,C2464R,0.51,0.32860851287841797,0.5660257935523987,1.3461720943450928
22,6408975,5NP0,MdrDBcore02695,D130Y,2.065,0.9775562882423401,0.5660257935523987,1.3461720943450928
22,6408975,5NP1,MdrDBcore02696,D130Y,1.47,1.2734392881393433,0.5660257935523987,1.3461720943450928
22,6408975,5NP0,MdrDBcore02697,D1725H,1.117,1.098008155822754,0.5660257935523987,1.3461720943450928
22,6408975,5NP1,MdrDBcore02698,D1725H,2.269,0.9527272582054138,0.5660257935523987,1.3461720943450928
22,6408975,5NP0,MdrDBcore02699,D1853V,0.083,0.2636716663837433,0.5660257935523987,1.3461720943450928
22,6408975,5NP0,MdrDBcore02700,D1853V,1.081,0.5567144751548767,0.5660257935523987,1.3461720943450928
22,6408975,5NP0,MdrDBcore02701,D1853V,0.75,0.03667335584759712,0.5660257935523987,1.3461720943450928
22,6408975,6K9K,MdrDBcore02702,D351N,1.515,1.1465630531311035,0.5660257935523987,1.3461720943450928
22,6408975,5NP0,MdrDBcore02703,D351N,1.13,0.4334923028945923,0.5660257935523987,1.3461720943450928
22,6408975,7NI5,MdrDBcore02704,D479A,0.092,-0.013396058231592178,0.5660257935523987,1.3461720943450928
22,6408975,7NI5,MdrDBcore02705,D814E,0.033,-0.0681118294596672,0.5660257935523987,1.3461720943450928
22,6408975,7NI5,MdrDBcore02706,D814E,0.369,0.38298797607421875,0.5660257935523987,1.3461720943450928
22,6408975,7NI5,MdrDBcore02707,D814E,0.034,0.17554323375225067,0.5660257935523987,1.3461720943450928
22,6408975,5NP0,MdrDBcore02708,E1533G,1.765,1.3380054235458374,0.5660257935523987,1.3461720943450928
22,6408975,6K9K,MdrDBcore02709,E1533G,2.37,1.446345567703247,0.5660257935523987,1.3461720943450928
22,6408975,5NP1,MdrDBcore02710,E1856Q,1.655,0.5937531590461731,0.5660257935523987,1.3461720943450928
22,6408975,5NP0,MdrDBcore02711,E1856Q,1.568,0.5559566617012024,0.5660257935523987,1.3461720943450928
22,6408975,5NP1,MdrDBcore02712,E2351G,1.299,1.070387363433838,0.5660257935523987,1.3461720943450928
22,6408975,5NP0,MdrDBcore02713,E2351G,1.074,0.983734667301178,0.5660257935523987,1.3461720943450928
22,6408975,6K9L,MdrDBcore02714,E2351G,1.118,1.097286343574524,0.5660257935523987,1.3461720943450928
22,6408975,5NP0,MdrDBcore02715,E2468K,2.034,1.3070094585418701,0.5660257935523987,1.3461720943450928
22,6408975,5NP1,MdrDBcore02716,E2468K,1.781,0.24002332985401154,0.5660257935523987,1.3461720943450928
22,6408975,5NP0,MdrDBcore02717,E347K,0.796,1.0010192394256592,0.5660257935523987,1.3461720943450928
22,6408975,5NP1,MdrDBcore02718,E347K,0.865,0.3392428755760193,0.5660257935523987,1.3461720943450928
22,6408975,5NP0,MdrDBcore02719,E586D,1.046,0.90254145860672,0.5660257935523987,1.3461720943450928
22,6408975,5NP0,MdrDBcore02720,E586D,1.294,1.1685690879821777,0.5660257935523987,1.3461720943450928
22,6408975,5NP1,MdrDBcore02721,E632Q,0.798,-0.1914300173521042,0.5660257935523987,1.3461720943450928
22,6408975,5NP0,MdrDBcore02722,E632Q,0.88,1.0156786441802979,0.5660257935523987,1.3461720943450928
22,6408975,5NP1,MdrDBcore02723,E632Q,0.699,0.41293564438819885,0.5660257935523987,1.3461720943450928
22,6408975,5NP1,MdrDBcore02724,F1896L,-0.721,0.2145475596189499,0.5660257935523987,1.3461720943450928
22,6408975,5NP0,MdrDBcore02725,F1896L,0.103,0.5470188856124878,0.5660257935523987,1.3461720943450928
22,6408975,5NP1,MdrDBcore02726,F1896L,-0.426,0.3069691061973572,0.5660257935523987,1.3461720943450928
22,6408975,7NI6,MdrDBcore02727,F2265L,-0.319,-0.40699198842048645,0.5660257935523987,1.3461720943450928
22,6408975,7NI6,MdrDBcore02728,F2265L,0.522,0.5003725290298462,0.5660257935523987,1.3461720943450928
22,6408975,7NI5,MdrDBcore02729,F2265L,-0.811,-0.0241570882499218,0.5660257935523987,1.3461720943450928
22,6408975,5NP1,MdrDBcore02730,G2022V,1.218,0.8729543685913086,0.5660257935523987,1.3461720943450928
22,6408975,6K9L,MdrDBcore02731,G2022V,1.688,0.8725506663322449,0.5660257935523987,1.3461720943450928
22,6408975,6K9L,MdrDBcore02732,G2917R,1.869,0.7996025085449219,0.5660257935523987,1.3461720943450928
22,6408975,5NP0,MdrDBcore02733,G2917R,1.204,1.0358035564422607,0.5660257935523987,1.3461720943450928
22,6408975,5NP0,MdrDBcore02734,G506C,1.491,1.3372325897216797,0.5660257935523987,1.3461720943450928
22,6408975,6K9L,MdrDBcore02735,G506C,1.582,1.3462259769439697,0.5660257935523987,1.3461720943450928
22,6408975,5NP0,MdrDBcore02736,G506C,1.131,0.5140092372894287,0.5660257935523987,1.3461720943450928
22,6408975,6K9L,MdrDBcore02737,H1083Y,-0.675,-0.39217567443847656,0.5660257935523987,1.3461720943450928
22,6408975,6K9K,MdrDBcore02738,H1380Y,-0.004,0.501287043094635,0.5660257935523987,1.3461720943450928
22,6408975,5NP0,MdrDBcore02739,H1380Y,0.735,1.0385081768035889,0.5660257935523987,1.3461720943450928
22,6408975,5NP0,MdrDBcore02740,H1876Q,-0.369,1.0635238885879517,0.5660257935523987,1.3461720943450928
22,6408975,5NP0,MdrDBcore02741,H1876Q,0.326,1.0630429983139038,0.5660257935523987,1.3461720943450928
22,6408975,5NP0,MdrDBcore02742,H448R,1.96,0.919780433177948,0.5660257935523987,1.3461720943450928
22,6408975,5NP1,MdrDBcore02743,H448R,1.566,0.5464593768119812,0.5660257935523987,1.3461720943450928
22,6408975,5NP0,MdrDBcore02744,H683R,1.726,0.7428210973739624,0.5660257935523987,1.3461720943450928
22,6408975,5NP0,MdrDBcore02745,H683R,1.593,1.1348873376846313,0.5660257935523987,1.3461720943450928
22,6408975,6K9K,MdrDBcore02746,I1453T,1.358,1.4020076990127563,0.5660257935523987,1.3461720943450928
22,6408975,5NP0,MdrDBcore02747,I1688T,1.442,1.1257811784744263,0.5660257935523987,1.3461720943450928
22,6408975,5NP1,MdrDBcore02748,I1688T,1.174,0.43295180797576904,0.5660257935523987,1.3461720943450928
22,6408975,6K9L,MdrDBcore02749,I2920N,2.125,1.0576857328414917,0.5660257935523987,1.3461720943450928
22,6408975,5NP0,MdrDBcore02750,K1572T,-0.429,0.29901257157325745,0.5660257935523987,1.3461720943450928
22,6408975,6K9L,MdrDBcore02751,K1572T,0.666,1.3175601959228516,0.5660257935523987,1.3461720943450928
22,6408975,6K9L,MdrDBcore02752,K1964E,1.556,1.547421932220459,0.5660257935523987,1.3461720943450928
22,6408975,5NP1,MdrDBcore02753,K2318Q,1.556,0.657242476940155,0.5660257935523987,1.3461720943450928
22,6408975,5NP0,MdrDBcore02754,K2318Q,1.27,0.9493483901023865,0.5660257935523987,1.3461720943450928
22,6408975,5NP1,MdrDBcore02755,K2749I,1.749,-0.4094931483268738,0.5660257935523987,1.3461720943450928
22,6408975,5NP1,MdrDBcore02756,K2749I,1.757,1.4603023529052734,0.5660257935523987,1.3461720943450928
22,6408975,5NP0,MdrDBcore02757,K31A,0.119,1.0903979539871216,0.5660257935523987,1.3461720943450928
22,6408975,6K9L,MdrDBcore02758,K482Q,1.174,1.3882964849472046,0.5660257935523987,1.3461720943450928
22,6408975,5NP0,MdrDBcore02759,K482Q,1.683,1.0904548168182373,0.5660257935523987,1.3461720943450928
22,6408975,5NP0,MdrDBcore02760,L1472F,0.971,1.446170449256897,0.5660257935523987,1.3461720943450928
22,6408975,6K9L,MdrDBcore02761,L1824F,-0.608,0.6055316925048828,0.5660257935523987,1.3461720943450928
22,6408975,5NP1,MdrDBcore02762,L1824F,0.944,0.9930796027183533,0.5660257935523987,1.3461720943450928
22,6408975,5NP1,MdrDBcore02763,L2307F,1.662,1.184728980064392,0.5660257935523987,1.3461720943450928
22,6408975,6K9L,MdrDBcore02764,L2307F,1.612,1.0626569986343384,0.5660257935523987,1.3461720943450928
22,6408975,5NP0,MdrDBcore02765,L243W,1.371,0.7875122427940369,0.5660257935523987,1.3461720943450928
22,6408975,5NP0,MdrDBcore02766,L243W,0.86,1.3649085760116577,0.5660257935523987,1.3461720943450928
22,6408975,5NP0,MdrDBcore02767,L345F,0.888,-0.2312573790550232,0.5660257935523987,1.3461720943450928
22,6408975,5NP0,MdrDBcore02768,L345F,1.103,1.148667573928833,0.5660257935523987,1.3461720943450928
22,6408975,5NP0,MdrDBcore02769,L345F,1.366,0.2314503937959671,0.5660257935523987,1.3461720943450928
22,6408975,5NP0,MdrDBcore02770,L546V,0.183,1.0859531164169312,0.5660257935523987,1.3461720943450928
22,6408975,6K9L,MdrDBcore02771,L944V,1.061,0.6361678242683411,0.5660257935523987,1.3461720943450928
22,6408975,6K9K,MdrDBcore02772,L944V,1.202,1.1859158277511597,0.5660257935523987,1.3461720943450928
22,6408975,7NI5,MdrDBcore02773,M1040V,0.411,0.3222619593143463,0.5660257935523987,1.3461720943450928
22,6408975,7NI5,MdrDBcore02774,M1040V,-0.275,0.3675433099269867,0.5660257935523987,1.3461720943450928
22,6408975,5NP0,MdrDBcore02775,M1064I,1.521,1.3835954666137695,0.5660257935523987,1.3461720943450928
22,6408975,5NP1,MdrDBcore02776,M1210V,2.327,0.4685765206813812,0.5660257935523987,1.3461720943450928
22,6408975,5NP0,MdrDBcore02777,M1210V,1.764,1.132578730583191,0.5660257935523987,1.3461720943450928
22,6408975,5NP1,MdrDBcore02778,M1210V,1.694,1.1163983345031738,0.5660257935523987,1.3461720943450928
22,6408975,5NP0,MdrDBcore02779,M1967V,0.97,1.2503986358642578,0.5660257935523987,1.3461720943450928
22,6408975,6K9K,MdrDBcore02780,N1005I,1.241,0.5276498198509216,0.5660257935523987,1.3461720943450928
22,6408975,6K9L,MdrDBcore02781,N1005I,1.561,0.6544017195701599,0.5660257935523987,1.3461720943450928
22,6408975,5NP1,MdrDBcore02782,N1005I,0.866,0.39741823077201843,0.5660257935523987,1.3461720943450928
22,6408975,5NP0,MdrDBcore02783,N1005S,-0.183,1.2886472940444946,0.5660257935523987,1.3461720943450928
22,6408975,5NP1,MdrDBcore02784,N1005S,-0.375,1.1430246829986572,0.5660257935523987,1.3461720943450928
22,6408975,6K9K,MdrDBcore02785,N1650S,1.956,0.4562922418117523,0.5660257935523987,1.3461720943450928
22,6408975,5NP0,MdrDBcore02786,N230T,1.358,1.4380306005477905,0.5660257935523987,1.3461720943450928
22,6408975,5NP0,MdrDBcore02787,N2826I,1.237,1.2503116130828857,0.5660257935523987,1.3461720943450928
22,6408975,5NP0,MdrDBcore02788,N2826I,1.154,0.9914490580558777,0.5660257935523987,1.3461720943450928
22,6408975,5NP1,MdrDBcore02789,N2826I,1.074,0.5099338293075562,0.5660257935523987,1.3461720943450928
22,6408975,5NP0,MdrDBcore02790,P2353H,1.265,1.3259880542755127,0.5660257935523987,1.3461720943450928
22,6408975,5NP0,MdrDBcore02791,P2353H,1.046,0.5201840996742249,0.5660257935523987,1.3461720943450928
22,6408975,7NI6,MdrDBcore02792,P2518S,0.426,-0.07673008739948273,0.5660257935523987,1.3461720943450928
22,6408975,7NI6,MdrDBcore02793,P2518S,0.328,0.10570009052753448,0.5660257935523987,1.3461720943450928
22,6408975,7NI6,MdrDBcore02794,P2518S,-0.362,0.33084163069725037,0.5660257935523987,1.3461720943450928
22,6408975,6K9K,MdrDBcore02795,P2648S,1.236,0.9971650242805481,0.5660257935523987,1.3461720943450928
22,6408975,5NP0,MdrDBcore02796,P2648S,1.38,1.1597672700881958,0.5660257935523987,1.3461720943450928
22,6408975,6K9K,MdrDBcore02797,P2974L,0.839,0.3921169638633728,0.5660257935523987,1.3461720943450928
22,6408975,5NP0,MdrDBcore02798,P2974L,1.371,1.195948600769043,0.5660257935523987,1.3461720943450928
22,6408975,5NP0,MdrDBcore02799,P604S,1.651,0.9666506052017212,0.5660257935523987,1.3461720943450928
22,6408975,5NP0,MdrDBcore02800,P960R,1.415,0.7918840646743774,0.5660257935523987,1.3461720943450928
22,6408975,5NP0,MdrDBcore02801,P960R,1.25,0.8764581084251404,0.5660257935523987,1.3461720943450928
22,6408975,6K9L,MdrDBcore02802,Q1128E,1.504,1.0521711111068726,0.5660257935523987,1.3461720943450928
22,6408975,5NP1,MdrDBcore02803,Q1128E,1.084,0.88252854347229,0.5660257935523987,1.3461720943450928
22,6408975,5NP0,MdrDBcore02804,Q1128R,0.312,0.7024989724159241,0.5660257935523987,1.3461720943450928
22,6408975,5NP0,MdrDBcore02805,Q1128R,0.801,1.1511685848236084,0.5660257935523987,1.3461720943450928
22,6408975,5NP1,MdrDBcore02806,Q1361R,2.374,-1.0159422159194946,0.5660257935523987,1.3461720943450928
22,6408975,6K9L,MdrDBcore02807,Q1361R,1.34,1.2572170495986938,0.5660257935523987,1.3461720943450928
22,6408975,7NI6,MdrDBcore02808,Q1919P,0.143,0.3721895217895508,0.5660257935523987,1.3461720943450928
22,6408975,7NI5,MdrDBcore02809,Q1919P,0.053,0.199891597032547,0.5660257935523987,1.3461720943450928
22,6408975,5NP0,MdrDBcore02810,Q2210A,1.931,1.178131341934204,0.5660257935523987,1.3461720943450928
22,6408975,5NP1,MdrDBcore02811,Q2210A,1.494,1.004410982131958,0.5660257935523987,1.3461720943450928
22,6408975,6K9L,MdrDBcore02812,Q2733P,0.914,0.35991841554641724,0.5660257935523987,1.3461720943450928
22,6408975,5NP0,MdrDBcore02813,Q2733P,1.786,1.1373299360275269,0.5660257935523987,1.3461720943450928
22,6408975,5NP0,MdrDBcore02814,Q2762R,1.632,1.2423299551010132,0.5660257935523987,1.3461720943450928
22,6408975,6K9L,MdrDBcore02815,Q2800A,0.735,-0.912796139717102,0.5660257935523987,1.3461720943450928
22,6408975,5NP0,MdrDBcore02816,Q2800A,0.13,1.1932919025421143,0.5660257935523987,1.3461720943450928
22,6408975,6K9K,MdrDBcore02817,Q2800A,-0.566,0.6623978018760681,0.5660257935523987,1.3461720943450928
22,6408975,6K9L,MdrDBcore02818,Q2825P,1.001,0.22232367098331451,0.5660257935523987,1.3461720943450928
22,6408975,5NP0,MdrDBcore02819,Q2825P,0.95,0.5640833377838135,0.5660257935523987,1.3461720943450928
22,6408975,5NP1,MdrDBcore02820,Q2825P,0.908,1.009950041770935,0.5660257935523987,1.3461720943450928
22,6408975,6K9K,MdrDBcore02821,Q65P,1.638,0.6892556548118591,0.5660257935523987,1.3461720943450928
22,6408975,5NP0,MdrDBcore02822,Q65P,0.955,0.5454554557800293,0.5660257935523987,1.3461720943450928
22,6408975,5NP0,MdrDBcore02823,R1086H,0.329,0.3581511378288269,0.5660257935523987,1.3461720943450928
22,6408975,6K9L,MdrDBcore02824,R1086H,0.23,0.7623380422592163,0.5660257935523987,1.3461720943450928
22,6408975,6K9L,MdrDBcore02825,R1585S,1.336,0.4120089113712311,0.5660257935523987,1.3461720943450928
22,6408975,5NP0,MdrDBcore02826,R1585S,1.371,1.1924058198928833,0.5660257935523987,1.3461720943450928
22,6408975,5NP0,MdrDBcore02827,R1618A,0.651,1.2040064334869385,0.5660257935523987,1.3461720943450928
22,6408975,5NP0,MdrDBcore02828,R1618A,-0.379,0.37900644540786743,0.5660257935523987,1.3461720943450928
22,6408975,7NI5,MdrDBcore02829,R1618Q,1.52,0.2525552213191986,0.5660257935523987,1.3461720943450928
22,6408975,7NI5,MdrDBcore02830,R1618Q,0.522,0.43945521116256714,0.5660257935523987,1.3461720943450928
22,6408975,7NI4,MdrDBcore02831,R1618Q,0.347,0.48036813735961914,0.5660257935523987,1.3461720943450928
22,6408975,5NP0,MdrDBcore02832,R2244T,1.347,0.6115331053733826,0.5660257935523987,1.3461720943450928
22,6408975,5NP1,MdrDBcore02833,R2244T,1.616,1.3901959657669067,0.5660257935523987,1.3461720943450928
22,6408975,5NP0,MdrDBcore02834,R2244T,1.936,0.8738085031509399,0.5660257935523987,1.3461720943450928
22,6408975,6K9K,MdrDBcore02835,R2436S,0.765,0.2239575833082199,0.5660257935523987,1.3461720943450928
22,6408975,5NP0,MdrDBcore02836,R2436S,1.215,0.9374634027481079,0.5660257935523987,1.3461720943450928
22,6408975,6K9K,MdrDBcore02837,R2436S,1.198,0.09272821247577667,0.5660257935523987,1.3461720943450928
22,6408975,5NP1,MdrDBcore02838,R248Q,1.467,1.4179993867874146,0.5660257935523987,1.3461720943450928
22,6408975,6K9L,MdrDBcore02839,R2832C,0.97,0.7415151596069336,0.5660257935523987,1.3461720943450928
22,6408975,5NP0,MdrDBcore02840,R2832C,1.264,1.2461284399032593,0.5660257935523987,1.3461720943450928
22,6408975,6K9L,MdrDBcore02841,R451H,1.294,1.1073729991912842,0.5660257935523987,1.3461720943450928
22,6408975,5NP0,MdrDBcore02842,R451H,1.177,1.0381275415420532,0.5660257935523987,1.3461720943450928
22,6408975,6K9K,MdrDBcore02843,R451H,2.027,0.1734199970960617,0.5660257935523987,1.3461720943450928
22,6408975,5NP1,MdrDBcore02844,S1383L,-0.186,0.13865046203136444,0.5660257935523987,1.3461720943450928
22,6408975,6K9K,MdrDBcore02845,S1383L,1.029,1.1511895656585693,0.5660257935523987,1.3461720943450928
22,6408975,5NP0,MdrDBcore02846,S1383L,1.007,0.5797197222709656,0.5660257935523987,1.3461720943450928
22,6408975,5NP0,MdrDBcore02847,S2058L,1.113,0.9866957068443298,0.5660257935523987,1.3461720943450928
22,6408975,5NP0,MdrDBcore02848,S2058L,2.001,1.4286295175552368,0.5660257935523987,1.3461720943450928
22,6408975,7NI6,MdrDBcore02849,S2146T,1.033,0.8343467116355896,0.5660257935523987,1.3461720943450928
22,6408975,7NI6,MdrDBcore02850,S2146T,0.104,0.25362342596054077,0.5660257935523987,1.3461720943450928
22,6408975,5NP0,MdrDBcore02851,S2218N,1.089,1.20395028591156,0.5660257935523987,1.3461720943450928
22,6408975,6K9L,MdrDBcore02852,S2218N,1.092,1.1199337244033813,0.5660257935523987,1.3461720943450928
22,6408975,6K9L,MdrDBcore02853,S2218R,1.627,0.6987514495849609,0.5660257935523987,1.3461720943450928
22,6408975,5NP0,MdrDBcore02854,S2218R,1.852,0.5517232418060303,0.5660257935523987,1.3461720943450928
22,6408975,6K9K,MdrDBcore02855,S2218R,1.729,1.5271104574203491,0.5660257935523987,1.3461720943450928
22,6408975,5NP0,MdrDBcore02856,S707P,0.647,0.5591551065444946,0.5660257935523987,1.3461720943450928
22,6408975,5NP0,MdrDBcore02857,S707P,0.195,0.08584916591644287,0.5660257935523987,1.3461720943450928
22,6408975,5NP0,MdrDBcore02858,T1854I,1.004,0.5169034004211426,0.5660257935523987,1.3461720943450928
22,6408975,5NP0,MdrDBcore02859,T1854I,0.798,0.5920807719230652,0.5660257935523987,1.3461720943450928
22,6408975,7NI5,MdrDBcore02860,T2059I,-0.689,0.29430294036865234,0.5660257935523987,1.3461720943450928
22,6408975,7NI5,MdrDBcore02861,T2059I,-0.296,0.36854231357574463,0.5660257935523987,1.3461720943450928
22,6408975,7NI5,MdrDBcore02862,T2059I,-0.292,0.07866516709327698,0.5660257935523987,1.3461720943450928
22,6408975,6K9L,MdrDBcore02863,T2335I,1.55,1.5980839729309082,0.5660257935523987,1.3461720943450928
22,6408975,5NP0,MdrDBcore02864,T2335I,1.068,1.200746774673462,0.5660257935523987,1.3461720943450928
22,6408975,6K9K,MdrDBcore02865,T2335I,1.689,1.0493712425231934,0.5660257935523987,1.3461720943450928
22,6408975,5NP0,MdrDBcore02866,T2438I,-0.468,0.9732183814048767,0.5660257935523987,1.3461720943450928
22,6408975,6K9L,MdrDBcore02867,T2640I,1.672,1.364434838294983,0.5660257935523987,1.3461720943450928
22,6408975,5NP0,MdrDBcore02868,T2674R,1.635,1.001012921333313,0.5660257935523987,1.3461720943450928
22,6408975,6K9L,MdrDBcore02869,T2674R,1.51,0.935391366481781,0.5660257935523987,1.3461720943450928
22,6408975,7NI5,MdrDBcore02870,V1570A,-0.069,0.4688354432582855,0.5660257935523987,1.3461720943450928
22,6408975,6K9K,MdrDBcore02871,V1570A,0.305,0.7336922287940979,0.5660257935523987,1.3461720943450928
22,6408975,7NI5,MdrDBcore02872,V1570A,-0.072,0.002768009901046753,0.5660257935523987,1.3461720943450928
22,6408975,5NP0,MdrDBcore02873,V2079I,0.198,0.48084139823913574,0.5660257935523987,1.3461720943450928
22,6408975,5NP0,MdrDBcore02874,V2079I,0.911,1.043570637702942,0.5660257935523987,1.3461720943450928
22,6408975,5NP1,MdrDBcore02875,V2079I,-0.07,1.1976686716079712,0.5660257935523987,1.3461720943450928
22,6408975,5NP0,MdrDBcore02876,V2166A,1.261,1.454237699508667,0.5660257935523987,1.3461720943450928
22,6408975,5NP0,MdrDBcore02877,V2166A,0.785,1.2991164922714233,0.5660257935523987,1.3461720943450928
22,6408975,6K9K,MdrDBcore02878,V2906I,3.078,0.44850289821624756,0.5660257935523987,1.3461720943450928
22,6408975,5NP0,MdrDBcore02879,V2906I,1.556,0.6535126566886902,0.5660257935523987,1.3461720943450928
22,6408975,6K9L,MdrDBcore02880,V2906I,1.31,1.3229349851608276,0.5660257935523987,1.3461720943450928
22,6408975,6K9L,MdrDBcore02881,V613L,1.098,0.16775332391262054,0.5660257935523987,1.3461720943450928
22,6408975,5NP0,MdrDBcore02882,V613L,1.209,1.0551652908325195,0.5660257935523987,1.3461720943450928
22,6408975,5NP0,MdrDBcore02883,W1279A,1.081,0.9697569608688354,0.5660257935523987,1.3461720943450928
22,6408975,5NP0,MdrDBcore02884,W1279A,-0.198,1.149361252784729,0.5660257935523987,1.3461720943450928
22,6408975,6K9L,MdrDBcore02885,W1279A,0.677,0.7919641733169556,0.5660257935523987,1.3461720943450928
22,6408975,6K9L,MdrDBcore02886,W2638A,1.175,0.6181278824806213,0.5660257935523987,1.3461720943450928
22,6408975,5NP0,MdrDBcore02887,W2845A,-0.186,0.3808547556400299,0.5660257935523987,1.3461720943450928
22,6408975,5NP0,MdrDBcore02888,W2845A,0.916,1.4194791316986084,0.5660257935523987,1.3461720943450928
22,6408975,6K9K,MdrDBcore02889,W57A,1.639,1.3903694152832031,0.5660257935523987,1.3461720943450928
22,6408975,5NP0,MdrDBcore02890,Y2167A,0.171,0.8982946276664734,0.5660257935523987,1.3461720943450928
22,6408975,5NP1,MdrDBcore02891,Y2167A,0.637,0.787769615650177,0.5660257935523987,1.3461720943450928
22,6408975,3NCZ,MdrDBcore02892,R349Q,0.303,0.5167427659034729,0.5660257935523987,1.3461720943450928
22,6408975,3NCZ,MdrDBcore02893,R349Q,1.394,0.5559740662574768,0.5660257935523987,1.3461720943450928
22,6408975,5YZ0,MdrDBcore02894,A1896V,2.885,0.4018498659133911,0.5660257935523987,1.3461720943450928
22,6408975,5YZ0,MdrDBcore02895,D1915G,1.226,0.5081409215927124,0.5660257935523987,1.3461720943450928
22,6408975,5YZ0,MdrDBcore02896,E2034K,0.748,1.3645402193069458,0.5660257935523987,1.3461720943450928
22,6408975,5YZ0,MdrDBcore02897,H453P,2.365,0.3734780251979828,0.5660257935523987,1.3461720943450928
22,6408975,5YZ0,MdrDBcore02898,I1526V,0.629,0.6197821497917175,0.5660257935523987,1.3461720943450928
22,6408975,5YZ0,MdrDBcore02899,K2501N,0.511,0.4686616361141205,0.5660257935523987,1.3461720943450928
22,6408975,5YZ0,MdrDBcore02900,L1483F,0.819,0.05522369220852852,0.5660257935523987,1.3461720943450928
22,6408975,5YZ0,MdrDBcore02901,L1599P,1.873,1.0310097932815552,0.5660257935523987,1.3461720943450928
22,6408975,5YZ0,MdrDBcore02902,M328V,1.249,-0.7866023182868958,0.5660257935523987,1.3461720943450928
22,6408975,5YZ0,MdrDBcore02903,M593T,-0.64,0.5033332109451294,0.5660257935523987,1.3461720943450928
22,6408975,5YZ0,MdrDBcore02904,P1991S,3.754,1.1752146482467651,0.5660257935523987,1.3461720943450928
22,6408975,5YZ0,MdrDBcore02905,Q713E,1.154,-0.2883772552013397,0.5660257935523987,1.3461720943450928
22,6408975,5YZ0,MdrDBcore02906,R1015Q,3.395,0.03845028951764107,0.5660257935523987,1.3461720943450928
22,6408975,5YZ0,MdrDBcore02907,R2190C,2.025,0.3727698028087616,0.5660257935523987,1.3461720943450928
22,6408975,5YZ0,MdrDBcore02908,S601F,2.207,0.17297261953353882,0.5660257935523987,1.3461720943450928
22,6408975,5YZ0,MdrDBcore02909,T1751A,-0.963,0.4856816530227661,0.5660257935523987,1.3461720943450928
22,6408975,5YZ0,MdrDBcore02910,T1751A,-0.348,0.22251467406749725,0.5660257935523987,1.3461720943450928
22,6408975,5YZ0,MdrDBcore02911,T2556S,1.698,0.7764026522636414,0.5660257935523987,1.3461720943450928
22,6408975,5YZ0,MdrDBcore02912,T2556S,0.653,1.1907963752746582,0.5660257935523987,1.3461720943450928
22,6408975,5YZ0,MdrDBcore02913,Y1527S,7.83,0.4676036834716797,0.5660257935523987,1.3461720943450928
22,6408975,5YZ0,MdrDBcore02914,Y2637C,1.527,0.04941682890057564,0.5660257935523987,1.3461720943450928
22,6408975,5YZ0,MdrDBcore02915,Y575C,3.374,0.7720118761062622,0.5660257935523987,1.3461720943450928
22,6408975,5YZ0,MdrDBcore02916,Y575C,2.478,1.1619223356246948,0.5660257935523987,1.3461720943450928
22,6408975,4ITI,MdrDBcore02917,E234K,1.088,0.8120818734169006,0.5660257935523987,1.3461720943450928
22,6408975,4ITI,MdrDBcore02918,L79V,0.31,0.8372756242752075,0.5660257935523987,1.3461720943450928
22,6408975,7AO8,MdrDBcore02919,D210G,5.882,-0.6284086108207703,0.5660257935523987,1.3461720943450928
22,6408975,7AO8,MdrDBcore02920,D210G,-16.798,-1.1971861124038696,0.5660257935523987,1.3461720943450928
22,6408975,7AO8,MdrDBcore02921,D210G,1.575,0.4762529730796814,0.5660257935523987,1.3461720943450928
22,6408975,7AO8,MdrDBcore02922,D210G,1.9,0.4616125822067261,0.5660257935523987,1.3461720943450928
22,6408975,7AO8,MdrDBcore02923,E146K,3.172,0.6535332202911377,0.5660257935523987,1.3461720943450928
22,6408975,7AO8,MdrDBcore02924,E146K,1.046,0.38369885087013245,0.5660257935523987,1.3461720943450928
22,6408975,7AO8,MdrDBcore02925,E250G,4.918,0.15614259243011475,0.5660257935523987,1.3461720943450928
22,6408975,7AO8,MdrDBcore02926,E250G,-11.358,0.7739051580429077,0.5660257935523987,1.3461720943450928
22,6408975,7AO8,MdrDBcore02927,E250G,1.685,0.6514251828193665,0.5660257935523987,1.3461720943450928
22,6408975,7AO8,MdrDBcore02928,E250G,0.577,0.17661021649837494,0.5660257935523987,1.3461720943450928
22,6408975,7AO8,MdrDBcore02929,M245I,5.176,0.5130309462547302,0.5660257935523987,1.3461720943450928
22,6408975,7AO8,MdrDBcore02930,M245I,-16.939,-1.1139482259750366,0.5660257935523987,1.3461720943450928
22,6408975,7AO8,MdrDBcore02931,M245I,2.194,0.4967360496520996,0.5660257935523987,1.3461720943450928
22,6408975,7AO8,MdrDBcore02932,R77C,-1.736,0.5697358250617981,0.5660257935523987,1.3461720943450928
22,6408975,6Z2J,MdrDBcore02933,R77C,1.507,0.6896712183952332,0.5660257935523987,1.3461720943450928
22,6408975,7AO8,MdrDBcore02934,R77C,6.287,0.5776920318603516,0.5660257935523987,1.3461720943450928
22,6408975,7AO8,MdrDBcore02935,R77C,-0.554,-0.7743754982948303,0.5660257935523987,1.3461720943450928
22,6408975,7AO8,MdrDBcore02936,R77C,2.431,1.1669718027114868,0.5660257935523987,1.3461720943450928
22,6408975,7AO8,MdrDBcore02937,S88N,5.575,0.45363378524780273,0.5660257935523987,1.3461720943450928
22,6408975,7AO8,MdrDBcore02938,S88N,-14.148,-0.2588544487953186,0.5660257935523987,1.3461720943450928
22,6408975,7AO8,MdrDBcore02939,S88N,1.513,0.4092022180557251,0.5660257935523987,1.3461720943450928
22,6408975,7AO8,MdrDBcore02940,V224D,1.719,0.5227495431900024,0.5660257935523987,1.3461720943450928
22,6408975,7AO8,MdrDBcore02941,V224D,-5.874,-0.7769721746444702,0.5660257935523987,1.3461720943450928
22,6408975,7AO8,MdrDBcore02942,V224D,1.098,0.473344087600708,0.5660257935523987,1.3461720943450928
22,6408975,7AO8,MdrDBcore02943,Y226S,-1.242,-1.1661545038223267,0.5660257935523987,1.3461720943450928
22,6408975,7AO8,MdrDBcore02944,Y226S,-0.845,0.12376484274864197,0.5660257935523987,1.3461720943450928
22,6408975,7AO8,MdrDBcore02945,Y226S,-0.232,0.6955597996711731,0.5660257935523987,1.3461720943450928
22,6408975,7AO8,MdrDBcore02946,Y226S,-1.501,-0.33824723958969116,0.5660257935523987,1.3461720943450928
22,6408975,7AO8,MdrDBcore02947,Y67H,1.617,0.9463555812835693,0.5660257935523987,1.3461720943450928
22,6408975,7AO8,MdrDBcore02948,Y67H,-2.409,-0.8244180083274841,0.5660257935523987,1.3461720943450928
22,6408975,7AO8,MdrDBcore02949,Y67H,1.501,0.5020976662635803,0.5660257935523987,1.3461720943450928
22,6408975,7URZ,MdrDBcore02950,C616Y,1.194,0.7559774518013,0.5660257935523987,1.3461720943450928
22,6408975,3BHH,MdrDBcore02951,E13D,1.287,0.6861594319343567,0.5660257935523987,1.3461720943450928
22,6408975,3BHH,MdrDBcore02952,L142M,0.635,0.5782637596130371,0.5660257935523987,1.3461720943450928
22,6408975,3BHH,MdrDBcore02953,P234L,1.372,0.7220546007156372,0.5660257935523987,1.3461720943450928
22,6408975,7URZ,MdrDBcore02954,Q624E,1.483,0.9150259494781494,0.5660257935523987,1.3461720943450928
22,6408975,3BHH,MdrDBcore02955,R260L,1.06,0.7458399534225464,0.5660257935523987,1.3461720943450928
22,6408975,7URZ,MdrDBcore02956,R646H,1.19,0.8372188210487366,0.5660257935523987,1.3461720943450928
22,6408975,1YOV,MdrDBcore02957,A359S,-1.366,0.08276721835136414,0.5660257935523987,1.3461720943450928
22,6408975,1YOV,MdrDBcore02958,D180N,-0.895,-0.718756377696991,0.5660257935523987,1.3461720943450928
22,6408975,2NVU,MdrDBcore02959,D64N,-1.127,0.3585509955883026,0.5660257935523987,1.3461720943450928
22,6408975,2NVU,MdrDBcore02960,E90Q,-2.097,-0.7291629314422607,0.5660257935523987,1.3461720943450928
22,6408975,2NVU,MdrDBcore02961,F292L,-1.934,-1.2737181186676025,0.5660257935523987,1.3461720943450928
22,6408975,3GZN,MdrDBcore02962,F499L,-2.111,0.3246622085571289,0.5660257935523987,1.3461720943450928
22,6408975,2NVU,MdrDBcore02963,I221V,-2.002,-0.22589655220508575,0.5660257935523987,1.3461720943450928
22,6408975,3GZN,MdrDBcore02964,I250F,-1.648,0.3922710418701172,0.5660257935523987,1.3461720943450928
22,6408975,2NVU,MdrDBcore02965,I457M,-2.064,-1.523404598236084,0.5660257935523987,1.3461720943450928
22,6408975,2NVU,MdrDBcore02966,K190R,-1.677,-0.016581958159804344,0.5660257935523987,1.3461720943450928
22,6408975,3GZN,MdrDBcore02967,K440E,-0.378,0.41311442852020264,0.5660257935523987,1.3461720943450928
22,6408975,2NVU,MdrDBcore02968,N293T,-0.799,-0.04889089986681938,0.5660257935523987,1.3461720943450928
22,6408975,2NVU,MdrDBcore02969,Q25R,0.312,0.28568094968795776,0.5660257935523987,1.3461720943450928
22,6408975,3GZN,MdrDBcore02970,Q469R,-2.149,0.3005523085594177,0.5660257935523987,1.3461720943450928
22,6408975,2NVU,MdrDBcore02971,R312H,-0.211,-0.711420476436615,0.5660257935523987,1.3461720943450928
22,6408975,2NVU,MdrDBcore02972,S104F,-2.588,-1.042558193206787,0.5660257935523987,1.3461720943450928
22,6408975,2NVU,MdrDBcore02973,S121L,-1.406,-0.38731062412261963,0.5660257935523987,1.3461720943450928
22,6408975,2NVU,MdrDBcore02974,S379L,0.58,0.08712445199489594,0.5660257935523987,1.3461720943450928
22,6408975,2NVU,MdrDBcore02975,S388N,-0.943,-0.6566197276115417,0.5660257935523987,1.3461720943450928
22,6408975,2NVU,MdrDBcore02976,T277A,-2.361,-0.2910015881061554,0.5660257935523987,1.3461720943450928
22,6408975,6U4Y,MdrDBcore02977,E169K,0.137,0.7715420126914978,0.5660257935523987,1.3461720943450928
22,6408975,5HYN,MdrDBcore02978,G159R,-0.686,0.1906602680683136,0.5660257935523987,1.3461720943450928
22,6408975,4MI5,MdrDBcore02979,G648E,0.084,-0.7846718430519104,0.5660257935523987,1.3461720943450928
22,6408975,5HYN,MdrDBcore02980,H279Y,-0.426,0.3666228652000427,0.5660257935523987,1.3461720943450928
22,6408975,5HYN,MdrDBcore02981,K291T,0.139,0.22151367366313934,0.5660257935523987,1.3461720943450928
22,6408975,5HYN,MdrDBcore02982,P132S,0.277,0.2339198738336563,0.5660257935523987,1.3461720943450928
22,6408975,6U4Y,MdrDBcore02983,R16Q,-0.524,0.41573628783226013,0.5660257935523987,1.3461720943450928
22,6408975,4MI5,MdrDBcore02984,R690H,-0.335,-0.37160447239875793,0.5660257935523987,1.3461720943450928
22,6408975,5H15,MdrDBcore02985,S44F,0.05,0.681518018245697,0.5660257935523987,1.3461720943450928
22,6408975,4MI5,MdrDBcore02986,S537N,0.286,-0.4737444519996643,0.5660257935523987,1.3461720943450928
22,6408975,4MI5,MdrDBcore02987,S538L,-0.413,-0.5392892360687256,0.5660257935523987,1.3461720943450928
22,6408975,4MI5,MdrDBcore02988,S624C,0.142,0.23629216849803925,0.5660257935523987,1.3461720943450928
22,6408975,6U4Y,MdrDBcore02989,T80P,0.5,1.3356066942214966,0.5660257935523987,1.3461720943450928
22,6408975,4MI5,MdrDBcore02990,Y646C,-0.272,0.12230558693408966,0.5660257935523987,1.3461720943450928
22,6408975,4MI5,MdrDBcore02991,Y646F,-1.131,-0.3613322973251343,0.5660257935523987,1.3461720943450928
22,6408975,4MI5,MdrDBcore02992,Y646S,-0.541,-0.3139287531375885,0.5660257935523987,1.3461720943450928
22,6408975,4MI5,MdrDBcore02993,Y701C,0.21,-0.02563256397843361,0.5660257935523987,1.3461720943450928
22,6408975,7LI3,MdrDBcore02994,A628V,-0.861,-0.15031598508358002,0.5660257935523987,1.3461720943450928
22,6408975,7LI3,MdrDBcore02995,E1190A,0.213,0.2596026659011841,0.5660257935523987,1.3461720943450928
22,6408975,6VNO,MdrDBcore02996,E1874V,-0.195,0.24805139005184174,0.5660257935523987,1.3461720943450928
22,6408975,7LI3,MdrDBcore02997,E2516K,0.316,0.05763297155499458,0.5660257935523987,1.3461720943450928
22,6408975,7LI3,MdrDBcore02998,G1213S,0.452,0.11005111038684845,0.5660257935523987,1.3461720943450928
22,6408975,6VP7,MdrDBcore02999,G1397C,0.145,0.20097801089286804,0.5660257935523987,1.3461720943450928
22,6408975,6VNO,MdrDBcore03000,G1424R,-1.492,0.03924045339226723,0.5660257935523987,1.3461720943450928
22,6408975,7LI3,MdrDBcore03001,G1939W,0.297,-0.23089495301246643,0.5660257935523987,1.3461720943450928
22,6408975,7LI3,MdrDBcore03002,H572Q,-0.93,0.028025418519973755,0.5660257935523987,1.3461720943450928
22,6408975,7LI3,MdrDBcore03003,I1006M,-0.396,0.42470332980155945,0.5660257935523987,1.3461720943450928
22,6408975,7LI3,MdrDBcore03004,K1035N,-0.459,-0.16198599338531494,0.5660257935523987,1.3461720943450928
22,6408975,7LI3,MdrDBcore03005,L1136P,-0.112,-0.2224867045879364,0.5660257935523987,1.3461720943450928
22,6408975,6VP7,MdrDBcore03006,L1603I,-0.754,-0.03017909824848175,0.5660257935523987,1.3461720943450928
22,6408975,6VP7,MdrDBcore03007,L1776I,-0.018,0.577185332775116,0.5660257935523987,1.3461720943450928
22,6408975,6VP8,MdrDBcore03008,L1932F,-0.15,0.10539022088050842,0.5660257935523987,1.3461720943450928
22,6408975,7LI3,MdrDBcore03009,L1982S,-0.709,-0.025230038911104202,0.5660257935523987,1.3461720943450928
22,6408975,6DLP,MdrDBcore03010,L2145S,-1.068,0.029149532318115234,0.5660257935523987,1.3461720943450928
22,6408975,7LI3,MdrDBcore03011,L2393A,-0.261,0.014062274247407913,0.5660257935523987,1.3461720943450928
22,6408975,7LI3,MdrDBcore03012,L708F,0.269,-0.5089488625526428,0.5660257935523987,1.3461720943450928
22,6408975,6OJE,MdrDBcore03013,M1431T,-0.542,-0.22376079857349396,0.5660257935523987,1.3461720943450928
22,6408975,6VP7,MdrDBcore03014,M1947T,0.098,0.2896716892719269,0.5660257935523987,1.3461720943450928
22,6408975,7LHW,MdrDBcore03015,P1546L,0.418,-0.13097095489501953,0.5660257935523987,1.3461720943450928
22,6408975,7LHW,MdrDBcore03016,P1930L,0.004,-0.049937549978494644,0.5660257935523987,1.3461720943450928
22,6408975,7LI3,MdrDBcore03017,Q1002A,-1.032,-0.024601586163043976,0.5660257935523987,1.3461720943450928
22,6408975,6VP7,MdrDBcore03018,Q1779K,0.004,0.18365450203418732,0.5660257935523987,1.3461720943450928
22,6408975,6VP8,MdrDBcore03019,Q2120A,0.277,0.5070639848709106,0.5660257935523987,1.3461720943450928
22,6408975,6VP8,MdrDBcore03020,Q2490K,-0.3,0.32643747329711914,0.5660257935523987,1.3461720943450928
22,6408975,7LI3,MdrDBcore03021,R1067G,0.328,0.025089185684919357,0.5660257935523987,1.3461720943450928
22,6408975,7LI3,MdrDBcore03022,R1707T,0.407,-0.10561046004295349,0.5660257935523987,1.3461720943450928
22,6408975,7LI3,MdrDBcore03023,R1728L,0.576,-0.12947165966033936,0.5660257935523987,1.3461720943450928
22,6408975,7LI3,MdrDBcore03024,R1957C,1.06,0.35292118787765503,0.5660257935523987,1.3461720943450928
22,6408975,7LI3,MdrDBcore03025,R2394S,0.572,0.014281999319791794,0.5660257935523987,1.3461720943450928
22,6408975,6DLP,MdrDBcore03026,R2443A,0.382,0.19282548129558563,0.5660257935523987,1.3461720943450928
22,6408975,7LHW,MdrDBcore03027,R715S,0.302,-0.06338655948638916,0.5660257935523987,1.3461720943450928
22,6408975,7LI3,MdrDBcore03028,R767C,-0.294,-0.0598677434027195,0.5660257935523987,1.3461720943450928
22,6408975,7LI3,MdrDBcore03029,R772A,-0.21,0.14145343005657196,0.5660257935523987,1.3461720943450928
22,6408975,7LI3,MdrDBcore03030,S1001G,-0.624,0.20771299302577972,0.5660257935523987,1.3461720943450928
22,6408975,7LI3,MdrDBcore03031,S1091P,0.258,0.22865401208400726,0.5660257935523987,1.3461720943450928
22,6408975,7LI3,MdrDBcore03032,S1204G,-0.388,-0.21583837270736694,0.5660257935523987,1.3461720943450928
22,6408975,7LI3,MdrDBcore03033,S1283F,0.294,-0.06270131468772888,0.5660257935523987,1.3461720943450928
22,6408975,6VP7,MdrDBcore03034,S2454L,0.277,0.12258414924144745,0.5660257935523987,1.3461720943450928
22,6408975,7LI4,MdrDBcore03035,S569C,0.018,-0.10586792230606079,0.5660257935523987,1.3461720943450928
22,6408975,7LI3,MdrDBcore03036,S634T,0.029,-0.017824221402406693,0.5660257935523987,1.3461720943450928
22,6408975,6OJE,MdrDBcore03037,T1368I,-0.48,-0.2771076261997223,0.5660257935523987,1.3461720943450928
22,6408975,6OJE,MdrDBcore03038,T1452I,0.375,-0.2925722897052765,0.5660257935523987,1.3461720943450928
22,6408975,6OJE,MdrDBcore03039,V1456A,-0.105,-0.278912752866745,0.5660257935523987,1.3461720943450928
22,6408975,6DLP,MdrDBcore03040,V2152I,-0.481,-0.2901248037815094,0.5660257935523987,1.3461720943450928
22,6408975,6DLP,MdrDBcore03041,V2495I,-0.201,0.07429423928260803,0.5660257935523987,1.3461720943450928
22,6408975,5HRX,MdrDBcore03042,A715T,0.897,0.11457638442516327,0.5660257935523987,1.3461720943450928
22,6408975,3HMF,MdrDBcore03043,R202C,1.156,0.4576056897640228,0.5660257935523987,1.3461720943450928
22,6408975,3IU5,MdrDBcore03044,V49L,1.525,-0.089732825756073,0.5660257935523987,1.3461720943450928
22,6408975,6OXB,MdrDBcore03045,Y1043F,1.635,1.0349847078323364,0.5660257935523987,1.3461720943450928
22,6408975,3O47,MdrDBcore03046,A27V,1.39,0.5789802074432373,0.5660257935523987,1.3461720943450928
22,6408975,3O47,MdrDBcore03047,A81S,-0.408,0.5142964124679565,0.5660257935523987,1.3461720943450928
22,6408975,3O47,MdrDBcore03048,E120K,-0.236,0.48296046257019043,0.5660257935523987,1.3461720943450928
22,6408975,3O47,MdrDBcore03049,I41V,-0.35,0.5349881052970886,0.5660257935523987,1.3461720943450928
22,6408975,3O47,MdrDBcore03050,L99S,1.135,0.37649813294410706,0.5660257935523987,1.3461720943450928
22,6408975,3O47,MdrDBcore03051,R122G,0.035,0.3294590711593628,0.5660257935523987,1.3461720943450928
22,6408975,3O47,MdrDBcore03052,R84Q,0.25,0.5633311867713928,0.5660257935523987,1.3461720943450928
22,6408975,3O47,MdrDBcore03053,V15M,0.729,0.3259701132774353,0.5660257935523987,1.3461720943450928
22,6408975,3O47,MdrDBcore03054,Y103H,1.487,0.5193021893501282,0.5660257935523987,1.3461720943450928
22,6408975,6JN2,MdrDBcore03055,A483T,-0.133,0.021894652396440506,0.5660257935523987,1.3461720943450928
22,6408975,6JN2,MdrDBcore03056,A483T,-0.407,0.6956053972244263,0.5660257935523987,1.3461720943450928
22,6408975,6JN2,MdrDBcore03057,A483T,0.403,-0.08384236693382263,0.5660257935523987,1.3461720943450928
22,6408975,6JN2,MdrDBcore03058,A528V,-0.232,0.38461387157440186,0.5660257935523987,1.3461720943450928
22,6408975,6JN2,MdrDBcore03059,A528V,-0.224,0.8152808547019958,0.5660257935523987,1.3461720943450928
22,6408975,6JN2,MdrDBcore03060,A528V,0.007,-0.407659113407135,0.5660257935523987,1.3461720943450928
22,6408975,6O96,MdrDBcore03061,G165C,0.212,0.12552964687347412,0.5660257935523987,1.3461720943450928
22,6408975,6O96,MdrDBcore03062,G165C,-0.059,-0.37809184193611145,0.5660257935523987,1.3461720943450928
22,6408975,6O96,MdrDBcore03063,G165C,-0.34,-0.5110281109809875,0.5660257935523987,1.3461720943450928
22,6408975,4ER0,MdrDBcore03064,K333E,-0.526,0.3550228476524353,0.5660257935523987,1.3461720943450928
22,6408975,4ER7,MdrDBcore03065,K333E,-0.155,-0.18335646390914917,0.5660257935523987,1.3461720943450928
22,6408975,4ER0,MdrDBcore03066,K333E,0.095,0.6672952771186829,0.5660257935523987,1.3461720943450928
22,6408975,6O96,MdrDBcore03067,P298S,0.33,0.3547353744506836,0.5660257935523987,1.3461720943450928
22,6408975,6O96,MdrDBcore03068,P298S,0.179,0.5464063286781311,0.5660257935523987,1.3461720943450928
22,6408975,6O96,MdrDBcore03069,P298S,0.155,-0.6282151341438293,0.5660257935523987,1.3461720943450928
22,6408975,6O96,MdrDBcore03070,R231L,0.602,0.4441761374473572,0.5660257935523987,1.3461720943450928
22,6408975,6O96,MdrDBcore03071,R231L,0.458,0.02742058038711548,0.5660257935523987,1.3461720943450928
22,6408975,6O96,MdrDBcore03072,R231L,-0.007,-0.024261701852083206,0.5660257935523987,1.3461720943450928
22,6408975,6O96,MdrDBcore03073,S304L,-0.454,0.36991435289382935,0.5660257935523987,1.3461720943450928
22,6408975,6O96,MdrDBcore03074,S304L,-0.105,-0.14076469838619232,0.5660257935523987,1.3461720943450928
22,6408975,6O96,MdrDBcore03075,S304L,-1.396,-0.4449121654033661,0.5660257935523987,1.3461720943450928
22,6408975,1NW3,MdrDBcore03076,T100M,-0.418,0.7638142704963684,0.5660257935523987,1.3461720943450928
22,6408975,6O96,MdrDBcore03077,T100M,0.074,-0.027232030406594276,0.5660257935523987,1.3461720943450928
22,6408975,1NW3,MdrDBcore03078,T100M,0.223,0.8028700947761536,0.5660257935523987,1.3461720943450928
22,6408975,6O96,MdrDBcore03079,T306M,0.202,0.010420329868793488,0.5660257935523987,1.3461720943450928
22,6408975,6O96,MdrDBcore03080,T306M,0.435,0.5040140151977539,0.5660257935523987,1.3461720943450928
22,6408975,6O96,MdrDBcore03081,T306M,-0.398,0.049698907881975174,0.5660257935523987,1.3461720943450928
22,6408975,6O96,MdrDBcore03082,T93M,0.408,0.28431379795074463,0.5660257935523987,1.3461720943450928
22,6408975,6O96,MdrDBcore03083,T93M,0.147,0.19168253242969513,0.5660257935523987,1.3461720943450928
22,6408975,6O96,MdrDBcore03084,T93M,-0.087,-0.024769585579633713,0.5660257935523987,1.3461720943450928
22,6408975,6O96,MdrDBcore03085,W208C,-0.028,0.7481396198272705,0.5660257935523987,1.3461720943450928
22,6408975,6O96,MdrDBcore03086,W208C,-0.165,-0.17825007438659668,0.5660257935523987,1.3461720943450928
22,6408975,6O96,MdrDBcore03087,W208C,-0.097,-0.08237778395414352,0.5660257935523987,1.3461720943450928
22,6408975,6O96,MdrDBcore03088,Y58A,0.432,0.4327424466609955,0.5660257935523987,1.3461720943450928
22,6408975,6O96,MdrDBcore03089,Y58A,0.109,-0.05850698798894882,0.5660257935523987,1.3461720943450928
22,6408975,6O96,MdrDBcore03090,Y58A,0.129,0.36672842502593994,0.5660257935523987,1.3461720943450928
22,6408975,1YY6,MdrDBcore03091,A197V,1.964,0.646455705165863,0.5660257935523987,1.3461720943450928
22,6408975,6F5H,MdrDBcore03092,A493V,0.277,0.523744523525238,0.5660257935523987,1.3461720943450928
22,6408975,4Z96,MdrDBcore03093,P694S,2.386,0.02313241735100746,0.5660257935523987,1.3461720943450928
22,6408975,5BTR,MdrDBcore03094,D379N,0.236,0.21906165778636932,0.5660257935523987,1.3461720943450928
22,6408975,5BTR,MdrDBcore03095,G355V,-0.624,0.21942225098609924,0.5660257935523987,1.3461720943450928
22,6408975,5BTR,MdrDBcore03096,G495D,0.283,0.21946188807487488,0.5660257935523987,1.3461720943450928
22,6408975,4ZZJ,MdrDBcore03097,I270K,0.147,-0.014404878951609135,0.5660257935523987,1.3461720943450928
22,6408975,5BTR,MdrDBcore03098,L478V,-0.641,0.2196899801492691,0.5660257935523987,1.3461720943450928
22,6408975,4ZZH,MdrDBcore03099,M407T,-0.173,0.5497450828552246,0.5660257935523987,1.3461720943450928
22,6408975,5BTR,MdrDBcore03100,P393R,-0.327,0.21907636523246765,0.5660257935523987,1.3461720943450928
22,6408975,5BTR,MdrDBcore03101,R199Q,0.066,0.21951067447662354,0.5660257935523987,1.3461720943450928
22,6408975,5BTR,MdrDBcore03102,R649H,-0.222,0.21882976591587067,0.5660257935523987,1.3461720943450928
22,6408975,5BTR,MdrDBcore03103,T177I,0.138,0.2191532403230667,0.5660257935523987,1.3461720943450928
22,6408975,5BTR,MdrDBcore03104,V383I,0.017,0.2175038605928421,0.5660257935523987,1.3461720943450928
22,6408975,3UT1,MdrDBcore03105,A287T,1.04,1.0539971590042114,0.5660257935523987,1.3461720943450928
22,6408975,3UT1,MdrDBcore03106,C304F,0.046,1.0210645198822021,0.5660257935523987,1.3461720943450928
22,6408975,3UT1,MdrDBcore03107,D312E,-0.449,1.1087559461593628,0.5660257935523987,1.3461720943450928
22,6408975,3UT1,MdrDBcore03108,E338K,1.694,0.9440250396728516,0.5660257935523987,1.3461720943450928
22,6408975,3UT1,MdrDBcore03109,F298L,1.544,0.9186671376228333,0.5660257935523987,1.3461720943450928
22,6408975,3UT1,MdrDBcore03110,I364T,1.607,0.9816380143165588,0.5660257935523987,1.3461720943450928
22,6408975,3UT1,MdrDBcore03111,I388F,1.915,1.0868620872497559,0.5660257935523987,1.3461720943450928
22,6408975,3UT1,MdrDBcore03112,L346H,1.136,0.9225956797599792,0.5660257935523987,1.3461720943450928
22,6408975,3UT1,MdrDBcore03113,P461S,1.485,1.1126395463943481,0.5660257935523987,1.3461720943450928
22,6408975,3UT1,MdrDBcore03114,P525L,1.635,0.9228774905204773,0.5660257935523987,1.3461720943450928
22,6408975,3UT1,MdrDBcore03115,Q352E,1.917,1.091559886932373,0.5660257935523987,1.3461720943450928
22,6408975,3UT1,MdrDBcore03116,S256P,1.42,1.0897353887557983,0.5660257935523987,1.3461720943450928
22,6408975,3UT1,MdrDBcore03117,S524Y,1.441,1.0606515407562256,0.5660257935523987,1.3461720943450928
22,6408975,3UT1,MdrDBcore03118,V286I,1.223,0.9230135083198547,0.5660257935523987,1.3461720943450928
22,6408975,3UT1,MdrDBcore03119,Y301C,1.521,1.178579330444336,0.5660257935523987,1.3461720943450928
22,6408975,5V3O,MdrDBcore03120,D313H,0.493,0.18365149199962616,0.5660257935523987,1.3461720943450928
22,6408975,5V3O,MdrDBcore03121,E187K,0.0,-0.3610864579677582,0.5660257935523987,1.3461720943450928
22,6408975,5HXB,MdrDBcore03122,G151A,-0.35,-0.5305984616279602,0.5660257935523987,1.3461720943450928
22,6408975,5V3O,MdrDBcore03123,G354A,0.496,-0.3727092444896698,0.5660257935523987,1.3461720943450928
22,6408975,6H0G,MdrDBcore03124,G383V,0.222,2.435797929763794,0.5660257935523987,1.3461720943450928
22,6408975,5V3O,MdrDBcore03125,G69D,0.024,0.16330109536647797,0.5660257935523987,1.3461720943450928
22,6408975,5V3O,MdrDBcore03126,K204E,-0.404,0.0811769962310791,0.5660257935523987,1.3461720943450928
22,6408975,5V3O,MdrDBcore03127,M109I,-0.158,-0.35449132323265076,0.5660257935523987,1.3461720943450928
22,6408975,5V3O,MdrDBcore03128,P345S,-0.155,0.9309127926826477,0.5660257935523987,1.3461720943450928
22,6408975,5V3O,MdrDBcore03129,P424L,-0.044,-0.33876481652259827,0.5660257935523987,1.3461720943450928
22,6408975,5V3O,MdrDBcore03130,Q297A,-0.313,-0.6230015754699707,0.5660257935523987,1.3461720943450928
22,6408975,5V3O,MdrDBcore03131,R295A,-0.343,-1.121613621711731,0.5660257935523987,1.3461720943450928
22,6408975,5V3O,MdrDBcore03132,R373Q,-0.207,0.513024091720581,0.5660257935523987,1.3461720943450928
22,6408975,5V3O,MdrDBcore03133,S379N,-0.534,-0.10551990568637848,0.5660257935523987,1.3461720943450928
22,6408975,5HXB,MdrDBcore03134,T51A,-0.082,0.426688551902771,0.5660257935523987,1.3461720943450928
22,6408975,5V3O,MdrDBcore03135,W223A,-0.779,-0.6264463663101196,0.5660257935523987,1.3461720943450928
22,6408975,4O9R,MdrDBcore03136,A324T,-0.081,0.3733661472797394,0.5660257935523987,1.3461720943450928
22,6408975,5L7D,MdrDBcore03137,A68G,-0.556,0.5592265725135803,0.5660257935523987,1.3461720943450928
22,6408975,5V57,MdrDBcore03138,A68G,-0.288,0.13864275813102722,0.5660257935523987,1.3461720943450928
22,6408975,4O9R,MdrDBcore03139,C273R,0.078,-0.030049104243516922,0.5660257935523987,1.3461720943450928
22,6408975,4O9R,MdrDBcore03140,C273R,0.205,0.12105470895767212,0.5660257935523987,1.3461720943450928
22,6408975,4QIM,MdrDBcore03141,G497V,-0.188,0.3211149275302887,0.5660257935523987,1.3461720943450928
22,6408975,4QIM,MdrDBcore03142,G497V,0.069,0.6217179298400879,0.5660257935523987,1.3461720943450928
22,6408975,4O9R,MdrDBcore03143,L267H,0.65,-0.22605451941490173,0.5660257935523987,1.3461720943450928
22,6408975,4O9R,MdrDBcore03144,P505S,0.307,0.07883606851100922,0.5660257935523987,1.3461720943450928
22,6408975,6XBK,MdrDBcore03145,R138Q,-1.589,0.2123531848192215,0.5660257935523987,1.3461720943450928
22,6408975,6XBK,MdrDBcore03146,R138Q,-0.932,-0.9952324628829956,0.5660257935523987,1.3461720943450928
22,6408975,5V57,MdrDBcore03147,R168H,-0.807,0.030956145375967026,0.5660257935523987,1.3461720943450928
22,6408975,4O9R,MdrDBcore03148,R296H,-0.396,0.09173798561096191,0.5660257935523987,1.3461720943450928
22,6408975,6XBK,MdrDBcore03149,T179M,0.358,0.0656013935804367,0.5660257935523987,1.3461720943450928
22,6408975,6XBK,MdrDBcore03150,V157M,0.095,0.49606186151504517,0.5660257935523987,1.3461720943450928
22,6408975,6XBK,MdrDBcore03151,V157M,-0.084,-0.09023775160312653,0.5660257935523987,1.3461720943450928
22,6408975,4O9R,MdrDBcore03152,V195L,0.691,0.30101701617240906,0.5660257935523987,1.3461720943450928
22,6408975,4O9R,MdrDBcore03153,V404M,-0.655,0.18750914931297302,0.5660257935523987,1.3461720943450928
22,6408975,6XBK,MdrDBcore03154,Y130C,0.028,-0.06937970221042633,0.5660257935523987,1.3461720943450928
22,6408975,6XBK,MdrDBcore03155,Y130C,-0.336,0.20972421765327454,0.5660257935523987,1.3461720943450928
22,6408975,4O9R,MdrDBcore03156,Y322H,-0.011,-0.3217993974685669,0.5660257935523987,1.3461720943450928
22,6408975,3OUI,MdrDBcore03157,C208Y,0.27,0.8054693341255188,0.5660257935523987,1.3461720943450928
22,6408975,4KBZ,MdrDBcore03158,G409C,-0.487,-0.09258052706718445,0.5660257935523987,1.3461720943450928
22,6408975,3HQR,MdrDBcore03159,K186N,-0.096,0.24408142268657684,0.5660257935523987,1.3461720943450928
22,6408975,3OUI,MdrDBcore03160,R252Q,0.128,0.30312812328338623,0.5660257935523987,1.3461720943450928
22,6408975,3OUI,MdrDBcore03161,R281L,-0.236,0.8872291445732117,0.5660257935523987,1.3461720943450928
22,6408975,4KBZ,MdrDBcore03162,S418L,0.043,-0.10118989646434784,0.5660257935523987,1.3461720943450928
22,6408975,4B6L,MdrDBcore03163,C221Y,-2.86,-0.2103228121995926,0.5660257935523987,1.3461720943450928
22,6408975,4B6L,MdrDBcore03164,C255Y,0.106,-0.10853378474712372,0.5660257935523987,1.3461720943450928
22,6408975,4B6L,MdrDBcore03165,P101S,-0.116,0.26266059279441833,0.5660257935523987,1.3461720943450928
22,6408975,4B6L,MdrDBcore03166,Q103E,1.812,-0.1412491798400879,0.5660257935523987,1.3461720943450928
22,6408975,4B6L,MdrDBcore03167,Q307H,0.407,-0.14015255868434906,0.5660257935523987,1.3461720943450928
22,6408975,4B6L,MdrDBcore03168,R163L,-0.239,-0.07408349215984344,0.5660257935523987,1.3461720943450928
22,6408975,4B6L,MdrDBcore03169,T262M,-0.148,-0.038620561361312866,0.5660257935523987,1.3461720943450928
22,6408975,4B6L,MdrDBcore03170,T82A,-0.858,0.09230349957942963,0.5660257935523987,1.3461720943450928
22,6408975,4B6L,MdrDBcore03171,W151L,-1.723,0.2865464985370636,0.5660257935523987,1.3461720943450928
22,6408975,6V1B,MdrDBcore03172,M186I,-0.053,0.16397696733474731,0.5660257935523987,1.3461720943450928
22,6408975,5JI8,MdrDBcore03173,P164S,-1.241,0.178392693400383,0.5660257935523987,1.3461720943450928
22,6408975,4X7O,MdrDBcore03174,A1068V,-0.373,0.11571364104747772,0.5660257935523987,1.3461720943450928
22,6408975,4YZS,MdrDBcore03175,A116D,0.039,0.4314448833465576,0.5660257935523987,1.3461720943450928
22,6408975,4YZS,MdrDBcore03176,A342D,0.699,0.44353801012039185,0.5660257935523987,1.3461720943450928
22,6408975,4YZS,MdrDBcore03177,A342V,0.249,0.45187097787857056,0.5660257935523987,1.3461720943450928
22,6408975,4X7O,MdrDBcore03178,E1050K,-0.027,0.1067766398191452,0.5660257935523987,1.3461720943450928
22,6408975,4X7O,MdrDBcore03179,E994A,0.199,0.23517413437366486,0.5660257935523987,1.3461720943450928
22,6408975,4YZS,MdrDBcore03180,F335V,1.599,0.4272555112838745,0.5660257935523987,1.3461720943450928
22,6408975,4X7O,MdrDBcore03181,I586L,0.537,0.03631417080760002,0.5660257935523987,1.3461720943450928
22,6408975,4X7O,MdrDBcore03182,I917N,0.64,0.26963260769844055,0.5660257935523987,1.3461720943450928
22,6408975,4X7O,MdrDBcore03183,M1053V,0.489,0.11686931550502777,0.5660257935523987,1.3461720943450928
22,6408975,4YZS,MdrDBcore03184,M390L,0.037,0.32506585121154785,0.5660257935523987,1.3461720943450928
22,6408975,4YZS,MdrDBcore03185,R240H,0.729,0.46178945899009705,0.5660257935523987,1.3461720943450928
22,6408975,4X7O,MdrDBcore03186,S1022N,0.943,-0.040328845381736755,0.5660257935523987,1.3461720943450928
22,6408975,4YZS,MdrDBcore03187,V132M,-0.205,0.396251380443573,0.5660257935523987,1.3461720943450928
22,6408975,4X7O,MdrDBcore03188,Y1019C,-0.463,0.008366987109184265,0.5660257935523987,1.3461720943450928
22,6408975,5EDU,MdrDBcore03189,A612T,-0.181,-0.0347534604370594,0.5660257935523987,1.3461720943450928
22,6408975,5EDU,MdrDBcore03190,A770V,0.063,-0.006997765973210335,0.5660257935523987,1.3461720943450928
22,6408975,5KH7,MdrDBcore03191,G1126C,-0.885,0.25345391035079956,0.5660257935523987,1.3461720943450928
22,6408975,5KH7,MdrDBcore03192,I1122V,1.97,0.29487547278404236,0.5660257935523987,1.3461720943450928
22,6408975,5KH7,MdrDBcore03193,P1123A,-1.293,0.03396426513791084,0.5660257935523987,1.3461720943450928
22,6408975,5EDU,MdrDBcore03194,P748T,0.136,0.3118051290512085,0.5660257935523987,1.3461720943450928
22,6408975,5EDU,MdrDBcore03195,Q487K,-1.157,-0.6558583974838257,0.5660257935523987,1.3461720943450928
22,6408975,5EDU,MdrDBcore03196,R529H,-0.198,0.017914481461048126,0.5660257935523987,1.3461720943450928
22,6408975,5EDU,MdrDBcore03197,R745Q,-0.06,-0.0966058075428009,0.5660257935523987,1.3461720943450928
22,6408975,5EDU,MdrDBcore03198,R835W,-0.391,0.30955982208251953,0.5660257935523987,1.3461720943450928
22,6408975,5KH7,MdrDBcore03199,Y1149A,2.397,0.292224645614624,0.5660257935523987,1.3461720943450928
22,6408975,5IUG,MdrDBcore03200,A1148V,0.361,0.32436296343803406,0.5660257935523987,1.3461720943450928
22,6408975,5IUG,MdrDBcore03201,A1200V,0.399,0.04051967337727547,0.5660257935523987,1.3461720943450928
22,6408975,5IUG,MdrDBcore03202,A1200V,1.744,0.16379402577877045,0.5660257935523987,1.3461720943450928
22,6408975,7LRZ,MdrDBcore03203,A900G,0.24,0.7907926440238953,0.5660257935523987,1.3461720943450928
22,6408975,7LRZ,MdrDBcore03204,A900G,-0.424,0.32862281799316406,0.5660257935523987,1.3461720943450928
22,6408975,7LRZ,MdrDBcore03205,C928Y,-0.806,0.02285085991024971,0.5660257935523987,1.3461720943450928
22,6408975,7LRZ,MdrDBcore03206,C928Y,0.503,0.7014135122299194,0.5660257935523987,1.3461720943450928
22,6408975,5IUI,MdrDBcore03207,D1091N,-0.982,0.22961817681789398,0.5660257935523987,1.3461720943450928
22,6408975,5IUI,MdrDBcore03208,D1091N,-1.476,0.3744410276412964,0.5660257935523987,1.3461720943450928
22,6408975,5IUG,MdrDBcore03209,D1349N,0.294,0.4452846050262451,0.5660257935523987,1.3461720943450928
22,6408975,7LRZ,MdrDBcore03210,D951E,0.195,0.30142131447792053,0.5660257935523987,1.3461720943450928
22,6408975,7LRZ,MdrDBcore03211,D951E,0.502,0.4252682030200958,0.5660257935523987,1.3461720943450928
22,6408975,7LRZ,MdrDBcore03212,E949K,0.702,0.06635166704654694,0.5660257935523987,1.3461720943450928
22,6408975,7LRZ,MdrDBcore03213,E949K,0.856,0.06538206338882446,0.5660257935523987,1.3461720943450928
22,6408975,7LRZ,MdrDBcore03214,G744R,0.474,0.11219821870326996,0.5660257935523987,1.3461720943450928
22,6408975,7LRZ,MdrDBcore03215,G882C,0.353,0.2646288275718689,0.5660257935523987,1.3461720943450928
22,6408975,7LRZ,MdrDBcore03216,G893R,0.159,0.2541089355945587,0.5660257935523987,1.3461720943450928
22,6408975,7LRZ,MdrDBcore03217,G893R,-0.172,-0.21781037747859955,0.5660257935523987,1.3461720943450928
22,6408975,7LRZ,MdrDBcore03218,G925R,-0.789,0.6124876141548157,0.5660257935523987,1.3461720943450928
22,6408975,7LRZ,MdrDBcore03219,G940C,-0.748,0.20929066836833954,0.5660257935523987,1.3461720943450928
22,6408975,7LRZ,MdrDBcore03220,H755N,0.299,0.21137835085391998,0.5660257935523987,1.3461720943450928
22,6408975,7LRZ,MdrDBcore03221,H755N,0.188,0.21915242075920105,0.5660257935523987,1.3461720943450928
22,6408975,7LRZ,MdrDBcore03222,I981V,0.199,-0.01159229502081871,0.5660257935523987,1.3461720943450928
22,6408975,7LRZ,MdrDBcore03223,I981V,0.587,-0.2034178376197815,0.5660257935523987,1.3461720943450928
22,6408975,5IUG,MdrDBcore03224,K1109N,0.122,0.356374591588974,0.5660257935523987,1.3461720943450928
22,6408975,5IUG,MdrDBcore03225,N1353S,0.731,0.8884491324424744,0.5660257935523987,1.3461720943450928
22,6408975,5IUG,MdrDBcore03226,N1353S,-0.909,0.17280490696430206,0.5660257935523987,1.3461720943450928
22,6408975,7LRZ,MdrDBcore03227,N941S,0.153,0.5670138001441956,0.5660257935523987,1.3461720943450928
22,6408975,4TT7,MdrDBcore03228,P1218S,0.681,0.901896595954895,0.5660257935523987,1.3461720943450928
22,6408975,4TT7,MdrDBcore03229,P1218S,1.508,0.5329238176345825,0.5660257935523987,1.3461720943450928
22,6408975,5IUG,MdrDBcore03230,P1298S,-0.473,0.29961445927619934,0.5660257935523987,1.3461720943450928
22,6408975,4TT7,MdrDBcore03231,P1298S,-0.566,0.26146143674850464,0.5660257935523987,1.3461720943450928
22,6408975,5IUG,MdrDBcore03232,P1398L,0.372,0.1243225485086441,0.5660257935523987,1.3461720943450928
22,6408975,5IUG,MdrDBcore03233,R1192Q,0.204,0.39184966683387756,0.5660257935523987,1.3461720943450928
22,6408975,5IUG,MdrDBcore03234,R1192Q,-0.195,0.24010170996189117,0.5660257935523987,1.3461720943450928
22,6408975,5IUG,MdrDBcore03235,R1209A,-0.06,0.48494982719421387,0.5660257935523987,1.3461720943450928
22,6408975,5IUG,MdrDBcore03236,R1209A,-0.159,0.4470514953136444,0.5660257935523987,1.3461720943450928
22,6408975,4TT7,MdrDBcore03237,R1275Q,-0.395,0.4917259216308594,0.5660257935523987,1.3461720943450928
22,6408975,4TT7,MdrDBcore03238,R1275Q,-0.6,-0.342178612947464,0.5660257935523987,1.3461720943450928
22,6408975,7LRZ,MdrDBcore03239,R753Q,0.26,-0.09261304140090942,0.5660257935523987,1.3461720943450928
22,6408975,5IUG,MdrDBcore03240,T1312I,-0.415,0.17888860404491425,0.5660257935523987,1.3461720943450928
22,6408975,5IUG,MdrDBcore03241,T1312I,-1.169,0.14304456114768982,0.5660257935523987,1.3461720943450928
22,6408975,7N00,MdrDBcore03242,V1013L,-0.435,0.537623941898346,0.5660257935523987,1.3461720943450928
22,6408975,7LRZ,MdrDBcore03243,V712L,0.633,-0.08965978026390076,0.5660257935523987,1.3461720943450928
22,6408975,7LRZ,MdrDBcore03244,V712L,0.273,0.3062823414802551,0.5660257935523987,1.3461720943450928
22,6408975,5OTF,MdrDBcore03245,A355T,-0.537,-0.052751004695892334,0.5660257935523987,1.3461720943450928
22,6408975,5OTF,MdrDBcore03246,D241H,0.15,-0.06861621141433716,0.5660257935523987,1.3461720943450928
22,6408975,5OTF,MdrDBcore03247,D411N,0.67,-0.06459501385688782,0.5660257935523987,1.3461720943450928
22,6408975,5OTF,MdrDBcore03248,E297A,-1.318,-0.07049516588449478,0.5660257935523987,1.3461720943450928
22,6408975,5OTE,MdrDBcore03249,F336L,-0.995,-0.32522061467170715,0.5660257935523987,1.3461720943450928
22,6408975,5OTF,MdrDBcore03250,K96N,1.17,-0.08816857635974884,0.5660257935523987,1.3461720943450928
22,6408975,5OTF,MdrDBcore03251,M184V,-0.534,-0.05133400857448578,0.5660257935523987,1.3461720943450928
22,6408975,5OTF,MdrDBcore03252,M274L,-0.536,0.018954455852508545,0.5660257935523987,1.3461720943450928
22,6408975,5OTF,MdrDBcore03253,R326H,-1.003,-0.04479965567588806,0.5660257935523987,1.3461720943450928
22,6408975,5OTF,MdrDBcore03254,V372M,0.079,-0.03782004117965698,0.5660257935523987,1.3461720943450928
22,6408975,1XKK,MdrDBcore03255,T790M+L858R,0.931,0.36979690194129944,0.5660257935523987,1.3461720943450928
22,6408975,1XKK,MdrDBcore03256,T790M+L858R,2.31,-0.3307236433029175,0.5660257935523987,1.3461720943450928
22,6408975,1XKK,MdrDBcore03257,T790M+L858R,1.177,-0.010116267949342728,0.5660257935523987,1.3461720943450928
22,6408975,1XKK,MdrDBcore03258,T790M+L858R,1.259,1.2657586336135864,0.5660257935523987,1.3461720943450928
22,6408975,1XKK,MdrDBcore03259,T790M+L858R,1.129,0.8075180649757385,0.5660257935523987,1.3461720943450928
22,6408975,1XKK,MdrDBcore03260,T790M+L858R,0.063,-0.3193100690841675,0.5660257935523987,1.3461720943450928
22,6408975,1XKK,MdrDBcore03261,T790M+L858R,2.123,-0.6279081106185913,0.5660257935523987,1.3461720943450928
22,6408975,1QPC,MdrDBcore03262,A289D+A396V,0.426,-0.01998230814933777,0.5660257935523987,1.3461720943450928
22,6408975,1QPC,MdrDBcore03263,A289D+A396V,0.364,0.04006173089146614,0.5660257935523987,1.3461720943450928
22,6408975,3CQU,MdrDBcore03264,G311D+K307N,0.539,0.857699990272522,0.5660257935523987,1.3461720943450928
22,6408975,3CQU,MdrDBcore03265,G311D+K307N,1.509,0.6449716687202454,0.5660257935523987,1.3461720943450928
22,6408975,4KIK,MdrDBcore03266,R55A,0.198,1.1285074949264526,0.5660257935523987,1.3461720943450928
22,6408975,2J7T,MdrDBcore03267,V80M,0.784,0.19997291266918182,0.5660257935523987,1.3461720943450928
22,6408975,1XKK,MdrDBcore03268,E866D,0.355,0.5147709846496582,0.5660257935523987,1.3461720943450928
22,6408975,4AOJ,MdrDBcore03269,R692H,0.013,0.6436662673950195,0.5660257935523987,1.3461720943450928
22,6408975,4PMM,MdrDBcore03270,T678I,0.198,0.4054320752620697,0.5660257935523987,1.3461720943450928
22,6408975,2I0V,MdrDBcore03271,G589E,0.09,-0.677939236164093,0.5660257935523987,1.3461720943450928
22,6408975,2IVS,MdrDBcore03272,L746M,0.961,-0.13123951852321625,0.5660257935523987,1.3461720943450928
22,6408975,1JQH,MdrDBcore03273,S1009L,1.71,1.1663410663604736,0.5660257935523987,1.3461720943450928
22,6408975,1JQH,MdrDBcore03274,S1009L,2.085,0.516905665397644,0.5660257935523987,1.3461720943450928
22,6408975,3ZBF,MdrDBcore03275,R2126L,1.523,-0.1400250941514969,0.5660257935523987,1.3461720943450928
22,6408975,1T46,MdrDBcore03276,E640K,0.319,0.43419143557548523,0.5660257935523987,1.3461720943450928
22,6408975,1T46,MdrDBcore03277,N822K,0.297,0.9534019827842712,0.5660257935523987,1.3461720943450928
22,6408975,1T46,MdrDBcore03278,N822K,0.231,0.5468302965164185,0.5660257935523987,1.3461720943450928
22,6408975,1T46,MdrDBcore03279,N822K,1.303,0.47091472148895264,0.5660257935523987,1.3461720943450928
22,6408975,1T46,MdrDBcore03280,N822K,0.988,0.6398444771766663,0.5660257935523987,1.3461720943450928
22,6408975,2FB8,MdrDBcore03281,G466V,0.503,0.3307366967201233,0.5660257935523987,1.3461720943450928
22,6408975,5GRN,MdrDBcore03282,N848I,0.513,0.5984588265419006,0.5660257935523987,1.3461720943450928
22,6408975,5GRN,MdrDBcore03283,N848I,0.564,0.07768584787845612,0.5660257935523987,1.3461720943450928
22,6408975,3HNG,MdrDBcore03284,C1039S,0.208,0.4624612629413605,0.5660257935523987,1.3461720943450928
22,6408975,3HNG,MdrDBcore03285,L1061V,0.05,0.3350190818309784,0.5660257935523987,1.3461720943450928
22,6408975,3HNG,MdrDBcore03286,L1061V,1.469,0.6843515038490295,0.5660257935523987,1.3461720943450928
22,6408975,3HNG,MdrDBcore03287,L1061V,0.098,0.22073541581630707,0.5660257935523987,1.3461720943450928
22,6408975,3HNG,MdrDBcore03288,R1045Q,0.171,0.17104116082191467,0.5660257935523987,1.3461720943450928
22,6408975,3HNG,MdrDBcore03289,R1045Q,0.109,0.7991852164268494,0.5660257935523987,1.3461720943450928
22,6408975,1B38,MdrDBcore03290,P155L,0.467,-0.01614546775817871,0.5660257935523987,1.3461720943450928
22,6408975,2JDO,MdrDBcore03291,A190G,0.213,0.18685473501682281,0.5660257935523987,1.3461720943450928
22,6408975,1VR2,MdrDBcore03292,D1064Y,0.089,-0.21372218430042267,0.5660257935523987,1.3461720943450928
22,6408975,1VR2,MdrDBcore03293,R1066C,0.054,0.3108115792274475,0.5660257935523987,1.3461720943450928
22,6408975,1VR2,MdrDBcore03294,R1066C,0.014,-0.1075575053691864,0.5660257935523987,1.3461720943450928
22,6408975,4RT7,MdrDBcore03295,E661V,0.098,0.6644689440727234,0.5660257935523987,1.3461720943450928
22,6408975,4RT7,MdrDBcore03296,E661V,0.057,1.0052976608276367,0.5660257935523987,1.3461720943450928
22,6408975,4RT7,MdrDBcore03297,E661V,0.176,0.7174601554870605,0.5660257935523987,1.3461720943450928
22,6408975,1B6C,MdrDBcore03298,G212V,0.183,0.38794276118278503,0.5660257935523987,1.3461720943450928
22,6408975,1XBB,MdrDBcore03299,R520S,1.81,0.009920496493577957,0.5660257935523987,1.3461720943450928
22,6408975,3SXR,MdrDBcore03300,M464I,0.734,0.8660216331481934,0.5660257935523987,1.3461720943450928
22,6408975,3SXR,MdrDBcore03301,M464I,0.312,0.15965615212917328,0.5660257935523987,1.3461720943450928
22,6408975,1YVJ,MdrDBcore03302,K830M,0.118,0.21236400306224823,0.5660257935523987,1.3461720943450928
22,6408975,3S95,MdrDBcore03303,G480R,0.553,0.4455835223197937,0.5660257935523987,1.3461720943450928
22,6408975,1XO2,MdrDBcore03304,R168H,1.136,0.9015048146247864,0.5660257935523987,1.3461720943450928
22,6408975,3ZOS,MdrDBcore03305,D795E,1.094,0.25962311029434204,0.5660257935523987,1.3461720943450928
22,6408975,3ZOS,MdrDBcore03306,P806L,0.142,0.26930737495422363,0.5660257935523987,1.3461720943450928
22,6408975,3MJ2,MdrDBcore03307,L508M,1.084,0.900779664516449,0.5660257935523987,1.3461720943450928
22,6408975,3MJ2,MdrDBcore03308,T504S,0.099,0.6114434599876404,0.5660257935523987,1.3461720943450928
22,6408975,3MJ2,MdrDBcore03309,T518I,0.193,0.6922501921653748,0.5660257935523987,1.3461720943450928
22,6408975,2R4B,MdrDBcore03310,G863E,0.044,0.21567784249782562,0.5660257935523987,1.3461720943450928
22,6408975,2R4B,MdrDBcore03311,G879A,0.128,0.2928712069988251,0.5660257935523987,1.3461720943450928
22,6408975,2R4B,MdrDBcore03312,L770P,0.518,0.4239279329776764,0.5660257935523987,1.3461720943450928
22,6408975,2R4B,MdrDBcore03313,L770P,0.384,0.11363574862480164,0.5660257935523987,1.3461720943450928
22,6408975,2R4B,MdrDBcore03314,L770P,0.312,0.21955366432666779,0.5660257935523987,1.3461720943450928
22,6408975,2R4B,MdrDBcore03315,M766I,0.801,0.3740537464618683,0.5660257935523987,1.3461720943450928
22,6408975,2R4B,MdrDBcore03316,M766I,0.375,0.4149942398071289,0.5660257935523987,1.3461720943450928
22,6408975,6KZC,MdrDBcore03317,R702T,0.378,0.7988397479057312,0.5660257935523987,1.3461720943450928
22,6408975,1WAK,MdrDBcore03318,F508L,0.135,0.18962322175502777,0.5660257935523987,1.3461720943450928
22,6408975,2XB7,MdrDBcore03319,A1289V,0.147,0.519452691078186,0.5660257935523987,1.3461720943450928
22,6408975,2XB7,MdrDBcore03320,A1289V,0.07,0.022461596876382828,0.5660257935523987,1.3461720943450928
22,6408975,6GR8,MdrDBcore03321,P192L,1.021,1.193379521369934,0.5660257935523987,1.3461720943450928
22,6408975,6GR8,MdrDBcore03322,P192L,0.536,1.1878373622894287,0.5660257935523987,1.3461720943450928
22,6408975,3UM8,MdrDBcore03323,A16C+S108T,2.407,3.3240602016448975,0.5660257935523987,1.3461720943450928
22,6408975,3UM8,MdrDBcore03324,A16G+S108T,2.628,3.419907808303833,0.5660257935523987,1.3461720943450928
22,6408975,3UM8,MdrDBcore03325,A16S+S108T,3.63,3.3371429443359375,0.5660257935523987,1.3461720943450928
22,6408975,3UM8,MdrDBcore03326,A16T+S108T,4.101,3.1454918384552,0.5660257935523987,1.3461720943450928
22,6408975,3UM8,MdrDBcore03327,A16V+S108T,4.062,3.0623247623443604,0.5660257935523987,1.3461720943450928
22,6408975,3UM8,MdrDBcore03328,C59R+S108N,1.794,3.146777868270874,0.5660257935523987,1.3461720943450928
22,6408975,3UM8,MdrDBcore03329,N51I+C59R+S108N+I164L,3.994,3.0704476833343506,0.5660257935523987,1.3461720943450928
22,6408975,2R5Q,MdrDBcore03330,D30N+L90M,1.62,1.090027093887329,0.5660257935523987,1.3461720943450928
22,6408975,2R5P,MdrDBcore03331,D30N+L90M,0.222,0.8636648058891296,0.5660257935523987,1.3461720943450928
22,6408975,2R5Q,MdrDBcore03332,D30N+N88D,1.599,1.0900267362594604,0.5660257935523987,1.3461720943450928
22,6408975,2R5P,MdrDBcore03333,D30N+N88D,0.334,0.8636647462844849,0.5660257935523987,1.3461720943450928
22,6408975,2R5Q,MdrDBcore03334,D30N+N88D+L90M,2.344,1.090027093887329,0.5660257935523987,1.3461720943450928
22,6408975,2R5P,MdrDBcore03335,D30N+N88D+L90M,0.532,0.8636649250984192,0.5660257935523987,1.3461720943450928
22,6408975,2R5Q,MdrDBcore03336,N88D+L90M,0.975,1.0669087171554565,0.5660257935523987,1.3461720943450928
22,6408975,2R5P,MdrDBcore03337,N88D+L90M,1.61,0.9251886010169983,0.5660257935523987,1.3461720943450928
22,6408975,2Q54,MdrDBcore03338,D30N+N88D,0.316,1.101035714149475,0.5660257935523987,1.3461720943450928
22,6408975,2Q54,MdrDBcore03339,L10I+A71V+G73S+I84V+L90M,2.858,1.0913541316986084,0.5660257935523987,1.3461720943450928
22,6408975,2Q54,MdrDBcore03340,L10I+G48V+I54V+V82A,2.625,1.0818074941635132,0.5660257935523987,1.3461720943450928
22,6408975,2VZM,MdrDBcore03341,E85Q+N50D,0.424,0.6699512600898743,0.5660257935523987,1.3461720943450928
22,6408975,2VZ7,MdrDBcore03342,E85Q+N50D,1.497,0.017069343477487564,0.5660257935523987,1.3461720943450928
22,6408975,2VZM,MdrDBcore03343,E94Q+N50D,1.076,0.6474596261978149,0.5660257935523987,1.3461720943450928
22,6408975,1H0A,MdrDBcore03344,L6E+I13D,1.194,-1.9713177680969238,0.5660257935523987,1.3461720943450928
22,6408975,1MPW,MdrDBcore03345,L247V+L244A,-0.085,-0.15105758607387543,0.5660257935523987,1.3461720943450928
22,6408975,1MPW,MdrDBcore03346,W87A+L247V,-0.543,-0.1387946605682373,0.5660257935523987,1.3461720943450928
22,6408975,1MPW,MdrDBcore03347,W87F+L244A,-0.411,-0.1522023230791092,0.5660257935523987,1.3461720943450928
22,6408975,1MPW,MdrDBcore03348,W87F+L247V,-0.411,-0.13879476487636566,0.5660257935523987,1.3461720943450928
22,6408975,1MPW,MdrDBcore03349,W87L+L247V,-0.651,-0.13879463076591492,0.5660257935523987,1.3461720943450928
22,6408975,3FS6,MdrDBcore03350,Q35K+N64F,-1.702,0.4224849045276642,0.5660257935523987,1.3461720943450928
22,6408975,2W3A,MdrDBcore03351,Q35K+N64F,0.14,0.31694644689559937,0.5660257935523987,1.3461720943450928
22,6408975,2W3A,MdrDBcore03352,Q35K+N64S,0.227,0.31694647669792175,0.5660257935523987,1.3461720943450928
22,6408975,2W3A,MdrDBcore03353,Q35S+N64F,0.13,0.3169463872909546,0.5660257935523987,1.3461720943450928
22,6408975,3FS6,MdrDBcore03354,Q35S+N64S,-0.74,0.5548557639122009,0.5660257935523987,1.3461720943450928
22,6408975,2W3A,MdrDBcore03355,Q35S+N64S,0.097,0.31694650650024414,0.5660257935523987,1.3461720943450928
22,6408975,2V7A,MdrDBcore03356,I315T+E255V,0.61,0.7973771095275879,0.5660257935523987,1.3461720943450928
22,6408975,2V7A,MdrDBcore03357,I315T+M351T,0.651,0.7973771095275879,0.5660257935523987,1.3461720943450928
22,6408975,2ITY,MdrDBcore03358,G719S+T790M,0.48,-0.024421775713562965,0.5660257935523987,1.3461720943450928
22,6408975,2H4N,MdrDBcore03359,H119D+N94H,4.201,3.6213245391845703,0.5660257935523987,1.3461720943450928
22,6408975,2H4N,MdrDBcore03360,H119N+N94H,1.564,3.3258256912231445,0.5660257935523987,1.3461720943450928
22,6408975,2H4N,MdrDBcore03361,H119Q+N94H,2.811,1.443671703338623,0.5660257935523987,1.3461720943450928
22,6408975,1AMW,MdrDBcore03362,E88G+N92L,0.676,1.0427095890045166,0.5660257935523987,1.3461720943450928
22,6408975,1A4H,MdrDBcore03363,E88G+N92L,1.262,1.1626790761947632,0.5660257935523987,1.3461720943450928
22,6408975,1AMW,MdrDBcore03364,K44R+K98N,0.71,0.7249643802642822,0.5660257935523987,1.3461720943450928
22,6408975,1A4H,MdrDBcore03365,K44R+K98N,0.659,0.3892951011657715,0.5660257935523987,1.3461720943450928
22,6408975,1AMW,MdrDBcore03366,L89V+L93I,1.321,1.1327461004257202,0.5660257935523987,1.3461720943450928
22,6408975,1A4H,MdrDBcore03367,L89V+L93I,-0.522,0.7796692252159119,0.5660257935523987,1.3461720943450928
22,6408975,1AMW,MdrDBcore03368,L89V+L93I+V136M,1.628,1.1327459812164307,0.5660257935523987,1.3461720943450928
22,6408975,2VWC,MdrDBcore03369,L89V+L93I+V136M,0.512,0.38970044255256653,0.5660257935523987,1.3461720943450928
22,6408975,1A4H,MdrDBcore03370,L89V+L93I+V136M,0.317,0.7796692848205566,0.5660257935523987,1.3461720943450928
22,6408975,2AQU,MdrDBcore03371,D30N+L90M,0.821,0.6360414624214172,0.5660257935523987,1.3461720943450928
22,6408975,2AQU,MdrDBcore03372,D30N+N88D,0.149,0.6360413432121277,0.5660257935523987,1.3461720943450928
22,6408975,2AQU,MdrDBcore03373,D30N+N88D+L90M,0.986,0.6360413432121277,0.5660257935523987,1.3461720943450928
22,6408975,2AQU,MdrDBcore03374,N88D+L90M,0.954,0.6085483431816101,0.5660257935523987,1.3461720943450928
22,6408975,2Q64,MdrDBcore03375,A71V+N30D,-1.153,0.4608326256275177,0.5660257935523987,1.3461720943450928
22,6408975,2Q64,MdrDBcore03376,L90M+N30D,-0.473,0.4608326852321625,0.5660257935523987,1.3461720943450928
22,6408975,2Q64,MdrDBcore03377,N88D+N30D,-1.153,0.4608329236507416,0.5660257935523987,1.3461720943450928
22,6408975,1SGU,MdrDBcore03378,V54I+M46I,-0.222,0.6566510796546936,0.5660257935523987,1.3461720943450928
22,6408975,1SH9,MdrDBcore03379,V54I+M46I,-0.589,-0.09228722751140594,0.5660257935523987,1.3461720943450928
22,6408975,1SGU,MdrDBcore03380,V54I+V84I,-2.439,0.6434504985809326,0.5660257935523987,1.3461720943450928
22,6408975,1SH9,MdrDBcore03381,V54I+V84I,-1.578,-0.0777394026517868,0.5660257935523987,1.3461720943450928
22,6408975,1SGU,MdrDBcore03382,V54I+V84I+M46I,-0.456,0.6434503793716431,0.5660257935523987,1.3461720943450928
22,6408975,1SH9,MdrDBcore03383,V54I+V84I+M46I,-1.271,-0.07773944735527039,0.5660257935523987,1.3461720943450928
22,6408975,1QKU,MdrDBcore03384,C381S+C417S+C530S,0.749,0.26644226908683777,0.5660257935523987,1.3461720943450928
22,6408975,1QKU,MdrDBcore03385,E339A+E419A+K531A,0.993,0.26644235849380493,0.5660257935523987,1.3461720943450928
22,6408975,1FKW,MdrDBcore03386,D296A+E295D,3.853,1.387926459312439,0.5660257935523987,1.3461720943450928
22,6408975,1FKW,MdrDBcore03387,D296N+E295D,3.007,1.3613717555999756,0.5660257935523987,1.3461720943450928
22,6408975,1FKW,MdrDBcore03388,H238A+E295D,1.016,0.2061150074005127,0.5660257935523987,1.3461720943450928
22,6408975,1FKW,MdrDBcore03389,H238R+E295D,0.443,0.5577107071876526,0.5660257935523987,1.3461720943450928
22,6408975,2BPX,MdrDBcore03390,D30N+L90M,1.016,0.9947879910469055,0.5660257935523987,1.3461720943450928
22,6408975,2BPX,MdrDBcore03391,D30N+N88D,0.796,0.9947877526283264,0.5660257935523987,1.3461720943450928
22,6408975,2BPX,MdrDBcore03392,D30N+N88D+L90M,0.605,0.9947879910469055,0.5660257935523987,1.3461720943450928
22,6408975,3BC4,MdrDBcore03393,I50V+V84I,1.309,1.2263414859771729,0.5660257935523987,1.3461720943450928
22,6408975,2BPX,MdrDBcore03394,N88D+L90M,1.354,1.1271487474441528,0.5660257935523987,1.3461720943450928
22,6408975,1OH0,MdrDBcore03395,L125A+V127A,0.999,0.4048255681991577,0.5660257935523987,1.3461720943450928
22,6408975,1OH0,MdrDBcore03396,L125F+V127F,0.199,0.40482544898986816,0.5660257935523987,1.3461720943450928
22,6408975,1OH0,MdrDBcore03397,W92A+L125A+V127A,0.641,0.4048254191875458,0.5660257935523987,1.3461720943450928
22,6408975,2V5V,MdrDBcore03398,E16K+E57W,-1.245,-0.08509272336959839,0.5660257935523987,1.3461720943450928
22,6408975,2V5V,MdrDBcore03399,I59A+I92A+E57W,-0.592,-0.1404096484184265,0.5660257935523987,1.3461720943450928
22,6408975,2V5V,MdrDBcore03400,I59E+I92E+E57W,-0.138,-0.140609011054039,0.5660257935523987,1.3461720943450928
22,6408975,2V5V,MdrDBcore03401,T12K+E57W,0.372,0.01960432156920433,0.5660257935523987,1.3461720943450928
22,6408975,1G6S,MdrDBcore03402,T97I+P101S,5.33,1.5227274894714355,0.5660257935523987,1.3461720943450928
22,6408975,1G6T,MdrDBcore03403,T97I+P101S,0.232,0.18130874633789062,0.5660257935523987,1.3461720943450928
22,6408975,1OWB,MdrDBcore03404,H110A+L109R,1.708,1.7237415313720703,0.5660257935523987,1.3461720943450928
22,6408975,1OWB,MdrDBcore03405,K167A+L109R,2.126,1.7321832180023193,0.5660257935523987,1.3461720943450928
22,6408975,1OWB,MdrDBcore03406,N189A+L109R,1.997,1.6526508331298828,0.5660257935523987,1.3461720943450928
22,6408975,1OWB,MdrDBcore03407,Q182A+L109R,1.191,1.5882313251495361,0.5660257935523987,1.3461720943450928
22,6408975,1OWB,MdrDBcore03408,R163L+L109R,2.095,1.5893797874450684,0.5660257935523987,1.3461720943450928
22,6408975,1OWB,MdrDBcore03409,T111A+L109R,1.656,1.593088150024414,0.5660257935523987,1.3461720943450928
22,6408975,1OWB,MdrDBcore03410,T204A+L109R,1.999,1.5882309675216675,0.5660257935523987,1.3461720943450928
22,6408975,1OWB,MdrDBcore03411,Y145A+L109R,3.639,1.6376240253448486,0.5660257935523987,1.3461720943450928
22,6408975,3G0E,MdrDBcore03412,V560D+T670I,-0.211,0.08241236209869385,0.5660257935523987,1.3461720943450928
22,6408975,3EBS,MdrDBcore03413,S208I+G369S,0.942,0.3694136440753937,0.5660257935523987,1.3461720943450928
22,6408975,3BKL,MdrDBcore03414,V379S+V380T,0.147,0.4646911323070526,0.5660257935523987,1.3461720943450928
22,6408975,1J3I,MdrDBcore03415,A16C+S108T,-0.821,-0.11865642666816711,0.5660257935523987,1.3461720943450928
22,6408975,1J3I,MdrDBcore03416,A16G+S108T,-0.411,0.1377025693655014,0.5660257935523987,1.3461720943450928
22,6408975,1J3I,MdrDBcore03417,A16S+S108T,0.0,-0.044535718858242035,0.5660257935523987,1.3461720943450928
22,6408975,1J3I,MdrDBcore03418,A16T+S108T,0.24,-0.017323937267065048,0.5660257935523987,1.3461720943450928
22,6408975,1J3I,MdrDBcore03419,A16V+S108T,0.332,-0.10376156866550446,0.5660257935523987,1.3461720943450928
22,6408975,1J3I,MdrDBcore03420,C59R+S108N,0.354,0.016964774578809738,0.5660257935523987,1.3461720943450928
22,6408975,1J3I,MdrDBcore03421,N51I+C59R+S108N+I164L,0.719,-0.0937764048576355,0.5660257935523987,1.3461720943450928
22,6408975,2W9S,MdrDBcore03422,Y98F+A43G,-3.04,-2.1364190578460693,0.5660257935523987,1.3461720943450928
22,6408975,2W9S,MdrDBcore03423,Y98F+A43G,-2.797,-2.1364188194274902,0.5660257935523987,1.3461720943450928
22,6408975,2IS7,MdrDBcore03424,C298A+W219Y,-0.878,0.25427448749542236,0.5660257935523987,1.3461720943450928
22,6408975,2INZ,MdrDBcore03425,C298A+W219Y,1.311,0.28434038162231445,0.5660257935523987,1.3461720943450928
22,6408975,2INE,MdrDBcore03426,C298A+W219Y,0.783,0.9693849682807922,0.5660257935523987,1.3461720943450928
22,6408975,2PDK,MdrDBcore03427,L300P+M301L,-0.288,0.7896822094917297,0.5660257935523987,1.3461720943450928
22,6408975,2PZN,MdrDBcore03428,S302R+C303D,2.471,0.7675098776817322,0.5660257935523987,1.3461720943450928
22,6408975,2PDG,MdrDBcore03429,S302R+C303D,2.735,0.9571396112442017,0.5660257935523987,1.3461720943450928
22,6408975,1PWM,MdrDBcore03430,S302R+C303D,1.895,-0.00047876685857772827,0.5660257935523987,1.3461720943450928
22,6408975,3AMA,MdrDBcore03431,Q95L+L120M+A123V,0.417,0.8138959407806396,0.5660257935523987,1.3461720943450928
22,6408975,3AMB,MdrDBcore03432,Q95L+L120M+A123V,1.005,1.204371452331543,0.5660257935523987,1.3461720943450928
22,6408975,3AMA,MdrDBcore03433,R47K+L120M+A123V,0.827,0.8138962984085083,0.5660257935523987,1.3461720943450928
22,6408975,3AMB,MdrDBcore03434,R47K+L120M+A123V,1.037,1.2043715715408325,0.5660257935523987,1.3461720943450928
22,6408975,3AMA,MdrDBcore03435,R47K+Q95L+A123V,0.417,0.8248181939125061,0.5660257935523987,1.3461720943450928
22,6408975,3AMB,MdrDBcore03436,R47K+Q95L+A123V,0.713,1.2176406383514404,0.5660257935523987,1.3461720943450928
22,6408975,3AMA,MdrDBcore03437,R47K+Q95L+L120M,0.875,0.7472844123840332,0.5660257935523987,1.3461720943450928
22,6408975,3AMB,MdrDBcore03438,R47K+Q95L+L120M,-0.393,1.1730685234069824,0.5660257935523987,1.3461720943450928
22,6408975,3AMA,MdrDBcore03439,R47K+Q95L+L120M+A123V,0.719,0.8138958215713501,0.5660257935523987,1.3461720943450928
22,6408975,3AMB,MdrDBcore03440,R47K+Q95L+L120M+A123V,1.373,1.2043710947036743,0.5660257935523987,1.3461720943450928
22,6408975,2GMK,MdrDBcore03441,N89K+A91E,-0.364,-0.21622659265995026,0.5660257935523987,1.3461720943450928
22,6408975,2GMK,MdrDBcore03442,N89R+A91E,-0.256,-0.11682981252670288,0.5660257935523987,1.3461720943450928
22,6408975,3RY2,MdrDBcore03443,S52G+R53D,0.314,0.8951892256736755,0.5660257935523987,1.3461720943450928
22,6408975,3RY2,MdrDBcore03444,S52G+R53S,0.0,0.8951895236968994,0.5660257935523987,1.3461720943450928
22,6408975,3RY2,MdrDBcore03445,T90S+W108V+L110T+F29L+S52G+R53S,3.899,0.5331997871398926,0.5660257935523987,1.3461720943450928
22,6408975,1GZ4,MdrDBcore03446,R197Q+R542V+R556Q,0.0,1.1700202226638794,0.5660257935523987,1.3461720943450928
22,6408975,3CWK,MdrDBcore03447,L111R+E121L+V54T,-0.543,0.5272260308265686,0.5660257935523987,1.3461720943450928
22,6408975,1P6L,MdrDBcore03448,N368D+V106M,-2.454,-1.1826403141021729,0.5660257935523987,1.3461720943450928
22,6408975,1P6N,MdrDBcore03449,N368D+V106M,-2.728,-1.5987255573272705,0.5660257935523987,1.3461720943450928
22,6408975,1P6H,MdrDBcore03450,D597N+M336V,3.171,2.278714179992676,0.5660257935523987,1.3461720943450928
22,6408975,1P6J,MdrDBcore03451,D597N+M336V,3.579,2.4309773445129395,0.5660257935523987,1.3461720943450928
22,6408975,3HU2,MdrDBcore03452,R53A+A86R,1.384,1.234748125076294,0.5660257935523987,1.3461720943450928
22,6408975,1PZO,MdrDBcore03453,T182M+G238A,0.11,0.07437916100025177,0.5660257935523987,1.3461720943450928
22,6408975,3CKZ,MdrDBcore03454,N294S+Y274H,0.789,0.3529193699359894,0.5660257935523987,1.3461720943450928
22,6408975,3CL2,MdrDBcore03455,S294N+Y252H,-3.968,0.38427606225013733,0.5660257935523987,1.3461720943450928
22,6408975,3CKZ,MdrDBcore03456,Y274H+Y252H,-0.272,0.3626224100589752,0.5660257935523987,1.3461720943450928
22,6408975,2PH9,MdrDBcore03457,C190A+C191A,0.284,0.7019204497337341,0.5660257935523987,1.3461720943450928
22,6408975,1MUI,MdrDBcore03458,D30N+L90M,0.821,0.31628966331481934,0.5660257935523987,1.3461720943450928
22,6408975,1MUI,MdrDBcore03459,D30N+N88D+L90M,1.308,0.3162895441055298,0.5660257935523987,1.3461720943450928
22,6408975,1MUI,MdrDBcore03460,N88D+L90M,0.184,0.3334294855594635,0.5660257935523987,1.3461720943450928
22,6408975,2QEH,MdrDBcore03461,E7L+H35L,2.969,2.306480646133423,0.5660257935523987,1.3461720943450928
22,6408975,2PQL,MdrDBcore03462,E7L+H35L,-1.084,1.404927134513855,0.5660257935523987,1.3461720943450928
22,6408975,3AM3,MdrDBcore03463,M372A+K316A,0.181,0.04876205697655678,0.5660257935523987,1.3461720943450928
22,6408975,2JDN,MdrDBcore03464,S23A+A22S,1.758,1.1378456354141235,0.5660257935523987,1.3461720943450928
22,6408975,1TPZ,MdrDBcore03465,L44R+S172R,-0.158,-0.0947766900062561,0.5660257935523987,1.3461720943450928
22,6408975,2DOR,MdrDBcore03466,K136E,-0.793,0.9695107340812683,0.5660257935523987,1.3461720943450928
22,6408975,2DOR,MdrDBcore03467,K213E,0.826,0.045980531722307205,0.5660257935523987,1.3461720943450928
22,6408975,2DOR,MdrDBcore03468,N127A,1.546,0.8993099331855774,0.5660257935523987,1.3461720943450928
22,6408975,2DOR,MdrDBcore03469,N193A,3.55,1.1559137105941772,0.5660257935523987,1.3461720943450928
22,6408975,2DOR,MdrDBcore03470,N67A,0.247,1.0495212078094482,0.5660257935523987,1.3461720943450928
22,6408975,2DOR,MdrDBcore03471,P131A,0.191,0.9590072631835938,0.5660257935523987,1.3461720943450928
22,6408975,2DOR,MdrDBcore03472,P56A,2.318,0.9695107936859131,0.5660257935523987,1.3461720943450928
22,6408975,2DOR,MdrDBcore03473,R50E,0.684,0.9695107340812683,0.5660257935523987,1.3461720943450928
22,6408975,2DOR,MdrDBcore03474,R57A,0.703,0.9697504639625549,0.5660257935523987,1.3461720943450928
22,6408975,2DOR,MdrDBcore03475,S129A,0.678,0.9886650443077087,0.5660257935523987,1.3461720943450928
22,6408975,2RDE,MdrDBcore03476,L135R,-0.669,-0.8976689577102661,0.5660257935523987,1.3461720943450928
22,6408975,3UM8,MdrDBcore03477,A16C,0.07,-0.19201812148094177,0.5660257935523987,1.3461720943450928
22,6408975,3UM8,MdrDBcore03478,A16G,0.732,1.3510593175888062,0.5660257935523987,1.3461720943450928
22,6408975,3UM8,MdrDBcore03479,A16S,2.615,1.440279483795166,0.5660257935523987,1.3461720943450928
22,6408975,3UM8,MdrDBcore03480,S108N,1.241,1.4351603984832764,0.5660257935523987,1.3461720943450928
22,6408975,3UM8,MdrDBcore03481,S108T,0.638,1.390697717666626,0.5660257935523987,1.3461720943450928
22,6408975,4B7J,MdrDBcore03482,H275Y,2.998,0.055142972618341446,0.5660257935523987,1.3461720943450928
22,6408975,4B7N,MdrDBcore03483,H275Y,0.513,0.5056201219558716,0.5660257935523987,1.3461720943450928
22,6408975,4B7J,MdrDBcore03484,R223I,-2.297,-0.39783138036727905,0.5660257935523987,1.3461720943450928
22,6408975,4B7N,MdrDBcore03485,R223I,-1.313,-0.10120430588722229,0.5660257935523987,1.3461720943450928
22,6408975,2Q2A,MdrDBcore03486,E163Q,0.798,1.3762843608856201,0.5660257935523987,1.3461720943450928
22,6408975,2Q2A,MdrDBcore03487,E35K,3.343,1.3599053621292114,0.5660257935523987,1.3461720943450928
22,6408975,2Q2A,MdrDBcore03488,G168R,0.757,1.3762843608856201,0.5660257935523987,1.3461720943450928
22,6408975,2Q2A,MdrDBcore03489,G40A,0.379,1.3762845993041992,0.5660257935523987,1.3461720943450928
22,6408975,2Q2A,MdrDBcore03490,K41E,0.527,1.3762844800949097,0.5660257935523987,1.3461720943450928
22,6408975,2Q2A,MdrDBcore03491,N166C,0.757,1.376284122467041,0.5660257935523987,1.3461720943450928
22,6408975,2Q2A,MdrDBcore03492,Q132L,1.247,1.4145550727844238,0.5660257935523987,1.3461720943450928
22,6408975,2R5Q,MdrDBcore03493,D30N,2.384,1.0587372779846191,0.5660257935523987,1.3461720943450928
22,6408975,2R5Q,MdrDBcore03494,D30N,2.384,1.0587373971939087,0.5660257935523987,1.3461720943450928
22,6408975,2R5P,MdrDBcore03495,D30N,0.68,0.5938957929611206,0.5660257935523987,1.3461720943450928
22,6408975,2R5Q,MdrDBcore03496,L90M,0.388,1.0591808557510376,0.5660257935523987,1.3461720943450928
22,6408975,2R5Q,MdrDBcore03497,L90M,0.388,1.059180736541748,0.5660257935523987,1.3461720943450928
22,6408975,2R5P,MdrDBcore03498,L90M,0.197,0.6075661778450012,0.5660257935523987,1.3461720943450928
22,6408975,2R5Q,MdrDBcore03499,N88D,0.493,1.059180736541748,0.5660257935523987,1.3461720943450928
22,6408975,2R5Q,MdrDBcore03500,N88D,0.493,1.0591806173324585,0.5660257935523987,1.3461720943450928
22,6408975,2R5P,MdrDBcore03501,N88D,1.176,0.6738834977149963,0.5660257935523987,1.3461720943450928
22,6408975,2HDK,MdrDBcore03502,A318C,-0.072,-0.11643937230110168,0.5660257935523987,1.3461720943450928
22,6408975,1VKJ,MdrDBcore03503,E90Q,-0.554,0.0538460947573185,0.5660257935523987,1.3461720943450928
22,6408975,1VKJ,MdrDBcore03504,K123A,-0.143,0.20674754679203033,0.5660257935523987,1.3461720943450928
22,6408975,1VKJ,MdrDBcore03505,R67E,0.149,0.2090764045715332,0.5660257935523987,1.3461720943450928
22,6408975,1VKJ,MdrDBcore03506,R72E,-0.587,-0.5333631634712219,0.5660257935523987,1.3461720943450928
22,6408975,2OFW,MdrDBcore03507,H34N,-1.005,-1.1909652948379517,0.5660257935523987,1.3461720943450928
22,6408975,2OFW,MdrDBcore03508,N27A,-0.917,-1.1909655332565308,0.5660257935523987,1.3461720943450928
22,6408975,2OFW,MdrDBcore03509,Q31A,-0.889,-1.1364785432815552,0.5660257935523987,1.3461720943450928
22,6408975,3I73,MdrDBcore03510,S238A,0.869,0.5782526135444641,0.5660257935523987,1.3461720943450928
22,6408975,2JBZ,MdrDBcore03511,D111A,0.477,0.5059269070625305,0.5660257935523987,1.3461720943450928
22,6408975,2JBZ,MdrDBcore03512,E57A,1.116,0.5180295705795288,0.5660257935523987,1.3461720943450928
22,6408975,2JBZ,MdrDBcore03513,H110A,0.1,0.5408325791358948,0.5660257935523987,1.3461720943450928
22,6408975,2JBZ,MdrDBcore03514,R15A,0.441,0.528601348400116,0.5660257935523987,1.3461720943450928
22,6408975,2VZM,MdrDBcore03515,E85Q,0.582,0.4195924997329712,0.5660257935523987,1.3461720943450928
22,6408975,2VZ7,MdrDBcore03516,E85Q,1.401,0.5989592671394348,0.5660257935523987,1.3461720943450928
22,6408975,2VZM,MdrDBcore03517,E94Q,0.955,0.6017817854881287,0.5660257935523987,1.3461720943450928
22,6408975,2VZM,MdrDBcore03518,N50D,0.184,0.6829208731651306,0.5660257935523987,1.3461720943450928
22,6408975,2VZ7,MdrDBcore03519,N50D,0.765,0.7197295427322388,0.5660257935523987,1.3461720943450928
22,6408975,1H0A,MdrDBcore03520,L6E,0.229,0.6531037092208862,0.5660257935523987,1.3461720943450928
22,6408975,1H0A,MdrDBcore03521,L6Q,-0.108,0.6531037092208862,0.5660257935523987,1.3461720943450928
22,6408975,1MPW,MdrDBcore03522,L244A,-0.132,-0.36296266317367554,0.5660257935523987,1.3461720943450928
22,6408975,1MPW,MdrDBcore03523,L247V,-0.783,-0.3100661635398865,0.5660257935523987,1.3461720943450928
22,6408975,1MPW,MdrDBcore03524,W87F,-0.452,-0.2808086574077606,0.5660257935523987,1.3461720943450928
22,6408975,1AKR,MdrDBcore03525,A61G,-0.728,0.5390567779541016,0.5660257935523987,1.3461720943450928
22,6408975,1AKU,MdrDBcore03526,A95D,-0.786,0.1017744392156601,0.5660257935523987,1.3461720943450928
22,6408975,1AKV,MdrDBcore03527,A95E,-0.812,0.34395888447761536,0.5660257935523987,1.3461720943450928
22,6408975,1AKV,MdrDBcore03528,A95N,-0.288,0.8697446584701538,0.5660257935523987,1.3461720943450928
22,6408975,1AKV,MdrDBcore03529,A95N,-0.377,0.8697450757026672,0.5660257935523987,1.3461720943450928
22,6408975,1C7E,MdrDBcore03530,E95D,-0.383,-0.06973429024219513,0.5660257935523987,1.3461720943450928
22,6408975,1AKW,MdrDBcore03531,L61G,-1.412,0.39465856552124023,0.5660257935523987,1.3461720943450928
22,6408975,1AKT,MdrDBcore03532,N61G,-1.535,0.5100350379943848,0.5660257935523987,1.3461720943450928
22,6408975,1HLD,MdrDBcore03533,F93A,1.679,1.5606428384780884,0.5660257935523987,1.3461720943450928
22,6408975,1N92,MdrDBcore03534,T178S,-0.471,0.6797374486923218,0.5660257935523987,1.3461720943450928
22,6408975,1N92,MdrDBcore03535,T178V,1.26,0.6833339333534241,0.5660257935523987,1.3461720943450928
22,6408975,1N92,MdrDBcore03536,V203A,-0.04,0.6821413636207581,0.5660257935523987,1.3461720943450928
22,6408975,1N92,MdrDBcore03537,V292A,2.115,0.6801987886428833,0.5660257935523987,1.3461720943450928
22,6408975,1N92,MdrDBcore03538,V292S,2.337,0.6484622955322266,0.5660257935523987,1.3461720943450928
22,6408975,1N92,MdrDBcore03539,V292T,2.015,0.6798328757286072,0.5660257935523987,1.3461720943450928
22,6408975,3EIG,MdrDBcore03540,E35Q,-1.747,-0.4755114018917084,0.5660257935523987,1.3461720943450928
22,6408975,1DLR,MdrDBcore03541,F22W,-0.288,0.021383065730333328,0.5660257935523987,1.3461720943450928
22,6408975,1DLR,MdrDBcore03542,F22Y,1.991,0.21095623075962067,0.5660257935523987,1.3461720943450928
22,6408975,3N0H,MdrDBcore03543,F64S,-0.103,0.3908802568912506,0.5660257935523987,1.3461720943450928
22,6408975,3S3V,MdrDBcore03544,K35S,0.033,-0.6555820107460022,0.5660257935523987,1.3461720943450928
22,6408975,1U72,MdrDBcore03545,L22F,3.009,1.1957801580429077,0.5660257935523987,1.3461720943450928
22,6408975,1U72,MdrDBcore03546,L22R,4.268,2.1659750938415527,0.5660257935523987,1.3461720943450928
22,6408975,1U72,MdrDBcore03547,L22W,4.233,-0.8007899522781372,0.5660257935523987,1.3461720943450928
22,6408975,1U72,MdrDBcore03548,L22Y,4.783,1.1290090084075928,0.5660257935523987,1.3461720943450928
22,6408975,3FS6,MdrDBcore03549,N64F,-2.245,-0.6551578044891357,0.5660257935523987,1.3461720943450928
22,6408975,2W3A,MdrDBcore03550,N64F,0.303,0.41435784101486206,0.5660257935523987,1.3461720943450928
22,6408975,2W3A,MdrDBcore03551,N64F,-1.416,0.4143580198287964,0.5660257935523987,1.3461720943450928
22,6408975,3FS6,MdrDBcore03552,N64S,-1.364,-0.5914595723152161,0.5660257935523987,1.3461720943450928
22,6408975,2W3A,MdrDBcore03553,N64S,0.199,0.44951072335243225,0.5660257935523987,1.3461720943450928
22,6408975,2W3A,MdrDBcore03554,N64S,-1.015,0.44951102137565613,0.5660257935523987,1.3461720943450928
22,6408975,3FS6,MdrDBcore03555,Q35K,-1.968,0.6681725978851318,0.5660257935523987,1.3461720943450928
22,6408975,2W3A,MdrDBcore03556,Q35K,0.605,0.3694622218608856,0.5660257935523987,1.3461720943450928
22,6408975,2W3A,MdrDBcore03557,Q35K,-1.577,0.3694622218608856,0.5660257935523987,1.3461720943450928
22,6408975,3FS6,MdrDBcore03558,Q35S,0.249,0.7591201663017273,0.5660257935523987,1.3461720943450928
22,6408975,2W3A,MdrDBcore03559,Q35S,-0.1,-0.15057191252708435,0.5660257935523987,1.3461720943450928
22,6408975,2W3A,MdrDBcore03560,Q35S,-0.655,-0.1505720615386963,0.5660257935523987,1.3461720943450928
22,6408975,3EIG,MdrDBcore03561,R31F,-3.603,-0.45107388496398926,0.5660257935523987,1.3461720943450928
22,6408975,3N0H,MdrDBcore03562,S35K,-0.033,0.36258071660995483,0.5660257935523987,1.3461720943450928
22,6408975,2P4T,MdrDBcore03563,H67Q,1.997,0.6129150986671448,0.5660257935523987,1.3461720943450928
22,6408975,3PCA,MdrDBcore03564,Y408C,1.853,0.6098304390907288,0.5660257935523987,1.3461720943450928
22,6408975,3PCA,MdrDBcore03565,Y408H,1.628,0.5538378357887268,0.5660257935523987,1.3461720943450928
22,6408975,1BF3,MdrDBcore03566,K42R,-0.821,-0.5760647058486938,0.5660257935523987,1.3461720943450928
22,6408975,1BF3,MdrDBcore03567,K42S,-0.108,-0.5760647654533386,0.5660257935523987,1.3461720943450928
22,6408975,1NJB,MdrDBcore03568,C229A,0.036,0.7430713772773743,0.5660257935523987,1.3461720943450928
22,6408975,1NJB,MdrDBcore03569,C229E,0.713,0.6734007596969604,0.5660257935523987,1.3461720943450928
22,6408975,1NJB,MdrDBcore03570,C229G,-0.224,0.6975240707397461,0.5660257935523987,1.3461720943450928
22,6408975,1NJB,MdrDBcore03571,C229I,1.29,0.6665821075439453,0.5660257935523987,1.3461720943450928
22,6408975,1NJB,MdrDBcore03572,C229L,1.517,0.6489540934562683,0.5660257935523987,1.3461720943450928
22,6408975,1NJB,MdrDBcore03573,C229M,1.29,0.6785313487052917,0.5660257935523987,1.3461720943450928
22,6408975,1NJB,MdrDBcore03574,C229Q,-0.242,0.6661142706871033,0.5660257935523987,1.3461720943450928
22,6408975,1NJB,MdrDBcore03575,C229S,-0.361,0.693968653678894,0.5660257935523987,1.3461720943450928
22,6408975,1NJB,MdrDBcore03576,C229T,1.688,0.6940211653709412,0.5660257935523987,1.3461720943450928
22,6408975,1NJB,MdrDBcore03577,C229V,1.58,0.683201789855957,0.5660257935523987,1.3461720943450928
22,6408975,1NJB,MdrDBcore03578,C229W,2.091,-0.2936476171016693,0.5660257935523987,1.3461720943450928
22,6408975,1TSL,MdrDBcore03579,E60D,1.089,0.2818024158477783,0.5660257935523987,1.3461720943450928
22,6408975,1TSM,MdrDBcore03580,E60D,-0.543,0.2233937531709671,0.5660257935523987,1.3461720943450928
22,6408975,1NJE,MdrDBcore03581,N229A,-3.612,-3.2516894340515137,0.5660257935523987,1.3461720943450928
22,6408975,1THY,MdrDBcore03582,N229A,0.888,1.1033626794815063,0.5660257935523987,1.3461720943450928
22,6408975,1NJE,MdrDBcore03583,N229C,-3.61,-3.2062573432922363,0.5660257935523987,1.3461720943450928
22,6408975,1THY,MdrDBcore03584,N229C,0.852,1.1006728410720825,0.5660257935523987,1.3461720943450928
22,6408975,1NJE,MdrDBcore03585,N229D,-2.086,-3.242441415786743,0.5660257935523987,1.3461720943450928
22,6408975,1NJE,MdrDBcore03586,N229E,-1.22,-3.247267246246338,0.5660257935523987,1.3461720943450928
22,6408975,1NJE,MdrDBcore03587,N229G,-3.37,-3.205153226852417,0.5660257935523987,1.3461720943450928
22,6408975,1THY,MdrDBcore03588,N229G,0.477,0.990588366985321,0.5660257935523987,1.3461720943450928
22,6408975,1NJE,MdrDBcore03589,N229I,-2.015,-3.2874903678894043,0.5660257935523987,1.3461720943450928
22,6408975,1THY,MdrDBcore03590,N229I,2.011,0.9315712451934814,0.5660257935523987,1.3461720943450928
22,6408975,1NJE,MdrDBcore03591,N229L,-2.328,-3.2817766666412354,0.5660257935523987,1.3461720943450928
22,6408975,1NJE,MdrDBcore03592,N229M,-3.527,-3.2057290077209473,0.5660257935523987,1.3461720943450928
22,6408975,1NJE,MdrDBcore03593,N229Q,0.329,-3.175624370574951,0.5660257935523987,1.3461720943450928
22,6408975,1NJE,MdrDBcore03594,N229S,-3.55,-3.2633283138275146,0.5660257935523987,1.3461720943450928
22,6408975,1THY,MdrDBcore03595,N229S,0.491,0.8627267479896545,0.5660257935523987,1.3461720943450928
22,6408975,1NJE,MdrDBcore03596,N229T,-3.82,-3.263076066970825,0.5660257935523987,1.3461720943450928
22,6408975,1NJE,MdrDBcore03597,N229V,-2.104,-3.2656614780426025,0.5660257935523987,1.3461720943450928
22,6408975,1NJE,MdrDBcore03598,N229W,-1.449,-1.3368386030197144,0.5660257935523987,1.3461720943450928
22,6408975,2TDM,MdrDBcore03599,R179A,2.596,0.6963716149330139,0.5660257935523987,1.3461720943450928
22,6408975,2TDM,MdrDBcore03600,R179K,2.374,0.6963716149330139,0.5660257935523987,1.3461720943450928
22,6408975,1TSL,MdrDBcore03601,V316A,1.731,0.280017614364624,0.5660257935523987,1.3461720943450928
22,6408975,1TSM,MdrDBcore03602,V316A,1.52,0.22339405119419098,0.5660257935523987,1.3461720943450928
22,6408975,1TSL,MdrDBcore03603,W82Y,0.211,0.2818021774291992,0.5660257935523987,1.3461720943450928
22,6408975,2ITY,MdrDBcore03604,G719S,0.48,-0.166579008102417,0.5660257935523987,1.3461720943450928
22,6408975,1CNQ,MdrDBcore03605,A54L,-0.145,-1.0246391296386719,0.5660257935523987,1.3461720943450928
22,6408975,1YYZ,MdrDBcore03606,L54A,-5.046,-1.7273374795913696,0.5660257935523987,1.3461720943450928
22,6408975,1OSS,MdrDBcore03607,P190A,-0.299,-0.010575424879789352,0.5660257935523987,1.3461720943450928
22,6408975,1OSS,MdrDBcore03608,P190S,-0.728,-0.02005748823285103,0.5660257935523987,1.3461720943450928
22,6408975,1OSS,MdrDBcore03609,P190T,-1.069,-0.04154571518301964,0.5660257935523987,1.3461720943450928
22,6408975,1OSS,MdrDBcore03610,P190V,1.473,-0.03501811996102333,0.5660257935523987,1.3461720943450928
22,6408975,2H4N,MdrDBcore03611,N94C,6.056,3.6153829097747803,0.5660257935523987,1.3461720943450928
22,6408975,2H4N,MdrDBcore03612,N94D,6.842,3.9171254634857178,0.5660257935523987,1.3461720943450928
22,6408975,2H4N,MdrDBcore03613,N94E,7.431,3.6123242378234863,0.5660257935523987,1.3461720943450928
22,6408975,2H4N,MdrDBcore03614,N94Q,2.861,3.658250331878662,0.5660257935523987,1.3461720943450928
22,6408975,1TPH,MdrDBcore03615,S96P,1.572,1.4548529386520386,0.5660257935523987,1.3461720943450928
22,6408975,1OGZ,MdrDBcore03616,A39G,-0.143,0.33747169375419617,0.5660257935523987,1.3461720943450928
22,6408975,2JGS,MdrDBcore03617,M76N,-1.684,-0.9264370203018188,0.5660257935523987,1.3461720943450928
22,6408975,1HK1,MdrDBcore03618,R218H,-0.726,-0.9089832901954651,0.5660257935523987,1.3461720943450928
22,6408975,1HK1,MdrDBcore03619,R218P,-1.292,-0.82936030626297,0.5660257935523987,1.3461720943450928
22,6408975,1AMW,MdrDBcore03620,E88G,0.076,1.0596801042556763,0.5660257935523987,1.3461720943450928
22,6408975,1A4H,MdrDBcore03621,E88G,-0.113,-0.12113741040229797,0.5660257935523987,1.3461720943450928
22,6408975,1AMW,MdrDBcore03622,K44R,0.229,0.5707203149795532,0.5660257935523987,1.3461720943450928
22,6408975,1A4H,MdrDBcore03623,K44R,0.245,0.04714038595557213,0.5660257935523987,1.3461720943450928
22,6408975,1AMW,MdrDBcore03624,K98N,0.65,1.026982069015503,0.5660257935523987,1.3461720943450928
22,6408975,1A4H,MdrDBcore03625,K98N,-0.362,-0.4310097098350525,0.5660257935523987,1.3461720943450928
22,6408975,1AMW,MdrDBcore03626,L89V,0.58,1.0596798658370972,0.5660257935523987,1.3461720943450928
22,6408975,1A4H,MdrDBcore03627,L89V,-0.95,-0.516125500202179,0.5660257935523987,1.3461720943450928
22,6408975,1AMW,MdrDBcore03628,L93I,0.527,1.1327459812164307,0.5660257935523987,1.3461720943450928
22,6408975,1A4H,MdrDBcore03629,L93I,-0.742,-0.16928322613239288,0.5660257935523987,1.3461720943450928
22,6408975,1AMW,MdrDBcore03630,N92L,0.654,1.0427098274230957,0.5660257935523987,1.3461720943450928
22,6408975,1A4H,MdrDBcore03631,N92L,0.19,-0.0009836051613092422,0.5660257935523987,1.3461720943450928
22,6408975,1AMW,MdrDBcore03632,V136M,1.221,1.2196661233901978,0.5660257935523987,1.3461720943450928
22,6408975,2VWC,MdrDBcore03633,V136M,0.399,0.6832829117774963,0.5660257935523987,1.3461720943450928
22,6408975,1A4H,MdrDBcore03634,V136M,0.487,-0.14354419708251953,0.5660257935523987,1.3461720943450928
22,6408975,1E2K,MdrDBcore03635,Y101F,0.893,0.750559389591217,0.5660257935523987,1.3461720943450928
22,6408975,2AQU,MdrDBcore03636,D30N,0.622,0.6463905572891235,0.5660257935523987,1.3461720943450928
22,6408975,2AQU,MdrDBcore03637,D30N,0.622,0.6463905572891235,0.5660257935523987,1.3461720943450928
22,6408975,1GNO,MdrDBcore03638,G48H,1.057,1.1282850503921509,0.5660257935523987,1.3461720943450928
22,6408975,3TKW,MdrDBcore03639,G48V,2.001,0.8264456391334534,0.5660257935523987,1.3461720943450928
22,6408975,3TKW,MdrDBcore03640,I50V,2.035,0.7833090424537659,0.5660257935523987,1.3461720943450928
22,6408975,3NU3,MdrDBcore03641,I50V,2.015,0.9417698979377747,0.5660257935523987,1.3461720943450928
22,6408975,3TKW,MdrDBcore03642,I54M,0.601,0.8141874074935913,0.5660257935523987,1.3461720943450928
22,6408975,3NU3,MdrDBcore03643,I54M,0.713,0.987489640712738,0.5660257935523987,1.3461720943450928
22,6408975,3TKW,MdrDBcore03644,I54V,1.276,0.8141875863075256,0.5660257935523987,1.3461720943450928
22,6408975,3NU3,MdrDBcore03645,I54V,0.596,0.9874895215034485,0.5660257935523987,1.3461720943450928
22,6408975,3NU3,MdrDBcore03646,I84V,1.062,0.9718177914619446,0.5660257935523987,1.3461720943450928
22,6408975,1RTD,MdrDBcore03647,K65A,1.02,0.8450333476066589,0.5660257935523987,1.3461720943450928
22,6408975,1RTD,MdrDBcore03648,K65R,0.118,0.40408629179000854,0.5660257935523987,1.3461720943450928
22,6408975,3NU3,MdrDBcore03649,L90M,0.038,0.9874898791313171,0.5660257935523987,1.3461720943450928
22,6408975,2AQU,MdrDBcore03650,L90M,0.526,0.636654794216156,0.5660257935523987,1.3461720943450928
22,6408975,2AQU,MdrDBcore03651,L90M,0.526,0.6366549730300903,0.5660257935523987,1.3461720943450928
22,6408975,2AQU,MdrDBcore03652,N88D,0.651,0.6366549730300903,0.5660257935523987,1.3461720943450928
22,6408975,2AQU,MdrDBcore03653,N88D,0.651,0.636654794216156,0.5660257935523987,1.3461720943450928
22,6408975,1RTD,MdrDBcore03654,R72A,1.374,1.0277864933013916,0.5660257935523987,1.3461720943450928
22,6408975,3NU3,MdrDBcore03655,V32I,1.364,0.986720621585846,0.5660257935523987,1.3461720943450928
22,6408975,1GNO,MdrDBcore03656,V82D,1.974,1.1587496995925903,0.5660257935523987,1.3461720943450928
22,6408975,1GNO,MdrDBcore03657,V82N,2.757,1.1326433420181274,0.5660257935523987,1.3461720943450928
22,6408975,2Q64,MdrDBcore03658,A71V,0.954,0.9389323592185974,0.5660257935523987,1.3461720943450928
22,6408975,2Q64,MdrDBcore03659,A71V,0.954,0.9389322996139526,0.5660257935523987,1.3461720943450928
22,6408975,2Z4O,MdrDBcore03660,D30N,1.68,1.0390628576278687,0.5660257935523987,1.3461720943450928
22,6408975,2Z4O,MdrDBcore03661,I50V,1.215,0.961876630783081,0.5660257935523987,1.3461720943450928
22,6408975,2ZGA,MdrDBcore03662,I50V,1.955,1.0483267307281494,0.5660257935523987,1.3461720943450928
22,6408975,2IEN,MdrDBcore03663,I84V,0.689,0.4430429935455322,0.5660257935523987,1.3461720943450928
22,6408975,2Z4O,MdrDBcore03664,I84V,0.679,0.9890181422233582,0.5660257935523987,1.3461720943450928
22,6408975,2ZGA,MdrDBcore03665,I84V,0.815,1.089940071105957,0.5660257935523987,1.3461720943450928
22,6408975,2Q64,MdrDBcore03666,L90M,1.159,0.9389321804046631,0.5660257935523987,1.3461720943450928
22,6408975,2Q64,MdrDBcore03667,L90M,1.159,0.9389323592185974,0.5660257935523987,1.3461720943450928
22,6408975,1SDT,MdrDBcore03668,L90M,-1.089,0.3404116928577423,0.5660257935523987,1.3461720943450928
22,6408975,1SGU,MdrDBcore03669,M46I,-1.577,0.07804886996746063,0.5660257935523987,1.3461720943450928
22,6408975,1SH9,MdrDBcore03670,M46I,-0.238,-0.16874659061431885,0.5660257935523987,1.3461720943450928
22,6408975,1SH9,MdrDBcore03671,M46I,-0.238,-0.16874614357948303,0.5660257935523987,1.3461720943450928
22,6408975,2Q64,MdrDBcore03672,N30D,-1.775,0.8175359964370728,0.5660257935523987,1.3461720943450928
22,6408975,2Q64,MdrDBcore03673,N88D,1.513,0.938932478427887,0.5660257935523987,1.3461720943450928
22,6408975,2Q64,MdrDBcore03674,N88D,1.513,0.9389322400093079,0.5660257935523987,1.3461720943450928
22,6408975,2R43,MdrDBcore03675,V50I,-0.776,-0.6834148168563843,0.5660257935523987,1.3461720943450928
22,6408975,2R3T,MdrDBcore03676,V50I,-0.997,-0.169953390955925,0.5660257935523987,1.3461720943450928
22,6408975,1SGU,MdrDBcore03677,V54I,-1.572,0.04536425694823265,0.5660257935523987,1.3461720943450928
22,6408975,1SH9,MdrDBcore03678,V54I,-0.589,-0.21005529165267944,0.5660257935523987,1.3461720943450928
22,6408975,1SH9,MdrDBcore03679,V54I,-1.026,-0.21005521714687347,0.5660257935523987,1.3461720943450928
22,6408975,2IEN,MdrDBcore03680,V82A,0.155,0.22537855803966522,0.5660257935523987,1.3461720943450928
22,6408975,2Z4O,MdrDBcore03681,V82A,0.644,1.0200905799865723,0.5660257935523987,1.3461720943450928
22,6408975,1NH0,MdrDBcore03682,V82A,-0.292,1.0324444770812988,0.5660257935523987,1.3461720943450928
22,6408975,1SDT,MdrDBcore03683,V82A,0.717,0.3492279648780823,0.5660257935523987,1.3461720943450928
22,6408975,2R3W,MdrDBcore03684,V84I,0.442,0.10926686227321625,0.5660257935523987,1.3461720943450928
22,6408975,2R38,MdrDBcore03685,V84I,2.536,1.7871060371398926,0.5660257935523987,1.3461720943450928
22,6408975,1SGU,MdrDBcore03686,V84I,-1.401,0.07100394368171692,0.5660257935523987,1.3461720943450928
22,6408975,1SH9,MdrDBcore03687,V84I,-1.026,-0.18372507393360138,0.5660257935523987,1.3461720943450928
22,6408975,1SH9,MdrDBcore03688,V84I,-1.271,-0.18372510373592377,0.5660257935523987,1.3461720943450928
22,6408975,1KDK,MdrDBcore03689,H136Q,0.17,0.4134136736392975,0.5660257935523987,1.3461720943450928
22,6408975,1KDK,MdrDBcore03690,K134A,0.341,0.17548877000808716,0.5660257935523987,1.3461720943450928
22,6408975,1KDK,MdrDBcore03691,L131G,1.651,-0.04230678454041481,0.5660257935523987,1.3461720943450928
22,6408975,1KDK,MdrDBcore03692,P130G,0.218,0.4134129285812378,0.5660257935523987,1.3461720943450928
22,6408975,1KDK,MdrDBcore03693,P137G,0.062,0.413413405418396,0.5660257935523987,1.3461720943450928
22,6408975,1BWB,MdrDBcore03694,F82V,-1.589,0.8542428016662598,0.5660257935523987,1.3461720943450928
22,6408975,1BWB,MdrDBcore03695,V84I,-2.566,0.8128976225852966,0.5660257935523987,1.3461720943450928
22,6408975,2BPX,MdrDBcore03696,D30N,0.979,0.9947876334190369,0.5660257935523987,1.3461720943450928
22,6408975,2AOD,MdrDBcore03697,I84V,1.061,-0.08627444505691528,0.5660257935523987,1.3461720943450928
22,6408975,2BPX,MdrDBcore03698,L90M,0.605,1.1271488666534424,0.5660257935523987,1.3461720943450928
22,6408975,2BPX,MdrDBcore03699,N88D,1.01,1.127148985862732,0.5660257935523987,1.3461720943450928
22,6408975,2AOD,MdrDBcore03700,V82A,-0.835,-0.16221995651721954,0.5660257935523987,1.3461720943450928
22,6408975,3BC4,MdrDBcore03701,V84I,0.884,0.5750262141227722,0.5660257935523987,1.3461720943450928
22,6408975,2J27,MdrDBcore03702,A168P,-0.821,0.03333425521850586,0.5660257935523987,1.3461720943450928
22,6408975,2V2C,MdrDBcore03703,L178A,-1.217,-0.5641213059425354,0.5660257935523987,1.3461720943450928
22,6408975,3E6K,MdrDBcore03704,A183D,-4.292,-1.486324667930603,0.5660257935523987,1.3461720943450928
22,6408975,3E6V,MdrDBcore03705,N183D,-2.003,-1.6961631774902344,0.5660257935523987,1.3461720943450928
22,6408975,3DT4,MdrDBcore03706,A467G,-4.914,-0.5701791644096375,0.5660257935523987,1.3461720943450928
22,6408975,3DTB,MdrDBcore03707,A467G,1.019,0.5661466717720032,0.5660257935523987,1.3461720943450928
22,6408975,3DT7,MdrDBcore03708,A467G,-1.118,-1.0726606845855713,0.5660257935523987,1.3461720943450928
22,6408975,1OH0,MdrDBcore03709,W92A,0.467,0.15579567849636078,0.5660257935523987,1.3461720943450928
22,6408975,3E9B,MdrDBcore03710,A135S,-2.123,-2.030414581298828,0.5660257935523987,1.3461720943450928
22,6408975,3E9B,MdrDBcore03711,A135T,-1.434,-1.9683219194412231,0.5660257935523987,1.3461720943450928
22,6408975,1K3L,MdrDBcore03712,I219A,1.731,1.180741786956787,0.5660257935523987,1.3461720943450928
22,6408975,3E2Q,MdrDBcore03713,S540A,0.29,0.0435001514852047,0.5660257935523987,1.3461720943450928
22,6408975,3E2S,MdrDBcore03714,S540A,0.977,0.9353495240211487,0.5660257935523987,1.3461720943450928
22,6408975,3E2R,MdrDBcore03715,S540A,0.984,0.1629251390695572,0.5660257935523987,1.3461720943450928
22,6408975,3E2Q,MdrDBcore03716,S540Y,0.814,0.24436651170253754,0.5660257935523987,1.3461720943450928
22,6408975,3E2R,MdrDBcore03717,S540Y,-1.708,-1.025439977645874,0.5660257935523987,1.3461720943450928
22,6408975,3FRE,MdrDBcore03718,F98Y,3.051,1.1626389026641846,0.5660257935523987,1.3461720943450928
22,6408975,3I8A,MdrDBcore03719,N30H,-0.531,0.24019096791744232,0.5660257935523987,1.3461720943450928
22,6408975,2V5V,MdrDBcore03720,E57K,0.441,0.6260520815849304,0.5660257935523987,1.3461720943450928
22,6408975,2V5V,MdrDBcore03721,E57R,0.404,0.14411726593971252,0.5660257935523987,1.3461720943450928
22,6408975,2V5V,MdrDBcore03722,E57W,-0.821,0.7247807383537292,0.5660257935523987,1.3461720943450928
22,6408975,1FLV,MdrDBcore03723,W57A,2.24,1.3408820629119873,0.5660257935523987,1.3461720943450928
22,6408975,1FLV,MdrDBcore03724,W57F,2.054,1.8565253019332886,0.5660257935523987,1.3461720943450928
22,6408975,1FLV,MdrDBcore03725,W57L,1.927,1.5242819786071777,0.5660257935523987,1.3461720943450928
22,6408975,1FLV,MdrDBcore03726,W57Y,1.516,1.6462275981903076,0.5660257935523987,1.3461720943450928
22,6408975,1FLV,MdrDBcore03727,Y94A,3.963,2.1695661544799805,0.5660257935523987,1.3461720943450928
22,6408975,1FLV,MdrDBcore03728,Y94F,0.821,1.3956745862960815,0.5660257935523987,1.3461720943450928
22,6408975,1FLV,MdrDBcore03729,Y94W,1.514,1.474867343902588,0.5660257935523987,1.3461720943450928
22,6408975,2QFU,MdrDBcore03730,L101P,-3.025,0.8195304870605469,0.5660257935523987,1.3461720943450928
22,6408975,2QFQ,MdrDBcore03731,L101P,-0.303,0.30081555247306824,0.5660257935523987,1.3461720943450928
22,6408975,1G6S,MdrDBcore03732,P101S,1.364,1.2358486652374268,0.5660257935523987,1.3461720943450928
22,6408975,1G6T,MdrDBcore03733,P101S,0.232,0.5173047780990601,0.5660257935523987,1.3461720943450928
22,6408975,2QFT,MdrDBcore03734,S101A,0.734,0.8314273953437805,0.5660257935523987,1.3461720943450928
22,6408975,2QFS,MdrDBcore03735,S101A,-0.17,0.27589988708496094,0.5660257935523987,1.3461720943450928
22,6408975,2QFT,MdrDBcore03736,S101G,0.462,0.8314273357391357,0.5660257935523987,1.3461720943450928
22,6408975,2QFS,MdrDBcore03737,S101G,-0.17,0.2759001553058624,0.5660257935523987,1.3461720943450928
22,6408975,2QFT,MdrDBcore03738,S101P,-1.553,0.9055120348930359,0.5660257935523987,1.3461720943450928
22,6408975,2QFS,MdrDBcore03739,S101P,-0.17,0.2744843363761902,0.5660257935523987,1.3461720943450928
22,6408975,1G6S,MdrDBcore03740,T97I,3.379,1.3305764198303223,0.5660257935523987,1.3461720943450928
22,6408975,1G6T,MdrDBcore03741,T97I,0.28,0.670654296875,0.5660257935523987,1.3461720943450928
22,6408975,1EGH,MdrDBcore03742,H98N,0.631,0.8047112822532654,0.5660257935523987,1.3461720943450928
22,6408975,1OWB,MdrDBcore03743,L109R,0.191,-1.7530741691589355,0.5660257935523987,1.3461720943450928
22,6408975,1Z95,MdrDBcore03744,L741W,0.383,0.4440198242664337,0.5660257935523987,1.3461720943450928
22,6408975,2AMA,MdrDBcore03745,W741L,2.193,0.6762575507164001,0.5660257935523987,1.3461720943450928
22,6408975,1WDR,MdrDBcore03746,S342T,0.603,0.43996310234069824,0.5660257935523987,1.3461720943450928
22,6408975,1WDQ,MdrDBcore03747,V342T,-0.127,0.3974085748195648,0.5660257935523987,1.3461720943450928
22,6408975,3G0E,MdrDBcore03748,D816H,0.056,0.2141406089067459,0.5660257935523987,1.3461720943450928
22,6408975,3G0E,MdrDBcore03749,D816V,-0.255,0.21414056420326233,0.5660257935523987,1.3461720943450928
22,6408975,3G0E,MdrDBcore03750,V560D,-0.897,0.21414050459861755,0.5660257935523987,1.3461720943450928
22,6408975,2OBF,MdrDBcore03751,A57K,1.971,1.136582851409912,0.5660257935523987,1.3461720943450928
22,6408975,1N7J,MdrDBcore03752,D267A,4.398,2.298091173171997,0.5660257935523987,1.3461720943450928
22,6408975,1N7I,MdrDBcore03753,D267A,2.902,2.6839206218719482,0.5660257935523987,1.3461720943450928
22,6408975,1YZ3,MdrDBcore03754,D267A,3.832,2.4177908897399902,0.5660257935523987,1.3461720943450928
22,6408975,1HNN,MdrDBcore03755,D267A,4.676,2.774684429168701,0.5660257935523987,1.3461720943450928
22,6408975,1N7J,MdrDBcore03756,E219A,3.616,2.60774564743042,0.5660257935523987,1.3461720943450928
22,6408975,1N7I,MdrDBcore03757,E219A,3.889,2.0850114822387695,0.5660257935523987,1.3461720943450928
22,6408975,1YZ3,MdrDBcore03758,E219A,4.022,2.4298255443573,0.5660257935523987,1.3461720943450928
22,6408975,1HNN,MdrDBcore03759,E219A,4.362,1.5231468677520752,0.5660257935523987,1.3461720943450928
22,6408975,2G72,MdrDBcore03760,K57A,-3.06,0.08554640412330627,0.5660257935523987,1.3461720943450928
22,6408975,2G71,MdrDBcore03761,K57A,-0.428,0.4506818354129791,0.5660257935523987,1.3461720943450928
22,6408975,2G70,MdrDBcore03762,K57A,1.27,1.5530503988265991,0.5660257935523987,1.3461720943450928
22,6408975,1N7J,MdrDBcore03763,K57A,1.729,2.1174354553222656,0.5660257935523987,1.3461720943450928
22,6408975,1N7I,MdrDBcore03764,K57A,1.792,1.5000358819961548,0.5660257935523987,1.3461720943450928
22,6408975,1YZ3,MdrDBcore03765,K57A,1.682,1.623846173286438,0.5660257935523987,1.3461720943450928
22,6408975,1HNN,MdrDBcore03766,K57A,2.401,-0.15551386773586273,0.5660257935523987,1.3461720943450928
22,6408975,2ONY,MdrDBcore03767,K57A,-3.013,0.8973185420036316,0.5660257935523987,1.3461720943450928
22,6408975,1N7J,MdrDBcore03768,V53A,0.698,2.1984360218048096,0.5660257935523987,1.3461720943450928
22,6408975,1N7I,MdrDBcore03769,V53A,0.967,2.1792993545532227,0.5660257935523987,1.3461720943450928
22,6408975,1YZ3,MdrDBcore03770,V53A,1.485,2.3831064701080322,0.5660257935523987,1.3461720943450928
22,6408975,1HNN,MdrDBcore03771,V53A,0.973,0.9521255493164062,0.5660257935523987,1.3461720943450928
22,6408975,2II4,MdrDBcore03772,D288A,0.869,1.1697452068328857,0.5660257935523987,1.3461720943450928
22,6408975,2II4,MdrDBcore03773,K252N,0.77,1.1746470928192139,0.5660257935523987,1.3461720943450928
22,6408975,2II4,MdrDBcore03774,L293A,1.256,1.1821850538253784,0.5660257935523987,1.3461720943450928
22,6408975,2II4,MdrDBcore03775,R230G,1.344,1.1544365882873535,0.5660257935523987,1.3461720943450928
22,6408975,2II4,MdrDBcore03776,R240C,0.657,1.1746450662612915,0.5660257935523987,1.3461720943450928
22,6408975,3EBS,MdrDBcore03777,G369S,0.651,0.413796067237854,0.5660257935523987,1.3461720943450928
22,6408975,3EBS,MdrDBcore03778,S208I,-0.284,0.5073214769363403,0.5660257935523987,1.3461720943450928
22,6408975,1QY1,MdrDBcore03779,Y120F,1.121,-0.6150465607643127,0.5660257935523987,1.3461720943450928
22,6408975,1OGG,MdrDBcore03780,N142D,-2.318,-1.4378221035003662,0.5660257935523987,1.3461720943450928
22,6408975,1V11,MdrDBcore03781,A287R,-2.478,1.3817548751831055,0.5660257935523987,1.3461720943450928
22,6408975,1U5B,MdrDBcore03782,S292D,1.912,2.1242008209228516,0.5660257935523987,1.3461720943450928
22,6408975,1U5B,MdrDBcore03783,S292E,2.069,2.1644785404205322,0.5660257935523987,1.3461720943450928
22,6408975,1U5B,MdrDBcore03784,S292N,2.089,2.1644787788391113,0.5660257935523987,1.3461720943450928
22,6408975,1U5B,MdrDBcore03785,S292Q,2.156,2.1644787788391113,0.5660257935523987,1.3461720943450928
22,6408975,3BKL,MdrDBcore03786,D453E,-0.056,0.5687315464019775,0.5660257935523987,1.3461720943450928
22,6408975,3BKK,MdrDBcore03787,E376D,0.629,0.82118159532547,0.5660257935523987,1.3461720943450928
22,6408975,3BKL,MdrDBcore03788,E376D,0.731,0.5519180297851562,0.5660257935523987,1.3461720943450928
22,6408975,3BKL,MdrDBcore03789,E403R,-0.616,0.5577052235603333,0.5660257935523987,1.3461720943450928
22,6408975,3BKK,MdrDBcore03790,F391Y,0.917,0.7428551912307739,0.5660257935523987,1.3461720943450928
22,6408975,3BKL,MdrDBcore03791,F391Y,1.153,0.4820379614830017,0.5660257935523987,1.3461720943450928
22,6408975,3BKL,MdrDBcore03792,S516N,-0.185,0.5018638372421265,0.5660257935523987,1.3461720943450928
22,6408975,3BKL,MdrDBcore03793,T282S,0.18,0.5090465545654297,0.5660257935523987,1.3461720943450928
22,6408975,3BKK,MdrDBcore03794,V379S,-0.014,0.8211815357208252,0.5660257935523987,1.3461720943450928
22,6408975,3BKL,MdrDBcore03795,V379S,-1.399,0.4902356266975403,0.5660257935523987,1.3461720943450928
22,6408975,3BKK,MdrDBcore03796,V380T,0.491,0.5413793921470642,0.5660257935523987,1.3461720943450928
22,6408975,3BKL,MdrDBcore03797,V380T,0.807,0.5569609999656677,0.5660257935523987,1.3461720943450928
22,6408975,3BKK,MdrDBcore03798,V518T,1.826,0.8678843379020691,0.5660257935523987,1.3461720943450928
22,6408975,3BKL,MdrDBcore03799,V518T,1.578,0.5610846877098083,0.5660257935523987,1.3461720943450928
22,6408975,3QGT,MdrDBcore03800,A16C,0.17,1.0103307962417603,0.5660257935523987,1.3461720943450928
22,6408975,3QGT,MdrDBcore03801,A16G,0.502,0.9675287008285522,0.5660257935523987,1.3461720943450928
22,6408975,3QGT,MdrDBcore03802,A16S,1.775,1.0354526042938232,0.5660257935523987,1.3461720943450928
22,6408975,3QGT,MdrDBcore03803,S108N,1.866,1.0715285539627075,0.5660257935523987,1.3461720943450928
22,6408975,3QGT,MdrDBcore03804,S108T,0.0,0.9710190892219543,0.5660257935523987,1.3461720943450928
22,6408975,1JPZ,MdrDBcore03805,A328V,-1.162,-0.18209439516067505,0.5660257935523987,1.3461720943450928
22,6408975,2INZ,MdrDBcore03806,C298A,0.974,0.2797723412513733,0.5660257935523987,1.3461720943450928
22,6408975,2INE,MdrDBcore03807,C298A,0.681,0.7061746120452881,0.5660257935523987,1.3461720943450928
22,6408975,2PZN,MdrDBcore03808,C303D,2.471,1.0993335247039795,0.5660257935523987,1.3461720943450928
22,6408975,2PDG,MdrDBcore03809,C303D,2.399,1.75741708278656,0.5660257935523987,1.3461720943450928
22,6408975,1PWM,MdrDBcore03810,C303D,1.032,1.5138763189315796,0.5660257935523987,1.3461720943450928
22,6408975,2PZN,MdrDBcore03811,F121P,1.104,1.1279900074005127,0.5660257935523987,1.3461720943450928
22,6408975,2PDG,MdrDBcore03812,F121P,0.528,0.8972597122192383,0.5660257935523987,1.3461720943450928
22,6408975,1PWM,MdrDBcore03813,F121P,0.288,1.4733405113220215,0.5660257935523987,1.3461720943450928
22,6408975,2PZN,MdrDBcore03814,L300A,0.456,1.0292378664016724,0.5660257935523987,1.3461720943450928
22,6408975,2PDG,MdrDBcore03815,L300A,-0.24,0.9683815836906433,0.5660257935523987,1.3461720943450928
22,6408975,1PWM,MdrDBcore03816,L300A,0.456,1.482306718826294,0.5660257935523987,1.3461720943450928
22,6408975,2IKI,MdrDBcore03817,L300P,2.615,1.3455108404159546,0.5660257935523987,1.3461720943450928
22,6408975,2PZN,MdrDBcore03818,L300P,1.416,1.3883382081985474,0.5660257935523987,1.3461720943450928
22,6408975,2PDG,MdrDBcore03819,L300P,1.101,1.6144112348556519,0.5660257935523987,1.3461720943450928
22,6408975,1PWM,MdrDBcore03820,L300P,1.871,1.5303003787994385,0.5660257935523987,1.3461720943450928
22,6408975,1PWM,MdrDBcore03821,L301M,0.696,1.4423669576644897,0.5660257935523987,1.3461720943450928
22,6408975,2FZD,MdrDBcore03822,L301M,0.6,0.7322434782981873,0.5660257935523987,1.3461720943450928
22,6408975,2PZN,MdrDBcore03823,S302R,2.519,1.4041811227798462,0.5660257935523987,1.3461720943450928
22,6408975,2PDG,MdrDBcore03824,S302R,2.783,0.8746593594551086,0.5660257935523987,1.3461720943450928
22,6408975,2IKI,MdrDBcore03825,T113A,0.773,0.9801704287528992,0.5660257935523987,1.3461720943450928
22,6408975,1US0,MdrDBcore03826,T113A,1.198,1.4716718196868896,0.5660257935523987,1.3461720943450928
22,6408975,2IKI,MdrDBcore03827,T113C,0.142,0.9221211075782776,0.5660257935523987,1.3461720943450928
22,6408975,1US0,MdrDBcore03828,T113C,-1.523,1.3348686695098877,0.5660257935523987,1.3461720943450928
22,6408975,1US0,MdrDBcore03829,T113S,0.994,1.2498159408569336,0.5660257935523987,1.3461720943450928
22,6408975,2IKI,MdrDBcore03830,T113V,1.54,1.0224312543869019,0.5660257935523987,1.3461720943450928
22,6408975,1US0,MdrDBcore03831,T113V,0.766,1.343402624130249,0.5660257935523987,1.3461720943450928
22,6408975,2IKI,MdrDBcore03832,T113Y,2.063,1.4320647716522217,0.5660257935523987,1.3461720943450928
22,6408975,2PZN,MdrDBcore03833,T113Y,2.327,1.6734904050827026,0.5660257935523987,1.3461720943450928
22,6408975,2PDG,MdrDBcore03834,T113Y,2.591,1.8695367574691772,0.5660257935523987,1.3461720943450928
22,6408975,1PWM,MdrDBcore03835,T113Y,2.063,1.4360626935958862,0.5660257935523987,1.3461720943450928
22,6408975,2IKI,MdrDBcore03836,V47I,-0.312,1.0222012996673584,0.5660257935523987,1.3461720943450928
22,6408975,2PDG,MdrDBcore03837,V47I,1.2,0.867668867111206,0.5660257935523987,1.3461720943450928
22,6408975,1PWM,MdrDBcore03838,V47I,0.144,1.430773138999939,0.5660257935523987,1.3461720943450928
22,6408975,1GZF,MdrDBcore03839,Q182A,0.132,0.5121426582336426,0.5660257935523987,1.3461720943450928
22,6408975,1GZF,MdrDBcore03840,Q212A,0.527,0.3297423720359802,0.5660257935523987,1.3461720943450928
22,6408975,1P1Q,MdrDBcore03841,T138L,-3.696,-0.5176476240158081,0.5660257935523987,1.3461720943450928
22,6408975,1P1N,MdrDBcore03842,T138L,1.478,0.7500585913658142,0.5660257935523987,1.3461720943450928
22,6408975,1P1O,MdrDBcore03843,T138L,-3.057,-2.5493557453155518,0.5660257935523987,1.3461720943450928
22,6408975,1SYH,MdrDBcore03844,Y187F,1.266,1.4555635452270508,0.5660257935523987,1.3461720943450928
22,6408975,2HA4,MdrDBcore03845,A203S,-2.14,-1.7497797012329102,0.5660257935523987,1.3461720943450928
22,6408975,2HA5,MdrDBcore03846,A203S,-1.541,-1.5016281604766846,0.5660257935523987,1.3461720943450928
22,6408975,2HA7,MdrDBcore03847,A203S,-0.384,-0.02384171448647976,0.5660257935523987,1.3461720943450928
22,6408975,2HA0,MdrDBcore03848,S203A,1.864,1.3388087749481201,0.5660257935523987,1.3461720943450928
22,6408975,2HA3,MdrDBcore03849,S203A,0.768,0.8801721334457397,0.5660257935523987,1.3461720943450928
22,6408975,2GMK,MdrDBcore03850,A91E,-0.667,-0.5280752778053284,0.5660257935523987,1.3461720943450928
22,6408975,2GMK,MdrDBcore03851,N89T,-0.086,-0.5280753374099731,0.5660257935523987,1.3461720943450928
22,6408975,1DF8,MdrDBcore03852,A45S,-4.05,-0.9285662770271301,0.5660257935523987,1.3461720943450928
22,6408975,1DF8,MdrDBcore03853,D128A,7.869,-0.7903238534927368,0.5660257935523987,1.3461720943450928
22,6408975,3RY2,MdrDBcore03854,S52G,0.155,-0.9889840483665466,0.5660257935523987,1.3461720943450928
22,6408975,1KC7,MdrDBcore03855,D620N,-1.605,-1.771530270576477,0.5660257935523987,1.3461720943450928
22,6408975,1XQD,MdrDBcore03856,G73S,1.775,0.4994581341743469,0.5660257935523987,1.3461720943450928
22,6408975,1GZ4,MdrDBcore03857,R197Q,0.631,1.1975072622299194,0.5660257935523987,1.3461720943450928
22,6408975,1GZ4,MdrDBcore03858,R542V,0.814,1.2528719902038574,0.5660257935523987,1.3461720943450928
22,6408975,3LZS,MdrDBcore03859,N88S,1.231,0.8978681564331055,0.5660257935523987,1.3461720943450928
22,6408975,2O2Q,MdrDBcore03860,C707A,1.371,-0.9120070338249207,0.5660257935523987,1.3461720943450928
22,6408975,2O2R,MdrDBcore03861,C707A,-0.968,0.9513715505599976,0.5660257935523987,1.3461720943450928
22,6408975,2O2Q,MdrDBcore03862,E673A,-2.859,-0.996924102306366,0.5660257935523987,1.3461720943450928
22,6408975,2O2Q,MdrDBcore03863,E673Q,-0.742,-0.9382576942443848,0.5660257935523987,1.3461720943450928
22,6408975,1P6L,MdrDBcore03864,N368D,-1.435,-0.8035516142845154,0.5660257935523987,1.3461720943450928
22,6408975,1P6N,MdrDBcore03865,N368D,-1.82,-0.48446711897850037,0.5660257935523987,1.3461720943450928
22,6408975,1P6H,MdrDBcore03866,D597N,3.205,0.4357791841030121,0.5660257935523987,1.3461720943450928
22,6408975,1P6J,MdrDBcore03867,D597N,3.139,0.7930941581726074,0.5660257935523987,1.3461720943450928
22,6408975,2CA8,MdrDBcore03868,R21L,1.518,0.6819560527801514,0.5660257935523987,1.3461720943450928
22,6408975,2C80,MdrDBcore03869,R21L,0.487,0.2770996689796448,0.5660257935523987,1.3461720943450928
22,6408975,2CA8,MdrDBcore03870,R21Q,-0.028,0.6819559335708618,0.5660257935523987,1.3461720943450928
22,6408975,2C80,MdrDBcore03871,R21Q,-0.638,0.27709946036338806,0.5660257935523987,1.3461720943450928
22,6408975,2CA8,MdrDBcore03872,Y10F,-0.028,0.5959192514419556,0.5660257935523987,1.3461720943450928
22,6408975,1IYK,MdrDBcore03873,D110A,1.511,0.6891908645629883,0.5660257935523987,1.3461720943450928
22,6408975,1IYK,MdrDBcore03874,D112A,2.22,0.6706780195236206,0.5660257935523987,1.3461720943450928
22,6408975,1IYK,MdrDBcore03875,D412A,2.647,0.630977213382721,0.5660257935523987,1.3461720943450928
22,6408975,1IYK,MdrDBcore03876,F339A,1.17,0.6725679039955139,0.5660257935523987,1.3461720943450928
22,6408975,1IYK,MdrDBcore03877,G413A,-0.195,0.5945709943771362,0.5660257935523987,1.3461720943450928
22,6408975,1IYK,MdrDBcore03878,H227A,2.007,0.7543277740478516,0.5660257935523987,1.3461720943450928
22,6408975,1IYK,MdrDBcore03879,I111A,0.199,0.7012864947319031,0.5660257935523987,1.3461720943450928
22,6408975,1IYK,MdrDBcore03880,I352A,1.17,0.6645203232765198,0.5660257935523987,1.3461720943450928
22,6408975,1IYK,MdrDBcore03881,L350V,-0.132,0.6645203828811646,0.5660257935523987,1.3461720943450928
22,6408975,1IYK,MdrDBcore03882,L451A,0.0,0.6505245566368103,0.5660257935523987,1.3461720943450928
22,6408975,1IYK,MdrDBcore03883,L451Q,0.566,0.6505913734436035,0.5660257935523987,1.3461720943450928
22,6408975,1IYK,MdrDBcore03884,N175A,1.41,0.7246900200843811,0.5660257935523987,1.3461720943450928
22,6408975,1IYK,MdrDBcore03885,P229A,0.108,0.6520200371742249,0.5660257935523987,1.3461720943450928
22,6408975,1IYK,MdrDBcore03886,S241A,0.667,0.6729651093482971,0.5660257935523987,1.3461720943450928
22,6408975,1IYK,MdrDBcore03887,T114A,-0.675,0.6480525732040405,0.5660257935523987,1.3461720943450928
22,6408975,1IYK,MdrDBcore03888,T211A,0.046,0.6061388254165649,0.5660257935523987,1.3461720943450928
22,6408975,1IYK,MdrDBcore03889,V108A,-0.303,0.6638607382774353,0.5660257935523987,1.3461720943450928
22,6408975,1IYK,MdrDBcore03890,W232A,0.718,0.664520800113678,0.5660257935523987,1.3461720943450928
22,6408975,1IYK,MdrDBcore03891,Y107A,1.232,0.50522780418396,0.5660257935523987,1.3461720943450928
22,6408975,1IYK,MdrDBcore03892,Y119A,1.062,0.6388139128684998,0.5660257935523987,1.3461720943450928
22,6408975,1IYK,MdrDBcore03893,Y354A,1.289,0.5052279233932495,0.5660257935523987,1.3461720943450928
22,6408975,2VQZ,MdrDBcore03894,F323A,0.282,0.7550469636917114,0.5660257935523987,1.3461720943450928
22,6408975,2VQZ,MdrDBcore03895,F325A,0.509,0.6692816019058228,0.5660257935523987,1.3461720943450928
22,6408975,2VQZ,MdrDBcore03896,F404A,1.171,0.7524937391281128,0.5660257935523987,1.3461720943450928
22,6408975,2VQZ,MdrDBcore03897,H357A,0.916,0.9646779298782349,0.5660257935523987,1.3461720943450928
22,6408975,2VQZ,MdrDBcore03898,H357W,-1.184,0.18842670321464539,0.5660257935523987,1.3461720943450928
22,6408975,1P7T,MdrDBcore03899,R338K,1.483,0.7031506896018982,0.5660257935523987,1.3461720943450928
22,6408975,1P7T,MdrDBcore03900,R338K,0.278,0.7031508088111877,0.5660257935523987,1.3461720943450928
22,6408975,3AH4,MdrDBcore03901,F179I,0.22,0.4093608558177948,0.5660257935523987,1.3461720943450928
22,6408975,3AJ5,MdrDBcore03902,F179I,0.322,0.4144376516342163,0.5660257935523987,1.3461720943450928
22,6408975,3AH4,MdrDBcore03903,W176A,0.109,0.21398957073688507,0.5660257935523987,1.3461720943450928
22,6408975,3AJ5,MdrDBcore03904,W176A,0.425,0.4144376218318939,0.5660257935523987,1.3461720943450928
22,6408975,1AMK,MdrDBcore03905,E65Q,-0.024,1.2561317682266235,0.5660257935523987,1.3461720943450928
22,6408975,1XJB,MdrDBcore03906,R301L,-0.028,0.14731432497501373,0.5660257935523987,1.3461720943450928
22,6408975,1XJB,MdrDBcore03907,R304L,0.404,0.14731469750404358,0.5660257935523987,1.3461720943450928
22,6408975,3HU2,MdrDBcore03908,A86R,1.598,1.355802059173584,0.5660257935523987,1.3461720943450928
22,6408975,3HU1,MdrDBcore03909,G95R,1.14,1.1704756021499634,0.5660257935523987,1.3461720943450928
22,6408975,3HU3,MdrDBcore03910,H155R,1.14,1.9708263874053955,0.5660257935523987,1.3461720943450928
22,6408975,1LO8,MdrDBcore03911,D17N,-0.051,0.14887495338916779,0.5660257935523987,1.3461720943450928
22,6408975,1LO7,MdrDBcore03912,D17N,0.143,0.21692050993442535,0.5660257935523987,1.3461720943450928
22,6408975,1B74,MdrDBcore03913,D7S,-0.268,0.5027201771736145,0.5660257935523987,1.3461720943450928
22,6408975,1B74,MdrDBcore03914,E147N,1.005,0.5644366145133972,0.5660257935523987,1.3461720943450928
22,6408975,1O0N,MdrDBcore03915,T45G,0.489,0.39901772141456604,0.5660257935523987,1.3461720943450928
22,6408975,1W4Q,MdrDBcore03916,T45G,2.07,0.5263678431510925,0.5660257935523987,1.3461720943450928
22,6408975,1PZO,MdrDBcore03917,T182M,0.012,0.0942791998386383,0.5660257935523987,1.3461720943450928
22,6408975,1W96,MdrDBcore03918,E477R,1.489,1.1211588382720947,0.5660257935523987,1.3461720943450928
22,6408975,1W96,MdrDBcore03919,F510I,0.621,0.9370669722557068,0.5660257935523987,1.3461720943450928
22,6408975,1W96,MdrDBcore03920,I69E,1.945,0.7088696360588074,0.5660257935523987,1.3461720943450928
22,6408975,1W96,MdrDBcore03921,K73R,3.699,1.394156575202942,0.5660257935523987,1.3461720943450928
22,6408975,1W96,MdrDBcore03922,N485G,0.178,0.7945511937141418,0.5660257935523987,1.3461720943450928
22,6408975,1WCQ,MdrDBcore03923,F370D,1.218,0.5127776861190796,0.5660257935523987,1.3461720943450928
22,6408975,1WCQ,MdrDBcore03924,F370E,0.633,0.5019651055335999,0.5660257935523987,1.3461720943450928
22,6408975,1WCQ,MdrDBcore03925,F370Y,-0.811,0.4796523451805115,0.5660257935523987,1.3461720943450928
22,6408975,3NTY,MdrDBcore03926,F311A,0.33,1.3183091878890991,0.5660257935523987,1.3461720943450928
22,6408975,3C3U,MdrDBcore03927,F311A,0.066,0.6178637742996216,0.5660257935523987,1.3461720943450928
22,6408975,3NTY,MdrDBcore03928,F311L,-0.007,1.3946013450622559,0.5660257935523987,1.3461720943450928
22,6408975,3C3U,MdrDBcore03929,F311L,0.101,0.6178638935089111,0.5660257935523987,1.3461720943450928
22,6408975,3C3U,MdrDBcore03930,H222S,1.354,1.8826125860214233,0.5660257935523987,1.3461720943450928
22,6408975,3NTY,MdrDBcore03931,L306A,2.607,1.913088321685791,0.5660257935523987,1.3461720943450928
22,6408975,3C3U,MdrDBcore03932,L306A,2.272,2.0139646530151367,0.5660257935523987,1.3461720943450928
22,6408975,3NTY,MdrDBcore03933,L308A,0.197,1.17368745803833,0.5660257935523987,1.3461720943450928
22,6408975,3C3U,MdrDBcore03934,L308A,3.649,1.997753381729126,0.5660257935523987,1.3461720943450928
22,6408975,3NTY,MdrDBcore03935,L308V,0.404,1.277667760848999,0.5660257935523987,1.3461720943450928
22,6408975,3C3U,MdrDBcore03936,L308V,1.53,1.8484570980072021,0.5660257935523987,1.3461720943450928
22,6408975,3NTY,MdrDBcore03937,L54V,1.019,1.180779218673706,0.5660257935523987,1.3461720943450928
22,6408975,3C3U,MdrDBcore03938,L54V,1.581,1.8797800540924072,0.5660257935523987,1.3461720943450928
22,6408975,3ZY2,MdrDBcore03939,D242A,-0.805,0.032195158302783966,0.5660257935523987,1.3461720943450928
22,6408975,3ZY2,MdrDBcore03940,D244A,-0.742,0.03219538927078247,0.5660257935523987,1.3461720943450928
22,6408975,3ZY2,MdrDBcore03941,F199A,-0.394,0.032195478677749634,0.5660257935523987,1.3461720943450928
22,6408975,3ZY2,MdrDBcore03942,F261A,-0.634,-0.05260530114173889,0.5660257935523987,1.3461720943450928
22,6408975,3ZY2,MdrDBcore03943,F357A,2.573,0.2470867782831192,0.5660257935523987,1.3461720943450928
22,6408975,3ZY2,MdrDBcore03944,N43A,-0.091,0.09327688813209534,0.5660257935523987,1.3461720943450928
22,6408975,3ZY2,MdrDBcore03945,R240K,3.06,0.15853343904018402,0.5660257935523987,1.3461720943450928
22,6408975,3ZY2,MdrDBcore03946,R40A,1.292,0.11636631190776825,0.5660257935523987,1.3461720943450928
22,6408975,3ZY2,MdrDBcore03947,W245A,0.9,0.06182210519909859,0.5660257935523987,1.3461720943450928
22,6408975,2R0H,MdrDBcore03948,R81A,0.553,0.06180792674422264,0.5660257935523987,1.3461720943450928
22,6408975,1FSG,MdrDBcore03949,D150A,-1.181,-1.1707054376602173,0.5660257935523987,1.3461720943450928
22,6408975,3QFX,MdrDBcore03950,T86N,1.186,0.6601361632347107,0.5660257935523987,1.3461720943450928
22,6408975,3RG9,MdrDBcore03951,T86N,0.75,0.6254972815513611,0.5660257935523987,1.3461720943450928
22,6408975,3QFX,MdrDBcore03952,T86S,-1.448,0.39442041516304016,0.5660257935523987,1.3461720943450928
22,6408975,3RG9,MdrDBcore03953,T86S,-0.119,0.6201918721199036,0.5660257935523987,1.3461720943450928
22,6408975,1L7E,MdrDBcore03954,D135N,-0.004,0.6154054403305054,0.5660257935523987,1.3461720943450928
22,6408975,1L7E,MdrDBcore03955,Q132N,0.129,0.9406671524047852,0.5660257935523987,1.3461720943450928
22,6408975,1L7E,MdrDBcore03956,R127A,2.169,1.6065914630889893,0.5660257935523987,1.3461720943450928
22,6408975,1L7E,MdrDBcore03957,R127M,2.169,1.5613230466842651,0.5660257935523987,1.3461720943450928
22,6408975,1L7E,MdrDBcore03958,S138A,0.158,0.868239164352417,0.5660257935523987,1.3461720943450928
22,6408975,2E7F,MdrDBcore03959,N199A,0.577,0.39047837257385254,0.5660257935523987,1.3461720943450928
22,6408975,1FLM,MdrDBcore03960,E13Q,0.391,0.7810880541801453,0.5660257935523987,1.3461720943450928
22,6408975,1FLM,MdrDBcore03961,E13T,0.649,0.78108811378479,0.5660257935523987,1.3461720943450928
22,6408975,1FLM,MdrDBcore03962,L122E,1.697,0.8358442783355713,0.5660257935523987,1.3461720943450928
22,6408975,1FLM,MdrDBcore03963,L122K,0.521,0.6614270210266113,0.5660257935523987,1.3461720943450928
22,6408975,1FLM,MdrDBcore03964,L122Y,-0.659,0.44078415632247925,0.5660257935523987,1.3461720943450928
22,6408975,3H2K,MdrDBcore03965,G221I,-1.104,0.4090835452079773,0.5660257935523987,1.3461720943450928
22,6408975,3H2K,MdrDBcore03966,G231A,1.207,0.43598994612693787,0.5660257935523987,1.3461720943450928
22,6408975,3H2K,MdrDBcore03967,G231F,1.92,0.6289686560630798,0.5660257935523987,1.3461720943450928
22,6408975,3H2K,MdrDBcore03968,G231I,1.366,0.5292591452598572,0.5660257935523987,1.3461720943450928
22,6408975,3H2K,MdrDBcore03969,N228W,0.233,0.4901621341705322,0.5660257935523987,1.3461720943450928
22,6408975,3H2K,MdrDBcore03970,S176A,0.049,0.36723607778549194,0.5660257935523987,1.3461720943450928
22,6408975,3CL2,MdrDBcore03971,S294N,-2.604,-1.8042353391647339,0.5660257935523987,1.3461720943450928
22,6408975,3CL0,MdrDBcore03972,Y274H,-3.306,-1.261029839515686,0.5660257935523987,1.3461720943450928
22,6408975,3CKZ,MdrDBcore03973,Y274H,-0.38,-0.5604039430618286,0.5660257935523987,1.3461720943450928
22,6408975,3UJ9,MdrDBcore03974,H132A,0.062,-0.1283620297908783,0.5660257935523987,1.3461720943450928
22,6408975,3UJB,MdrDBcore03975,H132A,0.257,0.823110818862915,0.5660257935523987,1.3461720943450928
22,6408975,3UJ9,MdrDBcore03976,Y19F,-0.087,0.09393371641635895,0.5660257935523987,1.3461720943450928
22,6408975,3UJB,MdrDBcore03977,Y19F,0.248,0.8208448886871338,0.5660257935523987,1.3461720943450928
22,6408975,3OXC,MdrDBcore03978,G48V,2.637,1.3414052724838257,0.5660257935523987,1.3461720943450928
22,6408975,3OXC,MdrDBcore03979,G48V,2.637,1.3414055109024048,0.5660257935523987,1.3461720943450928
22,6408975,2HS1,MdrDBcore03980,I32V,-1.13,0.8739293813705444,0.5660257935523987,1.3461720943450928
22,6408975,3OXC,MdrDBcore03981,I50V,1.878,1.1418156623840332,0.5660257935523987,1.3461720943450928
22,6408975,3OXC,MdrDBcore03982,I50V,1.878,1.1418156623840332,0.5660257935523987,1.3461720943450928
22,6408975,3OXC,MdrDBcore03983,I54M,0.981,1.2287230491638184,0.5660257935523987,1.3461720943450928
22,6408975,3OXC,MdrDBcore03984,I54M,0.981,1.2287230491638184,0.5660257935523987,1.3461720943450928
22,6408975,3OXC,MdrDBcore03985,I54V,1.576,1.228723168373108,0.5660257935523987,1.3461720943450928
22,6408975,3OXC,MdrDBcore03986,I54V,1.576,1.2287232875823975,0.5660257935523987,1.3461720943450928
22,6408975,3OXC,MdrDBcore03987,I84V,0.058,1.251086950302124,0.5660257935523987,1.3461720943450928
22,6408975,3OXC,MdrDBcore03988,I84V,0.058,1.251086711883545,0.5660257935523987,1.3461720943450928
22,6408975,2HS2,MdrDBcore03989,L46M,-1.364,0.7575972676277161,0.5660257935523987,1.3461720943450928
22,6408975,3OXC,MdrDBcore03990,V82A,0.058,1.149412751197815,0.5660257935523987,1.3461720943450928
22,6408975,3OXC,MdrDBcore03991,V82A,0.058,1.1494128704071045,0.5660257935523987,1.3461720943450928
22,6408975,3IJW,MdrDBcore03992,H183A,-1.3,0.4517797827720642,0.5660257935523987,1.3461720943450928
22,6408975,3IJW,MdrDBcore03993,H183G,-1.006,0.4517797827720642,0.5660257935523987,1.3461720943450928
22,6408975,3KYF,MdrDBcore03994,Q121A,0.338,0.4495559334754944,0.5660257935523987,1.3461720943450928
22,6408975,3KYF,MdrDBcore03995,R122A,1.751,0.4968087673187256,0.5660257935523987,1.3461720943450928
22,6408975,3KYF,MdrDBcore03996,R122L,0.862,0.559703528881073,0.5660257935523987,1.3461720943450928
22,6408975,3KYF,MdrDBcore03997,S159A,0.885,0.4261041581630707,0.5660257935523987,1.3461720943450928
22,6408975,3OKP,MdrDBcore03998,D13A,0.481,0.4215230345726013,0.5660257935523987,1.3461720943450928
22,6408975,3OKC,MdrDBcore03999,D13A,0.307,0.2434200495481491,0.5660257935523987,1.3461720943450928
22,6408975,3OKP,MdrDBcore04000,D13N,0.273,0.42152315378189087,0.5660257935523987,1.3461720943450928
22,6408975,3OKC,MdrDBcore04001,D13N,-0.393,0.24342001974582672,0.5660257935523987,1.3461720943450928
22,6408975,3OKP,MdrDBcore04002,E290D,0.63,0.44366535544395447,0.5660257935523987,1.3461720943450928
22,6408975,3OKC,MdrDBcore04003,E290D,1.291,0.39882245659828186,0.5660257935523987,1.3461720943450928
22,6408975,3OKP,MdrDBcore04004,E290Q,0.374,0.40688765048980713,0.5660257935523987,1.3461720943450928
22,6408975,3OKC,MdrDBcore04005,E290Q,0.079,0.5520302057266235,0.5660257935523987,1.3461720943450928
22,6408975,3OKP,MdrDBcore04006,G123P,0.257,0.4215233027935028,0.5660257935523987,1.3461720943450928
22,6408975,3OKC,MdrDBcore04007,G123P,0.087,0.24341993033885956,0.5660257935523987,1.3461720943450928
22,6408975,3OKP,MdrDBcore04008,G20W,0.084,0.03902839496731758,0.5660257935523987,1.3461720943450928
22,6408975,3OKC,MdrDBcore04009,G20W,0.143,-0.5726551413536072,0.5660257935523987,1.3461720943450928
22,6408975,3OKP,MdrDBcore04010,G291S,0.762,0.42152321338653564,0.5660257935523987,1.3461720943450928
22,6408975,3OKC,MdrDBcore04011,G291S,0.42,0.24342013895511627,0.5660257935523987,1.3461720943450928
22,6408975,3OKP,MdrDBcore04012,H118S,0.817,0.42152339220046997,0.5660257935523987,1.3461720943450928
22,6408975,3OKC,MdrDBcore04013,H118S,-0.368,0.24342001974582672,0.5660257935523987,1.3461720943450928
22,6408975,3OKP,MdrDBcore04014,I21A,0.64,0.42152294516563416,0.5660257935523987,1.3461720943450928
22,6408975,3OKC,MdrDBcore04015,I21A,0.067,0.2434200495481491,0.5660257935523987,1.3461720943450928
22,6408975,3OKP,MdrDBcore04016,I21S,-0.207,0.4215230345726013,0.5660257935523987,1.3461720943450928
22,6408975,3OKC,MdrDBcore04017,I21S,-0.19,0.24341981112957,0.5660257935523987,1.3461720943450928
22,6408975,3OKP,MdrDBcore04018,K211Q,0.28,0.6045372486114502,0.5660257935523987,1.3461720943450928
22,6408975,3OKC,MdrDBcore04019,K211Q,0.059,0.3312442898750305,0.5660257935523987,1.3461720943450928
22,6408975,3OKP,MdrDBcore04020,N12A,0.042,0.4215232729911804,0.5660257935523987,1.3461720943450928
22,6408975,3OKC,MdrDBcore04021,N12A,-0.319,0.2434200495481491,0.5660257935523987,1.3461720943450928
22,6408975,3OKP,MdrDBcore04022,Q22A,0.684,0.4215230941772461,0.5660257935523987,1.3461720943450928
22,6408975,3OKC,MdrDBcore04023,Q22A,-0.104,0.24341987073421478,0.5660257935523987,1.3461720943450928
22,6408975,3OKP,MdrDBcore04024,R206S,0.48,0.8031278252601624,0.5660257935523987,1.3461720943450928
22,6408975,3OKC,MdrDBcore04025,R206S,0.406,0.34615379571914673,0.5660257935523987,1.3461720943450928
22,6408975,3OKP,MdrDBcore04026,R210S,0.444,0.4221482574939728,0.5660257935523987,1.3461720943450928
22,6408975,3OKC,MdrDBcore04027,R210S,0.112,0.3870389759540558,0.5660257935523987,1.3461720943450928
22,6408975,3OKP,MdrDBcore04028,S205G,-0.009,0.35851427912712097,0.5660257935523987,1.3461720943450928
22,6408975,3OKC,MdrDBcore04029,S205G,-0.049,0.2431434541940689,0.5660257935523987,1.3461720943450928
22,6408975,3AQT,MdrDBcore04030,D94A,1.759,2.1741743087768555,0.5660257935523987,1.3461720943450928
22,6408975,3AQT,MdrDBcore04031,R145A,2.111,1.9274073839187622,0.5660257935523987,1.3461720943450928
22,6408975,3AQT,MdrDBcore04032,R148A,1.451,0.8038806319236755,0.5660257935523987,1.3461720943450928
22,6408975,1MUI,MdrDBcore04033,D30N,0.765,-0.2691216766834259,0.5660257935523987,1.3461720943450928
22,6408975,1MUI,MdrDBcore04034,L90M,-0.056,-0.20435011386871338,0.5660257935523987,1.3461720943450928
22,6408975,1MUI,MdrDBcore04035,N88D,-0.189,-0.2043498009443283,0.5660257935523987,1.3461720943450928
22,6408975,2Q88,MdrDBcore04036,E134A,-0.17,0.8728709816932678,0.5660257935523987,1.3461720943450928
22,6408975,2Q88,MdrDBcore04037,E21A,2.137,0.9145868420600891,0.5660257935523987,1.3461720943450928
22,6408975,2Q89,MdrDBcore04038,E21A,2.796,1.7438651323318481,0.5660257935523987,1.3461720943450928
22,6408975,2Q88,MdrDBcore04039,F24A,-0.123,0.7235450148582458,0.5660257935523987,1.3461720943450928
22,6408975,2Q89,MdrDBcore04040,F24A,-0.132,0.7781738638877869,0.5660257935523987,1.3461720943450928
22,6408975,2Q88,MdrDBcore04041,F24D,0.848,0.47605031728744507,0.5660257935523987,1.3461720943450928
22,6408975,2Q89,MdrDBcore04042,F24D,0.954,1.1618725061416626,0.5660257935523987,1.3461720943450928
22,6408975,2Q88,MdrDBcore04043,F24E,-0.079,0.547158420085907,0.5660257935523987,1.3461720943450928
22,6408975,2Q89,MdrDBcore04044,F24E,1.376,1.0940907001495361,0.5660257935523987,1.3461720943450928
22,6408975,2Q88,MdrDBcore04045,F80D,1.95,1.0259084701538086,0.5660257935523987,1.3461720943450928
22,6408975,2Q89,MdrDBcore04046,F80D,3.103,1.1981815099716187,0.5660257935523987,1.3461720943450928
22,6408975,2Q88,MdrDBcore04047,F80E,0.831,1.0816322565078735,0.5660257935523987,1.3461720943450928
22,6408975,2Q89,MdrDBcore04048,F80E,2.827,0.8645637631416321,0.5660257935523987,1.3461720943450928
22,6408975,2Q88,MdrDBcore04049,Y60A,0.783,0.8122408986091614,0.5660257935523987,1.3461720943450928
22,6408975,2Q89,MdrDBcore04050,Y60A,0.566,1.16194748878479,0.5660257935523987,1.3461720943450928
22,6408975,2Q88,MdrDBcore04051,Y60F,0.161,0.8516047596931458,0.5660257935523987,1.3461720943450928
22,6408975,2Q89,MdrDBcore04052,Y60F,0.467,0.9550586342811584,0.5660257935523987,1.3461720943450928
22,6408975,2Q88,MdrDBcore04053,Y60W,-1.586,0.08947153389453888,0.5660257935523987,1.3461720943450928
22,6408975,2Q89,MdrDBcore04054,Y60W,-0.675,0.23040013015270233,0.5660257935523987,1.3461720943450928
22,6408975,2.00E+22,MdrDBcore04055,R612A,-0.423,-0.4721604883670807,0.5660257935523987,1.3461720943450928
22,6408975,2QEH,MdrDBcore04056,D111L,2.798,0.6112993955612183,0.5660257935523987,1.3461720943450928
22,6408975,2QEH,MdrDBcore04057,D139L,2.798,2.1466827392578125,0.5660257935523987,1.3461720943450928
22,6408975,2QEH,MdrDBcore04058,E114L,4.791,0.40910252928733826,0.5660257935523987,1.3461720943450928
22,6408975,2QEH,MdrDBcore04059,E7L,2.106,0.6638672947883606,0.5660257935523987,1.3461720943450928
22,6408975,2PQL,MdrDBcore04060,E7L,1.728,1.784029245376587,0.5660257935523987,1.3461720943450928
22,6408975,2QEH,MdrDBcore04061,H35L,-1.883,-0.6562554240226746,0.5660257935523987,1.3461720943450928
22,6408975,2PQL,MdrDBcore04062,H35L,-2.655,0.172759547829628,0.5660257935523987,1.3461720943450928
22,6408975,2QEH,MdrDBcore04063,Y94L,0.581,0.6883098483085632,0.5660257935523987,1.3461720943450928
22,6408975,2PQL,MdrDBcore04064,Y94L,2.055,1.1304222345352173,0.5660257935523987,1.3461720943450928
22,6408975,3AM3,MdrDBcore04065,M372V,-0.262,0.15124128758907318,0.5660257935523987,1.3461720943450928
22,6408975,2CCC,MdrDBcore04066,E45A,-0.338,-0.25269055366516113,0.5660257935523987,1.3461720943450928
22,6408975,2CC7,MdrDBcore04067,E45A,0.071,-0.08504965901374817,0.5660257935523987,1.3461720943450928
22,6408975,2CCB,MdrDBcore04068,E45A,0.236,-0.5921713709831238,0.5660257935523987,1.3461720943450928
22,6408975,2CC7,MdrDBcore04069,E45F,0.501,-0.08708497136831284,0.5660257935523987,1.3461720943450928
22,6408975,2CCB,MdrDBcore04070,E45F,-1.048,-0.6327636241912842,0.5660257935523987,1.3461720943450928
22,6408975,2CC7,MdrDBcore04071,E45H,-0.453,-0.06600850820541382,0.5660257935523987,1.3461720943450928
22,6408975,2CCB,MdrDBcore04072,E45H,-0.372,-0.6255403161048889,0.5660257935523987,1.3461720943450928
22,6408975,2CC7,MdrDBcore04073,E45N,-0.075,-0.08557359129190445,0.5660257935523987,1.3461720943450928
22,6408975,2CCB,MdrDBcore04074,E45N,0.895,-0.6241006255149841,0.5660257935523987,1.3461720943450928
22,6408975,2CC7,MdrDBcore04075,E45Q,-0.65,-0.08734261989593506,0.5660257935523987,1.3461720943450928
22,6408975,2CCB,MdrDBcore04076,E45Q,1.076,-0.6680150628089905,0.5660257935523987,1.3461720943450928
22,6408975,2CCB,MdrDBcore04077,E45T,-2.011,-0.6103141903877258,0.5660257935523987,1.3461720943450928
22,6408975,2CCC,MdrDBcore04078,Q55A,-1.028,-0.2534099221229553,0.5660257935523987,1.3461720943450928
22,6408975,2CC7,MdrDBcore04079,Q55A,1.883,-0.10434083640575409,0.5660257935523987,1.3461720943450928
22,6408975,2CCB,MdrDBcore04080,Q55A,-0.941,-0.6063036322593689,0.5660257935523987,1.3461720943450928
22,6408975,2JDM,MdrDBcore04081,A22S,-1.315,-1.4642966985702515,0.5660257935523987,1.3461720943450928
22,6408975,2JDU,MdrDBcore04082,N24G,0.484,-0.08792461454868317,0.5660257935523987,1.3461720943450928
22,6408975,2JDY,MdrDBcore04083,N24G,-3.098,-1.966748595237732,0.5660257935523987,1.3461720943450928
22,6408975,2FLE,MdrDBcore04084,A82V,-1.146,0.09454205632209778,0.5660257935523987,1.3461720943450928
22,6408975,3EEB,MdrDBcore04085,C140A,0.315,0.6410138607025146,0.5660257935523987,1.3461720943450928
22,6408975,3EEB,MdrDBcore04086,D178A,1.612,0.6773697137832642,0.5660257935523987,1.3461720943450928
22,6408975,3EEB,MdrDBcore04087,D178N,0.418,0.6410139203071594,0.5660257935523987,1.3461720943450928
22,6408975,3EEB,MdrDBcore04088,D191A,0.298,0.6410136818885803,0.5660257935523987,1.3461720943450928
22,6408975,3EEB,MdrDBcore04089,E179A,-0.07,0.6410139203071594,0.5660257935523987,1.3461720943450928
22,6408975,3EEB,MdrDBcore04090,H134A,0.839,0.7806826233863831,0.5660257935523987,1.3461720943450928
22,6408975,3EEB,MdrDBcore04091,R182Q,1.376,0.5402776002883911,0.5660257935523987,1.3461720943450928
22,6408975,3EEB,MdrDBcore04092,R29Q,1.015,0.7759082913398743,0.5660257935523987,1.3461720943450928
22,6408975,3EEB,MdrDBcore04093,W192A,1.168,0.6410136818885803,0.5660257935523987,1.3461720943450928
22,6408975,3EEB,MdrDBcore04094,W192F,0.257,0.6410139203071594,0.5660257935523987,1.3461720943450928
22,6408975,3HY8,MdrDBcore04095,W229Q,-1.724,0.2988218069076538,0.5660257935523987,1.3461720943450928
22,6408975,3HY8,MdrDBcore04096,W229R,-2.302,0.5682601928710938,0.5660257935523987,1.3461720943450928
22,6408975,1TPZ,MdrDBcore04097,K48A,0.0,0.09159424901008606,0.5660257935523987,1.3461720943450928
22,6408975,1TPZ,MdrDBcore04098,K48E,-0.048,0.09159345924854279,0.5660257935523987,1.3461720943450928
22,6408975,1TPZ,MdrDBcore04099,L44R,-0.069,0.09159429371356964,0.5660257935523987,1.3461720943450928
22,6408975,1TPZ,MdrDBcore04100,M173A,0.0,0.09159483015537262,0.5660257935523987,1.3461720943450928
22,6408975,1TPZ,MdrDBcore04101,S172R,0.161,0.09159386157989502,0.5660257935523987,1.3461720943450928
22,6408975,3FQL,MdrDBcore04102,C316N,1.543,0.11862100660800934,0.5660257935523987,1.3461720943450928
22,6408975,3FQL,MdrDBcore04103,L419M,-0.061,0.0763113796710968,0.5660257935523987,1.3461720943450928
22,6408975,3FQL,MdrDBcore04104,M414T,-0.297,0.02811269462108612,0.5660257935523987,1.3461720943450928
22,6408975,3FQL,MdrDBcore04105,P495L,-0.27,0.07631170749664307,0.5660257935523987,1.3461720943450928
22,6408975,3MDV,MdrDBcore04106,T306A,0.132,0.4568219780921936,0.5660257935523987,1.3461720943450928
22,6408975,3MDM,MdrDBcore04107,T306A,-1.062,-0.4250704348087311,0.5660257935523987,1.3461720943450928
22,6408975,3MDR,MdrDBcore04108,T306A,0.954,1.1596940755844116,0.5660257935523987,1.3461720943450928
22,6408975,3MDT,MdrDBcore04109,T306A,0.262,-0.2413552850484848,0.5660257935523987,1.3461720943450928
22,6408975,3MI3,MdrDBcore04110,E222Q,5.588,1.7405495643615723,0.5660257935523987,1.3461720943450928
22,6408975,3MI3,MdrDBcore04111,Q364R,3.292,1.7381926774978638,0.5660257935523987,1.3461720943450928
22,6408975,3MI3,MdrDBcore04112,R288K,2.995,1.738196849822998,0.5660257935523987,1.3461720943450928
22,6408975,3DGN,MdrDBcore04113,Y43F,1.133,0.36908838152885437,0.5660257935523987,1.3461720943450928
22,6408975,3DGL,MdrDBcore04114,Y43F,-0.195,0.3446950614452362,0.5660257935523987,1.3461720943450928
22,6408975,4CKI,MdrDBcore04115,A807V,0.512,0.21517682075500488,0.5660257935523987,1.3461720943450928
22,6408975,6VHG,MdrDBcore04116,A807V,0.619,0.8655653595924377,0.5660257935523987,1.3461720943450928
22,6408975,4CKI,MdrDBcore04117,A807V,-0.091,0.18377463519573212,0.5660257935523987,1.3461720943450928
22,6408975,4CKI,MdrDBcore04118,E732K,0.928,0.21816711127758026,0.5660257935523987,1.3461720943450928
22,6408975,6VHG,MdrDBcore04119,E732K,-0.102,1.0398736000061035,0.5660257935523987,1.3461720943450928
22,6408975,4CKI,MdrDBcore04120,E732K,0.115,0.5261223316192627,0.5660257935523987,1.3461720943450928
22,6408975,4CKI,MdrDBcore04121,F998V,0.667,0.3130967617034912,0.5660257935523987,1.3461720943450928
22,6408975,6VHG,MdrDBcore04122,F998V,0.901,1.0327619314193726,0.5660257935523987,1.3461720943450928
22,6408975,4CKI,MdrDBcore04123,F998V,0.0,0.15007802844047546,0.5660257935523987,1.3461720943450928
22,6408975,4CKI,MdrDBcore04124,G810A,-0.052,0.27858468890190125,0.5660257935523987,1.3461720943450928
22,6408975,6NEC,MdrDBcore04125,G810A,-0.324,1.0693490505218506,0.5660257935523987,1.3461720943450928
22,6408975,4CKI,MdrDBcore04126,G810A,-0.044,0.2989405691623688,0.5660257935523987,1.3461720943450928
22,6408975,4CKI,MdrDBcore04127,G810S,0.874,0.4382818937301636,0.5660257935523987,1.3461720943450928
22,6408975,6NEC,MdrDBcore04128,G810S,0.747,0.8037240505218506,0.5660257935523987,1.3461720943450928
22,6408975,4CKI,MdrDBcore04129,G810S,0.821,0.26488375663757324,0.5660257935523987,1.3461720943450928
22,6408975,6NJA,MdrDBcore04130,M918T,1.113,0.5135316848754883,0.5660257935523987,1.3461720943450928
22,6408975,6VHG,MdrDBcore04131,M918T,1.192,0.9096513390541077,0.5660257935523987,1.3461720943450928
22,6408975,2IVT,MdrDBcore04132,M918T,0.319,0.3649609088897705,0.5660257935523987,1.3461720943450928
22,6408975,4CKI,MdrDBcore04133,V738A,0.954,0.4425659477710724,0.5660257935523987,1.3461720943450928
22,6408975,6NEC,MdrDBcore04134,V738A,1.49,1.1072593927383423,0.5660257935523987,1.3461720943450928
22,6408975,4CKI,MdrDBcore04135,V738A,1.115,0.5060690641403198,0.5660257935523987,1.3461720943450928
22,6408975,4CKI,MdrDBcore04136,V804L,1.538,0.5664861798286438,0.5660257935523987,1.3461720943450928
22,6408975,6VHG,MdrDBcore04137,V804L,2.383,0.7768390774726868,0.5660257935523987,1.3461720943450928
22,6408975,4CKI,MdrDBcore04138,V804L,0.842,-0.12087379395961761,0.5660257935523987,1.3461720943450928
22,6408975,4CKI,MdrDBcore04139,V804M,1.704,0.23854483664035797,0.5660257935523987,1.3461720943450928
22,6408975,6VHG,MdrDBcore04140,V804M,1.985,0.9231536984443665,0.5660257935523987,1.3461720943450928
22,6408975,4CKI,MdrDBcore04141,V804M,1.076,0.22627659142017365,0.5660257935523987,1.3461720943450928
22,6408975,4CKI,MdrDBcore04142,V871I,0.886,0.4591066241264343,0.5660257935523987,1.3461720943450928
22,6408975,6NEC,MdrDBcore04143,V871I,0.597,1.0527706146240234,0.5660257935523987,1.3461720943450928
22,6408975,4CKI,MdrDBcore04144,V871I,0.149,0.2078319787979126,0.5660257935523987,1.3461720943450928
22,6408975,4CKI,MdrDBcore04145,Y806N,1.77,0.166408509016037,0.5660257935523987,1.3461720943450928
22,6408975,6NEC,MdrDBcore04146,Y806N,1.374,0.9025683403015137,0.5660257935523987,1.3461720943450928
22,6408975,4CKI,MdrDBcore04147,Y806N,1.109,0.3858916461467743,0.5660257935523987,1.3461720943450928
22,6408975,4WA9,MdrDBcore04148,D276G,0.179,-0.2124609351158142,0.5660257935523987,1.3461720943450928
22,6408975,4XEY,MdrDBcore04149,E255K,0.894,0.7433998584747314,0.5660257935523987,1.3461720943450928
22,6408975,4WA9,MdrDBcore04150,E255K,0.258,-0.21246086061000824,0.5660257935523987,1.3461720943450928
22,6408975,3UE4,MdrDBcore04151,E255K,0.557,0.5196899175643921,0.5660257935523987,1.3461720943450928
22,6408975,4XEY,MdrDBcore04152,E255V,1.014,0.7434000372886658,0.5660257935523987,1.3461720943450928
22,6408975,4WA9,MdrDBcore04153,E255V,0.298,-0.21246035397052765,0.5660257935523987,1.3461720943450928
22,6408975,3UE4,MdrDBcore04154,E255V,0.656,0.5523725748062134,0.5660257935523987,1.3461720943450928
22,6408975,4WA9,MdrDBcore04155,E279K,-0.03,-0.10368390381336212,0.5660257935523987,1.3461720943450928
22,6408975,4WA9,MdrDBcore04156,E292L,0.03,-0.21246059238910675,0.5660257935523987,1.3461720943450928
22,6408975,4XEY,MdrDBcore04157,E355A,0.239,0.7434000372886658,0.5660257935523987,1.3461720943450928
22,6408975,3UE4,MdrDBcore04158,E355A,0.02,0.5196892619132996,0.5660257935523987,1.3461720943450928
22,6408975,4XEY,MdrDBcore04159,E459K,0.407,0.7433999180793762,0.5660257935523987,1.3461720943450928
22,6408975,3UE4,MdrDBcore04160,E459K,0.348,0.5196897983551025,0.5660257935523987,1.3461720943450928
22,6408975,4XEY,MdrDBcore04161,F317C,1.849,0.6993208527565002,0.5660257935523987,1.3461720943450928
22,6408975,3UE4,MdrDBcore04162,F317C,0.497,0.5026087164878845,0.5660257935523987,1.3461720943450928
22,6408975,4XEY,MdrDBcore04163,F317I,1.779,0.693837583065033,0.5660257935523987,1.3461720943450928
22,6408975,3UE4,MdrDBcore04164,F317I,0.706,0.5261108875274658,0.5660257935523987,1.3461720943450928
22,6408975,4XEY,MdrDBcore04165,F317L,0.954,0.7197242379188538,0.5660257935523987,1.3461720943450928
22,6408975,4WA9,MdrDBcore04166,F317L,0.229,-0.19214598834514618,0.5660257935523987,1.3461720943450928
22,6408975,3UE4,MdrDBcore04167,F317L,0.089,0.5712226629257202,0.5660257935523987,1.3461720943450928
22,6408975,4WA9,MdrDBcore04168,F317R,0.268,0.0020393691956996918,0.5660257935523987,1.3461720943450928
22,6408975,4XEY,MdrDBcore04169,F317V,2.345,0.7101014256477356,0.5660257935523987,1.3461720943450928
22,6408975,4WA9,MdrDBcore04170,F317V,0.278,-0.26644906401634216,0.5660257935523987,1.3461720943450928
22,6408975,3UE4,MdrDBcore04171,F317V,1.709,0.551446795463562,0.5660257935523987,1.3461720943450928
22,6408975,4XEY,MdrDBcore04172,F359C,0.0,0.7434002757072449,0.5660257935523987,1.3461720943450928
22,6408975,3UE4,MdrDBcore04173,F359C,-0.01,0.5196902751922607,0.5660257935523987,1.3461720943450928
22,6408975,4XEY,MdrDBcore04174,F359I,0.239,0.7434001564979553,0.5660257935523987,1.3461720943450928
22,6408975,4WA9,MdrDBcore04175,F359I,0.099,-0.2124602347612381,0.5660257935523987,1.3461720943450928
22,6408975,3UE4,MdrDBcore04176,F359I,0.04,0.5196898579597473,0.5660257935523987,1.3461720943450928
22,6408975,4XEY,MdrDBcore04177,F359V,0.0,0.7434000968933105,0.5660257935523987,1.3461720943450928
22,6408975,4WA9,MdrDBcore04178,F359V,0.07,-0.21246084570884705,0.5660257935523987,1.3461720943450928
22,6408975,3UE4,MdrDBcore04179,F359V,-0.109,0.5196893811225891,0.5660257935523987,1.3461720943450928
22,6408975,4WA9,MdrDBcore04180,F486S,0.05,-0.21246038377285004,0.5660257935523987,1.3461720943450928
22,6408975,4XEY,MdrDBcore04181,G250E,0.407,0.7434002161026001,0.5660257935523987,1.3461720943450928
22,6408975,4WA9,MdrDBcore04182,G250E,0.268,-0.21246030926704407,0.5660257935523987,1.3461720943450928
22,6408975,3UE4,MdrDBcore04183,G250E,0.109,0.5196895599365234,0.5660257935523987,1.3461720943450928
22,6408975,4XEY,MdrDBcore04184,H396R,0.0,0.7434001564979553,0.5660257935523987,1.3461720943450928
22,6408975,4WA9,MdrDBcore04185,H396R,0.248,-0.21246060729026794,0.5660257935523987,1.3461720943450928
22,6408975,3UE4,MdrDBcore04186,H396R,-0.099,0.5196898579597473,0.5660257935523987,1.3461720943450928
22,6408975,4XEY,MdrDBcore04187,L248R,0.646,0.30151256918907166,0.5660257935523987,1.3461720943450928
22,6408975,4WA9,MdrDBcore04188,L248R,0.308,-0.11990803480148315,0.5660257935523987,1.3461720943450928
22,6408975,3UE4,MdrDBcore04189,L248R,1.491,0.40488338470458984,0.5660257935523987,1.3461720943450928
22,6408975,4XEY,MdrDBcore04190,L248V,0.547,0.818957507610321,0.5660257935523987,1.3461720943450928
22,6408975,4WA9,MdrDBcore04191,L248V,0.318,-0.22904756665229797,0.5660257935523987,1.3461720943450928
22,6408975,3UE4,MdrDBcore04192,L248V,0.557,0.5561327934265137,0.5660257935523987,1.3461720943450928
22,6408975,4WA9,MdrDBcore04193,L384M,0.06,-0.2124609351158142,0.5660257935523987,1.3461720943450928
22,6408975,4XEY,MdrDBcore04194,M244V,0.0,0.7433999180793762,0.5660257935523987,1.3461720943450928
22,6408975,4WA9,MdrDBcore04195,M244V,-0.109,-0.21246083080768585,0.5660257935523987,1.3461720943450928
22,6408975,3UE4,MdrDBcore04196,M244V,0.427,0.5196900963783264,0.5660257935523987,1.3461720943450928
22,6408975,4WA9,MdrDBcore04197,M343T,0.209,-0.21246135234832764,0.5660257935523987,1.3461720943450928
22,6408975,4XEY,MdrDBcore04198,M351T,0.0,0.7434001564979553,0.5660257935523987,1.3461720943450928
22,6408975,4WA9,MdrDBcore04199,M351T,-0.239,-0.21246008574962616,0.5660257935523987,1.3461720943450928
22,6408975,3UE4,MdrDBcore04200,M351T,0.189,0.5196897387504578,0.5660257935523987,1.3461720943450928
22,6408975,4WA9,MdrDBcore04201,Q252H,0.199,-0.21713653206825256,0.5660257935523987,1.3461720943450928
22,6408975,4XEY,MdrDBcore04202,T315A,2.008,0.5980172157287598,0.5660257935523987,1.3461720943450928
22,6408975,4WA9,MdrDBcore04203,T315A,-0.447,-0.03079921379685402,0.5660257935523987,1.3461720943450928
22,6408975,3UE4,MdrDBcore04204,T315A,0.318,0.554526150226593,0.5660257935523987,1.3461720943450928
22,6408975,4XEY,MdrDBcore04205,T315I,5.049,0.7304430603981018,0.5660257935523987,1.3461720943450928
22,6408975,4WA9,MdrDBcore04206,T315I,-1.262,-0.27387869358062744,0.5660257935523987,1.3461720943450928
22,6408975,3UE4,MdrDBcore04207,T315I,2.435,0.4468702971935272,0.5660257935523987,1.3461720943450928
22,6408975,4WA9,MdrDBcore04208,T315V,-1.719,-0.2598804235458374,0.5660257935523987,1.3461720943450928
22,6408975,4XEY,MdrDBcore04209,V299L,1.232,0.6907834410667419,0.5660257935523987,1.3461720943450928
22,6408975,4WA9,MdrDBcore04210,V299L,-0.875,-0.3429572284221649,0.5660257935523987,1.3461720943450928
22,6408975,3UE4,MdrDBcore04211,V299L,1.69,0.4387986660003662,0.5660257935523987,1.3461720943450928
22,6408975,4XEY,MdrDBcore04212,Y253F,0.239,0.7434000372886658,0.5660257935523987,1.3461720943450928
22,6408975,4WA9,MdrDBcore04213,Y253F,0.258,-0.2237832248210907,0.5660257935523987,1.3461720943450928
22,6408975,3UE4,MdrDBcore04214,Y253F,-0.338,0.5196892619132996,0.5660257935523987,1.3461720943450928
22,6408975,4WA9,MdrDBcore04215,Y253H,0.03,-0.4835396409034729,0.5660257935523987,1.3461720943450928
22,6408975,3OXZ,MdrDBcore04216,E255K,0.407,0.423782616853714,0.5660257935523987,1.3461720943450928
22,6408975,1OPJ,MdrDBcore04217,E255K,1.491,0.7979885339736938,0.5660257935523987,1.3461720943450928
22,6408975,3OXZ,MdrDBcore04218,E255V,0.994,0.4140145182609558,0.5660257935523987,1.3461720943450928
22,6408975,1OPJ,MdrDBcore04219,E255V,2.206,0.7979884147644043,0.5660257935523987,1.3461720943450928
22,6408975,3OXZ,MdrDBcore04220,E355A,0.507,0.42378243803977966,0.5660257935523987,1.3461720943450928
22,6408975,1OPJ,MdrDBcore04221,E355A,0.467,0.7979885339736938,0.5660257935523987,1.3461720943450928
22,6408975,3OXZ,MdrDBcore04222,E459K,0.298,0.42378267645835876,0.5660257935523987,1.3461720943450928
22,6408975,1OPJ,MdrDBcore04223,E459K,0.656,0.7979886531829834,0.5660257935523987,1.3461720943450928
22,6408975,3OXZ,MdrDBcore04224,F317C,0.0,0.50738126039505,0.5660257935523987,1.3461720943450928
22,6408975,1OPJ,MdrDBcore04225,F317C,0.278,0.7826738357543945,0.5660257935523987,1.3461720943450928
22,6408975,3OXZ,MdrDBcore04226,F317I,0.507,0.3915569484233856,0.5660257935523987,1.3461720943450928
22,6408975,1OPJ,MdrDBcore04227,F317I,0.169,0.7860126495361328,0.5660257935523987,1.3461720943450928
22,6408975,3OXZ,MdrDBcore04228,F317L,0.169,0.41850200295448303,0.5660257935523987,1.3461720943450928
22,6408975,1OPJ,MdrDBcore04229,F317L,0.716,0.7840546369552612,0.5660257935523987,1.3461720943450928
22,6408975,3OXZ,MdrDBcore04230,F317V,0.716,0.36618149280548096,0.5660257935523987,1.3461720943450928
22,6408975,1OPJ,MdrDBcore04231,F317V,0.964,0.7770625948905945,0.5660257935523987,1.3461720943450928
22,6408975,3OXZ,MdrDBcore04232,F359C,0.407,0.5568152666091919,0.5660257935523987,1.3461720943450928
22,6408975,1OPJ,MdrDBcore04233,F359C,0.765,0.7984206080436707,0.5660257935523987,1.3461720943450928
22,6408975,3OXZ,MdrDBcore04234,F359I,0.765,0.5433128476142883,0.5660257935523987,1.3461720943450928
22,6408975,1OPJ,MdrDBcore04235,F359I,0.278,0.7706860899925232,0.5660257935523987,1.3461720943450928
22,6408975,3OXZ,MdrDBcore04236,F359V,0.169,0.5027070641517639,0.5660257935523987,1.3461720943450928
22,6408975,1OPJ,MdrDBcore04237,F359V,0.318,0.7705574631690979,0.5660257935523987,1.3461720943450928
22,6408975,3OXZ,MdrDBcore04238,G250E,0.298,0.42378178238868713,0.5660257935523987,1.3461720943450928
22,6408975,1OPJ,MdrDBcore04239,G250E,1.004,0.7979885935783386,0.5660257935523987,1.3461720943450928
22,6408975,3OXZ,MdrDBcore04240,H396R,0.169,0.4237827956676483,0.5660257935523987,1.3461720943450928
22,6408975,1OPJ,MdrDBcore04241,H396R,0.398,0.7979885339736938,0.5660257935523987,1.3461720943450928
22,6408975,3OXZ,MdrDBcore04242,L248R,0.576,0.5830782651901245,0.5660257935523987,1.3461720943450928
22,6408975,1OPJ,MdrDBcore04243,L248R,2.316,0.4854392409324646,0.5660257935523987,1.3461720943450928
22,6408975,3OXZ,MdrDBcore04244,L248V,0.169,0.40258172154426575,0.5660257935523987,1.3461720943450928
22,6408975,1OPJ,MdrDBcore04245,L248V,0.636,0.7886741757392883,0.5660257935523987,1.3461720943450928
22,6408975,3OXZ,MdrDBcore04246,M244V,0.0,0.4237823188304901,0.5660257935523987,1.3461720943450928
22,6408975,1OPJ,MdrDBcore04247,M244V,0.209,0.3748321533203125,0.5660257935523987,1.3461720943450928
22,6408975,3OXZ,MdrDBcore04248,M351T,0.169,0.4240095317363739,0.5660257935523987,1.3461720943450928
22,6408975,1OPJ,MdrDBcore04249,M351T,0.417,0.8541284203529358,0.5660257935523987,1.3461720943450928
22,6408975,3OXZ,MdrDBcore04250,T315A,0.169,0.41009366512298584,0.5660257935523987,1.3461720943450928
22,6408975,1OPJ,MdrDBcore04251,T315A,0.507,0.7680044174194336,0.5660257935523987,1.3461720943450928
22,6408975,3OXZ,MdrDBcore04252,T315I,0.407,0.3932850658893585,0.5660257935523987,1.3461720943450928
22,6408975,1OPJ,MdrDBcore04253,T315I,2.306,0.7743529677391052,0.5660257935523987,1.3461720943450928
22,6408975,3OXZ,MdrDBcore04254,V299L,0.169,0.46124207973480225,0.5660257935523987,1.3461720943450928
22,6408975,1OPJ,MdrDBcore04255,V299L,0.229,0.7324317097663879,0.5660257935523987,1.3461720943450928
22,6408975,3OXZ,MdrDBcore04256,Y253F,0.298,0.3119260370731354,0.5660257935523987,1.3461720943450928
22,6408975,1OPJ,MdrDBcore04257,Y253F,1.888,0.7984538674354553,0.5660257935523987,1.3461720943450928
22,6408975,3CS9,MdrDBcore04258,E255K,1.262,0.25891193747520447,0.5660257935523987,1.3461720943450928
22,6408975,3CS9,MdrDBcore04259,E255V,2.345,0.6533995866775513,0.5660257935523987,1.3461720943450928
22,6408975,3CS9,MdrDBcore04260,E355A,0.109,0.6534006595611572,0.5660257935523987,1.3461720943450928
22,6408975,3CS9,MdrDBcore04261,E459K,0.547,0.6533999443054199,0.5660257935523987,1.3461720943450928
22,6408975,3CS9,MdrDBcore04262,F317C,0.04,0.6744821071624756,0.5660257935523987,1.3461720943450928
22,6408975,3CS9,MdrDBcore04263,F317I,0.298,0.5834121108055115,0.5660257935523987,1.3461720943450928
22,6408975,3CS9,MdrDBcore04264,F317L,0.199,0.5905522704124451,0.5660257935523987,1.3461720943450928
22,6408975,3CS9,MdrDBcore04265,F317V,0.328,0.6064311265945435,0.5660257935523987,1.3461720943450928
22,6408975,3CS9,MdrDBcore04266,F359C,0.676,0.6875883936882019,0.5660257935523987,1.3461720943450928
22,6408975,3CS9,MdrDBcore04267,F359I,0.855,0.687588632106781,0.5660257935523987,1.3461720943450928
22,6408975,3CS9,MdrDBcore04268,F359V,0.596,0.6875888705253601,0.5660257935523987,1.3461720943450928
22,6408975,3CS9,MdrDBcore04269,G250E,0.596,0.6533994078636169,0.5660257935523987,1.3461720943450928
22,6408975,3CS9,MdrDBcore04270,H396R,0.248,0.6534007787704468,0.5660257935523987,1.3461720943450928
22,6408975,3CS9,MdrDBcore04271,L248R,2.137,1.1606557369232178,0.5660257935523987,1.3461720943450928
22,6408975,3CS9,MdrDBcore04272,L248V,0.328,0.6524437665939331,0.5660257935523987,1.3461720943450928
22,6408975,3CS9,MdrDBcore04273,M244V,-0.129,0.6534001231193542,0.5660257935523987,1.3461720943450928
22,6408975,3CS9,MdrDBcore04274,M351T,0.0,0.6534004211425781,0.5660257935523987,1.3461720943450928
22,6408975,3CS9,MdrDBcore04275,T315A,0.716,0.6729885339736938,0.5660257935523987,1.3461720943450928
22,6408975,3CS9,MdrDBcore04276,T315I,3.727,0.5860187411308289,0.5660257935523987,1.3461720943450928
22,6408975,3CS9,MdrDBcore04277,V299L,0.278,0.6341174840927124,0.5660257935523987,1.3461720943450928
22,6408975,3CS9,MdrDBcore04278,Y253F,1.471,0.6147350668907166,0.5660257935523987,1.3461720943450928
22,6408975,DOK1,MdrDBcore04279,E255K,-0.109,0.0672706812620163,0.5660257935523987,1.3461720943450928
22,6408975,DOK2,MdrDBcore04280,E255K,-0.109,0.6327326893806458,0.5660257935523987,1.3461720943450928
22,6408975,DOK1,MdrDBcore04281,F317I,1.57,0.03548074886202812,0.5660257935523987,1.3461720943450928
22,6408975,DOK2,MdrDBcore04282,F317I,1.342,0.6215642690658569,0.5660257935523987,1.3461720943450928
22,6408975,DOK1,MdrDBcore04283,F317L,0.398,0.04851650074124336,0.5660257935523987,1.3461720943450928
22,6408975,DOK2,MdrDBcore04284,F317L,0.288,0.6111807823181152,0.5660257935523987,1.3461720943450928
22,6408975,DOK1,MdrDBcore04285,M351T,-0.08,0.06727108359336853,0.5660257935523987,1.3461720943450928
22,6408975,DOK2,MdrDBcore04286,M351T,0.05,0.6327329277992249,0.5660257935523987,1.3461720943450928
22,6408975,DOK1,MdrDBcore04287,Q252H,-0.129,-0.36260786652565,0.5660257935523987,1.3461720943450928
22,6408975,DOK2,MdrDBcore04288,Q252H,-0.437,0.1894889771938324,0.5660257935523987,1.3461720943450928
22,6408975,DOK1,MdrDBcore04289,T315I,-0.149,0.09764757752418518,0.5660257935523987,1.3461720943450928
22,6408975,DOK1,MdrDBcore04290,Y253F,0.0,0.06727120280265808,0.5660257935523987,1.3461720943450928
22,6408975,DOK2,MdrDBcore04291,Y253F,-0.169,0.6327325105667114,0.5660257935523987,1.3461720943450928
