Run,Seed,SAMPLE_PDB_ID,SAMPLE_ID,MUTATION,True_DDG.EXP,Pred_DDG.EXP,ALL_Pearson,Best_Val_RMSE
4,540315,6A2K,MdrDBcore00000,A16C+S108T,2.42,0.7914144396781921,0.3011261522769928,1.3786202669143677
4,540315,3UM8,MdrDBcore00001,A16C+S108T,-0.41,0.41963720321655273,0.3011261522769928,1.3786202669143677
4,540315,6A2K,MdrDBcore00002,A16G+S108T,2.64,0.8837379217147827,0.3011261522769928,1.3786202669143677
4,540315,6A2K,MdrDBcore00003,A16G+S108T,0.31,0.4421156346797943,0.3011261522769928,1.3786202669143677
4,540315,6A2K,MdrDBcore00004,A16S+S108T,3.65,0.6769712567329407,0.3011261522769928,1.3786202669143677
4,540315,6A2K,MdrDBcore00005,A16S+S108T,0.31,-0.18251246213912964,0.3011261522769928,1.3786202669143677
4,540315,6A2K,MdrDBcore00006,A16T+S108T,4.13,0.5895318388938904,0.3011261522769928,1.3786202669143677
4,540315,6A2K,MdrDBcore00007,A16T+S108T,0.24,0.4551263749599457,0.3011261522769928,1.3786202669143677
4,540315,6A2K,MdrDBcore00008,A16V+S108T,4.09,0.6761821508407593,0.3011261522769928,1.3786202669143677
4,540315,6A2K,MdrDBcore00009,A16V+S108T,0.0,0.42751654982566833,0.3011261522769928,1.3786202669143677
4,540315,6A2K,MdrDBcore00010,C59R+S108N,1.81,0.7500832080841064,0.3011261522769928,1.3786202669143677
4,540315,6A2K,MdrDBcore00011,C59R+S108N,2.32,-0.22329294681549072,0.3011261522769928,1.3786202669143677
4,540315,6A2K,MdrDBcore00012,N51I+C59R+S108N+I164L,4.02,0.7604004144668579,0.3011261522769928,1.3786202669143677
4,540315,3UM8,MdrDBcore00013,N51I+C59R+S108N+I164L,4.32,0.4533754885196686,0.3011261522769928,1.3786202669143677
4,540315,5FED,MdrDBcore00014,G719S+T790M,-0.56,-0.13395287096500397,0.3011261522769928,1.3786202669143677
4,540315,5FED,MdrDBcore00015,L858R+T790M,-0.7,-0.11543247103691101,0.3011261522769928,1.3786202669143677
4,540315,5I3U,MdrDBcore00016,A98G+G190A,0.47,0.23192960023880005,0.3011261522769928,1.3786202669143677
4,540315,5I3U,MdrDBcore00017,A98G+G190A,0.59,0.12505382299423218,0.3011261522769928,1.3786202669143677
4,540315,5I3U,MdrDBcore00018,A98G+Y181C,1.52,0.26909080147743225,0.3011261522769928,1.3786202669143677
4,540315,5I3U,MdrDBcore00019,A98G+Y181C,1.13,0.15709394216537476,0.3011261522769928,1.3786202669143677
4,540315,5I3U,MdrDBcore00020,E138K+M184I,0.96,0.32795974612236023,0.3011261522769928,1.3786202669143677
4,540315,5I3U,MdrDBcore00021,E138K+M184I,0.9,0.44754061102867126,0.3011261522769928,1.3786202669143677
4,540315,5I3U,MdrDBcore00022,E138K+M184V,0.78,0.07796363532543182,0.3011261522769928,1.3786202669143677
4,540315,5I3U,MdrDBcore00023,E138K+M184V,0.65,0.09376072883605957,0.3011261522769928,1.3786202669143677
4,540315,5I3U,MdrDBcore00024,K101E+G190A,0.65,0.13348083198070526,0.3011261522769928,1.3786202669143677
4,540315,5I3U,MdrDBcore00025,K101E+G190A,1.03,0.21912822127342224,0.3011261522769928,1.3786202669143677
4,540315,5I3U,MdrDBcore00026,K101E+G190S,0.35,0.19266274571418762,0.3011261522769928,1.3786202669143677
4,540315,5I3U,MdrDBcore00027,K101E+G190S,0.32,0.5601456165313721,0.3011261522769928,1.3786202669143677
4,540315,5I3U,MdrDBcore00028,K101E+Y181C,1.34,0.1622147113084793,0.3011261522769928,1.3786202669143677
4,540315,5I3U,MdrDBcore00029,K101E+Y181C,1.18,0.26537325978279114,0.3011261522769928,1.3786202669143677
4,540315,5I3U,MdrDBcore00030,K101H+G190A,0.69,0.04670723155140877,0.3011261522769928,1.3786202669143677
4,540315,5I3U,MdrDBcore00031,K101H+G190A,0.75,0.10008224844932556,0.3011261522769928,1.3786202669143677
4,540315,5I3U,MdrDBcore00032,K101H+Y181C,1.29,0.18564341962337494,0.3011261522769928,1.3786202669143677
4,540315,5I3U,MdrDBcore00033,K101H+Y181C,1.19,0.08825644850730896,0.3011261522769928,1.3786202669143677
4,540315,1S6Q,MdrDBcore00034,K103N+P225H,0.8,0.10005718469619751,0.3011261522769928,1.3786202669143677
4,540315,1S6Q,MdrDBcore00035,K103N+P225H,0.16,0.2557609975337982,0.3011261522769928,1.3786202669143677
4,540315,5I3U,MdrDBcore00036,V106M+F227L,0.06,0.12906886637210846,0.3011261522769928,1.3786202669143677
4,540315,5I3U,MdrDBcore00037,V106M+F227L,-0.55,0.07920753955841064,0.3011261522769928,1.3786202669143677
4,540315,5I3U,MdrDBcore00038,V106M+V179D,1.03,0.04309273138642311,0.3011261522769928,1.3786202669143677
4,540315,5I3U,MdrDBcore00039,V106M+V179D,0.52,0.15122289955615997,0.3011261522769928,1.3786202669143677
4,540315,5I3U,MdrDBcore00040,V179F+Y181C,1.13,0.15055300295352936,0.3011261522769928,1.3786202669143677
4,540315,5I3U,MdrDBcore00041,Y181C+G190A,0.92,0.15247614681720734,0.3011261522769928,1.3786202669143677
4,540315,5I3U,MdrDBcore00042,Y181C+G190A,0.57,0.06946070492267609,0.3011261522769928,1.3786202669143677
4,540315,5I3U,MdrDBcore00043,Y181C+G190S,1.98,0.16403402388095856,0.3011261522769928,1.3786202669143677
4,540315,5I3U,MdrDBcore00044,Y181C+G190S,1.09,0.06912225484848022,0.3011261522769928,1.3786202669143677
4,540315,1S6Q,MdrDBcore00045,Y181C+H221Y,1.82,0.7477391362190247,0.3011261522769928,1.3786202669143677
4,540315,1IKY,MdrDBcore00046,Y181C+H221Y,1.08,0.3270266652107239,0.3011261522769928,1.3786202669143677
4,540315,3BGB,MdrDBcore00047,G48V+L90M,1.42,0.3691967725753784,0.3011261522769928,1.3786202669143677
4,540315,3BGB,MdrDBcore00048,L10F+I50V,2.43,0.2495964765548706,0.3011261522769928,1.3786202669143677
4,540315,3BGB,MdrDBcore00049,L10F+I84V,1.78,0.189048171043396,0.3011261522769928,1.3786202669143677
4,540315,3BGB,MdrDBcore00050,V82F+I84V,2.73,0.41220998764038086,0.3011261522769928,1.3786202669143677
4,540315,3LEP,MdrDBcore00051,S302R+C303D,1.91,-0.013089664280414581,0.3011261522769928,1.3786202669143677
4,540315,3UM8,MdrDBcore00052,A16C,0.07,0.6849715709686279,0.3011261522769928,1.3786202669143677
4,540315,3QGT,MdrDBcore00053,A16C,0.17,0.6474550366401672,0.3011261522769928,1.3786202669143677
4,540315,3UM8,MdrDBcore00054,A16G,0.74,0.6835805177688599,0.3011261522769928,1.3786202669143677
4,540315,3QGT,MdrDBcore00055,A16G,0.5,0.6301764845848083,0.3011261522769928,1.3786202669143677
4,540315,3UM8,MdrDBcore00056,A16S,2.63,0.6797471642494202,0.3011261522769928,1.3786202669143677
4,540315,3QGT,MdrDBcore00057,A16S,1.79,0.6318188309669495,0.3011261522769928,1.3786202669143677
4,540315,3UM8,MdrDBcore00058,S108N,1.25,0.7022358179092407,0.3011261522769928,1.3786202669143677
4,540315,3QGT,MdrDBcore00059,S108N,1.88,0.6467177867889404,0.3011261522769928,1.3786202669143677
4,540315,3UM8,MdrDBcore00060,S108T,0.64,0.6955458521842957,0.3011261522769928,1.3786202669143677
4,540315,3QGT,MdrDBcore00061,S108T,0.0,0.6453262567520142,0.3011261522769928,1.3786202669143677
4,540315,2GQG,MdrDBcore00062,E255K,1.16,0.4878762662410736,0.3011261522769928,1.3786202669143677
4,540315,3CS9,MdrDBcore00063,E255K,1.63,0.2076815664768219,0.3011261522769928,1.3786202669143677
4,540315,2GQG,MdrDBcore00064,E255V,1.56,0.48787644505500793,0.3011261522769928,1.3786202669143677
4,540315,3CS9,MdrDBcore00065,E255V,2.09,0.2076815664768219,0.3011261522769928,1.3786202669143677
4,540315,2GQG,MdrDBcore00066,E355G,0.48,0.48787644505500793,0.3011261522769928,1.3786202669143677
4,540315,2GQG,MdrDBcore00067,F311L,0.29,0.48787644505500793,0.3011261522769928,1.3786202669143677
4,540315,3CS9,MdrDBcore00068,F311L,0.34,0.2076815664768219,0.3011261522769928,1.3786202669143677
4,540315,2GQG,MdrDBcore00069,F317L,1.33,0.4602321684360504,0.3011261522769928,1.3786202669143677
4,540315,3CS9,MdrDBcore00070,F317L,0.8,0.18777421116828918,0.3011261522769928,1.3786202669143677
4,540315,2GQG,MdrDBcore00071,F317V,2.5,0.44694504141807556,0.3011261522769928,1.3786202669143677
4,540315,2GQG,MdrDBcore00072,F359V,0.6,0.48787638545036316,0.3011261522769928,1.3786202669143677
4,540315,3CS9,MdrDBcore00073,F359V,1.55,0.17726227641105652,0.3011261522769928,1.3786202669143677
4,540315,2GQG,MdrDBcore00074,G250E,0.48,0.48787644505500793,0.3011261522769928,1.3786202669143677
4,540315,3CS9,MdrDBcore00075,G250E,0.78,0.2076815664768219,0.3011261522769928,1.3786202669143677
4,540315,2GQG,MdrDBcore00076,H396P,-0.17,0.4739891588687897,0.3011261522769928,1.3786202669143677
4,540315,3CS9,MdrDBcore00077,H396P,0.68,0.2076815366744995,0.3011261522769928,1.3786202669143677
4,540315,2GQG,MdrDBcore00078,H396R,0.29,0.47284576296806335,0.3011261522769928,1.3786202669143677
4,540315,3CS9,MdrDBcore00079,H396R,0.68,0.2076815366744995,0.3011261522769928,1.3786202669143677
4,540315,2GQG,MdrDBcore00080,L387M,0.55,0.48787638545036316,0.3011261522769928,1.3786202669143677
4,540315,3CS9,MdrDBcore00081,L387M,0.79,0.2076815664768219,0.3011261522769928,1.3786202669143677
4,540315,2GQG,MdrDBcore00082,M244V,0.29,0.4878763258457184,0.3011261522769928,1.3786202669143677
4,540315,3CS9,MdrDBcore00083,M244V,0.64,0.20768150687217712,0.3011261522769928,1.3786202669143677
4,540315,2GQG,MdrDBcore00084,M351T,0.19,0.48787644505500793,0.3011261522769928,1.3786202669143677
4,540315,3CS9,MdrDBcore00085,M351T,0.09,0.2076815962791443,0.3011261522769928,1.3786202669143677
4,540315,2GQG,MdrDBcore00086,Q252H,0.86,0.4878762662410736,0.3011261522769928,1.3786202669143677
4,540315,3CS9,MdrDBcore00087,Q252H,1.0,0.2076815962791443,0.3011261522769928,1.3786202669143677
4,540315,2GQG,MdrDBcore00088,T315A,3.01,0.4584949314594269,0.3011261522769928,1.3786202669143677
4,540315,3CS9,MdrDBcore00089,T315A,0.92,0.1548333764076233,0.3011261522769928,1.3786202669143677
4,540315,2GQG,MdrDBcore00090,T315I,3.29,0.5104190707206726,0.3011261522769928,1.3786202669143677
4,540315,3CS9,MdrDBcore00091,T315I,3.0,0.2588801681995392,0.3011261522769928,1.3786202669143677
4,540315,2GQG,MdrDBcore00092,V299L,1.86,0.4998506009578705,0.3011261522769928,1.3786202669143677
4,540315,2GQG,MdrDBcore00093,V379I,0.0,0.48787638545036316,0.3011261522769928,1.3786202669143677
4,540315,3CS9,MdrDBcore00094,V379I,0.81,0.2071375846862793,0.3011261522769928,1.3786202669143677
4,540315,2GQG,MdrDBcore00095,Y253F,0.33,0.478394478559494,0.3011261522769928,1.3786202669143677
4,540315,3CS9,MdrDBcore00096,Y253F,1.35,0.2124219536781311,0.3011261522769928,1.3786202669143677
4,540315,2GQG,MdrDBcore00097,Y253H,0.29,0.4635186493396759,0.3011261522769928,1.3786202669143677
4,540315,3CS9,MdrDBcore00098,Y253H,2.11,0.18321537971496582,0.3011261522769928,1.3786202669143677
4,540315,5CAN,MdrDBcore00099,G719S,0.48,-0.004853848367929459,0.3011261522769928,1.3786202669143677
4,540315,6D8E,MdrDBcore00100,L858R,-1.6,-0.13042540848255157,0.3011261522769928,1.3786202669143677
4,540315,2ITY,MdrDBcore00101,T790M,-1.21,-0.11324763298034668,0.3011261522769928,1.3786202669143677
4,540315,2ZD1,MdrDBcore00102,A98G,0.24,0.4450027048587799,0.3011261522769928,1.3786202669143677
4,540315,2ZD1,MdrDBcore00103,A98G,0.41,0.4450027048587799,0.3011261522769928,1.3786202669143677
4,540315,2ZD1,MdrDBcore00104,E138A,0.57,0.44500258564949036,0.3011261522769928,1.3786202669143677
4,540315,2ZD1,MdrDBcore00105,E138A,0.32,0.4450025260448456,0.3011261522769928,1.3786202669143677
4,540315,2ZD1,MdrDBcore00106,E138G,0.88,0.44500258564949036,0.3011261522769928,1.3786202669143677
4,540315,2ZD1,MdrDBcore00107,E138G,0.61,0.44500258564949036,0.3011261522769928,1.3786202669143677
4,540315,2ZD1,MdrDBcore00108,E138K,0.78,0.44500258564949036,0.3011261522769928,1.3786202669143677
4,540315,2ZD1,MdrDBcore00109,E138K,0.81,0.44500258564949036,0.3011261522769928,1.3786202669143677
4,540315,2ZD1,MdrDBcore00110,E138Q,1.5,0.4450027048587799,0.3011261522769928,1.3786202669143677
4,540315,2ZD1,MdrDBcore00111,E138Q,1.17,0.44500258564949036,0.3011261522769928,1.3786202669143677
4,540315,2ZD1,MdrDBcore00112,E138R,1.47,0.44500258564949036,0.3011261522769928,1.3786202669143677
4,540315,2ZD1,MdrDBcore00113,E138R,1.14,0.44500258564949036,0.3011261522769928,1.3786202669143677
4,540315,2ZD1,MdrDBcore00114,F227C,0.76,0.46097078919410706,0.3011261522769928,1.3786202669143677
4,540315,2ZD1,MdrDBcore00115,F227C,0.84,0.46097078919410706,0.3011261522769928,1.3786202669143677
4,540315,2ZD1,MdrDBcore00116,G190A,-0.21,0.47375592589378357,0.3011261522769928,1.3786202669143677
4,540315,2ZD1,MdrDBcore00117,G190A,0.0,0.47375574707984924,0.3011261522769928,1.3786202669143677
4,540315,2ZD1,MdrDBcore00118,G190S,-0.41,0.470790833234787,0.3011261522769928,1.3786202669143677
4,540315,2ZD1,MdrDBcore00119,G190S,-1.37,0.470790833234787,0.3011261522769928,1.3786202669143677
4,540315,3TKW,MdrDBcore00120,G48V,2.01,0.34286829829216003,0.3011261522769928,1.3786202669143677
4,540315,2ZD1,MdrDBcore00121,H221Y,0.32,0.44500258564949036,0.3011261522769928,1.3786202669143677
4,540315,2ZD1,MdrDBcore00122,H221Y,0.28,0.44500258564949036,0.3011261522769928,1.3786202669143677
4,540315,3TKW,MdrDBcore00123,I50V,2.05,0.3560994565486908,0.3011261522769928,1.3786202669143677
4,540315,3TKW,MdrDBcore00124,I54M,0.61,0.34285029768943787,0.3011261522769928,1.3786202669143677
4,540315,3TKW,MdrDBcore00125,I54V,1.28,0.34285029768943787,0.3011261522769928,1.3786202669143677
4,540315,2ZD1,MdrDBcore00126,K101E,0.57,0.4558649957180023,0.3011261522769928,1.3786202669143677
4,540315,2ZD1,MdrDBcore00127,K101E,0.59,0.4558650553226471,0.3011261522769928,1.3786202669143677
4,540315,2ZD1,MdrDBcore00128,K101H,0.06,0.44995662569999695,0.3011261522769928,1.3786202669143677
4,540315,2ZD1,MdrDBcore00129,K101H,0.41,0.4499567449092865,0.3011261522769928,1.3786202669143677
4,540315,2ZD1,MdrDBcore00130,K101P,0.86,0.5156007409095764,0.3011261522769928,1.3786202669143677
4,540315,2ZD1,MdrDBcore00131,K101P,1.83,0.5156007409095764,0.3011261522769928,1.3786202669143677
4,540315,2ZD1,MdrDBcore00132,K103N,-0.13,0.48006126284599304,0.3011261522769928,1.3786202669143677
4,540315,2ZD1,MdrDBcore00133,K103N,0.0,0.4800611436367035,0.3011261522769928,1.3786202669143677
4,540315,2ZD1,MdrDBcore00134,K103S,0.32,0.4272438585758209,0.3011261522769928,1.3786202669143677
4,540315,2ZD1,MdrDBcore00135,K103S,0.32,0.4272438585758209,0.3011261522769928,1.3786202669143677
4,540315,2ZD1,MdrDBcore00136,L100I,0.41,0.475782185792923,0.3011261522769928,1.3786202669143677
4,540315,2ZD1,MdrDBcore00137,L100I,-0.21,0.4757821261882782,0.3011261522769928,1.3786202669143677
4,540315,2ZD1,MdrDBcore00138,M230I,1.29,0.44500264525413513,0.3011261522769928,1.3786202669143677
4,540315,2ZD1,MdrDBcore00139,M230I,1.03,0.4450027048587799,0.3011261522769928,1.3786202669143677
4,540315,2ZD1,MdrDBcore00140,M230L,1.35,0.4450027048587799,0.3011261522769928,1.3786202669143677
4,540315,2ZD1,MdrDBcore00141,M230L,1.15,0.44500264525413513,0.3011261522769928,1.3786202669143677
4,540315,2ZD1,MdrDBcore00142,P225H,-0.3,0.44112029671669006,0.3011261522769928,1.3786202669143677
4,540315,2ZD1,MdrDBcore00143,P225H,-0.55,0.44112035632133484,0.3011261522769928,1.3786202669143677
4,540315,2ZD1,MdrDBcore00144,V106A,0.11,0.4227586090564728,0.3011261522769928,1.3786202669143677
4,540315,2ZD1,MdrDBcore00145,V106A,-0.21,0.422758549451828,0.3011261522769928,1.3786202669143677
4,540315,2ZD1,MdrDBcore00146,V106I,-0.3,0.45463094115257263,0.3011261522769928,1.3786202669143677
4,540315,2ZD1,MdrDBcore00147,V106I,-0.41,0.4546310603618622,0.3011261522769928,1.3786202669143677
4,540315,2ZD1,MdrDBcore00148,V106M,0.28,0.5205460786819458,0.3011261522769928,1.3786202669143677
4,540315,2ZD1,MdrDBcore00149,V106M,0.0,0.5205461382865906,0.3011261522769928,1.3786202669143677
4,540315,2ZD1,MdrDBcore00150,V108I,-0.21,0.44500258564949036,0.3011261522769928,1.3786202669143677
4,540315,2ZD1,MdrDBcore00151,V108I,-0.3,0.4450027048587799,0.3011261522769928,1.3786202669143677
4,540315,2ZD1,MdrDBcore00152,V179D,0.28,0.44313183426856995,0.3011261522769928,1.3786202669143677
4,540315,2ZD1,MdrDBcore00153,V179D,0.0,0.44313183426856995,0.3011261522769928,1.3786202669143677
4,540315,2ZD1,MdrDBcore00154,V179L,-0.21,0.5024505257606506,0.3011261522769928,1.3786202669143677
4,540315,2ZD1,MdrDBcore00155,V179L,-0.41,0.5024505257606506,0.3011261522769928,1.3786202669143677
4,540315,2ZD1,MdrDBcore00156,V179T,0.06,0.4391869604587555,0.3011261522769928,1.3786202669143677
4,540315,2ZD1,MdrDBcore00157,V179T,0.11,0.43918707966804504,0.3011261522769928,1.3786202669143677
4,540315,2ZD1,MdrDBcore00158,V90I,0.16,0.4450025260448456,0.3011261522769928,1.3786202669143677
4,540315,2ZD1,MdrDBcore00159,V90I,0.11,0.4450027048587799,0.3011261522769928,1.3786202669143677
4,540315,2ZD1,MdrDBcore00160,Y181C,0.81,0.39978674054145813,0.3011261522769928,1.3786202669143677
4,540315,2ZD1,MdrDBcore00161,Y181C,0.11,0.39978665113449097,0.3011261522769928,1.3786202669143677
4,540315,2ZD1,MdrDBcore00162,Y181I,2.05,0.3983515202999115,0.3011261522769928,1.3786202669143677
4,540315,2ZD1,MdrDBcore00163,Y181I,2.05,0.3983515202999115,0.3011261522769928,1.3786202669143677
4,540315,2ZD1,MdrDBcore00164,Y181V,1.83,0.38715147972106934,0.3011261522769928,1.3786202669143677
4,540315,2ZD1,MdrDBcore00165,Y188C,-1.37,0.38306352496147156,0.3011261522769928,1.3786202669143677
4,540315,2ZD1,MdrDBcore00166,Y188C,-0.96,0.38306349515914917,0.3011261522769928,1.3786202669143677
4,540315,2ZD1,MdrDBcore00167,Y188H,-0.96,0.41116389632225037,0.3011261522769928,1.3786202669143677
4,540315,2ZD1,MdrDBcore00168,Y188H,-0.3,0.41116398572921753,0.3011261522769928,1.3786202669143677
4,540315,2ZD1,MdrDBcore00169,Y188L,0.63,0.3838082253932953,0.3011261522769928,1.3786202669143677
4,540315,2ZD1,MdrDBcore00170,Y188L,1.23,0.38380810618400574,0.3011261522769928,1.3786202669143677
4,540315,1FK9,MdrDBcore00171,A98G,0.76,0.2608519196510315,0.3011261522769928,1.3786202669143677
4,540315,1VRT,MdrDBcore00172,A98G,1.23,0.3995773494243622,0.3011261522769928,1.3786202669143677
4,540315,1FK9,MdrDBcore00173,E138A,0.16,0.2608518898487091,0.3011261522769928,1.3786202669143677
4,540315,1VRT,MdrDBcore00174,E138A,0.06,0.39957740902900696,0.3011261522769928,1.3786202669143677
4,540315,1FK9,MdrDBcore00175,E138G,0.32,0.2608518898487091,0.3011261522769928,1.3786202669143677
4,540315,1VRT,MdrDBcore00176,E138G,0.47,0.39957737922668457,0.3011261522769928,1.3786202669143677
4,540315,1FK9,MdrDBcore00177,E138K,0.59,0.26085183024406433,0.3011261522769928,1.3786202669143677
4,540315,1VRT,MdrDBcore00178,E138K,0.38,0.39957743883132935,0.3011261522769928,1.3786202669143677
4,540315,1FK9,MdrDBcore00179,E138Q,1.15,0.26085183024406433,0.3011261522769928,1.3786202669143677
4,540315,1VRT,MdrDBcore00180,E138Q,1.38,0.39957740902900696,0.3011261522769928,1.3786202669143677
4,540315,1FK9,MdrDBcore00181,E138R,0.92,0.2608519494533539,0.3011261522769928,1.3786202669143677
4,540315,1VRT,MdrDBcore00182,E138R,0.94,0.3995773494243622,0.3011261522769928,1.3786202669143677
4,540315,1FK9,MdrDBcore00183,F227C,0.97,0.23721563816070557,0.3011261522769928,1.3786202669143677
4,540315,1VRT,MdrDBcore00184,F227C,1.71,0.4202883541584015,0.3011261522769928,1.3786202669143677
4,540315,1FK9,MdrDBcore00185,G190A,1.21,0.2927495539188385,0.3011261522769928,1.3786202669143677
4,540315,1VRT,MdrDBcore00186,G190A,2.57,0.4114191234111786,0.3011261522769928,1.3786202669143677
4,540315,1FK9,MdrDBcore00187,G190S,2.3,0.36107853055000305,0.3011261522769928,1.3786202669143677
4,540315,1VRT,MdrDBcore00188,G190S,3.18,0.43323153257369995,0.3011261522769928,1.3786202669143677
4,540315,1HXB,MdrDBcore00189,G48V,3.01,0.38389793038368225,0.3011261522769928,1.3786202669143677
4,540315,1FK9,MdrDBcore00190,H221Y,0.41,0.26085180044174194,0.3011261522769928,1.3786202669143677
4,540315,1VRT,MdrDBcore00191,H221Y,0.88,0.39957740902900696,0.3011261522769928,1.3786202669143677
4,540315,1HXB,MdrDBcore00192,I47V,-0.41,0.38602718710899353,0.3011261522769928,1.3786202669143677
4,540315,1HXB,MdrDBcore00193,I50V,1.89,0.4003043472766876,0.3011261522769928,1.3786202669143677
4,540315,1HXB,MdrDBcore00194,I54M,0.95,0.388985276222229,0.3011261522769928,1.3786202669143677
4,540315,1HXB,MdrDBcore00195,I54V,1.61,0.388985276222229,0.3011261522769928,1.3786202669143677
4,540315,1HXB,MdrDBcore00196,I84V,1.68,0.4079555869102478,0.3011261522769928,1.3786202669143677
4,540315,1FK9,MdrDBcore00197,K101E,0.96,0.24516332149505615,0.3011261522769928,1.3786202669143677
4,540315,1VRT,MdrDBcore00198,K101E,1.46,0.3995511829853058,0.3011261522769928,1.3786202669143677
4,540315,1FK9,MdrDBcore00199,K101H,0.69,0.25192490220069885,0.3011261522769928,1.3786202669143677
4,540315,1VRT,MdrDBcore00200,K101H,1.18,0.3995562493801117,0.3011261522769928,1.3786202669143677
4,540315,1FK9,MdrDBcore00201,K101P,2.2,0.2993178367614746,0.3011261522769928,1.3786202669143677
4,540315,1FK9,MdrDBcore00202,K103N,1.94,0.33310410380363464,0.3011261522769928,1.3786202669143677
4,540315,1VRT,MdrDBcore00203,K103N,2.39,0.3989986181259155,0.3011261522769928,1.3786202669143677
4,540315,1FK9,MdrDBcore00204,K103S,1.58,0.24139854311943054,0.3011261522769928,1.3786202669143677
4,540315,1FK9,MdrDBcore00205,L100I,1.37,0.307970255613327,0.3011261522769928,1.3786202669143677
4,540315,1VRT,MdrDBcore00206,L100I,0.67,0.41304656863212585,0.3011261522769928,1.3786202669143677
4,540315,1HXB,MdrDBcore00207,L10F,0.33,0.388985276222229,0.3011261522769928,1.3786202669143677
4,540315,1HXB,MdrDBcore00208,L90M,0.59,0.3889852464199066,0.3011261522769928,1.3786202669143677
4,540315,1FK9,MdrDBcore00209,M230I,1.41,0.26085177063941956,0.3011261522769928,1.3786202669143677
4,540315,1VRT,MdrDBcore00210,M230I,1.64,0.3995773494243622,0.3011261522769928,1.3786202669143677
4,540315,1FK9,MdrDBcore00211,M230L,1.64,0.26085183024406433,0.3011261522769928,1.3786202669143677
4,540315,1HXB,MdrDBcore00212,M46I,0.0,0.3889852464199066,0.3011261522769928,1.3786202669143677
4,540315,1FK9,MdrDBcore00213,P225H,0.2,0.26085180044174194,0.3011261522769928,1.3786202669143677
4,540315,1VRT,MdrDBcore00214,P225H,0.41,0.39957743883132935,0.3011261522769928,1.3786202669143677
4,540315,1FK9,MdrDBcore00215,V106A,0.32,0.2561117708683014,0.3011261522769928,1.3786202669143677
4,540315,1VRT,MdrDBcore00216,V106A,2.48,0.44090214371681213,0.3011261522769928,1.3786202669143677
4,540315,1FK9,MdrDBcore00217,V106I,-0.3,0.2939007580280304,0.3011261522769928,1.3786202669143677
4,540315,1VRT,MdrDBcore00218,V106I,-0.21,0.43114161491394043,0.3011261522769928,1.3786202669143677
4,540315,1FK9,MdrDBcore00219,V106M,1.81,0.4361763596534729,0.3011261522769928,1.3786202669143677
4,540315,1VRT,MdrDBcore00220,V106M,2.05,0.5587919354438782,0.3011261522769928,1.3786202669143677
4,540315,1FK9,MdrDBcore00221,V108I,0.32,0.2608519196510315,0.3011261522769928,1.3786202669143677
4,540315,1VRT,MdrDBcore00222,V108I,0.65,0.39957737922668457,0.3011261522769928,1.3786202669143677
4,540315,1FK9,MdrDBcore00223,V179D,0.65,0.23273494839668274,0.3011261522769928,1.3786202669143677
4,540315,1VRT,MdrDBcore00224,V179D,0.16,0.3967682719230652,0.3011261522769928,1.3786202669143677
4,540315,1VRT,MdrDBcore00225,V179F,-1.37,0.43884652853012085,0.3011261522769928,1.3786202669143677
4,540315,1FK9,MdrDBcore00226,V179L,-0.55,0.30646756291389465,0.3011261522769928,1.3786202669143677
4,540315,1VRT,MdrDBcore00227,V179L,-0.3,0.3972161114215851,0.3011261522769928,1.3786202669143677
4,540315,1FK9,MdrDBcore00228,V179T,-0.21,0.24295392632484436,0.3011261522769928,1.3786202669143677
4,540315,1VRT,MdrDBcore00229,V179T,-0.13,0.3848872780799866,0.3011261522769928,1.3786202669143677
4,540315,1HXB,MdrDBcore00230,V32I,0.28,0.402881920337677,0.3011261522769928,1.3786202669143677
4,540315,1HXB,MdrDBcore00231,V82A,0.3,0.40457284450531006,0.3011261522769928,1.3786202669143677
4,540315,1HXB,MdrDBcore00232,V82I,1.18,0.38895687460899353,0.3011261522769928,1.3786202669143677
4,540315,1FK9,MdrDBcore00233,V90I,0.06,0.2608518600463867,0.3011261522769928,1.3786202669143677
4,540315,1VRT,MdrDBcore00234,V90I,0.16,0.39957740902900696,0.3011261522769928,1.3786202669143677
4,540315,1FK9,MdrDBcore00235,Y181C,0.65,0.26887238025665283,0.3011261522769928,1.3786202669143677
4,540315,1VRT,MdrDBcore00236,Y181C,3.03,0.3661825954914093,0.3011261522769928,1.3786202669143677
4,540315,1FK9,MdrDBcore00237,Y181I,0.06,0.2928644120693207,0.3011261522769928,1.3786202669143677
4,540315,1FK9,MdrDBcore00238,Y181V,0.47,0.25154611468315125,0.3011261522769928,1.3786202669143677
4,540315,1FK9,MdrDBcore00239,Y188C,0.78,0.2343357503414154,0.3011261522769928,1.3786202669143677
4,540315,1FK9,MdrDBcore00240,Y188H,0.9,0.22896704077720642,0.3011261522769928,1.3786202669143677
4,540315,1VRT,MdrDBcore00241,Y188H,0.47,0.3925563395023346,0.3011261522769928,1.3786202669143677
4,540315,1FK9,MdrDBcore00242,Y188L,2.8,0.2217356562614441,0.3011261522769928,1.3786202669143677
4,540315,1VRT,MdrDBcore00243,Y188L,3.7,0.3844815492630005,0.3011261522769928,1.3786202669143677
4,540315,1HPV,MdrDBcore00244,G48V,0.82,0.5157270431518555,0.3011261522769928,1.3786202669143677
4,540315,1HPV,MdrDBcore00245,I47V,-0.24,0.5153767466545105,0.3011261522769928,1.3786202669143677
4,540315,1HPV,MdrDBcore00246,I50V,2.48,0.5344800353050232,0.3011261522769928,1.3786202669143677
4,540315,1HPV,MdrDBcore00247,I84V,1.86,0.4809975326061249,0.3011261522769928,1.3786202669143677
4,540315,1HPV,MdrDBcore00248,L10F,-0.11,0.5157270431518555,0.3011261522769928,1.3786202669143677
4,540315,1HPV,MdrDBcore00249,L90M,0.65,0.5157268643379211,0.3011261522769928,1.3786202669143677
4,540315,1HPV,MdrDBcore00250,M46I,-0.41,0.5157269835472107,0.3011261522769928,1.3786202669143677
4,540315,1HPV,MdrDBcore00251,V82A,0.33,0.5260841250419617,0.3011261522769928,1.3786202669143677
4,540315,1HPV,MdrDBcore00252,V82I,0.71,0.49868664145469666,0.3011261522769928,1.3786202669143677
4,540315,1PWM,MdrDBcore00253,C303D,1.04,0.7698987126350403,0.3011261522769928,1.3786202669143677
4,540315,1PWM,MdrDBcore00254,F121P,0.29,0.7698989510536194,0.3011261522769928,1.3786202669143677
4,540315,1PWM,MdrDBcore00255,L300A,0.46,0.7698988318443298,0.3011261522769928,1.3786202669143677
4,540315,1PWM,MdrDBcore00256,L300P,1.88,0.7698989510536194,0.3011261522769928,1.3786202669143677
4,540315,1PWM,MdrDBcore00257,L301M,0.7,0.7698989510536194,0.3011261522769928,1.3786202669143677
4,540315,1PWM,MdrDBcore00258,T113Y,2.08,0.7698987722396851,0.3011261522769928,1.3786202669143677
4,540315,1PWM,MdrDBcore00259,V47I,0.14,0.7698988914489746,0.3011261522769928,1.3786202669143677
4,540315,1MUI,MdrDBcore00260,D30N,0.77,0.16708609461784363,0.3011261522769928,1.3786202669143677
4,540315,1MUI,MdrDBcore00261,L90M,-0.06,0.18484649062156677,0.3011261522769928,1.3786202669143677
4,540315,1MUI,MdrDBcore00262,N88D,-0.19,0.18484649062156677,0.3011261522769928,1.3786202669143677
4,540315,3B7E,MdrDBcore00263,E119A,4.25,0.4580133259296417,0.3011261522769928,1.3786202669143677
4,540315,3B7E,MdrDBcore00264,H274Y,0.55,0.5796918869018555,0.3011261522769928,1.3786202669143677
4,540315,3B7E,MdrDBcore00265,I117V,0.84,0.5691795945167542,0.3011261522769928,1.3786202669143677
4,540315,3B7E,MdrDBcore00266,K150N,0.11,0.5691796541213989,0.3011261522769928,1.3786202669143677
4,540315,3B7E,MdrDBcore00267,N294S,0.73,0.5309626460075378,0.3011261522769928,1.3786202669143677
4,540315,3B7E,MdrDBcore00268,V116A,2.08,0.5691797137260437,0.3011261522769928,1.3786202669143677
4,540315,3B7E,MdrDBcore00269,Y252H,0.16,0.5691796541213989,0.3011261522769928,1.3786202669143677
4,540315,1OHR,MdrDBcore00270,G48V,0.65,0.4162607789039612,0.3011261522769928,1.3786202669143677
4,540315,1OHR,MdrDBcore00271,I84V,1.2,0.42881864309310913,0.3011261522769928,1.3786202669143677
4,540315,1OHR,MdrDBcore00272,L90M,0.41,0.41624924540519714,0.3011261522769928,1.3786202669143677
4,540315,1OHR,MdrDBcore00273,V82A,0.86,0.4126589894294739,0.3011261522769928,1.3786202669143677
4,540315,1OHR,MdrDBcore00274,V82F,1.61,0.4358062148094177,0.3011261522769928,1.3786202669143677
4,540315,1OHR,MdrDBcore00275,V82I,1.7,0.4149152338504791,0.3011261522769928,1.3786202669143677
4,540315,3C4C,MdrDBcore00276,N486_P491delNVTAP,0.0,-0.36581775546073914,0.3011261522769928,1.3786202669143677
4,540315,3C4C,MdrDBcore00277,N486_P491delNVTAP,-2.23,-0.7122875452041626,0.3011261522769928,1.3786202669143677
4,540315,3EYL,MdrDBcore00278,E350delE,0.0,0.19666564464569092,0.3011261522769928,1.3786202669143677
4,540315,7MFD,MdrDBcore00279,V600E+I208V,0.0,0.17650488018989563,0.3011261522769928,1.3786202669143677
4,540315,7MFD,MdrDBcore00280,V600E+I208V,-1.42,-0.08938735723495483,0.3011261522769928,1.3786202669143677
4,540315,2FK3,MdrDBcore00281,D177N,0.476,0.41898080706596375,0.3011261522769928,1.3786202669143677
4,540315,3UMI,MdrDBcore00282,E462K,0.496,0.1006084680557251,0.3011261522769928,1.3786202669143677
4,540315,1TKN,MdrDBcore00283,E556G,-4.106,0.40404534339904785,0.3011261522769928,1.3786202669143677
4,540315,2FK3,MdrDBcore00284,F179S,-0.371,0.2301117479801178,0.3011261522769928,1.3786202669143677
4,540315,1TKN,MdrDBcore00285,K510N,0.496,0.2411157488822937,0.3011261522769928,1.3786202669143677
4,540315,3UMI,MdrDBcore00286,M406V,0.496,0.20555436611175537,0.3011261522769928,1.3786202669143677
4,540315,1TKN,MdrDBcore00287,N550K,0.496,0.313200980424881,0.3011261522769928,1.3786202669143677
4,540315,3MOQ,MdrDBcore00288,R100Q,-1.543,0.18994635343551636,0.3011261522769928,1.3786202669143677
4,540315,3MOQ,MdrDBcore00289,R102P,0.496,0.19190722703933716,0.3011261522769928,1.3786202669143677
4,540315,1TKN,MdrDBcore00290,R540H,0.496,0.4495721757411957,0.3011261522769928,1.3786202669143677
4,540315,1TKN,MdrDBcore00291,Y538H,0.496,0.3550237715244293,0.3011261522769928,1.3786202669143677
4,540315,6UAN,MdrDBcore00292,A728V,-2.513,0.033259522169828415,0.3011261522769928,1.3786202669143677
4,540315,6Q0T,MdrDBcore00293,A728V,-2.814,-0.10757066309452057,0.3011261522769928,1.3786202669143677
4,540315,6NYB,MdrDBcore00294,E275K,0.0,-0.09120407700538635,0.3011261522769928,1.3786202669143677
4,540315,6NYB,MdrDBcore00295,E275K,-2.313,-0.15288236737251282,0.3011261522769928,1.3786202669143677
4,540315,3C4C,MdrDBcore00296,G464E,-2.837,-0.23806822299957275,0.3011261522769928,1.3786202669143677
4,540315,3C4C,MdrDBcore00297,G466V,0.0,-0.08773986995220184,0.3011261522769928,1.3786202669143677
4,540315,3C4C,MdrDBcore00298,G466V,-2.766,-0.18769636750221252,0.3011261522769928,1.3786202669143677
4,540315,7M0X,MdrDBcore00299,K601N,-2.532,-0.31735607981681824,0.3011261522769928,1.3786202669143677
4,540315,7M0X,MdrDBcore00300,K601N,-2.948,-0.3615734279155731,0.3011261522769928,1.3786202669143677
4,540315,3C4C,MdrDBcore00301,L485W,0.0,-0.014280188828706741,0.3011261522769928,1.3786202669143677
4,540315,3C4C,MdrDBcore00302,L485W,-2.901,-0.20974576473236084,0.3011261522769928,1.3786202669143677
4,540315,7M0X,MdrDBcore00303,L597R,0.0,0.07465603947639465,0.3011261522769928,1.3786202669143677
4,540315,7M0X,MdrDBcore00304,L597R,0.154,-0.3975333273410797,0.3011261522769928,1.3786202669143677
4,540315,7M0X,MdrDBcore00305,L597V,-1.652,-0.10017909109592438,0.3011261522769928,1.3786202669143677
4,540315,7M0X,MdrDBcore00306,L597V,-1.444,-0.35386979579925537,0.3011261522769928,1.3786202669143677
4,540315,3C4C,MdrDBcore00307,M650I,0.0,0.026217486709356308,0.3011261522769928,1.3786202669143677
4,540315,3C4C,MdrDBcore00308,M650I,-0.593,-0.18701626360416412,0.3011261522769928,1.3786202669143677
4,540315,5VR3,MdrDBcore00309,P74A,0.0,-0.0635765939950943,0.3011261522769928,1.3786202669143677
4,540315,5VR3,MdrDBcore00310,P74A,-1.968,-0.3671175539493561,0.3011261522769928,1.3786202669143677
4,540315,3C4C,MdrDBcore00311,R682Q,0.0,-0.06907271593809128,0.3011261522769928,1.3786202669143677
4,540315,3C4C,MdrDBcore00312,R682Q,0.132,-0.20400108397006989,0.3011261522769928,1.3786202669143677
4,540315,6NYB,MdrDBcore00313,S273N,0.0,-0.05453820526599884,0.3011261522769928,1.3786202669143677
4,540315,7MFD,MdrDBcore00314,S273N,1.715,-0.1791304498910904,0.3011261522769928,1.3786202669143677
4,540315,3C4C,MdrDBcore00315,S683N,0.0,0.02541125938296318,0.3011261522769928,1.3786202669143677
4,540315,3C4C,MdrDBcore00316,S683N,-0.956,-0.19397123157978058,0.3011261522769928,1.3786202669143677
4,540315,5J18,MdrDBcore00317,V226M,0.0,0.06516700983047485,0.3011261522769928,1.3786202669143677
4,540315,3NY5,MdrDBcore00318,V226M,-2.284,0.15881173312664032,0.3011261522769928,1.3786202669143677
4,540315,7M0X,MdrDBcore00319,V600E,-2.583,-0.23255041241645813,0.3011261522769928,1.3786202669143677
4,540315,7M0X,MdrDBcore00320,V600E,-1.827,-0.3545587658882141,0.3011261522769928,1.3786202669143677
4,540315,3T6P,MdrDBcore00321,T591A,0.0,0.46764591336250305,0.3011261522769928,1.3786202669143677
4,540315,2YT2,MdrDBcore00322,A96T,-1.211,-0.24117626249790192,0.3011261522769928,1.3786202669143677
4,540315,7LRZ,MdrDBcore00323,C928Y,0.046,0.17590589821338654,0.3011261522769928,1.3786202669143677
4,540315,7LRZ,MdrDBcore00324,E949K,2.602,0.0428130216896534,0.3011261522769928,1.3786202669143677
4,540315,5IUG,MdrDBcore00325,F1174L,-1.911,-0.0627325028181076,0.3011261522769928,1.3786202669143677
4,540315,2YT2,MdrDBcore00326,G103R,2.602,-0.03481967747211456,0.3011261522769928,1.3786202669143677
4,540315,2YT2,MdrDBcore00327,G129V,2.412,0.035049159079790115,0.3011261522769928,1.3786202669143677
4,540315,7LRZ,MdrDBcore00328,G689R,0.792,0.22817900776863098,0.3011261522769928,1.3786202669143677
4,540315,7LRZ,MdrDBcore00329,G882C,2.602,0.062176261097192764,0.3011261522769928,1.3786202669143677
4,540315,7LRZ,MdrDBcore00330,G893R,-0.675,0.056508805602788925,0.3011261522769928,1.3786202669143677
4,540315,5IUG,MdrDBcore00331,N1353S,-1.515,0.2046554982662201,0.3011261522769928,1.3786202669143677
4,540315,7LRZ,MdrDBcore00332,N941S,-1.034,0.09089086949825287,0.3011261522769928,1.3786202669143677
4,540315,2YT2,MdrDBcore00333,R48C,0.105,0.11926113069057465,0.3011261522769928,1.3786202669143677
4,540315,7LRZ,MdrDBcore00334,R753Q,2.602,-0.040073614567518234,0.3011261522769928,1.3786202669143677
4,540315,7LRZ,MdrDBcore00335,R918I,2.602,0.09230729937553406,0.3011261522769928,1.3786202669143677
4,540315,7LRZ,MdrDBcore00336,S874F,0.005,-0.11375293135643005,0.3011261522769928,1.3786202669143677
4,540315,5IUI,MdrDBcore00337,T1090I,2.602,0.20444247126579285,0.3011261522769928,1.3786202669143677
4,540315,5IUG,MdrDBcore00338,T1312I,-2.067,0.21716085076332092,0.3011261522769928,1.3786202669143677
4,540315,5IUG,MdrDBcore00339,V1185M,-1.679,-0.05651051178574562,0.3011261522769928,1.3786202669143677
4,540315,2YT2,MdrDBcore00340,V132L,2.602,0.09256702661514282,0.3011261522769928,1.3786202669143677
4,540315,6TG1,MdrDBcore00341,E746_A750delELREA,-1.049,0.0892498791217804,0.3011261522769928,1.3786202669143677
4,540315,6TG1,MdrDBcore00342,E746_A750delELREA,-0.592,0.14669941365718842,0.3011261522769928,1.3786202669143677
4,540315,6TG1,MdrDBcore00343,E746_A750delELREA,-0.568,0.16146749258041382,0.3011261522769928,1.3786202669143677
4,540315,6TG1,MdrDBcore00344,E746_A750delELREA,-0.904,0.14508366584777832,0.3011261522769928,1.3786202669143677
4,540315,6TG1,MdrDBcore00345,E746_A750delELREA,-0.791,-0.07761012762784958,0.3011261522769928,1.3786202669143677
4,540315,4IBT,MdrDBcore00346,E286_E287delEE,-0.371,-0.34796565771102905,0.3011261522769928,1.3786202669143677
4,540315,4IBT,MdrDBcore00347,G108delG,-0.052,0.2821175456047058,0.3011261522769928,1.3786202669143677
4,540315,4IBT,MdrDBcore00348,G112_V122delGFLHSGTAKSV,-0.336,0.2495848834514618,0.3011261522769928,1.3786202669143677
4,540315,4IBT,MdrDBcore00349,H233delH,-0.768,0.11296078562736511,0.3011261522769928,1.3786202669143677
4,540315,4IBT,MdrDBcore00350,L188_P191delLAPP,-0.478,-0.38728073239326477,0.3011261522769928,1.3786202669143677
4,540315,4IBT,MdrDBcore00351,P191delP,0.38,-0.3773062527179718,0.3011261522769928,1.3786202669143677
4,540315,4IBT,MdrDBcore00352,Q192_H193delQH,0.184,0.2336362898349762,0.3011261522769928,1.3786202669143677
4,540315,3D07,MdrDBcore00353,R283delR,-0.416,-0.35928478837013245,0.3011261522769928,1.3786202669143677
4,540315,4IBT,MdrDBcore00354,S215delS,0.608,0.3657214641571045,0.3011261522769928,1.3786202669143677
4,540315,4IBT,MdrDBcore00355,V218delV,-0.068,0.096956267952919,0.3011261522769928,1.3786202669143677
4,540315,4IBT,MdrDBcore00356,Y103_R110delYQGSYGFR,-0.212,0.01828949525952339,0.3011261522769928,1.3786202669143677
4,540315,3C4C,MdrDBcore00357,N486_P490delNVTAP,-3.077,-0.07358525693416595,0.3011261522769928,1.3786202669143677
4,540315,3C4C,MdrDBcore00358,N486_P490delNVTAP,0.475,-0.11428483575582504,0.3011261522769928,1.3786202669143677
4,540315,3C4C,MdrDBcore00359,N486_P490delNVTAP,0.109,0.052181679755449295,0.3011261522769928,1.3786202669143677
4,540315,3C4C,MdrDBcore00360,N486_P490delNVTAP,-1.768,-0.008182570338249207,0.3011261522769928,1.3786202669143677
4,540315,7SA7,MdrDBcore00361,N200delN,-0.459,-0.1367688775062561,0.3011261522769928,1.3786202669143677
4,540315,7SA7,MdrDBcore00362,N200delN,-0.47,-0.057894956320524216,0.3011261522769928,1.3786202669143677
4,540315,7SA7,MdrDBcore00363,N200delN,-0.537,0.13625562191009521,0.3011261522769928,1.3786202669143677
4,540315,3EYL,MdrDBcore00364,E350delE,-0.165,0.20178577303886414,0.3011261522769928,1.3786202669143677
4,540315,4KJU,MdrDBcore00365,R182_Y190delRELASAGLY,-0.044,-0.25659996271133423,0.3011261522769928,1.3786202669143677
4,540315,5MYB,MdrDBcore00366,N618delN,1.251,0.17232951521873474,0.3011261522769928,1.3786202669143677
4,540315,1F16,MdrDBcore00367,R37_G39delRMG,1.483,0.16717417538166046,0.3011261522769928,1.3786202669143677
4,540315,6JN2,MdrDBcore00368,K521delK,-0.068,-0.07038042694330215,0.3011261522769928,1.3786202669143677
4,540315,6JN2,MdrDBcore00369,K521delK,-0.324,0.09967994689941406,0.3011261522769928,1.3786202669143677
4,540315,6JN2,MdrDBcore00370,K521delK,-0.046,0.21334019303321838,0.3011261522769928,1.3786202669143677
4,540315,5HXB,MdrDBcore00371,W224delW,-0.247,0.18348833918571472,0.3011261522769928,1.3786202669143677
4,540315,3C4C,MdrDBcore00372,V487_P492delinsA,-0.253,0.223638117313385,0.3011261522769928,1.3786202669143677
4,540315,7M0X,MdrDBcore00373,V487_P492delinsA,-0.914,-0.701765775680542,0.3011261522769928,1.3786202669143677
4,540315,3C4C,MdrDBcore00374,V487_P492delinsA,-0.501,0.21961325407028198,0.3011261522769928,1.3786202669143677
4,540315,3C4C,MdrDBcore00375,V487_P492delinsA,0.421,0.2972881495952606,0.3011261522769928,1.3786202669143677
4,540315,4IBT,MdrDBcore00376,N239_S240insN,-1.034,-0.3838823437690735,0.3011261522769928,1.3786202669143677
4,540315,4IBT,MdrDBcore00377,Q165_S166insYKQ,0.559,0.1066041886806488,0.3011261522769928,1.3786202669143677
4,540315,7M0X,MdrDBcore00378,T599_V600insT,-0.987,-0.5839530825614929,0.3011261522769928,1.3786202669143677
4,540315,7M0X,MdrDBcore00379,T599_V600insT,-0.185,-0.43055251240730286,0.3011261522769928,1.3786202669143677
4,540315,6Q0T,MdrDBcore00380,T599_V600insT,-0.167,0.03803094103932381,0.3011261522769928,1.3786202669143677
4,540315,7M0X,MdrDBcore00381,T599_V600insT,-0.306,-0.5637340545654297,0.3011261522769928,1.3786202669143677
4,540315,7M0X,MdrDBcore00382,T599_V600insT,-0.163,-0.3450813591480255,0.3011261522769928,1.3786202669143677
4,540315,6JQR,MdrDBcore00383,D600_L601insHVDFREYEYD,-5.319,-0.5120391249656677,0.3011261522769928,1.3786202669143677
4,540315,6TG1,MdrDBcore00384,A750P+L747_E749delLRE,-2.298,0.23859673738479614,0.3011261522769928,1.3786202669143677
4,540315,6TG1,MdrDBcore00385,A750P+L747_E749delLRE,-0.983,0.20267006754875183,0.3011261522769928,1.3786202669143677
4,540315,6TG1,MdrDBcore00386,A750P+L747_E749delLRE,-2.239,0.34671929478645325,0.3011261522769928,1.3786202669143677
4,540315,6TG1,MdrDBcore00387,A750P+L747_E749delLRE,-2.526,0.011319395154714584,0.3011261522769928,1.3786202669143677
4,540315,6TG1,MdrDBcore00388,A750P+L747_E749delLRE,-2.377,0.19310978055000305,0.3011261522769928,1.3786202669143677
4,540315,6TG1,MdrDBcore00389,A750P+L747_E749delLRE,-2.291,-0.009421322494745255,0.3011261522769928,1.3786202669143677
4,540315,4IBT,MdrDBcore00390,R267W+E171delE,0.39,0.1841936558485031,0.3011261522769928,1.3786202669143677
4,540315,3LCK,MdrDBcore00391,A353V+P447L+A500T+P232_W233insQKP,-1.484,-0.6848957538604736,0.3011261522769928,1.3786202669143677
4,540315,1RJB,MdrDBcore00392,Y599F+E598_Y599insFDFREYE,-5.386,-0.21455435454845428,0.3011261522769928,1.3786202669143677
4,540315,3EYL,MdrDBcore00393,E349D+E350delE,1.282,0.31508857011795044,0.3011261522769928,1.3786202669143677
4,540315,5T8F,MdrDBcore00394,A215V+S764N,1.434,-0.13933877646923065,0.3011261522769928,1.3786202669143677
4,540315,5T8F,MdrDBcore00395,A215V+S764N,-0.853,0.21516606211662292,0.3011261522769928,1.3786202669143677
4,540315,6G6W,MdrDBcore00396,A215V+S764N,1.506,0.15939250588417053,0.3011261522769928,1.3786202669143677
4,540315,6OCO,MdrDBcore00397,A215V+S764N,1.506,0.11667640507221222,0.3011261522769928,1.3786202669143677
4,540315,6G6W,MdrDBcore00398,A388T+R460H+S738N,0.415,0.3128293454647064,0.3011261522769928,1.3786202669143677
4,540315,6OCO,MdrDBcore00399,A388T+R460H+S738N,-0.528,0.2789227366447449,0.3011261522769928,1.3786202669143677
4,540315,6OCO,MdrDBcore00400,A388T+R460H+S738N,0.55,0.3092544674873352,0.3011261522769928,1.3786202669143677
4,540315,6OCO,MdrDBcore00401,A388T+R460H+S738N,0.143,0.11754930019378662,0.3011261522769928,1.3786202669143677
4,540315,6OCO,MdrDBcore00402,L725I+E1021K,0.395,-0.061540085822343826,0.3011261522769928,1.3786202669143677
4,540315,6G6W,MdrDBcore00403,L725I+E1021K,1.447,0.1918971836566925,0.3011261522769928,1.3786202669143677
4,540315,6OCO,MdrDBcore00404,L725I+E1021K,1.636,0.19391575455665588,0.3011261522769928,1.3786202669143677
4,540315,4ZYO,MdrDBcore00405,S198N+A267T,-1.229,0.11421549320220947,0.3011261522769928,1.3786202669143677
4,540315,7BG9,MdrDBcore00406,A801T+R743W+Q506A,0.006,0.3385499119758606,0.3011261522769928,1.3786202669143677
4,540315,7BG9,MdrDBcore00407,V746M+L520V,0.053,-0.2000439167022705,0.3011261522769928,1.3786202669143677
4,540315,4KIK,MdrDBcore00408,R526Q+M590I,-0.994,-0.6233136057853699,0.3011261522769928,1.3786202669143677
4,540315,4E3C,MdrDBcore00409,R526Q+M590I,1.672,0.256786048412323,0.3011261522769928,1.3786202669143677
4,540315,4E3C,MdrDBcore00410,S239T+D242N+R526Q,-1.441,-0.6469202637672424,0.3011261522769928,1.3786202669143677
4,540315,4E3C,MdrDBcore00411,S239T+D242N+R526Q,0.413,0.25570082664489746,0.3011261522769928,1.3786202669143677
4,540315,4Z32,MdrDBcore00412,D194N+D319N,-0.501,-0.48701027035713196,0.3011261522769928,1.3786202669143677
4,540315,6E2Q,MdrDBcore00413,D194N+D319N,0.217,0.20736682415008545,0.3011261522769928,1.3786202669143677
4,540315,2J5E,MdrDBcore00414,E866D+H988P,0.327,0.3210921287536621,0.3011261522769928,1.3786202669143677
4,540315,2J5E,MdrDBcore00415,E866D+H988P,0.441,0.7217594981193542,0.3011261522769928,1.3786202669143677
4,540315,2J5E,MdrDBcore00416,E866D+H988P,0.185,0.6247695684432983,0.3011261522769928,1.3786202669143677
4,540315,2J5E,MdrDBcore00417,E866D+H988P,-0.393,0.48277977108955383,0.3011261522769928,1.3786202669143677
4,540315,2J5E,MdrDBcore00418,E866D+H988P,-0.316,0.5663454532623291,0.3011261522769928,1.3786202669143677
4,540315,2J5E,MdrDBcore00419,T790M+L858R,0.397,0.4661653935909271,0.3011261522769928,1.3786202669143677
4,540315,6D8E,MdrDBcore00420,T790M+L858R,-0.105,0.16277098655700684,0.3011261522769928,1.3786202669143677
4,540315,6D8E,MdrDBcore00421,T790M+L858R,-0.07,-0.13501501083374023,0.3011261522769928,1.3786202669143677
4,540315,6D8E,MdrDBcore00422,T790M+L858R,-2.794,0.2998485565185547,0.3011261522769928,1.3786202669143677
4,540315,1XKK,MdrDBcore00423,T790M+L858R,-2.597,-0.03112243488430977,0.3011261522769928,1.3786202669143677
4,540315,5VQP,MdrDBcore00424,A221T+R218H,0.679,-0.09354381263256073,0.3011261522769928,1.3786202669143677
4,540315,6GFF,MdrDBcore00425,G307D+R296Q,0.447,0.03583841398358345,0.3011261522769928,1.3786202669143677
4,540315,6GFF,MdrDBcore00426,G307D+R296Q,-0.151,-0.021157968789339066,0.3011261522769928,1.3786202669143677
4,540315,5VQP,MdrDBcore00427,R141Q+E119K,0.463,0.1263047307729721,0.3011261522769928,1.3786202669143677
4,540315,7MN8,MdrDBcore00428,S335I+T479M,-0.249,0.1374479979276657,0.3011261522769928,1.3786202669143677
4,540315,7MN8,MdrDBcore00429,S413L+F425L+L436V,-3.293,-0.13870318233966827,0.3011261522769928,1.3786202669143677
4,540315,3Q01,MdrDBcore00430,A347P+G245C,-0.228,0.010433938354253769,0.3011261522769928,1.3786202669143677
4,540315,6XRE,MdrDBcore00431,C176F+Q16L,-0.362,0.5298457741737366,0.3011261522769928,1.3786202669143677
4,540315,4IBT,MdrDBcore00432,E258A+Y126D,0.002,-0.08195316791534424,0.3011261522769928,1.3786202669143677
4,540315,4IBT,MdrDBcore00433,E271A+R110L,0.318,-0.05580706521868706,0.3011261522769928,1.3786202669143677
4,540315,4IBT,MdrDBcore00434,E285K+G245V,0.363,-0.05780233070254326,0.3011261522769928,1.3786202669143677
4,540315,3Q01,MdrDBcore00435,E336A+I162N,0.081,0.06212872639298439,0.3011261522769928,1.3786202669143677
4,540315,3Q01,MdrDBcore00436,E339A+H179R,0.19,0.15464603900909424,0.3011261522769928,1.3786202669143677
4,540315,4IBT,MdrDBcore00437,G154V+S106R,0.171,-0.060534726828336716,0.3011261522769928,1.3786202669143677
4,540315,4IBT,MdrDBcore00438,G245S+M237K,0.035,-0.0943511426448822,0.3011261522769928,1.3786202669143677
4,540315,4IBT,MdrDBcore00439,H214R+E258A,-0.249,-0.30567795038223267,0.3011261522769928,1.3786202669143677
4,540315,4IBT,MdrDBcore00440,H214R+V147D,-0.345,0.010489467531442642,0.3011261522769928,1.3786202669143677
4,540315,4IBT,MdrDBcore00441,I232N+P152L,-2.145,0.04662149026989937,0.3011261522769928,1.3786202669143677
4,540315,6XRE,MdrDBcore00442,K320N+E271K,0.84,0.40051257610321045,0.3011261522769928,1.3786202669143677
4,540315,4IBT,MdrDBcore00443,N239D+R158H,-1.324,-0.12047122418880463,0.3011261522769928,1.3786202669143677
4,540315,6XRE,MdrDBcore00444,P177L+C176F+Q38A,0.563,0.3622398376464844,0.3011261522769928,1.3786202669143677
4,540315,4IBT,MdrDBcore00445,P278L+G262S,-0.029,-0.11708816885948181,0.3011261522769928,1.3786202669143677
4,540315,6XRE,MdrDBcore00446,P309S+R273H,1.378,0.0009936243295669556,0.3011261522769928,1.3786202669143677
4,540315,6XRE,MdrDBcore00447,Q317A+E258K,0.306,0.25448471307754517,0.3011261522769928,1.3786202669143677
4,540315,6XRE,MdrDBcore00448,Q317A+R248W,0.251,0.3639560639858246,0.3011261522769928,1.3786202669143677
4,540315,6XRE,MdrDBcore00449,Q331R+P60S,0.386,0.4233154356479645,0.3011261522769928,1.3786202669143677
4,540315,4AGO,MdrDBcore00450,R175L+S94A,0.016,0.37112370133399963,0.3011261522769928,1.3786202669143677
4,540315,3D07,MdrDBcore00451,R181C+R290C,-1.91,0.018061328679323196,0.3011261522769928,1.3786202669143677
4,540315,3D07,MdrDBcore00452,R209A+R273H,1.189,0.0485665537416935,0.3011261522769928,1.3786202669143677
4,540315,4IBT,MdrDBcore00453,R248Q+G245S,0.712,-0.36185207962989807,0.3011261522769928,1.3786202669143677
4,540315,4IBT,MdrDBcore00454,R248W+N247K,0.011,-0.10789830982685089,0.3011261522769928,1.3786202669143677
4,540315,4IBT,MdrDBcore00455,R248W+V218L,0.326,-0.06283478438854218,0.3011261522769928,1.3786202669143677
4,540315,4IBT,MdrDBcore00456,R249G+Y234N,-1.019,-0.12311073392629623,0.3011261522769928,1.3786202669143677
4,540315,3D07,MdrDBcore00457,R273C+R175H+T125M,-0.6,0.07130077481269836,0.3011261522769928,1.3786202669143677
4,540315,2J1W,MdrDBcore00458,R273C+R248Q+S183A,-0.137,0.3536803424358368,0.3011261522769928,1.3786202669143677
4,540315,2J1W,MdrDBcore00459,R273H+R248Q,-2.215,0.5337954163551331,0.3011261522769928,1.3786202669143677
4,540315,4AGO,MdrDBcore00460,R273H+R267L+R248Q,-1.225,0.38543787598609924,0.3011261522769928,1.3786202669143677
4,540315,3D07,MdrDBcore00461,R273H+V173L+K132N,0.142,0.04807407036423683,0.3011261522769928,1.3786202669143677
4,540315,6SL6,MdrDBcore00462,R273H+W91A,-0.798,0.5231751799583435,0.3011261522769928,1.3786202669143677
4,540315,3D07,MdrDBcore00463,R273L+Y234C,-0.024,0.006522703915834427,0.3011261522769928,1.3786202669143677
4,540315,3D07,MdrDBcore00464,R280S+R273C+Y205C,-0.21,0.052498627454042435,0.3011261522769928,1.3786202669143677
4,540315,4IBT,MdrDBcore00465,R283H+G245S,-0.096,-0.35527700185775757,0.3011261522769928,1.3786202669143677
4,540315,6XRE,MdrDBcore00466,R306A+Y220C,0.445,0.054199788719415665,0.3011261522769928,1.3786202669143677
4,540315,4IBT,MdrDBcore00467,S215I+R158L,0.501,-0.0024955905973911285,0.3011261522769928,1.3786202669143677
4,540315,4IBT,MdrDBcore00468,S241C+E224A,-0.105,-0.3417260944843292,0.3011261522769928,1.3786202669143677
4,540315,4IBT,MdrDBcore00469,V274F+P223L,0.287,-0.3193027675151825,0.3011261522769928,1.3786202669143677
4,540315,6XRE,MdrDBcore00470,Y163C+P47S,-1.012,0.30232563614845276,0.3011261522769928,1.3786202669143677
4,540315,4IBT,MdrDBcore00471,Y234H+R213Q,-0.845,-0.12716954946517944,0.3011261522769928,1.3786202669143677
4,540315,4IBT,MdrDBcore00472,Y236C+R196A,-0.604,0.0324782095849514,0.3011261522769928,1.3786202669143677
4,540315,1QPC,MdrDBcore00473,A289D+A396V,0.364,-0.02236795797944069,0.3011261522769928,1.3786202669143677
4,540315,1QPJ,MdrDBcore00474,N339S+R458H,2.761,0.07357628643512726,0.3011261522769928,1.3786202669143677
4,540315,4LIQ,MdrDBcore00475,V315L+R106L,-0.31,-0.059265583753585815,0.3011261522769928,1.3786202669143677
4,540315,6JK8,MdrDBcore00476,L133P+I298V+K630R,0.373,-0.09837165474891663,0.3011261522769928,1.3786202669143677
4,540315,6JK8,MdrDBcore00477,L133P+I298V+K630R,1.102,0.07149451971054077,0.3011261522769928,1.3786202669143677
4,540315,6JK8,MdrDBcore00478,Y201H+D435G,-0.178,-0.0037847720086574554,0.3011261522769928,1.3786202669143677
4,540315,7MO7,MdrDBcore00479,A320V+R591W,0.438,-0.10382384061813354,0.3011261522769928,1.3786202669143677
4,540315,6GCU,MdrDBcore00480,A320V+R591W,0.581,-0.3117791712284088,0.3011261522769928,1.3786202669143677
4,540315,6GCU,MdrDBcore00481,A320V+R591W,1.143,0.010750222951173782,0.3011261522769928,1.3786202669143677
4,540315,6GCU,MdrDBcore00482,A320V+R591W,1.189,0.06101473793387413,0.3011261522769928,1.3786202669143677
4,540315,4K3J,MdrDBcore00483,A48T+E157G,-0.136,0.03550508990883827,0.3011261522769928,1.3786202669143677
4,540315,6GCU,MdrDBcore00484,A48T+E157G,-1.317,-0.2603900730609894,0.3011261522769928,1.3786202669143677
4,540315,6GCU,MdrDBcore00485,A48T+E157G,-0.039,-0.11167091131210327,0.3011261522769928,1.3786202669143677
4,540315,4K3J,MdrDBcore00486,A48T+E157G,-1.11,0.018886420875787735,0.3011261522769928,1.3786202669143677
4,540315,6GCU,MdrDBcore00487,A48T+E157G,-0.984,-0.0726664811372757,0.3011261522769928,1.3786202669143677
4,540315,6GCU,MdrDBcore00488,A48T+E157G,-0.571,-0.10256654024124146,0.3011261522769928,1.3786202669143677
4,540315,7MO8,MdrDBcore00489,K303T+N375S,-0.168,0.1065756231546402,0.3011261522769928,1.3786202669143677
4,540315,4K3J,MdrDBcore00490,V122D+N375S,0.277,0.020846042782068253,0.3011261522769928,1.3786202669143677
4,540315,2O21,MdrDBcore00491,A42V+V35M+G200S+E13D,-4.271,0.037848297506570816,0.3011261522769928,1.3786202669143677
4,540315,2W3L,MdrDBcore00492,A60V+D31H,-2.653,-0.0067681074142456055,0.3011261522769928,1.3786202669143677
4,540315,4IEH,MdrDBcore00493,E13D+P59A+N11H,-1.208,0.29820528626441956,0.3011261522769928,1.3786202669143677
4,540315,1GJH,MdrDBcore00494,R129C+T7R+I48F,-3.455,-0.05306878685951233,0.3011261522769928,1.3786202669143677
4,540315,4IEH,MdrDBcore00495,R98H+A82T,-1.385,0.38770484924316406,0.3011261522769928,1.3786202669143677
4,540315,4IEH,MdrDBcore00496,S117R+P59T,-2.828,0.15656520426273346,0.3011261522769928,1.3786202669143677
4,540315,2E9W,MdrDBcore00497,A168V+E306K,-0.934,0.2921689450740814,0.3011261522769928,1.3786202669143677
4,540315,2E9W,MdrDBcore00498,A168V+E306K,-1.457,-0.21648763120174408,0.3011261522769928,1.3786202669143677
4,540315,6GQK,MdrDBcore00499,K581N+I920S,0.231,0.25587067008018494,0.3011261522769928,1.3786202669143677
4,540315,6GQK,MdrDBcore00500,K581N+I920S,0.847,-0.059197571128606796,0.3011261522769928,1.3786202669143677
4,540315,2E9W,MdrDBcore00501,Y125H+T488M,-0.533,-0.059464193880558014,0.3011261522769928,1.3786202669143677
4,540315,1A31,MdrDBcore00502,E610K+A622T,-3.164,-0.18428732454776764,0.3011261522769928,1.3786202669143677
4,540315,1R49,MdrDBcore00503,M675I+D760G,-0.862,0.043779898434877396,0.3011261522769928,1.3786202669143677
4,540315,1SEU,MdrDBcore00504,R405W+Y426C+R434Q+E517K,1.787,-0.24213342368602753,0.3011261522769928,1.3786202669143677
4,540315,1SEU,MdrDBcore00505,R405W+Y426C+R434Q+E517K,1.482,-0.22027435898780823,0.3011261522769928,1.3786202669143677
4,540315,1A31,MdrDBcore00506,R405W+Y426C+R434Q+E517K,1.622,0.002165410667657852,0.3011261522769928,1.3786202669143677
4,540315,6ZY8,MdrDBcore00507,I872V+P385A+E203D,-0.765,-0.00424535945057869,0.3011261522769928,1.3786202669143677
4,540315,5GWK,MdrDBcore00508,R635H+T530A,0.437,0.19277095794677734,0.3011261522769928,1.3786202669143677
4,540315,6NYB,MdrDBcore00509,R506G+S273N,0.6,0.1890682876110077,0.3011261522769928,1.3786202669143677
4,540315,6NYB,MdrDBcore00510,R506G+S273N,0.305,-0.20908446609973907,0.3011261522769928,1.3786202669143677
4,540315,6NYB,MdrDBcore00511,R506G+S273N,0.291,-0.17872615158557892,0.3011261522769928,1.3786202669143677
4,540315,6NYB,MdrDBcore00512,R506G+S273N,-0.891,0.13694080710411072,0.3011261522769928,1.3786202669143677
4,540315,AlphaFold2,MdrDBcore00513,I86T+K237I,1.203,0.7167844176292419,0.3011261522769928,1.3786202669143677
4,540315,3QS9,MdrDBcore00514,F406C+V220G,0.269,0.5729372501373291,0.3011261522769928,1.3786202669143677
4,540315,3QS9,MdrDBcore00515,I417L+R243K,0.034,0.017334919422864914,0.3011261522769928,1.3786202669143677
4,540315,6B8Y,MdrDBcore00516,A206V+A403T+R491Q,1.132,0.5157791972160339,0.3011261522769928,1.3786202669143677
4,540315,AlphaFold2,MdrDBcore00517,G666D+P384Q,-0.3,0.19905558228492737,0.3011261522769928,1.3786202669143677
4,540315,AlphaFold2,MdrDBcore00518,G666D+P384Q,0.277,-0.19677422940731049,0.3011261522769928,1.3786202669143677
4,540315,AlphaFold2,MdrDBcore00519,I1021M+K720N+R306Q,-1.153,-0.24185296893119812,0.3011261522769928,1.3786202669143677
4,540315,AlphaFold2,MdrDBcore00520,R562Q+R149Q,0.615,-0.3318016827106476,0.3011261522769928,1.3786202669143677
4,540315,AlphaFold2,MdrDBcore00521,R628Q+C286Y,0.326,-0.37583479285240173,0.3011261522769928,1.3786202669143677
4,540315,6SB0,MdrDBcore00522,A1728S+A41P,-1.799,0.258246511220932,0.3011261522769928,1.3786202669143677
4,540315,5H64,MdrDBcore00523,G1491S+A329T,1.792,0.008318129926919937,0.3011261522769928,1.3786202669143677
4,540315,6SB0,MdrDBcore00524,G2238D+P1408S+M488I,-1.999,0.07924847304821014,0.3011261522769928,1.3786202669143677
4,540315,6SB0,MdrDBcore00525,G2238D+P1408S+M488I,0.195,0.11161565780639648,0.3011261522769928,1.3786202669143677
4,540315,6SB0,MdrDBcore00526,G2238D+P1408S+M488I,0.14,0.2724008560180664,0.3011261522769928,1.3786202669143677
4,540315,6SB0,MdrDBcore00527,H262R+I261V,-2.88,0.3234974443912506,0.3011261522769928,1.3786202669143677
4,540315,6SB0,MdrDBcore00528,L1037V+R260Q,-1.424,0.19434067606925964,0.3011261522769928,1.3786202669143677
4,540315,4JSN,MdrDBcore00529,M2345V+F1545L,1.432,0.00811191275715828,0.3011261522769928,1.3786202669143677
4,540315,6SB0,MdrDBcore00530,M2345V+F1545L,-2.215,0.26960375905036926,0.3011261522769928,1.3786202669143677
4,540315,5H64,MdrDBcore00531,Q2072R+H642R,-2.415,-0.14921288192272186,0.3011261522769928,1.3786202669143677
4,540315,6SB0,MdrDBcore00532,R1208C+T1143M+S1087N,-1.059,0.21994927525520325,0.3011261522769928,1.3786202669143677
4,540315,5H64,MdrDBcore00533,V1885I+S383G,1.935,-0.08557728677988052,0.3011261522769928,1.3786202669143677
4,540315,5H64,MdrDBcore00534,V1885I+S383G,-3.128,0.27793753147125244,0.3011261522769928,1.3786202669143677
4,540315,6SB0,MdrDBcore00535,V420I+R1749Q,-2.829,0.2814023792743683,0.3011261522769928,1.3786202669143677
4,540315,3L08,MdrDBcore00536,A1064V+R184H+S515P,0.038,0.409450888633728,0.3011261522769928,1.3786202669143677
4,540315,3L08,MdrDBcore00537,A1064V+R184H+S515P,1.301,0.437136173248291,0.3011261522769928,1.3786202669143677
4,540315,3L08,MdrDBcore00538,A1064V+R184H+S515P,-0.31,-0.022702302783727646,0.3011261522769928,1.3786202669143677
4,540315,7MEZ,MdrDBcore00539,A243T+P324S+E347K+F698L,0.362,0.8383565545082092,0.3011261522769928,1.3786202669143677
4,540315,7MEZ,MdrDBcore00540,A243T+P324S+E347K+F698L,1.838,0.1097998172044754,0.3011261522769928,1.3786202669143677
4,540315,4GB9,MdrDBcore00541,A885T+E781K,0.246,0.5385023355484009,0.3011261522769928,1.3786202669143677
4,540315,3L08,MdrDBcore00542,G426E+E511K,-0.467,0.40729427337646484,0.3011261522769928,1.3786202669143677
4,540315,3L08,MdrDBcore00543,G426E+E511K,0.28,-0.0674465075135231,0.3011261522769928,1.3786202669143677
4,540315,7MEZ,MdrDBcore00544,G65D+T955I,0.329,0.48553434014320374,0.3011261522769928,1.3786202669143677
4,540315,7MEZ,MdrDBcore00545,G65D+T955I,1.058,-0.1352376788854599,0.3011261522769928,1.3786202669143677
4,540315,7MEZ,MdrDBcore00546,G65D+T955I,-0.193,0.11326605081558228,0.3011261522769928,1.3786202669143677
4,540315,3L08,MdrDBcore00547,R178L+T1056I,0.051,0.4338306784629822,0.3011261522769928,1.3786202669143677
4,540315,3L08,MdrDBcore00548,R178L+T1056I,-0.977,0.02646535262465477,0.3011261522769928,1.3786202669143677
4,540315,3L08,MdrDBcore00549,R273H+L466M,0.765,0.40224942564964294,0.3011261522769928,1.3786202669143677
4,540315,3L08,MdrDBcore00550,R273H+L466M,1.406,0.5062482357025146,0.3011261522769928,1.3786202669143677
4,540315,4GB9,MdrDBcore00551,R273H+L466M,0.566,0.5268698930740356,0.3011261522769928,1.3786202669143677
4,540315,7MEZ,MdrDBcore00552,T309M+R542W,-0.175,-0.22067399322986603,0.3011261522769928,1.3786202669143677
4,540315,7MEZ,MdrDBcore00553,T309M+R542W,-0.228,0.015907589346170425,0.3011261522769928,1.3786202669143677
4,540315,1JCQ,MdrDBcore00554,S235C+S245F,-0.091,0.4280097782611847,0.3011261522769928,1.3786202669143677
4,540315,1LD8,MdrDBcore00555,S235C+S245F,-1.641,-0.04894823953509331,0.3011261522769928,1.3786202669143677
4,540315,3T1I,MdrDBcore00556,G182A+L181F,1.019,0.6635948419570923,0.3011261522769928,1.3786202669143677
4,540315,7A12,MdrDBcore00557,C121R+N434T+E470D+D476G,-0.275,0.1677120476961136,0.3011261522769928,1.3786202669143677
4,540315,7A12,MdrDBcore00558,E164D+N407S,-0.399,0.20982760190963745,0.3011261522769928,1.3786202669143677
4,540315,3LQ5,MdrDBcore00559,D14N+D285N,2.774,0.10899494588375092,0.3011261522769928,1.3786202669143677
4,540315,3LQ5,MdrDBcore00560,D14N+D285N,1.045,0.21143430471420288,0.3011261522769928,1.3786202669143677
4,540315,3LQ5,MdrDBcore00561,D14N+D285N,-0.27,0.04503289982676506,0.3011261522769928,1.3786202669143677
4,540315,3MI9,MdrDBcore00562,D323N+F336L,5.721,0.07318176329135895,0.3011261522769928,1.3786202669143677
4,540315,3MI9,MdrDBcore00563,D323N+F336L,0.93,0.37938910722732544,0.3011261522769928,1.3786202669143677
4,540315,3MI9,MdrDBcore00564,D323N+F336L,-0.141,0.1451631486415863,0.3011261522769928,1.3786202669143677
4,540315,2BBA,MdrDBcore00565,R105C+R102W,0.918,0.06565549969673157,0.3011261522769928,1.3786202669143677
4,540315,4K0V,MdrDBcore00566,I148T+V462A,0.975,0.0883089154958725,0.3011261522769928,1.3786202669143677
4,540315,5UTK,MdrDBcore00567,T503A+D711E,-0.044,0.12045358121395111,0.3011261522769928,1.3786202669143677
4,540315,6UDT,MdrDBcore00568,D256N+D236Y,-2.609,0.26209208369255066,0.3011261522769928,1.3786202669143677
4,540315,6UDT,MdrDBcore00569,D256N+D236Y,-1.144,0.23460793495178223,0.3011261522769928,1.3786202669143677
4,540315,6UDT,MdrDBcore00570,D256N+D236Y,-0.682,0.1951795518398285,0.3011261522769928,1.3786202669143677
4,540315,6B16,MdrDBcore00571,V445F+I312S,-0.991,0.29678961634635925,0.3011261522769928,1.3786202669143677
4,540315,5NP0,MdrDBcore00572,A502G+Q1128R,1.019,0.6068816781044006,0.3011261522769928,1.3786202669143677
4,540315,5NP0,MdrDBcore00573,A502G+Q1128R,0.027,0.19897815585136414,0.3011261522769928,1.3786202669143677
4,540315,7NI6,MdrDBcore00574,D2721N+V2906A,-0.289,0.04467405751347542,0.3011261522769928,1.3786202669143677
4,540315,6K9K,MdrDBcore00575,D2721N+V2906A,-0.61,0.4894133508205414,0.3011261522769928,1.3786202669143677
4,540315,7NI6,MdrDBcore00576,D2721N+V2906A,-0.274,0.053021375089883804,0.3011261522769928,1.3786202669143677
4,540315,7NI6,MdrDBcore00577,E3015D+R2849A,-0.003,0.24642470479011536,0.3011261522769928,1.3786202669143677
4,540315,7NI6,MdrDBcore00578,E3015D+R2849A,-0.307,-0.013085909187793732,0.3011261522769928,1.3786202669143677
4,540315,7NI6,MdrDBcore00579,E3015D+R2849A,0.036,0.1684158742427826,0.3011261522769928,1.3786202669143677
4,540315,5NP1,MdrDBcore00580,E848Q+L2965F,-0.366,0.319406121969223,0.3011261522769928,1.3786202669143677
4,540315,5NP0,MdrDBcore00581,E848Q+L2965F,0.629,0.2980729639530182,0.3011261522769928,1.3786202669143677
4,540315,6K9L,MdrDBcore00582,E848Q+L2965F,0.278,0.2706299424171448,0.3011261522769928,1.3786202669143677
4,540315,7NI6,MdrDBcore00583,F1896L+C2464R,-0.709,0.15810105204582214,0.3011261522769928,1.3786202669143677
4,540315,7NI6,MdrDBcore00584,F1896L+C2464R,-0.654,-0.020857755094766617,0.3011261522769928,1.3786202669143677
4,540315,7NI6,MdrDBcore00585,F1896L+C2464R,-0.561,-0.0781899243593216,0.3011261522769928,1.3786202669143677
4,540315,7NI5,MdrDBcore00586,F582L+R1086H,0.341,-0.0021671131253242493,0.3011261522769928,1.3786202669143677
4,540315,5NP0,MdrDBcore00587,F582L+R1086H,-0.527,0.40413713455200195,0.3011261522769928,1.3786202669143677
4,540315,7NI5,MdrDBcore00588,F582L+R1086H,-0.299,0.15180951356887817,0.3011261522769928,1.3786202669143677
4,540315,5NP0,MdrDBcore00589,G514D+H1380Y,0.621,0.453752726316452,0.3011261522769928,1.3786202669143677
4,540315,6K9K,MdrDBcore00590,G514D+H1380Y+P2518S,1.084,0.7465238571166992,0.3011261522769928,1.3786202669143677
4,540315,5NP1,MdrDBcore00591,G514D+H1380Y+Q1919P,0.899,0.28840741515159607,0.3011261522769928,1.3786202669143677
4,540315,6K9L,MdrDBcore00592,H1380Y+R1618Q,1.508,0.5220969915390015,0.3011261522769928,1.3786202669143677
4,540315,5NP0,MdrDBcore00593,I159V+I2998T,1.059,0.24875491857528687,0.3011261522769928,1.3786202669143677
4,540315,6K9K,MdrDBcore00594,I159V+I2998T,-0.187,0.4768671691417694,0.3011261522769928,1.3786202669143677
4,540315,5NP0,MdrDBcore00595,I159V+I2998T,-0.283,0.2404058873653412,0.3011261522769928,1.3786202669143677
4,540315,7NI5,MdrDBcore00596,L1419I+L1794M,-0.587,0.06710237264633179,0.3011261522769928,1.3786202669143677
4,540315,7NI5,MdrDBcore00597,L1419I+L1794M,-0.401,0.22052866220474243,0.3011261522769928,1.3786202669143677
4,540315,7NI5,MdrDBcore00598,L1419I+L1794M,-0.247,0.20029067993164062,0.3011261522769928,1.3786202669143677
4,540315,6K9L,MdrDBcore00599,L581V+I2606V,0.629,0.5414973497390747,0.3011261522769928,1.3786202669143677
4,540315,6K9K,MdrDBcore00600,L581V+I2606V,-0.044,0.18605583906173706,0.3011261522769928,1.3786202669143677
4,540315,5NP0,MdrDBcore00601,L581V+I2606V,-0.152,0.23739787936210632,0.3011261522769928,1.3786202669143677
4,540315,7NI5,MdrDBcore00602,L787F+L1809P+N1784S,-1.561,-0.003395378589630127,0.3011261522769928,1.3786202669143677
4,540315,7NI5,MdrDBcore00603,L787F+L1809P+N1784S,-1.203,0.2321910858154297,0.3011261522769928,1.3786202669143677
4,540315,7NI5,MdrDBcore00604,L787F+L1809P+N1784S,-0.706,0.26603052020072937,0.3011261522769928,1.3786202669143677
4,540315,6K9K,MdrDBcore00605,M1040V+C1482R,-0.584,0.4572218358516693,0.3011261522769928,1.3786202669143677
4,540315,6K9K,MdrDBcore00606,M1040V+C1482R,0.302,0.3285134732723236,0.3011261522769928,1.3786202669143677
4,540315,7NI5,MdrDBcore00607,M1040V+C1482R,0.812,0.11271141469478607,0.3011261522769928,1.3786202669143677
4,540315,6K9K,MdrDBcore00608,M1040V+L1824F,-0.595,0.25077781081199646,0.3011261522769928,1.3786202669143677
4,540315,6K9K,MdrDBcore00609,M1040V+L1824F,0.187,0.10682639479637146,0.3011261522769928,1.3786202669143677
4,540315,5NP0,MdrDBcore00610,M1040V+L1824F,-0.023,0.3704853653907776,0.3011261522769928,1.3786202669143677
4,540315,6K9K,MdrDBcore00611,M1040V+L2332P,0.487,0.22915741801261902,0.3011261522769928,1.3786202669143677
4,540315,6K9K,MdrDBcore00612,M1040V+L2332P,-0.257,0.4055176377296448,0.3011261522769928,1.3786202669143677
4,540315,5NP0,MdrDBcore00613,M1040V+L2332P,0.811,0.36958855390548706,0.3011261522769928,1.3786202669143677
4,540315,7NI6,MdrDBcore00614,M1644T+I2223M,0.359,0.1451689749956131,0.3011261522769928,1.3786202669143677
4,540315,5NP0,MdrDBcore00615,M1644T+I2223M,0.414,0.24610477685928345,0.3011261522769928,1.3786202669143677
4,540315,7NI6,MdrDBcore00616,M1644T+I2223M,0.425,-0.1935788244009018,0.3011261522769928,1.3786202669143677
4,540315,6K9K,MdrDBcore00617,N1005S+L2307F,-1.343,0.061346907168626785,0.3011261522769928,1.3786202669143677
4,540315,6K9K,MdrDBcore00618,N1005S+L2307F,-0.94,0.519909679889679,0.3011261522769928,1.3786202669143677
4,540315,6K9L,MdrDBcore00619,N1005S+L2307F,-0.51,0.5009589195251465,0.3011261522769928,1.3786202669143677
4,540315,6K9K,MdrDBcore00620,P604S+F1463C,-0.905,0.04290365055203438,0.3011261522769928,1.3786202669143677
4,540315,5NP0,MdrDBcore00621,P604S+F1463C,1.076,0.44371429085731506,0.3011261522769928,1.3786202669143677
4,540315,5NP0,MdrDBcore00622,P604S+F1463C,0.984,0.2544158697128296,0.3011261522769928,1.3786202669143677
4,540315,5NP0,MdrDBcore00623,P604S+R832C,-0.37,0.27082115411758423,0.3011261522769928,1.3786202669143677
4,540315,6K9K,MdrDBcore00624,Q1128R+L2332P,-0.273,0.3333545923233032,0.3011261522769928,1.3786202669143677
4,540315,6K9K,MdrDBcore00625,Q1128R+L2332P,-0.043,0.22794008255004883,0.3011261522769928,1.3786202669143677
4,540315,7NI5,MdrDBcore00626,Q1128R+L2332P,-0.457,0.19905301928520203,0.3011261522769928,1.3786202669143677
4,540315,6K9K,MdrDBcore00627,R1304G+K2318Q,-1.226,0.18180646002292633,0.3011261522769928,1.3786202669143677
4,540315,5NP0,MdrDBcore00628,R1304G+K2318Q,-0.545,0.3036436140537262,0.3011261522769928,1.3786202669143677
4,540315,7NI5,MdrDBcore00629,R1304G+K2318Q,-0.85,0.23902809619903564,0.3011261522769928,1.3786202669143677
4,540315,7NI5,MdrDBcore00630,R23A+T935R+T1350M,0.463,0.08844724297523499,0.3011261522769928,1.3786202669143677
4,540315,7NI5,MdrDBcore00631,R23A+T935R+T1350M,-0.338,0.22485893964767456,0.3011261522769928,1.3786202669143677
4,540315,7NI5,MdrDBcore00632,R23A+T935R+T1350M,0.214,0.11820870637893677,0.3011261522769928,1.3786202669143677
4,540315,6K9L,MdrDBcore00633,R2461C+T2921M,0.361,0.2780914306640625,0.3011261522769928,1.3786202669143677
4,540315,5NP0,MdrDBcore00634,R2461C+T2921M,-0.786,0.4413474500179291,0.3011261522769928,1.3786202669143677
4,540315,7NI6,MdrDBcore00635,R2461C+T2921M,-0.861,-0.015374269336462021,0.3011261522769928,1.3786202669143677
4,540315,7NI5,MdrDBcore00636,R250A+E277A+R337C+E1133K+L1439I,0.112,0.4428166449069977,0.3011261522769928,1.3786202669143677
4,540315,6K9K,MdrDBcore00637,R250A+E277A+R337C+E1133K+L1439I,1.142,0.15706028044223785,0.3011261522769928,1.3786202669143677
4,540315,7NI5,MdrDBcore00638,R250A+E277A+R337C+E1133K+L1439I,0.443,0.19195184111595154,0.3011261522769928,1.3786202669143677
4,540315,6K9L,MdrDBcore00639,R2849A+E3015D,0.449,0.3071763217449188,0.3011261522769928,1.3786202669143677
4,540315,6K9L,MdrDBcore00640,R32C+S2165F,-0.95,0.33861681818962097,0.3011261522769928,1.3786202669143677
4,540315,6K9K,MdrDBcore00641,R32C+S2165F,-0.643,0.32493826746940613,0.3011261522769928,1.3786202669143677
4,540315,7NI5,MdrDBcore00642,R32C+S2165F,-0.345,0.2664436995983124,0.3011261522769928,1.3786202669143677
4,540315,6K9K,MdrDBcore00643,R924W+D2661N,0.391,0.3672567307949066,0.3011261522769928,1.3786202669143677
4,540315,6K9K,MdrDBcore00644,R924W+D2661N,0.295,0.14574410021305084,0.3011261522769928,1.3786202669143677
4,540315,7NI5,MdrDBcore00645,R924W+D2661N,-0.842,0.2713693678379059,0.3011261522769928,1.3786202669143677
4,540315,7NI5,MdrDBcore00646,S333F+H1876Q,-0.357,0.09204822778701782,0.3011261522769928,1.3786202669143677
4,540315,7NI5,MdrDBcore00647,S333F+H1876Q,-0.431,0.20753565430641174,0.3011261522769928,1.3786202669143677
4,540315,7NI5,MdrDBcore00648,S333F+H1876Q,-0.655,0.1768501251935959,0.3011261522769928,1.3786202669143677
4,540315,7NI5,MdrDBcore00649,S974F+F1236Y,0.578,0.044278983026742935,0.3011261522769928,1.3786202669143677
4,540315,5NP0,MdrDBcore00650,S974F+F1236Y,1.353,0.48704656958580017,0.3011261522769928,1.3786202669143677
4,540315,7NI5,MdrDBcore00651,S974F+F1236Y,0.39,0.11768747866153717,0.3011261522769928,1.3786202669143677
4,540315,7NI6,MdrDBcore00652,V1521L+G1998E,-0.655,0.15895436704158783,0.3011261522769928,1.3786202669143677
4,540315,5NP0,MdrDBcore00653,V1521L+G1998E,0.658,0.4090757369995117,0.3011261522769928,1.3786202669143677
4,540315,7NI6,MdrDBcore00654,V1521L+G1998E,-0.077,-0.02706429734826088,0.3011261522769928,1.3786202669143677
4,540315,5NP0,MdrDBcore00655,V2079I+S2146T,1.789,0.39536747336387634,0.3011261522769928,1.3786202669143677
4,540315,7NI5,MdrDBcore00656,V410A+H1083Y,-0.662,0.09897686541080475,0.3011261522769928,1.3786202669143677
4,540315,5YZ0,MdrDBcore00657,D1586Y+A1550V,0.659,0.18597067892551422,0.3011261522769928,1.3786202669143677
4,540315,5YZ0,MdrDBcore00658,D1586Y+A1550V,0.95,0.2827235758304596,0.3011261522769928,1.3786202669143677
4,540315,5YZ0,MdrDBcore00659,D1586Y+A1550V,0.742,0.47740861773490906,0.3011261522769928,1.3786202669143677
4,540315,5YZ0,MdrDBcore00660,E910A+S138I,0.581,0.4316471219062805,0.3011261522769928,1.3786202669143677
4,540315,5YZ0,MdrDBcore00661,E910A+S138I,0.566,0.5334907174110413,0.3011261522769928,1.3786202669143677
4,540315,5YZ0,MdrDBcore00662,E910A+S138I,0.511,0.46139195561408997,0.3011261522769928,1.3786202669143677
4,540315,5YZ0,MdrDBcore00663,F982V+R109W,-0.02,0.22321102023124695,0.3011261522769928,1.3786202669143677
4,540315,5YZ0,MdrDBcore00664,F982V+R109W,0.484,0.16056762635707855,0.3011261522769928,1.3786202669143677
4,540315,5YZ0,MdrDBcore00665,F982V+R109W,-0.32,0.41195136308670044,0.3011261522769928,1.3786202669143677
4,540315,5YZ0,MdrDBcore00666,I1526V+V666E,-0.098,0.033336881548166275,0.3011261522769928,1.3786202669143677
4,540315,5YZ0,MdrDBcore00667,I1526V+V666E,0.251,0.22230923175811768,0.3011261522769928,1.3786202669143677
4,540315,5YZ0,MdrDBcore00668,I1526V+V666E,-0.428,0.31059354543685913,0.3011261522769928,1.3786202669143677
4,540315,5YZ0,MdrDBcore00669,I1851V+T1798A,0.056,0.18923890590667725,0.3011261522769928,1.3786202669143677
4,540315,5YZ0,MdrDBcore00670,I1851V+T1798A,-1.625,0.23164725303649902,0.3011261522769928,1.3786202669143677
4,540315,5YZ0,MdrDBcore00671,I1851V+T1798A,-0.792,0.002474788576364517,0.3011261522769928,1.3786202669143677
4,540315,5YZ0,MdrDBcore00672,I2068V+R2066Q,0.854,0.014495555311441422,0.3011261522769928,1.3786202669143677
4,540315,5YZ0,MdrDBcore00673,I2068V+R2066Q,-0.475,0.32037001848220825,0.3011261522769928,1.3786202669143677
4,540315,5YZ0,MdrDBcore00674,I2068V+R2066Q,-1.038,0.32910454273223877,0.3011261522769928,1.3786202669143677
4,540315,5YZ0,MdrDBcore00675,L2428F+R1696G,-0.303,0.2792721390724182,0.3011261522769928,1.3786202669143677
4,540315,5YZ0,MdrDBcore00676,L2428F+R1696G,0.08,0.5280367136001587,0.3011261522769928,1.3786202669143677
4,540315,5YZ0,MdrDBcore00677,L2428F+R1696G,0.354,0.4603594243526459,0.3011261522769928,1.3786202669143677
4,540315,5YZ0,MdrDBcore00678,L2428F+R1696G,1.185,0.2932294011116028,0.3011261522769928,1.3786202669143677
4,540315,5YZ0,MdrDBcore00679,P1914S+C1858R,0.662,0.21439558267593384,0.3011261522769928,1.3786202669143677
4,540315,5YZ0,MdrDBcore00680,P1914S+C1858R,1.533,0.44840922951698303,0.3011261522769928,1.3786202669143677
4,540315,5YZ0,MdrDBcore00681,R2363A+A2366T,-0.227,0.07972809672355652,0.3011261522769928,1.3786202669143677
4,540315,5YZ0,MdrDBcore00682,R2363A+A2366T,-1.71,0.08298245072364807,0.3011261522769928,1.3786202669143677
4,540315,5YZ0,MdrDBcore00683,R2363A+A2366T,-0.563,0.18301846086978912,0.3011261522769928,1.3786202669143677
4,540315,5YZ0,MdrDBcore00684,T2556S+I475S,-1.005,0.5350137948989868,0.3011261522769928,1.3786202669143677
4,540315,5YZ0,MdrDBcore00685,T2556S+I475S,-1.11,0.3304007947444916,0.3011261522769928,1.3786202669143677
4,540315,5YZ0,MdrDBcore00686,T2556S+I475S,-1.275,0.32518795132637024,0.3011261522769928,1.3786202669143677
4,540315,6Z2J,MdrDBcore00687,D104N+A376T,-0.746,-0.04864291846752167,0.3011261522769928,1.3786202669143677
4,540315,6Z2J,MdrDBcore00688,D104N+A376T,-0.476,0.3631143271923065,0.3011261522769928,1.3786202669143677
4,540315,6Z2J,MdrDBcore00689,D104N+A376T,-1.57,0.3407532572746277,0.3011261522769928,1.3786202669143677
4,540315,6Z2J,MdrDBcore00690,D104N+A376T,-0.59,0.2606881558895111,0.3011261522769928,1.3786202669143677
4,540315,6Z2J,MdrDBcore00691,D104N+A376T,-0.924,0.03681458905339241,0.3011261522769928,1.3786202669143677
4,540315,6Z2J,MdrDBcore00692,N83I+E250K,2.919,0.06464669108390808,0.3011261522769928,1.3786202669143677
4,540315,6Z2J,MdrDBcore00693,N83I+E250K,1.253,0.43454089760780334,0.3011261522769928,1.3786202669143677
4,540315,6Z2J,MdrDBcore00694,N83I+E250K,-0.694,0.2654067575931549,0.3011261522769928,1.3786202669143677
4,540315,6Z2J,MdrDBcore00695,S78P+A282T,-0.147,0.02676023170351982,0.3011261522769928,1.3786202669143677
4,540315,6Z2J,MdrDBcore00696,S78P+A282T,-0.155,0.3118613660335541,0.3011261522769928,1.3786202669143677
4,540315,6Z2J,MdrDBcore00697,S78P+A282T,-1.171,0.29095664620399475,0.3011261522769928,1.3786202669143677
4,540315,6Z2J,MdrDBcore00698,S78P+A282T,0.606,0.23465290665626526,0.3011261522769928,1.3786202669143677
4,540315,2NVU,MdrDBcore00699,C398R+G372D,-0.637,-0.0830313116312027,0.3011261522769928,1.3786202669143677
4,540315,2NVU,MdrDBcore00700,I371V+K209R,-3.018,-0.0781639963388443,0.3011261522769928,1.3786202669143677
4,540315,2NVU,MdrDBcore00701,V395M+R312H,-2.718,0.2328568398952484,0.3011261522769928,1.3786202669143677
4,540315,5HYN,MdrDBcore00702,F224V+N268D,-0.495,-0.013173028826713562,0.3011261522769928,1.3786202669143677
4,540315,6U4Y,MdrDBcore00703,S220A+L71M,-0.779,0.21823224425315857,0.3011261522769928,1.3786202669143677
4,540315,6VP7,MdrDBcore00704,A2135D+G2385R,0.443,0.14195191860198975,0.3011261522769928,1.3786202669143677
4,540315,7LI3,MdrDBcore00705,D1064G+S1145L,0.844,-0.09545089304447174,0.3011261522769928,1.3786202669143677
4,540315,7LI3,MdrDBcore00706,E752D+P2103S+T2310M+V2396L,-0.565,0.030924055725336075,0.3011261522769928,1.3786202669143677
4,540315,7LI3,MdrDBcore00707,K1383Q+L1304H,-0.4,-0.07245515286922455,0.3011261522769928,1.3786202669143677
4,540315,6VP7,MdrDBcore00708,Q1648P+P2119T+L2291R,0.236,0.08258496224880219,0.3011261522769928,1.3786202669143677
4,540315,7LI3,MdrDBcore00709,S1204N+Q1365R,-0.211,-0.006693985313177109,0.3011261522769928,1.3786202669143677
4,540315,6VP7,MdrDBcore00710,V1450I+G2385R,-0.438,-0.035898607224226,0.3011261522769928,1.3786202669143677
4,540315,6VP7,MdrDBcore00711,V1581D+A1440P,-0.652,-0.07300129532814026,0.3011261522769928,1.3786202669143677
4,540315,7LI3,MdrDBcore00712,V771I+T1410M,-0.726,0.022131916135549545,0.3011261522769928,1.3786202669143677
4,540315,6O96,MdrDBcore00713,E47V+I48F,-0.462,0.3209894895553589,0.3011261522769928,1.3786202669143677
4,540315,6O96,MdrDBcore00714,E47V+I48F,-0.76,0.2586146891117096,0.3011261522769928,1.3786202669143677
4,540315,6O96,MdrDBcore00715,E47V+I48F,-0.14,0.21798300743103027,0.3011261522769928,1.3786202669143677
4,540315,4Z96,MdrDBcore00716,E924K+G577D,-0.615,0.07235068082809448,0.3011261522769928,1.3786202669143677
4,540315,3OUI,MdrDBcore00717,A379V+A194T,0.524,0.43266335129737854,0.3011261522769928,1.3786202669143677
4,540315,4B6L,MdrDBcore00718,R179C+G256E,0.897,0.1688460111618042,0.3011261522769928,1.3786202669143677
4,540315,7LRZ,MdrDBcore00719,N787T+T901A,-0.155,-0.0693829357624054,0.3011261522769928,1.3786202669143677
4,540315,7LRZ,MdrDBcore00720,N787T+T901A,0.076,0.032126668840646744,0.3011261522769928,1.3786202669143677
4,540315,7NX4,MdrDBcore00721,T1012M+S737L,0.165,0.1084422916173935,0.3011261522769928,1.3786202669143677
4,540315,7N00,MdrDBcore00722,T1012M+S737L,1.523,0.026526663452386856,0.3011261522769928,1.3786202669143677
4,540315,AlphaFold2,MdrDBcore00723,Q275R+R102H,0.791,0.019426334649324417,0.3011261522769928,1.3786202669143677
4,540315,AlphaFold2,MdrDBcore00724,R324H+R110H+R102H,1.934,0.45982471108436584,0.3011261522769928,1.3786202669143677
4,540315,6OCO,MdrDBcore00725,A152T,-0.093,-0.03530867025256157,0.3011261522769928,1.3786202669143677
4,540315,6OCO,MdrDBcore00726,A152T,-1.837,0.2774161696434021,0.3011261522769928,1.3786202669143677
4,540315,6G6W,MdrDBcore00727,A396T,-0.37,0.32413193583488464,0.3011261522769928,1.3786202669143677
4,540315,6OCO,MdrDBcore00728,A396T,-2.915,0.21489208936691284,0.3011261522769928,1.3786202669143677
4,540315,6G6W,MdrDBcore00729,A396T,1.111,0.2085402011871338,0.3011261522769928,1.3786202669143677
4,540315,6OCO,MdrDBcore00730,A468V,1.255,-0.05818859860301018,0.3011261522769928,1.3786202669143677
4,540315,6OCO,MdrDBcore00731,A487T,1.109,-0.04423050582408905,0.3011261522769928,1.3786202669143677
4,540315,6OCO,MdrDBcore00732,A487T,-0.446,0.2507002353668213,0.3011261522769928,1.3786202669143677
4,540315,6OCO,MdrDBcore00733,A487T,1.508,0.3181913495063782,0.3011261522769928,1.3786202669143677
4,540315,6OCO,MdrDBcore00734,A487T,1.531,0.08219902217388153,0.3011261522769928,1.3786202669143677
4,540315,6OCO,MdrDBcore00735,A742V,0.08,-0.05835029482841492,0.3011261522769928,1.3786202669143677
4,540315,6OCO,MdrDBcore00736,A742V,-0.467,0.2684386372566223,0.3011261522769928,1.3786202669143677
4,540315,6OCO,MdrDBcore00737,A742V,0.764,0.3046189248561859,0.3011261522769928,1.3786202669143677
4,540315,6OCO,MdrDBcore00738,A742V,0.342,0.044662442058324814,0.3011261522769928,1.3786202669143677
4,540315,6OCO,MdrDBcore00739,C132Y,0.634,0.04681522026658058,0.3011261522769928,1.3786202669143677
4,540315,6OCO,MdrDBcore00740,C132Y,-0.38,0.24573370814323425,0.3011261522769928,1.3786202669143677
4,540315,6G6W,MdrDBcore00741,C132Y,1.681,0.17386841773986816,0.3011261522769928,1.3786202669143677
4,540315,6OCO,MdrDBcore00742,C132Y,0.978,0.18554586172103882,0.3011261522769928,1.3786202669143677
4,540315,6OCO,MdrDBcore00743,E1021K,0.296,-0.033761490136384964,0.3011261522769928,1.3786202669143677
4,540315,6OCO,MdrDBcore00744,E1021K,-1.343,0.20212453603744507,0.3011261522769928,1.3786202669143677
4,540315,6OCO,MdrDBcore00745,E1021K,0.773,0.3158576786518097,0.3011261522769928,1.3786202669143677
4,540315,6OCO,MdrDBcore00746,E1021K,1.03,0.1282062530517578,0.3011261522769928,1.3786202669143677
4,540315,6OCO,MdrDBcore00747,E200K,0.923,0.3143283426761627,0.3011261522769928,1.3786202669143677
4,540315,6OCO,MdrDBcore00748,E200K,0.215,0.13964715600013733,0.3011261522769928,1.3786202669143677
4,540315,6OCO,MdrDBcore00749,E234D,1.626,-0.0380946509540081,0.3011261522769928,1.3786202669143677
4,540315,6OCO,MdrDBcore00750,E234D,-0.559,0.22841382026672363,0.3011261522769928,1.3786202669143677
4,540315,6OCO,MdrDBcore00751,E234D,1.595,0.3079412281513214,0.3011261522769928,1.3786202669143677
4,540315,6OCO,MdrDBcore00752,E234D,0.773,0.12936878204345703,0.3011261522769928,1.3786202669143677
4,540315,6OCO,MdrDBcore00753,E451K,-0.504,-0.050769198685884476,0.3011261522769928,1.3786202669143677
4,540315,6OCO,MdrDBcore00754,E451K,-1.217,0.21498996019363403,0.3011261522769928,1.3786202669143677
4,540315,6OCO,MdrDBcore00755,E451K,1.576,0.3047035038471222,0.3011261522769928,1.3786202669143677
4,540315,6OCO,MdrDBcore00756,E451K,0.594,0.2029176950454712,0.3011261522769928,1.3786202669143677
4,540315,6OCO,MdrDBcore00757,E766G,1.189,-0.0351141095161438,0.3011261522769928,1.3786202669143677
4,540315,6OCO,MdrDBcore00758,E766G,-0.698,0.2515738010406494,0.3011261522769928,1.3786202669143677
4,540315,6OCO,MdrDBcore00759,E766G,0.686,0.12195402383804321,0.3011261522769928,1.3786202669143677
4,540315,6OCO,MdrDBcore00760,E83K,-1.483,-0.028046254068613052,0.3011261522769928,1.3786202669143677
4,540315,6OCO,MdrDBcore00761,E83K,-2.581,0.27803927659988403,0.3011261522769928,1.3786202669143677
4,540315,6OCO,MdrDBcore00762,E83K,-2.871,0.30841317772865295,0.3011261522769928,1.3786202669143677
4,540315,6OCO,MdrDBcore00763,E83K,-3.594,0.12483440339565277,0.3011261522769928,1.3786202669143677
4,540315,6OCO,MdrDBcore00764,F609L,1.307,-0.0627136379480362,0.3011261522769928,1.3786202669143677
4,540315,6OCO,MdrDBcore00765,F609L,0.229,0.2757282853126526,0.3011261522769928,1.3786202669143677
4,540315,6OCO,MdrDBcore00766,F609L,1.711,0.31611597537994385,0.3011261522769928,1.3786202669143677
4,540315,6OCO,MdrDBcore00767,F609L,1.465,0.19142237305641174,0.3011261522769928,1.3786202669143677
4,540315,6OCO,MdrDBcore00768,F932C,1.114,-0.038756076246500015,0.3011261522769928,1.3786202669143677
4,540315,6OCO,MdrDBcore00769,F932C,-0.381,0.196108877658844,0.3011261522769928,1.3786202669143677
4,540315,6OCO,MdrDBcore00770,F932C,1.825,0.3097324073314667,0.3011261522769928,1.3786202669143677
4,540315,6OCO,MdrDBcore00771,F932C,0.853,0.1742609292268753,0.3011261522769928,1.3786202669143677
4,540315,6OCO,MdrDBcore00772,G593R,-0.385,-0.06761760264635086,0.3011261522769928,1.3786202669143677
4,540315,6OCO,MdrDBcore00773,G593R,-1.066,0.23080679774284363,0.3011261522769928,1.3786202669143677
4,540315,6OCO,MdrDBcore00774,G593R,1.639,0.31565967202186584,0.3011261522769928,1.3786202669143677
4,540315,6OCO,MdrDBcore00775,G593R,1.737,0.15051905810832977,0.3011261522769928,1.3786202669143677
4,540315,6G6W,MdrDBcore00776,G772S,0.944,0.28366631269454956,0.3011261522769928,1.3786202669143677
4,540315,6OCO,MdrDBcore00777,G772S,-0.37,0.25943228602409363,0.3011261522769928,1.3786202669143677
4,540315,6OCO,MdrDBcore00778,G772S,-0.284,0.31511393189430237,0.3011261522769928,1.3786202669143677
4,540315,6OCO,MdrDBcore00779,G772S,0.13,0.11653319001197815,0.3011261522769928,1.3786202669143677
4,540315,6OCO,MdrDBcore00780,G819E,1.359,-0.025550566613674164,0.3011261522769928,1.3786202669143677
4,540315,6OCO,MdrDBcore00781,G819E,1.572,0.3268541693687439,0.3011261522769928,1.3786202669143677
4,540315,6OCO,MdrDBcore00782,G819E,0.717,0.06840400397777557,0.3011261522769928,1.3786202669143677
4,540315,6OCO,MdrDBcore00783,G971R,-0.356,-0.05820722505450249,0.3011261522769928,1.3786202669143677
4,540315,6OCO,MdrDBcore00784,G971R,-1.304,0.2070900797843933,0.3011261522769928,1.3786202669143677
4,540315,6OCO,MdrDBcore00785,G971R,0.385,0.33191272616386414,0.3011261522769928,1.3786202669143677
4,540315,6G6W,MdrDBcore00786,G971R,-0.647,0.351286381483078,0.3011261522769928,1.3786202669143677
4,540315,6G6W,MdrDBcore00787,G985D,-0.9,0.3216470181941986,0.3011261522769928,1.3786202669143677
4,540315,6OCO,MdrDBcore00788,G985D,-1.309,0.2558669447898865,0.3011261522769928,1.3786202669143677
4,540315,6OCO,MdrDBcore00789,G985D,1.103,0.3238123953342438,0.3011261522769928,1.3786202669143677
4,540315,6OCO,MdrDBcore00790,G985D,0.766,0.24998003244400024,0.3011261522769928,1.3786202669143677
4,540315,6OCO,MdrDBcore00791,M387T,-0.331,-0.025049149990081787,0.3011261522769928,1.3786202669143677
4,540315,6OCO,MdrDBcore00792,M387T,0.988,0.16746076941490173,0.3011261522769928,1.3786202669143677
4,540315,6OCO,MdrDBcore00793,M387T,1.038,0.19015616178512573,0.3011261522769928,1.3786202669143677
4,540315,6OCO,MdrDBcore00794,M683I,0.209,-0.045885611325502396,0.3011261522769928,1.3786202669143677
4,540315,6OCO,MdrDBcore00795,M683I,-1.045,0.26139941811561584,0.3011261522769928,1.3786202669143677
4,540315,6OCO,MdrDBcore00796,M683I,0.788,0.3110730051994324,0.3011261522769928,1.3786202669143677
4,540315,6OCO,MdrDBcore00797,M683I,1.13,0.12794312834739685,0.3011261522769928,1.3786202669143677
4,540315,6OCO,MdrDBcore00798,M762I,0.201,-0.06399478018283844,0.3011261522769928,1.3786202669143677
4,540315,6OCO,MdrDBcore00799,M762I,-1.116,0.26216036081314087,0.3011261522769928,1.3786202669143677
4,540315,6OCO,MdrDBcore00800,M762I,1.238,0.3049428164958954,0.3011261522769928,1.3786202669143677
4,540315,6OCO,MdrDBcore00801,M762I,0.663,0.22309830784797668,0.3011261522769928,1.3786202669143677
4,540315,6OCO,MdrDBcore00802,N334K,-0.837,-0.05915334075689316,0.3011261522769928,1.3786202669143677
4,540315,6OCO,MdrDBcore00803,N334K,-1.744,0.2526938021183014,0.3011261522769928,1.3786202669143677
4,540315,6OCO,MdrDBcore00804,N334K,-2.134,0.3039424419403076,0.3011261522769928,1.3786202669143677
4,540315,6OCO,MdrDBcore00805,N334K,-2.557,0.013397205621004105,0.3011261522769928,1.3786202669143677
4,540315,6G6W,MdrDBcore00806,P186S,0.549,0.3084867298603058,0.3011261522769928,1.3786202669143677
4,540315,6OCO,MdrDBcore00807,P186S,-1.197,0.20293083786964417,0.3011261522769928,1.3786202669143677
4,540315,6OCO,MdrDBcore00808,P186S,1.859,0.31607896089553833,0.3011261522769928,1.3786202669143677
4,540315,6OCO,MdrDBcore00809,P186S,1.462,0.2063729465007782,0.3011261522769928,1.3786202669143677
4,540315,7LQ1,MdrDBcore00810,P294H,1.024,-0.17509949207305908,0.3011261522769928,1.3786202669143677
4,540315,7LQ1,MdrDBcore00811,P294H,1.566,0.2725720703601837,0.3011261522769928,1.3786202669143677
4,540315,7LQ1,MdrDBcore00812,P294H,1.036,0.05316217616200447,0.3011261522769928,1.3786202669143677
4,540315,6OCO,MdrDBcore00813,P658L,1.496,0.3175922930240631,0.3011261522769928,1.3786202669143677
4,540315,6OCO,MdrDBcore00814,P658L,1.098,0.1237262636423111,0.3011261522769928,1.3786202669143677
4,540315,7LM2,MdrDBcore00815,R229Q,0.354,-0.37228161096572876,0.3011261522769928,1.3786202669143677
4,540315,7LM2,MdrDBcore00816,R229Q,-0.903,0.35374924540519714,0.3011261522769928,1.3786202669143677
4,540315,7LM2,MdrDBcore00817,R229Q,1.506,0.33744072914123535,0.3011261522769928,1.3786202669143677
4,540315,7LM2,MdrDBcore00818,R229Q,1.421,0.209183007478714,0.3011261522769928,1.3786202669143677
4,540315,7LM2,MdrDBcore00819,R229W,0.606,-0.36628004908561707,0.3011261522769928,1.3786202669143677
4,540315,7LM2,MdrDBcore00820,R229W,-1.723,0.37468084692955017,0.3011261522769928,1.3786202669143677
4,540315,7LM2,MdrDBcore00821,R229W,1.473,0.375374972820282,0.3011261522769928,1.3786202669143677
4,540315,6PYR,MdrDBcore00822,R229W,0.645,0.04838188365101814,0.3011261522769928,1.3786202669143677
4,540315,6OCO,MdrDBcore00823,R38C,-0.365,-0.060186244547367096,0.3011261522769928,1.3786202669143677
4,540315,6OCO,MdrDBcore00824,R38C,-1.456,0.2337011694908142,0.3011261522769928,1.3786202669143677
4,540315,6G6W,MdrDBcore00825,R38C,1.992,0.1786150187253952,0.3011261522769928,1.3786202669143677
4,540315,6OCO,MdrDBcore00826,R38C,1.95,0.18505367636680603,0.3011261522769928,1.3786202669143677
4,540315,6OCO,MdrDBcore00827,R437C,0.216,-0.04704057797789574,0.3011261522769928,1.3786202669143677
4,540315,6OCO,MdrDBcore00828,R437C,-1.465,0.260865181684494,0.3011261522769928,1.3786202669143677
4,540315,6OCO,MdrDBcore00829,R437C,1.666,0.31660929322242737,0.3011261522769928,1.3786202669143677
4,540315,6OCO,MdrDBcore00830,R437C,1.238,0.12026137113571167,0.3011261522769928,1.3786202669143677
4,540315,6OCO,MdrDBcore00831,R821C,-1.413,-0.06558018922805786,0.3011261522769928,1.3786202669143677
4,540315,6OCO,MdrDBcore00832,R821C,1.452,0.3186689615249634,0.3011261522769928,1.3786202669143677
4,540315,6OCO,MdrDBcore00833,R821C,2.036,0.1641012281179428,0.3011261522769928,1.3786202669143677
4,540315,6OCO,MdrDBcore00834,R88H,1.69,0.3466459810733795,0.3011261522769928,1.3786202669143677
4,540315,6OCO,MdrDBcore00835,R88H,1.048,0.17944400012493134,0.3011261522769928,1.3786202669143677
4,540315,6G6W,MdrDBcore00836,S174L,2.083,0.17265795171260834,0.3011261522769928,1.3786202669143677
4,540315,6G6W,MdrDBcore00837,S174L,0.188,0.3894834518432617,0.3011261522769928,1.3786202669143677
4,540315,6G6W,MdrDBcore00838,S174L,1.802,0.22027519345283508,0.3011261522769928,1.3786202669143677
4,540315,6G6W,MdrDBcore00839,S174L,1.908,0.2921672761440277,0.3011261522769928,1.3786202669143677
4,540315,7SHQ,MdrDBcore00840,D179G,1.527,0.49452659487724304,0.3011261522769928,1.3786202669143677
4,540315,7SHQ,MdrDBcore00841,D584N,1.715,0.4834630787372589,0.3011261522769928,1.3786202669143677
4,540315,7SHQ,MdrDBcore00842,D609N,1.604,0.6166813373565674,0.3011261522769928,1.3786202669143677
4,540315,7SHQ,MdrDBcore00843,E545D,1.571,0.4521113932132721,0.3011261522769928,1.3786202669143677
4,540315,7SHQ,MdrDBcore00844,E662K,1.281,0.3652378022670746,0.3011261522769928,1.3786202669143677
4,540315,7SHQ,MdrDBcore00845,E673D,1.289,0.5173290967941284,0.3011261522769928,1.3786202669143677
4,540315,7SHQ,MdrDBcore00846,G163V,1.756,0.3783573508262634,0.3011261522769928,1.3786202669143677
4,540315,7SHQ,MdrDBcore00847,G623S,1.237,0.7451755404472351,0.3011261522769928,1.3786202669143677
4,540315,7SHQ,MdrDBcore00848,I349V,1.672,0.36176183819770813,0.3011261522769928,1.3786202669143677
4,540315,7SHQ,MdrDBcore00849,P221L,1.95,0.8799030184745789,0.3011261522769928,1.3786202669143677
4,540315,7SHQ,MdrDBcore00850,Q286K,2.13,0.3081972599029541,0.3011261522769928,1.3786202669143677
4,540315,7SHQ,MdrDBcore00851,R111H,1.472,0.795355498790741,0.3011261522769928,1.3786202669143677
4,540315,7SHQ,MdrDBcore00852,R178Q,1.41,0.8205071091651917,0.3011261522769928,1.3786202669143677
4,540315,7SHQ,MdrDBcore00853,R247C,1.433,0.3317752778530121,0.3011261522769928,1.3786202669143677
4,540315,7SHQ,MdrDBcore00854,R265S,1.517,0.7629199028015137,0.3011261522769928,1.3786202669143677
4,540315,7SHQ,MdrDBcore00855,R303H,1.491,0.6730396747589111,0.3011261522769928,1.3786202669143677
4,540315,7SHQ,MdrDBcore00856,T149M,1.58,0.838071882724762,0.3011261522769928,1.3786202669143677
4,540315,7SHQ,MdrDBcore00857,T291M,2.01,0.40407034754753113,0.3011261522769928,1.3786202669143677
4,540315,7SHQ,MdrDBcore00858,T694I,1.412,0.5741800665855408,0.3011261522769928,1.3786202669143677
4,540315,7SHQ,MdrDBcore00859,V120I,1.753,0.7081889510154724,0.3011261522769928,1.3786202669143677
4,540315,7SHQ,MdrDBcore00860,W194C,1.538,0.5107848048210144,0.3011261522769928,1.3786202669143677
4,540315,7SHQ,MdrDBcore00861,Y641H,1.946,0.581276535987854,0.3011261522769928,1.3786202669143677
4,540315,7SHQ,MdrDBcore00862,Y713C,1.392,0.8703247308731079,0.3011261522769928,1.3786202669143677
4,540315,4ZYO,MdrDBcore00863,M224I,0.639,0.10034874081611633,0.3011261522769928,1.3786202669143677
4,540315,7BG9,MdrDBcore00864,D807G,1.237,0.5145541429519653,0.3011261522769928,1.3786202669143677
4,540315,7BG9,MdrDBcore00865,D848G,1.211,0.3273743689060211,0.3011261522769928,1.3786202669143677
4,540315,7BG9,MdrDBcore00866,E1068K,1.628,0.3721936047077179,0.3011261522769928,1.3786202669143677
4,540315,7BG9,MdrDBcore00867,E484K,1.124,0.379410982131958,0.3011261522769928,1.3786202669143677
4,540315,7BG9,MdrDBcore00868,H752R,1.3,0.7804387807846069,0.3011261522769928,1.3786202669143677
4,540315,7BG9,MdrDBcore00869,L397I,0.21,0.4089784622192383,0.3011261522769928,1.3786202669143677
4,540315,7BG9,MdrDBcore00870,P380S,0.378,0.4609368145465851,0.3011261522769928,1.3786202669143677
4,540315,7BG9,MdrDBcore00871,P530L,1.038,0.6142967939376831,0.3011261522769928,1.3786202669143677
4,540315,7BG9,MdrDBcore00872,P785L,0.639,0.49576249718666077,0.3011261522769928,1.3786202669143677
4,540315,7BG9,MdrDBcore00873,P785Q,-0.52,0.36833664774894714,0.3011261522769928,1.3786202669143677
4,540315,7BG9,MdrDBcore00874,Q1024H,1.345,0.6921338438987732,0.3011261522769928,1.3786202669143677
4,540315,7BG9,MdrDBcore00875,R521H,1.202,0.25372838973999023,0.3011261522769928,1.3786202669143677
4,540315,7BG9,MdrDBcore00876,R743Q,-0.729,0.5943379998207092,0.3011261522769928,1.3786202669143677
4,540315,7BG9,MdrDBcore00877,R865C,0.839,0.3948104679584503,0.3011261522769928,1.3786202669143677
4,540315,7BG9,MdrDBcore00878,R938L,1.408,0.40572863817214966,0.3011261522769928,1.3786202669143677
4,540315,7BG9,MdrDBcore00879,R972H,1.156,0.40302473306655884,0.3011261522769928,1.3786202669143677
4,540315,7BG9,MdrDBcore00880,T726P,-0.519,0.22204998135566711,0.3011261522769928,1.3786202669143677
4,540315,7BG9,MdrDBcore00881,T878A,1.071,0.45838072896003723,0.3011261522769928,1.3786202669143677
4,540315,7BG9,MdrDBcore00882,V639I,1.29,0.37570491433143616,0.3011261522769928,1.3786202669143677
4,540315,7BG9,MdrDBcore00883,V640M,1.288,0.33017775416374207,0.3011261522769928,1.3786202669143677
4,540315,7BG9,MdrDBcore00884,V741M,1.087,0.49942120909690857,0.3011261522769928,1.3786202669143677
4,540315,7BG9,MdrDBcore00885,V898A,1.275,0.5275405049324036,0.3011261522769928,1.3786202669143677
4,540315,2WMR,MdrDBcore00886,A253D,-2.155,0.088248610496521,0.3011261522769928,1.3786202669143677
4,540315,2WMR,MdrDBcore00887,Y173H,-2.256,0.06337402760982513,0.3011261522769928,1.3786202669143677
4,540315,4KIK,MdrDBcore00888,A360S,-1.563,-0.6265708804130554,0.3011261522769928,1.3786202669143677
4,540315,4KIK,MdrDBcore00889,A360S,1.021,0.11376897990703583,0.3011261522769928,1.3786202669143677
4,540315,3BRV,MdrDBcore00890,A710T,-0.504,-0.33602175116539,0.3011261522769928,1.3786202669143677
4,540315,3BRV,MdrDBcore00891,A710T,1.786,0.48333248496055603,0.3011261522769928,1.3786202669143677
4,540315,4KIK,MdrDBcore00892,E502K,-1.913,-0.6256738901138306,0.3011261522769928,1.3786202669143677
4,540315,4KIK,MdrDBcore00893,E502K,-0.066,0.17582331597805023,0.3011261522769928,1.3786202669143677
4,540315,3BRV,MdrDBcore00894,F734L,-1.768,-0.3368789255619049,0.3011261522769928,1.3786202669143677
4,540315,3BRV,MdrDBcore00895,F734L,1.667,0.45267781615257263,0.3011261522769928,1.3786202669143677
4,540315,4KIK,MdrDBcore00896,H284Y,-1.984,-0.616644561290741,0.3011261522769928,1.3786202669143677
4,540315,4KIK,MdrDBcore00897,H284Y,0.13,0.15673047304153442,0.3011261522769928,1.3786202669143677
4,540315,4KIK,MdrDBcore00898,I413S,-1.999,-0.6184282898902893,0.3011261522769928,1.3786202669143677
4,540315,4KIK,MdrDBcore00899,K337N,-1.745,-0.6202200055122375,0.3011261522769928,1.3786202669143677
4,540315,4KIK,MdrDBcore00900,P296L,1.4,0.11275328695774078,0.3011261522769928,1.3786202669143677
4,540315,4KIK,MdrDBcore00901,R118W,-1.151,-0.6170014142990112,0.3011261522769928,1.3786202669143677
4,540315,4KIK,MdrDBcore00902,R118W,1.339,0.09632807970046997,0.3011261522769928,1.3786202669143677
4,540315,4KIK,MdrDBcore00903,R20H,-0.068,-0.6265822052955627,0.3011261522769928,1.3786202669143677
4,540315,4KIK,MdrDBcore00904,R20H,0.521,0.17577794194221497,0.3011261522769928,1.3786202669143677
4,540315,4KIK,MdrDBcore00905,R526Q,1.063,0.11367471516132355,0.3011261522769928,1.3786202669143677
4,540315,4KIK,MdrDBcore00906,R57W,-1.249,-0.5939878821372986,0.3011261522769928,1.3786202669143677
4,540315,4KIK,MdrDBcore00907,R57W,1.131,0.16202116012573242,0.3011261522769928,1.3786202669143677
4,540315,4KIK,MdrDBcore00908,T344M,0.66,0.17627668380737305,0.3011261522769928,1.3786202669143677
4,540315,4KIK,MdrDBcore00909,T8R,-0.516,-0.6239292025566101,0.3011261522769928,1.3786202669143677
4,540315,4KIK,MdrDBcore00910,T8R,1.208,0.17280566692352295,0.3011261522769928,1.3786202669143677
4,540315,4KIK,MdrDBcore00911,V327A,-1.102,-0.6281814575195312,0.3011261522769928,1.3786202669143677
4,540315,4KIK,MdrDBcore00912,V327A,1.669,0.12229384481906891,0.3011261522769928,1.3786202669143677
4,540315,4KIK,MdrDBcore00913,Y199C,-1.65,-0.6317248344421387,0.3011261522769928,1.3786202669143677
4,540315,4KIK,MdrDBcore00914,Y199C,1.462,0.15212857723236084,0.3011261522769928,1.3786202669143677
4,540315,4JBO,MdrDBcore00915,D311G,-0.93,0.07583808898925781,0.3011261522769928,1.3786202669143677
4,540315,4JBO,MdrDBcore00916,D311G,-0.001,-0.07416516542434692,0.3011261522769928,1.3786202669143677
4,540315,4JBO,MdrDBcore00917,F133L,0.523,0.123665452003479,0.3011261522769928,1.3786202669143677
4,540315,4JBO,MdrDBcore00918,F133L,-0.48,-0.08304467797279358,0.3011261522769928,1.3786202669143677
4,540315,4JBO,MdrDBcore00919,G173V,-0.301,0.03674252703785896,0.3011261522769928,1.3786202669143677
4,540315,4JBO,MdrDBcore00920,G173V,-0.367,-0.052874449640512466,0.3011261522769928,1.3786202669143677
4,540315,5DT0,MdrDBcore00921,L222P,-0.036,-0.19061502814292908,0.3011261522769928,1.3786202669143677
4,540315,4JBO,MdrDBcore00922,L222P,-0.626,-0.07883594930171967,0.3011261522769928,1.3786202669143677
4,540315,4JBO,MdrDBcore00923,P297H,0.286,-0.07499521970748901,0.3011261522769928,1.3786202669143677
4,540315,4JBO,MdrDBcore00924,P297H,-1.585,-0.09009221196174622,0.3011261522769928,1.3786202669143677
4,540315,3FDN,MdrDBcore00925,Q394A,0.19,-0.09958899021148682,0.3011261522769928,1.3786202669143677
4,540315,3FDN,MdrDBcore00926,Q394A,0.126,-0.30144739151000977,0.3011261522769928,1.3786202669143677
4,540315,5DT0,MdrDBcore00927,R343Q,-0.868,-0.08648400008678436,0.3011261522769928,1.3786202669143677
4,540315,4JBO,MdrDBcore00928,R343Q,-0.333,-0.054062411189079285,0.3011261522769928,1.3786202669143677
4,540315,4JBO,MdrDBcore00929,S361L,0.835,0.05806801840662956,0.3011261522769928,1.3786202669143677
4,540315,4JBO,MdrDBcore00930,S361L,0.516,-0.0865868330001831,0.3011261522769928,1.3786202669143677
4,540315,4JBO,MdrDBcore00931,V174M,0.743,0.07087740302085876,0.3011261522769928,1.3786202669143677
4,540315,4JBO,MdrDBcore00932,V174M,-0.501,-0.0876564234495163,0.3011261522769928,1.3786202669143677
4,540315,4JBO,MdrDBcore00933,Y197C,0.747,0.15902456641197205,0.3011261522769928,1.3786202669143677
4,540315,4JBO,MdrDBcore00934,Y197C,0.569,-0.0535472109913826,0.3011261522769928,1.3786202669143677
4,540315,4JBO,MdrDBcore00935,Y246H,0.777,0.2971995770931244,0.3011261522769928,1.3786202669143677
4,540315,4JBO,MdrDBcore00936,Y246H,-0.064,-0.05758194625377655,0.3011261522769928,1.3786202669143677
4,540315,3JZQ,MdrDBcore00937,C76Y,1.279,0.08870381116867065,0.3011261522769928,1.3786202669143677
4,540315,3JZQ,MdrDBcore00938,R87C,1.337,0.06758624315261841,0.3011261522769928,1.3786202669143677
4,540315,2VKI,MdrDBcore00939,A532T,-1.663,-0.08116040378808975,0.3011261522769928,1.3786202669143677
4,540315,2VKI,MdrDBcore00940,A532T,-0.285,0.046822477132081985,0.3011261522769928,1.3786202669143677
4,540315,2VKI,MdrDBcore00941,A532T,-1.531,-0.2753489315509796,0.3011261522769928,1.3786202669143677
4,540315,1W1D,MdrDBcore00942,H517Q,-1.454,-0.2627071440219879,0.3011261522769928,1.3786202669143677
4,540315,2VKI,MdrDBcore00943,H517Q,-0.794,0.039637986570596695,0.3011261522769928,1.3786202669143677
4,540315,2VKI,MdrDBcore00944,H517Q,-0.914,-0.186472550034523,0.3011261522769928,1.3786202669143677
4,540315,2VKI,MdrDBcore00945,Q540L,-0.007,-0.08072873950004578,0.3011261522769928,1.3786202669143677
4,540315,2VKI,MdrDBcore00946,Q540L,0.155,0.08094009757041931,0.3011261522769928,1.3786202669143677
4,540315,2VKI,MdrDBcore00947,Q540L,-0.613,-0.30136793851852417,0.3011261522769928,1.3786202669143677
4,540315,2VKI,MdrDBcore00948,R505Q,-0.014,0.6111009120941162,0.3011261522769928,1.3786202669143677
4,540315,2VKI,MdrDBcore00949,R505Q,0.605,0.16558367013931274,0.3011261522769928,1.3786202669143677
4,540315,2VKI,MdrDBcore00950,R505Q,-0.845,-0.2902992367744446,0.3011261522769928,1.3786202669143677
4,540315,AlphaFold2,MdrDBcore00951,C657R,1.242,0.539044976234436,0.3011261522769928,1.3786202669143677
4,540315,AlphaFold2,MdrDBcore00952,D644E,-0.767,0.2282501757144928,0.3011261522769928,1.3786202669143677
4,540315,4FVQ,MdrDBcore00953,C675W,0.357,0.025618519634008408,0.3011261522769928,1.3786202669143677
4,540315,4FVQ,MdrDBcore00954,E592K,2.616,0.09519980847835541,0.3011261522769928,1.3786202669143677
4,540315,3IOK,MdrDBcore00955,E846D,2.797,0.30150866508483887,0.3011261522769928,1.3786202669143677
4,540315,4FVQ,MdrDBcore00956,F547V,1.589,0.0363137386739254,0.3011261522769928,1.3786202669143677
4,540315,4FVQ,MdrDBcore00957,F560L,3.126,0.0713733583688736,0.3011261522769928,1.3786202669143677
4,540315,6E2Q,MdrDBcore00958,F85S,2.311,0.04020111635327339,0.3011261522769928,1.3786202669143677
4,540315,3IOK,MdrDBcore00959,G1093R,1.446,0.2946435809135437,0.3011261522769928,1.3786202669143677
4,540315,6G3C,MdrDBcore00960,G571S,-0.047,0.3224351704120636,0.3011261522769928,1.3786202669143677
4,540315,6E2Q,MdrDBcore00961,H172R,-0.218,-0.35703787207603455,0.3011261522769928,1.3786202669143677
4,540315,6E2Q,MdrDBcore00962,H172R,1.82,0.20926347374916077,0.3011261522769928,1.3786202669143677
4,540315,6G3C,MdrDBcore00963,H606Q,-1.028,0.12490186095237732,0.3011261522769928,1.3786202669143677
4,540315,4FVQ,MdrDBcore00964,H606Q,0.836,-0.009556595236063004,0.3011261522769928,1.3786202669143677
4,540315,6E2Q,MdrDBcore00965,I67M,1.408,0.21374014019966125,0.3011261522769928,1.3786202669143677
4,540315,6E2Q,MdrDBcore00966,L383P,-1.434,-0.32133036851882935,0.3011261522769928,1.3786202669143677
4,540315,6E2Q,MdrDBcore00967,L383P,2.042,0.2656717002391815,0.3011261522769928,1.3786202669143677
4,540315,6E2Q,MdrDBcore00968,L393V,-0.207,-0.19961613416671753,0.3011261522769928,1.3786202669143677
4,540315,4FVQ,MdrDBcore00969,L634P,2.074,0.015182439237833023,0.3011261522769928,1.3786202669143677
4,540315,3IOK,MdrDBcore00970,L905P,-1.629,0.2756859064102173,0.3011261522769928,1.3786202669143677
4,540315,3IOK,MdrDBcore00971,N1108S,1.948,0.2760621905326843,0.3011261522769928,1.3786202669143677
4,540315,6E2Q,MdrDBcore00972,N337D,0.983,-0.1272873878479004,0.3011261522769928,1.3786202669143677
4,540315,3IOK,MdrDBcore00973,R1063H,-0.474,0.2940809428691864,0.3011261522769928,1.3786202669143677
4,540315,3IOK,MdrDBcore00974,R1117M,0.687,0.25071537494659424,0.3011261522769928,1.3786202669143677
4,540315,6E2Q,MdrDBcore00975,R426A,0.073,0.01418258622288704,0.3011261522769928,1.3786202669143677
4,540315,6E2Q,MdrDBcore00976,S411N,3.172,-0.07085327059030533,0.3011261522769928,1.3786202669143677
4,540315,6E2Q,MdrDBcore00977,S507A,0.168,0.14145749807357788,0.3011261522769928,1.3786202669143677
4,540315,4FVQ,MdrDBcore00978,S797C,1.229,0.004985924810171127,0.3011261522769928,1.3786202669143677
4,540315,6E2Q,MdrDBcore00979,T108A,3.21,-0.014775082468986511,0.3011261522769928,1.3786202669143677
4,540315,6E2Q,MdrDBcore00980,V149A,0.931,0.1751091629266739,0.3011261522769928,1.3786202669143677
4,540315,4FVQ,MdrDBcore00981,V617F,0.016,0.17971950769424438,0.3011261522769928,1.3786202669143677
4,540315,6E2Q,MdrDBcore00982,W157A,-0.483,0.27786803245544434,0.3011261522769928,1.3786202669143677
4,540315,6E2Q,MdrDBcore00983,Y42H,3.166,0.24363860487937927,0.3011261522769928,1.3786202669143677
4,540315,3IOK,MdrDBcore00984,Y934N,1.12,0.3391479253768921,0.3011261522769928,1.3786202669143677
4,540315,6E2Q,MdrDBcore00985,Y96H,-0.387,0.09332236647605896,0.3011261522769928,1.3786202669143677
4,540315,5UEY,MdrDBcore00986,C357Y,3.73,0.28004997968673706,0.3011261522769928,1.3786202669143677
4,540315,5UEY,MdrDBcore00987,C357Y,1.188,0.461474746465683,0.3011261522769928,1.3786202669143677
4,540315,5UEY,MdrDBcore00988,C357Y,1.205,0.1939937174320221,0.3011261522769928,1.3786202669143677
4,540315,5CTL,MdrDBcore00989,H77Y,-2.382,0.35427331924438477,0.3011261522769928,1.3786202669143677
4,540315,5CTL,MdrDBcore00990,H77Y,0.959,0.3471742272377014,0.3011261522769928,1.3786202669143677
4,540315,5CTL,MdrDBcore00991,H77Y,1.105,0.3543153405189514,0.3011261522769928,1.3786202669143677
4,540315,5UEY,MdrDBcore00992,I360V,-0.479,0.46908852458000183,0.3011261522769928,1.3786202669143677
4,540315,5UEY,MdrDBcore00993,I360V,1.513,0.49610063433647156,0.3011261522769928,1.3786202669143677
4,540315,5UEY,MdrDBcore00994,I360V,1.347,0.20188888907432556,0.3011261522769928,1.3786202669143677
4,540315,4Z93,MdrDBcore00995,R444C,0.287,0.29027217626571655,0.3011261522769928,1.3786202669143677
4,540315,4Z93,MdrDBcore00996,R444C,-0.215,0.4588277041912079,0.3011261522769928,1.3786202669143677
4,540315,4Z93,MdrDBcore00997,R444C,-0.063,0.3292559087276459,0.3011261522769928,1.3786202669143677
4,540315,2N3K,MdrDBcore00998,R616W,1.224,0.37091347575187683,0.3011261522769928,1.3786202669143677
4,540315,2N3K,MdrDBcore00999,R616W,1.614,0.5927245616912842,0.3011261522769928,1.3786202669143677
4,540315,2N3K,MdrDBcore01000,R616W,1.6,0.4570280611515045,0.3011261522769928,1.3786202669143677
4,540315,5CTL,MdrDBcore01001,T73I,-0.44,0.03457951918244362,0.3011261522769928,1.3786202669143677
4,540315,5CTL,MdrDBcore01002,T73I,-0.958,0.3657739758491516,0.3011261522769928,1.3786202669143677
4,540315,5CTL,MdrDBcore01003,T73I,-1.313,0.27311035990715027,0.3011261522769928,1.3786202669143677
4,540315,5CTL,MdrDBcore01004,W120A,0.458,-0.03144847974181175,0.3011261522769928,1.3786202669143677
4,540315,5CTL,MdrDBcore01005,W120A,0.346,0.36033692955970764,0.3011261522769928,1.3786202669143677
4,540315,5CTL,MdrDBcore01006,W120A,-0.884,0.34574052691459656,0.3011261522769928,1.3786202669143677
4,540315,5CTL,MdrDBcore01007,W81L,1.79,0.44127896428108215,0.3011261522769928,1.3786202669143677
4,540315,5CTL,MdrDBcore01008,W81L,1.632,0.45271047949790955,0.3011261522769928,1.3786202669143677
4,540315,5CTL,MdrDBcore01009,W81L,1.777,0.358376145362854,0.3011261522769928,1.3786202669143677
4,540315,6UMD,MdrDBcore01010,A537E,-0.83,0.16996513307094574,0.3011261522769928,1.3786202669143677
4,540315,6UMD,MdrDBcore01011,D467N,1.991,0.10062003135681152,0.3011261522769928,1.3786202669143677
4,540315,5U0J,MdrDBcore01012,D585V,1.689,0.3006340265274048,0.3011261522769928,1.3786202669143677
4,540315,5U0J,MdrDBcore01013,D634G,2.083,0.16427582502365112,0.3011261522769928,1.3786202669143677
4,540315,6UMD,MdrDBcore01014,F472L,1.268,0.41616231203079224,0.3011261522769928,1.3786202669143677
4,540315,6UMD,MdrDBcore01015,G243E,1.422,0.3265295624732971,0.3011261522769928,1.3786202669143677
4,540315,4O7D,MdrDBcore01016,K346Q,-0.127,0.34658631682395935,0.3011261522769928,1.3786202669143677
4,540315,6UMD,MdrDBcore01017,L478R,1.294,0.41522130370140076,0.3011261522769928,1.3786202669143677
4,540315,6UMD,MdrDBcore01018,N331S,0.49,0.21638286113739014,0.3011261522769928,1.3786202669143677
4,540315,6UMD,MdrDBcore01019,R307L,0.897,0.4511214792728424,0.3011261522769928,1.3786202669143677
4,540315,6UMD,MdrDBcore01020,V453I,1.509,0.25660744309425354,0.3011261522769928,1.3786202669143677
4,540315,5SD8,MdrDBcore01021,A125V,1.996,0.24082860350608826,0.3011261522769928,1.3786202669143677
4,540315,5HT4,MdrDBcore01022,I176T,0.282,0.30272841453552246,0.3011261522769928,1.3786202669143677
4,540315,5HT4,MdrDBcore01023,T57A,0.41,0.2876203656196594,0.3011261522769928,1.3786202669143677
4,540315,5DC4,MdrDBcore01024,A156T,0.124,-0.005547311156988144,0.3011261522769928,1.3786202669143677
4,540315,5DC4,MdrDBcore01025,E216K,0.948,-0.0792408287525177,0.3011261522769928,1.3786202669143677
4,540315,2V7A,MdrDBcore01026,G340W,-0.028,0.06038976088166237,0.3011261522769928,1.3786202669143677
4,540315,2V7A,MdrDBcore01027,H415Q,0.762,0.07848216593265533,0.3011261522769928,1.3786202669143677
4,540315,4J9H,MdrDBcore01028,K106E,1.244,0.05731961503624916,0.3011261522769928,1.3786202669143677
4,540315,6AMW,MdrDBcore01029,K7R,-0.044,-0.15547481179237366,0.3011261522769928,1.3786202669143677
4,540315,4JJB,MdrDBcore01030,N115S,0.944,0.058848787099123,0.3011261522769928,1.3786202669143677
4,540315,6AMW,MdrDBcore01031,P131S,-0.881,-0.19555234909057617,0.3011261522769928,1.3786202669143677
4,540315,2V7A,MdrDBcore01032,P460L,0.494,0.07385897636413574,0.3011261522769928,1.3786202669143677
4,540315,6AMW,MdrDBcore01033,R13K,-0.459,-0.09840798377990723,0.3011261522769928,1.3786202669143677
4,540315,5DC4,MdrDBcore01034,R153C,-0.602,-0.10098224878311157,0.3011261522769928,1.3786202669143677
4,540315,5DC4,MdrDBcore01035,R185K,-0.121,-0.024088740348815918,0.3011261522769928,1.3786202669143677
4,540315,2V7A,MdrDBcore01036,R351W,0.405,0.0627158135175705,0.3011261522769928,1.3786202669143677
4,540315,7N9G,MdrDBcore01037,R502W,0.707,-0.043403252959251404,0.3011261522769928,1.3786202669143677
4,540315,2V7A,MdrDBcore01038,T243I,0.101,0.07231801748275757,0.3011261522769928,1.3786202669143677
4,540315,6XR6,MdrDBcore01039,V390I,-0.227,-0.14164909720420837,0.3011261522769928,1.3786202669143677
4,540315,2V7A,MdrDBcore01040,Y276C,-0.478,0.08207792043685913,0.3011261522769928,1.3786202669143677
4,540315,1MOX,MdrDBcore01041,A289D,-0.356,-0.03785724937915802,0.3011261522769928,1.3786202669143677
4,540315,1MOX,MdrDBcore01042,A289D,0.668,0.017499465495347977,0.3011261522769928,1.3786202669143677
4,540315,7SZ0,MdrDBcore01043,A289V,0.598,-0.41755783557891846,0.3011261522769928,1.3786202669143677
4,540315,1MOX,MdrDBcore01044,A289V,0.528,0.2484644055366516,0.3011261522769928,1.3786202669143677
4,540315,1MOX,MdrDBcore01045,A289V,0.287,-0.0409298874437809,0.3011261522769928,1.3786202669143677
4,540315,7SZ0,MdrDBcore01046,A289V,1.005,0.07050620019435883,0.3011261522769928,1.3786202669143677
4,540315,1MOX,MdrDBcore01047,A289V,0.516,-0.008841928094625473,0.3011261522769928,1.3786202669143677
4,540315,5CAN,MdrDBcore01048,A702D,-1.549,-0.18164287507534027,0.3011261522769928,1.3786202669143677
4,540315,5CAN,MdrDBcore01049,A702D,0.098,-0.24165725708007812,0.3011261522769928,1.3786202669143677
4,540315,6D8E,MdrDBcore01050,A864V,-1.162,0.018665660172700882,0.3011261522769928,1.3786202669143677
4,540315,6D8E,MdrDBcore01051,A864V,-1.228,-0.2448754608631134,0.3011261522769928,1.3786202669143677
4,540315,6D8E,MdrDBcore01052,A864V,-1.186,-0.039186764508485794,0.3011261522769928,1.3786202669143677
4,540315,6D8E,MdrDBcore01053,A864V,-0.945,0.10696330666542053,0.3011261522769928,1.3786202669143677
4,540315,6D8E,MdrDBcore01054,A864V,-0.788,-0.01891937106847763,0.3011261522769928,1.3786202669143677
4,540315,6D8E,MdrDBcore01055,A864V,-0.396,-0.0007955394685268402,0.3011261522769928,1.3786202669143677
4,540315,6D8E,MdrDBcore01056,A864V,-1.02,-0.02640983834862709,0.3011261522769928,1.3786202669143677
4,540315,6D8E,MdrDBcore01057,A864V,-1.432,-0.3435562551021576,0.3011261522769928,1.3786202669143677
4,540315,6D8E,MdrDBcore01058,A864V,-0.67,-0.05643825978040695,0.3011261522769928,1.3786202669143677
4,540315,1MOX,MdrDBcore01059,C251Y,-0.693,0.047936905175447464,0.3011261522769928,1.3786202669143677
4,540315,1MOX,MdrDBcore01060,C311F,2.202,0.09646572172641754,0.3011261522769928,1.3786202669143677
4,540315,7SZ0,MdrDBcore01061,C523R,-0.599,-0.25098997354507446,0.3011261522769928,1.3786202669143677
4,540315,7SZ0,MdrDBcore01062,C523R,-0.637,-0.019395478069782257,0.3011261522769928,1.3786202669143677
4,540315,7SZ0,MdrDBcore01063,C523R,0.304,-0.32588011026382446,0.3011261522769928,1.3786202669143677
4,540315,7SZ0,MdrDBcore01064,C523R,0.093,0.07722057402133942,0.3011261522769928,1.3786202669143677
4,540315,7SZ0,MdrDBcore01065,C523R,-0.466,-0.2492866814136505,0.3011261522769928,1.3786202669143677
4,540315,7SZ0,MdrDBcore01066,C523R,0.621,0.02458006516098976,0.3011261522769928,1.3786202669143677
4,540315,5CAN,MdrDBcore01067,E711K,-0.282,-0.32869940996170044,0.3011261522769928,1.3786202669143677
4,540315,6TG1,MdrDBcore01068,E711K,0.102,0.12117475271224976,0.3011261522769928,1.3786202669143677
4,540315,5CAN,MdrDBcore01069,E711K,0.011,-0.20033343136310577,0.3011261522769928,1.3786202669143677
4,540315,5CAN,MdrDBcore01070,E711K,0.301,0.1717606633901596,0.3011261522769928,1.3786202669143677
4,540315,5CAN,MdrDBcore01071,E711K,1.056,-0.2736632823944092,0.3011261522769928,1.3786202669143677
4,540315,5CAN,MdrDBcore01072,F961L,0.414,0.2549433708190918,0.3011261522769928,1.3786202669143677
4,540315,5CAN,MdrDBcore01073,F961L,-0.23,-0.2502594590187073,0.3011261522769928,1.3786202669143677
4,540315,5CAN,MdrDBcore01074,F961L,-0.145,-0.24432238936424255,0.3011261522769928,1.3786202669143677
4,540315,2M0B,MdrDBcore01075,G659R,-0.828,0.05064777657389641,0.3011261522769928,1.3786202669143677
4,540315,5CAN,MdrDBcore01076,G719S,-0.311,0.0005906447768211365,0.3011261522769928,1.3786202669143677
4,540315,6TG1,MdrDBcore01077,G719S,-2.08,-0.0028888769447803497,0.3011261522769928,1.3786202669143677
4,540315,6D8E,MdrDBcore01078,G719S,-1.345,0.2243174910545349,0.3011261522769928,1.3786202669143677
4,540315,5CAN,MdrDBcore01079,G719S,-1.534,-0.17488470673561096,0.3011261522769928,1.3786202669143677
4,540315,5CAN,MdrDBcore01080,G719S,-1.594,0.046212274581193924,0.3011261522769928,1.3786202669143677
4,540315,5CAN,MdrDBcore01081,G719S,0.896,-0.1181892454624176,0.3011261522769928,1.3786202669143677
4,540315,5CAN,MdrDBcore01082,G917R,-0.265,-0.2815494239330292,0.3011261522769928,1.3786202669143677
4,540315,5CAN,MdrDBcore01083,G917R,0.04,0.22858944535255432,0.3011261522769928,1.3786202669143677
4,540315,5CAN,MdrDBcore01084,G917R,-0.148,-0.0375954806804657,0.3011261522769928,1.3786202669143677
4,540315,5CAN,MdrDBcore01085,G917R,-0.372,0.015192288905382156,0.3011261522769928,1.3786202669143677
4,540315,5CAN,MdrDBcore01086,H988P,-0.191,0.003509063273668289,0.3011261522769928,1.3786202669143677
4,540315,2M0B,MdrDBcore01087,I646L,0.139,-0.020402181893587112,0.3011261522769928,1.3786202669143677
4,540315,2M0B,MdrDBcore01088,I646L,0.342,0.007998276501893997,0.3011261522769928,1.3786202669143677
4,540315,5LV6,MdrDBcore01089,I646L,-0.278,-0.04204199090600014,0.3011261522769928,1.3786202669143677
4,540315,2M0B,MdrDBcore01090,I646L,0.656,0.06684021651744843,0.3011261522769928,1.3786202669143677
4,540315,2M0B,MdrDBcore01091,I646L,0.677,0.019603881984949112,0.3011261522769928,1.3786202669143677
4,540315,7SZ0,MdrDBcore01092,K28N,-0.86,0.241341233253479,0.3011261522769928,1.3786202669143677
4,540315,2N5S,MdrDBcore01093,L62R,0.651,-0.10458667576313019,0.3011261522769928,1.3786202669143677
4,540315,2N5S,MdrDBcore01094,L62R,0.883,0.2783069312572479,0.3011261522769928,1.3786202669143677
4,540315,2N5S,MdrDBcore01095,L62R,0.476,0.0117252878844738,0.3011261522769928,1.3786202669143677
4,540315,2N5S,MdrDBcore01096,L62R,1.078,0.1497035026550293,0.3011261522769928,1.3786202669143677
4,540315,2N5S,MdrDBcore01097,L62R,1.369,-0.18215376138687134,0.3011261522769928,1.3786202669143677
4,540315,1MOX,MdrDBcore01098,L76P,-0.985,-0.033118799328804016,0.3011261522769928,1.3786202669143677
4,540315,1MOX,MdrDBcore01099,L76P,-0.97,0.0031399615108966827,0.3011261522769928,1.3786202669143677
4,540315,2M20,MdrDBcore01100,L76P,-0.064,0.2659284472465515,0.3011261522769928,1.3786202669143677
4,540315,2M20,MdrDBcore01101,L76P,-0.699,0.02130821719765663,0.3011261522769928,1.3786202669143677
4,540315,1MOX,MdrDBcore01102,L76P,-0.228,0.04659787192940712,0.3011261522769928,1.3786202669143677
4,540315,2M20,MdrDBcore01103,L76P,0.398,0.28170686960220337,0.3011261522769928,1.3786202669143677
4,540315,1MOX,MdrDBcore01104,L76P,-1.343,0.060725439339876175,0.3011261522769928,1.3786202669143677
4,540315,2M20,MdrDBcore01105,L76P,-1.839,-0.006835658103227615,0.3011261522769928,1.3786202669143677
4,540315,6D8E,MdrDBcore01106,L858R,-4.042,-0.031305983662605286,0.3011261522769928,1.3786202669143677
4,540315,6D8E,MdrDBcore01107,L858R,-2.66,-0.06705079972743988,0.3011261522769928,1.3786202669143677
4,540315,5CAN,MdrDBcore01108,L861Q,-0.896,-0.26207828521728516,0.3011261522769928,1.3786202669143677
4,540315,5CAN,MdrDBcore01109,L861Q,-0.526,0.07582105696201324,0.3011261522769928,1.3786202669143677
4,540315,5CAN,MdrDBcore01110,L861Q,-1.064,-0.22074168920516968,0.3011261522769928,1.3786202669143677
4,540315,6D8E,MdrDBcore01111,L861Q,-0.736,-0.014115363359451294,0.3011261522769928,1.3786202669143677
4,540315,6D8E,MdrDBcore01112,L861Q,-0.619,0.010459434241056442,0.3011261522769928,1.3786202669143677
4,540315,5CAN,MdrDBcore01113,L883F,-0.382,-0.28603875637054443,0.3011261522769928,1.3786202669143677
4,540315,5CAN,MdrDBcore01114,L883F,0.58,0.34578800201416016,0.3011261522769928,1.3786202669143677
4,540315,5CAN,MdrDBcore01115,L883F,0.226,-0.21480605006217957,0.3011261522769928,1.3786202669143677
4,540315,5CAN,MdrDBcore01116,L883F,0.281,0.11259083449840546,0.3011261522769928,1.3786202669143677
4,540315,5CAN,MdrDBcore01117,L883F,0.945,-0.2396417260169983,0.3011261522769928,1.3786202669143677
4,540315,3PFV,MdrDBcore01118,P1071L,0.324,0.22254055738449097,0.3011261522769928,1.3786202669143677
4,540315,3PFV,MdrDBcore01119,P1071L,-0.931,-0.025296282023191452,0.3011261522769928,1.3786202669143677
4,540315,3PFV,MdrDBcore01120,P1071L,-0.113,-0.03535196930170059,0.3011261522769928,1.3786202669143677
4,540315,3PFV,MdrDBcore01121,P1071L,0.13,0.17419646680355072,0.3011261522769928,1.3786202669143677
4,540315,3PFV,MdrDBcore01122,P1071L,-0.12,0.088905930519104,0.3011261522769928,1.3786202669143677
4,540315,3PFV,MdrDBcore01123,P1071L,1.21,0.028415288776159286,0.3011261522769928,1.3786202669143677
4,540315,5CAN,MdrDBcore01124,P753S,-1.218,0.04454584792256355,0.3011261522769928,1.3786202669143677
4,540315,5CAN,MdrDBcore01125,P753S,1.334,-0.2045920193195343,0.3011261522769928,1.3786202669143677
4,540315,5CAN,MdrDBcore01126,Q701R,-0.279,-0.06243567168712616,0.3011261522769928,1.3786202669143677
4,540315,6TG1,MdrDBcore01127,Q701R,-0.382,-0.1991957277059555,0.3011261522769928,1.3786202669143677
4,540315,5CAN,MdrDBcore01128,Q701R,0.29,0.21493008732795715,0.3011261522769928,1.3786202669143677
4,540315,6D8E,MdrDBcore01129,Q701R,-0.347,-0.056192219257354736,0.3011261522769928,1.3786202669143677
4,540315,5CAN,MdrDBcore01130,Q701R,0.084,0.06004064157605171,0.3011261522769928,1.3786202669143677
4,540315,5CAN,MdrDBcore01131,Q701R,-0.522,-0.24691975116729736,0.3011261522769928,1.3786202669143677
4,540315,1MOX,MdrDBcore01132,R165Q,0.288,0.060038093477487564,0.3011261522769928,1.3786202669143677
4,540315,1MOX,MdrDBcore01133,R451C,-0.719,-0.0518423467874527,0.3011261522769928,1.3786202669143677
4,540315,7SZ0,MdrDBcore01134,R451C,-1.196,-0.2207711935043335,0.3011261522769928,1.3786202669143677
4,540315,1MOX,MdrDBcore01135,R451C,-0.817,0.022500623017549515,0.3011261522769928,1.3786202669143677
4,540315,1MOX,MdrDBcore01136,R451C,-0.695,0.07860778272151947,0.3011261522769928,1.3786202669143677
4,540315,7SZ0,MdrDBcore01137,R451C,-1.115,-0.09827330708503723,0.3011261522769928,1.3786202669143677
4,540315,1MOX,MdrDBcore01138,R451C,0.991,-0.03277013823390007,0.3011261522769928,1.3786202669143677
4,540315,2M0B,MdrDBcore01139,R675Q,0.202,0.09845826029777527,0.3011261522769928,1.3786202669143677
4,540315,2M0B,MdrDBcore01140,R675Q,0.948,0.23778733611106873,0.3011261522769928,1.3786202669143677
4,540315,2M0B,MdrDBcore01141,R675Q,0.704,0.04631325975060463,0.3011261522769928,1.3786202669143677
4,540315,2M0B,MdrDBcore01142,R675Q,1.255,0.17204391956329346,0.3011261522769928,1.3786202669143677
4,540315,2M0B,MdrDBcore01143,R675Q,0.318,0.05957109108567238,0.3011261522769928,1.3786202669143677
4,540315,2M0B,MdrDBcore01144,R677C,-1.091,-0.07191719114780426,0.3011261522769928,1.3786202669143677
4,540315,5CAN,MdrDBcore01145,R832C,-1.389,0.2947101294994354,0.3011261522769928,1.3786202669143677
4,540315,5CAN,MdrDBcore01146,R832C,-1.507,-0.20644107460975647,0.3011261522769928,1.3786202669143677
4,540315,5CAN,MdrDBcore01147,R832C,-0.512,-0.2869824767112732,0.3011261522769928,1.3786202669143677
4,540315,5CAN,MdrDBcore01148,S703F,-2.773,-0.021633215248584747,0.3011261522769928,1.3786202669143677
4,540315,5CAN,MdrDBcore01149,S768I,-2.066,-0.024496767669916153,0.3011261522769928,1.3786202669143677
4,540315,6D8E,MdrDBcore01150,S768I,-1.336,-0.23102077841758728,0.3011261522769928,1.3786202669143677
4,540315,5CAN,MdrDBcore01151,S768I,-1.442,0.22080713510513306,0.3011261522769928,1.3786202669143677
4,540315,5CAN,MdrDBcore01152,S768I,-2.007,0.07300817966461182,0.3011261522769928,1.3786202669143677
4,540315,5CAN,MdrDBcore01153,S768I,-1.274,-0.03393549844622612,0.3011261522769928,1.3786202669143677
4,540315,5CAN,MdrDBcore01154,S768I,-3.63,-0.24090789258480072,0.3011261522769928,1.3786202669143677
4,540315,5CAN,MdrDBcore01155,S811F,0.566,-0.2841474711894989,0.3011261522769928,1.3786202669143677
4,540315,5CAN,MdrDBcore01156,S811F,0.765,0.2032351791858673,0.3011261522769928,1.3786202669143677
4,540315,5CAN,MdrDBcore01157,S811F,0.132,-0.19111208617687225,0.3011261522769928,1.3786202669143677
4,540315,5CAN,MdrDBcore01158,S811F,0.163,-0.01896054670214653,0.3011261522769928,1.3786202669143677
4,540315,5CAN,MdrDBcore01159,S811F,-0.607,-0.3277190625667572,0.3011261522769928,1.3786202669143677
4,540315,6TG1,MdrDBcore01160,T751I,0.033,0.03979475423693657,0.3011261522769928,1.3786202669143677
4,540315,5CAN,MdrDBcore01161,T751I,0.148,0.1955469846725464,0.3011261522769928,1.3786202669143677
4,540315,5CAN,MdrDBcore01162,T751I,-0.088,0.02222108468413353,0.3011261522769928,1.3786202669143677
4,540315,5CAN,MdrDBcore01163,T751I,-0.18,0.0033808834850788116,0.3011261522769928,1.3786202669143677
4,540315,5CAN,MdrDBcore01164,T751I,-0.629,-0.25019219517707825,0.3011261522769928,1.3786202669143677
4,540315,5CAN,MdrDBcore01165,V1011M,-2.524,-0.04705639183521271,0.3011261522769928,1.3786202669143677
4,540315,5CAN,MdrDBcore01166,V1011M,-0.24,-0.26088476181030273,0.3011261522769928,1.3786202669143677
4,540315,5CAN,MdrDBcore01167,V1011M,-0.267,0.22152823209762573,0.3011261522769928,1.3786202669143677
4,540315,5CAN,MdrDBcore01168,V1011M,-0.597,-0.21990585327148438,0.3011261522769928,1.3786202669143677
4,540315,5CAN,MdrDBcore01169,V1011M,-1.178,0.1884523630142212,0.3011261522769928,1.3786202669143677
4,540315,5CAN,MdrDBcore01170,V1011M,-1.794,-0.25146234035491943,0.3011261522769928,1.3786202669143677
4,540315,1MOX,MdrDBcore01171,V292M,-0.108,-0.08164055645465851,0.3011261522769928,1.3786202669143677
4,540315,7SZ0,MdrDBcore01172,V592F,-0.734,0.019255299121141434,0.3011261522769928,1.3786202669143677
4,540315,7SZ0,MdrDBcore01173,V592F,0.123,-0.19910627603530884,0.3011261522769928,1.3786202669143677
4,540315,7SZ0,MdrDBcore01174,V592F,1.952,-0.09764503687620163,0.3011261522769928,1.3786202669143677
4,540315,5CAN,MdrDBcore01175,V738D,-0.931,-0.2835463881492615,0.3011261522769928,1.3786202669143677
4,540315,6D8E,MdrDBcore01176,V738D,-0.288,0.25330445170402527,0.3011261522769928,1.3786202669143677
4,540315,5CAN,MdrDBcore01177,V738D,-0.471,-0.2424980103969574,0.3011261522769928,1.3786202669143677
4,540315,5CAN,MdrDBcore01178,V738D,-0.628,0.07345767319202423,0.3011261522769928,1.3786202669143677
4,540315,5CAN,MdrDBcore01179,V738D,-1.784,-0.2578815817832947,0.3011261522769928,1.3786202669143677
4,540315,5CAN,MdrDBcore01180,V904I,-0.686,-0.15593791007995605,0.3011261522769928,1.3786202669143677
4,540315,5CAN,MdrDBcore01181,V904I,-0.631,-0.27067869901657104,0.3011261522769928,1.3786202669143677
4,540315,5CAN,MdrDBcore01182,V904I,-0.007,0.15729564428329468,0.3011261522769928,1.3786202669143677
4,540315,5CAN,MdrDBcore01183,V904I,-0.208,-0.23488664627075195,0.3011261522769928,1.3786202669143677
4,540315,5CAN,MdrDBcore01184,V904I,-0.86,0.033725444227457047,0.3011261522769928,1.3786202669143677
4,540315,5CAN,MdrDBcore01185,V904I,-0.362,-0.2686755061149597,0.3011261522769928,1.3786202669143677
4,540315,5VQP,MdrDBcore01186,A221T,0.098,0.19267615675926208,0.3011261522769928,1.3786202669143677
4,540315,6GFF,MdrDBcore01187,A221T,0.035,0.5337880849838257,0.3011261522769928,1.3786202669143677
4,540315,6GFF,MdrDBcore01188,E169A,0.4,0.03723669424653053,0.3011261522769928,1.3786202669143677
4,540315,6GFF,MdrDBcore01189,F134L,1.061,0.08226348459720612,0.3011261522769928,1.3786202669143677
4,540315,6GFF,MdrDBcore01190,F134L,-0.28,0.1451825499534607,0.3011261522769928,1.3786202669143677
4,540315,5FFO,MdrDBcore01191,I300V,0.168,-0.03228630870580673,0.3011261522769928,1.3786202669143677
4,540315,6GFF,MdrDBcore01192,R152Q,0.693,0.2379491627216339,0.3011261522769928,1.3786202669143677
4,540315,6GFF,MdrDBcore01193,R152Q,1.291,0.5513356924057007,0.3011261522769928,1.3786202669143677
4,540315,6GFF,MdrDBcore01194,R205L,1.168,0.26744958758354187,0.3011261522769928,1.3786202669143677
4,540315,6GFF,MdrDBcore01195,R205L,0.137,0.15920737385749817,0.3011261522769928,1.3786202669143677
4,540315,6GFF,MdrDBcore01196,S138L,0.563,0.38334131240844727,0.3011261522769928,1.3786202669143677
4,540315,6GFF,MdrDBcore01197,S138L,1.717,-0.023976489901542664,0.3011261522769928,1.3786202669143677
4,540315,6GFF,MdrDBcore01198,S209R,0.408,0.3513525426387787,0.3011261522769928,1.3786202669143677
4,540315,6GFF,MdrDBcore01199,S209R,-0.44,-0.0063773468136787415,0.3011261522769928,1.3786202669143677
4,540315,5VQP,MdrDBcore01200,T289A,0.353,0.38032805919647217,0.3011261522769928,1.3786202669143677
4,540315,4KV5,MdrDBcore01201,V20M,1.636,0.19776850938796997,0.3011261522769928,1.3786202669143677
4,540315,4KV5,MdrDBcore01202,Y103H,0.514,0.23556190729141235,0.3011261522769928,1.3786202669143677
4,540315,6GFF,MdrDBcore01203,Y103H,-0.297,-0.049910396337509155,0.3011261522769928,1.3786202669143677
4,540315,5TM1,MdrDBcore01204,D321N,0.066,0.16123200953006744,0.3011261522769928,1.3786202669143677
4,540315,5TM1,MdrDBcore01205,D321N,0.304,0.47414693236351013,0.3011261522769928,1.3786202669143677
4,540315,5TM1,MdrDBcore01206,D426G,-0.151,0.1488085240125656,0.3011261522769928,1.3786202669143677
4,540315,5TM1,MdrDBcore01207,D426G,-0.021,0.45316341519355774,0.3011261522769928,1.3786202669143677
4,540315,4AA6,MdrDBcore01208,E247K,-0.19,-0.16968806087970734,0.3011261522769928,1.3786202669143677
4,540315,4AA6,MdrDBcore01209,E247K,-0.393,0.09032411873340607,0.3011261522769928,1.3786202669143677
4,540315,2LLQ,MdrDBcore01210,I298V,-0.293,-0.03185513988137245,0.3011261522769928,1.3786202669143677
4,540315,2LLQ,MdrDBcore01211,I298V,-0.247,0.22865897417068481,0.3011261522769928,1.3786202669143677
4,540315,5U2B,MdrDBcore01212,K299N,-0.096,0.27946174144744873,0.3011261522769928,1.3786202669143677
4,540315,2LLQ,MdrDBcore01213,K299R,-0.316,-0.07242279499769211,0.3011261522769928,1.3786202669143677
4,540315,2LLQ,MdrDBcore01214,K299R,1.023,0.23662665486335754,0.3011261522769928,1.3786202669143677
4,540315,2LLQ,MdrDBcore01215,M297I,0.335,-0.03977004066109657,0.3011261522769928,1.3786202669143677
4,540315,4AA6,MdrDBcore01216,R241L,0.711,-0.13459333777427673,0.3011261522769928,1.3786202669143677
4,540315,4AA6,MdrDBcore01217,R241L,-0.261,0.08374503254890442,0.3011261522769928,1.3786202669143677
4,540315,5TM1,MdrDBcore01218,R548C,-0.441,0.12358132004737854,0.3011261522769928,1.3786202669143677
4,540315,5TM1,MdrDBcore01219,R548C,-0.471,0.48139169812202454,0.3011261522769928,1.3786202669143677
4,540315,4AA6,MdrDBcore01220,T182A,-0.213,-0.20583747327327728,0.3011261522769928,1.3786202669143677
4,540315,4AA6,MdrDBcore01221,T182A,0.145,0.14114771783351898,0.3011261522769928,1.3786202669143677
4,540315,5TM1,MdrDBcore01222,V392I,-0.334,0.10241085290908813,0.3011261522769928,1.3786202669143677
4,540315,5TM1,MdrDBcore01223,V392I,0.002,0.4584525525569916,0.3011261522769928,1.3786202669143677
4,540315,5MY6,MdrDBcore01224,A386T,1.101,0.29105979204177856,0.3011261522769928,1.3786202669143677
4,540315,7MN8,MdrDBcore01225,A586G,0.23,-0.2190360277891159,0.3011261522769928,1.3786202669143677
4,540315,6LBX,MdrDBcore01226,A586G,1.097,0.20128649473190308,0.3011261522769928,1.3786202669143677
4,540315,3PP0,MdrDBcore01227,A830V,-0.34,0.23966944217681885,0.3011261522769928,1.3786202669143677
4,540315,3PP0,MdrDBcore01228,A830V,1.275,0.03674593195319176,0.3011261522769928,1.3786202669143677
4,540315,2L4K,MdrDBcore01229,D1144H,1.33,0.5337703227996826,0.3011261522769928,1.3786202669143677
4,540315,6LBX,MdrDBcore01230,D592E,1.293,0.20982158184051514,0.3011261522769928,1.3786202669143677
4,540315,3PP0,MdrDBcore01231,E744K,0.58,0.22259581089019775,0.3011261522769928,1.3786202669143677
4,540315,3PP0,MdrDBcore01232,E744K,1.703,0.07732129096984863,0.3011261522769928,1.3786202669143677
4,540315,3PP0,MdrDBcore01233,E930D,0.498,0.23255950212478638,0.3011261522769928,1.3786202669143677
4,540315,3PP0,MdrDBcore01234,E930D,1.074,0.04343712702393532,0.3011261522769928,1.3786202669143677
4,540315,3PP0,MdrDBcore01235,E936K,1.208,0.09411358833312988,0.3011261522769928,1.3786202669143677
4,540315,7MN8,MdrDBcore01236,G518V,-0.611,-0.11306527256965637,0.3011261522769928,1.3786202669143677
4,540315,5MY6,MdrDBcore01237,G518V,1.487,0.10546258091926575,0.3011261522769928,1.3786202669143677
4,540315,3PP0,MdrDBcore01238,G776V,1.218,0.10069254040718079,0.3011261522769928,1.3786202669143677
4,540315,6LBX,MdrDBcore01239,K591M,1.313,0.15353474020957947,0.3011261522769928,1.3786202669143677
4,540315,3PP0,MdrDBcore01240,L720P,-0.74,0.18643397092819214,0.3011261522769928,1.3786202669143677
4,540315,3PP0,MdrDBcore01241,L720P,1.177,0.11663398146629333,0.3011261522769928,1.3786202669143677
4,540315,3PP0,MdrDBcore01242,L755S,-1.223,0.2216162085533142,0.3011261522769928,1.3786202669143677
4,540315,3PP0,MdrDBcore01243,L755S,1.397,0.09029525518417358,0.3011261522769928,1.3786202669143677
4,540315,3PP0,MdrDBcore01244,L796P,1.379,0.07885441184043884,0.3011261522769928,1.3786202669143677
4,540315,5MY6,MdrDBcore01245,N319Y,1.35,0.35561704635620117,0.3011261522769928,1.3786202669143677
4,540315,7MN8,MdrDBcore01246,P230L,-0.368,0.25640323758125305,0.3011261522769928,1.3786202669143677
4,540315,5MY6,MdrDBcore01247,P230L,1.468,0.07706835865974426,0.3011261522769928,1.3786202669143677
4,540315,5MY6,MdrDBcore01248,Q178H,1.641,0.1940111219882965,0.3011261522769928,1.3786202669143677
4,540315,5MY6,MdrDBcore01249,R143Q,1.476,0.3808290660381317,0.3011261522769928,1.3786202669143677
4,540315,7MN8,MdrDBcore01250,R226H,-0.251,0.1591852605342865,0.3011261522769928,1.3786202669143677
4,540315,5MY6,MdrDBcore01251,R226H,1.003,0.19612053036689758,0.3011261522769928,1.3786202669143677
4,540315,5MY6,MdrDBcore01252,R432W,1.52,0.022744152694940567,0.3011261522769928,1.3786202669143677
4,540315,5MY6,MdrDBcore01253,R499Q,1.643,0.4130258560180664,0.3011261522769928,1.3786202669143677
4,540315,3PP0,MdrDBcore01254,R816H,1.616,0.09915924072265625,0.3011261522769928,1.3786202669143677
4,540315,3PP0,MdrDBcore01255,R896H,0.026,0.15976472198963165,0.3011261522769928,1.3786202669143677
4,540315,3PP0,MdrDBcore01256,S1007A,-0.226,0.02430048957467079,0.3011261522769928,1.3786202669143677
4,540315,5MY6,MdrDBcore01257,S310F,1.353,0.09749135375022888,0.3011261522769928,1.3786202669143677
4,540315,6J71,MdrDBcore01258,S335C,1.298,0.23335304856300354,0.3011261522769928,1.3786202669143677
4,540315,1MFG,MdrDBcore01259,V1253M,1.209,0.3570408821105957,0.3011261522769928,1.3786202669143677
4,540315,7MN8,MdrDBcore01260,V541M,0.426,-0.23744092881679535,0.3011261522769928,1.3786202669143677
4,540315,6LBX,MdrDBcore01261,V541M,1.961,0.14204858243465424,0.3011261522769928,1.3786202669143677
4,540315,3PP0,MdrDBcore01262,V842I,1.0,0.08700869977474213,0.3011261522769928,1.3786202669143677
4,540315,5MY6,MdrDBcore01263,W452C,-0.482,0.21334269642829895,0.3011261522769928,1.3786202669143677
4,540315,5MY6,MdrDBcore01264,W452S,1.615,0.09428372979164124,0.3011261522769928,1.3786202669143677
4,540315,2IFG,MdrDBcore01265,A107V,-0.588,0.24581173062324524,0.3011261522769928,1.3786202669143677
4,540315,2IFG,MdrDBcore01266,A65S,-0.973,0.04486231878399849,0.3011261522769928,1.3786202669143677
4,540315,5KMO,MdrDBcore01267,D738N,-1.024,0.29376938939094543,0.3011261522769928,1.3786202669143677
4,540315,6D20,MdrDBcore01268,E492K,-0.45,0.2828390896320343,0.3011261522769928,1.3786202669143677
4,540315,6PMB,MdrDBcore01269,E518D,-0.575,0.45291170477867126,0.3011261522769928,1.3786202669143677
4,540315,5KMO,MdrDBcore01270,E581K,0.113,0.35985618829727173,0.3011261522769928,1.3786202669143677
4,540315,2IFG,MdrDBcore01271,G166R,-0.339,-0.08738264441490173,0.3011261522769928,1.3786202669143677
4,540315,6PL3,MdrDBcore01272,G595E,-0.352,0.30207210779190063,0.3011261522769928,1.3786202669143677
4,540315,2IFG,MdrDBcore01273,G64D,-1.392,-0.1002739667892456,0.3011261522769928,1.3786202669143677
4,540315,6PL3,MdrDBcore01274,K665N,0.854,0.11857263743877411,0.3011261522769928,1.3786202669143677
4,540315,6PMB,MdrDBcore01275,K665N,0.751,0.44899871945381165,0.3011261522769928,1.3786202669143677
4,540315,2IFG,MdrDBcore01276,L62P,-0.478,-0.11330868303775787,0.3011261522769928,1.3786202669143677
4,540315,6PL3,MdrDBcore01277,M671T,0.505,0.3325352072715759,0.3011261522769928,1.3786202669143677
4,540315,2IFG,MdrDBcore01278,P149L,0.666,0.29961273074150085,0.3011261522769928,1.3786202669143677
4,540315,1WWW,MdrDBcore01279,P309L,0.354,0.19631066918373108,0.3011261522769928,1.3786202669143677
4,540315,1HE7,MdrDBcore01280,P387L,-0.124,0.2641916871070862,0.3011261522769928,1.3786202669143677
4,540315,2IFG,MdrDBcore01281,R104S,-0.426,-0.14978867769241333,0.3011261522769928,1.3786202669143677
4,540315,2IFG,MdrDBcore01282,R161H,0.709,-0.09490229189395905,0.3011261522769928,1.3786202669143677
4,540315,1WWW,MdrDBcore01283,R314C,0.363,0.19512319564819336,0.3011261522769928,1.3786202669143677
4,540315,1WWW,MdrDBcore01284,R314H,-0.637,0.1946803331375122,0.3011261522769928,1.3786202669143677
4,540315,6PL3,MdrDBcore01285,R574C,0.34,0.32397860288619995,0.3011261522769928,1.3786202669143677
4,540315,6PL3,MdrDBcore01286,R692H,0.208,0.2118745744228363,0.3011261522769928,1.3786202669143677
4,540315,4AOJ,MdrDBcore01287,R692H,0.217,0.1856188029050827,0.3011261522769928,1.3786202669143677
4,540315,6PL3,MdrDBcore01288,R748W,0.476,0.3380991220474243,0.3011261522769928,1.3786202669143677
4,540315,2IFG,MdrDBcore01289,S277F,1.134,-0.08575818687677383,0.3011261522769928,1.3786202669143677
4,540315,5KML,MdrDBcore01290,S475C,-0.238,0.3004891574382782,0.3011261522769928,1.3786202669143677
4,540315,4PMM,MdrDBcore01291,T678I,0.181,0.36488521099090576,0.3011261522769928,1.3786202669143677
4,540315,2IFG,MdrDBcore01292,V135L,0.269,-0.06033507362008095,0.3011261522769928,1.3786202669143677
4,540315,2IFG,MdrDBcore01293,V170A,0.152,-0.10372360050678253,0.3011261522769928,1.3786202669143677
4,540315,1WWW,MdrDBcore01294,V282I,-1.069,0.19940701127052307,0.3011261522769928,1.3786202669143677
4,540315,6PL3,MdrDBcore01295,W514A,0.067,0.34530511498451233,0.3011261522769928,1.3786202669143677
4,540315,4IBT,MdrDBcore01296,A159D,0.658,-0.3229281008243561,0.3011261522769928,1.3786202669143677
4,540315,6XRE,MdrDBcore01297,A307V,-0.319,0.21617427468299866,0.3011261522769928,1.3786202669143677
4,540315,4IBT,MdrDBcore01298,C124R,1.26,-0.15047580003738403,0.3011261522769928,1.3786202669143677
4,540315,4IBT,MdrDBcore01299,C141W,-0.244,-0.2809716463088989,0.3011261522769928,1.3786202669143677
4,540315,3D07,MdrDBcore01300,C176S,0.854,0.05328868702054024,0.3011261522769928,1.3786202669143677
4,540315,4IBT,MdrDBcore01301,C176Y,-0.087,0.001226905733346939,0.3011261522769928,1.3786202669143677
4,540315,4IBT,MdrDBcore01302,C238F,-1.165,-0.10615342110395432,0.3011261522769928,1.3786202669143677
4,540315,4IBT,MdrDBcore01303,C242R,0.573,-0.047380875796079636,0.3011261522769928,1.3786202669143677
4,540315,3D07,MdrDBcore01304,C242S,-0.088,0.1085248589515686,0.3011261522769928,1.3786202669143677
4,540315,2J20,MdrDBcore01305,C242W,0.138,0.27177947759628296,0.3011261522769928,1.3786202669143677
4,540315,4IBT,MdrDBcore01306,C275G,-0.216,-0.33657383918762207,0.3011261522769928,1.3786202669143677
4,540315,4IBT,MdrDBcore01307,C275Y,-0.281,0.07683679461479187,0.3011261522769928,1.3786202669143677
4,540315,4IBT,MdrDBcore01308,D259V,0.409,-0.0766899436712265,0.3011261522769928,1.3786202669143677
4,540315,4IBT,MdrDBcore01309,D259Y,0.416,0.12017291784286499,0.3011261522769928,1.3786202669143677
4,540315,4IBT,MdrDBcore01310,D281G,-1.902,-0.05884240195155144,0.3011261522769928,1.3786202669143677
4,540315,4IBT,MdrDBcore01311,D281Y,0.916,-0.09305086731910706,0.3011261522769928,1.3786202669143677
4,540315,2K8F,MdrDBcore01312,E11Q,0.01,0.08344544470310211,0.3011261522769928,1.3786202669143677
4,540315,4IBT,MdrDBcore01313,E180A,-0.469,0.09591002762317657,0.3011261522769928,1.3786202669143677
4,540315,4IBT,MdrDBcore01314,E204A,0.566,-0.0021105892956256866,0.3011261522769928,1.3786202669143677
4,540315,4IBT,MdrDBcore01315,E224K,-0.737,-0.32076242566108704,0.3011261522769928,1.3786202669143677
4,540315,4IBT,MdrDBcore01316,E285V,0.085,-0.1151098757982254,0.3011261522769928,1.3786202669143677
4,540315,4IBT,MdrDBcore01317,E286K,-0.38,-0.12871526181697845,0.3011261522769928,1.3786202669143677
4,540315,6XRE,MdrDBcore01318,E298A,0.302,0.520478367805481,0.3011261522769928,1.3786202669143677
4,540315,1SAE,MdrDBcore01319,E349A,0.609,0.4502456486225128,0.3011261522769928,1.3786202669143677
4,540315,2RUK,MdrDBcore01320,E56A,-0.101,0.5221675038337708,0.3011261522769928,1.3786202669143677
4,540315,4IBT,MdrDBcore01321,F113L,-1.546,-0.353227823972702,0.3011261522769928,1.3786202669143677
4,540315,3D07,MdrDBcore01322,F113V,-0.114,0.047528911381959915,0.3011261522769928,1.3786202669143677
4,540315,4IBT,MdrDBcore01323,G154V,-0.054,0.12534083425998688,0.3011261522769928,1.3786202669143677
4,540315,4IBT,MdrDBcore01324,G187R,1.545,-0.09779193997383118,0.3011261522769928,1.3786202669143677
4,540315,4IBT,MdrDBcore01325,G244A,-0.295,0.01757735386490822,0.3011261522769928,1.3786202669143677
4,540315,4IBT,MdrDBcore01326,G244C,-0.968,-0.07459007203578949,0.3011261522769928,1.3786202669143677
4,540315,4IBT,MdrDBcore01327,G245D,-0.079,-0.05623091012239456,0.3011261522769928,1.3786202669143677
4,540315,4IBT,MdrDBcore01328,G245V,-1.372,-0.05521458759903908,0.3011261522769928,1.3786202669143677
4,540315,4IBT,MdrDBcore01329,G262V,0.86,-0.11309739947319031,0.3011261522769928,1.3786202669143677
4,540315,4IBT,MdrDBcore01330,G266R,-0.292,-0.060826245695352554,0.3011261522769928,1.3786202669143677
4,540315,4IBT,MdrDBcore01331,G266V,0.404,-0.13189251720905304,0.3011261522769928,1.3786202669143677
4,540315,4IBT,MdrDBcore01332,H179D,0.241,0.08280718326568604,0.3011261522769928,1.3786202669143677
4,540315,4IBT,MdrDBcore01333,H179Q,-1.041,-0.12300194799900055,0.3011261522769928,1.3786202669143677
4,540315,4IBT,MdrDBcore01334,H193L,0.008,0.01786811277270317,0.3011261522769928,1.3786202669143677
4,540315,4IBT,MdrDBcore01335,H193Y,-0.446,-0.14026132225990295,0.3011261522769928,1.3786202669143677
4,540315,4IBT,MdrDBcore01336,I195T,-0.053,0.27574673295021057,0.3011261522769928,1.3786202669143677
4,540315,4IBT,MdrDBcore01337,I232S,-0.179,-0.10341286659240723,0.3011261522769928,1.3786202669143677
4,540315,4IBT,MdrDBcore01338,I251L,0.404,-0.08937689661979675,0.3011261522769928,1.3786202669143677
4,540315,4IBT,MdrDBcore01339,I251N,0.376,-0.04572524502873421,0.3011261522769928,1.3786202669143677
4,540315,4IBT,MdrDBcore01340,I251T,-0.037,-0.052094053477048874,0.3011261522769928,1.3786202669143677
4,540315,4IBT,MdrDBcore01341,I254N,-1.024,-0.13574112951755524,0.3011261522769928,1.3786202669143677
4,540315,4IBT,MdrDBcore01342,I255N,0.762,0.09441296756267548,0.3011261522769928,1.3786202669143677
4,540315,4IBT,MdrDBcore01343,I255S,-0.381,-0.089867502450943,0.3011261522769928,1.3786202669143677
4,540315,4IBT,MdrDBcore01344,I255T,0.232,-0.05679469183087349,0.3011261522769928,1.3786202669143677
4,540315,4IBT,MdrDBcore01345,K101A,0.039,-0.1252555400133133,0.3011261522769928,1.3786202669143677
4,540315,4IBT,MdrDBcore01346,K120N,0.75,-0.30022430419921875,0.3011261522769928,1.3786202669143677
4,540315,4IBT,MdrDBcore01347,K132E,-0.108,-0.11837980896234512,0.3011261522769928,1.3786202669143677
4,540315,4IBT,MdrDBcore01348,K164A,0.358,0.10581021010875702,0.3011261522769928,1.3786202669143677
4,540315,4IBT,MdrDBcore01349,K164E,-0.948,-0.10518209636211395,0.3011261522769928,1.3786202669143677
4,540315,4IBT,MdrDBcore01350,K164N,0.1,-0.07285739481449127,0.3011261522769928,1.3786202669143677
4,540315,3D07,MdrDBcore01351,K291A,0.558,0.1921505630016327,0.3011261522769928,1.3786202669143677
4,540315,4IBT,MdrDBcore01352,L130V,0.525,-0.11796176433563232,0.3011261522769928,1.3786202669143677
4,540315,4IBT,MdrDBcore01353,L145R,-1.048,-0.10865257680416107,0.3011261522769928,1.3786202669143677
4,540315,4IBT,MdrDBcore01354,L194F,0.322,-0.02898525819182396,0.3011261522769928,1.3786202669143677
4,540315,4IBT,MdrDBcore01355,L264R,0.757,-0.03396265581250191,0.3011261522769928,1.3786202669143677
4,540315,4IBT,MdrDBcore01356,L265P,-0.213,-0.3032068908214569,0.3011261522769928,1.3786202669143677
4,540315,4IBT,MdrDBcore01357,M246R,-0.158,0.09445197880268097,0.3011261522769928,1.3786202669143677
4,540315,4IBT,MdrDBcore01358,M246T,-0.159,-0.1038445234298706,0.3011261522769928,1.3786202669143677
4,540315,4IBT,MdrDBcore01359,N268I,0.208,0.04935288056731224,0.3011261522769928,1.3786202669143677
4,540315,4IBT,MdrDBcore01360,P151H,-0.277,0.0782633125782013,0.3011261522769928,1.3786202669143677
4,540315,4IBT,MdrDBcore01361,P177T,-0.539,-0.04350358620285988,0.3011261522769928,1.3786202669143677
4,540315,4IBT,MdrDBcore01362,P223L,1.505,-0.10027049481868744,0.3011261522769928,1.3786202669143677
4,540315,4IBT,MdrDBcore01363,P250L,0.598,-0.06804180145263672,0.3011261522769928,1.3786202669143677
4,540315,4IBT,MdrDBcore01364,P278A,-0.149,-0.29517266154289246,0.3011261522769928,1.3786202669143677
4,540315,4IBT,MdrDBcore01365,P278H,-0.406,-0.11176221072673798,0.3011261522769928,1.3786202669143677
4,540315,4IBT,MdrDBcore01366,P278S,0.716,-0.13923321664333344,0.3011261522769928,1.3786202669143677
4,540315,4IBT,MdrDBcore01367,P98L,0.522,-0.09150896966457367,0.3011261522769928,1.3786202669143677
4,540315,4IBT,MdrDBcore01368,Q100A,1.104,-0.06002194061875343,0.3011261522769928,1.3786202669143677
4,540315,4IBT,MdrDBcore01369,Q144A,-0.373,-0.09811392426490784,0.3011261522769928,1.3786202669143677
4,540315,4IBT,MdrDBcore01370,Q167A,0.595,-0.09655971825122833,0.3011261522769928,1.3786202669143677
4,540315,3Q01,MdrDBcore01371,Q331A,0.8,-0.04765525460243225,0.3011261522769928,1.3786202669143677
4,540315,4IBT,MdrDBcore01372,R110C,0.246,-0.1153535544872284,0.3011261522769928,1.3786202669143677
4,540315,4IBT,MdrDBcore01373,R110P,-0.287,0.050302017480134964,0.3011261522769928,1.3786202669143677
4,540315,4IBT,MdrDBcore01374,R156P,-0.394,0.11484014987945557,0.3011261522769928,1.3786202669143677
4,540315,4IBT,MdrDBcore01375,R158G,0.091,0.20449897646903992,0.3011261522769928,1.3786202669143677
4,540315,4IBT,MdrDBcore01376,R175L,0.612,0.04624224826693535,0.3011261522769928,1.3786202669143677
4,540315,4IBT,MdrDBcore01377,R181C,-0.885,-0.18697449564933777,0.3011261522769928,1.3786202669143677
4,540315,4IBT,MdrDBcore01378,R181H,0.247,-0.09181675314903259,0.3011261522769928,1.3786202669143677
4,540315,4IBT,MdrDBcore01379,R209A,0.323,-0.06775510311126709,0.3011261522769928,1.3786202669143677
4,540315,4IBT,MdrDBcore01380,R213L,0.252,0.04542139545083046,0.3011261522769928,1.3786202669143677
4,540315,4IBT,MdrDBcore01381,R248G,0.559,-0.07038117945194244,0.3011261522769928,1.3786202669143677
4,540315,4IBT,MdrDBcore01382,R249G,-0.636,-0.28804534673690796,0.3011261522769928,1.3786202669143677
4,540315,4IBT,MdrDBcore01383,R267P,0.442,-0.109677255153656,0.3011261522769928,1.3786202669143677
4,540315,4IBT,MdrDBcore01384,R280G,-1.191,-0.08529770374298096,0.3011261522769928,1.3786202669143677
4,540315,4IBT,MdrDBcore01385,R280K,-0.372,0.04405917599797249,0.3011261522769928,1.3786202669143677
4,540315,4IBT,MdrDBcore01386,R282Q,0.034,-0.10999204218387604,0.3011261522769928,1.3786202669143677
4,540315,4IBT,MdrDBcore01387,R283P,-0.816,-0.3237305283546448,0.3011261522769928,1.3786202669143677
4,540315,1SAE,MdrDBcore01388,R337C,0.867,0.28983238339424133,0.3011261522769928,1.3786202669143677
4,540315,1SAE,MdrDBcore01389,R337L,-1.266,0.4450145661830902,0.3011261522769928,1.3786202669143677
4,540315,1SAE,MdrDBcore01390,R342A,-0.389,0.15793295204639435,0.3011261522769928,1.3786202669143677
4,540315,4IBT,MdrDBcore01391,S215C,-2.605,-0.0915069431066513,0.3011261522769928,1.3786202669143677
4,540315,4IBT,MdrDBcore01392,S215I,0.645,-0.0915725827217102,0.3011261522769928,1.3786202669143677
4,540315,4IBT,MdrDBcore01393,S215N,1.106,0.187313973903656,0.3011261522769928,1.3786202669143677
4,540315,4IBT,MdrDBcore01394,S215R,0.498,-0.0571385882794857,0.3011261522769928,1.3786202669143677
4,540315,4IBT,MdrDBcore01395,S240R,-0.058,-0.05588604137301445,0.3011261522769928,1.3786202669143677
4,540315,4IBT,MdrDBcore01396,S241C,-0.483,-0.09782367944717407,0.3011261522769928,1.3786202669143677
4,540315,4IBT,MdrDBcore01397,S241Y,-0.136,-0.1101742684841156,0.3011261522769928,1.3786202669143677
4,540315,4IBT,MdrDBcore01398,S261T,-0.526,-0.05862070247530937,0.3011261522769928,1.3786202669143677
4,540315,6SL6,MdrDBcore01399,S90F,0.219,0.1973077356815338,0.3011261522769928,1.3786202669143677
4,540315,4IBT,MdrDBcore01400,T155N,-0.634,-0.07032313942909241,0.3011261522769928,1.3786202669143677
4,540315,4IBT,MdrDBcore01401,V143M,0.535,-0.035494010895490646,0.3011261522769928,1.3786202669143677
4,540315,4IBT,MdrDBcore01402,V147D,0.505,-0.08873200416564941,0.3011261522769928,1.3786202669143677
4,540315,4IBT,MdrDBcore01403,V173M,-0.756,-0.047438669949769974,0.3011261522769928,1.3786202669143677
4,540315,4IBT,MdrDBcore01404,V216L,0.092,-0.03134153038263321,0.3011261522769928,1.3786202669143677
4,540315,4IBT,MdrDBcore01405,V218L,0.984,-0.043660443276166916,0.3011261522769928,1.3786202669143677
4,540315,4IBT,MdrDBcore01406,V274F,-0.47,-0.014498364180326462,0.3011261522769928,1.3786202669143677
4,540315,4IBT,MdrDBcore01407,W146A,0.336,-0.08933952450752258,0.3011261522769928,1.3786202669143677
4,540315,4IBT,MdrDBcore01408,Y107A,0.163,-0.06559786200523376,0.3011261522769928,1.3786202669143677
4,540315,4IBT,MdrDBcore01409,Y126A,0.195,-0.10843606293201447,0.3011261522769928,1.3786202669143677
4,540315,3D07,MdrDBcore01410,Y126C,0.065,0.05712400749325752,0.3011261522769928,1.3786202669143677
4,540315,4IBT,MdrDBcore01411,Y205F,-0.692,-0.0874573141336441,0.3011261522769928,1.3786202669143677
4,540315,4IBT,MdrDBcore01412,Y220D,-0.218,-0.0063981227576732635,0.3011261522769928,1.3786202669143677
4,540315,4IBT,MdrDBcore01413,Y234C,-1.211,-0.3637534976005554,0.3011261522769928,1.3786202669143677
4,540315,4IBT,MdrDBcore01414,Y236C,-0.702,-0.11754750460386276,0.3011261522769928,1.3786202669143677
4,540315,4H1I,MdrDBcore01415,F142C,-1.844,0.0033285655081272125,0.3011261522769928,1.3786202669143677
4,540315,4H1I,MdrDBcore01416,F91V,0.311,-0.06469988822937012,0.3011261522769928,1.3786202669143677
4,540315,4H1I,MdrDBcore01417,K93N,-0.864,0.036106158047914505,0.3011261522769928,1.3786202669143677
4,540315,4H1I,MdrDBcore01418,P27S,1.115,-0.04696117341518402,0.3011261522769928,1.3786202669143677
4,540315,4H1I,MdrDBcore01419,R115A,-0.787,-0.14107617735862732,0.3011261522769928,1.3786202669143677
4,540315,4H1I,MdrDBcore01420,Y33H,-2.721,-0.10704261064529419,0.3011261522769928,1.3786202669143677
4,540315,2I0E,MdrDBcore01421,A451V,-1.057,0.35518357157707214,0.3011261522769928,1.3786202669143677
4,540315,2I0E,MdrDBcore01422,A509T,0.084,0.339176207780838,0.3011261522769928,1.3786202669143677
4,540315,2I0E,MdrDBcore01423,A570T,-0.868,0.3319890797138214,0.3011261522769928,1.3786202669143677
4,540315,2I0E,MdrDBcore01424,A621T,0.105,0.3511098027229309,0.3011261522769928,1.3786202669143677
4,540315,2I0E,MdrDBcore01425,D475Y,0.998,0.3687722086906433,0.3011261522769928,1.3786202669143677
4,540315,2I0E,MdrDBcore01426,E385D,0.183,0.34584489464759827,0.3011261522769928,1.3786202669143677
4,540315,2I0E,MdrDBcore01427,E657K,0.732,0.35057538747787476,0.3011261522769928,1.3786202669143677
4,540315,2I0E,MdrDBcore01428,G436D,1.299,0.36473914980888367,0.3011261522769928,1.3786202669143677
4,540315,2I0E,MdrDBcore01429,G543V,0.868,0.349211722612381,0.3011261522769928,1.3786202669143677
4,540315,2I0E,MdrDBcore01430,K489N,-1.153,0.3600468635559082,0.3011261522769928,1.3786202669143677
4,540315,2I0E,MdrDBcore01431,L469P,-0.426,0.31330403685569763,0.3011261522769928,1.3786202669143677
4,540315,2I0E,MdrDBcore01432,M357I,0.278,0.35455185174942017,0.3011261522769928,1.3786202669143677
4,540315,2I0E,MdrDBcore01433,P588H,-0.197,0.3657575845718384,0.3011261522769928,1.3786202669143677
4,540315,2I0E,MdrDBcore01434,P616T,0.902,0.364957332611084,0.3011261522769928,1.3786202669143677
4,540315,2I0E,MdrDBcore01435,P669R,0.154,0.34429052472114563,0.3011261522769928,1.3786202669143677
4,540315,2I0E,MdrDBcore01436,Q433H,0.915,0.36697444319725037,0.3011261522769928,1.3786202669143677
4,540315,2I0E,MdrDBcore01437,R465H,0.048,0.32850074768066406,0.3011261522769928,1.3786202669143677
4,540315,2I0E,MdrDBcore01438,R610H,0.7,0.36102473735809326,0.3011261522769928,1.3786202669143677
4,540315,2I0E,MdrDBcore01439,S664F,-0.12,0.3406751751899719,0.3011261522769928,1.3786202669143677
4,540315,1LKL,MdrDBcore01440,A143S,0.436,-0.09465108811855316,0.3011261522769928,1.3786202669143677
4,540315,1LKL,MdrDBcore01441,A143S,-0.266,-0.06915082037448883,0.3011261522769928,1.3786202669143677
4,540315,1LKL,MdrDBcore01442,A160T,-0.713,-0.12628276646137238,0.3011261522769928,1.3786202669143677
4,540315,1QPJ,MdrDBcore01443,E448Q,0.337,0.07286082208156586,0.3011261522769928,1.3786202669143677
4,540315,1QPJ,MdrDBcore01444,E467D,0.417,0.11706028878688812,0.3011261522769928,1.3786202669143677
4,540315,1QPJ,MdrDBcore01445,E482Q,0.393,0.12216584384441376,0.3011261522769928,1.3786202669143677
4,540315,1QPJ,MdrDBcore01446,G456S,2.467,0.11493434011936188,0.3011261522769928,1.3786202669143677
4,540315,1LKL,MdrDBcore01447,R139Q,-1.006,-0.07138964533805847,0.3011261522769928,1.3786202669143677
4,540315,1QPJ,MdrDBcore01448,R363H,0.33,0.09145575761795044,0.3011261522769928,1.3786202669143677
4,540315,1QPJ,MdrDBcore01449,R480H,1.736,0.13543269038200378,0.3011261522769928,1.3786202669143677
4,540315,3LCK,MdrDBcore01450,R484W,-0.656,-0.1611545979976654,0.3011261522769928,1.3786202669143677
4,540315,1QPJ,MdrDBcore01451,S377R,0.101,0.13119590282440186,0.3011261522769928,1.3786202669143677
4,540315,1QPJ,MdrDBcore01452,T416I,0.636,0.13485075533390045,0.3011261522769928,1.3786202669143677
4,540315,1LKL,MdrDBcore01453,V167I,0.702,-0.16533072292804718,0.3011261522769928,1.3786202669143677
4,540315,4Y72,MdrDBcore01454,A250V,-0.229,0.37118294835090637,0.3011261522769928,1.3786202669143677
4,540315,5LQF,MdrDBcore01455,G177R,-0.39,0.351442813873291,0.3011261522769928,1.3786202669143677
4,540315,5LQF,MdrDBcore01456,L282R,0.117,0.5012717247009277,0.3011261522769928,1.3786202669143677
4,540315,5LQF,MdrDBcore01457,P95S,0.513,0.4573679268360138,0.3011261522769928,1.3786202669143677
4,540315,5LQF,MdrDBcore01458,R59C,0.765,0.4963901937007904,0.3011261522769928,1.3786202669143677
4,540315,5LQF,MdrDBcore01459,S178L,0.634,0.4487289488315582,0.3011261522769928,1.3786202669143677
4,540315,5LQF,MdrDBcore01460,S233Y,-1.024,0.5153571963310242,0.3011261522769928,1.3786202669143677
4,540315,5LQF,MdrDBcore01461,S248N,0.331,0.4298841059207916,0.3011261522769928,1.3786202669143677
4,540315,3LCD,MdrDBcore01462,A792P,-0.053,0.05809323117136955,0.3011261522769928,1.3786202669143677
4,540315,4WRL,MdrDBcore01463,D89N,0.066,0.03765157237648964,0.3011261522769928,1.3786202669143677
4,540315,3KRJ,MdrDBcore01464,E664G,-0.582,0.3673870265483856,0.3011261522769928,1.3786202669143677
4,540315,4WRL,MdrDBcore01465,G145D,-0.559,0.26812943816185,0.3011261522769928,1.3786202669143677
4,540315,4LIQ,MdrDBcore01466,G377D,-0.221,0.23396903276443481,0.3011261522769928,1.3786202669143677
4,540315,3KRJ,MdrDBcore01467,H623Y,0.502,0.33229583501815796,0.3011261522769928,1.3786202669143677
4,540315,3KRJ,MdrDBcore01468,I827N,0.378,0.33468934893608093,0.3011261522769928,1.3786202669143677
4,540315,4LIQ,MdrDBcore01469,L207P,0.132,-0.01772293820977211,0.3011261522769928,1.3786202669143677
4,540315,4LIQ,MdrDBcore01470,P202S,-0.329,0.26246142387390137,0.3011261522769928,1.3786202669143677
4,540315,4WRM,MdrDBcore01471,Q460H,-0.25,0.25433504581451416,0.3011261522769928,1.3786202669143677
4,540315,4LIQ,MdrDBcore01472,R106Q,0.467,0.4834292232990265,0.3011261522769928,1.3786202669143677
4,540315,4LIQ,MdrDBcore01473,R256H,-0.115,0.03402161970734596,0.3011261522769928,1.3786202669143677
4,540315,4LIQ,MdrDBcore01474,R486S,0.047,0.14693327248096466,0.3011261522769928,1.3786202669143677
4,540315,3KRJ,MdrDBcore01475,R753W,0.081,0.2993864417076111,0.3011261522769928,1.3786202669143677
4,540315,3KRJ,MdrDBcore01476,T600M,-0.669,0.41839513182640076,0.3011261522769928,1.3786202669143677
4,540315,3KRJ,MdrDBcore01477,V659A,-0.192,0.38347741961479187,0.3011261522769928,1.3786202669143677
4,540315,3KRJ,MdrDBcore01478,Y571D,-4.236,0.3450579345226288,0.3011261522769928,1.3786202669143677
4,540315,6JK8,MdrDBcore01479,A241T,0.418,0.11447246372699738,0.3011261522769928,1.3786202669143677
4,540315,6JK8,MdrDBcore01480,A241T,-0.493,0.06376643478870392,0.3011261522769928,1.3786202669143677
4,540315,5FXR,MdrDBcore01481,D1146N,-1.665,0.4586627781391144,0.3011261522769928,1.3786202669143677
4,540315,3LW0,MdrDBcore01482,D1146N,-0.583,0.28025761246681213,0.3011261522769928,1.3786202669143677
4,540315,6JK8,MdrDBcore01483,D162N,-0.641,0.0784597396850586,0.3011261522769928,1.3786202669143677
4,540315,6JK8,MdrDBcore01484,D162N,0.147,-0.02010713890194893,0.3011261522769928,1.3786202669143677
4,540315,6JK8,MdrDBcore01485,D38N,0.666,0.16990546882152557,0.3011261522769928,1.3786202669143677
4,540315,6JK8,MdrDBcore01486,D38N,1.32,0.08343762159347534,0.3011261522769928,1.3786202669143677
4,540315,3LW0,MdrDBcore01487,E1037K,-0.695,0.43729621171951294,0.3011261522769928,1.3786202669143677
4,540315,3LW0,MdrDBcore01488,E1037K,-0.099,0.36320459842681885,0.3011261522769928,1.3786202669143677
4,540315,6JK8,MdrDBcore01489,E302K,0.823,-0.09717397391796112,0.3011261522769928,1.3786202669143677
4,540315,6JK8,MdrDBcore01490,E302K,1.437,0.05050474777817726,0.3011261522769928,1.3786202669143677
4,540315,3LW0,MdrDBcore01491,G1229S,0.075,0.4397783577442169,0.3011261522769928,1.3786202669143677
4,540315,5FXR,MdrDBcore01492,G1229S,-0.613,0.3083260655403137,0.3011261522769928,1.3786202669143677
4,540315,6JK8,MdrDBcore01493,G310S,-0.536,0.14156563580036163,0.3011261522769928,1.3786202669143677
4,540315,6JK8,MdrDBcore01494,G310S,-0.536,0.07054838538169861,0.3011261522769928,1.3786202669143677
4,540315,6JK8,MdrDBcore01495,G410V,-0.209,-0.10480813682079315,0.3011261522769928,1.3786202669143677
4,540315,6JK8,MdrDBcore01496,G410V,0.236,0.10671864449977875,0.3011261522769928,1.3786202669143677
4,540315,6JK8,MdrDBcore01497,K339N,0.29,0.11360535025596619,0.3011261522769928,1.3786202669143677
4,540315,6JK8,MdrDBcore01498,K339N,1.646,0.18084019422531128,0.3011261522769928,1.3786202669143677
4,540315,6JK8,MdrDBcore01499,M446V,-0.437,-0.0979473888874054,0.3011261522769928,1.3786202669143677
4,540315,6JK8,MdrDBcore01500,M446V,-0.563,0.10391309857368469,0.3011261522769928,1.3786202669143677
4,540315,6VWG,MdrDBcore01501,N284Y,0.032,0.0837198942899704,0.3011261522769928,1.3786202669143677
4,540315,6VWG,MdrDBcore01502,N284Y,1.196,0.16183732450008392,0.3011261522769928,1.3786202669143677
4,540315,3LW0,MdrDBcore01503,P989S,1.181,0.4594740569591522,0.3011261522769928,1.3786202669143677
4,540315,3LW0,MdrDBcore01504,P989S,-0.106,0.4576500356197357,0.3011261522769928,1.3786202669143677
4,540315,6JK8,MdrDBcore01505,R107H,-0.356,-0.0057145655155181885,0.3011261522769928,1.3786202669143677
4,540315,6JK8,MdrDBcore01506,R107H,-0.295,0.2737068235874176,0.3011261522769928,1.3786202669143677
4,540315,6JK8,MdrDBcore01507,R252C,0.968,0.08610799908638,0.3011261522769928,1.3786202669143677
4,540315,6JK8,MdrDBcore01508,R279H,1.442,0.010754596441984177,0.3011261522769928,1.3786202669143677
4,540315,6JK8,MdrDBcore01509,R461H,-0.472,0.10395452380180359,0.3011261522769928,1.3786202669143677
4,540315,6JK8,MdrDBcore01510,R461H,-1.424,0.11269716918468475,0.3011261522769928,1.3786202669143677
4,540315,6JK8,MdrDBcore01511,R595H,-0.752,0.12961284816265106,0.3011261522769928,1.3786202669143677
4,540315,6JK8,MdrDBcore01512,R595H,-0.32,0.1957201063632965,0.3011261522769928,1.3786202669143677
4,540315,6JK8,MdrDBcore01513,R650Q,0.252,-0.03547205030918121,0.3011261522769928,1.3786202669143677
4,540315,6VWJ,MdrDBcore01514,R794Q,-1.156,0.20280611515045166,0.3011261522769928,1.3786202669143677
4,540315,3LW0,MdrDBcore01515,S1009L,1.291,0.48536941409111023,0.3011261522769928,1.3786202669143677
4,540315,1JQH,MdrDBcore01516,S1009L,1.873,0.37014028429985046,0.3011261522769928,1.3786202669143677
4,540315,6JK8,MdrDBcore01517,S343F,-0.771,0.06087746098637581,0.3011261522769928,1.3786202669143677
4,540315,6JK8,MdrDBcore01518,S522N,0.21,0.09017221629619598,0.3011261522769928,1.3786202669143677
4,540315,6JK8,MdrDBcore01519,S522N,-0.498,0.07123373448848724,0.3011261522769928,1.3786202669143677
4,540315,6JK8,MdrDBcore01520,T524S,0.156,0.153419628739357,0.3011261522769928,1.3786202669143677
4,540315,6JK8,MdrDBcore01521,T524S,-0.592,-0.008428532630205154,0.3011261522769928,1.3786202669143677
4,540315,6JK8,MdrDBcore01522,V259I,-1.087,-0.0597832053899765,0.3011261522769928,1.3786202669143677
4,540315,6JK8,MdrDBcore01523,V259I,-0.83,0.0591285265982151,0.3011261522769928,1.3786202669143677
4,540315,6JK8,MdrDBcore01524,V388M,-0.517,0.0285562165081501,0.3011261522769928,1.3786202669143677
4,540315,6JK8,MdrDBcore01525,V388M,-0.467,0.007952865213155746,0.3011261522769928,1.3786202669143677
4,540315,5U8R,MdrDBcore01526,V554M,-0.571,0.16693274676799774,0.3011261522769928,1.3786202669143677
4,540315,5U8R,MdrDBcore01527,V554M,-0.551,0.031238187104463577,0.3011261522769928,1.3786202669143677
4,540315,6JK8,MdrDBcore01528,V579I,-0.143,0.020410645753145218,0.3011261522769928,1.3786202669143677
4,540315,6JK8,MdrDBcore01529,V579I,-0.425,0.06440582871437073,0.3011261522769928,1.3786202669143677
4,540315,6JK8,MdrDBcore01530,Y517C,-1.026,-0.10345295816659927,0.3011261522769928,1.3786202669143677
4,540315,6JK8,MdrDBcore01531,Y517C,-1.022,0.1053147166967392,0.3011261522769928,1.3786202669143677
4,540315,4K3J,MdrDBcore01532,A347T,0.149,0.15148034691810608,0.3011261522769928,1.3786202669143677
4,540315,6GCU,MdrDBcore01533,A347T,-0.366,-0.0017164163291454315,0.3011261522769928,1.3786202669143677
4,540315,6GCU,MdrDBcore01534,A347T,-0.085,-0.1689801812171936,0.3011261522769928,1.3786202669143677
4,540315,6GCU,MdrDBcore01535,A347T,-0.618,-0.18161606788635254,0.3011261522769928,1.3786202669143677
4,540315,6GCU,MdrDBcore01536,A347T,-0.912,0.028925050050020218,0.3011261522769928,1.3786202669143677
4,540315,2UZY,MdrDBcore01537,D741N,1.117,-0.04464174062013626,0.3011261522769928,1.3786202669143677
4,540315,2UZY,MdrDBcore01538,D741N,0.869,0.06363457441329956,0.3011261522769928,1.3786202669143677
4,540315,2UZY,MdrDBcore01539,D741N,1.061,-0.14742513000965118,0.3011261522769928,1.3786202669143677
4,540315,2UZY,MdrDBcore01540,D741N,0.314,0.37714502215385437,0.3011261522769928,1.3786202669143677
4,540315,4K3J,MdrDBcore01541,E168D,-0.883,0.0817737877368927,0.3011261522769928,1.3786202669143677
4,540315,4K3J,MdrDBcore01542,E168D,-0.715,-0.000610843300819397,0.3011261522769928,1.3786202669143677
4,540315,4K3J,MdrDBcore01543,E168K,1.039,0.10323841869831085,0.3011261522769928,1.3786202669143677
4,540315,6GCU,MdrDBcore01544,E168K,-0.809,-0.007290434092283249,0.3011261522769928,1.3786202669143677
4,540315,6GCU,MdrDBcore01545,E168K,0.405,0.04813072457909584,0.3011261522769928,1.3786202669143677
4,540315,6GCU,MdrDBcore01546,E168K,0.486,-0.07906525582075119,0.3011261522769928,1.3786202669143677
4,540315,6WVZ,MdrDBcore01547,E302K,1.583,0.008935194462537766,0.3011261522769928,1.3786202669143677
4,540315,7MOB,MdrDBcore01548,E302K,-0.433,-0.0580880381166935,0.3011261522769928,1.3786202669143677
4,540315,6WVZ,MdrDBcore01549,E302K,1.611,-0.13532046973705292,0.3011261522769928,1.3786202669143677
4,540315,7MOB,MdrDBcore01550,E302K,0.375,-0.31324201822280884,0.3011261522769928,1.3786202669143677
4,540315,7MOB,MdrDBcore01551,E302K,1.254,-0.013604145497083664,0.3011261522769928,1.3786202669143677
4,540315,7MO7,MdrDBcore01552,E34K,1.085,-0.01708221435546875,0.3011261522769928,1.3786202669143677
4,540315,7MOB,MdrDBcore01553,E34K,-0.025,-0.0920136570930481,0.3011261522769928,1.3786202669143677
4,540315,7MO7,MdrDBcore01554,E34K,1.129,-0.10217832028865814,0.3011261522769928,1.3786202669143677
4,540315,7MOB,MdrDBcore01555,E34K,0.439,-0.19936834275722504,0.3011261522769928,1.3786202669143677
4,540315,2UZY,MdrDBcore01556,E740K,0.869,0.27212250232696533,0.3011261522769928,1.3786202669143677
4,540315,6GCU,MdrDBcore01557,E740K,0.247,-0.19656606018543243,0.3011261522769928,1.3786202669143677
4,540315,6GCU,MdrDBcore01558,E740K,0.625,-0.21223115921020508,0.3011261522769928,1.3786202669143677
4,540315,6GCU,MdrDBcore01559,E740K,-0.117,-0.04099302366375923,0.3011261522769928,1.3786202669143677
4,540315,4K3J,MdrDBcore01560,G344R,0.751,0.05396624282002449,0.3011261522769928,1.3786202669143677
4,540315,6GCU,MdrDBcore01561,G344R,-0.534,0.14270329475402832,0.3011261522769928,1.3786202669143677
4,540315,6GCU,MdrDBcore01562,G344R,-1.008,-0.15358081459999084,0.3011261522769928,1.3786202669143677
4,540315,6GCU,MdrDBcore01563,G344R,0.425,-0.13054358959197998,0.3011261522769928,1.3786202669143677
4,540315,6GCU,MdrDBcore01564,H159R,-0.446,0.12741826474666595,0.3011261522769928,1.3786202669143677
4,540315,6GCU,MdrDBcore01565,H159R,0.065,0.05159655585885048,0.3011261522769928,1.3786202669143677
4,540315,6GCU,MdrDBcore01566,H159R,0.074,0.01965482160449028,0.3011261522769928,1.3786202669143677
4,540315,6GCU,MdrDBcore01567,H159R,-0.865,-0.004105500876903534,0.3011261522769928,1.3786202669143677
4,540315,6GCU,MdrDBcore01568,I316M,-0.289,-0.03252089396119118,0.3011261522769928,1.3786202669143677
4,540315,4K3J,MdrDBcore01569,I333L,0.658,0.23182016611099243,0.3011261522769928,1.3786202669143677
4,540315,6GCU,MdrDBcore01570,I333L,-0.058,-0.11016689240932465,0.3011261522769928,1.3786202669143677
4,540315,6GCU,MdrDBcore01571,I333L,0.252,-0.00616687536239624,0.3011261522769928,1.3786202669143677
4,540315,6GCU,MdrDBcore01572,I333L,0.196,-0.040955230593681335,0.3011261522769928,1.3786202669143677
4,540315,7MO7,MdrDBcore01573,I583M,0.835,0.009391773492097855,0.3011261522769928,1.3786202669143677
4,540315,6GCU,MdrDBcore01574,I583M,0.19,-0.012497559189796448,0.3011261522769928,1.3786202669143677
4,540315,6GCU,MdrDBcore01575,I583M,-0.494,0.02084856852889061,0.3011261522769928,1.3786202669143677
4,540315,7MO7,MdrDBcore01576,I638L,1.058,0.40034177899360657,0.3011261522769928,1.3786202669143677
4,540315,6GCU,MdrDBcore01577,I638L,0.795,-0.042897000908851624,0.3011261522769928,1.3786202669143677
4,540315,6GCU,MdrDBcore01578,I638L,0.802,0.07553057372570038,0.3011261522769928,1.3786202669143677
4,540315,7MOB,MdrDBcore01579,K303T,0.184,-0.0032012127339839935,0.3011261522769928,1.3786202669143677
4,540315,7MOB,MdrDBcore01580,K303T,-0.012,-0.07742799818515778,0.3011261522769928,1.3786202669143677
4,540315,7MOB,MdrDBcore01581,K303T,0.45,-0.24805742502212524,0.3011261522769928,1.3786202669143677
4,540315,7MOB,MdrDBcore01582,K303T,-0.496,0.09761747717857361,0.3011261522769928,1.3786202669143677
4,540315,7MO7,MdrDBcore01583,K595T,0.861,0.09912316501140594,0.3011261522769928,1.3786202669143677
4,540315,6GCU,MdrDBcore01584,K595T,-0.75,-0.06437039375305176,0.3011261522769928,1.3786202669143677
4,540315,7MO7,MdrDBcore01585,K595T,0.224,-0.030702069401741028,0.3011261522769928,1.3786202669143677
4,540315,6GCU,MdrDBcore01586,K595T,-1.022,-0.16818411648273468,0.3011261522769928,1.3786202669143677
4,540315,4K3J,MdrDBcore01587,L530V,-0.012,0.16970089077949524,0.3011261522769928,1.3786202669143677
4,540315,4K3J,MdrDBcore01588,L530V,-0.068,-0.08990921080112457,0.3011261522769928,1.3786202669143677
4,540315,4K3J,MdrDBcore01589,L530V,0.265,0.024681318551301956,0.3011261522769928,1.3786202669143677
4,540315,6GCU,MdrDBcore01590,L530V,-0.304,-0.05640113353729248,0.3011261522769928,1.3786202669143677
4,540315,7MO7,MdrDBcore01591,L604V,-0.47,0.05927041545510292,0.3011261522769928,1.3786202669143677
4,540315,6GCU,MdrDBcore01592,L604V,-0.787,-0.014334619045257568,0.3011261522769928,1.3786202669143677
4,540315,7MO7,MdrDBcore01593,L604V,-0.155,-0.1671641767024994,0.3011261522769928,1.3786202669143677
4,540315,6GCU,MdrDBcore01594,L604V,-0.098,-0.0771833062171936,0.3011261522769928,1.3786202669143677
4,540315,6GCU,MdrDBcore01595,L604V,-0.419,0.12600825726985931,0.3011261522769928,1.3786202669143677
4,540315,6GCU,MdrDBcore01596,M362T,0.053,0.11102357506752014,0.3011261522769928,1.3786202669143677
4,540315,4K3J,MdrDBcore01597,M362T,0.651,-0.08126814663410187,0.3011261522769928,1.3786202669143677
4,540315,6GCU,MdrDBcore01598,M362T,0.587,-0.13447438180446625,0.3011261522769928,1.3786202669143677
4,540315,6GCU,MdrDBcore01599,M362T,-0.04,0.002654571086168289,0.3011261522769928,1.3786202669143677
4,540315,6GCU,MdrDBcore01600,M362T,0.5,0.01945572718977928,0.3011261522769928,1.3786202669143677
4,540315,7MO7,MdrDBcore01601,M636V,1.12,0.3670245110988617,0.3011261522769928,1.3786202669143677
4,540315,6GCU,MdrDBcore01602,M636V,-0.917,-0.016220174729824066,0.3011261522769928,1.3786202669143677
4,540315,6GCU,MdrDBcore01603,M636V,0.86,-0.020799599587917328,0.3011261522769928,1.3786202669143677
4,540315,6GCU,MdrDBcore01604,M636V,0.24,-0.1622280478477478,0.3011261522769928,1.3786202669143677
4,540315,4K3J,MdrDBcore01605,N375K,1.48,0.1606304794549942,0.3011261522769928,1.3786202669143677
4,540315,4K3J,MdrDBcore01606,N375K,1.787,0.040180597454309464,0.3011261522769928,1.3786202669143677
4,540315,4K3J,MdrDBcore01607,N375S,-0.341,0.004712346941232681,0.3011261522769928,1.3786202669143677
4,540315,4K3J,MdrDBcore01608,N375S,-0.526,0.04605838283896446,0.3011261522769928,1.3786202669143677
4,540315,4K3J,MdrDBcore01609,P366S,1.022,0.165182963013649,0.3011261522769928,1.3786202669143677
4,540315,4K3J,MdrDBcore01610,P366S,1.015,-0.08355440944433212,0.3011261522769928,1.3786202669143677
4,540315,6GCU,MdrDBcore01611,P366S,1.058,0.024717558175325394,0.3011261522769928,1.3786202669143677
4,540315,6GCU,MdrDBcore01612,P366S,0.752,0.011655990034341812,0.3011261522769928,1.3786202669143677
4,540315,3I5N,MdrDBcore01613,R1166A,-0.058,0.5055173635482788,0.3011261522769928,1.3786202669143677
4,540315,3I5N,MdrDBcore01614,R1166A,0.043,0.25621554255485535,0.3011261522769928,1.3786202669143677
4,540315,4K3J,MdrDBcore01615,R191W,0.304,0.16344687342643738,0.3011261522769928,1.3786202669143677
4,540315,6GCU,MdrDBcore01616,R191W,0.021,0.012943807989358902,0.3011261522769928,1.3786202669143677
4,540315,4K3J,MdrDBcore01617,R191W,-0.321,0.04023890569806099,0.3011261522769928,1.3786202669143677
4,540315,6GCU,MdrDBcore01618,R191W,-0.683,-0.1272655874490738,0.3011261522769928,1.3786202669143677
4,540315,6GCU,MdrDBcore01619,R191W,0.36,-0.26498866081237793,0.3011261522769928,1.3786202669143677
4,540315,4XMO,MdrDBcore01620,S1159L,-0.493,0.1855015605688095,0.3011261522769928,1.3786202669143677
4,540315,4K3J,MdrDBcore01621,S135N,0.701,0.18263572454452515,0.3011261522769928,1.3786202669143677
4,540315,6GCU,MdrDBcore01622,S135N,0.153,-0.032204486429691315,0.3011261522769928,1.3786202669143677
4,540315,6GCU,MdrDBcore01623,S135N,0.69,0.033619191497564316,0.3011261522769928,1.3786202669143677
4,540315,6GCU,MdrDBcore01624,S135N,-0.604,0.01337089017033577,0.3011261522769928,1.3786202669143677
4,540315,4K3J,MdrDBcore01625,S244Y,0.904,0.21712249517440796,0.3011261522769928,1.3786202669143677
4,540315,6GCU,MdrDBcore01626,S244Y,0.919,0.0910567194223404,0.3011261522769928,1.3786202669143677
4,540315,6GCU,MdrDBcore01627,S244Y,0.959,-0.0008370690047740936,0.3011261522769928,1.3786202669143677
4,540315,6GCU,MdrDBcore01628,S244Y,0.06,0.12622302770614624,0.3011261522769928,1.3786202669143677
4,540315,4K3J,MdrDBcore01629,S323G,0.398,0.15721198916435242,0.3011261522769928,1.3786202669143677
4,540315,6GCU,MdrDBcore01630,S323G,0.185,0.23658251762390137,0.3011261522769928,1.3786202669143677
4,540315,4K3J,MdrDBcore01631,S323G,1.059,0.030352849513292313,0.3011261522769928,1.3786202669143677
4,540315,6GCU,MdrDBcore01632,S323G,-0.053,0.059032585471868515,0.3011261522769928,1.3786202669143677
4,540315,6GCU,MdrDBcore01633,S323G,-1.03,0.16216564178466797,0.3011261522769928,1.3786202669143677
4,540315,7MO7,MdrDBcore01634,S572N,0.78,0.06570875644683838,0.3011261522769928,1.3786202669143677
4,540315,6GCU,MdrDBcore01635,S572N,-0.222,-0.2713329792022705,0.3011261522769928,1.3786202669143677
4,540315,6GCU,MdrDBcore01636,S572N,-0.648,0.0009398795664310455,0.3011261522769928,1.3786202669143677
4,540315,6GCU,MdrDBcore01637,S572N,-0.449,0.19930273294448853,0.3011261522769928,1.3786202669143677
4,540315,4K3J,MdrDBcore01638,T200A,0.736,0.18395380675792694,0.3011261522769928,1.3786202669143677
4,540315,6GCU,MdrDBcore01639,T200A,0.154,-0.013296399265527725,0.3011261522769928,1.3786202669143677
4,540315,6GCU,MdrDBcore01640,T200A,-0.662,-0.0811091810464859,0.3011261522769928,1.3786202669143677
4,540315,6GCU,MdrDBcore01641,T200A,0.459,0.180546835064888,0.3011261522769928,1.3786202669143677
4,540315,4K3J,MdrDBcore01642,T273N,0.03,0.25123149156570435,0.3011261522769928,1.3786202669143677
4,540315,6GCU,MdrDBcore01643,T273N,0.39,0.03553886339068413,0.3011261522769928,1.3786202669143677
4,540315,6GCU,MdrDBcore01644,T273N,-0.168,-0.09953422099351883,0.3011261522769928,1.3786202669143677
4,540315,6GCU,MdrDBcore01645,T273N,-0.455,-0.16367989778518677,0.3011261522769928,1.3786202669143677
4,540315,6GCU,MdrDBcore01646,T273N,0.54,0.18261747062206268,0.3011261522769928,1.3786202669143677
4,540315,4K3J,MdrDBcore01647,T86I,1.143,0.11174516379833221,0.3011261522769928,1.3786202669143677
4,540315,6GCU,MdrDBcore01648,T86I,0.902,-0.0726732611656189,0.3011261522769928,1.3786202669143677
4,540315,4K3J,MdrDBcore01649,T86I,0.896,0.03629741445183754,0.3011261522769928,1.3786202669143677
4,540315,6GCU,MdrDBcore01650,T86I,0.529,-0.029216915369033813,0.3011261522769928,1.3786202669143677
4,540315,6GCU,MdrDBcore01651,T86I,0.561,0.16182966530323029,0.3011261522769928,1.3786202669143677
4,540315,6GCU,MdrDBcore01652,V122D,0.629,0.1291864961385727,0.3011261522769928,1.3786202669143677
4,540315,6GCU,MdrDBcore01653,V122D,-0.35,-0.35537102818489075,0.3011261522769928,1.3786202669143677
4,540315,6GCU,MdrDBcore01654,V122D,-0.42,-0.1461973786354065,0.3011261522769928,1.3786202669143677
4,540315,6GCU,MdrDBcore01655,V122D,0.414,0.0033067800104618073,0.3011261522769928,1.3786202669143677
4,540315,4K3J,MdrDBcore01656,V136I,0.496,0.11821383237838745,0.3011261522769928,1.3786202669143677
4,540315,6GCU,MdrDBcore01657,V136I,-0.92,-0.061297010630369186,0.3011261522769928,1.3786202669143677
4,540315,6GCU,MdrDBcore01658,V136I,-0.168,0.02731696143746376,0.3011261522769928,1.3786202669143677
4,540315,2RD6,MdrDBcore01659,A220V,1.537,0.42023634910583496,0.3011261522769928,1.3786202669143677
4,540315,2RD6,MdrDBcore01660,A220V,0.982,0.08185189962387085,0.3011261522769928,1.3786202669143677
4,540315,2RD6,MdrDBcore01661,A220V,0.19,-0.04873508960008621,0.3011261522769928,1.3786202669143677
4,540315,2RD6,MdrDBcore01662,A220V,0.529,-0.20060983300209045,0.3011261522769928,1.3786202669143677
4,540315,2RCW,MdrDBcore01663,A220V,0.241,0.4461144506931305,0.3011261522769928,1.3786202669143677
4,540315,3L3M,MdrDBcore01664,K230N,0.662,0.4409959018230438,0.3011261522769928,1.3786202669143677
4,540315,2RD6,MdrDBcore01665,K230N,1.467,-0.1851298063993454,0.3011261522769928,1.3786202669143677
4,540315,2RD6,MdrDBcore01666,K230N,1.061,-0.3011724650859833,0.3011261522769928,1.3786202669143677
4,540315,2RD6,MdrDBcore01667,K230N,0.578,-0.20717507600784302,0.3011261522769928,1.3786202669143677
4,540315,2RD6,MdrDBcore01668,K230N,1.274,0.6540769934654236,0.3011261522769928,1.3786202669143677
4,540315,4DQY,MdrDBcore01669,Y570C,1.291,0.2412133812904358,0.3011261522769928,1.3786202669143677
4,540315,4DQY,MdrDBcore01670,Y570C,-0.072,0.03824513778090477,0.3011261522769928,1.3786202669143677
4,540315,4DQY,MdrDBcore01671,Y570C,0.272,0.07827185094356537,0.3011261522769928,1.3786202669143677
4,540315,4DQY,MdrDBcore01672,Y570C,-0.58,-0.42195332050323486,0.3011261522769928,1.3786202669143677
4,540315,4DQY,MdrDBcore01673,Y570C,0.375,0.1048421561717987,0.3011261522769928,1.3786202669143677
4,540315,1GS4,MdrDBcore01674,F827L,0.855,0.39713865518569946,0.3011261522769928,1.3786202669143677
4,540315,1GS4,MdrDBcore01675,F827L,1.237,-0.11354809999465942,0.3011261522769928,1.3786202669143677
4,540315,1GS4,MdrDBcore01676,V716L,1.351,0.3730488121509552,0.3011261522769928,1.3786202669143677
4,540315,1GS4,MdrDBcore01677,V716L,1.051,-0.12790948152542114,0.3011261522769928,1.3786202669143677
4,540315,1GS4,MdrDBcore01678,V716M,0.633,0.3858456611633301,0.3011261522769928,1.3786202669143677
4,540315,1GS4,MdrDBcore01679,V716M,1.309,-0.12708434462547302,0.3011261522769928,1.3786202669143677
4,540315,2O21,MdrDBcore01680,A43T,-1.023,0.07992522418498993,0.3011261522769928,1.3786202669143677
4,540315,1GJH,MdrDBcore01681,A4T,-1.343,-0.0371120348572731,0.3011261522769928,1.3786202669143677
4,540315,1GJH,MdrDBcore01682,A4T,-1.124,0.07999840378761292,0.3011261522769928,1.3786202669143677
4,540315,5FCG,MdrDBcore01683,A61T,0.759,0.08503778278827667,0.3011261522769928,1.3786202669143677
4,540315,4IEH,MdrDBcore01684,A61T,-1.131,0.2886417806148529,0.3011261522769928,1.3786202669143677
4,540315,6O0M,MdrDBcore01685,E200D,0.833,0.05138636752963066,0.3011261522769928,1.3786202669143677
4,540315,6O0M,MdrDBcore01686,E200D,-0.845,-0.08629750460386276,0.3011261522769928,1.3786202669143677
4,540315,6O0M,MdrDBcore01687,G128E,-0.757,-0.15028610825538635,0.3011261522769928,1.3786202669143677
4,540315,1GJH,MdrDBcore01688,G5W,0.145,-0.0978655070066452,0.3011261522769928,1.3786202669143677
4,540315,1GJH,MdrDBcore01689,G5W,-1.378,0.19223710894584656,0.3011261522769928,1.3786202669143677
4,540315,4IEH,MdrDBcore01690,Q73H,-4.129,0.12038236856460571,0.3011261522769928,1.3786202669143677
4,540315,1GJH,MdrDBcore01691,T7K,0.077,0.058870185166597366,0.3011261522769928,1.3786202669143677
4,540315,2O21,MdrDBcore01692,T7K,-0.799,0.09816865622997284,0.3011261522769928,1.3786202669143677
4,540315,2E9W,MdrDBcore01693,A178T,0.67,-0.24273130297660828,0.3011261522769928,1.3786202669143677
4,540315,6GQK,MdrDBcore01694,A794E,0.041,-0.0574025996029377,0.3011261522769928,1.3786202669143677
4,540315,6ITT,MdrDBcore01695,A895E,0.238,0.021686602383852005,0.3011261522769928,1.3786202669143677
4,540315,6GQK,MdrDBcore01696,A895T,0.233,-0.07651690393686295,0.3011261522769928,1.3786202669143677
4,540315,2E9W,MdrDBcore01697,D131N,-0.976,-0.12065377831459045,0.3011261522769928,1.3786202669143677
4,540315,2E9W,MdrDBcore01698,D159N,0.003,-0.1551153063774109,0.3011261522769928,1.3786202669143677
4,540315,2E9W,MdrDBcore01699,D266N,0.093,-0.11302788555622101,0.3011261522769928,1.3786202669143677
4,540315,2E9W,MdrDBcore01700,E191K,0.565,-0.08401685208082199,0.3011261522769928,1.3786202669143677
4,540315,6GQK,MdrDBcore01701,E640K,0.533,0.394252747297287,0.3011261522769928,1.3786202669143677
4,540315,6GQK,MdrDBcore01702,E640K,-0.292,-0.08241362869739532,0.3011261522769928,1.3786202669143677
4,540315,2E9W,MdrDBcore01703,G169D,0.137,-0.049231600016355515,0.3011261522769928,1.3786202669143677
4,540315,2E9W,MdrDBcore01704,G265S,0.783,0.10080838203430176,0.3011261522769928,1.3786202669143677
4,540315,2E9W,MdrDBcore01705,G265S,0.367,0.2794094681739807,0.3011261522769928,1.3786202669143677
4,540315,2E9W,MdrDBcore01706,G265S,0.834,-0.22435951232910156,0.3011261522769928,1.3786202669143677
4,540315,6GQK,MdrDBcore01707,G676D,-1.116,-0.09321422874927521,0.3011261522769928,1.3786202669143677
4,540315,6GQK,MdrDBcore01708,G779C,0.342,-0.04771071672439575,0.3011261522769928,1.3786202669143677
4,540315,6GQK,MdrDBcore01709,K623N,0.184,-0.10084420442581177,0.3011261522769928,1.3786202669143677
4,540315,6GQK,MdrDBcore01710,K626R,-0.514,0.37280604243278503,0.3011261522769928,1.3786202669143677
4,540315,6GQK,MdrDBcore01711,M882V,0.519,0.31519991159439087,0.3011261522769928,1.3786202669143677
4,540315,6GQK,MdrDBcore01712,M882V,-0.347,-0.052445895969867706,0.3011261522769928,1.3786202669143677
4,540315,2EC8,MdrDBcore01713,N130D,0.008,-0.09520311653614044,0.3011261522769928,1.3786202669143677
4,540315,4K94,MdrDBcore01714,N400S,1.103,0.002053234726190567,0.3011261522769928,1.3786202669143677
4,540315,6GQK,MdrDBcore01715,N655S,0.038,-0.07267057150602341,0.3011261522769928,1.3786202669143677
4,540315,6GQK,MdrDBcore01716,N822K,-4.167,-0.06062634661793709,0.3011261522769928,1.3786202669143677
4,540315,2E9W,MdrDBcore01717,P155H,0.27,-0.06683682650327682,0.3011261522769928,1.3786202669143677
4,540315,2E9W,MdrDBcore01718,R112I,0.21,-0.25460895895957947,0.3011261522769928,1.3786202669143677
4,540315,2E9W,MdrDBcore01719,R177H,-0.475,-0.20676757395267487,0.3011261522769928,1.3786202669143677
4,540315,2E9W,MdrDBcore01720,R205W,0.265,-0.180725559592247,0.3011261522769928,1.3786202669143677
4,540315,2E9W,MdrDBcore01721,R55W,-0.281,-0.07175710052251816,0.3011261522769928,1.3786202669143677
4,540315,4K94,MdrDBcore01722,T446N,0.327,-0.030138742178678513,0.3011261522769928,1.3786202669143677
4,540315,3KRJ,MdrDBcore01723,S628F,-0.722,0.2817429304122925,0.3011261522769928,1.3786202669143677
4,540315,3KRJ,MdrDBcore01724,S628F,0.74,-0.07729560136795044,0.3011261522769928,1.3786202669143677
4,540315,1SEU,MdrDBcore01725,A351D,-1.532,-0.18567465245723724,0.3011261522769928,1.3786202669143677
4,540315,1R49,MdrDBcore01726,A351D,-1.008,-0.15327684581279755,0.3011261522769928,1.3786202669143677
4,540315,1A31,MdrDBcore01727,A351D,0.463,-0.013015799224376678,0.3011261522769928,1.3786202669143677
4,540315,1R49,MdrDBcore01728,A705S,-0.754,-0.16397817432880402,0.3011261522769928,1.3786202669143677
4,540315,1SEU,MdrDBcore01729,A705S,-0.752,-0.18638965487480164,0.3011261522769928,1.3786202669143677
4,540315,1SEU,MdrDBcore01730,A705S,0.169,-0.11073499917984009,0.3011261522769928,1.3786202669143677
4,540315,1SEU,MdrDBcore01731,D528E,0.662,-0.20190070569515228,0.3011261522769928,1.3786202669143677
4,540315,1SEU,MdrDBcore01732,D528E,0.451,-0.23145692050457,0.3011261522769928,1.3786202669143677
4,540315,1A31,MdrDBcore01733,D528E,0.907,0.17525826394557953,0.3011261522769928,1.3786202669143677
4,540315,1R49,MdrDBcore01734,E208K,1.63,0.04755401983857155,0.3011261522769928,1.3786202669143677
4,540315,1SEU,MdrDBcore01735,E208K,1.354,-0.18501943349838257,0.3011261522769928,1.3786202669143677
4,540315,1RRJ,MdrDBcore01736,E208K,1.172,0.07836587727069855,0.3011261522769928,1.3786202669143677
4,540315,1R49,MdrDBcore01737,E561K,-1.039,-0.0174475759267807,0.3011261522769928,1.3786202669143677
4,540315,1SEU,MdrDBcore01738,E561K,-1.466,-0.16106446087360382,0.3011261522769928,1.3786202669143677
4,540315,1SEU,MdrDBcore01739,E561K,-0.634,-0.17647968232631683,0.3011261522769928,1.3786202669143677
4,540315,1SEU,MdrDBcore01740,E610K,-1.444,-0.012376409024000168,0.3011261522769928,1.3786202669143677
4,540315,1SEU,MdrDBcore01741,E610K,-1.59,-0.17196814715862274,0.3011261522769928,1.3786202669143677
4,540315,1SEU,MdrDBcore01742,E610K,-1.879,-0.23949488997459412,0.3011261522769928,1.3786202669143677
4,540315,1SEU,MdrDBcore01743,E710D,-0.319,-0.2803080379962921,0.3011261522769928,1.3786202669143677
4,540315,1SEU,MdrDBcore01744,E710D,-0.669,-0.16982215642929077,0.3011261522769928,1.3786202669143677
4,540315,1RRJ,MdrDBcore01745,E710D,0.69,0.0921158492565155,0.3011261522769928,1.3786202669143677
4,540315,1R49,MdrDBcore01746,F279L,-0.154,-0.17825233936309814,0.3011261522769928,1.3786202669143677
4,540315,1A35,MdrDBcore01747,F279L,0.005,0.021943915635347366,0.3011261522769928,1.3786202669143677
4,540315,1A31,MdrDBcore01748,F279L,0.833,0.13182903826236725,0.3011261522769928,1.3786202669143677
4,540315,1SEU,MdrDBcore01749,G244D,-1.294,-0.22243019938468933,0.3011261522769928,1.3786202669143677
4,540315,1R49,MdrDBcore01750,G244D,-1.416,-0.032054755836725235,0.3011261522769928,1.3786202669143677
4,540315,1SEU,MdrDBcore01751,G244D,-0.887,-0.24360595643520355,0.3011261522769928,1.3786202669143677
4,540315,1SEU,MdrDBcore01752,I714T,1.38,-0.18301941454410553,0.3011261522769928,1.3786202669143677
4,540315,1SEU,MdrDBcore01753,I714T,1.363,-0.22400061786174774,0.3011261522769928,1.3786202669143677
4,540315,1RRJ,MdrDBcore01754,I714T,0.847,0.12692704796791077,0.3011261522769928,1.3786202669143677
4,540315,1SEU,MdrDBcore01755,K326R,0.109,0.0030683837831020355,0.3011261522769928,1.3786202669143677
4,540315,1SEU,MdrDBcore01756,K326R,0.388,-0.11820701509714127,0.3011261522769928,1.3786202669143677
4,540315,1A31,MdrDBcore01757,K326R,0.616,-0.08134588599205017,0.3011261522769928,1.3786202669143677
4,540315,1R49,MdrDBcore01758,M428T,-1.393,0.04397425428032875,0.3011261522769928,1.3786202669143677
4,540315,1SEU,MdrDBcore01759,M428T,-1.601,-0.18489764630794525,0.3011261522769928,1.3786202669143677
4,540315,1A31,MdrDBcore01760,M428T,0.432,-0.07341368496417999,0.3011261522769928,1.3786202669143677
4,540315,1SEU,MdrDBcore01761,M675I,-0.361,-0.14916707575321198,0.3011261522769928,1.3786202669143677
4,540315,1SEU,MdrDBcore01762,M675I,-0.059,-0.27966389060020447,0.3011261522769928,1.3786202669143677
4,540315,1SEU,MdrDBcore01763,M675I,0.422,-0.17853635549545288,0.3011261522769928,1.3786202669143677
4,540315,1A31,MdrDBcore01764,N296S,1.038,-0.0801953449845314,0.3011261522769928,1.3786202669143677
4,540315,1SEU,MdrDBcore01765,P235T,-0.228,-0.12290754914283752,0.3011261522769928,1.3786202669143677
4,540315,1SEU,MdrDBcore01766,P235T,-0.082,-0.24089683592319489,0.3011261522769928,1.3786202669143677
4,540315,1A31,MdrDBcore01767,P235T,0.779,0.0007174760103225708,0.3011261522769928,1.3786202669143677
4,540315,1SEU,MdrDBcore01768,P397A,-1.473,-0.1675441414117813,0.3011261522769928,1.3786202669143677
4,540315,1SEU,MdrDBcore01769,P397A,-1.61,-0.15052278339862823,0.3011261522769928,1.3786202669143677
4,540315,1A31,MdrDBcore01770,P397A,0.447,-0.07146969437599182,0.3011261522769928,1.3786202669143677
4,540315,1RRJ,MdrDBcore01771,Q704K,-1.073,0.12326578795909882,0.3011261522769928,1.3786202669143677
4,540315,1SEU,MdrDBcore01772,T258M,-1.359,-0.16116653382778168,0.3011261522769928,1.3786202669143677
4,540315,1SEU,MdrDBcore01773,T258M,-1.228,-0.2701101303100586,0.3011261522769928,1.3786202669143677
4,540315,1A31,MdrDBcore01774,T258M,0.621,-0.10767194628715515,0.3011261522769928,1.3786202669143677
4,540315,1SEU,MdrDBcore01775,W754C,-0.903,-0.2710537016391754,0.3011261522769928,1.3786202669143677
4,540315,1SEU,MdrDBcore01776,W754C,-0.982,-0.0010312199592590332,0.3011261522769928,1.3786202669143677
4,540315,1A31,MdrDBcore01777,W754C,0.49,-0.012823875993490219,0.3011261522769928,1.3786202669143677
4,540315,1ZXM,MdrDBcore01778,A318P,-0.749,-0.09993845224380493,0.3011261522769928,1.3786202669143677
4,540315,5GWK,MdrDBcore01779,A903D,-0.37,0.18868817389011383,0.3011261522769928,1.3786202669143677
4,540315,6ZY8,MdrDBcore01780,D152Y,-1.22,0.010526876896619797,0.3011261522769928,1.3786202669143677
4,540315,6ZY8,MdrDBcore01781,D213G,-1.302,0.010097157210111618,0.3011261522769928,1.3786202669143677
4,540315,6ZY6,MdrDBcore01782,G1192R,-0.335,0.1552610695362091,0.3011261522769928,1.3786202669143677
4,540315,6ZY8,MdrDBcore01783,G1197A,-1.936,0.014534715563058853,0.3011261522769928,1.3786202669143677
4,540315,6ZY8,MdrDBcore01784,G1197V,-1.92,0.016949791461229324,0.3011261522769928,1.3786202669143677
4,540315,6ZY8,MdrDBcore01785,G1198R,0.518,0.023360703140497208,0.3011261522769928,1.3786202669143677
4,540315,6ZY8,MdrDBcore01786,H290Q,-1.547,0.015003848820924759,0.3011261522769928,1.3786202669143677
4,540315,6ZY8,MdrDBcore01787,K1196I,-1.271,0.00257115438580513,0.3011261522769928,1.3786202669143677
4,540315,5GWK,MdrDBcore01788,K893R,-0.477,-0.3239564001560211,0.3011261522769928,1.3786202669143677
4,540315,5GWK,MdrDBcore01789,L944S,1.059,-0.2954927086830139,0.3011261522769928,1.3786202669143677
4,540315,5GWK,MdrDBcore01790,N774I,-1.407,-0.02489452436566353,0.3011261522769928,1.3786202669143677
4,540315,6ZY8,MdrDBcore01791,P643T,-0.454,-0.07654379308223724,0.3011261522769928,1.3786202669143677
4,540315,5GWK,MdrDBcore01792,P716R,-1.255,-0.36213839054107666,0.3011261522769928,1.3786202669143677
4,540315,5GWK,MdrDBcore01793,P786H,-1.321,-0.386112779378891,0.3011261522769928,1.3786202669143677
4,540315,6ZY8,MdrDBcore01794,Q1206H,-1.586,0.02642141655087471,0.3011261522769928,1.3786202669143677
4,540315,1ZXM,MdrDBcore01795,Q35R,-1.199,-0.19703054428100586,0.3011261522769928,1.3786202669143677
4,540315,5GWK,MdrDBcore01796,T930I,-1.654,-0.2877093553543091,0.3011261522769928,1.3786202669143677
4,540315,5GWK,MdrDBcore01797,V1001L,-1.324,-0.4386715888977051,0.3011261522769928,1.3786202669143677
4,540315,6ZY8,MdrDBcore01798,V1097L,1.165,0.0044432394206523895,0.3011261522769928,1.3786202669143677
4,540315,1ZXM,MdrDBcore01799,V255I,-0.702,-0.11628894507884979,0.3011261522769928,1.3786202669143677
4,540315,6ZY8,MdrDBcore01800,V364L,-3.356,0.014850500971078873,0.3011261522769928,1.3786202669143677
4,540315,6ZY8,MdrDBcore01801,V68I,-0.762,0.02343425527215004,0.3011261522769928,1.3786202669143677
4,540315,5GWK,MdrDBcore01802,V776L,-1.615,0.2505759000778198,0.3011261522769928,1.3786202669143677
4,540315,4ZNE,MdrDBcore01803,C168F,-0.604,0.17425121366977692,0.3011261522769928,1.3786202669143677
4,540315,4ZNE,MdrDBcore01804,G238A,0.056,0.197853684425354,0.3011261522769928,1.3786202669143677
4,540315,4ZNE,MdrDBcore01805,K234R,-2.868,0.14332692325115204,0.3011261522769928,1.3786202669143677
4,540315,4ZNE,MdrDBcore01806,Q64E,-1.615,0.2518923282623291,0.3011261522769928,1.3786202669143677
4,540315,4ZNE,MdrDBcore01807,R175H,-2.626,-0.20869261026382446,0.3011261522769928,1.3786202669143677
4,540315,4ZNE,MdrDBcore01808,R237G,-1.321,0.17515400052070618,0.3011261522769928,1.3786202669143677
4,540315,4ZNE,MdrDBcore01809,S161R,-1.819,0.25219136476516724,0.3011261522769928,1.3786202669143677
4,540315,4ZNE,MdrDBcore01810,S66L,-1.242,0.15061059594154358,0.3011261522769928,1.3786202669143677
4,540315,4ZNE,MdrDBcore01811,T63I,-1.447,0.15675494074821472,0.3011261522769928,1.3786202669143677
4,540315,4ZNE,MdrDBcore01812,T67N,0.072,0.1347777396440506,0.3011261522769928,1.3786202669143677
4,540315,4ZNE,MdrDBcore01813,Y176C,-0.922,0.19513776898384094,0.3011261522769928,1.3786202669143677
4,540315,1O4K,MdrDBcore01814,H25Y,-1.077,0.055402424186468124,0.3011261522769928,1.3786202669143677
4,540315,4F59,MdrDBcore01815,Q222H,-4.77,0.1479608714580536,0.3011261522769928,1.3786202669143677
4,540315,3C4C,MdrDBcore01816,A712T,-0.829,0.3480450212955475,0.3011261522769928,1.3786202669143677
4,540315,3C4C,MdrDBcore01817,A712T,-0.61,-0.020171847194433212,0.3011261522769928,1.3786202669143677
4,540315,3C4C,MdrDBcore01818,A712T,-0.415,-0.038828045129776,0.3011261522769928,1.3786202669143677
4,540315,3C4C,MdrDBcore01819,A712T,0.415,0.00382806733250618,0.3011261522769928,1.3786202669143677
4,540315,3C4C,MdrDBcore01820,A712T,0.168,0.3084976375102997,0.3011261522769928,1.3786202669143677
4,540315,6UAN,MdrDBcore01821,A728V,-1.007,0.2986131012439728,0.3011261522769928,1.3786202669143677
4,540315,6UAN,MdrDBcore01822,A728V,-0.644,0.13446760177612305,0.3011261522769928,1.3786202669143677
4,540315,6Q0T,MdrDBcore01823,A728V,-0.865,0.35398218035697937,0.3011261522769928,1.3786202669143677
4,540315,6UAN,MdrDBcore01824,A747V,-0.994,0.21189412474632263,0.3011261522769928,1.3786202669143677
4,540315,6UAN,MdrDBcore01825,A747V,-0.689,-0.016994938254356384,0.3011261522769928,1.3786202669143677
4,540315,6UAN,MdrDBcore01826,A747V,-0.384,0.03314710035920143,0.3011261522769928,1.3786202669143677
4,540315,6UAN,MdrDBcore01827,A747V,-0.019,0.17762891948223114,0.3011261522769928,1.3786202669143677
4,540315,3NY5,MdrDBcore01828,C194G,0.527,0.6189910173416138,0.3011261522769928,1.3786202669143677
4,540315,3NY5,MdrDBcore01829,C194G,-0.099,0.24313238263130188,0.3011261522769928,1.3786202669143677
4,540315,3NY5,MdrDBcore01830,C194G,0.101,0.5545538067817688,0.3011261522769928,1.3786202669143677
4,540315,3NY5,MdrDBcore01831,C194G,0.407,0.6235176920890808,0.3011261522769928,1.3786202669143677
4,540315,3NY5,MdrDBcore01832,D211G,0.691,0.5939234495162964,0.3011261522769928,1.3786202669143677
4,540315,3NY5,MdrDBcore01833,D211G,-0.437,0.48472175002098083,0.3011261522769928,1.3786202669143677
4,540315,3NY5,MdrDBcore01834,D211G,0.591,0.545354425907135,0.3011261522769928,1.3786202669143677
4,540315,3NY5,MdrDBcore01835,D211G,-0.432,0.5817018151283264,0.3011261522769928,1.3786202669143677
4,540315,6NYB,MdrDBcore01836,D361G,0.11,0.44311806559562683,0.3011261522769928,1.3786202669143677
4,540315,6NYB,MdrDBcore01837,D361G,-0.156,-0.008804671466350555,0.3011261522769928,1.3786202669143677
4,540315,6NYB,MdrDBcore01838,D361G,-0.341,-0.09502557665109634,0.3011261522769928,1.3786202669143677
4,540315,6NYB,MdrDBcore01839,D361G,-1.075,0.24340203404426575,0.3011261522769928,1.3786202669143677
4,540315,5J18,MdrDBcore01840,E204V,-1.3,0.18601137399673462,0.3011261522769928,1.3786202669143677
4,540315,5J18,MdrDBcore01841,E204V,0.02,-0.15297327935695648,0.3011261522769928,1.3786202669143677
4,540315,5J18,MdrDBcore01842,E204V,0.889,-0.15579964220523834,0.3011261522769928,1.3786202669143677
4,540315,5J18,MdrDBcore01843,E204V,0.431,-0.11347074806690216,0.3011261522769928,1.3786202669143677
4,540315,5J18,MdrDBcore01844,E204V,0.407,0.24851056933403015,0.3011261522769928,1.3786202669143677
4,540315,3C4C,MdrDBcore01845,G464E,-1.368,0.005519520491361618,0.3011261522769928,1.3786202669143677
4,540315,3C4C,MdrDBcore01846,G464E,0.16,-0.0935194194316864,0.3011261522769928,1.3786202669143677
4,540315,3C4C,MdrDBcore01847,G464E,-1.349,0.05464818701148033,0.3011261522769928,1.3786202669143677
4,540315,3C4C,MdrDBcore01848,G464V,-0.216,0.14804451167583466,0.3011261522769928,1.3786202669143677
4,540315,3C4C,MdrDBcore01849,G464V,-0.445,0.17605097591876984,0.3011261522769928,1.3786202669143677
4,540315,3C4C,MdrDBcore01850,G464V,0.504,0.152607724070549,0.3011261522769928,1.3786202669143677
4,540315,3C4C,MdrDBcore01851,G464V,-0.398,0.3053657114505768,0.3011261522769928,1.3786202669143677
4,540315,2FB8,MdrDBcore01852,G466V,0.762,0.07787536084651947,0.3011261522769928,1.3786202669143677
4,540315,3C4C,MdrDBcore01853,G466V,-0.254,0.03664010390639305,0.3011261522769928,1.3786202669143677
4,540315,3C4C,MdrDBcore01854,G466V,0.668,0.12644951045513153,0.3011261522769928,1.3786202669143677
4,540315,3C4C,MdrDBcore01855,G466V,-0.136,-0.042340729385614395,0.3011261522769928,1.3786202669143677
4,540315,3C4C,MdrDBcore01856,G466V,0.046,0.27719682455062866,0.3011261522769928,1.3786202669143677
4,540315,3C4C,MdrDBcore01857,G469A,-0.49,0.02796367183327675,0.3011261522769928,1.3786202669143677
4,540315,3C4C,MdrDBcore01858,G469A,-0.695,0.29008612036705017,0.3011261522769928,1.3786202669143677
4,540315,7M0X,MdrDBcore01859,G469A,-0.561,-0.029693540185689926,0.3011261522769928,1.3786202669143677
4,540315,3C4C,MdrDBcore01860,G469A,0.16,0.36789530515670776,0.3011261522769928,1.3786202669143677
4,540315,3C4C,MdrDBcore01861,G469V,-1.288,-0.004313446581363678,0.3011261522769928,1.3786202669143677
4,540315,3C4C,MdrDBcore01862,G469V,-0.041,0.06130210682749748,0.3011261522769928,1.3786202669143677
4,540315,7M0X,MdrDBcore01863,G596R,-0.418,-0.12127608805894852,0.3011261522769928,1.3786202669143677
4,540315,7M0X,MdrDBcore01864,G596R,0.092,-0.2081027626991272,0.3011261522769928,1.3786202669143677
4,540315,7M0X,MdrDBcore01865,G596R,1.071,0.3383679687976837,0.3011261522769928,1.3786202669143677
4,540315,7M0X,MdrDBcore01866,L597R,0.687,-0.1538969725370407,0.3011261522769928,1.3786202669143677
4,540315,7M0X,MdrDBcore01867,L597R,0.39,-0.2681698501110077,0.3011261522769928,1.3786202669143677
4,540315,7M0X,MdrDBcore01868,L597R,0.303,-0.06754876673221588,0.3011261522769928,1.3786202669143677
4,540315,7M0X,MdrDBcore01869,L597R,-0.066,0.25216346979141235,0.3011261522769928,1.3786202669143677
4,540315,7M0X,MdrDBcore01870,L597V,-0.742,-0.12662838399410248,0.3011261522769928,1.3786202669143677
4,540315,7M0X,MdrDBcore01871,L597V,-0.547,-0.030006498098373413,0.3011261522769928,1.3786202669143677
4,540315,7M0X,MdrDBcore01872,L597V,0.349,-0.20531637966632843,0.3011261522769928,1.3786202669143677
4,540315,7M0X,MdrDBcore01873,L597V,0.38,0.2989242672920227,0.3011261522769928,1.3786202669143677
4,540315,3C4C,MdrDBcore01874,N581Y,-0.324,0.043283093720674515,0.3011261522769928,1.3786202669143677
4,540315,3C4C,MdrDBcore01875,N581Y,1.78,0.045831095427274704,0.3011261522769928,1.3786202669143677
4,540315,3C4C,MdrDBcore01876,N581Y,0.123,-0.04593081399798393,0.3011261522769928,1.3786202669143677
4,540315,3C4C,MdrDBcore01877,N581Y,0.553,0.24487954378128052,0.3011261522769928,1.3786202669143677
4,540315,5VR3,MdrDBcore01878,P74A,0.219,0.06260743737220764,0.3011261522769928,1.3786202669143677
4,540315,5VR3,MdrDBcore01879,P74A,0.502,0.1189601719379425,0.3011261522769928,1.3786202669143677
4,540315,6UAN,MdrDBcore01880,R726C,-0.181,0.28705453872680664,0.3011261522769928,1.3786202669143677
4,540315,6UAN,MdrDBcore01881,R726C,0.523,0.005512107163667679,0.3011261522769928,1.3786202669143677
4,540315,6UAN,MdrDBcore01882,R726C,0.512,0.21319395303726196,0.3011261522769928,1.3786202669143677
4,540315,7M0X,MdrDBcore01883,S683N,0.292,-0.18586555123329163,0.3011261522769928,1.3786202669143677
4,540315,3C4C,MdrDBcore01884,S683N,-0.563,0.19420447945594788,0.3011261522769928,1.3786202669143677
4,540315,3C4C,MdrDBcore01885,S683N,0.267,0.0035835839807987213,0.3011261522769928,1.3786202669143677
4,540315,3C4C,MdrDBcore01886,S683N,-0.767,0.3230971693992615,0.3011261522769928,1.3786202669143677
4,540315,6UAN,MdrDBcore01887,S727G,-0.02,0.24272912740707397,0.3011261522769928,1.3786202669143677
4,540315,6UAN,MdrDBcore01888,S727G,-0.808,-0.08546814322471619,0.3011261522769928,1.3786202669143677
4,540315,6UAN,MdrDBcore01889,S727G,-0.029,0.1088859885931015,0.3011261522769928,1.3786202669143677
4,540315,3C4C,MdrDBcore01890,T529A,0.416,0.061291616410017014,0.3011261522769928,1.3786202669143677
4,540315,3C4C,MdrDBcore01891,T529A,-0.801,0.15595512092113495,0.3011261522769928,1.3786202669143677
4,540315,3C4C,MdrDBcore01892,T529A,-0.111,0.014147814363241196,0.3011261522769928,1.3786202669143677
4,540315,3C4C,MdrDBcore01893,T529A,0.082,0.2615180015563965,0.3011261522769928,1.3786202669143677
4,540315,3NY5,MdrDBcore01894,V226M,-0.293,0.8098115921020508,0.3011261522769928,1.3786202669143677
4,540315,3NY5,MdrDBcore01895,V226M,-0.131,0.3127247989177704,0.3011261522769928,1.3786202669143677
4,540315,5J18,MdrDBcore01896,V226M,-0.178,-0.24776384234428406,0.3011261522769928,1.3786202669143677
4,540315,3NY5,MdrDBcore01897,V226M,0.239,0.600187361240387,0.3011261522769928,1.3786202669143677
4,540315,3C4C,MdrDBcore01898,V645I,0.705,0.008179668337106705,0.3011261522769928,1.3786202669143677
4,540315,3C4C,MdrDBcore01899,V645I,-0.042,0.1242460161447525,0.3011261522769928,1.3786202669143677
4,540315,3C4C,MdrDBcore01900,V645I,0.404,-0.022598087787628174,0.3011261522769928,1.3786202669143677
4,540315,3C4C,MdrDBcore01901,V645I,0.375,0.2701597809791565,0.3011261522769928,1.3786202669143677
4,540315,4L46,MdrDBcore01902,D193H,0.761,0.1509888470172882,0.3011261522769928,1.3786202669143677
4,540315,4L3L,MdrDBcore01903,E84K,0.634,0.038174379616975784,0.3011261522769928,1.3786202669143677
4,540315,3WE4,MdrDBcore01904,H210P,0.633,0.32800355553627014,0.3011261522769928,1.3786202669143677
4,540315,3WE4,MdrDBcore01905,K141I,1.055,0.3135666847229004,0.3011261522769928,1.3786202669143677
4,540315,3WE4,MdrDBcore01906,N145S,0.625,0.2985863983631134,0.3011261522769928,1.3786202669143677
4,540315,3WE4,MdrDBcore01907,N311S,-1.139,0.36411038041114807,0.3011261522769928,1.3786202669143677
4,540315,3WE4,MdrDBcore01908,P368L,-0.117,0.2753838002681732,0.3011261522769928,1.3786202669143677
4,540315,3WE4,MdrDBcore01909,P88L,0.133,0.3423239290714264,0.3011261522769928,1.3786202669143677
4,540315,3WE4,MdrDBcore01910,Q374E,0.456,0.31129711866378784,0.3011261522769928,1.3786202669143677
4,540315,3WE4,MdrDBcore01911,T140A,0.659,0.2953092157840729,0.3011261522769928,1.3786202669143677
4,540315,4L01,MdrDBcore01912,A760V,0.169,0.4631616175174713,0.3011261522769928,1.3786202669143677
4,540315,4L01,MdrDBcore01913,A760V,1.517,0.16316737234592438,0.3011261522769928,1.3786202669143677
4,540315,6N7C,MdrDBcore01914,A906V,0.388,0.38498714566230774,0.3011261522769928,1.3786202669143677
4,540315,6N7C,MdrDBcore01915,A906V,1.681,0.41932255029678345,0.3011261522769928,1.3786202669143677
4,540315,AlphaFold2,MdrDBcore01916,A178T,1.643,1.2536877393722534,0.3011261522769928,1.3786202669143677
4,540315,AlphaFold2,MdrDBcore01917,A293V,1.691,1.601916790008545,0.3011261522769928,1.3786202669143677
4,540315,AlphaFold2,MdrDBcore01918,A368P,1.753,-0.3843381106853485,0.3011261522769928,1.3786202669143677
4,540315,AlphaFold2,MdrDBcore01919,E249K,1.513,1.634608268737793,0.3011261522769928,1.3786202669143677
4,540315,AlphaFold2,MdrDBcore01920,E281K,2.351,1.6301770210266113,0.3011261522769928,1.3786202669143677
4,540315,AlphaFold2,MdrDBcore01921,F315V,1.411,1.4642387628555298,0.3011261522769928,1.3786202669143677
4,540315,AlphaFold2,MdrDBcore01922,G197R,2.016,0.5300546288490295,0.3011261522769928,1.3786202669143677
4,540315,AlphaFold2,MdrDBcore01923,I136L,1.769,1.4294260740280151,0.3011261522769928,1.3786202669143677
4,540315,AlphaFold2,MdrDBcore01924,I86V,1.928,1.5995967388153076,0.3011261522769928,1.3786202669143677
4,540315,AlphaFold2,MdrDBcore01925,R232G,1.634,0.9859818816184998,0.3011261522769928,1.3786202669143677
4,540315,AlphaFold2,MdrDBcore01926,W146G,1.472,0.983924925327301,0.3011261522769928,1.3786202669143677
4,540315,3EZQ,MdrDBcore01927,D269N,-0.387,0.2693660259246826,0.3011261522769928,1.3786202669143677
4,540315,3EZQ,MdrDBcore01928,I313V,0.75,0.33053627610206604,0.3011261522769928,1.3786202669143677
4,540315,3TJE,MdrDBcore01929,R105S,0.647,0.33277300000190735,0.3011261522769928,1.3786202669143677
4,540315,2NA7,MdrDBcore01930,R192I,-0.152,0.09690240025520325,0.3011261522769928,1.3786202669143677
4,540315,3EZQ,MdrDBcore01931,R279H,-0.039,0.06602224707603455,0.3011261522769928,1.3786202669143677
4,540315,3TJE,MdrDBcore01932,T122I,0.943,-0.29451319575309753,0.3011261522769928,1.3786202669143677
4,540315,3EZQ,MdrDBcore01933,V267F,1.631,0.2728087604045868,0.3011261522769928,1.3786202669143677
4,540315,2NA7,MdrDBcore01934,W176G,0.922,0.376446008682251,0.3011261522769928,1.3786202669143677
4,540315,6G9D,MdrDBcore01935,H61Q,1.132,0.18829819560050964,0.3011261522769928,1.3786202669143677
4,540315,6G9D,MdrDBcore01936,I211M,0.94,0.26856574416160583,0.3011261522769928,1.3786202669143677
4,540315,6G9D,MdrDBcore01937,L76P,0.705,0.08791881799697876,0.3011261522769928,1.3786202669143677
4,540315,6G9D,MdrDBcore01938,R135K,0.31,0.0774199366569519,0.3011261522769928,1.3786202669143677
4,540315,6G9D,MdrDBcore01939,R79K,-0.067,0.25666913390159607,0.3011261522769928,1.3786202669143677
4,540315,6G9D,MdrDBcore01940,T185A,-0.553,0.2642809748649597,0.3011261522769928,1.3786202669143677
4,540315,6G9D,MdrDBcore01941,V214I,0.138,0.1847408562898636,0.3011261522769928,1.3786202669143677
4,540315,5EHO,MdrDBcore01942,D608H,1.274,0.15989923477172852,0.3011261522769928,1.3786202669143677
4,540315,4BI2,MdrDBcore01943,F540L,1.186,0.12369924783706665,0.3011261522769928,1.3786202669143677
4,540315,4BI2,MdrDBcore01944,F540L,0.745,0.01591726765036583,0.3011261522769928,1.3786202669143677
4,540315,4BI2,MdrDBcore01945,K696E,1.048,0.0642542839050293,0.3011261522769928,1.3786202669143677
4,540315,4BI2,MdrDBcore01946,K696E,0.571,0.23091396689414978,0.3011261522769928,1.3786202669143677
4,540315,4BI2,MdrDBcore01947,L609F,1.373,0.04905890300869942,0.3011261522769928,1.3786202669143677
4,540315,4BI2,MdrDBcore01948,L609F,0.208,0.023791257292032242,0.3011261522769928,1.3786202669143677
4,540315,4B94,MdrDBcore01949,R172H,1.32,0.22146070003509521,0.3011261522769928,1.3786202669143677
4,540315,4B94,MdrDBcore01950,R185W,2.206,0.23008966445922852,0.3011261522769928,1.3786202669143677
4,540315,4B94,MdrDBcore01951,R185W,1.954,0.07629227638244629,0.3011261522769928,1.3786202669143677
4,540315,4BI2,MdrDBcore01952,R624C,0.767,0.07957898080348969,0.3011261522769928,1.3786202669143677
4,540315,4B94,MdrDBcore01953,S162I,2.241,0.2218039631843567,0.3011261522769928,1.3786202669143677
4,540315,4B94,MdrDBcore01954,S162I,0.908,-0.04736080765724182,0.3011261522769928,1.3786202669143677
4,540315,7CJA,MdrDBcore01955,S699F,1.188,0.23871728777885437,0.3011261522769928,1.3786202669143677
4,540315,7CJA,MdrDBcore01956,S699F,1.917,0.2931990325450897,0.3011261522769928,1.3786202669143677
4,540315,4B94,MdrDBcore01957,S76G,1.616,0.23527833819389343,0.3011261522769928,1.3786202669143677
4,540315,4B94,MdrDBcore01958,S76G,0.77,0.08541165292263031,0.3011261522769928,1.3786202669143677
4,540315,4BI2,MdrDBcore01959,Y554H,0.963,0.020891312509775162,0.3011261522769928,1.3786202669143677
4,540315,4BI2,MdrDBcore01960,Y554H,0.291,0.10606493055820465,0.3011261522769928,1.3786202669143677
4,540315,4BI2,MdrDBcore01961,Y726C,1.364,0.038852278143167496,0.3011261522769928,1.3786202669143677
4,540315,4BI2,MdrDBcore01962,Y726C,0.036,0.18337562680244446,0.3011261522769928,1.3786202669143677
4,540315,3QS9,MdrDBcore01963,A443T,-1.192,0.212956041097641,0.3011261522769928,1.3786202669143677
4,540315,3QS9,MdrDBcore01964,A445T,0.152,0.268350750207901,0.3011261522769928,1.3786202669143677
4,540315,6JQR,MdrDBcore01965,A642V,-1.297,0.08505682647228241,0.3011261522769928,1.3786202669143677
4,540315,6IL3,MdrDBcore01966,A680V,-0.5,0.07457053661346436,0.3011261522769928,1.3786202669143677
4,540315,6JQR,MdrDBcore01967,A948T,-0.406,-0.17943918704986572,0.3011261522769928,1.3786202669143677
4,540315,3QS9,MdrDBcore01968,C272S,0.581,0.3036319315433502,0.3011261522769928,1.3786202669143677
4,540315,3QS9,MdrDBcore01969,C368Y,0.277,0.16297605633735657,0.3011261522769928,1.3786202669143677
4,540315,3QS9,MdrDBcore01970,D362E,0.818,0.2332635223865509,0.3011261522769928,1.3786202669143677
4,540315,6JQR,MdrDBcore01971,D787H,0.406,0.019886557012796402,0.3011261522769928,1.3786202669143677
4,540315,3QS9,MdrDBcore01972,E293K,-0.094,0.25198453664779663,0.3011261522769928,1.3786202669143677
4,540315,4RT7,MdrDBcore01973,E661V,0.522,0.16130900382995605,0.3011261522769928,1.3786202669143677
4,540315,1RJB,MdrDBcore01974,G831E,-0.481,0.006823290139436722,0.3011261522769928,1.3786202669143677
4,540315,3QS9,MdrDBcore01975,H222R,0.161,0.11807975172996521,0.3011261522769928,1.3786202669143677
4,540315,1RJB,MdrDBcore01976,K634N,0.097,-0.012441068887710571,0.3011261522769928,1.3786202669143677
4,540315,6IL3,MdrDBcore01977,K709T,-0.093,0.2221086621284485,0.3011261522769928,1.3786202669143677
4,540315,3QS9,MdrDBcore01978,L168F,0.022,0.2666773200035095,0.3011261522769928,1.3786202669143677
4,540315,3QS9,MdrDBcore01979,L442P,0.405,0.45637187361717224,0.3011261522769928,1.3786202669143677
4,540315,3QS9,MdrDBcore01980,N100S,0.389,0.20788180828094482,0.3011261522769928,1.3786202669143677
4,540315,3QS9,MdrDBcore01981,P116S,-0.347,0.12162595987319946,0.3011261522769928,1.3786202669143677
4,540315,6IL3,MdrDBcore01982,P937H,-0.617,0.09263786673545837,0.3011261522769928,1.3786202669143677
4,540315,6JQR,MdrDBcore01983,Q910A,-0.192,0.0016441978514194489,0.3011261522769928,1.3786202669143677
4,540315,3QS9,MdrDBcore01984,R311W,0.247,0.23624908924102783,0.3011261522769928,1.3786202669143677
4,540315,3QS9,MdrDBcore01985,R485T,0.33,0.2904132008552551,0.3011261522769928,1.3786202669143677
4,540315,3QS9,MdrDBcore01986,S404F,0.45,0.25830188393592834,0.3011261522769928,1.3786202669143677
4,540315,3QS9,MdrDBcore01987,S519F,-0.104,0.12012039124965668,0.3011261522769928,1.3786202669143677
4,540315,3QS9,MdrDBcore01988,T432M,-0.557,0.21505224704742432,0.3011261522769928,1.3786202669143677
4,540315,3QS9,MdrDBcore01989,Y376C,0.41,0.27627238631248474,0.3011261522769928,1.3786202669143677
4,540315,6B8Y,MdrDBcore01990,D367H,0.674,0.5289498567581177,0.3011261522769928,1.3786202669143677
4,540315,6B8Y,MdrDBcore01991,E398K,-0.771,0.5577685832977295,0.3011261522769928,1.3786202669143677
4,540315,6B8Y,MdrDBcore01992,G216V,1.594,0.5813804864883423,0.3011261522769928,1.3786202669143677
4,540315,3HMM,MdrDBcore01993,I143V,-0.29,0.6267648935317993,0.3011261522769928,1.3786202669143677
4,540315,6B8Y,MdrDBcore01994,K453N,0.668,0.5836638808250427,0.3011261522769928,1.3786202669143677
4,540315,6B8Y,MdrDBcore01995,L309R,1.485,0.5408076643943787,0.3011261522769928,1.3786202669143677
4,540315,6B8Y,MdrDBcore01996,L468F,1.275,0.5575053691864014,0.3011261522769928,1.3786202669143677
4,540315,3HMM,MdrDBcore01997,M148I,1.0,0.6262080669403076,0.3011261522769928,1.3786202669143677
4,540315,6B8Y,MdrDBcore01998,N342S,0.408,0.5188280344009399,0.3011261522769928,1.3786202669143677
4,540315,2PJY,MdrDBcore01999,N45S,1.626,0.4322653114795685,0.3011261522769928,1.3786202669143677
4,540315,6B8Y,MdrDBcore02000,R417Q,0.985,0.5402259230613708,0.3011261522769928,1.3786202669143677
4,540315,6B8Y,MdrDBcore02001,R491W,0.724,0.5054665207862854,0.3011261522769928,1.3786202669143677
4,540315,6B8Y,MdrDBcore02002,S420F,-0.295,0.5381558537483215,0.3011261522769928,1.3786202669143677
4,540315,3HMM,MdrDBcore02003,V157I,1.039,0.6266871690750122,0.3011261522769928,1.3786202669143677
4,540315,6B8Y,MdrDBcore02004,V256L,1.311,0.553048312664032,0.3011261522769928,1.3786202669143677
4,540315,2PJY,MdrDBcore02005,V56I,0.733,0.40502622723579407,0.3011261522769928,1.3786202669143677
4,540315,3HMM,MdrDBcore02006,V95A,1.443,0.6269540786743164,0.3011261522769928,1.3786202669143677
4,540315,6B8Y,MdrDBcore02007,Y299F,1.173,0.57938152551651,0.3011261522769928,1.3786202669143677
4,540315,6B8Y,MdrDBcore02008,Y432F,0.823,0.5493072271347046,0.3011261522769928,1.3786202669143677
4,540315,5IU2,MdrDBcore02009,A354T,-0.608,-0.12239381670951843,0.3011261522769928,1.3786202669143677
4,540315,4Y83,MdrDBcore02010,E188K,1.857,-0.059433553367853165,0.3011261522769928,1.3786202669143677
4,540315,4Y83,MdrDBcore02011,F271Y,-0.06,0.14522548019886017,0.3011261522769928,1.3786202669143677
4,540315,4Y83,MdrDBcore02012,P359S,-0.169,-0.005613405257463455,0.3011261522769928,1.3786202669143677
4,540315,4Y83,MdrDBcore02013,R146Q,0.559,-0.0427941158413887,0.3011261522769928,1.3786202669143677
4,540315,4Y83,MdrDBcore02014,R376C,-0.187,-0.05960170552134514,0.3011261522769928,1.3786202669143677
4,540315,AlphaFold2,MdrDBcore02015,D1067N,-0.288,0.0013998337090015411,0.3011261522769928,1.3786202669143677
4,540315,AlphaFold2,MdrDBcore02016,D1067N,0.55,0.4997428357601166,0.3011261522769928,1.3786202669143677
4,540315,AlphaFold2,MdrDBcore02017,D1067V,-2.019,0.2502360939979553,0.3011261522769928,1.3786202669143677
4,540315,AlphaFold2,MdrDBcore02018,I767F,-0.474,-0.22170045971870422,0.3011261522769928,1.3786202669143677
4,540315,AlphaFold2,MdrDBcore02019,I965N,1.038,0.12610435485839844,0.3011261522769928,1.3786202669143677
4,540315,AlphaFold2,MdrDBcore02020,K718R,1.061,-0.3944952189922333,0.3011261522769928,1.3786202669143677
4,540315,AlphaFold2,MdrDBcore02021,L535R,0.233,-0.14331601560115814,0.3011261522769928,1.3786202669143677
4,540315,AlphaFold2,MdrDBcore02022,L642P,1.319,0.7338493466377258,0.3011261522769928,1.3786202669143677
4,540315,AlphaFold2,MdrDBcore02023,L933P,-1.38,-0.36562851071357727,0.3011261522769928,1.3786202669143677
4,540315,AlphaFold2,MdrDBcore02024,L99R,0.489,-0.33509987592697144,0.3011261522769928,1.3786202669143677
4,540315,AlphaFold2,MdrDBcore02025,M630R,1.408,0.6029085516929626,0.3011261522769928,1.3786202669143677
4,540315,AlphaFold2,MdrDBcore02026,N717S,1.011,-0.25449827313423157,0.3011261522769928,1.3786202669143677
4,540315,AlphaFold2,MdrDBcore02027,P437H,1.642,0.13323578238487244,0.3011261522769928,1.3786202669143677
4,540315,AlphaFold2,MdrDBcore02028,R321Q,-0.085,-0.18086813390254974,0.3011261522769928,1.3786202669143677
4,540315,AlphaFold2,MdrDBcore02029,R48Q,0.185,-0.06823953986167908,0.3011261522769928,1.3786202669143677
4,540315,AlphaFold2,MdrDBcore02030,R668Q,1.201,0.590364396572113,0.3011261522769928,1.3786202669143677
4,540315,AlphaFold2,MdrDBcore02031,R668W,0.304,0.3712674677371979,0.3011261522769928,1.3786202669143677
4,540315,AlphaFold2,MdrDBcore02032,R896L,-0.341,-0.04155932739377022,0.3011261522769928,1.3786202669143677
4,540315,AlphaFold2,MdrDBcore02033,R896L,0.697,-0.39318230748176575,0.3011261522769928,1.3786202669143677
4,540315,AlphaFold2,MdrDBcore02034,T721P,-0.549,-0.3435308635234833,0.3011261522769928,1.3786202669143677
4,540315,AlphaFold2,MdrDBcore02035,T721P,-0.316,-0.2969913184642792,0.3011261522769928,1.3786202669143677
4,540315,AlphaFold2,MdrDBcore02036,V369I,-1.283,-0.41262373328208923,0.3011261522769928,1.3786202669143677
4,540315,AlphaFold2,MdrDBcore02037,V369I,-0.083,-0.23461589217185974,0.3011261522769928,1.3786202669143677
4,540315,6SB0,MdrDBcore02038,A1134T,-2.549,0.4606868326663971,0.3011261522769928,1.3786202669143677
4,540315,6SB0,MdrDBcore02039,A1134V,-0.777,0.13314607739448547,0.3011261522769928,1.3786202669143677
4,540315,7EPD,MdrDBcore02040,A329T,-0.929,0.011197391897439957,0.3011261522769928,1.3786202669143677
4,540315,7PE9,MdrDBcore02041,A41T,-3.177,0.13466177880764008,0.3011261522769928,1.3786202669143677
4,540315,6SB0,MdrDBcore02042,A695V,-1.293,0.07756610214710236,0.3011261522769928,1.3786202669143677
4,540315,7PE9,MdrDBcore02043,A695V,-1.002,0.07904089987277985,0.3011261522769928,1.3786202669143677
4,540315,6SB0,MdrDBcore02044,A954T,-2.775,0.28333839774131775,0.3011261522769928,1.3786202669143677
4,540315,6SB0,MdrDBcore02045,D1332E,-2.443,0.14279761910438538,0.3011261522769928,1.3786202669143677
4,540315,6SB0,MdrDBcore02046,D259Y,-0.308,0.25250643491744995,0.3011261522769928,1.3786202669143677
4,540315,6SB0,MdrDBcore02047,E1033K,-1.819,0.24607136845588684,0.3011261522769928,1.3786202669143677
4,540315,5WBY,MdrDBcore02048,E1799K,-0.79,0.08288416266441345,0.3011261522769928,1.3786202669143677
4,540315,7PE9,MdrDBcore02049,E2000Q,-1.021,-0.038606397807598114,0.3011261522769928,1.3786202669143677
4,540315,6SB0,MdrDBcore02050,E427D,-4.512,0.24165937304496765,0.3011261522769928,1.3786202669143677
4,540315,6SB0,MdrDBcore02051,F140L,-0.639,0.24516040086746216,0.3011261522769928,1.3786202669143677
4,540315,6SB0,MdrDBcore02052,H1647Q,-0.947,0.30800625681877136,0.3011261522769928,1.3786202669143677
4,540315,6SB0,MdrDBcore02053,I2017T,-1.532,0.3087669610977173,0.3011261522769928,1.3786202669143677
4,540315,6SB0,MdrDBcore02054,K1197N,-2.878,0.17899556457996368,0.3011261522769928,1.3786202669143677
4,540315,6SB0,MdrDBcore02055,K1981E,-2.429,0.28324273228645325,0.3011261522769928,1.3786202669143677
4,540315,6SB0,MdrDBcore02056,L1129P,-2.09,0.3145495057106018,0.3011261522769928,1.3786202669143677
4,540315,6SB0,MdrDBcore02057,L1894V,-2.235,0.07922546565532684,0.3011261522769928,1.3786202669143677
4,540315,6SB0,MdrDBcore02058,L1894V,-2.592,0.3691386580467224,0.3011261522769928,1.3786202669143677
4,540315,7PE9,MdrDBcore02059,L2138F,-1.88,0.05987453833222389,0.3011261522769928,1.3786202669143677
4,540315,6SB0,MdrDBcore02060,L2427R,-2.787,0.23817870020866394,0.3011261522769928,1.3786202669143677
4,540315,6SB0,MdrDBcore02061,M135T,-1.39,0.2433767020702362,0.3011261522769928,1.3786202669143677
4,540315,7EPD,MdrDBcore02062,M476V,-1.455,-0.0953761488199234,0.3011261522769928,1.3786202669143677
4,540315,6SB0,MdrDBcore02063,N1765D,-1.825,0.24469459056854248,0.3011261522769928,1.3786202669143677
4,540315,6SB0,MdrDBcore02064,P1128L,-3.787,0.4110667109489441,0.3011261522769928,1.3786202669143677
4,540315,6SB0,MdrDBcore02065,P1193L,-1.318,0.18973621726036072,0.3011261522769928,1.3786202669143677
4,540315,6SB0,MdrDBcore02066,P1312L,-1.355,0.20466205477714539,0.3011261522769928,1.3786202669143677
4,540315,6SB0,MdrDBcore02067,P1537S,-1.259,0.3852119445800781,0.3011261522769928,1.3786202669143677
4,540315,6SB0,MdrDBcore02068,P1609L,-1.712,0.07954296469688416,0.3011261522769928,1.3786202669143677
4,540315,6SB0,MdrDBcore02069,P1609L,-1.195,0.267560750246048,0.3011261522769928,1.3786202669143677
4,540315,6SB0,MdrDBcore02070,P1951S,-0.062,0.3022734820842743,0.3011261522769928,1.3786202669143677
4,540315,6SB0,MdrDBcore02071,P453L,-2.746,0.23307332396507263,0.3011261522769928,1.3786202669143677
4,540315,6SB0,MdrDBcore02072,P770A,-1.411,0.17979517579078674,0.3011261522769928,1.3786202669143677
4,540315,6SB0,MdrDBcore02073,P770A,-1.782,0.28235045075416565,0.3011261522769928,1.3786202669143677
4,540315,6SB0,MdrDBcore02074,Q1207P,-3.336,0.2667425274848938,0.3011261522769928,1.3786202669143677
4,540315,7PE9,MdrDBcore02075,R1208C,-1.145,-0.07925251126289368,0.3011261522769928,1.3786202669143677
4,540315,6SB0,MdrDBcore02076,R1482C,-2.339,0.19277700781822205,0.3011261522769928,1.3786202669143677
4,540315,6SB0,MdrDBcore02077,R1612Q,0.682,0.39256903529167175,0.3011261522769928,1.3786202669143677
4,540315,6SB0,MdrDBcore02078,R1709H,-2.867,0.21087265014648438,0.3011261522769928,1.3786202669143677
4,540315,6SB0,MdrDBcore02079,R1709H,-1.1,0.3525600731372833,0.3011261522769928,1.3786202669143677
4,540315,6SB0,MdrDBcore02080,R1784C,0.857,0.3902565538883209,0.3011261522769928,1.3786202669143677
4,540315,6SB0,MdrDBcore02081,R1811H,-1.625,0.23699945211410522,0.3011261522769928,1.3786202669143677
4,540315,6SB0,MdrDBcore02082,R2152C,-3.364,0.32507073879241943,0.3011261522769928,1.3786202669143677
4,540315,7PE9,MdrDBcore02083,S1178F,-0.977,0.009287912398576736,0.3011261522769928,1.3786202669143677
4,540315,6SB0,MdrDBcore02084,S2215F,-2.632,0.23694437742233276,0.3011261522769928,1.3786202669143677
4,540315,6SB0,MdrDBcore02085,S645C,-1.77,0.20614981651306152,0.3011261522769928,1.3786202669143677
4,540315,7PE9,MdrDBcore02086,T1948M,-2.088,0.05796324089169502,0.3011261522769928,1.3786202669143677
4,540315,6SB0,MdrDBcore02087,T1948M,-0.221,0.1354147046804428,0.3011261522769928,1.3786202669143677
4,540315,6SB0,MdrDBcore02088,T2232I,-0.216,0.24101600050926208,0.3011261522769928,1.3786202669143677
4,540315,6SB0,MdrDBcore02089,T2509A,-3.481,0.22698113322257996,0.3011261522769928,1.3786202669143677
4,540315,7EPD,MdrDBcore02090,T571K,-3.356,-0.11092346906661987,0.3011261522769928,1.3786202669143677
4,540315,6SB0,MdrDBcore02091,T588M,-1.698,0.28363141417503357,0.3011261522769928,1.3786202669143677
4,540315,6SB0,MdrDBcore02092,T647I,-2.934,0.1594640165567398,0.3011261522769928,1.3786202669143677
4,540315,6SB0,MdrDBcore02093,T647I,-2.127,0.18953004479408264,0.3011261522769928,1.3786202669143677
4,540315,5WBY,MdrDBcore02094,V1591L,-2.614,0.09313568472862244,0.3011261522769928,1.3786202669143677
4,540315,6SB0,MdrDBcore02095,W1304R,-0.871,0.3366541266441345,0.3011261522769928,1.3786202669143677
4,540315,5WBY,MdrDBcore02096,W1456R,-3.121,0.08964231610298157,0.3011261522769928,1.3786202669143677
4,540315,6SB0,MdrDBcore02097,Y1151C,-0.722,0.23936089873313904,0.3011261522769928,1.3786202669143677
4,540315,6SB0,MdrDBcore02098,Y861H,-1.509,0.18844935297966003,0.3011261522769928,1.3786202669143677
4,540315,6SB0,MdrDBcore02099,Y861H,-2.08,0.18470481038093567,0.3011261522769928,1.3786202669143677
4,540315,4FL2,MdrDBcore02100,A353T,-0.306,0.007564786821603775,0.3011261522769928,1.3786202669143677
4,540315,4FL2,MdrDBcore02101,A353T,-1.045,-0.40125149488449097,0.3011261522769928,1.3786202669143677
4,540315,4FL2,MdrDBcore02102,A353T,-0.914,0.06397633254528046,0.3011261522769928,1.3786202669143677
4,540315,4RX7,MdrDBcore02103,A620T,1.14,0.36216944456100464,0.3011261522769928,1.3786202669143677
4,540315,5CXZ,MdrDBcore02104,A620T,-0.871,0.1458742320537567,0.3011261522769928,1.3786202669143677
4,540315,5CXZ,MdrDBcore02105,A620T,-0.284,-0.04696105420589447,0.3011261522769928,1.3786202669143677
4,540315,1A81,MdrDBcore02106,A86T,1.59,0.40202099084854126,0.3011261522769928,1.3786202669143677
4,540315,7SA7,MdrDBcore02107,A86T,0.263,0.15223702788352966,0.3011261522769928,1.3786202669143677
4,540315,7SA7,MdrDBcore02108,A86T,0.511,0.3214474022388458,0.3011261522769928,1.3786202669143677
4,540315,5CXZ,MdrDBcore02109,D428N,-0.288,0.21154499053955078,0.3011261522769928,1.3786202669143677
4,540315,5CXZ,MdrDBcore02110,D428N,-0.438,0.13104675710201263,0.3011261522769928,1.3786202669143677
4,540315,5CXZ,MdrDBcore02111,D428N,-0.601,0.13299725949764252,0.3011261522769928,1.3786202669143677
4,540315,5CXZ,MdrDBcore02112,E586D,-0.614,0.2860014736652374,0.3011261522769928,1.3786202669143677
4,540315,5CXZ,MdrDBcore02113,E586D,0.601,0.14030490815639496,0.3011261522769928,1.3786202669143677
4,540315,5CXZ,MdrDBcore02114,E586D,-0.338,-0.05484539270401001,0.3011261522769928,1.3786202669143677
4,540315,5CXZ,MdrDBcore02115,G578E,0.377,0.1857040822505951,0.3011261522769928,1.3786202669143677
4,540315,5CXZ,MdrDBcore02116,G578E,-0.261,0.15888254344463348,0.3011261522769928,1.3786202669143677
4,540315,4RX7,MdrDBcore02117,G578E,-0.286,0.48932555317878723,0.3011261522769928,1.3786202669143677
4,540315,4RX7,MdrDBcore02118,G588R,-0.786,0.245111882686615,0.3011261522769928,1.3786202669143677
4,540315,5CXZ,MdrDBcore02119,G588R,0.867,0.13738933205604553,0.3011261522769928,1.3786202669143677
4,540315,5CXZ,MdrDBcore02120,G588R,1.22,-0.08011879026889801,0.3011261522769928,1.3786202669143677
4,540315,5CXZ,MdrDBcore02121,H492Y,-0.596,0.21064895391464233,0.3011261522769928,1.3786202669143677
4,540315,5CXZ,MdrDBcore02122,H492Y,-0.815,0.13865825533866882,0.3011261522769928,1.3786202669143677
4,540315,5CXZ,MdrDBcore02123,H492Y,-0.579,-0.06718309223651886,0.3011261522769928,1.3786202669143677
4,540315,4RX7,MdrDBcore02124,I438M,1.949,0.3257148861885071,0.3011261522769928,1.3786202669143677
4,540315,7SA7,MdrDBcore02125,K133E,0.343,0.4458622634410858,0.3011261522769928,1.3786202669143677
4,540315,7SA7,MdrDBcore02126,K133E,-0.138,0.29622799158096313,0.3011261522769928,1.3786202669143677
4,540315,7SA7,MdrDBcore02127,K133E,0.598,0.06209494546055794,0.3011261522769928,1.3786202669143677
4,540315,5CXZ,MdrDBcore02128,K386N,-0.514,0.17862986028194427,0.3011261522769928,1.3786202669143677
4,540315,5CXZ,MdrDBcore02129,N381I,-0.613,0.2676728069782257,0.3011261522769928,1.3786202669143677
4,540315,4RX7,MdrDBcore02130,N381I,-0.32,0.38293901085853577,0.3011261522769928,1.3786202669143677
4,540315,5CXZ,MdrDBcore02131,N381I,-0.743,0.27267929911613464,0.3011261522769928,1.3786202669143677
4,540315,4FL2,MdrDBcore02132,P355L,0.228,-0.043843574821949005,0.3011261522769928,1.3786202669143677
4,540315,1XBB,MdrDBcore02133,R520S,2.261,0.31149786710739136,0.3011261522769928,1.3786202669143677
4,540315,5CXZ,MdrDBcore02134,R520S,-0.815,0.15347090363502502,0.3011261522769928,1.3786202669143677
4,540315,5CXZ,MdrDBcore02135,R520S,0.111,-0.0637855976819992,0.3011261522769928,1.3786202669143677
4,540315,5CXZ,MdrDBcore02136,V622A,-0.123,0.29733824729919434,0.3011261522769928,1.3786202669143677
4,540315,5CXZ,MdrDBcore02137,V622A,1.095,0.13456876575946808,0.3011261522769928,1.3786202669143677
4,540315,5CXZ,MdrDBcore02138,V622A,1.357,-0.026831205934286118,0.3011261522769928,1.3786202669143677
4,540315,1A81,MdrDBcore02139,Y246C,-0.223,-0.13317686319351196,0.3011261522769928,1.3786202669143677
4,540315,4RX7,MdrDBcore02140,Y568H,-0.077,0.3327336013317108,0.3011261522769928,1.3786202669143677
4,540315,5CXZ,MdrDBcore02141,Y568H,-0.729,0.13865846395492554,0.3011261522769928,1.3786202669143677
4,540315,5CXZ,MdrDBcore02142,Y568H,-0.078,0.20167899131774902,0.3011261522769928,1.3786202669143677
4,540315,4O1D,MdrDBcore02143,A252S,-0.845,-0.2841048240661621,0.3011261522769928,1.3786202669143677
4,540315,4O1D,MdrDBcore02144,A83V,0.014,-0.2381017506122589,0.3011261522769928,1.3786202669143677
4,540315,4O1D,MdrDBcore02145,E263G,-1.313,-0.14406554400920868,0.3011261522769928,1.3786202669143677
4,540315,4O1D,MdrDBcore02146,E336D,2.7,-0.16102561354637146,0.3011261522769928,1.3786202669143677
4,540315,4O1D,MdrDBcore02147,E487D,0.707,0.09433445334434509,0.3011261522769928,1.3786202669143677
4,540315,4O1D,MdrDBcore02148,G100R,-0.997,-0.16009962558746338,0.3011261522769928,1.3786202669143677
4,540315,4O1D,MdrDBcore02149,I206T,2.095,-0.11654721200466156,0.3011261522769928,1.3786202669143677
4,540315,4O1D,MdrDBcore02150,K228A,-1.331,-0.1983574479818344,0.3011261522769928,1.3786202669143677
4,540315,4O1D,MdrDBcore02151,K339E,-0.833,-0.11496508866548538,0.3011261522769928,1.3786202669143677
4,540315,4O1D,MdrDBcore02152,K342R,-1.852,-0.28633907437324524,0.3011261522769928,1.3786202669143677
4,540315,4O1D,MdrDBcore02153,K423A,-2.217,-0.30268487334251404,0.3011261522769928,1.3786202669143677
4,540315,4O1D,MdrDBcore02154,L226R,3.238,-0.006077669560909271,0.3011261522769928,1.3786202669143677
4,540315,4O1D,MdrDBcore02155,Q268K,-0.386,-0.14044734835624695,0.3011261522769928,1.3786202669143677
4,540315,3DKJ,MdrDBcore02156,Q362E,0.056,0.06719422340393066,0.3011261522769928,1.3786202669143677
4,540315,4O1D,MdrDBcore02157,R349K,0.005,0.47569534182548523,0.3011261522769928,1.3786202669143677
4,540315,4O1D,MdrDBcore02158,T233M,-2.333,-0.27336788177490234,0.3011261522769928,1.3786202669143677
4,540315,4O1D,MdrDBcore02159,V221A,0.654,-0.28718578815460205,0.3011261522769928,1.3786202669143677
4,540315,4O1D,MdrDBcore02160,V266I,2.09,-0.1708676964044571,0.3011261522769928,1.3786202669143677
4,540315,4O1D,MdrDBcore02161,V300I,0.067,-0.16501404345035553,0.3011261522769928,1.3786202669143677
4,540315,4O1D,MdrDBcore02162,Y142C,0.206,-0.26272597908973694,0.3011261522769928,1.3786202669143677
4,540315,4O1D,MdrDBcore02163,Y36C,1.022,-0.2533845007419586,0.3011261522769928,1.3786202669143677
4,540315,4AWI,MdrDBcore02164,A282D,-0.775,0.06648877263069153,0.3011261522769928,1.3786202669143677
4,540315,4AWI,MdrDBcore02165,C79Y,1.349,0.07500903308391571,0.3011261522769928,1.3786202669143677
4,540315,4AWI,MdrDBcore02166,D277G,-0.384,0.19664478302001953,0.3011261522769928,1.3786202669143677
4,540315,4AWI,MdrDBcore02167,D277V,0.443,0.06454363465309143,0.3011261522769928,1.3786202669143677
4,540315,4AWI,MdrDBcore02168,H149R,-0.612,0.1682290881872177,0.3011261522769928,1.3786202669143677
4,540315,4AWI,MdrDBcore02169,I304M,-0.709,0.0855303406715393,0.3011261522769928,1.3786202669143677
4,540315,4AWI,MdrDBcore02170,M200T,-1.724,0.005378212779760361,0.3011261522769928,1.3786202669143677
4,540315,3L08,MdrDBcore02171,A197T,-1.852,0.39928457140922546,0.3011261522769928,1.3786202669143677
4,540315,3L08,MdrDBcore02172,A197T,0.351,0.5526297688484192,0.3011261522769928,1.3786202669143677
4,540315,4GB9,MdrDBcore02173,A253T,0.688,0.6003028154373169,0.3011261522769928,1.3786202669143677
4,540315,4GB9,MdrDBcore02174,A253T,1.775,0.39402535557746887,0.3011261522769928,1.3786202669143677
4,540315,4GB9,MdrDBcore02175,A253T,0.231,0.39393895864486694,0.3011261522769928,1.3786202669143677
4,540315,3L08,MdrDBcore02176,A314T,0.664,0.40682733058929443,0.3011261522769928,1.3786202669143677
4,540315,4GB9,MdrDBcore02177,A314T,1.258,0.4453396499156952,0.3011261522769928,1.3786202669143677
4,540315,4GB9,MdrDBcore02178,A314T,0.288,0.37574517726898193,0.3011261522769928,1.3786202669143677
4,540315,3L08,MdrDBcore02179,A528V,-0.026,0.41136446595191956,0.3011261522769928,1.3786202669143677
4,540315,4GB9,MdrDBcore02180,A528V,0.923,0.36957183480262756,0.3011261522769928,1.3786202669143677
4,540315,3L08,MdrDBcore02181,A528V,-0.333,-0.08044811338186264,0.3011261522769928,1.3786202669143677
4,540315,3L08,MdrDBcore02182,A557V,1.842,0.43478041887283325,0.3011261522769928,1.3786202669143677
4,540315,3L08,MdrDBcore02183,A569T,1.29,0.4075145423412323,0.3011261522769928,1.3786202669143677
4,540315,3L08,MdrDBcore02184,A569T,1.746,0.45006975531578064,0.3011261522769928,1.3786202669143677
4,540315,3L08,MdrDBcore02185,A569T,1.264,-0.06769637763500214,0.3011261522769928,1.3786202669143677
4,540315,4GB9,MdrDBcore02186,A621S,1.204,0.595288097858429,0.3011261522769928,1.3786202669143677
4,540315,3L08,MdrDBcore02187,A621S,1.806,0.522948682308197,0.3011261522769928,1.3786202669143677
4,540315,3L08,MdrDBcore02188,A621S,0.475,-0.02343885973095894,0.3011261522769928,1.3786202669143677
4,540315,7MEZ,MdrDBcore02189,A84V,-0.146,-0.2441474050283432,0.3011261522769928,1.3786202669143677
4,540315,3L08,MdrDBcore02190,D192N,0.216,0.4340519607067108,0.3011261522769928,1.3786202669143677
4,540315,3L08,MdrDBcore02191,D192N,-1.811,0.06498754024505615,0.3011261522769928,1.3786202669143677
4,540315,3L16,MdrDBcore02192,D358Y,-0.059,0.32056570053100586,0.3011261522769928,1.3786202669143677
4,540315,3L08,MdrDBcore02193,D358Y,1.423,0.3503919541835785,0.3011261522769928,1.3786202669143677
4,540315,3L08,MdrDBcore02194,D358Y,-0.28,-0.09405764937400818,0.3011261522769928,1.3786202669143677
4,540315,3L08,MdrDBcore02195,D946N,0.767,0.41155314445495605,0.3011261522769928,1.3786202669143677
4,540315,3L08,MdrDBcore02196,D946N,0.372,0.43384623527526855,0.3011261522769928,1.3786202669143677
4,540315,3L08,MdrDBcore02197,D946N,-0.134,-0.06089681386947632,0.3011261522769928,1.3786202669143677
4,540315,7MEZ,MdrDBcore02198,E108K,-1.323,-0.3445124626159668,0.3011261522769928,1.3786202669143677
4,540315,7MEZ,MdrDBcore02199,E108K,0.043,0.18164832890033722,0.3011261522769928,1.3786202669143677
4,540315,3L08,MdrDBcore02200,G276S,-0.235,0.4197050631046295,0.3011261522769928,1.3786202669143677
4,540315,3L08,MdrDBcore02201,G276S,1.873,0.42820727825164795,0.3011261522769928,1.3786202669143677
4,540315,3L08,MdrDBcore02202,G276S,-1.009,-0.06297965347766876,0.3011261522769928,1.3786202669143677
4,540315,7MEZ,MdrDBcore02203,G343S,0.915,-0.16674326360225677,0.3011261522769928,1.3786202669143677
4,540315,7MEZ,MdrDBcore02204,G343S,1.741,-0.19352775812149048,0.3011261522769928,1.3786202669143677
4,540315,7MEZ,MdrDBcore02205,G343S,-0.181,0.003624584525823593,0.3011261522769928,1.3786202669143677
4,540315,3L08,MdrDBcore02206,G436S,2.055,0.42569491267204285,0.3011261522769928,1.3786202669143677
4,540315,7MEZ,MdrDBcore02207,G65D,-0.46,0.043163854628801346,0.3011261522769928,1.3786202669143677
4,540315,3L08,MdrDBcore02208,G996A,0.184,0.4228532314300537,0.3011261522769928,1.3786202669143677
4,540315,3L08,MdrDBcore02209,G996A,0.68,0.009742040187120438,0.3011261522769928,1.3786202669143677
4,540315,3L08,MdrDBcore02210,H295Q,0.103,0.40759074687957764,0.3011261522769928,1.3786202669143677
4,540315,3L08,MdrDBcore02211,H295Q,0.728,0.48012974858283997,0.3011261522769928,1.3786202669143677
4,540315,3L08,MdrDBcore02212,H295Q,-0.988,-0.050644926726818085,0.3011261522769928,1.3786202669143677
4,540315,3L08,MdrDBcore02213,H693Q,0.143,0.40601250529289246,0.3011261522769928,1.3786202669143677
4,540315,3L08,MdrDBcore02214,H693Q,0.77,0.44596466422080994,0.3011261522769928,1.3786202669143677
4,540315,3L08,MdrDBcore02215,H693Q,0.789,-0.06580491364002228,0.3011261522769928,1.3786202669143677
4,540315,3L08,MdrDBcore02216,H909L,1.219,0.40638014674186707,0.3011261522769928,1.3786202669143677
4,540315,3L08,MdrDBcore02217,H909L,1.575,0.4800998866558075,0.3011261522769928,1.3786202669143677
4,540315,3L08,MdrDBcore02218,H909L,-0.26,-0.010904334485530853,0.3011261522769928,1.3786202669143677
4,540315,3L08,MdrDBcore02219,I158M,-0.179,0.4072713255882263,0.3011261522769928,1.3786202669143677
4,540315,3L08,MdrDBcore02220,I158M,0.786,0.29983195662498474,0.3011261522769928,1.3786202669143677
4,540315,3L08,MdrDBcore02221,I158M,-0.507,-0.023703448474407196,0.3011261522769928,1.3786202669143677
4,540315,3L08,MdrDBcore02222,I220M,0.235,0.40812578797340393,0.3011261522769928,1.3786202669143677
4,540315,3L08,MdrDBcore02223,I220M,1.658,0.43973103165626526,0.3011261522769928,1.3786202669143677
4,540315,3L08,MdrDBcore02224,I220M,0.889,-0.0007437244057655334,0.3011261522769928,1.3786202669143677
4,540315,3L16,MdrDBcore02225,I287M,0.239,0.32019558548927307,0.3011261522769928,1.3786202669143677
4,540315,3L08,MdrDBcore02226,I287M,0.731,0.4120272994041443,0.3011261522769928,1.3786202669143677
4,540315,3L08,MdrDBcore02227,I287M,-1.226,-0.002359870821237564,0.3011261522769928,1.3786202669143677
4,540315,3L08,MdrDBcore02228,I643V,0.624,0.4198361337184906,0.3011261522769928,1.3786202669143677
4,540315,3L08,MdrDBcore02229,I643V,1.642,0.39043959975242615,0.3011261522769928,1.3786202669143677
4,540315,3L08,MdrDBcore02230,I643V,0.519,-0.05102577805519104,0.3011261522769928,1.3786202669143677
4,540315,3L08,MdrDBcore02231,I888V,-1.351,0.40901580452919006,0.3011261522769928,1.3786202669143677
4,540315,3L08,MdrDBcore02232,I888V,1.043,0.3900187909603119,0.3011261522769928,1.3786202669143677
4,540315,3L08,MdrDBcore02233,I888V,-2.396,-0.09734001755714417,0.3011261522769928,1.3786202669143677
4,540315,4EZL,MdrDBcore02234,L1092H,0.068,0.40314146876335144,0.3011261522769928,1.3786202669143677
4,540315,4EZL,MdrDBcore02235,L1092H,0.793,0.3600403070449829,0.3011261522769928,1.3786202669143677
4,540315,4EZL,MdrDBcore02236,L1092H,-0.092,0.17378690838813782,0.3011261522769928,1.3786202669143677
4,540315,3L08,MdrDBcore02237,L211P,-0.101,0.40602123737335205,0.3011261522769928,1.3786202669143677
4,540315,3L08,MdrDBcore02238,L211P,0.311,0.41181835532188416,0.3011261522769928,1.3786202669143677
4,540315,4GB9,MdrDBcore02239,L211P,-2.641,0.4054515063762665,0.3011261522769928,1.3786202669143677
4,540315,4GB9,MdrDBcore02240,L651V,0.331,0.6556047201156616,0.3011261522769928,1.3786202669143677
4,540315,4GB9,MdrDBcore02241,L651V,2.12,0.32977738976478577,0.3011261522769928,1.3786202669143677
4,540315,3L08,MdrDBcore02242,L651V,0.752,-0.0585164837539196,0.3011261522769928,1.3786202669143677
4,540315,3L08,MdrDBcore02243,M1039T,0.369,0.4074172079563141,0.3011261522769928,1.3786202669143677
4,540315,3L08,MdrDBcore02244,M1039T,2.592,0.4240461587905884,0.3011261522769928,1.3786202669143677
4,540315,3L08,MdrDBcore02245,M1039T,0.201,-0.0963902473449707,0.3011261522769928,1.3786202669143677
4,540315,1HE8,MdrDBcore02246,M259I,0.954,0.6185764670372009,0.3011261522769928,1.3786202669143677
4,540315,1HE8,MdrDBcore02247,M259I,1.22,0.10630355775356293,0.3011261522769928,1.3786202669143677
4,540315,1HE8,MdrDBcore02248,M259I,-1.632,-0.19254589080810547,0.3011261522769928,1.3786202669143677
4,540315,3L08,MdrDBcore02249,N386S,-1.827,0.42186790704727173,0.3011261522769928,1.3786202669143677
4,540315,3L08,MdrDBcore02250,N386S,0.942,0.4828587472438812,0.3011261522769928,1.3786202669143677
4,540315,3L08,MdrDBcore02251,N386S,-0.521,-0.028427857905626297,0.3011261522769928,1.3786202669143677
4,540315,3DPD,MdrDBcore02252,N979S,1.963,0.414004921913147,0.3011261522769928,1.3786202669143677
4,540315,7MEZ,MdrDBcore02253,P142L,1.149,-0.18155141174793243,0.3011261522769928,1.3786202669143677
4,540315,7MEZ,MdrDBcore02254,P142L,-1.412,0.2682533860206604,0.3011261522769928,1.3786202669143677
4,540315,3L08,MdrDBcore02255,P208L,-0.45,0.40495696663856506,0.3011261522769928,1.3786202669143677
4,540315,3L08,MdrDBcore02256,P208L,1.21,0.38781097531318665,0.3011261522769928,1.3786202669143677
4,540315,3L08,MdrDBcore02257,P208L,0.288,-0.1158706545829773,0.3011261522769928,1.3786202669143677
4,540315,7MEZ,MdrDBcore02258,P538L,-0.83,0.40956079959869385,0.3011261522769928,1.3786202669143677
4,540315,7MEZ,MdrDBcore02259,P538L,1.314,-0.27962562441825867,0.3011261522769928,1.3786202669143677
4,540315,7MEZ,MdrDBcore02260,P538L,0.748,-0.015531577169895172,0.3011261522769928,1.3786202669143677
4,540315,3L08,MdrDBcore02261,P563T,1.021,0.406658798456192,0.3011261522769928,1.3786202669143677
4,540315,3L08,MdrDBcore02262,P563T,1.037,0.4904244840145111,0.3011261522769928,1.3786202669143677
4,540315,3L08,MdrDBcore02263,P563T,-0.446,-0.023108448833227158,0.3011261522769928,1.3786202669143677
4,540315,3L08,MdrDBcore02264,R178C,-0.349,0.41193515062332153,0.3011261522769928,1.3786202669143677
4,540315,3L08,MdrDBcore02265,R178C,0.99,0.34301313757896423,0.3011261522769928,1.3786202669143677
4,540315,3L08,MdrDBcore02266,R178C,0.102,0.005922053009271622,0.3011261522769928,1.3786202669143677
4,540315,3L08,MdrDBcore02267,R362K,2.215,0.4114493131637573,0.3011261522769928,1.3786202669143677
4,540315,4GB9,MdrDBcore02268,R362K,1.776,0.3732782304286957,0.3011261522769928,1.3786202669143677
4,540315,3L08,MdrDBcore02269,R362K,2.351,-0.007237408310174942,0.3011261522769928,1.3786202669143677
4,540315,3L08,MdrDBcore02270,R362S,0.783,0.40060117840766907,0.3011261522769928,1.3786202669143677
4,540315,3L08,MdrDBcore02271,R362S,0.697,0.5287975668907166,0.3011261522769928,1.3786202669143677
4,540315,3L08,MdrDBcore02272,R362S,-1.205,-0.015550747513771057,0.3011261522769928,1.3786202669143677
4,540315,3L08,MdrDBcore02273,R472P,-0.787,0.40729576349258423,0.3011261522769928,1.3786202669143677
4,540315,3L08,MdrDBcore02274,R472P,-0.729,-0.03964720666408539,0.3011261522769928,1.3786202669143677
4,540315,3L08,MdrDBcore02275,R477C,-0.021,0.40697991847991943,0.3011261522769928,1.3786202669143677
4,540315,3L08,MdrDBcore02276,R477C,0.722,0.4616527855396271,0.3011261522769928,1.3786202669143677
4,540315,3L08,MdrDBcore02277,R477C,-0.008,-0.07812688499689102,0.3011261522769928,1.3786202669143677
4,540315,4GB9,MdrDBcore02278,R839C,0.1,0.6027359962463379,0.3011261522769928,1.3786202669143677
4,540315,4GB9,MdrDBcore02279,R839C,1.826,0.3808348774909973,0.3011261522769928,1.3786202669143677
4,540315,3L08,MdrDBcore02280,R839C,0.741,-0.09948357939720154,0.3011261522769928,1.3786202669143677
4,540315,3L08,MdrDBcore02281,S806F,1.167,0.44226768612861633,0.3011261522769928,1.3786202669143677
4,540315,3L08,MdrDBcore02282,S806F,0.803,0.11480727791786194,0.3011261522769928,1.3786202669143677
4,540315,3L08,MdrDBcore02283,T1081I,0.994,0.4546011984348297,0.3011261522769928,1.3786202669143677
4,540315,7MEZ,MdrDBcore02284,T330M,-0.318,0.8733734488487244,0.3011261522769928,1.3786202669143677
4,540315,7MEZ,MdrDBcore02285,T330M,0.832,-0.10932397842407227,0.3011261522769928,1.3786202669143677
4,540315,7MEZ,MdrDBcore02286,T330M,-0.466,0.0796726793050766,0.3011261522769928,1.3786202669143677
4,540315,4GB9,MdrDBcore02287,T627I,0.0,0.5386645197868347,0.3011261522769928,1.3786202669143677
4,540315,3L08,MdrDBcore02288,T627I,-1.75,-0.032147523015737534,0.3011261522769928,1.3786202669143677
4,540315,4GB9,MdrDBcore02289,T827R,-0.102,0.6559306383132935,0.3011261522769928,1.3786202669143677
4,540315,3L08,MdrDBcore02290,T827R,1.97,0.41147956252098083,0.3011261522769928,1.3786202669143677
4,540315,3L08,MdrDBcore02291,T827R,0.901,-0.04280688241124153,0.3011261522769928,1.3786202669143677
4,540315,3L08,MdrDBcore02292,V305M,-0.719,0.4073646068572998,0.3011261522769928,1.3786202669143677
4,540315,3L08,MdrDBcore02293,V305M,1.076,0.4173334836959839,0.3011261522769928,1.3786202669143677
4,540315,3L08,MdrDBcore02294,V305M,-0.557,-0.01627877727150917,0.3011261522769928,1.3786202669143677
4,540315,7MEZ,MdrDBcore02295,V332D,1.84,0.5736270546913147,0.3011261522769928,1.3786202669143677
4,540315,7MEZ,MdrDBcore02296,V332D,1.411,0.3558460474014282,0.3011261522769928,1.3786202669143677
4,540315,7MEZ,MdrDBcore02297,V332D,1.987,0.051403675228357315,0.3011261522769928,1.3786202669143677
4,540315,7MEZ,MdrDBcore02298,V332L,-0.668,-0.2212619185447693,0.3011261522769928,1.3786202669143677
4,540315,7MEZ,MdrDBcore02299,V332L,-0.301,0.25289854407310486,0.3011261522769928,1.3786202669143677
4,540315,3L08,MdrDBcore02300,V381I,0.38,0.4169013202190399,0.3011261522769928,1.3786202669143677
4,540315,3L08,MdrDBcore02301,V381I,0.842,0.4370232820510864,0.3011261522769928,1.3786202669143677
4,540315,3L08,MdrDBcore02302,V381I,-0.932,-0.026195455342531204,0.3011261522769928,1.3786202669143677
4,540315,4GB9,MdrDBcore02303,W855L,0.54,0.5933663249015808,0.3011261522769928,1.3786202669143677
4,540315,3L08,MdrDBcore02304,W855L,-0.514,-0.0007126927375793457,0.3011261522769928,1.3786202669143677
4,540315,1TN6,MdrDBcore02305,F117L,-0.232,-0.05814977362751961,0.3011261522769928,1.3786202669143677
4,540315,1LD8,MdrDBcore02306,F117L,0.864,0.0050355978310108185,0.3011261522769928,1.3786202669143677
4,540315,1JCQ,MdrDBcore02307,K330T,-0.465,0.0015743635594844818,0.3011261522769928,1.3786202669143677
4,540315,1LD8,MdrDBcore02308,K330T,-0.583,-0.030225474387407303,0.3011261522769928,1.3786202669143677
4,540315,1JCQ,MdrDBcore02309,K336R,0.041,0.5273376107215881,0.3011261522769928,1.3786202669143677
4,540315,1LD8,MdrDBcore02310,K336R,-0.419,0.09520071744918823,0.3011261522769928,1.3786202669143677
4,540315,1JCQ,MdrDBcore02311,L280F,-0.467,0.3026832044124603,0.3011261522769928,1.3786202669143677
4,540315,1LD8,MdrDBcore02312,L280F,-2.033,-0.038107845932245255,0.3011261522769928,1.3786202669143677
4,540315,1TN6,MdrDBcore02313,N329S,-0.981,0.34459188580513,0.3011261522769928,1.3786202669143677
4,540315,2H6G,MdrDBcore02314,N329S,-2.001,-0.03948894515633583,0.3011261522769928,1.3786202669143677
4,540315,1JCQ,MdrDBcore02315,N85S,-0.979,0.13484501838684082,0.3011261522769928,1.3786202669143677
4,540315,1LD8,MdrDBcore02316,N85S,-0.441,-0.016010019928216934,0.3011261522769928,1.3786202669143677
4,540315,1JCQ,MdrDBcore02317,P304S,0.228,0.30255573987960815,0.3011261522769928,1.3786202669143677
4,540315,1LD8,MdrDBcore02318,P304S,0.25,0.08907619118690491,0.3011261522769928,1.3786202669143677
4,540315,1TN6,MdrDBcore02319,Q221R,-0.144,0.653654932975769,0.3011261522769928,1.3786202669143677
4,540315,1LD8,MdrDBcore02320,Q221R,-0.212,-0.04477297514677048,0.3011261522769928,1.3786202669143677
4,540315,1JCQ,MdrDBcore02321,R287C,-0.139,0.47859445214271545,0.3011261522769928,1.3786202669143677
4,540315,1LD8,MdrDBcore02322,R287C,-1.421,-0.014828149229288101,0.3011261522769928,1.3786202669143677
4,540315,1JCQ,MdrDBcore02323,S290Y,-0.41,0.005967322736978531,0.3011261522769928,1.3786202669143677
4,540315,1LD8,MdrDBcore02324,S290Y,-1.336,-0.01601998880505562,0.3011261522769928,1.3786202669143677
4,540315,1JCQ,MdrDBcore02325,V64I,-0.339,-0.0010805539786815643,0.3011261522769928,1.3786202669143677
4,540315,1LD8,MdrDBcore02326,V64I,-0.458,0.00311419740319252,0.3011261522769928,1.3786202669143677
4,540315,1TN6,MdrDBcore02327,W72C,-0.542,0.26528507471084595,0.3011261522769928,1.3786202669143677
4,540315,1LD8,MdrDBcore02328,W72C,-0.138,-0.05962619185447693,0.3011261522769928,1.3786202669143677
4,540315,5OY4,MdrDBcore02329,D33G,0.306,0.37223660945892334,0.3011261522769928,1.3786202669143677
4,540315,5OY4,MdrDBcore02330,D33G,0.13,0.278413861989975,0.3011261522769928,1.3786202669143677
4,540315,5OY4,MdrDBcore02331,D33G,-0.255,0.31666064262390137,0.3011261522769928,1.3786202669143677
4,540315,5KPK,MdrDBcore02332,G65E,1.34,0.34562984108924866,0.3011261522769928,1.3786202669143677
4,540315,5KPK,MdrDBcore02333,G65E,-0.541,0.25200867652893066,0.3011261522769928,1.3786202669143677
4,540315,3ZRL,MdrDBcore02334,G65E,0.501,0.11759655177593231,0.3011261522769928,1.3786202669143677
4,540315,3ZRL,MdrDBcore02335,H310Q,-0.271,0.08595286309719086,0.3011261522769928,1.3786202669143677
4,540315,5KPK,MdrDBcore02336,L75V,-0.149,0.24684283137321472,0.3011261522769928,1.3786202669143677
4,540315,5KPK,MdrDBcore02337,L75V,0.069,0.20478478074073792,0.3011261522769928,1.3786202669143677
4,540315,3ZRL,MdrDBcore02338,L75V,-0.902,0.12684591114521027,0.3011261522769928,1.3786202669143677
4,540315,5KPK,MdrDBcore02339,Q164A,0.288,0.21655192971229553,0.3011261522769928,1.3786202669143677
4,540315,5KPK,MdrDBcore02340,Q164A,0.84,0.1786842942237854,0.3011261522769928,1.3786202669143677
4,540315,5KPK,MdrDBcore02341,R319A,1.023,0.27446070313453674,0.3011261522769928,1.3786202669143677
4,540315,5KPK,MdrDBcore02342,R319A,0.565,0.24376380443572998,0.3011261522769928,1.3786202669143677
4,540315,5KPK,MdrDBcore02343,R319Q,-0.659,0.28323912620544434,0.3011261522769928,1.3786202669143677
4,540315,5KPK,MdrDBcore02344,R319Q,0.068,0.29596978425979614,0.3011261522769928,1.3786202669143677
4,540315,3ZRL,MdrDBcore02345,R319Q,0.804,0.08685034513473511,0.3011261522769928,1.3786202669143677
4,540315,3ZRL,MdrDBcore02346,R332H,0.012,0.08277519047260284,0.3011261522769928,1.3786202669143677
4,540315,5KPK,MdrDBcore02347,R96A,-0.548,0.1976725161075592,0.3011261522769928,1.3786202669143677
4,540315,5KPK,MdrDBcore02348,R96A,-0.015,0.23214879631996155,0.3011261522769928,1.3786202669143677
4,540315,5KPK,MdrDBcore02349,V126I,-0.849,0.28775474429130554,0.3011261522769928,1.3786202669143677
4,540315,5KPK,MdrDBcore02350,V126I,-0.271,0.17365774512290955,0.3011261522769928,1.3786202669143677
4,540315,3ZRL,MdrDBcore02351,V126I,-2.234,0.11313948035240173,0.3011261522769928,1.3786202669143677
4,540315,3T1I,MdrDBcore02352,A177T,-1.11,0.6105781197547913,0.3011261522769928,1.3786202669143677
4,540315,3T1I,MdrDBcore02353,A47S,2.016,0.6588320732116699,0.3011261522769928,1.3786202669143677
4,540315,3T1I,MdrDBcore02354,D131Y,1.83,0.6412357091903687,0.3011261522769928,1.3786202669143677
4,540315,3T1I,MdrDBcore02355,D86N,0.945,0.6755573153495789,0.3011261522769928,1.3786202669143677
4,540315,3T1I,MdrDBcore02356,E248K,2.338,0.6709381937980652,0.3011261522769928,1.3786202669143677
4,540315,3T1I,MdrDBcore02357,G285C,1.512,0.6962772011756897,0.3011261522769928,1.3786202669143677
4,540315,3T1I,MdrDBcore02358,H302Y,1.468,0.6603894829750061,0.3011261522769928,1.3786202669143677
4,540315,3T1I,MdrDBcore02359,L116I,-0.526,0.6569616794586182,0.3011261522769928,1.3786202669143677
4,540315,3T1I,MdrDBcore02360,L61F,1.83,0.653932511806488,0.3011261522769928,1.3786202669143677
4,540315,3T1I,MdrDBcore02361,P358Q,0.965,0.6545032262802124,0.3011261522769928,1.3786202669143677
4,540315,3T1I,MdrDBcore02362,Q232K,1.923,0.6104840636253357,0.3011261522769928,1.3786202669143677
4,540315,3T1I,MdrDBcore02363,Q330K,0.664,0.6634787321090698,0.3011261522769928,1.3786202669143677
4,540315,3T1I,MdrDBcore02364,Q48L,1.486,0.6115126609802246,0.3011261522769928,1.3786202669143677
4,540315,3T1I,MdrDBcore02365,R305W,1.167,0.6765865087509155,0.3011261522769928,1.3786202669143677
4,540315,3T1I,MdrDBcore02366,R351H,1.786,0.6589177250862122,0.3011261522769928,1.3786202669143677
4,540315,3T1I,MdrDBcore02367,R380C,2.126,0.6577334403991699,0.3011261522769928,1.3786202669143677
4,540315,3T1I,MdrDBcore02368,R388W,1.634,0.6653629541397095,0.3011261522769928,1.3786202669143677
4,540315,3T1I,MdrDBcore02369,R400S,1.215,0.6812580823898315,0.3011261522769928,1.3786202669143677
4,540315,3T1I,MdrDBcore02370,R87W,1.359,0.6725786328315735,0.3011261522769928,1.3786202669143677
4,540315,3T1I,MdrDBcore02371,S209F,1.884,0.6528918743133545,0.3011261522769928,1.3786202669143677
4,540315,3T1I,MdrDBcore02372,T36M,1.591,0.6588184833526611,0.3011261522769928,1.3786202669143677
4,540315,3T1I,MdrDBcore02373,V17I,1.492,0.6637664437294006,0.3011261522769928,1.3786202669143677
4,540315,7A12,MdrDBcore02374,E164D,-0.254,0.25244054198265076,0.3011261522769928,1.3786202669143677
4,540315,7A12,MdrDBcore02375,I208M,0.169,-0.0487007275223732,0.3011261522769928,1.3786202669143677
4,540315,7A12,MdrDBcore02376,M184L,-0.544,-0.021418940275907516,0.3011261522769928,1.3786202669143677
4,540315,5JFR,MdrDBcore02377,N386K,-0.56,-0.08299779146909714,0.3011261522769928,1.3786202669143677
4,540315,7A12,MdrDBcore02378,N407S,-0.201,0.21346193552017212,0.3011261522769928,1.3786202669143677
4,540315,7A12,MdrDBcore02379,P119A,-0.691,0.017405357211828232,0.3011261522769928,1.3786202669143677
4,540315,7A12,MdrDBcore02380,P130L,-1.037,0.39899325370788574,0.3011261522769928,1.3786202669143677
4,540315,5JHU,MdrDBcore02381,R205C,0.054,0.2555864453315735,0.3011261522769928,1.3786202669143677
4,540315,7A12,MdrDBcore02382,V118L,-0.571,0.13286557793617249,0.3011261522769928,1.3786202669143677
4,540315,7A12,MdrDBcore02383,Y320C,-0.283,0.14102712273597717,0.3011261522769928,1.3786202669143677
4,540315,7B5Q,MdrDBcore02384,D216N,-1.195,-0.10252760350704193,0.3011261522769928,1.3786202669143677
4,540315,7B5Q,MdrDBcore02385,I133T,-2.336,-0.06299858540296555,0.3011261522769928,1.3786202669143677
4,540315,7B5Q,MdrDBcore02386,L206S,-1.462,0.04924635961651802,0.3011261522769928,1.3786202669143677
4,540315,7B5Q,MdrDBcore02387,L271V,2.255,-0.025960393249988556,0.3011261522769928,1.3786202669143677
4,540315,7B5Q,MdrDBcore02388,M196V,-1.469,-0.1515505015850067,0.3011261522769928,1.3786202669143677
4,540315,7B5Q,MdrDBcore02389,M240I,0.335,-0.10645553469657898,0.3011261522769928,1.3786202669143677
4,540315,7B5Q,MdrDBcore02390,R209M,0.366,-0.08402358740568161,0.3011261522769928,1.3786202669143677
4,540315,4BCG,MdrDBcore02391,A239T,0.156,0.00015949830412864685,0.3011261522769928,1.3786202669143677
4,540315,3LQ5,MdrDBcore02392,A239T,0.235,0.2657552659511566,0.3011261522769928,1.3786202669143677
4,540315,3LQ5,MdrDBcore02393,A239T,2.913,0.054359469562768936,0.3011261522769928,1.3786202669143677
4,540315,6CYT,MdrDBcore02394,A288T,0.193,0.45260754227638245,0.3011261522769928,1.3786202669143677
4,540315,3LQ5,MdrDBcore02395,A288T,2.925,-0.012936502695083618,0.3011261522769928,1.3786202669143677
4,540315,3MI9,MdrDBcore02396,A340T,-0.092,0.4472607672214508,0.3011261522769928,1.3786202669143677
4,540315,3MI9,MdrDBcore02397,A340T,1.471,0.0008257143199443817,0.3011261522769928,1.3786202669143677
4,540315,3LQ5,MdrDBcore02398,D290Y,3.885,0.1404372751712799,0.3011261522769928,1.3786202669143677
4,540315,4BCG,MdrDBcore02399,D290Y,-0.007,0.15125241875648499,0.3011261522769928,1.3786202669143677
4,540315,3LQ5,MdrDBcore02400,D290Y,0.668,0.05098544433712959,0.3011261522769928,1.3786202669143677
4,540315,3LQ5,MdrDBcore02401,E9K,1.068,0.08897309005260468,0.3011261522769928,1.3786202669143677
4,540315,6CYT,MdrDBcore02402,E9K,0.127,0.44568100571632385,0.3011261522769928,1.3786202669143677
4,540315,3LQ5,MdrDBcore02403,E9K,2.883,0.11252804100513458,0.3011261522769928,1.3786202669143677
4,540315,4BCG,MdrDBcore02404,F30L,-6.459,-0.02714882418513298,0.3011261522769928,1.3786202669143677
4,540315,4BCG,MdrDBcore02405,F30L,1.629,0.18134436011314392,0.3011261522769928,1.3786202669143677
4,540315,3LQ5,MdrDBcore02406,F30L,3.213,0.03464026376605034,0.3011261522769928,1.3786202669143677
4,540315,3LQ5,MdrDBcore02407,G216R,-0.733,0.259431391954422,0.3011261522769928,1.3786202669143677
4,540315,3LQ5,MdrDBcore02408,G216R,2.878,0.04972833767533302,0.3011261522769928,1.3786202669143677
4,540315,4BCG,MdrDBcore02409,L165P,9.353,-0.009356420487165451,0.3011261522769928,1.3786202669143677
4,540315,3TNI,MdrDBcore02410,L165P,-0.771,0.2010205090045929,0.3011261522769928,1.3786202669143677
4,540315,4BCG,MdrDBcore02411,L165P,2.65,0.030910883098840714,0.3011261522769928,1.3786202669143677
4,540315,4BCG,MdrDBcore02412,R184C,1.887,-0.03156892582774162,0.3011261522769928,1.3786202669143677
4,540315,3MI9,MdrDBcore02413,R184C,0.472,0.3345136046409607,0.3011261522769928,1.3786202669143677
4,540315,3LQ5,MdrDBcore02414,R184C,0.627,0.09433573484420776,0.3011261522769928,1.3786202669143677
4,540315,3LQ5,MdrDBcore02415,S226N,4.531,0.14704161882400513,0.3011261522769928,1.3786202669143677
4,540315,3LQ5,MdrDBcore02416,S226N,-0.169,0.19044911861419678,0.3011261522769928,1.3786202669143677
4,540315,3LQ5,MdrDBcore02417,S226N,0.34,0.12120479345321655,0.3011261522769928,1.3786202669143677
4,540315,6CYT,MdrDBcore02418,Y19H,0.01,0.28599879145622253,0.3011261522769928,1.3786202669143677
4,540315,3LQ5,MdrDBcore02419,Y19H,2.474,0.10042385756969452,0.3011261522769928,1.3786202669143677
4,540315,2EKX,MdrDBcore02420,K59E,-0.359,0.06543061137199402,0.3011261522769928,1.3786202669143677
4,540315,3SXR,MdrDBcore02421,M464I,0.496,0.16902831196784973,0.3011261522769928,1.3786202669143677
4,540315,3SXS,MdrDBcore02422,N494D,0.108,0.11544738709926605,0.3011261522769928,1.3786202669143677
4,540315,3SXS,MdrDBcore02423,N494D,-0.707,0.14666298031806946,0.3011261522769928,1.3786202669143677
4,540315,3SXS,MdrDBcore02424,R656C,0.609,0.14101655781269073,0.3011261522769928,1.3786202669143677
4,540315,4HVI,MdrDBcore02425,A1079D,-1.111,-0.13899022340774536,0.3011261522769928,1.3786202669143677
4,540315,7APG,MdrDBcore02426,I991V,0.108,-0.32769039273262024,0.3011261522769928,1.3786202669143677
4,540315,1YVJ,MdrDBcore02427,K830M,0.4,-0.13230367004871368,0.3011261522769928,1.3786202669143677
4,540315,7APG,MdrDBcore02428,L1017M,-0.23,-0.31137922406196594,0.3011261522769928,1.3786202669143677
4,540315,4HVI,MdrDBcore02429,L1073I,-0.26,-0.09495332837104797,0.3011261522769928,1.3786202669143677
4,540315,4HVI,MdrDBcore02430,M1097L,0.021,-0.13067860901355743,0.3011261522769928,1.3786202669143677
4,540315,4HVI,MdrDBcore02431,P1045S,0.132,-0.15997806191444397,0.3011261522769928,1.3786202669143677
4,540315,4HVI,MdrDBcore02432,R925S,-0.1,-0.12100085616111755,0.3011261522769928,1.3786202669143677
4,540315,4HVI,MdrDBcore02433,V1016D,0.514,-0.0948568731546402,0.3011261522769928,1.3786202669143677
4,540315,4HVI,MdrDBcore02434,V957M,0.933,-0.13849133253097534,0.3011261522769928,1.3786202669143677
4,540315,4HVI,MdrDBcore02435,Y1023H,-0.244,-0.12680897116661072,0.3011261522769928,1.3786202669143677
4,540315,2G1Q,MdrDBcore02436,A133V,-1.43,-0.1101333498954773,0.3011261522769928,1.3786202669143677
4,540315,4B7B,MdrDBcore02437,A133V,-4.205,0.11463174223899841,0.3011261522769928,1.3786202669143677
4,540315,2G1Q,MdrDBcore02438,A133V,-0.486,0.45157310366630554,0.3011261522769928,1.3786202669143677
4,540315,4AS7,MdrDBcore02439,A282V,1.482,0.272294282913208,0.3011261522769928,1.3786202669143677
4,540315,6TA3,MdrDBcore02440,A282V,-3.214,0.08135861158370972,0.3011261522769928,1.3786202669143677
4,540315,6TA3,MdrDBcore02441,G96S,0.023,-0.14870907366275787,0.3011261522769928,1.3786202669143677
4,540315,6TA3,MdrDBcore02442,G96S,-4.855,-0.021773524582386017,0.3011261522769928,1.3786202669143677
4,540315,6TA3,MdrDBcore02443,P88Q,-1.873,-0.14850002527236938,0.3011261522769928,1.3786202669143677
4,540315,6TA3,MdrDBcore02444,P88Q,-5.567,-0.016599591821432114,0.3011261522769928,1.3786202669143677
4,540315,6TA3,MdrDBcore02445,R329K,-1.818,-0.080039843916893,0.3011261522769928,1.3786202669143677
4,540315,6TA3,MdrDBcore02446,R329K,-4.608,-0.08449170738458633,0.3011261522769928,1.3786202669143677
4,540315,4B7B,MdrDBcore02447,S175A,0.318,-0.03581798076629639,0.3011261522769928,1.3786202669143677
4,540315,6TA3,MdrDBcore02448,S175A,-2.145,0.1313001662492752,0.3011261522769928,1.3786202669143677
4,540315,6TA3,MdrDBcore02449,S61T,-3.797,0.027602825313806534,0.3011261522769928,1.3786202669143677
4,540315,6TA3,MdrDBcore02450,T300S,2.351,0.12871024012565613,0.3011261522769928,1.3786202669143677
4,540315,6TA3,MdrDBcore02451,T300S,-4.484,0.07525166869163513,0.3011261522769928,1.3786202669143677
4,540315,3C5L,MdrDBcore02452,E568A,0.205,-0.014788437634706497,0.3011261522769928,1.3786202669143677
4,540315,3FC2,MdrDBcore02453,I296V,-0.495,-0.21507665514945984,0.3011261522769928,1.3786202669143677
4,540315,3FC2,MdrDBcore02454,K178A,-0.731,-0.12058904767036438,0.3011261522769928,1.3786202669143677
4,540315,3FC2,MdrDBcore02455,L286F,0.892,-0.15284502506256104,0.3011261522769928,1.3786202669143677
4,540315,3FC2,MdrDBcore02456,P250H,0.566,-0.09440279006958008,0.3011261522769928,1.3786202669143677
4,540315,3FC2,MdrDBcore02457,S107N,2.063,-0.128994882106781,0.3011261522769928,1.3786202669143677
4,540315,3FC2,MdrDBcore02458,S224R,-1.082,-0.10995441675186157,0.3011261522769928,1.3786202669143677
4,540315,3C5L,MdrDBcore02459,S375G,-1.329,-0.5222492218017578,0.3011261522769928,1.3786202669143677
4,540315,3C5L,MdrDBcore02460,Y421A,-1.499,-0.3160926103591919,0.3011261522769928,1.3786202669143677
4,540315,4BB4,MdrDBcore02461,A645S,0.79,-0.15160579979419708,0.3011261522769928,1.3786202669143677
4,540315,4BB4,MdrDBcore02462,A725S,-0.133,-0.008311387151479721,0.3011261522769928,1.3786202669143677
4,540315,4BB4,MdrDBcore02463,A800T,0.583,-0.11436906456947327,0.3011261522769928,1.3786202669143677
4,540315,2VWU,MdrDBcore02464,A863S,-0.511,0.033602964133024216,0.3011261522769928,1.3786202669143677
4,540315,2VWU,MdrDBcore02465,E609Q,0.13,0.05864259973168373,0.3011261522769928,1.3786202669143677
4,540315,4BB4,MdrDBcore02466,I610T,0.433,-0.15560084581375122,0.3011261522769928,1.3786202669143677
4,540315,4BB4,MdrDBcore02467,I878V,1.48,-0.10670940577983856,0.3011261522769928,1.3786202669143677
4,540315,2BBA,MdrDBcore02468,K162R,-0.567,-0.030289258807897568,0.3011261522769928,1.3786202669143677
4,540315,4BB4,MdrDBcore02469,K635N,0.232,-0.1761174499988556,0.3011261522769928,1.3786202669143677
4,540315,2BBA,MdrDBcore02470,L21V,-0.295,-0.10426941514015198,0.3011261522769928,1.3786202669143677
4,540315,2BBA,MdrDBcore02471,M185V,0.192,-0.04404417797923088,0.3011261522769928,1.3786202669143677
4,540315,2BBA,MdrDBcore02472,P36S,-0.005,-0.10362955182790756,0.3011261522769928,1.3786202669143677
4,540315,2BBA,MdrDBcore02473,R105C,-0.145,-0.10120677202939987,0.3011261522769928,1.3786202669143677
4,540315,4BB4,MdrDBcore02474,R656Q,0.853,-0.11732357740402222,0.3011261522769928,1.3786202669143677
4,540315,4BB4,MdrDBcore02475,R795Q,-0.058,-0.1264503449201584,0.3011261522769928,1.3786202669143677
4,540315,6FNK,MdrDBcore02476,R889G,1.149,-0.21240180730819702,0.3011261522769928,1.3786202669143677
4,540315,2QKQ,MdrDBcore02477,R917Q,0.197,-0.0702589675784111,0.3011261522769928,1.3786202669143677
4,540315,2QKQ,MdrDBcore02478,R923G,-0.122,-0.08471500128507614,0.3011261522769928,1.3786202669143677
4,540315,4BB4,MdrDBcore02479,S825N,-1.453,-0.17284929752349854,0.3011261522769928,1.3786202669143677
4,540315,4BB4,MdrDBcore02480,S848F,-0.034,-0.17288987338542938,0.3011261522769928,1.3786202669143677
4,540315,2BBA,MdrDBcore02481,T140M,0.492,-0.16013631224632263,0.3011261522769928,1.3786202669143677
4,540315,4BB4,MdrDBcore02482,V718L,1.653,-0.13467633724212646,0.3011261522769928,1.3786202669143677
4,540315,2BBA,MdrDBcore02483,V84I,-0.396,0.08785466849803925,0.3011261522769928,1.3786202669143677
4,540315,2VSL,MdrDBcore02484,A321G,1.593,0.17044664919376373,0.3011261522769928,1.3786202669143677
4,540315,1I3O,MdrDBcore02485,P155T,1.268,0.2928406000137329,0.3011261522769928,1.3786202669143677
4,540315,2VSL,MdrDBcore02486,P325Q,1.069,0.4790589511394501,0.3011261522769928,1.3786202669143677
4,540315,5O6T,MdrDBcore02487,R443C,1.126,0.4911992847919464,0.3011261522769928,1.3786202669143677
4,540315,5O6T,MdrDBcore02488,T437I,1.887,0.12132039666175842,0.3011261522769928,1.3786202669143677
4,540315,2RUH,MdrDBcore02489,D52N,2.049,0.46058931946754456,0.3011261522769928,1.3786202669143677
4,540315,6MWE,MdrDBcore02490,A1006T,1.208,-0.34064868092536926,0.3011261522769928,1.3786202669143677
4,540315,4K0V,MdrDBcore02491,A226V,1.161,0.19401764869689941,0.3011261522769928,1.3786202669143677
4,540315,5MYB,MdrDBcore02492,A615T,1.567,0.7870169281959534,0.3011261522769928,1.3786202669143677
4,540315,5MYB,MdrDBcore02493,A724T,0.855,0.8191809058189392,0.3011261522769928,1.3786202669143677
4,540315,6MWE,MdrDBcore02494,A905T,1.09,0.7977469563484192,0.3011261522769928,1.3786202669143677
4,540315,6MWE,MdrDBcore02495,D823E,0.985,0.40744954347610474,0.3011261522769928,1.3786202669143677
4,540315,6MWE,MdrDBcore02496,D982N,0.245,0.549899160861969,0.3011261522769928,1.3786202669143677
4,540315,6MWE,MdrDBcore02497,F1111C,0.665,0.6654220223426819,0.3011261522769928,1.3786202669143677
4,540315,4K0V,MdrDBcore02498,G136R,1.117,0.1779126077890396,0.3011261522769928,1.3786202669143677
4,540315,4K0V,MdrDBcore02499,G217V,0.956,0.25929194688796997,0.3011261522769928,1.3786202669143677
4,540315,4K0V,MdrDBcore02500,G344D,1.184,0.23512333631515503,0.3011261522769928,1.3786202669143677
4,540315,4K0V,MdrDBcore02501,I148T,0.861,0.18245600163936615,0.3011261522769928,1.3786202669143677
4,540315,5MYA,MdrDBcore02502,I463V,1.443,0.051644567400217056,0.3011261522769928,1.3786202669143677
4,540315,4K0V,MdrDBcore02503,K117N,1.217,0.2594219148159027,0.3011261522769928,1.3786202669143677
4,540315,5MYB,MdrDBcore02504,K646R,0.108,0.8380655646324158,0.3011261522769928,1.3786202669143677
4,540315,2GY5,MdrDBcore02505,L206M,0.284,0.016495410352945328,0.3011261522769928,1.3786202669143677
4,540315,5MYB,MdrDBcore02506,L634F,1.665,0.8093807697296143,0.3011261522769928,1.3786202669143677
4,540315,6MWE,MdrDBcore02507,N1104D,1.622,0.3772200644016266,0.3011261522769928,1.3786202669143677
4,540315,5UTK,MdrDBcore02508,N449S,0.566,0.0883612334728241,0.3011261522769928,1.3786202669143677
4,540315,4K0V,MdrDBcore02509,P282S,1.607,0.12568898499011993,0.3011261522769928,1.3786202669143677
4,540315,4K0V,MdrDBcore02510,P304L,0.562,0.07661154866218567,0.3011261522769928,1.3786202669143677
4,540315,5MYA,MdrDBcore02511,P469A,0.752,0.11008985340595245,0.3011261522769928,1.3786202669143677
4,540315,6MWE,MdrDBcore02512,P906A,1.209,-0.0834161788225174,0.3011261522769928,1.3786202669143677
4,540315,5MYB,MdrDBcore02513,Q696H,1.001,0.8311018347740173,0.3011261522769928,1.3786202669143677
4,540315,6MWE,MdrDBcore02514,R1076Q,0.517,0.3432239592075348,0.3011261522769928,1.3786202669143677
4,540315,4K0V,MdrDBcore02515,R50C,0.854,0.18085984885692596,0.3011261522769928,1.3786202669143677
4,540315,4K0V,MdrDBcore02516,R50H,0.973,0.22373732924461365,0.3011261522769928,1.3786202669143677
4,540315,6MWE,MdrDBcore02517,S1091P,0.991,0.6662847995758057,0.3011261522769928,1.3786202669143677
4,540315,6MWE,MdrDBcore02518,T1105I,0.602,-0.19794639945030212,0.3011261522769928,1.3786202669143677
4,540315,4K0V,MdrDBcore02519,T391I,0.557,0.534408688545227,0.3011261522769928,1.3786202669143677
4,540315,5MYB,MdrDBcore02520,T557N,1.304,0.8336215615272522,0.3011261522769928,1.3786202669143677
4,540315,5MYB,MdrDBcore02521,T693S,1.446,0.8447481989860535,0.3011261522769928,1.3786202669143677
4,540315,3BEA,MdrDBcore02522,T761I,1.019,0.06771716475486755,0.3011261522769928,1.3786202669143677
4,540315,4K0V,MdrDBcore02523,V146L,1.541,0.08339551091194153,0.3011261522769928,1.3786202669143677
4,540315,5MYA,MdrDBcore02524,V453M,1.461,0.09705886244773865,0.3011261522769928,1.3786202669143677
4,540315,6MWE,MdrDBcore02525,W1022G,1.72,0.374843031167984,0.3011261522769928,1.3786202669143677
4,540315,5U9D,MdrDBcore02526,C464F,-0.311,-0.304796427488327,0.3011261522769928,1.3786202669143677
4,540315,5U9D,MdrDBcore02527,C464F,-0.094,-0.21702656149864197,0.3011261522769928,1.3786202669143677
4,540315,5U9D,MdrDBcore02528,D549A,-0.897,-0.21523183584213257,0.3011261522769928,1.3786202669143677
4,540315,5U9D,MdrDBcore02529,D549A,-0.012,-0.3738928437232971,0.3011261522769928,1.3786202669143677
4,540315,5U9D,MdrDBcore02530,D549A,0.017,-0.21343563497066498,0.3011261522769928,1.3786202669143677
4,540315,5U9D,MdrDBcore02531,E439A,0.268,-0.19664108753204346,0.3011261522769928,1.3786202669143677
4,540315,5U9D,MdrDBcore02532,E439A,0.004,-0.27451106905937195,0.3011261522769928,1.3786202669143677
4,540315,5U9D,MdrDBcore02533,E439A,-0.348,-0.20296892523765564,0.3011261522769928,1.3786202669143677
4,540315,5U9D,MdrDBcore02534,E589D,0.232,-0.20178958773612976,0.3011261522769928,1.3786202669143677
4,540315,5U9D,MdrDBcore02535,E589D,0.214,-0.28073206543922424,0.3011261522769928,1.3786202669143677
4,540315,5U9D,MdrDBcore02536,E589D,1.263,-0.25116273760795593,0.3011261522769928,1.3786202669143677
4,540315,6YYG,MdrDBcore02537,G47R,-1.231,0.694566011428833,0.3011261522769928,1.3786202669143677
4,540315,6YYG,MdrDBcore02538,G47R,0.627,-0.17210334539413452,0.3011261522769928,1.3786202669143677
4,540315,6YYG,MdrDBcore02539,G47R,-0.126,0.1696022003889084,0.3011261522769928,1.3786202669143677
4,540315,6YYG,MdrDBcore02540,H143Y,1.056,0.4433582127094269,0.3011261522769928,1.3786202669143677
4,540315,6YYG,MdrDBcore02541,H143Y,-0.275,0.2000361979007721,0.3011261522769928,1.3786202669143677
4,540315,6YYG,MdrDBcore02542,I132N,-0.234,0.19983607530593872,0.3011261522769928,1.3786202669143677
4,540315,6YYG,MdrDBcore02543,I132N,0.187,-0.21353015303611755,0.3011261522769928,1.3786202669143677
4,540315,6YYG,MdrDBcore02544,I132N,0.465,0.16727551817893982,0.3011261522769928,1.3786202669143677
4,540315,5U9D,MdrDBcore02545,I470S,-1.432,-0.18783779442310333,0.3011261522769928,1.3786202669143677
4,540315,5U9D,MdrDBcore02546,I470S,0.16,-0.2707684636116028,0.3011261522769928,1.3786202669143677
4,540315,5U9D,MdrDBcore02547,I470S,-1.104,-0.21602603793144226,0.3011261522769928,1.3786202669143677
4,540315,6YYG,MdrDBcore02548,K26N,-0.705,-0.10531118512153625,0.3011261522769928,1.3786202669143677
4,540315,6YYG,MdrDBcore02549,K26N,0.087,-0.1310786008834839,0.3011261522769928,1.3786202669143677
4,540315,6YYG,MdrDBcore02550,K26N,-0.132,0.1590852588415146,0.3011261522769928,1.3786202669143677
4,540315,5U9D,MdrDBcore02551,K503R,-2.938,-0.19109846651554108,0.3011261522769928,1.3786202669143677
4,540315,5U9D,MdrDBcore02552,K503R,-0.522,-0.2885619103908539,0.3011261522769928,1.3786202669143677
4,540315,5U9D,MdrDBcore02553,K503R,0.081,-0.2021959125995636,0.3011261522769928,1.3786202669143677
4,540315,6TSE,MdrDBcore02554,K60N,-0.109,0.2059178650379181,0.3011261522769928,1.3786202669143677
4,540315,6TSE,MdrDBcore02555,K60N,0.286,-0.1174347847700119,0.3011261522769928,1.3786202669143677
4,540315,6TSE,MdrDBcore02556,K60N,0.085,0.22533369064331055,0.3011261522769928,1.3786202669143677
4,540315,6YYG,MdrDBcore02557,L29M,0.417,0.18904486298561096,0.3011261522769928,1.3786202669143677
4,540315,6YYG,MdrDBcore02558,L29M,1.204,0.11422470211982727,0.3011261522769928,1.3786202669143677
4,540315,5U9D,MdrDBcore02559,M489I,-0.701,-0.209538996219635,0.3011261522769928,1.3786202669143677
4,540315,5U9D,MdrDBcore02560,M489I,0.882,-0.22091631591320038,0.3011261522769928,1.3786202669143677
4,540315,6BKH,MdrDBcore02561,M523I,0.56,0.202276349067688,0.3011261522769928,1.3786202669143677
4,540315,5U9D,MdrDBcore02562,M596L,-0.517,-0.1322280913591385,0.3011261522769928,1.3786202669143677
4,540315,5U9D,MdrDBcore02563,M596L,-0.969,-0.2909621298313141,0.3011261522769928,1.3786202669143677
4,540315,5U9D,MdrDBcore02564,M596L,-1.462,-0.2385469526052475,0.3011261522769928,1.3786202669143677
4,540315,6BKH,MdrDBcore02565,M630L,0.078,0.09158219397068024,0.3011261522769928,1.3786202669143677
4,540315,6BKH,MdrDBcore02566,M630L,-0.769,0.25962692499160767,0.3011261522769928,1.3786202669143677
4,540315,6BKH,MdrDBcore02567,M630L,-1.245,0.4122583866119385,0.3011261522769928,1.3786202669143677
4,540315,5U9D,MdrDBcore02568,P566L,-0.603,-0.5753403902053833,0.3011261522769928,1.3786202669143677
4,540315,5U9D,MdrDBcore02569,P566L,-0.608,-0.22616378962993622,0.3011261522769928,1.3786202669143677
4,540315,6YYG,MdrDBcore02570,P74L,-0.088,0.029637295752763748,0.3011261522769928,1.3786202669143677
4,540315,6YYG,MdrDBcore02571,P74L,1.93,0.11623507738113403,0.3011261522769928,1.3786202669143677
4,540315,6HTF,MdrDBcore02572,Q290L,0.286,0.0527239628136158,0.3011261522769928,1.3786202669143677
4,540315,6HTF,MdrDBcore02573,Q290L,-0.376,-0.08178658783435822,0.3011261522769928,1.3786202669143677
4,540315,6HTF,MdrDBcore02574,Q290L,-1.525,0.07913483679294586,0.3011261522769928,1.3786202669143677
4,540315,6HTF,MdrDBcore02575,Q324L,-2.267,0.2935297191143036,0.3011261522769928,1.3786202669143677
4,540315,6HTF,MdrDBcore02576,Q379A,-0.11,-0.056088171899318695,0.3011261522769928,1.3786202669143677
4,540315,6HTF,MdrDBcore02577,Q379A,-0.581,0.23823121190071106,0.3011261522769928,1.3786202669143677
4,540315,6YYG,MdrDBcore02578,R46H,-2.973,0.4391351044178009,0.3011261522769928,1.3786202669143677
4,540315,1BTK,MdrDBcore02579,R82K,-1.792,-0.12525242567062378,0.3011261522769928,1.3786202669143677
4,540315,1BTK,MdrDBcore02580,R82K,-1.028,0.04650048539042473,0.3011261522769928,1.3786202669143677
4,540315,1BTK,MdrDBcore02581,R82K,-0.046,-0.09736283868551254,0.3011261522769928,1.3786202669143677
4,540315,5U9D,MdrDBcore02582,T495S,0.266,-0.23152293264865875,0.3011261522769928,1.3786202669143677
4,540315,5U9D,MdrDBcore02583,T495S,0.076,-0.5732114315032959,0.3011261522769928,1.3786202669143677
4,540315,5U9D,MdrDBcore02584,T495S,-1.916,-0.1963479220867157,0.3011261522769928,1.3786202669143677
4,540315,6YYG,MdrDBcore02585,V105L,-0.448,-0.21649329364299774,0.3011261522769928,1.3786202669143677
4,540315,6YYG,MdrDBcore02586,V105L,1.7,0.13940593600273132,0.3011261522769928,1.3786202669143677
4,540315,6YYG,MdrDBcore02587,V113I,-2.071,0.40655019879341125,0.3011261522769928,1.3786202669143677
4,540315,6YYG,MdrDBcore02588,V113I,0.244,-0.18212725222110748,0.3011261522769928,1.3786202669143677
4,540315,6YYG,MdrDBcore02589,V113I,0.377,0.17109809815883636,0.3011261522769928,1.3786202669143677
4,540315,6TSE,MdrDBcore02590,V139L,-0.248,-0.07861096411943436,0.3011261522769928,1.3786202669143677
4,540315,6TSE,MdrDBcore02591,V139L,1.917,0.2433060109615326,0.3011261522769928,1.3786202669143677
4,540315,5U9D,MdrDBcore02592,V427M,-2.653,-0.272789865732193,0.3011261522769928,1.3786202669143677
4,540315,5U9D,MdrDBcore02593,V427M,-0.281,-0.27793586254119873,0.3011261522769928,1.3786202669143677
4,540315,5U9D,MdrDBcore02594,V427M,0.086,-0.24471129477024078,0.3011261522769928,1.3786202669143677
4,540315,5U9D,MdrDBcore02595,W588C,-0.308,-0.5737395286560059,0.3011261522769928,1.3786202669143677
4,540315,5U9D,MdrDBcore02596,W588C,-1.204,-0.21857865154743195,0.3011261522769928,1.3786202669143677
4,540315,6HTF,MdrDBcore02597,Y361C,0.633,0.037121910601854324,0.3011261522769928,1.3786202669143677
4,540315,6HTF,MdrDBcore02598,Y361C,0.46,0.057618413120508194,0.3011261522769928,1.3786202669143677
4,540315,4BDU,MdrDBcore02599,A213V,1.244,0.12458312511444092,0.3011261522769928,1.3786202669143677
4,540315,4BDU,MdrDBcore02600,D208E,1.288,0.24139541387557983,0.3011261522769928,1.3786202669143677
4,540315,1F16,MdrDBcore02601,E75K,1.155,-0.08597247302532196,0.3011261522769928,1.3786202669143677
4,540315,4BDU,MdrDBcore02602,F214L,1.385,-0.03466071933507919,0.3011261522769928,1.3786202669143677
4,540315,1F16,MdrDBcore02603,G108V,1.373,0.025457177311182022,0.3011261522769928,1.3786202669143677
4,540315,1F16,MdrDBcore02604,G11E,1.093,-0.06629876792430878,0.3011261522769928,1.3786202669143677
4,540315,1F16,MdrDBcore02605,G39A,1.301,-0.10238055884838104,0.3011261522769928,1.3786202669143677
4,540315,1F16,MdrDBcore02606,G67R,1.74,0.0956399142742157,0.3011261522769928,1.3786202669143677
4,540315,1F16,MdrDBcore02607,I136L,1.611,0.057756755501031876,0.3011261522769928,1.3786202669143677
4,540315,1F16,MdrDBcore02608,I31T,1.834,0.02258528396487236,0.3011261522769928,1.3786202669143677
4,540315,1F16,MdrDBcore02609,L144I,1.706,0.40574315190315247,0.3011261522769928,1.3786202669143677
4,540315,1F16,MdrDBcore02610,P130L,1.446,0.017444368451833725,0.3011261522769928,1.3786202669143677
4,540315,1F16,MdrDBcore02611,P88S,0.944,0.08916157484054565,0.3011261522769928,1.3786202669143677
4,540315,1F16,MdrDBcore02612,Q32P,0.34,0.14343245327472687,0.3011261522769928,1.3786202669143677
4,540315,4BDU,MdrDBcore02613,R195T,1.04,0.17597831785678864,0.3011261522769928,1.3786202669143677
4,540315,1F16,MdrDBcore02614,R78M,1.243,0.08612672984600067,0.3011261522769928,1.3786202669143677
4,540315,1F16,MdrDBcore02615,V83M,1.382,-0.045832809060811996,0.3011261522769928,1.3786202669143677
4,540315,6UDT,MdrDBcore02616,A193T,-1.212,0.11788557469844818,0.3011261522769928,1.3786202669143677
4,540315,6UDT,MdrDBcore02617,A193T,0.658,0.25085094571113586,0.3011261522769928,1.3786202669143677
4,540315,6OVC,MdrDBcore02618,D72G,0.189,0.48175159096717834,0.3011261522769928,1.3786202669143677
4,540315,6OVC,MdrDBcore02619,D72G,-1.578,0.23204460740089417,0.3011261522769928,1.3786202669143677
4,540315,6OVC,MdrDBcore02620,D72G,0.302,-0.00521073117852211,0.3011261522769928,1.3786202669143677
4,540315,6UDT,MdrDBcore02621,E322Q,0.154,0.24509873986244202,0.3011261522769928,1.3786202669143677
4,540315,6UDT,MdrDBcore02622,E322Q,-1.442,0.20239511132240295,0.3011261522769928,1.3786202669143677
4,540315,6UDT,MdrDBcore02623,E322Q,-0.063,0.18402445316314697,0.3011261522769928,1.3786202669143677
4,540315,6UDT,MdrDBcore02624,M231L,2.132,0.6088892221450806,0.3011261522769928,1.3786202669143677
4,540315,6UDT,MdrDBcore02625,M231L,-0.795,-0.19716796278953552,0.3011261522769928,1.3786202669143677
4,540315,6UDT,MdrDBcore02626,M231L,-0.411,0.42796385288238525,0.3011261522769928,1.3786202669143677
4,540315,6UDT,MdrDBcore02627,N260S,0.389,0.23492670059204102,0.3011261522769928,1.3786202669143677
4,540315,6UDT,MdrDBcore02628,R215G,-0.152,0.2327706515789032,0.3011261522769928,1.3786202669143677
4,540315,6UDT,MdrDBcore02629,R215G,-0.633,0.2392394244670868,0.3011261522769928,1.3786202669143677
4,540315,6UDT,MdrDBcore02630,R215G,-0.098,0.18734651803970337,0.3011261522769928,1.3786202669143677
4,540315,6UDT,MdrDBcore02631,R263K,-0.008,0.08788146078586578,0.3011261522769928,1.3786202669143677
4,540315,6UDT,MdrDBcore02632,S247F,1.466,0.2395288050174713,0.3011261522769928,1.3786202669143677
4,540315,6UDT,MdrDBcore02633,S247F,1.16,0.23515793681144714,0.3011261522769928,1.3786202669143677
4,540315,6UDT,MdrDBcore02634,S247F,-0.298,0.17066426575183868,0.3011261522769928,1.3786202669143677
4,540315,4AG4,MdrDBcore02635,A196S,0.528,-0.20205561816692352,0.3011261522769928,1.3786202669143677
4,540315,4AG4,MdrDBcore02636,A353V,0.818,-0.22009727358818054,0.3011261522769928,1.3786202669143677
4,540315,4AG4,MdrDBcore02637,A59G,-0.554,-0.3250826299190521,0.3011261522769928,1.3786202669143677
4,540315,6FEX,MdrDBcore02638,D630E,-0.095,-0.022728685289621353,0.3011261522769928,1.3786202669143677
4,540315,4AG4,MdrDBcore02639,F241L,0.06,-0.20114243030548096,0.3011261522769928,1.3786202669143677
4,540315,4AG4,MdrDBcore02640,M311V,0.216,-0.19063346087932587,0.3011261522769928,1.3786202669143677
4,540315,4AG4,MdrDBcore02641,R135C,-1.11,-0.2861703336238861,0.3011261522769928,1.3786202669143677
4,540315,4AG4,MdrDBcore02642,R172W,0.25,-0.2782934308052063,0.3011261522769928,1.3786202669143677
4,540315,4AG4,MdrDBcore02643,R276Q,0.243,-0.33007267117500305,0.3011261522769928,1.3786202669143677
4,540315,4AG4,MdrDBcore02644,R307H,0.498,-0.15574638545513153,0.3011261522769928,1.3786202669143677
4,540315,4AG4,MdrDBcore02645,R319C,-1.029,-0.25566190481185913,0.3011261522769928,1.3786202669143677
4,540315,4AG4,MdrDBcore02646,R349C,0.82,-0.060570649802684784,0.3011261522769928,1.3786202669143677
4,540315,4AG4,MdrDBcore02647,R60C,-0.33,-0.18154650926589966,0.3011261522769928,1.3786202669143677
4,540315,6BRJ,MdrDBcore02648,R761C,0.627,-0.18053150177001953,0.3011261522769928,1.3786202669143677
4,540315,4AG4,MdrDBcore02649,S360R,-1.678,-0.25252649188041687,0.3011261522769928,1.3786202669143677
4,540315,4AG4,MdrDBcore02650,T292M,0.565,-0.23600836098194122,0.3011261522769928,1.3786202669143677
4,540315,4AG4,MdrDBcore02651,V100A,0.636,-0.23501524329185486,0.3011261522769928,1.3786202669143677
4,540315,4AG4,MdrDBcore02652,W187C,0.186,-0.10896937549114227,0.3011261522769928,1.3786202669143677
4,540315,3QGY,MdrDBcore02653,K385N,0.853,0.07622142136096954,0.3011261522769928,1.3786202669143677
4,540315,3MJ2,MdrDBcore02654,L508M,1.118,0.15926074981689453,0.3011261522769928,1.3786202669143677
4,540315,3QGY,MdrDBcore02655,M438L,0.04,0.06849423050880432,0.3011261522769928,1.3786202669143677
4,540315,3QGY,MdrDBcore02656,P558T,-0.802,-0.026881951838731766,0.3011261522769928,1.3786202669143677
4,540315,4HCU,MdrDBcore02657,R394Q,0.768,0.25967371463775635,0.3011261522769928,1.3786202669143677
4,540315,3QGY,MdrDBcore02658,R610H,-0.279,0.2045799195766449,0.3011261522769928,1.3786202669143677
4,540315,6B16,MdrDBcore02659,D505G,1.166,0.2897706925868988,0.3011261522769928,1.3786202669143677
4,540315,6B16,MdrDBcore02660,G364V,1.665,0.28984662890434265,0.3011261522769928,1.3786202669143677
4,540315,6B16,MdrDBcore02661,R371C,0.72,0.3009265661239624,0.3011261522769928,1.3786202669143677
4,540315,6B16,MdrDBcore02662,S259N,2.228,0.29363733530044556,0.3011261522769928,1.3786202669143677
4,540315,6B16,MdrDBcore02663,S382L,0.546,0.2973061800003052,0.3011261522769928,1.3786202669143677
4,540315,6B16,MdrDBcore02664,T406A,2.328,0.4134201407432556,0.3011261522769928,1.3786202669143677
4,540315,6B16,MdrDBcore02665,V403A,1.274,0.2988617718219757,0.3011261522769928,1.3786202669143677
4,540315,5BYZ,MdrDBcore02666,D364E,0.649,0.32521113753318787,0.3011261522769928,1.3786202669143677
4,540315,5BYZ,MdrDBcore02667,D387Y,1.262,0.3171939551830292,0.3011261522769928,1.3786202669143677
4,540315,5BYZ,MdrDBcore02668,K104N,0.611,0.2786376178264618,0.3011261522769928,1.3786202669143677
4,540315,4ZSL,MdrDBcore02669,P361L,1.395,0.18982940912246704,0.3011261522769928,1.3786202669143677
4,540315,5BYZ,MdrDBcore02670,R318H,-0.87,-0.13725405931472778,0.3011261522769928,1.3786202669143677
4,540315,5BYZ,MdrDBcore02671,R392C,0.158,0.2305920422077179,0.3011261522769928,1.3786202669143677
4,540315,5BYZ,MdrDBcore02672,S247F,1.071,-0.1022539883852005,0.3011261522769928,1.3786202669143677
4,540315,5NP0,MdrDBcore02673,A1090T,1.093,0.2977053225040436,0.3011261522769928,1.3786202669143677
4,540315,5NP0,MdrDBcore02674,A1090T,0.801,0.41626328229904175,0.3011261522769928,1.3786202669143677
4,540315,5NP0,MdrDBcore02675,A1090T,0.613,0.2547217607498169,0.3011261522769928,1.3786202669143677
4,540315,5NP0,MdrDBcore02676,A1127V,0.85,0.17135119438171387,0.3011261522769928,1.3786202669143677
4,540315,5NP0,MdrDBcore02677,A1127V,1.404,0.42448103427886963,0.3011261522769928,1.3786202669143677
4,540315,6K9L,MdrDBcore02678,A1127V,0.818,0.19786667823791504,0.3011261522769928,1.3786202669143677
4,540315,6K9K,MdrDBcore02679,A1309T,-0.629,0.1039724051952362,0.3011261522769928,1.3786202669143677
4,540315,5NP0,MdrDBcore02680,A1309T,0.06,0.4477594196796417,0.3011261522769928,1.3786202669143677
4,540315,5NP0,MdrDBcore02681,A1309T,0.213,0.3544495701789856,0.3011261522769928,1.3786202669143677
4,540315,6K9L,MdrDBcore02682,A1670V,1.657,0.21733999252319336,0.3011261522769928,1.3786202669143677
4,540315,6K9K,MdrDBcore02683,A2635G,1.528,0.43954673409461975,0.3011261522769928,1.3786202669143677
4,540315,6K9K,MdrDBcore02684,A2688V,0.937,-0.01770234853029251,0.3011261522769928,1.3786202669143677
4,540315,6K9K,MdrDBcore02685,A2688V,1.579,0.48024240136146545,0.3011261522769928,1.3786202669143677
4,540315,5NP1,MdrDBcore02686,A2843V,2.515,0.6804957389831543,0.3011261522769928,1.3786202669143677
4,540315,5NP0,MdrDBcore02687,A2843V,1.796,0.5209637880325317,0.3011261522769928,1.3786202669143677
4,540315,6K9K,MdrDBcore02688,A2843V,1.098,0.20519885420799255,0.3011261522769928,1.3786202669143677
4,540315,6K9L,MdrDBcore02689,C1482R,1.059,0.38212671875953674,0.3011261522769928,1.3786202669143677
4,540315,5NP0,MdrDBcore02690,C1482R,0.948,0.18064768612384796,0.3011261522769928,1.3786202669143677
4,540315,5NP0,MdrDBcore02691,C1726F,0.987,0.6735981106758118,0.3011261522769928,1.3786202669143677
4,540315,7NI6,MdrDBcore02692,C2464R,0.523,0.5165188908576965,0.3011261522769928,1.3786202669143677
4,540315,7NI6,MdrDBcore02693,C2464R,0.031,-0.0233592689037323,0.3011261522769928,1.3786202669143677
4,540315,7NI6,MdrDBcore02694,C2464R,0.51,0.053262267261743546,0.3011261522769928,1.3786202669143677
4,540315,5NP0,MdrDBcore02695,D130Y,2.065,0.5983763933181763,0.3011261522769928,1.3786202669143677
4,540315,5NP1,MdrDBcore02696,D130Y,1.47,0.47059759497642517,0.3011261522769928,1.3786202669143677
4,540315,5NP0,MdrDBcore02697,D1725H,1.117,0.37135520577430725,0.3011261522769928,1.3786202669143677
4,540315,5NP1,MdrDBcore02698,D1725H,2.269,0.41338640451431274,0.3011261522769928,1.3786202669143677
4,540315,5NP0,MdrDBcore02699,D1853V,0.083,0.2629467248916626,0.3011261522769928,1.3786202669143677
4,540315,5NP0,MdrDBcore02700,D1853V,1.081,0.5173991918563843,0.3011261522769928,1.3786202669143677
4,540315,5NP0,MdrDBcore02701,D1853V,0.75,0.2625752389431,0.3011261522769928,1.3786202669143677
4,540315,6K9K,MdrDBcore02702,D351N,1.515,0.6491690874099731,0.3011261522769928,1.3786202669143677
4,540315,5NP0,MdrDBcore02703,D351N,1.13,0.427814245223999,0.3011261522769928,1.3786202669143677
4,540315,7NI5,MdrDBcore02704,D479A,0.092,0.1692785620689392,0.3011261522769928,1.3786202669143677
4,540315,7NI5,MdrDBcore02705,D814E,0.033,0.1929832398891449,0.3011261522769928,1.3786202669143677
4,540315,7NI5,MdrDBcore02706,D814E,0.369,0.21784645318984985,0.3011261522769928,1.3786202669143677
4,540315,7NI5,MdrDBcore02707,D814E,0.034,0.2027309238910675,0.3011261522769928,1.3786202669143677
4,540315,5NP0,MdrDBcore02708,E1533G,1.765,0.5046948790550232,0.3011261522769928,1.3786202669143677
4,540315,6K9K,MdrDBcore02709,E1533G,2.37,0.2196415662765503,0.3011261522769928,1.3786202669143677
4,540315,5NP1,MdrDBcore02710,E1856Q,1.655,0.6768391728401184,0.3011261522769928,1.3786202669143677
4,540315,5NP0,MdrDBcore02711,E1856Q,1.568,0.17482778429985046,0.3011261522769928,1.3786202669143677
4,540315,5NP1,MdrDBcore02712,E2351G,1.299,0.38163432478904724,0.3011261522769928,1.3786202669143677
4,540315,5NP0,MdrDBcore02713,E2351G,1.074,0.4032456576824188,0.3011261522769928,1.3786202669143677
4,540315,6K9L,MdrDBcore02714,E2351G,1.118,0.19646885991096497,0.3011261522769928,1.3786202669143677
4,540315,5NP0,MdrDBcore02715,E2468K,2.034,0.4355189800262451,0.3011261522769928,1.3786202669143677
4,540315,5NP1,MdrDBcore02716,E2468K,1.781,0.2815515398979187,0.3011261522769928,1.3786202669143677
4,540315,5NP0,MdrDBcore02717,E347K,0.796,0.37400326132774353,0.3011261522769928,1.3786202669143677
4,540315,5NP1,MdrDBcore02718,E347K,0.865,0.5371251106262207,0.3011261522769928,1.3786202669143677
4,540315,5NP0,MdrDBcore02719,E586D,1.046,0.3946729302406311,0.3011261522769928,1.3786202669143677
4,540315,5NP0,MdrDBcore02720,E586D,1.294,0.3962114155292511,0.3011261522769928,1.3786202669143677
4,540315,5NP1,MdrDBcore02721,E632Q,0.798,0.32604581117630005,0.3011261522769928,1.3786202669143677
4,540315,5NP0,MdrDBcore02722,E632Q,0.88,0.3526756763458252,0.3011261522769928,1.3786202669143677
4,540315,5NP1,MdrDBcore02723,E632Q,0.699,0.4063681960105896,0.3011261522769928,1.3786202669143677
4,540315,5NP1,MdrDBcore02724,F1896L,-0.721,0.26895153522491455,0.3011261522769928,1.3786202669143677
4,540315,5NP0,MdrDBcore02725,F1896L,0.103,0.4676506221294403,0.3011261522769928,1.3786202669143677
4,540315,5NP1,MdrDBcore02726,F1896L,-0.426,0.47389617562294006,0.3011261522769928,1.3786202669143677
4,540315,7NI6,MdrDBcore02727,F2265L,-0.319,0.12733475863933563,0.3011261522769928,1.3786202669143677
4,540315,7NI6,MdrDBcore02728,F2265L,0.522,0.1582152396440506,0.3011261522769928,1.3786202669143677
4,540315,7NI5,MdrDBcore02729,F2265L,-0.811,0.23884913325309753,0.3011261522769928,1.3786202669143677
4,540315,5NP1,MdrDBcore02730,G2022V,1.218,0.47235289216041565,0.3011261522769928,1.3786202669143677
4,540315,6K9L,MdrDBcore02731,G2022V,1.688,0.46226897835731506,0.3011261522769928,1.3786202669143677
4,540315,6K9L,MdrDBcore02732,G2917R,1.869,0.11916744709014893,0.3011261522769928,1.3786202669143677
4,540315,5NP0,MdrDBcore02733,G2917R,1.204,0.38695207238197327,0.3011261522769928,1.3786202669143677
4,540315,5NP0,MdrDBcore02734,G506C,1.491,0.44936510920524597,0.3011261522769928,1.3786202669143677
4,540315,6K9L,MdrDBcore02735,G506C,1.582,0.4174370765686035,0.3011261522769928,1.3786202669143677
4,540315,5NP0,MdrDBcore02736,G506C,1.131,0.4815407693386078,0.3011261522769928,1.3786202669143677
4,540315,6K9L,MdrDBcore02737,H1083Y,-0.675,0.20561447739601135,0.3011261522769928,1.3786202669143677
4,540315,6K9K,MdrDBcore02738,H1380Y,-0.004,-0.08395148813724518,0.3011261522769928,1.3786202669143677
4,540315,5NP0,MdrDBcore02739,H1380Y,0.735,0.32235509157180786,0.3011261522769928,1.3786202669143677
4,540315,5NP0,MdrDBcore02740,H1876Q,-0.369,0.6808421015739441,0.3011261522769928,1.3786202669143677
4,540315,5NP0,MdrDBcore02741,H1876Q,0.326,0.4823510944843292,0.3011261522769928,1.3786202669143677
4,540315,5NP0,MdrDBcore02742,H448R,1.96,0.5316237807273865,0.3011261522769928,1.3786202669143677
4,540315,5NP1,MdrDBcore02743,H448R,1.566,0.27557650208473206,0.3011261522769928,1.3786202669143677
4,540315,5NP0,MdrDBcore02744,H683R,1.726,0.48479315638542175,0.3011261522769928,1.3786202669143677
4,540315,5NP0,MdrDBcore02745,H683R,1.593,0.24055221676826477,0.3011261522769928,1.3786202669143677
4,540315,6K9K,MdrDBcore02746,I1453T,1.358,0.1530182957649231,0.3011261522769928,1.3786202669143677
4,540315,5NP0,MdrDBcore02747,I1688T,1.442,0.5317562818527222,0.3011261522769928,1.3786202669143677
4,540315,5NP1,MdrDBcore02748,I1688T,1.174,0.350978285074234,0.3011261522769928,1.3786202669143677
4,540315,6K9L,MdrDBcore02749,I2920N,2.125,0.2720789313316345,0.3011261522769928,1.3786202669143677
4,540315,5NP0,MdrDBcore02750,K1572T,-0.429,0.48969438672065735,0.3011261522769928,1.3786202669143677
4,540315,6K9L,MdrDBcore02751,K1572T,0.666,0.28233787417411804,0.3011261522769928,1.3786202669143677
4,540315,6K9L,MdrDBcore02752,K1964E,1.556,0.700816810131073,0.3011261522769928,1.3786202669143677
4,540315,5NP1,MdrDBcore02753,K2318Q,1.556,0.4387698769569397,0.3011261522769928,1.3786202669143677
4,540315,5NP0,MdrDBcore02754,K2318Q,1.27,0.19519776105880737,0.3011261522769928,1.3786202669143677
4,540315,5NP1,MdrDBcore02755,K2749I,1.749,0.7041935920715332,0.3011261522769928,1.3786202669143677
4,540315,5NP1,MdrDBcore02756,K2749I,1.757,0.31991317868232727,0.3011261522769928,1.3786202669143677
4,540315,5NP0,MdrDBcore02757,K31A,0.119,0.19723019003868103,0.3011261522769928,1.3786202669143677
4,540315,6K9L,MdrDBcore02758,K482Q,1.174,0.31993117928504944,0.3011261522769928,1.3786202669143677
4,540315,5NP0,MdrDBcore02759,K482Q,1.683,0.3805716931819916,0.3011261522769928,1.3786202669143677
4,540315,5NP0,MdrDBcore02760,L1472F,0.971,0.37908414006233215,0.3011261522769928,1.3786202669143677
4,540315,6K9L,MdrDBcore02761,L1824F,-0.608,0.11935266852378845,0.3011261522769928,1.3786202669143677
4,540315,5NP1,MdrDBcore02762,L1824F,0.944,0.35081666707992554,0.3011261522769928,1.3786202669143677
4,540315,5NP1,MdrDBcore02763,L2307F,1.662,0.31576651334762573,0.3011261522769928,1.3786202669143677
4,540315,6K9L,MdrDBcore02764,L2307F,1.612,0.3789672255516052,0.3011261522769928,1.3786202669143677
4,540315,5NP0,MdrDBcore02765,L243W,1.371,0.31880664825439453,0.3011261522769928,1.3786202669143677
4,540315,5NP0,MdrDBcore02766,L243W,0.86,0.26118534803390503,0.3011261522769928,1.3786202669143677
4,540315,5NP0,MdrDBcore02767,L345F,0.888,0.17131200432777405,0.3011261522769928,1.3786202669143677
4,540315,5NP0,MdrDBcore02768,L345F,1.103,0.4020930528640747,0.3011261522769928,1.3786202669143677
4,540315,5NP0,MdrDBcore02769,L345F,1.366,0.19628217816352844,0.3011261522769928,1.3786202669143677
4,540315,5NP0,MdrDBcore02770,L546V,0.183,0.43598535656929016,0.3011261522769928,1.3786202669143677
4,540315,6K9L,MdrDBcore02771,L944V,1.061,0.013075705617666245,0.3011261522769928,1.3786202669143677
4,540315,6K9K,MdrDBcore02772,L944V,1.202,0.3014785945415497,0.3011261522769928,1.3786202669143677
4,540315,7NI5,MdrDBcore02773,M1040V,0.411,0.075650155544281,0.3011261522769928,1.3786202669143677
4,540315,7NI5,MdrDBcore02774,M1040V,-0.275,0.22117158770561218,0.3011261522769928,1.3786202669143677
4,540315,5NP0,MdrDBcore02775,M1064I,1.521,0.5841293931007385,0.3011261522769928,1.3786202669143677
4,540315,5NP1,MdrDBcore02776,M1210V,2.327,0.6407164931297302,0.3011261522769928,1.3786202669143677
4,540315,5NP0,MdrDBcore02777,M1210V,1.764,0.4301198720932007,0.3011261522769928,1.3786202669143677
4,540315,5NP1,MdrDBcore02778,M1210V,1.694,0.3429417610168457,0.3011261522769928,1.3786202669143677
4,540315,5NP0,MdrDBcore02779,M1967V,0.97,0.47215190529823303,0.3011261522769928,1.3786202669143677
4,540315,6K9K,MdrDBcore02780,N1005I,1.241,0.1854638010263443,0.3011261522769928,1.3786202669143677
4,540315,6K9L,MdrDBcore02781,N1005I,1.561,0.5085228681564331,0.3011261522769928,1.3786202669143677
4,540315,5NP1,MdrDBcore02782,N1005I,0.866,0.4044829308986664,0.3011261522769928,1.3786202669143677
4,540315,5NP0,MdrDBcore02783,N1005S,-0.183,0.42559996247291565,0.3011261522769928,1.3786202669143677
4,540315,5NP1,MdrDBcore02784,N1005S,-0.375,0.5436174273490906,0.3011261522769928,1.3786202669143677
4,540315,6K9K,MdrDBcore02785,N1650S,1.956,0.21385246515274048,0.3011261522769928,1.3786202669143677
4,540315,5NP0,MdrDBcore02786,N230T,1.358,0.3415057957172394,0.3011261522769928,1.3786202669143677
4,540315,5NP0,MdrDBcore02787,N2826I,1.237,0.2841348648071289,0.3011261522769928,1.3786202669143677
4,540315,5NP0,MdrDBcore02788,N2826I,1.154,0.5278198719024658,0.3011261522769928,1.3786202669143677
4,540315,5NP1,MdrDBcore02789,N2826I,1.074,0.29843342304229736,0.3011261522769928,1.3786202669143677
4,540315,5NP0,MdrDBcore02790,P2353H,1.265,0.4854537546634674,0.3011261522769928,1.3786202669143677
4,540315,5NP0,MdrDBcore02791,P2353H,1.046,0.11923107504844666,0.3011261522769928,1.3786202669143677
4,540315,7NI6,MdrDBcore02792,P2518S,0.426,0.040856000036001205,0.3011261522769928,1.3786202669143677
4,540315,7NI6,MdrDBcore02793,P2518S,0.328,-0.005206100642681122,0.3011261522769928,1.3786202669143677
4,540315,7NI6,MdrDBcore02794,P2518S,-0.362,0.05973944440484047,0.3011261522769928,1.3786202669143677
4,540315,6K9K,MdrDBcore02795,P2648S,1.236,0.6627917885780334,0.3011261522769928,1.3786202669143677
4,540315,5NP0,MdrDBcore02796,P2648S,1.38,0.3981296420097351,0.3011261522769928,1.3786202669143677
4,540315,6K9K,MdrDBcore02797,P2974L,0.839,0.3231752812862396,0.3011261522769928,1.3786202669143677
4,540315,5NP0,MdrDBcore02798,P2974L,1.371,0.4579186737537384,0.3011261522769928,1.3786202669143677
4,540315,5NP0,MdrDBcore02799,P604S,1.651,0.3907235860824585,0.3011261522769928,1.3786202669143677
4,540315,5NP0,MdrDBcore02800,P960R,1.415,0.3507036566734314,0.3011261522769928,1.3786202669143677
4,540315,5NP0,MdrDBcore02801,P960R,1.25,0.426479697227478,0.3011261522769928,1.3786202669143677
4,540315,6K9L,MdrDBcore02802,Q1128E,1.504,0.5647997260093689,0.3011261522769928,1.3786202669143677
4,540315,5NP1,MdrDBcore02803,Q1128E,1.084,0.45370808243751526,0.3011261522769928,1.3786202669143677
4,540315,5NP0,MdrDBcore02804,Q1128R,0.312,0.3030448853969574,0.3011261522769928,1.3786202669143677
4,540315,5NP0,MdrDBcore02805,Q1128R,0.801,0.4111314117908478,0.3011261522769928,1.3786202669143677
4,540315,5NP1,MdrDBcore02806,Q1361R,2.374,0.45656707882881165,0.3011261522769928,1.3786202669143677
4,540315,6K9L,MdrDBcore02807,Q1361R,1.34,0.3499804437160492,0.3011261522769928,1.3786202669143677
4,540315,7NI6,MdrDBcore02808,Q1919P,0.143,-0.0803983137011528,0.3011261522769928,1.3786202669143677
4,540315,7NI5,MdrDBcore02809,Q1919P,0.053,0.2649778425693512,0.3011261522769928,1.3786202669143677
4,540315,5NP0,MdrDBcore02810,Q2210A,1.931,0.4057864844799042,0.3011261522769928,1.3786202669143677
4,540315,5NP1,MdrDBcore02811,Q2210A,1.494,0.4831807315349579,0.3011261522769928,1.3786202669143677
4,540315,6K9L,MdrDBcore02812,Q2733P,0.914,0.339494913816452,0.3011261522769928,1.3786202669143677
4,540315,5NP0,MdrDBcore02813,Q2733P,1.786,0.45501044392585754,0.3011261522769928,1.3786202669143677
4,540315,5NP0,MdrDBcore02814,Q2762R,1.632,0.4571514427661896,0.3011261522769928,1.3786202669143677
4,540315,6K9L,MdrDBcore02815,Q2800A,0.735,0.09943234920501709,0.3011261522769928,1.3786202669143677
4,540315,5NP0,MdrDBcore02816,Q2800A,0.13,0.2385847568511963,0.3011261522769928,1.3786202669143677
4,540315,6K9K,MdrDBcore02817,Q2800A,-0.566,0.2768312990665436,0.3011261522769928,1.3786202669143677
4,540315,6K9L,MdrDBcore02818,Q2825P,1.001,-0.06910549104213715,0.3011261522769928,1.3786202669143677
4,540315,5NP0,MdrDBcore02819,Q2825P,0.95,0.5092779994010925,0.3011261522769928,1.3786202669143677
4,540315,5NP1,MdrDBcore02820,Q2825P,0.908,0.17871809005737305,0.3011261522769928,1.3786202669143677
4,540315,6K9K,MdrDBcore02821,Q65P,1.638,0.03588268533349037,0.3011261522769928,1.3786202669143677
4,540315,5NP0,MdrDBcore02822,Q65P,0.955,0.16685038805007935,0.3011261522769928,1.3786202669143677
4,540315,5NP0,MdrDBcore02823,R1086H,0.329,0.6116399168968201,0.3011261522769928,1.3786202669143677
4,540315,6K9L,MdrDBcore02824,R1086H,0.23,0.1365138441324234,0.3011261522769928,1.3786202669143677
4,540315,6K9L,MdrDBcore02825,R1585S,1.336,0.2022835612297058,0.3011261522769928,1.3786202669143677
4,540315,5NP0,MdrDBcore02826,R1585S,1.371,0.489065557718277,0.3011261522769928,1.3786202669143677
4,540315,5NP0,MdrDBcore02827,R1618A,0.651,0.7004691958427429,0.3011261522769928,1.3786202669143677
4,540315,5NP0,MdrDBcore02828,R1618A,-0.379,0.6188180446624756,0.3011261522769928,1.3786202669143677
4,540315,7NI5,MdrDBcore02829,R1618Q,1.52,0.06585660576820374,0.3011261522769928,1.3786202669143677
4,540315,7NI5,MdrDBcore02830,R1618Q,0.522,0.24417105317115784,0.3011261522769928,1.3786202669143677
4,540315,7NI4,MdrDBcore02831,R1618Q,0.347,0.14377780258655548,0.3011261522769928,1.3786202669143677
4,540315,5NP0,MdrDBcore02832,R2244T,1.347,0.3789671063423157,0.3011261522769928,1.3786202669143677
4,540315,5NP1,MdrDBcore02833,R2244T,1.616,0.43863704800605774,0.3011261522769928,1.3786202669143677
4,540315,5NP0,MdrDBcore02834,R2244T,1.936,0.39260268211364746,0.3011261522769928,1.3786202669143677
4,540315,6K9K,MdrDBcore02835,R2436S,0.765,0.21367782354354858,0.3011261522769928,1.3786202669143677
4,540315,5NP0,MdrDBcore02836,R2436S,1.215,0.44110390543937683,0.3011261522769928,1.3786202669143677
4,540315,6K9K,MdrDBcore02837,R2436S,1.198,0.049877721816301346,0.3011261522769928,1.3786202669143677
4,540315,5NP1,MdrDBcore02838,R248Q,1.467,0.3571546971797943,0.3011261522769928,1.3786202669143677
4,540315,6K9L,MdrDBcore02839,R2832C,0.97,0.35677915811538696,0.3011261522769928,1.3786202669143677
4,540315,5NP0,MdrDBcore02840,R2832C,1.264,0.37359440326690674,0.3011261522769928,1.3786202669143677
4,540315,6K9L,MdrDBcore02841,R451H,1.294,0.013787899166345596,0.3011261522769928,1.3786202669143677
4,540315,5NP0,MdrDBcore02842,R451H,1.177,0.421599417924881,0.3011261522769928,1.3786202669143677
4,540315,6K9K,MdrDBcore02843,R451H,2.027,0.09285207092761993,0.3011261522769928,1.3786202669143677
4,540315,5NP1,MdrDBcore02844,S1383L,-0.186,0.3096192181110382,0.3011261522769928,1.3786202669143677
4,540315,6K9K,MdrDBcore02845,S1383L,1.029,0.49131742119789124,0.3011261522769928,1.3786202669143677
4,540315,5NP0,MdrDBcore02846,S1383L,1.007,0.2734009027481079,0.3011261522769928,1.3786202669143677
4,540315,5NP0,MdrDBcore02847,S2058L,1.113,0.35217809677124023,0.3011261522769928,1.3786202669143677
4,540315,5NP0,MdrDBcore02848,S2058L,2.001,0.3666704595088959,0.3011261522769928,1.3786202669143677
4,540315,7NI6,MdrDBcore02849,S2146T,1.033,-0.060493629425764084,0.3011261522769928,1.3786202669143677
4,540315,7NI6,MdrDBcore02850,S2146T,0.104,-0.14286315441131592,0.3011261522769928,1.3786202669143677
4,540315,5NP0,MdrDBcore02851,S2218N,1.089,0.45638468861579895,0.3011261522769928,1.3786202669143677
4,540315,6K9L,MdrDBcore02852,S2218N,1.092,0.17226892709732056,0.3011261522769928,1.3786202669143677
4,540315,6K9L,MdrDBcore02853,S2218R,1.627,0.2667950987815857,0.3011261522769928,1.3786202669143677
4,540315,5NP0,MdrDBcore02854,S2218R,1.852,0.502975344657898,0.3011261522769928,1.3786202669143677
4,540315,6K9K,MdrDBcore02855,S2218R,1.729,0.3198797404766083,0.3011261522769928,1.3786202669143677
4,540315,5NP0,MdrDBcore02856,S707P,0.647,0.5032886266708374,0.3011261522769928,1.3786202669143677
4,540315,5NP0,MdrDBcore02857,S707P,0.195,0.459243506193161,0.3011261522769928,1.3786202669143677
4,540315,5NP0,MdrDBcore02858,T1854I,1.004,0.34363868832588196,0.3011261522769928,1.3786202669143677
4,540315,5NP0,MdrDBcore02859,T1854I,0.798,0.5192298293113708,0.3011261522769928,1.3786202669143677
4,540315,7NI5,MdrDBcore02860,T2059I,-0.689,0.11874020099639893,0.3011261522769928,1.3786202669143677
4,540315,7NI5,MdrDBcore02861,T2059I,-0.296,0.24080690741539001,0.3011261522769928,1.3786202669143677
4,540315,7NI5,MdrDBcore02862,T2059I,-0.292,0.0994226336479187,0.3011261522769928,1.3786202669143677
4,540315,6K9L,MdrDBcore02863,T2335I,1.55,0.268525093793869,0.3011261522769928,1.3786202669143677
4,540315,5NP0,MdrDBcore02864,T2335I,1.068,0.3065594732761383,0.3011261522769928,1.3786202669143677
4,540315,6K9K,MdrDBcore02865,T2335I,1.689,0.3314087390899658,0.3011261522769928,1.3786202669143677
4,540315,5NP0,MdrDBcore02866,T2438I,-0.468,0.3680734634399414,0.3011261522769928,1.3786202669143677
4,540315,6K9L,MdrDBcore02867,T2640I,1.672,0.5610934495925903,0.3011261522769928,1.3786202669143677
4,540315,5NP0,MdrDBcore02868,T2674R,1.635,0.3612004816532135,0.3011261522769928,1.3786202669143677
4,540315,6K9L,MdrDBcore02869,T2674R,1.51,0.012788716703653336,0.3011261522769928,1.3786202669143677
4,540315,7NI5,MdrDBcore02870,V1570A,-0.069,0.45674630999565125,0.3011261522769928,1.3786202669143677
4,540315,6K9K,MdrDBcore02871,V1570A,0.305,0.7773569226264954,0.3011261522769928,1.3786202669143677
4,540315,7NI5,MdrDBcore02872,V1570A,-0.072,0.13081927597522736,0.3011261522769928,1.3786202669143677
4,540315,5NP0,MdrDBcore02873,V2079I,0.198,0.4006597101688385,0.3011261522769928,1.3786202669143677
4,540315,5NP0,MdrDBcore02874,V2079I,0.911,0.09839010238647461,0.3011261522769928,1.3786202669143677
4,540315,5NP1,MdrDBcore02875,V2079I,-0.07,0.5047540068626404,0.3011261522769928,1.3786202669143677
4,540315,5NP0,MdrDBcore02876,V2166A,1.261,0.6488231420516968,0.3011261522769928,1.3786202669143677
4,540315,5NP0,MdrDBcore02877,V2166A,0.785,0.48328807950019836,0.3011261522769928,1.3786202669143677
4,540315,6K9K,MdrDBcore02878,V2906I,3.078,0.20095166563987732,0.3011261522769928,1.3786202669143677
4,540315,5NP0,MdrDBcore02879,V2906I,1.556,0.27295443415641785,0.3011261522769928,1.3786202669143677
4,540315,6K9L,MdrDBcore02880,V2906I,1.31,0.37032362818717957,0.3011261522769928,1.3786202669143677
4,540315,6K9L,MdrDBcore02881,V613L,1.098,0.2760295569896698,0.3011261522769928,1.3786202669143677
4,540315,5NP0,MdrDBcore02882,V613L,1.209,0.33887022733688354,0.3011261522769928,1.3786202669143677
4,540315,5NP0,MdrDBcore02883,W1279A,1.081,0.31144246459007263,0.3011261522769928,1.3786202669143677
4,540315,5NP0,MdrDBcore02884,W1279A,-0.198,0.40175995230674744,0.3011261522769928,1.3786202669143677
4,540315,6K9L,MdrDBcore02885,W1279A,0.677,0.2850908041000366,0.3011261522769928,1.3786202669143677
4,540315,6K9L,MdrDBcore02886,W2638A,1.175,0.08927956223487854,0.3011261522769928,1.3786202669143677
4,540315,5NP0,MdrDBcore02887,W2845A,-0.186,0.42458975315093994,0.3011261522769928,1.3786202669143677
4,540315,5NP0,MdrDBcore02888,W2845A,0.916,0.4895465075969696,0.3011261522769928,1.3786202669143677
4,540315,6K9K,MdrDBcore02889,W57A,1.639,0.2717112600803375,0.3011261522769928,1.3786202669143677
4,540315,5NP0,MdrDBcore02890,Y2167A,0.171,0.48674091696739197,0.3011261522769928,1.3786202669143677
4,540315,5NP1,MdrDBcore02891,Y2167A,0.637,0.2819801867008209,0.3011261522769928,1.3786202669143677
4,540315,3NCZ,MdrDBcore02892,R349Q,0.303,0.527672290802002,0.3011261522769928,1.3786202669143677
4,540315,3NCZ,MdrDBcore02893,R349Q,1.394,0.08905403316020966,0.3011261522769928,1.3786202669143677
4,540315,5YZ0,MdrDBcore02894,A1896V,2.885,0.3372728228569031,0.3011261522769928,1.3786202669143677
4,540315,5YZ0,MdrDBcore02895,D1915G,1.226,-0.11969360709190369,0.3011261522769928,1.3786202669143677
4,540315,5YZ0,MdrDBcore02896,E2034K,0.748,0.5057242512702942,0.3011261522769928,1.3786202669143677
4,540315,5YZ0,MdrDBcore02897,H453P,2.365,0.40725061297416687,0.3011261522769928,1.3786202669143677
4,540315,5YZ0,MdrDBcore02898,I1526V,0.629,0.38691988587379456,0.3011261522769928,1.3786202669143677
4,540315,5YZ0,MdrDBcore02899,K2501N,0.511,0.3513069450855255,0.3011261522769928,1.3786202669143677
4,540315,5YZ0,MdrDBcore02900,L1483F,0.819,0.0835820883512497,0.3011261522769928,1.3786202669143677
4,540315,5YZ0,MdrDBcore02901,L1599P,1.873,0.3106018602848053,0.3011261522769928,1.3786202669143677
4,540315,5YZ0,MdrDBcore02902,M328V,1.249,0.1280185431241989,0.3011261522769928,1.3786202669143677
4,540315,5YZ0,MdrDBcore02903,M593T,-0.64,0.26888832449913025,0.3011261522769928,1.3786202669143677
4,540315,5YZ0,MdrDBcore02904,P1991S,3.754,0.16635501384735107,0.3011261522769928,1.3786202669143677
4,540315,5YZ0,MdrDBcore02905,Q713E,1.154,0.4479953944683075,0.3011261522769928,1.3786202669143677
4,540315,5YZ0,MdrDBcore02906,R1015Q,3.395,0.35818538069725037,0.3011261522769928,1.3786202669143677
4,540315,5YZ0,MdrDBcore02907,R2190C,2.025,0.3199010193347931,0.3011261522769928,1.3786202669143677
4,540315,5YZ0,MdrDBcore02908,S601F,2.207,-0.05143532529473305,0.3011261522769928,1.3786202669143677
4,540315,5YZ0,MdrDBcore02909,T1751A,-0.963,0.18702131509780884,0.3011261522769928,1.3786202669143677
4,540315,5YZ0,MdrDBcore02910,T1751A,-0.348,0.338702529668808,0.3011261522769928,1.3786202669143677
4,540315,5YZ0,MdrDBcore02911,T2556S,1.698,0.5170227885246277,0.3011261522769928,1.3786202669143677
4,540315,5YZ0,MdrDBcore02912,T2556S,0.653,0.5335016250610352,0.3011261522769928,1.3786202669143677
4,540315,5YZ0,MdrDBcore02913,Y1527S,7.83,0.13750295341014862,0.3011261522769928,1.3786202669143677
4,540315,5YZ0,MdrDBcore02914,Y2637C,1.527,0.38529250025749207,0.3011261522769928,1.3786202669143677
4,540315,5YZ0,MdrDBcore02915,Y575C,3.374,0.21840813755989075,0.3011261522769928,1.3786202669143677
4,540315,5YZ0,MdrDBcore02916,Y575C,2.478,0.3732331097126007,0.3011261522769928,1.3786202669143677
4,540315,4ITI,MdrDBcore02917,E234K,1.088,0.5215967893600464,0.3011261522769928,1.3786202669143677
4,540315,4ITI,MdrDBcore02918,L79V,0.31,0.5458872318267822,0.3011261522769928,1.3786202669143677
4,540315,7AO8,MdrDBcore02919,D210G,5.882,0.346358060836792,0.3011261522769928,1.3786202669143677
4,540315,7AO8,MdrDBcore02920,D210G,-16.798,0.07621157169342041,0.3011261522769928,1.3786202669143677
4,540315,7AO8,MdrDBcore02921,D210G,1.575,0.13938982784748077,0.3011261522769928,1.3786202669143677
4,540315,7AO8,MdrDBcore02922,D210G,1.9,0.24132123589515686,0.3011261522769928,1.3786202669143677
4,540315,7AO8,MdrDBcore02923,E146K,3.172,0.2532745897769928,0.3011261522769928,1.3786202669143677
4,540315,7AO8,MdrDBcore02924,E146K,1.046,0.4461333453655243,0.3011261522769928,1.3786202669143677
4,540315,7AO8,MdrDBcore02925,E250G,4.918,0.28402677178382874,0.3011261522769928,1.3786202669143677
4,540315,7AO8,MdrDBcore02926,E250G,-11.358,0.18513056635856628,0.3011261522769928,1.3786202669143677
4,540315,7AO8,MdrDBcore02927,E250G,1.685,0.07432210445404053,0.3011261522769928,1.3786202669143677
4,540315,7AO8,MdrDBcore02928,E250G,0.577,0.13131999969482422,0.3011261522769928,1.3786202669143677
4,540315,7AO8,MdrDBcore02929,M245I,5.176,0.31823137402534485,0.3011261522769928,1.3786202669143677
4,540315,7AO8,MdrDBcore02930,M245I,-16.939,-0.11939934641122818,0.3011261522769928,1.3786202669143677
4,540315,7AO8,MdrDBcore02931,M245I,2.194,0.6511862277984619,0.3011261522769928,1.3786202669143677
4,540315,7AO8,MdrDBcore02932,R77C,-1.736,0.10143733024597168,0.3011261522769928,1.3786202669143677
4,540315,6Z2J,MdrDBcore02933,R77C,1.507,0.734161376953125,0.3011261522769928,1.3786202669143677
4,540315,7AO8,MdrDBcore02934,R77C,6.287,0.47578319907188416,0.3011261522769928,1.3786202669143677
4,540315,7AO8,MdrDBcore02935,R77C,-0.554,0.46804335713386536,0.3011261522769928,1.3786202669143677
4,540315,7AO8,MdrDBcore02936,R77C,2.431,0.07298949360847473,0.3011261522769928,1.3786202669143677
4,540315,7AO8,MdrDBcore02937,S88N,5.575,0.27000007033348083,0.3011261522769928,1.3786202669143677
4,540315,7AO8,MdrDBcore02938,S88N,-14.148,0.37522444128990173,0.3011261522769928,1.3786202669143677
4,540315,7AO8,MdrDBcore02939,S88N,1.513,0.3516130745410919,0.3011261522769928,1.3786202669143677
4,540315,7AO8,MdrDBcore02940,V224D,1.719,0.28731727600097656,0.3011261522769928,1.3786202669143677
4,540315,7AO8,MdrDBcore02941,V224D,-5.874,0.918025553226471,0.3011261522769928,1.3786202669143677
4,540315,7AO8,MdrDBcore02942,V224D,1.098,0.2472345530986786,0.3011261522769928,1.3786202669143677
4,540315,7AO8,MdrDBcore02943,Y226S,-1.242,0.2640790343284607,0.3011261522769928,1.3786202669143677
4,540315,7AO8,MdrDBcore02944,Y226S,-0.845,0.5055004954338074,0.3011261522769928,1.3786202669143677
4,540315,7AO8,MdrDBcore02945,Y226S,-0.232,0.46764740347862244,0.3011261522769928,1.3786202669143677
4,540315,7AO8,MdrDBcore02946,Y226S,-1.501,-0.11501383036375046,0.3011261522769928,1.3786202669143677
4,540315,7AO8,MdrDBcore02947,Y67H,1.617,0.18445312976837158,0.3011261522769928,1.3786202669143677
4,540315,7AO8,MdrDBcore02948,Y67H,-2.409,0.28219833970069885,0.3011261522769928,1.3786202669143677
4,540315,7AO8,MdrDBcore02949,Y67H,1.501,0.6119853854179382,0.3011261522769928,1.3786202669143677
4,540315,7URZ,MdrDBcore02950,C616Y,1.194,0.6092687249183655,0.3011261522769928,1.3786202669143677
4,540315,3BHH,MdrDBcore02951,E13D,1.287,0.6023751497268677,0.3011261522769928,1.3786202669143677
4,540315,3BHH,MdrDBcore02952,L142M,0.635,0.6744927167892456,0.3011261522769928,1.3786202669143677
4,540315,3BHH,MdrDBcore02953,P234L,1.372,0.6128666996955872,0.3011261522769928,1.3786202669143677
4,540315,7URZ,MdrDBcore02954,Q624E,1.483,0.6268748044967651,0.3011261522769928,1.3786202669143677
4,540315,3BHH,MdrDBcore02955,R260L,1.06,0.5991954207420349,0.3011261522769928,1.3786202669143677
4,540315,7URZ,MdrDBcore02956,R646H,1.19,0.5585578083992004,0.3011261522769928,1.3786202669143677
4,540315,1YOV,MdrDBcore02957,A359S,-1.366,0.2991587817668915,0.3011261522769928,1.3786202669143677
4,540315,1YOV,MdrDBcore02958,D180N,-0.895,0.2334524691104889,0.3011261522769928,1.3786202669143677
4,540315,2NVU,MdrDBcore02959,D64N,-1.127,0.17131227254867554,0.3011261522769928,1.3786202669143677
4,540315,2NVU,MdrDBcore02960,E90Q,-2.097,0.08096915483474731,0.3011261522769928,1.3786202669143677
4,540315,2NVU,MdrDBcore02961,F292L,-1.934,0.05263626202940941,0.3011261522769928,1.3786202669143677
4,540315,3GZN,MdrDBcore02962,F499L,-2.111,0.43610405921936035,0.3011261522769928,1.3786202669143677
4,540315,2NVU,MdrDBcore02963,I221V,-2.002,-0.02541864663362503,0.3011261522769928,1.3786202669143677
4,540315,3GZN,MdrDBcore02964,I250F,-1.648,0.3916325271129608,0.3011261522769928,1.3786202669143677
4,540315,2NVU,MdrDBcore02965,I457M,-2.064,0.028623949736356735,0.3011261522769928,1.3786202669143677
4,540315,2NVU,MdrDBcore02966,K190R,-1.677,-0.09243237972259521,0.3011261522769928,1.3786202669143677
4,540315,3GZN,MdrDBcore02967,K440E,-0.378,0.3986898362636566,0.3011261522769928,1.3786202669143677
4,540315,2NVU,MdrDBcore02968,N293T,-0.799,-0.20681940019130707,0.3011261522769928,1.3786202669143677
4,540315,2NVU,MdrDBcore02969,Q25R,0.312,0.05737515911459923,0.3011261522769928,1.3786202669143677
4,540315,3GZN,MdrDBcore02970,Q469R,-2.149,0.3550111651420593,0.3011261522769928,1.3786202669143677
4,540315,2NVU,MdrDBcore02971,R312H,-0.211,0.2232993245124817,0.3011261522769928,1.3786202669143677
4,540315,2NVU,MdrDBcore02972,S104F,-2.588,0.04219677671790123,0.3011261522769928,1.3786202669143677
4,540315,2NVU,MdrDBcore02973,S121L,-1.406,-0.016072649508714676,0.3011261522769928,1.3786202669143677
4,540315,2NVU,MdrDBcore02974,S379L,0.58,-0.06303344666957855,0.3011261522769928,1.3786202669143677
4,540315,2NVU,MdrDBcore02975,S388N,-0.943,-0.0026775263249874115,0.3011261522769928,1.3786202669143677
4,540315,2NVU,MdrDBcore02976,T277A,-2.361,0.272330105304718,0.3011261522769928,1.3786202669143677
4,540315,6U4Y,MdrDBcore02977,E169K,0.137,0.20802703499794006,0.3011261522769928,1.3786202669143677
4,540315,5HYN,MdrDBcore02978,G159R,-0.686,0.08259624242782593,0.3011261522769928,1.3786202669143677
4,540315,4MI5,MdrDBcore02979,G648E,0.084,0.15756669640541077,0.3011261522769928,1.3786202669143677
4,540315,5HYN,MdrDBcore02980,H279Y,-0.426,0.09413489699363708,0.3011261522769928,1.3786202669143677
4,540315,5HYN,MdrDBcore02981,K291T,0.139,-0.12984387576580048,0.3011261522769928,1.3786202669143677
4,540315,5HYN,MdrDBcore02982,P132S,0.277,-0.1333678811788559,0.3011261522769928,1.3786202669143677
4,540315,6U4Y,MdrDBcore02983,R16Q,-0.524,0.20639848709106445,0.3011261522769928,1.3786202669143677
4,540315,4MI5,MdrDBcore02984,R690H,-0.335,0.22178956866264343,0.3011261522769928,1.3786202669143677
4,540315,5H15,MdrDBcore02985,S44F,0.05,0.22491267323493958,0.3011261522769928,1.3786202669143677
4,540315,4MI5,MdrDBcore02986,S537N,0.286,0.1749216765165329,0.3011261522769928,1.3786202669143677
4,540315,4MI5,MdrDBcore02987,S538L,-0.413,0.04378054663538933,0.3011261522769928,1.3786202669143677
4,540315,4MI5,MdrDBcore02988,S624C,0.142,0.1872539073228836,0.3011261522769928,1.3786202669143677
4,540315,6U4Y,MdrDBcore02989,T80P,0.5,0.3082742989063263,0.3011261522769928,1.3786202669143677
4,540315,4MI5,MdrDBcore02990,Y646C,-0.272,0.020161468535661697,0.3011261522769928,1.3786202669143677
4,540315,4MI5,MdrDBcore02991,Y646F,-1.131,0.04193564131855965,0.3011261522769928,1.3786202669143677
4,540315,4MI5,MdrDBcore02992,Y646S,-0.541,0.04711958393454552,0.3011261522769928,1.3786202669143677
4,540315,4MI5,MdrDBcore02993,Y701C,0.21,0.15307554602622986,0.3011261522769928,1.3786202669143677
4,540315,7LI3,MdrDBcore02994,A628V,-0.861,-0.0006324350833892822,0.3011261522769928,1.3786202669143677
4,540315,7LI3,MdrDBcore02995,E1190A,0.213,-0.044938284903764725,0.3011261522769928,1.3786202669143677
4,540315,6VNO,MdrDBcore02996,E1874V,-0.195,-0.059396203607320786,0.3011261522769928,1.3786202669143677
4,540315,7LI3,MdrDBcore02997,E2516K,0.316,-0.09457375109195709,0.3011261522769928,1.3786202669143677
4,540315,7LI3,MdrDBcore02998,G1213S,0.452,-0.10044632107019424,0.3011261522769928,1.3786202669143677
4,540315,6VP7,MdrDBcore02999,G1397C,0.145,-0.026973631232976913,0.3011261522769928,1.3786202669143677
4,540315,6VNO,MdrDBcore03000,G1424R,-1.492,-0.017755910754203796,0.3011261522769928,1.3786202669143677
4,540315,7LI3,MdrDBcore03001,G1939W,0.297,0.07462120056152344,0.3011261522769928,1.3786202669143677
4,540315,7LI3,MdrDBcore03002,H572Q,-0.93,0.029000382870435715,0.3011261522769928,1.3786202669143677
4,540315,7LI3,MdrDBcore03003,I1006M,-0.396,0.014526452869176865,0.3011261522769928,1.3786202669143677
4,540315,7LI3,MdrDBcore03004,K1035N,-0.459,0.07015529274940491,0.3011261522769928,1.3786202669143677
4,540315,7LI3,MdrDBcore03005,L1136P,-0.112,0.0487186573445797,0.3011261522769928,1.3786202669143677
4,540315,6VP7,MdrDBcore03006,L1603I,-0.754,0.12748466432094574,0.3011261522769928,1.3786202669143677
4,540315,6VP7,MdrDBcore03007,L1776I,-0.018,0.3126806616783142,0.3011261522769928,1.3786202669143677
4,540315,6VP8,MdrDBcore03008,L1932F,-0.15,-0.17439129948616028,0.3011261522769928,1.3786202669143677
4,540315,7LI3,MdrDBcore03009,L1982S,-0.709,0.017272289842367172,0.3011261522769928,1.3786202669143677
4,540315,6DLP,MdrDBcore03010,L2145S,-1.068,-0.03818545117974281,0.3011261522769928,1.3786202669143677
4,540315,7LI3,MdrDBcore03011,L2393A,-0.261,-0.015216514468193054,0.3011261522769928,1.3786202669143677
4,540315,7LI3,MdrDBcore03012,L708F,0.269,0.053593117743730545,0.3011261522769928,1.3786202669143677
4,540315,6OJE,MdrDBcore03013,M1431T,-0.542,-0.22320865094661713,0.3011261522769928,1.3786202669143677
4,540315,6VP7,MdrDBcore03014,M1947T,0.098,-0.04581101983785629,0.3011261522769928,1.3786202669143677
4,540315,7LHW,MdrDBcore03015,P1546L,0.418,-0.1512688547372818,0.3011261522769928,1.3786202669143677
4,540315,7LHW,MdrDBcore03016,P1930L,0.004,-0.17251496016979218,0.3011261522769928,1.3786202669143677
4,540315,7LI3,MdrDBcore03017,Q1002A,-1.032,-0.04029085859656334,0.3011261522769928,1.3786202669143677
4,540315,6VP7,MdrDBcore03018,Q1779K,0.004,0.18391893804073334,0.3011261522769928,1.3786202669143677
4,540315,6VP8,MdrDBcore03019,Q2120A,0.277,0.057280752807855606,0.3011261522769928,1.3786202669143677
4,540315,6VP8,MdrDBcore03020,Q2490K,-0.3,0.15236496925354004,0.3011261522769928,1.3786202669143677
4,540315,7LI3,MdrDBcore03021,R1067G,0.328,-0.09181897342205048,0.3011261522769928,1.3786202669143677
4,540315,7LI3,MdrDBcore03022,R1707T,0.407,0.05390318110585213,0.3011261522769928,1.3786202669143677
4,540315,7LI3,MdrDBcore03023,R1728L,0.576,-0.0730888694524765,0.3011261522769928,1.3786202669143677
4,540315,7LI3,MdrDBcore03024,R1957C,1.06,0.043052006512880325,0.3011261522769928,1.3786202669143677
4,540315,7LI3,MdrDBcore03025,R2394S,0.572,-0.062447596341371536,0.3011261522769928,1.3786202669143677
4,540315,6DLP,MdrDBcore03026,R2443A,0.382,-0.05450065806508064,0.3011261522769928,1.3786202669143677
4,540315,7LHW,MdrDBcore03027,R715S,0.302,-0.1565844714641571,0.3011261522769928,1.3786202669143677
4,540315,7LI3,MdrDBcore03028,R767C,-0.294,-0.09716920554637909,0.3011261522769928,1.3786202669143677
4,540315,7LI3,MdrDBcore03029,R772A,-0.21,-0.08966829627752304,0.3011261522769928,1.3786202669143677
4,540315,7LI3,MdrDBcore03030,S1001G,-0.624,-0.012087281793355942,0.3011261522769928,1.3786202669143677
4,540315,7LI3,MdrDBcore03031,S1091P,0.258,-0.024470694363117218,0.3011261522769928,1.3786202669143677
4,540315,7LI3,MdrDBcore03032,S1204G,-0.388,0.05647512897849083,0.3011261522769928,1.3786202669143677
4,540315,7LI3,MdrDBcore03033,S1283F,0.294,-0.01854231208562851,0.3011261522769928,1.3786202669143677
4,540315,6VP7,MdrDBcore03034,S2454L,0.277,-0.04034377261996269,0.3011261522769928,1.3786202669143677
4,540315,7LI4,MdrDBcore03035,S569C,0.018,-0.00286831334233284,0.3011261522769928,1.3786202669143677
4,540315,7LI3,MdrDBcore03036,S634T,0.029,-0.05699426680803299,0.3011261522769928,1.3786202669143677
4,540315,6OJE,MdrDBcore03037,T1368I,-0.48,-0.18208594620227814,0.3011261522769928,1.3786202669143677
4,540315,6OJE,MdrDBcore03038,T1452I,0.375,-0.18820206820964813,0.3011261522769928,1.3786202669143677
4,540315,6OJE,MdrDBcore03039,V1456A,-0.105,-0.21136337518692017,0.3011261522769928,1.3786202669143677
4,540315,6DLP,MdrDBcore03040,V2152I,-0.481,0.028290484100580215,0.3011261522769928,1.3786202669143677
4,540315,6DLP,MdrDBcore03041,V2495I,-0.201,0.026158299297094345,0.3011261522769928,1.3786202669143677
4,540315,5HRX,MdrDBcore03042,A715T,0.897,0.21555843949317932,0.3011261522769928,1.3786202669143677
4,540315,3HMF,MdrDBcore03043,R202C,1.156,0.1831662654876709,0.3011261522769928,1.3786202669143677
4,540315,3IU5,MdrDBcore03044,V49L,1.525,0.2166067361831665,0.3011261522769928,1.3786202669143677
4,540315,6OXB,MdrDBcore03045,Y1043F,1.635,0.5828051567077637,0.3011261522769928,1.3786202669143677
4,540315,3O47,MdrDBcore03046,A27V,1.39,0.24661144614219666,0.3011261522769928,1.3786202669143677
4,540315,3O47,MdrDBcore03047,A81S,-0.408,0.28370413184165955,0.3011261522769928,1.3786202669143677
4,540315,3O47,MdrDBcore03048,E120K,-0.236,0.27099180221557617,0.3011261522769928,1.3786202669143677
4,540315,3O47,MdrDBcore03049,I41V,-0.35,0.25053343176841736,0.3011261522769928,1.3786202669143677
4,540315,3O47,MdrDBcore03050,L99S,1.135,0.239274263381958,0.3011261522769928,1.3786202669143677
4,540315,3O47,MdrDBcore03051,R122G,0.035,0.20799216628074646,0.3011261522769928,1.3786202669143677
4,540315,3O47,MdrDBcore03052,R84Q,0.25,0.2442452311515808,0.3011261522769928,1.3786202669143677
4,540315,3O47,MdrDBcore03053,V15M,0.729,0.23154237866401672,0.3011261522769928,1.3786202669143677
4,540315,3O47,MdrDBcore03054,Y103H,1.487,0.26624009013175964,0.3011261522769928,1.3786202669143677
4,540315,6JN2,MdrDBcore03055,A483T,-0.133,0.23431435227394104,0.3011261522769928,1.3786202669143677
4,540315,6JN2,MdrDBcore03056,A483T,-0.407,0.28272441029548645,0.3011261522769928,1.3786202669143677
4,540315,6JN2,MdrDBcore03057,A483T,0.403,0.39869728684425354,0.3011261522769928,1.3786202669143677
4,540315,6JN2,MdrDBcore03058,A528V,-0.232,0.29114261269569397,0.3011261522769928,1.3786202669143677
4,540315,6JN2,MdrDBcore03059,A528V,-0.224,0.2982572913169861,0.3011261522769928,1.3786202669143677
4,540315,6JN2,MdrDBcore03060,A528V,0.007,0.2811916768550873,0.3011261522769928,1.3786202669143677
4,540315,6O96,MdrDBcore03061,G165C,0.212,0.2860177159309387,0.3011261522769928,1.3786202669143677
4,540315,6O96,MdrDBcore03062,G165C,-0.059,0.07044465839862823,0.3011261522769928,1.3786202669143677
4,540315,6O96,MdrDBcore03063,G165C,-0.34,0.3542868196964264,0.3011261522769928,1.3786202669143677
4,540315,4ER0,MdrDBcore03064,K333E,-0.526,0.010025519877672195,0.3011261522769928,1.3786202669143677
4,540315,4ER7,MdrDBcore03065,K333E,-0.155,0.5001858472824097,0.3011261522769928,1.3786202669143677
4,540315,4ER0,MdrDBcore03066,K333E,0.095,0.3863624036312103,0.3011261522769928,1.3786202669143677
4,540315,6O96,MdrDBcore03067,P298S,0.33,0.41197896003723145,0.3011261522769928,1.3786202669143677
4,540315,6O96,MdrDBcore03068,P298S,0.179,0.13344168663024902,0.3011261522769928,1.3786202669143677
4,540315,6O96,MdrDBcore03069,P298S,0.155,0.37875452637672424,0.3011261522769928,1.3786202669143677
4,540315,6O96,MdrDBcore03070,R231L,0.602,0.37772125005722046,0.3011261522769928,1.3786202669143677
4,540315,6O96,MdrDBcore03071,R231L,0.458,0.2077089548110962,0.3011261522769928,1.3786202669143677
4,540315,6O96,MdrDBcore03072,R231L,-0.007,0.15302781760692596,0.3011261522769928,1.3786202669143677
4,540315,6O96,MdrDBcore03073,S304L,-0.454,0.2538336515426636,0.3011261522769928,1.3786202669143677
4,540315,6O96,MdrDBcore03074,S304L,-0.105,0.10599800944328308,0.3011261522769928,1.3786202669143677
4,540315,6O96,MdrDBcore03075,S304L,-1.396,0.10894778370857239,0.3011261522769928,1.3786202669143677
4,540315,1NW3,MdrDBcore03076,T100M,-0.418,0.4889979660511017,0.3011261522769928,1.3786202669143677
4,540315,6O96,MdrDBcore03077,T100M,0.074,0.2416442334651947,0.3011261522769928,1.3786202669143677
4,540315,1NW3,MdrDBcore03078,T100M,0.223,0.6076714396476746,0.3011261522769928,1.3786202669143677
4,540315,6O96,MdrDBcore03079,T306M,0.202,0.17497247457504272,0.3011261522769928,1.3786202669143677
4,540315,6O96,MdrDBcore03080,T306M,0.435,0.5415734052658081,0.3011261522769928,1.3786202669143677
4,540315,6O96,MdrDBcore03081,T306M,-0.398,0.1939074695110321,0.3011261522769928,1.3786202669143677
4,540315,6O96,MdrDBcore03082,T93M,0.408,0.2154347002506256,0.3011261522769928,1.3786202669143677
4,540315,6O96,MdrDBcore03083,T93M,0.147,0.298488050699234,0.3011261522769928,1.3786202669143677
4,540315,6O96,MdrDBcore03084,T93M,-0.087,0.2764505445957184,0.3011261522769928,1.3786202669143677
4,540315,6O96,MdrDBcore03085,W208C,-0.028,0.5373615026473999,0.3011261522769928,1.3786202669143677
4,540315,6O96,MdrDBcore03086,W208C,-0.165,0.3618275821208954,0.3011261522769928,1.3786202669143677
4,540315,6O96,MdrDBcore03087,W208C,-0.097,0.08631278574466705,0.3011261522769928,1.3786202669143677
4,540315,6O96,MdrDBcore03088,Y58A,0.432,0.2366335391998291,0.3011261522769928,1.3786202669143677
4,540315,6O96,MdrDBcore03089,Y58A,0.109,0.1317927986383438,0.3011261522769928,1.3786202669143677
4,540315,6O96,MdrDBcore03090,Y58A,0.129,0.14372406899929047,0.3011261522769928,1.3786202669143677
4,540315,1YY6,MdrDBcore03091,A197V,1.964,0.17689083516597748,0.3011261522769928,1.3786202669143677
4,540315,6F5H,MdrDBcore03092,A493V,0.277,0.688630998134613,0.3011261522769928,1.3786202669143677
4,540315,4Z96,MdrDBcore03093,P694S,2.386,0.10237902402877808,0.3011261522769928,1.3786202669143677
4,540315,5BTR,MdrDBcore03094,D379N,0.236,0.12066157162189484,0.3011261522769928,1.3786202669143677
4,540315,5BTR,MdrDBcore03095,G355V,-0.624,0.1213512271642685,0.3011261522769928,1.3786202669143677
4,540315,5BTR,MdrDBcore03096,G495D,0.283,0.12166047096252441,0.3011261522769928,1.3786202669143677
4,540315,4ZZJ,MdrDBcore03097,I270K,0.147,0.17641152441501617,0.3011261522769928,1.3786202669143677
4,540315,5BTR,MdrDBcore03098,L478V,-0.641,0.12109678983688354,0.3011261522769928,1.3786202669143677
4,540315,4ZZH,MdrDBcore03099,M407T,-0.173,0.16420279443264008,0.3011261522769928,1.3786202669143677
4,540315,5BTR,MdrDBcore03100,P393R,-0.327,0.12088212370872498,0.3011261522769928,1.3786202669143677
4,540315,5BTR,MdrDBcore03101,R199Q,0.066,0.12098930776119232,0.3011261522769928,1.3786202669143677
4,540315,5BTR,MdrDBcore03102,R649H,-0.222,0.12066332995891571,0.3011261522769928,1.3786202669143677
4,540315,5BTR,MdrDBcore03103,T177I,0.138,0.12102694809436798,0.3011261522769928,1.3786202669143677
4,540315,5BTR,MdrDBcore03104,V383I,0.017,0.11986489593982697,0.3011261522769928,1.3786202669143677
4,540315,3UT1,MdrDBcore03105,A287T,1.04,0.4094114303588867,0.3011261522769928,1.3786202669143677
4,540315,3UT1,MdrDBcore03106,C304F,0.046,0.39534103870391846,0.3011261522769928,1.3786202669143677
4,540315,3UT1,MdrDBcore03107,D312E,-0.449,0.43957141041755676,0.3011261522769928,1.3786202669143677
4,540315,3UT1,MdrDBcore03108,E338K,1.694,0.39875027537345886,0.3011261522769928,1.3786202669143677
4,540315,3UT1,MdrDBcore03109,F298L,1.544,0.42123886942863464,0.3011261522769928,1.3786202669143677
4,540315,3UT1,MdrDBcore03110,I364T,1.607,0.46104249358177185,0.3011261522769928,1.3786202669143677
4,540315,3UT1,MdrDBcore03111,I388F,1.915,0.41253137588500977,0.3011261522769928,1.3786202669143677
4,540315,3UT1,MdrDBcore03112,L346H,1.136,0.4026899039745331,0.3011261522769928,1.3786202669143677
4,540315,3UT1,MdrDBcore03113,P461S,1.485,0.40425610542297363,0.3011261522769928,1.3786202669143677
4,540315,3UT1,MdrDBcore03114,P525L,1.635,0.3881603181362152,0.3011261522769928,1.3786202669143677
4,540315,3UT1,MdrDBcore03115,Q352E,1.917,0.44527116417884827,0.3011261522769928,1.3786202669143677
4,540315,3UT1,MdrDBcore03116,S256P,1.42,0.409202516078949,0.3011261522769928,1.3786202669143677
4,540315,3UT1,MdrDBcore03117,S524Y,1.441,0.41283732652664185,0.3011261522769928,1.3786202669143677
4,540315,3UT1,MdrDBcore03118,V286I,1.223,0.39994144439697266,0.3011261522769928,1.3786202669143677
4,540315,3UT1,MdrDBcore03119,Y301C,1.521,0.4318059980869293,0.3011261522769928,1.3786202669143677
4,540315,5V3O,MdrDBcore03120,D313H,0.493,0.3778991401195526,0.3011261522769928,1.3786202669143677
4,540315,5V3O,MdrDBcore03121,E187K,0.0,0.01852096989750862,0.3011261522769928,1.3786202669143677
4,540315,5HXB,MdrDBcore03122,G151A,-0.35,0.07502193748950958,0.3011261522769928,1.3786202669143677
4,540315,5V3O,MdrDBcore03123,G354A,0.496,0.4040517508983612,0.3011261522769928,1.3786202669143677
4,540315,6H0G,MdrDBcore03124,G383V,0.222,0.7270203828811646,0.3011261522769928,1.3786202669143677
4,540315,5V3O,MdrDBcore03125,G69D,0.024,0.3823174238204956,0.3011261522769928,1.3786202669143677
4,540315,5V3O,MdrDBcore03126,K204E,-0.404,0.16836878657341003,0.3011261522769928,1.3786202669143677
4,540315,5V3O,MdrDBcore03127,M109I,-0.158,0.6894707083702087,0.3011261522769928,1.3786202669143677
4,540315,5V3O,MdrDBcore03128,P345S,-0.155,0.9683582186698914,0.3011261522769928,1.3786202669143677
4,540315,5V3O,MdrDBcore03129,P424L,-0.044,0.027929935604333878,0.3011261522769928,1.3786202669143677
4,540315,5V3O,MdrDBcore03130,Q297A,-0.313,-0.03841577470302582,0.3011261522769928,1.3786202669143677
4,540315,5V3O,MdrDBcore03131,R295A,-0.343,-0.3321079909801483,0.3011261522769928,1.3786202669143677
4,540315,5V3O,MdrDBcore03132,R373Q,-0.207,0.23127004504203796,0.3011261522769928,1.3786202669143677
4,540315,5V3O,MdrDBcore03133,S379N,-0.534,0.5670049786567688,0.3011261522769928,1.3786202669143677
4,540315,5HXB,MdrDBcore03134,T51A,-0.082,0.3192824423313141,0.3011261522769928,1.3786202669143677
4,540315,5V3O,MdrDBcore03135,W223A,-0.779,0.12077242136001587,0.3011261522769928,1.3786202669143677
4,540315,4O9R,MdrDBcore03136,A324T,-0.081,-0.15105804800987244,0.3011261522769928,1.3786202669143677
4,540315,5L7D,MdrDBcore03137,A68G,-0.556,0.498456746339798,0.3011261522769928,1.3786202669143677
4,540315,5V57,MdrDBcore03138,A68G,-0.288,-0.13329105079174042,0.3011261522769928,1.3786202669143677
4,540315,4O9R,MdrDBcore03139,C273R,0.078,0.009707730263471603,0.3011261522769928,1.3786202669143677
4,540315,4O9R,MdrDBcore03140,C273R,0.205,-0.11460663378238678,0.3011261522769928,1.3786202669143677
4,540315,4QIM,MdrDBcore03141,G497V,-0.188,0.6351951360702515,0.3011261522769928,1.3786202669143677
4,540315,4QIM,MdrDBcore03142,G497V,0.069,-0.09998667240142822,0.3011261522769928,1.3786202669143677
4,540315,4O9R,MdrDBcore03143,L267H,0.65,-0.2328740507364273,0.3011261522769928,1.3786202669143677
4,540315,4O9R,MdrDBcore03144,P505S,0.307,-0.12591804563999176,0.3011261522769928,1.3786202669143677
4,540315,6XBK,MdrDBcore03145,R138Q,-1.589,0.03785550966858864,0.3011261522769928,1.3786202669143677
4,540315,6XBK,MdrDBcore03146,R138Q,-0.932,-0.03506770730018616,0.3011261522769928,1.3786202669143677
4,540315,5V57,MdrDBcore03147,R168H,-0.807,-0.12218649685382843,0.3011261522769928,1.3786202669143677
4,540315,4O9R,MdrDBcore03148,R296H,-0.396,-0.12453879415988922,0.3011261522769928,1.3786202669143677
4,540315,6XBK,MdrDBcore03149,T179M,0.358,0.4292609691619873,0.3011261522769928,1.3786202669143677
4,540315,6XBK,MdrDBcore03150,V157M,0.095,0.0791972279548645,0.3011261522769928,1.3786202669143677
4,540315,6XBK,MdrDBcore03151,V157M,-0.084,-0.3519364893436432,0.3011261522769928,1.3786202669143677
4,540315,4O9R,MdrDBcore03152,V195L,0.691,0.013817358762025833,0.3011261522769928,1.3786202669143677
4,540315,4O9R,MdrDBcore03153,V404M,-0.655,-0.2984083294868469,0.3011261522769928,1.3786202669143677
4,540315,6XBK,MdrDBcore03154,Y130C,0.028,-0.0043637678027153015,0.3011261522769928,1.3786202669143677
4,540315,6XBK,MdrDBcore03155,Y130C,-0.336,0.039597343653440475,0.3011261522769928,1.3786202669143677
4,540315,4O9R,MdrDBcore03156,Y322H,-0.011,-0.04123491793870926,0.3011261522769928,1.3786202669143677
4,540315,3OUI,MdrDBcore03157,C208Y,0.27,0.440226286649704,0.3011261522769928,1.3786202669143677
4,540315,4KBZ,MdrDBcore03158,G409C,-0.487,0.037749212235212326,0.3011261522769928,1.3786202669143677
4,540315,3HQR,MdrDBcore03159,K186N,-0.096,0.016289811581373215,0.3011261522769928,1.3786202669143677
4,540315,3OUI,MdrDBcore03160,R252Q,0.128,0.45205315947532654,0.3011261522769928,1.3786202669143677
4,540315,3OUI,MdrDBcore03161,R281L,-0.236,0.5182745456695557,0.3011261522769928,1.3786202669143677
4,540315,4KBZ,MdrDBcore03162,S418L,0.043,-0.056039612740278244,0.3011261522769928,1.3786202669143677
4,540315,4B6L,MdrDBcore03163,C221Y,-2.86,0.022950340062379837,0.3011261522769928,1.3786202669143677
4,540315,4B6L,MdrDBcore03164,C255Y,0.106,0.05970257893204689,0.3011261522769928,1.3786202669143677
4,540315,4B6L,MdrDBcore03165,P101S,-0.116,0.006093863397836685,0.3011261522769928,1.3786202669143677
4,540315,4B6L,MdrDBcore03166,Q103E,1.812,-0.00621018186211586,0.3011261522769928,1.3786202669143677
4,540315,4B6L,MdrDBcore03167,Q307H,0.407,0.05406135693192482,0.3011261522769928,1.3786202669143677
4,540315,4B6L,MdrDBcore03168,R163L,-0.239,0.0180760957300663,0.3011261522769928,1.3786202669143677
4,540315,4B6L,MdrDBcore03169,T262M,-0.148,0.07136845588684082,0.3011261522769928,1.3786202669143677
4,540315,4B6L,MdrDBcore03170,T82A,-0.858,0.2321280539035797,0.3011261522769928,1.3786202669143677
4,540315,4B6L,MdrDBcore03171,W151L,-1.723,0.17607331275939941,0.3011261522769928,1.3786202669143677
4,540315,6V1B,MdrDBcore03172,M186I,-0.053,0.010193046182394028,0.3011261522769928,1.3786202669143677
4,540315,5JI8,MdrDBcore03173,P164S,-1.241,-0.22658053040504456,0.3011261522769928,1.3786202669143677
4,540315,4X7O,MdrDBcore03174,A1068V,-0.373,-0.013260014355182648,0.3011261522769928,1.3786202669143677
4,540315,4YZS,MdrDBcore03175,A116D,0.039,0.043023329228162766,0.3011261522769928,1.3786202669143677
4,540315,4YZS,MdrDBcore03176,A342D,0.699,0.035427119582891464,0.3011261522769928,1.3786202669143677
4,540315,4YZS,MdrDBcore03177,A342V,0.249,0.031159978359937668,0.3011261522769928,1.3786202669143677
4,540315,4X7O,MdrDBcore03178,E1050K,-0.027,-0.025289680808782578,0.3011261522769928,1.3786202669143677
4,540315,4X7O,MdrDBcore03179,E994A,0.199,0.1717408001422882,0.3011261522769928,1.3786202669143677
4,540315,4YZS,MdrDBcore03180,F335V,1.599,0.051672015339136124,0.3011261522769928,1.3786202669143677
4,540315,4X7O,MdrDBcore03181,I586L,0.537,-0.1944020837545395,0.3011261522769928,1.3786202669143677
4,540315,4X7O,MdrDBcore03182,I917N,0.64,-0.012148257344961166,0.3011261522769928,1.3786202669143677
4,540315,4X7O,MdrDBcore03183,M1053V,0.489,-0.0217653289437294,0.3011261522769928,1.3786202669143677
4,540315,4YZS,MdrDBcore03184,M390L,0.037,0.04356386139988899,0.3011261522769928,1.3786202669143677
4,540315,4YZS,MdrDBcore03185,R240H,0.729,0.03958836570382118,0.3011261522769928,1.3786202669143677
4,540315,4X7O,MdrDBcore03186,S1022N,0.943,0.03718291595578194,0.3011261522769928,1.3786202669143677
4,540315,4YZS,MdrDBcore03187,V132M,-0.205,0.04476134851574898,0.3011261522769928,1.3786202669143677
4,540315,4X7O,MdrDBcore03188,Y1019C,-0.463,-0.1832655966281891,0.3011261522769928,1.3786202669143677
4,540315,5EDU,MdrDBcore03189,A612T,-0.181,-0.08245919644832611,0.3011261522769928,1.3786202669143677
4,540315,5EDU,MdrDBcore03190,A770V,0.063,0.0735735148191452,0.3011261522769928,1.3786202669143677
4,540315,5KH7,MdrDBcore03191,G1126C,-0.885,0.527669370174408,0.3011261522769928,1.3786202669143677
4,540315,5KH7,MdrDBcore03192,I1122V,1.97,0.6053183674812317,0.3011261522769928,1.3786202669143677
4,540315,5KH7,MdrDBcore03193,P1123A,-1.293,0.6647226214408875,0.3011261522769928,1.3786202669143677
4,540315,5EDU,MdrDBcore03194,P748T,0.136,0.4085134267807007,0.3011261522769928,1.3786202669143677
4,540315,5EDU,MdrDBcore03195,Q487K,-1.157,-0.19340750575065613,0.3011261522769928,1.3786202669143677
4,540315,5EDU,MdrDBcore03196,R529H,-0.198,-0.22820094227790833,0.3011261522769928,1.3786202669143677
4,540315,5EDU,MdrDBcore03197,R745Q,-0.06,0.0269453264772892,0.3011261522769928,1.3786202669143677
4,540315,5EDU,MdrDBcore03198,R835W,-0.391,0.08862385153770447,0.3011261522769928,1.3786202669143677
4,540315,5KH7,MdrDBcore03199,Y1149A,2.397,0.7549194097518921,0.3011261522769928,1.3786202669143677
4,540315,5IUG,MdrDBcore03200,A1148V,0.361,0.12085883319377899,0.3011261522769928,1.3786202669143677
4,540315,5IUG,MdrDBcore03201,A1200V,0.399,0.13853232562541962,0.3011261522769928,1.3786202669143677
4,540315,5IUG,MdrDBcore03202,A1200V,1.744,0.21361041069030762,0.3011261522769928,1.3786202669143677
4,540315,7LRZ,MdrDBcore03203,A900G,0.24,0.16632753610610962,0.3011261522769928,1.3786202669143677
4,540315,7LRZ,MdrDBcore03204,A900G,-0.424,0.1665966957807541,0.3011261522769928,1.3786202669143677
4,540315,7LRZ,MdrDBcore03205,C928Y,-0.806,0.10064370930194855,0.3011261522769928,1.3786202669143677
4,540315,7LRZ,MdrDBcore03206,C928Y,0.503,0.16810421645641327,0.3011261522769928,1.3786202669143677
4,540315,5IUI,MdrDBcore03207,D1091N,-0.982,0.2645348012447357,0.3011261522769928,1.3786202669143677
4,540315,5IUI,MdrDBcore03208,D1091N,-1.476,0.18002541363239288,0.3011261522769928,1.3786202669143677
4,540315,5IUG,MdrDBcore03209,D1349N,0.294,0.21426552534103394,0.3011261522769928,1.3786202669143677
4,540315,7LRZ,MdrDBcore03210,D951E,0.195,-0.009953327476978302,0.3011261522769928,1.3786202669143677
4,540315,7LRZ,MdrDBcore03211,D951E,0.502,0.004127558320760727,0.3011261522769928,1.3786202669143677
4,540315,7LRZ,MdrDBcore03212,E949K,0.702,-0.05668054148554802,0.3011261522769928,1.3786202669143677
4,540315,7LRZ,MdrDBcore03213,E949K,0.856,0.22104984521865845,0.3011261522769928,1.3786202669143677
4,540315,7LRZ,MdrDBcore03214,G744R,0.474,0.13264888525009155,0.3011261522769928,1.3786202669143677
4,540315,7LRZ,MdrDBcore03215,G882C,0.353,0.13528895378112793,0.3011261522769928,1.3786202669143677
4,540315,7LRZ,MdrDBcore03216,G893R,0.159,0.09340046346187592,0.3011261522769928,1.3786202669143677
4,540315,7LRZ,MdrDBcore03217,G893R,-0.172,0.055829714983701706,0.3011261522769928,1.3786202669143677
4,540315,7LRZ,MdrDBcore03218,G925R,-0.789,0.17738297581672668,0.3011261522769928,1.3786202669143677
4,540315,7LRZ,MdrDBcore03219,G940C,-0.748,-0.0020965151488780975,0.3011261522769928,1.3786202669143677
4,540315,7LRZ,MdrDBcore03220,H755N,0.299,0.20805418491363525,0.3011261522769928,1.3786202669143677
4,540315,7LRZ,MdrDBcore03221,H755N,0.188,0.04226095601916313,0.3011261522769928,1.3786202669143677
4,540315,7LRZ,MdrDBcore03222,I981V,0.199,0.026116762310266495,0.3011261522769928,1.3786202669143677
4,540315,7LRZ,MdrDBcore03223,I981V,0.587,0.18775032460689545,0.3011261522769928,1.3786202669143677
4,540315,5IUG,MdrDBcore03224,K1109N,0.122,0.13893654942512512,0.3011261522769928,1.3786202669143677
4,540315,5IUG,MdrDBcore03225,N1353S,0.731,0.14369569718837738,0.3011261522769928,1.3786202669143677
4,540315,5IUG,MdrDBcore03226,N1353S,-0.909,0.06251507997512817,0.3011261522769928,1.3786202669143677
4,540315,7LRZ,MdrDBcore03227,N941S,0.153,0.14586055278778076,0.3011261522769928,1.3786202669143677
4,540315,4TT7,MdrDBcore03228,P1218S,0.681,0.24437811970710754,0.3011261522769928,1.3786202669143677
4,540315,4TT7,MdrDBcore03229,P1218S,1.508,-0.03592509776353836,0.3011261522769928,1.3786202669143677
4,540315,5IUG,MdrDBcore03230,P1298S,-0.473,0.2671757936477661,0.3011261522769928,1.3786202669143677
4,540315,4TT7,MdrDBcore03231,P1298S,-0.566,-0.09679462015628815,0.3011261522769928,1.3786202669143677
4,540315,5IUG,MdrDBcore03232,P1398L,0.372,0.11608876287937164,0.3011261522769928,1.3786202669143677
4,540315,5IUG,MdrDBcore03233,R1192Q,0.204,0.2242799699306488,0.3011261522769928,1.3786202669143677
4,540315,5IUG,MdrDBcore03234,R1192Q,-0.195,0.12916049361228943,0.3011261522769928,1.3786202669143677
4,540315,5IUG,MdrDBcore03235,R1209A,-0.06,0.21632066369056702,0.3011261522769928,1.3786202669143677
4,540315,5IUG,MdrDBcore03236,R1209A,-0.159,0.24977383017539978,0.3011261522769928,1.3786202669143677
4,540315,4TT7,MdrDBcore03237,R1275Q,-0.395,0.3782816231250763,0.3011261522769928,1.3786202669143677
4,540315,4TT7,MdrDBcore03238,R1275Q,-0.6,0.0817907303571701,0.3011261522769928,1.3786202669143677
4,540315,7LRZ,MdrDBcore03239,R753Q,0.26,0.12207141518592834,0.3011261522769928,1.3786202669143677
4,540315,5IUG,MdrDBcore03240,T1312I,-0.415,0.15575458109378815,0.3011261522769928,1.3786202669143677
4,540315,5IUG,MdrDBcore03241,T1312I,-1.169,0.27826347947120667,0.3011261522769928,1.3786202669143677
4,540315,7N00,MdrDBcore03242,V1013L,-0.435,0.17249804735183716,0.3011261522769928,1.3786202669143677
4,540315,7LRZ,MdrDBcore03243,V712L,0.633,-0.03008878231048584,0.3011261522769928,1.3786202669143677
4,540315,7LRZ,MdrDBcore03244,V712L,0.273,0.0999697595834732,0.3011261522769928,1.3786202669143677
4,540315,5OTF,MdrDBcore03245,A355T,-0.537,0.11300201714038849,0.3011261522769928,1.3786202669143677
4,540315,5OTF,MdrDBcore03246,D241H,0.15,0.11012901365756989,0.3011261522769928,1.3786202669143677
4,540315,5OTF,MdrDBcore03247,D411N,0.67,0.12147772312164307,0.3011261522769928,1.3786202669143677
4,540315,5OTF,MdrDBcore03248,E297A,-1.318,0.10796576738357544,0.3011261522769928,1.3786202669143677
4,540315,5OTE,MdrDBcore03249,F336L,-0.995,0.05991550162434578,0.3011261522769928,1.3786202669143677
4,540315,5OTF,MdrDBcore03250,K96N,1.17,0.11983555555343628,0.3011261522769928,1.3786202669143677
4,540315,5OTF,MdrDBcore03251,M184V,-0.534,0.11088106036186218,0.3011261522769928,1.3786202669143677
4,540315,5OTF,MdrDBcore03252,M274L,-0.536,0.10193789005279541,0.3011261522769928,1.3786202669143677
4,540315,5OTF,MdrDBcore03253,R326H,-1.003,0.11169357597827911,0.3011261522769928,1.3786202669143677
4,540315,5OTF,MdrDBcore03254,V372M,0.079,0.11220923066139221,0.3011261522769928,1.3786202669143677
4,540315,1XKK,MdrDBcore03255,T790M+L858R,0.931,0.06930898129940033,0.3011261522769928,1.3786202669143677
4,540315,1XKK,MdrDBcore03256,T790M+L858R,2.31,-0.04595464468002319,0.3011261522769928,1.3786202669143677
4,540315,1XKK,MdrDBcore03257,T790M+L858R,1.177,0.15390537679195404,0.3011261522769928,1.3786202669143677
4,540315,1XKK,MdrDBcore03258,T790M+L858R,1.259,0.6652839183807373,0.3011261522769928,1.3786202669143677
4,540315,1XKK,MdrDBcore03259,T790M+L858R,1.129,-0.05027872696518898,0.3011261522769928,1.3786202669143677
4,540315,1XKK,MdrDBcore03260,T790M+L858R,0.063,-0.04670370742678642,0.3011261522769928,1.3786202669143677
4,540315,1XKK,MdrDBcore03261,T790M+L858R,2.123,0.11731082201004028,0.3011261522769928,1.3786202669143677
4,540315,1QPC,MdrDBcore03262,A289D+A396V,0.426,-0.017803728580474854,0.3011261522769928,1.3786202669143677
4,540315,1QPC,MdrDBcore03263,A289D+A396V,0.364,0.3515438437461853,0.3011261522769928,1.3786202669143677
4,540315,3CQU,MdrDBcore03264,G311D+K307N,0.539,0.7055580019950867,0.3011261522769928,1.3786202669143677
4,540315,3CQU,MdrDBcore03265,G311D+K307N,1.509,0.6043943762779236,0.3011261522769928,1.3786202669143677
4,540315,4KIK,MdrDBcore03266,R55A,0.198,0.3411523699760437,0.3011261522769928,1.3786202669143677
4,540315,2J7T,MdrDBcore03267,V80M,0.784,0.1347368061542511,0.3011261522769928,1.3786202669143677
4,540315,1XKK,MdrDBcore03268,E866D,0.355,0.00661550834774971,0.3011261522769928,1.3786202669143677
4,540315,4AOJ,MdrDBcore03269,R692H,0.013,0.26705801486968994,0.3011261522769928,1.3786202669143677
4,540315,4PMM,MdrDBcore03270,T678I,0.198,0.3624227046966553,0.3011261522769928,1.3786202669143677
4,540315,2I0V,MdrDBcore03271,G589E,0.09,0.08757014572620392,0.3011261522769928,1.3786202669143677
4,540315,2IVS,MdrDBcore03272,L746M,0.961,0.017903011292219162,0.3011261522769928,1.3786202669143677
4,540315,1JQH,MdrDBcore03273,S1009L,1.71,0.196486234664917,0.3011261522769928,1.3786202669143677
4,540315,1JQH,MdrDBcore03274,S1009L,2.085,0.188043475151062,0.3011261522769928,1.3786202669143677
4,540315,3ZBF,MdrDBcore03275,R2126L,1.523,-0.0598587766289711,0.3011261522769928,1.3786202669143677
4,540315,1T46,MdrDBcore03276,E640K,0.319,-0.15571729838848114,0.3011261522769928,1.3786202669143677
4,540315,1T46,MdrDBcore03277,N822K,0.297,0.38024523854255676,0.3011261522769928,1.3786202669143677
4,540315,1T46,MdrDBcore03278,N822K,0.231,0.31808802485466003,0.3011261522769928,1.3786202669143677
4,540315,1T46,MdrDBcore03279,N822K,1.303,-0.17322443425655365,0.3011261522769928,1.3786202669143677
4,540315,1T46,MdrDBcore03280,N822K,0.988,0.20456385612487793,0.3011261522769928,1.3786202669143677
4,540315,2FB8,MdrDBcore03281,G466V,0.503,0.16729824244976044,0.3011261522769928,1.3786202669143677
4,540315,5GRN,MdrDBcore03282,N848I,0.513,0.6132867932319641,0.3011261522769928,1.3786202669143677
4,540315,5GRN,MdrDBcore03283,N848I,0.564,-0.005619760602712631,0.3011261522769928,1.3786202669143677
4,540315,3HNG,MdrDBcore03284,C1039S,0.208,0.18664944171905518,0.3011261522769928,1.3786202669143677
4,540315,3HNG,MdrDBcore03285,L1061V,0.05,0.01091744378209114,0.3011261522769928,1.3786202669143677
4,540315,3HNG,MdrDBcore03286,L1061V,1.469,0.1879802793264389,0.3011261522769928,1.3786202669143677
4,540315,3HNG,MdrDBcore03287,L1061V,0.098,-0.018169846385717392,0.3011261522769928,1.3786202669143677
4,540315,3HNG,MdrDBcore03288,R1045Q,0.171,-0.12112998217344284,0.3011261522769928,1.3786202669143677
4,540315,3HNG,MdrDBcore03289,R1045Q,0.109,0.5816069841384888,0.3011261522769928,1.3786202669143677
4,540315,1B38,MdrDBcore03290,P155L,0.467,-0.2545474171638489,0.3011261522769928,1.3786202669143677
4,540315,2JDO,MdrDBcore03291,A190G,0.213,0.17759841680526733,0.3011261522769928,1.3786202669143677
4,540315,1VR2,MdrDBcore03292,D1064Y,0.089,0.062309760600328445,0.3011261522769928,1.3786202669143677
4,540315,1VR2,MdrDBcore03293,R1066C,0.054,0.011554215103387833,0.3011261522769928,1.3786202669143677
4,540315,1VR2,MdrDBcore03294,R1066C,0.014,0.10511532425880432,0.3011261522769928,1.3786202669143677
4,540315,4RT7,MdrDBcore03295,E661V,0.098,0.12536269426345825,0.3011261522769928,1.3786202669143677
4,540315,4RT7,MdrDBcore03296,E661V,0.057,0.015325997024774551,0.3011261522769928,1.3786202669143677
4,540315,4RT7,MdrDBcore03297,E661V,0.176,0.4176040291786194,0.3011261522769928,1.3786202669143677
4,540315,1B6C,MdrDBcore03298,G212V,0.183,0.12439176440238953,0.3011261522769928,1.3786202669143677
4,540315,1XBB,MdrDBcore03299,R520S,1.81,0.13564619421958923,0.3011261522769928,1.3786202669143677
4,540315,3SXR,MdrDBcore03300,M464I,0.734,0.27945324778556824,0.3011261522769928,1.3786202669143677
4,540315,3SXR,MdrDBcore03301,M464I,0.312,0.10529997944831848,0.3011261522769928,1.3786202669143677
4,540315,1YVJ,MdrDBcore03302,K830M,0.118,-0.08854961395263672,0.3011261522769928,1.3786202669143677
4,540315,3S95,MdrDBcore03303,G480R,0.553,0.03142328932881355,0.3011261522769928,1.3786202669143677
4,540315,1XO2,MdrDBcore03304,R168H,1.136,0.25755223631858826,0.3011261522769928,1.3786202669143677
4,540315,3ZOS,MdrDBcore03305,D795E,1.094,-0.08562247455120087,0.3011261522769928,1.3786202669143677
4,540315,3ZOS,MdrDBcore03306,P806L,0.142,-0.05594267696142197,0.3011261522769928,1.3786202669143677
4,540315,3MJ2,MdrDBcore03307,L508M,1.084,0.15992124378681183,0.3011261522769928,1.3786202669143677
4,540315,3MJ2,MdrDBcore03308,T504S,0.099,0.09858441352844238,0.3011261522769928,1.3786202669143677
4,540315,3MJ2,MdrDBcore03309,T518I,0.193,0.2948119342327118,0.3011261522769928,1.3786202669143677
4,540315,2R4B,MdrDBcore03310,G863E,0.044,-0.01574775204062462,0.3011261522769928,1.3786202669143677
4,540315,2R4B,MdrDBcore03311,G879A,0.128,0.142750546336174,0.3011261522769928,1.3786202669143677
4,540315,2R4B,MdrDBcore03312,L770P,0.518,0.09590126574039459,0.3011261522769928,1.3786202669143677
4,540315,2R4B,MdrDBcore03313,L770P,0.384,0.2890947163105011,0.3011261522769928,1.3786202669143677
4,540315,2R4B,MdrDBcore03314,L770P,0.312,0.0679076611995697,0.3011261522769928,1.3786202669143677
4,540315,2R4B,MdrDBcore03315,M766I,0.801,0.0646096020936966,0.3011261522769928,1.3786202669143677
4,540315,2R4B,MdrDBcore03316,M766I,0.375,0.1640954613685608,0.3011261522769928,1.3786202669143677
4,540315,6KZC,MdrDBcore03317,R702T,0.378,0.15383346378803253,0.3011261522769928,1.3786202669143677
4,540315,1WAK,MdrDBcore03318,F508L,0.135,0.08939458429813385,0.3011261522769928,1.3786202669143677
4,540315,2XB7,MdrDBcore03319,A1289V,0.147,0.3241572380065918,0.3011261522769928,1.3786202669143677
4,540315,2XB7,MdrDBcore03320,A1289V,0.07,-0.02437671273946762,0.3011261522769928,1.3786202669143677
4,540315,6GR8,MdrDBcore03321,P192L,1.021,0.6729268431663513,0.3011261522769928,1.3786202669143677
4,540315,6GR8,MdrDBcore03322,P192L,0.536,0.5316898822784424,0.3011261522769928,1.3786202669143677
4,540315,3UM8,MdrDBcore03323,A16C+S108T,2.407,1.012388825416565,0.3011261522769928,1.3786202669143677
4,540315,3UM8,MdrDBcore03324,A16G+S108T,2.628,0.8352982401847839,0.3011261522769928,1.3786202669143677
4,540315,3UM8,MdrDBcore03325,A16S+S108T,3.63,0.8748012781143188,0.3011261522769928,1.3786202669143677
4,540315,3UM8,MdrDBcore03326,A16T+S108T,4.101,0.8347883820533752,0.3011261522769928,1.3786202669143677
4,540315,3UM8,MdrDBcore03327,A16V+S108T,4.062,0.846638023853302,0.3011261522769928,1.3786202669143677
4,540315,3UM8,MdrDBcore03328,C59R+S108N,1.794,0.7892547249794006,0.3011261522769928,1.3786202669143677
4,540315,3UM8,MdrDBcore03329,N51I+C59R+S108N+I164L,3.994,0.7456393837928772,0.3011261522769928,1.3786202669143677
4,540315,2R5Q,MdrDBcore03330,D30N+L90M,1.62,0.37587448954582214,0.3011261522769928,1.3786202669143677
4,540315,2R5P,MdrDBcore03331,D30N+L90M,0.222,0.162827268242836,0.3011261522769928,1.3786202669143677
4,540315,2R5Q,MdrDBcore03332,D30N+N88D,1.599,0.3758743703365326,0.3011261522769928,1.3786202669143677
4,540315,2R5P,MdrDBcore03333,D30N+N88D,0.334,0.16282732784748077,0.3011261522769928,1.3786202669143677
4,540315,2R5Q,MdrDBcore03334,D30N+N88D+L90M,2.344,0.37587442994117737,0.3011261522769928,1.3786202669143677
4,540315,2R5P,MdrDBcore03335,D30N+N88D+L90M,0.532,0.16282734274864197,0.3011261522769928,1.3786202669143677
4,540315,2R5Q,MdrDBcore03336,N88D+L90M,0.975,0.38136476278305054,0.3011261522769928,1.3786202669143677
4,540315,2R5P,MdrDBcore03337,N88D+L90M,1.61,0.17962272465229034,0.3011261522769928,1.3786202669143677
4,540315,2Q54,MdrDBcore03338,D30N+N88D,0.316,0.38406985998153687,0.3011261522769928,1.3786202669143677
4,540315,2Q54,MdrDBcore03339,L10I+A71V+G73S+I84V+L90M,2.858,0.3932724893093109,0.3011261522769928,1.3786202669143677
4,540315,2Q54,MdrDBcore03340,L10I+G48V+I54V+V82A,2.625,0.3884671926498413,0.3011261522769928,1.3786202669143677
4,540315,2VZM,MdrDBcore03341,E85Q+N50D,0.424,0.37628164887428284,0.3011261522769928,1.3786202669143677
4,540315,2VZ7,MdrDBcore03342,E85Q+N50D,1.497,0.5373351573944092,0.3011261522769928,1.3786202669143677
4,540315,2VZM,MdrDBcore03343,E94Q+N50D,1.076,0.3584313690662384,0.3011261522769928,1.3786202669143677
4,540315,1H0A,MdrDBcore03344,L6E+I13D,1.194,0.008263785392045975,0.3011261522769928,1.3786202669143677
4,540315,1MPW,MdrDBcore03345,L247V+L244A,-0.085,0.3559744358062744,0.3011261522769928,1.3786202669143677
4,540315,1MPW,MdrDBcore03346,W87A+L247V,-0.543,0.3784010410308838,0.3011261522769928,1.3786202669143677
4,540315,1MPW,MdrDBcore03347,W87F+L244A,-0.411,0.32117658853530884,0.3011261522769928,1.3786202669143677
4,540315,1MPW,MdrDBcore03348,W87F+L247V,-0.411,0.3784010410308838,0.3011261522769928,1.3786202669143677
4,540315,1MPW,MdrDBcore03349,W87L+L247V,-0.651,0.3784010410308838,0.3011261522769928,1.3786202669143677
4,540315,3FS6,MdrDBcore03350,Q35K+N64F,-1.702,0.5928109884262085,0.3011261522769928,1.3786202669143677
4,540315,2W3A,MdrDBcore03351,Q35K+N64F,0.14,-0.04395224153995514,0.3011261522769928,1.3786202669143677
4,540315,2W3A,MdrDBcore03352,Q35K+N64S,0.227,-0.04395221173763275,0.3011261522769928,1.3786202669143677
4,540315,2W3A,MdrDBcore03353,Q35S+N64F,0.13,-0.04395219683647156,0.3011261522769928,1.3786202669143677
4,540315,3FS6,MdrDBcore03354,Q35S+N64S,-0.74,0.5383721590042114,0.3011261522769928,1.3786202669143677
4,540315,2W3A,MdrDBcore03355,Q35S+N64S,0.097,-0.04395199939608574,0.3011261522769928,1.3786202669143677
4,540315,2V7A,MdrDBcore03356,I315T+E255V,0.61,0.34467804431915283,0.3011261522769928,1.3786202669143677
4,540315,2V7A,MdrDBcore03357,I315T+M351T,0.651,0.34467801451683044,0.3011261522769928,1.3786202669143677
4,540315,2ITY,MdrDBcore03358,G719S+T790M,0.48,-0.08575502038002014,0.3011261522769928,1.3786202669143677
4,540315,2H4N,MdrDBcore03359,H119D+N94H,4.201,0.48567381501197815,0.3011261522769928,1.3786202669143677
4,540315,2H4N,MdrDBcore03360,H119N+N94H,1.564,0.4702495038509369,0.3011261522769928,1.3786202669143677
4,540315,2H4N,MdrDBcore03361,H119Q+N94H,2.811,0.3853030204772949,0.3011261522769928,1.3786202669143677
4,540315,1AMW,MdrDBcore03362,E88G+N92L,0.676,0.28732991218566895,0.3011261522769928,1.3786202669143677
4,540315,1A4H,MdrDBcore03363,E88G+N92L,1.262,0.39353352785110474,0.3011261522769928,1.3786202669143677
4,540315,1AMW,MdrDBcore03364,K44R+K98N,0.71,0.19612553715705872,0.3011261522769928,1.3786202669143677
4,540315,1A4H,MdrDBcore03365,K44R+K98N,0.659,0.3745903968811035,0.3011261522769928,1.3786202669143677
4,540315,1AMW,MdrDBcore03366,L89V+L93I,1.321,0.27060383558273315,0.3011261522769928,1.3786202669143677
4,540315,1A4H,MdrDBcore03367,L89V+L93I,-0.522,0.36582374572753906,0.3011261522769928,1.3786202669143677
4,540315,1AMW,MdrDBcore03368,L89V+L93I+V136M,1.628,0.27060389518737793,0.3011261522769928,1.3786202669143677
4,540315,2VWC,MdrDBcore03369,L89V+L93I+V136M,0.512,0.4020969867706299,0.3011261522769928,1.3786202669143677
4,540315,1A4H,MdrDBcore03370,L89V+L93I+V136M,0.317,0.3658236861228943,0.3011261522769928,1.3786202669143677
4,540315,2AQU,MdrDBcore03371,D30N+L90M,0.821,0.4231506586074829,0.3011261522769928,1.3786202669143677
4,540315,2AQU,MdrDBcore03372,D30N+N88D,0.149,0.42315083742141724,0.3011261522769928,1.3786202669143677
4,540315,2AQU,MdrDBcore03373,D30N+N88D+L90M,0.986,0.4231507480144501,0.3011261522769928,1.3786202669143677
4,540315,2AQU,MdrDBcore03374,N88D+L90M,0.954,0.4092341959476471,0.3011261522769928,1.3786202669143677
4,540315,2Q64,MdrDBcore03375,A71V+N30D,-1.153,0.29058507084846497,0.3011261522769928,1.3786202669143677
4,540315,2Q64,MdrDBcore03376,L90M+N30D,-0.473,0.29058510065078735,0.3011261522769928,1.3786202669143677
4,540315,2Q64,MdrDBcore03377,N88D+N30D,-1.153,0.29058510065078735,0.3011261522769928,1.3786202669143677
4,540315,1SGU,MdrDBcore03378,V54I+M46I,-0.222,0.2614516317844391,0.3011261522769928,1.3786202669143677
4,540315,1SH9,MdrDBcore03379,V54I+M46I,-0.589,0.08350864052772522,0.3011261522769928,1.3786202669143677
4,540315,1SGU,MdrDBcore03380,V54I+V84I,-2.439,0.26213836669921875,0.3011261522769928,1.3786202669143677
4,540315,1SH9,MdrDBcore03381,V54I+V84I,-1.578,0.0693177580833435,0.3011261522769928,1.3786202669143677
4,540315,1SGU,MdrDBcore03382,V54I+V84I+M46I,-0.456,0.26213836669921875,0.3011261522769928,1.3786202669143677
4,540315,1SH9,MdrDBcore03383,V54I+V84I+M46I,-1.271,0.06931774318218231,0.3011261522769928,1.3786202669143677
4,540315,1QKU,MdrDBcore03384,C381S+C417S+C530S,0.749,0.6109086275100708,0.3011261522769928,1.3786202669143677
4,540315,1QKU,MdrDBcore03385,E339A+E419A+K531A,0.993,0.610908567905426,0.3011261522769928,1.3786202669143677
4,540315,1FKW,MdrDBcore03386,D296A+E295D,3.853,0.3355948030948639,0.3011261522769928,1.3786202669143677
4,540315,1FKW,MdrDBcore03387,D296N+E295D,3.007,0.3842253088951111,0.3011261522769928,1.3786202669143677
4,540315,1FKW,MdrDBcore03388,H238A+E295D,1.016,0.2912011444568634,0.3011261522769928,1.3786202669143677
4,540315,1FKW,MdrDBcore03389,H238R+E295D,0.443,0.26644185185432434,0.3011261522769928,1.3786202669143677
4,540315,2BPX,MdrDBcore03390,D30N+L90M,1.016,0.27868881821632385,0.3011261522769928,1.3786202669143677
4,540315,2BPX,MdrDBcore03391,D30N+N88D,0.796,0.2786887288093567,0.3011261522769928,1.3786202669143677
4,540315,2BPX,MdrDBcore03392,D30N+N88D+L90M,0.605,0.27868884801864624,0.3011261522769928,1.3786202669143677
4,540315,3BC4,MdrDBcore03393,I50V+V84I,1.309,0.4405770003795624,0.3011261522769928,1.3786202669143677
4,540315,2BPX,MdrDBcore03394,N88D+L90M,1.354,0.3038657605648041,0.3011261522769928,1.3786202669143677
4,540315,1OH0,MdrDBcore03395,L125A+V127A,0.999,0.5997944474220276,0.3011261522769928,1.3786202669143677
4,540315,1OH0,MdrDBcore03396,L125F+V127F,0.199,0.5997944474220276,0.3011261522769928,1.3786202669143677
4,540315,1OH0,MdrDBcore03397,W92A+L125A+V127A,0.641,0.5997943878173828,0.3011261522769928,1.3786202669143677
4,540315,2V5V,MdrDBcore03398,E16K+E57W,-1.245,0.618705689907074,0.3011261522769928,1.3786202669143677
4,540315,2V5V,MdrDBcore03399,I59A+I92A+E57W,-0.592,0.6150120496749878,0.3011261522769928,1.3786202669143677
4,540315,2V5V,MdrDBcore03400,I59E+I92E+E57W,-0.138,0.6150652766227722,0.3011261522769928,1.3786202669143677
4,540315,2V5V,MdrDBcore03401,T12K+E57W,0.372,0.6448628306388855,0.3011261522769928,1.3786202669143677
4,540315,1G6S,MdrDBcore03402,T97I+P101S,5.33,0.65635085105896,0.3011261522769928,1.3786202669143677
4,540315,1G6T,MdrDBcore03403,T97I+P101S,0.232,0.2895350754261017,0.3011261522769928,1.3786202669143677
4,540315,1OWB,MdrDBcore03404,H110A+L109R,1.708,0.6435894966125488,0.3011261522769928,1.3786202669143677
4,540315,1OWB,MdrDBcore03405,K167A+L109R,2.126,0.5843881964683533,0.3011261522769928,1.3786202669143677
4,540315,1OWB,MdrDBcore03406,N189A+L109R,1.997,0.5878555774688721,0.3011261522769928,1.3786202669143677
4,540315,1OWB,MdrDBcore03407,Q182A+L109R,1.191,0.6048006415367126,0.3011261522769928,1.3786202669143677
4,540315,1OWB,MdrDBcore03408,R163L+L109R,2.095,0.5961712598800659,0.3011261522769928,1.3786202669143677
4,540315,1OWB,MdrDBcore03409,T111A+L109R,1.656,0.578494131565094,0.3011261522769928,1.3786202669143677
4,540315,1OWB,MdrDBcore03410,T204A+L109R,1.999,0.6048009395599365,0.3011261522769928,1.3786202669143677
4,540315,1OWB,MdrDBcore03411,Y145A+L109R,3.639,0.5604075193405151,0.3011261522769928,1.3786202669143677
4,540315,3G0E,MdrDBcore03412,V560D+T670I,-0.211,-0.036633577197790146,0.3011261522769928,1.3786202669143677
4,540315,3EBS,MdrDBcore03413,S208I+G369S,0.942,0.5280572175979614,0.3011261522769928,1.3786202669143677
4,540315,3BKL,MdrDBcore03414,V379S+V380T,0.147,0.2674625813961029,0.3011261522769928,1.3786202669143677
4,540315,1J3I,MdrDBcore03415,A16C+S108T,-0.821,0.5155623555183411,0.3011261522769928,1.3786202669143677
4,540315,1J3I,MdrDBcore03416,A16G+S108T,-0.411,0.4327162802219391,0.3011261522769928,1.3786202669143677
4,540315,1J3I,MdrDBcore03417,A16S+S108T,0.0,0.4741002023220062,0.3011261522769928,1.3786202669143677
4,540315,1J3I,MdrDBcore03418,A16T+S108T,0.24,0.4751199781894684,0.3011261522769928,1.3786202669143677
4,540315,1J3I,MdrDBcore03419,A16V+S108T,0.332,0.48719194531440735,0.3011261522769928,1.3786202669143677
4,540315,1J3I,MdrDBcore03420,C59R+S108N,0.354,0.4268457889556885,0.3011261522769928,1.3786202669143677
4,540315,1J3I,MdrDBcore03421,N51I+C59R+S108N+I164L,0.719,0.41070759296417236,0.3011261522769928,1.3786202669143677
4,540315,2W9S,MdrDBcore03422,Y98F+A43G,-3.04,0.5737548470497131,0.3011261522769928,1.3786202669143677
4,540315,2W9S,MdrDBcore03423,Y98F+A43G,-2.797,0.5737549066543579,0.3011261522769928,1.3786202669143677
4,540315,2IS7,MdrDBcore03424,C298A+W219Y,-0.878,-0.2633715271949768,0.3011261522769928,1.3786202669143677
4,540315,2INZ,MdrDBcore03425,C298A+W219Y,1.311,0.20241880416870117,0.3011261522769928,1.3786202669143677
4,540315,2INE,MdrDBcore03426,C298A+W219Y,0.783,0.1064210832118988,0.3011261522769928,1.3786202669143677
4,540315,2PDK,MdrDBcore03427,L300P+M301L,-0.288,0.627693772315979,0.3011261522769928,1.3786202669143677
4,540315,2PZN,MdrDBcore03428,S302R+C303D,2.471,0.6904202699661255,0.3011261522769928,1.3786202669143677
4,540315,2PDG,MdrDBcore03429,S302R+C303D,2.735,0.4692838490009308,0.3011261522769928,1.3786202669143677
4,540315,1PWM,MdrDBcore03430,S302R+C303D,1.895,0.07297271490097046,0.3011261522769928,1.3786202669143677
4,540315,3AMA,MdrDBcore03431,Q95L+L120M+A123V,0.417,0.6360698938369751,0.3011261522769928,1.3786202669143677
4,540315,3AMB,MdrDBcore03432,Q95L+L120M+A123V,1.005,0.574108362197876,0.3011261522769928,1.3786202669143677
4,540315,3AMA,MdrDBcore03433,R47K+L120M+A123V,0.827,0.6360697746276855,0.3011261522769928,1.3786202669143677
4,540315,3AMB,MdrDBcore03434,R47K+L120M+A123V,1.037,0.5741084814071655,0.3011261522769928,1.3786202669143677
4,540315,3AMA,MdrDBcore03435,R47K+Q95L+A123V,0.417,0.6011097431182861,0.3011261522769928,1.3786202669143677
4,540315,3AMB,MdrDBcore03436,R47K+Q95L+A123V,0.713,0.5556091666221619,0.3011261522769928,1.3786202669143677
4,540315,3AMA,MdrDBcore03437,R47K+Q95L+L120M,0.875,0.6179594993591309,0.3011261522769928,1.3786202669143677
4,540315,3AMB,MdrDBcore03438,R47K+Q95L+L120M,-0.393,0.5582553148269653,0.3011261522769928,1.3786202669143677
4,540315,3AMA,MdrDBcore03439,R47K+Q95L+L120M+A123V,0.719,0.6360698342323303,0.3011261522769928,1.3786202669143677
4,540315,3AMB,MdrDBcore03440,R47K+Q95L+L120M+A123V,1.373,0.574108362197876,0.3011261522769928,1.3786202669143677
4,540315,2GMK,MdrDBcore03441,N89K+A91E,-0.364,0.2216891348361969,0.3011261522769928,1.3786202669143677
4,540315,2GMK,MdrDBcore03442,N89R+A91E,-0.256,0.26232436299324036,0.3011261522769928,1.3786202669143677
4,540315,3RY2,MdrDBcore03443,S52G+R53D,0.314,0.45705923438072205,0.3011261522769928,1.3786202669143677
4,540315,3RY2,MdrDBcore03444,S52G+R53S,0.0,0.4570591151714325,0.3011261522769928,1.3786202669143677
4,540315,3RY2,MdrDBcore03445,T90S+W108V+L110T+F29L+S52G+R53S,3.899,0.27856162190437317,0.3011261522769928,1.3786202669143677
4,540315,1GZ4,MdrDBcore03446,R197Q+R542V+R556Q,0.0,0.6426615715026855,0.3011261522769928,1.3786202669143677
4,540315,3CWK,MdrDBcore03447,L111R+E121L+V54T,-0.543,0.463699072599411,0.3011261522769928,1.3786202669143677
4,540315,1P6L,MdrDBcore03448,N368D+V106M,-2.454,-0.12324294447898865,0.3011261522769928,1.3786202669143677
4,540315,1P6N,MdrDBcore03449,N368D+V106M,-2.728,-0.18315427005290985,0.3011261522769928,1.3786202669143677
4,540315,1P6H,MdrDBcore03450,D597N+M336V,3.171,0.2956392168998718,0.3011261522769928,1.3786202669143677
4,540315,1P6J,MdrDBcore03451,D597N+M336V,3.579,0.33454251289367676,0.3011261522769928,1.3786202669143677
4,540315,3HU2,MdrDBcore03452,R53A+A86R,1.384,0.631835401058197,0.3011261522769928,1.3786202669143677
4,540315,1PZO,MdrDBcore03453,T182M+G238A,0.11,-0.009727507829666138,0.3011261522769928,1.3786202669143677
4,540315,3CKZ,MdrDBcore03454,N294S+Y274H,0.789,0.5209614634513855,0.3011261522769928,1.3786202669143677
4,540315,3CL2,MdrDBcore03455,S294N+Y252H,-3.968,-0.09298843145370483,0.3011261522769928,1.3786202669143677
4,540315,3CKZ,MdrDBcore03456,Y274H+Y252H,-0.272,0.5757592916488647,0.3011261522769928,1.3786202669143677
4,540315,2PH9,MdrDBcore03457,C190A+C191A,0.284,0.31416866183280945,0.3011261522769928,1.3786202669143677
4,540315,1MUI,MdrDBcore03458,D30N+L90M,0.821,0.2617347836494446,0.3011261522769928,1.3786202669143677
4,540315,1MUI,MdrDBcore03459,D30N+N88D+L90M,1.308,0.2617347538471222,0.3011261522769928,1.3786202669143677
4,540315,1MUI,MdrDBcore03460,N88D+L90M,0.184,0.27390509843826294,0.3011261522769928,1.3786202669143677
4,540315,2QEH,MdrDBcore03461,E7L+H35L,2.969,0.5874736905097961,0.3011261522769928,1.3786202669143677
4,540315,2PQL,MdrDBcore03462,E7L+H35L,-1.084,0.6115139722824097,0.3011261522769928,1.3786202669143677
4,540315,3AM3,MdrDBcore03463,M372A+K316A,0.181,-0.3509419858455658,0.3011261522769928,1.3786202669143677
4,540315,2JDN,MdrDBcore03464,S23A+A22S,1.758,0.45991554856300354,0.3011261522769928,1.3786202669143677
4,540315,1TPZ,MdrDBcore03465,L44R+S172R,-0.158,0.3607499599456787,0.3011261522769928,1.3786202669143677
4,540315,2DOR,MdrDBcore03466,K136E,-0.793,0.6380192041397095,0.3011261522769928,1.3786202669143677
4,540315,2DOR,MdrDBcore03467,K213E,0.826,0.7299156785011292,0.3011261522769928,1.3786202669143677
4,540315,2DOR,MdrDBcore03468,N127A,1.546,0.6530309319496155,0.3011261522769928,1.3786202669143677
4,540315,2DOR,MdrDBcore03469,N193A,3.55,0.5649199485778809,0.3011261522769928,1.3786202669143677
4,540315,2DOR,MdrDBcore03470,N67A,0.247,0.5768130421638489,0.3011261522769928,1.3786202669143677
4,540315,2DOR,MdrDBcore03471,P131A,0.191,0.6225795745849609,0.3011261522769928,1.3786202669143677
4,540315,2DOR,MdrDBcore03472,P56A,2.318,0.6380191445350647,0.3011261522769928,1.3786202669143677
4,540315,2DOR,MdrDBcore03473,R50E,0.684,0.6380192637443542,0.3011261522769928,1.3786202669143677
4,540315,2DOR,MdrDBcore03474,R57A,0.703,0.6380718946456909,0.3011261522769928,1.3786202669143677
4,540315,2DOR,MdrDBcore03475,S129A,0.678,0.6248232126235962,0.3011261522769928,1.3786202669143677
4,540315,2RDE,MdrDBcore03476,L135R,-0.669,0.5234988927841187,0.3011261522769928,1.3786202669143677
4,540315,3UM8,MdrDBcore03477,A16C,0.07,1.1734315156936646,0.3011261522769928,1.3786202669143677
4,540315,3UM8,MdrDBcore03478,A16G,0.732,0.8810039758682251,0.3011261522769928,1.3786202669143677
4,540315,3UM8,MdrDBcore03479,A16S,2.615,0.9548763632774353,0.3011261522769928,1.3786202669143677
4,540315,3UM8,MdrDBcore03480,S108N,1.241,0.9698067307472229,0.3011261522769928,1.3786202669143677
4,540315,3UM8,MdrDBcore03481,S108T,0.638,0.9147903323173523,0.3011261522769928,1.3786202669143677
4,540315,4B7J,MdrDBcore03482,H275Y,2.998,-0.37367042899131775,0.3011261522769928,1.3786202669143677
4,540315,4B7N,MdrDBcore03483,H275Y,0.513,0.07489210367202759,0.3011261522769928,1.3786202669143677
4,540315,4B7J,MdrDBcore03484,R223I,-2.297,-0.3581004738807678,0.3011261522769928,1.3786202669143677
4,540315,4B7N,MdrDBcore03485,R223I,-1.313,-0.0585695318877697,0.3011261522769928,1.3786202669143677
4,540315,2Q2A,MdrDBcore03486,E163Q,0.798,1.0915348529815674,0.3011261522769928,1.3786202669143677
4,540315,2Q2A,MdrDBcore03487,E35K,3.343,1.0738706588745117,0.3011261522769928,1.3786202669143677
4,540315,2Q2A,MdrDBcore03488,G168R,0.757,1.091534972190857,0.3011261522769928,1.3786202669143677
4,540315,2Q2A,MdrDBcore03489,G40A,0.379,1.0915348529815674,0.3011261522769928,1.3786202669143677
4,540315,2Q2A,MdrDBcore03490,K41E,0.527,1.0915347337722778,0.3011261522769928,1.3786202669143677
4,540315,2Q2A,MdrDBcore03491,N166C,0.757,1.0915347337722778,0.3011261522769928,1.3786202669143677
4,540315,2Q2A,MdrDBcore03492,Q132L,1.247,1.1212303638458252,0.3011261522769928,1.3786202669143677
4,540315,2R5Q,MdrDBcore03493,D30N,2.384,0.42452237010002136,0.3011261522769928,1.3786202669143677
4,540315,2R5Q,MdrDBcore03494,D30N,2.384,0.42452242970466614,0.3011261522769928,1.3786202669143677
4,540315,2R5P,MdrDBcore03495,D30N,0.68,0.2711588144302368,0.3011261522769928,1.3786202669143677
4,540315,2R5Q,MdrDBcore03496,L90M,0.388,0.3842678964138031,0.3011261522769928,1.3786202669143677
4,540315,2R5Q,MdrDBcore03497,L90M,0.388,0.3842678666114807,0.3011261522769928,1.3786202669143677
4,540315,2R5P,MdrDBcore03498,L90M,0.197,0.26140695810317993,0.3011261522769928,1.3786202669143677
4,540315,2R5Q,MdrDBcore03499,N88D,0.493,0.3842678964138031,0.3011261522769928,1.3786202669143677
4,540315,2R5Q,MdrDBcore03500,N88D,0.493,0.3842678666114807,0.3011261522769928,1.3786202669143677
4,540315,2R5P,MdrDBcore03501,N88D,1.176,0.2786475718021393,0.3011261522769928,1.3786202669143677
4,540315,2HDK,MdrDBcore03502,A318C,-0.072,-0.5104039311408997,0.3011261522769928,1.3786202669143677
4,540315,1VKJ,MdrDBcore03503,E90Q,-0.554,-0.2606850564479828,0.3011261522769928,1.3786202669143677
4,540315,1VKJ,MdrDBcore03504,K123A,-0.143,-0.31645938754081726,0.3011261522769928,1.3786202669143677
4,540315,1VKJ,MdrDBcore03505,R67E,0.149,-0.3136870563030243,0.3011261522769928,1.3786202669143677
4,540315,1VKJ,MdrDBcore03506,R72E,-0.587,-0.0977008119225502,0.3011261522769928,1.3786202669143677
4,540315,2OFW,MdrDBcore03507,H34N,-1.005,-0.5671065449714661,0.3011261522769928,1.3786202669143677
4,540315,2OFW,MdrDBcore03508,N27A,-0.917,-0.5671065449714661,0.3011261522769928,1.3786202669143677
4,540315,2OFW,MdrDBcore03509,Q31A,-0.889,-0.5692477822303772,0.3011261522769928,1.3786202669143677
4,540315,3I73,MdrDBcore03510,S238A,0.869,0.7852333784103394,0.3011261522769928,1.3786202669143677
4,540315,2JBZ,MdrDBcore03511,D111A,0.477,0.3281758427619934,0.3011261522769928,1.3786202669143677
4,540315,2JBZ,MdrDBcore03512,E57A,1.116,0.30850788950920105,0.3011261522769928,1.3786202669143677
4,540315,2JBZ,MdrDBcore03513,H110A,0.1,0.3325619399547577,0.3011261522769928,1.3786202669143677
4,540315,2JBZ,MdrDBcore03514,R15A,0.441,0.3483925461769104,0.3011261522769928,1.3786202669143677
4,540315,2VZM,MdrDBcore03515,E85Q,0.582,0.36103901267051697,0.3011261522769928,1.3786202669143677
4,540315,2VZ7,MdrDBcore03516,E85Q,1.401,0.6816477179527283,0.3011261522769928,1.3786202669143677
4,540315,2VZM,MdrDBcore03517,E94Q,0.955,0.36427411437034607,0.3011261522769928,1.3786202669143677
4,540315,2VZM,MdrDBcore03518,N50D,0.184,0.36626988649368286,0.3011261522769928,1.3786202669143677
4,540315,2VZ7,MdrDBcore03519,N50D,0.765,0.703808069229126,0.3011261522769928,1.3786202669143677
4,540315,1H0A,MdrDBcore03520,L6E,0.229,0.02398209646344185,0.3011261522769928,1.3786202669143677
4,540315,1H0A,MdrDBcore03521,L6Q,-0.108,0.023982230573892593,0.3011261522769928,1.3786202669143677
4,540315,1MPW,MdrDBcore03522,L244A,-0.132,0.2362864911556244,0.3011261522769928,1.3786202669143677
4,540315,1MPW,MdrDBcore03523,L247V,-0.783,0.30260688066482544,0.3011261522769928,1.3786202669143677
4,540315,1MPW,MdrDBcore03524,W87F,-0.452,0.18736113607883453,0.3011261522769928,1.3786202669143677
4,540315,1AKR,MdrDBcore03525,A61G,-0.728,0.9869752526283264,0.3011261522769928,1.3786202669143677
4,540315,1AKU,MdrDBcore03526,A95D,-0.786,0.1317853480577469,0.3011261522769928,1.3786202669143677
4,540315,1AKV,MdrDBcore03527,A95E,-0.812,0.6152650117874146,0.3011261522769928,1.3786202669143677
4,540315,1AKV,MdrDBcore03528,A95N,-0.288,0.7006357312202454,0.3011261522769928,1.3786202669143677
4,540315,1AKV,MdrDBcore03529,A95N,-0.377,0.7006361484527588,0.3011261522769928,1.3786202669143677
4,540315,1C7E,MdrDBcore03530,E95D,-0.383,0.718160092830658,0.3011261522769928,1.3786202669143677
4,540315,1AKW,MdrDBcore03531,L61G,-1.412,0.7682661414146423,0.3011261522769928,1.3786202669143677
4,540315,1AKT,MdrDBcore03532,N61G,-1.535,0.7126449346542358,0.3011261522769928,1.3786202669143677
4,540315,1HLD,MdrDBcore03533,F93A,1.679,-0.6213122606277466,0.3011261522769928,1.3786202669143677
4,540315,1N92,MdrDBcore03534,T178S,-0.471,0.2870195508003235,0.3011261522769928,1.3786202669143677
4,540315,1N92,MdrDBcore03535,T178V,1.26,0.29770326614379883,0.3011261522769928,1.3786202669143677
4,540315,1N92,MdrDBcore03536,V203A,-0.04,0.28371426463127136,0.3011261522769928,1.3786202669143677
4,540315,1N92,MdrDBcore03537,V292A,2.115,0.28956812620162964,0.3011261522769928,1.3786202669143677
4,540315,1N92,MdrDBcore03538,V292S,2.337,0.2772630453109741,0.3011261522769928,1.3786202669143677
4,540315,1N92,MdrDBcore03539,V292T,2.015,0.29250308871269226,0.3011261522769928,1.3786202669143677
4,540315,3EIG,MdrDBcore03540,E35Q,-1.747,0.10476778447628021,0.3011261522769928,1.3786202669143677
4,540315,1DLR,MdrDBcore03541,F22W,-0.288,0.6026341319084167,0.3011261522769928,1.3786202669143677
4,540315,1DLR,MdrDBcore03542,F22Y,1.991,0.6624502539634705,0.3011261522769928,1.3786202669143677
4,540315,3N0H,MdrDBcore03543,F64S,-0.103,0.34434372186660767,0.3011261522769928,1.3786202669143677
4,540315,3S3V,MdrDBcore03544,K35S,0.033,0.32775330543518066,0.3011261522769928,1.3786202669143677
4,540315,1U72,MdrDBcore03545,L22F,3.009,1.1257377862930298,0.3011261522769928,1.3786202669143677
4,540315,1U72,MdrDBcore03546,L22R,4.268,1.0222241878509521,0.3011261522769928,1.3786202669143677
4,540315,1U72,MdrDBcore03547,L22W,4.233,0.8999389410018921,0.3011261522769928,1.3786202669143677
4,540315,1U72,MdrDBcore03548,L22Y,4.783,1.0759869813919067,0.3011261522769928,1.3786202669143677
4,540315,3FS6,MdrDBcore03549,N64F,-2.245,1.264786958694458,0.3011261522769928,1.3786202669143677
4,540315,2W3A,MdrDBcore03550,N64F,0.303,0.504737138748169,0.3011261522769928,1.3786202669143677
4,540315,2W3A,MdrDBcore03551,N64F,-1.416,0.5047370195388794,0.3011261522769928,1.3786202669143677
4,540315,3FS6,MdrDBcore03552,N64S,-1.364,1.2846629619598389,0.3011261522769928,1.3786202669143677
4,540315,2W3A,MdrDBcore03553,N64S,0.199,0.4976440370082855,0.3011261522769928,1.3786202669143677
4,540315,2W3A,MdrDBcore03554,N64S,-1.015,0.49764391779899597,0.3011261522769928,1.3786202669143677
4,540315,3FS6,MdrDBcore03555,Q35K,-1.968,1.3651936054229736,0.3011261522769928,1.3786202669143677
4,540315,2W3A,MdrDBcore03556,Q35K,0.605,0.4684933125972748,0.3011261522769928,1.3786202669143677
4,540315,2W3A,MdrDBcore03557,Q35K,-1.577,0.4684934914112091,0.3011261522769928,1.3786202669143677
4,540315,3FS6,MdrDBcore03558,Q35S,0.249,1.3434864282608032,0.3011261522769928,1.3786202669143677
4,540315,2W3A,MdrDBcore03559,Q35S,-0.1,0.41855132579803467,0.3011261522769928,1.3786202669143677
4,540315,2W3A,MdrDBcore03560,Q35S,-0.655,0.41855135560035706,0.3011261522769928,1.3786202669143677
4,540315,3EIG,MdrDBcore03561,R31F,-3.603,0.044160883873701096,0.3011261522769928,1.3786202669143677
4,540315,3N0H,MdrDBcore03562,S35K,-0.033,0.2825162708759308,0.3011261522769928,1.3786202669143677
4,540315,2P4T,MdrDBcore03563,H67Q,1.997,0.5931745767593384,0.3011261522769928,1.3786202669143677
4,540315,3PCA,MdrDBcore03564,Y408C,1.853,0.1411132961511612,0.3011261522769928,1.3786202669143677
4,540315,3PCA,MdrDBcore03565,Y408H,1.628,0.08627176284790039,0.3011261522769928,1.3786202669143677
4,540315,1BF3,MdrDBcore03566,K42R,-0.821,0.8140311241149902,0.3011261522769928,1.3786202669143677
4,540315,1BF3,MdrDBcore03567,K42S,-0.108,0.8140310645103455,0.3011261522769928,1.3786202669143677
4,540315,1NJB,MdrDBcore03568,C229A,0.036,-0.1480453461408615,0.3011261522769928,1.3786202669143677
4,540315,1NJB,MdrDBcore03569,C229E,0.713,0.02707711234688759,0.3011261522769928,1.3786202669143677
4,540315,1NJB,MdrDBcore03570,C229G,-0.224,-0.15155836939811707,0.3011261522769928,1.3786202669143677
4,540315,1NJB,MdrDBcore03571,C229I,1.29,-0.09008131921291351,0.3011261522769928,1.3786202669143677
4,540315,1NJB,MdrDBcore03572,C229L,1.517,-0.0793227106332779,0.3011261522769928,1.3786202669143677
4,540315,1NJB,MdrDBcore03573,C229M,1.29,-0.04026862978935242,0.3011261522769928,1.3786202669143677
4,540315,1NJB,MdrDBcore03574,C229Q,-0.242,0.011037666350603104,0.3011261522769928,1.3786202669143677
4,540315,1NJB,MdrDBcore03575,C229S,-0.361,-0.14957471191883087,0.3011261522769928,1.3786202669143677
4,540315,1NJB,MdrDBcore03576,C229T,1.688,-0.1496989130973816,0.3011261522769928,1.3786202669143677
4,540315,1NJB,MdrDBcore03577,C229V,1.58,-0.12139242887496948,0.3011261522769928,1.3786202669143677
4,540315,1NJB,MdrDBcore03578,C229W,2.091,-0.013622164726257324,0.3011261522769928,1.3786202669143677
4,540315,1TSL,MdrDBcore03579,E60D,1.089,0.019526425749063492,0.3011261522769928,1.3786202669143677
4,540315,1TSM,MdrDBcore03580,E60D,-0.543,0.12650179862976074,0.3011261522769928,1.3786202669143677
4,540315,1NJE,MdrDBcore03581,N229A,-3.612,0.14162512123584747,0.3011261522769928,1.3786202669143677
4,540315,1THY,MdrDBcore03582,N229A,0.888,0.413859099149704,0.3011261522769928,1.3786202669143677
4,540315,1NJE,MdrDBcore03583,N229C,-3.61,0.21232309937477112,0.3011261522769928,1.3786202669143677
4,540315,1THY,MdrDBcore03584,N229C,0.852,0.5576097369194031,0.3011261522769928,1.3786202669143677
4,540315,1NJE,MdrDBcore03585,N229D,-2.086,0.21038603782653809,0.3011261522769928,1.3786202669143677
4,540315,1NJE,MdrDBcore03586,N229E,-1.22,0.2248537838459015,0.3011261522769928,1.3786202669143677
4,540315,1NJE,MdrDBcore03587,N229G,-3.37,0.09405627846717834,0.3011261522769928,1.3786202669143677
4,540315,1THY,MdrDBcore03588,N229G,0.477,0.403825581073761,0.3011261522769928,1.3786202669143677
4,540315,1NJE,MdrDBcore03589,N229I,-2.015,0.13103969395160675,0.3011261522769928,1.3786202669143677
4,540315,1THY,MdrDBcore03590,N229I,2.011,0.4921160042285919,0.3011261522769928,1.3786202669143677
4,540315,1NJE,MdrDBcore03591,N229L,-2.328,0.15002232789993286,0.3011261522769928,1.3786202669143677
4,540315,1NJE,MdrDBcore03592,N229M,-3.527,0.21271675825119019,0.3011261522769928,1.3786202669143677
4,540315,1NJE,MdrDBcore03593,N229Q,0.329,0.2238987684249878,0.3011261522769928,1.3786202669143677
4,540315,1NJE,MdrDBcore03594,N229S,-3.55,0.11493824422359467,0.3011261522769928,1.3786202669143677
4,540315,1THY,MdrDBcore03595,N229S,0.491,0.44096317887306213,0.3011261522769928,1.3786202669143677
4,540315,1NJE,MdrDBcore03596,N229T,-3.82,0.11496761441230774,0.3011261522769928,1.3786202669143677
4,540315,1NJE,MdrDBcore03597,N229V,-2.104,0.11300249397754669,0.3011261522769928,1.3786202669143677
4,540315,1NJE,MdrDBcore03598,N229W,-1.449,0.18609122931957245,0.3011261522769928,1.3786202669143677
4,540315,2TDM,MdrDBcore03599,R179A,2.596,0.08683951199054718,0.3011261522769928,1.3786202669143677
4,540315,2TDM,MdrDBcore03600,R179K,2.374,0.08683940768241882,0.3011261522769928,1.3786202669143677
4,540315,1TSL,MdrDBcore03601,V316A,1.731,0.014757055789232254,0.3011261522769928,1.3786202669143677
4,540315,1TSM,MdrDBcore03602,V316A,1.52,0.12650176882743835,0.3011261522769928,1.3786202669143677
4,540315,1TSL,MdrDBcore03603,W82Y,0.211,0.019526373594999313,0.3011261522769928,1.3786202669143677
4,540315,2ITY,MdrDBcore03604,G719S,0.48,-0.1897525042295456,0.3011261522769928,1.3786202669143677
4,540315,1CNQ,MdrDBcore03605,A54L,-0.145,-0.3796983063220978,0.3011261522769928,1.3786202669143677
4,540315,1YYZ,MdrDBcore03606,L54A,-5.046,0.5209221243858337,0.3011261522769928,1.3786202669143677
4,540315,1OSS,MdrDBcore03607,P190A,-0.299,-0.39731889963150024,0.3011261522769928,1.3786202669143677
4,540315,1OSS,MdrDBcore03608,P190S,-0.728,-0.3905114233493805,0.3011261522769928,1.3786202669143677
4,540315,1OSS,MdrDBcore03609,P190T,-1.069,-0.42673367261886597,0.3011261522769928,1.3786202669143677
4,540315,1OSS,MdrDBcore03610,P190V,1.473,-0.406442254781723,0.3011261522769928,1.3786202669143677
4,540315,2H4N,MdrDBcore03611,N94C,6.056,0.5054506659507751,0.3011261522769928,1.3786202669143677
4,540315,2H4N,MdrDBcore03612,N94D,6.842,0.4384775757789612,0.3011261522769928,1.3786202669143677
4,540315,2H4N,MdrDBcore03613,N94E,7.431,0.4966460168361664,0.3011261522769928,1.3786202669143677
4,540315,2H4N,MdrDBcore03614,N94Q,2.861,0.46648290753364563,0.3011261522769928,1.3786202669143677
4,540315,1TPH,MdrDBcore03615,S96P,1.572,0.7140877842903137,0.3011261522769928,1.3786202669143677
4,540315,1OGZ,MdrDBcore03616,A39G,-0.143,0.4823285639286041,0.3011261522769928,1.3786202669143677
4,540315,2JGS,MdrDBcore03617,M76N,-1.684,-0.3531031906604767,0.3011261522769928,1.3786202669143677
4,540315,1HK1,MdrDBcore03618,R218H,-0.726,-0.576704740524292,0.3011261522769928,1.3786202669143677
4,540315,1HK1,MdrDBcore03619,R218P,-1.292,-0.5383478999137878,0.3011261522769928,1.3786202669143677
4,540315,1AMW,MdrDBcore03620,E88G,0.076,0.26626983284950256,0.3011261522769928,1.3786202669143677
4,540315,1A4H,MdrDBcore03621,E88G,-0.113,0.20229008793830872,0.3011261522769928,1.3786202669143677
4,540315,1AMW,MdrDBcore03622,K44R,0.229,0.23422637581825256,0.3011261522769928,1.3786202669143677
4,540315,1A4H,MdrDBcore03623,K44R,0.245,0.38411280512809753,0.3011261522769928,1.3786202669143677
4,540315,1AMW,MdrDBcore03624,K98N,0.65,0.26068204641342163,0.3011261522769928,1.3786202669143677
4,540315,1A4H,MdrDBcore03625,K98N,-0.362,0.12994717061519623,0.3011261522769928,1.3786202669143677
4,540315,1AMW,MdrDBcore03626,L89V,0.58,0.26626983284950256,0.3011261522769928,1.3786202669143677
4,540315,1A4H,MdrDBcore03627,L89V,-0.95,0.15209506452083588,0.3011261522769928,1.3786202669143677
4,540315,1AMW,MdrDBcore03628,L93I,0.527,0.27060380578041077,0.3011261522769928,1.3786202669143677
4,540315,1A4H,MdrDBcore03629,L93I,-0.742,0.1254774034023285,0.3011261522769928,1.3786202669143677
4,540315,1AMW,MdrDBcore03630,N92L,0.654,0.2873300015926361,0.3011261522769928,1.3786202669143677
4,540315,1A4H,MdrDBcore03631,N92L,0.19,0.20434162020683289,0.3011261522769928,1.3786202669143677
4,540315,1AMW,MdrDBcore03632,V136M,1.221,0.27362731099128723,0.3011261522769928,1.3786202669143677
4,540315,2VWC,MdrDBcore03633,V136M,0.399,0.6048455238342285,0.3011261522769928,1.3786202669143677
4,540315,1A4H,MdrDBcore03634,V136M,0.487,0.2504223883152008,0.3011261522769928,1.3786202669143677
4,540315,1E2K,MdrDBcore03635,Y101F,0.893,0.45288434624671936,0.3011261522769928,1.3786202669143677
4,540315,2AQU,MdrDBcore03636,D30N,0.622,0.8115774989128113,0.3011261522769928,1.3786202669143677
4,540315,2AQU,MdrDBcore03637,D30N,0.622,0.811577558517456,0.3011261522769928,1.3786202669143677
4,540315,1GNO,MdrDBcore03638,G48H,1.057,0.2823273837566376,0.3011261522769928,1.3786202669143677
4,540315,3TKW,MdrDBcore03639,G48V,2.001,0.5822414755821228,0.3011261522769928,1.3786202669143677
4,540315,3TKW,MdrDBcore03640,I50V,2.035,0.5901726484298706,0.3011261522769928,1.3786202669143677
4,540315,3NU3,MdrDBcore03641,I50V,2.015,0.5407773852348328,0.3011261522769928,1.3786202669143677
4,540315,3TKW,MdrDBcore03642,I54M,0.601,0.39102044701576233,0.3011261522769928,1.3786202669143677
4,540315,3NU3,MdrDBcore03643,I54M,0.713,0.5695175528526306,0.3011261522769928,1.3786202669143677
4,540315,3TKW,MdrDBcore03644,I54V,1.276,0.39102041721343994,0.3011261522769928,1.3786202669143677
4,540315,3NU3,MdrDBcore03645,I54V,0.596,0.5695176124572754,0.3011261522769928,1.3786202669143677
4,540315,3NU3,MdrDBcore03646,I84V,1.062,0.5339469313621521,0.3011261522769928,1.3786202669143677
4,540315,1RTD,MdrDBcore03647,K65A,1.02,0.5020169615745544,0.3011261522769928,1.3786202669143677
4,540315,1RTD,MdrDBcore03648,K65R,0.118,0.5780106782913208,0.3011261522769928,1.3786202669143677
4,540315,3NU3,MdrDBcore03649,L90M,0.038,0.5695176720619202,0.3011261522769928,1.3786202669143677
4,540315,2AQU,MdrDBcore03650,L90M,0.526,0.8223105669021606,0.3011261522769928,1.3786202669143677
4,540315,2AQU,MdrDBcore03651,L90M,0.526,0.8223106861114502,0.3011261522769928,1.3786202669143677
4,540315,2AQU,MdrDBcore03652,N88D,0.651,0.8223108053207397,0.3011261522769928,1.3786202669143677
4,540315,2AQU,MdrDBcore03653,N88D,0.651,0.8223106265068054,0.3011261522769928,1.3786202669143677
4,540315,1RTD,MdrDBcore03654,R72A,1.374,0.8038795590400696,0.3011261522769928,1.3786202669143677
4,540315,3NU3,MdrDBcore03655,V32I,1.364,0.5697287321090698,0.3011261522769928,1.3786202669143677
4,540315,1GNO,MdrDBcore03656,V82D,1.974,0.3067169487476349,0.3011261522769928,1.3786202669143677
4,540315,1GNO,MdrDBcore03657,V82N,2.757,0.25632983446121216,0.3011261522769928,1.3786202669143677
4,540315,2Q64,MdrDBcore03658,A71V,0.954,0.48339542746543884,0.3011261522769928,1.3786202669143677
4,540315,2Q64,MdrDBcore03659,A71V,0.954,0.48339542746543884,0.3011261522769928,1.3786202669143677
4,540315,2Z4O,MdrDBcore03660,D30N,1.68,0.3750734031200409,0.3011261522769928,1.3786202669143677
4,540315,2Z4O,MdrDBcore03661,I50V,1.215,0.3546608090400696,0.3011261522769928,1.3786202669143677
4,540315,2ZGA,MdrDBcore03662,I50V,1.955,0.3183446526527405,0.3011261522769928,1.3786202669143677
4,540315,2IEN,MdrDBcore03663,I84V,0.689,0.0358879454433918,0.3011261522769928,1.3786202669143677
4,540315,2Z4O,MdrDBcore03664,I84V,0.679,0.38537755608558655,0.3011261522769928,1.3786202669143677
4,540315,2ZGA,MdrDBcore03665,I84V,0.815,0.2725009024143219,0.3011261522769928,1.3786202669143677
4,540315,2Q64,MdrDBcore03666,L90M,1.159,0.48339542746543884,0.3011261522769928,1.3786202669143677
4,540315,2Q64,MdrDBcore03667,L90M,1.159,0.48339536786079407,0.3011261522769928,1.3786202669143677
4,540315,1SDT,MdrDBcore03668,L90M,-1.089,0.24711206555366516,0.3011261522769928,1.3786202669143677
4,540315,1SGU,MdrDBcore03669,M46I,-1.577,0.3226756751537323,0.3011261522769928,1.3786202669143677
4,540315,1SH9,MdrDBcore03670,M46I,-0.238,0.18263426423072815,0.3011261522769928,1.3786202669143677
4,540315,1SH9,MdrDBcore03671,M46I,-0.238,0.1826343685388565,0.3011261522769928,1.3786202669143677
4,540315,2Q64,MdrDBcore03672,N30D,-1.775,0.48323044180870056,0.3011261522769928,1.3786202669143677
4,540315,2Q64,MdrDBcore03673,N88D,1.513,0.48339536786079407,0.3011261522769928,1.3786202669143677
4,540315,2Q64,MdrDBcore03674,N88D,1.513,0.48339536786079407,0.3011261522769928,1.3786202669143677
4,540315,2R43,MdrDBcore03675,V50I,-0.776,-0.1771508753299713,0.3011261522769928,1.3786202669143677
4,540315,2R3T,MdrDBcore03676,V50I,-0.997,0.21562770009040833,0.3011261522769928,1.3786202669143677
4,540315,1SGU,MdrDBcore03677,V54I,-1.572,0.3094555139541626,0.3011261522769928,1.3786202669143677
4,540315,1SH9,MdrDBcore03678,V54I,-0.589,0.18149825930595398,0.3011261522769928,1.3786202669143677
4,540315,1SH9,MdrDBcore03679,V54I,-1.026,0.181498184800148,0.3011261522769928,1.3786202669143677
4,540315,2IEN,MdrDBcore03680,V82A,0.155,0.3166014850139618,0.3011261522769928,1.3786202669143677
4,540315,2Z4O,MdrDBcore03681,V82A,0.644,0.401644229888916,0.3011261522769928,1.3786202669143677
4,540315,1NH0,MdrDBcore03682,V82A,-0.292,0.6006017923355103,0.3011261522769928,1.3786202669143677
4,540315,1SDT,MdrDBcore03683,V82A,0.717,0.24167433381080627,0.3011261522769928,1.3786202669143677
4,540315,2R3W,MdrDBcore03684,V84I,0.442,0.6751618981361389,0.3011261522769928,1.3786202669143677
4,540315,2R38,MdrDBcore03685,V84I,2.536,0.960709273815155,0.3011261522769928,1.3786202669143677
4,540315,1SGU,MdrDBcore03686,V84I,-1.401,0.296321839094162,0.3011261522769928,1.3786202669143677
4,540315,1SH9,MdrDBcore03687,V84I,-1.026,0.17587552964687347,0.3011261522769928,1.3786202669143677
4,540315,1SH9,MdrDBcore03688,V84I,-1.271,0.1758754998445511,0.3011261522769928,1.3786202669143677
4,540315,1KDK,MdrDBcore03689,H136Q,0.17,0.25321611762046814,0.3011261522769928,1.3786202669143677
4,540315,1KDK,MdrDBcore03690,K134A,0.341,0.29684680700302124,0.3011261522769928,1.3786202669143677
4,540315,1KDK,MdrDBcore03691,L131G,1.651,0.4125725328922272,0.3011261522769928,1.3786202669143677
4,540315,1KDK,MdrDBcore03692,P130G,0.218,0.2532159388065338,0.3011261522769928,1.3786202669143677
4,540315,1KDK,MdrDBcore03693,P137G,0.062,0.25321587920188904,0.3011261522769928,1.3786202669143677
4,540315,1BWB,MdrDBcore03694,F82V,-1.589,0.30498799681663513,0.3011261522769928,1.3786202669143677
4,540315,1BWB,MdrDBcore03695,V84I,-2.566,0.3307994306087494,0.3011261522769928,1.3786202669143677
4,540315,2BPX,MdrDBcore03696,D30N,0.979,0.2786887586116791,0.3011261522769928,1.3786202669143677
4,540315,2AOD,MdrDBcore03697,I84V,1.061,-0.1247510015964508,0.3011261522769928,1.3786202669143677
4,540315,2BPX,MdrDBcore03698,L90M,0.605,0.3038656711578369,0.3011261522769928,1.3786202669143677
4,540315,2BPX,MdrDBcore03699,N88D,1.01,0.30386561155319214,0.3011261522769928,1.3786202669143677
4,540315,2AOD,MdrDBcore03700,V82A,-0.835,-0.12175357341766357,0.3011261522769928,1.3786202669143677
4,540315,3BC4,MdrDBcore03701,V84I,0.884,0.8083169460296631,0.3011261522769928,1.3786202669143677
4,540315,2J27,MdrDBcore03702,A168P,-0.821,-0.12545503675937653,0.3011261522769928,1.3786202669143677
4,540315,2V2C,MdrDBcore03703,L178A,-1.217,-0.16918423771858215,0.3011261522769928,1.3786202669143677
4,540315,3E6K,MdrDBcore03704,A183D,-4.292,0.49804678559303284,0.3011261522769928,1.3786202669143677
4,540315,3E6V,MdrDBcore03705,N183D,-2.003,-0.8304117918014526,0.3011261522769928,1.3786202669143677
4,540315,3DT4,MdrDBcore03706,A467G,-4.914,1.1255078315734863,0.3011261522769928,1.3786202669143677
4,540315,3DTB,MdrDBcore03707,A467G,1.019,1.2218449115753174,0.3011261522769928,1.3786202669143677
4,540315,3DT7,MdrDBcore03708,A467G,-1.118,1.320278286933899,0.3011261522769928,1.3786202669143677
4,540315,1OH0,MdrDBcore03709,W92A,0.467,0.33857059478759766,0.3011261522769928,1.3786202669143677
4,540315,3E9B,MdrDBcore03710,A135S,-2.123,-0.9185193777084351,0.3011261522769928,1.3786202669143677
4,540315,3E9B,MdrDBcore03711,A135T,-1.434,-0.9179130792617798,0.3011261522769928,1.3786202669143677
4,540315,1K3L,MdrDBcore03712,I219A,1.731,0.6420658826828003,0.3011261522769928,1.3786202669143677
4,540315,3E2Q,MdrDBcore03713,S540A,0.29,0.9066511392593384,0.3011261522769928,1.3786202669143677
4,540315,3E2S,MdrDBcore03714,S540A,0.977,0.9351418614387512,0.3011261522769928,1.3786202669143677
4,540315,3E2R,MdrDBcore03715,S540A,0.984,0.6366550326347351,0.3011261522769928,1.3786202669143677
4,540315,3E2Q,MdrDBcore03716,S540Y,0.814,0.6508790254592896,0.3011261522769928,1.3786202669143677
4,540315,3E2R,MdrDBcore03717,S540Y,-1.708,0.7935646772384644,0.3011261522769928,1.3786202669143677
4,540315,3FRE,MdrDBcore03718,F98Y,3.051,1.094174861907959,0.3011261522769928,1.3786202669143677
4,540315,3I8A,MdrDBcore03719,N30H,-0.531,0.9274551272392273,0.3011261522769928,1.3786202669143677
4,540315,2V5V,MdrDBcore03720,E57K,0.441,0.8910078406333923,0.3011261522769928,1.3786202669143677
4,540315,2V5V,MdrDBcore03721,E57R,0.404,0.7560315132141113,0.3011261522769928,1.3786202669143677
4,540315,2V5V,MdrDBcore03722,E57W,-0.821,0.9667274355888367,0.3011261522769928,1.3786202669143677
4,540315,1FLV,MdrDBcore03723,W57A,2.24,0.9412700533866882,0.3011261522769928,1.3786202669143677
4,540315,1FLV,MdrDBcore03724,W57F,2.054,1.0301504135131836,0.3011261522769928,1.3786202669143677
4,540315,1FLV,MdrDBcore03725,W57L,1.927,0.9534757733345032,0.3011261522769928,1.3786202669143677
4,540315,1FLV,MdrDBcore03726,W57Y,1.516,1.001814842224121,0.3011261522769928,1.3786202669143677
4,540315,1FLV,MdrDBcore03727,Y94A,3.963,0.9704174399375916,0.3011261522769928,1.3786202669143677
4,540315,1FLV,MdrDBcore03728,Y94F,0.821,0.9962778687477112,0.3011261522769928,1.3786202669143677
4,540315,1FLV,MdrDBcore03729,Y94W,1.514,1.0173752307891846,0.3011261522769928,1.3786202669143677
4,540315,2QFU,MdrDBcore03730,L101P,-3.025,0.3912788927555084,0.3011261522769928,1.3786202669143677
4,540315,2QFQ,MdrDBcore03731,L101P,-0.303,0.2142009437084198,0.3011261522769928,1.3786202669143677
4,540315,1G6S,MdrDBcore03732,P101S,1.364,0.4839830696582794,0.3011261522769928,1.3786202669143677
4,540315,1G6T,MdrDBcore03733,P101S,0.232,0.2156442403793335,0.3011261522769928,1.3786202669143677
4,540315,2QFT,MdrDBcore03734,S101A,0.734,0.34173646569252014,0.3011261522769928,1.3786202669143677
4,540315,2QFS,MdrDBcore03735,S101A,-0.17,0.11126679182052612,0.3011261522769928,1.3786202669143677
4,540315,2QFT,MdrDBcore03736,S101G,0.462,0.3417365252971649,0.3011261522769928,1.3786202669143677
4,540315,2QFS,MdrDBcore03737,S101G,-0.17,0.11126668751239777,0.3011261522769928,1.3786202669143677
4,540315,2QFT,MdrDBcore03738,S101P,-1.553,0.688076376914978,0.3011261522769928,1.3786202669143677
4,540315,2QFS,MdrDBcore03739,S101P,-0.17,0.11052495241165161,0.3011261522769928,1.3786202669143677
4,540315,1G6S,MdrDBcore03740,T97I,3.379,0.41411757469177246,0.3011261522769928,1.3786202669143677
4,540315,1G6T,MdrDBcore03741,T97I,0.28,0.22274628281593323,0.3011261522769928,1.3786202669143677
4,540315,1EGH,MdrDBcore03742,H98N,0.631,-0.21329104900360107,0.3011261522769928,1.3786202669143677
4,540315,1OWB,MdrDBcore03743,L109R,0.191,-0.481357216835022,0.3011261522769928,1.3786202669143677
4,540315,1Z95,MdrDBcore03744,L741W,0.383,0.04812454804778099,0.3011261522769928,1.3786202669143677
4,540315,2AMA,MdrDBcore03745,W741L,2.193,0.7934397459030151,0.3011261522769928,1.3786202669143677
4,540315,1WDR,MdrDBcore03746,S342T,0.603,0.22104212641716003,0.3011261522769928,1.3786202669143677
4,540315,1WDQ,MdrDBcore03747,V342T,-0.127,-0.05061669275164604,0.3011261522769928,1.3786202669143677
4,540315,3G0E,MdrDBcore03748,D816H,0.056,0.017284143716096878,0.3011261522769928,1.3786202669143677
4,540315,3G0E,MdrDBcore03749,D816V,-0.255,0.017284173518419266,0.3011261522769928,1.3786202669143677
4,540315,3G0E,MdrDBcore03750,V560D,-0.897,0.017284173518419266,0.3011261522769928,1.3786202669143677
4,540315,2OBF,MdrDBcore03751,A57K,1.971,1.4063720703125,0.3011261522769928,1.3786202669143677
4,540315,1N7J,MdrDBcore03752,D267A,4.398,1.7154217958450317,0.3011261522769928,1.3786202669143677
4,540315,1N7I,MdrDBcore03753,D267A,2.902,1.5068343877792358,0.3011261522769928,1.3786202669143677
4,540315,1YZ3,MdrDBcore03754,D267A,3.832,0.08451449871063232,0.3011261522769928,1.3786202669143677
4,540315,1HNN,MdrDBcore03755,D267A,4.676,1.0558829307556152,0.3011261522769928,1.3786202669143677
4,540315,1N7J,MdrDBcore03756,E219A,3.616,1.3766480684280396,0.3011261522769928,1.3786202669143677
4,540315,1N7I,MdrDBcore03757,E219A,3.889,1.2143923044204712,0.3011261522769928,1.3786202669143677
4,540315,1YZ3,MdrDBcore03758,E219A,4.022,-0.0020497478544712067,0.3011261522769928,1.3786202669143677
4,540315,1HNN,MdrDBcore03759,E219A,4.362,1.6020543575286865,0.3011261522769928,1.3786202669143677
4,540315,2G72,MdrDBcore03760,K57A,-3.06,1.571634292602539,0.3011261522769928,1.3786202669143677
4,540315,2G71,MdrDBcore03761,K57A,-0.428,1.1106945276260376,0.3011261522769928,1.3786202669143677
4,540315,2G70,MdrDBcore03762,K57A,1.27,0.8894588351249695,0.3011261522769928,1.3786202669143677
4,540315,1N7J,MdrDBcore03763,K57A,1.729,1.6731959581375122,0.3011261522769928,1.3786202669143677
4,540315,1N7I,MdrDBcore03764,K57A,1.792,1.2970911264419556,0.3011261522769928,1.3786202669143677
4,540315,1YZ3,MdrDBcore03765,K57A,1.682,0.18773329257965088,0.3011261522769928,1.3786202669143677
4,540315,1HNN,MdrDBcore03766,K57A,2.401,1.5665459632873535,0.3011261522769928,1.3786202669143677
4,540315,2ONY,MdrDBcore03767,K57A,-3.013,0.41128748655319214,0.3011261522769928,1.3786202669143677
4,540315,1N7J,MdrDBcore03768,V53A,0.698,1.4876978397369385,0.3011261522769928,1.3786202669143677
4,540315,1N7I,MdrDBcore03769,V53A,0.967,1.2844676971435547,0.3011261522769928,1.3786202669143677
4,540315,1YZ3,MdrDBcore03770,V53A,1.485,0.21158358454704285,0.3011261522769928,1.3786202669143677
4,540315,1HNN,MdrDBcore03771,V53A,0.973,1.6671783924102783,0.3011261522769928,1.3786202669143677
4,540315,2II4,MdrDBcore03772,D288A,0.869,0.15701888501644135,0.3011261522769928,1.3786202669143677
4,540315,2II4,MdrDBcore03773,K252N,0.77,0.15745992958545685,0.3011261522769928,1.3786202669143677
4,540315,2II4,MdrDBcore03774,L293A,1.256,0.1458747386932373,0.3011261522769928,1.3786202669143677
4,540315,2II4,MdrDBcore03775,R230G,1.344,0.15108966827392578,0.3011261522769928,1.3786202669143677
4,540315,2II4,MdrDBcore03776,R240C,0.657,0.15746016800403595,0.3011261522769928,1.3786202669143677
4,540315,3EBS,MdrDBcore03777,G369S,0.651,0.9122545123100281,0.3011261522769928,1.3786202669143677
4,540315,3EBS,MdrDBcore03778,S208I,-0.284,0.9677057862281799,0.3011261522769928,1.3786202669143677
4,540315,1QY1,MdrDBcore03779,Y120F,1.121,0.5708602070808411,0.3011261522769928,1.3786202669143677
4,540315,1OGG,MdrDBcore03780,N142D,-2.318,0.3338092267513275,0.3011261522769928,1.3786202669143677
4,540315,1V11,MdrDBcore03781,A287R,-2.478,0.7958810925483704,0.3011261522769928,1.3786202669143677
4,540315,1U5B,MdrDBcore03782,S292D,1.912,0.3348578214645386,0.3011261522769928,1.3786202669143677
4,540315,1U5B,MdrDBcore03783,S292E,2.069,0.3218710124492645,0.3011261522769928,1.3786202669143677
4,540315,1U5B,MdrDBcore03784,S292N,2.089,0.32187098264694214,0.3011261522769928,1.3786202669143677
4,540315,1U5B,MdrDBcore03785,S292Q,2.156,0.3218710124492645,0.3011261522769928,1.3786202669143677
4,540315,3BKL,MdrDBcore03786,D453E,-0.056,0.21387585997581482,0.3011261522769928,1.3786202669143677
4,540315,3BKK,MdrDBcore03787,E376D,0.629,0.15703381597995758,0.3011261522769928,1.3786202669143677
4,540315,3BKL,MdrDBcore03788,E376D,0.731,0.212725430727005,0.3011261522769928,1.3786202669143677
4,540315,3BKL,MdrDBcore03789,E403R,-0.616,0.2181115746498108,0.3011261522769928,1.3786202669143677
4,540315,3BKK,MdrDBcore03790,F391Y,0.917,0.15063227713108063,0.3011261522769928,1.3786202669143677
4,540315,3BKL,MdrDBcore03791,F391Y,1.153,0.21096324920654297,0.3011261522769928,1.3786202669143677
4,540315,3BKL,MdrDBcore03792,S516N,-0.185,0.21773475408554077,0.3011261522769928,1.3786202669143677
4,540315,3BKL,MdrDBcore03793,T282S,0.18,0.2076367437839508,0.3011261522769928,1.3786202669143677
4,540315,3BKK,MdrDBcore03794,V379S,-0.014,0.15703372657299042,0.3011261522769928,1.3786202669143677
4,540315,3BKL,MdrDBcore03795,V379S,-1.399,0.20498257875442505,0.3011261522769928,1.3786202669143677
4,540315,3BKK,MdrDBcore03796,V380T,0.491,0.16235637664794922,0.3011261522769928,1.3786202669143677
4,540315,3BKL,MdrDBcore03797,V380T,0.807,0.21404674649238586,0.3011261522769928,1.3786202669143677
4,540315,3BKK,MdrDBcore03798,V518T,1.826,0.15127098560333252,0.3011261522769928,1.3786202669143677
4,540315,3BKL,MdrDBcore03799,V518T,1.578,0.2085305154323578,0.3011261522769928,1.3786202669143677
4,540315,3QGT,MdrDBcore03800,A16C,0.17,0.9926527142524719,0.3011261522769928,1.3786202669143677
4,540315,3QGT,MdrDBcore03801,A16G,0.502,0.8970643281936646,0.3011261522769928,1.3786202669143677
4,540315,3QGT,MdrDBcore03802,A16S,1.775,0.9471625685691833,0.3011261522769928,1.3786202669143677
4,540315,3QGT,MdrDBcore03803,S108N,1.866,0.9708945155143738,0.3011261522769928,1.3786202669143677
4,540315,3QGT,MdrDBcore03804,S108T,0.0,0.9250220060348511,0.3011261522769928,1.3786202669143677
4,540315,1JPZ,MdrDBcore03805,A328V,-1.162,0.928080141544342,0.3011261522769928,1.3786202669143677
4,540315,2INZ,MdrDBcore03806,C298A,0.974,0.8365209102630615,0.3011261522769928,1.3786202669143677
4,540315,2INE,MdrDBcore03807,C298A,0.681,0.9218294620513916,0.3011261522769928,1.3786202669143677
4,540315,2PZN,MdrDBcore03808,C303D,2.471,1.4294941425323486,0.3011261522769928,1.3786202669143677
4,540315,2PDG,MdrDBcore03809,C303D,2.399,1.6286574602127075,0.3011261522769928,1.3786202669143677
4,540315,1PWM,MdrDBcore03810,C303D,1.032,1.0473289489746094,0.3011261522769928,1.3786202669143677
4,540315,2PZN,MdrDBcore03811,F121P,1.104,1.4609614610671997,0.3011261522769928,1.3786202669143677
4,540315,2PDG,MdrDBcore03812,F121P,0.528,1.4210395812988281,0.3011261522769928,1.3786202669143677
4,540315,1PWM,MdrDBcore03813,F121P,0.288,1.0341501235961914,0.3011261522769928,1.3786202669143677
4,540315,2PZN,MdrDBcore03814,L300A,0.456,1.3701565265655518,0.3011261522769928,1.3786202669143677
4,540315,2PDG,MdrDBcore03815,L300A,-0.24,1.4345210790634155,0.3011261522769928,1.3786202669143677
4,540315,1PWM,MdrDBcore03816,L300A,0.456,1.009511113166809,0.3011261522769928,1.3786202669143677
4,540315,2IKI,MdrDBcore03817,L300P,2.615,1.246959924697876,0.3011261522769928,1.3786202669143677
4,540315,2PZN,MdrDBcore03818,L300P,1.416,1.4923121929168701,0.3011261522769928,1.3786202669143677
4,540315,2PDG,MdrDBcore03819,L300P,1.101,1.5824863910675049,0.3011261522769928,1.3786202669143677
4,540315,1PWM,MdrDBcore03820,L300P,1.871,1.0167406797409058,0.3011261522769928,1.3786202669143677
4,540315,1PWM,MdrDBcore03821,L301M,0.696,0.9995898604393005,0.3011261522769928,1.3786202669143677
4,540315,2FZD,MdrDBcore03822,L301M,0.6,0.9709917902946472,0.3011261522769928,1.3786202669143677
4,540315,2PZN,MdrDBcore03823,S302R,2.519,1.5327380895614624,0.3011261522769928,1.3786202669143677
4,540315,2PDG,MdrDBcore03824,S302R,2.783,1.4038336277008057,0.3011261522769928,1.3786202669143677
4,540315,2IKI,MdrDBcore03825,T113A,0.773,1.2342133522033691,0.3011261522769928,1.3786202669143677
4,540315,1US0,MdrDBcore03826,T113A,1.198,1.4024136066436768,0.3011261522769928,1.3786202669143677
4,540315,2IKI,MdrDBcore03827,T113C,0.142,1.2567840814590454,0.3011261522769928,1.3786202669143677
4,540315,1US0,MdrDBcore03828,T113C,-1.523,1.4089436531066895,0.3011261522769928,1.3786202669143677
4,540315,1US0,MdrDBcore03829,T113S,0.994,1.319591760635376,0.3011261522769928,1.3786202669143677
4,540315,2IKI,MdrDBcore03830,T113V,1.54,1.2019171714782715,0.3011261522769928,1.3786202669143677
4,540315,1US0,MdrDBcore03831,T113V,0.766,1.3644684553146362,0.3011261522769928,1.3786202669143677
4,540315,2IKI,MdrDBcore03832,T113Y,2.063,1.332242727279663,0.3011261522769928,1.3786202669143677
4,540315,2PZN,MdrDBcore03833,T113Y,2.327,1.6034640073776245,0.3011261522769928,1.3786202669143677
4,540315,2PDG,MdrDBcore03834,T113Y,2.591,1.57731032371521,0.3011261522769928,1.3786202669143677
4,540315,1PWM,MdrDBcore03835,T113Y,2.063,1.0226891040802002,0.3011261522769928,1.3786202669143677
4,540315,2IKI,MdrDBcore03836,V47I,-0.312,1.2089824676513672,0.3011261522769928,1.3786202669143677
4,540315,2PDG,MdrDBcore03837,V47I,1.2,1.4129054546356201,0.3011261522769928,1.3786202669143677
4,540315,1PWM,MdrDBcore03838,V47I,0.144,1.0882043838500977,0.3011261522769928,1.3786202669143677
4,540315,1GZF,MdrDBcore03839,Q182A,0.132,0.5238865613937378,0.3011261522769928,1.3786202669143677
4,540315,1GZF,MdrDBcore03840,Q212A,0.527,0.45839157700538635,0.3011261522769928,1.3786202669143677
4,540315,1P1Q,MdrDBcore03841,T138L,-3.696,0.19379755854606628,0.3011261522769928,1.3786202669143677
4,540315,1P1N,MdrDBcore03842,T138L,1.478,0.5375375747680664,0.3011261522769928,1.3786202669143677
4,540315,1P1O,MdrDBcore03843,T138L,-3.057,0.06721089780330658,0.3011261522769928,1.3786202669143677
4,540315,1SYH,MdrDBcore03844,Y187F,1.266,0.970954954624176,0.3011261522769928,1.3786202669143677
4,540315,2HA4,MdrDBcore03845,A203S,-2.14,0.07422444224357605,0.3011261522769928,1.3786202669143677
4,540315,2HA5,MdrDBcore03846,A203S,-1.541,0.55145663022995,0.3011261522769928,1.3786202669143677
4,540315,2HA7,MdrDBcore03847,A203S,-0.384,0.09622061252593994,0.3011261522769928,1.3786202669143677
4,540315,2HA0,MdrDBcore03848,S203A,1.864,0.5418758988380432,0.3011261522769928,1.3786202669143677
4,540315,2HA3,MdrDBcore03849,S203A,0.768,0.47642263770103455,0.3011261522769928,1.3786202669143677
4,540315,2GMK,MdrDBcore03850,A91E,-0.667,-0.42751917243003845,0.3011261522769928,1.3786202669143677
4,540315,2GMK,MdrDBcore03851,N89T,-0.086,-0.42751914262771606,0.3011261522769928,1.3786202669143677
4,540315,1DF8,MdrDBcore03852,A45S,-4.05,-0.3507201671600342,0.3011261522769928,1.3786202669143677
4,540315,1DF8,MdrDBcore03853,D128A,7.869,-0.48320242762565613,0.3011261522769928,1.3786202669143677
4,540315,3RY2,MdrDBcore03854,S52G,0.155,-0.20890533924102783,0.3011261522769928,1.3786202669143677
4,540315,1KC7,MdrDBcore03855,D620N,-1.605,-0.7387534976005554,0.3011261522769928,1.3786202669143677
4,540315,1XQD,MdrDBcore03856,G73S,1.775,0.6389653086662292,0.3011261522769928,1.3786202669143677
4,540315,1GZ4,MdrDBcore03857,R197Q,0.631,0.6545964479446411,0.3011261522769928,1.3786202669143677
4,540315,1GZ4,MdrDBcore03858,R542V,0.814,0.5939329266548157,0.3011261522769928,1.3786202669143677
4,540315,3LZS,MdrDBcore03859,N88S,1.231,0.45724692940711975,0.3011261522769928,1.3786202669143677
4,540315,2O2Q,MdrDBcore03860,C707A,1.371,-0.5620795488357544,0.3011261522769928,1.3786202669143677
4,540315,2O2R,MdrDBcore03861,C707A,-0.968,0.43013089895248413,0.3011261522769928,1.3786202669143677
4,540315,2O2Q,MdrDBcore03862,E673A,-2.859,-0.5328285694122314,0.3011261522769928,1.3786202669143677
4,540315,2O2Q,MdrDBcore03863,E673Q,-0.742,-0.5369371771812439,0.3011261522769928,1.3786202669143677
4,540315,1P6L,MdrDBcore03864,N368D,-1.435,0.7657163143157959,0.3011261522769928,1.3786202669143677
4,540315,1P6N,MdrDBcore03865,N368D,-1.82,0.8304469585418701,0.3011261522769928,1.3786202669143677
4,540315,1P6H,MdrDBcore03866,D597N,3.205,0.80898517370224,0.3011261522769928,1.3786202669143677
4,540315,1P6J,MdrDBcore03867,D597N,3.139,0.9189459681510925,0.3011261522769928,1.3786202669143677
4,540315,2CA8,MdrDBcore03868,R21L,1.518,0.5736321806907654,0.3011261522769928,1.3786202669143677
4,540315,2C80,MdrDBcore03869,R21L,0.487,0.39035817980766296,0.3011261522769928,1.3786202669143677
4,540315,2CA8,MdrDBcore03870,R21Q,-0.028,0.5736321210861206,0.3011261522769928,1.3786202669143677
4,540315,2C80,MdrDBcore03871,R21Q,-0.638,0.3903580605983734,0.3011261522769928,1.3786202669143677
4,540315,2CA8,MdrDBcore03872,Y10F,-0.028,0.5267106294631958,0.3011261522769928,1.3786202669143677
4,540315,1IYK,MdrDBcore03873,D110A,1.511,0.3490540087223053,0.3011261522769928,1.3786202669143677
4,540315,1IYK,MdrDBcore03874,D112A,2.22,0.35939908027648926,0.3011261522769928,1.3786202669143677
4,540315,1IYK,MdrDBcore03875,D412A,2.647,0.2679983973503113,0.3011261522769928,1.3786202669143677
4,540315,1IYK,MdrDBcore03876,F339A,1.17,0.34351861476898193,0.3011261522769928,1.3786202669143677
4,540315,1IYK,MdrDBcore03877,G413A,-0.195,0.40755152702331543,0.3011261522769928,1.3786202669143677
4,540315,1IYK,MdrDBcore03878,H227A,2.007,0.3157009184360504,0.3011261522769928,1.3786202669143677
4,540315,1IYK,MdrDBcore03879,I111A,0.199,0.3775532841682434,0.3011261522769928,1.3786202669143677
4,540315,1IYK,MdrDBcore03880,I352A,1.17,0.37605801224708557,0.3011261522769928,1.3786202669143677
4,540315,1IYK,MdrDBcore03881,L350V,-0.132,0.37605804204940796,0.3011261522769928,1.3786202669143677
4,540315,1IYK,MdrDBcore03882,L451A,0.0,0.36714327335357666,0.3011261522769928,1.3786202669143677
4,540315,1IYK,MdrDBcore03883,L451Q,0.566,0.36709582805633545,0.3011261522769928,1.3786202669143677
4,540315,1IYK,MdrDBcore03884,N175A,1.41,0.3850434720516205,0.3011261522769928,1.3786202669143677
4,540315,1IYK,MdrDBcore03885,P229A,0.108,0.3422963321208954,0.3011261522769928,1.3786202669143677
4,540315,1IYK,MdrDBcore03886,S241A,0.667,0.38750559091567993,0.3011261522769928,1.3786202669143677
4,540315,1IYK,MdrDBcore03887,T114A,-0.675,0.35964131355285645,0.3011261522769928,1.3786202669143677
4,540315,1IYK,MdrDBcore03888,T211A,0.046,0.38136377930641174,0.3011261522769928,1.3786202669143677
4,540315,1IYK,MdrDBcore03889,V108A,-0.303,0.36507007479667664,0.3011261522769928,1.3786202669143677
4,540315,1IYK,MdrDBcore03890,W232A,0.718,0.3760579824447632,0.3011261522769928,1.3786202669143677
4,540315,1IYK,MdrDBcore03891,Y107A,1.232,0.38344916701316833,0.3011261522769928,1.3786202669143677
4,540315,1IYK,MdrDBcore03892,Y119A,1.062,0.3743252456188202,0.3011261522769928,1.3786202669143677
4,540315,1IYK,MdrDBcore03893,Y354A,1.289,0.3834490478038788,0.3011261522769928,1.3786202669143677
4,540315,2VQZ,MdrDBcore03894,F323A,0.282,0.7172083854675293,0.3011261522769928,1.3786202669143677
4,540315,2VQZ,MdrDBcore03895,F325A,0.509,0.7609006762504578,0.3011261522769928,1.3786202669143677
4,540315,2VQZ,MdrDBcore03896,F404A,1.171,0.7200377583503723,0.3011261522769928,1.3786202669143677
4,540315,2VQZ,MdrDBcore03897,H357A,0.916,0.6843171119689941,0.3011261522769928,1.3786202669143677
4,540315,2VQZ,MdrDBcore03898,H357W,-1.184,0.8212001323699951,0.3011261522769928,1.3786202669143677
4,540315,1P7T,MdrDBcore03899,R338K,1.483,0.5398772954940796,0.3011261522769928,1.3786202669143677
4,540315,1P7T,MdrDBcore03900,R338K,0.278,0.53987717628479,0.3011261522769928,1.3786202669143677
4,540315,3AH4,MdrDBcore03901,F179I,0.22,0.2314521074295044,0.3011261522769928,1.3786202669143677
4,540315,3AJ5,MdrDBcore03902,F179I,0.322,0.4486013948917389,0.3011261522769928,1.3786202669143677
4,540315,3AH4,MdrDBcore03903,W176A,0.109,0.1683044731616974,0.3011261522769928,1.3786202669143677
4,540315,3AJ5,MdrDBcore03904,W176A,0.425,0.44860127568244934,0.3011261522769928,1.3786202669143677
4,540315,1AMK,MdrDBcore03905,E65Q,-0.024,0.42016151547431946,0.3011261522769928,1.3786202669143677
4,540315,1XJB,MdrDBcore03906,R301L,-0.028,0.5347115397453308,0.3011261522769928,1.3786202669143677
4,540315,1XJB,MdrDBcore03907,R304L,0.404,0.5347115397453308,0.3011261522769928,1.3786202669143677
4,540315,3HU2,MdrDBcore03908,A86R,1.598,0.9717133641242981,0.3011261522769928,1.3786202669143677
4,540315,3HU1,MdrDBcore03909,G95R,1.14,0.9159135818481445,0.3011261522769928,1.3786202669143677
4,540315,3HU3,MdrDBcore03910,H155R,1.14,0.8241052627563477,0.3011261522769928,1.3786202669143677
4,540315,1LO8,MdrDBcore03911,D17N,-0.051,0.2023710012435913,0.3011261522769928,1.3786202669143677
4,540315,1LO7,MdrDBcore03912,D17N,0.143,-0.1784399151802063,0.3011261522769928,1.3786202669143677
4,540315,1B74,MdrDBcore03913,D7S,-0.268,0.5759186148643494,0.3011261522769928,1.3786202669143677
4,540315,1B74,MdrDBcore03914,E147N,1.005,0.5960065722465515,0.3011261522769928,1.3786202669143677
4,540315,1O0N,MdrDBcore03915,T45G,0.489,0.07531042397022247,0.3011261522769928,1.3786202669143677
4,540315,1W4Q,MdrDBcore03916,T45G,2.07,0.12292416393756866,0.3011261522769928,1.3786202669143677
4,540315,1PZO,MdrDBcore03917,T182M,0.012,0.06826634705066681,0.3011261522769928,1.3786202669143677
4,540315,1W96,MdrDBcore03918,E477R,1.489,0.8543710708618164,0.3011261522769928,1.3786202669143677
4,540315,1W96,MdrDBcore03919,F510I,0.621,0.5517021417617798,0.3011261522769928,1.3786202669143677
4,540315,1W96,MdrDBcore03920,I69E,1.945,0.47032299637794495,0.3011261522769928,1.3786202669143677
4,540315,1W96,MdrDBcore03921,K73R,3.699,0.8428146243095398,0.3011261522769928,1.3786202669143677
4,540315,1W96,MdrDBcore03922,N485G,0.178,0.5177932381629944,0.3011261522769928,1.3786202669143677
4,540315,1WCQ,MdrDBcore03923,F370D,1.218,0.23621916770935059,0.3011261522769928,1.3786202669143677
4,540315,1WCQ,MdrDBcore03924,F370E,0.633,0.23020759224891663,0.3011261522769928,1.3786202669143677
4,540315,1WCQ,MdrDBcore03925,F370Y,-0.811,0.20056197047233582,0.3011261522769928,1.3786202669143677
4,540315,3NTY,MdrDBcore03926,F311A,0.33,1.1064494848251343,0.3011261522769928,1.3786202669143677
4,540315,3C3U,MdrDBcore03927,F311A,0.066,1.4926739931106567,0.3011261522769928,1.3786202669143677
4,540315,3NTY,MdrDBcore03928,F311L,-0.007,1.125428318977356,0.3011261522769928,1.3786202669143677
4,540315,3C3U,MdrDBcore03929,F311L,0.101,1.4926738739013672,0.3011261522769928,1.3786202669143677
4,540315,3C3U,MdrDBcore03930,H222S,1.354,1.0891785621643066,0.3011261522769928,1.3786202669143677
4,540315,3NTY,MdrDBcore03931,L306A,2.607,1.5025395154953003,0.3011261522769928,1.3786202669143677
4,540315,3C3U,MdrDBcore03932,L306A,2.272,1.174022912979126,0.3011261522769928,1.3786202669143677
4,540315,3NTY,MdrDBcore03933,L308A,0.197,1.270346999168396,0.3011261522769928,1.3786202669143677
4,540315,3C3U,MdrDBcore03934,L308A,3.649,1.1858574151992798,0.3011261522769928,1.3786202669143677
4,540315,3NTY,MdrDBcore03935,L308V,0.404,1.3237460851669312,0.3011261522769928,1.3786202669143677
4,540315,3C3U,MdrDBcore03936,L308V,1.53,1.1913949251174927,0.3011261522769928,1.3786202669143677
4,540315,3NTY,MdrDBcore03937,L54V,1.019,1.1076174974441528,0.3011261522769928,1.3786202669143677
4,540315,3C3U,MdrDBcore03938,L54V,1.581,1.1745535135269165,0.3011261522769928,1.3786202669143677
4,540315,3ZY2,MdrDBcore03939,D242A,-0.805,0.809834361076355,0.3011261522769928,1.3786202669143677
4,540315,3ZY2,MdrDBcore03940,D244A,-0.742,0.8098341226577759,0.3011261522769928,1.3786202669143677
4,540315,3ZY2,MdrDBcore03941,F199A,-0.394,0.809833824634552,0.3011261522769928,1.3786202669143677
4,540315,3ZY2,MdrDBcore03942,F261A,-0.634,0.78199702501297,0.3011261522769928,1.3786202669143677
4,540315,3ZY2,MdrDBcore03943,F357A,2.573,1.0149660110473633,0.3011261522769928,1.3786202669143677
4,540315,3ZY2,MdrDBcore03944,N43A,-0.091,0.8288764953613281,0.3011261522769928,1.3786202669143677
4,540315,3ZY2,MdrDBcore03945,R240K,3.06,0.870351254940033,0.3011261522769928,1.3786202669143677
4,540315,3ZY2,MdrDBcore03946,R40A,1.292,1.0414934158325195,0.3011261522769928,1.3786202669143677
4,540315,3ZY2,MdrDBcore03947,W245A,0.9,0.8007450699806213,0.3011261522769928,1.3786202669143677
4,540315,2R0H,MdrDBcore03948,R81A,0.553,-0.39371219277381897,0.3011261522769928,1.3786202669143677
4,540315,1FSG,MdrDBcore03949,D150A,-1.181,-0.05197802186012268,0.3011261522769928,1.3786202669143677
4,540315,3QFX,MdrDBcore03950,T86N,1.186,0.8308852314949036,0.3011261522769928,1.3786202669143677
4,540315,3RG9,MdrDBcore03951,T86N,0.75,0.917162299156189,0.3011261522769928,1.3786202669143677
4,540315,3QFX,MdrDBcore03952,T86S,-1.448,0.7714184522628784,0.3011261522769928,1.3786202669143677
4,540315,3RG9,MdrDBcore03953,T86S,-0.119,0.8905757665634155,0.3011261522769928,1.3786202669143677
4,540315,1L7E,MdrDBcore03954,D135N,-0.004,0.4459858238697052,0.3011261522769928,1.3786202669143677
4,540315,1L7E,MdrDBcore03955,Q132N,0.129,0.4591751992702484,0.3011261522769928,1.3786202669143677
4,540315,1L7E,MdrDBcore03956,R127A,2.169,0.493767112493515,0.3011261522769928,1.3786202669143677
4,540315,1L7E,MdrDBcore03957,R127M,2.169,0.4757678210735321,0.3011261522769928,1.3786202669143677
4,540315,1L7E,MdrDBcore03958,S138A,0.158,0.44199565052986145,0.3011261522769928,1.3786202669143677
4,540315,2E7F,MdrDBcore03959,N199A,0.577,-0.06323495507240295,0.3011261522769928,1.3786202669143677
4,540315,1FLM,MdrDBcore03960,E13Q,0.391,0.5225153565406799,0.3011261522769928,1.3786202669143677
4,540315,1FLM,MdrDBcore03961,E13T,0.649,0.5225154757499695,0.3011261522769928,1.3786202669143677
4,540315,1FLM,MdrDBcore03962,L122E,1.697,0.5491881966590881,0.3011261522769928,1.3786202669143677
4,540315,1FLM,MdrDBcore03963,L122K,0.521,0.5993388891220093,0.3011261522769928,1.3786202669143677
4,540315,1FLM,MdrDBcore03964,L122Y,-0.659,0.5170767307281494,0.3011261522769928,1.3786202669143677
4,540315,3H2K,MdrDBcore03965,G221I,-1.104,0.6826770305633545,0.3011261522769928,1.3786202669143677
4,540315,3H2K,MdrDBcore03966,G231A,1.207,0.68552166223526,0.3011261522769928,1.3786202669143677
4,540315,3H2K,MdrDBcore03967,G231F,1.92,0.5577511787414551,0.3011261522769928,1.3786202669143677
4,540315,3H2K,MdrDBcore03968,G231I,1.366,0.6820892691612244,0.3011261522769928,1.3786202669143677
4,540315,3H2K,MdrDBcore03969,N228W,0.233,0.6567543148994446,0.3011261522769928,1.3786202669143677
4,540315,3H2K,MdrDBcore03970,S176A,0.049,0.6645662188529968,0.3011261522769928,1.3786202669143677
4,540315,3CL2,MdrDBcore03971,S294N,-2.604,-0.5581490397453308,0.3011261522769928,1.3786202669143677
4,540315,3CL0,MdrDBcore03972,Y274H,-3.306,-0.5715674161911011,0.3011261522769928,1.3786202669143677
4,540315,3CKZ,MdrDBcore03973,Y274H,-0.38,-0.5299822092056274,0.3011261522769928,1.3786202669143677
4,540315,3UJ9,MdrDBcore03974,H132A,0.062,0.28430303931236267,0.3011261522769928,1.3786202669143677
4,540315,3UJB,MdrDBcore03975,H132A,0.257,0.5977368950843811,0.3011261522769928,1.3786202669143677
4,540315,3UJ9,MdrDBcore03976,Y19F,-0.087,0.23581191897392273,0.3011261522769928,1.3786202669143677
4,540315,3UJB,MdrDBcore03977,Y19F,0.248,0.6832413077354431,0.3011261522769928,1.3786202669143677
4,540315,3OXC,MdrDBcore03978,G48V,2.637,0.33408766984939575,0.3011261522769928,1.3786202669143677
4,540315,3OXC,MdrDBcore03979,G48V,2.637,0.334087610244751,0.3011261522769928,1.3786202669143677
4,540315,2HS1,MdrDBcore03980,I32V,-1.13,0.45837798714637756,0.3011261522769928,1.3786202669143677
4,540315,3OXC,MdrDBcore03981,I50V,1.878,0.29815828800201416,0.3011261522769928,1.3786202669143677
4,540315,3OXC,MdrDBcore03982,I50V,1.878,0.29815831780433655,0.3011261522769928,1.3786202669143677
4,540315,3OXC,MdrDBcore03983,I54M,0.981,0.30013805627822876,0.3011261522769928,1.3786202669143677
4,540315,3OXC,MdrDBcore03984,I54M,0.981,0.3001379668712616,0.3011261522769928,1.3786202669143677
4,540315,3OXC,MdrDBcore03985,I54V,1.576,0.30013802647590637,0.3011261522769928,1.3786202669143677
4,540315,3OXC,MdrDBcore03986,I54V,1.576,0.30013802647590637,0.3011261522769928,1.3786202669143677
4,540315,3OXC,MdrDBcore03987,I84V,0.058,0.23865410685539246,0.3011261522769928,1.3786202669143677
4,540315,3OXC,MdrDBcore03988,I84V,0.058,0.23865410685539246,0.3011261522769928,1.3786202669143677
4,540315,2HS2,MdrDBcore03989,L46M,-1.364,0.4423440396785736,0.3011261522769928,1.3786202669143677
4,540315,3OXC,MdrDBcore03990,V82A,0.058,0.26993149518966675,0.3011261522769928,1.3786202669143677
4,540315,3OXC,MdrDBcore03991,V82A,0.058,0.26993146538734436,0.3011261522769928,1.3786202669143677
4,540315,3IJW,MdrDBcore03992,H183A,-1.3,0.3126114308834076,0.3011261522769928,1.3786202669143677
4,540315,3IJW,MdrDBcore03993,H183G,-1.006,0.3126112222671509,0.3011261522769928,1.3786202669143677
4,540315,3KYF,MdrDBcore03994,Q121A,0.338,0.6709725260734558,0.3011261522769928,1.3786202669143677
4,540315,3KYF,MdrDBcore03995,R122A,1.751,0.9210484623908997,0.3011261522769928,1.3786202669143677
4,540315,3KYF,MdrDBcore03996,R122L,0.862,0.9628545641899109,0.3011261522769928,1.3786202669143677
4,540315,3KYF,MdrDBcore03997,S159A,0.885,0.7125956416130066,0.3011261522769928,1.3786202669143677
4,540315,3OKP,MdrDBcore03998,D13A,0.481,0.6078661680221558,0.3011261522769928,1.3786202669143677
4,540315,3OKC,MdrDBcore03999,D13A,0.307,0.0814017653465271,0.3011261522769928,1.3786202669143677
4,540315,3OKP,MdrDBcore04000,D13N,0.273,0.6078662276268005,0.3011261522769928,1.3786202669143677
4,540315,3OKC,MdrDBcore04001,D13N,-0.393,0.08140181005001068,0.3011261522769928,1.3786202669143677
4,540315,3OKP,MdrDBcore04002,E290D,0.63,0.6255795359611511,0.3011261522769928,1.3786202669143677
4,540315,3OKC,MdrDBcore04003,E290D,1.291,0.10459885001182556,0.3011261522769928,1.3786202669143677
4,540315,3OKP,MdrDBcore04004,E290Q,0.374,0.6407720446586609,0.3011261522769928,1.3786202669143677
4,540315,3OKC,MdrDBcore04005,E290Q,0.079,0.13990192115306854,0.3011261522769928,1.3786202669143677
4,540315,3OKP,MdrDBcore04006,G123P,0.257,0.6078663468360901,0.3011261522769928,1.3786202669143677
4,540315,3OKC,MdrDBcore04007,G123P,0.087,0.0814017653465271,0.3011261522769928,1.3786202669143677
4,540315,3OKP,MdrDBcore04008,G20W,0.084,0.29543399810791016,0.3011261522769928,1.3786202669143677
4,540315,3OKC,MdrDBcore04009,G20W,0.143,0.17982473969459534,0.3011261522769928,1.3786202669143677
4,540315,3OKP,MdrDBcore04010,G291S,0.762,0.6078662276268005,0.3011261522769928,1.3786202669143677
4,540315,3OKC,MdrDBcore04011,G291S,0.42,0.08140179514884949,0.3011261522769928,1.3786202669143677
4,540315,3OKP,MdrDBcore04012,H118S,0.817,0.6078662872314453,0.3011261522769928,1.3786202669143677
4,540315,3OKC,MdrDBcore04013,H118S,-0.368,0.0814017504453659,0.3011261522769928,1.3786202669143677
4,540315,3OKP,MdrDBcore04014,I21A,0.64,0.6078661680221558,0.3011261522769928,1.3786202669143677
4,540315,3OKC,MdrDBcore04015,I21A,0.067,0.08140181005001068,0.3011261522769928,1.3786202669143677
4,540315,3OKP,MdrDBcore04016,I21S,-0.207,0.6078662276268005,0.3011261522769928,1.3786202669143677
4,540315,3OKC,MdrDBcore04017,I21S,-0.19,0.08140179514884949,0.3011261522769928,1.3786202669143677
4,540315,3OKP,MdrDBcore04018,K211Q,0.28,0.6846840977668762,0.3011261522769928,1.3786202669143677
4,540315,3OKC,MdrDBcore04019,K211Q,0.059,0.026531394571065903,0.3011261522769928,1.3786202669143677
4,540315,3OKP,MdrDBcore04020,N12A,0.042,0.6078662872314453,0.3011261522769928,1.3786202669143677
4,540315,3OKC,MdrDBcore04021,N12A,-0.319,0.08140185475349426,0.3011261522769928,1.3786202669143677
4,540315,3OKP,MdrDBcore04022,Q22A,0.684,0.6078662276268005,0.3011261522769928,1.3786202669143677
4,540315,3OKC,MdrDBcore04023,Q22A,-0.104,0.08140179514884949,0.3011261522769928,1.3786202669143677
4,540315,3OKP,MdrDBcore04024,R206S,0.48,0.7005863189697266,0.3011261522769928,1.3786202669143677
4,540315,3OKC,MdrDBcore04025,R206S,0.406,0.04708055779337883,0.3011261522769928,1.3786202669143677
4,540315,3OKP,MdrDBcore04026,R210S,0.444,0.5686388611793518,0.3011261522769928,1.3786202669143677
4,540315,3OKC,MdrDBcore04027,R210S,0.112,0.12235425412654877,0.3011261522769928,1.3786202669143677
4,540315,3OKP,MdrDBcore04028,S205G,-0.009,0.5683776140213013,0.3011261522769928,1.3786202669143677
4,540315,3OKC,MdrDBcore04029,S205G,-0.049,0.08145073056221008,0.3011261522769928,1.3786202669143677
4,540315,3AQT,MdrDBcore04030,D94A,1.759,1.2694121599197388,0.3011261522769928,1.3786202669143677
4,540315,3AQT,MdrDBcore04031,R145A,2.111,1.3506395816802979,0.3011261522769928,1.3786202669143677
4,540315,3AQT,MdrDBcore04032,R148A,1.451,1.1575478315353394,0.3011261522769928,1.3786202669143677
4,540315,1MUI,MdrDBcore04033,D30N,0.765,0.21874383091926575,0.3011261522769928,1.3786202669143677
4,540315,1MUI,MdrDBcore04034,L90M,-0.056,0.23514091968536377,0.3011261522769928,1.3786202669143677
4,540315,1MUI,MdrDBcore04035,N88D,-0.189,0.23514088988304138,0.3011261522769928,1.3786202669143677
4,540315,2Q88,MdrDBcore04036,E134A,-0.17,0.6597826480865479,0.3011261522769928,1.3786202669143677
4,540315,2Q88,MdrDBcore04037,E21A,2.137,0.6401287913322449,0.3011261522769928,1.3786202669143677
4,540315,2Q89,MdrDBcore04038,E21A,2.796,0.47685506939888,0.3011261522769928,1.3786202669143677
4,540315,2Q88,MdrDBcore04039,F24A,-0.123,0.5656310319900513,0.3011261522769928,1.3786202669143677
4,540315,2Q89,MdrDBcore04040,F24A,-0.132,0.4495031535625458,0.3011261522769928,1.3786202669143677
4,540315,2Q88,MdrDBcore04041,F24D,0.848,0.6865392923355103,0.3011261522769928,1.3786202669143677
4,540315,2Q89,MdrDBcore04042,F24D,0.954,0.5246132612228394,0.3011261522769928,1.3786202669143677
4,540315,2Q88,MdrDBcore04043,F24E,-0.079,0.5821841955184937,0.3011261522769928,1.3786202669143677
4,540315,2Q89,MdrDBcore04044,F24E,1.376,0.46301934123039246,0.3011261522769928,1.3786202669143677
4,540315,2Q88,MdrDBcore04045,F80D,1.95,0.6130443215370178,0.3011261522769928,1.3786202669143677
4,540315,2Q89,MdrDBcore04046,F80D,3.103,0.4946611225605011,0.3011261522769928,1.3786202669143677
4,540315,2Q88,MdrDBcore04047,F80E,0.831,0.5011945366859436,0.3011261522769928,1.3786202669143677
4,540315,2Q89,MdrDBcore04048,F80E,2.827,0.4122188985347748,0.3011261522769928,1.3786202669143677
4,540315,2Q88,MdrDBcore04049,Y60A,0.783,0.6916394233703613,0.3011261522769928,1.3786202669143677
4,540315,2Q89,MdrDBcore04050,Y60A,0.566,0.672452986240387,0.3011261522769928,1.3786202669143677
4,540315,2Q88,MdrDBcore04051,Y60F,0.161,0.6084215641021729,0.3011261522769928,1.3786202669143677
4,540315,2Q89,MdrDBcore04052,Y60F,0.467,0.4733171761035919,0.3011261522769928,1.3786202669143677
4,540315,2Q88,MdrDBcore04053,Y60W,-1.586,0.3118860125541687,0.3011261522769928,1.3786202669143677
4,540315,2Q89,MdrDBcore04054,Y60W,-0.675,0.2947128713130951,0.3011261522769928,1.3786202669143677
4,540315,2.00E+22,MdrDBcore04055,R612A,-0.423,-0.35074952244758606,0.3011261522769928,1.3786202669143677
4,540315,2QEH,MdrDBcore04056,D111L,2.798,0.8258200883865356,0.3011261522769928,1.3786202669143677
4,540315,2QEH,MdrDBcore04057,D139L,2.798,0.6374818682670593,0.3011261522769928,1.3786202669143677
4,540315,2QEH,MdrDBcore04058,E114L,4.791,0.8030295372009277,0.3011261522769928,1.3786202669143677
4,540315,2QEH,MdrDBcore04059,E7L,2.106,0.8455979824066162,0.3011261522769928,1.3786202669143677
4,540315,2PQL,MdrDBcore04060,E7L,1.728,0.6962495446205139,0.3011261522769928,1.3786202669143677
4,540315,2QEH,MdrDBcore04061,H35L,-1.883,0.8207497000694275,0.3011261522769928,1.3786202669143677
4,540315,2PQL,MdrDBcore04062,H35L,-2.655,0.6974145770072937,0.3011261522769928,1.3786202669143677
4,540315,2QEH,MdrDBcore04063,Y94L,0.581,0.7197890281677246,0.3011261522769928,1.3786202669143677
4,540315,2PQL,MdrDBcore04064,Y94L,2.055,0.5804154276847839,0.3011261522769928,1.3786202669143677
4,540315,3AM3,MdrDBcore04065,M372V,-0.262,0.4770146310329437,0.3011261522769928,1.3786202669143677
4,540315,2CCC,MdrDBcore04066,E45A,-0.338,-0.3367407023906708,0.3011261522769928,1.3786202669143677
4,540315,2CC7,MdrDBcore04067,E45A,0.071,-0.19325722754001617,0.3011261522769928,1.3786202669143677
4,540315,2CCB,MdrDBcore04068,E45A,0.236,-0.25500914454460144,0.3011261522769928,1.3786202669143677
4,540315,2CC7,MdrDBcore04069,E45F,0.501,-0.1502373218536377,0.3011261522769928,1.3786202669143677
4,540315,2CCB,MdrDBcore04070,E45F,-1.048,-0.24946200847625732,0.3011261522769928,1.3786202669143677
4,540315,2CC7,MdrDBcore04071,E45H,-0.453,-0.1307341456413269,0.3011261522769928,1.3786202669143677
4,540315,2CCB,MdrDBcore04072,E45H,-0.372,-0.25350892543792725,0.3011261522769928,1.3786202669143677
4,540315,2CC7,MdrDBcore04073,E45N,-0.075,-0.18099641799926758,0.3011261522769928,1.3786202669143677
4,540315,2CCB,MdrDBcore04074,E45N,0.895,-0.2587658762931824,0.3011261522769928,1.3786202669143677
4,540315,2CC7,MdrDBcore04075,E45Q,-0.65,-0.1772308051586151,0.3011261522769928,1.3786202669143677
4,540315,2CCB,MdrDBcore04076,E45Q,1.076,-0.27554717659950256,0.3011261522769928,1.3786202669143677
4,540315,2CCB,MdrDBcore04077,E45T,-2.011,-0.2546139359474182,0.3011261522769928,1.3786202669143677
4,540315,2CCC,MdrDBcore04078,Q55A,-1.028,-0.32231518626213074,0.3011261522769928,1.3786202669143677
4,540315,2CC7,MdrDBcore04079,Q55A,1.883,-0.2420090287923813,0.3011261522769928,1.3786202669143677
4,540315,2CCB,MdrDBcore04080,Q55A,-0.941,-0.2536030411720276,0.3011261522769928,1.3786202669143677
4,540315,2JDM,MdrDBcore04081,A22S,-1.315,-0.4640032649040222,0.3011261522769928,1.3786202669143677
4,540315,2JDU,MdrDBcore04082,N24G,0.484,0.10486811399459839,0.3011261522769928,1.3786202669143677
4,540315,2JDY,MdrDBcore04083,N24G,-3.098,-0.9086706042289734,0.3011261522769928,1.3786202669143677
4,540315,2FLE,MdrDBcore04084,A82V,-1.146,0.321590393781662,0.3011261522769928,1.3786202669143677
4,540315,3EEB,MdrDBcore04085,C140A,0.315,0.6420406699180603,0.3011261522769928,1.3786202669143677
4,540315,3EEB,MdrDBcore04086,D178A,1.612,0.5663983821868896,0.3011261522769928,1.3786202669143677
4,540315,3EEB,MdrDBcore04087,D178N,0.418,0.6420407295227051,0.3011261522769928,1.3786202669143677
4,540315,3EEB,MdrDBcore04088,D191A,0.298,0.6420409679412842,0.3011261522769928,1.3786202669143677
4,540315,3EEB,MdrDBcore04089,E179A,-0.07,0.6420409083366394,0.3011261522769928,1.3786202669143677
4,540315,3EEB,MdrDBcore04090,H134A,0.839,0.6600706577301025,0.3011261522769928,1.3786202669143677
4,540315,3EEB,MdrDBcore04091,R182Q,1.376,0.5583369731903076,0.3011261522769928,1.3786202669143677
4,540315,3EEB,MdrDBcore04092,R29Q,1.015,0.8372557759284973,0.3011261522769928,1.3786202669143677
4,540315,3EEB,MdrDBcore04093,W192A,1.168,0.6420407295227051,0.3011261522769928,1.3786202669143677
4,540315,3EEB,MdrDBcore04094,W192F,0.257,0.6420406699180603,0.3011261522769928,1.3786202669143677
4,540315,3HY8,MdrDBcore04095,W229Q,-1.724,0.530647337436676,0.3011261522769928,1.3786202669143677
4,540315,3HY8,MdrDBcore04096,W229R,-2.302,0.5427567958831787,0.3011261522769928,1.3786202669143677
4,540315,1TPZ,MdrDBcore04097,K48A,0.0,0.7066373229026794,0.3011261522769928,1.3786202669143677
4,540315,1TPZ,MdrDBcore04098,K48E,-0.048,0.7066373825073242,0.3011261522769928,1.3786202669143677
4,540315,1TPZ,MdrDBcore04099,L44R,-0.069,0.7066373229026794,0.3011261522769928,1.3786202669143677
4,540315,1TPZ,MdrDBcore04100,M173A,0.0,0.7066373229026794,0.3011261522769928,1.3786202669143677
4,540315,1TPZ,MdrDBcore04101,S172R,0.161,0.7066372036933899,0.3011261522769928,1.3786202669143677
4,540315,3FQL,MdrDBcore04102,C316N,1.543,0.29046884179115295,0.3011261522769928,1.3786202669143677
4,540315,3FQL,MdrDBcore04103,L419M,-0.061,0.4076504707336426,0.3011261522769928,1.3786202669143677
4,540315,3FQL,MdrDBcore04104,M414T,-0.297,0.2863788902759552,0.3011261522769928,1.3786202669143677
4,540315,3FQL,MdrDBcore04105,P495L,-0.27,0.4076503813266754,0.3011261522769928,1.3786202669143677
4,540315,3MDV,MdrDBcore04106,T306A,0.132,1.5493310689926147,0.3011261522769928,1.3786202669143677
4,540315,3MDM,MdrDBcore04107,T306A,-1.062,0.304907888174057,0.3011261522769928,1.3786202669143677
4,540315,3MDR,MdrDBcore04108,T306A,0.954,0.6412298083305359,0.3011261522769928,1.3786202669143677
4,540315,3MDT,MdrDBcore04109,T306A,0.262,0.388715535402298,0.3011261522769928,1.3786202669143677
4,540315,3MI3,MdrDBcore04110,E222Q,5.588,1.0694022178649902,0.3011261522769928,1.3786202669143677
4,540315,3MI3,MdrDBcore04111,Q364R,3.292,1.0653541088104248,0.3011261522769928,1.3786202669143677
4,540315,3MI3,MdrDBcore04112,R288K,2.995,1.0653660297393799,0.3011261522769928,1.3786202669143677
4,540315,3DGN,MdrDBcore04113,Y43F,1.133,0.5775006413459778,0.3011261522769928,1.3786202669143677
4,540315,3DGL,MdrDBcore04114,Y43F,-0.195,0.3705233037471771,0.3011261522769928,1.3786202669143677
4,540315,4CKI,MdrDBcore04115,A807V,0.512,0.2760293483734131,0.3011261522769928,1.3786202669143677
4,540315,6VHG,MdrDBcore04116,A807V,0.619,0.2782147228717804,0.3011261522769928,1.3786202669143677
4,540315,4CKI,MdrDBcore04117,A807V,-0.091,0.31343889236450195,0.3011261522769928,1.3786202669143677
4,540315,4CKI,MdrDBcore04118,E732K,0.928,0.15220224857330322,0.3011261522769928,1.3786202669143677
4,540315,6VHG,MdrDBcore04119,E732K,-0.102,0.456971675157547,0.3011261522769928,1.3786202669143677
4,540315,4CKI,MdrDBcore04120,E732K,0.115,0.33255282044410706,0.3011261522769928,1.3786202669143677
4,540315,4CKI,MdrDBcore04121,F998V,0.667,0.34303268790245056,0.3011261522769928,1.3786202669143677
4,540315,6VHG,MdrDBcore04122,F998V,0.901,0.3417336940765381,0.3011261522769928,1.3786202669143677
4,540315,4CKI,MdrDBcore04123,F998V,0.0,0.509018063545227,0.3011261522769928,1.3786202669143677
4,540315,4CKI,MdrDBcore04124,G810A,-0.052,0.27195867896080017,0.3011261522769928,1.3786202669143677
4,540315,6NEC,MdrDBcore04125,G810A,-0.324,0.25349053740501404,0.3011261522769928,1.3786202669143677
4,540315,4CKI,MdrDBcore04126,G810A,-0.044,0.39005282521247864,0.3011261522769928,1.3786202669143677
4,540315,4CKI,MdrDBcore04127,G810S,0.874,0.41544780135154724,0.3011261522769928,1.3786202669143677
4,540315,6NEC,MdrDBcore04128,G810S,0.747,0.25657030940055847,0.3011261522769928,1.3786202669143677
4,540315,4CKI,MdrDBcore04129,G810S,0.821,0.4366157054901123,0.3011261522769928,1.3786202669143677
4,540315,6NJA,MdrDBcore04130,M918T,1.113,0.2307506501674652,0.3011261522769928,1.3786202669143677
4,540315,6VHG,MdrDBcore04131,M918T,1.192,0.336076945066452,0.3011261522769928,1.3786202669143677
4,540315,2IVT,MdrDBcore04132,M918T,0.319,0.3633471131324768,0.3011261522769928,1.3786202669143677
4,540315,4CKI,MdrDBcore04133,V738A,0.954,0.13480927050113678,0.3011261522769928,1.3786202669143677
4,540315,6NEC,MdrDBcore04134,V738A,1.49,0.2880301773548126,0.3011261522769928,1.3786202669143677
4,540315,4CKI,MdrDBcore04135,V738A,1.115,0.3690451383590698,0.3011261522769928,1.3786202669143677
4,540315,4CKI,MdrDBcore04136,V804L,1.538,0.3151051700115204,0.3011261522769928,1.3786202669143677
4,540315,6VHG,MdrDBcore04137,V804L,2.383,0.3389272689819336,0.3011261522769928,1.3786202669143677
4,540315,4CKI,MdrDBcore04138,V804L,0.842,0.25826820731163025,0.3011261522769928,1.3786202669143677
4,540315,4CKI,MdrDBcore04139,V804M,1.704,0.24674096703529358,0.3011261522769928,1.3786202669143677
4,540315,6VHG,MdrDBcore04140,V804M,1.985,0.37923499941825867,0.3011261522769928,1.3786202669143677
4,540315,4CKI,MdrDBcore04141,V804M,1.076,0.3280889391899109,0.3011261522769928,1.3786202669143677
4,540315,4CKI,MdrDBcore04142,V871I,0.886,0.39194273948669434,0.3011261522769928,1.3786202669143677
4,540315,6NEC,MdrDBcore04143,V871I,0.597,0.22686609625816345,0.3011261522769928,1.3786202669143677
4,540315,4CKI,MdrDBcore04144,V871I,0.149,0.30041173100471497,0.3011261522769928,1.3786202669143677
4,540315,4CKI,MdrDBcore04145,Y806N,1.77,0.20386511087417603,0.3011261522769928,1.3786202669143677
4,540315,6NEC,MdrDBcore04146,Y806N,1.374,0.22818133234977722,0.3011261522769928,1.3786202669143677
4,540315,4CKI,MdrDBcore04147,Y806N,1.109,0.3480532467365265,0.3011261522769928,1.3786202669143677
4,540315,4WA9,MdrDBcore04148,D276G,0.179,0.3037734627723694,0.3011261522769928,1.3786202669143677
4,540315,4XEY,MdrDBcore04149,E255K,0.894,0.4394964277744293,0.3011261522769928,1.3786202669143677
4,540315,4WA9,MdrDBcore04150,E255K,0.258,0.3037734925746918,0.3011261522769928,1.3786202669143677
4,540315,3UE4,MdrDBcore04151,E255K,0.557,0.5110843181610107,0.3011261522769928,1.3786202669143677
4,540315,4XEY,MdrDBcore04152,E255V,1.014,0.43949630856513977,0.3011261522769928,1.3786202669143677
4,540315,4WA9,MdrDBcore04153,E255V,0.298,0.3037733733654022,0.3011261522769928,1.3786202669143677
4,540315,3UE4,MdrDBcore04154,E255V,0.656,0.5202744603157043,0.3011261522769928,1.3786202669143677
4,540315,4WA9,MdrDBcore04155,E279K,-0.03,0.2889808118343353,0.3011261522769928,1.3786202669143677
4,540315,4WA9,MdrDBcore04156,E292L,0.03,0.30377352237701416,0.3011261522769928,1.3786202669143677
4,540315,4XEY,MdrDBcore04157,E355A,0.239,0.43949636816978455,0.3011261522769928,1.3786202669143677
4,540315,3UE4,MdrDBcore04158,E355A,0.02,0.5110843181610107,0.3011261522769928,1.3786202669143677
4,540315,4XEY,MdrDBcore04159,E459K,0.407,0.43949630856513977,0.3011261522769928,1.3786202669143677
4,540315,3UE4,MdrDBcore04160,E459K,0.348,0.5110843181610107,0.3011261522769928,1.3786202669143677
4,540315,4XEY,MdrDBcore04161,F317C,1.849,0.4279074966907501,0.3011261522769928,1.3786202669143677
4,540315,3UE4,MdrDBcore04162,F317C,0.497,0.5109049081802368,0.3011261522769928,1.3786202669143677
4,540315,4XEY,MdrDBcore04163,F317I,1.779,0.3711443841457367,0.3011261522769928,1.3786202669143677
4,540315,3UE4,MdrDBcore04164,F317I,0.706,0.5213766098022461,0.3011261522769928,1.3786202669143677
4,540315,4XEY,MdrDBcore04165,F317L,0.954,0.3791821002960205,0.3011261522769928,1.3786202669143677
4,540315,4WA9,MdrDBcore04166,F317L,0.229,0.31371623277664185,0.3011261522769928,1.3786202669143677
4,540315,3UE4,MdrDBcore04167,F317L,0.089,0.5250807404518127,0.3011261522769928,1.3786202669143677
4,540315,4WA9,MdrDBcore04168,F317R,0.268,0.17387929558753967,0.3011261522769928,1.3786202669143677
4,540315,4XEY,MdrDBcore04169,F317V,2.345,0.3571915030479431,0.3011261522769928,1.3786202669143677
4,540315,4WA9,MdrDBcore04170,F317V,0.278,0.3357223868370056,0.3011261522769928,1.3786202669143677
4,540315,3UE4,MdrDBcore04171,F317V,1.709,0.5128757357597351,0.3011261522769928,1.3786202669143677
4,540315,4XEY,MdrDBcore04172,F359C,0.0,0.439496248960495,0.3011261522769928,1.3786202669143677
4,540315,3UE4,MdrDBcore04173,F359C,-0.01,0.5110844373703003,0.3011261522769928,1.3786202669143677
4,540315,4XEY,MdrDBcore04174,F359I,0.239,0.43949630856513977,0.3011261522769928,1.3786202669143677
4,540315,4WA9,MdrDBcore04175,F359I,0.099,0.3037734627723694,0.3011261522769928,1.3786202669143677
4,540315,3UE4,MdrDBcore04176,F359I,0.04,0.5110844373703003,0.3011261522769928,1.3786202669143677
4,540315,4XEY,MdrDBcore04177,F359V,0.0,0.439496248960495,0.3011261522769928,1.3786202669143677
4,540315,4WA9,MdrDBcore04178,F359V,0.07,0.30377352237701416,0.3011261522769928,1.3786202669143677
4,540315,3UE4,MdrDBcore04179,F359V,-0.109,0.5110843777656555,0.3011261522769928,1.3786202669143677
4,540315,4WA9,MdrDBcore04180,F486S,0.05,0.303773432970047,0.3011261522769928,1.3786202669143677
4,540315,4XEY,MdrDBcore04181,G250E,0.407,0.43949630856513977,0.3011261522769928,1.3786202669143677
4,540315,4WA9,MdrDBcore04182,G250E,0.268,0.3037733733654022,0.3011261522769928,1.3786202669143677
4,540315,3UE4,MdrDBcore04183,G250E,0.109,0.5110845565795898,0.3011261522769928,1.3786202669143677
4,540315,4XEY,MdrDBcore04184,H396R,0.0,0.43949630856513977,0.3011261522769928,1.3786202669143677
4,540315,4WA9,MdrDBcore04185,H396R,0.248,0.3037734925746918,0.3011261522769928,1.3786202669143677
4,540315,3UE4,MdrDBcore04186,H396R,-0.099,0.5110843777656555,0.3011261522769928,1.3786202669143677
4,540315,4XEY,MdrDBcore04187,L248R,0.646,0.4138023555278778,0.3011261522769928,1.3786202669143677
4,540315,4WA9,MdrDBcore04188,L248R,0.308,0.13726837933063507,0.3011261522769928,1.3786202669143677
4,540315,3UE4,MdrDBcore04189,L248R,1.491,0.35851484537124634,0.3011261522769928,1.3786202669143677
4,540315,4XEY,MdrDBcore04190,L248V,0.547,0.42324820160865784,0.3011261522769928,1.3786202669143677
4,540315,4WA9,MdrDBcore04191,L248V,0.318,0.2949422001838684,0.3011261522769928,1.3786202669143677
4,540315,3UE4,MdrDBcore04192,L248V,0.557,0.5087743401527405,0.3011261522769928,1.3786202669143677
4,540315,4WA9,MdrDBcore04193,L384M,0.06,0.30377355217933655,0.3011261522769928,1.3786202669143677
4,540315,4XEY,MdrDBcore04194,M244V,0.0,0.439496248960495,0.3011261522769928,1.3786202669143677
4,540315,4WA9,MdrDBcore04195,M244V,-0.109,0.30377352237701416,0.3011261522769928,1.3786202669143677
4,540315,3UE4,MdrDBcore04196,M244V,0.427,0.5110843777656555,0.3011261522769928,1.3786202669143677
4,540315,4WA9,MdrDBcore04197,M343T,0.209,0.3037734627723694,0.3011261522769928,1.3786202669143677
4,540315,4XEY,MdrDBcore04198,M351T,0.0,0.43949630856513977,0.3011261522769928,1.3786202669143677
4,540315,4WA9,MdrDBcore04199,M351T,-0.239,0.3037734627723694,0.3011261522769928,1.3786202669143677
4,540315,3UE4,MdrDBcore04200,M351T,0.189,0.5110843777656555,0.3011261522769928,1.3786202669143677
4,540315,4WA9,MdrDBcore04201,Q252H,0.199,0.31431564688682556,0.3011261522769928,1.3786202669143677
4,540315,4XEY,MdrDBcore04202,T315A,2.008,0.35575559735298157,0.3011261522769928,1.3786202669143677
4,540315,4WA9,MdrDBcore04203,T315A,-0.447,0.24762073159217834,0.3011261522769928,1.3786202669143677
4,540315,3UE4,MdrDBcore04204,T315A,0.318,0.5517553091049194,0.3011261522769928,1.3786202669143677
4,540315,4XEY,MdrDBcore04205,T315I,5.049,0.48040059208869934,0.3011261522769928,1.3786202669143677
4,540315,4WA9,MdrDBcore04206,T315I,-1.262,0.28880947828292847,0.3011261522769928,1.3786202669143677
4,540315,3UE4,MdrDBcore04207,T315I,2.435,0.4666151702404022,0.3011261522769928,1.3786202669143677
4,540315,4WA9,MdrDBcore04208,T315V,-1.719,0.30630025267601013,0.3011261522769928,1.3786202669143677
4,540315,4XEY,MdrDBcore04209,V299L,1.232,0.4803214371204376,0.3011261522769928,1.3786202669143677
4,540315,4WA9,MdrDBcore04210,V299L,-0.875,0.3025103807449341,0.3011261522769928,1.3786202669143677
4,540315,3UE4,MdrDBcore04211,V299L,1.69,0.47854527831077576,0.3011261522769928,1.3786202669143677
4,540315,4XEY,MdrDBcore04212,Y253F,0.239,0.439496248960495,0.3011261522769928,1.3786202669143677
4,540315,4WA9,MdrDBcore04213,Y253F,0.258,0.3264092803001404,0.3011261522769928,1.3786202669143677
4,540315,3UE4,MdrDBcore04214,Y253F,-0.338,0.5110843777656555,0.3011261522769928,1.3786202669143677
4,540315,4WA9,MdrDBcore04215,Y253H,0.03,0.11265483498573303,0.3011261522769928,1.3786202669143677
4,540315,3OXZ,MdrDBcore04216,E255K,0.407,0.3612733483314514,0.3011261522769928,1.3786202669143677
4,540315,1OPJ,MdrDBcore04217,E255K,1.491,0.5040455460548401,0.3011261522769928,1.3786202669143677
4,540315,3OXZ,MdrDBcore04218,E255V,0.994,0.358961284160614,0.3011261522769928,1.3786202669143677
4,540315,1OPJ,MdrDBcore04219,E255V,2.206,0.5040455460548401,0.3011261522769928,1.3786202669143677
4,540315,3OXZ,MdrDBcore04220,E355A,0.507,0.3612733781337738,0.3011261522769928,1.3786202669143677
4,540315,1OPJ,MdrDBcore04221,E355A,0.467,0.5040454864501953,0.3011261522769928,1.3786202669143677
4,540315,3OXZ,MdrDBcore04222,E459K,0.298,0.36127331852912903,0.3011261522769928,1.3786202669143677
4,540315,1OPJ,MdrDBcore04223,E459K,0.656,0.5040455460548401,0.3011261522769928,1.3786202669143677
4,540315,3OXZ,MdrDBcore04224,F317C,0.0,0.3701070547103882,0.3011261522769928,1.3786202669143677
4,540315,1OPJ,MdrDBcore04225,F317C,0.278,0.6152985692024231,0.3011261522769928,1.3786202669143677
4,540315,3OXZ,MdrDBcore04226,F317I,0.507,0.356274276971817,0.3011261522769928,1.3786202669143677
4,540315,1OPJ,MdrDBcore04227,F317I,0.169,0.5175347328186035,0.3011261522769928,1.3786202669143677
4,540315,3OXZ,MdrDBcore04228,F317L,0.169,0.35935458540916443,0.3011261522769928,1.3786202669143677
4,540315,1OPJ,MdrDBcore04229,F317L,0.716,0.5062825083732605,0.3011261522769928,1.3786202669143677
4,540315,3OXZ,MdrDBcore04230,F317V,0.716,0.350709468126297,0.3011261522769928,1.3786202669143677
4,540315,1OPJ,MdrDBcore04231,F317V,0.964,0.5236112475395203,0.3011261522769928,1.3786202669143677
4,540315,3OXZ,MdrDBcore04232,F359C,0.407,0.34828150272369385,0.3011261522769928,1.3786202669143677
4,540315,1OPJ,MdrDBcore04233,F359C,0.765,0.49056199193000793,0.3011261522769928,1.3786202669143677
4,540315,3OXZ,MdrDBcore04234,F359I,0.765,0.37123653292655945,0.3011261522769928,1.3786202669143677
4,540315,1OPJ,MdrDBcore04235,F359I,0.278,0.4881429374217987,0.3011261522769928,1.3786202669143677
4,540315,3OXZ,MdrDBcore04236,F359V,0.169,0.3683415651321411,0.3011261522769928,1.3786202669143677
4,540315,1OPJ,MdrDBcore04237,F359V,0.318,0.48797574639320374,0.3011261522769928,1.3786202669143677
4,540315,3OXZ,MdrDBcore04238,G250E,0.298,0.3612734079360962,0.3011261522769928,1.3786202669143677
4,540315,1OPJ,MdrDBcore04239,G250E,1.004,0.5040454864501953,0.3011261522769928,1.3786202669143677
4,540315,3OXZ,MdrDBcore04240,H396R,0.169,0.36127328872680664,0.3011261522769928,1.3786202669143677
4,540315,1OPJ,MdrDBcore04241,H396R,0.398,0.5040454268455505,0.3011261522769928,1.3786202669143677
4,540315,3OXZ,MdrDBcore04242,L248R,0.576,0.27810922265052795,0.3011261522769928,1.3786202669143677
4,540315,1OPJ,MdrDBcore04243,L248R,2.316,0.2769729197025299,0.3011261522769928,1.3786202669143677
4,540315,3OXZ,MdrDBcore04244,L248V,0.169,0.3599570691585541,0.3011261522769928,1.3786202669143677
4,540315,1OPJ,MdrDBcore04245,L248V,0.636,0.47828903794288635,0.3011261522769928,1.3786202669143677
4,540315,3OXZ,MdrDBcore04246,M244V,0.0,0.3612734079360962,0.3011261522769928,1.3786202669143677
4,540315,1OPJ,MdrDBcore04247,M244V,0.209,0.05995047464966774,0.3011261522769928,1.3786202669143677
4,540315,3OXZ,MdrDBcore04248,M351T,0.169,0.3629405200481415,0.3011261522769928,1.3786202669143677
4,540315,1OPJ,MdrDBcore04249,M351T,0.417,0.4799746572971344,0.3011261522769928,1.3786202669143677
4,540315,3OXZ,MdrDBcore04250,T315A,0.169,0.3042849898338318,0.3011261522769928,1.3786202669143677
4,540315,1OPJ,MdrDBcore04251,T315A,0.507,0.5441685914993286,0.3011261522769928,1.3786202669143677
4,540315,3OXZ,MdrDBcore04252,T315I,0.407,0.37538599967956543,0.3011261522769928,1.3786202669143677
4,540315,1OPJ,MdrDBcore04253,T315I,2.306,0.4784263074398041,0.3011261522769928,1.3786202669143677
4,540315,3OXZ,MdrDBcore04254,V299L,0.169,0.3774638772010803,0.3011261522769928,1.3786202669143677
4,540315,1OPJ,MdrDBcore04255,V299L,0.229,0.39163094758987427,0.3011261522769928,1.3786202669143677
4,540315,3OXZ,MdrDBcore04256,Y253F,0.298,0.3503671884536743,0.3011261522769928,1.3786202669143677
4,540315,1OPJ,MdrDBcore04257,Y253F,1.888,0.44143614172935486,0.3011261522769928,1.3786202669143677
4,540315,3CS9,MdrDBcore04258,E255K,1.262,-0.046471625566482544,0.3011261522769928,1.3786202669143677
4,540315,3CS9,MdrDBcore04259,E255V,2.345,0.42955249547958374,0.3011261522769928,1.3786202669143677
4,540315,3CS9,MdrDBcore04260,E355A,0.109,0.4295525848865509,0.3011261522769928,1.3786202669143677
4,540315,3CS9,MdrDBcore04261,E459K,0.547,0.4295523762702942,0.3011261522769928,1.3786202669143677
4,540315,3CS9,MdrDBcore04262,F317C,0.04,0.5145475268363953,0.3011261522769928,1.3786202669143677
4,540315,3CS9,MdrDBcore04263,F317I,0.298,0.42633768916130066,0.3011261522769928,1.3786202669143677
4,540315,3CS9,MdrDBcore04264,F317L,0.199,0.4267614781856537,0.3011261522769928,1.3786202669143677
4,540315,3CS9,MdrDBcore04265,F317V,0.328,0.4457367956638336,0.3011261522769928,1.3786202669143677
4,540315,3CS9,MdrDBcore04266,F359C,0.676,0.44521740078926086,0.3011261522769928,1.3786202669143677
4,540315,3CS9,MdrDBcore04267,F359I,0.855,0.4452175796031952,0.3011261522769928,1.3786202669143677
4,540315,3CS9,MdrDBcore04268,F359V,0.596,0.44521740078926086,0.3011261522769928,1.3786202669143677
4,540315,3CS9,MdrDBcore04269,G250E,0.596,0.4295524060726166,0.3011261522769928,1.3786202669143677
4,540315,3CS9,MdrDBcore04270,H396R,0.248,0.4295524060726166,0.3011261522769928,1.3786202669143677
4,540315,3CS9,MdrDBcore04271,L248R,2.137,0.250180721282959,0.3011261522769928,1.3786202669143677
4,540315,3CS9,MdrDBcore04272,L248V,0.328,0.43038591742515564,0.3011261522769928,1.3786202669143677
4,540315,3CS9,MdrDBcore04273,M244V,-0.129,0.42955246567726135,0.3011261522769928,1.3786202669143677
4,540315,3CS9,MdrDBcore04274,M351T,0.0,0.42955249547958374,0.3011261522769928,1.3786202669143677
4,540315,3CS9,MdrDBcore04275,T315A,0.716,0.4714256823062897,0.3011261522769928,1.3786202669143677
4,540315,3CS9,MdrDBcore04276,T315I,3.727,0.40177592635154724,0.3011261522769928,1.3786202669143677
4,540315,3CS9,MdrDBcore04277,V299L,0.278,0.41295793652534485,0.3011261522769928,1.3786202669143677
4,540315,3CS9,MdrDBcore04278,Y253F,1.471,0.41147613525390625,0.3011261522769928,1.3786202669143677
4,540315,DOK1,MdrDBcore04279,E255K,-0.109,0.06722673773765564,0.3011261522769928,1.3786202669143677
4,540315,DOK2,MdrDBcore04280,E255K,-0.109,0.47328516840934753,0.3011261522769928,1.3786202669143677
4,540315,DOK1,MdrDBcore04281,F317I,1.57,-0.050817254930734634,0.3011261522769928,1.3786202669143677
4,540315,DOK2,MdrDBcore04282,F317I,1.342,0.46423831582069397,0.3011261522769928,1.3786202669143677
4,540315,DOK1,MdrDBcore04283,F317L,0.398,-0.03345322981476784,0.3011261522769928,1.3786202669143677
4,540315,DOK2,MdrDBcore04284,F317L,0.288,0.45522674918174744,0.3011261522769928,1.3786202669143677
4,540315,DOK1,MdrDBcore04285,M351T,-0.08,0.06722661852836609,0.3011261522769928,1.3786202669143677
4,540315,DOK2,MdrDBcore04286,M351T,0.05,0.47328510880470276,0.3011261522769928,1.3786202669143677
4,540315,DOK1,MdrDBcore04287,Q252H,-0.129,0.14880569279193878,0.3011261522769928,1.3786202669143677
4,540315,DOK2,MdrDBcore04288,Q252H,-0.437,0.29300621151924133,0.3011261522769928,1.3786202669143677
4,540315,DOK1,MdrDBcore04289,T315I,-0.149,0.15907783806324005,0.3011261522769928,1.3786202669143677
4,540315,DOK1,MdrDBcore04290,Y253F,0.0,0.06722657382488251,0.3011261522769928,1.3786202669143677
4,540315,DOK2,MdrDBcore04291,Y253F,-0.169,0.473285049200058,0.3011261522769928,1.3786202669143677
