Run,Seed,SAMPLE_PDB_ID,SAMPLE_ID,MUTATION,True_DDG.EXP,Pred_DDG.EXP,ALL_Pearson,Best_Val_RMSE
13,6499202,6A2K,MdrDBcore00000,A16C+S108T,2.42,3.162961483001709,0.5422354340553284,1.441724181175232
13,6499202,3UM8,MdrDBcore00001,A16C+S108T,-0.41,-1.0591621398925781,0.5422354340553284,1.441724181175232
13,6499202,6A2K,MdrDBcore00002,A16G+S108T,2.64,2.390320062637329,0.5422354340553284,1.441724181175232
13,6499202,6A2K,MdrDBcore00003,A16G+S108T,0.31,1.124460220336914,0.5422354340553284,1.441724181175232
13,6499202,6A2K,MdrDBcore00004,A16S+S108T,3.65,3.5487184524536133,0.5422354340553284,1.441724181175232
13,6499202,6A2K,MdrDBcore00005,A16S+S108T,0.31,0.43647006154060364,0.5422354340553284,1.441724181175232
13,6499202,6A2K,MdrDBcore00006,A16T+S108T,4.13,3.736525058746338,0.5422354340553284,1.441724181175232
13,6499202,6A2K,MdrDBcore00007,A16T+S108T,0.24,0.8846361637115479,0.5422354340553284,1.441724181175232
13,6499202,6A2K,MdrDBcore00008,A16V+S108T,4.09,3.959904670715332,0.5422354340553284,1.441724181175232
13,6499202,6A2K,MdrDBcore00009,A16V+S108T,0.0,0.063644640147686,0.5422354340553284,1.441724181175232
13,6499202,6A2K,MdrDBcore00010,C59R+S108N,1.81,3.094480514526367,0.5422354340553284,1.441724181175232
13,6499202,6A2K,MdrDBcore00011,C59R+S108N,2.32,1.5570180416107178,0.5422354340553284,1.441724181175232
13,6499202,6A2K,MdrDBcore00012,N51I+C59R+S108N+I164L,4.02,3.1554453372955322,0.5422354340553284,1.441724181175232
13,6499202,3UM8,MdrDBcore00013,N51I+C59R+S108N+I164L,4.32,-0.053954117000103,0.5422354340553284,1.441724181175232
13,6499202,5FED,MdrDBcore00014,G719S+T790M,-0.56,-0.5800946354866028,0.5422354340553284,1.441724181175232
13,6499202,5FED,MdrDBcore00015,L858R+T790M,-0.7,0.025872185826301575,0.5422354340553284,1.441724181175232
13,6499202,5I3U,MdrDBcore00016,A98G+G190A,0.47,0.6008185148239136,0.5422354340553284,1.441724181175232
13,6499202,5I3U,MdrDBcore00017,A98G+G190A,0.59,0.054515011608600616,0.5422354340553284,1.441724181175232
13,6499202,5I3U,MdrDBcore00018,A98G+Y181C,1.52,1.068501591682434,0.5422354340553284,1.441724181175232
13,6499202,5I3U,MdrDBcore00019,A98G+Y181C,1.13,-0.19623979926109314,0.5422354340553284,1.441724181175232
13,6499202,5I3U,MdrDBcore00020,E138K+M184I,0.96,-0.3857969343662262,0.5422354340553284,1.441724181175232
13,6499202,5I3U,MdrDBcore00021,E138K+M184I,0.9,1.0613806247711182,0.5422354340553284,1.441724181175232
13,6499202,5I3U,MdrDBcore00022,E138K+M184V,0.78,0.5506407022476196,0.5422354340553284,1.441724181175232
13,6499202,5I3U,MdrDBcore00023,E138K+M184V,0.65,0.22355997562408447,0.5422354340553284,1.441724181175232
13,6499202,5I3U,MdrDBcore00024,K101E+G190A,0.65,0.6298211216926575,0.5422354340553284,1.441724181175232
13,6499202,5I3U,MdrDBcore00025,K101E+G190A,1.03,0.6983527541160583,0.5422354340553284,1.441724181175232
13,6499202,5I3U,MdrDBcore00026,K101E+G190S,0.35,-0.36930951476097107,0.5422354340553284,1.441724181175232
13,6499202,5I3U,MdrDBcore00027,K101E+G190S,0.32,0.583586573600769,0.5422354340553284,1.441724181175232
13,6499202,5I3U,MdrDBcore00028,K101E+Y181C,1.34,0.3622029423713684,0.5422354340553284,1.441724181175232
13,6499202,5I3U,MdrDBcore00029,K101E+Y181C,1.18,0.6412112712860107,0.5422354340553284,1.441724181175232
13,6499202,5I3U,MdrDBcore00030,K101H+G190A,0.69,0.5717937350273132,0.5422354340553284,1.441724181175232
13,6499202,5I3U,MdrDBcore00031,K101H+G190A,0.75,0.18378540873527527,0.5422354340553284,1.441724181175232
13,6499202,5I3U,MdrDBcore00032,K101H+Y181C,1.29,0.4352967441082001,0.5422354340553284,1.441724181175232
13,6499202,5I3U,MdrDBcore00033,K101H+Y181C,1.19,0.1281243860721588,0.5422354340553284,1.441724181175232
13,6499202,1S6Q,MdrDBcore00034,K103N+P225H,0.8,-0.048618778586387634,0.5422354340553284,1.441724181175232
13,6499202,1S6Q,MdrDBcore00035,K103N+P225H,0.16,0.7951291799545288,0.5422354340553284,1.441724181175232
13,6499202,5I3U,MdrDBcore00036,V106M+F227L,0.06,0.03428336977958679,0.5422354340553284,1.441724181175232
13,6499202,5I3U,MdrDBcore00037,V106M+F227L,-0.55,-0.1321420520544052,0.5422354340553284,1.441724181175232
13,6499202,5I3U,MdrDBcore00038,V106M+V179D,1.03,0.23036304116249084,0.5422354340553284,1.441724181175232
13,6499202,5I3U,MdrDBcore00039,V106M+V179D,0.52,0.5764797925949097,0.5422354340553284,1.441724181175232
13,6499202,5I3U,MdrDBcore00040,V179F+Y181C,1.13,0.24576422572135925,0.5422354340553284,1.441724181175232
13,6499202,5I3U,MdrDBcore00041,Y181C+G190A,0.92,0.7112031579017639,0.5422354340553284,1.441724181175232
13,6499202,5I3U,MdrDBcore00042,Y181C+G190A,0.57,0.8082271814346313,0.5422354340553284,1.441724181175232
13,6499202,5I3U,MdrDBcore00043,Y181C+G190S,1.98,0.4576720893383026,0.5422354340553284,1.441724181175232
13,6499202,5I3U,MdrDBcore00044,Y181C+G190S,1.09,0.15426868200302124,0.5422354340553284,1.441724181175232
13,6499202,1S6Q,MdrDBcore00045,Y181C+H221Y,1.82,2.2142221927642822,0.5422354340553284,1.441724181175232
13,6499202,1IKY,MdrDBcore00046,Y181C+H221Y,1.08,0.7647380828857422,0.5422354340553284,1.441724181175232
13,6499202,3BGB,MdrDBcore00047,G48V+L90M,1.42,0.013199828565120697,0.5422354340553284,1.441724181175232
13,6499202,3BGB,MdrDBcore00048,L10F+I50V,2.43,0.1457882821559906,0.5422354340553284,1.441724181175232
13,6499202,3BGB,MdrDBcore00049,L10F+I84V,1.78,0.07429447025060654,0.5422354340553284,1.441724181175232
13,6499202,3BGB,MdrDBcore00050,V82F+I84V,2.73,0.47743967175483704,0.5422354340553284,1.441724181175232
13,6499202,3LEP,MdrDBcore00051,S302R+C303D,1.91,0.7652412056922913,0.5422354340553284,1.441724181175232
13,6499202,3UM8,MdrDBcore00052,A16C,0.07,0.74024498462677,0.5422354340553284,1.441724181175232
13,6499202,3QGT,MdrDBcore00053,A16C,0.17,0.6995366215705872,0.5422354340553284,1.441724181175232
13,6499202,3UM8,MdrDBcore00054,A16G,0.74,0.8176354765892029,0.5422354340553284,1.441724181175232
13,6499202,3QGT,MdrDBcore00055,A16G,0.5,0.7495239973068237,0.5422354340553284,1.441724181175232
13,6499202,3UM8,MdrDBcore00056,A16S,2.63,0.770214855670929,0.5422354340553284,1.441724181175232
13,6499202,3QGT,MdrDBcore00057,A16S,1.79,0.7048463225364685,0.5422354340553284,1.441724181175232
13,6499202,3UM8,MdrDBcore00058,S108N,1.25,0.7101569175720215,0.5422354340553284,1.441724181175232
13,6499202,3QGT,MdrDBcore00059,S108N,1.88,0.5868167281150818,0.5422354340553284,1.441724181175232
13,6499202,3UM8,MdrDBcore00060,S108T,0.64,0.7641199827194214,0.5422354340553284,1.441724181175232
13,6499202,3QGT,MdrDBcore00061,S108T,0.0,0.6970137357711792,0.5422354340553284,1.441724181175232
13,6499202,2GQG,MdrDBcore00062,E255K,1.16,0.6769935488700867,0.5422354340553284,1.441724181175232
13,6499202,3CS9,MdrDBcore00063,E255K,1.63,0.7321025133132935,0.5422354340553284,1.441724181175232
13,6499202,2GQG,MdrDBcore00064,E255V,1.56,0.6769934296607971,0.5422354340553284,1.441724181175232
13,6499202,3CS9,MdrDBcore00065,E255V,2.09,0.7321025729179382,0.5422354340553284,1.441724181175232
13,6499202,2GQG,MdrDBcore00066,E355G,0.48,0.6769933104515076,0.5422354340553284,1.441724181175232
13,6499202,2GQG,MdrDBcore00067,F311L,0.29,0.6769930124282837,0.5422354340553284,1.441724181175232
13,6499202,3CS9,MdrDBcore00068,F311L,0.34,0.7321026921272278,0.5422354340553284,1.441724181175232
13,6499202,2GQG,MdrDBcore00069,F317L,1.33,0.7697409391403198,0.5422354340553284,1.441724181175232
13,6499202,3CS9,MdrDBcore00070,F317L,0.8,0.7546882629394531,0.5422354340553284,1.441724181175232
13,6499202,2GQG,MdrDBcore00071,F317V,2.5,0.8119182586669922,0.5422354340553284,1.441724181175232
13,6499202,2GQG,MdrDBcore00072,F359V,0.6,0.6769932508468628,0.5422354340553284,1.441724181175232
13,6499202,3CS9,MdrDBcore00073,F359V,1.55,0.7203940153121948,0.5422354340553284,1.441724181175232
13,6499202,2GQG,MdrDBcore00074,G250E,0.48,0.676993191242218,0.5422354340553284,1.441724181175232
13,6499202,3CS9,MdrDBcore00075,G250E,0.78,0.7321025729179382,0.5422354340553284,1.441724181175232
13,6499202,2GQG,MdrDBcore00076,H396P,-0.17,0.6603657603263855,0.5422354340553284,1.441724181175232
13,6499202,3CS9,MdrDBcore00077,H396P,0.68,0.7321025133132935,0.5422354340553284,1.441724181175232
13,6499202,2GQG,MdrDBcore00078,H396R,0.29,0.6663182377815247,0.5422354340553284,1.441724181175232
13,6499202,3CS9,MdrDBcore00079,H396R,0.68,0.7321026921272278,0.5422354340553284,1.441724181175232
13,6499202,2GQG,MdrDBcore00080,L387M,0.55,0.6769936680793762,0.5422354340553284,1.441724181175232
13,6499202,3CS9,MdrDBcore00081,L387M,0.79,0.7321025133132935,0.5422354340553284,1.441724181175232
13,6499202,2GQG,MdrDBcore00082,M244V,0.29,0.6769933700561523,0.5422354340553284,1.441724181175232
13,6499202,3CS9,MdrDBcore00083,M244V,0.64,0.7321026921272278,0.5422354340553284,1.441724181175232
13,6499202,2GQG,MdrDBcore00084,M351T,0.19,0.6769934296607971,0.5422354340553284,1.441724181175232
13,6499202,3CS9,MdrDBcore00085,M351T,0.09,0.7321023344993591,0.5422354340553284,1.441724181175232
13,6499202,2GQG,MdrDBcore00086,Q252H,0.86,0.6769933700561523,0.5422354340553284,1.441724181175232
13,6499202,3CS9,MdrDBcore00087,Q252H,1.0,0.7321025729179382,0.5422354340553284,1.441724181175232
13,6499202,2GQG,MdrDBcore00088,T315A,3.01,0.8632845878601074,0.5422354340553284,1.441724181175232
13,6499202,3CS9,MdrDBcore00089,T315A,0.92,0.7695196270942688,0.5422354340553284,1.441724181175232
13,6499202,2GQG,MdrDBcore00090,T315I,3.29,0.4639239013195038,0.5422354340553284,1.441724181175232
13,6499202,3CS9,MdrDBcore00091,T315I,3.0,0.5880298018455505,0.5422354340553284,1.441724181175232
13,6499202,2GQG,MdrDBcore00092,V299L,1.86,0.5085550546646118,0.5422354340553284,1.441724181175232
13,6499202,2GQG,MdrDBcore00093,V379I,0.0,0.6769934892654419,0.5422354340553284,1.441724181175232
13,6499202,3CS9,MdrDBcore00094,V379I,0.81,0.731972873210907,0.5422354340553284,1.441724181175232
13,6499202,2GQG,MdrDBcore00095,Y253F,0.33,0.704795241355896,0.5422354340553284,1.441724181175232
13,6499202,3CS9,MdrDBcore00096,Y253F,1.35,0.7493847608566284,0.5422354340553284,1.441724181175232
13,6499202,2GQG,MdrDBcore00097,Y253H,0.29,0.7092390656471252,0.5422354340553284,1.441724181175232
13,6499202,3CS9,MdrDBcore00098,Y253H,2.11,0.7486709356307983,0.5422354340553284,1.441724181175232
13,6499202,5CAN,MdrDBcore00099,G719S,0.48,-0.26440948247909546,0.5422354340553284,1.441724181175232
13,6499202,6D8E,MdrDBcore00100,L858R,-1.6,-0.6175252199172974,0.5422354340553284,1.441724181175232
13,6499202,2ITY,MdrDBcore00101,T790M,-1.21,-0.5183038115501404,0.5422354340553284,1.441724181175232
13,6499202,2ZD1,MdrDBcore00102,A98G,0.24,0.5348803400993347,0.5422354340553284,1.441724181175232
13,6499202,2ZD1,MdrDBcore00103,A98G,0.41,0.5348805785179138,0.5422354340553284,1.441724181175232
13,6499202,2ZD1,MdrDBcore00104,E138A,0.57,0.5348808169364929,0.5422354340553284,1.441724181175232
13,6499202,2ZD1,MdrDBcore00105,E138A,0.32,0.5348802208900452,0.5422354340553284,1.441724181175232
13,6499202,2ZD1,MdrDBcore00106,E138G,0.88,0.534880518913269,0.5422354340553284,1.441724181175232
13,6499202,2ZD1,MdrDBcore00107,E138G,0.61,0.5348808169364929,0.5422354340553284,1.441724181175232
13,6499202,2ZD1,MdrDBcore00108,E138K,0.78,0.534881055355072,0.5422354340553284,1.441724181175232
13,6499202,2ZD1,MdrDBcore00109,E138K,0.81,0.5348804593086243,0.5422354340553284,1.441724181175232
13,6499202,2ZD1,MdrDBcore00110,E138Q,1.5,0.5348800420761108,0.5422354340553284,1.441724181175232
13,6499202,2ZD1,MdrDBcore00111,E138Q,1.17,0.5348806381225586,0.5422354340553284,1.441724181175232
13,6499202,2ZD1,MdrDBcore00112,E138R,1.47,0.5348804593086243,0.5422354340553284,1.441724181175232
13,6499202,2ZD1,MdrDBcore00113,E138R,1.14,0.5348799228668213,0.5422354340553284,1.441724181175232
13,6499202,2ZD1,MdrDBcore00114,F227C,0.76,0.3978165090084076,0.5422354340553284,1.441724181175232
13,6499202,2ZD1,MdrDBcore00115,F227C,0.84,0.39781633019447327,0.5422354340553284,1.441724181175232
13,6499202,2ZD1,MdrDBcore00116,G190A,-0.21,0.5026818513870239,0.5422354340553284,1.441724181175232
13,6499202,2ZD1,MdrDBcore00117,G190A,0.0,0.5026817321777344,0.5422354340553284,1.441724181175232
13,6499202,2ZD1,MdrDBcore00118,G190S,-0.41,0.4120216965675354,0.5422354340553284,1.441724181175232
13,6499202,2ZD1,MdrDBcore00119,G190S,-1.37,0.41202184557914734,0.5422354340553284,1.441724181175232
13,6499202,3TKW,MdrDBcore00120,G48V,2.01,0.8716234564781189,0.5422354340553284,1.441724181175232
13,6499202,2ZD1,MdrDBcore00121,H221Y,0.32,0.5348807573318481,0.5422354340553284,1.441724181175232
13,6499202,2ZD1,MdrDBcore00122,H221Y,0.28,0.5348808169364929,0.5422354340553284,1.441724181175232
13,6499202,3TKW,MdrDBcore00123,I50V,2.05,1.6044751405715942,0.5422354340553284,1.441724181175232
13,6499202,3TKW,MdrDBcore00124,I54M,0.61,0.8711751699447632,0.5422354340553284,1.441724181175232
13,6499202,3TKW,MdrDBcore00125,I54V,1.28,0.8711762428283691,0.5422354340553284,1.441724181175232
13,6499202,2ZD1,MdrDBcore00126,K101E,0.57,0.5961683392524719,0.5422354340553284,1.441724181175232
13,6499202,2ZD1,MdrDBcore00127,K101E,0.59,0.5961684584617615,0.5422354340553284,1.441724181175232
13,6499202,2ZD1,MdrDBcore00128,K101H,0.06,0.6791906356811523,0.5422354340553284,1.441724181175232
13,6499202,2ZD1,MdrDBcore00129,K101H,0.41,0.679190993309021,0.5422354340553284,1.441724181175232
13,6499202,2ZD1,MdrDBcore00130,K101P,0.86,0.41961944103240967,0.5422354340553284,1.441724181175232
13,6499202,2ZD1,MdrDBcore00131,K101P,1.83,0.41961994767189026,0.5422354340553284,1.441724181175232
13,6499202,2ZD1,MdrDBcore00132,K103N,-0.13,0.223893404006958,0.5422354340553284,1.441724181175232
13,6499202,2ZD1,MdrDBcore00133,K103N,0.0,0.22389385104179382,0.5422354340553284,1.441724181175232
13,6499202,2ZD1,MdrDBcore00134,K103S,0.32,0.5769373178482056,0.5422354340553284,1.441724181175232
13,6499202,2ZD1,MdrDBcore00135,K103S,0.32,0.5769370198249817,0.5422354340553284,1.441724181175232
13,6499202,2ZD1,MdrDBcore00136,L100I,0.41,0.4117641746997833,0.5422354340553284,1.441724181175232
13,6499202,2ZD1,MdrDBcore00137,L100I,-0.21,0.41176357865333557,0.5422354340553284,1.441724181175232
13,6499202,2ZD1,MdrDBcore00138,M230I,1.29,0.5348801016807556,0.5422354340553284,1.441724181175232
13,6499202,2ZD1,MdrDBcore00139,M230I,1.03,0.5348803400993347,0.5422354340553284,1.441724181175232
13,6499202,2ZD1,MdrDBcore00140,M230L,1.35,0.5348812937736511,0.5422354340553284,1.441724181175232
13,6499202,2ZD1,MdrDBcore00141,M230L,1.15,0.5348802208900452,0.5422354340553284,1.441724181175232
13,6499202,2ZD1,MdrDBcore00142,P225H,-0.3,0.5463495850563049,0.5422354340553284,1.441724181175232
13,6499202,2ZD1,MdrDBcore00143,P225H,-0.55,0.5463497638702393,0.5422354340553284,1.441724181175232
13,6499202,2ZD1,MdrDBcore00144,V106A,0.11,0.5803839564323425,0.5422354340553284,1.441724181175232
13,6499202,2ZD1,MdrDBcore00145,V106A,-0.21,0.5803842544555664,0.5422354340553284,1.441724181175232
13,6499202,2ZD1,MdrDBcore00146,V106I,-0.3,0.3998224437236786,0.5422354340553284,1.441724181175232
13,6499202,2ZD1,MdrDBcore00147,V106I,-0.41,0.39982229471206665,0.5422354340553284,1.441724181175232
13,6499202,2ZD1,MdrDBcore00148,V106M,0.28,0.3869883120059967,0.5422354340553284,1.441724181175232
13,6499202,2ZD1,MdrDBcore00149,V106M,0.0,0.38698819279670715,0.5422354340553284,1.441724181175232
13,6499202,2ZD1,MdrDBcore00150,V108I,-0.21,0.5348802804946899,0.5422354340553284,1.441724181175232
13,6499202,2ZD1,MdrDBcore00151,V108I,-0.3,0.5348800420761108,0.5422354340553284,1.441724181175232
13,6499202,2ZD1,MdrDBcore00152,V179D,0.28,0.42786046862602234,0.5422354340553284,1.441724181175232
13,6499202,2ZD1,MdrDBcore00153,V179D,0.0,0.42786064743995667,0.5422354340553284,1.441724181175232
13,6499202,2ZD1,MdrDBcore00154,V179L,-0.21,0.18132707476615906,0.5422354340553284,1.441724181175232
13,6499202,2ZD1,MdrDBcore00155,V179L,-0.41,0.18132686614990234,0.5422354340553284,1.441724181175232
13,6499202,2ZD1,MdrDBcore00156,V179T,0.06,0.5220040678977966,0.5422354340553284,1.441724181175232
13,6499202,2ZD1,MdrDBcore00157,V179T,0.11,0.5220035910606384,0.5422354340553284,1.441724181175232
13,6499202,2ZD1,MdrDBcore00158,V90I,0.16,0.5348801016807556,0.5422354340553284,1.441724181175232
13,6499202,2ZD1,MdrDBcore00159,V90I,0.11,0.5348801612854004,0.5422354340553284,1.441724181175232
13,6499202,2ZD1,MdrDBcore00160,Y181C,0.81,0.7562037110328674,0.5422354340553284,1.441724181175232
13,6499202,2ZD1,MdrDBcore00161,Y181C,0.11,0.7562040686607361,0.5422354340553284,1.441724181175232
13,6499202,2ZD1,MdrDBcore00162,Y181I,2.05,0.6550637483596802,0.5422354340553284,1.441724181175232
13,6499202,2ZD1,MdrDBcore00163,Y181I,2.05,0.6550635695457458,0.5422354340553284,1.441724181175232
13,6499202,2ZD1,MdrDBcore00164,Y181V,1.83,0.6534451246261597,0.5422354340553284,1.441724181175232
13,6499202,2ZD1,MdrDBcore00165,Y188C,-1.37,0.7813864350318909,0.5422354340553284,1.441724181175232
13,6499202,2ZD1,MdrDBcore00166,Y188C,-0.96,0.7813862562179565,0.5422354340553284,1.441724181175232
13,6499202,2ZD1,MdrDBcore00167,Y188H,-0.96,0.4940265119075775,0.5422354340553284,1.441724181175232
13,6499202,2ZD1,MdrDBcore00168,Y188H,-0.3,0.49402669072151184,0.5422354340553284,1.441724181175232
13,6499202,2ZD1,MdrDBcore00169,Y188L,0.63,0.5920649170875549,0.5422354340553284,1.441724181175232
13,6499202,2ZD1,MdrDBcore00170,Y188L,1.23,0.5920647978782654,0.5422354340553284,1.441724181175232
13,6499202,1FK9,MdrDBcore00171,A98G,0.76,0.9365133047103882,0.5422354340553284,1.441724181175232
13,6499202,1VRT,MdrDBcore00172,A98G,1.23,1.0003557205200195,0.5422354340553284,1.441724181175232
13,6499202,1FK9,MdrDBcore00173,E138A,0.16,0.93651282787323,0.5422354340553284,1.441724181175232
13,6499202,1VRT,MdrDBcore00174,E138A,0.06,1.0003557205200195,0.5422354340553284,1.441724181175232
13,6499202,1FK9,MdrDBcore00175,E138G,0.32,0.9365129470825195,0.5422354340553284,1.441724181175232
13,6499202,1VRT,MdrDBcore00176,E138G,0.47,1.00035560131073,0.5422354340553284,1.441724181175232
13,6499202,1FK9,MdrDBcore00177,E138K,0.59,0.9365130662918091,0.5422354340553284,1.441724181175232
13,6499202,1VRT,MdrDBcore00178,E138K,0.38,1.0003557205200195,0.5422354340553284,1.441724181175232
13,6499202,1FK9,MdrDBcore00179,E138Q,1.15,0.93651282787323,0.5422354340553284,1.441724181175232
13,6499202,1VRT,MdrDBcore00180,E138Q,1.38,1.000355839729309,0.5422354340553284,1.441724181175232
13,6499202,1FK9,MdrDBcore00181,E138R,0.92,0.9365129470825195,0.5422354340553284,1.441724181175232
13,6499202,1VRT,MdrDBcore00182,E138R,0.94,1.000355839729309,0.5422354340553284,1.441724181175232
13,6499202,1FK9,MdrDBcore00183,F227C,0.97,0.9067559242248535,0.5422354340553284,1.441724181175232
13,6499202,1VRT,MdrDBcore00184,F227C,1.71,0.8514569997787476,0.5422354340553284,1.441724181175232
13,6499202,1FK9,MdrDBcore00185,G190A,1.21,0.9702146053314209,0.5422354340553284,1.441724181175232
13,6499202,1VRT,MdrDBcore00186,G190A,2.57,1.0121549367904663,0.5422354340553284,1.441724181175232
13,6499202,1FK9,MdrDBcore00187,G190S,2.3,1.0542449951171875,0.5422354340553284,1.441724181175232
13,6499202,1VRT,MdrDBcore00188,G190S,3.18,1.0033750534057617,0.5422354340553284,1.441724181175232
13,6499202,1HXB,MdrDBcore00189,G48V,3.01,0.5465691685676575,0.5422354340553284,1.441724181175232
13,6499202,1FK9,MdrDBcore00190,H221Y,0.41,0.9365130662918091,0.5422354340553284,1.441724181175232
13,6499202,1VRT,MdrDBcore00191,H221Y,0.88,1.0003557205200195,0.5422354340553284,1.441724181175232
13,6499202,1HXB,MdrDBcore00192,I47V,-0.41,0.40980276465415955,0.5422354340553284,1.441724181175232
13,6499202,1HXB,MdrDBcore00193,I50V,1.89,0.3620131313800812,0.5422354340553284,1.441724181175232
13,6499202,1HXB,MdrDBcore00194,I54M,0.95,0.42651280760765076,0.5422354340553284,1.441724181175232
13,6499202,1HXB,MdrDBcore00195,I54V,1.61,0.42651310563087463,0.5422354340553284,1.441724181175232
13,6499202,1HXB,MdrDBcore00196,I84V,1.68,0.3728810250759125,0.5422354340553284,1.441724181175232
13,6499202,1FK9,MdrDBcore00197,K101E,0.96,0.7254126071929932,0.5422354340553284,1.441724181175232
13,6499202,1VRT,MdrDBcore00198,K101E,1.46,1.0003411769866943,0.5422354340553284,1.441724181175232
13,6499202,1FK9,MdrDBcore00199,K101H,0.69,0.924658477306366,0.5422354340553284,1.441724181175232
13,6499202,1VRT,MdrDBcore00200,K101H,1.18,1.000344157218933,0.5422354340553284,1.441724181175232
13,6499202,1FK9,MdrDBcore00201,K101P,2.2,1.017384648323059,0.5422354340553284,1.441724181175232
13,6499202,1FK9,MdrDBcore00202,K103N,1.94,1.0821696519851685,0.5422354340553284,1.441724181175232
13,6499202,1VRT,MdrDBcore00203,K103N,2.39,1.0106288194656372,0.5422354340553284,1.441724181175232
13,6499202,1FK9,MdrDBcore00204,K103S,1.58,0.8950838446617126,0.5422354340553284,1.441724181175232
13,6499202,1FK9,MdrDBcore00205,L100I,1.37,1.0564711093902588,0.5422354340553284,1.441724181175232
13,6499202,1VRT,MdrDBcore00206,L100I,0.67,0.9923418760299683,0.5422354340553284,1.441724181175232
13,6499202,1HXB,MdrDBcore00207,L10F,0.33,0.42651304602622986,0.5422354340553284,1.441724181175232
13,6499202,1HXB,MdrDBcore00208,L90M,0.59,0.426512211561203,0.5422354340553284,1.441724181175232
13,6499202,1FK9,MdrDBcore00209,M230I,1.41,0.9365130662918091,0.5422354340553284,1.441724181175232
13,6499202,1VRT,MdrDBcore00210,M230I,1.64,1.00035560131073,0.5422354340553284,1.441724181175232
13,6499202,1FK9,MdrDBcore00211,M230L,1.64,0.9365129470825195,0.5422354340553284,1.441724181175232
13,6499202,1HXB,MdrDBcore00212,M46I,0.0,0.42651304602622986,0.5422354340553284,1.441724181175232
13,6499202,1FK9,MdrDBcore00213,P225H,0.2,0.9365129470825195,0.5422354340553284,1.441724181175232
13,6499202,1VRT,MdrDBcore00214,P225H,0.41,1.000355839729309,0.5422354340553284,1.441724181175232
13,6499202,1FK9,MdrDBcore00215,V106A,0.32,0.9629087448120117,0.5422354340553284,1.441724181175232
13,6499202,1VRT,MdrDBcore00216,V106A,2.48,1.0872125625610352,0.5422354340553284,1.441724181175232
13,6499202,1FK9,MdrDBcore00217,V106I,-0.3,0.9643344879150391,0.5422354340553284,1.441724181175232
13,6499202,1VRT,MdrDBcore00218,V106I,-0.21,1.022787094116211,0.5422354340553284,1.441724181175232
13,6499202,1FK9,MdrDBcore00219,V106M,1.81,1.1728568077087402,0.5422354340553284,1.441724181175232
13,6499202,1VRT,MdrDBcore00220,V106M,2.05,0.9602630138397217,0.5422354340553284,1.441724181175232
13,6499202,1FK9,MdrDBcore00221,V108I,0.32,0.9365135431289673,0.5422354340553284,1.441724181175232
13,6499202,1VRT,MdrDBcore00222,V108I,0.65,1.0003557205200195,0.5422354340553284,1.441724181175232
13,6499202,1FK9,MdrDBcore00223,V179D,0.65,0.7884860634803772,0.5422354340553284,1.441724181175232
13,6499202,1VRT,MdrDBcore00224,V179D,0.16,1.0069891214370728,0.5422354340553284,1.441724181175232
13,6499202,1VRT,MdrDBcore00225,V179F,-1.37,0.9709300994873047,0.5422354340553284,1.441724181175232
13,6499202,1FK9,MdrDBcore00226,V179L,-0.55,0.9939624071121216,0.5422354340553284,1.441724181175232
13,6499202,1VRT,MdrDBcore00227,V179L,-0.3,1.0076684951782227,0.5422354340553284,1.441724181175232
13,6499202,1FK9,MdrDBcore00228,V179T,-0.21,0.8297415971755981,0.5422354340553284,1.441724181175232
13,6499202,1VRT,MdrDBcore00229,V179T,-0.13,1.0028597116470337,0.5422354340553284,1.441724181175232
13,6499202,1HXB,MdrDBcore00230,V32I,0.28,0.4986545145511627,0.5422354340553284,1.441724181175232
13,6499202,1HXB,MdrDBcore00231,V82A,0.3,0.3379457890987396,0.5422354340553284,1.441724181175232
13,6499202,1HXB,MdrDBcore00232,V82I,1.18,0.4263732135295868,0.5422354340553284,1.441724181175232
13,6499202,1FK9,MdrDBcore00233,V90I,0.06,0.9365131855010986,0.5422354340553284,1.441724181175232
13,6499202,1VRT,MdrDBcore00234,V90I,0.16,1.0003557205200195,0.5422354340553284,1.441724181175232
13,6499202,1FK9,MdrDBcore00235,Y181C,0.65,0.8558634519577026,0.5422354340553284,1.441724181175232
13,6499202,1VRT,MdrDBcore00236,Y181C,3.03,1.0307166576385498,0.5422354340553284,1.441724181175232
13,6499202,1FK9,MdrDBcore00237,Y181I,0.06,0.8811105489730835,0.5422354340553284,1.441724181175232
13,6499202,1FK9,MdrDBcore00238,Y181V,0.47,0.820600688457489,0.5422354340553284,1.441724181175232
13,6499202,1FK9,MdrDBcore00239,Y188C,0.78,0.8922635316848755,0.5422354340553284,1.441724181175232
13,6499202,1FK9,MdrDBcore00240,Y188H,0.9,0.9768366813659668,0.5422354340553284,1.441724181175232
13,6499202,1VRT,MdrDBcore00241,Y188H,0.47,1.0549547672271729,0.5422354340553284,1.441724181175232
13,6499202,1FK9,MdrDBcore00242,Y188L,2.8,0.8649829030036926,0.5422354340553284,1.441724181175232
13,6499202,1VRT,MdrDBcore00243,Y188L,3.7,0.9961190223693848,0.5422354340553284,1.441724181175232
13,6499202,1HPV,MdrDBcore00244,G48V,0.82,0.6938273310661316,0.5422354340553284,1.441724181175232
13,6499202,1HPV,MdrDBcore00245,I47V,-0.24,0.6941185593605042,0.5422354340553284,1.441724181175232
13,6499202,1HPV,MdrDBcore00246,I50V,2.48,0.6174303889274597,0.5422354340553284,1.441724181175232
13,6499202,1HPV,MdrDBcore00247,I84V,1.86,0.5983998775482178,0.5422354340553284,1.441724181175232
13,6499202,1HPV,MdrDBcore00248,L10F,-0.11,0.6937389373779297,0.5422354340553284,1.441724181175232
13,6499202,1HPV,MdrDBcore00249,L90M,0.65,0.6937390565872192,0.5422354340553284,1.441724181175232
13,6499202,1HPV,MdrDBcore00250,M46I,-0.41,0.6937391757965088,0.5422354340553284,1.441724181175232
13,6499202,1HPV,MdrDBcore00251,V82A,0.33,0.7212054133415222,0.5422354340553284,1.441724181175232
13,6499202,1HPV,MdrDBcore00252,V82I,0.71,0.700325071811676,0.5422354340553284,1.441724181175232
13,6499202,1PWM,MdrDBcore00253,C303D,1.04,0.9157096147537231,0.5422354340553284,1.441724181175232
13,6499202,1PWM,MdrDBcore00254,F121P,0.29,0.9157093167304993,0.5422354340553284,1.441724181175232
13,6499202,1PWM,MdrDBcore00255,L300A,0.46,0.9157105088233948,0.5422354340553284,1.441724181175232
13,6499202,1PWM,MdrDBcore00256,L300P,1.88,0.9157100915908813,0.5422354340553284,1.441724181175232
13,6499202,1PWM,MdrDBcore00257,L301M,0.7,0.9157094955444336,0.5422354340553284,1.441724181175232
13,6499202,1PWM,MdrDBcore00258,T113Y,2.08,0.9157097935676575,0.5422354340553284,1.441724181175232
13,6499202,1PWM,MdrDBcore00259,V47I,0.14,0.9157094955444336,0.5422354340553284,1.441724181175232
13,6499202,1MUI,MdrDBcore00260,D30N,0.77,-0.09490183740854263,0.5422354340553284,1.441724181175232
13,6499202,1MUI,MdrDBcore00261,L90M,-0.06,-0.07867727428674698,0.5422354340553284,1.441724181175232
13,6499202,1MUI,MdrDBcore00262,N88D,-0.19,-0.07867715507745743,0.5422354340553284,1.441724181175232
13,6499202,3B7E,MdrDBcore00263,E119A,4.25,1.0569015741348267,0.5422354340553284,1.441724181175232
13,6499202,3B7E,MdrDBcore00264,H274Y,0.55,0.7068727016448975,0.5422354340553284,1.441724181175232
13,6499202,3B7E,MdrDBcore00265,I117V,0.84,0.6607480049133301,0.5422354340553284,1.441724181175232
13,6499202,3B7E,MdrDBcore00266,K150N,0.11,0.6607484817504883,0.5422354340553284,1.441724181175232
13,6499202,3B7E,MdrDBcore00267,N294S,0.73,0.5258237719535828,0.5422354340553284,1.441724181175232
13,6499202,3B7E,MdrDBcore00268,V116A,2.08,0.6607481241226196,0.5422354340553284,1.441724181175232
13,6499202,3B7E,MdrDBcore00269,Y252H,0.16,0.6607482433319092,0.5422354340553284,1.441724181175232
13,6499202,1OHR,MdrDBcore00270,G48V,0.65,0.6930232048034668,0.5422354340553284,1.441724181175232
13,6499202,1OHR,MdrDBcore00271,I84V,1.2,0.8870518207550049,0.5422354340553284,1.441724181175232
13,6499202,1OHR,MdrDBcore00272,L90M,0.41,0.6929728388786316,0.5422354340553284,1.441724181175232
13,6499202,1OHR,MdrDBcore00273,V82A,0.86,0.8062006235122681,0.5422354340553284,1.441724181175232
13,6499202,1OHR,MdrDBcore00274,V82F,1.61,0.9030696153640747,0.5422354340553284,1.441724181175232
13,6499202,1OHR,MdrDBcore00275,V82I,1.7,0.6964155435562134,0.5422354340553284,1.441724181175232
13,6499202,3C4C,MdrDBcore00276,N486_P491delNVTAP,0.0,-0.2878974378108978,0.5422354340553284,1.441724181175232
13,6499202,3C4C,MdrDBcore00277,N486_P491delNVTAP,-2.23,-0.903057873249054,0.5422354340553284,1.441724181175232
13,6499202,3EYL,MdrDBcore00278,E350delE,0.0,-0.21664518117904663,0.5422354340553284,1.441724181175232
13,6499202,7MFD,MdrDBcore00279,V600E+I208V,0.0,0.543740451335907,0.5422354340553284,1.441724181175232
13,6499202,7MFD,MdrDBcore00280,V600E+I208V,-1.42,-0.38292986154556274,0.5422354340553284,1.441724181175232
13,6499202,2FK3,MdrDBcore00281,D177N,0.476,0.6878466606140137,0.5422354340553284,1.441724181175232
13,6499202,3UMI,MdrDBcore00282,E462K,0.496,0.4419432580471039,0.5422354340553284,1.441724181175232
13,6499202,1TKN,MdrDBcore00283,E556G,-4.106,0.17441213130950928,0.5422354340553284,1.441724181175232
13,6499202,2FK3,MdrDBcore00284,F179S,-0.371,-0.0740760937333107,0.5422354340553284,1.441724181175232
13,6499202,1TKN,MdrDBcore00285,K510N,0.496,0.23511630296707153,0.5422354340553284,1.441724181175232
13,6499202,3UMI,MdrDBcore00286,M406V,0.496,0.6898218989372253,0.5422354340553284,1.441724181175232
13,6499202,1TKN,MdrDBcore00287,N550K,0.496,0.2906106412410736,0.5422354340553284,1.441724181175232
13,6499202,3MOQ,MdrDBcore00288,R100Q,-1.543,0.03860536962747574,0.5422354340553284,1.441724181175232
13,6499202,3MOQ,MdrDBcore00289,R102P,0.496,0.07683221250772476,0.5422354340553284,1.441724181175232
13,6499202,1TKN,MdrDBcore00290,R540H,0.496,0.6286698579788208,0.5422354340553284,1.441724181175232
13,6499202,1TKN,MdrDBcore00291,Y538H,0.496,0.7089495062828064,0.5422354340553284,1.441724181175232
13,6499202,6UAN,MdrDBcore00292,A728V,-2.513,-0.4818006157875061,0.5422354340553284,1.441724181175232
13,6499202,6Q0T,MdrDBcore00293,A728V,-2.814,-0.00454287976026535,0.5422354340553284,1.441724181175232
13,6499202,6NYB,MdrDBcore00294,E275K,0.0,-0.34042394161224365,0.5422354340553284,1.441724181175232
13,6499202,6NYB,MdrDBcore00295,E275K,-2.313,-0.21973168849945068,0.5422354340553284,1.441724181175232
13,6499202,3C4C,MdrDBcore00296,G464E,-2.837,-0.3434315621852875,0.5422354340553284,1.441724181175232
13,6499202,3C4C,MdrDBcore00297,G466V,0.0,-0.29347240924835205,0.5422354340553284,1.441724181175232
13,6499202,3C4C,MdrDBcore00298,G466V,-2.766,-0.6994591951370239,0.5422354340553284,1.441724181175232
13,6499202,7M0X,MdrDBcore00299,K601N,-2.532,-0.05795542150735855,0.5422354340553284,1.441724181175232
13,6499202,7M0X,MdrDBcore00300,K601N,-2.948,-0.5959252715110779,0.5422354340553284,1.441724181175232
13,6499202,3C4C,MdrDBcore00301,L485W,0.0,-0.41634508967399597,0.5422354340553284,1.441724181175232
13,6499202,3C4C,MdrDBcore00302,L485W,-2.901,-0.40763330459594727,0.5422354340553284,1.441724181175232
13,6499202,7M0X,MdrDBcore00303,L597R,0.0,0.3338150978088379,0.5422354340553284,1.441724181175232
13,6499202,7M0X,MdrDBcore00304,L597R,0.154,-0.348821222782135,0.5422354340553284,1.441724181175232
13,6499202,7M0X,MdrDBcore00305,L597V,-1.652,-0.3463399112224579,0.5422354340553284,1.441724181175232
13,6499202,7M0X,MdrDBcore00306,L597V,-1.444,-0.5765692591667175,0.5422354340553284,1.441724181175232
13,6499202,3C4C,MdrDBcore00307,M650I,0.0,-0.14123888313770294,0.5422354340553284,1.441724181175232
13,6499202,3C4C,MdrDBcore00308,M650I,-0.593,-0.10293542593717575,0.5422354340553284,1.441724181175232
13,6499202,5VR3,MdrDBcore00309,P74A,0.0,-0.2919252812862396,0.5422354340553284,1.441724181175232
13,6499202,5VR3,MdrDBcore00310,P74A,-1.968,-1.1649338006973267,0.5422354340553284,1.441724181175232
13,6499202,3C4C,MdrDBcore00311,R682Q,0.0,-0.3613239824771881,0.5422354340553284,1.441724181175232
13,6499202,3C4C,MdrDBcore00312,R682Q,0.132,-0.10898762196302414,0.5422354340553284,1.441724181175232
13,6499202,6NYB,MdrDBcore00313,S273N,0.0,0.3373825252056122,0.5422354340553284,1.441724181175232
13,6499202,7MFD,MdrDBcore00314,S273N,1.715,-0.2824048697948456,0.5422354340553284,1.441724181175232
13,6499202,3C4C,MdrDBcore00315,S683N,0.0,-0.18331655859947205,0.5422354340553284,1.441724181175232
13,6499202,3C4C,MdrDBcore00316,S683N,-0.956,0.18307074904441833,0.5422354340553284,1.441724181175232
13,6499202,5J18,MdrDBcore00317,V226M,0.0,0.03128238022327423,0.5422354340553284,1.441724181175232
13,6499202,3NY5,MdrDBcore00318,V226M,-2.284,-0.4592451751232147,0.5422354340553284,1.441724181175232
13,6499202,7M0X,MdrDBcore00319,V600E,-2.583,-0.192125141620636,0.5422354340553284,1.441724181175232
13,6499202,7M0X,MdrDBcore00320,V600E,-1.827,-0.6274265050888062,0.5422354340553284,1.441724181175232
13,6499202,3T6P,MdrDBcore00321,T591A,0.0,-0.4524334967136383,0.5422354340553284,1.441724181175232
13,6499202,2YT2,MdrDBcore00322,A96T,-1.211,-0.4814753830432892,0.5422354340553284,1.441724181175232
13,6499202,7LRZ,MdrDBcore00323,C928Y,0.046,-0.03448282927274704,0.5422354340553284,1.441724181175232
13,6499202,7LRZ,MdrDBcore00324,E949K,2.602,-0.25587090849876404,0.5422354340553284,1.441724181175232
13,6499202,5IUG,MdrDBcore00325,F1174L,-1.911,-0.6191819906234741,0.5422354340553284,1.441724181175232
13,6499202,2YT2,MdrDBcore00326,G103R,2.602,-0.14533905684947968,0.5422354340553284,1.441724181175232
13,6499202,2YT2,MdrDBcore00327,G129V,2.412,-0.05531958490610123,0.5422354340553284,1.441724181175232
13,6499202,7LRZ,MdrDBcore00328,G689R,0.792,-0.08423299342393875,0.5422354340553284,1.441724181175232
13,6499202,7LRZ,MdrDBcore00329,G882C,2.602,0.2815272808074951,0.5422354340553284,1.441724181175232
13,6499202,7LRZ,MdrDBcore00330,G893R,-0.675,-0.3221062421798706,0.5422354340553284,1.441724181175232
13,6499202,5IUG,MdrDBcore00331,N1353S,-1.515,0.2190137803554535,0.5422354340553284,1.441724181175232
13,6499202,7LRZ,MdrDBcore00332,N941S,-1.034,-0.31233999133110046,0.5422354340553284,1.441724181175232
13,6499202,2YT2,MdrDBcore00333,R48C,0.105,-0.5962862372398376,0.5422354340553284,1.441724181175232
13,6499202,7LRZ,MdrDBcore00334,R753Q,2.602,-0.20028787851333618,0.5422354340553284,1.441724181175232
13,6499202,7LRZ,MdrDBcore00335,R918I,2.602,-0.4065611958503723,0.5422354340553284,1.441724181175232
13,6499202,7LRZ,MdrDBcore00336,S874F,0.005,-0.3724568784236908,0.5422354340553284,1.441724181175232
13,6499202,5IUI,MdrDBcore00337,T1090I,2.602,1.076277494430542,0.5422354340553284,1.441724181175232
13,6499202,5IUG,MdrDBcore00338,T1312I,-2.067,-0.5646556615829468,0.5422354340553284,1.441724181175232
13,6499202,5IUG,MdrDBcore00339,V1185M,-1.679,0.08952059596776962,0.5422354340553284,1.441724181175232
13,6499202,2YT2,MdrDBcore00340,V132L,2.602,-0.5259596705436707,0.5422354340553284,1.441724181175232
13,6499202,6TG1,MdrDBcore00341,E746_A750delELREA,-1.049,-0.4907073974609375,0.5422354340553284,1.441724181175232
13,6499202,6TG1,MdrDBcore00342,E746_A750delELREA,-0.592,0.0534624382853508,0.5422354340553284,1.441724181175232
13,6499202,6TG1,MdrDBcore00343,E746_A750delELREA,-0.568,0.43887725472450256,0.5422354340553284,1.441724181175232
13,6499202,6TG1,MdrDBcore00344,E746_A750delELREA,-0.904,0.2189350426197052,0.5422354340553284,1.441724181175232
13,6499202,6TG1,MdrDBcore00345,E746_A750delELREA,-0.791,0.03586301952600479,0.5422354340553284,1.441724181175232
13,6499202,4IBT,MdrDBcore00346,E286_E287delEE,-0.371,-0.3174106776714325,0.5422354340553284,1.441724181175232
13,6499202,4IBT,MdrDBcore00347,G108delG,-0.052,0.38172876834869385,0.5422354340553284,1.441724181175232
13,6499202,4IBT,MdrDBcore00348,G112_V122delGFLHSGTAKSV,-0.336,0.7242486476898193,0.5422354340553284,1.441724181175232
13,6499202,4IBT,MdrDBcore00349,H233delH,-0.768,0.10787694901227951,0.5422354340553284,1.441724181175232
13,6499202,4IBT,MdrDBcore00350,L188_P191delLAPP,-0.478,-0.3933522701263428,0.5422354340553284,1.441724181175232
13,6499202,4IBT,MdrDBcore00351,P191delP,0.38,-0.2546338737010956,0.5422354340553284,1.441724181175232
13,6499202,4IBT,MdrDBcore00352,Q192_H193delQH,0.184,-0.12260663509368896,0.5422354340553284,1.441724181175232
13,6499202,3D07,MdrDBcore00353,R283delR,-0.416,-0.26293352246284485,0.5422354340553284,1.441724181175232
13,6499202,4IBT,MdrDBcore00354,S215delS,0.608,1.2674617767333984,0.5422354340553284,1.441724181175232
13,6499202,4IBT,MdrDBcore00355,V218delV,-0.068,0.1956968903541565,0.5422354340553284,1.441724181175232
13,6499202,4IBT,MdrDBcore00356,Y103_R110delYQGSYGFR,-0.212,-0.7933655977249146,0.5422354340553284,1.441724181175232
13,6499202,3C4C,MdrDBcore00357,N486_P490delNVTAP,-3.077,-0.6544856429100037,0.5422354340553284,1.441724181175232
13,6499202,3C4C,MdrDBcore00358,N486_P490delNVTAP,0.475,0.10853242129087448,0.5422354340553284,1.441724181175232
13,6499202,3C4C,MdrDBcore00359,N486_P490delNVTAP,0.109,-0.4669005274772644,0.5422354340553284,1.441724181175232
13,6499202,3C4C,MdrDBcore00360,N486_P490delNVTAP,-1.768,-0.38421353697776794,0.5422354340553284,1.441724181175232
13,6499202,7SA7,MdrDBcore00361,N200delN,-0.459,-0.12329280376434326,0.5422354340553284,1.441724181175232
13,6499202,7SA7,MdrDBcore00362,N200delN,-0.47,0.2795102298259735,0.5422354340553284,1.441724181175232
13,6499202,7SA7,MdrDBcore00363,N200delN,-0.537,-0.32116761803627014,0.5422354340553284,1.441724181175232
13,6499202,3EYL,MdrDBcore00364,E350delE,-0.165,0.6566399335861206,0.5422354340553284,1.441724181175232
13,6499202,4KJU,MdrDBcore00365,R182_Y190delRELASAGLY,-0.044,-0.18552494049072266,0.5422354340553284,1.441724181175232
13,6499202,5MYB,MdrDBcore00366,N618delN,1.251,-0.0721203163266182,0.5422354340553284,1.441724181175232
13,6499202,1F16,MdrDBcore00367,R37_G39delRMG,1.483,0.3297622501850128,0.5422354340553284,1.441724181175232
13,6499202,6JN2,MdrDBcore00368,K521delK,-0.068,-0.34797653555870056,0.5422354340553284,1.441724181175232
13,6499202,6JN2,MdrDBcore00369,K521delK,-0.324,0.16631099581718445,0.5422354340553284,1.441724181175232
13,6499202,6JN2,MdrDBcore00370,K521delK,-0.046,0.5217939615249634,0.5422354340553284,1.441724181175232
13,6499202,5HXB,MdrDBcore00371,W224delW,-0.247,-0.34944212436676025,0.5422354340553284,1.441724181175232
13,6499202,3C4C,MdrDBcore00372,V487_P492delinsA,-0.253,-0.2561851441860199,0.5422354340553284,1.441724181175232
13,6499202,7M0X,MdrDBcore00373,V487_P492delinsA,-0.914,-1.0783658027648926,0.5422354340553284,1.441724181175232
13,6499202,3C4C,MdrDBcore00374,V487_P492delinsA,-0.501,-0.4402067959308624,0.5422354340553284,1.441724181175232
13,6499202,3C4C,MdrDBcore00375,V487_P492delinsA,0.421,0.19787171483039856,0.5422354340553284,1.441724181175232
13,6499202,4IBT,MdrDBcore00376,N239_S240insN,-1.034,-0.8224429488182068,0.5422354340553284,1.441724181175232
13,6499202,4IBT,MdrDBcore00377,Q165_S166insYKQ,0.559,0.4734479486942291,0.5422354340553284,1.441724181175232
13,6499202,7M0X,MdrDBcore00378,T599_V600insT,-0.987,-0.4536997675895691,0.5422354340553284,1.441724181175232
13,6499202,7M0X,MdrDBcore00379,T599_V600insT,-0.185,0.03899235278367996,0.5422354340553284,1.441724181175232
13,6499202,6Q0T,MdrDBcore00380,T599_V600insT,-0.167,0.8588444590568542,0.5422354340553284,1.441724181175232
13,6499202,7M0X,MdrDBcore00381,T599_V600insT,-0.306,-0.2911345660686493,0.5422354340553284,1.441724181175232
13,6499202,7M0X,MdrDBcore00382,T599_V600insT,-0.163,-0.2037416398525238,0.5422354340553284,1.441724181175232
13,6499202,6JQR,MdrDBcore00383,D600_L601insHVDFREYEYD,-5.319,0.9228335022926331,0.5422354340553284,1.441724181175232
13,6499202,6TG1,MdrDBcore00384,A750P+L747_E749delLRE,-2.298,0.05760035663843155,0.5422354340553284,1.441724181175232
13,6499202,6TG1,MdrDBcore00385,A750P+L747_E749delLRE,-0.983,0.369355171918869,0.5422354340553284,1.441724181175232
13,6499202,6TG1,MdrDBcore00386,A750P+L747_E749delLRE,-2.239,0.40693458914756775,0.5422354340553284,1.441724181175232
13,6499202,6TG1,MdrDBcore00387,A750P+L747_E749delLRE,-2.526,0.22838863730430603,0.5422354340553284,1.441724181175232
13,6499202,6TG1,MdrDBcore00388,A750P+L747_E749delLRE,-2.377,0.033926308155059814,0.5422354340553284,1.441724181175232
13,6499202,6TG1,MdrDBcore00389,A750P+L747_E749delLRE,-2.291,0.4639129936695099,0.5422354340553284,1.441724181175232
13,6499202,4IBT,MdrDBcore00390,R267W+E171delE,0.39,0.6418816447257996,0.5422354340553284,1.441724181175232
13,6499202,3LCK,MdrDBcore00391,A353V+P447L+A500T+P232_W233insQKP,-1.484,-0.6512094140052795,0.5422354340553284,1.441724181175232
13,6499202,1RJB,MdrDBcore00392,Y599F+E598_Y599insFDFREYE,-5.386,0.18069931864738464,0.5422354340553284,1.441724181175232
13,6499202,3EYL,MdrDBcore00393,E349D+E350delE,1.282,0.3476253151893616,0.5422354340553284,1.441724181175232
13,6499202,5T8F,MdrDBcore00394,A215V+S764N,1.434,0.4316445291042328,0.5422354340553284,1.441724181175232
13,6499202,5T8F,MdrDBcore00395,A215V+S764N,-0.853,0.08557448536157608,0.5422354340553284,1.441724181175232
13,6499202,6G6W,MdrDBcore00396,A215V+S764N,1.506,0.2865564823150635,0.5422354340553284,1.441724181175232
13,6499202,6OCO,MdrDBcore00397,A215V+S764N,1.506,0.21431776881217957,0.5422354340553284,1.441724181175232
13,6499202,6G6W,MdrDBcore00398,A388T+R460H+S738N,0.415,0.3433372676372528,0.5422354340553284,1.441724181175232
13,6499202,6OCO,MdrDBcore00399,A388T+R460H+S738N,-0.528,-0.9628685712814331,0.5422354340553284,1.441724181175232
13,6499202,6OCO,MdrDBcore00400,A388T+R460H+S738N,0.55,1.1325637102127075,0.5422354340553284,1.441724181175232
13,6499202,6OCO,MdrDBcore00401,A388T+R460H+S738N,0.143,0.4996310770511627,0.5422354340553284,1.441724181175232
13,6499202,6OCO,MdrDBcore00402,L725I+E1021K,0.395,0.061421267688274384,0.5422354340553284,1.441724181175232
13,6499202,6G6W,MdrDBcore00403,L725I+E1021K,1.447,0.2574978470802307,0.5422354340553284,1.441724181175232
13,6499202,6OCO,MdrDBcore00404,L725I+E1021K,1.636,1.1974228620529175,0.5422354340553284,1.441724181175232
13,6499202,4ZYO,MdrDBcore00405,S198N+A267T,-1.229,-0.24833622574806213,0.5422354340553284,1.441724181175232
13,6499202,7BG9,MdrDBcore00406,A801T+R743W+Q506A,0.006,0.3784175515174866,0.5422354340553284,1.441724181175232
13,6499202,7BG9,MdrDBcore00407,V746M+L520V,0.053,0.1782761514186859,0.5422354340553284,1.441724181175232
13,6499202,4KIK,MdrDBcore00408,R526Q+M590I,-0.994,-1.4198073148727417,0.5422354340553284,1.441724181175232
13,6499202,4E3C,MdrDBcore00409,R526Q+M590I,1.672,0.6584154367446899,0.5422354340553284,1.441724181175232
13,6499202,4E3C,MdrDBcore00410,S239T+D242N+R526Q,-1.441,-1.4810693264007568,0.5422354340553284,1.441724181175232
13,6499202,4E3C,MdrDBcore00411,S239T+D242N+R526Q,0.413,0.6378706097602844,0.5422354340553284,1.441724181175232
13,6499202,4Z32,MdrDBcore00412,D194N+D319N,-0.501,-0.7000948190689087,0.5422354340553284,1.441724181175232
13,6499202,6E2Q,MdrDBcore00413,D194N+D319N,0.217,0.7924061417579651,0.5422354340553284,1.441724181175232
13,6499202,2J5E,MdrDBcore00414,E866D+H988P,0.327,0.37078621983528137,0.5422354340553284,1.441724181175232
13,6499202,2J5E,MdrDBcore00415,E866D+H988P,0.441,-0.3476463854312897,0.5422354340553284,1.441724181175232
13,6499202,2J5E,MdrDBcore00416,E866D+H988P,0.185,0.2402247190475464,0.5422354340553284,1.441724181175232
13,6499202,2J5E,MdrDBcore00417,E866D+H988P,-0.393,0.1005006805062294,0.5422354340553284,1.441724181175232
13,6499202,2J5E,MdrDBcore00418,E866D+H988P,-0.316,0.12850168347358704,0.5422354340553284,1.441724181175232
13,6499202,2J5E,MdrDBcore00419,T790M+L858R,0.397,-0.1516079604625702,0.5422354340553284,1.441724181175232
13,6499202,6D8E,MdrDBcore00420,T790M+L858R,-0.105,0.624413013458252,0.5422354340553284,1.441724181175232
13,6499202,6D8E,MdrDBcore00421,T790M+L858R,-0.07,-0.7192006707191467,0.5422354340553284,1.441724181175232
13,6499202,6D8E,MdrDBcore00422,T790M+L858R,-2.794,-1.0201917886734009,0.5422354340553284,1.441724181175232
13,6499202,1XKK,MdrDBcore00423,T790M+L858R,-2.597,-0.08166835457086563,0.5422354340553284,1.441724181175232
13,6499202,5VQP,MdrDBcore00424,A221T+R218H,0.679,-0.17541906237602234,0.5422354340553284,1.441724181175232
13,6499202,6GFF,MdrDBcore00425,G307D+R296Q,0.447,-0.12115292251110077,0.5422354340553284,1.441724181175232
13,6499202,6GFF,MdrDBcore00426,G307D+R296Q,-0.151,-0.3307168483734131,0.5422354340553284,1.441724181175232
13,6499202,5VQP,MdrDBcore00427,R141Q+E119K,0.463,0.3189147412776947,0.5422354340553284,1.441724181175232
13,6499202,7MN8,MdrDBcore00428,S335I+T479M,-0.249,-0.03559208661317825,0.5422354340553284,1.441724181175232
13,6499202,7MN8,MdrDBcore00429,S413L+F425L+L436V,-3.293,-0.505781888961792,0.5422354340553284,1.441724181175232
13,6499202,3Q01,MdrDBcore00430,A347P+G245C,-0.228,0.30142202973365784,0.5422354340553284,1.441724181175232
13,6499202,6XRE,MdrDBcore00431,C176F+Q16L,-0.362,0.11694016307592392,0.5422354340553284,1.441724181175232
13,6499202,4IBT,MdrDBcore00432,E258A+Y126D,0.002,0.01431737095117569,0.5422354340553284,1.441724181175232
13,6499202,4IBT,MdrDBcore00433,E271A+R110L,0.318,-0.000979490578174591,0.5422354340553284,1.441724181175232
13,6499202,4IBT,MdrDBcore00434,E285K+G245V,0.363,0.004653148353099823,0.5422354340553284,1.441724181175232
13,6499202,3Q01,MdrDBcore00435,E336A+I162N,0.081,0.008470512926578522,0.5422354340553284,1.441724181175232
13,6499202,3Q01,MdrDBcore00436,E339A+H179R,0.19,0.053154341876506805,0.5422354340553284,1.441724181175232
13,6499202,4IBT,MdrDBcore00437,G154V+S106R,0.171,-0.008138485252857208,0.5422354340553284,1.441724181175232
13,6499202,4IBT,MdrDBcore00438,G245S+M237K,0.035,-0.3604426085948944,0.5422354340553284,1.441724181175232
13,6499202,4IBT,MdrDBcore00439,H214R+E258A,-0.249,0.35542359948158264,0.5422354340553284,1.441724181175232
13,6499202,4IBT,MdrDBcore00440,H214R+V147D,-0.345,0.01829008013010025,0.5422354340553284,1.441724181175232
13,6499202,4IBT,MdrDBcore00441,I232N+P152L,-2.145,-0.08899911493062973,0.5422354340553284,1.441724181175232
13,6499202,6XRE,MdrDBcore00442,K320N+E271K,0.84,0.34811878204345703,0.5422354340553284,1.441724181175232
13,6499202,4IBT,MdrDBcore00443,N239D+R158H,-1.324,-0.34318506717681885,0.5422354340553284,1.441724181175232
13,6499202,6XRE,MdrDBcore00444,P177L+C176F+Q38A,0.563,0.8872385621070862,0.5422354340553284,1.441724181175232
13,6499202,4IBT,MdrDBcore00445,P278L+G262S,-0.029,-0.0392204150557518,0.5422354340553284,1.441724181175232
13,6499202,6XRE,MdrDBcore00446,P309S+R273H,1.378,0.5468503832817078,0.5422354340553284,1.441724181175232
13,6499202,6XRE,MdrDBcore00447,Q317A+E258K,0.306,0.24884799122810364,0.5422354340553284,1.441724181175232
13,6499202,6XRE,MdrDBcore00448,Q317A+R248W,0.251,0.8632872104644775,0.5422354340553284,1.441724181175232
13,6499202,6XRE,MdrDBcore00449,Q331R+P60S,0.386,0.8884401321411133,0.5422354340553284,1.441724181175232
13,6499202,4AGO,MdrDBcore00450,R175L+S94A,0.016,0.6550328135490417,0.5422354340553284,1.441724181175232
13,6499202,3D07,MdrDBcore00451,R181C+R290C,-1.91,0.005067400634288788,0.5422354340553284,1.441724181175232
13,6499202,3D07,MdrDBcore00452,R209A+R273H,1.189,0.11292112618684769,0.5422354340553284,1.441724181175232
13,6499202,4IBT,MdrDBcore00453,R248Q+G245S,0.712,0.24192750453948975,0.5422354340553284,1.441724181175232
13,6499202,4IBT,MdrDBcore00454,R248W+N247K,0.011,-0.35201653838157654,0.5422354340553284,1.441724181175232
13,6499202,4IBT,MdrDBcore00455,R248W+V218L,0.326,0.009001769125461578,0.5422354340553284,1.441724181175232
13,6499202,4IBT,MdrDBcore00456,R249G+Y234N,-1.019,-0.2541694939136505,0.5422354340553284,1.441724181175232
13,6499202,3D07,MdrDBcore00457,R273C+R175H+T125M,-0.6,0.1879628300666809,0.5422354340553284,1.441724181175232
13,6499202,2J1W,MdrDBcore00458,R273C+R248Q+S183A,-0.137,0.4757154881954193,0.5422354340553284,1.441724181175232
13,6499202,2J1W,MdrDBcore00459,R273H+R248Q,-2.215,-0.12121568620204926,0.5422354340553284,1.441724181175232
13,6499202,4AGO,MdrDBcore00460,R273H+R267L+R248Q,-1.225,0.7161852121353149,0.5422354340553284,1.441724181175232
13,6499202,3D07,MdrDBcore00461,R273H+V173L+K132N,0.142,0.4054630994796753,0.5422354340553284,1.441724181175232
13,6499202,6SL6,MdrDBcore00462,R273H+W91A,-0.798,0.5518345832824707,0.5422354340553284,1.441724181175232
13,6499202,3D07,MdrDBcore00463,R273L+Y234C,-0.024,0.11623258143663406,0.5422354340553284,1.441724181175232
13,6499202,3D07,MdrDBcore00464,R280S+R273C+Y205C,-0.21,0.21991661190986633,0.5422354340553284,1.441724181175232
13,6499202,4IBT,MdrDBcore00465,R283H+G245S,-0.096,0.12754517793655396,0.5422354340553284,1.441724181175232
13,6499202,6XRE,MdrDBcore00466,R306A+Y220C,0.445,0.3458237648010254,0.5422354340553284,1.441724181175232
13,6499202,4IBT,MdrDBcore00467,S215I+R158L,0.501,0.026797421276569366,0.5422354340553284,1.441724181175232
13,6499202,4IBT,MdrDBcore00468,S241C+E224A,-0.105,-0.2916637361049652,0.5422354340553284,1.441724181175232
13,6499202,4IBT,MdrDBcore00469,V274F+P223L,0.287,0.3158706724643707,0.5422354340553284,1.441724181175232
13,6499202,6XRE,MdrDBcore00470,Y163C+P47S,-1.012,-0.232327401638031,0.5422354340553284,1.441724181175232
13,6499202,4IBT,MdrDBcore00471,Y234H+R213Q,-0.845,-0.3807593584060669,0.5422354340553284,1.441724181175232
13,6499202,4IBT,MdrDBcore00472,Y236C+R196A,-0.604,-0.09977833926677704,0.5422354340553284,1.441724181175232
13,6499202,1QPC,MdrDBcore00473,A289D+A396V,0.364,-0.26824116706848145,0.5422354340553284,1.441724181175232
13,6499202,1QPJ,MdrDBcore00474,N339S+R458H,2.761,-0.14703834056854248,0.5422354340553284,1.441724181175232
13,6499202,4LIQ,MdrDBcore00475,V315L+R106L,-0.31,0.575141966342926,0.5422354340553284,1.441724181175232
13,6499202,6JK8,MdrDBcore00476,L133P+I298V+K630R,0.373,0.5809597373008728,0.5422354340553284,1.441724181175232
13,6499202,6JK8,MdrDBcore00477,L133P+I298V+K630R,1.102,0.32117846608161926,0.5422354340553284,1.441724181175232
13,6499202,6JK8,MdrDBcore00478,Y201H+D435G,-0.178,0.42139360308647156,0.5422354340553284,1.441724181175232
13,6499202,7MO7,MdrDBcore00479,A320V+R591W,0.438,0.1067337617278099,0.5422354340553284,1.441724181175232
13,6499202,6GCU,MdrDBcore00480,A320V+R591W,0.581,-0.5285158753395081,0.5422354340553284,1.441724181175232
13,6499202,6GCU,MdrDBcore00481,A320V+R591W,1.143,-0.05860860273241997,0.5422354340553284,1.441724181175232
13,6499202,6GCU,MdrDBcore00482,A320V+R591W,1.189,0.4477965533733368,0.5422354340553284,1.441724181175232
13,6499202,4K3J,MdrDBcore00483,A48T+E157G,-0.136,0.1183667704463005,0.5422354340553284,1.441724181175232
13,6499202,6GCU,MdrDBcore00484,A48T+E157G,-1.317,0.027004875242710114,0.5422354340553284,1.441724181175232
13,6499202,6GCU,MdrDBcore00485,A48T+E157G,-0.039,-0.24344968795776367,0.5422354340553284,1.441724181175232
13,6499202,4K3J,MdrDBcore00486,A48T+E157G,-1.11,0.08609519153833389,0.5422354340553284,1.441724181175232
13,6499202,6GCU,MdrDBcore00487,A48T+E157G,-0.984,-0.0603688508272171,0.5422354340553284,1.441724181175232
13,6499202,6GCU,MdrDBcore00488,A48T+E157G,-0.571,0.02773956209421158,0.5422354340553284,1.441724181175232
13,6499202,7MO8,MdrDBcore00489,K303T+N375S,-0.168,0.09703708440065384,0.5422354340553284,1.441724181175232
13,6499202,4K3J,MdrDBcore00490,V122D+N375S,0.277,-0.30675598978996277,0.5422354340553284,1.441724181175232
13,6499202,2O21,MdrDBcore00491,A42V+V35M+G200S+E13D,-4.271,0.17598941922187805,0.5422354340553284,1.441724181175232
13,6499202,2W3L,MdrDBcore00492,A60V+D31H,-2.653,-0.00047366321086883545,0.5422354340553284,1.441724181175232
13,6499202,4IEH,MdrDBcore00493,E13D+P59A+N11H,-1.208,-0.019906751811504364,0.5422354340553284,1.441724181175232
13,6499202,1GJH,MdrDBcore00494,R129C+T7R+I48F,-3.455,-0.5939596891403198,0.5422354340553284,1.441724181175232
13,6499202,4IEH,MdrDBcore00495,R98H+A82T,-1.385,-0.36961764097213745,0.5422354340553284,1.441724181175232
13,6499202,4IEH,MdrDBcore00496,S117R+P59T,-2.828,0.32908234000205994,0.5422354340553284,1.441724181175232
13,6499202,2E9W,MdrDBcore00497,A168V+E306K,-0.934,-0.2773686647415161,0.5422354340553284,1.441724181175232
13,6499202,2E9W,MdrDBcore00498,A168V+E306K,-1.457,-0.25238925218582153,0.5422354340553284,1.441724181175232
13,6499202,6GQK,MdrDBcore00499,K581N+I920S,0.231,0.3122657537460327,0.5422354340553284,1.441724181175232
13,6499202,6GQK,MdrDBcore00500,K581N+I920S,0.847,-0.07477619498968124,0.5422354340553284,1.441724181175232
13,6499202,2E9W,MdrDBcore00501,Y125H+T488M,-0.533,-0.14437812566757202,0.5422354340553284,1.441724181175232
13,6499202,1A31,MdrDBcore00502,E610K+A622T,-3.164,-0.8383418321609497,0.5422354340553284,1.441724181175232
13,6499202,1R49,MdrDBcore00503,M675I+D760G,-0.862,-0.37967053055763245,0.5422354340553284,1.441724181175232
13,6499202,1SEU,MdrDBcore00504,R405W+Y426C+R434Q+E517K,1.787,-0.5044911503791809,0.5422354340553284,1.441724181175232
13,6499202,1SEU,MdrDBcore00505,R405W+Y426C+R434Q+E517K,1.482,-0.5423131585121155,0.5422354340553284,1.441724181175232
13,6499202,1A31,MdrDBcore00506,R405W+Y426C+R434Q+E517K,1.622,-0.31443023681640625,0.5422354340553284,1.441724181175232
13,6499202,6ZY8,MdrDBcore00507,I872V+P385A+E203D,-0.765,-0.5412096381187439,0.5422354340553284,1.441724181175232
13,6499202,5GWK,MdrDBcore00508,R635H+T530A,0.437,-0.6520576477050781,0.5422354340553284,1.441724181175232
13,6499202,6NYB,MdrDBcore00509,R506G+S273N,0.6,0.07164830714464188,0.5422354340553284,1.441724181175232
13,6499202,6NYB,MdrDBcore00510,R506G+S273N,0.305,-0.2996789216995239,0.5422354340553284,1.441724181175232
13,6499202,6NYB,MdrDBcore00511,R506G+S273N,0.291,0.8711720108985901,0.5422354340553284,1.441724181175232
13,6499202,6NYB,MdrDBcore00512,R506G+S273N,-0.891,0.27911776304244995,0.5422354340553284,1.441724181175232
13,6499202,AlphaFold2,MdrDBcore00513,I86T+K237I,1.203,1.212945580482483,0.5422354340553284,1.441724181175232
13,6499202,3QS9,MdrDBcore00514,F406C+V220G,0.269,0.009655535221099854,0.5422354340553284,1.441724181175232
13,6499202,3QS9,MdrDBcore00515,I417L+R243K,0.034,-0.16000431776046753,0.5422354340553284,1.441724181175232
13,6499202,6B8Y,MdrDBcore00516,A206V+A403T+R491Q,1.132,0.535021185874939,0.5422354340553284,1.441724181175232
13,6499202,AlphaFold2,MdrDBcore00517,G666D+P384Q,-0.3,0.16802287101745605,0.5422354340553284,1.441724181175232
13,6499202,AlphaFold2,MdrDBcore00518,G666D+P384Q,0.277,-0.18648815155029297,0.5422354340553284,1.441724181175232
13,6499202,AlphaFold2,MdrDBcore00519,I1021M+K720N+R306Q,-1.153,1.0169004201889038,0.5422354340553284,1.441724181175232
13,6499202,AlphaFold2,MdrDBcore00520,R562Q+R149Q,0.615,-0.21302670240402222,0.5422354340553284,1.441724181175232
13,6499202,AlphaFold2,MdrDBcore00521,R628Q+C286Y,0.326,-0.07819429039955139,0.5422354340553284,1.441724181175232
13,6499202,6SB0,MdrDBcore00522,A1728S+A41P,-1.799,-0.125126451253891,0.5422354340553284,1.441724181175232
13,6499202,5H64,MdrDBcore00523,G1491S+A329T,1.792,0.319206178188324,0.5422354340553284,1.441724181175232
13,6499202,6SB0,MdrDBcore00524,G2238D+P1408S+M488I,-1.999,-0.4737551510334015,0.5422354340553284,1.441724181175232
13,6499202,6SB0,MdrDBcore00525,G2238D+P1408S+M488I,0.195,0.042908117175102234,0.5422354340553284,1.441724181175232
13,6499202,6SB0,MdrDBcore00526,G2238D+P1408S+M488I,0.14,-0.6238845586776733,0.5422354340553284,1.441724181175232
13,6499202,6SB0,MdrDBcore00527,H262R+I261V,-2.88,-0.7224342823028564,0.5422354340553284,1.441724181175232
13,6499202,6SB0,MdrDBcore00528,L1037V+R260Q,-1.424,-0.03660816699266434,0.5422354340553284,1.441724181175232
13,6499202,4JSN,MdrDBcore00529,M2345V+F1545L,1.432,0.955772876739502,0.5422354340553284,1.441724181175232
13,6499202,6SB0,MdrDBcore00530,M2345V+F1545L,-2.215,-0.7066781520843506,0.5422354340553284,1.441724181175232
13,6499202,5H64,MdrDBcore00531,Q2072R+H642R,-2.415,-0.20823371410369873,0.5422354340553284,1.441724181175232
13,6499202,6SB0,MdrDBcore00532,R1208C+T1143M+S1087N,-1.059,-0.8118047118186951,0.5422354340553284,1.441724181175232
13,6499202,5H64,MdrDBcore00533,V1885I+S383G,1.935,-0.28502267599105835,0.5422354340553284,1.441724181175232
13,6499202,5H64,MdrDBcore00534,V1885I+S383G,-3.128,-0.3913188576698303,0.5422354340553284,1.441724181175232
13,6499202,6SB0,MdrDBcore00535,V420I+R1749Q,-2.829,-0.7796175479888916,0.5422354340553284,1.441724181175232
13,6499202,3L08,MdrDBcore00536,A1064V+R184H+S515P,0.038,0.10089515894651413,0.5422354340553284,1.441724181175232
13,6499202,3L08,MdrDBcore00537,A1064V+R184H+S515P,1.301,1.1572345495224,0.5422354340553284,1.441724181175232
13,6499202,3L08,MdrDBcore00538,A1064V+R184H+S515P,-0.31,-0.2221749722957611,0.5422354340553284,1.441724181175232
13,6499202,7MEZ,MdrDBcore00539,A243T+P324S+E347K+F698L,0.362,-0.1793375313282013,0.5422354340553284,1.441724181175232
13,6499202,7MEZ,MdrDBcore00540,A243T+P324S+E347K+F698L,1.838,1.946463942527771,0.5422354340553284,1.441724181175232
13,6499202,4GB9,MdrDBcore00541,A885T+E781K,0.246,2.379819869995117,0.5422354340553284,1.441724181175232
13,6499202,3L08,MdrDBcore00542,G426E+E511K,-0.467,0.10326709598302841,0.5422354340553284,1.441724181175232
13,6499202,3L08,MdrDBcore00543,G426E+E511K,0.28,-0.05492547154426575,0.5422354340553284,1.441724181175232
13,6499202,7MEZ,MdrDBcore00544,G65D+T955I,0.329,0.12654715776443481,0.5422354340553284,1.441724181175232
13,6499202,7MEZ,MdrDBcore00545,G65D+T955I,1.058,0.45578858256340027,0.5422354340553284,1.441724181175232
13,6499202,7MEZ,MdrDBcore00546,G65D+T955I,-0.193,-0.010807178914546967,0.5422354340553284,1.441724181175232
13,6499202,3L08,MdrDBcore00547,R178L+T1056I,0.051,0.14751705527305603,0.5422354340553284,1.441724181175232
13,6499202,3L08,MdrDBcore00548,R178L+T1056I,-0.977,-0.21648314595222473,0.5422354340553284,1.441724181175232
13,6499202,3L08,MdrDBcore00549,R273H+L466M,0.765,0.09595165401697159,0.5422354340553284,1.441724181175232
13,6499202,3L08,MdrDBcore00550,R273H+L466M,1.406,1.079575777053833,0.5422354340553284,1.441724181175232
13,6499202,4GB9,MdrDBcore00551,R273H+L466M,0.566,0.617893397808075,0.5422354340553284,1.441724181175232
13,6499202,7MEZ,MdrDBcore00552,T309M+R542W,-0.175,0.0992296114563942,0.5422354340553284,1.441724181175232
13,6499202,7MEZ,MdrDBcore00553,T309M+R542W,-0.228,-0.4309723973274231,0.5422354340553284,1.441724181175232
13,6499202,1JCQ,MdrDBcore00554,S235C+S245F,-0.091,-0.7067543268203735,0.5422354340553284,1.441724181175232
13,6499202,1LD8,MdrDBcore00555,S235C+S245F,-1.641,-0.4371885657310486,0.5422354340553284,1.441724181175232
13,6499202,3T1I,MdrDBcore00556,G182A+L181F,1.019,1.3548035621643066,0.5422354340553284,1.441724181175232
13,6499202,7A12,MdrDBcore00557,C121R+N434T+E470D+D476G,-0.275,0.5588560700416565,0.5422354340553284,1.441724181175232
13,6499202,7A12,MdrDBcore00558,E164D+N407S,-0.399,0.12632986903190613,0.5422354340553284,1.441724181175232
13,6499202,3LQ5,MdrDBcore00559,D14N+D285N,2.774,0.14862895011901855,0.5422354340553284,1.441724181175232
13,6499202,3LQ5,MdrDBcore00560,D14N+D285N,1.045,0.2126809060573578,0.5422354340553284,1.441724181175232
13,6499202,3LQ5,MdrDBcore00561,D14N+D285N,-0.27,0.10440807789564133,0.5422354340553284,1.441724181175232
13,6499202,3MI9,MdrDBcore00562,D323N+F336L,5.721,0.33230194449424744,0.5422354340553284,1.441724181175232
13,6499202,3MI9,MdrDBcore00563,D323N+F336L,0.93,1.1548691987991333,0.5422354340553284,1.441724181175232
13,6499202,3MI9,MdrDBcore00564,D323N+F336L,-0.141,-0.20147132873535156,0.5422354340553284,1.441724181175232
13,6499202,2BBA,MdrDBcore00565,R105C+R102W,0.918,0.06514876335859299,0.5422354340553284,1.441724181175232
13,6499202,4K0V,MdrDBcore00566,I148T+V462A,0.975,0.9781433343887329,0.5422354340553284,1.441724181175232
13,6499202,5UTK,MdrDBcore00567,T503A+D711E,-0.044,-0.1891792118549347,0.5422354340553284,1.441724181175232
13,6499202,6UDT,MdrDBcore00568,D256N+D236Y,-2.609,0.20550838112831116,0.5422354340553284,1.441724181175232
13,6499202,6UDT,MdrDBcore00569,D256N+D236Y,-1.144,0.02385849505662918,0.5422354340553284,1.441724181175232
13,6499202,6UDT,MdrDBcore00570,D256N+D236Y,-0.682,-0.3998846113681793,0.5422354340553284,1.441724181175232
13,6499202,6B16,MdrDBcore00571,V445F+I312S,-0.991,0.5689331293106079,0.5422354340553284,1.441724181175232
13,6499202,5NP0,MdrDBcore00572,A502G+Q1128R,1.019,1.1105329990386963,0.5422354340553284,1.441724181175232
13,6499202,5NP0,MdrDBcore00573,A502G+Q1128R,0.027,-0.12698602676391602,0.5422354340553284,1.441724181175232
13,6499202,7NI6,MdrDBcore00574,D2721N+V2906A,-0.289,0.2694561183452606,0.5422354340553284,1.441724181175232
13,6499202,6K9K,MdrDBcore00575,D2721N+V2906A,-0.61,1.069263219833374,0.5422354340553284,1.441724181175232
13,6499202,7NI6,MdrDBcore00576,D2721N+V2906A,-0.274,-0.5025594830513,0.5422354340553284,1.441724181175232
13,6499202,7NI6,MdrDBcore00577,E3015D+R2849A,-0.003,-0.17318198084831238,0.5422354340553284,1.441724181175232
13,6499202,7NI6,MdrDBcore00578,E3015D+R2849A,-0.307,-0.37841254472732544,0.5422354340553284,1.441724181175232
13,6499202,7NI6,MdrDBcore00579,E3015D+R2849A,0.036,-0.32995787262916565,0.5422354340553284,1.441724181175232
13,6499202,5NP1,MdrDBcore00580,E848Q+L2965F,-0.366,0.5206206440925598,0.5422354340553284,1.441724181175232
13,6499202,5NP0,MdrDBcore00581,E848Q+L2965F,0.629,1.2435895204544067,0.5422354340553284,1.441724181175232
13,6499202,6K9L,MdrDBcore00582,E848Q+L2965F,0.278,-0.26980629563331604,0.5422354340553284,1.441724181175232
13,6499202,7NI6,MdrDBcore00583,F1896L+C2464R,-0.709,-0.239320307970047,0.5422354340553284,1.441724181175232
13,6499202,7NI6,MdrDBcore00584,F1896L+C2464R,-0.654,0.3828820288181305,0.5422354340553284,1.441724181175232
13,6499202,7NI6,MdrDBcore00585,F1896L+C2464R,-0.561,-0.634392499923706,0.5422354340553284,1.441724181175232
13,6499202,7NI5,MdrDBcore00586,F582L+R1086H,0.341,0.4588010609149933,0.5422354340553284,1.441724181175232
13,6499202,5NP0,MdrDBcore00587,F582L+R1086H,-0.527,1.0905500650405884,0.5422354340553284,1.441724181175232
13,6499202,7NI5,MdrDBcore00588,F582L+R1086H,-0.299,-0.02190518006682396,0.5422354340553284,1.441724181175232
13,6499202,5NP0,MdrDBcore00589,G514D+H1380Y,0.621,1.2109915018081665,0.5422354340553284,1.441724181175232
13,6499202,6K9K,MdrDBcore00590,G514D+H1380Y+P2518S,1.084,1.5764217376708984,0.5422354340553284,1.441724181175232
13,6499202,5NP1,MdrDBcore00591,G514D+H1380Y+Q1919P,0.899,0.9580084085464478,0.5422354340553284,1.441724181175232
13,6499202,6K9L,MdrDBcore00592,H1380Y+R1618Q,1.508,0.9334239959716797,0.5422354340553284,1.441724181175232
13,6499202,5NP0,MdrDBcore00593,I159V+I2998T,1.059,1.1574180126190186,0.5422354340553284,1.441724181175232
13,6499202,6K9K,MdrDBcore00594,I159V+I2998T,-0.187,0.7064225673675537,0.5422354340553284,1.441724181175232
13,6499202,5NP0,MdrDBcore00595,I159V+I2998T,-0.283,-0.023564167320728302,0.5422354340553284,1.441724181175232
13,6499202,7NI5,MdrDBcore00596,L1419I+L1794M,-0.587,-0.6996285915374756,0.5422354340553284,1.441724181175232
13,6499202,7NI5,MdrDBcore00597,L1419I+L1794M,-0.401,-0.022296808660030365,0.5422354340553284,1.441724181175232
13,6499202,7NI5,MdrDBcore00598,L1419I+L1794M,-0.247,-0.012924853712320328,0.5422354340553284,1.441724181175232
13,6499202,6K9L,MdrDBcore00599,L581V+I2606V,0.629,1.4957802295684814,0.5422354340553284,1.441724181175232
13,6499202,6K9K,MdrDBcore00600,L581V+I2606V,-0.044,-0.08241423219442368,0.5422354340553284,1.441724181175232
13,6499202,5NP0,MdrDBcore00601,L581V+I2606V,-0.152,0.13892951607704163,0.5422354340553284,1.441724181175232
13,6499202,7NI5,MdrDBcore00602,L787F+L1809P+N1784S,-1.561,-0.6415885090827942,0.5422354340553284,1.441724181175232
13,6499202,7NI5,MdrDBcore00603,L787F+L1809P+N1784S,-1.203,-0.03671487048268318,0.5422354340553284,1.441724181175232
13,6499202,7NI5,MdrDBcore00604,L787F+L1809P+N1784S,-0.706,0.01654629409313202,0.5422354340553284,1.441724181175232
13,6499202,6K9K,MdrDBcore00605,M1040V+C1482R,-0.584,-1.0340605974197388,0.5422354340553284,1.441724181175232
13,6499202,6K9K,MdrDBcore00606,M1040V+C1482R,0.302,0.5326482057571411,0.5422354340553284,1.441724181175232
13,6499202,7NI5,MdrDBcore00607,M1040V+C1482R,0.812,-0.008312173187732697,0.5422354340553284,1.441724181175232
13,6499202,6K9K,MdrDBcore00608,M1040V+L1824F,-0.595,0.8112874031066895,0.5422354340553284,1.441724181175232
13,6499202,6K9K,MdrDBcore00609,M1040V+L1824F,0.187,0.4884817898273468,0.5422354340553284,1.441724181175232
13,6499202,5NP0,MdrDBcore00610,M1040V+L1824F,-0.023,0.22175851464271545,0.5422354340553284,1.441724181175232
13,6499202,6K9K,MdrDBcore00611,M1040V+L2332P,0.487,1.5693408250808716,0.5422354340553284,1.441724181175232
13,6499202,6K9K,MdrDBcore00612,M1040V+L2332P,-0.257,1.6227554082870483,0.5422354340553284,1.441724181175232
13,6499202,5NP0,MdrDBcore00613,M1040V+L2332P,0.811,0.9689663648605347,0.5422354340553284,1.441724181175232
13,6499202,7NI6,MdrDBcore00614,M1644T+I2223M,0.359,-0.1821325272321701,0.5422354340553284,1.441724181175232
13,6499202,5NP0,MdrDBcore00615,M1644T+I2223M,0.414,-0.12370379269123077,0.5422354340553284,1.441724181175232
13,6499202,7NI6,MdrDBcore00616,M1644T+I2223M,0.425,0.016508296132087708,0.5422354340553284,1.441724181175232
13,6499202,6K9K,MdrDBcore00617,N1005S+L2307F,-1.343,0.6238391399383545,0.5422354340553284,1.441724181175232
13,6499202,6K9K,MdrDBcore00618,N1005S+L2307F,-0.94,1.0535931587219238,0.5422354340553284,1.441724181175232
13,6499202,6K9L,MdrDBcore00619,N1005S+L2307F,-0.51,0.38412559032440186,0.5422354340553284,1.441724181175232
13,6499202,6K9K,MdrDBcore00620,P604S+F1463C,-0.905,0.18477076292037964,0.5422354340553284,1.441724181175232
13,6499202,5NP0,MdrDBcore00621,P604S+F1463C,1.076,1.2963112592697144,0.5422354340553284,1.441724181175232
13,6499202,5NP0,MdrDBcore00622,P604S+F1463C,0.984,0.17243561148643494,0.5422354340553284,1.441724181175232
13,6499202,5NP0,MdrDBcore00623,P604S+R832C,-0.37,0.4679243862628937,0.5422354340553284,1.441724181175232
13,6499202,6K9K,MdrDBcore00624,Q1128R+L2332P,-0.273,0.5968483686447144,0.5422354340553284,1.441724181175232
13,6499202,6K9K,MdrDBcore00625,Q1128R+L2332P,-0.043,0.5311558246612549,0.5422354340553284,1.441724181175232
13,6499202,7NI5,MdrDBcore00626,Q1128R+L2332P,-0.457,0.1452745795249939,0.5422354340553284,1.441724181175232
13,6499202,6K9K,MdrDBcore00627,R1304G+K2318Q,-1.226,0.1929139494895935,0.5422354340553284,1.441724181175232
13,6499202,5NP0,MdrDBcore00628,R1304G+K2318Q,-0.545,1.0330955982208252,0.5422354340553284,1.441724181175232
13,6499202,7NI5,MdrDBcore00629,R1304G+K2318Q,-0.85,-0.05835426226258278,0.5422354340553284,1.441724181175232
13,6499202,7NI5,MdrDBcore00630,R23A+T935R+T1350M,0.463,0.19493195414543152,0.5422354340553284,1.441724181175232
13,6499202,7NI5,MdrDBcore00631,R23A+T935R+T1350M,-0.338,-0.03387099504470825,0.5422354340553284,1.441724181175232
13,6499202,7NI5,MdrDBcore00632,R23A+T935R+T1350M,0.214,-0.0724591389298439,0.5422354340553284,1.441724181175232
13,6499202,6K9L,MdrDBcore00633,R2461C+T2921M,0.361,0.4823867380619049,0.5422354340553284,1.441724181175232
13,6499202,5NP0,MdrDBcore00634,R2461C+T2921M,-0.786,1.3245952129364014,0.5422354340553284,1.441724181175232
13,6499202,7NI6,MdrDBcore00635,R2461C+T2921M,-0.861,-0.2997613847255707,0.5422354340553284,1.441724181175232
13,6499202,7NI5,MdrDBcore00636,R250A+E277A+R337C+E1133K+L1439I,0.112,0.6852393746376038,0.5422354340553284,1.441724181175232
13,6499202,6K9K,MdrDBcore00637,R250A+E277A+R337C+E1133K+L1439I,1.142,0.6800835132598877,0.5422354340553284,1.441724181175232
13,6499202,7NI5,MdrDBcore00638,R250A+E277A+R337C+E1133K+L1439I,0.443,-0.027572304010391235,0.5422354340553284,1.441724181175232
13,6499202,6K9L,MdrDBcore00639,R2849A+E3015D,0.449,1.1411471366882324,0.5422354340553284,1.441724181175232
13,6499202,6K9L,MdrDBcore00640,R32C+S2165F,-0.95,-0.23300907015800476,0.5422354340553284,1.441724181175232
13,6499202,6K9K,MdrDBcore00641,R32C+S2165F,-0.643,0.4406187832355499,0.5422354340553284,1.441724181175232
13,6499202,7NI5,MdrDBcore00642,R32C+S2165F,-0.345,0.0665377750992775,0.5422354340553284,1.441724181175232
13,6499202,6K9K,MdrDBcore00643,R924W+D2661N,0.391,0.4705491364002228,0.5422354340553284,1.441724181175232
13,6499202,6K9K,MdrDBcore00644,R924W+D2661N,0.295,0.5535496473312378,0.5422354340553284,1.441724181175232
13,6499202,7NI5,MdrDBcore00645,R924W+D2661N,-0.842,0.052432648837566376,0.5422354340553284,1.441724181175232
13,6499202,7NI5,MdrDBcore00646,S333F+H1876Q,-0.357,0.14488667249679565,0.5422354340553284,1.441724181175232
13,6499202,7NI5,MdrDBcore00647,S333F+H1876Q,-0.431,-0.04161049798130989,0.5422354340553284,1.441724181175232
13,6499202,7NI5,MdrDBcore00648,S333F+H1876Q,-0.655,-0.01563434675335884,0.5422354340553284,1.441724181175232
13,6499202,7NI5,MdrDBcore00649,S974F+F1236Y,0.578,0.03044763207435608,0.5422354340553284,1.441724181175232
13,6499202,5NP0,MdrDBcore00650,S974F+F1236Y,1.353,1.2483986616134644,0.5422354340553284,1.441724181175232
13,6499202,7NI5,MdrDBcore00651,S974F+F1236Y,0.39,-0.040858738124370575,0.5422354340553284,1.441724181175232
13,6499202,7NI6,MdrDBcore00652,V1521L+G1998E,-0.655,-0.15788567066192627,0.5422354340553284,1.441724181175232
13,6499202,5NP0,MdrDBcore00653,V1521L+G1998E,0.658,1.0708258152008057,0.5422354340553284,1.441724181175232
13,6499202,7NI6,MdrDBcore00654,V1521L+G1998E,-0.077,-0.5040483474731445,0.5422354340553284,1.441724181175232
13,6499202,5NP0,MdrDBcore00655,V2079I+S2146T,1.789,1.2701947689056396,0.5422354340553284,1.441724181175232
13,6499202,7NI5,MdrDBcore00656,V410A+H1083Y,-0.662,0.1674138307571411,0.5422354340553284,1.441724181175232
13,6499202,5YZ0,MdrDBcore00657,D1586Y+A1550V,0.659,-0.42792603373527527,0.5422354340553284,1.441724181175232
13,6499202,5YZ0,MdrDBcore00658,D1586Y+A1550V,0.95,-0.4150812029838562,0.5422354340553284,1.441724181175232
13,6499202,5YZ0,MdrDBcore00659,D1586Y+A1550V,0.742,0.5460102558135986,0.5422354340553284,1.441724181175232
13,6499202,5YZ0,MdrDBcore00660,E910A+S138I,0.581,0.45765259861946106,0.5422354340553284,1.441724181175232
13,6499202,5YZ0,MdrDBcore00661,E910A+S138I,0.566,1.3753331899642944,0.5422354340553284,1.441724181175232
13,6499202,5YZ0,MdrDBcore00662,E910A+S138I,0.511,0.01195383071899414,0.5422354340553284,1.441724181175232
13,6499202,5YZ0,MdrDBcore00663,F982V+R109W,-0.02,0.24453532695770264,0.5422354340553284,1.441724181175232
13,6499202,5YZ0,MdrDBcore00664,F982V+R109W,0.484,0.03172702342271805,0.5422354340553284,1.441724181175232
13,6499202,5YZ0,MdrDBcore00665,F982V+R109W,-0.32,-0.2895384728908539,0.5422354340553284,1.441724181175232
13,6499202,5YZ0,MdrDBcore00666,I1526V+V666E,-0.098,-0.14707651734352112,0.5422354340553284,1.441724181175232
13,6499202,5YZ0,MdrDBcore00667,I1526V+V666E,0.251,0.06918170303106308,0.5422354340553284,1.441724181175232
13,6499202,5YZ0,MdrDBcore00668,I1526V+V666E,-0.428,0.7718570232391357,0.5422354340553284,1.441724181175232
13,6499202,5YZ0,MdrDBcore00669,I1851V+T1798A,0.056,-0.31183183193206787,0.5422354340553284,1.441724181175232
13,6499202,5YZ0,MdrDBcore00670,I1851V+T1798A,-1.625,0.30474019050598145,0.5422354340553284,1.441724181175232
13,6499202,5YZ0,MdrDBcore00671,I1851V+T1798A,-0.792,-0.706906795501709,0.5422354340553284,1.441724181175232
13,6499202,5YZ0,MdrDBcore00672,I2068V+R2066Q,0.854,-0.6095317006111145,0.5422354340553284,1.441724181175232
13,6499202,5YZ0,MdrDBcore00673,I2068V+R2066Q,-0.475,1.0284982919692993,0.5422354340553284,1.441724181175232
13,6499202,5YZ0,MdrDBcore00674,I2068V+R2066Q,-1.038,0.6061586141586304,0.5422354340553284,1.441724181175232
13,6499202,5YZ0,MdrDBcore00675,L2428F+R1696G,-0.303,0.7612549662590027,0.5422354340553284,1.441724181175232
13,6499202,5YZ0,MdrDBcore00676,L2428F+R1696G,0.08,0.8365160822868347,0.5422354340553284,1.441724181175232
13,6499202,5YZ0,MdrDBcore00677,L2428F+R1696G,0.354,0.6285884380340576,0.5422354340553284,1.441724181175232
13,6499202,5YZ0,MdrDBcore00678,L2428F+R1696G,1.185,0.38361218571662903,0.5422354340553284,1.441724181175232
13,6499202,5YZ0,MdrDBcore00679,P1914S+C1858R,0.662,0.7913532257080078,0.5422354340553284,1.441724181175232
13,6499202,5YZ0,MdrDBcore00680,P1914S+C1858R,1.533,1.189988374710083,0.5422354340553284,1.441724181175232
13,6499202,5YZ0,MdrDBcore00681,R2363A+A2366T,-0.227,0.10777828842401505,0.5422354340553284,1.441724181175232
13,6499202,5YZ0,MdrDBcore00682,R2363A+A2366T,-1.71,0.4410494267940521,0.5422354340553284,1.441724181175232
13,6499202,5YZ0,MdrDBcore00683,R2363A+A2366T,-0.563,-0.050259530544281006,0.5422354340553284,1.441724181175232
13,6499202,5YZ0,MdrDBcore00684,T2556S+I475S,-1.005,0.7272506356239319,0.5422354340553284,1.441724181175232
13,6499202,5YZ0,MdrDBcore00685,T2556S+I475S,-1.11,0.527869701385498,0.5422354340553284,1.441724181175232
13,6499202,5YZ0,MdrDBcore00686,T2556S+I475S,-1.275,0.5323934555053711,0.5422354340553284,1.441724181175232
13,6499202,6Z2J,MdrDBcore00687,D104N+A376T,-0.746,0.5980002880096436,0.5422354340553284,1.441724181175232
13,6499202,6Z2J,MdrDBcore00688,D104N+A376T,-0.476,-0.08596977591514587,0.5422354340553284,1.441724181175232
13,6499202,6Z2J,MdrDBcore00689,D104N+A376T,-1.57,0.07557941228151321,0.5422354340553284,1.441724181175232
13,6499202,6Z2J,MdrDBcore00690,D104N+A376T,-0.59,-0.13856124877929688,0.5422354340553284,1.441724181175232
13,6499202,6Z2J,MdrDBcore00691,D104N+A376T,-0.924,-0.0813557431101799,0.5422354340553284,1.441724181175232
13,6499202,6Z2J,MdrDBcore00692,N83I+E250K,2.919,0.20017129182815552,0.5422354340553284,1.441724181175232
13,6499202,6Z2J,MdrDBcore00693,N83I+E250K,1.253,1.0357608795166016,0.5422354340553284,1.441724181175232
13,6499202,6Z2J,MdrDBcore00694,N83I+E250K,-0.694,-0.4449060559272766,0.5422354340553284,1.441724181175232
13,6499202,6Z2J,MdrDBcore00695,S78P+A282T,-0.147,0.24304312467575073,0.5422354340553284,1.441724181175232
13,6499202,6Z2J,MdrDBcore00696,S78P+A282T,-0.155,0.17286643385887146,0.5422354340553284,1.441724181175232
13,6499202,6Z2J,MdrDBcore00697,S78P+A282T,-1.171,0.04826917499303818,0.5422354340553284,1.441724181175232
13,6499202,6Z2J,MdrDBcore00698,S78P+A282T,0.606,0.3586130440235138,0.5422354340553284,1.441724181175232
13,6499202,2NVU,MdrDBcore00699,C398R+G372D,-0.637,-0.30249273777008057,0.5422354340553284,1.441724181175232
13,6499202,2NVU,MdrDBcore00700,I371V+K209R,-3.018,-0.26186099648475647,0.5422354340553284,1.441724181175232
13,6499202,2NVU,MdrDBcore00701,V395M+R312H,-2.718,-0.15731856226921082,0.5422354340553284,1.441724181175232
13,6499202,5HYN,MdrDBcore00702,F224V+N268D,-0.495,-0.19537146389484406,0.5422354340553284,1.441724181175232
13,6499202,6U4Y,MdrDBcore00703,S220A+L71M,-0.779,0.050721727311611176,0.5422354340553284,1.441724181175232
13,6499202,6VP7,MdrDBcore00704,A2135D+G2385R,0.443,-0.6922810673713684,0.5422354340553284,1.441724181175232
13,6499202,7LI3,MdrDBcore00705,D1064G+S1145L,0.844,-0.27895021438598633,0.5422354340553284,1.441724181175232
13,6499202,7LI3,MdrDBcore00706,E752D+P2103S+T2310M+V2396L,-0.565,0.22441425919532776,0.5422354340553284,1.441724181175232
13,6499202,7LI3,MdrDBcore00707,K1383Q+L1304H,-0.4,0.08607824891805649,0.5422354340553284,1.441724181175232
13,6499202,6VP7,MdrDBcore00708,Q1648P+P2119T+L2291R,0.236,0.13151100277900696,0.5422354340553284,1.441724181175232
13,6499202,7LI3,MdrDBcore00709,S1204N+Q1365R,-0.211,-0.37721264362335205,0.5422354340553284,1.441724181175232
13,6499202,6VP7,MdrDBcore00710,V1450I+G2385R,-0.438,-0.06452158093452454,0.5422354340553284,1.441724181175232
13,6499202,6VP7,MdrDBcore00711,V1581D+A1440P,-0.652,0.5515278577804565,0.5422354340553284,1.441724181175232
13,6499202,7LI3,MdrDBcore00712,V771I+T1410M,-0.726,-0.32953476905822754,0.5422354340553284,1.441724181175232
13,6499202,6O96,MdrDBcore00713,E47V+I48F,-0.462,0.061528898775577545,0.5422354340553284,1.441724181175232
13,6499202,6O96,MdrDBcore00714,E47V+I48F,-0.76,-0.009811170399188995,0.5422354340553284,1.441724181175232
13,6499202,6O96,MdrDBcore00715,E47V+I48F,-0.14,-0.6384117603302002,0.5422354340553284,1.441724181175232
13,6499202,4Z96,MdrDBcore00716,E924K+G577D,-0.615,0.49376025795936584,0.5422354340553284,1.441724181175232
13,6499202,3OUI,MdrDBcore00717,A379V+A194T,0.524,1.0325435400009155,0.5422354340553284,1.441724181175232
13,6499202,4B6L,MdrDBcore00718,R179C+G256E,0.897,1.0020866394042969,0.5422354340553284,1.441724181175232
13,6499202,7LRZ,MdrDBcore00719,N787T+T901A,-0.155,-0.35719674825668335,0.5422354340553284,1.441724181175232
13,6499202,7LRZ,MdrDBcore00720,N787T+T901A,0.076,-0.4864695370197296,0.5422354340553284,1.441724181175232
13,6499202,7NX4,MdrDBcore00721,T1012M+S737L,0.165,-0.5308914184570312,0.5422354340553284,1.441724181175232
13,6499202,7N00,MdrDBcore00722,T1012M+S737L,1.523,-0.19962170720100403,0.5422354340553284,1.441724181175232
13,6499202,AlphaFold2,MdrDBcore00723,Q275R+R102H,0.791,0.16165050864219666,0.5422354340553284,1.441724181175232
13,6499202,AlphaFold2,MdrDBcore00724,R324H+R110H+R102H,1.934,1.8580635786056519,0.5422354340553284,1.441724181175232
13,6499202,6OCO,MdrDBcore00725,A152T,-0.093,0.30002209544181824,0.5422354340553284,1.441724181175232
13,6499202,6OCO,MdrDBcore00726,A152T,-1.837,-0.3991662859916687,0.5422354340553284,1.441724181175232
13,6499202,6G6W,MdrDBcore00727,A396T,-0.37,0.6049112677574158,0.5422354340553284,1.441724181175232
13,6499202,6OCO,MdrDBcore00728,A396T,-2.915,-0.5351533889770508,0.5422354340553284,1.441724181175232
13,6499202,6G6W,MdrDBcore00729,A396T,1.111,0.10239469259977341,0.5422354340553284,1.441724181175232
13,6499202,6OCO,MdrDBcore00730,A468V,1.255,0.21664869785308838,0.5422354340553284,1.441724181175232
13,6499202,6OCO,MdrDBcore00731,A487T,1.109,0.27440765500068665,0.5422354340553284,1.441724181175232
13,6499202,6OCO,MdrDBcore00732,A487T,-0.446,-0.8498539924621582,0.5422354340553284,1.441724181175232
13,6499202,6OCO,MdrDBcore00733,A487T,1.508,1.2248413562774658,0.5422354340553284,1.441724181175232
13,6499202,6OCO,MdrDBcore00734,A487T,1.531,0.03349815309047699,0.5422354340553284,1.441724181175232
13,6499202,6OCO,MdrDBcore00735,A742V,0.08,0.18694838881492615,0.5422354340553284,1.441724181175232
13,6499202,6OCO,MdrDBcore00736,A742V,-0.467,-0.972736120223999,0.5422354340553284,1.441724181175232
13,6499202,6OCO,MdrDBcore00737,A742V,0.764,1.0747456550598145,0.5422354340553284,1.441724181175232
13,6499202,6OCO,MdrDBcore00738,A742V,0.342,0.7264728546142578,0.5422354340553284,1.441724181175232
13,6499202,6OCO,MdrDBcore00739,C132Y,0.634,0.768008291721344,0.5422354340553284,1.441724181175232
13,6499202,6OCO,MdrDBcore00740,C132Y,-0.38,-0.7399761080741882,0.5422354340553284,1.441724181175232
13,6499202,6G6W,MdrDBcore00741,C132Y,1.681,0.2995275855064392,0.5422354340553284,1.441724181175232
13,6499202,6OCO,MdrDBcore00742,C132Y,0.978,0.6508064866065979,0.5422354340553284,1.441724181175232
13,6499202,6OCO,MdrDBcore00743,E1021K,0.296,0.2921184301376343,0.5422354340553284,1.441724181175232
13,6499202,6OCO,MdrDBcore00744,E1021K,-1.343,-0.6101877689361572,0.5422354340553284,1.441724181175232
13,6499202,6OCO,MdrDBcore00745,E1021K,0.773,0.9429430961608887,0.5422354340553284,1.441724181175232
13,6499202,6OCO,MdrDBcore00746,E1021K,1.03,0.5834865570068359,0.5422354340553284,1.441724181175232
13,6499202,6OCO,MdrDBcore00747,E200K,0.923,1.0851092338562012,0.5422354340553284,1.441724181175232
13,6499202,6OCO,MdrDBcore00748,E200K,0.215,0.06946723908185959,0.5422354340553284,1.441724181175232
13,6499202,6OCO,MdrDBcore00749,E234D,1.626,0.2774980366230011,0.5422354340553284,1.441724181175232
13,6499202,6OCO,MdrDBcore00750,E234D,-0.559,-0.7195028066635132,0.5422354340553284,1.441724181175232
13,6499202,6OCO,MdrDBcore00751,E234D,1.595,0.9231157898902893,0.5422354340553284,1.441724181175232
13,6499202,6OCO,MdrDBcore00752,E234D,0.773,-0.08981595188379288,0.5422354340553284,1.441724181175232
13,6499202,6OCO,MdrDBcore00753,E451K,-0.504,0.21951285004615784,0.5422354340553284,1.441724181175232
13,6499202,6OCO,MdrDBcore00754,E451K,-1.217,-0.43515288829803467,0.5422354340553284,1.441724181175232
13,6499202,6OCO,MdrDBcore00755,E451K,1.576,1.070945382118225,0.5422354340553284,1.441724181175232
13,6499202,6OCO,MdrDBcore00756,E451K,0.594,1.1060975790023804,0.5422354340553284,1.441724181175232
13,6499202,6OCO,MdrDBcore00757,E766G,1.189,0.17436319589614868,0.5422354340553284,1.441724181175232
13,6499202,6OCO,MdrDBcore00758,E766G,-0.698,-0.7905713319778442,0.5422354340553284,1.441724181175232
13,6499202,6OCO,MdrDBcore00759,E766G,0.686,0.5583314895629883,0.5422354340553284,1.441724181175232
13,6499202,6OCO,MdrDBcore00760,E83K,-1.483,0.3732519745826721,0.5422354340553284,1.441724181175232
13,6499202,6OCO,MdrDBcore00761,E83K,-2.581,-1.5088073015213013,0.5422354340553284,1.441724181175232
13,6499202,6OCO,MdrDBcore00762,E83K,-2.871,1.079386591911316,0.5422354340553284,1.441724181175232
13,6499202,6OCO,MdrDBcore00763,E83K,-3.594,0.028436243534088135,0.5422354340553284,1.441724181175232
13,6499202,6OCO,MdrDBcore00764,F609L,1.307,0.2191818654537201,0.5422354340553284,1.441724181175232
13,6499202,6OCO,MdrDBcore00765,F609L,0.229,-0.95689457654953,0.5422354340553284,1.441724181175232
13,6499202,6OCO,MdrDBcore00766,F609L,1.711,1.0187900066375732,0.5422354340553284,1.441724181175232
13,6499202,6OCO,MdrDBcore00767,F609L,1.465,0.9709916114807129,0.5422354340553284,1.441724181175232
13,6499202,6OCO,MdrDBcore00768,F932C,1.114,0.45305415987968445,0.5422354340553284,1.441724181175232
13,6499202,6OCO,MdrDBcore00769,F932C,-0.381,-0.577406644821167,0.5422354340553284,1.441724181175232
13,6499202,6OCO,MdrDBcore00770,F932C,1.825,1.057702660560608,0.5422354340553284,1.441724181175232
13,6499202,6OCO,MdrDBcore00771,F932C,0.853,0.8565476536750793,0.5422354340553284,1.441724181175232
13,6499202,6OCO,MdrDBcore00772,G593R,-0.385,0.19734281301498413,0.5422354340553284,1.441724181175232
13,6499202,6OCO,MdrDBcore00773,G593R,-1.066,-0.5590183138847351,0.5422354340553284,1.441724181175232
13,6499202,6OCO,MdrDBcore00774,G593R,1.639,1.1066951751708984,0.5422354340553284,1.441724181175232
13,6499202,6OCO,MdrDBcore00775,G593R,1.737,1.0301601886749268,0.5422354340553284,1.441724181175232
13,6499202,6G6W,MdrDBcore00776,G772S,0.944,0.15247410535812378,0.5422354340553284,1.441724181175232
13,6499202,6OCO,MdrDBcore00777,G772S,-0.37,-0.9443531036376953,0.5422354340553284,1.441724181175232
13,6499202,6OCO,MdrDBcore00778,G772S,-0.284,1.1170865297317505,0.5422354340553284,1.441724181175232
13,6499202,6OCO,MdrDBcore00779,G772S,0.13,-0.2564733028411865,0.5422354340553284,1.441724181175232
13,6499202,6OCO,MdrDBcore00780,G819E,1.359,0.29508906602859497,0.5422354340553284,1.441724181175232
13,6499202,6OCO,MdrDBcore00781,G819E,1.572,1.1723406314849854,0.5422354340553284,1.441724181175232
13,6499202,6OCO,MdrDBcore00782,G819E,0.717,0.47447440028190613,0.5422354340553284,1.441724181175232
13,6499202,6OCO,MdrDBcore00783,G971R,-0.356,0.19259226322174072,0.5422354340553284,1.441724181175232
13,6499202,6OCO,MdrDBcore00784,G971R,-1.304,-0.9109808206558228,0.5422354340553284,1.441724181175232
13,6499202,6OCO,MdrDBcore00785,G971R,0.385,0.9897842407226562,0.5422354340553284,1.441724181175232
13,6499202,6G6W,MdrDBcore00786,G971R,-0.647,-0.4458097517490387,0.5422354340553284,1.441724181175232
13,6499202,6G6W,MdrDBcore00787,G985D,-0.9,-0.44836264848709106,0.5422354340553284,1.441724181175232
13,6499202,6OCO,MdrDBcore00788,G985D,-1.309,-0.8889991044998169,0.5422354340553284,1.441724181175232
13,6499202,6OCO,MdrDBcore00789,G985D,1.103,1.2693084478378296,0.5422354340553284,1.441724181175232
13,6499202,6OCO,MdrDBcore00790,G985D,0.766,0.9621270895004272,0.5422354340553284,1.441724181175232
13,6499202,6OCO,MdrDBcore00791,M387T,-0.331,0.3655802309513092,0.5422354340553284,1.441724181175232
13,6499202,6OCO,MdrDBcore00792,M387T,0.988,0.7421769499778748,0.5422354340553284,1.441724181175232
13,6499202,6OCO,MdrDBcore00793,M387T,1.038,-0.18838682770729065,0.5422354340553284,1.441724181175232
13,6499202,6OCO,MdrDBcore00794,M683I,0.209,0.0712340846657753,0.5422354340553284,1.441724181175232
13,6499202,6OCO,MdrDBcore00795,M683I,-1.045,-0.8917745351791382,0.5422354340553284,1.441724181175232
13,6499202,6OCO,MdrDBcore00796,M683I,0.788,1.057554006576538,0.5422354340553284,1.441724181175232
13,6499202,6OCO,MdrDBcore00797,M683I,1.13,-0.0636826679110527,0.5422354340553284,1.441724181175232
13,6499202,6OCO,MdrDBcore00798,M762I,0.201,0.3229401707649231,0.5422354340553284,1.441724181175232
13,6499202,6OCO,MdrDBcore00799,M762I,-1.116,-0.9134109616279602,0.5422354340553284,1.441724181175232
13,6499202,6OCO,MdrDBcore00800,M762I,1.238,1.0249265432357788,0.5422354340553284,1.441724181175232
13,6499202,6OCO,MdrDBcore00801,M762I,0.663,-0.0313863679766655,0.5422354340553284,1.441724181175232
13,6499202,6OCO,MdrDBcore00802,N334K,-0.837,0.2625575065612793,0.5422354340553284,1.441724181175232
13,6499202,6OCO,MdrDBcore00803,N334K,-1.744,-1.2391146421432495,0.5422354340553284,1.441724181175232
13,6499202,6OCO,MdrDBcore00804,N334K,-2.134,0.968745231628418,0.5422354340553284,1.441724181175232
13,6499202,6OCO,MdrDBcore00805,N334K,-2.557,0.2553699016571045,0.5422354340553284,1.441724181175232
13,6499202,6G6W,MdrDBcore00806,P186S,0.549,0.4629232585430145,0.5422354340553284,1.441724181175232
13,6499202,6OCO,MdrDBcore00807,P186S,-1.197,-0.8825052976608276,0.5422354340553284,1.441724181175232
13,6499202,6OCO,MdrDBcore00808,P186S,1.859,1.1117604970932007,0.5422354340553284,1.441724181175232
13,6499202,6OCO,MdrDBcore00809,P186S,1.462,0.8489015698432922,0.5422354340553284,1.441724181175232
13,6499202,7LQ1,MdrDBcore00810,P294H,1.024,0.574190616607666,0.5422354340553284,1.441724181175232
13,6499202,7LQ1,MdrDBcore00811,P294H,1.566,0.9108755588531494,0.5422354340553284,1.441724181175232
13,6499202,7LQ1,MdrDBcore00812,P294H,1.036,0.5583177208900452,0.5422354340553284,1.441724181175232
13,6499202,6OCO,MdrDBcore00813,P658L,1.496,1.1076641082763672,0.5422354340553284,1.441724181175232
13,6499202,6OCO,MdrDBcore00814,P658L,1.098,0.6593085527420044,0.5422354340553284,1.441724181175232
13,6499202,7LM2,MdrDBcore00815,R229Q,0.354,0.6608734130859375,0.5422354340553284,1.441724181175232
13,6499202,7LM2,MdrDBcore00816,R229Q,-0.903,-0.00017090141773223877,0.5422354340553284,1.441724181175232
13,6499202,7LM2,MdrDBcore00817,R229Q,1.506,0.8745741248130798,0.5422354340553284,1.441724181175232
13,6499202,7LM2,MdrDBcore00818,R229Q,1.421,1.035380482673645,0.5422354340553284,1.441724181175232
13,6499202,7LM2,MdrDBcore00819,R229W,0.606,0.05903353542089462,0.5422354340553284,1.441724181175232
13,6499202,7LM2,MdrDBcore00820,R229W,-1.723,0.010077185928821564,0.5422354340553284,1.441724181175232
13,6499202,7LM2,MdrDBcore00821,R229W,1.473,1.1408618688583374,0.5422354340553284,1.441724181175232
13,6499202,6PYR,MdrDBcore00822,R229W,0.645,0.2496229112148285,0.5422354340553284,1.441724181175232
13,6499202,6OCO,MdrDBcore00823,R38C,-0.365,0.20723816752433777,0.5422354340553284,1.441724181175232
13,6499202,6OCO,MdrDBcore00824,R38C,-1.456,-0.7043023109436035,0.5422354340553284,1.441724181175232
13,6499202,6G6W,MdrDBcore00825,R38C,1.992,0.2741221487522125,0.5422354340553284,1.441724181175232
13,6499202,6OCO,MdrDBcore00826,R38C,1.95,0.9054157733917236,0.5422354340553284,1.441724181175232
13,6499202,6OCO,MdrDBcore00827,R437C,0.216,0.23008710145950317,0.5422354340553284,1.441724181175232
13,6499202,6OCO,MdrDBcore00828,R437C,-1.465,-0.8502084016799927,0.5422354340553284,1.441724181175232
13,6499202,6OCO,MdrDBcore00829,R437C,1.666,1.136845350265503,0.5422354340553284,1.441724181175232
13,6499202,6OCO,MdrDBcore00830,R437C,1.238,0.9660555124282837,0.5422354340553284,1.441724181175232
13,6499202,6OCO,MdrDBcore00831,R821C,-1.413,0.28761884570121765,0.5422354340553284,1.441724181175232
13,6499202,6OCO,MdrDBcore00832,R821C,1.452,1.0725960731506348,0.5422354340553284,1.441724181175232
13,6499202,6OCO,MdrDBcore00833,R821C,2.036,0.9283661842346191,0.5422354340553284,1.441724181175232
13,6499202,6OCO,MdrDBcore00834,R88H,1.69,1.358272910118103,0.5422354340553284,1.441724181175232
13,6499202,6OCO,MdrDBcore00835,R88H,1.048,-0.16873699426651,0.5422354340553284,1.441724181175232
13,6499202,6G6W,MdrDBcore00836,S174L,2.083,0.8180530071258545,0.5422354340553284,1.441724181175232
13,6499202,6G6W,MdrDBcore00837,S174L,0.188,0.5937204360961914,0.5422354340553284,1.441724181175232
13,6499202,6G6W,MdrDBcore00838,S174L,1.802,0.5759907364845276,0.5422354340553284,1.441724181175232
13,6499202,6G6W,MdrDBcore00839,S174L,1.908,0.29923731088638306,0.5422354340553284,1.441724181175232
13,6499202,7SHQ,MdrDBcore00840,D179G,1.527,1.169028878211975,0.5422354340553284,1.441724181175232
13,6499202,7SHQ,MdrDBcore00841,D584N,1.715,0.9336235523223877,0.5422354340553284,1.441724181175232
13,6499202,7SHQ,MdrDBcore00842,D609N,1.604,1.834823489189148,0.5422354340553284,1.441724181175232
13,6499202,7SHQ,MdrDBcore00843,E545D,1.571,0.45500412583351135,0.5422354340553284,1.441724181175232
13,6499202,7SHQ,MdrDBcore00844,E662K,1.281,1.5326710939407349,0.5422354340553284,1.441724181175232
13,6499202,7SHQ,MdrDBcore00845,E673D,1.289,0.7792606353759766,0.5422354340553284,1.441724181175232
13,6499202,7SHQ,MdrDBcore00846,G163V,1.756,1.1825038194656372,0.5422354340553284,1.441724181175232
13,6499202,7SHQ,MdrDBcore00847,G623S,1.237,1.1987287998199463,0.5422354340553284,1.441724181175232
13,6499202,7SHQ,MdrDBcore00848,I349V,1.672,1.2004443407058716,0.5422354340553284,1.441724181175232
13,6499202,7SHQ,MdrDBcore00849,P221L,1.95,1.8992770910263062,0.5422354340553284,1.441724181175232
13,6499202,7SHQ,MdrDBcore00850,Q286K,2.13,1.1738238334655762,0.5422354340553284,1.441724181175232
13,6499202,7SHQ,MdrDBcore00851,R111H,1.472,1.669622540473938,0.5422354340553284,1.441724181175232
13,6499202,7SHQ,MdrDBcore00852,R178Q,1.41,0.7646936774253845,0.5422354340553284,1.441724181175232
13,6499202,7SHQ,MdrDBcore00853,R247C,1.433,1.3802132606506348,0.5422354340553284,1.441724181175232
13,6499202,7SHQ,MdrDBcore00854,R265S,1.517,1.298189401626587,0.5422354340553284,1.441724181175232
13,6499202,7SHQ,MdrDBcore00855,R303H,1.491,0.3772907555103302,0.5422354340553284,1.441724181175232
13,6499202,7SHQ,MdrDBcore00856,T149M,1.58,1.6244007349014282,0.5422354340553284,1.441724181175232
13,6499202,7SHQ,MdrDBcore00857,T291M,2.01,1.7313346862792969,0.5422354340553284,1.441724181175232
13,6499202,7SHQ,MdrDBcore00858,T694I,1.412,0.949053168296814,0.5422354340553284,1.441724181175232
13,6499202,7SHQ,MdrDBcore00859,V120I,1.753,0.96953284740448,0.5422354340553284,1.441724181175232
13,6499202,7SHQ,MdrDBcore00860,W194C,1.538,1.8618993759155273,0.5422354340553284,1.441724181175232
13,6499202,7SHQ,MdrDBcore00861,Y641H,1.946,2.0752475261688232,0.5422354340553284,1.441724181175232
13,6499202,7SHQ,MdrDBcore00862,Y713C,1.392,1.8762294054031372,0.5422354340553284,1.441724181175232
13,6499202,4ZYO,MdrDBcore00863,M224I,0.639,0.8804130554199219,0.5422354340553284,1.441724181175232
13,6499202,7BG9,MdrDBcore00864,D807G,1.237,1.1789116859436035,0.5422354340553284,1.441724181175232
13,6499202,7BG9,MdrDBcore00865,D848G,1.211,0.40534889698028564,0.5422354340553284,1.441724181175232
13,6499202,7BG9,MdrDBcore00866,E1068K,1.628,0.6755926609039307,0.5422354340553284,1.441724181175232
13,6499202,7BG9,MdrDBcore00867,E484K,1.124,0.855948805809021,0.5422354340553284,1.441724181175232
13,6499202,7BG9,MdrDBcore00868,H752R,1.3,0.8708612322807312,0.5422354340553284,1.441724181175232
13,6499202,7BG9,MdrDBcore00869,L397I,0.21,0.3095415234565735,0.5422354340553284,1.441724181175232
13,6499202,7BG9,MdrDBcore00870,P380S,0.378,-0.15003156661987305,0.5422354340553284,1.441724181175232
13,6499202,7BG9,MdrDBcore00871,P530L,1.038,0.8415728807449341,0.5422354340553284,1.441724181175232
13,6499202,7BG9,MdrDBcore00872,P785L,0.639,0.6499338746070862,0.5422354340553284,1.441724181175232
13,6499202,7BG9,MdrDBcore00873,P785Q,-0.52,-0.3439888060092926,0.5422354340553284,1.441724181175232
13,6499202,7BG9,MdrDBcore00874,Q1024H,1.345,1.0035429000854492,0.5422354340553284,1.441724181175232
13,6499202,7BG9,MdrDBcore00875,R521H,1.202,0.08006427437067032,0.5422354340553284,1.441724181175232
13,6499202,7BG9,MdrDBcore00876,R743Q,-0.729,-0.6378748416900635,0.5422354340553284,1.441724181175232
13,6499202,7BG9,MdrDBcore00877,R865C,0.839,0.6023428440093994,0.5422354340553284,1.441724181175232
13,6499202,7BG9,MdrDBcore00878,R938L,1.408,1.8024450540542603,0.5422354340553284,1.441724181175232
13,6499202,7BG9,MdrDBcore00879,R972H,1.156,0.759903609752655,0.5422354340553284,1.441724181175232
13,6499202,7BG9,MdrDBcore00880,T726P,-0.519,-1.0286824703216553,0.5422354340553284,1.441724181175232
13,6499202,7BG9,MdrDBcore00881,T878A,1.071,0.7585293054580688,0.5422354340553284,1.441724181175232
13,6499202,7BG9,MdrDBcore00882,V639I,1.29,0.7952191233634949,0.5422354340553284,1.441724181175232
13,6499202,7BG9,MdrDBcore00883,V640M,1.288,0.40245187282562256,0.5422354340553284,1.441724181175232
13,6499202,7BG9,MdrDBcore00884,V741M,1.087,1.0837939977645874,0.5422354340553284,1.441724181175232
13,6499202,7BG9,MdrDBcore00885,V898A,1.275,1.2226001024246216,0.5422354340553284,1.441724181175232
13,6499202,2WMR,MdrDBcore00886,A253D,-2.155,-0.14232221245765686,0.5422354340553284,1.441724181175232
13,6499202,2WMR,MdrDBcore00887,Y173H,-2.256,-0.1266033947467804,0.5422354340553284,1.441724181175232
13,6499202,4KIK,MdrDBcore00888,A360S,-1.563,-1.459452748298645,0.5422354340553284,1.441724181175232
13,6499202,4KIK,MdrDBcore00889,A360S,1.021,0.9732590913772583,0.5422354340553284,1.441724181175232
13,6499202,3BRV,MdrDBcore00890,A710T,-0.504,-0.6246915459632874,0.5422354340553284,1.441724181175232
13,6499202,3BRV,MdrDBcore00891,A710T,1.786,1.2758209705352783,0.5422354340553284,1.441724181175232
13,6499202,4KIK,MdrDBcore00892,E502K,-1.913,-1.465927243232727,0.5422354340553284,1.441724181175232
13,6499202,4KIK,MdrDBcore00893,E502K,-0.066,1.0775747299194336,0.5422354340553284,1.441724181175232
13,6499202,3BRV,MdrDBcore00894,F734L,-1.768,-0.6342159509658813,0.5422354340553284,1.441724181175232
13,6499202,3BRV,MdrDBcore00895,F734L,1.667,1.2903239727020264,0.5422354340553284,1.441724181175232
13,6499202,4KIK,MdrDBcore00896,H284Y,-1.984,-1.466622233390808,0.5422354340553284,1.441724181175232
13,6499202,4KIK,MdrDBcore00897,H284Y,0.13,1.2409435510635376,0.5422354340553284,1.441724181175232
13,6499202,4KIK,MdrDBcore00898,I413S,-1.999,-1.4649900197982788,0.5422354340553284,1.441724181175232
13,6499202,4KIK,MdrDBcore00899,K337N,-1.745,-1.4733093976974487,0.5422354340553284,1.441724181175232
13,6499202,4KIK,MdrDBcore00900,P296L,1.4,0.9918016195297241,0.5422354340553284,1.441724181175232
13,6499202,4KIK,MdrDBcore00901,R118W,-1.151,-1.4551502466201782,0.5422354340553284,1.441724181175232
13,6499202,4KIK,MdrDBcore00902,R118W,1.339,0.8929892778396606,0.5422354340553284,1.441724181175232
13,6499202,4KIK,MdrDBcore00903,R20H,-0.068,-1.458340048789978,0.5422354340553284,1.441724181175232
13,6499202,4KIK,MdrDBcore00904,R20H,0.521,1.0447134971618652,0.5422354340553284,1.441724181175232
13,6499202,4KIK,MdrDBcore00905,R526Q,1.063,0.972693920135498,0.5422354340553284,1.441724181175232
13,6499202,4KIK,MdrDBcore00906,R57W,-1.249,-1.2545439004898071,0.5422354340553284,1.441724181175232
13,6499202,4KIK,MdrDBcore00907,R57W,1.131,0.8982679843902588,0.5422354340553284,1.441724181175232
13,6499202,4KIK,MdrDBcore00908,T344M,0.66,1.0769128799438477,0.5422354340553284,1.441724181175232
13,6499202,4KIK,MdrDBcore00909,T8R,-0.516,-1.4391119480133057,0.5422354340553284,1.441724181175232
13,6499202,4KIK,MdrDBcore00910,T8R,1.208,1.1019446849822998,0.5422354340553284,1.441724181175232
13,6499202,4KIK,MdrDBcore00911,V327A,-1.102,-1.453476071357727,0.5422354340553284,1.441724181175232
13,6499202,4KIK,MdrDBcore00912,V327A,1.669,0.9976004362106323,0.5422354340553284,1.441724181175232
13,6499202,4KIK,MdrDBcore00913,Y199C,-1.65,-1.4521466493606567,0.5422354340553284,1.441724181175232
13,6499202,4KIK,MdrDBcore00914,Y199C,1.462,1.1155925989151,0.5422354340553284,1.441724181175232
13,6499202,4JBO,MdrDBcore00915,D311G,-0.93,0.18304526805877686,0.5422354340553284,1.441724181175232
13,6499202,4JBO,MdrDBcore00916,D311G,-0.001,-0.10625079274177551,0.5422354340553284,1.441724181175232
13,6499202,4JBO,MdrDBcore00917,F133L,0.523,0.2864716053009033,0.5422354340553284,1.441724181175232
13,6499202,4JBO,MdrDBcore00918,F133L,-0.48,-0.11984971165657043,0.5422354340553284,1.441724181175232
13,6499202,4JBO,MdrDBcore00919,G173V,-0.301,-0.19148433208465576,0.5422354340553284,1.441724181175232
13,6499202,4JBO,MdrDBcore00920,G173V,-0.367,-0.026386644691228867,0.5422354340553284,1.441724181175232
13,6499202,5DT0,MdrDBcore00921,L222P,-0.036,-0.18801067769527435,0.5422354340553284,1.441724181175232
13,6499202,4JBO,MdrDBcore00922,L222P,-0.626,-0.1276654303073883,0.5422354340553284,1.441724181175232
13,6499202,4JBO,MdrDBcore00923,P297H,0.286,0.32665136456489563,0.5422354340553284,1.441724181175232
13,6499202,4JBO,MdrDBcore00924,P297H,-1.585,-0.17457666993141174,0.5422354340553284,1.441724181175232
13,6499202,3FDN,MdrDBcore00925,Q394A,0.19,-0.05031774193048477,0.5422354340553284,1.441724181175232
13,6499202,3FDN,MdrDBcore00926,Q394A,0.126,-0.007800020277500153,0.5422354340553284,1.441724181175232
13,6499202,5DT0,MdrDBcore00927,R343Q,-0.868,-0.4523375332355499,0.5422354340553284,1.441724181175232
13,6499202,4JBO,MdrDBcore00928,R343Q,-0.333,-0.1007409617304802,0.5422354340553284,1.441724181175232
13,6499202,4JBO,MdrDBcore00929,S361L,0.835,0.23988762497901917,0.5422354340553284,1.441724181175232
13,6499202,4JBO,MdrDBcore00930,S361L,0.516,-0.16791097819805145,0.5422354340553284,1.441724181175232
13,6499202,4JBO,MdrDBcore00931,V174M,0.743,-0.2421005666255951,0.5422354340553284,1.441724181175232
13,6499202,4JBO,MdrDBcore00932,V174M,-0.501,-0.018810756504535675,0.5422354340553284,1.441724181175232
13,6499202,4JBO,MdrDBcore00933,Y197C,0.747,-0.15585371851921082,0.5422354340553284,1.441724181175232
13,6499202,4JBO,MdrDBcore00934,Y197C,0.569,0.012723356485366821,0.5422354340553284,1.441724181175232
13,6499202,4JBO,MdrDBcore00935,Y246H,0.777,0.46947160363197327,0.5422354340553284,1.441724181175232
13,6499202,4JBO,MdrDBcore00936,Y246H,-0.064,0.0060007572174072266,0.5422354340553284,1.441724181175232
13,6499202,3JZQ,MdrDBcore00937,C76Y,1.279,0.8410199880599976,0.5422354340553284,1.441724181175232
13,6499202,3JZQ,MdrDBcore00938,R87C,1.337,0.4383404552936554,0.5422354340553284,1.441724181175232
13,6499202,2VKI,MdrDBcore00939,A532T,-1.663,-0.2677169144153595,0.5422354340553284,1.441724181175232
13,6499202,2VKI,MdrDBcore00940,A532T,-0.285,-0.11277811229228973,0.5422354340553284,1.441724181175232
13,6499202,2VKI,MdrDBcore00941,A532T,-1.531,-0.8184571266174316,0.5422354340553284,1.441724181175232
13,6499202,1W1D,MdrDBcore00942,H517Q,-1.454,-0.40872541069984436,0.5422354340553284,1.441724181175232
13,6499202,2VKI,MdrDBcore00943,H517Q,-0.794,-0.2742275297641754,0.5422354340553284,1.441724181175232
13,6499202,2VKI,MdrDBcore00944,H517Q,-0.914,-1.0666983127593994,0.5422354340553284,1.441724181175232
13,6499202,2VKI,MdrDBcore00945,Q540L,-0.007,-0.0997658371925354,0.5422354340553284,1.441724181175232
13,6499202,2VKI,MdrDBcore00946,Q540L,0.155,-0.1693369746208191,0.5422354340553284,1.441724181175232
13,6499202,2VKI,MdrDBcore00947,Q540L,-0.613,-1.0003151893615723,0.5422354340553284,1.441724181175232
13,6499202,2VKI,MdrDBcore00948,R505Q,-0.014,0.10717416554689407,0.5422354340553284,1.441724181175232
13,6499202,2VKI,MdrDBcore00949,R505Q,0.605,-0.08312349766492844,0.5422354340553284,1.441724181175232
13,6499202,2VKI,MdrDBcore00950,R505Q,-0.845,-0.4272833466529846,0.5422354340553284,1.441724181175232
13,6499202,AlphaFold2,MdrDBcore00951,C657R,1.242,0.13852855563163757,0.5422354340553284,1.441724181175232
13,6499202,AlphaFold2,MdrDBcore00952,D644E,-0.767,0.16153281927108765,0.5422354340553284,1.441724181175232
13,6499202,4FVQ,MdrDBcore00953,C675W,0.357,0.4543628990650177,0.5422354340553284,1.441724181175232
13,6499202,4FVQ,MdrDBcore00954,E592K,2.616,0.9917783737182617,0.5422354340553284,1.441724181175232
13,6499202,3IOK,MdrDBcore00955,E846D,2.797,0.18819639086723328,0.5422354340553284,1.441724181175232
13,6499202,4FVQ,MdrDBcore00956,F547V,1.589,-0.11789248138666153,0.5422354340553284,1.441724181175232
13,6499202,4FVQ,MdrDBcore00957,F560L,3.126,0.5529367327690125,0.5422354340553284,1.441724181175232
13,6499202,6E2Q,MdrDBcore00958,F85S,2.311,-0.3471333682537079,0.5422354340553284,1.441724181175232
13,6499202,3IOK,MdrDBcore00959,G1093R,1.446,0.09937945753335953,0.5422354340553284,1.441724181175232
13,6499202,6G3C,MdrDBcore00960,G571S,-0.047,0.28246814012527466,0.5422354340553284,1.441724181175232
13,6499202,6E2Q,MdrDBcore00961,H172R,-0.218,-0.34629833698272705,0.5422354340553284,1.441724181175232
13,6499202,6E2Q,MdrDBcore00962,H172R,1.82,-0.4149267077445984,0.5422354340553284,1.441724181175232
13,6499202,6G3C,MdrDBcore00963,H606Q,-1.028,0.2796719968318939,0.5422354340553284,1.441724181175232
13,6499202,4FVQ,MdrDBcore00964,H606Q,0.836,0.5064826011657715,0.5422354340553284,1.441724181175232
13,6499202,6E2Q,MdrDBcore00965,I67M,1.408,0.26169219613075256,0.5422354340553284,1.441724181175232
13,6499202,6E2Q,MdrDBcore00966,L383P,-1.434,-0.5350571870803833,0.5422354340553284,1.441724181175232
13,6499202,6E2Q,MdrDBcore00967,L383P,2.042,0.7591082453727722,0.5422354340553284,1.441724181175232
13,6499202,6E2Q,MdrDBcore00968,L393V,-0.207,-0.5138121247291565,0.5422354340553284,1.441724181175232
13,6499202,4FVQ,MdrDBcore00969,L634P,2.074,0.29200589656829834,0.5422354340553284,1.441724181175232
13,6499202,3IOK,MdrDBcore00970,L905P,-1.629,0.20918512344360352,0.5422354340553284,1.441724181175232
13,6499202,3IOK,MdrDBcore00971,N1108S,1.948,0.1328345537185669,0.5422354340553284,1.441724181175232
13,6499202,6E2Q,MdrDBcore00972,N337D,0.983,-0.16776473820209503,0.5422354340553284,1.441724181175232
13,6499202,3IOK,MdrDBcore00973,R1063H,-0.474,0.1308801770210266,0.5422354340553284,1.441724181175232
13,6499202,3IOK,MdrDBcore00974,R1117M,0.687,0.0929606482386589,0.5422354340553284,1.441724181175232
13,6499202,6E2Q,MdrDBcore00975,R426A,0.073,0.37413671612739563,0.5422354340553284,1.441724181175232
13,6499202,6E2Q,MdrDBcore00976,S411N,3.172,-0.5244957208633423,0.5422354340553284,1.441724181175232
13,6499202,6E2Q,MdrDBcore00977,S507A,0.168,-0.129092738032341,0.5422354340553284,1.441724181175232
13,6499202,4FVQ,MdrDBcore00978,S797C,1.229,0.7732946276664734,0.5422354340553284,1.441724181175232
13,6499202,6E2Q,MdrDBcore00979,T108A,3.21,1.0600889921188354,0.5422354340553284,1.441724181175232
13,6499202,6E2Q,MdrDBcore00980,V149A,0.931,0.7332195043563843,0.5422354340553284,1.441724181175232
13,6499202,4FVQ,MdrDBcore00981,V617F,0.016,-0.34301093220710754,0.5422354340553284,1.441724181175232
13,6499202,6E2Q,MdrDBcore00982,W157A,-0.483,0.3648715019226074,0.5422354340553284,1.441724181175232
13,6499202,6E2Q,MdrDBcore00983,Y42H,3.166,-0.7496227622032166,0.5422354340553284,1.441724181175232
13,6499202,3IOK,MdrDBcore00984,Y934N,1.12,0.21499177813529968,0.5422354340553284,1.441724181175232
13,6499202,6E2Q,MdrDBcore00985,Y96H,-0.387,-0.04559757933020592,0.5422354340553284,1.441724181175232
13,6499202,5UEY,MdrDBcore00986,C357Y,3.73,1.641983985900879,0.5422354340553284,1.441724181175232
13,6499202,5UEY,MdrDBcore00987,C357Y,1.188,0.06837084144353867,0.5422354340553284,1.441724181175232
13,6499202,5UEY,MdrDBcore00988,C357Y,1.205,0.9016222357749939,0.5422354340553284,1.441724181175232
13,6499202,5CTL,MdrDBcore00989,H77Y,-2.382,0.3188234865665436,0.5422354340553284,1.441724181175232
13,6499202,5CTL,MdrDBcore00990,H77Y,0.959,0.12668147683143616,0.5422354340553284,1.441724181175232
13,6499202,5CTL,MdrDBcore00991,H77Y,1.105,-0.06420746445655823,0.5422354340553284,1.441724181175232
13,6499202,5UEY,MdrDBcore00992,I360V,-0.479,-0.3302755653858185,0.5422354340553284,1.441724181175232
13,6499202,5UEY,MdrDBcore00993,I360V,1.513,-0.019951142370700836,0.5422354340553284,1.441724181175232
13,6499202,5UEY,MdrDBcore00994,I360V,1.347,0.919176459312439,0.5422354340553284,1.441724181175232
13,6499202,4Z93,MdrDBcore00995,R444C,0.287,0.4984508454799652,0.5422354340553284,1.441724181175232
13,6499202,4Z93,MdrDBcore00996,R444C,-0.215,0.7505840063095093,0.5422354340553284,1.441724181175232
13,6499202,4Z93,MdrDBcore00997,R444C,-0.063,0.2929244041442871,0.5422354340553284,1.441724181175232
13,6499202,2N3K,MdrDBcore00998,R616W,1.224,0.8226840496063232,0.5422354340553284,1.441724181175232
13,6499202,2N3K,MdrDBcore00999,R616W,1.614,0.3941250741481781,0.5422354340553284,1.441724181175232
13,6499202,2N3K,MdrDBcore01000,R616W,1.6,0.22779902815818787,0.5422354340553284,1.441724181175232
13,6499202,5CTL,MdrDBcore01001,T73I,-0.44,0.2968702018260956,0.5422354340553284,1.441724181175232
13,6499202,5CTL,MdrDBcore01002,T73I,-0.958,-0.16584599018096924,0.5422354340553284,1.441724181175232
13,6499202,5CTL,MdrDBcore01003,T73I,-1.313,0.00958532840013504,0.5422354340553284,1.441724181175232
13,6499202,5CTL,MdrDBcore01004,W120A,0.458,0.6283968091011047,0.5422354340553284,1.441724181175232
13,6499202,5CTL,MdrDBcore01005,W120A,0.346,0.34375283122062683,0.5422354340553284,1.441724181175232
13,6499202,5CTL,MdrDBcore01006,W120A,-0.884,-0.06242348998785019,0.5422354340553284,1.441724181175232
13,6499202,5CTL,MdrDBcore01007,W81L,1.79,0.4343232214450836,0.5422354340553284,1.441724181175232
13,6499202,5CTL,MdrDBcore01008,W81L,1.632,0.7388374209403992,0.5422354340553284,1.441724181175232
13,6499202,5CTL,MdrDBcore01009,W81L,1.777,0.10568413883447647,0.5422354340553284,1.441724181175232
13,6499202,6UMD,MdrDBcore01010,A537E,-0.83,0.3543180525302887,0.5422354340553284,1.441724181175232
13,6499202,6UMD,MdrDBcore01011,D467N,1.991,0.09968573600053787,0.5422354340553284,1.441724181175232
13,6499202,5U0J,MdrDBcore01012,D585V,1.689,0.9505575895309448,0.5422354340553284,1.441724181175232
13,6499202,5U0J,MdrDBcore01013,D634G,2.083,0.7867642045021057,0.5422354340553284,1.441724181175232
13,6499202,6UMD,MdrDBcore01014,F472L,1.268,0.2912959158420563,0.5422354340553284,1.441724181175232
13,6499202,6UMD,MdrDBcore01015,G243E,1.422,0.0007552206516265869,0.5422354340553284,1.441724181175232
13,6499202,4O7D,MdrDBcore01016,K346Q,-0.127,-0.4051454961299896,0.5422354340553284,1.441724181175232
13,6499202,6UMD,MdrDBcore01017,L478R,1.294,0.15199682116508484,0.5422354340553284,1.441724181175232
13,6499202,6UMD,MdrDBcore01018,N331S,0.49,0.08607891947031021,0.5422354340553284,1.441724181175232
13,6499202,6UMD,MdrDBcore01019,R307L,0.897,1.0528762340545654,0.5422354340553284,1.441724181175232
13,6499202,6UMD,MdrDBcore01020,V453I,1.509,0.5885550379753113,0.5422354340553284,1.441724181175232
13,6499202,5SD8,MdrDBcore01021,A125V,1.996,-0.26696231961250305,0.5422354340553284,1.441724181175232
13,6499202,5HT4,MdrDBcore01022,I176T,0.282,0.059856824576854706,0.5422354340553284,1.441724181175232
13,6499202,5HT4,MdrDBcore01023,T57A,0.41,-0.024434547871351242,0.5422354340553284,1.441724181175232
13,6499202,5DC4,MdrDBcore01024,A156T,0.124,0.2301369607448578,0.5422354340553284,1.441724181175232
13,6499202,5DC4,MdrDBcore01025,E216K,0.948,-0.10650753974914551,0.5422354340553284,1.441724181175232
13,6499202,2V7A,MdrDBcore01026,G340W,-0.028,-0.22080674767494202,0.5422354340553284,1.441724181175232
13,6499202,2V7A,MdrDBcore01027,H415Q,0.762,-0.12338156998157501,0.5422354340553284,1.441724181175232
13,6499202,4J9H,MdrDBcore01028,K106E,1.244,0.6923646330833435,0.5422354340553284,1.441724181175232
13,6499202,6AMW,MdrDBcore01029,K7R,-0.044,-0.06936086714267731,0.5422354340553284,1.441724181175232
13,6499202,4JJB,MdrDBcore01030,N115S,0.944,0.29672619700431824,0.5422354340553284,1.441724181175232
13,6499202,6AMW,MdrDBcore01031,P131S,-0.881,-0.21188336610794067,0.5422354340553284,1.441724181175232
13,6499202,2V7A,MdrDBcore01032,P460L,0.494,-0.20898687839508057,0.5422354340553284,1.441724181175232
13,6499202,6AMW,MdrDBcore01033,R13K,-0.459,-0.23900744318962097,0.5422354340553284,1.441724181175232
13,6499202,5DC4,MdrDBcore01034,R153C,-0.602,-0.2563468813896179,0.5422354340553284,1.441724181175232
13,6499202,5DC4,MdrDBcore01035,R185K,-0.121,0.31251466274261475,0.5422354340553284,1.441724181175232
13,6499202,2V7A,MdrDBcore01036,R351W,0.405,-0.20156341791152954,0.5422354340553284,1.441724181175232
13,6499202,7N9G,MdrDBcore01037,R502W,0.707,0.21856239438056946,0.5422354340553284,1.441724181175232
13,6499202,2V7A,MdrDBcore01038,T243I,0.101,-0.22832489013671875,0.5422354340553284,1.441724181175232
13,6499202,6XR6,MdrDBcore01039,V390I,-0.227,0.059240542352199554,0.5422354340553284,1.441724181175232
13,6499202,2V7A,MdrDBcore01040,Y276C,-0.478,-0.17640119791030884,0.5422354340553284,1.441724181175232
13,6499202,1MOX,MdrDBcore01041,A289D,-0.356,-0.2754160761833191,0.5422354340553284,1.441724181175232
13,6499202,1MOX,MdrDBcore01042,A289D,0.668,0.3274690806865692,0.5422354340553284,1.441724181175232
13,6499202,7SZ0,MdrDBcore01043,A289V,0.598,-0.8254022598266602,0.5422354340553284,1.441724181175232
13,6499202,1MOX,MdrDBcore01044,A289V,0.528,0.6414761543273926,0.5422354340553284,1.441724181175232
13,6499202,1MOX,MdrDBcore01045,A289V,0.287,-0.2163694202899933,0.5422354340553284,1.441724181175232
13,6499202,7SZ0,MdrDBcore01046,A289V,1.005,0.10566466301679611,0.5422354340553284,1.441724181175232
13,6499202,1MOX,MdrDBcore01047,A289V,0.516,-0.2086525559425354,0.5422354340553284,1.441724181175232
13,6499202,5CAN,MdrDBcore01048,A702D,-1.549,-0.6604425311088562,0.5422354340553284,1.441724181175232
13,6499202,5CAN,MdrDBcore01049,A702D,0.098,-0.7204179763793945,0.5422354340553284,1.441724181175232
13,6499202,6D8E,MdrDBcore01050,A864V,-1.162,-0.3667182922363281,0.5422354340553284,1.441724181175232
13,6499202,6D8E,MdrDBcore01051,A864V,-1.228,-0.8463270664215088,0.5422354340553284,1.441724181175232
13,6499202,6D8E,MdrDBcore01052,A864V,-1.186,-0.37029513716697693,0.5422354340553284,1.441724181175232
13,6499202,6D8E,MdrDBcore01053,A864V,-0.945,0.05751942843198776,0.5422354340553284,1.441724181175232
13,6499202,6D8E,MdrDBcore01054,A864V,-0.788,-0.23411330580711365,0.5422354340553284,1.441724181175232
13,6499202,6D8E,MdrDBcore01055,A864V,-0.396,-0.23879456520080566,0.5422354340553284,1.441724181175232
13,6499202,6D8E,MdrDBcore01056,A864V,-1.02,-1.1081585884094238,0.5422354340553284,1.441724181175232
13,6499202,6D8E,MdrDBcore01057,A864V,-1.432,-0.5097049474716187,0.5422354340553284,1.441724181175232
13,6499202,6D8E,MdrDBcore01058,A864V,-0.67,-0.5921772122383118,0.5422354340553284,1.441724181175232
13,6499202,1MOX,MdrDBcore01059,C251Y,-0.693,-0.1419103443622589,0.5422354340553284,1.441724181175232
13,6499202,1MOX,MdrDBcore01060,C311F,2.202,0.7751489877700806,0.5422354340553284,1.441724181175232
13,6499202,7SZ0,MdrDBcore01061,C523R,-0.599,-0.17198224365711212,0.5422354340553284,1.441724181175232
13,6499202,7SZ0,MdrDBcore01062,C523R,-0.637,-0.29283466935157776,0.5422354340553284,1.441724181175232
13,6499202,7SZ0,MdrDBcore01063,C523R,0.304,-0.6083265542984009,0.5422354340553284,1.441724181175232
13,6499202,7SZ0,MdrDBcore01064,C523R,0.093,0.37717556953430176,0.5422354340553284,1.441724181175232
13,6499202,7SZ0,MdrDBcore01065,C523R,-0.466,-0.580608069896698,0.5422354340553284,1.441724181175232
13,6499202,7SZ0,MdrDBcore01066,C523R,0.621,-0.4304661750793457,0.5422354340553284,1.441724181175232
13,6499202,5CAN,MdrDBcore01067,E711K,-0.282,-0.5686612129211426,0.5422354340553284,1.441724181175232
13,6499202,6TG1,MdrDBcore01068,E711K,0.102,-0.8865142464637756,0.5422354340553284,1.441724181175232
13,6499202,5CAN,MdrDBcore01069,E711K,0.011,-0.5834006667137146,0.5422354340553284,1.441724181175232
13,6499202,5CAN,MdrDBcore01070,E711K,0.301,-0.11846601963043213,0.5422354340553284,1.441724181175232
13,6499202,5CAN,MdrDBcore01071,E711K,1.056,-0.5381016135215759,0.5422354340553284,1.441724181175232
13,6499202,5CAN,MdrDBcore01072,F961L,0.414,0.1083320900797844,0.5422354340553284,1.441724181175232
13,6499202,5CAN,MdrDBcore01073,F961L,-0.23,-0.5596588253974915,0.5422354340553284,1.441724181175232
13,6499202,5CAN,MdrDBcore01074,F961L,-0.145,-0.461908221244812,0.5422354340553284,1.441724181175232
13,6499202,2M0B,MdrDBcore01075,G659R,-0.828,0.472499281167984,0.5422354340553284,1.441724181175232
13,6499202,5CAN,MdrDBcore01076,G719S,-0.311,0.3403109610080719,0.5422354340553284,1.441724181175232
13,6499202,6TG1,MdrDBcore01077,G719S,-2.08,-0.09434061497449875,0.5422354340553284,1.441724181175232
13,6499202,6D8E,MdrDBcore01078,G719S,-1.345,-0.24053531885147095,0.5422354340553284,1.441724181175232
13,6499202,5CAN,MdrDBcore01079,G719S,-1.534,-0.43599823117256165,0.5422354340553284,1.441724181175232
13,6499202,5CAN,MdrDBcore01080,G719S,-1.594,-0.4530712068080902,0.5422354340553284,1.441724181175232
13,6499202,5CAN,MdrDBcore01081,G719S,0.896,-0.25218823552131653,0.5422354340553284,1.441724181175232
13,6499202,5CAN,MdrDBcore01082,G917R,-0.265,-0.5775843858718872,0.5422354340553284,1.441724181175232
13,6499202,5CAN,MdrDBcore01083,G917R,0.04,0.16031336784362793,0.5422354340553284,1.441724181175232
13,6499202,5CAN,MdrDBcore01084,G917R,-0.148,-0.12305685877799988,0.5422354340553284,1.441724181175232
13,6499202,5CAN,MdrDBcore01085,G917R,-0.372,-0.722885012626648,0.5422354340553284,1.441724181175232
13,6499202,5CAN,MdrDBcore01086,H988P,-0.191,-0.1724441647529602,0.5422354340553284,1.441724181175232
13,6499202,2M0B,MdrDBcore01087,I646L,0.139,-0.6000580191612244,0.5422354340553284,1.441724181175232
13,6499202,2M0B,MdrDBcore01088,I646L,0.342,0.15749245882034302,0.5422354340553284,1.441724181175232
13,6499202,5LV6,MdrDBcore01089,I646L,-0.278,-0.06691747903823853,0.5422354340553284,1.441724181175232
13,6499202,2M0B,MdrDBcore01090,I646L,0.656,-0.03752616420388222,0.5422354340553284,1.441724181175232
13,6499202,2M0B,MdrDBcore01091,I646L,0.677,-0.14680776000022888,0.5422354340553284,1.441724181175232
13,6499202,7SZ0,MdrDBcore01092,K28N,-0.86,0.3163772523403168,0.5422354340553284,1.441724181175232
13,6499202,2N5S,MdrDBcore01093,L62R,0.651,-0.3645566999912262,0.5422354340553284,1.441724181175232
13,6499202,2N5S,MdrDBcore01094,L62R,0.883,0.5576244592666626,0.5422354340553284,1.441724181175232
13,6499202,2N5S,MdrDBcore01095,L62R,0.476,-0.17543262243270874,0.5422354340553284,1.441724181175232
13,6499202,2N5S,MdrDBcore01096,L62R,1.078,0.44669410586357117,0.5422354340553284,1.441724181175232
13,6499202,2N5S,MdrDBcore01097,L62R,1.369,-0.179227814078331,0.5422354340553284,1.441724181175232
13,6499202,1MOX,MdrDBcore01098,L76P,-0.985,-0.20952516794204712,0.5422354340553284,1.441724181175232
13,6499202,1MOX,MdrDBcore01099,L76P,-0.97,0.17987892031669617,0.5422354340553284,1.441724181175232
13,6499202,2M20,MdrDBcore01100,L76P,-0.064,-0.535173773765564,0.5422354340553284,1.441724181175232
13,6499202,2M20,MdrDBcore01101,L76P,-0.699,-0.031184904277324677,0.5422354340553284,1.441724181175232
13,6499202,1MOX,MdrDBcore01102,L76P,-0.228,0.39101365208625793,0.5422354340553284,1.441724181175232
13,6499202,2M20,MdrDBcore01103,L76P,0.398,0.529742956161499,0.5422354340553284,1.441724181175232
13,6499202,1MOX,MdrDBcore01104,L76P,-1.343,-0.0064611658453941345,0.5422354340553284,1.441724181175232
13,6499202,2M20,MdrDBcore01105,L76P,-1.839,0.08338732272386551,0.5422354340553284,1.441724181175232
13,6499202,6D8E,MdrDBcore01106,L858R,-4.042,-0.1697610318660736,0.5422354340553284,1.441724181175232
13,6499202,6D8E,MdrDBcore01107,L858R,-2.66,-0.531754732131958,0.5422354340553284,1.441724181175232
13,6499202,5CAN,MdrDBcore01108,L861Q,-0.896,-0.5509158968925476,0.5422354340553284,1.441724181175232
13,6499202,5CAN,MdrDBcore01109,L861Q,-0.526,0.2947118282318115,0.5422354340553284,1.441724181175232
13,6499202,5CAN,MdrDBcore01110,L861Q,-1.064,-0.6909769773483276,0.5422354340553284,1.441724181175232
13,6499202,6D8E,MdrDBcore01111,L861Q,-0.736,-0.48845773935317993,0.5422354340553284,1.441724181175232
13,6499202,6D8E,MdrDBcore01112,L861Q,-0.619,-0.5978279113769531,0.5422354340553284,1.441724181175232
13,6499202,5CAN,MdrDBcore01113,L883F,-0.382,-0.6298654675483704,0.5422354340553284,1.441724181175232
13,6499202,5CAN,MdrDBcore01114,L883F,0.58,0.26138797402381897,0.5422354340553284,1.441724181175232
13,6499202,5CAN,MdrDBcore01115,L883F,0.226,-0.581813633441925,0.5422354340553284,1.441724181175232
13,6499202,5CAN,MdrDBcore01116,L883F,0.281,-0.11517297476530075,0.5422354340553284,1.441724181175232
13,6499202,5CAN,MdrDBcore01117,L883F,0.945,-0.6542450189590454,0.5422354340553284,1.441724181175232
13,6499202,3PFV,MdrDBcore01118,P1071L,0.324,0.6871975660324097,0.5422354340553284,1.441724181175232
13,6499202,3PFV,MdrDBcore01119,P1071L,-0.931,0.3922616243362427,0.5422354340553284,1.441724181175232
13,6499202,3PFV,MdrDBcore01120,P1071L,-0.113,0.15041491389274597,0.5422354340553284,1.441724181175232
13,6499202,3PFV,MdrDBcore01121,P1071L,0.13,0.36787745356559753,0.5422354340553284,1.441724181175232
13,6499202,3PFV,MdrDBcore01122,P1071L,-0.12,0.23115286231040955,0.5422354340553284,1.441724181175232
13,6499202,3PFV,MdrDBcore01123,P1071L,1.21,0.16512393951416016,0.5422354340553284,1.441724181175232
13,6499202,5CAN,MdrDBcore01124,P753S,-1.218,-0.17017674446105957,0.5422354340553284,1.441724181175232
13,6499202,5CAN,MdrDBcore01125,P753S,1.334,-0.5289485454559326,0.5422354340553284,1.441724181175232
13,6499202,5CAN,MdrDBcore01126,Q701R,-0.279,-0.35890746116638184,0.5422354340553284,1.441724181175232
13,6499202,6TG1,MdrDBcore01127,Q701R,-0.382,-0.4066106081008911,0.5422354340553284,1.441724181175232
13,6499202,5CAN,MdrDBcore01128,Q701R,0.29,-0.37040576338768005,0.5422354340553284,1.441724181175232
13,6499202,6D8E,MdrDBcore01129,Q701R,-0.347,-0.15438371896743774,0.5422354340553284,1.441724181175232
13,6499202,5CAN,MdrDBcore01130,Q701R,0.084,-0.13506999611854553,0.5422354340553284,1.441724181175232
13,6499202,5CAN,MdrDBcore01131,Q701R,-0.522,-0.8315942883491516,0.5422354340553284,1.441724181175232
13,6499202,1MOX,MdrDBcore01132,R165Q,0.288,0.32768169045448303,0.5422354340553284,1.441724181175232
13,6499202,1MOX,MdrDBcore01133,R451C,-0.719,0.011568650603294373,0.5422354340553284,1.441724181175232
13,6499202,7SZ0,MdrDBcore01134,R451C,-1.196,-1.011346697807312,0.5422354340553284,1.441724181175232
13,6499202,1MOX,MdrDBcore01135,R451C,-0.817,-0.1796633005142212,0.5422354340553284,1.441724181175232
13,6499202,1MOX,MdrDBcore01136,R451C,-0.695,0.5152001976966858,0.5422354340553284,1.441724181175232
13,6499202,7SZ0,MdrDBcore01137,R451C,-1.115,-0.4062861502170563,0.5422354340553284,1.441724181175232
13,6499202,1MOX,MdrDBcore01138,R451C,0.991,0.10584873706102371,0.5422354340553284,1.441724181175232
13,6499202,2M0B,MdrDBcore01139,R675Q,0.202,-0.10760121792554855,0.5422354340553284,1.441724181175232
13,6499202,2M0B,MdrDBcore01140,R675Q,0.948,0.45286300778388977,0.5422354340553284,1.441724181175232
13,6499202,2M0B,MdrDBcore01141,R675Q,0.704,-0.5751526355743408,0.5422354340553284,1.441724181175232
13,6499202,2M0B,MdrDBcore01142,R675Q,1.255,1.122255802154541,0.5422354340553284,1.441724181175232
13,6499202,2M0B,MdrDBcore01143,R675Q,0.318,-0.15979553759098053,0.5422354340553284,1.441724181175232
13,6499202,2M0B,MdrDBcore01144,R677C,-1.091,0.021655842661857605,0.5422354340553284,1.441724181175232
13,6499202,5CAN,MdrDBcore01145,R832C,-1.389,-0.1393560767173767,0.5422354340553284,1.441724181175232
13,6499202,5CAN,MdrDBcore01146,R832C,-1.507,-0.5433096289634705,0.5422354340553284,1.441724181175232
13,6499202,5CAN,MdrDBcore01147,R832C,-0.512,-0.12181945890188217,0.5422354340553284,1.441724181175232
13,6499202,5CAN,MdrDBcore01148,S703F,-2.773,-0.18750587105751038,0.5422354340553284,1.441724181175232
13,6499202,5CAN,MdrDBcore01149,S768I,-2.066,-1.0987221002578735,0.5422354340553284,1.441724181175232
13,6499202,6D8E,MdrDBcore01150,S768I,-1.336,-0.7609220743179321,0.5422354340553284,1.441724181175232
13,6499202,5CAN,MdrDBcore01151,S768I,-1.442,-0.018293753266334534,0.5422354340553284,1.441724181175232
13,6499202,5CAN,MdrDBcore01152,S768I,-2.007,-0.19409820437431335,0.5422354340553284,1.441724181175232
13,6499202,5CAN,MdrDBcore01153,S768I,-1.274,-0.6258755922317505,0.5422354340553284,1.441724181175232
13,6499202,5CAN,MdrDBcore01154,S768I,-3.63,-0.6084465980529785,0.5422354340553284,1.441724181175232
13,6499202,5CAN,MdrDBcore01155,S811F,0.566,-0.5401125550270081,0.5422354340553284,1.441724181175232
13,6499202,5CAN,MdrDBcore01156,S811F,0.765,0.8202633857727051,0.5422354340553284,1.441724181175232
13,6499202,5CAN,MdrDBcore01157,S811F,0.132,-0.4842255115509033,0.5422354340553284,1.441724181175232
13,6499202,5CAN,MdrDBcore01158,S811F,0.163,-0.3941522538661957,0.5422354340553284,1.441724181175232
13,6499202,5CAN,MdrDBcore01159,S811F,-0.607,-0.4830228388309479,0.5422354340553284,1.441724181175232
13,6499202,6TG1,MdrDBcore01160,T751I,0.033,0.08199521154165268,0.5422354340553284,1.441724181175232
13,6499202,5CAN,MdrDBcore01161,T751I,0.148,-0.6981446743011475,0.5422354340553284,1.441724181175232
13,6499202,5CAN,MdrDBcore01162,T751I,-0.088,-0.2229270339012146,0.5422354340553284,1.441724181175232
13,6499202,5CAN,MdrDBcore01163,T751I,-0.18,-0.3739454448223114,0.5422354340553284,1.441724181175232
13,6499202,5CAN,MdrDBcore01164,T751I,-0.629,-0.210103839635849,0.5422354340553284,1.441724181175232
13,6499202,5CAN,MdrDBcore01165,V1011M,-2.524,-1.1294231414794922,0.5422354340553284,1.441724181175232
13,6499202,5CAN,MdrDBcore01166,V1011M,-0.24,-0.5250600576400757,0.5422354340553284,1.441724181175232
13,6499202,5CAN,MdrDBcore01167,V1011M,-0.267,0.2298164963722229,0.5422354340553284,1.441724181175232
13,6499202,5CAN,MdrDBcore01168,V1011M,-0.597,-0.5911861658096313,0.5422354340553284,1.441724181175232
13,6499202,5CAN,MdrDBcore01169,V1011M,-1.178,-0.2130601406097412,0.5422354340553284,1.441724181175232
13,6499202,5CAN,MdrDBcore01170,V1011M,-1.794,-0.5885883569717407,0.5422354340553284,1.441724181175232
13,6499202,1MOX,MdrDBcore01171,V292M,-0.108,0.3035988211631775,0.5422354340553284,1.441724181175232
13,6499202,7SZ0,MdrDBcore01172,V592F,-0.734,-0.5174287557601929,0.5422354340553284,1.441724181175232
13,6499202,7SZ0,MdrDBcore01173,V592F,0.123,-0.45247790217399597,0.5422354340553284,1.441724181175232
13,6499202,7SZ0,MdrDBcore01174,V592F,1.952,0.18765190243721008,0.5422354340553284,1.441724181175232
13,6499202,5CAN,MdrDBcore01175,V738D,-0.931,-0.5243176817893982,0.5422354340553284,1.441724181175232
13,6499202,6D8E,MdrDBcore01176,V738D,-0.288,-0.3910234868526459,0.5422354340553284,1.441724181175232
13,6499202,5CAN,MdrDBcore01177,V738D,-0.471,-0.6076540946960449,0.5422354340553284,1.441724181175232
13,6499202,5CAN,MdrDBcore01178,V738D,-0.628,-0.6827594637870789,0.5422354340553284,1.441724181175232
13,6499202,5CAN,MdrDBcore01179,V738D,-1.784,-0.527439534664154,0.5422354340553284,1.441724181175232
13,6499202,5CAN,MdrDBcore01180,V904I,-0.686,-0.6902881860733032,0.5422354340553284,1.441724181175232
13,6499202,5CAN,MdrDBcore01181,V904I,-0.631,-0.5871720314025879,0.5422354340553284,1.441724181175232
13,6499202,5CAN,MdrDBcore01182,V904I,-0.007,-0.19313038885593414,0.5422354340553284,1.441724181175232
13,6499202,5CAN,MdrDBcore01183,V904I,-0.208,-0.6591078042984009,0.5422354340553284,1.441724181175232
13,6499202,5CAN,MdrDBcore01184,V904I,-0.86,-0.3565412163734436,0.5422354340553284,1.441724181175232
13,6499202,5CAN,MdrDBcore01185,V904I,-0.362,-0.5525566339492798,0.5422354340553284,1.441724181175232
13,6499202,5VQP,MdrDBcore01186,A221T,0.098,0.9338644742965698,0.5422354340553284,1.441724181175232
13,6499202,6GFF,MdrDBcore01187,A221T,0.035,0.8285086154937744,0.5422354340553284,1.441724181175232
13,6499202,6GFF,MdrDBcore01188,E169A,0.4,-0.4110935628414154,0.5422354340553284,1.441724181175232
13,6499202,6GFF,MdrDBcore01189,F134L,1.061,0.7679966688156128,0.5422354340553284,1.441724181175232
13,6499202,6GFF,MdrDBcore01190,F134L,-0.28,-0.22567352652549744,0.5422354340553284,1.441724181175232
13,6499202,5FFO,MdrDBcore01191,I300V,0.168,-0.7653653025627136,0.5422354340553284,1.441724181175232
13,6499202,6GFF,MdrDBcore01192,R152Q,0.693,0.7191457748413086,0.5422354340553284,1.441724181175232
13,6499202,6GFF,MdrDBcore01193,R152Q,1.291,1.1531386375427246,0.5422354340553284,1.441724181175232
13,6499202,6GFF,MdrDBcore01194,R205L,1.168,1.1460188627243042,0.5422354340553284,1.441724181175232
13,6499202,6GFF,MdrDBcore01195,R205L,0.137,0.3603782057762146,0.5422354340553284,1.441724181175232
13,6499202,6GFF,MdrDBcore01196,S138L,0.563,1.1759079694747925,0.5422354340553284,1.441724181175232
13,6499202,6GFF,MdrDBcore01197,S138L,1.717,0.020153991878032684,0.5422354340553284,1.441724181175232
13,6499202,6GFF,MdrDBcore01198,S209R,0.408,1.3347457647323608,0.5422354340553284,1.441724181175232
13,6499202,6GFF,MdrDBcore01199,S209R,-0.44,-0.14955469965934753,0.5422354340553284,1.441724181175232
13,6499202,5VQP,MdrDBcore01200,T289A,0.353,0.6294287443161011,0.5422354340553284,1.441724181175232
13,6499202,4KV5,MdrDBcore01201,V20M,1.636,0.24314194917678833,0.5422354340553284,1.441724181175232
13,6499202,4KV5,MdrDBcore01202,Y103H,0.514,0.004403643310070038,0.5422354340553284,1.441724181175232
13,6499202,6GFF,MdrDBcore01203,Y103H,-0.297,-0.05885336175560951,0.5422354340553284,1.441724181175232
13,6499202,5TM1,MdrDBcore01204,D321N,0.066,0.024304941296577454,0.5422354340553284,1.441724181175232
13,6499202,5TM1,MdrDBcore01205,D321N,0.304,0.28115493059158325,0.5422354340553284,1.441724181175232
13,6499202,5TM1,MdrDBcore01206,D426G,-0.151,-0.08801557123661041,0.5422354340553284,1.441724181175232
13,6499202,5TM1,MdrDBcore01207,D426G,-0.021,0.26447081565856934,0.5422354340553284,1.441724181175232
13,6499202,4AA6,MdrDBcore01208,E247K,-0.19,-0.37693488597869873,0.5422354340553284,1.441724181175232
13,6499202,4AA6,MdrDBcore01209,E247K,-0.393,0.06368949264287949,0.5422354340553284,1.441724181175232
13,6499202,2LLQ,MdrDBcore01210,I298V,-0.293,0.46610233187675476,0.5422354340553284,1.441724181175232
13,6499202,2LLQ,MdrDBcore01211,I298V,-0.247,0.7945798635482788,0.5422354340553284,1.441724181175232
13,6499202,5U2B,MdrDBcore01212,K299N,-0.096,-0.13947857916355133,0.5422354340553284,1.441724181175232
13,6499202,2LLQ,MdrDBcore01213,K299R,-0.316,0.33978092670440674,0.5422354340553284,1.441724181175232
13,6499202,2LLQ,MdrDBcore01214,K299R,1.023,0.7760319113731384,0.5422354340553284,1.441724181175232
13,6499202,2LLQ,MdrDBcore01215,M297I,0.335,1.0835144519805908,0.5422354340553284,1.441724181175232
13,6499202,4AA6,MdrDBcore01216,R241L,0.711,-0.1493493616580963,0.5422354340553284,1.441724181175232
13,6499202,4AA6,MdrDBcore01217,R241L,-0.261,-0.004998467862606049,0.5422354340553284,1.441724181175232
13,6499202,5TM1,MdrDBcore01218,R548C,-0.441,-0.5172495245933533,0.5422354340553284,1.441724181175232
13,6499202,5TM1,MdrDBcore01219,R548C,-0.471,0.31479430198669434,0.5422354340553284,1.441724181175232
13,6499202,4AA6,MdrDBcore01220,T182A,-0.213,-0.5702067017555237,0.5422354340553284,1.441724181175232
13,6499202,4AA6,MdrDBcore01221,T182A,0.145,-0.15988481044769287,0.5422354340553284,1.441724181175232
13,6499202,5TM1,MdrDBcore01222,V392I,-0.334,-0.5364676713943481,0.5422354340553284,1.441724181175232
13,6499202,5TM1,MdrDBcore01223,V392I,0.002,0.27636000514030457,0.5422354340553284,1.441724181175232
13,6499202,5MY6,MdrDBcore01224,A386T,1.101,0.9447829723358154,0.5422354340553284,1.441724181175232
13,6499202,7MN8,MdrDBcore01225,A586G,0.23,-0.24346911907196045,0.5422354340553284,1.441724181175232
13,6499202,6LBX,MdrDBcore01226,A586G,1.097,0.26194947957992554,0.5422354340553284,1.441724181175232
13,6499202,3PP0,MdrDBcore01227,A830V,-0.34,0.023771516978740692,0.5422354340553284,1.441724181175232
13,6499202,3PP0,MdrDBcore01228,A830V,1.275,0.13540077209472656,0.5422354340553284,1.441724181175232
13,6499202,2L4K,MdrDBcore01229,D1144H,1.33,0.7549573183059692,0.5422354340553284,1.441724181175232
13,6499202,6LBX,MdrDBcore01230,D592E,1.293,0.27882006764411926,0.5422354340553284,1.441724181175232
13,6499202,3PP0,MdrDBcore01231,E744K,0.58,0.008118920028209686,0.5422354340553284,1.441724181175232
13,6499202,3PP0,MdrDBcore01232,E744K,1.703,0.1394156813621521,0.5422354340553284,1.441724181175232
13,6499202,3PP0,MdrDBcore01233,E930D,0.498,0.013647742569446564,0.5422354340553284,1.441724181175232
13,6499202,3PP0,MdrDBcore01234,E930D,1.074,0.111744724214077,0.5422354340553284,1.441724181175232
13,6499202,3PP0,MdrDBcore01235,E936K,1.208,0.22449323534965515,0.5422354340553284,1.441724181175232
13,6499202,7MN8,MdrDBcore01236,G518V,-0.611,-0.4964320659637451,0.5422354340553284,1.441724181175232
13,6499202,5MY6,MdrDBcore01237,G518V,1.487,0.5649749636650085,0.5422354340553284,1.441724181175232
13,6499202,3PP0,MdrDBcore01238,G776V,1.218,0.10285419970750809,0.5422354340553284,1.441724181175232
13,6499202,6LBX,MdrDBcore01239,K591M,1.313,-0.050469569861888885,0.5422354340553284,1.441724181175232
13,6499202,3PP0,MdrDBcore01240,L720P,-0.74,-0.01059287041425705,0.5422354340553284,1.441724181175232
13,6499202,3PP0,MdrDBcore01241,L720P,1.177,0.1892085075378418,0.5422354340553284,1.441724181175232
13,6499202,3PP0,MdrDBcore01242,L755S,-1.223,-0.03858405351638794,0.5422354340553284,1.441724181175232
13,6499202,3PP0,MdrDBcore01243,L755S,1.397,0.2806001901626587,0.5422354340553284,1.441724181175232
13,6499202,3PP0,MdrDBcore01244,L796P,1.379,0.23736459016799927,0.5422354340553284,1.441724181175232
13,6499202,5MY6,MdrDBcore01245,N319Y,1.35,1.2167085409164429,0.5422354340553284,1.441724181175232
13,6499202,7MN8,MdrDBcore01246,P230L,-0.368,-0.3936006724834442,0.5422354340553284,1.441724181175232
13,6499202,5MY6,MdrDBcore01247,P230L,1.468,0.5873881578445435,0.5422354340553284,1.441724181175232
13,6499202,5MY6,MdrDBcore01248,Q178H,1.641,0.7712887525558472,0.5422354340553284,1.441724181175232
13,6499202,5MY6,MdrDBcore01249,R143Q,1.476,1.1524657011032104,0.5422354340553284,1.441724181175232
13,6499202,7MN8,MdrDBcore01250,R226H,-0.251,-0.1884494125843048,0.5422354340553284,1.441724181175232
13,6499202,5MY6,MdrDBcore01251,R226H,1.003,0.5564383268356323,0.5422354340553284,1.441724181175232
13,6499202,5MY6,MdrDBcore01252,R432W,1.52,0.08132613450288773,0.5422354340553284,1.441724181175232
13,6499202,5MY6,MdrDBcore01253,R499Q,1.643,1.4402551651000977,0.5422354340553284,1.441724181175232
13,6499202,3PP0,MdrDBcore01254,R816H,1.616,0.20251044631004333,0.5422354340553284,1.441724181175232
13,6499202,3PP0,MdrDBcore01255,R896H,0.026,0.16413399577140808,0.5422354340553284,1.441724181175232
13,6499202,3PP0,MdrDBcore01256,S1007A,-0.226,0.25931552052497864,0.5422354340553284,1.441724181175232
13,6499202,5MY6,MdrDBcore01257,S310F,1.353,0.626170814037323,0.5422354340553284,1.441724181175232
13,6499202,6J71,MdrDBcore01258,S335C,1.298,0.44495686888694763,0.5422354340553284,1.441724181175232
13,6499202,1MFG,MdrDBcore01259,V1253M,1.209,1.0472099781036377,0.5422354340553284,1.441724181175232
13,6499202,7MN8,MdrDBcore01260,V541M,0.426,-0.6800814270973206,0.5422354340553284,1.441724181175232
13,6499202,6LBX,MdrDBcore01261,V541M,1.961,0.08133361488580704,0.5422354340553284,1.441724181175232
13,6499202,3PP0,MdrDBcore01262,V842I,1.0,0.17593353986740112,0.5422354340553284,1.441724181175232
13,6499202,5MY6,MdrDBcore01263,W452C,-0.482,0.7260767221450806,0.5422354340553284,1.441724181175232
13,6499202,5MY6,MdrDBcore01264,W452S,1.615,0.03546201437711716,0.5422354340553284,1.441724181175232
13,6499202,2IFG,MdrDBcore01265,A107V,-0.588,-0.6276268362998962,0.5422354340553284,1.441724181175232
13,6499202,2IFG,MdrDBcore01266,A65S,-0.973,-0.7481743097305298,0.5422354340553284,1.441724181175232
13,6499202,5KMO,MdrDBcore01267,D738N,-1.024,-0.4676700532436371,0.5422354340553284,1.441724181175232
13,6499202,6D20,MdrDBcore01268,E492K,-0.45,-0.4870055019855499,0.5422354340553284,1.441724181175232
13,6499202,6PMB,MdrDBcore01269,E518D,-0.575,0.4526536166667938,0.5422354340553284,1.441724181175232
13,6499202,5KMO,MdrDBcore01270,E581K,0.113,-0.26018208265304565,0.5422354340553284,1.441724181175232
13,6499202,2IFG,MdrDBcore01271,G166R,-0.339,-0.19548295438289642,0.5422354340553284,1.441724181175232
13,6499202,6PL3,MdrDBcore01272,G595E,-0.352,0.2213294506072998,0.5422354340553284,1.441724181175232
13,6499202,2IFG,MdrDBcore01273,G64D,-1.392,-0.14019286632537842,0.5422354340553284,1.441724181175232
13,6499202,6PL3,MdrDBcore01274,K665N,0.854,0.0936359390616417,0.5422354340553284,1.441724181175232
13,6499202,6PMB,MdrDBcore01275,K665N,0.751,0.4442025125026703,0.5422354340553284,1.441724181175232
13,6499202,2IFG,MdrDBcore01276,L62P,-0.478,-0.22937241196632385,0.5422354340553284,1.441724181175232
13,6499202,6PL3,MdrDBcore01277,M671T,0.505,0.26624393463134766,0.5422354340553284,1.441724181175232
13,6499202,2IFG,MdrDBcore01278,P149L,0.666,0.5382929444313049,0.5422354340553284,1.441724181175232
13,6499202,1WWW,MdrDBcore01279,P309L,0.354,0.2090030312538147,0.5422354340553284,1.441724181175232
13,6499202,1HE7,MdrDBcore01280,P387L,-0.124,-0.09706231951713562,0.5422354340553284,1.441724181175232
13,6499202,2IFG,MdrDBcore01281,R104S,-0.426,-0.5357140898704529,0.5422354340553284,1.441724181175232
13,6499202,2IFG,MdrDBcore01282,R161H,0.709,0.10694766789674759,0.5422354340553284,1.441724181175232
13,6499202,1WWW,MdrDBcore01283,R314C,0.363,0.2256462574005127,0.5422354340553284,1.441724181175232
13,6499202,1WWW,MdrDBcore01284,R314H,-0.637,0.2252449095249176,0.5422354340553284,1.441724181175232
13,6499202,6PL3,MdrDBcore01285,R574C,0.34,0.3809516727924347,0.5422354340553284,1.441724181175232
13,6499202,6PL3,MdrDBcore01286,R692H,0.208,0.07268776744604111,0.5422354340553284,1.441724181175232
13,6499202,4AOJ,MdrDBcore01287,R692H,0.217,0.1580776572227478,0.5422354340553284,1.441724181175232
13,6499202,6PL3,MdrDBcore01288,R748W,0.476,0.2852196991443634,0.5422354340553284,1.441724181175232
13,6499202,2IFG,MdrDBcore01289,S277F,1.134,0.013712555170059204,0.5422354340553284,1.441724181175232
13,6499202,5KML,MdrDBcore01290,S475C,-0.238,0.11152546852827072,0.5422354340553284,1.441724181175232
13,6499202,4PMM,MdrDBcore01291,T678I,0.181,-0.314446359872818,0.5422354340553284,1.441724181175232
13,6499202,2IFG,MdrDBcore01292,V135L,0.269,-0.8115010261535645,0.5422354340553284,1.441724181175232
13,6499202,2IFG,MdrDBcore01293,V170A,0.152,-0.027404464781284332,0.5422354340553284,1.441724181175232
13,6499202,1WWW,MdrDBcore01294,V282I,-1.069,0.19561710953712463,0.5422354340553284,1.441724181175232
13,6499202,6PL3,MdrDBcore01295,W514A,0.067,0.33059993386268616,0.5422354340553284,1.441724181175232
13,6499202,4IBT,MdrDBcore01296,A159D,0.658,0.2471911609172821,0.5422354340553284,1.441724181175232
13,6499202,6XRE,MdrDBcore01297,A307V,-0.319,1.1149563789367676,0.5422354340553284,1.441724181175232
13,6499202,4IBT,MdrDBcore01298,C124R,1.26,0.4975263178348541,0.5422354340553284,1.441724181175232
13,6499202,4IBT,MdrDBcore01299,C141W,-0.244,-0.31499963998794556,0.5422354340553284,1.441724181175232
13,6499202,3D07,MdrDBcore01300,C176S,0.854,0.18714067339897156,0.5422354340553284,1.441724181175232
13,6499202,4IBT,MdrDBcore01301,C176Y,-0.087,0.02173515409231186,0.5422354340553284,1.441724181175232
13,6499202,4IBT,MdrDBcore01302,C238F,-1.165,-0.34355220198631287,0.5422354340553284,1.441724181175232
13,6499202,4IBT,MdrDBcore01303,C242R,0.573,0.003110341727733612,0.5422354340553284,1.441724181175232
13,6499202,3D07,MdrDBcore01304,C242S,-0.088,0.36372464895248413,0.5422354340553284,1.441724181175232
13,6499202,2J20,MdrDBcore01305,C242W,0.138,0.3128640651702881,0.5422354340553284,1.441724181175232
13,6499202,4IBT,MdrDBcore01306,C275G,-0.216,0.2844560444355011,0.5422354340553284,1.441724181175232
13,6499202,4IBT,MdrDBcore01307,C275Y,-0.281,0.02459447830915451,0.5422354340553284,1.441724181175232
13,6499202,4IBT,MdrDBcore01308,D259V,0.409,-0.09234587103128433,0.5422354340553284,1.441724181175232
13,6499202,4IBT,MdrDBcore01309,D259Y,0.416,0.003933034837245941,0.5422354340553284,1.441724181175232
13,6499202,4IBT,MdrDBcore01310,D281G,-1.902,0.00015617161989212036,0.5422354340553284,1.441724181175232
13,6499202,4IBT,MdrDBcore01311,D281Y,0.916,-0.4192919135093689,0.5422354340553284,1.441724181175232
13,6499202,2K8F,MdrDBcore01312,E11Q,0.01,0.06554711610078812,0.5422354340553284,1.441724181175232
13,6499202,4IBT,MdrDBcore01313,E180A,-0.469,0.03608522564172745,0.5422354340553284,1.441724181175232
13,6499202,4IBT,MdrDBcore01314,E204A,0.566,-0.07581610232591629,0.5422354340553284,1.441724181175232
13,6499202,4IBT,MdrDBcore01315,E224K,-0.737,-0.26389214396476746,0.5422354340553284,1.441724181175232
13,6499202,4IBT,MdrDBcore01316,E285V,0.085,-0.3675880432128906,0.5422354340553284,1.441724181175232
13,6499202,4IBT,MdrDBcore01317,E286K,-0.38,-0.2671996057033539,0.5422354340553284,1.441724181175232
13,6499202,6XRE,MdrDBcore01318,E298A,0.302,0.7719952464103699,0.5422354340553284,1.441724181175232
13,6499202,1SAE,MdrDBcore01319,E349A,0.609,0.6968613862991333,0.5422354340553284,1.441724181175232
13,6499202,2RUK,MdrDBcore01320,E56A,-0.101,0.09406241029500961,0.5422354340553284,1.441724181175232
13,6499202,4IBT,MdrDBcore01321,F113L,-1.546,0.16221079230308533,0.5422354340553284,1.441724181175232
13,6499202,3D07,MdrDBcore01322,F113V,-0.114,0.20281630754470825,0.5422354340553284,1.441724181175232
13,6499202,4IBT,MdrDBcore01323,G154V,-0.054,0.001535460352897644,0.5422354340553284,1.441724181175232
13,6499202,4IBT,MdrDBcore01324,G187R,1.545,-0.014355473220348358,0.5422354340553284,1.441724181175232
13,6499202,4IBT,MdrDBcore01325,G244A,-0.295,-0.05489704757928848,0.5422354340553284,1.441724181175232
13,6499202,4IBT,MdrDBcore01326,G244C,-0.968,-0.41174080967903137,0.5422354340553284,1.441724181175232
13,6499202,4IBT,MdrDBcore01327,G245D,-0.079,-0.07145132124423981,0.5422354340553284,1.441724181175232
13,6499202,4IBT,MdrDBcore01328,G245V,-1.372,0.005022503435611725,0.5422354340553284,1.441724181175232
13,6499202,4IBT,MdrDBcore01329,G262V,0.86,-0.029136650264263153,0.5422354340553284,1.441724181175232
13,6499202,4IBT,MdrDBcore01330,G266R,-0.292,-0.060906700789928436,0.5422354340553284,1.441724181175232
13,6499202,4IBT,MdrDBcore01331,G266V,0.404,-0.2663876712322235,0.5422354340553284,1.441724181175232
13,6499202,4IBT,MdrDBcore01332,H179D,0.241,-0.07290053367614746,0.5422354340553284,1.441724181175232
13,6499202,4IBT,MdrDBcore01333,H179Q,-1.041,-0.2598862051963806,0.5422354340553284,1.441724181175232
13,6499202,4IBT,MdrDBcore01334,H193L,0.008,0.03252258151769638,0.5422354340553284,1.441724181175232
13,6499202,4IBT,MdrDBcore01335,H193Y,-0.446,-0.27729856967926025,0.5422354340553284,1.441724181175232
13,6499202,4IBT,MdrDBcore01336,I195T,-0.053,0.007212363183498383,0.5422354340553284,1.441724181175232
13,6499202,4IBT,MdrDBcore01337,I232S,-0.179,-0.013526208698749542,0.5422354340553284,1.441724181175232
13,6499202,4IBT,MdrDBcore01338,I251L,0.404,-0.002297036349773407,0.5422354340553284,1.441724181175232
13,6499202,4IBT,MdrDBcore01339,I251N,0.376,0.0037656649947166443,0.5422354340553284,1.441724181175232
13,6499202,4IBT,MdrDBcore01340,I251T,-0.037,0.0019714459776878357,0.5422354340553284,1.441724181175232
13,6499202,4IBT,MdrDBcore01341,I254N,-1.024,-0.7126126289367676,0.5422354340553284,1.441724181175232
13,6499202,4IBT,MdrDBcore01342,I255N,0.762,-0.06516970694065094,0.5422354340553284,1.441724181175232
13,6499202,4IBT,MdrDBcore01343,I255S,-0.381,-0.3730033338069916,0.5422354340553284,1.441724181175232
13,6499202,4IBT,MdrDBcore01344,I255T,0.232,0.00623641163110733,0.5422354340553284,1.441724181175232
13,6499202,4IBT,MdrDBcore01345,K101A,0.039,-0.24971619248390198,0.5422354340553284,1.441724181175232
13,6499202,4IBT,MdrDBcore01346,K120N,0.75,0.2552414834499359,0.5422354340553284,1.441724181175232
13,6499202,4IBT,MdrDBcore01347,K132E,-0.108,-0.3338298201560974,0.5422354340553284,1.441724181175232
13,6499202,4IBT,MdrDBcore01348,K164A,0.358,-0.027195006608963013,0.5422354340553284,1.441724181175232
13,6499202,4IBT,MdrDBcore01349,K164E,-0.948,-0.41369131207466125,0.5422354340553284,1.441724181175232
13,6499202,4IBT,MdrDBcore01350,K164N,0.1,0.0032520070672035217,0.5422354340553284,1.441724181175232
13,6499202,3D07,MdrDBcore01351,K291A,0.558,0.607978880405426,0.5422354340553284,1.441724181175232
13,6499202,4IBT,MdrDBcore01352,L130V,0.525,-0.3763769865036011,0.5422354340553284,1.441724181175232
13,6499202,4IBT,MdrDBcore01353,L145R,-1.048,-0.03122396022081375,0.5422354340553284,1.441724181175232
13,6499202,4IBT,MdrDBcore01354,L194F,0.322,-0.002272374927997589,0.5422354340553284,1.441724181175232
13,6499202,4IBT,MdrDBcore01355,L264R,0.757,0.005121119320392609,0.5422354340553284,1.441724181175232
13,6499202,4IBT,MdrDBcore01356,L265P,-0.213,0.44662103056907654,0.5422354340553284,1.441724181175232
13,6499202,4IBT,MdrDBcore01357,M246R,-0.158,0.03521960228681564,0.5422354340553284,1.441724181175232
13,6499202,4IBT,MdrDBcore01358,M246T,-0.159,-0.3868936002254486,0.5422354340553284,1.441724181175232
13,6499202,4IBT,MdrDBcore01359,N268I,0.208,0.036774732172489166,0.5422354340553284,1.441724181175232
13,6499202,4IBT,MdrDBcore01360,P151H,-0.277,-0.08469829708337784,0.5422354340553284,1.441724181175232
13,6499202,4IBT,MdrDBcore01361,P177T,-0.539,-0.002407453954219818,0.5422354340553284,1.441724181175232
13,6499202,4IBT,MdrDBcore01362,P223L,1.505,-0.16925305128097534,0.5422354340553284,1.441724181175232
13,6499202,4IBT,MdrDBcore01363,P250L,0.598,-0.22703492641448975,0.5422354340553284,1.441724181175232
13,6499202,4IBT,MdrDBcore01364,P278A,-0.149,-0.32862719893455505,0.5422354340553284,1.441724181175232
13,6499202,4IBT,MdrDBcore01365,P278H,-0.406,-0.020936690270900726,0.5422354340553284,1.441724181175232
13,6499202,4IBT,MdrDBcore01366,P278S,0.716,-0.20637190341949463,0.5422354340553284,1.441724181175232
13,6499202,4IBT,MdrDBcore01367,P98L,0.522,-0.004400424659252167,0.5422354340553284,1.441724181175232
13,6499202,4IBT,MdrDBcore01368,Q100A,1.104,-0.0007221326231956482,0.5422354340553284,1.441724181175232
13,6499202,4IBT,MdrDBcore01369,Q144A,-0.373,-0.3652472198009491,0.5422354340553284,1.441724181175232
13,6499202,4IBT,MdrDBcore01370,Q167A,0.595,-0.36747944355010986,0.5422354340553284,1.441724181175232
13,6499202,3Q01,MdrDBcore01371,Q331A,0.8,0.3892297148704529,0.5422354340553284,1.441724181175232
13,6499202,4IBT,MdrDBcore01372,R110C,0.246,-0.05572535842657089,0.5422354340553284,1.441724181175232
13,6499202,4IBT,MdrDBcore01373,R110P,-0.287,0.0335233137011528,0.5422354340553284,1.441724181175232
13,6499202,4IBT,MdrDBcore01374,R156P,-0.394,-0.059880200773477554,0.5422354340553284,1.441724181175232
13,6499202,4IBT,MdrDBcore01375,R158G,0.091,-0.02267952263355255,0.5422354340553284,1.441724181175232
13,6499202,4IBT,MdrDBcore01376,R175L,0.612,-0.10493428260087967,0.5422354340553284,1.441724181175232
13,6499202,4IBT,MdrDBcore01377,R181C,-0.885,-0.08511119335889816,0.5422354340553284,1.441724181175232
13,6499202,4IBT,MdrDBcore01378,R181H,0.247,-0.42630454897880554,0.5422354340553284,1.441724181175232
13,6499202,4IBT,MdrDBcore01379,R209A,0.323,-0.0016051754355430603,0.5422354340553284,1.441724181175232
13,6499202,4IBT,MdrDBcore01380,R213L,0.252,-0.032870352268218994,0.5422354340553284,1.441724181175232
13,6499202,4IBT,MdrDBcore01381,R248G,0.559,-0.005944140255451202,0.5422354340553284,1.441724181175232
13,6499202,4IBT,MdrDBcore01382,R249G,-0.636,0.2523752748966217,0.5422354340553284,1.441724181175232
13,6499202,4IBT,MdrDBcore01383,R267P,0.442,-0.211594820022583,0.5422354340553284,1.441724181175232
13,6499202,4IBT,MdrDBcore01384,R280G,-1.191,-0.399179607629776,0.5422354340553284,1.441724181175232
13,6499202,4IBT,MdrDBcore01385,R280K,-0.372,-0.10402698069810867,0.5422354340553284,1.441724181175232
13,6499202,4IBT,MdrDBcore01386,R282Q,0.034,-0.3498404920101166,0.5422354340553284,1.441724181175232
13,6499202,4IBT,MdrDBcore01387,R283P,-0.816,0.36690011620521545,0.5422354340553284,1.441724181175232
13,6499202,1SAE,MdrDBcore01388,R337C,0.867,-0.39890989661216736,0.5422354340553284,1.441724181175232
13,6499202,1SAE,MdrDBcore01389,R337L,-1.266,0.7871392369270325,0.5422354340553284,1.441724181175232
13,6499202,1SAE,MdrDBcore01390,R342A,-0.389,-1.248937964439392,0.5422354340553284,1.441724181175232
13,6499202,4IBT,MdrDBcore01391,S215C,-2.605,-0.009630881249904633,0.5422354340553284,1.441724181175232
13,6499202,4IBT,MdrDBcore01392,S215I,0.645,-0.16829875111579895,0.5422354340553284,1.441724181175232
13,6499202,4IBT,MdrDBcore01393,S215N,1.106,0.15349483489990234,0.5422354340553284,1.441724181175232
13,6499202,4IBT,MdrDBcore01394,S215R,0.498,0.002217613160610199,0.5422354340553284,1.441724181175232
13,6499202,4IBT,MdrDBcore01395,S240R,-0.058,0.0033457353711128235,0.5422354340553284,1.441724181175232
13,6499202,4IBT,MdrDBcore01396,S241C,-0.483,-0.022293366491794586,0.5422354340553284,1.441724181175232
13,6499202,4IBT,MdrDBcore01397,S241Y,-0.136,-0.007883809506893158,0.5422354340553284,1.441724181175232
13,6499202,4IBT,MdrDBcore01398,S261T,-0.526,0.0053165629506111145,0.5422354340553284,1.441724181175232
13,6499202,6SL6,MdrDBcore01399,S90F,0.219,0.19300657510757446,0.5422354340553284,1.441724181175232
13,6499202,4IBT,MdrDBcore01400,T155N,-0.634,-0.0011495128273963928,0.5422354340553284,1.441724181175232
13,6499202,4IBT,MdrDBcore01401,V143M,0.535,0.008683018386363983,0.5422354340553284,1.441724181175232
13,6499202,4IBT,MdrDBcore01402,V147D,0.505,-0.015419118106365204,0.5422354340553284,1.441724181175232
13,6499202,4IBT,MdrDBcore01403,V173M,-0.756,0.01816730946302414,0.5422354340553284,1.441724181175232
13,6499202,4IBT,MdrDBcore01404,V216L,0.092,-0.06548623740673065,0.5422354340553284,1.441724181175232
13,6499202,4IBT,MdrDBcore01405,V218L,0.984,0.015610985457897186,0.5422354340553284,1.441724181175232
13,6499202,4IBT,MdrDBcore01406,V274F,-0.47,-0.08463884890079498,0.5422354340553284,1.441724181175232
13,6499202,4IBT,MdrDBcore01407,W146A,0.336,-0.0032346025109291077,0.5422354340553284,1.441724181175232
13,6499202,4IBT,MdrDBcore01408,Y107A,0.163,0.013067267835140228,0.5422354340553284,1.441724181175232
13,6499202,4IBT,MdrDBcore01409,Y126A,0.195,-0.017770521342754364,0.5422354340553284,1.441724181175232
13,6499202,3D07,MdrDBcore01410,Y126C,0.065,0.22626620531082153,0.5422354340553284,1.441724181175232
13,6499202,4IBT,MdrDBcore01411,Y205F,-0.692,0.0004910901188850403,0.5422354340553284,1.441724181175232
13,6499202,4IBT,MdrDBcore01412,Y220D,-0.218,0.05898057669401169,0.5422354340553284,1.441724181175232
13,6499202,4IBT,MdrDBcore01413,Y234C,-1.211,0.25674620270729065,0.5422354340553284,1.441724181175232
13,6499202,4IBT,MdrDBcore01414,Y236C,-0.702,-0.23905259370803833,0.5422354340553284,1.441724181175232
13,6499202,4H1I,MdrDBcore01415,F142C,-1.844,-0.5862863659858704,0.5422354340553284,1.441724181175232
13,6499202,4H1I,MdrDBcore01416,F91V,0.311,0.17483973503112793,0.5422354340553284,1.441724181175232
13,6499202,4H1I,MdrDBcore01417,K93N,-0.864,-0.16667330265045166,0.5422354340553284,1.441724181175232
13,6499202,4H1I,MdrDBcore01418,P27S,1.115,-0.5844618082046509,0.5422354340553284,1.441724181175232
13,6499202,4H1I,MdrDBcore01419,R115A,-0.787,-0.6371184587478638,0.5422354340553284,1.441724181175232
13,6499202,4H1I,MdrDBcore01420,Y33H,-2.721,-0.7452961206436157,0.5422354340553284,1.441724181175232
13,6499202,2I0E,MdrDBcore01421,A451V,-1.057,0.033555060625076294,0.5422354340553284,1.441724181175232
13,6499202,2I0E,MdrDBcore01422,A509T,0.084,-0.07371316105127335,0.5422354340553284,1.441724181175232
13,6499202,2I0E,MdrDBcore01423,A570T,-0.868,0.05733857303857803,0.5422354340553284,1.441724181175232
13,6499202,2I0E,MdrDBcore01424,A621T,0.105,0.038294121623039246,0.5422354340553284,1.441724181175232
13,6499202,2I0E,MdrDBcore01425,D475Y,0.998,0.08769997209310532,0.5422354340553284,1.441724181175232
13,6499202,2I0E,MdrDBcore01426,E385D,0.183,-0.011892404407262802,0.5422354340553284,1.441724181175232
13,6499202,2I0E,MdrDBcore01427,E657K,0.732,0.06562041491270065,0.5422354340553284,1.441724181175232
13,6499202,2I0E,MdrDBcore01428,G436D,1.299,0.09259162098169327,0.5422354340553284,1.441724181175232
13,6499202,2I0E,MdrDBcore01429,G543V,0.868,0.08807136863470078,0.5422354340553284,1.441724181175232
13,6499202,2I0E,MdrDBcore01430,K489N,-1.153,0.128109872341156,0.5422354340553284,1.441724181175232
13,6499202,2I0E,MdrDBcore01431,L469P,-0.426,-0.08116896450519562,0.5422354340553284,1.441724181175232
13,6499202,2I0E,MdrDBcore01432,M357I,0.278,0.05705205351114273,0.5422354340553284,1.441724181175232
13,6499202,2I0E,MdrDBcore01433,P588H,-0.197,0.008424520492553711,0.5422354340553284,1.441724181175232
13,6499202,2I0E,MdrDBcore01434,P616T,0.902,0.059177838265895844,0.5422354340553284,1.441724181175232
13,6499202,2I0E,MdrDBcore01435,P669R,0.154,0.07911961525678635,0.5422354340553284,1.441724181175232
13,6499202,2I0E,MdrDBcore01436,Q433H,0.915,0.060533903539180756,0.5422354340553284,1.441724181175232
13,6499202,2I0E,MdrDBcore01437,R465H,0.048,0.04742812365293503,0.5422354340553284,1.441724181175232
13,6499202,2I0E,MdrDBcore01438,R610H,0.7,0.0859668180346489,0.5422354340553284,1.441724181175232
13,6499202,2I0E,MdrDBcore01439,S664F,-0.12,-0.0007054060697555542,0.5422354340553284,1.441724181175232
13,6499202,1LKL,MdrDBcore01440,A143S,0.436,-0.5196060538291931,0.5422354340553284,1.441724181175232
13,6499202,1LKL,MdrDBcore01441,A143S,-0.266,-0.3341445028781891,0.5422354340553284,1.441724181175232
13,6499202,1LKL,MdrDBcore01442,A160T,-0.713,-0.454571008682251,0.5422354340553284,1.441724181175232
13,6499202,1QPJ,MdrDBcore01443,E448Q,0.337,-0.05204775184392929,0.5422354340553284,1.441724181175232
13,6499202,1QPJ,MdrDBcore01444,E467D,0.417,0.9208319187164307,0.5422354340553284,1.441724181175232
13,6499202,1QPJ,MdrDBcore01445,E482Q,0.393,0.9483970403671265,0.5422354340553284,1.441724181175232
13,6499202,1QPJ,MdrDBcore01446,G456S,2.467,0.9150719046592712,0.5422354340553284,1.441724181175232
13,6499202,1LKL,MdrDBcore01447,R139Q,-1.006,-0.030751563608646393,0.5422354340553284,1.441724181175232
13,6499202,1QPJ,MdrDBcore01448,R363H,0.33,-0.18112894892692566,0.5422354340553284,1.441724181175232
13,6499202,1QPJ,MdrDBcore01449,R480H,1.736,0.9916907548904419,0.5422354340553284,1.441724181175232
13,6499202,3LCK,MdrDBcore01450,R484W,-0.656,-0.6265776753425598,0.5422354340553284,1.441724181175232
13,6499202,1QPJ,MdrDBcore01451,S377R,0.101,0.9204012155532837,0.5422354340553284,1.441724181175232
13,6499202,1QPJ,MdrDBcore01452,T416I,0.636,0.9073165059089661,0.5422354340553284,1.441724181175232
13,6499202,1LKL,MdrDBcore01453,V167I,0.702,-0.3338013291358948,0.5422354340553284,1.441724181175232
13,6499202,4Y72,MdrDBcore01454,A250V,-0.229,0.4569525420665741,0.5422354340553284,1.441724181175232
13,6499202,5LQF,MdrDBcore01455,G177R,-0.39,-0.37885093688964844,0.5422354340553284,1.441724181175232
13,6499202,5LQF,MdrDBcore01456,L282R,0.117,0.6529523730278015,0.5422354340553284,1.441724181175232
13,6499202,5LQF,MdrDBcore01457,P95S,0.513,0.5086796879768372,0.5422354340553284,1.441724181175232
13,6499202,5LQF,MdrDBcore01458,R59C,0.765,0.5052148699760437,0.5422354340553284,1.441724181175232
13,6499202,5LQF,MdrDBcore01459,S178L,0.634,0.615105390548706,0.5422354340553284,1.441724181175232
13,6499202,5LQF,MdrDBcore01460,S233Y,-1.024,0.3835590183734894,0.5422354340553284,1.441724181175232
13,6499202,5LQF,MdrDBcore01461,S248N,0.331,0.7415435314178467,0.5422354340553284,1.441724181175232
13,6499202,3LCD,MdrDBcore01462,A792P,-0.053,-0.10318905860185623,0.5422354340553284,1.441724181175232
13,6499202,4WRL,MdrDBcore01463,D89N,0.066,1.026333212852478,0.5422354340553284,1.441724181175232
13,6499202,3KRJ,MdrDBcore01464,E664G,-0.582,0.43595150113105774,0.5422354340553284,1.441724181175232
13,6499202,4WRL,MdrDBcore01465,G145D,-0.559,-0.08097174763679504,0.5422354340553284,1.441724181175232
13,6499202,4LIQ,MdrDBcore01466,G377D,-0.221,0.020444750785827637,0.5422354340553284,1.441724181175232
13,6499202,3KRJ,MdrDBcore01467,H623Y,0.502,0.3585190176963806,0.5422354340553284,1.441724181175232
13,6499202,3KRJ,MdrDBcore01468,I827N,0.378,0.2657904326915741,0.5422354340553284,1.441724181175232
13,6499202,4LIQ,MdrDBcore01469,L207P,0.132,-0.15257787704467773,0.5422354340553284,1.441724181175232
13,6499202,4LIQ,MdrDBcore01470,P202S,-0.329,0.038614846765995026,0.5422354340553284,1.441724181175232
13,6499202,4WRM,MdrDBcore01471,Q460H,-0.25,0.1529262363910675,0.5422354340553284,1.441724181175232
13,6499202,4LIQ,MdrDBcore01472,R106Q,0.467,0.29989656805992126,0.5422354340553284,1.441724181175232
13,6499202,4LIQ,MdrDBcore01473,R256H,-0.115,-0.34970763325691223,0.5422354340553284,1.441724181175232
13,6499202,4LIQ,MdrDBcore01474,R486S,0.047,0.22727933526039124,0.5422354340553284,1.441724181175232
13,6499202,3KRJ,MdrDBcore01475,R753W,0.081,0.27306172251701355,0.5422354340553284,1.441724181175232
13,6499202,3KRJ,MdrDBcore01476,T600M,-0.669,0.3291821777820587,0.5422354340553284,1.441724181175232
13,6499202,3KRJ,MdrDBcore01477,V659A,-0.192,0.32029974460601807,0.5422354340553284,1.441724181175232
13,6499202,3KRJ,MdrDBcore01478,Y571D,-4.236,0.20060476660728455,0.5422354340553284,1.441724181175232
13,6499202,6JK8,MdrDBcore01479,A241T,0.418,-0.1728897988796234,0.5422354340553284,1.441724181175232
13,6499202,6JK8,MdrDBcore01480,A241T,-0.493,0.12112580984830856,0.5422354340553284,1.441724181175232
13,6499202,5FXR,MdrDBcore01481,D1146N,-1.665,0.19751545786857605,0.5422354340553284,1.441724181175232
13,6499202,3LW0,MdrDBcore01482,D1146N,-0.583,0.2959658205509186,0.5422354340553284,1.441724181175232
13,6499202,6JK8,MdrDBcore01483,D162N,-0.641,0.20292064547538757,0.5422354340553284,1.441724181175232
13,6499202,6JK8,MdrDBcore01484,D162N,0.147,0.525899350643158,0.5422354340553284,1.441724181175232
13,6499202,6JK8,MdrDBcore01485,D38N,0.666,0.26026710867881775,0.5422354340553284,1.441724181175232
13,6499202,6JK8,MdrDBcore01486,D38N,1.32,-0.05407267063856125,0.5422354340553284,1.441724181175232
13,6499202,3LW0,MdrDBcore01487,E1037K,-0.695,0.3313833177089691,0.5422354340553284,1.441724181175232
13,6499202,3LW0,MdrDBcore01488,E1037K,-0.099,0.35289841890335083,0.5422354340553284,1.441724181175232
13,6499202,6JK8,MdrDBcore01489,E302K,0.823,0.09688862413167953,0.5422354340553284,1.441724181175232
13,6499202,6JK8,MdrDBcore01490,E302K,1.437,-0.29821011424064636,0.5422354340553284,1.441724181175232
13,6499202,3LW0,MdrDBcore01491,G1229S,0.075,0.22494325041770935,0.5422354340553284,1.441724181175232
13,6499202,5FXR,MdrDBcore01492,G1229S,-0.613,-0.019946660846471786,0.5422354340553284,1.441724181175232
13,6499202,6JK8,MdrDBcore01493,G310S,-0.536,-0.29124757647514343,0.5422354340553284,1.441724181175232
13,6499202,6JK8,MdrDBcore01494,G310S,-0.536,-0.32948556542396545,0.5422354340553284,1.441724181175232
13,6499202,6JK8,MdrDBcore01495,G410V,-0.209,-0.30281510949134827,0.5422354340553284,1.441724181175232
13,6499202,6JK8,MdrDBcore01496,G410V,0.236,0.33053058385849,0.5422354340553284,1.441724181175232
13,6499202,6JK8,MdrDBcore01497,K339N,0.29,0.030622899532318115,0.5422354340553284,1.441724181175232
13,6499202,6JK8,MdrDBcore01498,K339N,1.646,0.5493506789207458,0.5422354340553284,1.441724181175232
13,6499202,6JK8,MdrDBcore01499,M446V,-0.437,-0.3681657016277313,0.5422354340553284,1.441724181175232
13,6499202,6JK8,MdrDBcore01500,M446V,-0.563,-0.1877053678035736,0.5422354340553284,1.441724181175232
13,6499202,6VWG,MdrDBcore01501,N284Y,0.032,-0.26206591725349426,0.5422354340553284,1.441724181175232
13,6499202,6VWG,MdrDBcore01502,N284Y,1.196,1.0656553506851196,0.5422354340553284,1.441724181175232
13,6499202,3LW0,MdrDBcore01503,P989S,1.181,0.8940717577934265,0.5422354340553284,1.441724181175232
13,6499202,3LW0,MdrDBcore01504,P989S,-0.106,0.0051589235663414,0.5422354340553284,1.441724181175232
13,6499202,6JK8,MdrDBcore01505,R107H,-0.356,-0.26513200998306274,0.5422354340553284,1.441724181175232
13,6499202,6JK8,MdrDBcore01506,R107H,-0.295,0.38448476791381836,0.5422354340553284,1.441724181175232
13,6499202,6JK8,MdrDBcore01507,R252C,0.968,0.4722331464290619,0.5422354340553284,1.441724181175232
13,6499202,6JK8,MdrDBcore01508,R279H,1.442,-0.02842748537659645,0.5422354340553284,1.441724181175232
13,6499202,6JK8,MdrDBcore01509,R461H,-0.472,-0.11882839351892471,0.5422354340553284,1.441724181175232
13,6499202,6JK8,MdrDBcore01510,R461H,-1.424,-0.31585264205932617,0.5422354340553284,1.441724181175232
13,6499202,6JK8,MdrDBcore01511,R595H,-0.752,0.46040406823158264,0.5422354340553284,1.441724181175232
13,6499202,6JK8,MdrDBcore01512,R595H,-0.32,0.4317798316478729,0.5422354340553284,1.441724181175232
13,6499202,6JK8,MdrDBcore01513,R650Q,0.252,-0.2462272346019745,0.5422354340553284,1.441724181175232
13,6499202,6VWJ,MdrDBcore01514,R794Q,-1.156,-0.8426945209503174,0.5422354340553284,1.441724181175232
13,6499202,3LW0,MdrDBcore01515,S1009L,1.291,0.3595982491970062,0.5422354340553284,1.441724181175232
13,6499202,1JQH,MdrDBcore01516,S1009L,1.873,1.614783763885498,0.5422354340553284,1.441724181175232
13,6499202,6JK8,MdrDBcore01517,S343F,-0.771,-0.49850931763648987,0.5422354340553284,1.441724181175232
13,6499202,6JK8,MdrDBcore01518,S522N,0.21,-0.7057105302810669,0.5422354340553284,1.441724181175232
13,6499202,6JK8,MdrDBcore01519,S522N,-0.498,-0.24359044432640076,0.5422354340553284,1.441724181175232
13,6499202,6JK8,MdrDBcore01520,T524S,0.156,-0.21413439512252808,0.5422354340553284,1.441724181175232
13,6499202,6JK8,MdrDBcore01521,T524S,-0.592,-0.16775858402252197,0.5422354340553284,1.441724181175232
13,6499202,6JK8,MdrDBcore01522,V259I,-1.087,-0.7510865926742554,0.5422354340553284,1.441724181175232
13,6499202,6JK8,MdrDBcore01523,V259I,-0.83,0.04738456755876541,0.5422354340553284,1.441724181175232
13,6499202,6JK8,MdrDBcore01524,V388M,-0.517,-0.41362330317497253,0.5422354340553284,1.441724181175232
13,6499202,6JK8,MdrDBcore01525,V388M,-0.467,0.24726036190986633,0.5422354340553284,1.441724181175232
13,6499202,5U8R,MdrDBcore01526,V554M,-0.571,0.11013749986886978,0.5422354340553284,1.441724181175232
13,6499202,5U8R,MdrDBcore01527,V554M,-0.551,-0.2545139491558075,0.5422354340553284,1.441724181175232
13,6499202,6JK8,MdrDBcore01528,V579I,-0.143,-0.14526566863059998,0.5422354340553284,1.441724181175232
13,6499202,6JK8,MdrDBcore01529,V579I,-0.425,-0.4217146039009094,0.5422354340553284,1.441724181175232
13,6499202,6JK8,MdrDBcore01530,Y517C,-1.026,-0.13522711396217346,0.5422354340553284,1.441724181175232
13,6499202,6JK8,MdrDBcore01531,Y517C,-1.022,-0.07330424338579178,0.5422354340553284,1.441724181175232
13,6499202,4K3J,MdrDBcore01532,A347T,0.149,0.259330153465271,0.5422354340553284,1.441724181175232
13,6499202,6GCU,MdrDBcore01533,A347T,-0.366,0.03417398780584335,0.5422354340553284,1.441724181175232
13,6499202,6GCU,MdrDBcore01534,A347T,-0.085,0.3011262118816376,0.5422354340553284,1.441724181175232
13,6499202,6GCU,MdrDBcore01535,A347T,-0.618,-0.6799593567848206,0.5422354340553284,1.441724181175232
13,6499202,6GCU,MdrDBcore01536,A347T,-0.912,0.37143394351005554,0.5422354340553284,1.441724181175232
13,6499202,2UZY,MdrDBcore01537,D741N,1.117,0.4602417051792145,0.5422354340553284,1.441724181175232
13,6499202,2UZY,MdrDBcore01538,D741N,0.869,-0.2622007131576538,0.5422354340553284,1.441724181175232
13,6499202,2UZY,MdrDBcore01539,D741N,1.061,-0.3925822675228119,0.5422354340553284,1.441724181175232
13,6499202,2UZY,MdrDBcore01540,D741N,0.314,0.19000941514968872,0.5422354340553284,1.441724181175232
13,6499202,4K3J,MdrDBcore01541,E168D,-0.883,0.18061470985412598,0.5422354340553284,1.441724181175232
13,6499202,4K3J,MdrDBcore01542,E168D,-0.715,-0.06664926558732986,0.5422354340553284,1.441724181175232
13,6499202,4K3J,MdrDBcore01543,E168K,1.039,0.12090525776147842,0.5422354340553284,1.441724181175232
13,6499202,6GCU,MdrDBcore01544,E168K,-0.809,-0.16970421373844147,0.5422354340553284,1.441724181175232
13,6499202,6GCU,MdrDBcore01545,E168K,0.405,0.5771079063415527,0.5422354340553284,1.441724181175232
13,6499202,6GCU,MdrDBcore01546,E168K,0.486,-0.10388380289077759,0.5422354340553284,1.441724181175232
13,6499202,6WVZ,MdrDBcore01547,E302K,1.583,-0.8850099444389343,0.5422354340553284,1.441724181175232
13,6499202,7MOB,MdrDBcore01548,E302K,-0.433,-0.3243309557437897,0.5422354340553284,1.441724181175232
13,6499202,6WVZ,MdrDBcore01549,E302K,1.611,-0.7807484865188599,0.5422354340553284,1.441724181175232
13,6499202,7MOB,MdrDBcore01550,E302K,0.375,-0.6528583765029907,0.5422354340553284,1.441724181175232
13,6499202,7MOB,MdrDBcore01551,E302K,1.254,0.20025348663330078,0.5422354340553284,1.441724181175232
13,6499202,7MO7,MdrDBcore01552,E34K,1.085,0.8472830057144165,0.5422354340553284,1.441724181175232
13,6499202,7MOB,MdrDBcore01553,E34K,-0.025,-0.6301882863044739,0.5422354340553284,1.441724181175232
13,6499202,7MO7,MdrDBcore01554,E34K,1.129,-0.6284149289131165,0.5422354340553284,1.441724181175232
13,6499202,7MOB,MdrDBcore01555,E34K,0.439,-0.7397388219833374,0.5422354340553284,1.441724181175232
13,6499202,2UZY,MdrDBcore01556,E740K,0.869,0.4318905174732208,0.5422354340553284,1.441724181175232
13,6499202,6GCU,MdrDBcore01557,E740K,0.247,-0.5195099115371704,0.5422354340553284,1.441724181175232
13,6499202,6GCU,MdrDBcore01558,E740K,0.625,0.009814582765102386,0.5422354340553284,1.441724181175232
13,6499202,6GCU,MdrDBcore01559,E740K,-0.117,-0.37892794609069824,0.5422354340553284,1.441724181175232
13,6499202,4K3J,MdrDBcore01560,G344R,0.751,-0.1540636420249939,0.5422354340553284,1.441724181175232
13,6499202,6GCU,MdrDBcore01561,G344R,-0.534,-0.6891250014305115,0.5422354340553284,1.441724181175232
13,6499202,6GCU,MdrDBcore01562,G344R,-1.008,-0.12298481911420822,0.5422354340553284,1.441724181175232
13,6499202,6GCU,MdrDBcore01563,G344R,0.425,0.7013514637947083,0.5422354340553284,1.441724181175232
13,6499202,6GCU,MdrDBcore01564,H159R,-0.446,0.2970360815525055,0.5422354340553284,1.441724181175232
13,6499202,6GCU,MdrDBcore01565,H159R,0.065,-0.052824169397354126,0.5422354340553284,1.441724181175232
13,6499202,6GCU,MdrDBcore01566,H159R,0.074,-0.02033526450395584,0.5422354340553284,1.441724181175232
13,6499202,6GCU,MdrDBcore01567,H159R,-0.865,-0.08764061331748962,0.5422354340553284,1.441724181175232
13,6499202,6GCU,MdrDBcore01568,I316M,-0.289,-0.5380856990814209,0.5422354340553284,1.441724181175232
13,6499202,4K3J,MdrDBcore01569,I333L,0.658,0.6487150192260742,0.5422354340553284,1.441724181175232
13,6499202,6GCU,MdrDBcore01570,I333L,-0.058,-0.2158442735671997,0.5422354340553284,1.441724181175232
13,6499202,6GCU,MdrDBcore01571,I333L,0.252,-0.24949634075164795,0.5422354340553284,1.441724181175232
13,6499202,6GCU,MdrDBcore01572,I333L,0.196,0.18385982513427734,0.5422354340553284,1.441724181175232
13,6499202,7MO7,MdrDBcore01573,I583M,0.835,0.21499410271644592,0.5422354340553284,1.441724181175232
13,6499202,6GCU,MdrDBcore01574,I583M,0.19,-0.39906200766563416,0.5422354340553284,1.441724181175232
13,6499202,6GCU,MdrDBcore01575,I583M,-0.494,0.034602366387844086,0.5422354340553284,1.441724181175232
13,6499202,7MO7,MdrDBcore01576,I638L,1.058,0.5566262006759644,0.5422354340553284,1.441724181175232
13,6499202,6GCU,MdrDBcore01577,I638L,0.795,-0.15134507417678833,0.5422354340553284,1.441724181175232
13,6499202,6GCU,MdrDBcore01578,I638L,0.802,0.2972751557826996,0.5422354340553284,1.441724181175232
13,6499202,7MOB,MdrDBcore01579,K303T,0.184,0.8576515913009644,0.5422354340553284,1.441724181175232
13,6499202,7MOB,MdrDBcore01580,K303T,-0.012,-1.0429155826568604,0.5422354340553284,1.441724181175232
13,6499202,7MOB,MdrDBcore01581,K303T,0.45,-0.8186817765235901,0.5422354340553284,1.441724181175232
13,6499202,7MOB,MdrDBcore01582,K303T,-0.496,0.7694347500801086,0.5422354340553284,1.441724181175232
13,6499202,7MO7,MdrDBcore01583,K595T,0.861,0.2967025637626648,0.5422354340553284,1.441724181175232
13,6499202,6GCU,MdrDBcore01584,K595T,-0.75,-0.49670225381851196,0.5422354340553284,1.441724181175232
13,6499202,7MO7,MdrDBcore01585,K595T,0.224,-0.12414330244064331,0.5422354340553284,1.441724181175232
13,6499202,6GCU,MdrDBcore01586,K595T,-1.022,-0.258271187543869,0.5422354340553284,1.441724181175232
13,6499202,4K3J,MdrDBcore01587,L530V,-0.012,0.00035183876752853394,0.5422354340553284,1.441724181175232
13,6499202,4K3J,MdrDBcore01588,L530V,-0.068,-0.2684992551803589,0.5422354340553284,1.441724181175232
13,6499202,4K3J,MdrDBcore01589,L530V,0.265,0.02118774503469467,0.5422354340553284,1.441724181175232
13,6499202,6GCU,MdrDBcore01590,L530V,-0.304,-0.2656230032444,0.5422354340553284,1.441724181175232
13,6499202,7MO7,MdrDBcore01591,L604V,-0.47,-0.021741364151239395,0.5422354340553284,1.441724181175232
13,6499202,6GCU,MdrDBcore01592,L604V,-0.787,-0.18739551305770874,0.5422354340553284,1.441724181175232
13,6499202,7MO7,MdrDBcore01593,L604V,-0.155,-0.48061755299568176,0.5422354340553284,1.441724181175232
13,6499202,6GCU,MdrDBcore01594,L604V,-0.098,0.2169543206691742,0.5422354340553284,1.441724181175232
13,6499202,6GCU,MdrDBcore01595,L604V,-0.419,-0.4453749358654022,0.5422354340553284,1.441724181175232
13,6499202,6GCU,MdrDBcore01596,M362T,0.053,-0.10595858097076416,0.5422354340553284,1.441724181175232
13,6499202,4K3J,MdrDBcore01597,M362T,0.651,-0.3053590655326843,0.5422354340553284,1.441724181175232
13,6499202,6GCU,MdrDBcore01598,M362T,0.587,-0.16042864322662354,0.5422354340553284,1.441724181175232
13,6499202,6GCU,MdrDBcore01599,M362T,-0.04,-0.3802857995033264,0.5422354340553284,1.441724181175232
13,6499202,6GCU,MdrDBcore01600,M362T,0.5,0.08733142167329788,0.5422354340553284,1.441724181175232
13,6499202,7MO7,MdrDBcore01601,M636V,1.12,0.8902362585067749,0.5422354340553284,1.441724181175232
13,6499202,6GCU,MdrDBcore01602,M636V,-0.917,-0.18079176545143127,0.5422354340553284,1.441724181175232
13,6499202,6GCU,MdrDBcore01603,M636V,0.86,0.009462870657444,0.5422354340553284,1.441724181175232
13,6499202,6GCU,MdrDBcore01604,M636V,0.24,-0.3762805461883545,0.5422354340553284,1.441724181175232
13,6499202,4K3J,MdrDBcore01605,N375K,1.48,0.4668103754520416,0.5422354340553284,1.441724181175232
13,6499202,4K3J,MdrDBcore01606,N375K,1.787,0.11249903589487076,0.5422354340553284,1.441724181175232
13,6499202,4K3J,MdrDBcore01607,N375S,-0.341,0.04554238170385361,0.5422354340553284,1.441724181175232
13,6499202,4K3J,MdrDBcore01608,N375S,-0.526,-0.3223370313644409,0.5422354340553284,1.441724181175232
13,6499202,4K3J,MdrDBcore01609,P366S,1.022,0.0767495408654213,0.5422354340553284,1.441724181175232
13,6499202,4K3J,MdrDBcore01610,P366S,1.015,-0.29128962755203247,0.5422354340553284,1.441724181175232
13,6499202,6GCU,MdrDBcore01611,P366S,1.058,-0.05982287600636482,0.5422354340553284,1.441724181175232
13,6499202,6GCU,MdrDBcore01612,P366S,0.752,0.8423376083374023,0.5422354340553284,1.441724181175232
13,6499202,3I5N,MdrDBcore01613,R1166A,-0.058,0.14620855450630188,0.5422354340553284,1.441724181175232
13,6499202,3I5N,MdrDBcore01614,R1166A,0.043,0.7764604687690735,0.5422354340553284,1.441724181175232
13,6499202,4K3J,MdrDBcore01615,R191W,0.304,0.16116520762443542,0.5422354340553284,1.441724181175232
13,6499202,6GCU,MdrDBcore01616,R191W,0.021,-0.33469220995903015,0.5422354340553284,1.441724181175232
13,6499202,4K3J,MdrDBcore01617,R191W,-0.321,-0.1442497968673706,0.5422354340553284,1.441724181175232
13,6499202,6GCU,MdrDBcore01618,R191W,-0.683,0.3412875533103943,0.5422354340553284,1.441724181175232
13,6499202,6GCU,MdrDBcore01619,R191W,0.36,-0.23357582092285156,0.5422354340553284,1.441724181175232
13,6499202,4XMO,MdrDBcore01620,S1159L,-0.493,0.005869448184967041,0.5422354340553284,1.441724181175232
13,6499202,4K3J,MdrDBcore01621,S135N,0.701,0.03502729535102844,0.5422354340553284,1.441724181175232
13,6499202,6GCU,MdrDBcore01622,S135N,0.153,-0.1538931131362915,0.5422354340553284,1.441724181175232
13,6499202,6GCU,MdrDBcore01623,S135N,0.69,-0.8548188805580139,0.5422354340553284,1.441724181175232
13,6499202,6GCU,MdrDBcore01624,S135N,-0.604,-0.43155214190483093,0.5422354340553284,1.441724181175232
13,6499202,4K3J,MdrDBcore01625,S244Y,0.904,0.24841630458831787,0.5422354340553284,1.441724181175232
13,6499202,6GCU,MdrDBcore01626,S244Y,0.919,-0.23982498049736023,0.5422354340553284,1.441724181175232
13,6499202,6GCU,MdrDBcore01627,S244Y,0.959,-0.3885498046875,0.5422354340553284,1.441724181175232
13,6499202,6GCU,MdrDBcore01628,S244Y,0.06,-0.4862014353275299,0.5422354340553284,1.441724181175232
13,6499202,4K3J,MdrDBcore01629,S323G,0.398,0.06558205932378769,0.5422354340553284,1.441724181175232
13,6499202,6GCU,MdrDBcore01630,S323G,0.185,-0.19029948115348816,0.5422354340553284,1.441724181175232
13,6499202,4K3J,MdrDBcore01631,S323G,1.059,0.06261812895536423,0.5422354340553284,1.441724181175232
13,6499202,6GCU,MdrDBcore01632,S323G,-0.053,-0.6023187637329102,0.5422354340553284,1.441724181175232
13,6499202,6GCU,MdrDBcore01633,S323G,-1.03,0.1653127372264862,0.5422354340553284,1.441724181175232
13,6499202,7MO7,MdrDBcore01634,S572N,0.78,0.531134843826294,0.5422354340553284,1.441724181175232
13,6499202,6GCU,MdrDBcore01635,S572N,-0.222,-0.500824511051178,0.5422354340553284,1.441724181175232
13,6499202,6GCU,MdrDBcore01636,S572N,-0.648,-0.11098567396402359,0.5422354340553284,1.441724181175232
13,6499202,6GCU,MdrDBcore01637,S572N,-0.449,-0.8880433440208435,0.5422354340553284,1.441724181175232
13,6499202,4K3J,MdrDBcore01638,T200A,0.736,-0.01912747323513031,0.5422354340553284,1.441724181175232
13,6499202,6GCU,MdrDBcore01639,T200A,0.154,-0.06391017138957977,0.5422354340553284,1.441724181175232
13,6499202,6GCU,MdrDBcore01640,T200A,-0.662,-0.27362069487571716,0.5422354340553284,1.441724181175232
13,6499202,6GCU,MdrDBcore01641,T200A,0.459,0.2833458185195923,0.5422354340553284,1.441724181175232
13,6499202,4K3J,MdrDBcore01642,T273N,0.03,0.2961456775665283,0.5422354340553284,1.441724181175232
13,6499202,6GCU,MdrDBcore01643,T273N,0.39,-0.0822673812508583,0.5422354340553284,1.441724181175232
13,6499202,6GCU,MdrDBcore01644,T273N,-0.168,-0.34066489338874817,0.5422354340553284,1.441724181175232
13,6499202,6GCU,MdrDBcore01645,T273N,-0.455,-0.29138222336769104,0.5422354340553284,1.441724181175232
13,6499202,6GCU,MdrDBcore01646,T273N,0.54,0.3209637403488159,0.5422354340553284,1.441724181175232
13,6499202,4K3J,MdrDBcore01647,T86I,1.143,0.12508612871170044,0.5422354340553284,1.441724181175232
13,6499202,6GCU,MdrDBcore01648,T86I,0.902,0.2383880317211151,0.5422354340553284,1.441724181175232
13,6499202,4K3J,MdrDBcore01649,T86I,0.896,0.03168215602636337,0.5422354340553284,1.441724181175232
13,6499202,6GCU,MdrDBcore01650,T86I,0.529,-0.08626095205545425,0.5422354340553284,1.441724181175232
13,6499202,6GCU,MdrDBcore01651,T86I,0.561,0.6387803554534912,0.5422354340553284,1.441724181175232
13,6499202,6GCU,MdrDBcore01652,V122D,0.629,-0.2687220275402069,0.5422354340553284,1.441724181175232
13,6499202,6GCU,MdrDBcore01653,V122D,-0.35,-0.48550477623939514,0.5422354340553284,1.441724181175232
13,6499202,6GCU,MdrDBcore01654,V122D,-0.42,-0.049328453838825226,0.5422354340553284,1.441724181175232
13,6499202,6GCU,MdrDBcore01655,V122D,0.414,-0.2750874161720276,0.5422354340553284,1.441724181175232
13,6499202,4K3J,MdrDBcore01656,V136I,0.496,-0.03922082856297493,0.5422354340553284,1.441724181175232
13,6499202,6GCU,MdrDBcore01657,V136I,-0.92,-0.4831832945346832,0.5422354340553284,1.441724181175232
13,6499202,6GCU,MdrDBcore01658,V136I,-0.168,0.3953269422054291,0.5422354340553284,1.441724181175232
13,6499202,2RD6,MdrDBcore01659,A220V,1.537,0.025889061391353607,0.5422354340553284,1.441724181175232
13,6499202,2RD6,MdrDBcore01660,A220V,0.982,-0.28836590051651,0.5422354340553284,1.441724181175232
13,6499202,2RD6,MdrDBcore01661,A220V,0.19,-0.4635242223739624,0.5422354340553284,1.441724181175232
13,6499202,2RD6,MdrDBcore01662,A220V,0.529,-0.19393038749694824,0.5422354340553284,1.441724181175232
13,6499202,2RCW,MdrDBcore01663,A220V,0.241,-0.008232548832893372,0.5422354340553284,1.441724181175232
13,6499202,3L3M,MdrDBcore01664,K230N,0.662,0.4265783727169037,0.5422354340553284,1.441724181175232
13,6499202,2RD6,MdrDBcore01665,K230N,1.467,0.04105769842863083,0.5422354340553284,1.441724181175232
13,6499202,2RD6,MdrDBcore01666,K230N,1.061,0.5197077989578247,0.5422354340553284,1.441724181175232
13,6499202,2RD6,MdrDBcore01667,K230N,0.578,-0.20882850885391235,0.5422354340553284,1.441724181175232
13,6499202,2RD6,MdrDBcore01668,K230N,1.274,2.199460983276367,0.5422354340553284,1.441724181175232
13,6499202,4DQY,MdrDBcore01669,Y570C,1.291,-0.3435191214084625,0.5422354340553284,1.441724181175232
13,6499202,4DQY,MdrDBcore01670,Y570C,-0.072,-0.4450308680534363,0.5422354340553284,1.441724181175232
13,6499202,4DQY,MdrDBcore01671,Y570C,0.272,-0.24448102712631226,0.5422354340553284,1.441724181175232
13,6499202,4DQY,MdrDBcore01672,Y570C,-0.58,-1.1368986368179321,0.5422354340553284,1.441724181175232
13,6499202,4DQY,MdrDBcore01673,Y570C,0.375,-0.005915194749832153,0.5422354340553284,1.441724181175232
13,6499202,1GS4,MdrDBcore01674,F827L,0.855,0.41020652651786804,0.5422354340553284,1.441724181175232
13,6499202,1GS4,MdrDBcore01675,F827L,1.237,0.0303959921002388,0.5422354340553284,1.441724181175232
13,6499202,1GS4,MdrDBcore01676,V716L,1.351,1.259708285331726,0.5422354340553284,1.441724181175232
13,6499202,1GS4,MdrDBcore01677,V716L,1.051,0.5640668272972107,0.5422354340553284,1.441724181175232
13,6499202,1GS4,MdrDBcore01678,V716M,0.633,0.090199775993824,0.5422354340553284,1.441724181175232
13,6499202,1GS4,MdrDBcore01679,V716M,1.309,0.4235115349292755,0.5422354340553284,1.441724181175232
13,6499202,2O21,MdrDBcore01680,A43T,-1.023,0.6462510824203491,0.5422354340553284,1.441724181175232
13,6499202,1GJH,MdrDBcore01681,A4T,-1.343,-0.35164180397987366,0.5422354340553284,1.441724181175232
13,6499202,1GJH,MdrDBcore01682,A4T,-1.124,-0.5718632340431213,0.5422354340553284,1.441724181175232
13,6499202,5FCG,MdrDBcore01683,A61T,0.759,0.38702520728111267,0.5422354340553284,1.441724181175232
13,6499202,4IEH,MdrDBcore01684,A61T,-1.131,0.007873967289924622,0.5422354340553284,1.441724181175232
13,6499202,6O0M,MdrDBcore01685,E200D,0.833,-0.26370954513549805,0.5422354340553284,1.441724181175232
13,6499202,6O0M,MdrDBcore01686,E200D,-0.845,-0.16039280593395233,0.5422354340553284,1.441724181175232
13,6499202,6O0M,MdrDBcore01687,G128E,-0.757,0.15896117687225342,0.5422354340553284,1.441724181175232
13,6499202,1GJH,MdrDBcore01688,G5W,0.145,-0.451561838388443,0.5422354340553284,1.441724181175232
13,6499202,1GJH,MdrDBcore01689,G5W,-1.378,-0.32094570994377136,0.5422354340553284,1.441724181175232
13,6499202,4IEH,MdrDBcore01690,Q73H,-4.129,0.04201044887304306,0.5422354340553284,1.441724181175232
13,6499202,1GJH,MdrDBcore01691,T7K,0.077,-0.27470242977142334,0.5422354340553284,1.441724181175232
13,6499202,2O21,MdrDBcore01692,T7K,-0.799,0.031729087233543396,0.5422354340553284,1.441724181175232
13,6499202,2E9W,MdrDBcore01693,A178T,0.67,-0.260812908411026,0.5422354340553284,1.441724181175232
13,6499202,6GQK,MdrDBcore01694,A794E,0.041,-0.08871739357709885,0.5422354340553284,1.441724181175232
13,6499202,6ITT,MdrDBcore01695,A895E,0.238,0.14272287487983704,0.5422354340553284,1.441724181175232
13,6499202,6GQK,MdrDBcore01696,A895T,0.233,-0.12489581853151321,0.5422354340553284,1.441724181175232
13,6499202,2E9W,MdrDBcore01697,D131N,-0.976,-0.24698644876480103,0.5422354340553284,1.441724181175232
13,6499202,2E9W,MdrDBcore01698,D159N,0.003,-0.39221420884132385,0.5422354340553284,1.441724181175232
13,6499202,2E9W,MdrDBcore01699,D266N,0.093,0.08277010172605515,0.5422354340553284,1.441724181175232
13,6499202,2E9W,MdrDBcore01700,E191K,0.565,-1.0080780982971191,0.5422354340553284,1.441724181175232
13,6499202,6GQK,MdrDBcore01701,E640K,0.533,0.0796479806303978,0.5422354340553284,1.441724181175232
13,6499202,6GQK,MdrDBcore01702,E640K,-0.292,-0.03156980127096176,0.5422354340553284,1.441724181175232
13,6499202,2E9W,MdrDBcore01703,G169D,0.137,-0.7932553291320801,0.5422354340553284,1.441724181175232
13,6499202,2E9W,MdrDBcore01704,G265S,0.783,0.0021591857075691223,0.5422354340553284,1.441724181175232
13,6499202,2E9W,MdrDBcore01705,G265S,0.367,0.030350826680660248,0.5422354340553284,1.441724181175232
13,6499202,2E9W,MdrDBcore01706,G265S,0.834,-0.22039231657981873,0.5422354340553284,1.441724181175232
13,6499202,6GQK,MdrDBcore01707,G676D,-1.116,-0.11077946424484253,0.5422354340553284,1.441724181175232
13,6499202,6GQK,MdrDBcore01708,G779C,0.342,-0.23489144444465637,0.5422354340553284,1.441724181175232
13,6499202,6GQK,MdrDBcore01709,K623N,0.184,-0.0953957661986351,0.5422354340553284,1.441724181175232
13,6499202,6GQK,MdrDBcore01710,K626R,-0.514,0.39529091119766235,0.5422354340553284,1.441724181175232
13,6499202,6GQK,MdrDBcore01711,M882V,0.519,0.20199644565582275,0.5422354340553284,1.441724181175232
13,6499202,6GQK,MdrDBcore01712,M882V,-0.347,0.0048375800251960754,0.5422354340553284,1.441724181175232
13,6499202,2EC8,MdrDBcore01713,N130D,0.008,-0.12469316273927689,0.5422354340553284,1.441724181175232
13,6499202,4K94,MdrDBcore01714,N400S,1.103,0.05456506460905075,0.5422354340553284,1.441724181175232
13,6499202,6GQK,MdrDBcore01715,N655S,0.038,-0.08747153729200363,0.5422354340553284,1.441724181175232
13,6499202,6GQK,MdrDBcore01716,N822K,-4.167,-0.07702341675758362,0.5422354340553284,1.441724181175232
13,6499202,2E9W,MdrDBcore01717,P155H,0.27,-0.8399782776832581,0.5422354340553284,1.441724181175232
13,6499202,2E9W,MdrDBcore01718,R112I,0.21,-0.05713716894388199,0.5422354340553284,1.441724181175232
13,6499202,2E9W,MdrDBcore01719,R177H,-0.475,-0.33079078793525696,0.5422354340553284,1.441724181175232
13,6499202,2E9W,MdrDBcore01720,R205W,0.265,-0.1793571412563324,0.5422354340553284,1.441724181175232
13,6499202,2E9W,MdrDBcore01721,R55W,-0.281,-1.095726728439331,0.5422354340553284,1.441724181175232
13,6499202,4K94,MdrDBcore01722,T446N,0.327,0.15251374244689941,0.5422354340553284,1.441724181175232
13,6499202,3KRJ,MdrDBcore01723,S628F,-0.722,-0.3643443286418915,0.5422354340553284,1.441724181175232
13,6499202,3KRJ,MdrDBcore01724,S628F,0.74,0.6054437160491943,0.5422354340553284,1.441724181175232
13,6499202,1SEU,MdrDBcore01725,A351D,-1.532,-0.2299397885799408,0.5422354340553284,1.441724181175232
13,6499202,1R49,MdrDBcore01726,A351D,-1.008,-0.5097827315330505,0.5422354340553284,1.441724181175232
13,6499202,1A31,MdrDBcore01727,A351D,0.463,-0.12943455576896667,0.5422354340553284,1.441724181175232
13,6499202,1R49,MdrDBcore01728,A705S,-0.754,-0.7012315392494202,0.5422354340553284,1.441724181175232
13,6499202,1SEU,MdrDBcore01729,A705S,-0.752,0.062818743288517,0.5422354340553284,1.441724181175232
13,6499202,1SEU,MdrDBcore01730,A705S,0.169,-0.3295927345752716,0.5422354340553284,1.441724181175232
13,6499202,1SEU,MdrDBcore01731,D528E,0.662,-0.39209282398223877,0.5422354340553284,1.441724181175232
13,6499202,1SEU,MdrDBcore01732,D528E,0.451,-0.5826922059059143,0.5422354340553284,1.441724181175232
13,6499202,1A31,MdrDBcore01733,D528E,0.907,-0.03447272628545761,0.5422354340553284,1.441724181175232
13,6499202,1R49,MdrDBcore01734,E208K,1.63,0.3233768045902252,0.5422354340553284,1.441724181175232
13,6499202,1SEU,MdrDBcore01735,E208K,1.354,0.11281906813383102,0.5422354340553284,1.441724181175232
13,6499202,1RRJ,MdrDBcore01736,E208K,1.172,-0.3398267924785614,0.5422354340553284,1.441724181175232
13,6499202,1R49,MdrDBcore01737,E561K,-1.039,-0.7279091477394104,0.5422354340553284,1.441724181175232
13,6499202,1SEU,MdrDBcore01738,E561K,-1.466,-0.6218136548995972,0.5422354340553284,1.441724181175232
13,6499202,1SEU,MdrDBcore01739,E561K,-0.634,-0.38233888149261475,0.5422354340553284,1.441724181175232
13,6499202,1SEU,MdrDBcore01740,E610K,-1.444,-0.5231465697288513,0.5422354340553284,1.441724181175232
13,6499202,1SEU,MdrDBcore01741,E610K,-1.59,-0.6715570688247681,0.5422354340553284,1.441724181175232
13,6499202,1SEU,MdrDBcore01742,E610K,-1.879,-0.4482226073741913,0.5422354340553284,1.441724181175232
13,6499202,1SEU,MdrDBcore01743,E710D,-0.319,-0.07800773531198502,0.5422354340553284,1.441724181175232
13,6499202,1SEU,MdrDBcore01744,E710D,-0.669,-0.26572754979133606,0.5422354340553284,1.441724181175232
13,6499202,1RRJ,MdrDBcore01745,E710D,0.69,0.3471308946609497,0.5422354340553284,1.441724181175232
13,6499202,1R49,MdrDBcore01746,F279L,-0.154,0.19642630219459534,0.5422354340553284,1.441724181175232
13,6499202,1A35,MdrDBcore01747,F279L,0.005,-0.2400926649570465,0.5422354340553284,1.441724181175232
13,6499202,1A31,MdrDBcore01748,F279L,0.833,-0.12878449261188507,0.5422354340553284,1.441724181175232
13,6499202,1SEU,MdrDBcore01749,G244D,-1.294,-0.5927695035934448,0.5422354340553284,1.441724181175232
13,6499202,1R49,MdrDBcore01750,G244D,-1.416,-0.4442500174045563,0.5422354340553284,1.441724181175232
13,6499202,1SEU,MdrDBcore01751,G244D,-0.887,-0.5746987462043762,0.5422354340553284,1.441724181175232
13,6499202,1SEU,MdrDBcore01752,I714T,1.38,-0.03245992213487625,0.5422354340553284,1.441724181175232
13,6499202,1SEU,MdrDBcore01753,I714T,1.363,-0.6394233703613281,0.5422354340553284,1.441724181175232
13,6499202,1RRJ,MdrDBcore01754,I714T,0.847,0.22205597162246704,0.5422354340553284,1.441724181175232
13,6499202,1SEU,MdrDBcore01755,K326R,0.109,0.06646265834569931,0.5422354340553284,1.441724181175232
13,6499202,1SEU,MdrDBcore01756,K326R,0.388,0.16976827383041382,0.5422354340553284,1.441724181175232
13,6499202,1A31,MdrDBcore01757,K326R,0.616,-0.22956809401512146,0.5422354340553284,1.441724181175232
13,6499202,1R49,MdrDBcore01758,M428T,-1.393,0.050817184150218964,0.5422354340553284,1.441724181175232
13,6499202,1SEU,MdrDBcore01759,M428T,-1.601,-0.5324304103851318,0.5422354340553284,1.441724181175232
13,6499202,1A31,MdrDBcore01760,M428T,0.432,-0.2666357159614563,0.5422354340553284,1.441724181175232
13,6499202,1SEU,MdrDBcore01761,M675I,-0.361,-0.04252433031797409,0.5422354340553284,1.441724181175232
13,6499202,1SEU,MdrDBcore01762,M675I,-0.059,-0.21467670798301697,0.5422354340553284,1.441724181175232
13,6499202,1SEU,MdrDBcore01763,M675I,0.422,-0.3880764842033386,0.5422354340553284,1.441724181175232
13,6499202,1A31,MdrDBcore01764,N296S,1.038,-0.3441421389579773,0.5422354340553284,1.441724181175232
13,6499202,1SEU,MdrDBcore01765,P235T,-0.228,-0.5301369428634644,0.5422354340553284,1.441724181175232
13,6499202,1SEU,MdrDBcore01766,P235T,-0.082,-0.5752701759338379,0.5422354340553284,1.441724181175232
13,6499202,1A31,MdrDBcore01767,P235T,0.779,-0.10346663743257523,0.5422354340553284,1.441724181175232
13,6499202,1SEU,MdrDBcore01768,P397A,-1.473,-0.4547043740749359,0.5422354340553284,1.441724181175232
13,6499202,1SEU,MdrDBcore01769,P397A,-1.61,-0.4663870632648468,0.5422354340553284,1.441724181175232
13,6499202,1A31,MdrDBcore01770,P397A,0.447,-0.16237986087799072,0.5422354340553284,1.441724181175232
13,6499202,1RRJ,MdrDBcore01771,Q704K,-1.073,-0.28351157903671265,0.5422354340553284,1.441724181175232
13,6499202,1SEU,MdrDBcore01772,T258M,-1.359,-0.676109254360199,0.5422354340553284,1.441724181175232
13,6499202,1SEU,MdrDBcore01773,T258M,-1.228,-0.6256104111671448,0.5422354340553284,1.441724181175232
13,6499202,1A31,MdrDBcore01774,T258M,0.621,-0.21366864442825317,0.5422354340553284,1.441724181175232
13,6499202,1SEU,MdrDBcore01775,W754C,-0.903,-0.4474184811115265,0.5422354340553284,1.441724181175232
13,6499202,1SEU,MdrDBcore01776,W754C,-0.982,-0.24650314450263977,0.5422354340553284,1.441724181175232
13,6499202,1A31,MdrDBcore01777,W754C,0.49,-0.12165839225053787,0.5422354340553284,1.441724181175232
13,6499202,1ZXM,MdrDBcore01778,A318P,-0.749,-0.21110787987709045,0.5422354340553284,1.441724181175232
13,6499202,5GWK,MdrDBcore01779,A903D,-0.37,-0.6265596151351929,0.5422354340553284,1.441724181175232
13,6499202,6ZY8,MdrDBcore01780,D152Y,-1.22,-0.547991931438446,0.5422354340553284,1.441724181175232
13,6499202,6ZY8,MdrDBcore01781,D213G,-1.302,-0.5459875464439392,0.5422354340553284,1.441724181175232
13,6499202,6ZY6,MdrDBcore01782,G1192R,-0.335,0.15071359276771545,0.5422354340553284,1.441724181175232
13,6499202,6ZY8,MdrDBcore01783,G1197A,-1.936,-0.5491435527801514,0.5422354340553284,1.441724181175232
13,6499202,6ZY8,MdrDBcore01784,G1197V,-1.92,-0.5685911178588867,0.5422354340553284,1.441724181175232
13,6499202,6ZY8,MdrDBcore01785,G1198R,0.518,-0.5504937171936035,0.5422354340553284,1.441724181175232
13,6499202,6ZY8,MdrDBcore01786,H290Q,-1.547,-0.546514093875885,0.5422354340553284,1.441724181175232
13,6499202,6ZY8,MdrDBcore01787,K1196I,-1.271,-0.557975709438324,0.5422354340553284,1.441724181175232
13,6499202,5GWK,MdrDBcore01788,K893R,-0.477,-1.1763882637023926,0.5422354340553284,1.441724181175232
13,6499202,5GWK,MdrDBcore01789,L944S,1.059,-0.5558927059173584,0.5422354340553284,1.441724181175232
13,6499202,5GWK,MdrDBcore01790,N774I,-1.407,-0.28008317947387695,0.5422354340553284,1.441724181175232
13,6499202,6ZY8,MdrDBcore01791,P643T,-0.454,-0.473753422498703,0.5422354340553284,1.441724181175232
13,6499202,5GWK,MdrDBcore01792,P716R,-1.255,-1.5191367864608765,0.5422354340553284,1.441724181175232
13,6499202,5GWK,MdrDBcore01793,P786H,-1.321,-1.1590890884399414,0.5422354340553284,1.441724181175232
13,6499202,6ZY8,MdrDBcore01794,Q1206H,-1.586,-0.5271960496902466,0.5422354340553284,1.441724181175232
13,6499202,1ZXM,MdrDBcore01795,Q35R,-1.199,-0.5234726667404175,0.5422354340553284,1.441724181175232
13,6499202,5GWK,MdrDBcore01796,T930I,-1.654,-1.0183994770050049,0.5422354340553284,1.441724181175232
13,6499202,5GWK,MdrDBcore01797,V1001L,-1.324,-1.0784050226211548,0.5422354340553284,1.441724181175232
13,6499202,6ZY8,MdrDBcore01798,V1097L,1.165,-0.5836291909217834,0.5422354340553284,1.441724181175232
13,6499202,1ZXM,MdrDBcore01799,V255I,-0.702,-0.38489681482315063,0.5422354340553284,1.441724181175232
13,6499202,6ZY8,MdrDBcore01800,V364L,-3.356,-0.558663547039032,0.5422354340553284,1.441724181175232
13,6499202,6ZY8,MdrDBcore01801,V68I,-0.762,-0.5342587232589722,0.5422354340553284,1.441724181175232
13,6499202,5GWK,MdrDBcore01802,V776L,-1.615,-0.631231427192688,0.5422354340553284,1.441724181175232
13,6499202,4ZNE,MdrDBcore01803,C168F,-0.604,-0.2511889934539795,0.5422354340553284,1.441724181175232
13,6499202,4ZNE,MdrDBcore01804,G238A,0.056,-0.5231592059135437,0.5422354340553284,1.441724181175232
13,6499202,4ZNE,MdrDBcore01805,K234R,-2.868,-0.5686302781105042,0.5422354340553284,1.441724181175232
13,6499202,4ZNE,MdrDBcore01806,Q64E,-1.615,0.07524757832288742,0.5422354340553284,1.441724181175232
13,6499202,4ZNE,MdrDBcore01807,R175H,-2.626,-0.31291013956069946,0.5422354340553284,1.441724181175232
13,6499202,4ZNE,MdrDBcore01808,R237G,-1.321,-0.45003315806388855,0.5422354340553284,1.441724181175232
13,6499202,4ZNE,MdrDBcore01809,S161R,-1.819,-0.3547576367855072,0.5422354340553284,1.441724181175232
13,6499202,4ZNE,MdrDBcore01810,S66L,-1.242,-0.3590902090072632,0.5422354340553284,1.441724181175232
13,6499202,4ZNE,MdrDBcore01811,T63I,-1.447,-0.4804116189479828,0.5422354340553284,1.441724181175232
13,6499202,4ZNE,MdrDBcore01812,T67N,0.072,-0.2981208860874176,0.5422354340553284,1.441724181175232
13,6499202,4ZNE,MdrDBcore01813,Y176C,-0.922,-0.5769023299217224,0.5422354340553284,1.441724181175232
13,6499202,1O4K,MdrDBcore01814,H25Y,-1.077,-0.33131149411201477,0.5422354340553284,1.441724181175232
13,6499202,4F59,MdrDBcore01815,Q222H,-4.77,-0.3039557635784149,0.5422354340553284,1.441724181175232
13,6499202,3C4C,MdrDBcore01816,A712T,-0.829,-0.4120054244995117,0.5422354340553284,1.441724181175232
13,6499202,3C4C,MdrDBcore01817,A712T,-0.61,-0.4350477159023285,0.5422354340553284,1.441724181175232
13,6499202,3C4C,MdrDBcore01818,A712T,-0.415,-0.22188133001327515,0.5422354340553284,1.441724181175232
13,6499202,3C4C,MdrDBcore01819,A712T,0.415,-0.24109762907028198,0.5422354340553284,1.441724181175232
13,6499202,3C4C,MdrDBcore01820,A712T,0.168,1.0059865713119507,0.5422354340553284,1.441724181175232
13,6499202,6UAN,MdrDBcore01821,A728V,-1.007,-0.010524176061153412,0.5422354340553284,1.441724181175232
13,6499202,6UAN,MdrDBcore01822,A728V,-0.644,-0.3063087463378906,0.5422354340553284,1.441724181175232
13,6499202,6Q0T,MdrDBcore01823,A728V,-0.865,0.5082361698150635,0.5422354340553284,1.441724181175232
13,6499202,6UAN,MdrDBcore01824,A747V,-0.994,0.20869708061218262,0.5422354340553284,1.441724181175232
13,6499202,6UAN,MdrDBcore01825,A747V,-0.689,-0.36526238918304443,0.5422354340553284,1.441724181175232
13,6499202,6UAN,MdrDBcore01826,A747V,-0.384,0.1766929030418396,0.5422354340553284,1.441724181175232
13,6499202,6UAN,MdrDBcore01827,A747V,-0.019,0.17416086792945862,0.5422354340553284,1.441724181175232
13,6499202,3NY5,MdrDBcore01828,C194G,0.527,0.18732979893684387,0.5422354340553284,1.441724181175232
13,6499202,3NY5,MdrDBcore01829,C194G,-0.099,0.18876251578330994,0.5422354340553284,1.441724181175232
13,6499202,3NY5,MdrDBcore01830,C194G,0.101,0.013998441398143768,0.5422354340553284,1.441724181175232
13,6499202,3NY5,MdrDBcore01831,C194G,0.407,-0.011467166244983673,0.5422354340553284,1.441724181175232
13,6499202,3NY5,MdrDBcore01832,D211G,0.691,-0.02791280299425125,0.5422354340553284,1.441724181175232
13,6499202,3NY5,MdrDBcore01833,D211G,-0.437,-0.304033100605011,0.5422354340553284,1.441724181175232
13,6499202,3NY5,MdrDBcore01834,D211G,0.591,0.42267152667045593,0.5422354340553284,1.441724181175232
13,6499202,3NY5,MdrDBcore01835,D211G,-0.432,-0.22496074438095093,0.5422354340553284,1.441724181175232
13,6499202,6NYB,MdrDBcore01836,D361G,0.11,0.5054847002029419,0.5422354340553284,1.441724181175232
13,6499202,6NYB,MdrDBcore01837,D361G,-0.156,-0.18272414803504944,0.5422354340553284,1.441724181175232
13,6499202,6NYB,MdrDBcore01838,D361G,-0.341,-0.35677337646484375,0.5422354340553284,1.441724181175232
13,6499202,6NYB,MdrDBcore01839,D361G,-1.075,-0.112360380589962,0.5422354340553284,1.441724181175232
13,6499202,5J18,MdrDBcore01840,E204V,-1.3,0.18180444836616516,0.5422354340553284,1.441724181175232
13,6499202,5J18,MdrDBcore01841,E204V,0.02,-0.14556869864463806,0.5422354340553284,1.441724181175232
13,6499202,5J18,MdrDBcore01842,E204V,0.889,-0.18463212251663208,0.5422354340553284,1.441724181175232
13,6499202,5J18,MdrDBcore01843,E204V,0.431,0.07179468125104904,0.5422354340553284,1.441724181175232
13,6499202,5J18,MdrDBcore01844,E204V,0.407,0.7080618143081665,0.5422354340553284,1.441724181175232
13,6499202,3C4C,MdrDBcore01845,G464E,-1.368,-0.4500361979007721,0.5422354340553284,1.441724181175232
13,6499202,3C4C,MdrDBcore01846,G464E,0.16,-0.1532018780708313,0.5422354340553284,1.441724181175232
13,6499202,3C4C,MdrDBcore01847,G464E,-1.349,-0.14103898406028748,0.5422354340553284,1.441724181175232
13,6499202,3C4C,MdrDBcore01848,G464V,-0.216,0.0005670562386512756,0.5422354340553284,1.441724181175232
13,6499202,3C4C,MdrDBcore01849,G464V,-0.445,-0.11673238128423691,0.5422354340553284,1.441724181175232
13,6499202,3C4C,MdrDBcore01850,G464V,0.504,0.21723169088363647,0.5422354340553284,1.441724181175232
13,6499202,3C4C,MdrDBcore01851,G464V,-0.398,-0.33841827511787415,0.5422354340553284,1.441724181175232
13,6499202,2FB8,MdrDBcore01852,G466V,0.762,-0.09036240726709366,0.5422354340553284,1.441724181175232
13,6499202,3C4C,MdrDBcore01853,G466V,-0.254,-0.4323444068431854,0.5422354340553284,1.441724181175232
13,6499202,3C4C,MdrDBcore01854,G466V,0.668,-0.18492713570594788,0.5422354340553284,1.441724181175232
13,6499202,3C4C,MdrDBcore01855,G466V,-0.136,-0.1913955807685852,0.5422354340553284,1.441724181175232
13,6499202,3C4C,MdrDBcore01856,G466V,0.046,-0.14453643560409546,0.5422354340553284,1.441724181175232
13,6499202,3C4C,MdrDBcore01857,G469A,-0.49,-0.5632158517837524,0.5422354340553284,1.441724181175232
13,6499202,3C4C,MdrDBcore01858,G469A,-0.695,-0.06348826736211777,0.5422354340553284,1.441724181175232
13,6499202,7M0X,MdrDBcore01859,G469A,-0.561,-0.37449562549591064,0.5422354340553284,1.441724181175232
13,6499202,3C4C,MdrDBcore01860,G469A,0.16,0.556585967540741,0.5422354340553284,1.441724181175232
13,6499202,3C4C,MdrDBcore01861,G469V,-1.288,-0.5730863213539124,0.5422354340553284,1.441724181175232
13,6499202,3C4C,MdrDBcore01862,G469V,-0.041,-0.5507548451423645,0.5422354340553284,1.441724181175232
13,6499202,7M0X,MdrDBcore01863,G596R,-0.418,-0.30859676003456116,0.5422354340553284,1.441724181175232
13,6499202,7M0X,MdrDBcore01864,G596R,0.092,-0.29678258299827576,0.5422354340553284,1.441724181175232
13,6499202,7M0X,MdrDBcore01865,G596R,1.071,0.18651580810546875,0.5422354340553284,1.441724181175232
13,6499202,7M0X,MdrDBcore01866,L597R,0.687,-0.2513100206851959,0.5422354340553284,1.441724181175232
13,6499202,7M0X,MdrDBcore01867,L597R,0.39,-0.5049666166305542,0.5422354340553284,1.441724181175232
13,6499202,7M0X,MdrDBcore01868,L597R,0.303,0.22765907645225525,0.5422354340553284,1.441724181175232
13,6499202,7M0X,MdrDBcore01869,L597R,-0.066,-0.0065209344029426575,0.5422354340553284,1.441724181175232
13,6499202,7M0X,MdrDBcore01870,L597V,-0.742,-0.33681920170783997,0.5422354340553284,1.441724181175232
13,6499202,7M0X,MdrDBcore01871,L597V,-0.547,-0.39112889766693115,0.5422354340553284,1.441724181175232
13,6499202,7M0X,MdrDBcore01872,L597V,0.349,-0.1317640244960785,0.5422354340553284,1.441724181175232
13,6499202,7M0X,MdrDBcore01873,L597V,0.38,0.5984820127487183,0.5422354340553284,1.441724181175232
13,6499202,3C4C,MdrDBcore01874,N581Y,-0.324,-0.07823596894741058,0.5422354340553284,1.441724181175232
13,6499202,3C4C,MdrDBcore01875,N581Y,1.78,0.3041703402996063,0.5422354340553284,1.441724181175232
13,6499202,3C4C,MdrDBcore01876,N581Y,0.123,-0.3521043062210083,0.5422354340553284,1.441724181175232
13,6499202,3C4C,MdrDBcore01877,N581Y,0.553,0.01318473368883133,0.5422354340553284,1.441724181175232
13,6499202,5VR3,MdrDBcore01878,P74A,0.219,0.8110475540161133,0.5422354340553284,1.441724181175232
13,6499202,5VR3,MdrDBcore01879,P74A,0.502,-0.14145657420158386,0.5422354340553284,1.441724181175232
13,6499202,6UAN,MdrDBcore01880,R726C,-0.181,-0.028096400201320648,0.5422354340553284,1.441724181175232
13,6499202,6UAN,MdrDBcore01881,R726C,0.523,0.14897483587265015,0.5422354340553284,1.441724181175232
13,6499202,6UAN,MdrDBcore01882,R726C,0.512,0.13760694861412048,0.5422354340553284,1.441724181175232
13,6499202,7M0X,MdrDBcore01883,S683N,0.292,-0.31472405791282654,0.5422354340553284,1.441724181175232
13,6499202,3C4C,MdrDBcore01884,S683N,-0.563,-0.4101453423500061,0.5422354340553284,1.441724181175232
13,6499202,3C4C,MdrDBcore01885,S683N,0.267,-0.30184683203697205,0.5422354340553284,1.441724181175232
13,6499202,3C4C,MdrDBcore01886,S683N,-0.767,0.07173112779855728,0.5422354340553284,1.441724181175232
13,6499202,6UAN,MdrDBcore01887,S727G,-0.02,0.05927593261003494,0.5422354340553284,1.441724181175232
13,6499202,6UAN,MdrDBcore01888,S727G,-0.808,-0.135250061750412,0.5422354340553284,1.441724181175232
13,6499202,6UAN,MdrDBcore01889,S727G,-0.029,0.5826470255851746,0.5422354340553284,1.441724181175232
13,6499202,3C4C,MdrDBcore01890,T529A,0.416,-0.3688662052154541,0.5422354340553284,1.441724181175232
13,6499202,3C4C,MdrDBcore01891,T529A,-0.801,-0.04822687804698944,0.5422354340553284,1.441724181175232
13,6499202,3C4C,MdrDBcore01892,T529A,-0.111,-0.28000253438949585,0.5422354340553284,1.441724181175232
13,6499202,3C4C,MdrDBcore01893,T529A,0.082,0.007164262235164642,0.5422354340553284,1.441724181175232
13,6499202,3NY5,MdrDBcore01894,V226M,-0.293,0.014522768557071686,0.5422354340553284,1.441724181175232
13,6499202,3NY5,MdrDBcore01895,V226M,-0.131,0.00035306066274642944,0.5422354340553284,1.441724181175232
13,6499202,5J18,MdrDBcore01896,V226M,-0.178,-0.5273146629333496,0.5422354340553284,1.441724181175232
13,6499202,3NY5,MdrDBcore01897,V226M,0.239,-0.07307121902704239,0.5422354340553284,1.441724181175232
13,6499202,3C4C,MdrDBcore01898,V645I,0.705,-0.02292472869157791,0.5422354340553284,1.441724181175232
13,6499202,3C4C,MdrDBcore01899,V645I,-0.042,0.04352042078971863,0.5422354340553284,1.441724181175232
13,6499202,3C4C,MdrDBcore01900,V645I,0.404,-0.21871119737625122,0.5422354340553284,1.441724181175232
13,6499202,3C4C,MdrDBcore01901,V645I,0.375,0.19751513004302979,0.5422354340553284,1.441724181175232
13,6499202,4L46,MdrDBcore01902,D193H,0.761,0.6496187448501587,0.5422354340553284,1.441724181175232
13,6499202,4L3L,MdrDBcore01903,E84K,0.634,0.33093127608299255,0.5422354340553284,1.441724181175232
13,6499202,3WE4,MdrDBcore01904,H210P,0.633,0.5609163641929626,0.5422354340553284,1.441724181175232
13,6499202,3WE4,MdrDBcore01905,K141I,1.055,0.5401137471199036,0.5422354340553284,1.441724181175232
13,6499202,3WE4,MdrDBcore01906,N145S,0.625,0.7132524251937866,0.5422354340553284,1.441724181175232
13,6499202,3WE4,MdrDBcore01907,N311S,-1.139,0.5354132056236267,0.5422354340553284,1.441724181175232
13,6499202,3WE4,MdrDBcore01908,P368L,-0.117,0.6181837916374207,0.5422354340553284,1.441724181175232
13,6499202,3WE4,MdrDBcore01909,P88L,0.133,0.3755091726779938,0.5422354340553284,1.441724181175232
13,6499202,3WE4,MdrDBcore01910,Q374E,0.456,0.6982521414756775,0.5422354340553284,1.441724181175232
13,6499202,3WE4,MdrDBcore01911,T140A,0.659,0.680929958820343,0.5422354340553284,1.441724181175232
13,6499202,4L01,MdrDBcore01912,A760V,0.169,-0.36708199977874756,0.5422354340553284,1.441724181175232
13,6499202,4L01,MdrDBcore01913,A760V,1.517,0.20736739039421082,0.5422354340553284,1.441724181175232
13,6499202,6N7C,MdrDBcore01914,A906V,0.388,0.1911454200744629,0.5422354340553284,1.441724181175232
13,6499202,6N7C,MdrDBcore01915,A906V,1.681,1.3054637908935547,0.5422354340553284,1.441724181175232
13,6499202,AlphaFold2,MdrDBcore01916,A178T,1.643,0.7361682653427124,0.5422354340553284,1.441724181175232
13,6499202,AlphaFold2,MdrDBcore01917,A293V,1.691,1.7899779081344604,0.5422354340553284,1.441724181175232
13,6499202,AlphaFold2,MdrDBcore01918,A368P,1.753,0.27525264024734497,0.5422354340553284,1.441724181175232
13,6499202,AlphaFold2,MdrDBcore01919,E249K,1.513,1.6708134412765503,0.5422354340553284,1.441724181175232
13,6499202,AlphaFold2,MdrDBcore01920,E281K,2.351,1.9076138734817505,0.5422354340553284,1.441724181175232
13,6499202,AlphaFold2,MdrDBcore01921,F315V,1.411,1.7310839891433716,0.5422354340553284,1.441724181175232
13,6499202,AlphaFold2,MdrDBcore01922,G197R,2.016,1.411779522895813,0.5422354340553284,1.441724181175232
13,6499202,AlphaFold2,MdrDBcore01923,I136L,1.769,1.7734462022781372,0.5422354340553284,1.441724181175232
13,6499202,AlphaFold2,MdrDBcore01924,I86V,1.928,1.9827004671096802,0.5422354340553284,1.441724181175232
13,6499202,AlphaFold2,MdrDBcore01925,R232G,1.634,1.6563736200332642,0.5422354340553284,1.441724181175232
13,6499202,AlphaFold2,MdrDBcore01926,W146G,1.472,1.3761610984802246,0.5422354340553284,1.441724181175232
13,6499202,3EZQ,MdrDBcore01927,D269N,-0.387,0.3808402121067047,0.5422354340553284,1.441724181175232
13,6499202,3EZQ,MdrDBcore01928,I313V,0.75,0.48818954825401306,0.5422354340553284,1.441724181175232
13,6499202,3TJE,MdrDBcore01929,R105S,0.647,-0.04602455347776413,0.5422354340553284,1.441724181175232
13,6499202,2NA7,MdrDBcore01930,R192I,-0.152,-0.12494433671236038,0.5422354340553284,1.441724181175232
13,6499202,3EZQ,MdrDBcore01931,R279H,-0.039,0.03544888645410538,0.5422354340553284,1.441724181175232
13,6499202,3TJE,MdrDBcore01932,T122I,0.943,-0.08951262384653091,0.5422354340553284,1.441724181175232
13,6499202,3EZQ,MdrDBcore01933,V267F,1.631,0.1618271768093109,0.5422354340553284,1.441724181175232
13,6499202,2NA7,MdrDBcore01934,W176G,0.922,-0.060538578778505325,0.5422354340553284,1.441724181175232
13,6499202,6G9D,MdrDBcore01935,H61Q,1.132,0.008430182933807373,0.5422354340553284,1.441724181175232
13,6499202,6G9D,MdrDBcore01936,I211M,0.94,0.09569790214300156,0.5422354340553284,1.441724181175232
13,6499202,6G9D,MdrDBcore01937,L76P,0.705,-0.21568965911865234,0.5422354340553284,1.441724181175232
13,6499202,6G9D,MdrDBcore01938,R135K,0.31,-0.27095547318458557,0.5422354340553284,1.441724181175232
13,6499202,6G9D,MdrDBcore01939,R79K,-0.067,0.024194590747356415,0.5422354340553284,1.441724181175232
13,6499202,6G9D,MdrDBcore01940,T185A,-0.553,0.07355556637048721,0.5422354340553284,1.441724181175232
13,6499202,6G9D,MdrDBcore01941,V214I,0.138,0.026927553117275238,0.5422354340553284,1.441724181175232
13,6499202,5EHO,MdrDBcore01942,D608H,1.274,0.3715853691101074,0.5422354340553284,1.441724181175232
13,6499202,4BI2,MdrDBcore01943,F540L,1.186,-0.37277278304100037,0.5422354340553284,1.441724181175232
13,6499202,4BI2,MdrDBcore01944,F540L,0.745,0.05069160461425781,0.5422354340553284,1.441724181175232
13,6499202,4BI2,MdrDBcore01945,K696E,1.048,0.05168189853429794,0.5422354340553284,1.441724181175232
13,6499202,4BI2,MdrDBcore01946,K696E,0.571,0.1362055242061615,0.5422354340553284,1.441724181175232
13,6499202,4BI2,MdrDBcore01947,L609F,1.373,0.01848197728395462,0.5422354340553284,1.441724181175232
13,6499202,4BI2,MdrDBcore01948,L609F,0.208,-0.238504558801651,0.5422354340553284,1.441724181175232
13,6499202,4B94,MdrDBcore01949,R172H,1.32,0.5731041431427002,0.5422354340553284,1.441724181175232
13,6499202,4B94,MdrDBcore01950,R185W,2.206,0.6866168975830078,0.5422354340553284,1.441724181175232
13,6499202,4B94,MdrDBcore01951,R185W,1.954,0.6575218439102173,0.5422354340553284,1.441724181175232
13,6499202,4BI2,MdrDBcore01952,R624C,0.767,0.0221269428730011,0.5422354340553284,1.441724181175232
13,6499202,4B94,MdrDBcore01953,S162I,2.241,0.7028912901878357,0.5422354340553284,1.441724181175232
13,6499202,4B94,MdrDBcore01954,S162I,0.908,0.29500994086265564,0.5422354340553284,1.441724181175232
13,6499202,7CJA,MdrDBcore01955,S699F,1.188,0.17660099267959595,0.5422354340553284,1.441724181175232
13,6499202,7CJA,MdrDBcore01956,S699F,1.917,0.959606409072876,0.5422354340553284,1.441724181175232
13,6499202,4B94,MdrDBcore01957,S76G,1.616,0.743381917476654,0.5422354340553284,1.441724181175232
13,6499202,4B94,MdrDBcore01958,S76G,0.77,0.4604819118976593,0.5422354340553284,1.441724181175232
13,6499202,4BI2,MdrDBcore01959,Y554H,0.963,-0.44807931780815125,0.5422354340553284,1.441724181175232
13,6499202,4BI2,MdrDBcore01960,Y554H,0.291,-0.4321049749851227,0.5422354340553284,1.441724181175232
13,6499202,4BI2,MdrDBcore01961,Y726C,1.364,0.6720806956291199,0.5422354340553284,1.441724181175232
13,6499202,4BI2,MdrDBcore01962,Y726C,0.036,0.11068891733884811,0.5422354340553284,1.441724181175232
13,6499202,3QS9,MdrDBcore01963,A443T,-1.192,0.3374200165271759,0.5422354340553284,1.441724181175232
13,6499202,3QS9,MdrDBcore01964,A445T,0.152,-0.12955771386623383,0.5422354340553284,1.441724181175232
13,6499202,6JQR,MdrDBcore01965,A642V,-1.297,-0.12274672836065292,0.5422354340553284,1.441724181175232
13,6499202,6IL3,MdrDBcore01966,A680V,-0.5,-0.7271295785903931,0.5422354340553284,1.441724181175232
13,6499202,6JQR,MdrDBcore01967,A948T,-0.406,-0.6825555562973022,0.5422354340553284,1.441724181175232
13,6499202,3QS9,MdrDBcore01968,C272S,0.581,0.5008622407913208,0.5422354340553284,1.441724181175232
13,6499202,3QS9,MdrDBcore01969,C368Y,0.277,-0.472299188375473,0.5422354340553284,1.441724181175232
13,6499202,3QS9,MdrDBcore01970,D362E,0.818,0.39359110593795776,0.5422354340553284,1.441724181175232
13,6499202,6JQR,MdrDBcore01971,D787H,0.406,0.24115553498268127,0.5422354340553284,1.441724181175232
13,6499202,3QS9,MdrDBcore01972,E293K,-0.094,-0.22363153100013733,0.5422354340553284,1.441724181175232
13,6499202,4RT7,MdrDBcore01973,E661V,0.522,0.2855319082736969,0.5422354340553284,1.441724181175232
13,6499202,1RJB,MdrDBcore01974,G831E,-0.481,0.16626286506652832,0.5422354340553284,1.441724181175232
13,6499202,3QS9,MdrDBcore01975,H222R,0.161,0.2244335412979126,0.5422354340553284,1.441724181175232
13,6499202,1RJB,MdrDBcore01976,K634N,0.097,-0.3086397647857666,0.5422354340553284,1.441724181175232
13,6499202,6IL3,MdrDBcore01977,K709T,-0.093,-0.5094519257545471,0.5422354340553284,1.441724181175232
13,6499202,3QS9,MdrDBcore01978,L168F,0.022,0.011244408786296844,0.5422354340553284,1.441724181175232
13,6499202,3QS9,MdrDBcore01979,L442P,0.405,-0.2015734612941742,0.5422354340553284,1.441724181175232
13,6499202,3QS9,MdrDBcore01980,N100S,0.389,-0.06000527739524841,0.5422354340553284,1.441724181175232
13,6499202,3QS9,MdrDBcore01981,P116S,-0.347,-0.40681421756744385,0.5422354340553284,1.441724181175232
13,6499202,6IL3,MdrDBcore01982,P937H,-0.617,-0.587494969367981,0.5422354340553284,1.441724181175232
13,6499202,6JQR,MdrDBcore01983,Q910A,-0.192,-0.38998082280158997,0.5422354340553284,1.441724181175232
13,6499202,3QS9,MdrDBcore01984,R311W,0.247,-0.18123462796211243,0.5422354340553284,1.441724181175232
13,6499202,3QS9,MdrDBcore01985,R485T,0.33,0.9394100904464722,0.5422354340553284,1.441724181175232
13,6499202,3QS9,MdrDBcore01986,S404F,0.45,1.0662660598754883,0.5422354340553284,1.441724181175232
13,6499202,3QS9,MdrDBcore01987,S519F,-0.104,-0.46402618288993835,0.5422354340553284,1.441724181175232
13,6499202,3QS9,MdrDBcore01988,T432M,-0.557,-1.0580544471740723,0.5422354340553284,1.441724181175232
13,6499202,3QS9,MdrDBcore01989,Y376C,0.41,-0.22086137533187866,0.5422354340553284,1.441724181175232
13,6499202,6B8Y,MdrDBcore01990,D367H,0.674,0.536170482635498,0.5422354340553284,1.441724181175232
13,6499202,6B8Y,MdrDBcore01991,E398K,-0.771,0.3135172426700592,0.5422354340553284,1.441724181175232
13,6499202,6B8Y,MdrDBcore01992,G216V,1.594,0.31607574224472046,0.5422354340553284,1.441724181175232
13,6499202,3HMM,MdrDBcore01993,I143V,-0.29,0.9120268225669861,0.5422354340553284,1.441724181175232
13,6499202,6B8Y,MdrDBcore01994,K453N,0.668,0.42536303400993347,0.5422354340553284,1.441724181175232
13,6499202,6B8Y,MdrDBcore01995,L309R,1.485,0.3469029366970062,0.5422354340553284,1.441724181175232
13,6499202,6B8Y,MdrDBcore01996,L468F,1.275,0.47157588601112366,0.5422354340553284,1.441724181175232
13,6499202,3HMM,MdrDBcore01997,M148I,1.0,0.917244017124176,0.5422354340553284,1.441724181175232
13,6499202,6B8Y,MdrDBcore01998,N342S,0.408,0.46800509095191956,0.5422354340553284,1.441724181175232
13,6499202,2PJY,MdrDBcore01999,N45S,1.626,0.6044146418571472,0.5422354340553284,1.441724181175232
13,6499202,6B8Y,MdrDBcore02000,R417Q,0.985,0.3408166468143463,0.5422354340553284,1.441724181175232
13,6499202,6B8Y,MdrDBcore02001,R491W,0.724,0.28605812788009644,0.5422354340553284,1.441724181175232
13,6499202,6B8Y,MdrDBcore02002,S420F,-0.295,0.41988876461982727,0.5422354340553284,1.441724181175232
13,6499202,3HMM,MdrDBcore02003,V157I,1.039,0.9155040383338928,0.5422354340553284,1.441724181175232
13,6499202,6B8Y,MdrDBcore02004,V256L,1.311,0.2987476885318756,0.5422354340553284,1.441724181175232
13,6499202,2PJY,MdrDBcore02005,V56I,0.733,1.2399893999099731,0.5422354340553284,1.441724181175232
13,6499202,3HMM,MdrDBcore02006,V95A,1.443,0.9165216088294983,0.5422354340553284,1.441724181175232
13,6499202,6B8Y,MdrDBcore02007,Y299F,1.173,0.43637970089912415,0.5422354340553284,1.441724181175232
13,6499202,6B8Y,MdrDBcore02008,Y432F,0.823,0.4867987334728241,0.5422354340553284,1.441724181175232
13,6499202,5IU2,MdrDBcore02009,A354T,-0.608,-0.2465512752532959,0.5422354340553284,1.441724181175232
13,6499202,4Y83,MdrDBcore02010,E188K,1.857,-0.6573056578636169,0.5422354340553284,1.441724181175232
13,6499202,4Y83,MdrDBcore02011,F271Y,-0.06,-0.24381136894226074,0.5422354340553284,1.441724181175232
13,6499202,4Y83,MdrDBcore02012,P359S,-0.169,-0.8129653930664062,0.5422354340553284,1.441724181175232
13,6499202,4Y83,MdrDBcore02013,R146Q,0.559,-0.2732335925102234,0.5422354340553284,1.441724181175232
13,6499202,4Y83,MdrDBcore02014,R376C,-0.187,-0.47955840826034546,0.5422354340553284,1.441724181175232
13,6499202,AlphaFold2,MdrDBcore02015,D1067N,-0.288,-0.20609620213508606,0.5422354340553284,1.441724181175232
13,6499202,AlphaFold2,MdrDBcore02016,D1067N,0.55,0.6038227081298828,0.5422354340553284,1.441724181175232
13,6499202,AlphaFold2,MdrDBcore02017,D1067V,-2.019,-0.8505060076713562,0.5422354340553284,1.441724181175232
13,6499202,AlphaFold2,MdrDBcore02018,I767F,-0.474,-0.12113089114427567,0.5422354340553284,1.441724181175232
13,6499202,AlphaFold2,MdrDBcore02019,I965N,1.038,0.8541935086250305,0.5422354340553284,1.441724181175232
13,6499202,AlphaFold2,MdrDBcore02020,K718R,1.061,0.570270299911499,0.5422354340553284,1.441724181175232
13,6499202,AlphaFold2,MdrDBcore02021,L535R,0.233,0.06345932930707932,0.5422354340553284,1.441724181175232
13,6499202,AlphaFold2,MdrDBcore02022,L642P,1.319,0.6715373396873474,0.5422354340553284,1.441724181175232
13,6499202,AlphaFold2,MdrDBcore02023,L933P,-1.38,0.6719645261764526,0.5422354340553284,1.441724181175232
13,6499202,AlphaFold2,MdrDBcore02024,L99R,0.489,0.5500483512878418,0.5422354340553284,1.441724181175232
13,6499202,AlphaFold2,MdrDBcore02025,M630R,1.408,1.1080347299575806,0.5422354340553284,1.441724181175232
13,6499202,AlphaFold2,MdrDBcore02026,N717S,1.011,0.371533066034317,0.5422354340553284,1.441724181175232
13,6499202,AlphaFold2,MdrDBcore02027,P437H,1.642,-0.09633221477270126,0.5422354340553284,1.441724181175232
13,6499202,AlphaFold2,MdrDBcore02028,R321Q,-0.085,-0.20775842666625977,0.5422354340553284,1.441724181175232
13,6499202,AlphaFold2,MdrDBcore02029,R48Q,0.185,0.6533228158950806,0.5422354340553284,1.441724181175232
13,6499202,AlphaFold2,MdrDBcore02030,R668Q,1.201,1.0838799476623535,0.5422354340553284,1.441724181175232
13,6499202,AlphaFold2,MdrDBcore02031,R668W,0.304,0.14128607511520386,0.5422354340553284,1.441724181175232
13,6499202,AlphaFold2,MdrDBcore02032,R896L,-0.341,0.2702677547931671,0.5422354340553284,1.441724181175232
13,6499202,AlphaFold2,MdrDBcore02033,R896L,0.697,0.14383503794670105,0.5422354340553284,1.441724181175232
13,6499202,AlphaFold2,MdrDBcore02034,T721P,-0.549,-0.24732431769371033,0.5422354340553284,1.441724181175232
13,6499202,AlphaFold2,MdrDBcore02035,T721P,-0.316,-0.07084432244300842,0.5422354340553284,1.441724181175232
13,6499202,AlphaFold2,MdrDBcore02036,V369I,-1.283,-0.5569162368774414,0.5422354340553284,1.441724181175232
13,6499202,AlphaFold2,MdrDBcore02037,V369I,-0.083,0.3678334653377533,0.5422354340553284,1.441724181175232
13,6499202,6SB0,MdrDBcore02038,A1134T,-2.549,-0.06441373378038406,0.5422354340553284,1.441724181175232
13,6499202,6SB0,MdrDBcore02039,A1134V,-0.777,-0.46850889921188354,0.5422354340553284,1.441724181175232
13,6499202,7EPD,MdrDBcore02040,A329T,-0.929,-0.58561110496521,0.5422354340553284,1.441724181175232
13,6499202,7PE9,MdrDBcore02041,A41T,-3.177,0.5390384197235107,0.5422354340553284,1.441724181175232
13,6499202,6SB0,MdrDBcore02042,A695V,-1.293,-0.4497107267379761,0.5422354340553284,1.441724181175232
13,6499202,7PE9,MdrDBcore02043,A695V,-1.002,-0.8674526810646057,0.5422354340553284,1.441724181175232
13,6499202,6SB0,MdrDBcore02044,A954T,-2.775,-0.4865535497665405,0.5422354340553284,1.441724181175232
13,6499202,6SB0,MdrDBcore02045,D1332E,-2.443,-0.5879969596862793,0.5422354340553284,1.441724181175232
13,6499202,6SB0,MdrDBcore02046,D259Y,-0.308,-0.6044958829879761,0.5422354340553284,1.441724181175232
13,6499202,6SB0,MdrDBcore02047,E1033K,-1.819,-0.3602251708507538,0.5422354340553284,1.441724181175232
13,6499202,5WBY,MdrDBcore02048,E1799K,-0.79,-0.7818435430526733,0.5422354340553284,1.441724181175232
13,6499202,7PE9,MdrDBcore02049,E2000Q,-1.021,-0.5404255986213684,0.5422354340553284,1.441724181175232
13,6499202,6SB0,MdrDBcore02050,E427D,-4.512,-0.9913171529769897,0.5422354340553284,1.441724181175232
13,6499202,6SB0,MdrDBcore02051,F140L,-0.639,-0.18309462070465088,0.5422354340553284,1.441724181175232
13,6499202,6SB0,MdrDBcore02052,H1647Q,-0.947,-0.6715704202651978,0.5422354340553284,1.441724181175232
13,6499202,6SB0,MdrDBcore02053,I2017T,-1.532,-0.7064744830131531,0.5422354340553284,1.441724181175232
13,6499202,6SB0,MdrDBcore02054,K1197N,-2.878,-0.8020823001861572,0.5422354340553284,1.441724181175232
13,6499202,6SB0,MdrDBcore02055,K1981E,-2.429,-0.2405969500541687,0.5422354340553284,1.441724181175232
13,6499202,6SB0,MdrDBcore02056,L1129P,-2.09,-0.112742580473423,0.5422354340553284,1.441724181175232
13,6499202,6SB0,MdrDBcore02057,L1894V,-2.235,-0.45140132308006287,0.5422354340553284,1.441724181175232
13,6499202,6SB0,MdrDBcore02058,L1894V,-2.592,-0.6780868172645569,0.5422354340553284,1.441724181175232
13,6499202,7PE9,MdrDBcore02059,L2138F,-1.88,-0.43091240525245667,0.5422354340553284,1.441724181175232
13,6499202,6SB0,MdrDBcore02060,L2427R,-2.787,-0.8215792775154114,0.5422354340553284,1.441724181175232
13,6499202,6SB0,MdrDBcore02061,M135T,-1.39,-0.4856635630130768,0.5422354340553284,1.441724181175232
13,6499202,7EPD,MdrDBcore02062,M476V,-1.455,-0.3140271306037903,0.5422354340553284,1.441724181175232
13,6499202,6SB0,MdrDBcore02063,N1765D,-1.825,-0.5520797371864319,0.5422354340553284,1.441724181175232
13,6499202,6SB0,MdrDBcore02064,P1128L,-3.787,-0.43716442584991455,0.5422354340553284,1.441724181175232
13,6499202,6SB0,MdrDBcore02065,P1193L,-1.318,-0.22136440873146057,0.5422354340553284,1.441724181175232
13,6499202,6SB0,MdrDBcore02066,P1312L,-1.355,-0.32402315735816956,0.5422354340553284,1.441724181175232
13,6499202,6SB0,MdrDBcore02067,P1537S,-1.259,-0.20507651567459106,0.5422354340553284,1.441724181175232
13,6499202,6SB0,MdrDBcore02068,P1609L,-1.712,-0.44482630491256714,0.5422354340553284,1.441724181175232
13,6499202,6SB0,MdrDBcore02069,P1609L,-1.195,-0.5769160985946655,0.5422354340553284,1.441724181175232
13,6499202,6SB0,MdrDBcore02070,P1951S,-0.062,-0.3504163920879364,0.5422354340553284,1.441724181175232
13,6499202,6SB0,MdrDBcore02071,P453L,-2.746,-0.7839405536651611,0.5422354340553284,1.441724181175232
13,6499202,6SB0,MdrDBcore02072,P770A,-1.411,-0.3529187738895416,0.5422354340553284,1.441724181175232
13,6499202,6SB0,MdrDBcore02073,P770A,-1.782,-0.5794298648834229,0.5422354340553284,1.441724181175232
13,6499202,6SB0,MdrDBcore02074,Q1207P,-3.336,-0.6320143938064575,0.5422354340553284,1.441724181175232
13,6499202,7PE9,MdrDBcore02075,R1208C,-1.145,-0.8302742838859558,0.5422354340553284,1.441724181175232
13,6499202,6SB0,MdrDBcore02076,R1482C,-2.339,-0.7390924692153931,0.5422354340553284,1.441724181175232
13,6499202,6SB0,MdrDBcore02077,R1612Q,0.682,-0.28289616107940674,0.5422354340553284,1.441724181175232
13,6499202,6SB0,MdrDBcore02078,R1709H,-2.867,-0.08444095402956009,0.5422354340553284,1.441724181175232
13,6499202,6SB0,MdrDBcore02079,R1709H,-1.1,-0.24929890036582947,0.5422354340553284,1.441724181175232
13,6499202,6SB0,MdrDBcore02080,R1784C,0.857,-0.01615755259990692,0.5422354340553284,1.441724181175232
13,6499202,6SB0,MdrDBcore02081,R1811H,-1.625,-0.8617808818817139,0.5422354340553284,1.441724181175232
13,6499202,6SB0,MdrDBcore02082,R2152C,-3.364,-0.451378732919693,0.5422354340553284,1.441724181175232
13,6499202,7PE9,MdrDBcore02083,S1178F,-0.977,0.6585150957107544,0.5422354340553284,1.441724181175232
13,6499202,6SB0,MdrDBcore02084,S2215F,-2.632,-0.11892732232809067,0.5422354340553284,1.441724181175232
13,6499202,6SB0,MdrDBcore02085,S645C,-1.77,-0.3088899850845337,0.5422354340553284,1.441724181175232
13,6499202,7PE9,MdrDBcore02086,T1948M,-2.088,0.3685261309146881,0.5422354340553284,1.441724181175232
13,6499202,6SB0,MdrDBcore02087,T1948M,-0.221,-0.8160207867622375,0.5422354340553284,1.441724181175232
13,6499202,6SB0,MdrDBcore02088,T2232I,-0.216,-0.3184240162372589,0.5422354340553284,1.441724181175232
13,6499202,6SB0,MdrDBcore02089,T2509A,-3.481,-0.825814962387085,0.5422354340553284,1.441724181175232
13,6499202,7EPD,MdrDBcore02090,T571K,-3.356,-0.7010543346405029,0.5422354340553284,1.441724181175232
13,6499202,6SB0,MdrDBcore02091,T588M,-1.698,-0.7221763134002686,0.5422354340553284,1.441724181175232
13,6499202,6SB0,MdrDBcore02092,T647I,-2.934,-0.5405184030532837,0.5422354340553284,1.441724181175232
13,6499202,6SB0,MdrDBcore02093,T647I,-2.127,-0.8310858011245728,0.5422354340553284,1.441724181175232
13,6499202,5WBY,MdrDBcore02094,V1591L,-2.614,-0.6934696435928345,0.5422354340553284,1.441724181175232
13,6499202,6SB0,MdrDBcore02095,W1304R,-0.871,-0.7371518015861511,0.5422354340553284,1.441724181175232
13,6499202,5WBY,MdrDBcore02096,W1456R,-3.121,-0.1940218210220337,0.5422354340553284,1.441724181175232
13,6499202,6SB0,MdrDBcore02097,Y1151C,-0.722,-0.7737908363342285,0.5422354340553284,1.441724181175232
13,6499202,6SB0,MdrDBcore02098,Y861H,-1.509,-0.018680386245250702,0.5422354340553284,1.441724181175232
13,6499202,6SB0,MdrDBcore02099,Y861H,-2.08,-0.28688764572143555,0.5422354340553284,1.441724181175232
13,6499202,4FL2,MdrDBcore02100,A353T,-0.306,0.1484772264957428,0.5422354340553284,1.441724181175232
13,6499202,4FL2,MdrDBcore02101,A353T,-1.045,-1.0471069812774658,0.5422354340553284,1.441724181175232
13,6499202,4FL2,MdrDBcore02102,A353T,-0.914,0.6928550601005554,0.5422354340553284,1.441724181175232
13,6499202,4RX7,MdrDBcore02103,A620T,1.14,0.37634387612342834,0.5422354340553284,1.441724181175232
13,6499202,5CXZ,MdrDBcore02104,A620T,-0.871,0.1529962420463562,0.5422354340553284,1.441724181175232
13,6499202,5CXZ,MdrDBcore02105,A620T,-0.284,0.20231127738952637,0.5422354340553284,1.441724181175232
13,6499202,1A81,MdrDBcore02106,A86T,1.59,0.5724696516990662,0.5422354340553284,1.441724181175232
13,6499202,7SA7,MdrDBcore02107,A86T,0.263,0.0540638193488121,0.5422354340553284,1.441724181175232
13,6499202,7SA7,MdrDBcore02108,A86T,0.511,0.4506337344646454,0.5422354340553284,1.441724181175232
13,6499202,5CXZ,MdrDBcore02109,D428N,-0.288,0.20319858193397522,0.5422354340553284,1.441724181175232
13,6499202,5CXZ,MdrDBcore02110,D428N,-0.438,0.10309373587369919,0.5422354340553284,1.441724181175232
13,6499202,5CXZ,MdrDBcore02111,D428N,-0.601,-0.8605236411094666,0.5422354340553284,1.441724181175232
13,6499202,5CXZ,MdrDBcore02112,E586D,-0.614,0.13557294011116028,0.5422354340553284,1.441724181175232
13,6499202,5CXZ,MdrDBcore02113,E586D,0.601,0.10356254130601883,0.5422354340553284,1.441724181175232
13,6499202,5CXZ,MdrDBcore02114,E586D,-0.338,0.17842024564743042,0.5422354340553284,1.441724181175232
13,6499202,5CXZ,MdrDBcore02115,G578E,0.377,0.14265942573547363,0.5422354340553284,1.441724181175232
13,6499202,5CXZ,MdrDBcore02116,G578E,-0.261,0.1865067481994629,0.5422354340553284,1.441724181175232
13,6499202,4RX7,MdrDBcore02117,G578E,-0.286,0.3981037139892578,0.5422354340553284,1.441724181175232
13,6499202,4RX7,MdrDBcore02118,G588R,-0.786,0.1476047933101654,0.5422354340553284,1.441724181175232
13,6499202,5CXZ,MdrDBcore02119,G588R,0.867,0.15270307660102844,0.5422354340553284,1.441724181175232
13,6499202,5CXZ,MdrDBcore02120,G588R,1.22,0.1176365539431572,0.5422354340553284,1.441724181175232
13,6499202,5CXZ,MdrDBcore02121,H492Y,-0.596,0.38764968514442444,0.5422354340553284,1.441724181175232
13,6499202,5CXZ,MdrDBcore02122,H492Y,-0.815,0.1491701900959015,0.5422354340553284,1.441724181175232
13,6499202,5CXZ,MdrDBcore02123,H492Y,-0.579,-0.09262117743492126,0.5422354340553284,1.441724181175232
13,6499202,4RX7,MdrDBcore02124,I438M,1.949,0.5673848986625671,0.5422354340553284,1.441724181175232
13,6499202,7SA7,MdrDBcore02125,K133E,0.343,0.33785131573677063,0.5422354340553284,1.441724181175232
13,6499202,7SA7,MdrDBcore02126,K133E,-0.138,-0.4779737889766693,0.5422354340553284,1.441724181175232
13,6499202,7SA7,MdrDBcore02127,K133E,0.598,0.8042242527008057,0.5422354340553284,1.441724181175232
13,6499202,5CXZ,MdrDBcore02128,K386N,-0.514,0.1145956888794899,0.5422354340553284,1.441724181175232
13,6499202,5CXZ,MdrDBcore02129,N381I,-0.613,0.3402445912361145,0.5422354340553284,1.441724181175232
13,6499202,4RX7,MdrDBcore02130,N381I,-0.32,0.026500947773456573,0.5422354340553284,1.441724181175232
13,6499202,5CXZ,MdrDBcore02131,N381I,-0.743,-0.0501972921192646,0.5422354340553284,1.441724181175232
13,6499202,4FL2,MdrDBcore02132,P355L,0.228,0.021911494433879852,0.5422354340553284,1.441724181175232
13,6499202,1XBB,MdrDBcore02133,R520S,2.261,-0.18424943089485168,0.5422354340553284,1.441724181175232
13,6499202,5CXZ,MdrDBcore02134,R520S,-0.815,0.15678083896636963,0.5422354340553284,1.441724181175232
13,6499202,5CXZ,MdrDBcore02135,R520S,0.111,0.20889434218406677,0.5422354340553284,1.441724181175232
13,6499202,5CXZ,MdrDBcore02136,V622A,-0.123,0.34332382678985596,0.5422354340553284,1.441724181175232
13,6499202,5CXZ,MdrDBcore02137,V622A,1.095,0.14579126238822937,0.5422354340553284,1.441724181175232
13,6499202,5CXZ,MdrDBcore02138,V622A,1.357,-0.007080286741256714,0.5422354340553284,1.441724181175232
13,6499202,1A81,MdrDBcore02139,Y246C,-0.223,-0.2776060998439789,0.5422354340553284,1.441724181175232
13,6499202,4RX7,MdrDBcore02140,Y568H,-0.077,0.4220338463783264,0.5422354340553284,1.441724181175232
13,6499202,5CXZ,MdrDBcore02141,Y568H,-0.729,0.1408458948135376,0.5422354340553284,1.441724181175232
13,6499202,5CXZ,MdrDBcore02142,Y568H,-0.078,-0.0845784842967987,0.5422354340553284,1.441724181175232
13,6499202,4O1D,MdrDBcore02143,A252S,-0.845,-0.23811909556388855,0.5422354340553284,1.441724181175232
13,6499202,4O1D,MdrDBcore02144,A83V,0.014,-0.15518641471862793,0.5422354340553284,1.441724181175232
13,6499202,4O1D,MdrDBcore02145,E263G,-1.313,0.74503493309021,0.5422354340553284,1.441724181175232
13,6499202,4O1D,MdrDBcore02146,E336D,2.7,-0.03720320016145706,0.5422354340553284,1.441724181175232
13,6499202,4O1D,MdrDBcore02147,E487D,0.707,0.4276111423969269,0.5422354340553284,1.441724181175232
13,6499202,4O1D,MdrDBcore02148,G100R,-0.997,-0.3885002136230469,0.5422354340553284,1.441724181175232
13,6499202,4O1D,MdrDBcore02149,I206T,2.095,0.27420854568481445,0.5422354340553284,1.441724181175232
13,6499202,4O1D,MdrDBcore02150,K228A,-1.331,-0.09033803641796112,0.5422354340553284,1.441724181175232
13,6499202,4O1D,MdrDBcore02151,K339E,-0.833,-0.37256231904029846,0.5422354340553284,1.441724181175232
13,6499202,4O1D,MdrDBcore02152,K342R,-1.852,-0.2262999713420868,0.5422354340553284,1.441724181175232
13,6499202,4O1D,MdrDBcore02153,K423A,-2.217,-0.18094271421432495,0.5422354340553284,1.441724181175232
13,6499202,4O1D,MdrDBcore02154,L226R,3.238,0.5396819710731506,0.5422354340553284,1.441724181175232
13,6499202,4O1D,MdrDBcore02155,Q268K,-0.386,-0.2495628297328949,0.5422354340553284,1.441724181175232
13,6499202,3DKJ,MdrDBcore02156,Q362E,0.056,-0.7131272554397583,0.5422354340553284,1.441724181175232
13,6499202,4O1D,MdrDBcore02157,R349K,0.005,2.09066104888916,0.5422354340553284,1.441724181175232
13,6499202,4O1D,MdrDBcore02158,T233M,-2.333,-0.18074268102645874,0.5422354340553284,1.441724181175232
13,6499202,4O1D,MdrDBcore02159,V221A,0.654,-0.10269009321928024,0.5422354340553284,1.441724181175232
13,6499202,4O1D,MdrDBcore02160,V266I,2.09,0.821840763092041,0.5422354340553284,1.441724181175232
13,6499202,4O1D,MdrDBcore02161,V300I,0.067,0.03936700522899628,0.5422354340553284,1.441724181175232
13,6499202,4O1D,MdrDBcore02162,Y142C,0.206,-0.22256234288215637,0.5422354340553284,1.441724181175232
13,6499202,4O1D,MdrDBcore02163,Y36C,1.022,0.24410364031791687,0.5422354340553284,1.441724181175232
13,6499202,4AWI,MdrDBcore02164,A282D,-0.775,0.1061110720038414,0.5422354340553284,1.441724181175232
13,6499202,4AWI,MdrDBcore02165,C79Y,1.349,0.3018600642681122,0.5422354340553284,1.441724181175232
13,6499202,4AWI,MdrDBcore02166,D277G,-0.384,-0.05220439285039902,0.5422354340553284,1.441724181175232
13,6499202,4AWI,MdrDBcore02167,D277V,0.443,0.18492966890335083,0.5422354340553284,1.441724181175232
13,6499202,4AWI,MdrDBcore02168,H149R,-0.612,0.2921351492404938,0.5422354340553284,1.441724181175232
13,6499202,4AWI,MdrDBcore02169,I304M,-0.709,-0.35694026947021484,0.5422354340553284,1.441724181175232
13,6499202,4AWI,MdrDBcore02170,M200T,-1.724,0.2825545370578766,0.5422354340553284,1.441724181175232
13,6499202,3L08,MdrDBcore02171,A197T,-1.852,0.005614779889583588,0.5422354340553284,1.441724181175232
13,6499202,3L08,MdrDBcore02172,A197T,0.351,0.5574709177017212,0.5422354340553284,1.441724181175232
13,6499202,4GB9,MdrDBcore02173,A253T,0.688,0.5045768022537231,0.5422354340553284,1.441724181175232
13,6499202,4GB9,MdrDBcore02174,A253T,1.775,1.3093923330307007,0.5422354340553284,1.441724181175232
13,6499202,4GB9,MdrDBcore02175,A253T,0.231,0.9894871711730957,0.5422354340553284,1.441724181175232
13,6499202,3L08,MdrDBcore02176,A314T,0.664,0.09782139211893082,0.5422354340553284,1.441724181175232
13,6499202,4GB9,MdrDBcore02177,A314T,1.258,1.3286222219467163,0.5422354340553284,1.441724181175232
13,6499202,4GB9,MdrDBcore02178,A314T,0.288,0.7212924361228943,0.5422354340553284,1.441724181175232
13,6499202,3L08,MdrDBcore02179,A528V,-0.026,0.009652920067310333,0.5422354340553284,1.441724181175232
13,6499202,4GB9,MdrDBcore02180,A528V,0.923,1.2253637313842773,0.5422354340553284,1.441724181175232
13,6499202,3L08,MdrDBcore02181,A528V,-0.333,-0.03615622594952583,0.5422354340553284,1.441724181175232
13,6499202,3L08,MdrDBcore02182,A557V,1.842,1.0916656255722046,0.5422354340553284,1.441724181175232
13,6499202,3L08,MdrDBcore02183,A569T,1.29,0.0977443978190422,0.5422354340553284,1.441724181175232
13,6499202,3L08,MdrDBcore02184,A569T,1.746,0.6824960112571716,0.5422354340553284,1.441724181175232
13,6499202,3L08,MdrDBcore02185,A569T,1.264,-0.22855934500694275,0.5422354340553284,1.441724181175232
13,6499202,4GB9,MdrDBcore02186,A621S,1.204,0.5397396087646484,0.5422354340553284,1.441724181175232
13,6499202,3L08,MdrDBcore02187,A621S,1.806,1.4173946380615234,0.5422354340553284,1.441724181175232
13,6499202,3L08,MdrDBcore02188,A621S,0.475,-0.07941360026597977,0.5422354340553284,1.441724181175232
13,6499202,7MEZ,MdrDBcore02189,A84V,-0.146,-0.08646120876073837,0.5422354340553284,1.441724181175232
13,6499202,3L08,MdrDBcore02190,D192N,0.216,0.14761987328529358,0.5422354340553284,1.441724181175232
13,6499202,3L08,MdrDBcore02191,D192N,-1.811,-0.10707682371139526,0.5422354340553284,1.441724181175232
13,6499202,3L16,MdrDBcore02192,D358Y,-0.059,0.26117101311683655,0.5422354340553284,1.441724181175232
13,6499202,3L08,MdrDBcore02193,D358Y,1.423,1.1505032777786255,0.5422354340553284,1.441724181175232
13,6499202,3L08,MdrDBcore02194,D358Y,-0.28,-0.28007662296295166,0.5422354340553284,1.441724181175232
13,6499202,3L08,MdrDBcore02195,D946N,0.767,0.09978566318750381,0.5422354340553284,1.441724181175232
13,6499202,3L08,MdrDBcore02196,D946N,0.372,1.1427794694900513,0.5422354340553284,1.441724181175232
13,6499202,3L08,MdrDBcore02197,D946N,-0.134,-0.08759275823831558,0.5422354340553284,1.441724181175232
13,6499202,7MEZ,MdrDBcore02198,E108K,-1.323,0.029803022742271423,0.5422354340553284,1.441724181175232
13,6499202,7MEZ,MdrDBcore02199,E108K,0.043,-0.18008753657341003,0.5422354340553284,1.441724181175232
13,6499202,3L08,MdrDBcore02200,G276S,-0.235,0.10042165964841843,0.5422354340553284,1.441724181175232
13,6499202,3L08,MdrDBcore02201,G276S,1.873,1.2376186847686768,0.5422354340553284,1.441724181175232
13,6499202,3L08,MdrDBcore02202,G276S,-1.009,-0.3537374436855316,0.5422354340553284,1.441724181175232
13,6499202,7MEZ,MdrDBcore02203,G343S,0.915,0.6572853326797485,0.5422354340553284,1.441724181175232
13,6499202,7MEZ,MdrDBcore02204,G343S,1.741,0.1667778193950653,0.5422354340553284,1.441724181175232
13,6499202,7MEZ,MdrDBcore02205,G343S,-0.181,0.43845751881599426,0.5422354340553284,1.441724181175232
13,6499202,3L08,MdrDBcore02206,G436S,2.055,1.2403265237808228,0.5422354340553284,1.441724181175232
13,6499202,7MEZ,MdrDBcore02207,G65D,-0.46,-0.0974326878786087,0.5422354340553284,1.441724181175232
13,6499202,3L08,MdrDBcore02208,G996A,0.184,0.10349971801042557,0.5422354340553284,1.441724181175232
13,6499202,3L08,MdrDBcore02209,G996A,0.68,-0.018798936158418655,0.5422354340553284,1.441724181175232
13,6499202,3L08,MdrDBcore02210,H295Q,0.103,0.09781614691019058,0.5422354340553284,1.441724181175232
13,6499202,3L08,MdrDBcore02211,H295Q,0.728,0.6054728031158447,0.5422354340553284,1.441724181175232
13,6499202,3L08,MdrDBcore02212,H295Q,-0.988,-0.09371335804462433,0.5422354340553284,1.441724181175232
13,6499202,3L08,MdrDBcore02213,H693Q,0.143,0.10198799520730972,0.5422354340553284,1.441724181175232
13,6499202,3L08,MdrDBcore02214,H693Q,0.77,0.6922957897186279,0.5422354340553284,1.441724181175232
13,6499202,3L08,MdrDBcore02215,H693Q,0.789,-0.10388657450675964,0.5422354340553284,1.441724181175232
13,6499202,3L08,MdrDBcore02216,H909L,1.219,0.10191681236028671,0.5422354340553284,1.441724181175232
13,6499202,3L08,MdrDBcore02217,H909L,1.575,0.7096083164215088,0.5422354340553284,1.441724181175232
13,6499202,3L08,MdrDBcore02218,H909L,-0.26,-0.48782485723495483,0.5422354340553284,1.441724181175232
13,6499202,3L08,MdrDBcore02219,I158M,-0.179,0.09724598377943039,0.5422354340553284,1.441724181175232
13,6499202,3L08,MdrDBcore02220,I158M,0.786,1.0608346462249756,0.5422354340553284,1.441724181175232
13,6499202,3L08,MdrDBcore02221,I158M,-0.507,-0.39971551299095154,0.5422354340553284,1.441724181175232
13,6499202,3L08,MdrDBcore02222,I220M,0.235,0.09569091349840164,0.5422354340553284,1.441724181175232
13,6499202,3L08,MdrDBcore02223,I220M,1.658,1.204820990562439,0.5422354340553284,1.441724181175232
13,6499202,3L08,MdrDBcore02224,I220M,0.889,-0.14605040848255157,0.5422354340553284,1.441724181175232
13,6499202,3L16,MdrDBcore02225,I287M,0.239,0.25478395819664,0.5422354340553284,1.441724181175232
13,6499202,3L08,MdrDBcore02226,I287M,0.731,1.1842206716537476,0.5422354340553284,1.441724181175232
13,6499202,3L08,MdrDBcore02227,I287M,-1.226,-0.28335678577423096,0.5422354340553284,1.441724181175232
13,6499202,3L08,MdrDBcore02228,I643V,0.624,0.10065304487943649,0.5422354340553284,1.441724181175232
13,6499202,3L08,MdrDBcore02229,I643V,1.642,1.04043710231781,0.5422354340553284,1.441724181175232
13,6499202,3L08,MdrDBcore02230,I643V,0.519,-0.17501768469810486,0.5422354340553284,1.441724181175232
13,6499202,3L08,MdrDBcore02231,I888V,-1.351,0.10637068003416061,0.5422354340553284,1.441724181175232
13,6499202,3L08,MdrDBcore02232,I888V,1.043,0.8798385262489319,0.5422354340553284,1.441724181175232
13,6499202,3L08,MdrDBcore02233,I888V,-2.396,-0.3362458050251007,0.5422354340553284,1.441724181175232
13,6499202,4EZL,MdrDBcore02234,L1092H,0.068,0.6162376403808594,0.5422354340553284,1.441724181175232
13,6499202,4EZL,MdrDBcore02235,L1092H,0.793,0.048895373940467834,0.5422354340553284,1.441724181175232
13,6499202,4EZL,MdrDBcore02236,L1092H,-0.092,0.29628321528434753,0.5422354340553284,1.441724181175232
13,6499202,3L08,MdrDBcore02237,L211P,-0.101,0.10165209323167801,0.5422354340553284,1.441724181175232
13,6499202,3L08,MdrDBcore02238,L211P,0.311,1.1274032592773438,0.5422354340553284,1.441724181175232
13,6499202,4GB9,MdrDBcore02239,L211P,-2.641,1.0917809009552002,0.5422354340553284,1.441724181175232
13,6499202,4GB9,MdrDBcore02240,L651V,0.331,0.46284112334251404,0.5422354340553284,1.441724181175232
13,6499202,4GB9,MdrDBcore02241,L651V,2.12,1.444037675857544,0.5422354340553284,1.441724181175232
13,6499202,3L08,MdrDBcore02242,L651V,0.752,-0.20772013068199158,0.5422354340553284,1.441724181175232
13,6499202,3L08,MdrDBcore02243,M1039T,0.369,0.09745416790246964,0.5422354340553284,1.441724181175232
13,6499202,3L08,MdrDBcore02244,M1039T,2.592,1.2813843488693237,0.5422354340553284,1.441724181175232
13,6499202,3L08,MdrDBcore02245,M1039T,0.201,-0.3222748041152954,0.5422354340553284,1.441724181175232
13,6499202,1HE8,MdrDBcore02246,M259I,0.954,1.0343314409255981,0.5422354340553284,1.441724181175232
13,6499202,1HE8,MdrDBcore02247,M259I,1.22,1.0502357482910156,0.5422354340553284,1.441724181175232
13,6499202,1HE8,MdrDBcore02248,M259I,-1.632,-1.801208257675171,0.5422354340553284,1.441724181175232
13,6499202,3L08,MdrDBcore02249,N386S,-1.827,0.034112997353076935,0.5422354340553284,1.441724181175232
13,6499202,3L08,MdrDBcore02250,N386S,0.942,1.06801176071167,0.5422354340553284,1.441724181175232
13,6499202,3L08,MdrDBcore02251,N386S,-0.521,-0.12227415293455124,0.5422354340553284,1.441724181175232
13,6499202,3DPD,MdrDBcore02252,N979S,1.963,1.120318055152893,0.5422354340553284,1.441724181175232
13,6499202,7MEZ,MdrDBcore02253,P142L,1.149,0.3787229359149933,0.5422354340553284,1.441724181175232
13,6499202,7MEZ,MdrDBcore02254,P142L,-1.412,0.2541813254356384,0.5422354340553284,1.441724181175232
13,6499202,3L08,MdrDBcore02255,P208L,-0.45,0.007764734327793121,0.5422354340553284,1.441724181175232
13,6499202,3L08,MdrDBcore02256,P208L,1.21,1.0441771745681763,0.5422354340553284,1.441724181175232
13,6499202,3L08,MdrDBcore02257,P208L,0.288,-0.3331758379936218,0.5422354340553284,1.441724181175232
13,6499202,7MEZ,MdrDBcore02258,P538L,-0.83,-0.11200805753469467,0.5422354340553284,1.441724181175232
13,6499202,7MEZ,MdrDBcore02259,P538L,1.314,-0.039444051682949066,0.5422354340553284,1.441724181175232
13,6499202,7MEZ,MdrDBcore02260,P538L,0.748,-0.07286928594112396,0.5422354340553284,1.441724181175232
13,6499202,3L08,MdrDBcore02261,P563T,1.021,0.09666112810373306,0.5422354340553284,1.441724181175232
13,6499202,3L08,MdrDBcore02262,P563T,1.037,1.1108975410461426,0.5422354340553284,1.441724181175232
13,6499202,3L08,MdrDBcore02263,P563T,-0.446,-0.16071805357933044,0.5422354340553284,1.441724181175232
13,6499202,3L08,MdrDBcore02264,R178C,-0.349,0.1000850722193718,0.5422354340553284,1.441724181175232
13,6499202,3L08,MdrDBcore02265,R178C,0.99,0.9476511478424072,0.5422354340553284,1.441724181175232
13,6499202,3L08,MdrDBcore02266,R178C,0.102,-0.2039026916027069,0.5422354340553284,1.441724181175232
13,6499202,3L08,MdrDBcore02267,R362K,2.215,0.09451474994421005,0.5422354340553284,1.441724181175232
13,6499202,4GB9,MdrDBcore02268,R362K,1.776,1.5384689569473267,0.5422354340553284,1.441724181175232
13,6499202,3L08,MdrDBcore02269,R362K,2.351,-0.13947445154190063,0.5422354340553284,1.441724181175232
13,6499202,3L08,MdrDBcore02270,R362S,0.783,0.0013560056686401367,0.5422354340553284,1.441724181175232
13,6499202,3L08,MdrDBcore02271,R362S,0.697,1.4379268884658813,0.5422354340553284,1.441724181175232
13,6499202,3L08,MdrDBcore02272,R362S,-1.205,-0.46825045347213745,0.5422354340553284,1.441724181175232
13,6499202,3L08,MdrDBcore02273,R472P,-0.787,0.10355214029550552,0.5422354340553284,1.441724181175232
13,6499202,3L08,MdrDBcore02274,R472P,-0.729,-0.3799019455909729,0.5422354340553284,1.441724181175232
13,6499202,3L08,MdrDBcore02275,R477C,-0.021,0.09780468791723251,0.5422354340553284,1.441724181175232
13,6499202,3L08,MdrDBcore02276,R477C,0.722,1.3665708303451538,0.5422354340553284,1.441724181175232
13,6499202,3L08,MdrDBcore02277,R477C,-0.008,-0.042661212384700775,0.5422354340553284,1.441724181175232
13,6499202,4GB9,MdrDBcore02278,R839C,0.1,0.5057594776153564,0.5422354340553284,1.441724181175232
13,6499202,4GB9,MdrDBcore02279,R839C,1.826,1.3099961280822754,0.5422354340553284,1.441724181175232
13,6499202,3L08,MdrDBcore02280,R839C,0.741,-0.2261609435081482,0.5422354340553284,1.441724181175232
13,6499202,3L08,MdrDBcore02281,S806F,1.167,0.16944736242294312,0.5422354340553284,1.441724181175232
13,6499202,3L08,MdrDBcore02282,S806F,0.803,0.7381715178489685,0.5422354340553284,1.441724181175232
13,6499202,3L08,MdrDBcore02283,T1081I,0.994,1.2174774408340454,0.5422354340553284,1.441724181175232
13,6499202,7MEZ,MdrDBcore02284,T330M,-0.318,0.029023736715316772,0.5422354340553284,1.441724181175232
13,6499202,7MEZ,MdrDBcore02285,T330M,0.832,0.49450716376304626,0.5422354340553284,1.441724181175232
13,6499202,7MEZ,MdrDBcore02286,T330M,-0.466,-0.15373679995536804,0.5422354340553284,1.441724181175232
13,6499202,4GB9,MdrDBcore02287,T627I,0.0,0.5604828000068665,0.5422354340553284,1.441724181175232
13,6499202,3L08,MdrDBcore02288,T627I,-1.75,-0.12084934115409851,0.5422354340553284,1.441724181175232
13,6499202,4GB9,MdrDBcore02289,T827R,-0.102,0.4626756012439728,0.5422354340553284,1.441724181175232
13,6499202,3L08,MdrDBcore02290,T827R,1.97,1.1217551231384277,0.5422354340553284,1.441724181175232
13,6499202,3L08,MdrDBcore02291,T827R,0.901,-0.1549902856349945,0.5422354340553284,1.441724181175232
13,6499202,3L08,MdrDBcore02292,V305M,-0.719,0.09769899398088455,0.5422354340553284,1.441724181175232
13,6499202,3L08,MdrDBcore02293,V305M,1.076,1.2879638671875,0.5422354340553284,1.441724181175232
13,6499202,3L08,MdrDBcore02294,V305M,-0.557,-0.26650941371917725,0.5422354340553284,1.441724181175232
13,6499202,7MEZ,MdrDBcore02295,V332D,1.84,0.38324180245399475,0.5422354340553284,1.441724181175232
13,6499202,7MEZ,MdrDBcore02296,V332D,1.411,0.8330342769622803,0.5422354340553284,1.441724181175232
13,6499202,7MEZ,MdrDBcore02297,V332D,1.987,-0.20141401886940002,0.5422354340553284,1.441724181175232
13,6499202,7MEZ,MdrDBcore02298,V332L,-0.668,0.26395201683044434,0.5422354340553284,1.441724181175232
13,6499202,7MEZ,MdrDBcore02299,V332L,-0.301,0.01794038712978363,0.5422354340553284,1.441724181175232
13,6499202,3L08,MdrDBcore02300,V381I,0.38,0.10633813589811325,0.5422354340553284,1.441724181175232
13,6499202,3L08,MdrDBcore02301,V381I,0.842,1.2393507957458496,0.5422354340553284,1.441724181175232
13,6499202,3L08,MdrDBcore02302,V381I,-0.932,-0.32417482137680054,0.5422354340553284,1.441724181175232
13,6499202,4GB9,MdrDBcore02303,W855L,0.54,0.5531752705574036,0.5422354340553284,1.441724181175232
13,6499202,3L08,MdrDBcore02304,W855L,-0.514,-0.11018935590982437,0.5422354340553284,1.441724181175232
13,6499202,1TN6,MdrDBcore02305,F117L,-0.232,-0.13566525280475616,0.5422354340553284,1.441724181175232
13,6499202,1LD8,MdrDBcore02306,F117L,0.864,-0.2962014973163605,0.5422354340553284,1.441724181175232
13,6499202,1JCQ,MdrDBcore02307,K330T,-0.465,-0.45514434576034546,0.5422354340553284,1.441724181175232
13,6499202,1LD8,MdrDBcore02308,K330T,-0.583,-0.8052290678024292,0.5422354340553284,1.441724181175232
13,6499202,1JCQ,MdrDBcore02309,K336R,0.041,0.5308520793914795,0.5422354340553284,1.441724181175232
13,6499202,1LD8,MdrDBcore02310,K336R,-0.419,-0.48793303966522217,0.5422354340553284,1.441724181175232
13,6499202,1JCQ,MdrDBcore02311,L280F,-0.467,-0.28782540559768677,0.5422354340553284,1.441724181175232
13,6499202,1LD8,MdrDBcore02312,L280F,-2.033,-0.3826826810836792,0.5422354340553284,1.441724181175232
13,6499202,1TN6,MdrDBcore02313,N329S,-0.981,-0.04184036701917648,0.5422354340553284,1.441724181175232
13,6499202,2H6G,MdrDBcore02314,N329S,-2.001,-0.012525755912065506,0.5422354340553284,1.441724181175232
13,6499202,1JCQ,MdrDBcore02315,N85S,-0.979,-0.6476974487304688,0.5422354340553284,1.441724181175232
13,6499202,1LD8,MdrDBcore02316,N85S,-0.441,-0.3899930417537689,0.5422354340553284,1.441724181175232
13,6499202,1JCQ,MdrDBcore02317,P304S,0.228,0.2767281234264374,0.5422354340553284,1.441724181175232
13,6499202,1LD8,MdrDBcore02318,P304S,0.25,0.03748270869255066,0.5422354340553284,1.441724181175232
13,6499202,1TN6,MdrDBcore02319,Q221R,-0.144,0.3086893856525421,0.5422354340553284,1.441724181175232
13,6499202,1LD8,MdrDBcore02320,Q221R,-0.212,-0.3758213222026825,0.5422354340553284,1.441724181175232
13,6499202,1JCQ,MdrDBcore02321,R287C,-0.139,-0.26288363337516785,0.5422354340553284,1.441724181175232
13,6499202,1LD8,MdrDBcore02322,R287C,-1.421,-0.7762296199798584,0.5422354340553284,1.441724181175232
13,6499202,1JCQ,MdrDBcore02323,S290Y,-0.41,-1.4863033294677734,0.5422354340553284,1.441724181175232
13,6499202,1LD8,MdrDBcore02324,S290Y,-1.336,-0.7373821139335632,0.5422354340553284,1.441724181175232
13,6499202,1JCQ,MdrDBcore02325,V64I,-0.339,-0.582808792591095,0.5422354340553284,1.441724181175232
13,6499202,1LD8,MdrDBcore02326,V64I,-0.458,-0.7045850157737732,0.5422354340553284,1.441724181175232
13,6499202,1TN6,MdrDBcore02327,W72C,-0.542,-0.7879464626312256,0.5422354340553284,1.441724181175232
13,6499202,1LD8,MdrDBcore02328,W72C,-0.138,-0.4228423535823822,0.5422354340553284,1.441724181175232
13,6499202,5OY4,MdrDBcore02329,D33G,0.306,-0.09417989104986191,0.5422354340553284,1.441724181175232
13,6499202,5OY4,MdrDBcore02330,D33G,0.13,0.4378487169742584,0.5422354340553284,1.441724181175232
13,6499202,5OY4,MdrDBcore02331,D33G,-0.255,0.25080135464668274,0.5422354340553284,1.441724181175232
13,6499202,5KPK,MdrDBcore02332,G65E,1.34,0.8651372790336609,0.5422354340553284,1.441724181175232
13,6499202,5KPK,MdrDBcore02333,G65E,-0.541,1.0530225038528442,0.5422354340553284,1.441724181175232
13,6499202,3ZRL,MdrDBcore02334,G65E,0.501,0.3396294116973877,0.5422354340553284,1.441724181175232
13,6499202,3ZRL,MdrDBcore02335,H310Q,-0.271,0.6450685262680054,0.5422354340553284,1.441724181175232
13,6499202,5KPK,MdrDBcore02336,L75V,-0.149,0.023071758449077606,0.5422354340553284,1.441724181175232
13,6499202,5KPK,MdrDBcore02337,L75V,0.069,0.8376706838607788,0.5422354340553284,1.441724181175232
13,6499202,3ZRL,MdrDBcore02338,L75V,-0.902,0.29249483346939087,0.5422354340553284,1.441724181175232
13,6499202,5KPK,MdrDBcore02339,Q164A,0.288,0.3496766686439514,0.5422354340553284,1.441724181175232
13,6499202,5KPK,MdrDBcore02340,Q164A,0.84,0.7715210318565369,0.5422354340553284,1.441724181175232
13,6499202,5KPK,MdrDBcore02341,R319A,1.023,0.5894285440444946,0.5422354340553284,1.441724181175232
13,6499202,5KPK,MdrDBcore02342,R319A,0.565,0.674445390701294,0.5422354340553284,1.441724181175232
13,6499202,5KPK,MdrDBcore02343,R319Q,-0.659,0.43793174624443054,0.5422354340553284,1.441724181175232
13,6499202,5KPK,MdrDBcore02344,R319Q,0.068,0.3696085512638092,0.5422354340553284,1.441724181175232
13,6499202,3ZRL,MdrDBcore02345,R319Q,0.804,0.41969186067581177,0.5422354340553284,1.441724181175232
13,6499202,3ZRL,MdrDBcore02346,R332H,0.012,0.6080319881439209,0.5422354340553284,1.441724181175232
13,6499202,5KPK,MdrDBcore02347,R96A,-0.548,0.4209403395652771,0.5422354340553284,1.441724181175232
13,6499202,5KPK,MdrDBcore02348,R96A,-0.015,0.708300769329071,0.5422354340553284,1.441724181175232
13,6499202,5KPK,MdrDBcore02349,V126I,-0.849,0.34130728244781494,0.5422354340553284,1.441724181175232
13,6499202,5KPK,MdrDBcore02350,V126I,-0.271,0.5647616386413574,0.5422354340553284,1.441724181175232
13,6499202,3ZRL,MdrDBcore02351,V126I,-2.234,0.7852073907852173,0.5422354340553284,1.441724181175232
13,6499202,3T1I,MdrDBcore02352,A177T,-1.11,1.1706435680389404,0.5422354340553284,1.441724181175232
13,6499202,3T1I,MdrDBcore02353,A47S,2.016,1.3946987390518188,0.5422354340553284,1.441724181175232
13,6499202,3T1I,MdrDBcore02354,D131Y,1.83,1.4289309978485107,0.5422354340553284,1.441724181175232
13,6499202,3T1I,MdrDBcore02355,D86N,0.945,1.2104156017303467,0.5422354340553284,1.441724181175232
13,6499202,3T1I,MdrDBcore02356,E248K,2.338,1.3487600088119507,0.5422354340553284,1.441724181175232
13,6499202,3T1I,MdrDBcore02357,G285C,1.512,1.4308627843856812,0.5422354340553284,1.441724181175232
13,6499202,3T1I,MdrDBcore02358,H302Y,1.468,1.4010391235351562,0.5422354340553284,1.441724181175232
13,6499202,3T1I,MdrDBcore02359,L116I,-0.526,1.1516523361206055,0.5422354340553284,1.441724181175232
13,6499202,3T1I,MdrDBcore02360,L61F,1.83,1.4223729372024536,0.5422354340553284,1.441724181175232
13,6499202,3T1I,MdrDBcore02361,P358Q,0.965,1.2489721775054932,0.5422354340553284,1.441724181175232
13,6499202,3T1I,MdrDBcore02362,Q232K,1.923,1.154464840888977,0.5422354340553284,1.441724181175232
13,6499202,3T1I,MdrDBcore02363,Q330K,0.664,1.113328218460083,0.5422354340553284,1.441724181175232
13,6499202,3T1I,MdrDBcore02364,Q48L,1.486,1.3458813428878784,0.5422354340553284,1.441724181175232
13,6499202,3T1I,MdrDBcore02365,R305W,1.167,1.0075596570968628,0.5422354340553284,1.441724181175232
13,6499202,3T1I,MdrDBcore02366,R351H,1.786,1.3954832553863525,0.5422354340553284,1.441724181175232
13,6499202,3T1I,MdrDBcore02367,R380C,2.126,1.1358948945999146,0.5422354340553284,1.441724181175232
13,6499202,3T1I,MdrDBcore02368,R388W,1.634,1.3901346921920776,0.5422354340553284,1.441724181175232
13,6499202,3T1I,MdrDBcore02369,R400S,1.215,1.000489592552185,0.5422354340553284,1.441724181175232
13,6499202,3T1I,MdrDBcore02370,R87W,1.359,1.2081220149993896,0.5422354340553284,1.441724181175232
13,6499202,3T1I,MdrDBcore02371,S209F,1.884,1.246799349784851,0.5422354340553284,1.441724181175232
13,6499202,3T1I,MdrDBcore02372,T36M,1.591,1.3948419094085693,0.5422354340553284,1.441724181175232
13,6499202,3T1I,MdrDBcore02373,V17I,1.492,1.3551782369613647,0.5422354340553284,1.441724181175232
13,6499202,7A12,MdrDBcore02374,E164D,-0.254,0.24273088574409485,0.5422354340553284,1.441724181175232
13,6499202,7A12,MdrDBcore02375,I208M,0.169,0.7871079444885254,0.5422354340553284,1.441724181175232
13,6499202,7A12,MdrDBcore02376,M184L,-0.544,0.39966103434562683,0.5422354340553284,1.441724181175232
13,6499202,5JFR,MdrDBcore02377,N386K,-0.56,-0.28244340419769287,0.5422354340553284,1.441724181175232
13,6499202,7A12,MdrDBcore02378,N407S,-0.201,0.2869308292865753,0.5422354340553284,1.441724181175232
13,6499202,7A12,MdrDBcore02379,P119A,-0.691,0.10565035790205002,0.5422354340553284,1.441724181175232
13,6499202,7A12,MdrDBcore02380,P130L,-1.037,-0.43319210410118103,0.5422354340553284,1.441724181175232
13,6499202,5JHU,MdrDBcore02381,R205C,0.054,0.9420002698898315,0.5422354340553284,1.441724181175232
13,6499202,7A12,MdrDBcore02382,V118L,-0.571,0.5030606389045715,0.5422354340553284,1.441724181175232
13,6499202,7A12,MdrDBcore02383,Y320C,-0.283,0.7965664863586426,0.5422354340553284,1.441724181175232
13,6499202,7B5Q,MdrDBcore02384,D216N,-1.195,-0.28495529294013977,0.5422354340553284,1.441724181175232
13,6499202,7B5Q,MdrDBcore02385,I133T,-2.336,-0.26375147700309753,0.5422354340553284,1.441724181175232
13,6499202,7B5Q,MdrDBcore02386,L206S,-1.462,0.06540914624929428,0.5422354340553284,1.441724181175232
13,6499202,7B5Q,MdrDBcore02387,L271V,2.255,-0.2088698148727417,0.5422354340553284,1.441724181175232
13,6499202,7B5Q,MdrDBcore02388,M196V,-1.469,-0.09135954827070236,0.5422354340553284,1.441724181175232
13,6499202,7B5Q,MdrDBcore02389,M240I,0.335,-0.45900341868400574,0.5422354340553284,1.441724181175232
13,6499202,7B5Q,MdrDBcore02390,R209M,0.366,-0.10989537835121155,0.5422354340553284,1.441724181175232
13,6499202,4BCG,MdrDBcore02391,A239T,0.156,0.2961711287498474,0.5422354340553284,1.441724181175232
13,6499202,3LQ5,MdrDBcore02392,A239T,0.235,0.1615113615989685,0.5422354340553284,1.441724181175232
13,6499202,3LQ5,MdrDBcore02393,A239T,2.913,0.16232743859291077,0.5422354340553284,1.441724181175232
13,6499202,6CYT,MdrDBcore02394,A288T,0.193,0.3050692677497864,0.5422354340553284,1.441724181175232
13,6499202,3LQ5,MdrDBcore02395,A288T,2.925,1.1837416887283325,0.5422354340553284,1.441724181175232
13,6499202,3MI9,MdrDBcore02396,A340T,-0.092,-0.015365369617938995,0.5422354340553284,1.441724181175232
13,6499202,3MI9,MdrDBcore02397,A340T,1.471,0.03791017085313797,0.5422354340553284,1.441724181175232
13,6499202,3LQ5,MdrDBcore02398,D290Y,3.885,1.1492698192596436,0.5422354340553284,1.441724181175232
13,6499202,4BCG,MdrDBcore02399,D290Y,-0.007,0.3964928090572357,0.5422354340553284,1.441724181175232
13,6499202,3LQ5,MdrDBcore02400,D290Y,0.668,0.1299838423728943,0.5422354340553284,1.441724181175232
13,6499202,3LQ5,MdrDBcore02401,E9K,1.068,1.103776216506958,0.5422354340553284,1.441724181175232
13,6499202,6CYT,MdrDBcore02402,E9K,0.127,0.12682318687438965,0.5422354340553284,1.441724181175232
13,6499202,3LQ5,MdrDBcore02403,E9K,2.883,0.3387588858604431,0.5422354340553284,1.441724181175232
13,6499202,4BCG,MdrDBcore02404,F30L,-6.459,0.09199770539999008,0.5422354340553284,1.441724181175232
13,6499202,4BCG,MdrDBcore02405,F30L,1.629,0.5456664562225342,0.5422354340553284,1.441724181175232
13,6499202,3LQ5,MdrDBcore02406,F30L,3.213,0.19438284635543823,0.5422354340553284,1.441724181175232
13,6499202,3LQ5,MdrDBcore02407,G216R,-0.733,0.15832865238189697,0.5422354340553284,1.441724181175232
13,6499202,3LQ5,MdrDBcore02408,G216R,2.878,0.957505464553833,0.5422354340553284,1.441724181175232
13,6499202,4BCG,MdrDBcore02409,L165P,9.353,0.22066324949264526,0.5422354340553284,1.441724181175232
13,6499202,3TNI,MdrDBcore02410,L165P,-0.771,0.39432600140571594,0.5422354340553284,1.441724181175232
13,6499202,4BCG,MdrDBcore02411,L165P,2.65,-0.05529053509235382,0.5422354340553284,1.441724181175232
13,6499202,4BCG,MdrDBcore02412,R184C,1.887,0.1191115751862526,0.5422354340553284,1.441724181175232
13,6499202,3MI9,MdrDBcore02413,R184C,0.472,0.8295047283172607,0.5422354340553284,1.441724181175232
13,6499202,3LQ5,MdrDBcore02414,R184C,0.627,0.14592880010604858,0.5422354340553284,1.441724181175232
13,6499202,3LQ5,MdrDBcore02415,S226N,4.531,0.24238398671150208,0.5422354340553284,1.441724181175232
13,6499202,3LQ5,MdrDBcore02416,S226N,-0.169,0.1743001937866211,0.5422354340553284,1.441724181175232
13,6499202,3LQ5,MdrDBcore02417,S226N,0.34,0.06091613322496414,0.5422354340553284,1.441724181175232
13,6499202,6CYT,MdrDBcore02418,Y19H,0.01,0.07929303497076035,0.5422354340553284,1.441724181175232
13,6499202,3LQ5,MdrDBcore02419,Y19H,2.474,0.1797744333744049,0.5422354340553284,1.441724181175232
13,6499202,2EKX,MdrDBcore02420,K59E,-0.359,-0.27673670649528503,0.5422354340553284,1.441724181175232
13,6499202,3SXR,MdrDBcore02421,M464I,0.496,0.13548672199249268,0.5422354340553284,1.441724181175232
13,6499202,3SXS,MdrDBcore02422,N494D,0.108,0.00664888322353363,0.5422354340553284,1.441724181175232
13,6499202,3SXS,MdrDBcore02423,N494D,-0.707,0.04307293891906738,0.5422354340553284,1.441724181175232
13,6499202,3SXS,MdrDBcore02424,R656C,0.609,0.2101309895515442,0.5422354340553284,1.441724181175232
13,6499202,4HVI,MdrDBcore02425,A1079D,-1.111,0.11435755342245102,0.5422354340553284,1.441724181175232
13,6499202,7APG,MdrDBcore02426,I991V,0.108,-0.030276097357273102,0.5422354340553284,1.441724181175232
13,6499202,1YVJ,MdrDBcore02427,K830M,0.4,0.9501684904098511,0.5422354340553284,1.441724181175232
13,6499202,7APG,MdrDBcore02428,L1017M,-0.23,-0.13000419735908508,0.5422354340553284,1.441724181175232
13,6499202,4HVI,MdrDBcore02429,L1073I,-0.26,-0.3303411304950714,0.5422354340553284,1.441724181175232
13,6499202,4HVI,MdrDBcore02430,M1097L,0.021,0.03521028906106949,0.5422354340553284,1.441724181175232
13,6499202,4HVI,MdrDBcore02431,P1045S,0.132,0.270110547542572,0.5422354340553284,1.441724181175232
13,6499202,4HVI,MdrDBcore02432,R925S,-0.1,0.0003594234585762024,0.5422354340553284,1.441724181175232
13,6499202,4HVI,MdrDBcore02433,V1016D,0.514,-0.43644896149635315,0.5422354340553284,1.441724181175232
13,6499202,4HVI,MdrDBcore02434,V957M,0.933,0.057097502052783966,0.5422354340553284,1.441724181175232
13,6499202,4HVI,MdrDBcore02435,Y1023H,-0.244,-0.09096946567296982,0.5422354340553284,1.441724181175232
13,6499202,2G1Q,MdrDBcore02436,A133V,-1.43,-0.6788449883460999,0.5422354340553284,1.441724181175232
13,6499202,4B7B,MdrDBcore02437,A133V,-4.205,-1.2096525430679321,0.5422354340553284,1.441724181175232
13,6499202,2G1Q,MdrDBcore02438,A133V,-0.486,-0.2668052315711975,0.5422354340553284,1.441724181175232
13,6499202,4AS7,MdrDBcore02439,A282V,1.482,0.2617284655570984,0.5422354340553284,1.441724181175232
13,6499202,6TA3,MdrDBcore02440,A282V,-3.214,-0.4966185986995697,0.5422354340553284,1.441724181175232
13,6499202,6TA3,MdrDBcore02441,G96S,0.023,-0.07531680911779404,0.5422354340553284,1.441724181175232
13,6499202,6TA3,MdrDBcore02442,G96S,-4.855,-0.6864780187606812,0.5422354340553284,1.441724181175232
13,6499202,6TA3,MdrDBcore02443,P88Q,-1.873,-0.2759389281272888,0.5422354340553284,1.441724181175232
13,6499202,6TA3,MdrDBcore02444,P88Q,-5.567,-0.24900564551353455,0.5422354340553284,1.441724181175232
13,6499202,6TA3,MdrDBcore02445,R329K,-1.818,-0.30358970165252686,0.5422354340553284,1.441724181175232
13,6499202,6TA3,MdrDBcore02446,R329K,-4.608,-0.48717013001441956,0.5422354340553284,1.441724181175232
13,6499202,4B7B,MdrDBcore02447,S175A,0.318,0.040584370493888855,0.5422354340553284,1.441724181175232
13,6499202,6TA3,MdrDBcore02448,S175A,-2.145,-0.1790197789669037,0.5422354340553284,1.441724181175232
13,6499202,6TA3,MdrDBcore02449,S61T,-3.797,-0.5386605262756348,0.5422354340553284,1.441724181175232
13,6499202,6TA3,MdrDBcore02450,T300S,2.351,1.4808498620986938,0.5422354340553284,1.441724181175232
13,6499202,6TA3,MdrDBcore02451,T300S,-4.484,-0.6973590850830078,0.5422354340553284,1.441724181175232
13,6499202,3C5L,MdrDBcore02452,E568A,0.205,0.2710590064525604,0.5422354340553284,1.441724181175232
13,6499202,3FC2,MdrDBcore02453,I296V,-0.495,-0.0010422542691230774,0.5422354340553284,1.441724181175232
13,6499202,3FC2,MdrDBcore02454,K178A,-0.731,0.005939841270446777,0.5422354340553284,1.441724181175232
13,6499202,3FC2,MdrDBcore02455,L286F,0.892,-0.16550388932228088,0.5422354340553284,1.441724181175232
13,6499202,3FC2,MdrDBcore02456,P250H,0.566,0.12735223770141602,0.5422354340553284,1.441724181175232
13,6499202,3FC2,MdrDBcore02457,S107N,2.063,0.19726905226707458,0.5422354340553284,1.441724181175232
13,6499202,3FC2,MdrDBcore02458,S224R,-1.082,-0.037425778806209564,0.5422354340553284,1.441724181175232
13,6499202,3C5L,MdrDBcore02459,S375G,-1.329,-1.1367884874343872,0.5422354340553284,1.441724181175232
13,6499202,3C5L,MdrDBcore02460,Y421A,-1.499,-1.2402962446212769,0.5422354340553284,1.441724181175232
13,6499202,4BB4,MdrDBcore02461,A645S,0.79,-0.5585581660270691,0.5422354340553284,1.441724181175232
13,6499202,4BB4,MdrDBcore02462,A725S,-0.133,0.2083716094493866,0.5422354340553284,1.441724181175232
13,6499202,4BB4,MdrDBcore02463,A800T,0.583,-0.5131704211235046,0.5422354340553284,1.441724181175232
13,6499202,2VWU,MdrDBcore02464,A863S,-0.511,-0.05041529983282089,0.5422354340553284,1.441724181175232
13,6499202,2VWU,MdrDBcore02465,E609Q,0.13,-0.2845298945903778,0.5422354340553284,1.441724181175232
13,6499202,4BB4,MdrDBcore02466,I610T,0.433,0.23526057600975037,0.5422354340553284,1.441724181175232
13,6499202,4BB4,MdrDBcore02467,I878V,1.48,0.00400339812040329,0.5422354340553284,1.441724181175232
13,6499202,2BBA,MdrDBcore02468,K162R,-0.567,0.024337977170944214,0.5422354340553284,1.441724181175232
13,6499202,4BB4,MdrDBcore02469,K635N,0.232,-0.5875719785690308,0.5422354340553284,1.441724181175232
13,6499202,2BBA,MdrDBcore02470,L21V,-0.295,-0.0651778057217598,0.5422354340553284,1.441724181175232
13,6499202,2BBA,MdrDBcore02471,M185V,0.192,0.03375989943742752,0.5422354340553284,1.441724181175232
13,6499202,2BBA,MdrDBcore02472,P36S,-0.005,-0.4084514081478119,0.5422354340553284,1.441724181175232
13,6499202,2BBA,MdrDBcore02473,R105C,-0.145,-0.5141639709472656,0.5422354340553284,1.441724181175232
13,6499202,4BB4,MdrDBcore02474,R656Q,0.853,-0.08086972683668137,0.5422354340553284,1.441724181175232
13,6499202,4BB4,MdrDBcore02475,R795Q,-0.058,-0.11845508962869644,0.5422354340553284,1.441724181175232
13,6499202,6FNK,MdrDBcore02476,R889G,1.149,-0.21618497371673584,0.5422354340553284,1.441724181175232
13,6499202,2QKQ,MdrDBcore02477,R917Q,0.197,-0.06646545231342316,0.5422354340553284,1.441724181175232
13,6499202,2QKQ,MdrDBcore02478,R923G,-0.122,-0.36972886323928833,0.5422354340553284,1.441724181175232
13,6499202,4BB4,MdrDBcore02479,S825N,-1.453,-0.6976807713508606,0.5422354340553284,1.441724181175232
13,6499202,4BB4,MdrDBcore02480,S848F,-0.034,-0.20898780226707458,0.5422354340553284,1.441724181175232
13,6499202,2BBA,MdrDBcore02481,T140M,0.492,0.1507548987865448,0.5422354340553284,1.441724181175232
13,6499202,4BB4,MdrDBcore02482,V718L,1.653,-0.5397067070007324,0.5422354340553284,1.441724181175232
13,6499202,2BBA,MdrDBcore02483,V84I,-0.396,-0.5506058931350708,0.5422354340553284,1.441724181175232
13,6499202,2VSL,MdrDBcore02484,A321G,1.593,0.870821475982666,0.5422354340553284,1.441724181175232
13,6499202,1I3O,MdrDBcore02485,P155T,1.268,0.9751509428024292,0.5422354340553284,1.441724181175232
13,6499202,2VSL,MdrDBcore02486,P325Q,1.069,0.5366390943527222,0.5422354340553284,1.441724181175232
13,6499202,5O6T,MdrDBcore02487,R443C,1.126,-0.3532441556453705,0.5422354340553284,1.441724181175232
13,6499202,5O6T,MdrDBcore02488,T437I,1.887,0.8460070490837097,0.5422354340553284,1.441724181175232
13,6499202,2RUH,MdrDBcore02489,D52N,2.049,0.6683830618858337,0.5422354340553284,1.441724181175232
13,6499202,6MWE,MdrDBcore02490,A1006T,1.208,-0.9128739237785339,0.5422354340553284,1.441724181175232
13,6499202,4K0V,MdrDBcore02491,A226V,1.161,0.8347090482711792,0.5422354340553284,1.441724181175232
13,6499202,5MYB,MdrDBcore02492,A615T,1.567,1.097953200340271,0.5422354340553284,1.441724181175232
13,6499202,5MYB,MdrDBcore02493,A724T,0.855,1.2298797369003296,0.5422354340553284,1.441724181175232
13,6499202,6MWE,MdrDBcore02494,A905T,1.09,0.9419260025024414,0.5422354340553284,1.441724181175232
13,6499202,6MWE,MdrDBcore02495,D823E,0.985,0.9691991806030273,0.5422354340553284,1.441724181175232
13,6499202,6MWE,MdrDBcore02496,D982N,0.245,0.6278060078620911,0.5422354340553284,1.441724181175232
13,6499202,6MWE,MdrDBcore02497,F1111C,0.665,0.9241955280303955,0.5422354340553284,1.441724181175232
13,6499202,4K0V,MdrDBcore02498,G136R,1.117,1.2073191404342651,0.5422354340553284,1.441724181175232
13,6499202,4K0V,MdrDBcore02499,G217V,0.956,0.9760090112686157,0.5422354340553284,1.441724181175232
13,6499202,4K0V,MdrDBcore02500,G344D,1.184,0.5478216409683228,0.5422354340553284,1.441724181175232
13,6499202,4K0V,MdrDBcore02501,I148T,0.861,1.3296717405319214,0.5422354340553284,1.441724181175232
13,6499202,5MYA,MdrDBcore02502,I463V,1.443,-0.3768695294857025,0.5422354340553284,1.441724181175232
13,6499202,4K0V,MdrDBcore02503,K117N,1.217,0.9171255826950073,0.5422354340553284,1.441724181175232
13,6499202,5MYB,MdrDBcore02504,K646R,0.108,1.2213499546051025,0.5422354340553284,1.441724181175232
13,6499202,2GY5,MdrDBcore02505,L206M,0.284,-0.15741673111915588,0.5422354340553284,1.441724181175232
13,6499202,5MYB,MdrDBcore02506,L634F,1.665,1.1707706451416016,0.5422354340553284,1.441724181175232
13,6499202,6MWE,MdrDBcore02507,N1104D,1.622,0.7777131199836731,0.5422354340553284,1.441724181175232
13,6499202,5UTK,MdrDBcore02508,N449S,0.566,-0.33387237787246704,0.5422354340553284,1.441724181175232
13,6499202,4K0V,MdrDBcore02509,P282S,1.607,0.9246455430984497,0.5422354340553284,1.441724181175232
13,6499202,4K0V,MdrDBcore02510,P304L,0.562,0.7785744667053223,0.5422354340553284,1.441724181175232
13,6499202,5MYA,MdrDBcore02511,P469A,0.752,-0.29595375061035156,0.5422354340553284,1.441724181175232
13,6499202,6MWE,MdrDBcore02512,P906A,1.209,-0.251998633146286,0.5422354340553284,1.441724181175232
13,6499202,5MYB,MdrDBcore02513,Q696H,1.001,1.217123031616211,0.5422354340553284,1.441724181175232
13,6499202,6MWE,MdrDBcore02514,R1076Q,0.517,0.3796621561050415,0.5422354340553284,1.441724181175232
13,6499202,4K0V,MdrDBcore02515,R50C,0.854,0.807263195514679,0.5422354340553284,1.441724181175232
13,6499202,4K0V,MdrDBcore02516,R50H,0.973,1.1606463193893433,0.5422354340553284,1.441724181175232
13,6499202,6MWE,MdrDBcore02517,S1091P,0.991,1.3771988153457642,0.5422354340553284,1.441724181175232
13,6499202,6MWE,MdrDBcore02518,T1105I,0.602,-0.4955390393733978,0.5422354340553284,1.441724181175232
13,6499202,4K0V,MdrDBcore02519,T391I,0.557,0.9475873708724976,0.5422354340553284,1.441724181175232
13,6499202,5MYB,MdrDBcore02520,T557N,1.304,1.2452374696731567,0.5422354340553284,1.441724181175232
13,6499202,5MYB,MdrDBcore02521,T693S,1.446,1.266794204711914,0.5422354340553284,1.441724181175232
13,6499202,3BEA,MdrDBcore02522,T761I,1.019,0.826957106590271,0.5422354340553284,1.441724181175232
13,6499202,4K0V,MdrDBcore02523,V146L,1.541,0.5207779407501221,0.5422354340553284,1.441724181175232
13,6499202,5MYA,MdrDBcore02524,V453M,1.461,-0.33920395374298096,0.5422354340553284,1.441724181175232
13,6499202,6MWE,MdrDBcore02525,W1022G,1.72,1.2864497900009155,0.5422354340553284,1.441724181175232
13,6499202,5U9D,MdrDBcore02526,C464F,-0.311,0.3236992657184601,0.5422354340553284,1.441724181175232
13,6499202,5U9D,MdrDBcore02527,C464F,-0.094,-0.2956954836845398,0.5422354340553284,1.441724181175232
13,6499202,5U9D,MdrDBcore02528,D549A,-0.897,-0.1946750283241272,0.5422354340553284,1.441724181175232
13,6499202,5U9D,MdrDBcore02529,D549A,-0.012,-0.6589912176132202,0.5422354340553284,1.441724181175232
13,6499202,5U9D,MdrDBcore02530,D549A,0.017,-0.294877290725708,0.5422354340553284,1.441724181175232
13,6499202,5U9D,MdrDBcore02531,E439A,0.268,-0.20222899317741394,0.5422354340553284,1.441724181175232
13,6499202,5U9D,MdrDBcore02532,E439A,0.004,-0.3375186622142792,0.5422354340553284,1.441724181175232
13,6499202,5U9D,MdrDBcore02533,E439A,-0.348,-0.2370927333831787,0.5422354340553284,1.441724181175232
13,6499202,5U9D,MdrDBcore02534,E589D,0.232,-0.20270106196403503,0.5422354340553284,1.441724181175232
13,6499202,5U9D,MdrDBcore02535,E589D,0.214,-0.640434741973877,0.5422354340553284,1.441724181175232
13,6499202,5U9D,MdrDBcore02536,E589D,1.263,-0.21522027254104614,0.5422354340553284,1.441724181175232
13,6499202,6YYG,MdrDBcore02537,G47R,-1.231,0.20944732427597046,0.5422354340553284,1.441724181175232
13,6499202,6YYG,MdrDBcore02538,G47R,0.627,-0.3080211877822876,0.5422354340553284,1.441724181175232
13,6499202,6YYG,MdrDBcore02539,G47R,-0.126,1.2213441133499146,0.5422354340553284,1.441724181175232
13,6499202,6YYG,MdrDBcore02540,H143Y,1.056,0.5790107250213623,0.5422354340553284,1.441724181175232
13,6499202,6YYG,MdrDBcore02541,H143Y,-0.275,0.7142843008041382,0.5422354340553284,1.441724181175232
13,6499202,6YYG,MdrDBcore02542,I132N,-0.234,0.13581594824790955,0.5422354340553284,1.441724181175232
13,6499202,6YYG,MdrDBcore02543,I132N,0.187,-0.3315020203590393,0.5422354340553284,1.441724181175232
13,6499202,6YYG,MdrDBcore02544,I132N,0.465,0.9647091627120972,0.5422354340553284,1.441724181175232
13,6499202,5U9D,MdrDBcore02545,I470S,-1.432,-0.23390573263168335,0.5422354340553284,1.441724181175232
13,6499202,5U9D,MdrDBcore02546,I470S,0.16,0.1254878044128418,0.5422354340553284,1.441724181175232
13,6499202,5U9D,MdrDBcore02547,I470S,-1.104,-0.29982149600982666,0.5422354340553284,1.441724181175232
13,6499202,6YYG,MdrDBcore02548,K26N,-0.705,-0.39100971817970276,0.5422354340553284,1.441724181175232
13,6499202,6YYG,MdrDBcore02549,K26N,0.087,0.20694848895072937,0.5422354340553284,1.441724181175232
13,6499202,6YYG,MdrDBcore02550,K26N,-0.132,0.8021929860115051,0.5422354340553284,1.441724181175232
13,6499202,5U9D,MdrDBcore02551,K503R,-2.938,-0.22776171565055847,0.5422354340553284,1.441724181175232
13,6499202,5U9D,MdrDBcore02552,K503R,-0.522,-0.5257465243339539,0.5422354340553284,1.441724181175232
13,6499202,5U9D,MdrDBcore02553,K503R,0.081,-0.24289438128471375,0.5422354340553284,1.441724181175232
13,6499202,6TSE,MdrDBcore02554,K60N,-0.109,0.17094576358795166,0.5422354340553284,1.441724181175232
13,6499202,6TSE,MdrDBcore02555,K60N,0.286,-0.3600882589817047,0.5422354340553284,1.441724181175232
13,6499202,6TSE,MdrDBcore02556,K60N,0.085,0.12720391154289246,0.5422354340553284,1.441724181175232
13,6499202,6YYG,MdrDBcore02557,L29M,0.417,0.40546074509620667,0.5422354340553284,1.441724181175232
13,6499202,6YYG,MdrDBcore02558,L29M,1.204,0.8865439295768738,0.5422354340553284,1.441724181175232
13,6499202,5U9D,MdrDBcore02559,M489I,-0.701,-0.2645731568336487,0.5422354340553284,1.441724181175232
13,6499202,5U9D,MdrDBcore02560,M489I,0.882,-0.29795604944229126,0.5422354340553284,1.441724181175232
13,6499202,6BKH,MdrDBcore02561,M523I,0.56,-0.2519742548465729,0.5422354340553284,1.441724181175232
13,6499202,5U9D,MdrDBcore02562,M596L,-0.517,0.0767553374171257,0.5422354340553284,1.441724181175232
13,6499202,5U9D,MdrDBcore02563,M596L,-0.969,-0.5297810435295105,0.5422354340553284,1.441724181175232
13,6499202,5U9D,MdrDBcore02564,M596L,-1.462,-0.320936381816864,0.5422354340553284,1.441724181175232
13,6499202,6BKH,MdrDBcore02565,M630L,0.078,-0.24762749671936035,0.5422354340553284,1.441724181175232
13,6499202,6BKH,MdrDBcore02566,M630L,-0.769,0.43118754029273987,0.5422354340553284,1.441724181175232
13,6499202,6BKH,MdrDBcore02567,M630L,-1.245,-0.028781160712242126,0.5422354340553284,1.441724181175232
13,6499202,5U9D,MdrDBcore02568,P566L,-0.603,-0.08766352385282516,0.5422354340553284,1.441724181175232
13,6499202,5U9D,MdrDBcore02569,P566L,-0.608,-0.188043475151062,0.5422354340553284,1.441724181175232
13,6499202,6YYG,MdrDBcore02570,P74L,-0.088,0.300010085105896,0.5422354340553284,1.441724181175232
13,6499202,6YYG,MdrDBcore02571,P74L,1.93,0.6758611798286438,0.5422354340553284,1.441724181175232
13,6499202,6HTF,MdrDBcore02572,Q290L,0.286,-0.1815161406993866,0.5422354340553284,1.441724181175232
13,6499202,6HTF,MdrDBcore02573,Q290L,-0.376,0.12209867686033249,0.5422354340553284,1.441724181175232
13,6499202,6HTF,MdrDBcore02574,Q290L,-1.525,-0.7166381478309631,0.5422354340553284,1.441724181175232
13,6499202,6HTF,MdrDBcore02575,Q324L,-2.267,-0.29944905638694763,0.5422354340553284,1.441724181175232
13,6499202,6HTF,MdrDBcore02576,Q379A,-0.11,0.06267400830984116,0.5422354340553284,1.441724181175232
13,6499202,6HTF,MdrDBcore02577,Q379A,-0.581,-0.7683572769165039,0.5422354340553284,1.441724181175232
13,6499202,6YYG,MdrDBcore02578,R46H,-2.973,-0.6444940567016602,0.5422354340553284,1.441724181175232
13,6499202,1BTK,MdrDBcore02579,R82K,-1.792,-0.0019336119294166565,0.5422354340553284,1.441724181175232
13,6499202,1BTK,MdrDBcore02580,R82K,-1.028,-0.1757589876651764,0.5422354340553284,1.441724181175232
13,6499202,1BTK,MdrDBcore02581,R82K,-0.046,-0.1347651481628418,0.5422354340553284,1.441724181175232
13,6499202,5U9D,MdrDBcore02582,T495S,0.266,-0.21951082348823547,0.5422354340553284,1.441724181175232
13,6499202,5U9D,MdrDBcore02583,T495S,0.076,-0.04626297205686569,0.5422354340553284,1.441724181175232
13,6499202,5U9D,MdrDBcore02584,T495S,-1.916,-0.31783267855644226,0.5422354340553284,1.441724181175232
13,6499202,6YYG,MdrDBcore02585,V105L,-0.448,-0.34827539324760437,0.5422354340553284,1.441724181175232
13,6499202,6YYG,MdrDBcore02586,V105L,1.7,0.6992815732955933,0.5422354340553284,1.441724181175232
13,6499202,6YYG,MdrDBcore02587,V113I,-2.071,-0.015536602586507797,0.5422354340553284,1.441724181175232
13,6499202,6YYG,MdrDBcore02588,V113I,0.244,-0.20920097827911377,0.5422354340553284,1.441724181175232
13,6499202,6YYG,MdrDBcore02589,V113I,0.377,0.2513149082660675,0.5422354340553284,1.441724181175232
13,6499202,6TSE,MdrDBcore02590,V139L,-0.248,-0.15377309918403625,0.5422354340553284,1.441724181175232
13,6499202,6TSE,MdrDBcore02591,V139L,1.917,0.24983647465705872,0.5422354340553284,1.441724181175232
13,6499202,5U9D,MdrDBcore02592,V427M,-2.653,-0.23452091217041016,0.5422354340553284,1.441724181175232
13,6499202,5U9D,MdrDBcore02593,V427M,-0.281,0.3400464355945587,0.5422354340553284,1.441724181175232
13,6499202,5U9D,MdrDBcore02594,V427M,0.086,-0.20420709252357483,0.5422354340553284,1.441724181175232
13,6499202,5U9D,MdrDBcore02595,W588C,-0.308,-0.07138030976057053,0.5422354340553284,1.441724181175232
13,6499202,5U9D,MdrDBcore02596,W588C,-1.204,-0.20478424429893494,0.5422354340553284,1.441724181175232
13,6499202,6HTF,MdrDBcore02597,Y361C,0.633,0.12250224500894547,0.5422354340553284,1.441724181175232
13,6499202,6HTF,MdrDBcore02598,Y361C,0.46,-0.8010156154632568,0.5422354340553284,1.441724181175232
13,6499202,4BDU,MdrDBcore02599,A213V,1.244,0.007049210369586945,0.5422354340553284,1.441724181175232
13,6499202,4BDU,MdrDBcore02600,D208E,1.288,0.7846042513847351,0.5422354340553284,1.441724181175232
13,6499202,1F16,MdrDBcore02601,E75K,1.155,1.0989309549331665,0.5422354340553284,1.441724181175232
13,6499202,4BDU,MdrDBcore02602,F214L,1.385,0.4686985909938812,0.5422354340553284,1.441724181175232
13,6499202,1F16,MdrDBcore02603,G108V,1.373,0.2237434685230255,0.5422354340553284,1.441724181175232
13,6499202,1F16,MdrDBcore02604,G11E,1.093,0.6713395118713379,0.5422354340553284,1.441724181175232
13,6499202,1F16,MdrDBcore02605,G39A,1.301,1.05166757106781,0.5422354340553284,1.441724181175232
13,6499202,1F16,MdrDBcore02606,G67R,1.74,0.7099349498748779,0.5422354340553284,1.441724181175232
13,6499202,1F16,MdrDBcore02607,I136L,1.611,1.0083718299865723,0.5422354340553284,1.441724181175232
13,6499202,1F16,MdrDBcore02608,I31T,1.834,1.1446359157562256,0.5422354340553284,1.441724181175232
13,6499202,1F16,MdrDBcore02609,L144I,1.706,1.0669612884521484,0.5422354340553284,1.441724181175232
13,6499202,1F16,MdrDBcore02610,P130L,1.446,0.21413961052894592,0.5422354340553284,1.441724181175232
13,6499202,1F16,MdrDBcore02611,P88S,0.944,0.2782999575138092,0.5422354340553284,1.441724181175232
13,6499202,1F16,MdrDBcore02612,Q32P,0.34,0.4056357443332672,0.5422354340553284,1.441724181175232
13,6499202,4BDU,MdrDBcore02613,R195T,1.04,0.5706976652145386,0.5422354340553284,1.441724181175232
13,6499202,1F16,MdrDBcore02614,R78M,1.243,-0.22765058279037476,0.5422354340553284,1.441724181175232
13,6499202,1F16,MdrDBcore02615,V83M,1.382,0.90860515832901,0.5422354340553284,1.441724181175232
13,6499202,6UDT,MdrDBcore02616,A193T,-1.212,0.05775108188390732,0.5422354340553284,1.441724181175232
13,6499202,6UDT,MdrDBcore02617,A193T,0.658,0.04807652533054352,0.5422354340553284,1.441724181175232
13,6499202,6OVC,MdrDBcore02618,D72G,0.189,0.223351389169693,0.5422354340553284,1.441724181175232
13,6499202,6OVC,MdrDBcore02619,D72G,-1.578,-0.33357685804367065,0.5422354340553284,1.441724181175232
13,6499202,6OVC,MdrDBcore02620,D72G,0.302,0.11924216896295547,0.5422354340553284,1.441724181175232
13,6499202,6UDT,MdrDBcore02621,E322Q,0.154,0.2251933217048645,0.5422354340553284,1.441724181175232
13,6499202,6UDT,MdrDBcore02622,E322Q,-1.442,0.10924043506383896,0.5422354340553284,1.441724181175232
13,6499202,6UDT,MdrDBcore02623,E322Q,-0.063,-0.40471693873405457,0.5422354340553284,1.441724181175232
13,6499202,6UDT,MdrDBcore02624,M231L,2.132,1.1407592296600342,0.5422354340553284,1.441724181175232
13,6499202,6UDT,MdrDBcore02625,M231L,-0.795,-0.9058990478515625,0.5422354340553284,1.441724181175232
13,6499202,6UDT,MdrDBcore02626,M231L,-0.411,0.2611992657184601,0.5422354340553284,1.441724181175232
13,6499202,6UDT,MdrDBcore02627,N260S,0.389,0.06118509918451309,0.5422354340553284,1.441724181175232
13,6499202,6UDT,MdrDBcore02628,R215G,-0.152,0.04129370301961899,0.5422354340553284,1.441724181175232
13,6499202,6UDT,MdrDBcore02629,R215G,-0.633,-0.003729410469532013,0.5422354340553284,1.441724181175232
13,6499202,6UDT,MdrDBcore02630,R215G,-0.098,-0.3915347158908844,0.5422354340553284,1.441724181175232
13,6499202,6UDT,MdrDBcore02631,R263K,-0.008,0.22625437378883362,0.5422354340553284,1.441724181175232
13,6499202,6UDT,MdrDBcore02632,S247F,1.466,0.384857714176178,0.5422354340553284,1.441724181175232
13,6499202,6UDT,MdrDBcore02633,S247F,1.16,-0.06314864754676819,0.5422354340553284,1.441724181175232
13,6499202,6UDT,MdrDBcore02634,S247F,-0.298,-0.3342144787311554,0.5422354340553284,1.441724181175232
13,6499202,4AG4,MdrDBcore02635,A196S,0.528,-0.4560711979866028,0.5422354340553284,1.441724181175232
13,6499202,4AG4,MdrDBcore02636,A353V,0.818,-0.42333802580833435,0.5422354340553284,1.441724181175232
13,6499202,4AG4,MdrDBcore02637,A59G,-0.554,-0.1628478467464447,0.5422354340553284,1.441724181175232
13,6499202,6FEX,MdrDBcore02638,D630E,-0.095,0.09708444029092789,0.5422354340553284,1.441724181175232
13,6499202,4AG4,MdrDBcore02639,F241L,0.06,-0.5160225033760071,0.5422354340553284,1.441724181175232
13,6499202,4AG4,MdrDBcore02640,M311V,0.216,0.006217002868652344,0.5422354340553284,1.441724181175232
13,6499202,4AG4,MdrDBcore02641,R135C,-1.11,-0.32600393891334534,0.5422354340553284,1.441724181175232
13,6499202,4AG4,MdrDBcore02642,R172W,0.25,-0.22826775908470154,0.5422354340553284,1.441724181175232
13,6499202,4AG4,MdrDBcore02643,R276Q,0.243,-0.34502923488616943,0.5422354340553284,1.441724181175232
13,6499202,4AG4,MdrDBcore02644,R307H,0.498,-0.16764065623283386,0.5422354340553284,1.441724181175232
13,6499202,4AG4,MdrDBcore02645,R319C,-1.029,-0.5608876347541809,0.5422354340553284,1.441724181175232
13,6499202,4AG4,MdrDBcore02646,R349C,0.82,0.38620108366012573,0.5422354340553284,1.441724181175232
13,6499202,4AG4,MdrDBcore02647,R60C,-0.33,-0.5905880928039551,0.5422354340553284,1.441724181175232
13,6499202,6BRJ,MdrDBcore02648,R761C,0.627,-0.5441319346427917,0.5422354340553284,1.441724181175232
13,6499202,4AG4,MdrDBcore02649,S360R,-1.678,-0.4581608772277832,0.5422354340553284,1.441724181175232
13,6499202,4AG4,MdrDBcore02650,T292M,0.565,-0.5875898003578186,0.5422354340553284,1.441724181175232
13,6499202,4AG4,MdrDBcore02651,V100A,0.636,-0.2617872357368469,0.5422354340553284,1.441724181175232
13,6499202,4AG4,MdrDBcore02652,W187C,0.186,-0.16305939853191376,0.5422354340553284,1.441724181175232
13,6499202,3QGY,MdrDBcore02653,K385N,0.853,-0.08330591768026352,0.5422354340553284,1.441724181175232
13,6499202,3MJ2,MdrDBcore02654,L508M,1.118,-0.5371403694152832,0.5422354340553284,1.441724181175232
13,6499202,3QGY,MdrDBcore02655,M438L,0.04,-0.5991788506507874,0.5422354340553284,1.441724181175232
13,6499202,3QGY,MdrDBcore02656,P558T,-0.802,-0.5076594352722168,0.5422354340553284,1.441724181175232
13,6499202,4HCU,MdrDBcore02657,R394Q,0.768,0.320450097322464,0.5422354340553284,1.441724181175232
13,6499202,3QGY,MdrDBcore02658,R610H,-0.279,-0.0318249836564064,0.5422354340553284,1.441724181175232
13,6499202,6B16,MdrDBcore02659,D505G,1.166,0.5755191445350647,0.5422354340553284,1.441724181175232
13,6499202,6B16,MdrDBcore02660,G364V,1.665,0.5753522515296936,0.5422354340553284,1.441724181175232
13,6499202,6B16,MdrDBcore02661,R371C,0.72,0.5801655054092407,0.5422354340553284,1.441724181175232
13,6499202,6B16,MdrDBcore02662,S259N,2.228,0.5803155303001404,0.5422354340553284,1.441724181175232
13,6499202,6B16,MdrDBcore02663,S382L,0.546,0.5707180500030518,0.5422354340553284,1.441724181175232
13,6499202,6B16,MdrDBcore02664,T406A,2.328,1.0175299644470215,0.5422354340553284,1.441724181175232
13,6499202,6B16,MdrDBcore02665,V403A,1.274,0.5826267600059509,0.5422354340553284,1.441724181175232
13,6499202,5BYZ,MdrDBcore02666,D364E,0.649,0.4297235310077667,0.5422354340553284,1.441724181175232
13,6499202,5BYZ,MdrDBcore02667,D387Y,1.262,0.5200649499893188,0.5422354340553284,1.441724181175232
13,6499202,5BYZ,MdrDBcore02668,K104N,0.611,0.6905584335327148,0.5422354340553284,1.441724181175232
13,6499202,4ZSL,MdrDBcore02669,P361L,1.395,0.1945076584815979,0.5422354340553284,1.441724181175232
13,6499202,5BYZ,MdrDBcore02670,R318H,-0.87,-0.2199072241783142,0.5422354340553284,1.441724181175232
13,6499202,5BYZ,MdrDBcore02671,R392C,0.158,0.544222891330719,0.5422354340553284,1.441724181175232
13,6499202,5BYZ,MdrDBcore02672,S247F,1.071,-0.0422806516289711,0.5422354340553284,1.441724181175232
13,6499202,5NP0,MdrDBcore02673,A1090T,1.093,0.30321428179740906,0.5422354340553284,1.441724181175232
13,6499202,5NP0,MdrDBcore02674,A1090T,0.801,1.2446461915969849,0.5422354340553284,1.441724181175232
13,6499202,5NP0,MdrDBcore02675,A1090T,0.613,-0.5184105634689331,0.5422354340553284,1.441724181175232
13,6499202,5NP0,MdrDBcore02676,A1127V,0.85,0.8109081983566284,0.5422354340553284,1.441724181175232
13,6499202,5NP0,MdrDBcore02677,A1127V,1.404,1.2249590158462524,0.5422354340553284,1.441724181175232
13,6499202,6K9L,MdrDBcore02678,A1127V,0.818,0.5956369042396545,0.5422354340553284,1.441724181175232
13,6499202,6K9K,MdrDBcore02679,A1309T,-0.629,-0.23736423254013062,0.5422354340553284,1.441724181175232
13,6499202,5NP0,MdrDBcore02680,A1309T,0.06,0.8172098994255066,0.5422354340553284,1.441724181175232
13,6499202,5NP0,MdrDBcore02681,A1309T,0.213,0.9676402807235718,0.5422354340553284,1.441724181175232
13,6499202,6K9L,MdrDBcore02682,A1670V,1.657,1.3416348695755005,0.5422354340553284,1.441724181175232
13,6499202,6K9K,MdrDBcore02683,A2635G,1.528,1.6204897165298462,0.5422354340553284,1.441724181175232
13,6499202,6K9K,MdrDBcore02684,A2688V,0.937,0.14374354481697083,0.5422354340553284,1.441724181175232
13,6499202,6K9K,MdrDBcore02685,A2688V,1.579,1.216504454612732,0.5422354340553284,1.441724181175232
13,6499202,5NP1,MdrDBcore02686,A2843V,2.515,1.4125405550003052,0.5422354340553284,1.441724181175232
13,6499202,5NP0,MdrDBcore02687,A2843V,1.796,1.3852124214172363,0.5422354340553284,1.441724181175232
13,6499202,6K9K,MdrDBcore02688,A2843V,1.098,0.2337588369846344,0.5422354340553284,1.441724181175232
13,6499202,6K9L,MdrDBcore02689,C1482R,1.059,0.45799198746681213,0.5422354340553284,1.441724181175232
13,6499202,5NP0,MdrDBcore02690,C1482R,0.948,0.14994221925735474,0.5422354340553284,1.441724181175232
13,6499202,5NP0,MdrDBcore02691,C1726F,0.987,1.4041883945465088,0.5422354340553284,1.441724181175232
13,6499202,7NI6,MdrDBcore02692,C2464R,0.523,0.5512514114379883,0.5422354340553284,1.441724181175232
13,6499202,7NI6,MdrDBcore02693,C2464R,0.031,-0.32807856798171997,0.5422354340553284,1.441724181175232
13,6499202,7NI6,MdrDBcore02694,C2464R,0.51,-0.28481245040893555,0.5422354340553284,1.441724181175232
13,6499202,5NP0,MdrDBcore02695,D130Y,2.065,0.8921383023262024,0.5422354340553284,1.441724181175232
13,6499202,5NP1,MdrDBcore02696,D130Y,1.47,1.0425269603729248,0.5422354340553284,1.441724181175232
13,6499202,5NP0,MdrDBcore02697,D1725H,1.117,1.1592694520950317,0.5422354340553284,1.441724181175232
13,6499202,5NP1,MdrDBcore02698,D1725H,2.269,1.5957838296890259,0.5422354340553284,1.441724181175232
13,6499202,5NP0,MdrDBcore02699,D1853V,0.083,-0.19536587595939636,0.5422354340553284,1.441724181175232
13,6499202,5NP0,MdrDBcore02700,D1853V,1.081,1.162438988685608,0.5422354340553284,1.441724181175232
13,6499202,5NP0,MdrDBcore02701,D1853V,0.75,-0.5476763248443604,0.5422354340553284,1.441724181175232
13,6499202,6K9K,MdrDBcore02702,D351N,1.515,1.3069137334823608,0.5422354340553284,1.441724181175232
13,6499202,5NP0,MdrDBcore02703,D351N,1.13,0.865149199962616,0.5422354340553284,1.441724181175232
13,6499202,7NI5,MdrDBcore02704,D479A,0.092,0.010028824210166931,0.5422354340553284,1.441724181175232
13,6499202,7NI5,MdrDBcore02705,D814E,0.033,0.45336541533470154,0.5422354340553284,1.441724181175232
13,6499202,7NI5,MdrDBcore02706,D814E,0.369,-0.05690368637442589,0.5422354340553284,1.441724181175232
13,6499202,7NI5,MdrDBcore02707,D814E,0.034,-0.020125210285186768,0.5422354340553284,1.441724181175232
13,6499202,5NP0,MdrDBcore02708,E1533G,1.765,1.044075846672058,0.5422354340553284,1.441724181175232
13,6499202,6K9K,MdrDBcore02709,E1533G,2.37,1.683215618133545,0.5422354340553284,1.441724181175232
13,6499202,5NP1,MdrDBcore02710,E1856Q,1.655,0.9771718978881836,0.5422354340553284,1.441724181175232
13,6499202,5NP0,MdrDBcore02711,E1856Q,1.568,0.4713391363620758,0.5422354340553284,1.441724181175232
13,6499202,5NP1,MdrDBcore02712,E2351G,1.299,0.6073336601257324,0.5422354340553284,1.441724181175232
13,6499202,5NP0,MdrDBcore02713,E2351G,1.074,1.0289490222930908,0.5422354340553284,1.441724181175232
13,6499202,6K9L,MdrDBcore02714,E2351G,1.118,0.9815006256103516,0.5422354340553284,1.441724181175232
13,6499202,5NP0,MdrDBcore02715,E2468K,2.034,0.6427609324455261,0.5422354340553284,1.441724181175232
13,6499202,5NP1,MdrDBcore02716,E2468K,1.781,0.40481454133987427,0.5422354340553284,1.441724181175232
13,6499202,5NP0,MdrDBcore02717,E347K,0.796,0.9414539337158203,0.5422354340553284,1.441724181175232
13,6499202,5NP1,MdrDBcore02718,E347K,0.865,0.6266125440597534,0.5422354340553284,1.441724181175232
13,6499202,5NP0,MdrDBcore02719,E586D,1.046,1.1594693660736084,0.5422354340553284,1.441724181175232
13,6499202,5NP0,MdrDBcore02720,E586D,1.294,1.2857838869094849,0.5422354340553284,1.441724181175232
13,6499202,5NP1,MdrDBcore02721,E632Q,0.798,-0.14828085899353027,0.5422354340553284,1.441724181175232
13,6499202,5NP0,MdrDBcore02722,E632Q,0.88,1.0030784606933594,0.5422354340553284,1.441724181175232
13,6499202,5NP1,MdrDBcore02723,E632Q,0.699,0.7627374529838562,0.5422354340553284,1.441724181175232
13,6499202,5NP1,MdrDBcore02724,F1896L,-0.721,0.22870787978172302,0.5422354340553284,1.441724181175232
13,6499202,5NP0,MdrDBcore02725,F1896L,0.103,1.3935112953186035,0.5422354340553284,1.441724181175232
13,6499202,5NP1,MdrDBcore02726,F1896L,-0.426,0.600650429725647,0.5422354340553284,1.441724181175232
13,6499202,7NI6,MdrDBcore02727,F2265L,-0.319,-0.23725107312202454,0.5422354340553284,1.441724181175232
13,6499202,7NI6,MdrDBcore02728,F2265L,0.522,1.0055160522460938,0.5422354340553284,1.441724181175232
13,6499202,7NI5,MdrDBcore02729,F2265L,-0.811,-0.05291568860411644,0.5422354340553284,1.441724181175232
13,6499202,5NP1,MdrDBcore02730,G2022V,1.218,0.813003420829773,0.5422354340553284,1.441724181175232
13,6499202,6K9L,MdrDBcore02731,G2022V,1.688,0.36923614144325256,0.5422354340553284,1.441724181175232
13,6499202,6K9L,MdrDBcore02732,G2917R,1.869,0.8824279308319092,0.5422354340553284,1.441724181175232
13,6499202,5NP0,MdrDBcore02733,G2917R,1.204,1.0603519678115845,0.5422354340553284,1.441724181175232
13,6499202,5NP0,MdrDBcore02734,G506C,1.491,1.0771840810775757,0.5422354340553284,1.441724181175232
13,6499202,6K9L,MdrDBcore02735,G506C,1.582,0.9873132705688477,0.5422354340553284,1.441724181175232
13,6499202,5NP0,MdrDBcore02736,G506C,1.131,0.8745096921920776,0.5422354340553284,1.441724181175232
13,6499202,6K9L,MdrDBcore02737,H1083Y,-0.675,0.07757990807294846,0.5422354340553284,1.441724181175232
13,6499202,6K9K,MdrDBcore02738,H1380Y,-0.004,-0.06714233011007309,0.5422354340553284,1.441724181175232
13,6499202,5NP0,MdrDBcore02739,H1380Y,0.735,0.4805087745189667,0.5422354340553284,1.441724181175232
13,6499202,5NP0,MdrDBcore02740,H1876Q,-0.369,1.1984165906906128,0.5422354340553284,1.441724181175232
13,6499202,5NP0,MdrDBcore02741,H1876Q,0.326,0.9728729724884033,0.5422354340553284,1.441724181175232
13,6499202,5NP0,MdrDBcore02742,H448R,1.96,1.3423242568969727,0.5422354340553284,1.441724181175232
13,6499202,5NP1,MdrDBcore02743,H448R,1.566,0.48813119530677795,0.5422354340553284,1.441724181175232
13,6499202,5NP0,MdrDBcore02744,H683R,1.726,1.0610476732254028,0.5422354340553284,1.441724181175232
13,6499202,5NP0,MdrDBcore02745,H683R,1.593,1.0882564783096313,0.5422354340553284,1.441724181175232
13,6499202,6K9K,MdrDBcore02746,I1453T,1.358,0.8913189172744751,0.5422354340553284,1.441724181175232
13,6499202,5NP0,MdrDBcore02747,I1688T,1.442,1.4200915098190308,0.5422354340553284,1.441724181175232
13,6499202,5NP1,MdrDBcore02748,I1688T,1.174,0.47379931807518005,0.5422354340553284,1.441724181175232
13,6499202,6K9L,MdrDBcore02749,I2920N,2.125,0.0846487507224083,0.5422354340553284,1.441724181175232
13,6499202,5NP0,MdrDBcore02750,K1572T,-0.429,0.5785833597183228,0.5422354340553284,1.441724181175232
13,6499202,6K9L,MdrDBcore02751,K1572T,0.666,0.74189692735672,0.5422354340553284,1.441724181175232
13,6499202,6K9L,MdrDBcore02752,K1964E,1.556,1.7150534391403198,0.5422354340553284,1.441724181175232
13,6499202,5NP1,MdrDBcore02753,K2318Q,1.556,1.2853007316589355,0.5422354340553284,1.441724181175232
13,6499202,5NP0,MdrDBcore02754,K2318Q,1.27,0.32542338967323303,0.5422354340553284,1.441724181175232
13,6499202,5NP1,MdrDBcore02755,K2749I,1.749,1.5532625913619995,0.5422354340553284,1.441724181175232
13,6499202,5NP1,MdrDBcore02756,K2749I,1.757,1.3543320894241333,0.5422354340553284,1.441724181175232
13,6499202,5NP0,MdrDBcore02757,K31A,0.119,0.6132608652114868,0.5422354340553284,1.441724181175232
13,6499202,6K9L,MdrDBcore02758,K482Q,1.174,0.9082313179969788,0.5422354340553284,1.441724181175232
13,6499202,5NP0,MdrDBcore02759,K482Q,1.683,1.1994186639785767,0.5422354340553284,1.441724181175232
13,6499202,5NP0,MdrDBcore02760,L1472F,0.971,0.6236820220947266,0.5422354340553284,1.441724181175232
13,6499202,6K9L,MdrDBcore02761,L1824F,-0.608,0.3872605264186859,0.5422354340553284,1.441724181175232
13,6499202,5NP1,MdrDBcore02762,L1824F,0.944,0.5314524173736572,0.5422354340553284,1.441724181175232
13,6499202,5NP1,MdrDBcore02763,L2307F,1.662,1.4828166961669922,0.5422354340553284,1.441724181175232
13,6499202,6K9L,MdrDBcore02764,L2307F,1.612,0.7694482803344727,0.5422354340553284,1.441724181175232
13,6499202,5NP0,MdrDBcore02765,L243W,1.371,-0.16407443583011627,0.5422354340553284,1.441724181175232
13,6499202,5NP0,MdrDBcore02766,L243W,0.86,0.6019177436828613,0.5422354340553284,1.441724181175232
13,6499202,5NP0,MdrDBcore02767,L345F,0.888,0.6232675909996033,0.5422354340553284,1.441724181175232
13,6499202,5NP0,MdrDBcore02768,L345F,1.103,1.0887006521224976,0.5422354340553284,1.441724181175232
13,6499202,5NP0,MdrDBcore02769,L345F,1.366,-0.03351709246635437,0.5422354340553284,1.441724181175232
13,6499202,5NP0,MdrDBcore02770,L546V,0.183,0.9011011719703674,0.5422354340553284,1.441724181175232
13,6499202,6K9L,MdrDBcore02771,L944V,1.061,0.8622164130210876,0.5422354340553284,1.441724181175232
13,6499202,6K9K,MdrDBcore02772,L944V,1.202,0.6152889728546143,0.5422354340553284,1.441724181175232
13,6499202,7NI5,MdrDBcore02773,M1040V,0.411,0.1363833248615265,0.5422354340553284,1.441724181175232
13,6499202,7NI5,MdrDBcore02774,M1040V,-0.275,-0.03297938406467438,0.5422354340553284,1.441724181175232
13,6499202,5NP0,MdrDBcore02775,M1064I,1.521,1.1087369918823242,0.5422354340553284,1.441724181175232
13,6499202,5NP1,MdrDBcore02776,M1210V,2.327,1.5752434730529785,0.5422354340553284,1.441724181175232
13,6499202,5NP0,MdrDBcore02777,M1210V,1.764,1.390577793121338,0.5422354340553284,1.441724181175232
13,6499202,5NP1,MdrDBcore02778,M1210V,1.694,0.9938681125640869,0.5422354340553284,1.441724181175232
13,6499202,5NP0,MdrDBcore02779,M1967V,0.97,1.2896416187286377,0.5422354340553284,1.441724181175232
13,6499202,6K9K,MdrDBcore02780,N1005I,1.241,0.3862324357032776,0.5422354340553284,1.441724181175232
13,6499202,6K9L,MdrDBcore02781,N1005I,1.561,0.8325629234313965,0.5422354340553284,1.441724181175232
13,6499202,5NP1,MdrDBcore02782,N1005I,0.866,-0.296702116727829,0.5422354340553284,1.441724181175232
13,6499202,5NP0,MdrDBcore02783,N1005S,-0.183,1.1945000886917114,0.5422354340553284,1.441724181175232
13,6499202,5NP1,MdrDBcore02784,N1005S,-0.375,0.6531966924667358,0.5422354340553284,1.441724181175232
13,6499202,6K9K,MdrDBcore02785,N1650S,1.956,1.2898287773132324,0.5422354340553284,1.441724181175232
13,6499202,5NP0,MdrDBcore02786,N230T,1.358,1.1016355752944946,0.5422354340553284,1.441724181175232
13,6499202,5NP0,MdrDBcore02787,N2826I,1.237,0.5435086488723755,0.5422354340553284,1.441724181175232
13,6499202,5NP0,MdrDBcore02788,N2826I,1.154,0.4525316655635834,0.5422354340553284,1.441724181175232
13,6499202,5NP1,MdrDBcore02789,N2826I,1.074,0.07565119117498398,0.5422354340553284,1.441724181175232
13,6499202,5NP0,MdrDBcore02790,P2353H,1.265,1.0881683826446533,0.5422354340553284,1.441724181175232
13,6499202,5NP0,MdrDBcore02791,P2353H,1.046,0.7549592852592468,0.5422354340553284,1.441724181175232
13,6499202,7NI6,MdrDBcore02792,P2518S,0.426,0.28368863463401794,0.5422354340553284,1.441724181175232
13,6499202,7NI6,MdrDBcore02793,P2518S,0.328,0.10867740958929062,0.5422354340553284,1.441724181175232
13,6499202,7NI6,MdrDBcore02794,P2518S,-0.362,0.5990214347839355,0.5422354340553284,1.441724181175232
13,6499202,6K9K,MdrDBcore02795,P2648S,1.236,0.5929532647132874,0.5422354340553284,1.441724181175232
13,6499202,5NP0,MdrDBcore02796,P2648S,1.38,1.2868307828903198,0.5422354340553284,1.441724181175232
13,6499202,6K9K,MdrDBcore02797,P2974L,0.839,0.41180551052093506,0.5422354340553284,1.441724181175232
13,6499202,5NP0,MdrDBcore02798,P2974L,1.371,1.1964130401611328,0.5422354340553284,1.441724181175232
13,6499202,5NP0,MdrDBcore02799,P604S,1.651,0.9128116369247437,0.5422354340553284,1.441724181175232
13,6499202,5NP0,MdrDBcore02800,P960R,1.415,0.6578091979026794,0.5422354340553284,1.441724181175232
13,6499202,5NP0,MdrDBcore02801,P960R,1.25,1.0125263929367065,0.5422354340553284,1.441724181175232
13,6499202,6K9L,MdrDBcore02802,Q1128E,1.504,0.7955844402313232,0.5422354340553284,1.441724181175232
13,6499202,5NP1,MdrDBcore02803,Q1128E,1.084,0.7473269701004028,0.5422354340553284,1.441724181175232
13,6499202,5NP0,MdrDBcore02804,Q1128R,0.312,0.36287960410118103,0.5422354340553284,1.441724181175232
13,6499202,5NP0,MdrDBcore02805,Q1128R,0.801,1.2684917449951172,0.5422354340553284,1.441724181175232
13,6499202,5NP1,MdrDBcore02806,Q1361R,2.374,0.8105542063713074,0.5422354340553284,1.441724181175232
13,6499202,6K9L,MdrDBcore02807,Q1361R,1.34,0.2325851023197174,0.5422354340553284,1.441724181175232
13,6499202,7NI6,MdrDBcore02808,Q1919P,0.143,0.3643290102481842,0.5422354340553284,1.441724181175232
13,6499202,7NI5,MdrDBcore02809,Q1919P,0.053,0.03367982804775238,0.5422354340553284,1.441724181175232
13,6499202,5NP0,MdrDBcore02810,Q2210A,1.931,1.2234714031219482,0.5422354340553284,1.441724181175232
13,6499202,5NP1,MdrDBcore02811,Q2210A,1.494,0.6588658094406128,0.5422354340553284,1.441724181175232
13,6499202,6K9L,MdrDBcore02812,Q2733P,0.914,0.6076006889343262,0.5422354340553284,1.441724181175232
13,6499202,5NP0,MdrDBcore02813,Q2733P,1.786,1.3528327941894531,0.5422354340553284,1.441724181175232
13,6499202,5NP0,MdrDBcore02814,Q2762R,1.632,1.1005789041519165,0.5422354340553284,1.441724181175232
13,6499202,6K9L,MdrDBcore02815,Q2800A,0.735,0.38585785031318665,0.5422354340553284,1.441724181175232
13,6499202,5NP0,MdrDBcore02816,Q2800A,0.13,0.6093693375587463,0.5422354340553284,1.441724181175232
13,6499202,6K9K,MdrDBcore02817,Q2800A,-0.566,-0.14583507180213928,0.5422354340553284,1.441724181175232
13,6499202,6K9L,MdrDBcore02818,Q2825P,1.001,-0.23111841082572937,0.5422354340553284,1.441724181175232
13,6499202,5NP0,MdrDBcore02819,Q2825P,0.95,1.1596429347991943,0.5422354340553284,1.441724181175232
13,6499202,5NP1,MdrDBcore02820,Q2825P,0.908,0.7258851528167725,0.5422354340553284,1.441724181175232
13,6499202,6K9K,MdrDBcore02821,Q65P,1.638,0.33450648188591003,0.5422354340553284,1.441724181175232
13,6499202,5NP0,MdrDBcore02822,Q65P,0.955,-0.08685555309057236,0.5422354340553284,1.441724181175232
13,6499202,5NP0,MdrDBcore02823,R1086H,0.329,0.716704249382019,0.5422354340553284,1.441724181175232
13,6499202,6K9L,MdrDBcore02824,R1086H,0.23,0.7573054432868958,0.5422354340553284,1.441724181175232
13,6499202,6K9L,MdrDBcore02825,R1585S,1.336,1.3754661083221436,0.5422354340553284,1.441724181175232
13,6499202,5NP0,MdrDBcore02826,R1585S,1.371,0.3207952082157135,0.5422354340553284,1.441724181175232
13,6499202,5NP0,MdrDBcore02827,R1618A,0.651,1.2588404417037964,0.5422354340553284,1.441724181175232
13,6499202,5NP0,MdrDBcore02828,R1618A,-0.379,0.9512656927108765,0.5422354340553284,1.441724181175232
13,6499202,7NI5,MdrDBcore02829,R1618Q,1.52,0.13460010290145874,0.5422354340553284,1.441724181175232
13,6499202,7NI5,MdrDBcore02830,R1618Q,0.522,-0.04538683593273163,0.5422354340553284,1.441724181175232
13,6499202,7NI4,MdrDBcore02831,R1618Q,0.347,-0.10075143724679947,0.5422354340553284,1.441724181175232
13,6499202,5NP0,MdrDBcore02832,R2244T,1.347,0.6717498898506165,0.5422354340553284,1.441724181175232
13,6499202,5NP1,MdrDBcore02833,R2244T,1.616,1.0541713237762451,0.5422354340553284,1.441724181175232
13,6499202,5NP0,MdrDBcore02834,R2244T,1.936,0.6043881773948669,0.5422354340553284,1.441724181175232
13,6499202,6K9K,MdrDBcore02835,R2436S,0.765,0.49227264523506165,0.5422354340553284,1.441724181175232
13,6499202,5NP0,MdrDBcore02836,R2436S,1.215,1.197065830230713,0.5422354340553284,1.441724181175232
13,6499202,6K9K,MdrDBcore02837,R2436S,1.198,-0.09642656147480011,0.5422354340553284,1.441724181175232
13,6499202,5NP1,MdrDBcore02838,R248Q,1.467,1.1449960470199585,0.5422354340553284,1.441724181175232
13,6499202,6K9L,MdrDBcore02839,R2832C,0.97,0.2279476821422577,0.5422354340553284,1.441724181175232
13,6499202,5NP0,MdrDBcore02840,R2832C,1.264,0.9223180413246155,0.5422354340553284,1.441724181175232
13,6499202,6K9L,MdrDBcore02841,R451H,1.294,1.403365135192871,0.5422354340553284,1.441724181175232
13,6499202,5NP0,MdrDBcore02842,R451H,1.177,0.9785562753677368,0.5422354340553284,1.441724181175232
13,6499202,6K9K,MdrDBcore02843,R451H,2.027,0.7918490171432495,0.5422354340553284,1.441724181175232
13,6499202,5NP1,MdrDBcore02844,S1383L,-0.186,-0.1289653182029724,0.5422354340553284,1.441724181175232
13,6499202,6K9K,MdrDBcore02845,S1383L,1.029,1.5861455202102661,0.5422354340553284,1.441724181175232
13,6499202,5NP0,MdrDBcore02846,S1383L,1.007,0.4591374695301056,0.5422354340553284,1.441724181175232
13,6499202,5NP0,MdrDBcore02847,S2058L,1.113,0.40125054121017456,0.5422354340553284,1.441724181175232
13,6499202,5NP0,MdrDBcore02848,S2058L,2.001,1.247158169746399,0.5422354340553284,1.441724181175232
13,6499202,7NI6,MdrDBcore02849,S2146T,1.033,0.6089622974395752,0.5422354340553284,1.441724181175232
13,6499202,7NI6,MdrDBcore02850,S2146T,0.104,-0.14116710424423218,0.5422354340553284,1.441724181175232
13,6499202,5NP0,MdrDBcore02851,S2218N,1.089,1.1972466707229614,0.5422354340553284,1.441724181175232
13,6499202,6K9L,MdrDBcore02852,S2218N,1.092,0.3915095329284668,0.5422354340553284,1.441724181175232
13,6499202,6K9L,MdrDBcore02853,S2218R,1.627,0.8456680178642273,0.5422354340553284,1.441724181175232
13,6499202,5NP0,MdrDBcore02854,S2218R,1.852,1.1446747779846191,0.5422354340553284,1.441724181175232
13,6499202,6K9K,MdrDBcore02855,S2218R,1.729,1.4290151596069336,0.5422354340553284,1.441724181175232
13,6499202,5NP0,MdrDBcore02856,S707P,0.647,1.1686456203460693,0.5422354340553284,1.441724181175232
13,6499202,5NP0,MdrDBcore02857,S707P,0.195,0.15346482396125793,0.5422354340553284,1.441724181175232
13,6499202,5NP0,MdrDBcore02858,T1854I,1.004,0.8787655234336853,0.5422354340553284,1.441724181175232
13,6499202,5NP0,MdrDBcore02859,T1854I,0.798,1.1683939695358276,0.5422354340553284,1.441724181175232
13,6499202,7NI5,MdrDBcore02860,T2059I,-0.689,-0.5892542004585266,0.5422354340553284,1.441724181175232
13,6499202,7NI5,MdrDBcore02861,T2059I,-0.296,-0.0306960791349411,0.5422354340553284,1.441724181175232
13,6499202,7NI5,MdrDBcore02862,T2059I,-0.292,0.0050292909145355225,0.5422354340553284,1.441724181175232
13,6499202,6K9L,MdrDBcore02863,T2335I,1.55,0.9062302112579346,0.5422354340553284,1.441724181175232
13,6499202,5NP0,MdrDBcore02864,T2335I,1.068,0.44951120018959045,0.5422354340553284,1.441724181175232
13,6499202,6K9K,MdrDBcore02865,T2335I,1.689,0.65864497423172,0.5422354340553284,1.441724181175232
13,6499202,5NP0,MdrDBcore02866,T2438I,-0.468,0.8071286678314209,0.5422354340553284,1.441724181175232
13,6499202,6K9L,MdrDBcore02867,T2640I,1.672,1.2494088411331177,0.5422354340553284,1.441724181175232
13,6499202,5NP0,MdrDBcore02868,T2674R,1.635,1.0356212854385376,0.5422354340553284,1.441724181175232
13,6499202,6K9L,MdrDBcore02869,T2674R,1.51,0.7782642841339111,0.5422354340553284,1.441724181175232
13,6499202,7NI5,MdrDBcore02870,V1570A,-0.069,0.15083125233650208,0.5422354340553284,1.441724181175232
13,6499202,6K9K,MdrDBcore02871,V1570A,0.305,0.7863602042198181,0.5422354340553284,1.441724181175232
13,6499202,7NI5,MdrDBcore02872,V1570A,-0.072,-0.039354242384433746,0.5422354340553284,1.441724181175232
13,6499202,5NP0,MdrDBcore02873,V2079I,0.198,0.5958235859870911,0.5422354340553284,1.441724181175232
13,6499202,5NP0,MdrDBcore02874,V2079I,0.911,0.7143259644508362,0.5422354340553284,1.441724181175232
13,6499202,5NP1,MdrDBcore02875,V2079I,-0.07,1.2131267786026,0.5422354340553284,1.441724181175232
13,6499202,5NP0,MdrDBcore02876,V2166A,1.261,1.2519092559814453,0.5422354340553284,1.441724181175232
13,6499202,5NP0,MdrDBcore02877,V2166A,0.785,1.2570672035217285,0.5422354340553284,1.441724181175232
13,6499202,6K9K,MdrDBcore02878,V2906I,3.078,1.173112154006958,0.5422354340553284,1.441724181175232
13,6499202,5NP0,MdrDBcore02879,V2906I,1.556,0.6944807171821594,0.5422354340553284,1.441724181175232
13,6499202,6K9L,MdrDBcore02880,V2906I,1.31,0.7538087964057922,0.5422354340553284,1.441724181175232
13,6499202,6K9L,MdrDBcore02881,V613L,1.098,0.5602582693099976,0.5422354340553284,1.441724181175232
13,6499202,5NP0,MdrDBcore02882,V613L,1.209,1.1138824224472046,0.5422354340553284,1.441724181175232
13,6499202,5NP0,MdrDBcore02883,W1279A,1.081,0.7265540957450867,0.5422354340553284,1.441724181175232
13,6499202,5NP0,MdrDBcore02884,W1279A,-0.198,0.37186750769615173,0.5422354340553284,1.441724181175232
13,6499202,6K9L,MdrDBcore02885,W1279A,0.677,-0.047483764588832855,0.5422354340553284,1.441724181175232
13,6499202,6K9L,MdrDBcore02886,W2638A,1.175,0.31425008177757263,0.5422354340553284,1.441724181175232
13,6499202,5NP0,MdrDBcore02887,W2845A,-0.186,0.4122321903705597,0.5422354340553284,1.441724181175232
13,6499202,5NP0,MdrDBcore02888,W2845A,0.916,1.167411208152771,0.5422354340553284,1.441724181175232
13,6499202,6K9K,MdrDBcore02889,W57A,1.639,1.5368452072143555,0.5422354340553284,1.441724181175232
13,6499202,5NP0,MdrDBcore02890,Y2167A,0.171,0.6850706934928894,0.5422354340553284,1.441724181175232
13,6499202,5NP1,MdrDBcore02891,Y2167A,0.637,0.3532511591911316,0.5422354340553284,1.441724181175232
13,6499202,3NCZ,MdrDBcore02892,R349Q,0.303,0.7188085317611694,0.5422354340553284,1.441724181175232
13,6499202,3NCZ,MdrDBcore02893,R349Q,1.394,0.8832322359085083,0.5422354340553284,1.441724181175232
13,6499202,5YZ0,MdrDBcore02894,A1896V,2.885,1.278030276298523,0.5422354340553284,1.441724181175232
13,6499202,5YZ0,MdrDBcore02895,D1915G,1.226,1.1843370199203491,0.5422354340553284,1.441724181175232
13,6499202,5YZ0,MdrDBcore02896,E2034K,0.748,0.7848615646362305,0.5422354340553284,1.441724181175232
13,6499202,5YZ0,MdrDBcore02897,H453P,2.365,1.0273102521896362,0.5422354340553284,1.441724181175232
13,6499202,5YZ0,MdrDBcore02898,I1526V,0.629,0.9594870805740356,0.5422354340553284,1.441724181175232
13,6499202,5YZ0,MdrDBcore02899,K2501N,0.511,0.42409399151802063,0.5422354340553284,1.441724181175232
13,6499202,5YZ0,MdrDBcore02900,L1483F,0.819,-0.13253705203533173,0.5422354340553284,1.441724181175232
13,6499202,5YZ0,MdrDBcore02901,L1599P,1.873,0.857404887676239,0.5422354340553284,1.441724181175232
13,6499202,5YZ0,MdrDBcore02902,M328V,1.249,0.6253112554550171,0.5422354340553284,1.441724181175232
13,6499202,5YZ0,MdrDBcore02903,M593T,-0.64,0.4549756944179535,0.5422354340553284,1.441724181175232
13,6499202,5YZ0,MdrDBcore02904,P1991S,3.754,0.9664651155471802,0.5422354340553284,1.441724181175232
13,6499202,5YZ0,MdrDBcore02905,Q713E,1.154,0.8548024296760559,0.5422354340553284,1.441724181175232
13,6499202,5YZ0,MdrDBcore02906,R1015Q,3.395,1.009743094444275,0.5422354340553284,1.441724181175232
13,6499202,5YZ0,MdrDBcore02907,R2190C,2.025,0.40033814311027527,0.5422354340553284,1.441724181175232
13,6499202,5YZ0,MdrDBcore02908,S601F,2.207,-0.16671359539031982,0.5422354340553284,1.441724181175232
13,6499202,5YZ0,MdrDBcore02909,T1751A,-0.963,0.19425848126411438,0.5422354340553284,1.441724181175232
13,6499202,5YZ0,MdrDBcore02910,T1751A,-0.348,0.8683276772499084,0.5422354340553284,1.441724181175232
13,6499202,5YZ0,MdrDBcore02911,T2556S,1.698,0.39874890446662903,0.5422354340553284,1.441724181175232
13,6499202,5YZ0,MdrDBcore02912,T2556S,0.653,1.4181489944458008,0.5422354340553284,1.441724181175232
13,6499202,5YZ0,MdrDBcore02913,Y1527S,7.83,0.39084261655807495,0.5422354340553284,1.441724181175232
13,6499202,5YZ0,MdrDBcore02914,Y2637C,1.527,-0.08406231552362442,0.5422354340553284,1.441724181175232
13,6499202,5YZ0,MdrDBcore02915,Y575C,3.374,0.4571162760257721,0.5422354340553284,1.441724181175232
13,6499202,5YZ0,MdrDBcore02916,Y575C,2.478,0.9767700433731079,0.5422354340553284,1.441724181175232
13,6499202,4ITI,MdrDBcore02917,E234K,1.088,0.963619589805603,0.5422354340553284,1.441724181175232
13,6499202,4ITI,MdrDBcore02918,L79V,0.31,0.9877158403396606,0.5422354340553284,1.441724181175232
13,6499202,7AO8,MdrDBcore02919,D210G,5.882,-0.0878058597445488,0.5422354340553284,1.441724181175232
13,6499202,7AO8,MdrDBcore02920,D210G,-16.798,-0.23454982042312622,0.5422354340553284,1.441724181175232
13,6499202,7AO8,MdrDBcore02921,D210G,1.575,1.0428857803344727,0.5422354340553284,1.441724181175232
13,6499202,7AO8,MdrDBcore02922,D210G,1.9,0.02754902094602585,0.5422354340553284,1.441724181175232
13,6499202,7AO8,MdrDBcore02923,E146K,3.172,0.29304376244544983,0.5422354340553284,1.441724181175232
13,6499202,7AO8,MdrDBcore02924,E146K,1.046,0.18978533148765564,0.5422354340553284,1.441724181175232
13,6499202,7AO8,MdrDBcore02925,E250G,4.918,0.006503142416477203,0.5422354340553284,1.441724181175232
13,6499202,7AO8,MdrDBcore02926,E250G,-11.358,0.21117213368415833,0.5422354340553284,1.441724181175232
13,6499202,7AO8,MdrDBcore02927,E250G,1.685,0.5254080295562744,0.5422354340553284,1.441724181175232
13,6499202,7AO8,MdrDBcore02928,E250G,0.577,1.091560959815979,0.5422354340553284,1.441724181175232
13,6499202,7AO8,MdrDBcore02929,M245I,5.176,0.3754381835460663,0.5422354340553284,1.441724181175232
13,6499202,7AO8,MdrDBcore02930,M245I,-16.939,-0.9361299872398376,0.5422354340553284,1.441724181175232
13,6499202,7AO8,MdrDBcore02931,M245I,2.194,-0.11105185002088547,0.5422354340553284,1.441724181175232
13,6499202,7AO8,MdrDBcore02932,R77C,-1.736,0.8115136623382568,0.5422354340553284,1.441724181175232
13,6499202,6Z2J,MdrDBcore02933,R77C,1.507,0.8629834055900574,0.5422354340553284,1.441724181175232
13,6499202,7AO8,MdrDBcore02934,R77C,6.287,0.04167290776968002,0.5422354340553284,1.441724181175232
13,6499202,7AO8,MdrDBcore02935,R77C,-0.554,-0.23675790429115295,0.5422354340553284,1.441724181175232
13,6499202,7AO8,MdrDBcore02936,R77C,2.431,-0.5930913090705872,0.5422354340553284,1.441724181175232
13,6499202,7AO8,MdrDBcore02937,S88N,5.575,0.37944504618644714,0.5422354340553284,1.441724181175232
13,6499202,7AO8,MdrDBcore02938,S88N,-14.148,0.24793851375579834,0.5422354340553284,1.441724181175232
13,6499202,7AO8,MdrDBcore02939,S88N,1.513,0.16053083539009094,0.5422354340553284,1.441724181175232
13,6499202,7AO8,MdrDBcore02940,V224D,1.719,0.21666201949119568,0.5422354340553284,1.441724181175232
13,6499202,7AO8,MdrDBcore02941,V224D,-5.874,1.0070099830627441,0.5422354340553284,1.441724181175232
13,6499202,7AO8,MdrDBcore02942,V224D,1.098,0.33519139885902405,0.5422354340553284,1.441724181175232
13,6499202,7AO8,MdrDBcore02943,Y226S,-1.242,0.06241362541913986,0.5422354340553284,1.441724181175232
13,6499202,7AO8,MdrDBcore02944,Y226S,-0.845,0.12043885141611099,0.5422354340553284,1.441724181175232
13,6499202,7AO8,MdrDBcore02945,Y226S,-0.232,-0.23554733395576477,0.5422354340553284,1.441724181175232
13,6499202,7AO8,MdrDBcore02946,Y226S,-1.501,-0.05103602260351181,0.5422354340553284,1.441724181175232
13,6499202,7AO8,MdrDBcore02947,Y67H,1.617,0.6390284895896912,0.5422354340553284,1.441724181175232
13,6499202,7AO8,MdrDBcore02948,Y67H,-2.409,-0.2982572317123413,0.5422354340553284,1.441724181175232
13,6499202,7AO8,MdrDBcore02949,Y67H,1.501,0.8141777515411377,0.5422354340553284,1.441724181175232
13,6499202,7URZ,MdrDBcore02950,C616Y,1.194,0.7706126570701599,0.5422354340553284,1.441724181175232
13,6499202,3BHH,MdrDBcore02951,E13D,1.287,0.8540065884590149,0.5422354340553284,1.441724181175232
13,6499202,3BHH,MdrDBcore02952,L142M,0.635,0.7900511026382446,0.5422354340553284,1.441724181175232
13,6499202,3BHH,MdrDBcore02953,P234L,1.372,0.813313364982605,0.5422354340553284,1.441724181175232
13,6499202,7URZ,MdrDBcore02954,Q624E,1.483,0.9120505452156067,0.5422354340553284,1.441724181175232
13,6499202,3BHH,MdrDBcore02955,R260L,1.06,0.8638598322868347,0.5422354340553284,1.441724181175232
13,6499202,7URZ,MdrDBcore02956,R646H,1.19,0.7102983593940735,0.5422354340553284,1.441724181175232
13,6499202,1YOV,MdrDBcore02957,A359S,-1.366,0.1635095775127411,0.5422354340553284,1.441724181175232
13,6499202,1YOV,MdrDBcore02958,D180N,-0.895,-0.38992905616760254,0.5422354340553284,1.441724181175232
13,6499202,2NVU,MdrDBcore02959,D64N,-1.127,-0.3333251476287842,0.5422354340553284,1.441724181175232
13,6499202,2NVU,MdrDBcore02960,E90Q,-2.097,0.05186782032251358,0.5422354340553284,1.441724181175232
13,6499202,2NVU,MdrDBcore02961,F292L,-1.934,-0.2278592586517334,0.5422354340553284,1.441724181175232
13,6499202,3GZN,MdrDBcore02962,F499L,-2.111,0.09196896106004715,0.5422354340553284,1.441724181175232
13,6499202,2NVU,MdrDBcore02963,I221V,-2.002,-0.13215473294258118,0.5422354340553284,1.441724181175232
13,6499202,3GZN,MdrDBcore02964,I250F,-1.648,0.20949974656105042,0.5422354340553284,1.441724181175232
13,6499202,2NVU,MdrDBcore02965,I457M,-2.064,-0.5056297779083252,0.5422354340553284,1.441724181175232
13,6499202,2NVU,MdrDBcore02966,K190R,-1.677,-0.1897822916507721,0.5422354340553284,1.441724181175232
13,6499202,3GZN,MdrDBcore02967,K440E,-0.378,0.2484653890132904,0.5422354340553284,1.441724181175232
13,6499202,2NVU,MdrDBcore02968,N293T,-0.799,-0.13415077328681946,0.5422354340553284,1.441724181175232
13,6499202,2NVU,MdrDBcore02969,Q25R,0.312,0.14355292916297913,0.5422354340553284,1.441724181175232
13,6499202,3GZN,MdrDBcore02970,Q469R,-2.149,0.27128204703330994,0.5422354340553284,1.441724181175232
13,6499202,2NVU,MdrDBcore02971,R312H,-0.211,-0.5201612114906311,0.5422354340553284,1.441724181175232
13,6499202,2NVU,MdrDBcore02972,S104F,-2.588,-0.5147300958633423,0.5422354340553284,1.441724181175232
13,6499202,2NVU,MdrDBcore02973,S121L,-1.406,-0.27387240529060364,0.5422354340553284,1.441724181175232
13,6499202,2NVU,MdrDBcore02974,S379L,0.58,-0.32470497488975525,0.5422354340553284,1.441724181175232
13,6499202,2NVU,MdrDBcore02975,S388N,-0.943,-0.5018625855445862,0.5422354340553284,1.441724181175232
13,6499202,2NVU,MdrDBcore02976,T277A,-2.361,-0.05741298943758011,0.5422354340553284,1.441724181175232
13,6499202,6U4Y,MdrDBcore02977,E169K,0.137,0.2650260925292969,0.5422354340553284,1.441724181175232
13,6499202,5HYN,MdrDBcore02978,G159R,-0.686,-0.243979811668396,0.5422354340553284,1.441724181175232
13,6499202,4MI5,MdrDBcore02979,G648E,0.084,-0.725565493106842,0.5422354340553284,1.441724181175232
13,6499202,5HYN,MdrDBcore02980,H279Y,-0.426,0.0697416290640831,0.5422354340553284,1.441724181175232
13,6499202,5HYN,MdrDBcore02981,K291T,0.139,0.40617361664772034,0.5422354340553284,1.441724181175232
13,6499202,5HYN,MdrDBcore02982,P132S,0.277,0.530890166759491,0.5422354340553284,1.441724181175232
13,6499202,6U4Y,MdrDBcore02983,R16Q,-0.524,0.2910555303096771,0.5422354340553284,1.441724181175232
13,6499202,4MI5,MdrDBcore02984,R690H,-0.335,0.11324167996644974,0.5422354340553284,1.441724181175232
13,6499202,5H15,MdrDBcore02985,S44F,0.05,0.3898475170135498,0.5422354340553284,1.441724181175232
13,6499202,4MI5,MdrDBcore02986,S537N,0.286,0.5331588983535767,0.5422354340553284,1.441724181175232
13,6499202,4MI5,MdrDBcore02987,S538L,-0.413,-0.2993515133857727,0.5422354340553284,1.441724181175232
13,6499202,4MI5,MdrDBcore02988,S624C,0.142,0.07650794833898544,0.5422354340553284,1.441724181175232
13,6499202,6U4Y,MdrDBcore02989,T80P,0.5,0.8658028841018677,0.5422354340553284,1.441724181175232
13,6499202,4MI5,MdrDBcore02990,Y646C,-0.272,-0.33415505290031433,0.5422354340553284,1.441724181175232
13,6499202,4MI5,MdrDBcore02991,Y646F,-1.131,-0.07847870141267776,0.5422354340553284,1.441724181175232
13,6499202,4MI5,MdrDBcore02992,Y646S,-0.541,-0.399742990732193,0.5422354340553284,1.441724181175232
13,6499202,4MI5,MdrDBcore02993,Y701C,0.21,-0.011007599532604218,0.5422354340553284,1.441724181175232
13,6499202,7LI3,MdrDBcore02994,A628V,-0.861,-0.17442114651203156,0.5422354340553284,1.441724181175232
13,6499202,7LI3,MdrDBcore02995,E1190A,0.213,0.20032060146331787,0.5422354340553284,1.441724181175232
13,6499202,6VNO,MdrDBcore02996,E1874V,-0.195,0.18027609586715698,0.5422354340553284,1.441724181175232
13,6499202,7LI3,MdrDBcore02997,E2516K,0.316,-0.4047606885433197,0.5422354340553284,1.441724181175232
13,6499202,7LI3,MdrDBcore02998,G1213S,0.452,-0.36645379662513733,0.5422354340553284,1.441724181175232
13,6499202,6VP7,MdrDBcore02999,G1397C,0.145,-0.11793875694274902,0.5422354340553284,1.441724181175232
13,6499202,6VNO,MdrDBcore03000,G1424R,-1.492,-0.1327083557844162,0.5422354340553284,1.441724181175232
13,6499202,7LI3,MdrDBcore03001,G1939W,0.297,-0.07622081786394119,0.5422354340553284,1.441724181175232
13,6499202,7LI3,MdrDBcore03002,H572Q,-0.93,-0.3105021119117737,0.5422354340553284,1.441724181175232
13,6499202,7LI3,MdrDBcore03003,I1006M,-0.396,-0.237766295671463,0.5422354340553284,1.441724181175232
13,6499202,7LI3,MdrDBcore03004,K1035N,-0.459,-0.06186631694436073,0.5422354340553284,1.441724181175232
13,6499202,7LI3,MdrDBcore03005,L1136P,-0.112,-0.14198289811611176,0.5422354340553284,1.441724181175232
13,6499202,6VP7,MdrDBcore03006,L1603I,-0.754,0.05291669815778732,0.5422354340553284,1.441724181175232
13,6499202,6VP7,MdrDBcore03007,L1776I,-0.018,0.5443788170814514,0.5422354340553284,1.441724181175232
13,6499202,6VP8,MdrDBcore03008,L1932F,-0.15,-0.1044531837105751,0.5422354340553284,1.441724181175232
13,6499202,7LI3,MdrDBcore03009,L1982S,-0.709,-0.0622686967253685,0.5422354340553284,1.441724181175232
13,6499202,6DLP,MdrDBcore03010,L2145S,-1.068,-0.6062421202659607,0.5422354340553284,1.441724181175232
13,6499202,7LI3,MdrDBcore03011,L2393A,-0.261,-0.028728250414133072,0.5422354340553284,1.441724181175232
13,6499202,7LI3,MdrDBcore03012,L708F,0.269,0.0814463272690773,0.5422354340553284,1.441724181175232
13,6499202,6OJE,MdrDBcore03013,M1431T,-0.542,-0.08683992177248001,0.5422354340553284,1.441724181175232
13,6499202,6VP7,MdrDBcore03014,M1947T,0.098,-0.007906071841716766,0.5422354340553284,1.441724181175232
13,6499202,7LHW,MdrDBcore03015,P1546L,0.418,-0.1958599090576172,0.5422354340553284,1.441724181175232
13,6499202,7LHW,MdrDBcore03016,P1930L,0.004,-0.458275705575943,0.5422354340553284,1.441724181175232
13,6499202,7LI3,MdrDBcore03017,Q1002A,-1.032,-0.133818119764328,0.5422354340553284,1.441724181175232
13,6499202,6VP7,MdrDBcore03018,Q1779K,0.004,0.4548968970775604,0.5422354340553284,1.441724181175232
13,6499202,6VP8,MdrDBcore03019,Q2120A,0.277,0.2809882164001465,0.5422354340553284,1.441724181175232
13,6499202,6VP8,MdrDBcore03020,Q2490K,-0.3,1.1066864728927612,0.5422354340553284,1.441724181175232
13,6499202,7LI3,MdrDBcore03021,R1067G,0.328,-0.30072179436683655,0.5422354340553284,1.441724181175232
13,6499202,7LI3,MdrDBcore03022,R1707T,0.407,-0.2371341586112976,0.5422354340553284,1.441724181175232
13,6499202,7LI3,MdrDBcore03023,R1728L,0.576,0.015297926962375641,0.5422354340553284,1.441724181175232
13,6499202,7LI3,MdrDBcore03024,R1957C,1.06,-0.28970804810523987,0.5422354340553284,1.441724181175232
13,6499202,7LI3,MdrDBcore03025,R2394S,0.572,-0.19858431816101074,0.5422354340553284,1.441724181175232
13,6499202,6DLP,MdrDBcore03026,R2443A,0.382,-0.3098038136959076,0.5422354340553284,1.441724181175232
13,6499202,7LHW,MdrDBcore03027,R715S,0.302,-0.4398837983608246,0.5422354340553284,1.441724181175232
13,6499202,7LI3,MdrDBcore03028,R767C,-0.294,-0.213434636592865,0.5422354340553284,1.441724181175232
13,6499202,7LI3,MdrDBcore03029,R772A,-0.21,-0.03801079839468002,0.5422354340553284,1.441724181175232
13,6499202,7LI3,MdrDBcore03030,S1001G,-0.624,0.05863799899816513,0.5422354340553284,1.441724181175232
13,6499202,7LI3,MdrDBcore03031,S1091P,0.258,0.1255764663219452,0.5422354340553284,1.441724181175232
13,6499202,7LI3,MdrDBcore03032,S1204G,-0.388,0.024614594876766205,0.5422354340553284,1.441724181175232
13,6499202,7LI3,MdrDBcore03033,S1283F,0.294,-0.3583698570728302,0.5422354340553284,1.441724181175232
13,6499202,6VP7,MdrDBcore03034,S2454L,0.277,-0.1401902437210083,0.5422354340553284,1.441724181175232
13,6499202,7LI4,MdrDBcore03035,S569C,0.018,-0.1930464804172516,0.5422354340553284,1.441724181175232
13,6499202,7LI3,MdrDBcore03036,S634T,0.029,-0.049119289964437485,0.5422354340553284,1.441724181175232
13,6499202,6OJE,MdrDBcore03037,T1368I,-0.48,-0.26287543773651123,0.5422354340553284,1.441724181175232
13,6499202,6OJE,MdrDBcore03038,T1452I,0.375,-0.15531709790229797,0.5422354340553284,1.441724181175232
13,6499202,6OJE,MdrDBcore03039,V1456A,-0.105,-0.3522731363773346,0.5422354340553284,1.441724181175232
13,6499202,6DLP,MdrDBcore03040,V2152I,-0.481,0.7420574426651001,0.5422354340553284,1.441724181175232
13,6499202,6DLP,MdrDBcore03041,V2495I,-0.201,-0.47025036811828613,0.5422354340553284,1.441724181175232
13,6499202,5HRX,MdrDBcore03042,A715T,0.897,0.05971551686525345,0.5422354340553284,1.441724181175232
13,6499202,3HMF,MdrDBcore03043,R202C,1.156,1.0750348567962646,0.5422354340553284,1.441724181175232
13,6499202,3IU5,MdrDBcore03044,V49L,1.525,-0.09563543647527695,0.5422354340553284,1.441724181175232
13,6499202,6OXB,MdrDBcore03045,Y1043F,1.635,1.3263922929763794,0.5422354340553284,1.441724181175232
13,6499202,3O47,MdrDBcore03046,A27V,1.39,0.4113299548625946,0.5422354340553284,1.441724181175232
13,6499202,3O47,MdrDBcore03047,A81S,-0.408,0.767853856086731,0.5422354340553284,1.441724181175232
13,6499202,3O47,MdrDBcore03048,E120K,-0.236,0.661978006362915,0.5422354340553284,1.441724181175232
13,6499202,3O47,MdrDBcore03049,I41V,-0.35,0.3869559168815613,0.5422354340553284,1.441724181175232
13,6499202,3O47,MdrDBcore03050,L99S,1.135,0.6830878257751465,0.5422354340553284,1.441724181175232
13,6499202,3O47,MdrDBcore03051,R122G,0.035,0.48379817605018616,0.5422354340553284,1.441724181175232
13,6499202,3O47,MdrDBcore03052,R84Q,0.25,0.4166303277015686,0.5422354340553284,1.441724181175232
13,6499202,3O47,MdrDBcore03053,V15M,0.729,0.4806655943393707,0.5422354340553284,1.441724181175232
13,6499202,3O47,MdrDBcore03054,Y103H,1.487,0.6855034828186035,0.5422354340553284,1.441724181175232
13,6499202,6JN2,MdrDBcore03055,A483T,-0.133,0.20463058352470398,0.5422354340553284,1.441724181175232
13,6499202,6JN2,MdrDBcore03056,A483T,-0.407,0.17657580971717834,0.5422354340553284,1.441724181175232
13,6499202,6JN2,MdrDBcore03057,A483T,0.403,0.2437973916530609,0.5422354340553284,1.441724181175232
13,6499202,6JN2,MdrDBcore03058,A528V,-0.232,-0.19830690324306488,0.5422354340553284,1.441724181175232
13,6499202,6JN2,MdrDBcore03059,A528V,-0.224,0.37055253982543945,0.5422354340553284,1.441724181175232
13,6499202,6JN2,MdrDBcore03060,A528V,0.007,-0.10494285076856613,0.5422354340553284,1.441724181175232
13,6499202,6O96,MdrDBcore03061,G165C,0.212,-0.06053943932056427,0.5422354340553284,1.441724181175232
13,6499202,6O96,MdrDBcore03062,G165C,-0.059,-0.6523916721343994,0.5422354340553284,1.441724181175232
13,6499202,6O96,MdrDBcore03063,G165C,-0.34,0.05323991924524307,0.5422354340553284,1.441724181175232
13,6499202,4ER0,MdrDBcore03064,K333E,-0.526,-0.30696141719818115,0.5422354340553284,1.441724181175232
13,6499202,4ER7,MdrDBcore03065,K333E,-0.155,0.24761539697647095,0.5422354340553284,1.441724181175232
13,6499202,4ER0,MdrDBcore03066,K333E,0.095,0.2045464813709259,0.5422354340553284,1.441724181175232
13,6499202,6O96,MdrDBcore03067,P298S,0.33,0.08175230771303177,0.5422354340553284,1.441724181175232
13,6499202,6O96,MdrDBcore03068,P298S,0.179,0.7826557755470276,0.5422354340553284,1.441724181175232
13,6499202,6O96,MdrDBcore03069,P298S,0.155,-0.31830447912216187,0.5422354340553284,1.441724181175232
13,6499202,6O96,MdrDBcore03070,R231L,0.602,0.24063065648078918,0.5422354340553284,1.441724181175232
13,6499202,6O96,MdrDBcore03071,R231L,0.458,-0.5587062835693359,0.5422354340553284,1.441724181175232
13,6499202,6O96,MdrDBcore03072,R231L,-0.007,0.014372467994689941,0.5422354340553284,1.441724181175232
13,6499202,6O96,MdrDBcore03073,S304L,-0.454,0.3566533029079437,0.5422354340553284,1.441724181175232
13,6499202,6O96,MdrDBcore03074,S304L,-0.105,-0.14619210362434387,0.5422354340553284,1.441724181175232
13,6499202,6O96,MdrDBcore03075,S304L,-1.396,-0.6303994655609131,0.5422354340553284,1.441724181175232
13,6499202,1NW3,MdrDBcore03076,T100M,-0.418,0.49708762764930725,0.5422354340553284,1.441724181175232
13,6499202,6O96,MdrDBcore03077,T100M,0.074,-0.2935892641544342,0.5422354340553284,1.441724181175232
13,6499202,1NW3,MdrDBcore03078,T100M,0.223,0.5671569108963013,0.5422354340553284,1.441724181175232
13,6499202,6O96,MdrDBcore03079,T306M,0.202,0.06547806411981583,0.5422354340553284,1.441724181175232
13,6499202,6O96,MdrDBcore03080,T306M,0.435,0.31908169388771057,0.5422354340553284,1.441724181175232
13,6499202,6O96,MdrDBcore03081,T306M,-0.398,-0.24612948298454285,0.5422354340553284,1.441724181175232
13,6499202,6O96,MdrDBcore03082,T93M,0.408,-0.19925707578659058,0.5422354340553284,1.441724181175232
13,6499202,6O96,MdrDBcore03083,T93M,0.147,-0.48659953474998474,0.5422354340553284,1.441724181175232
13,6499202,6O96,MdrDBcore03084,T93M,-0.087,-0.4281194508075714,0.5422354340553284,1.441724181175232
13,6499202,6O96,MdrDBcore03085,W208C,-0.028,0.29345181584358215,0.5422354340553284,1.441724181175232
13,6499202,6O96,MdrDBcore03086,W208C,-0.165,-0.4001178443431854,0.5422354340553284,1.441724181175232
13,6499202,6O96,MdrDBcore03087,W208C,-0.097,-0.26538148522377014,0.5422354340553284,1.441724181175232
13,6499202,6O96,MdrDBcore03088,Y58A,0.432,0.16905254125595093,0.5422354340553284,1.441724181175232
13,6499202,6O96,MdrDBcore03089,Y58A,0.109,-0.1894814372062683,0.5422354340553284,1.441724181175232
13,6499202,6O96,MdrDBcore03090,Y58A,0.129,-0.06585918366909027,0.5422354340553284,1.441724181175232
13,6499202,1YY6,MdrDBcore03091,A197V,1.964,0.012720145285129547,0.5422354340553284,1.441724181175232
13,6499202,6F5H,MdrDBcore03092,A493V,0.277,0.888508677482605,0.5422354340553284,1.441724181175232
13,6499202,4Z96,MdrDBcore03093,P694S,2.386,-0.08721146732568741,0.5422354340553284,1.441724181175232
13,6499202,5BTR,MdrDBcore03094,D379N,0.236,0.1535431444644928,0.5422354340553284,1.441724181175232
13,6499202,5BTR,MdrDBcore03095,G355V,-0.624,0.1538574993610382,0.5422354340553284,1.441724181175232
13,6499202,5BTR,MdrDBcore03096,G495D,0.283,0.15406161546707153,0.5422354340553284,1.441724181175232
13,6499202,4ZZJ,MdrDBcore03097,I270K,0.147,-0.1641729772090912,0.5422354340553284,1.441724181175232
13,6499202,5BTR,MdrDBcore03098,L478V,-0.641,0.15354692935943604,0.5422354340553284,1.441724181175232
13,6499202,4ZZH,MdrDBcore03099,M407T,-0.173,0.8602654337882996,0.5422354340553284,1.441724181175232
13,6499202,5BTR,MdrDBcore03100,P393R,-0.327,0.15354245901107788,0.5422354340553284,1.441724181175232
13,6499202,5BTR,MdrDBcore03101,R199Q,0.066,0.15369734168052673,0.5422354340553284,1.441724181175232
13,6499202,5BTR,MdrDBcore03102,R649H,-0.222,0.15387386083602905,0.5422354340553284,1.441724181175232
13,6499202,5BTR,MdrDBcore03103,T177I,0.138,0.15373721718788147,0.5422354340553284,1.441724181175232
13,6499202,5BTR,MdrDBcore03104,V383I,0.017,0.15372267365455627,0.5422354340553284,1.441724181175232
13,6499202,3UT1,MdrDBcore03105,A287T,1.04,1.0640612840652466,0.5422354340553284,1.441724181175232
13,6499202,3UT1,MdrDBcore03106,C304F,0.046,1.1161967515945435,0.5422354340553284,1.441724181175232
13,6499202,3UT1,MdrDBcore03107,D312E,-0.449,1.282449722290039,0.5422354340553284,1.441724181175232
13,6499202,3UT1,MdrDBcore03108,E338K,1.694,1.3819609880447388,0.5422354340553284,1.441724181175232
13,6499202,3UT1,MdrDBcore03109,F298L,1.544,1.0504918098449707,0.5422354340553284,1.441724181175232
13,6499202,3UT1,MdrDBcore03110,I364T,1.607,1.2076832056045532,0.5422354340553284,1.441724181175232
13,6499202,3UT1,MdrDBcore03111,I388F,1.915,1.1896328926086426,0.5422354340553284,1.441724181175232
13,6499202,3UT1,MdrDBcore03112,L346H,1.136,0.3251274526119232,0.5422354340553284,1.441724181175232
13,6499202,3UT1,MdrDBcore03113,P461S,1.485,1.0812954902648926,0.5422354340553284,1.441724181175232
13,6499202,3UT1,MdrDBcore03114,P525L,1.635,0.6998139023780823,0.5422354340553284,1.441724181175232
13,6499202,3UT1,MdrDBcore03115,Q352E,1.917,1.7050585746765137,0.5422354340553284,1.441724181175232
13,6499202,3UT1,MdrDBcore03116,S256P,1.42,1.32352614402771,0.5422354340553284,1.441724181175232
13,6499202,3UT1,MdrDBcore03117,S524Y,1.441,1.123701810836792,0.5422354340553284,1.441724181175232
13,6499202,3UT1,MdrDBcore03118,V286I,1.223,1.0901612043380737,0.5422354340553284,1.441724181175232
13,6499202,3UT1,MdrDBcore03119,Y301C,1.521,1.1857564449310303,0.5422354340553284,1.441724181175232
13,6499202,5V3O,MdrDBcore03120,D313H,0.493,-0.002965889871120453,0.5422354340553284,1.441724181175232
13,6499202,5V3O,MdrDBcore03121,E187K,0.0,-0.23015069961547852,0.5422354340553284,1.441724181175232
13,6499202,5HXB,MdrDBcore03122,G151A,-0.35,0.24270844459533691,0.5422354340553284,1.441724181175232
13,6499202,5V3O,MdrDBcore03123,G354A,0.496,0.2741706371307373,0.5422354340553284,1.441724181175232
13,6499202,6H0G,MdrDBcore03124,G383V,0.222,0.8368625044822693,0.5422354340553284,1.441724181175232
13,6499202,5V3O,MdrDBcore03125,G69D,0.024,-0.003375731408596039,0.5422354340553284,1.441724181175232
13,6499202,5V3O,MdrDBcore03126,K204E,-0.404,-0.8041908740997314,0.5422354340553284,1.441724181175232
13,6499202,5V3O,MdrDBcore03127,M109I,-0.158,-0.6569205522537231,0.5422354340553284,1.441724181175232
13,6499202,5V3O,MdrDBcore03128,P345S,-0.155,0.3235316574573517,0.5422354340553284,1.441724181175232
13,6499202,5V3O,MdrDBcore03129,P424L,-0.044,-0.18667715787887573,0.5422354340553284,1.441724181175232
13,6499202,5V3O,MdrDBcore03130,Q297A,-0.313,-0.9665545225143433,0.5422354340553284,1.441724181175232
13,6499202,5V3O,MdrDBcore03131,R295A,-0.343,-0.6035099029541016,0.5422354340553284,1.441724181175232
13,6499202,5V3O,MdrDBcore03132,R373Q,-0.207,-0.25914350152015686,0.5422354340553284,1.441724181175232
13,6499202,5V3O,MdrDBcore03133,S379N,-0.534,0.2886123061180115,0.5422354340553284,1.441724181175232
13,6499202,5HXB,MdrDBcore03134,T51A,-0.082,0.2867090404033661,0.5422354340553284,1.441724181175232
13,6499202,5V3O,MdrDBcore03135,W223A,-0.779,-0.9671740531921387,0.5422354340553284,1.441724181175232
13,6499202,4O9R,MdrDBcore03136,A324T,-0.081,-0.22044453024864197,0.5422354340553284,1.441724181175232
13,6499202,5L7D,MdrDBcore03137,A68G,-0.556,0.91730797290802,0.5422354340553284,1.441724181175232
13,6499202,5V57,MdrDBcore03138,A68G,-0.288,-0.2679166793823242,0.5422354340553284,1.441724181175232
13,6499202,4O9R,MdrDBcore03139,C273R,0.078,0.22579479217529297,0.5422354340553284,1.441724181175232
13,6499202,4O9R,MdrDBcore03140,C273R,0.205,0.024827919900417328,0.5422354340553284,1.441724181175232
13,6499202,4QIM,MdrDBcore03141,G497V,-0.188,0.5581892132759094,0.5422354340553284,1.441724181175232
13,6499202,4QIM,MdrDBcore03142,G497V,0.069,-0.0994812622666359,0.5422354340553284,1.441724181175232
13,6499202,4O9R,MdrDBcore03143,L267H,0.65,0.3884134888648987,0.5422354340553284,1.441724181175232
13,6499202,4O9R,MdrDBcore03144,P505S,0.307,-0.024684153497219086,0.5422354340553284,1.441724181175232
13,6499202,6XBK,MdrDBcore03145,R138Q,-1.589,-0.21925964951515198,0.5422354340553284,1.441724181175232
13,6499202,6XBK,MdrDBcore03146,R138Q,-0.932,-0.9545670747756958,0.5422354340553284,1.441724181175232
13,6499202,5V57,MdrDBcore03147,R168H,-0.807,-0.10293430089950562,0.5422354340553284,1.441724181175232
13,6499202,4O9R,MdrDBcore03148,R296H,-0.396,0.5293558239936829,0.5422354340553284,1.441724181175232
13,6499202,6XBK,MdrDBcore03149,T179M,0.358,0.5269109010696411,0.5422354340553284,1.441724181175232
13,6499202,6XBK,MdrDBcore03150,V157M,0.095,0.2541799545288086,0.5422354340553284,1.441724181175232
13,6499202,6XBK,MdrDBcore03151,V157M,-0.084,-1.0675064325332642,0.5422354340553284,1.441724181175232
13,6499202,4O9R,MdrDBcore03152,V195L,0.691,-0.08817476779222488,0.5422354340553284,1.441724181175232
13,6499202,4O9R,MdrDBcore03153,V404M,-0.655,-0.8107459545135498,0.5422354340553284,1.441724181175232
13,6499202,6XBK,MdrDBcore03154,Y130C,0.028,-0.25868284702301025,0.5422354340553284,1.441724181175232
13,6499202,6XBK,MdrDBcore03155,Y130C,-0.336,0.1351701319217682,0.5422354340553284,1.441724181175232
13,6499202,4O9R,MdrDBcore03156,Y322H,-0.011,0.45987269282341003,0.5422354340553284,1.441724181175232
13,6499202,3OUI,MdrDBcore03157,C208Y,0.27,1.0393701791763306,0.5422354340553284,1.441724181175232
13,6499202,4KBZ,MdrDBcore03158,G409C,-0.487,-0.8647178411483765,0.5422354340553284,1.441724181175232
13,6499202,3HQR,MdrDBcore03159,K186N,-0.096,-0.072917640209198,0.5422354340553284,1.441724181175232
13,6499202,3OUI,MdrDBcore03160,R252Q,0.128,0.9618216753005981,0.5422354340553284,1.441724181175232
13,6499202,3OUI,MdrDBcore03161,R281L,-0.236,1.0332388877868652,0.5422354340553284,1.441724181175232
13,6499202,4KBZ,MdrDBcore03162,S418L,0.043,-0.8018742799758911,0.5422354340553284,1.441724181175232
13,6499202,4B6L,MdrDBcore03163,C221Y,-2.86,-0.23355025053024292,0.5422354340553284,1.441724181175232
13,6499202,4B6L,MdrDBcore03164,C255Y,0.106,-0.18439361453056335,0.5422354340553284,1.441724181175232
13,6499202,4B6L,MdrDBcore03165,P101S,-0.116,-0.3646499812602997,0.5422354340553284,1.441724181175232
13,6499202,4B6L,MdrDBcore03166,Q103E,1.812,-0.25378063321113586,0.5422354340553284,1.441724181175232
13,6499202,4B6L,MdrDBcore03167,Q307H,0.407,-0.2771984934806824,0.5422354340553284,1.441724181175232
13,6499202,4B6L,MdrDBcore03168,R163L,-0.239,-0.28660476207733154,0.5422354340553284,1.441724181175232
13,6499202,4B6L,MdrDBcore03169,T262M,-0.148,-0.16398322582244873,0.5422354340553284,1.441724181175232
13,6499202,4B6L,MdrDBcore03170,T82A,-0.858,-0.5252937078475952,0.5422354340553284,1.441724181175232
13,6499202,4B6L,MdrDBcore03171,W151L,-1.723,1.0288832187652588,0.5422354340553284,1.441724181175232
13,6499202,6V1B,MdrDBcore03172,M186I,-0.053,0.0527934804558754,0.5422354340553284,1.441724181175232
13,6499202,5JI8,MdrDBcore03173,P164S,-1.241,-0.019298765808343887,0.5422354340553284,1.441724181175232
13,6499202,4X7O,MdrDBcore03174,A1068V,-0.373,-0.1448974460363388,0.5422354340553284,1.441724181175232
13,6499202,4YZS,MdrDBcore03175,A116D,0.039,0.48110029101371765,0.5422354340553284,1.441724181175232
13,6499202,4YZS,MdrDBcore03176,A342D,0.699,0.5235745906829834,0.5422354340553284,1.441724181175232
13,6499202,4YZS,MdrDBcore03177,A342V,0.249,0.5247113108634949,0.5422354340553284,1.441724181175232
13,6499202,4X7O,MdrDBcore03178,E1050K,-0.027,-0.094685859978199,0.5422354340553284,1.441724181175232
13,6499202,4X7O,MdrDBcore03179,E994A,0.199,0.19447538256645203,0.5422354340553284,1.441724181175232
13,6499202,4YZS,MdrDBcore03180,F335V,1.599,0.785396933555603,0.5422354340553284,1.441724181175232
13,6499202,4X7O,MdrDBcore03181,I586L,0.537,-0.010614745318889618,0.5422354340553284,1.441724181175232
13,6499202,4X7O,MdrDBcore03182,I917N,0.64,0.8171123266220093,0.5422354340553284,1.441724181175232
13,6499202,4X7O,MdrDBcore03183,M1053V,0.489,-0.15578019618988037,0.5422354340553284,1.441724181175232
13,6499202,4YZS,MdrDBcore03184,M390L,0.037,0.45721980929374695,0.5422354340553284,1.441724181175232
13,6499202,4YZS,MdrDBcore03185,R240H,0.729,0.5295038223266602,0.5422354340553284,1.441724181175232
13,6499202,4X7O,MdrDBcore03186,S1022N,0.943,0.033694006502628326,0.5422354340553284,1.441724181175232
13,6499202,4YZS,MdrDBcore03187,V132M,-0.205,0.5360435247421265,0.5422354340553284,1.441724181175232
13,6499202,4X7O,MdrDBcore03188,Y1019C,-0.463,0.6510252952575684,0.5422354340553284,1.441724181175232
13,6499202,5EDU,MdrDBcore03189,A612T,-0.181,-0.010082080960273743,0.5422354340553284,1.441724181175232
13,6499202,5EDU,MdrDBcore03190,A770V,0.063,-0.3601977527141571,0.5422354340553284,1.441724181175232
13,6499202,5KH7,MdrDBcore03191,G1126C,-0.885,-0.7198689579963684,0.5422354340553284,1.441724181175232
13,6499202,5KH7,MdrDBcore03192,I1122V,1.97,1.4181183576583862,0.5422354340553284,1.441724181175232
13,6499202,5KH7,MdrDBcore03193,P1123A,-1.293,-0.2826164960861206,0.5422354340553284,1.441724181175232
13,6499202,5EDU,MdrDBcore03194,P748T,0.136,0.5603299736976624,0.5422354340553284,1.441724181175232
13,6499202,5EDU,MdrDBcore03195,Q487K,-1.157,-0.5534424781799316,0.5422354340553284,1.441724181175232
13,6499202,5EDU,MdrDBcore03196,R529H,-0.198,-0.3928150236606598,0.5422354340553284,1.441724181175232
13,6499202,5EDU,MdrDBcore03197,R745Q,-0.06,-0.08635106682777405,0.5422354340553284,1.441724181175232
13,6499202,5EDU,MdrDBcore03198,R835W,-0.391,0.3222953975200653,0.5422354340553284,1.441724181175232
13,6499202,5KH7,MdrDBcore03199,Y1149A,2.397,0.4079863429069519,0.5422354340553284,1.441724181175232
13,6499202,5IUG,MdrDBcore03200,A1148V,0.361,0.6307249665260315,0.5422354340553284,1.441724181175232
13,6499202,5IUG,MdrDBcore03201,A1200V,0.399,-0.22882303595542908,0.5422354340553284,1.441724181175232
13,6499202,5IUG,MdrDBcore03202,A1200V,1.744,-0.3935154378414154,0.5422354340553284,1.441724181175232
13,6499202,7LRZ,MdrDBcore03203,A900G,0.24,0.06530731171369553,0.5422354340553284,1.441724181175232
13,6499202,7LRZ,MdrDBcore03204,A900G,-0.424,-0.39183205366134644,0.5422354340553284,1.441724181175232
13,6499202,7LRZ,MdrDBcore03205,C928Y,-0.806,-0.5030981302261353,0.5422354340553284,1.441724181175232
13,6499202,7LRZ,MdrDBcore03206,C928Y,0.503,-0.019040819257497787,0.5422354340553284,1.441724181175232
13,6499202,5IUI,MdrDBcore03207,D1091N,-0.982,-0.14862069487571716,0.5422354340553284,1.441724181175232
13,6499202,5IUI,MdrDBcore03208,D1091N,-1.476,0.22935137152671814,0.5422354340553284,1.441724181175232
13,6499202,5IUG,MdrDBcore03209,D1349N,0.294,0.36991265416145325,0.5422354340553284,1.441724181175232
13,6499202,7LRZ,MdrDBcore03210,D951E,0.195,0.027148999273777008,0.5422354340553284,1.441724181175232
13,6499202,7LRZ,MdrDBcore03211,D951E,0.502,-0.24722984433174133,0.5422354340553284,1.441724181175232
13,6499202,7LRZ,MdrDBcore03212,E949K,0.702,-0.3737850487232208,0.5422354340553284,1.441724181175232
13,6499202,7LRZ,MdrDBcore03213,E949K,0.856,-0.18847614526748657,0.5422354340553284,1.441724181175232
13,6499202,7LRZ,MdrDBcore03214,G744R,0.474,-0.4164530336856842,0.5422354340553284,1.441724181175232
13,6499202,7LRZ,MdrDBcore03215,G882C,0.353,-0.19346226751804352,0.5422354340553284,1.441724181175232
13,6499202,7LRZ,MdrDBcore03216,G893R,0.159,-0.22282230854034424,0.5422354340553284,1.441724181175232
13,6499202,7LRZ,MdrDBcore03217,G893R,-0.172,-0.17578133940696716,0.5422354340553284,1.441724181175232
13,6499202,7LRZ,MdrDBcore03218,G925R,-0.789,-0.28877195715904236,0.5422354340553284,1.441724181175232
13,6499202,7LRZ,MdrDBcore03219,G940C,-0.748,-0.8023823499679565,0.5422354340553284,1.441724181175232
13,6499202,7LRZ,MdrDBcore03220,H755N,0.299,0.15293356776237488,0.5422354340553284,1.441724181175232
13,6499202,7LRZ,MdrDBcore03221,H755N,0.188,-0.39241549372673035,0.5422354340553284,1.441724181175232
13,6499202,7LRZ,MdrDBcore03222,I981V,0.199,-0.4436333477497101,0.5422354340553284,1.441724181175232
13,6499202,7LRZ,MdrDBcore03223,I981V,0.587,-0.43560487031936646,0.5422354340553284,1.441724181175232
13,6499202,5IUG,MdrDBcore03224,K1109N,0.122,-0.052085135132074356,0.5422354340553284,1.441724181175232
13,6499202,5IUG,MdrDBcore03225,N1353S,0.731,-0.03412134200334549,0.5422354340553284,1.441724181175232
13,6499202,5IUG,MdrDBcore03226,N1353S,-0.909,-0.15744370222091675,0.5422354340553284,1.441724181175232
13,6499202,7LRZ,MdrDBcore03227,N941S,0.153,0.03628901392221451,0.5422354340553284,1.441724181175232
13,6499202,4TT7,MdrDBcore03228,P1218S,0.681,0.535771369934082,0.5422354340553284,1.441724181175232
13,6499202,4TT7,MdrDBcore03229,P1218S,1.508,-0.19257080554962158,0.5422354340553284,1.441724181175232
13,6499202,5IUG,MdrDBcore03230,P1298S,-0.473,0.027365587651729584,0.5422354340553284,1.441724181175232
13,6499202,4TT7,MdrDBcore03231,P1298S,-0.566,-0.6635894179344177,0.5422354340553284,1.441724181175232
13,6499202,5IUG,MdrDBcore03232,P1398L,0.372,-0.19700497388839722,0.5422354340553284,1.441724181175232
13,6499202,5IUG,MdrDBcore03233,R1192Q,0.204,0.24933910369873047,0.5422354340553284,1.441724181175232
13,6499202,5IUG,MdrDBcore03234,R1192Q,-0.195,0.44857659935951233,0.5422354340553284,1.441724181175232
13,6499202,5IUG,MdrDBcore03235,R1209A,-0.06,0.4170558750629425,0.5422354340553284,1.441724181175232
13,6499202,5IUG,MdrDBcore03236,R1209A,-0.159,0.12568458914756775,0.5422354340553284,1.441724181175232
13,6499202,4TT7,MdrDBcore03237,R1275Q,-0.395,0.725487470626831,0.5422354340553284,1.441724181175232
13,6499202,4TT7,MdrDBcore03238,R1275Q,-0.6,-0.813325822353363,0.5422354340553284,1.441724181175232
13,6499202,7LRZ,MdrDBcore03239,R753Q,0.26,-0.3299834728240967,0.5422354340553284,1.441724181175232
13,6499202,5IUG,MdrDBcore03240,T1312I,-0.415,0.30029842257499695,0.5422354340553284,1.441724181175232
13,6499202,5IUG,MdrDBcore03241,T1312I,-1.169,-0.3976312577724457,0.5422354340553284,1.441724181175232
13,6499202,7N00,MdrDBcore03242,V1013L,-0.435,0.03648786246776581,0.5422354340553284,1.441724181175232
13,6499202,7LRZ,MdrDBcore03243,V712L,0.633,-0.3289021849632263,0.5422354340553284,1.441724181175232
13,6499202,7LRZ,MdrDBcore03244,V712L,0.273,-0.519142210483551,0.5422354340553284,1.441724181175232
13,6499202,5OTF,MdrDBcore03245,A355T,-0.537,-0.3663482367992401,0.5422354340553284,1.441724181175232
13,6499202,5OTF,MdrDBcore03246,D241H,0.15,-0.36197757720947266,0.5422354340553284,1.441724181175232
13,6499202,5OTF,MdrDBcore03247,D411N,0.67,-0.376117080450058,0.5422354340553284,1.441724181175232
13,6499202,5OTF,MdrDBcore03248,E297A,-1.318,-0.3498082160949707,0.5422354340553284,1.441724181175232
13,6499202,5OTE,MdrDBcore03249,F336L,-0.995,-0.2506616413593292,0.5422354340553284,1.441724181175232
13,6499202,5OTF,MdrDBcore03250,K96N,1.17,-0.3736867606639862,0.5422354340553284,1.441724181175232
13,6499202,5OTF,MdrDBcore03251,M184V,-0.534,-0.3521488904953003,0.5422354340553284,1.441724181175232
13,6499202,5OTF,MdrDBcore03252,M274L,-0.536,-0.344907283782959,0.5422354340553284,1.441724181175232
13,6499202,5OTF,MdrDBcore03253,R326H,-1.003,-0.36639538407325745,0.5422354340553284,1.441724181175232
13,6499202,5OTF,MdrDBcore03254,V372M,0.079,-0.3506769835948944,0.5422354340553284,1.441724181175232
13,6499202,1XKK,MdrDBcore03255,T790M+L858R,0.931,0.6504587531089783,0.5422354340553284,1.441724181175232
13,6499202,1XKK,MdrDBcore03256,T790M+L858R,2.31,0.8700555562973022,0.5422354340553284,1.441724181175232
13,6499202,1XKK,MdrDBcore03257,T790M+L858R,1.177,-0.060415469110012054,0.5422354340553284,1.441724181175232
13,6499202,1XKK,MdrDBcore03258,T790M+L858R,1.259,0.6934197545051575,0.5422354340553284,1.441724181175232
13,6499202,1XKK,MdrDBcore03259,T790M+L858R,1.129,0.009629525244235992,0.5422354340553284,1.441724181175232
13,6499202,1XKK,MdrDBcore03260,T790M+L858R,0.063,-0.485303670167923,0.5422354340553284,1.441724181175232
13,6499202,1XKK,MdrDBcore03261,T790M+L858R,2.123,0.6855510473251343,0.5422354340553284,1.441724181175232
13,6499202,1QPC,MdrDBcore03262,A289D+A396V,0.426,-0.30831271409988403,0.5422354340553284,1.441724181175232
13,6499202,1QPC,MdrDBcore03263,A289D+A396V,0.364,-0.40863198041915894,0.5422354340553284,1.441724181175232
13,6499202,3CQU,MdrDBcore03264,G311D+K307N,0.539,0.85267174243927,0.5422354340553284,1.441724181175232
13,6499202,3CQU,MdrDBcore03265,G311D+K307N,1.509,0.3376415967941284,0.5422354340553284,1.441724181175232
13,6499202,4KIK,MdrDBcore03266,R55A,0.198,1.160763144493103,0.5422354340553284,1.441724181175232
13,6499202,2J7T,MdrDBcore03267,V80M,0.784,-0.3669731020927429,0.5422354340553284,1.441724181175232
13,6499202,1XKK,MdrDBcore03268,E866D,0.355,-0.28396666049957275,0.5422354340553284,1.441724181175232
13,6499202,4AOJ,MdrDBcore03269,R692H,0.013,0.08041087538003922,0.5422354340553284,1.441724181175232
13,6499202,4PMM,MdrDBcore03270,T678I,0.198,-0.15560966730117798,0.5422354340553284,1.441724181175232
13,6499202,2I0V,MdrDBcore03271,G589E,0.09,-0.1582798957824707,0.5422354340553284,1.441724181175232
13,6499202,2IVS,MdrDBcore03272,L746M,0.961,-0.282438725233078,0.5422354340553284,1.441724181175232
13,6499202,1JQH,MdrDBcore03273,S1009L,1.71,0.8953872323036194,0.5422354340553284,1.441724181175232
13,6499202,1JQH,MdrDBcore03274,S1009L,2.085,1.332902193069458,0.5422354340553284,1.441724181175232
13,6499202,3ZBF,MdrDBcore03275,R2126L,1.523,-0.3328764736652374,0.5422354340553284,1.441724181175232
13,6499202,1T46,MdrDBcore03276,E640K,0.319,0.24147430062294006,0.5422354340553284,1.441724181175232
13,6499202,1T46,MdrDBcore03277,N822K,0.297,0.5511030554771423,0.5422354340553284,1.441724181175232
13,6499202,1T46,MdrDBcore03278,N822K,0.231,0.4972998797893524,0.5422354340553284,1.441724181175232
13,6499202,1T46,MdrDBcore03279,N822K,1.303,-0.07849317789077759,0.5422354340553284,1.441724181175232
13,6499202,1T46,MdrDBcore03280,N822K,0.988,0.49976083636283875,0.5422354340553284,1.441724181175232
13,6499202,2FB8,MdrDBcore03281,G466V,0.503,0.18950247764587402,0.5422354340553284,1.441724181175232
13,6499202,5GRN,MdrDBcore03282,N848I,0.513,1.3716492652893066,0.5422354340553284,1.441724181175232
13,6499202,5GRN,MdrDBcore03283,N848I,0.564,0.2237837314605713,0.5422354340553284,1.441724181175232
13,6499202,3HNG,MdrDBcore03284,C1039S,0.208,0.19487082958221436,0.5422354340553284,1.441724181175232
13,6499202,3HNG,MdrDBcore03285,L1061V,0.05,0.2674231231212616,0.5422354340553284,1.441724181175232
13,6499202,3HNG,MdrDBcore03286,L1061V,1.469,0.07857007533311844,0.5422354340553284,1.441724181175232
13,6499202,3HNG,MdrDBcore03287,L1061V,0.098,-0.008169159293174744,0.5422354340553284,1.441724181175232
13,6499202,3HNG,MdrDBcore03288,R1045Q,0.171,-0.03960280120372772,0.5422354340553284,1.441724181175232
13,6499202,3HNG,MdrDBcore03289,R1045Q,0.109,1.069440245628357,0.5422354340553284,1.441724181175232
13,6499202,1B38,MdrDBcore03290,P155L,0.467,-0.3717934787273407,0.5422354340553284,1.441724181175232
13,6499202,2JDO,MdrDBcore03291,A190G,0.213,-0.0635942667722702,0.5422354340553284,1.441724181175232
13,6499202,1VR2,MdrDBcore03292,D1064Y,0.089,0.0417567640542984,0.5422354340553284,1.441724181175232
13,6499202,1VR2,MdrDBcore03293,R1066C,0.054,0.05011887848377228,0.5422354340553284,1.441724181175232
13,6499202,1VR2,MdrDBcore03294,R1066C,0.014,-0.37527379393577576,0.5422354340553284,1.441724181175232
13,6499202,4RT7,MdrDBcore03295,E661V,0.098,0.5316976308822632,0.5422354340553284,1.441724181175232
13,6499202,4RT7,MdrDBcore03296,E661V,0.057,0.6210257411003113,0.5422354340553284,1.441724181175232
13,6499202,4RT7,MdrDBcore03297,E661V,0.176,0.6502368450164795,0.5422354340553284,1.441724181175232
13,6499202,1B6C,MdrDBcore03298,G212V,0.183,0.04852301627397537,0.5422354340553284,1.441724181175232
13,6499202,1XBB,MdrDBcore03299,R520S,1.81,-0.49834880232810974,0.5422354340553284,1.441724181175232
13,6499202,3SXR,MdrDBcore03300,M464I,0.734,0.37294986844062805,0.5422354340553284,1.441724181175232
13,6499202,3SXR,MdrDBcore03301,M464I,0.312,-0.11710970848798752,0.5422354340553284,1.441724181175232
13,6499202,1YVJ,MdrDBcore03302,K830M,0.118,0.5806593894958496,0.5422354340553284,1.441724181175232
13,6499202,3S95,MdrDBcore03303,G480R,0.553,0.9210975170135498,0.5422354340553284,1.441724181175232
13,6499202,1XO2,MdrDBcore03304,R168H,1.136,0.4369431436061859,0.5422354340553284,1.441724181175232
13,6499202,3ZOS,MdrDBcore03305,D795E,1.094,0.8896535634994507,0.5422354340553284,1.441724181175232
13,6499202,3ZOS,MdrDBcore03306,P806L,0.142,0.25345340371131897,0.5422354340553284,1.441724181175232
13,6499202,3MJ2,MdrDBcore03307,L508M,1.084,-0.422516405582428,0.5422354340553284,1.441724181175232
13,6499202,3MJ2,MdrDBcore03308,T504S,0.099,-0.25871339440345764,0.5422354340553284,1.441724181175232
13,6499202,3MJ2,MdrDBcore03309,T518I,0.193,0.49694737792015076,0.5422354340553284,1.441724181175232
13,6499202,2R4B,MdrDBcore03310,G863E,0.044,0.050238415598869324,0.5422354340553284,1.441724181175232
13,6499202,2R4B,MdrDBcore03311,G879A,0.128,0.19564729928970337,0.5422354340553284,1.441724181175232
13,6499202,2R4B,MdrDBcore03312,L770P,0.518,0.37974056601524353,0.5422354340553284,1.441724181175232
13,6499202,2R4B,MdrDBcore03313,L770P,0.384,0.31940189003944397,0.5422354340553284,1.441724181175232
13,6499202,2R4B,MdrDBcore03314,L770P,0.312,-0.003838352859020233,0.5422354340553284,1.441724181175232
13,6499202,2R4B,MdrDBcore03315,M766I,0.801,0.08909808844327927,0.5422354340553284,1.441724181175232
13,6499202,2R4B,MdrDBcore03316,M766I,0.375,0.3598187267780304,0.5422354340553284,1.441724181175232
13,6499202,6KZC,MdrDBcore03317,R702T,0.378,-0.3864985704421997,0.5422354340553284,1.441724181175232
13,6499202,1WAK,MdrDBcore03318,F508L,0.135,-0.23474586009979248,0.5422354340553284,1.441724181175232
13,6499202,2XB7,MdrDBcore03319,A1289V,0.147,0.028364799916744232,0.5422354340553284,1.441724181175232
13,6499202,2XB7,MdrDBcore03320,A1289V,0.07,-0.015054762363433838,0.5422354340553284,1.441724181175232
13,6499202,6GR8,MdrDBcore03321,P192L,1.021,1.7224695682525635,0.5422354340553284,1.441724181175232
13,6499202,6GR8,MdrDBcore03322,P192L,0.536,1.1523668766021729,0.5422354340553284,1.441724181175232
13,6499202,3UM8,MdrDBcore03323,A16C+S108T,2.407,3.31853985786438,0.5422354340553284,1.441724181175232
13,6499202,3UM8,MdrDBcore03324,A16G+S108T,2.628,3.4011518955230713,0.5422354340553284,1.441724181175232
13,6499202,3UM8,MdrDBcore03325,A16S+S108T,3.63,3.5426416397094727,0.5422354340553284,1.441724181175232
13,6499202,3UM8,MdrDBcore03326,A16T+S108T,4.101,3.6364917755126953,0.5422354340553284,1.441724181175232
13,6499202,3UM8,MdrDBcore03327,A16V+S108T,4.062,3.6197450160980225,0.5422354340553284,1.441724181175232
13,6499202,3UM8,MdrDBcore03328,C59R+S108N,1.794,3.375732421875,0.5422354340553284,1.441724181175232
13,6499202,3UM8,MdrDBcore03329,N51I+C59R+S108N+I164L,3.994,3.437966823577881,0.5422354340553284,1.441724181175232
13,6499202,2R5Q,MdrDBcore03330,D30N+L90M,1.62,0.8407058119773865,0.5422354340553284,1.441724181175232
13,6499202,2R5P,MdrDBcore03331,D30N+L90M,0.222,0.5167288780212402,0.5422354340553284,1.441724181175232
13,6499202,2R5Q,MdrDBcore03332,D30N+N88D,1.599,0.8407064080238342,0.5422354340553284,1.441724181175232
13,6499202,2R5P,MdrDBcore03333,D30N+N88D,0.334,0.5167288780212402,0.5422354340553284,1.441724181175232
13,6499202,2R5Q,MdrDBcore03334,D30N+N88D+L90M,2.344,0.8407055735588074,0.5422354340553284,1.441724181175232
13,6499202,2R5P,MdrDBcore03335,D30N+N88D+L90M,0.532,0.5167284607887268,0.5422354340553284,1.441724181175232
13,6499202,2R5Q,MdrDBcore03336,N88D+L90M,0.975,0.5378517508506775,0.5422354340553284,1.441724181175232
13,6499202,2R5P,MdrDBcore03337,N88D+L90M,1.61,0.6308712959289551,0.5422354340553284,1.441724181175232
13,6499202,2Q54,MdrDBcore03338,D30N+N88D,0.316,0.7331045866012573,0.5422354340553284,1.441724181175232
13,6499202,2Q54,MdrDBcore03339,L10I+A71V+G73S+I84V+L90M,2.858,0.6993247866630554,0.5422354340553284,1.441724181175232
13,6499202,2Q54,MdrDBcore03340,L10I+G48V+I54V+V82A,2.625,0.7573055624961853,0.5422354340553284,1.441724181175232
13,6499202,2VZM,MdrDBcore03341,E85Q+N50D,0.424,0.2837192416191101,0.5422354340553284,1.441724181175232
13,6499202,2VZ7,MdrDBcore03342,E85Q+N50D,1.497,0.1181412860751152,0.5422354340553284,1.441724181175232
13,6499202,2VZM,MdrDBcore03343,E94Q+N50D,1.076,0.3269299864768982,0.5422354340553284,1.441724181175232
13,6499202,1H0A,MdrDBcore03344,L6E+I13D,1.194,0.2630281150341034,0.5422354340553284,1.441724181175232
13,6499202,1MPW,MdrDBcore03345,L247V+L244A,-0.085,-0.6175417900085449,0.5422354340553284,1.441724181175232
13,6499202,1MPW,MdrDBcore03346,W87A+L247V,-0.543,-0.49377354979515076,0.5422354340553284,1.441724181175232
13,6499202,1MPW,MdrDBcore03347,W87F+L244A,-0.411,-0.5836020708084106,0.5422354340553284,1.441724181175232
13,6499202,1MPW,MdrDBcore03348,W87F+L247V,-0.411,-0.49377405643463135,0.5422354340553284,1.441724181175232
13,6499202,1MPW,MdrDBcore03349,W87L+L247V,-0.651,-0.49377331137657166,0.5422354340553284,1.441724181175232
13,6499202,3FS6,MdrDBcore03350,Q35K+N64F,-1.702,-0.406806617975235,0.5422354340553284,1.441724181175232
13,6499202,2W3A,MdrDBcore03351,Q35K+N64F,0.14,0.014785133302211761,0.5422354340553284,1.441724181175232
13,6499202,2W3A,MdrDBcore03352,Q35K+N64S,0.227,0.01478525996208191,0.5422354340553284,1.441724181175232
13,6499202,2W3A,MdrDBcore03353,Q35S+N64F,0.13,0.014785170555114746,0.5422354340553284,1.441724181175232
13,6499202,3FS6,MdrDBcore03354,Q35S+N64S,-0.74,0.16260600090026855,0.5422354340553284,1.441724181175232
13,6499202,2W3A,MdrDBcore03355,Q35S+N64S,0.097,0.014785170555114746,0.5422354340553284,1.441724181175232
13,6499202,2V7A,MdrDBcore03356,I315T+E255V,0.61,0.16320231556892395,0.5422354340553284,1.441724181175232
13,6499202,2V7A,MdrDBcore03357,I315T+M351T,0.651,0.16320249438285828,0.5422354340553284,1.441724181175232
13,6499202,2ITY,MdrDBcore03358,G719S+T790M,0.48,-0.3542516529560089,0.5422354340553284,1.441724181175232
13,6499202,2H4N,MdrDBcore03359,H119D+N94H,4.201,4.2001776695251465,0.5422354340553284,1.441724181175232
13,6499202,2H4N,MdrDBcore03360,H119N+N94H,1.564,3.8840060234069824,0.5422354340553284,1.441724181175232
13,6499202,2H4N,MdrDBcore03361,H119Q+N94H,2.811,2.717390537261963,0.5422354340553284,1.441724181175232
13,6499202,1AMW,MdrDBcore03362,E88G+N92L,0.676,0.79432612657547,0.5422354340553284,1.441724181175232
13,6499202,1A4H,MdrDBcore03363,E88G+N92L,1.262,0.32327181100845337,0.5422354340553284,1.441724181175232
13,6499202,1AMW,MdrDBcore03364,K44R+K98N,0.71,0.3742130994796753,0.5422354340553284,1.441724181175232
13,6499202,1A4H,MdrDBcore03365,K44R+K98N,0.659,0.4323710501194,0.5422354340553284,1.441724181175232
13,6499202,1AMW,MdrDBcore03366,L89V+L93I,1.321,0.945449948310852,0.5422354340553284,1.441724181175232
13,6499202,1A4H,MdrDBcore03367,L89V+L93I,-0.522,0.06764247268438339,0.5422354340553284,1.441724181175232
13,6499202,1AMW,MdrDBcore03368,L89V+L93I+V136M,1.628,0.9454505443572998,0.5422354340553284,1.441724181175232
13,6499202,2VWC,MdrDBcore03369,L89V+L93I+V136M,0.512,-0.29007983207702637,0.5422354340553284,1.441724181175232
13,6499202,1A4H,MdrDBcore03370,L89V+L93I+V136M,0.317,0.06764286011457443,0.5422354340553284,1.441724181175232
13,6499202,2AQU,MdrDBcore03371,D30N+L90M,0.821,0.6451770067214966,0.5422354340553284,1.441724181175232
13,6499202,2AQU,MdrDBcore03372,D30N+N88D,0.149,0.6451766490936279,0.5422354340553284,1.441724181175232
13,6499202,2AQU,MdrDBcore03373,D30N+N88D+L90M,0.986,0.6451771259307861,0.5422354340553284,1.441724181175232
13,6499202,2AQU,MdrDBcore03374,N88D+L90M,0.954,0.5891592502593994,0.5422354340553284,1.441724181175232
13,6499202,2Q64,MdrDBcore03375,A71V+N30D,-1.153,0.08477158099412918,0.5422354340553284,1.441724181175232
13,6499202,2Q64,MdrDBcore03376,L90M+N30D,-0.473,0.08477144688367844,0.5422354340553284,1.441724181175232
13,6499202,2Q64,MdrDBcore03377,N88D+N30D,-1.153,0.08477111905813217,0.5422354340553284,1.441724181175232
13,6499202,1SGU,MdrDBcore03378,V54I+M46I,-0.222,-0.11447243392467499,0.5422354340553284,1.441724181175232
13,6499202,1SH9,MdrDBcore03379,V54I+M46I,-0.589,-0.3993801176548004,0.5422354340553284,1.441724181175232
13,6499202,1SGU,MdrDBcore03380,V54I+V84I,-2.439,-0.11729065328836441,0.5422354340553284,1.441724181175232
13,6499202,1SH9,MdrDBcore03381,V54I+V84I,-1.578,-0.3835773169994354,0.5422354340553284,1.441724181175232
13,6499202,1SGU,MdrDBcore03382,V54I+V84I+M46I,-0.456,-0.11729052662849426,0.5422354340553284,1.441724181175232
13,6499202,1SH9,MdrDBcore03383,V54I+V84I+M46I,-1.271,-0.3835775852203369,0.5422354340553284,1.441724181175232
13,6499202,1QKU,MdrDBcore03384,C381S+C417S+C530S,0.749,0.6077645421028137,0.5422354340553284,1.441724181175232
13,6499202,1QKU,MdrDBcore03385,E339A+E419A+K531A,0.993,0.6077643632888794,0.5422354340553284,1.441724181175232
13,6499202,1FKW,MdrDBcore03386,D296A+E295D,3.853,3.203684091567993,0.5422354340553284,1.441724181175232
13,6499202,1FKW,MdrDBcore03387,D296N+E295D,3.007,3.248288154602051,0.5422354340553284,1.441724181175232
13,6499202,1FKW,MdrDBcore03388,H238A+E295D,1.016,1.022836446762085,0.5422354340553284,1.441724181175232
13,6499202,1FKW,MdrDBcore03389,H238R+E295D,0.443,1.0695334672927856,0.5422354340553284,1.441724181175232
13,6499202,2BPX,MdrDBcore03390,D30N+L90M,1.016,0.7940284609794617,0.5422354340553284,1.441724181175232
13,6499202,2BPX,MdrDBcore03391,D30N+N88D,0.796,0.794028639793396,0.5422354340553284,1.441724181175232
13,6499202,2BPX,MdrDBcore03392,D30N+N88D+L90M,0.605,0.794029176235199,0.5422354340553284,1.441724181175232
13,6499202,3BC4,MdrDBcore03393,I50V+V84I,1.309,1.1815465688705444,0.5422354340553284,1.441724181175232
13,6499202,2BPX,MdrDBcore03394,N88D+L90M,1.354,1.0492857694625854,0.5422354340553284,1.441724181175232
13,6499202,1OH0,MdrDBcore03395,L125A+V127A,0.999,0.1165805384516716,0.5422354340553284,1.441724181175232
13,6499202,1OH0,MdrDBcore03396,L125F+V127F,0.199,0.1165807768702507,0.5422354340553284,1.441724181175232
13,6499202,1OH0,MdrDBcore03397,W92A+L125A+V127A,0.641,0.1165805384516716,0.5422354340553284,1.441724181175232
13,6499202,2V5V,MdrDBcore03398,E16K+E57W,-1.245,0.2973022162914276,0.5422354340553284,1.441724181175232
13,6499202,2V5V,MdrDBcore03399,I59A+I92A+E57W,-0.592,0.30497482419013977,0.5422354340553284,1.441724181175232
13,6499202,2V5V,MdrDBcore03400,I59E+I92E+E57W,-0.138,0.3045526444911957,0.5422354340553284,1.441724181175232
13,6499202,2V5V,MdrDBcore03401,T12K+E57W,0.372,0.2946314215660095,0.5422354340553284,1.441724181175232
13,6499202,1G6S,MdrDBcore03402,T97I+P101S,5.33,2.0778932571411133,0.5422354340553284,1.441724181175232
13,6499202,1G6T,MdrDBcore03403,T97I+P101S,0.232,-0.8246155381202698,0.5422354340553284,1.441724181175232
13,6499202,1OWB,MdrDBcore03404,H110A+L109R,1.708,1.867092251777649,0.5422354340553284,1.441724181175232
13,6499202,1OWB,MdrDBcore03405,K167A+L109R,2.126,2.053284168243408,0.5422354340553284,1.441724181175232
13,6499202,1OWB,MdrDBcore03406,N189A+L109R,1.997,2.073716402053833,0.5422354340553284,1.441724181175232
13,6499202,1OWB,MdrDBcore03407,Q182A+L109R,1.191,1.8853709697723389,0.5422354340553284,1.441724181175232
13,6499202,1OWB,MdrDBcore03408,R163L+L109R,2.095,2.1221537590026855,0.5422354340553284,1.441724181175232
13,6499202,1OWB,MdrDBcore03409,T111A+L109R,1.656,1.877868890762329,0.5422354340553284,1.441724181175232
13,6499202,1OWB,MdrDBcore03410,T204A+L109R,1.999,1.8853709697723389,0.5422354340553284,1.441724181175232
13,6499202,1OWB,MdrDBcore03411,Y145A+L109R,3.639,1.9589356184005737,0.5422354340553284,1.441724181175232
13,6499202,3G0E,MdrDBcore03412,V560D+T670I,-0.211,-0.09841572493314743,0.5422354340553284,1.441724181175232
13,6499202,3EBS,MdrDBcore03413,S208I+G369S,0.942,-0.16743944585323334,0.5422354340553284,1.441724181175232
13,6499202,3BKL,MdrDBcore03414,V379S+V380T,0.147,0.06954152137041092,0.5422354340553284,1.441724181175232
13,6499202,1J3I,MdrDBcore03415,A16C+S108T,-0.821,-0.19470766186714172,0.5422354340553284,1.441724181175232
13,6499202,1J3I,MdrDBcore03416,A16G+S108T,-0.411,-0.07299640029668808,0.5422354340553284,1.441724181175232
13,6499202,1J3I,MdrDBcore03417,A16S+S108T,0.0,-0.1451011747121811,0.5422354340553284,1.441724181175232
13,6499202,1J3I,MdrDBcore03418,A16T+S108T,0.24,-0.10982702672481537,0.5422354340553284,1.441724181175232
13,6499202,1J3I,MdrDBcore03419,A16V+S108T,0.332,-0.16615432500839233,0.5422354340553284,1.441724181175232
13,6499202,1J3I,MdrDBcore03420,C59R+S108N,0.354,-0.10334862023591995,0.5422354340553284,1.441724181175232
13,6499202,1J3I,MdrDBcore03421,N51I+C59R+S108N+I164L,0.719,-0.13582010567188263,0.5422354340553284,1.441724181175232
13,6499202,2W9S,MdrDBcore03422,Y98F+A43G,-3.04,-0.5159968733787537,0.5422354340553284,1.441724181175232
13,6499202,2W9S,MdrDBcore03423,Y98F+A43G,-2.797,-0.5159963965415955,0.5422354340553284,1.441724181175232
13,6499202,2IS7,MdrDBcore03424,C298A+W219Y,-0.878,-0.9087815880775452,0.5422354340553284,1.441724181175232
13,6499202,2INZ,MdrDBcore03425,C298A+W219Y,1.311,0.03243248909711838,0.5422354340553284,1.441724181175232
13,6499202,2INE,MdrDBcore03426,C298A+W219Y,0.783,0.5681899785995483,0.5422354340553284,1.441724181175232
13,6499202,2PDK,MdrDBcore03427,L300P+M301L,-0.288,-0.03992067649960518,0.5422354340553284,1.441724181175232
13,6499202,2PZN,MdrDBcore03428,S302R+C303D,2.471,1.8988462686538696,0.5422354340553284,1.441724181175232
13,6499202,2PDG,MdrDBcore03429,S302R+C303D,2.735,2.265291929244995,0.5422354340553284,1.441724181175232
13,6499202,1PWM,MdrDBcore03430,S302R+C303D,1.895,0.5833873748779297,0.5422354340553284,1.441724181175232
13,6499202,3AMA,MdrDBcore03431,Q95L+L120M+A123V,0.417,0.5771794319152832,0.5422354340553284,1.441724181175232
13,6499202,3AMB,MdrDBcore03432,Q95L+L120M+A123V,1.005,0.965503454208374,0.5422354340553284,1.441724181175232
13,6499202,3AMA,MdrDBcore03433,R47K+L120M+A123V,0.827,0.5771797895431519,0.5422354340553284,1.441724181175232
13,6499202,3AMB,MdrDBcore03434,R47K+L120M+A123V,1.037,0.9655041694641113,0.5422354340553284,1.441724181175232
13,6499202,3AMA,MdrDBcore03435,R47K+Q95L+A123V,0.417,0.5854995250701904,0.5422354340553284,1.441724181175232
13,6499202,3AMB,MdrDBcore03436,R47K+Q95L+A123V,0.713,0.9220554232597351,0.5422354340553284,1.441724181175232
13,6499202,3AMA,MdrDBcore03437,R47K+Q95L+L120M,0.875,0.5627570152282715,0.5422354340553284,1.441724181175232
13,6499202,3AMB,MdrDBcore03438,R47K+Q95L+L120M,-0.393,0.9762169122695923,0.5422354340553284,1.441724181175232
13,6499202,3AMA,MdrDBcore03439,R47K+Q95L+L120M+A123V,0.719,0.5771804451942444,0.5422354340553284,1.441724181175232
13,6499202,3AMB,MdrDBcore03440,R47K+Q95L+L120M+A123V,1.373,0.9655038118362427,0.5422354340553284,1.441724181175232
13,6499202,2GMK,MdrDBcore03441,N89K+A91E,-0.364,-0.06584878265857697,0.5422354340553284,1.441724181175232
13,6499202,2GMK,MdrDBcore03442,N89R+A91E,-0.256,-0.09147422760725021,0.5422354340553284,1.441724181175232
13,6499202,3RY2,MdrDBcore03443,S52G+R53D,0.314,0.3142133057117462,0.5422354340553284,1.441724181175232
13,6499202,3RY2,MdrDBcore03444,S52G+R53S,0.0,0.3142126202583313,0.5422354340553284,1.441724181175232
13,6499202,3RY2,MdrDBcore03445,T90S+W108V+L110T+F29L+S52G+R53S,3.899,-0.337624192237854,0.5422354340553284,1.441724181175232
13,6499202,1GZ4,MdrDBcore03446,R197Q+R542V+R556Q,0.0,1.0984485149383545,0.5422354340553284,1.441724181175232
13,6499202,3CWK,MdrDBcore03447,L111R+E121L+V54T,-0.543,0.13130304217338562,0.5422354340553284,1.441724181175232
13,6499202,1P6L,MdrDBcore03448,N368D+V106M,-2.454,-0.027995459735393524,0.5422354340553284,1.441724181175232
13,6499202,1P6N,MdrDBcore03449,N368D+V106M,-2.728,-1.5517630577087402,0.5422354340553284,1.441724181175232
13,6499202,1P6H,MdrDBcore03450,D597N+M336V,3.171,1.8866381645202637,0.5422354340553284,1.441724181175232
13,6499202,1P6J,MdrDBcore03451,D597N+M336V,3.579,0.6240021586418152,0.5422354340553284,1.441724181175232
13,6499202,3HU2,MdrDBcore03452,R53A+A86R,1.384,1.1492977142333984,0.5422354340553284,1.441724181175232
13,6499202,1PZO,MdrDBcore03453,T182M+G238A,0.11,-0.35585957765579224,0.5422354340553284,1.441724181175232
13,6499202,3CKZ,MdrDBcore03454,N294S+Y274H,0.789,0.6599924564361572,0.5422354340553284,1.441724181175232
13,6499202,3CL2,MdrDBcore03455,S294N+Y252H,-3.968,-1.0557442903518677,0.5422354340553284,1.441724181175232
13,6499202,3CKZ,MdrDBcore03456,Y274H+Y252H,-0.272,0.7317003011703491,0.5422354340553284,1.441724181175232
13,6499202,2PH9,MdrDBcore03457,C190A+C191A,0.284,0.7103846073150635,0.5422354340553284,1.441724181175232
13,6499202,1MUI,MdrDBcore03458,D30N+L90M,0.821,-0.0834847167134285,0.5422354340553284,1.441724181175232
13,6499202,1MUI,MdrDBcore03459,D30N+N88D+L90M,1.308,-0.08348459750413895,0.5422354340553284,1.441724181175232
13,6499202,1MUI,MdrDBcore03460,N88D+L90M,0.184,-0.06883750110864639,0.5422354340553284,1.441724181175232
13,6499202,2QEH,MdrDBcore03461,E7L+H35L,2.969,2.4063832759857178,0.5422354340553284,1.441724181175232
13,6499202,2PQL,MdrDBcore03462,E7L+H35L,-1.084,1.3499342203140259,0.5422354340553284,1.441724181175232
13,6499202,3AM3,MdrDBcore03463,M372A+K316A,0.181,-0.6485821008682251,0.5422354340553284,1.441724181175232
13,6499202,2JDN,MdrDBcore03464,S23A+A22S,1.758,-0.10559375584125519,0.5422354340553284,1.441724181175232
13,6499202,1TPZ,MdrDBcore03465,L44R+S172R,-0.158,-0.17285671830177307,0.5422354340553284,1.441724181175232
13,6499202,2DOR,MdrDBcore03466,K136E,-0.793,0.7256811857223511,0.5422354340553284,1.441724181175232
13,6499202,2DOR,MdrDBcore03467,K213E,0.826,0.8707596659660339,0.5422354340553284,1.441724181175232
13,6499202,2DOR,MdrDBcore03468,N127A,1.546,1.0222313404083252,0.5422354340553284,1.441724181175232
13,6499202,2DOR,MdrDBcore03469,N193A,3.55,1.2128571271896362,0.5422354340553284,1.441724181175232
13,6499202,2DOR,MdrDBcore03470,N67A,0.247,1.0375317335128784,0.5422354340553284,1.441724181175232
13,6499202,2DOR,MdrDBcore03471,P131A,0.191,0.5972069501876831,0.5422354340553284,1.441724181175232
13,6499202,2DOR,MdrDBcore03472,P56A,2.318,0.7256811857223511,0.5422354340553284,1.441724181175232
13,6499202,2DOR,MdrDBcore03473,R50E,0.684,0.7256811857223511,0.5422354340553284,1.441724181175232
13,6499202,2DOR,MdrDBcore03474,R57A,0.703,0.7255638241767883,0.5422354340553284,1.441724181175232
13,6499202,2DOR,MdrDBcore03475,S129A,0.678,0.7784000635147095,0.5422354340553284,1.441724181175232
13,6499202,2RDE,MdrDBcore03476,L135R,-0.669,-0.8301854729652405,0.5422354340553284,1.441724181175232
13,6499202,3UM8,MdrDBcore03477,A16C,0.07,0.31689998507499695,0.5422354340553284,1.441724181175232
13,6499202,3UM8,MdrDBcore03478,A16G,0.732,1.0502628087997437,0.5422354340553284,1.441724181175232
13,6499202,3UM8,MdrDBcore03479,A16S,2.615,1.0203049182891846,0.5422354340553284,1.441724181175232
13,6499202,3UM8,MdrDBcore03480,S108N,1.241,0.8717063665390015,0.5422354340553284,1.441724181175232
13,6499202,3UM8,MdrDBcore03481,S108T,0.638,0.9123717546463013,0.5422354340553284,1.441724181175232
13,6499202,4B7J,MdrDBcore03482,H275Y,2.998,-0.6034212708473206,0.5422354340553284,1.441724181175232
13,6499202,4B7N,MdrDBcore03483,H275Y,0.513,0.05819676071405411,0.5422354340553284,1.441724181175232
13,6499202,4B7J,MdrDBcore03484,R223I,-2.297,-0.7713507413864136,0.5422354340553284,1.441724181175232
13,6499202,4B7N,MdrDBcore03485,R223I,-1.313,-0.1457214653491974,0.5422354340553284,1.441724181175232
13,6499202,2Q2A,MdrDBcore03486,E163Q,0.798,1.0189052820205688,0.5422354340553284,1.441724181175232
13,6499202,2Q2A,MdrDBcore03487,E35K,3.343,0.9471722841262817,0.5422354340553284,1.441724181175232
13,6499202,2Q2A,MdrDBcore03488,G168R,0.757,1.0189048051834106,0.5422354340553284,1.441724181175232
13,6499202,2Q2A,MdrDBcore03489,G40A,0.379,1.0189048051834106,0.5422354340553284,1.441724181175232
13,6499202,2Q2A,MdrDBcore03490,K41E,0.527,1.0189034938812256,0.5422354340553284,1.441724181175232
13,6499202,2Q2A,MdrDBcore03491,N166C,0.757,1.0189045667648315,0.5422354340553284,1.441724181175232
13,6499202,2Q2A,MdrDBcore03492,Q132L,1.247,1.0290578603744507,0.5422354340553284,1.441724181175232
13,6499202,2R5Q,MdrDBcore03493,D30N,2.384,1.1924058198928833,0.5422354340553284,1.441724181175232
13,6499202,2R5Q,MdrDBcore03494,D30N,2.384,1.1924060583114624,0.5422354340553284,1.441724181175232
13,6499202,2R5P,MdrDBcore03495,D30N,0.68,0.29168859124183655,0.5422354340553284,1.441724181175232
13,6499202,2R5Q,MdrDBcore03496,L90M,0.388,0.8706926107406616,0.5422354340553284,1.441724181175232
13,6499202,2R5Q,MdrDBcore03497,L90M,0.388,0.8706923723220825,0.5422354340553284,1.441724181175232
13,6499202,2R5P,MdrDBcore03498,L90M,0.197,0.5347160696983337,0.5422354340553284,1.441724181175232
13,6499202,2R5Q,MdrDBcore03499,N88D,0.493,0.8706926107406616,0.5422354340553284,1.441724181175232
13,6499202,2R5Q,MdrDBcore03500,N88D,0.493,0.8706926703453064,0.5422354340553284,1.441724181175232
13,6499202,2R5P,MdrDBcore03501,N88D,1.176,0.658905029296875,0.5422354340553284,1.441724181175232
13,6499202,2HDK,MdrDBcore03502,A318C,-0.072,-0.0027321353554725647,0.5422354340553284,1.441724181175232
13,6499202,1VKJ,MdrDBcore03503,E90Q,-0.554,-0.3796093761920929,0.5422354340553284,1.441724181175232
13,6499202,1VKJ,MdrDBcore03504,K123A,-0.143,-0.3789902627468109,0.5422354340553284,1.441724181175232
13,6499202,1VKJ,MdrDBcore03505,R67E,0.149,-0.3639076054096222,0.5422354340553284,1.441724181175232
13,6499202,1VKJ,MdrDBcore03506,R72E,-0.587,-0.676025927066803,0.5422354340553284,1.441724181175232
13,6499202,2OFW,MdrDBcore03507,H34N,-1.005,-0.7204228639602661,0.5422354340553284,1.441724181175232
13,6499202,2OFW,MdrDBcore03508,N27A,-0.917,-0.7204229831695557,0.5422354340553284,1.441724181175232
13,6499202,2OFW,MdrDBcore03509,Q31A,-0.889,-0.986302375793457,0.5422354340553284,1.441724181175232
13,6499202,3I73,MdrDBcore03510,S238A,0.869,1.1411978006362915,0.5422354340553284,1.441724181175232
13,6499202,2JBZ,MdrDBcore03511,D111A,0.477,0.3801700472831726,0.5422354340553284,1.441724181175232
13,6499202,2JBZ,MdrDBcore03512,E57A,1.116,0.4984563887119293,0.5422354340553284,1.441724181175232
13,6499202,2JBZ,MdrDBcore03513,H110A,0.1,0.4009558856487274,0.5422354340553284,1.441724181175232
13,6499202,2JBZ,MdrDBcore03514,R15A,0.441,0.3631878197193146,0.5422354340553284,1.441724181175232
13,6499202,2VZM,MdrDBcore03515,E85Q,0.582,0.4810326397418976,0.5422354340553284,1.441724181175232
13,6499202,2VZ7,MdrDBcore03516,E85Q,1.401,1.0547071695327759,0.5422354340553284,1.441724181175232
13,6499202,2VZM,MdrDBcore03517,E94Q,0.955,0.5373403429985046,0.5422354340553284,1.441724181175232
13,6499202,2VZM,MdrDBcore03518,N50D,0.184,0.6057286262512207,0.5422354340553284,1.441724181175232
13,6499202,2VZ7,MdrDBcore03519,N50D,0.765,0.9640265703201294,0.5422354340553284,1.441724181175232
13,6499202,1H0A,MdrDBcore03520,L6E,0.229,-0.39864596724510193,0.5422354340553284,1.441724181175232
13,6499202,1H0A,MdrDBcore03521,L6Q,-0.108,-0.39864587783813477,0.5422354340553284,1.441724181175232
13,6499202,1MPW,MdrDBcore03522,L244A,-0.132,-0.6524213552474976,0.5422354340553284,1.441724181175232
13,6499202,1MPW,MdrDBcore03523,L247V,-0.783,-0.6747573614120483,0.5422354340553284,1.441724181175232
13,6499202,1MPW,MdrDBcore03524,W87F,-0.452,-0.7488700151443481,0.5422354340553284,1.441724181175232
13,6499202,1AKR,MdrDBcore03525,A61G,-0.728,-0.5611947178840637,0.5422354340553284,1.441724181175232
13,6499202,1AKU,MdrDBcore03526,A95D,-0.786,-0.501550018787384,0.5422354340553284,1.441724181175232
13,6499202,1AKV,MdrDBcore03527,A95E,-0.812,-0.39556095004081726,0.5422354340553284,1.441724181175232
13,6499202,1AKV,MdrDBcore03528,A95N,-0.288,-0.3925236761569977,0.5422354340553284,1.441724181175232
13,6499202,1AKV,MdrDBcore03529,A95N,-0.377,-0.392524391412735,0.5422354340553284,1.441724181175232
13,6499202,1C7E,MdrDBcore03530,E95D,-0.383,-0.35409340262413025,0.5422354340553284,1.441724181175232
13,6499202,1AKW,MdrDBcore03531,L61G,-1.412,-0.6833689212799072,0.5422354340553284,1.441724181175232
13,6499202,1AKT,MdrDBcore03532,N61G,-1.535,-0.3432271480560303,0.5422354340553284,1.441724181175232
13,6499202,1HLD,MdrDBcore03533,F93A,1.679,1.5479127168655396,0.5422354340553284,1.441724181175232
13,6499202,1N92,MdrDBcore03534,T178S,-0.471,1.14458429813385,0.5422354340553284,1.441724181175232
13,6499202,1N92,MdrDBcore03535,T178V,1.26,1.2066620588302612,0.5422354340553284,1.441724181175232
13,6499202,1N92,MdrDBcore03536,V203A,-0.04,1.129305362701416,0.5422354340553284,1.441724181175232
13,6499202,1N92,MdrDBcore03537,V292A,2.115,1.1672236919403076,0.5422354340553284,1.441724181175232
13,6499202,1N92,MdrDBcore03538,V292S,2.337,1.081374168395996,0.5422354340553284,1.441724181175232
13,6499202,1N92,MdrDBcore03539,V292T,2.015,1.193023443222046,0.5422354340553284,1.441724181175232
13,6499202,3EIG,MdrDBcore03540,E35Q,-1.747,-2.058485269546509,0.5422354340553284,1.441724181175232
13,6499202,1DLR,MdrDBcore03541,F22W,-0.288,0.402140349149704,0.5422354340553284,1.441724181175232
13,6499202,1DLR,MdrDBcore03542,F22Y,1.991,1.4054189920425415,0.5422354340553284,1.441724181175232
13,6499202,3N0H,MdrDBcore03543,F64S,-0.103,-0.42280736565589905,0.5422354340553284,1.441724181175232
13,6499202,3S3V,MdrDBcore03544,K35S,0.033,-1.2360806465148926,0.5422354340553284,1.441724181175232
13,6499202,1U72,MdrDBcore03545,L22F,3.009,3.382814645767212,0.5422354340553284,1.441724181175232
13,6499202,1U72,MdrDBcore03546,L22R,4.268,4.1638078689575195,0.5422354340553284,1.441724181175232
13,6499202,1U72,MdrDBcore03547,L22W,4.233,3.882707118988037,0.5422354340553284,1.441724181175232
13,6499202,1U72,MdrDBcore03548,L22Y,4.783,3.5307745933532715,0.5422354340553284,1.441724181175232
13,6499202,3FS6,MdrDBcore03549,N64F,-2.245,0.9567903280258179,0.5422354340553284,1.441724181175232
13,6499202,2W3A,MdrDBcore03550,N64F,0.303,-0.7134590148925781,0.5422354340553284,1.441724181175232
13,6499202,2W3A,MdrDBcore03551,N64F,-1.416,-0.7134588956832886,0.5422354340553284,1.441724181175232
13,6499202,3FS6,MdrDBcore03552,N64S,-1.364,0.8361390829086304,0.5422354340553284,1.441724181175232
13,6499202,2W3A,MdrDBcore03553,N64S,0.199,-0.5159898400306702,0.5422354340553284,1.441724181175232
13,6499202,2W3A,MdrDBcore03554,N64S,-1.015,-0.5159899592399597,0.5422354340553284,1.441724181175232
13,6499202,3FS6,MdrDBcore03555,Q35K,-1.968,0.28094756603240967,0.5422354340553284,1.441724181175232
13,6499202,2W3A,MdrDBcore03556,Q35K,0.605,-0.6511469483375549,0.5422354340553284,1.441724181175232
13,6499202,2W3A,MdrDBcore03557,Q35K,-1.577,-0.651146650314331,0.5422354340553284,1.441724181175232
13,6499202,3FS6,MdrDBcore03558,Q35S,0.249,0.2663598656654358,0.5422354340553284,1.441724181175232
13,6499202,2W3A,MdrDBcore03559,Q35S,-0.1,-1.1068202257156372,0.5422354340553284,1.441724181175232
13,6499202,2W3A,MdrDBcore03560,Q35S,-0.655,-1.1068198680877686,0.5422354340553284,1.441724181175232
13,6499202,3EIG,MdrDBcore03561,R31F,-3.603,-2.4880642890930176,0.5422354340553284,1.441724181175232
13,6499202,3N0H,MdrDBcore03562,S35K,-0.033,-0.38217809796333313,0.5422354340553284,1.441724181175232
13,6499202,2P4T,MdrDBcore03563,H67Q,1.997,0.9771254062652588,0.5422354340553284,1.441724181175232
13,6499202,3PCA,MdrDBcore03564,Y408C,1.853,1.2444565296173096,0.5422354340553284,1.441724181175232
13,6499202,3PCA,MdrDBcore03565,Y408H,1.628,1.1406006813049316,0.5422354340553284,1.441724181175232
13,6499202,1BF3,MdrDBcore03566,K42R,-0.821,-0.23373395204544067,0.5422354340553284,1.441724181175232
13,6499202,1BF3,MdrDBcore03567,K42S,-0.108,-0.23373407125473022,0.5422354340553284,1.441724181175232
13,6499202,1NJB,MdrDBcore03568,C229A,0.036,0.1382259726524353,0.5422354340553284,1.441724181175232
13,6499202,1NJB,MdrDBcore03569,C229E,0.713,0.09130889922380447,0.5422354340553284,1.441724181175232
13,6499202,1NJB,MdrDBcore03570,C229G,-0.224,0.1328856647014618,0.5422354340553284,1.441724181175232
13,6499202,1NJB,MdrDBcore03571,C229I,1.29,0.050765976309776306,0.5422354340553284,1.441724181175232
13,6499202,1NJB,MdrDBcore03572,C229L,1.517,0.0008720681071281433,0.5422354340553284,1.441724181175232
13,6499202,1NJB,MdrDBcore03573,C229M,1.29,0.2424454391002655,0.5422354340553284,1.441724181175232
13,6499202,1NJB,MdrDBcore03574,C229Q,-0.242,-0.014602124691009521,0.5422354340553284,1.441724181175232
13,6499202,1NJB,MdrDBcore03575,C229S,-0.361,0.09971613436937332,0.5422354340553284,1.441724181175232
13,6499202,1NJB,MdrDBcore03576,C229T,1.688,0.09969618171453476,0.5422354340553284,1.441724181175232
13,6499202,1NJB,MdrDBcore03577,C229V,1.58,0.08297359198331833,0.5422354340553284,1.441724181175232
13,6499202,1NJB,MdrDBcore03578,C229W,2.091,0.228109210729599,0.5422354340553284,1.441724181175232
13,6499202,1TSL,MdrDBcore03579,E60D,1.089,0.2170465886592865,0.5422354340553284,1.441724181175232
13,6499202,1TSM,MdrDBcore03580,E60D,-0.543,-0.28121376037597656,0.5422354340553284,1.441724181175232
13,6499202,1NJE,MdrDBcore03581,N229A,-3.612,-0.23043754696846008,0.5422354340553284,1.441724181175232
13,6499202,1THY,MdrDBcore03582,N229A,0.888,0.8979784250259399,0.5422354340553284,1.441724181175232
13,6499202,1NJE,MdrDBcore03583,N229C,-3.61,-0.2699461877346039,0.5422354340553284,1.441724181175232
13,6499202,1THY,MdrDBcore03584,N229C,0.852,1.0051641464233398,0.5422354340553284,1.441724181175232
13,6499202,1NJE,MdrDBcore03585,N229D,-2.086,-0.059031449258327484,0.5422354340553284,1.441724181175232
13,6499202,1NJE,MdrDBcore03586,N229E,-1.22,-0.054820381104946136,0.5422354340553284,1.441724181175232
13,6499202,1NJE,MdrDBcore03587,N229G,-3.37,-0.21703478693962097,0.5422354340553284,1.441724181175232
13,6499202,1THY,MdrDBcore03588,N229G,0.477,0.7805512547492981,0.5422354340553284,1.441724181175232
13,6499202,1NJE,MdrDBcore03589,N229I,-2.015,-0.11200965940952301,0.5422354340553284,1.441724181175232
13,6499202,1THY,MdrDBcore03590,N229I,2.011,1.0357166528701782,0.5422354340553284,1.441724181175232
13,6499202,1NJE,MdrDBcore03591,N229L,-2.328,-0.05933377891778946,0.5422354340553284,1.441724181175232
13,6499202,1NJE,MdrDBcore03592,N229M,-3.527,0.012464895844459534,0.5422354340553284,1.441724181175232
13,6499202,1NJE,MdrDBcore03593,N229Q,0.329,-0.06466300785541534,0.5422354340553284,1.441724181175232
13,6499202,1NJE,MdrDBcore03594,N229S,-3.55,-0.254345178604126,0.5422354340553284,1.441724181175232
13,6499202,1THY,MdrDBcore03595,N229S,0.491,0.8593664169311523,0.5422354340553284,1.441724181175232
13,6499202,1NJE,MdrDBcore03596,N229T,-3.82,-0.25465065240859985,0.5422354340553284,1.441724181175232
13,6499202,1NJE,MdrDBcore03597,N229V,-2.104,-0.19767707586288452,0.5422354340553284,1.441724181175232
13,6499202,1NJE,MdrDBcore03598,N229W,-1.449,-0.807313084602356,0.5422354340553284,1.441724181175232
13,6499202,2TDM,MdrDBcore03599,R179A,2.596,1.3505561351776123,0.5422354340553284,1.441724181175232
13,6499202,2TDM,MdrDBcore03600,R179K,2.374,1.350556492805481,0.5422354340553284,1.441724181175232
13,6499202,1TSL,MdrDBcore03601,V316A,1.731,0.1209215447306633,0.5422354340553284,1.441724181175232
13,6499202,1TSM,MdrDBcore03602,V316A,1.52,-0.2812137305736542,0.5422354340553284,1.441724181175232
13,6499202,1TSL,MdrDBcore03603,W82Y,0.211,0.21704664826393127,0.5422354340553284,1.441724181175232
13,6499202,2ITY,MdrDBcore03604,G719S,0.48,-0.4967603087425232,0.5422354340553284,1.441724181175232
13,6499202,1CNQ,MdrDBcore03605,A54L,-0.145,-1.1647119522094727,0.5422354340553284,1.441724181175232
13,6499202,1YYZ,MdrDBcore03606,L54A,-5.046,-1.7884881496429443,0.5422354340553284,1.441724181175232
13,6499202,1OSS,MdrDBcore03607,P190A,-0.299,-0.4953862428665161,0.5422354340553284,1.441724181175232
13,6499202,1OSS,MdrDBcore03608,P190S,-0.728,-0.4051451086997986,0.5422354340553284,1.441724181175232
13,6499202,1OSS,MdrDBcore03609,P190T,-1.069,-0.4769650101661682,0.5422354340553284,1.441724181175232
13,6499202,1OSS,MdrDBcore03610,P190V,1.473,-0.5088471174240112,0.5422354340553284,1.441724181175232
13,6499202,2H4N,MdrDBcore03611,N94C,6.056,5.590653896331787,0.5422354340553284,1.441724181175232
13,6499202,2H4N,MdrDBcore03612,N94D,6.842,5.470182418823242,0.5422354340553284,1.441724181175232
13,6499202,2H4N,MdrDBcore03613,N94E,7.431,4.794835090637207,0.5422354340553284,1.441724181175232
13,6499202,2H4N,MdrDBcore03614,N94Q,2.861,4.2101593017578125,0.5422354340553284,1.441724181175232
13,6499202,1TPH,MdrDBcore03615,S96P,1.572,1.4386084079742432,0.5422354340553284,1.441724181175232
13,6499202,1OGZ,MdrDBcore03616,A39G,-0.143,0.07251308113336563,0.5422354340553284,1.441724181175232
13,6499202,2JGS,MdrDBcore03617,M76N,-1.684,-1.3912831544876099,0.5422354340553284,1.441724181175232
13,6499202,1HK1,MdrDBcore03618,R218H,-0.726,-0.8088156580924988,0.5422354340553284,1.441724181175232
13,6499202,1HK1,MdrDBcore03619,R218P,-1.292,-0.8419482111930847,0.5422354340553284,1.441724181175232
13,6499202,1AMW,MdrDBcore03620,E88G,0.076,0.8729848861694336,0.5422354340553284,1.441724181175232
13,6499202,1A4H,MdrDBcore03621,E88G,-0.113,0.07988221198320389,0.5422354340553284,1.441724181175232
13,6499202,1AMW,MdrDBcore03622,K44R,0.229,0.3731027841567993,0.5422354340553284,1.441724181175232
13,6499202,1A4H,MdrDBcore03623,K44R,0.245,-0.2998588979244232,0.5422354340553284,1.441724181175232
13,6499202,1AMW,MdrDBcore03624,K98N,0.65,1.029568076133728,0.5422354340553284,1.441724181175232
13,6499202,1A4H,MdrDBcore03625,K98N,-0.362,-0.6476930975914001,0.5422354340553284,1.441724181175232
13,6499202,1AMW,MdrDBcore03626,L89V,0.58,0.8729850649833679,0.5422354340553284,1.441724181175232
13,6499202,1A4H,MdrDBcore03627,L89V,-0.95,-0.40836596488952637,0.5422354340553284,1.441724181175232
13,6499202,1AMW,MdrDBcore03628,L93I,0.527,0.9454501867294312,0.5422354340553284,1.441724181175232
13,6499202,1A4H,MdrDBcore03629,L93I,-0.742,-0.29313093423843384,0.5422354340553284,1.441724181175232
13,6499202,1AMW,MdrDBcore03630,N92L,0.654,0.7943257093429565,0.5422354340553284,1.441724181175232
13,6499202,1A4H,MdrDBcore03631,N92L,0.19,-0.4493756592273712,0.5422354340553284,1.441724181175232
13,6499202,1AMW,MdrDBcore03632,V136M,1.221,0.878948450088501,0.5422354340553284,1.441724181175232
13,6499202,2VWC,MdrDBcore03633,V136M,0.399,0.18810874223709106,0.5422354340553284,1.441724181175232
13,6499202,1A4H,MdrDBcore03634,V136M,0.487,-0.21060696244239807,0.5422354340553284,1.441724181175232
13,6499202,1E2K,MdrDBcore03635,Y101F,0.893,0.29738038778305054,0.5422354340553284,1.441724181175232
13,6499202,2AQU,MdrDBcore03636,D30N,0.622,0.8853390216827393,0.5422354340553284,1.441724181175232
13,6499202,2AQU,MdrDBcore03637,D30N,0.622,0.8853393793106079,0.5422354340553284,1.441724181175232
13,6499202,1GNO,MdrDBcore03638,G48H,1.057,1.0090885162353516,0.5422354340553284,1.441724181175232
13,6499202,3TKW,MdrDBcore03639,G48V,2.001,1.3407868146896362,0.5422354340553284,1.441724181175232
13,6499202,3TKW,MdrDBcore03640,I50V,2.035,1.2785674333572388,0.5422354340553284,1.441724181175232
13,6499202,3NU3,MdrDBcore03641,I50V,2.015,0.9948108196258545,0.5422354340553284,1.441724181175232
13,6499202,3TKW,MdrDBcore03642,I54M,0.601,1.0364758968353271,0.5422354340553284,1.441724181175232
13,6499202,3NU3,MdrDBcore03643,I54M,0.713,1.036975622177124,0.5422354340553284,1.441724181175232
13,6499202,3TKW,MdrDBcore03644,I54V,1.276,1.0364757776260376,0.5422354340553284,1.441724181175232
13,6499202,3NU3,MdrDBcore03645,I54V,0.596,1.0369757413864136,0.5422354340553284,1.441724181175232
13,6499202,3NU3,MdrDBcore03646,I84V,1.062,1.1112760305404663,0.5422354340553284,1.441724181175232
13,6499202,1RTD,MdrDBcore03647,K65A,1.02,-0.26811128854751587,0.5422354340553284,1.441724181175232
13,6499202,1RTD,MdrDBcore03648,K65R,0.118,-0.2504082918167114,0.5422354340553284,1.441724181175232
13,6499202,3NU3,MdrDBcore03649,L90M,0.038,1.0369755029678345,0.5422354340553284,1.441724181175232
13,6499202,2AQU,MdrDBcore03650,L90M,0.526,0.7957327365875244,0.5422354340553284,1.441724181175232
13,6499202,2AQU,MdrDBcore03651,L90M,0.526,0.7957326173782349,0.5422354340553284,1.441724181175232
13,6499202,2AQU,MdrDBcore03652,N88D,0.651,0.7957326769828796,0.5422354340553284,1.441724181175232
13,6499202,2AQU,MdrDBcore03653,N88D,0.651,0.795732855796814,0.5422354340553284,1.441724181175232
13,6499202,1RTD,MdrDBcore03654,R72A,1.374,0.7010793089866638,0.5422354340553284,1.441724181175232
13,6499202,3NU3,MdrDBcore03655,V32I,1.364,1.0370001792907715,0.5422354340553284,1.441724181175232
13,6499202,1GNO,MdrDBcore03656,V82D,1.974,0.9293601512908936,0.5422354340553284,1.441724181175232
13,6499202,1GNO,MdrDBcore03657,V82N,2.757,0.972957968711853,0.5422354340553284,1.441724181175232
13,6499202,2Q64,MdrDBcore03658,A71V,0.954,0.9798702001571655,0.5422354340553284,1.441724181175232
13,6499202,2Q64,MdrDBcore03659,A71V,0.954,0.9798704385757446,0.5422354340553284,1.441724181175232
13,6499202,2Z4O,MdrDBcore03660,D30N,1.68,1.5235178470611572,0.5422354340553284,1.441724181175232
13,6499202,2Z4O,MdrDBcore03661,I50V,1.215,1.4967432022094727,0.5422354340553284,1.441724181175232
13,6499202,2ZGA,MdrDBcore03662,I50V,1.955,0.7664016485214233,0.5422354340553284,1.441724181175232
13,6499202,2IEN,MdrDBcore03663,I84V,0.689,1.1048222780227661,0.5422354340553284,1.441724181175232
13,6499202,2Z4O,MdrDBcore03664,I84V,0.679,1.524882197380066,0.5422354340553284,1.441724181175232
13,6499202,2ZGA,MdrDBcore03665,I84V,0.815,0.4837997853755951,0.5422354340553284,1.441724181175232
13,6499202,2Q64,MdrDBcore03666,L90M,1.159,0.9798706769943237,0.5422354340553284,1.441724181175232
13,6499202,2Q64,MdrDBcore03667,L90M,1.159,0.9798705577850342,0.5422354340553284,1.441724181175232
13,6499202,1SDT,MdrDBcore03668,L90M,-1.089,0.2681726813316345,0.5422354340553284,1.441724181175232
13,6499202,1SGU,MdrDBcore03669,M46I,-1.577,-0.4048488438129425,0.5422354340553284,1.441724181175232
13,6499202,1SH9,MdrDBcore03670,M46I,-0.238,-1.0090124607086182,0.5422354340553284,1.441724181175232
13,6499202,1SH9,MdrDBcore03671,M46I,-0.238,-1.0090129375457764,0.5422354340553284,1.441724181175232
13,6499202,2Q64,MdrDBcore03672,N30D,-1.775,1.2868794202804565,0.5422354340553284,1.441724181175232
13,6499202,2Q64,MdrDBcore03673,N88D,1.513,0.9798705577850342,0.5422354340553284,1.441724181175232
13,6499202,2Q64,MdrDBcore03674,N88D,1.513,0.9798704385757446,0.5422354340553284,1.441724181175232
13,6499202,2R43,MdrDBcore03675,V50I,-0.776,-0.8546714782714844,0.5422354340553284,1.441724181175232
13,6499202,2R3T,MdrDBcore03676,V50I,-0.997,-0.3373684287071228,0.5422354340553284,1.441724181175232
13,6499202,1SGU,MdrDBcore03677,V54I,-1.572,-0.7272221446037292,0.5422354340553284,1.441724181175232
13,6499202,1SH9,MdrDBcore03678,V54I,-0.589,-1.0305651426315308,0.5422354340553284,1.441724181175232
13,6499202,1SH9,MdrDBcore03679,V54I,-1.026,-1.0305653810501099,0.5422354340553284,1.441724181175232
13,6499202,2IEN,MdrDBcore03680,V82A,0.155,0.7229732871055603,0.5422354340553284,1.441724181175232
13,6499202,2Z4O,MdrDBcore03681,V82A,0.644,1.438341498374939,0.5422354340553284,1.441724181175232
13,6499202,1NH0,MdrDBcore03682,V82A,-0.292,0.8127458095550537,0.5422354340553284,1.441724181175232
13,6499202,1SDT,MdrDBcore03683,V82A,0.717,0.3808371126651764,0.5422354340553284,1.441724181175232
13,6499202,2R3W,MdrDBcore03684,V84I,0.442,0.52842116355896,0.5422354340553284,1.441724181175232
13,6499202,2R38,MdrDBcore03685,V84I,2.536,2.0736851692199707,0.5422354340553284,1.441724181175232
13,6499202,1SGU,MdrDBcore03686,V84I,-1.401,-0.6265867352485657,0.5422354340553284,1.441724181175232
13,6499202,1SH9,MdrDBcore03687,V84I,-1.026,-0.9611327052116394,0.5422354340553284,1.441724181175232
13,6499202,1SH9,MdrDBcore03688,V84I,-1.271,-0.9611325263977051,0.5422354340553284,1.441724181175232
13,6499202,1KDK,MdrDBcore03689,H136Q,0.17,0.38438135385513306,0.5422354340553284,1.441724181175232
13,6499202,1KDK,MdrDBcore03690,K134A,0.341,0.5877810716629028,0.5422354340553284,1.441724181175232
13,6499202,1KDK,MdrDBcore03691,L131G,1.651,0.5866727828979492,0.5422354340553284,1.441724181175232
13,6499202,1KDK,MdrDBcore03692,P130G,0.218,0.38438183069229126,0.5422354340553284,1.441724181175232
13,6499202,1KDK,MdrDBcore03693,P137G,0.062,0.38438180088996887,0.5422354340553284,1.441724181175232
13,6499202,1BWB,MdrDBcore03694,F82V,-1.589,0.4092511534690857,0.5422354340553284,1.441724181175232
13,6499202,1BWB,MdrDBcore03695,V84I,-2.566,0.44770947098731995,0.5422354340553284,1.441724181175232
13,6499202,2BPX,MdrDBcore03696,D30N,0.979,0.7940286993980408,0.5422354340553284,1.441724181175232
13,6499202,2AOD,MdrDBcore03697,I84V,1.061,-0.396150141954422,0.5422354340553284,1.441724181175232
13,6499202,2BPX,MdrDBcore03698,L90M,0.605,1.0492852926254272,0.5422354340553284,1.441724181175232
13,6499202,2BPX,MdrDBcore03699,N88D,1.01,1.0492855310440063,0.5422354340553284,1.441724181175232
13,6499202,2AOD,MdrDBcore03700,V82A,-0.835,-0.3973229229450226,0.5422354340553284,1.441724181175232
13,6499202,3BC4,MdrDBcore03701,V84I,0.884,1.0037809610366821,0.5422354340553284,1.441724181175232
13,6499202,2J27,MdrDBcore03702,A168P,-0.821,-0.7150297164916992,0.5422354340553284,1.441724181175232
13,6499202,2V2C,MdrDBcore03703,L178A,-1.217,-0.09524662047624588,0.5422354340553284,1.441724181175232
13,6499202,3E6K,MdrDBcore03704,A183D,-4.292,-1.2015324831008911,0.5422354340553284,1.441724181175232
13,6499202,3E6V,MdrDBcore03705,N183D,-2.003,-1.598975419998169,0.5422354340553284,1.441724181175232
13,6499202,3DT4,MdrDBcore03706,A467G,-4.914,-0.7340742945671082,0.5422354340553284,1.441724181175232
13,6499202,3DTB,MdrDBcore03707,A467G,1.019,-0.07376110553741455,0.5422354340553284,1.441724181175232
13,6499202,3DT7,MdrDBcore03708,A467G,-1.118,-0.6798067092895508,0.5422354340553284,1.441724181175232
13,6499202,1OH0,MdrDBcore03709,W92A,0.467,0.5159390568733215,0.5422354340553284,1.441724181175232
13,6499202,3E9B,MdrDBcore03710,A135S,-2.123,-1.783880352973938,0.5422354340553284,1.441724181175232
13,6499202,3E9B,MdrDBcore03711,A135T,-1.434,-1.7656729221343994,0.5422354340553284,1.441724181175232
13,6499202,1K3L,MdrDBcore03712,I219A,1.731,2.147665500640869,0.5422354340553284,1.441724181175232
13,6499202,3E2Q,MdrDBcore03713,S540A,0.29,-0.14183062314987183,0.5422354340553284,1.441724181175232
13,6499202,3E2S,MdrDBcore03714,S540A,0.977,1.7352405786514282,0.5422354340553284,1.441724181175232
13,6499202,3E2R,MdrDBcore03715,S540A,0.984,-0.7049092650413513,0.5422354340553284,1.441724181175232
13,6499202,3E2Q,MdrDBcore03716,S540Y,0.814,-0.2267998456954956,0.5422354340553284,1.441724181175232
13,6499202,3E2R,MdrDBcore03717,S540Y,-1.708,-0.7270458936691284,0.5422354340553284,1.441724181175232
13,6499202,3FRE,MdrDBcore03718,F98Y,3.051,2.9881396293640137,0.5422354340553284,1.441724181175232
13,6499202,3I8A,MdrDBcore03719,N30H,-0.531,0.08712615817785263,0.5422354340553284,1.441724181175232
13,6499202,2V5V,MdrDBcore03720,E57K,0.441,0.6976644992828369,0.5422354340553284,1.441724181175232
13,6499202,2V5V,MdrDBcore03721,E57R,0.404,0.5540671348571777,0.5422354340553284,1.441724181175232
13,6499202,2V5V,MdrDBcore03722,E57W,-0.821,0.7403057217597961,0.5422354340553284,1.441724181175232
13,6499202,1FLV,MdrDBcore03723,W57A,2.24,1.511406421661377,0.5422354340553284,1.441724181175232
13,6499202,1FLV,MdrDBcore03724,W57F,2.054,1.5953712463378906,0.5422354340553284,1.441724181175232
13,6499202,1FLV,MdrDBcore03725,W57L,1.927,1.5952948331832886,0.5422354340553284,1.441724181175232
13,6499202,1FLV,MdrDBcore03726,W57Y,1.516,1.6081557273864746,0.5422354340553284,1.441724181175232
13,6499202,1FLV,MdrDBcore03727,Y94A,3.963,1.3840442895889282,0.5422354340553284,1.441724181175232
13,6499202,1FLV,MdrDBcore03728,Y94F,0.821,1.4407018423080444,0.5422354340553284,1.441724181175232
13,6499202,1FLV,MdrDBcore03729,Y94W,1.514,1.4663331508636475,0.5422354340553284,1.441724181175232
13,6499202,2QFU,MdrDBcore03730,L101P,-3.025,0.27373212575912476,0.5422354340553284,1.441724181175232
13,6499202,2QFQ,MdrDBcore03731,L101P,-0.303,0.15526297688484192,0.5422354340553284,1.441724181175232
13,6499202,1G6S,MdrDBcore03732,P101S,1.364,0.7867820262908936,0.5422354340553284,1.441724181175232
13,6499202,1G6T,MdrDBcore03733,P101S,0.232,0.18400052189826965,0.5422354340553284,1.441724181175232
13,6499202,2QFT,MdrDBcore03734,S101A,0.734,0.8001164793968201,0.5422354340553284,1.441724181175232
13,6499202,2QFS,MdrDBcore03735,S101A,-0.17,0.24643594026565552,0.5422354340553284,1.441724181175232
13,6499202,2QFT,MdrDBcore03736,S101G,0.462,0.800117015838623,0.5422354340553284,1.441724181175232
13,6499202,2QFS,MdrDBcore03737,S101G,-0.17,0.2464359998703003,0.5422354340553284,1.441724181175232
13,6499202,2QFT,MdrDBcore03738,S101P,-1.553,0.21154585480690002,0.5422354340553284,1.441724181175232
13,6499202,2QFS,MdrDBcore03739,S101P,-0.17,0.24569854140281677,0.5422354340553284,1.441724181175232
13,6499202,1G6S,MdrDBcore03740,T97I,3.379,1.2016135454177856,0.5422354340553284,1.441724181175232
13,6499202,1G6T,MdrDBcore03741,T97I,0.28,0.1913348138332367,0.5422354340553284,1.441724181175232
13,6499202,1EGH,MdrDBcore03742,H98N,0.631,-1.2897616624832153,0.5422354340553284,1.441724181175232
13,6499202,1OWB,MdrDBcore03743,L109R,0.191,0.0880800113081932,0.5422354340553284,1.441724181175232
13,6499202,1Z95,MdrDBcore03744,L741W,0.383,0.6134448647499084,0.5422354340553284,1.441724181175232
13,6499202,2AMA,MdrDBcore03745,W741L,2.193,2.08801007270813,0.5422354340553284,1.441724181175232
13,6499202,1WDR,MdrDBcore03746,S342T,0.603,0.7329455018043518,0.5422354340553284,1.441724181175232
13,6499202,1WDQ,MdrDBcore03747,V342T,-0.127,-0.23151716589927673,0.5422354340553284,1.441724181175232
13,6499202,3G0E,MdrDBcore03748,D816H,0.056,-0.1265847086906433,0.5422354340553284,1.441724181175232
13,6499202,3G0E,MdrDBcore03749,D816V,-0.255,-0.1265847384929657,0.5422354340553284,1.441724181175232
13,6499202,3G0E,MdrDBcore03750,V560D,-0.897,-0.1265847384929657,0.5422354340553284,1.441724181175232
13,6499202,2OBF,MdrDBcore03751,A57K,1.971,1.798284649848938,0.5422354340553284,1.441724181175232
13,6499202,1N7J,MdrDBcore03752,D267A,4.398,3.851699113845825,0.5422354340553284,1.441724181175232
13,6499202,1N7I,MdrDBcore03753,D267A,2.902,3.083834409713745,0.5422354340553284,1.441724181175232
13,6499202,1YZ3,MdrDBcore03754,D267A,3.832,4.227159023284912,0.5422354340553284,1.441724181175232
13,6499202,1HNN,MdrDBcore03755,D267A,4.676,4.2830095291137695,0.5422354340553284,1.441724181175232
13,6499202,1N7J,MdrDBcore03756,E219A,3.616,0.884084165096283,0.5422354340553284,1.441724181175232
13,6499202,1N7I,MdrDBcore03757,E219A,3.889,3.634253978729248,0.5422354340553284,1.441724181175232
13,6499202,1YZ3,MdrDBcore03758,E219A,4.022,4.1125874519348145,0.5422354340553284,1.441724181175232
13,6499202,1HNN,MdrDBcore03759,E219A,4.362,4.514206886291504,0.5422354340553284,1.441724181175232
13,6499202,2G72,MdrDBcore03760,K57A,-3.06,-0.9631934762001038,0.5422354340553284,1.441724181175232
13,6499202,2G71,MdrDBcore03761,K57A,-0.428,0.6499432921409607,0.5422354340553284,1.441724181175232
13,6499202,2G70,MdrDBcore03762,K57A,1.27,0.6351326704025269,0.5422354340553284,1.441724181175232
13,6499202,1N7J,MdrDBcore03763,K57A,1.729,2.779979705810547,0.5422354340553284,1.441724181175232
13,6499202,1N7I,MdrDBcore03764,K57A,1.792,1.5732347965240479,0.5422354340553284,1.441724181175232
13,6499202,1YZ3,MdrDBcore03765,K57A,1.682,4.113703727722168,0.5422354340553284,1.441724181175232
13,6499202,1HNN,MdrDBcore03766,K57A,2.401,1.2251958847045898,0.5422354340553284,1.441724181175232
13,6499202,2ONY,MdrDBcore03767,K57A,-3.013,-0.4544902741909027,0.5422354340553284,1.441724181175232
13,6499202,1N7J,MdrDBcore03768,V53A,0.698,0.8439478278160095,0.5422354340553284,1.441724181175232
13,6499202,1N7I,MdrDBcore03769,V53A,0.967,3.3181087970733643,0.5422354340553284,1.441724181175232
13,6499202,1YZ3,MdrDBcore03770,V53A,1.485,4.252496242523193,0.5422354340553284,1.441724181175232
13,6499202,1HNN,MdrDBcore03771,V53A,0.973,1.2067240476608276,0.5422354340553284,1.441724181175232
13,6499202,2II4,MdrDBcore03772,D288A,0.869,1.0059353113174438,0.5422354340553284,1.441724181175232
13,6499202,2II4,MdrDBcore03773,K252N,0.77,1.0059374570846558,0.5422354340553284,1.441724181175232
13,6499202,2II4,MdrDBcore03774,L293A,1.256,1.0151951313018799,0.5422354340553284,1.441724181175232
13,6499202,2II4,MdrDBcore03775,R230G,1.344,1.0017775297164917,0.5422354340553284,1.441724181175232
13,6499202,2II4,MdrDBcore03776,R240C,0.657,1.0059372186660767,0.5422354340553284,1.441724181175232
13,6499202,3EBS,MdrDBcore03777,G369S,0.651,0.25512775778770447,0.5422354340553284,1.441724181175232
13,6499202,3EBS,MdrDBcore03778,S208I,-0.284,0.04831194132566452,0.5422354340553284,1.441724181175232
13,6499202,1QY1,MdrDBcore03779,Y120F,1.121,1.1948939561843872,0.5422354340553284,1.441724181175232
13,6499202,1OGG,MdrDBcore03780,N142D,-2.318,-1.87655508518219,0.5422354340553284,1.441724181175232
13,6499202,1V11,MdrDBcore03781,A287R,-2.478,-1.1452863216400146,0.5422354340553284,1.441724181175232
13,6499202,1U5B,MdrDBcore03782,S292D,1.912,-1.0569735765457153,0.5422354340553284,1.441724181175232
13,6499202,1U5B,MdrDBcore03783,S292E,2.069,-1.03495454788208,0.5422354340553284,1.441724181175232
13,6499202,1U5B,MdrDBcore03784,S292N,2.089,-1.03495454788208,0.5422354340553284,1.441724181175232
13,6499202,1U5B,MdrDBcore03785,S292Q,2.156,-1.03495454788208,0.5422354340553284,1.441724181175232
13,6499202,3BKL,MdrDBcore03786,D453E,-0.056,0.4128194749355316,0.5422354340553284,1.441724181175232
13,6499202,3BKK,MdrDBcore03787,E376D,0.629,1.0388314723968506,0.5422354340553284,1.441724181175232
13,6499202,3BKL,MdrDBcore03788,E376D,0.731,0.40767398476600647,0.5422354340553284,1.441724181175232
13,6499202,3BKL,MdrDBcore03789,E403R,-0.616,0.5375261306762695,0.5422354340553284,1.441724181175232
13,6499202,3BKK,MdrDBcore03790,F391Y,0.917,1.0708156824111938,0.5422354340553284,1.441724181175232
13,6499202,3BKL,MdrDBcore03791,F391Y,1.153,0.45606186985969543,0.5422354340553284,1.441724181175232
13,6499202,3BKL,MdrDBcore03792,S516N,-0.185,0.5084273219108582,0.5422354340553284,1.441724181175232
13,6499202,3BKL,MdrDBcore03793,T282S,0.18,0.5136597156524658,0.5422354340553284,1.441724181175232
13,6499202,3BKK,MdrDBcore03794,V379S,-0.014,1.0388303995132446,0.5422354340553284,1.441724181175232
13,6499202,3BKL,MdrDBcore03795,V379S,-1.399,0.1005229577422142,0.5422354340553284,1.441724181175232
13,6499202,3BKK,MdrDBcore03796,V380T,0.491,0.9464859962463379,0.5422354340553284,1.441724181175232
13,6499202,3BKL,MdrDBcore03797,V380T,0.807,0.22799795866012573,0.5422354340553284,1.441724181175232
13,6499202,3BKK,MdrDBcore03798,V518T,1.826,1.0947790145874023,0.5422354340553284,1.441724181175232
13,6499202,3BKL,MdrDBcore03799,V518T,1.578,0.4529765546321869,0.5422354340553284,1.441724181175232
13,6499202,3QGT,MdrDBcore03800,A16C,0.17,0.7722195982933044,0.5422354340553284,1.441724181175232
13,6499202,3QGT,MdrDBcore03801,A16G,0.502,0.9143245220184326,0.5422354340553284,1.441724181175232
13,6499202,3QGT,MdrDBcore03802,A16S,1.775,0.9200587868690491,0.5422354340553284,1.441724181175232
13,6499202,3QGT,MdrDBcore03803,S108N,1.866,0.9719737768173218,0.5422354340553284,1.441724181175232
13,6499202,3QGT,MdrDBcore03804,S108T,0.0,0.8897223472595215,0.5422354340553284,1.441724181175232
13,6499202,1JPZ,MdrDBcore03805,A328V,-1.162,-0.730049192905426,0.5422354340553284,1.441724181175232
13,6499202,2INZ,MdrDBcore03806,C298A,0.974,0.47689250111579895,0.5422354340553284,1.441724181175232
13,6499202,2INE,MdrDBcore03807,C298A,0.681,3.311038017272949,0.5422354340553284,1.441724181175232
13,6499202,2PZN,MdrDBcore03808,C303D,2.471,2.090275764465332,0.5422354340553284,1.441724181175232
13,6499202,2PDG,MdrDBcore03809,C303D,2.399,1.4556885957717896,0.5422354340553284,1.441724181175232
13,6499202,1PWM,MdrDBcore03810,C303D,1.032,1.1184922456741333,0.5422354340553284,1.441724181175232
13,6499202,2PZN,MdrDBcore03811,F121P,1.104,1.7149301767349243,0.5422354340553284,1.441724181175232
13,6499202,2PDG,MdrDBcore03812,F121P,0.528,1.2220284938812256,0.5422354340553284,1.441724181175232
13,6499202,1PWM,MdrDBcore03813,F121P,0.288,1.0855224132537842,0.5422354340553284,1.441724181175232
13,6499202,2PZN,MdrDBcore03814,L300A,0.456,1.8355661630630493,0.5422354340553284,1.441724181175232
13,6499202,2PDG,MdrDBcore03815,L300A,-0.24,1.1789402961730957,0.5422354340553284,1.441724181175232
13,6499202,1PWM,MdrDBcore03816,L300A,0.456,1.0981332063674927,0.5422354340553284,1.441724181175232
13,6499202,2IKI,MdrDBcore03817,L300P,2.615,1.2862251996994019,0.5422354340553284,1.441724181175232
13,6499202,2PZN,MdrDBcore03818,L300P,1.416,1.882181167602539,0.5422354340553284,1.441724181175232
13,6499202,2PDG,MdrDBcore03819,L300P,1.101,1.2387949228286743,0.5422354340553284,1.441724181175232
13,6499202,1PWM,MdrDBcore03820,L300P,1.871,1.1878007650375366,0.5422354340553284,1.441724181175232
13,6499202,1PWM,MdrDBcore03821,L301M,0.696,1.144195556640625,0.5422354340553284,1.441724181175232
13,6499202,2FZD,MdrDBcore03822,L301M,0.6,1.8843703269958496,0.5422354340553284,1.441724181175232
13,6499202,2PZN,MdrDBcore03823,S302R,2.519,1.8901233673095703,0.5422354340553284,1.441724181175232
13,6499202,2PDG,MdrDBcore03824,S302R,2.783,1.229552149772644,0.5422354340553284,1.441724181175232
13,6499202,2IKI,MdrDBcore03825,T113A,0.773,0.7141492962837219,0.5422354340553284,1.441724181175232
13,6499202,1US0,MdrDBcore03826,T113A,1.198,-0.45680513978004456,0.5422354340553284,1.441724181175232
13,6499202,2IKI,MdrDBcore03827,T113C,0.142,0.7278180718421936,0.5422354340553284,1.441724181175232
13,6499202,1US0,MdrDBcore03828,T113C,-1.523,-0.2037735879421234,0.5422354340553284,1.441724181175232
13,6499202,1US0,MdrDBcore03829,T113S,0.994,0.13669472932815552,0.5422354340553284,1.441724181175232
13,6499202,2IKI,MdrDBcore03830,T113V,1.54,1.1056956052780151,0.5422354340553284,1.441724181175232
13,6499202,1US0,MdrDBcore03831,T113V,0.766,-0.1727743148803711,0.5422354340553284,1.441724181175232
13,6499202,2IKI,MdrDBcore03832,T113Y,2.063,1.7047011852264404,0.5422354340553284,1.441724181175232
13,6499202,2PZN,MdrDBcore03833,T113Y,2.327,2.0931973457336426,0.5422354340553284,1.441724181175232
13,6499202,2PDG,MdrDBcore03834,T113Y,2.591,1.9415754079818726,0.5422354340553284,1.441724181175232
13,6499202,1PWM,MdrDBcore03835,T113Y,2.063,1.1690443754196167,0.5422354340553284,1.441724181175232
13,6499202,2IKI,MdrDBcore03836,V47I,-0.312,1.117164969444275,0.5422354340553284,1.441724181175232
13,6499202,2PDG,MdrDBcore03837,V47I,1.2,1.3315943479537964,0.5422354340553284,1.441724181175232
13,6499202,1PWM,MdrDBcore03838,V47I,0.144,1.085292935371399,0.5422354340553284,1.441724181175232
13,6499202,1GZF,MdrDBcore03839,Q182A,0.132,0.5077619552612305,0.5422354340553284,1.441724181175232
13,6499202,1GZF,MdrDBcore03840,Q212A,0.527,0.3144562244415283,0.5422354340553284,1.441724181175232
13,6499202,1P1Q,MdrDBcore03841,T138L,-3.696,-1.3150684833526611,0.5422354340553284,1.441724181175232
13,6499202,1P1N,MdrDBcore03842,T138L,1.478,1.63369619846344,0.5422354340553284,1.441724181175232
13,6499202,1P1O,MdrDBcore03843,T138L,-3.057,-2.6224875450134277,0.5422354340553284,1.441724181175232
13,6499202,1SYH,MdrDBcore03844,Y187F,1.266,1.72629976272583,0.5422354340553284,1.441724181175232
13,6499202,2HA4,MdrDBcore03845,A203S,-2.14,-1.7646161317825317,0.5422354340553284,1.441724181175232
13,6499202,2HA5,MdrDBcore03846,A203S,-1.541,-1.1516096591949463,0.5422354340553284,1.441724181175232
13,6499202,2HA7,MdrDBcore03847,A203S,-0.384,-0.5261117219924927,0.5422354340553284,1.441724181175232
13,6499202,2HA0,MdrDBcore03848,S203A,1.864,1.2090778350830078,0.5422354340553284,1.441724181175232
13,6499202,2HA3,MdrDBcore03849,S203A,0.768,0.26358190178871155,0.5422354340553284,1.441724181175232
13,6499202,2GMK,MdrDBcore03850,A91E,-0.667,-0.5030236840248108,0.5422354340553284,1.441724181175232
13,6499202,2GMK,MdrDBcore03851,N89T,-0.086,-0.5030238628387451,0.5422354340553284,1.441724181175232
13,6499202,1DF8,MdrDBcore03852,A45S,-4.05,-1.806762933731079,0.5422354340553284,1.441724181175232
13,6499202,1DF8,MdrDBcore03853,D128A,7.869,-1.7316081523895264,0.5422354340553284,1.441724181175232
13,6499202,3RY2,MdrDBcore03854,S52G,0.155,-0.515109121799469,0.5422354340553284,1.441724181175232
13,6499202,1KC7,MdrDBcore03855,D620N,-1.605,-1.0684248208999634,0.5422354340553284,1.441724181175232
13,6499202,1XQD,MdrDBcore03856,G73S,1.775,1.3878092765808105,0.5422354340553284,1.441724181175232
13,6499202,1GZ4,MdrDBcore03857,R197Q,0.631,1.0248689651489258,0.5422354340553284,1.441724181175232
13,6499202,1GZ4,MdrDBcore03858,R542V,0.814,0.9365644454956055,0.5422354340553284,1.441724181175232
13,6499202,3LZS,MdrDBcore03859,N88S,1.231,0.6946800947189331,0.5422354340553284,1.441724181175232
13,6499202,2O2Q,MdrDBcore03860,C707A,1.371,-0.997131884098053,0.5422354340553284,1.441724181175232
13,6499202,2O2R,MdrDBcore03861,C707A,-0.968,0.6214633584022522,0.5422354340553284,1.441724181175232
13,6499202,2O2Q,MdrDBcore03862,E673A,-2.859,-0.9862692952156067,0.5422354340553284,1.441724181175232
13,6499202,2O2Q,MdrDBcore03863,E673Q,-0.742,-0.9957551956176758,0.5422354340553284,1.441724181175232
13,6499202,1P6L,MdrDBcore03864,N368D,-1.435,0.23698389530181885,0.5422354340553284,1.441724181175232
13,6499202,1P6N,MdrDBcore03865,N368D,-1.82,0.2106715440750122,0.5422354340553284,1.441724181175232
13,6499202,1P6H,MdrDBcore03866,D597N,3.205,0.46692684292793274,0.5422354340553284,1.441724181175232
13,6499202,1P6J,MdrDBcore03867,D597N,3.139,0.42722997069358826,0.5422354340553284,1.441724181175232
13,6499202,2CA8,MdrDBcore03868,R21L,1.518,0.9831351041793823,0.5422354340553284,1.441724181175232
13,6499202,2C80,MdrDBcore03869,R21L,0.487,-0.277839720249176,0.5422354340553284,1.441724181175232
13,6499202,2CA8,MdrDBcore03870,R21Q,-0.028,0.983135461807251,0.5422354340553284,1.441724181175232
13,6499202,2C80,MdrDBcore03871,R21Q,-0.638,-0.27783986926078796,0.5422354340553284,1.441724181175232
13,6499202,2CA8,MdrDBcore03872,Y10F,-0.028,0.6434262990951538,0.5422354340553284,1.441724181175232
13,6499202,1IYK,MdrDBcore03873,D110A,1.511,0.5349781513214111,0.5422354340553284,1.441724181175232
13,6499202,1IYK,MdrDBcore03874,D112A,2.22,0.5056414008140564,0.5422354340553284,1.441724181175232
13,6499202,1IYK,MdrDBcore03875,D412A,2.647,0.5073502063751221,0.5422354340553284,1.441724181175232
13,6499202,1IYK,MdrDBcore03876,F339A,1.17,0.47611913084983826,0.5422354340553284,1.441724181175232
13,6499202,1IYK,MdrDBcore03877,G413A,-0.195,0.43371865153312683,0.5422354340553284,1.441724181175232
13,6499202,1IYK,MdrDBcore03878,H227A,2.007,0.509653627872467,0.5422354340553284,1.441724181175232
13,6499202,1IYK,MdrDBcore03879,I111A,0.199,0.47202953696250916,0.5422354340553284,1.441724181175232
13,6499202,1IYK,MdrDBcore03880,I352A,1.17,0.46988996863365173,0.5422354340553284,1.441724181175232
13,6499202,1IYK,MdrDBcore03881,L350V,-0.132,0.46988973021507263,0.5422354340553284,1.441724181175232
13,6499202,1IYK,MdrDBcore03882,L451A,0.0,0.4913000166416168,0.5422354340553284,1.441724181175232
13,6499202,1IYK,MdrDBcore03883,L451Q,0.566,0.49139896035194397,0.5422354340553284,1.441724181175232
13,6499202,1IYK,MdrDBcore03884,N175A,1.41,0.5341647267341614,0.5422354340553284,1.441724181175232
13,6499202,1IYK,MdrDBcore03885,P229A,0.108,0.42460334300994873,0.5422354340553284,1.441724181175232
13,6499202,1IYK,MdrDBcore03886,S241A,0.667,0.5105506181716919,0.5422354340553284,1.441724181175232
13,6499202,1IYK,MdrDBcore03887,T114A,-0.675,0.45269128680229187,0.5422354340553284,1.441724181175232
13,6499202,1IYK,MdrDBcore03888,T211A,0.046,0.5025847554206848,0.5422354340553284,1.441724181175232
13,6499202,1IYK,MdrDBcore03889,V108A,-0.303,0.46210160851478577,0.5422354340553284,1.441724181175232
13,6499202,1IYK,MdrDBcore03890,W232A,0.718,0.4698900878429413,0.5422354340553284,1.441724181175232
13,6499202,1IYK,MdrDBcore03891,Y107A,1.232,0.3628574311733246,0.5422354340553284,1.441724181175232
13,6499202,1IYK,MdrDBcore03892,Y119A,1.062,0.4569331109523773,0.5422354340553284,1.441724181175232
13,6499202,1IYK,MdrDBcore03893,Y354A,1.289,0.3628579378128052,0.5422354340553284,1.441724181175232
13,6499202,2VQZ,MdrDBcore03894,F323A,0.282,0.6669229865074158,0.5422354340553284,1.441724181175232
13,6499202,2VQZ,MdrDBcore03895,F325A,0.509,0.6554037928581238,0.5422354340553284,1.441724181175232
13,6499202,2VQZ,MdrDBcore03896,F404A,1.171,0.6594905853271484,0.5422354340553284,1.441724181175232
13,6499202,2VQZ,MdrDBcore03897,H357A,0.916,0.6480949521064758,0.5422354340553284,1.441724181175232
13,6499202,2VQZ,MdrDBcore03898,H357W,-1.184,0.7184860706329346,0.5422354340553284,1.441724181175232
13,6499202,1P7T,MdrDBcore03899,R338K,1.483,0.826841413974762,0.5422354340553284,1.441724181175232
13,6499202,1P7T,MdrDBcore03900,R338K,0.278,0.8268412351608276,0.5422354340553284,1.441724181175232
13,6499202,3AH4,MdrDBcore03901,F179I,0.22,-0.5002833604812622,0.5422354340553284,1.441724181175232
13,6499202,3AJ5,MdrDBcore03902,F179I,0.322,-0.17101973295211792,0.5422354340553284,1.441724181175232
13,6499202,3AH4,MdrDBcore03903,W176A,0.109,0.10174114257097244,0.5422354340553284,1.441724181175232
13,6499202,3AJ5,MdrDBcore03904,W176A,0.425,-0.17101967334747314,0.5422354340553284,1.441724181175232
13,6499202,1AMK,MdrDBcore03905,E65Q,-0.024,0.6213199496269226,0.5422354340553284,1.441724181175232
13,6499202,1XJB,MdrDBcore03906,R301L,-0.028,-0.07078982889652252,0.5422354340553284,1.441724181175232
13,6499202,1XJB,MdrDBcore03907,R304L,0.404,-0.07079003751277924,0.5422354340553284,1.441724181175232
13,6499202,3HU2,MdrDBcore03908,A86R,1.598,1.007494330406189,0.5422354340553284,1.441724181175232
13,6499202,3HU1,MdrDBcore03909,G95R,1.14,0.7899461984634399,0.5422354340553284,1.441724181175232
13,6499202,3HU3,MdrDBcore03910,H155R,1.14,-0.7993800640106201,0.5422354340553284,1.441724181175232
13,6499202,1LO8,MdrDBcore03911,D17N,-0.051,-0.14385491609573364,0.5422354340553284,1.441724181175232
13,6499202,1LO7,MdrDBcore03912,D17N,0.143,0.08681627362966537,0.5422354340553284,1.441724181175232
13,6499202,1B74,MdrDBcore03913,D7S,-0.268,0.08874107152223587,0.5422354340553284,1.441724181175232
13,6499202,1B74,MdrDBcore03914,E147N,1.005,0.6335816979408264,0.5422354340553284,1.441724181175232
13,6499202,1O0N,MdrDBcore03915,T45G,0.489,-0.030736088752746582,0.5422354340553284,1.441724181175232
13,6499202,1W4Q,MdrDBcore03916,T45G,2.07,0.5738419890403748,0.5422354340553284,1.441724181175232
13,6499202,1PZO,MdrDBcore03917,T182M,0.012,-0.01641041785478592,0.5422354340553284,1.441724181175232
13,6499202,1W96,MdrDBcore03918,E477R,1.489,0.9065949320793152,0.5422354340553284,1.441724181175232
13,6499202,1W96,MdrDBcore03919,F510I,0.621,0.4440198838710785,0.5422354340553284,1.441724181175232
13,6499202,1W96,MdrDBcore03920,I69E,1.945,0.46395114064216614,0.5422354340553284,1.441724181175232
13,6499202,1W96,MdrDBcore03921,K73R,3.699,1.0591559410095215,0.5422354340553284,1.441724181175232
13,6499202,1W96,MdrDBcore03922,N485G,0.178,0.5537558197975159,0.5422354340553284,1.441724181175232
13,6499202,1WCQ,MdrDBcore03923,F370D,1.218,0.3974650800228119,0.5422354340553284,1.441724181175232
13,6499202,1WCQ,MdrDBcore03924,F370E,0.633,0.37588733434677124,0.5422354340553284,1.441724181175232
13,6499202,1WCQ,MdrDBcore03925,F370Y,-0.811,0.17828607559204102,0.5422354340553284,1.441724181175232
13,6499202,3NTY,MdrDBcore03926,F311A,0.33,0.8165847063064575,0.5422354340553284,1.441724181175232
13,6499202,3C3U,MdrDBcore03927,F311A,0.066,0.6253430843353271,0.5422354340553284,1.441724181175232
13,6499202,3NTY,MdrDBcore03928,F311L,-0.007,0.8823972344398499,0.5422354340553284,1.441724181175232
13,6499202,3C3U,MdrDBcore03929,F311L,0.101,0.6253432035446167,0.5422354340553284,1.441724181175232
13,6499202,3C3U,MdrDBcore03930,H222S,1.354,0.7666904926300049,0.5422354340553284,1.441724181175232
13,6499202,3NTY,MdrDBcore03931,L306A,2.607,1.816933512687683,0.5422354340553284,1.441724181175232
13,6499202,3C3U,MdrDBcore03932,L306A,2.272,0.6940181255340576,0.5422354340553284,1.441724181175232
13,6499202,3NTY,MdrDBcore03933,L308A,0.197,0.9585267305374146,0.5422354340553284,1.441724181175232
13,6499202,3C3U,MdrDBcore03934,L308A,3.649,0.6743577122688293,0.5422354340553284,1.441724181175232
13,6499202,3NTY,MdrDBcore03935,L308V,0.404,0.9848501682281494,0.5422354340553284,1.441724181175232
13,6499202,3C3U,MdrDBcore03936,L308V,1.53,0.7304815053939819,0.5422354340553284,1.441724181175232
13,6499202,3NTY,MdrDBcore03937,L54V,1.019,0.8814983367919922,0.5422354340553284,1.441724181175232
13,6499202,3C3U,MdrDBcore03938,L54V,1.581,0.7327804565429688,0.5422354340553284,1.441724181175232
13,6499202,3ZY2,MdrDBcore03939,D242A,-0.805,-0.11988061666488647,0.5422354340553284,1.441724181175232
13,6499202,3ZY2,MdrDBcore03940,D244A,-0.742,-0.11988195776939392,0.5422354340553284,1.441724181175232
13,6499202,3ZY2,MdrDBcore03941,F199A,-0.394,-0.11988112330436707,0.5422354340553284,1.441724181175232
13,6499202,3ZY2,MdrDBcore03942,F261A,-0.634,-0.09665554761886597,0.5422354340553284,1.441724181175232
13,6499202,3ZY2,MdrDBcore03943,F357A,2.573,0.6188437938690186,0.5422354340553284,1.441724181175232
13,6499202,3ZY2,MdrDBcore03944,N43A,-0.091,-0.12765780091285706,0.5422354340553284,1.441724181175232
13,6499202,3ZY2,MdrDBcore03945,R240K,3.06,0.0070742592215538025,0.5422354340553284,1.441724181175232
13,6499202,3ZY2,MdrDBcore03946,R40A,1.292,1.277200698852539,0.5422354340553284,1.441724181175232
13,6499202,3ZY2,MdrDBcore03947,W245A,0.9,-0.14959904551506042,0.5422354340553284,1.441724181175232
13,6499202,2R0H,MdrDBcore03948,R81A,0.553,0.25339189171791077,0.5422354340553284,1.441724181175232
13,6499202,1FSG,MdrDBcore03949,D150A,-1.181,-1.3315540552139282,0.5422354340553284,1.441724181175232
13,6499202,3QFX,MdrDBcore03950,T86N,1.186,0.14530912041664124,0.5422354340553284,1.441724181175232
13,6499202,3RG9,MdrDBcore03951,T86N,0.75,0.3801576793193817,0.5422354340553284,1.441724181175232
13,6499202,3QFX,MdrDBcore03952,T86S,-1.448,-0.21891140937805176,0.5422354340553284,1.441724181175232
13,6499202,3RG9,MdrDBcore03953,T86S,-0.119,0.2450682818889618,0.5422354340553284,1.441724181175232
13,6499202,1L7E,MdrDBcore03954,D135N,-0.004,0.1700534224510193,0.5422354340553284,1.441724181175232
13,6499202,1L7E,MdrDBcore03955,Q132N,0.129,0.24511274695396423,0.5422354340553284,1.441724181175232
13,6499202,1L7E,MdrDBcore03956,R127A,2.169,1.2846148014068604,0.5422354340553284,1.441724181175232
13,6499202,1L7E,MdrDBcore03957,R127M,2.169,1.458149790763855,0.5422354340553284,1.441724181175232
13,6499202,1L7E,MdrDBcore03958,S138A,0.158,0.35061031579971313,0.5422354340553284,1.441724181175232
13,6499202,2E7F,MdrDBcore03959,N199A,0.577,0.40928730368614197,0.5422354340553284,1.441724181175232
13,6499202,1FLM,MdrDBcore03960,E13Q,0.391,0.10987512022256851,0.5422354340553284,1.441724181175232
13,6499202,1FLM,MdrDBcore03961,E13T,0.649,0.10987439006567001,0.5422354340553284,1.441724181175232
13,6499202,1FLM,MdrDBcore03962,L122E,1.697,0.3512563705444336,0.5422354340553284,1.441724181175232
13,6499202,1FLM,MdrDBcore03963,L122K,0.521,0.592907190322876,0.5422354340553284,1.441724181175232
13,6499202,1FLM,MdrDBcore03964,L122Y,-0.659,1.035732626914978,0.5422354340553284,1.441724181175232
13,6499202,3H2K,MdrDBcore03965,G221I,-1.104,0.15358558297157288,0.5422354340553284,1.441724181175232
13,6499202,3H2K,MdrDBcore03966,G231A,1.207,0.22379234433174133,0.5422354340553284,1.441724181175232
13,6499202,3H2K,MdrDBcore03967,G231F,1.92,0.8792814016342163,0.5422354340553284,1.441724181175232
13,6499202,3H2K,MdrDBcore03968,G231I,1.366,0.6366965174674988,0.5422354340553284,1.441724181175232
13,6499202,3H2K,MdrDBcore03969,N228W,0.233,0.7405655384063721,0.5422354340553284,1.441724181175232
13,6499202,3H2K,MdrDBcore03970,S176A,0.049,0.28022322058677673,0.5422354340553284,1.441724181175232
13,6499202,3CL2,MdrDBcore03971,S294N,-2.604,-2.462254285812378,0.5422354340553284,1.441724181175232
13,6499202,3CL0,MdrDBcore03972,Y274H,-3.306,-1.340842843055725,0.5422354340553284,1.441724181175232
13,6499202,3CKZ,MdrDBcore03973,Y274H,-0.38,-0.1053834930062294,0.5422354340553284,1.441724181175232
13,6499202,3UJ9,MdrDBcore03974,H132A,0.062,0.10862626880407333,0.5422354340553284,1.441724181175232
13,6499202,3UJB,MdrDBcore03975,H132A,0.257,-0.23048943281173706,0.5422354340553284,1.441724181175232
13,6499202,3UJ9,MdrDBcore03976,Y19F,-0.087,0.18010538816452026,0.5422354340553284,1.441724181175232
13,6499202,3UJB,MdrDBcore03977,Y19F,0.248,-0.1673680990934372,0.5422354340553284,1.441724181175232
13,6499202,3OXC,MdrDBcore03978,G48V,2.637,1.5260783433914185,0.5422354340553284,1.441724181175232
13,6499202,3OXC,MdrDBcore03979,G48V,2.637,1.5260792970657349,0.5422354340553284,1.441724181175232
13,6499202,2HS1,MdrDBcore03980,I32V,-1.13,-0.9182741641998291,0.5422354340553284,1.441724181175232
13,6499202,3OXC,MdrDBcore03981,I50V,1.878,1.032482624053955,0.5422354340553284,1.441724181175232
13,6499202,3OXC,MdrDBcore03982,I50V,1.878,1.0324827432632446,0.5422354340553284,1.441724181175232
13,6499202,3OXC,MdrDBcore03983,I54M,0.981,1.2366129159927368,0.5422354340553284,1.441724181175232
13,6499202,3OXC,MdrDBcore03984,I54M,0.981,1.236613154411316,0.5422354340553284,1.441724181175232
13,6499202,3OXC,MdrDBcore03985,I54V,1.576,1.236613154411316,0.5422354340553284,1.441724181175232
13,6499202,3OXC,MdrDBcore03986,I54V,1.576,1.236613392829895,0.5422354340553284,1.441724181175232
13,6499202,3OXC,MdrDBcore03987,I84V,0.058,1.2447365522384644,0.5422354340553284,1.441724181175232
13,6499202,3OXC,MdrDBcore03988,I84V,0.058,1.2447367906570435,0.5422354340553284,1.441724181175232
13,6499202,2HS2,MdrDBcore03989,L46M,-1.364,-0.9934877157211304,0.5422354340553284,1.441724181175232
13,6499202,3OXC,MdrDBcore03990,V82A,0.058,0.5889164209365845,0.5422354340553284,1.441724181175232
13,6499202,3OXC,MdrDBcore03991,V82A,0.058,0.5889158248901367,0.5422354340553284,1.441724181175232
13,6499202,3IJW,MdrDBcore03992,H183A,-1.3,-0.8173155784606934,0.5422354340553284,1.441724181175232
13,6499202,3IJW,MdrDBcore03993,H183G,-1.006,-0.8173151612281799,0.5422354340553284,1.441724181175232
13,6499202,3KYF,MdrDBcore03994,Q121A,0.338,0.6388380527496338,0.5422354340553284,1.441724181175232
13,6499202,3KYF,MdrDBcore03995,R122A,1.751,1.4166291952133179,0.5422354340553284,1.441724181175232
13,6499202,3KYF,MdrDBcore03996,R122L,0.862,1.5836424827575684,0.5422354340553284,1.441724181175232
13,6499202,3KYF,MdrDBcore03997,S159A,0.885,0.7858178615570068,0.5422354340553284,1.441724181175232
13,6499202,3OKP,MdrDBcore03998,D13A,0.481,0.2629016637802124,0.5422354340553284,1.441724181175232
13,6499202,3OKC,MdrDBcore03999,D13A,0.307,-0.13676133751869202,0.5422354340553284,1.441724181175232
13,6499202,3OKP,MdrDBcore04000,D13N,0.273,0.2629014849662781,0.5422354340553284,1.441724181175232
13,6499202,3OKC,MdrDBcore04001,D13N,-0.393,-0.1367616057395935,0.5422354340553284,1.441724181175232
13,6499202,3OKP,MdrDBcore04002,E290D,0.63,0.1630769968032837,0.5422354340553284,1.441724181175232
13,6499202,3OKC,MdrDBcore04003,E290D,1.291,0.04125538468360901,0.5422354340553284,1.441724181175232
13,6499202,3OKP,MdrDBcore04004,E290Q,0.374,0.3029921352863312,0.5422354340553284,1.441724181175232
13,6499202,3OKC,MdrDBcore04005,E290Q,0.079,0.35772454738616943,0.5422354340553284,1.441724181175232
13,6499202,3OKP,MdrDBcore04006,G123P,0.257,0.26290175318717957,0.5422354340553284,1.441724181175232
13,6499202,3OKC,MdrDBcore04007,G123P,0.087,-0.1367613971233368,0.5422354340553284,1.441724181175232
13,6499202,3OKP,MdrDBcore04008,G20W,0.084,-0.3002628982067108,0.5422354340553284,1.441724181175232
13,6499202,3OKC,MdrDBcore04009,G20W,0.143,-0.1798366904258728,0.5422354340553284,1.441724181175232
13,6499202,3OKP,MdrDBcore04010,G291S,0.762,0.2629016041755676,0.5422354340553284,1.441724181175232
13,6499202,3OKC,MdrDBcore04011,G291S,0.42,-0.13676148653030396,0.5422354340553284,1.441724181175232
13,6499202,3OKP,MdrDBcore04012,H118S,0.817,0.26290157437324524,0.5422354340553284,1.441724181175232
13,6499202,3OKC,MdrDBcore04013,H118S,-0.368,-0.1367616355419159,0.5422354340553284,1.441724181175232
13,6499202,3OKP,MdrDBcore04014,I21A,0.64,0.2629017233848572,0.5422354340553284,1.441724181175232
13,6499202,3OKC,MdrDBcore04015,I21A,0.067,-0.13676157593727112,0.5422354340553284,1.441724181175232
13,6499202,3OKP,MdrDBcore04016,I21S,-0.207,0.2629019021987915,0.5422354340553284,1.441724181175232
13,6499202,3OKC,MdrDBcore04017,I21S,-0.19,-0.13676154613494873,0.5422354340553284,1.441724181175232
13,6499202,3OKP,MdrDBcore04018,K211Q,0.28,0.4135231673717499,0.5422354340553284,1.441724181175232
13,6499202,3OKC,MdrDBcore04019,K211Q,0.059,-0.1577237844467163,0.5422354340553284,1.441724181175232
13,6499202,3OKP,MdrDBcore04020,N12A,0.042,0.2629019320011139,0.5422354340553284,1.441724181175232
13,6499202,3OKC,MdrDBcore04021,N12A,-0.319,-0.13676142692565918,0.5422354340553284,1.441724181175232
13,6499202,3OKP,MdrDBcore04022,Q22A,0.684,0.2629019320011139,0.5422354340553284,1.441724181175232
13,6499202,3OKC,MdrDBcore04023,Q22A,-0.104,-0.13676148653030396,0.5422354340553284,1.441724181175232
13,6499202,3OKP,MdrDBcore04024,R206S,0.48,0.6263657212257385,0.5422354340553284,1.441724181175232
13,6499202,3OKC,MdrDBcore04025,R206S,0.406,-0.06426361203193665,0.5422354340553284,1.441724181175232
13,6499202,3OKP,MdrDBcore04026,R210S,0.444,0.21773508191108704,0.5422354340553284,1.441724181175232
13,6499202,3OKC,MdrDBcore04027,R210S,0.112,-0.018167652189731598,0.5422354340553284,1.441724181175232
13,6499202,3OKP,MdrDBcore04028,S205G,-0.009,0.21378371119499207,0.5422354340553284,1.441724181175232
13,6499202,3OKC,MdrDBcore04029,S205G,-0.049,-0.136868417263031,0.5422354340553284,1.441724181175232
13,6499202,3AQT,MdrDBcore04030,D94A,1.759,1.6210485696792603,0.5422354340553284,1.441724181175232
13,6499202,3AQT,MdrDBcore04031,R145A,2.111,1.6869351863861084,0.5422354340553284,1.441724181175232
13,6499202,3AQT,MdrDBcore04032,R148A,1.451,1.6061829328536987,0.5422354340553284,1.441724181175232
13,6499202,1MUI,MdrDBcore04033,D30N,0.765,-0.5867968797683716,0.5422354340553284,1.441724181175232
13,6499202,1MUI,MdrDBcore04034,L90M,-0.056,-0.6579830646514893,0.5422354340553284,1.441724181175232
13,6499202,1MUI,MdrDBcore04035,N88D,-0.189,-0.657983124256134,0.5422354340553284,1.441724181175232
13,6499202,2Q88,MdrDBcore04036,E134A,-0.17,0.012684650719165802,0.5422354340553284,1.441724181175232
13,6499202,2Q88,MdrDBcore04037,E21A,2.137,0.00012008100748062134,0.5422354340553284,1.441724181175232
13,6499202,2Q89,MdrDBcore04038,E21A,2.796,0.7547621726989746,0.5422354340553284,1.441724181175232
13,6499202,2Q88,MdrDBcore04039,F24A,-0.123,0.686509370803833,0.5422354340553284,1.441724181175232
13,6499202,2Q89,MdrDBcore04040,F24A,-0.132,0.9232038259506226,0.5422354340553284,1.441724181175232
13,6499202,2Q88,MdrDBcore04041,F24D,0.848,0.9492689371109009,0.5422354340553284,1.441724181175232
13,6499202,2Q89,MdrDBcore04042,F24D,0.954,1.0030137300491333,0.5422354340553284,1.441724181175232
13,6499202,2Q88,MdrDBcore04043,F24E,-0.079,1.039262056350708,0.5422354340553284,1.441724181175232
13,6499202,2Q89,MdrDBcore04044,F24E,1.376,1.0934789180755615,0.5422354340553284,1.441724181175232
13,6499202,2Q88,MdrDBcore04045,F80D,1.95,1.3471258878707886,0.5422354340553284,1.441724181175232
13,6499202,2Q89,MdrDBcore04046,F80D,3.103,1.326911211013794,0.5422354340553284,1.441724181175232
13,6499202,2Q88,MdrDBcore04047,F80E,0.831,0.9372280836105347,0.5422354340553284,1.441724181175232
13,6499202,2Q89,MdrDBcore04048,F80E,2.827,1.1839641332626343,0.5422354340553284,1.441724181175232
13,6499202,2Q88,MdrDBcore04049,Y60A,0.783,0.5546691417694092,0.5422354340553284,1.441724181175232
13,6499202,2Q89,MdrDBcore04050,Y60A,0.566,0.9727140665054321,0.5422354340553284,1.441724181175232
13,6499202,2Q88,MdrDBcore04051,Y60F,0.161,0.20262989401817322,0.5422354340553284,1.441724181175232
13,6499202,2Q89,MdrDBcore04052,Y60F,0.467,0.5983661413192749,0.5422354340553284,1.441724181175232
13,6499202,2Q88,MdrDBcore04053,Y60W,-1.586,-0.7937794923782349,0.5422354340553284,1.441724181175232
13,6499202,2Q89,MdrDBcore04054,Y60W,-0.675,-0.018287844955921173,0.5422354340553284,1.441724181175232
13,6499202,2.00E+22,MdrDBcore04055,R612A,-0.423,-0.42876580357551575,0.5422354340553284,1.441724181175232
13,6499202,2QEH,MdrDBcore04056,D111L,2.798,2.4167511463165283,0.5422354340553284,1.441724181175232
13,6499202,2QEH,MdrDBcore04057,D139L,2.798,1.8591209650039673,0.5422354340553284,1.441724181175232
13,6499202,2QEH,MdrDBcore04058,E114L,4.791,2.3757925033569336,0.5422354340553284,1.441724181175232
13,6499202,2QEH,MdrDBcore04059,E7L,2.106,2.520458698272705,0.5422354340553284,1.441724181175232
13,6499202,2PQL,MdrDBcore04060,E7L,1.728,1.6071475744247437,0.5422354340553284,1.441724181175232
13,6499202,2QEH,MdrDBcore04061,H35L,-1.883,2.235048294067383,0.5422354340553284,1.441724181175232
13,6499202,2PQL,MdrDBcore04062,H35L,-2.655,1.3203920125961304,0.5422354340553284,1.441724181175232
13,6499202,2QEH,MdrDBcore04063,Y94L,0.581,1.4882116317749023,0.5422354340553284,1.441724181175232
13,6499202,2PQL,MdrDBcore04064,Y94L,2.055,1.1265326738357544,0.5422354340553284,1.441724181175232
13,6499202,3AM3,MdrDBcore04065,M372V,-0.262,-0.28273528814315796,0.5422354340553284,1.441724181175232
13,6499202,2CCC,MdrDBcore04066,E45A,-0.338,-0.3831917345523834,0.5422354340553284,1.441724181175232
13,6499202,2CC7,MdrDBcore04067,E45A,0.071,-0.04269067943096161,0.5422354340553284,1.441724181175232
13,6499202,2CCB,MdrDBcore04068,E45A,0.236,-0.29907605051994324,0.5422354340553284,1.441724181175232
13,6499202,2CC7,MdrDBcore04069,E45F,0.501,-0.012479662895202637,0.5422354340553284,1.441724181175232
13,6499202,2CCB,MdrDBcore04070,E45F,-1.048,-0.33334633708000183,0.5422354340553284,1.441724181175232
13,6499202,2CC7,MdrDBcore04071,E45H,-0.453,-0.04525303095579147,0.5422354340553284,1.441724181175232
13,6499202,2CCB,MdrDBcore04072,E45H,-0.372,-0.32166025042533875,0.5422354340553284,1.441724181175232
13,6499202,2CC7,MdrDBcore04073,E45N,-0.075,-0.042339026927948,0.5422354340553284,1.441724181175232
13,6499202,2CCB,MdrDBcore04074,E45N,0.895,-0.32287415862083435,0.5422354340553284,1.441724181175232
13,6499202,2CC7,MdrDBcore04075,E45Q,-0.65,-0.039971545338630676,0.5422354340553284,1.441724181175232
13,6499202,2CCB,MdrDBcore04076,E45Q,1.076,-0.33218011260032654,0.5422354340553284,1.441724181175232
13,6499202,2CCB,MdrDBcore04077,E45T,-2.011,-0.3074629604816437,0.5422354340553284,1.441724181175232
13,6499202,2CCC,MdrDBcore04078,Q55A,-1.028,-0.3817903995513916,0.5422354340553284,1.441724181175232
13,6499202,2CC7,MdrDBcore04079,Q55A,1.883,-0.012801729142665863,0.5422354340553284,1.441724181175232
13,6499202,2CCB,MdrDBcore04080,Q55A,-0.941,-0.3092029392719269,0.5422354340553284,1.441724181175232
13,6499202,2JDM,MdrDBcore04081,A22S,-1.315,-1.3137904405593872,0.5422354340553284,1.441724181175232
13,6499202,2JDU,MdrDBcore04082,N24G,0.484,-0.5616969466209412,0.5422354340553284,1.441724181175232
13,6499202,2JDY,MdrDBcore04083,N24G,-3.098,-1.4403842687606812,0.5422354340553284,1.441724181175232
13,6499202,2FLE,MdrDBcore04084,A82V,-1.146,-0.27941542863845825,0.5422354340553284,1.441724181175232
13,6499202,3EEB,MdrDBcore04085,C140A,0.315,0.8580766916275024,0.5422354340553284,1.441724181175232
13,6499202,3EEB,MdrDBcore04086,D178A,1.612,0.8099826574325562,0.5422354340553284,1.441724181175232
13,6499202,3EEB,MdrDBcore04087,D178N,0.418,0.8580765128135681,0.5422354340553284,1.441724181175232
13,6499202,3EEB,MdrDBcore04088,D191A,0.298,0.8580765724182129,0.5422354340553284,1.441724181175232
13,6499202,3EEB,MdrDBcore04089,E179A,-0.07,0.858076810836792,0.5422354340553284,1.441724181175232
13,6499202,3EEB,MdrDBcore04090,H134A,0.839,0.7393355965614319,0.5422354340553284,1.441724181175232
13,6499202,3EEB,MdrDBcore04091,R182Q,1.376,0.7341881990432739,0.5422354340553284,1.441724181175232
13,6499202,3EEB,MdrDBcore04092,R29Q,1.015,1.2007287740707397,0.5422354340553284,1.441724181175232
13,6499202,3EEB,MdrDBcore04093,W192A,1.168,0.8580766916275024,0.5422354340553284,1.441724181175232
13,6499202,3EEB,MdrDBcore04094,W192F,0.257,0.858076810836792,0.5422354340553284,1.441724181175232
13,6499202,3HY8,MdrDBcore04095,W229Q,-1.724,-0.20167630910873413,0.5422354340553284,1.441724181175232
13,6499202,3HY8,MdrDBcore04096,W229R,-2.302,0.43749919533729553,0.5422354340553284,1.441724181175232
13,6499202,1TPZ,MdrDBcore04097,K48A,0.0,0.30496418476104736,0.5422354340553284,1.441724181175232
13,6499202,1TPZ,MdrDBcore04098,K48E,-0.048,0.3049640357494354,0.5422354340553284,1.441724181175232
13,6499202,1TPZ,MdrDBcore04099,L44R,-0.069,0.3049642741680145,0.5422354340553284,1.441724181175232
13,6499202,1TPZ,MdrDBcore04100,M173A,0.0,0.304964154958725,0.5422354340553284,1.441724181175232
13,6499202,1TPZ,MdrDBcore04101,S172R,0.161,0.3049640655517578,0.5422354340553284,1.441724181175232
13,6499202,3FQL,MdrDBcore04102,C316N,1.543,0.5854926705360413,0.5422354340553284,1.441724181175232
13,6499202,3FQL,MdrDBcore04103,L419M,-0.061,0.46799251437187195,0.5422354340553284,1.441724181175232
13,6499202,3FQL,MdrDBcore04104,M414T,-0.297,0.19670525193214417,0.5422354340553284,1.441724181175232
13,6499202,3FQL,MdrDBcore04105,P495L,-0.27,0.4679925739765167,0.5422354340553284,1.441724181175232
13,6499202,3MDV,MdrDBcore04106,T306A,0.132,-0.2921401560306549,0.5422354340553284,1.441724181175232
13,6499202,3MDM,MdrDBcore04107,T306A,-1.062,-1.19766366481781,0.5422354340553284,1.441724181175232
13,6499202,3MDR,MdrDBcore04108,T306A,0.954,-0.48654893040657043,0.5422354340553284,1.441724181175232
13,6499202,3MDT,MdrDBcore04109,T306A,0.262,0.20373544096946716,0.5422354340553284,1.441724181175232
13,6499202,3MI3,MdrDBcore04110,E222Q,5.588,3.2487499713897705,0.5422354340553284,1.441724181175232
13,6499202,3MI3,MdrDBcore04111,Q364R,3.292,3.243832588195801,0.5422354340553284,1.441724181175232
13,6499202,3MI3,MdrDBcore04112,R288K,2.995,3.243865728378296,0.5422354340553284,1.441724181175232
13,6499202,3DGN,MdrDBcore04113,Y43F,1.133,1.106109857559204,0.5422354340553284,1.441724181175232
13,6499202,3DGL,MdrDBcore04114,Y43F,-0.195,0.25631120800971985,0.5422354340553284,1.441724181175232
13,6499202,4CKI,MdrDBcore04115,A807V,0.512,0.17255502939224243,0.5422354340553284,1.441724181175232
13,6499202,6VHG,MdrDBcore04116,A807V,0.619,1.2163546085357666,0.5422354340553284,1.441724181175232
13,6499202,4CKI,MdrDBcore04117,A807V,-0.091,-0.007400132715702057,0.5422354340553284,1.441724181175232
13,6499202,4CKI,MdrDBcore04118,E732K,0.928,0.2978110909461975,0.5422354340553284,1.441724181175232
13,6499202,6VHG,MdrDBcore04119,E732K,-0.102,1.0455933809280396,0.5422354340553284,1.441724181175232
13,6499202,4CKI,MdrDBcore04120,E732K,0.115,0.3515959084033966,0.5422354340553284,1.441724181175232
13,6499202,4CKI,MdrDBcore04121,F998V,0.667,0.31329646706581116,0.5422354340553284,1.441724181175232
13,6499202,6VHG,MdrDBcore04122,F998V,0.901,0.9746913909912109,0.5422354340553284,1.441724181175232
13,6499202,4CKI,MdrDBcore04123,F998V,0.0,0.21933823823928833,0.5422354340553284,1.441724181175232
13,6499202,4CKI,MdrDBcore04124,G810A,-0.052,0.33101505041122437,0.5422354340553284,1.441724181175232
13,6499202,6NEC,MdrDBcore04125,G810A,-0.324,0.9335252046585083,0.5422354340553284,1.441724181175232
13,6499202,4CKI,MdrDBcore04126,G810A,-0.044,0.09544064849615097,0.5422354340553284,1.441724181175232
13,6499202,4CKI,MdrDBcore04127,G810S,0.874,0.8364057540893555,0.5422354340553284,1.441724181175232
13,6499202,6NEC,MdrDBcore04128,G810S,0.747,0.7751919031143188,0.5422354340553284,1.441724181175232
13,6499202,4CKI,MdrDBcore04129,G810S,0.821,0.1973724365234375,0.5422354340553284,1.441724181175232
13,6499202,6NJA,MdrDBcore04130,M918T,1.113,0.4341942369937897,0.5422354340553284,1.441724181175232
13,6499202,6VHG,MdrDBcore04131,M918T,1.192,1.5756402015686035,0.5422354340553284,1.441724181175232
13,6499202,2IVT,MdrDBcore04132,M918T,0.319,0.03556372970342636,0.5422354340553284,1.441724181175232
13,6499202,4CKI,MdrDBcore04133,V738A,0.954,0.5833187103271484,0.5422354340553284,1.441724181175232
13,6499202,6NEC,MdrDBcore04134,V738A,1.49,1.2428631782531738,0.5422354340553284,1.441724181175232
13,6499202,4CKI,MdrDBcore04135,V738A,1.115,0.09868622571229935,0.5422354340553284,1.441724181175232
13,6499202,4CKI,MdrDBcore04136,V804L,1.538,1.0068340301513672,0.5422354340553284,1.441724181175232
13,6499202,6VHG,MdrDBcore04137,V804L,2.383,2.017671585083008,0.5422354340553284,1.441724181175232
13,6499202,4CKI,MdrDBcore04138,V804L,0.842,-0.08854714035987854,0.5422354340553284,1.441724181175232
13,6499202,4CKI,MdrDBcore04139,V804M,1.704,0.24117228388786316,0.5422354340553284,1.441724181175232
13,6499202,6VHG,MdrDBcore04140,V804M,1.985,1.6667401790618896,0.5422354340553284,1.441724181175232
13,6499202,4CKI,MdrDBcore04141,V804M,1.076,1.0581194162368774,0.5422354340553284,1.441724181175232
13,6499202,4CKI,MdrDBcore04142,V871I,0.886,0.8110167384147644,0.5422354340553284,1.441724181175232
13,6499202,6NEC,MdrDBcore04143,V871I,0.597,0.4901309907436371,0.5422354340553284,1.441724181175232
13,6499202,4CKI,MdrDBcore04144,V871I,0.149,0.12230398505926132,0.5422354340553284,1.441724181175232
13,6499202,4CKI,MdrDBcore04145,Y806N,1.77,0.6523237228393555,0.5422354340553284,1.441724181175232
13,6499202,6NEC,MdrDBcore04146,Y806N,1.374,0.6829724907875061,0.5422354340553284,1.441724181175232
13,6499202,4CKI,MdrDBcore04147,Y806N,1.109,0.09883419424295425,0.5422354340553284,1.441724181175232
13,6499202,4WA9,MdrDBcore04148,D276G,0.179,-0.01876150444149971,0.5422354340553284,1.441724181175232
13,6499202,4XEY,MdrDBcore04149,E255K,0.894,0.9579871892929077,0.5422354340553284,1.441724181175232
13,6499202,4WA9,MdrDBcore04150,E255K,0.258,-0.01876162365078926,0.5422354340553284,1.441724181175232
13,6499202,3UE4,MdrDBcore04151,E255K,0.557,0.2892049252986908,0.5422354340553284,1.441724181175232
13,6499202,4XEY,MdrDBcore04152,E255V,1.014,0.9579875469207764,0.5422354340553284,1.441724181175232
13,6499202,4WA9,MdrDBcore04153,E255V,0.298,-0.018761243671178818,0.5422354340553284,1.441724181175232
13,6499202,3UE4,MdrDBcore04154,E255V,0.656,0.29915133118629456,0.5422354340553284,1.441724181175232
13,6499202,4WA9,MdrDBcore04155,E279K,-0.03,0.19788452982902527,0.5422354340553284,1.441724181175232
13,6499202,4WA9,MdrDBcore04156,E292L,0.03,-0.01876135542988777,0.5422354340553284,1.441724181175232
13,6499202,4XEY,MdrDBcore04157,E355A,0.239,0.9579873085021973,0.5422354340553284,1.441724181175232
13,6499202,3UE4,MdrDBcore04158,E355A,0.02,0.28920477628707886,0.5422354340553284,1.441724181175232
13,6499202,4XEY,MdrDBcore04159,E459K,0.407,0.9579874277114868,0.5422354340553284,1.441724181175232
13,6499202,3UE4,MdrDBcore04160,E459K,0.348,0.2892047166824341,0.5422354340553284,1.441724181175232
13,6499202,4XEY,MdrDBcore04161,F317C,1.849,0.3927185535430908,0.5422354340553284,1.441724181175232
13,6499202,3UE4,MdrDBcore04162,F317C,0.497,0.3171887993812561,0.5422354340553284,1.441724181175232
13,6499202,4XEY,MdrDBcore04163,F317I,1.779,1.028029203414917,0.5422354340553284,1.441724181175232
13,6499202,3UE4,MdrDBcore04164,F317I,0.706,0.3089006245136261,0.5422354340553284,1.441724181175232
13,6499202,4XEY,MdrDBcore04165,F317L,0.954,1.0694174766540527,0.5422354340553284,1.441724181175232
13,6499202,4WA9,MdrDBcore04166,F317L,0.229,-0.03995106369256973,0.5422354340553284,1.441724181175232
13,6499202,3UE4,MdrDBcore04167,F317L,0.089,0.30850377678871155,0.5422354340553284,1.441724181175232
13,6499202,4WA9,MdrDBcore04168,F317R,0.268,0.03713554888963699,0.5422354340553284,1.441724181175232
13,6499202,4XEY,MdrDBcore04169,F317V,2.345,1.0469472408294678,0.5422354340553284,1.441724181175232
13,6499202,4WA9,MdrDBcore04170,F317V,0.278,0.20702588558197021,0.5422354340553284,1.441724181175232
13,6499202,3UE4,MdrDBcore04171,F317V,1.709,0.28797584772109985,0.5422354340553284,1.441724181175232
13,6499202,4XEY,MdrDBcore04172,F359C,0.0,0.9579874277114868,0.5422354340553284,1.441724181175232
13,6499202,3UE4,MdrDBcore04173,F359C,-0.01,0.2892049551010132,0.5422354340553284,1.441724181175232
13,6499202,4XEY,MdrDBcore04174,F359I,0.239,0.9579871892929077,0.5422354340553284,1.441724181175232
13,6499202,4WA9,MdrDBcore04175,F359I,0.099,-0.018761303275823593,0.5422354340553284,1.441724181175232
13,6499202,3UE4,MdrDBcore04176,F359I,0.04,0.2892046272754669,0.5422354340553284,1.441724181175232
13,6499202,4XEY,MdrDBcore04177,F359V,0.0,0.9579871892929077,0.5422354340553284,1.441724181175232
13,6499202,4WA9,MdrDBcore04178,F359V,0.07,-0.018761470913887024,0.5422354340553284,1.441724181175232
13,6499202,3UE4,MdrDBcore04179,F359V,-0.109,0.2892049252986908,0.5422354340553284,1.441724181175232
13,6499202,4WA9,MdrDBcore04180,F486S,0.05,-0.018761474639177322,0.5422354340553284,1.441724181175232
13,6499202,4XEY,MdrDBcore04181,G250E,0.407,0.9579871892929077,0.5422354340553284,1.441724181175232
13,6499202,4WA9,MdrDBcore04182,G250E,0.268,-0.018761467188596725,0.5422354340553284,1.441724181175232
13,6499202,3UE4,MdrDBcore04183,G250E,0.109,0.28920501470565796,0.5422354340553284,1.441724181175232
13,6499202,4XEY,MdrDBcore04184,H396R,0.0,0.9579873085021973,0.5422354340553284,1.441724181175232
13,6499202,4WA9,MdrDBcore04185,H396R,0.248,-0.018761303275823593,0.5422354340553284,1.441724181175232
13,6499202,3UE4,MdrDBcore04186,H396R,-0.099,0.28920453786849976,0.5422354340553284,1.441724181175232
13,6499202,4XEY,MdrDBcore04187,L248R,0.646,0.6419426202774048,0.5422354340553284,1.441724181175232
13,6499202,4WA9,MdrDBcore04188,L248R,0.308,0.137251615524292,0.5422354340553284,1.441724181175232
13,6499202,3UE4,MdrDBcore04189,L248R,1.491,0.6415374279022217,0.5422354340553284,1.441724181175232
13,6499202,4XEY,MdrDBcore04190,L248V,0.547,0.9400731325149536,0.5422354340553284,1.441724181175232
13,6499202,4WA9,MdrDBcore04191,L248V,0.318,-0.035051800310611725,0.5422354340553284,1.441724181175232
13,6499202,3UE4,MdrDBcore04192,L248V,0.557,0.3045194745063782,0.5422354340553284,1.441724181175232
13,6499202,4WA9,MdrDBcore04193,L384M,0.06,-0.01876097545027733,0.5422354340553284,1.441724181175232
13,6499202,4XEY,MdrDBcore04194,M244V,0.0,0.9579871892929077,0.5422354340553284,1.441724181175232
13,6499202,4WA9,MdrDBcore04195,M244V,-0.109,-0.018761377781629562,0.5422354340553284,1.441724181175232
13,6499202,3UE4,MdrDBcore04196,M244V,0.427,0.2892049252986908,0.5422354340553284,1.441724181175232
13,6499202,4WA9,MdrDBcore04197,M343T,0.209,-0.018761467188596725,0.5422354340553284,1.441724181175232
13,6499202,4XEY,MdrDBcore04198,M351T,0.0,0.9579873085021973,0.5422354340553284,1.441724181175232
13,6499202,4WA9,MdrDBcore04199,M351T,-0.239,-0.01876155659556389,0.5422354340553284,1.441724181175232
13,6499202,3UE4,MdrDBcore04200,M351T,0.189,0.28920507431030273,0.5422354340553284,1.441724181175232
13,6499202,4WA9,MdrDBcore04201,Q252H,0.199,-0.01594698801636696,0.5422354340553284,1.441724181175232
13,6499202,4XEY,MdrDBcore04202,T315A,2.008,1.0635610818862915,0.5422354340553284,1.441724181175232
13,6499202,4WA9,MdrDBcore04203,T315A,-0.447,-0.06387671083211899,0.5422354340553284,1.441724181175232
13,6499202,3UE4,MdrDBcore04204,T315A,0.318,0.31635338068008423,0.5422354340553284,1.441724181175232
13,6499202,4XEY,MdrDBcore04205,T315I,5.049,0.8421319127082825,0.5422354340553284,1.441724181175232
13,6499202,4WA9,MdrDBcore04206,T315I,-1.262,-0.03690658509731293,0.5422354340553284,1.441724181175232
13,6499202,3UE4,MdrDBcore04207,T315I,2.435,0.2148350179195404,0.5422354340553284,1.441724181175232
13,6499202,4WA9,MdrDBcore04208,T315V,-1.719,-0.02994547039270401,0.5422354340553284,1.441724181175232
13,6499202,4XEY,MdrDBcore04209,V299L,1.232,0.8542690873146057,0.5422354340553284,1.441724181175232
13,6499202,4WA9,MdrDBcore04210,V299L,-0.875,-0.036366209387779236,0.5422354340553284,1.441724181175232
13,6499202,3UE4,MdrDBcore04211,V299L,1.69,0.24654674530029297,0.5422354340553284,1.441724181175232
13,6499202,4XEY,MdrDBcore04212,Y253F,0.239,0.9579871892929077,0.5422354340553284,1.441724181175232
13,6499202,4WA9,MdrDBcore04213,Y253F,0.258,-0.04342866688966751,0.5422354340553284,1.441724181175232
13,6499202,3UE4,MdrDBcore04214,Y253F,-0.338,0.28920480608940125,0.5422354340553284,1.441724181175232
13,6499202,4WA9,MdrDBcore04215,Y253H,0.03,0.019215255975723267,0.5422354340553284,1.441724181175232
13,6499202,3OXZ,MdrDBcore04216,E255K,0.407,0.4015151262283325,0.5422354340553284,1.441724181175232
13,6499202,1OPJ,MdrDBcore04217,E255K,1.491,0.7844535112380981,0.5422354340553284,1.441724181175232
13,6499202,3OXZ,MdrDBcore04218,E255V,0.994,0.39647606015205383,0.5422354340553284,1.441724181175232
13,6499202,1OPJ,MdrDBcore04219,E255V,2.206,0.7844533324241638,0.5422354340553284,1.441724181175232
13,6499202,3OXZ,MdrDBcore04220,E355A,0.507,0.40151530504226685,0.5422354340553284,1.441724181175232
13,6499202,1OPJ,MdrDBcore04221,E355A,0.467,0.7844533324241638,0.5422354340553284,1.441724181175232
13,6499202,3OXZ,MdrDBcore04222,E459K,0.298,0.4015148878097534,0.5422354340553284,1.441724181175232
13,6499202,1OPJ,MdrDBcore04223,E459K,0.656,0.7844535112380981,0.5422354340553284,1.441724181175232
13,6499202,3OXZ,MdrDBcore04224,F317C,0.0,0.15946146845817566,0.5422354340553284,1.441724181175232
13,6499202,1OPJ,MdrDBcore04225,F317C,0.278,0.5966024994850159,0.5422354340553284,1.441724181175232
13,6499202,3OXZ,MdrDBcore04226,F317I,0.507,0.3043608069419861,0.5422354340553284,1.441724181175232
13,6499202,1OPJ,MdrDBcore04227,F317I,0.169,0.6818585991859436,0.5422354340553284,1.441724181175232
13,6499202,3OXZ,MdrDBcore04228,F317L,0.169,0.32140329480171204,0.5422354340553284,1.441724181175232
13,6499202,1OPJ,MdrDBcore04229,F317L,0.716,0.6750779151916504,0.5422354340553284,1.441724181175232
13,6499202,3OXZ,MdrDBcore04230,F317V,0.716,0.25603318214416504,0.5422354340553284,1.441724181175232
13,6499202,1OPJ,MdrDBcore04231,F317V,0.964,0.8141176104545593,0.5422354340553284,1.441724181175232
13,6499202,3OXZ,MdrDBcore04232,F359C,0.407,0.3078605830669403,0.5422354340553284,1.441724181175232
13,6499202,1OPJ,MdrDBcore04233,F359C,0.765,0.7491479516029358,0.5422354340553284,1.441724181175232
13,6499202,3OXZ,MdrDBcore04234,F359I,0.765,0.37034133076667786,0.5422354340553284,1.441724181175232
13,6499202,1OPJ,MdrDBcore04235,F359I,0.278,0.7284159660339355,0.5422354340553284,1.441724181175232
13,6499202,3OXZ,MdrDBcore04236,F359V,0.169,0.2808615565299988,0.5422354340553284,1.441724181175232
13,6499202,1OPJ,MdrDBcore04237,F359V,0.318,0.7283428907394409,0.5422354340553284,1.441724181175232
13,6499202,3OXZ,MdrDBcore04238,G250E,0.298,0.4015146493911743,0.5422354340553284,1.441724181175232
13,6499202,1OPJ,MdrDBcore04239,G250E,1.004,0.7844531536102295,0.5422354340553284,1.441724181175232
13,6499202,3OXZ,MdrDBcore04240,H396R,0.169,0.4015149176120758,0.5422354340553284,1.441724181175232
13,6499202,1OPJ,MdrDBcore04241,H396R,0.398,0.7844535708427429,0.5422354340553284,1.441724181175232
13,6499202,3OXZ,MdrDBcore04242,L248R,0.576,0.6504705548286438,0.5422354340553284,1.441724181175232
13,6499202,1OPJ,MdrDBcore04243,L248R,2.316,1.2375415563583374,0.5422354340553284,1.441724181175232
13,6499202,3OXZ,MdrDBcore04244,L248V,0.169,0.4292444884777069,0.5422354340553284,1.441724181175232
13,6499202,1OPJ,MdrDBcore04245,L248V,0.636,0.8107407093048096,0.5422354340553284,1.441724181175232
13,6499202,3OXZ,MdrDBcore04246,M244V,0.0,0.4015151858329773,0.5422354340553284,1.441724181175232
13,6499202,1OPJ,MdrDBcore04247,M244V,0.209,-0.1895052194595337,0.5422354340553284,1.441724181175232
13,6499202,3OXZ,MdrDBcore04248,M351T,0.169,0.4150720536708832,0.5422354340553284,1.441724181175232
13,6499202,1OPJ,MdrDBcore04249,M351T,0.417,0.8931649923324585,0.5422354340553284,1.441724181175232
13,6499202,3OXZ,MdrDBcore04250,T315A,0.169,0.46598729491233826,0.5422354340553284,1.441724181175232
13,6499202,1OPJ,MdrDBcore04251,T315A,0.507,0.7674193382263184,0.5422354340553284,1.441724181175232
13,6499202,3OXZ,MdrDBcore04252,T315I,0.407,0.5374575853347778,0.5422354340553284,1.441724181175232
13,6499202,1OPJ,MdrDBcore04253,T315I,2.306,0.8392273783683777,0.5422354340553284,1.441724181175232
13,6499202,3OXZ,MdrDBcore04254,V299L,0.169,0.48459312319755554,0.5422354340553284,1.441724181175232
13,6499202,1OPJ,MdrDBcore04255,V299L,0.229,0.8119667768478394,0.5422354340553284,1.441724181175232
13,6499202,3OXZ,MdrDBcore04256,Y253F,0.298,0.4710688889026642,0.5422354340553284,1.441724181175232
13,6499202,1OPJ,MdrDBcore04257,Y253F,1.888,0.8523388504981995,0.5422354340553284,1.441724181175232
13,6499202,3CS9,MdrDBcore04258,E255K,1.262,-0.14150243997573853,0.5422354340553284,1.441724181175232
13,6499202,3CS9,MdrDBcore04259,E255V,2.345,0.6118679046630859,0.5422354340553284,1.441724181175232
13,6499202,3CS9,MdrDBcore04260,E355A,0.109,0.6118677854537964,0.5422354340553284,1.441724181175232
13,6499202,3CS9,MdrDBcore04261,E459K,0.547,0.6118680238723755,0.5422354340553284,1.441724181175232
13,6499202,3CS9,MdrDBcore04262,F317C,0.04,0.4734726846218109,0.5422354340553284,1.441724181175232
13,6499202,3CS9,MdrDBcore04263,F317I,0.298,0.5215827822685242,0.5422354340553284,1.441724181175232
13,6499202,3CS9,MdrDBcore04264,F317L,0.199,0.540515124797821,0.5422354340553284,1.441724181175232
13,6499202,3CS9,MdrDBcore04265,F317V,0.328,0.5374760627746582,0.5422354340553284,1.441724181175232
13,6499202,3CS9,MdrDBcore04266,F359C,0.676,0.5750417113304138,0.5422354340553284,1.441724181175232
13,6499202,3CS9,MdrDBcore04267,F359I,0.855,0.5750417113304138,0.5422354340553284,1.441724181175232
13,6499202,3CS9,MdrDBcore04268,F359V,0.596,0.5750418901443481,0.5422354340553284,1.441724181175232
13,6499202,3CS9,MdrDBcore04269,G250E,0.596,0.6118683218955994,0.5422354340553284,1.441724181175232
13,6499202,3CS9,MdrDBcore04270,H396R,0.248,0.6118680834770203,0.5422354340553284,1.441724181175232
13,6499202,3CS9,MdrDBcore04271,L248R,2.137,1.0030466318130493,0.5422354340553284,1.441724181175232
13,6499202,3CS9,MdrDBcore04272,L248V,0.328,0.5431162118911743,0.5422354340553284,1.441724181175232
13,6499202,3CS9,MdrDBcore04273,M244V,-0.129,0.6118682026863098,0.5422354340553284,1.441724181175232
13,6499202,3CS9,MdrDBcore04274,M351T,0.0,0.6118683218955994,0.5422354340553284,1.441724181175232
13,6499202,3CS9,MdrDBcore04275,T315A,0.716,0.5934663414955139,0.5422354340553284,1.441724181175232
13,6499202,3CS9,MdrDBcore04276,T315I,3.727,0.6585937142372131,0.5422354340553284,1.441724181175232
13,6499202,3CS9,MdrDBcore04277,V299L,0.278,0.6520354151725769,0.5422354340553284,1.441724181175232
13,6499202,3CS9,MdrDBcore04278,Y253F,1.471,0.6364425420761108,0.5422354340553284,1.441724181175232
13,6499202,DOK1,MdrDBcore04279,E255K,-0.109,0.11299441009759903,0.5422354340553284,1.441724181175232
13,6499202,DOK2,MdrDBcore04280,E255K,-0.109,0.2042531669139862,0.5422354340553284,1.441724181175232
13,6499202,DOK1,MdrDBcore04281,F317I,1.57,0.06410480290651321,0.5422354340553284,1.441724181175232
13,6499202,DOK2,MdrDBcore04282,F317I,1.342,0.22072520852088928,0.5422354340553284,1.441724181175232
13,6499202,DOK1,MdrDBcore04283,F317L,0.398,0.07184148579835892,0.5422354340553284,1.441724181175232
13,6499202,DOK2,MdrDBcore04284,F317L,0.288,0.2210206687450409,0.5422354340553284,1.441724181175232
13,6499202,DOK1,MdrDBcore04285,M351T,-0.08,0.11299439519643784,0.5422354340553284,1.441724181175232
13,6499202,DOK2,MdrDBcore04286,M351T,0.05,0.20425304770469666,0.5422354340553284,1.441724181175232
13,6499202,DOK1,MdrDBcore04287,Q252H,-0.129,-0.22460022568702698,0.5422354340553284,1.441724181175232
13,6499202,DOK2,MdrDBcore04288,Q252H,-0.437,0.4784333407878876,0.5422354340553284,1.441724181175232
13,6499202,DOK1,MdrDBcore04289,T315I,-0.149,0.1554475724697113,0.5422354340553284,1.441724181175232
13,6499202,DOK1,MdrDBcore04290,Y253F,0.0,0.11299443989992142,0.5422354340553284,1.441724181175232
13,6499202,DOK2,MdrDBcore04291,Y253F,-0.169,0.20425322651863098,0.5422354340553284,1.441724181175232
