idx_query,idx_anchor,UNIPROT
1025,3160,P00533
1025,1016,P00533
1025,1074,P00533
1025,1034,P00533
1025,1096,P00533
1025,1111,P00533
1025,1066,P00533
1025,1097,P00533
1025,1085,P00533
1025,1072,P00533
1025,366,P00533
1025,363,P00533
1025,993,P00533
1025,1031,P00533
1025,1087,P00533
1025,1003,P00533
1025,1040,P00533
1025,1084,P00533
1025,1098,P00533
1025,1081,P00533
1025,99,P00533
1025,1010,P00533
1025,1078,P00533
1025,1027,P00533
1025,1113,P00533
1025,1114,P00533
1025,978,P00533
1025,359,P00533
1025,1082,P00533
1025,1065,P00533
1025,1056,P00533
1025,1033,P00533
1025,1095,P00533
1025,3157,P00533
1025,1029,P00533
1025,364,P00533
1025,1071,P00533
1025,1070,P00533
1025,1019,P00533
1025,986,P00533
1025,1050,P00533
1025,977,P00533
1025,1024,P00533
1025,1112,P00533
1025,1060,P00533
1025,1013,P00533
1025,1109,P00533
1025,1080,P00533
1025,1043,P00533
1025,991,P00533
1025,1105,P00533
1026,3160,P00533
1026,1016,P00533
1026,1074,P00533
1026,1034,P00533
1026,1096,P00533
1026,1111,P00533
1026,1066,P00533
1026,1097,P00533
1026,1085,P00533
1026,1072,P00533
1026,366,P00533
1026,363,P00533
1026,993,P00533
1026,1031,P00533
1026,1087,P00533
1026,1003,P00533
1026,1040,P00533
1026,1084,P00533
1026,1098,P00533
1026,1081,P00533
1026,99,P00533
1026,1010,P00533
1026,1078,P00533
1026,1027,P00533
1026,1113,P00533
1026,1114,P00533
1026,978,P00533
1026,359,P00533
1026,1082,P00533
1026,1065,P00533
1026,1056,P00533
1026,1033,P00533
1026,1095,P00533
1026,3157,P00533
1026,1029,P00533
1026,364,P00533
1026,1071,P00533
1026,1070,P00533
1026,1019,P00533
1026,986,P00533
1026,1050,P00533
1026,977,P00533
1026,1024,P00533
1026,1112,P00533
1026,1060,P00533
1026,1013,P00533
1026,1109,P00533
1026,1080,P00533
1026,1043,P00533
1026,991,P00533
1026,1105,P00533
1028,3160,P00533
1028,1016,P00533
1028,1074,P00533
1028,1034,P00533
1028,1096,P00533
1028,1111,P00533
1028,1066,P00533
1028,1097,P00533
1028,1085,P00533
1028,1072,P00533
1028,366,P00533
1028,363,P00533
1028,993,P00533
1028,1031,P00533
1028,1087,P00533
1028,1003,P00533
1028,1040,P00533
1028,1084,P00533
1028,1098,P00533
1028,1081,P00533
1028,99,P00533
1028,1010,P00533
1028,1078,P00533
1028,1027,P00533
1028,1113,P00533
1028,1114,P00533
1028,978,P00533
1028,359,P00533
1028,1082,P00533
1028,1065,P00533
1028,1056,P00533
1028,1033,P00533
1028,1095,P00533
1028,3157,P00533
1028,1029,P00533
1028,364,P00533
1028,1071,P00533
1028,1070,P00533
1028,1019,P00533
1028,986,P00533
1028,1050,P00533
1028,977,P00533
1028,1024,P00533
1028,1112,P00533
1028,1060,P00533
1028,1013,P00533
1028,1109,P00533
1028,1080,P00533
1028,1043,P00533
1028,991,P00533
1028,1105,P00533
1030,3160,P00533
1030,1016,P00533
1030,1074,P00533
1030,1034,P00533
1030,1096,P00533
1030,1111,P00533
1030,1066,P00533
1030,1097,P00533
1030,1085,P00533
1030,1072,P00533
1030,366,P00533
1030,363,P00533
1030,993,P00533
1030,1031,P00533
1030,1087,P00533
1030,1003,P00533
1030,1040,P00533
1030,1084,P00533
1030,1098,P00533
1030,1081,P00533
1030,99,P00533
1030,1010,P00533
1030,1078,P00533
1030,1027,P00533
1030,1113,P00533
1030,1114,P00533
1030,978,P00533
1030,359,P00533
1030,1082,P00533
1030,1065,P00533
1030,1056,P00533
1030,1033,P00533
1030,1095,P00533
1030,3157,P00533
1030,1029,P00533
1030,364,P00533
1030,1071,P00533
1030,1070,P00533
1030,1019,P00533
1030,986,P00533
1030,1050,P00533
1030,977,P00533
1030,1024,P00533
1030,1112,P00533
1030,1060,P00533
1030,1013,P00533
1030,1109,P00533
1030,1080,P00533
1030,1043,P00533
1030,991,P00533
1030,1105,P00533
1032,3160,P00533
1032,1016,P00533
1032,1074,P00533
1032,1034,P00533
1032,1096,P00533
1032,1111,P00533
1032,1066,P00533
1032,1097,P00533
1032,1085,P00533
1032,1072,P00533
1032,366,P00533
1032,363,P00533
1032,993,P00533
1032,1031,P00533
1032,1087,P00533
1032,1003,P00533
1032,1040,P00533
1032,1084,P00533
1032,1098,P00533
1032,1081,P00533
1032,99,P00533
1032,1010,P00533
1032,1078,P00533
1032,1027,P00533
1032,1113,P00533
1032,1114,P00533
1032,978,P00533
1032,359,P00533
1032,1082,P00533
1032,1065,P00533
1032,1056,P00533
1032,1033,P00533
1032,1095,P00533
1032,3157,P00533
1032,1029,P00533
1032,364,P00533
1032,1071,P00533
1032,1070,P00533
1032,1019,P00533
1032,986,P00533
1032,1050,P00533
1032,977,P00533
1032,1024,P00533
1032,1112,P00533
1032,1060,P00533
1032,1013,P00533
1032,1109,P00533
1032,1080,P00533
1032,1043,P00533
1032,991,P00533
1032,1105,P00533
1035,3160,P00533
1035,1016,P00533
1035,1074,P00533
1035,1034,P00533
1035,1096,P00533
1035,1111,P00533
1035,1066,P00533
1035,1097,P00533
1035,1085,P00533
1035,1072,P00533
1035,366,P00533
1035,363,P00533
1035,993,P00533
1035,1031,P00533
1035,1087,P00533
1035,1003,P00533
1035,1040,P00533
1035,1084,P00533
1035,1098,P00533
1035,1081,P00533
1035,99,P00533
1035,1010,P00533
1035,1078,P00533
1035,1027,P00533
1035,1113,P00533
1035,1114,P00533
1035,978,P00533
1035,359,P00533
1035,1082,P00533
1035,1065,P00533
1035,1056,P00533
1035,1033,P00533
1035,1095,P00533
1035,3157,P00533
1035,1029,P00533
1035,364,P00533
1035,1071,P00533
1035,1070,P00533
1035,1019,P00533
1035,986,P00533
1035,1050,P00533
1035,977,P00533
1035,1024,P00533
1035,1112,P00533
1035,1060,P00533
1035,1013,P00533
1035,1109,P00533
1035,1080,P00533
1035,1043,P00533
1035,991,P00533
1035,1105,P00533
1036,3160,P00533
1036,1016,P00533
1036,1074,P00533
1036,1034,P00533
1036,1096,P00533
1036,1111,P00533
1036,1066,P00533
1036,1097,P00533
1036,1085,P00533
1036,1072,P00533
1036,366,P00533
1036,363,P00533
1036,993,P00533
1036,1031,P00533
1036,1087,P00533
1036,1003,P00533
1036,1040,P00533
1036,1084,P00533
1036,1098,P00533
1036,1081,P00533
1036,99,P00533
1036,1010,P00533
1036,1078,P00533
1036,1027,P00533
1036,1113,P00533
1036,1114,P00533
1036,978,P00533
1036,359,P00533
1036,1082,P00533
1036,1065,P00533
1036,1056,P00533
1036,1033,P00533
1036,1095,P00533
1036,3157,P00533
1036,1029,P00533
1036,364,P00533
1036,1071,P00533
1036,1070,P00533
1036,1019,P00533
1036,986,P00533
1036,1050,P00533
1036,977,P00533
1036,1024,P00533
1036,1112,P00533
1036,1060,P00533
1036,1013,P00533
1036,1109,P00533
1036,1080,P00533
1036,1043,P00533
1036,991,P00533
1036,1105,P00533
1037,3160,P00533
1037,1016,P00533
1037,1074,P00533
1037,1034,P00533
1037,1096,P00533
1037,1111,P00533
1037,1066,P00533
1037,1097,P00533
1037,1085,P00533
1037,1072,P00533
1037,366,P00533
1037,363,P00533
1037,993,P00533
1037,1031,P00533
1037,1087,P00533
1037,1003,P00533
1037,1040,P00533
1037,1084,P00533
1037,1098,P00533
1037,1081,P00533
1037,99,P00533
1037,1010,P00533
1037,1078,P00533
1037,1027,P00533
1037,1113,P00533
1037,1114,P00533
1037,978,P00533
1037,359,P00533
1037,1082,P00533
1037,1065,P00533
1037,1056,P00533
1037,1033,P00533
1037,1095,P00533
1037,3157,P00533
1037,1029,P00533
1037,364,P00533
1037,1071,P00533
1037,1070,P00533
1037,1019,P00533
1037,986,P00533
1037,1050,P00533
1037,977,P00533
1037,1024,P00533
1037,1112,P00533
1037,1060,P00533
1037,1013,P00533
1037,1109,P00533
1037,1080,P00533
1037,1043,P00533
1037,991,P00533
1037,1105,P00533
14,3160,P00533
14,1016,P00533
14,1074,P00533
14,1034,P00533
14,1096,P00533
14,1111,P00533
14,1066,P00533
14,1097,P00533
14,1085,P00533
14,1072,P00533
14,366,P00533
14,363,P00533
14,993,P00533
14,1031,P00533
14,1087,P00533
14,1003,P00533
14,1040,P00533
14,1084,P00533
14,1098,P00533
14,1081,P00533
14,99,P00533
14,1010,P00533
14,1078,P00533
14,1027,P00533
14,1113,P00533
14,1114,P00533
14,978,P00533
14,359,P00533
14,1082,P00533
14,1065,P00533
14,1056,P00533
14,1033,P00533
14,1095,P00533
14,3157,P00533
14,1029,P00533
14,364,P00533
14,1071,P00533
14,1070,P00533
14,1019,P00533
14,986,P00533
14,1050,P00533
14,977,P00533
14,1024,P00533
14,1112,P00533
14,1060,P00533
14,1013,P00533
14,1109,P00533
14,1080,P00533
14,1043,P00533
14,991,P00533
14,1105,P00533
15,3160,P00533
15,1016,P00533
15,1074,P00533
15,1034,P00533
15,1096,P00533
15,1111,P00533
15,1066,P00533
15,1097,P00533
15,1085,P00533
15,1072,P00533
15,366,P00533
15,363,P00533
15,993,P00533
15,1031,P00533
15,1087,P00533
15,1003,P00533
15,1040,P00533
15,1084,P00533
15,1098,P00533
15,1081,P00533
15,99,P00533
15,1010,P00533
15,1078,P00533
15,1027,P00533
15,1113,P00533
15,1114,P00533
15,978,P00533
15,359,P00533
15,1082,P00533
15,1065,P00533
15,1056,P00533
15,1033,P00533
15,1095,P00533
15,3157,P00533
15,1029,P00533
15,364,P00533
15,1071,P00533
15,1070,P00533
15,1019,P00533
15,986,P00533
15,1050,P00533
15,977,P00533
15,1024,P00533
15,1112,P00533
15,1060,P00533
15,1013,P00533
15,1109,P00533
15,1080,P00533
15,1043,P00533
15,991,P00533
15,1105,P00533
1038,3160,P00533
1038,1016,P00533
1038,1074,P00533
1038,1034,P00533
1038,1096,P00533
1038,1111,P00533
1038,1066,P00533
1038,1097,P00533
1038,1085,P00533
1038,1072,P00533
1038,366,P00533
1038,363,P00533
1038,993,P00533
1038,1031,P00533
1038,1087,P00533
1038,1003,P00533
1038,1040,P00533
1038,1084,P00533
1038,1098,P00533
1038,1081,P00533
1038,99,P00533
1038,1010,P00533
1038,1078,P00533
1038,1027,P00533
1038,1113,P00533
1038,1114,P00533
1038,978,P00533
1038,359,P00533
1038,1082,P00533
1038,1065,P00533
1038,1056,P00533
1038,1033,P00533
1038,1095,P00533
1038,3157,P00533
1038,1029,P00533
1038,364,P00533
1038,1071,P00533
1038,1070,P00533
1038,1019,P00533
1038,986,P00533
1038,1050,P00533
1038,977,P00533
1038,1024,P00533
1038,1112,P00533
1038,1060,P00533
1038,1013,P00533
1038,1109,P00533
1038,1080,P00533
1038,1043,P00533
1038,991,P00533
1038,1105,P00533
1039,3160,P00533
1039,1016,P00533
1039,1074,P00533
1039,1034,P00533
1039,1096,P00533
1039,1111,P00533
1039,1066,P00533
1039,1097,P00533
1039,1085,P00533
1039,1072,P00533
1039,366,P00533
1039,363,P00533
1039,993,P00533
1039,1031,P00533
1039,1087,P00533
1039,1003,P00533
1039,1040,P00533
1039,1084,P00533
1039,1098,P00533
1039,1081,P00533
1039,99,P00533
1039,1010,P00533
1039,1078,P00533
1039,1027,P00533
1039,1113,P00533
1039,1114,P00533
1039,978,P00533
1039,359,P00533
1039,1082,P00533
1039,1065,P00533
1039,1056,P00533
1039,1033,P00533
1039,1095,P00533
1039,3157,P00533
1039,1029,P00533
1039,364,P00533
1039,1071,P00533
1039,1070,P00533
1039,1019,P00533
1039,986,P00533
1039,1050,P00533
1039,977,P00533
1039,1024,P00533
1039,1112,P00533
1039,1060,P00533
1039,1013,P00533
1039,1109,P00533
1039,1080,P00533
1039,1043,P00533
1039,991,P00533
1039,1105,P00533
1041,3160,P00533
1041,1016,P00533
1041,1074,P00533
1041,1034,P00533
1041,1096,P00533
1041,1111,P00533
1041,1066,P00533
1041,1097,P00533
1041,1085,P00533
1041,1072,P00533
1041,366,P00533
1041,363,P00533
1041,993,P00533
1041,1031,P00533
1041,1087,P00533
1041,1003,P00533
1041,1040,P00533
1041,1084,P00533
1041,1098,P00533
1041,1081,P00533
1041,99,P00533
1041,1010,P00533
1041,1078,P00533
1041,1027,P00533
1041,1113,P00533
1041,1114,P00533
1041,978,P00533
1041,359,P00533
1041,1082,P00533
1041,1065,P00533
1041,1056,P00533
1041,1033,P00533
1041,1095,P00533
1041,3157,P00533
1041,1029,P00533
1041,364,P00533
1041,1071,P00533
1041,1070,P00533
1041,1019,P00533
1041,986,P00533
1041,1050,P00533
1041,977,P00533
1041,1024,P00533
1041,1112,P00533
1041,1060,P00533
1041,1013,P00533
1041,1109,P00533
1041,1080,P00533
1041,1043,P00533
1041,991,P00533
1041,1105,P00533
1042,3160,P00533
1042,1016,P00533
1042,1074,P00533
1042,1034,P00533
1042,1096,P00533
1042,1111,P00533
1042,1066,P00533
1042,1097,P00533
1042,1085,P00533
1042,1072,P00533
1042,366,P00533
1042,363,P00533
1042,993,P00533
1042,1031,P00533
1042,1087,P00533
1042,1003,P00533
1042,1040,P00533
1042,1084,P00533
1042,1098,P00533
1042,1081,P00533
1042,99,P00533
1042,1010,P00533
1042,1078,P00533
1042,1027,P00533
1042,1113,P00533
1042,1114,P00533
1042,978,P00533
1042,359,P00533
1042,1082,P00533
1042,1065,P00533
1042,1056,P00533
1042,1033,P00533
1042,1095,P00533
1042,3157,P00533
1042,1029,P00533
1042,364,P00533
1042,1071,P00533
1042,1070,P00533
1042,1019,P00533
1042,986,P00533
1042,1050,P00533
1042,977,P00533
1042,1024,P00533
1042,1112,P00533
1042,1060,P00533
1042,1013,P00533
1042,1109,P00533
1042,1080,P00533
1042,1043,P00533
1042,991,P00533
1042,1105,P00533
1044,3160,P00533
1044,1016,P00533
1044,1074,P00533
1044,1034,P00533
1044,1096,P00533
1044,1111,P00533
1044,1066,P00533
1044,1097,P00533
1044,1085,P00533
1044,1072,P00533
1044,366,P00533
1044,363,P00533
1044,993,P00533
1044,1031,P00533
1044,1087,P00533
1044,1003,P00533
1044,1040,P00533
1044,1084,P00533
1044,1098,P00533
1044,1081,P00533
1044,99,P00533
1044,1010,P00533
1044,1078,P00533
1044,1027,P00533
1044,1113,P00533
1044,1114,P00533
1044,978,P00533
1044,359,P00533
1044,1082,P00533
1044,1065,P00533
1044,1056,P00533
1044,1033,P00533
1044,1095,P00533
1044,3157,P00533
1044,1029,P00533
1044,364,P00533
1044,1071,P00533
1044,1070,P00533
1044,1019,P00533
1044,986,P00533
1044,1050,P00533
1044,977,P00533
1044,1024,P00533
1044,1112,P00533
1044,1060,P00533
1044,1013,P00533
1044,1109,P00533
1044,1080,P00533
1044,1043,P00533
1044,991,P00533
1044,1105,P00533
1045,3160,P00533
1045,1016,P00533
1045,1074,P00533
1045,1034,P00533
1045,1096,P00533
1045,1111,P00533
1045,1066,P00533
1045,1097,P00533
1045,1085,P00533
1045,1072,P00533
1045,366,P00533
1045,363,P00533
1045,993,P00533
1045,1031,P00533
1045,1087,P00533
1045,1003,P00533
1045,1040,P00533
1045,1084,P00533
1045,1098,P00533
1045,1081,P00533
1045,99,P00533
1045,1010,P00533
1045,1078,P00533
1045,1027,P00533
1045,1113,P00533
1045,1114,P00533
1045,978,P00533
1045,359,P00533
1045,1082,P00533
1045,1065,P00533
1045,1056,P00533
1045,1033,P00533
1045,1095,P00533
1045,3157,P00533
1045,1029,P00533
1045,364,P00533
1045,1071,P00533
1045,1070,P00533
1045,1019,P00533
1045,986,P00533
1045,1050,P00533
1045,977,P00533
1045,1024,P00533
1045,1112,P00533
1045,1060,P00533
1045,1013,P00533
1045,1109,P00533
1045,1080,P00533
1045,1043,P00533
1045,991,P00533
1045,1105,P00533
1046,3160,P00533
1046,1016,P00533
1046,1074,P00533
1046,1034,P00533
1046,1096,P00533
1046,1111,P00533
1046,1066,P00533
1046,1097,P00533
1046,1085,P00533
1046,1072,P00533
1046,366,P00533
1046,363,P00533
1046,993,P00533
1046,1031,P00533
1046,1087,P00533
1046,1003,P00533
1046,1040,P00533
1046,1084,P00533
1046,1098,P00533
1046,1081,P00533
1046,99,P00533
1046,1010,P00533
1046,1078,P00533
1046,1027,P00533
1046,1113,P00533
1046,1114,P00533
1046,978,P00533
1046,359,P00533
1046,1082,P00533
1046,1065,P00533
1046,1056,P00533
1046,1033,P00533
1046,1095,P00533
1046,3157,P00533
1046,1029,P00533
1046,364,P00533
1046,1071,P00533
1046,1070,P00533
1046,1019,P00533
1046,986,P00533
1046,1050,P00533
1046,977,P00533
1046,1024,P00533
1046,1112,P00533
1046,1060,P00533
1046,1013,P00533
1046,1109,P00533
1046,1080,P00533
1046,1043,P00533
1046,991,P00533
1046,1105,P00533
1047,3160,P00533
1047,1016,P00533
1047,1074,P00533
1047,1034,P00533
1047,1096,P00533
1047,1111,P00533
1047,1066,P00533
1047,1097,P00533
1047,1085,P00533
1047,1072,P00533
1047,366,P00533
1047,363,P00533
1047,993,P00533
1047,1031,P00533
1047,1087,P00533
1047,1003,P00533
1047,1040,P00533
1047,1084,P00533
1047,1098,P00533
1047,1081,P00533
1047,99,P00533
1047,1010,P00533
1047,1078,P00533
1047,1027,P00533
1047,1113,P00533
1047,1114,P00533
1047,978,P00533
1047,359,P00533
1047,1082,P00533
1047,1065,P00533
1047,1056,P00533
1047,1033,P00533
1047,1095,P00533
1047,3157,P00533
1047,1029,P00533
1047,364,P00533
1047,1071,P00533
1047,1070,P00533
1047,1019,P00533
1047,986,P00533
1047,1050,P00533
1047,977,P00533
1047,1024,P00533
1047,1112,P00533
1047,1060,P00533
1047,1013,P00533
1047,1109,P00533
1047,1080,P00533
1047,1043,P00533
1047,991,P00533
1047,1105,P00533
1048,3160,P00533
1048,1016,P00533
1048,1074,P00533
1048,1034,P00533
1048,1096,P00533
1048,1111,P00533
1048,1066,P00533
1048,1097,P00533
1048,1085,P00533
1048,1072,P00533
1048,366,P00533
1048,363,P00533
1048,993,P00533
1048,1031,P00533
1048,1087,P00533
1048,1003,P00533
1048,1040,P00533
1048,1084,P00533
1048,1098,P00533
1048,1081,P00533
1048,99,P00533
1048,1010,P00533
1048,1078,P00533
1048,1027,P00533
1048,1113,P00533
1048,1114,P00533
1048,978,P00533
1048,359,P00533
1048,1082,P00533
1048,1065,P00533
1048,1056,P00533
1048,1033,P00533
1048,1095,P00533
1048,3157,P00533
1048,1029,P00533
1048,364,P00533
1048,1071,P00533
1048,1070,P00533
1048,1019,P00533
1048,986,P00533
1048,1050,P00533
1048,977,P00533
1048,1024,P00533
1048,1112,P00533
1048,1060,P00533
1048,1013,P00533
1048,1109,P00533
1048,1080,P00533
1048,1043,P00533
1048,991,P00533
1048,1105,P00533
1049,3160,P00533
1049,1016,P00533
1049,1074,P00533
1049,1034,P00533
1049,1096,P00533
1049,1111,P00533
1049,1066,P00533
1049,1097,P00533
1049,1085,P00533
1049,1072,P00533
1049,366,P00533
1049,363,P00533
1049,993,P00533
1049,1031,P00533
1049,1087,P00533
1049,1003,P00533
1049,1040,P00533
1049,1084,P00533
1049,1098,P00533
1049,1081,P00533
1049,99,P00533
1049,1010,P00533
1049,1078,P00533
1049,1027,P00533
1049,1113,P00533
1049,1114,P00533
1049,978,P00533
1049,359,P00533
1049,1082,P00533
1049,1065,P00533
1049,1056,P00533
1049,1033,P00533
1049,1095,P00533
1049,3157,P00533
1049,1029,P00533
1049,364,P00533
1049,1071,P00533
1049,1070,P00533
1049,1019,P00533
1049,986,P00533
1049,1050,P00533
1049,977,P00533
1049,1024,P00533
1049,1112,P00533
1049,1060,P00533
1049,1013,P00533
1049,1109,P00533
1049,1080,P00533
1049,1043,P00533
1049,991,P00533
1049,1105,P00533
1051,3160,P00533
1051,1016,P00533
1051,1074,P00533
1051,1034,P00533
1051,1096,P00533
1051,1111,P00533
1051,1066,P00533
1051,1097,P00533
1051,1085,P00533
1051,1072,P00533
1051,366,P00533
1051,363,P00533
1051,993,P00533
1051,1031,P00533
1051,1087,P00533
1051,1003,P00533
1051,1040,P00533
1051,1084,P00533
1051,1098,P00533
1051,1081,P00533
1051,99,P00533
1051,1010,P00533
1051,1078,P00533
1051,1027,P00533
1051,1113,P00533
1051,1114,P00533
1051,978,P00533
1051,359,P00533
1051,1082,P00533
1051,1065,P00533
1051,1056,P00533
1051,1033,P00533
1051,1095,P00533
1051,3157,P00533
1051,1029,P00533
1051,364,P00533
1051,1071,P00533
1051,1070,P00533
1051,1019,P00533
1051,986,P00533
1051,1050,P00533
1051,977,P00533
1051,1024,P00533
1051,1112,P00533
1051,1060,P00533
1051,1013,P00533
1051,1109,P00533
1051,1080,P00533
1051,1043,P00533
1051,991,P00533
1051,1105,P00533
1052,3160,P00533
1052,1016,P00533
1052,1074,P00533
1052,1034,P00533
1052,1096,P00533
1052,1111,P00533
1052,1066,P00533
1052,1097,P00533
1052,1085,P00533
1052,1072,P00533
1052,366,P00533
1052,363,P00533
1052,993,P00533
1052,1031,P00533
1052,1087,P00533
1052,1003,P00533
1052,1040,P00533
1052,1084,P00533
1052,1098,P00533
1052,1081,P00533
1052,99,P00533
1052,1010,P00533
1052,1078,P00533
1052,1027,P00533
1052,1113,P00533
1052,1114,P00533
1052,978,P00533
1052,359,P00533
1052,1082,P00533
1052,1065,P00533
1052,1056,P00533
1052,1033,P00533
1052,1095,P00533
1052,3157,P00533
1052,1029,P00533
1052,364,P00533
1052,1071,P00533
1052,1070,P00533
1052,1019,P00533
1052,986,P00533
1052,1050,P00533
1052,977,P00533
1052,1024,P00533
1052,1112,P00533
1052,1060,P00533
1052,1013,P00533
1052,1109,P00533
1052,1080,P00533
1052,1043,P00533
1052,991,P00533
1052,1105,P00533
1053,3160,P00533
1053,1016,P00533
1053,1074,P00533
1053,1034,P00533
1053,1096,P00533
1053,1111,P00533
1053,1066,P00533
1053,1097,P00533
1053,1085,P00533
1053,1072,P00533
1053,366,P00533
1053,363,P00533
1053,993,P00533
1053,1031,P00533
1053,1087,P00533
1053,1003,P00533
1053,1040,P00533
1053,1084,P00533
1053,1098,P00533
1053,1081,P00533
1053,99,P00533
1053,1010,P00533
1053,1078,P00533
1053,1027,P00533
1053,1113,P00533
1053,1114,P00533
1053,978,P00533
1053,359,P00533
1053,1082,P00533
1053,1065,P00533
1053,1056,P00533
1053,1033,P00533
1053,1095,P00533
1053,3157,P00533
1053,1029,P00533
1053,364,P00533
1053,1071,P00533
1053,1070,P00533
1053,1019,P00533
1053,986,P00533
1053,1050,P00533
1053,977,P00533
1053,1024,P00533
1053,1112,P00533
1053,1060,P00533
1053,1013,P00533
1053,1109,P00533
1053,1080,P00533
1053,1043,P00533
1053,991,P00533
1053,1105,P00533
1054,3160,P00533
1054,1016,P00533
1054,1074,P00533
1054,1034,P00533
1054,1096,P00533
1054,1111,P00533
1054,1066,P00533
1054,1097,P00533
1054,1085,P00533
1054,1072,P00533
1054,366,P00533
1054,363,P00533
1054,993,P00533
1054,1031,P00533
1054,1087,P00533
1054,1003,P00533
1054,1040,P00533
1054,1084,P00533
1054,1098,P00533
1054,1081,P00533
1054,99,P00533
1054,1010,P00533
1054,1078,P00533
1054,1027,P00533
1054,1113,P00533
1054,1114,P00533
1054,978,P00533
1054,359,P00533
1054,1082,P00533
1054,1065,P00533
1054,1056,P00533
1054,1033,P00533
1054,1095,P00533
1054,3157,P00533
1054,1029,P00533
1054,364,P00533
1054,1071,P00533
1054,1070,P00533
1054,1019,P00533
1054,986,P00533
1054,1050,P00533
1054,977,P00533
1054,1024,P00533
1054,1112,P00533
1054,1060,P00533
1054,1013,P00533
1054,1109,P00533
1054,1080,P00533
1054,1043,P00533
1054,991,P00533
1054,1105,P00533
1055,3160,P00533
1055,1016,P00533
1055,1074,P00533
1055,1034,P00533
1055,1096,P00533
1055,1111,P00533
1055,1066,P00533
1055,1097,P00533
1055,1085,P00533
1055,1072,P00533
1055,366,P00533
1055,363,P00533
1055,993,P00533
1055,1031,P00533
1055,1087,P00533
1055,1003,P00533
1055,1040,P00533
1055,1084,P00533
1055,1098,P00533
1055,1081,P00533
1055,99,P00533
1055,1010,P00533
1055,1078,P00533
1055,1027,P00533
1055,1113,P00533
1055,1114,P00533
1055,978,P00533
1055,359,P00533
1055,1082,P00533
1055,1065,P00533
1055,1056,P00533
1055,1033,P00533
1055,1095,P00533
1055,3157,P00533
1055,1029,P00533
1055,364,P00533
1055,1071,P00533
1055,1070,P00533
1055,1019,P00533
1055,986,P00533
1055,1050,P00533
1055,977,P00533
1055,1024,P00533
1055,1112,P00533
1055,1060,P00533
1055,1013,P00533
1055,1109,P00533
1055,1080,P00533
1055,1043,P00533
1055,991,P00533
1055,1105,P00533
1057,3160,P00533
1057,1016,P00533
1057,1074,P00533
1057,1034,P00533
1057,1096,P00533
1057,1111,P00533
1057,1066,P00533
1057,1097,P00533
1057,1085,P00533
1057,1072,P00533
1057,366,P00533
1057,363,P00533
1057,993,P00533
1057,1031,P00533
1057,1087,P00533
1057,1003,P00533
1057,1040,P00533
1057,1084,P00533
1057,1098,P00533
1057,1081,P00533
1057,99,P00533
1057,1010,P00533
1057,1078,P00533
1057,1027,P00533
1057,1113,P00533
1057,1114,P00533
1057,978,P00533
1057,359,P00533
1057,1082,P00533
1057,1065,P00533
1057,1056,P00533
1057,1033,P00533
1057,1095,P00533
1057,3157,P00533
1057,1029,P00533
1057,364,P00533
1057,1071,P00533
1057,1070,P00533
1057,1019,P00533
1057,986,P00533
1057,1050,P00533
1057,977,P00533
1057,1024,P00533
1057,1112,P00533
1057,1060,P00533
1057,1013,P00533
1057,1109,P00533
1057,1080,P00533
1057,1043,P00533
1057,991,P00533
1057,1105,P00533
1058,3160,P00533
1058,1016,P00533
1058,1074,P00533
1058,1034,P00533
1058,1096,P00533
1058,1111,P00533
1058,1066,P00533
1058,1097,P00533
1058,1085,P00533
1058,1072,P00533
1058,366,P00533
1058,363,P00533
1058,993,P00533
1058,1031,P00533
1058,1087,P00533
1058,1003,P00533
1058,1040,P00533
1058,1084,P00533
1058,1098,P00533
1058,1081,P00533
1058,99,P00533
1058,1010,P00533
1058,1078,P00533
1058,1027,P00533
1058,1113,P00533
1058,1114,P00533
1058,978,P00533
1058,359,P00533
1058,1082,P00533
1058,1065,P00533
1058,1056,P00533
1058,1033,P00533
1058,1095,P00533
1058,3157,P00533
1058,1029,P00533
1058,364,P00533
1058,1071,P00533
1058,1070,P00533
1058,1019,P00533
1058,986,P00533
1058,1050,P00533
1058,977,P00533
1058,1024,P00533
1058,1112,P00533
1058,1060,P00533
1058,1013,P00533
1058,1109,P00533
1058,1080,P00533
1058,1043,P00533
1058,991,P00533
1058,1105,P00533
1059,3160,P00533
1059,1016,P00533
1059,1074,P00533
1059,1034,P00533
1059,1096,P00533
1059,1111,P00533
1059,1066,P00533
1059,1097,P00533
1059,1085,P00533
1059,1072,P00533
1059,366,P00533
1059,363,P00533
1059,993,P00533
1059,1031,P00533
1059,1087,P00533
1059,1003,P00533
1059,1040,P00533
1059,1084,P00533
1059,1098,P00533
1059,1081,P00533
1059,99,P00533
1059,1010,P00533
1059,1078,P00533
1059,1027,P00533
1059,1113,P00533
1059,1114,P00533
1059,978,P00533
1059,359,P00533
1059,1082,P00533
1059,1065,P00533
1059,1056,P00533
1059,1033,P00533
1059,1095,P00533
1059,3157,P00533
1059,1029,P00533
1059,364,P00533
1059,1071,P00533
1059,1070,P00533
1059,1019,P00533
1059,986,P00533
1059,1050,P00533
1059,977,P00533
1059,1024,P00533
1059,1112,P00533
1059,1060,P00533
1059,1013,P00533
1059,1109,P00533
1059,1080,P00533
1059,1043,P00533
1059,991,P00533
1059,1105,P00533
1061,3160,P00533
1061,1016,P00533
1061,1074,P00533
1061,1034,P00533
1061,1096,P00533
1061,1111,P00533
1061,1066,P00533
1061,1097,P00533
1061,1085,P00533
1061,1072,P00533
1061,366,P00533
1061,363,P00533
1061,993,P00533
1061,1031,P00533
1061,1087,P00533
1061,1003,P00533
1061,1040,P00533
1061,1084,P00533
1061,1098,P00533
1061,1081,P00533
1061,99,P00533
1061,1010,P00533
1061,1078,P00533
1061,1027,P00533
1061,1113,P00533
1061,1114,P00533
1061,978,P00533
1061,359,P00533
1061,1082,P00533
1061,1065,P00533
1061,1056,P00533
1061,1033,P00533
1061,1095,P00533
1061,3157,P00533
1061,1029,P00533
1061,364,P00533
1061,1071,P00533
1061,1070,P00533
1061,1019,P00533
1061,986,P00533
1061,1050,P00533
1061,977,P00533
1061,1024,P00533
1061,1112,P00533
1061,1060,P00533
1061,1013,P00533
1061,1109,P00533
1061,1080,P00533
1061,1043,P00533
1061,991,P00533
1061,1105,P00533
1062,3160,P00533
1062,1016,P00533
1062,1074,P00533
1062,1034,P00533
1062,1096,P00533
1062,1111,P00533
1062,1066,P00533
1062,1097,P00533
1062,1085,P00533
1062,1072,P00533
1062,366,P00533
1062,363,P00533
1062,993,P00533
1062,1031,P00533
1062,1087,P00533
1062,1003,P00533
1062,1040,P00533
1062,1084,P00533
1062,1098,P00533
1062,1081,P00533
1062,99,P00533
1062,1010,P00533
1062,1078,P00533
1062,1027,P00533
1062,1113,P00533
1062,1114,P00533
1062,978,P00533
1062,359,P00533
1062,1082,P00533
1062,1065,P00533
1062,1056,P00533
1062,1033,P00533
1062,1095,P00533
1062,3157,P00533
1062,1029,P00533
1062,364,P00533
1062,1071,P00533
1062,1070,P00533
1062,1019,P00533
1062,986,P00533
1062,1050,P00533
1062,977,P00533
1062,1024,P00533
1062,1112,P00533
1062,1060,P00533
1062,1013,P00533
1062,1109,P00533
1062,1080,P00533
1062,1043,P00533
1062,991,P00533
1062,1105,P00533
1063,3160,P00533
1063,1016,P00533
1063,1074,P00533
1063,1034,P00533
1063,1096,P00533
1063,1111,P00533
1063,1066,P00533
1063,1097,P00533
1063,1085,P00533
1063,1072,P00533
1063,366,P00533
1063,363,P00533
1063,993,P00533
1063,1031,P00533
1063,1087,P00533
1063,1003,P00533
1063,1040,P00533
1063,1084,P00533
1063,1098,P00533
1063,1081,P00533
1063,99,P00533
1063,1010,P00533
1063,1078,P00533
1063,1027,P00533
1063,1113,P00533
1063,1114,P00533
1063,978,P00533
1063,359,P00533
1063,1082,P00533
1063,1065,P00533
1063,1056,P00533
1063,1033,P00533
1063,1095,P00533
1063,3157,P00533
1063,1029,P00533
1063,364,P00533
1063,1071,P00533
1063,1070,P00533
1063,1019,P00533
1063,986,P00533
1063,1050,P00533
1063,977,P00533
1063,1024,P00533
1063,1112,P00533
1063,1060,P00533
1063,1013,P00533
1063,1109,P00533
1063,1080,P00533
1063,1043,P00533
1063,991,P00533
1063,1105,P00533
1064,3160,P00533
1064,1016,P00533
1064,1074,P00533
1064,1034,P00533
1064,1096,P00533
1064,1111,P00533
1064,1066,P00533
1064,1097,P00533
1064,1085,P00533
1064,1072,P00533
1064,366,P00533
1064,363,P00533
1064,993,P00533
1064,1031,P00533
1064,1087,P00533
1064,1003,P00533
1064,1040,P00533
1064,1084,P00533
1064,1098,P00533
1064,1081,P00533
1064,99,P00533
1064,1010,P00533
1064,1078,P00533
1064,1027,P00533
1064,1113,P00533
1064,1114,P00533
1064,978,P00533
1064,359,P00533
1064,1082,P00533
1064,1065,P00533
1064,1056,P00533
1064,1033,P00533
1064,1095,P00533
1064,3157,P00533
1064,1029,P00533
1064,364,P00533
1064,1071,P00533
1064,1070,P00533
1064,1019,P00533
1064,986,P00533
1064,1050,P00533
1064,977,P00533
1064,1024,P00533
1064,1112,P00533
1064,1060,P00533
1064,1013,P00533
1064,1109,P00533
1064,1080,P00533
1064,1043,P00533
1064,991,P00533
1064,1105,P00533
1067,3160,P00533
1067,1016,P00533
1067,1074,P00533
1067,1034,P00533
1067,1096,P00533
1067,1111,P00533
1067,1066,P00533
1067,1097,P00533
1067,1085,P00533
1067,1072,P00533
1067,366,P00533
1067,363,P00533
1067,993,P00533
1067,1031,P00533
1067,1087,P00533
1067,1003,P00533
1067,1040,P00533
1067,1084,P00533
1067,1098,P00533
1067,1081,P00533
1067,99,P00533
1067,1010,P00533
1067,1078,P00533
1067,1027,P00533
1067,1113,P00533
1067,1114,P00533
1067,978,P00533
1067,359,P00533
1067,1082,P00533
1067,1065,P00533
1067,1056,P00533
1067,1033,P00533
1067,1095,P00533
1067,3157,P00533
1067,1029,P00533
1067,364,P00533
1067,1071,P00533
1067,1070,P00533
1067,1019,P00533
1067,986,P00533
1067,1050,P00533
1067,977,P00533
1067,1024,P00533
1067,1112,P00533
1067,1060,P00533
1067,1013,P00533
1067,1109,P00533
1067,1080,P00533
1067,1043,P00533
1067,991,P00533
1067,1105,P00533
1068,3160,P00533
1068,1016,P00533
1068,1074,P00533
1068,1034,P00533
1068,1096,P00533
1068,1111,P00533
1068,1066,P00533
1068,1097,P00533
1068,1085,P00533
1068,1072,P00533
1068,366,P00533
1068,363,P00533
1068,993,P00533
1068,1031,P00533
1068,1087,P00533
1068,1003,P00533
1068,1040,P00533
1068,1084,P00533
1068,1098,P00533
1068,1081,P00533
1068,99,P00533
1068,1010,P00533
1068,1078,P00533
1068,1027,P00533
1068,1113,P00533
1068,1114,P00533
1068,978,P00533
1068,359,P00533
1068,1082,P00533
1068,1065,P00533
1068,1056,P00533
1068,1033,P00533
1068,1095,P00533
1068,3157,P00533
1068,1029,P00533
1068,364,P00533
1068,1071,P00533
1068,1070,P00533
1068,1019,P00533
1068,986,P00533
1068,1050,P00533
1068,977,P00533
1068,1024,P00533
1068,1112,P00533
1068,1060,P00533
1068,1013,P00533
1068,1109,P00533
1068,1080,P00533
1068,1043,P00533
1068,991,P00533
1068,1105,P00533
1069,3160,P00533
1069,1016,P00533
1069,1074,P00533
1069,1034,P00533
1069,1096,P00533
1069,1111,P00533
1069,1066,P00533
1069,1097,P00533
1069,1085,P00533
1069,1072,P00533
1069,366,P00533
1069,363,P00533
1069,993,P00533
1069,1031,P00533
1069,1087,P00533
1069,1003,P00533
1069,1040,P00533
1069,1084,P00533
1069,1098,P00533
1069,1081,P00533
1069,99,P00533
1069,1010,P00533
1069,1078,P00533
1069,1027,P00533
1069,1113,P00533
1069,1114,P00533
1069,978,P00533
1069,359,P00533
1069,1082,P00533
1069,1065,P00533
1069,1056,P00533
1069,1033,P00533
1069,1095,P00533
1069,3157,P00533
1069,1029,P00533
1069,364,P00533
1069,1071,P00533
1069,1070,P00533
1069,1019,P00533
1069,986,P00533
1069,1050,P00533
1069,977,P00533
1069,1024,P00533
1069,1112,P00533
1069,1060,P00533
1069,1013,P00533
1069,1109,P00533
1069,1080,P00533
1069,1043,P00533
1069,991,P00533
1069,1105,P00533
1073,3160,P00533
1073,1016,P00533
1073,1074,P00533
1073,1034,P00533
1073,1096,P00533
1073,1111,P00533
1073,1066,P00533
1073,1097,P00533
1073,1085,P00533
1073,1072,P00533
1073,366,P00533
1073,363,P00533
1073,993,P00533
1073,1031,P00533
1073,1087,P00533
1073,1003,P00533
1073,1040,P00533
1073,1084,P00533
1073,1098,P00533
1073,1081,P00533
1073,99,P00533
1073,1010,P00533
1073,1078,P00533
1073,1027,P00533
1073,1113,P00533
1073,1114,P00533
1073,978,P00533
1073,359,P00533
1073,1082,P00533
1073,1065,P00533
1073,1056,P00533
1073,1033,P00533
1073,1095,P00533
1073,3157,P00533
1073,1029,P00533
1073,364,P00533
1073,1071,P00533
1073,1070,P00533
1073,1019,P00533
1073,986,P00533
1073,1050,P00533
1073,977,P00533
1073,1024,P00533
1073,1112,P00533
1073,1060,P00533
1073,1013,P00533
1073,1109,P00533
1073,1080,P00533
1073,1043,P00533
1073,991,P00533
1073,1105,P00533
1075,3160,P00533
1075,1016,P00533
1075,1074,P00533
1075,1034,P00533
1075,1096,P00533
1075,1111,P00533
1075,1066,P00533
1075,1097,P00533
1075,1085,P00533
1075,1072,P00533
1075,366,P00533
1075,363,P00533
1075,993,P00533
1075,1031,P00533
1075,1087,P00533
1075,1003,P00533
1075,1040,P00533
1075,1084,P00533
1075,1098,P00533
1075,1081,P00533
1075,99,P00533
1075,1010,P00533
1075,1078,P00533
1075,1027,P00533
1075,1113,P00533
1075,1114,P00533
1075,978,P00533
1075,359,P00533
1075,1082,P00533
1075,1065,P00533
1075,1056,P00533
1075,1033,P00533
1075,1095,P00533
1075,3157,P00533
1075,1029,P00533
1075,364,P00533
1075,1071,P00533
1075,1070,P00533
1075,1019,P00533
1075,986,P00533
1075,1050,P00533
1075,977,P00533
1075,1024,P00533
1075,1112,P00533
1075,1060,P00533
1075,1013,P00533
1075,1109,P00533
1075,1080,P00533
1075,1043,P00533
1075,991,P00533
1075,1105,P00533
1076,3160,P00533
1076,1016,P00533
1076,1074,P00533
1076,1034,P00533
1076,1096,P00533
1076,1111,P00533
1076,1066,P00533
1076,1097,P00533
1076,1085,P00533
1076,1072,P00533
1076,366,P00533
1076,363,P00533
1076,993,P00533
1076,1031,P00533
1076,1087,P00533
1076,1003,P00533
1076,1040,P00533
1076,1084,P00533
1076,1098,P00533
1076,1081,P00533
1076,99,P00533
1076,1010,P00533
1076,1078,P00533
1076,1027,P00533
1076,1113,P00533
1076,1114,P00533
1076,978,P00533
1076,359,P00533
1076,1082,P00533
1076,1065,P00533
1076,1056,P00533
1076,1033,P00533
1076,1095,P00533
1076,3157,P00533
1076,1029,P00533
1076,364,P00533
1076,1071,P00533
1076,1070,P00533
1076,1019,P00533
1076,986,P00533
1076,1050,P00533
1076,977,P00533
1076,1024,P00533
1076,1112,P00533
1076,1060,P00533
1076,1013,P00533
1076,1109,P00533
1076,1080,P00533
1076,1043,P00533
1076,991,P00533
1076,1105,P00533
1077,3160,P00533
1077,1016,P00533
1077,1074,P00533
1077,1034,P00533
1077,1096,P00533
1077,1111,P00533
1077,1066,P00533
1077,1097,P00533
1077,1085,P00533
1077,1072,P00533
1077,366,P00533
1077,363,P00533
1077,993,P00533
1077,1031,P00533
1077,1087,P00533
1077,1003,P00533
1077,1040,P00533
1077,1084,P00533
1077,1098,P00533
1077,1081,P00533
1077,99,P00533
1077,1010,P00533
1077,1078,P00533
1077,1027,P00533
1077,1113,P00533
1077,1114,P00533
1077,978,P00533
1077,359,P00533
1077,1082,P00533
1077,1065,P00533
1077,1056,P00533
1077,1033,P00533
1077,1095,P00533
1077,3157,P00533
1077,1029,P00533
1077,364,P00533
1077,1071,P00533
1077,1070,P00533
1077,1019,P00533
1077,986,P00533
1077,1050,P00533
1077,977,P00533
1077,1024,P00533
1077,1112,P00533
1077,1060,P00533
1077,1013,P00533
1077,1109,P00533
1077,1080,P00533
1077,1043,P00533
1077,991,P00533
1077,1105,P00533
1079,3160,P00533
1079,1016,P00533
1079,1074,P00533
1079,1034,P00533
1079,1096,P00533
1079,1111,P00533
1079,1066,P00533
1079,1097,P00533
1079,1085,P00533
1079,1072,P00533
1079,366,P00533
1079,363,P00533
1079,993,P00533
1079,1031,P00533
1079,1087,P00533
1079,1003,P00533
1079,1040,P00533
1079,1084,P00533
1079,1098,P00533
1079,1081,P00533
1079,99,P00533
1079,1010,P00533
1079,1078,P00533
1079,1027,P00533
1079,1113,P00533
1079,1114,P00533
1079,978,P00533
1079,359,P00533
1079,1082,P00533
1079,1065,P00533
1079,1056,P00533
1079,1033,P00533
1079,1095,P00533
1079,3157,P00533
1079,1029,P00533
1079,364,P00533
1079,1071,P00533
1079,1070,P00533
1079,1019,P00533
1079,986,P00533
1079,1050,P00533
1079,977,P00533
1079,1024,P00533
1079,1112,P00533
1079,1060,P00533
1079,1013,P00533
1079,1109,P00533
1079,1080,P00533
1079,1043,P00533
1079,991,P00533
1079,1105,P00533
1083,3160,P00533
1083,1016,P00533
1083,1074,P00533
1083,1034,P00533
1083,1096,P00533
1083,1111,P00533
1083,1066,P00533
1083,1097,P00533
1083,1085,P00533
1083,1072,P00533
1083,366,P00533
1083,363,P00533
1083,993,P00533
1083,1031,P00533
1083,1087,P00533
1083,1003,P00533
1083,1040,P00533
1083,1084,P00533
1083,1098,P00533
1083,1081,P00533
1083,99,P00533
1083,1010,P00533
1083,1078,P00533
1083,1027,P00533
1083,1113,P00533
1083,1114,P00533
1083,978,P00533
1083,359,P00533
1083,1082,P00533
1083,1065,P00533
1083,1056,P00533
1083,1033,P00533
1083,1095,P00533
1083,3157,P00533
1083,1029,P00533
1083,364,P00533
1083,1071,P00533
1083,1070,P00533
1083,1019,P00533
1083,986,P00533
1083,1050,P00533
1083,977,P00533
1083,1024,P00533
1083,1112,P00533
1083,1060,P00533
1083,1013,P00533
1083,1109,P00533
1083,1080,P00533
1083,1043,P00533
1083,991,P00533
1083,1105,P00533
1086,3160,P00533
1086,1016,P00533
1086,1074,P00533
1086,1034,P00533
1086,1096,P00533
1086,1111,P00533
1086,1066,P00533
1086,1097,P00533
1086,1085,P00533
1086,1072,P00533
1086,366,P00533
1086,363,P00533
1086,993,P00533
1086,1031,P00533
1086,1087,P00533
1086,1003,P00533
1086,1040,P00533
1086,1084,P00533
1086,1098,P00533
1086,1081,P00533
1086,99,P00533
1086,1010,P00533
1086,1078,P00533
1086,1027,P00533
1086,1113,P00533
1086,1114,P00533
1086,978,P00533
1086,359,P00533
1086,1082,P00533
1086,1065,P00533
1086,1056,P00533
1086,1033,P00533
1086,1095,P00533
1086,3157,P00533
1086,1029,P00533
1086,364,P00533
1086,1071,P00533
1086,1070,P00533
1086,1019,P00533
1086,986,P00533
1086,1050,P00533
1086,977,P00533
1086,1024,P00533
1086,1112,P00533
1086,1060,P00533
1086,1013,P00533
1086,1109,P00533
1086,1080,P00533
1086,1043,P00533
1086,991,P00533
1086,1105,P00533
1088,3160,P00533
1088,1016,P00533
1088,1074,P00533
1088,1034,P00533
1088,1096,P00533
1088,1111,P00533
1088,1066,P00533
1088,1097,P00533
1088,1085,P00533
1088,1072,P00533
1088,366,P00533
1088,363,P00533
1088,993,P00533
1088,1031,P00533
1088,1087,P00533
1088,1003,P00533
1088,1040,P00533
1088,1084,P00533
1088,1098,P00533
1088,1081,P00533
1088,99,P00533
1088,1010,P00533
1088,1078,P00533
1088,1027,P00533
1088,1113,P00533
1088,1114,P00533
1088,978,P00533
1088,359,P00533
1088,1082,P00533
1088,1065,P00533
1088,1056,P00533
1088,1033,P00533
1088,1095,P00533
1088,3157,P00533
1088,1029,P00533
1088,364,P00533
1088,1071,P00533
1088,1070,P00533
1088,1019,P00533
1088,986,P00533
1088,1050,P00533
1088,977,P00533
1088,1024,P00533
1088,1112,P00533
1088,1060,P00533
1088,1013,P00533
1088,1109,P00533
1088,1080,P00533
1088,1043,P00533
1088,991,P00533
1088,1105,P00533
1089,3160,P00533
1089,1016,P00533
1089,1074,P00533
1089,1034,P00533
1089,1096,P00533
1089,1111,P00533
1089,1066,P00533
1089,1097,P00533
1089,1085,P00533
1089,1072,P00533
1089,366,P00533
1089,363,P00533
1089,993,P00533
1089,1031,P00533
1089,1087,P00533
1089,1003,P00533
1089,1040,P00533
1089,1084,P00533
1089,1098,P00533
1089,1081,P00533
1089,99,P00533
1089,1010,P00533
1089,1078,P00533
1089,1027,P00533
1089,1113,P00533
1089,1114,P00533
1089,978,P00533
1089,359,P00533
1089,1082,P00533
1089,1065,P00533
1089,1056,P00533
1089,1033,P00533
1089,1095,P00533
1089,3157,P00533
1089,1029,P00533
1089,364,P00533
1089,1071,P00533
1089,1070,P00533
1089,1019,P00533
1089,986,P00533
1089,1050,P00533
1089,977,P00533
1089,1024,P00533
1089,1112,P00533
1089,1060,P00533
1089,1013,P00533
1089,1109,P00533
1089,1080,P00533
1089,1043,P00533
1089,991,P00533
1089,1105,P00533
1090,3160,P00533
1090,1016,P00533
1090,1074,P00533
1090,1034,P00533
1090,1096,P00533
1090,1111,P00533
1090,1066,P00533
1090,1097,P00533
1090,1085,P00533
1090,1072,P00533
1090,366,P00533
1090,363,P00533
1090,993,P00533
1090,1031,P00533
1090,1087,P00533
1090,1003,P00533
1090,1040,P00533
1090,1084,P00533
1090,1098,P00533
1090,1081,P00533
1090,99,P00533
1090,1010,P00533
1090,1078,P00533
1090,1027,P00533
1090,1113,P00533
1090,1114,P00533
1090,978,P00533
1090,359,P00533
1090,1082,P00533
1090,1065,P00533
1090,1056,P00533
1090,1033,P00533
1090,1095,P00533
1090,3157,P00533
1090,1029,P00533
1090,364,P00533
1090,1071,P00533
1090,1070,P00533
1090,1019,P00533
1090,986,P00533
1090,1050,P00533
1090,977,P00533
1090,1024,P00533
1090,1112,P00533
1090,1060,P00533
1090,1013,P00533
1090,1109,P00533
1090,1080,P00533
1090,1043,P00533
1090,991,P00533
1090,1105,P00533
1091,3160,P00533
1091,1016,P00533
1091,1074,P00533
1091,1034,P00533
1091,1096,P00533
1091,1111,P00533
1091,1066,P00533
1091,1097,P00533
1091,1085,P00533
1091,1072,P00533
1091,366,P00533
1091,363,P00533
1091,993,P00533
1091,1031,P00533
1091,1087,P00533
1091,1003,P00533
1091,1040,P00533
1091,1084,P00533
1091,1098,P00533
1091,1081,P00533
1091,99,P00533
1091,1010,P00533
1091,1078,P00533
1091,1027,P00533
1091,1113,P00533
1091,1114,P00533
1091,978,P00533
1091,359,P00533
1091,1082,P00533
1091,1065,P00533
1091,1056,P00533
1091,1033,P00533
1091,1095,P00533
1091,3157,P00533
1091,1029,P00533
1091,364,P00533
1091,1071,P00533
1091,1070,P00533
1091,1019,P00533
1091,986,P00533
1091,1050,P00533
1091,977,P00533
1091,1024,P00533
1091,1112,P00533
1091,1060,P00533
1091,1013,P00533
1091,1109,P00533
1091,1080,P00533
1091,1043,P00533
1091,991,P00533
1091,1105,P00533
1092,3160,P00533
1092,1016,P00533
1092,1074,P00533
1092,1034,P00533
1092,1096,P00533
1092,1111,P00533
1092,1066,P00533
1092,1097,P00533
1092,1085,P00533
1092,1072,P00533
1092,366,P00533
1092,363,P00533
1092,993,P00533
1092,1031,P00533
1092,1087,P00533
1092,1003,P00533
1092,1040,P00533
1092,1084,P00533
1092,1098,P00533
1092,1081,P00533
1092,99,P00533
1092,1010,P00533
1092,1078,P00533
1092,1027,P00533
1092,1113,P00533
1092,1114,P00533
1092,978,P00533
1092,359,P00533
1092,1082,P00533
1092,1065,P00533
1092,1056,P00533
1092,1033,P00533
1092,1095,P00533
1092,3157,P00533
1092,1029,P00533
1092,364,P00533
1092,1071,P00533
1092,1070,P00533
1092,1019,P00533
1092,986,P00533
1092,1050,P00533
1092,977,P00533
1092,1024,P00533
1092,1112,P00533
1092,1060,P00533
1092,1013,P00533
1092,1109,P00533
1092,1080,P00533
1092,1043,P00533
1092,991,P00533
1092,1105,P00533
1093,3160,P00533
1093,1016,P00533
1093,1074,P00533
1093,1034,P00533
1093,1096,P00533
1093,1111,P00533
1093,1066,P00533
1093,1097,P00533
1093,1085,P00533
1093,1072,P00533
1093,366,P00533
1093,363,P00533
1093,993,P00533
1093,1031,P00533
1093,1087,P00533
1093,1003,P00533
1093,1040,P00533
1093,1084,P00533
1093,1098,P00533
1093,1081,P00533
1093,99,P00533
1093,1010,P00533
1093,1078,P00533
1093,1027,P00533
1093,1113,P00533
1093,1114,P00533
1093,978,P00533
1093,359,P00533
1093,1082,P00533
1093,1065,P00533
1093,1056,P00533
1093,1033,P00533
1093,1095,P00533
1093,3157,P00533
1093,1029,P00533
1093,364,P00533
1093,1071,P00533
1093,1070,P00533
1093,1019,P00533
1093,986,P00533
1093,1050,P00533
1093,977,P00533
1093,1024,P00533
1093,1112,P00533
1093,1060,P00533
1093,1013,P00533
1093,1109,P00533
1093,1080,P00533
1093,1043,P00533
1093,991,P00533
1093,1105,P00533
1094,3160,P00533
1094,1016,P00533
1094,1074,P00533
1094,1034,P00533
1094,1096,P00533
1094,1111,P00533
1094,1066,P00533
1094,1097,P00533
1094,1085,P00533
1094,1072,P00533
1094,366,P00533
1094,363,P00533
1094,993,P00533
1094,1031,P00533
1094,1087,P00533
1094,1003,P00533
1094,1040,P00533
1094,1084,P00533
1094,1098,P00533
1094,1081,P00533
1094,99,P00533
1094,1010,P00533
1094,1078,P00533
1094,1027,P00533
1094,1113,P00533
1094,1114,P00533
1094,978,P00533
1094,359,P00533
1094,1082,P00533
1094,1065,P00533
1094,1056,P00533
1094,1033,P00533
1094,1095,P00533
1094,3157,P00533
1094,1029,P00533
1094,364,P00533
1094,1071,P00533
1094,1070,P00533
1094,1019,P00533
1094,986,P00533
1094,1050,P00533
1094,977,P00533
1094,1024,P00533
1094,1112,P00533
1094,1060,P00533
1094,1013,P00533
1094,1109,P00533
1094,1080,P00533
1094,1043,P00533
1094,991,P00533
1094,1105,P00533
1099,3160,P00533
1099,1016,P00533
1099,1074,P00533
1099,1034,P00533
1099,1096,P00533
1099,1111,P00533
1099,1066,P00533
1099,1097,P00533
1099,1085,P00533
1099,1072,P00533
1099,366,P00533
1099,363,P00533
1099,993,P00533
1099,1031,P00533
1099,1087,P00533
1099,1003,P00533
1099,1040,P00533
1099,1084,P00533
1099,1098,P00533
1099,1081,P00533
1099,99,P00533
1099,1010,P00533
1099,1078,P00533
1099,1027,P00533
1099,1113,P00533
1099,1114,P00533
1099,978,P00533
1099,359,P00533
1099,1082,P00533
1099,1065,P00533
1099,1056,P00533
1099,1033,P00533
1099,1095,P00533
1099,3157,P00533
1099,1029,P00533
1099,364,P00533
1099,1071,P00533
1099,1070,P00533
1099,1019,P00533
1099,986,P00533
1099,1050,P00533
1099,977,P00533
1099,1024,P00533
1099,1112,P00533
1099,1060,P00533
1099,1013,P00533
1099,1109,P00533
1099,1080,P00533
1099,1043,P00533
1099,991,P00533
1099,1105,P00533
1100,3160,P00533
1100,1016,P00533
1100,1074,P00533
1100,1034,P00533
1100,1096,P00533
1100,1111,P00533
1100,1066,P00533
1100,1097,P00533
1100,1085,P00533
1100,1072,P00533
1100,366,P00533
1100,363,P00533
1100,993,P00533
1100,1031,P00533
1100,1087,P00533
1100,1003,P00533
1100,1040,P00533
1100,1084,P00533
1100,1098,P00533
1100,1081,P00533
1100,99,P00533
1100,1010,P00533
1100,1078,P00533
1100,1027,P00533
1100,1113,P00533
1100,1114,P00533
1100,978,P00533
1100,359,P00533
1100,1082,P00533
1100,1065,P00533
1100,1056,P00533
1100,1033,P00533
1100,1095,P00533
1100,3157,P00533
1100,1029,P00533
1100,364,P00533
1100,1071,P00533
1100,1070,P00533
1100,1019,P00533
1100,986,P00533
1100,1050,P00533
1100,977,P00533
1100,1024,P00533
1100,1112,P00533
1100,1060,P00533
1100,1013,P00533
1100,1109,P00533
1100,1080,P00533
1100,1043,P00533
1100,991,P00533
1100,1105,P00533
1101,3160,P00533
1101,1016,P00533
1101,1074,P00533
1101,1034,P00533
1101,1096,P00533
1101,1111,P00533
1101,1066,P00533
1101,1097,P00533
1101,1085,P00533
1101,1072,P00533
1101,366,P00533
1101,363,P00533
1101,993,P00533
1101,1031,P00533
1101,1087,P00533
1101,1003,P00533
1101,1040,P00533
1101,1084,P00533
1101,1098,P00533
1101,1081,P00533
1101,99,P00533
1101,1010,P00533
1101,1078,P00533
1101,1027,P00533
1101,1113,P00533
1101,1114,P00533
1101,978,P00533
1101,359,P00533
1101,1082,P00533
1101,1065,P00533
1101,1056,P00533
1101,1033,P00533
1101,1095,P00533
1101,3157,P00533
1101,1029,P00533
1101,364,P00533
1101,1071,P00533
1101,1070,P00533
1101,1019,P00533
1101,986,P00533
1101,1050,P00533
1101,977,P00533
1101,1024,P00533
1101,1112,P00533
1101,1060,P00533
1101,1013,P00533
1101,1109,P00533
1101,1080,P00533
1101,1043,P00533
1101,991,P00533
1101,1105,P00533
1102,3160,P00533
1102,1016,P00533
1102,1074,P00533
1102,1034,P00533
1102,1096,P00533
1102,1111,P00533
1102,1066,P00533
1102,1097,P00533
1102,1085,P00533
1102,1072,P00533
1102,366,P00533
1102,363,P00533
1102,993,P00533
1102,1031,P00533
1102,1087,P00533
1102,1003,P00533
1102,1040,P00533
1102,1084,P00533
1102,1098,P00533
1102,1081,P00533
1102,99,P00533
1102,1010,P00533
1102,1078,P00533
1102,1027,P00533
1102,1113,P00533
1102,1114,P00533
1102,978,P00533
1102,359,P00533
1102,1082,P00533
1102,1065,P00533
1102,1056,P00533
1102,1033,P00533
1102,1095,P00533
1102,3157,P00533
1102,1029,P00533
1102,364,P00533
1102,1071,P00533
1102,1070,P00533
1102,1019,P00533
1102,986,P00533
1102,1050,P00533
1102,977,P00533
1102,1024,P00533
1102,1112,P00533
1102,1060,P00533
1102,1013,P00533
1102,1109,P00533
1102,1080,P00533
1102,1043,P00533
1102,991,P00533
1102,1105,P00533
1103,3160,P00533
1103,1016,P00533
1103,1074,P00533
1103,1034,P00533
1103,1096,P00533
1103,1111,P00533
1103,1066,P00533
1103,1097,P00533
1103,1085,P00533
1103,1072,P00533
1103,366,P00533
1103,363,P00533
1103,993,P00533
1103,1031,P00533
1103,1087,P00533
1103,1003,P00533
1103,1040,P00533
1103,1084,P00533
1103,1098,P00533
1103,1081,P00533
1103,99,P00533
1103,1010,P00533
1103,1078,P00533
1103,1027,P00533
1103,1113,P00533
1103,1114,P00533
1103,978,P00533
1103,359,P00533
1103,1082,P00533
1103,1065,P00533
1103,1056,P00533
1103,1033,P00533
1103,1095,P00533
1103,3157,P00533
1103,1029,P00533
1103,364,P00533
1103,1071,P00533
1103,1070,P00533
1103,1019,P00533
1103,986,P00533
1103,1050,P00533
1103,977,P00533
1103,1024,P00533
1103,1112,P00533
1103,1060,P00533
1103,1013,P00533
1103,1109,P00533
1103,1080,P00533
1103,1043,P00533
1103,991,P00533
1103,1105,P00533
1104,3160,P00533
1104,1016,P00533
1104,1074,P00533
1104,1034,P00533
1104,1096,P00533
1104,1111,P00533
1104,1066,P00533
1104,1097,P00533
1104,1085,P00533
1104,1072,P00533
1104,366,P00533
1104,363,P00533
1104,993,P00533
1104,1031,P00533
1104,1087,P00533
1104,1003,P00533
1104,1040,P00533
1104,1084,P00533
1104,1098,P00533
1104,1081,P00533
1104,99,P00533
1104,1010,P00533
1104,1078,P00533
1104,1027,P00533
1104,1113,P00533
1104,1114,P00533
1104,978,P00533
1104,359,P00533
1104,1082,P00533
1104,1065,P00533
1104,1056,P00533
1104,1033,P00533
1104,1095,P00533
1104,3157,P00533
1104,1029,P00533
1104,364,P00533
1104,1071,P00533
1104,1070,P00533
1104,1019,P00533
1104,986,P00533
1104,1050,P00533
1104,977,P00533
1104,1024,P00533
1104,1112,P00533
1104,1060,P00533
1104,1013,P00533
1104,1109,P00533
1104,1080,P00533
1104,1043,P00533
1104,991,P00533
1104,1105,P00533
1106,3160,P00533
1106,1016,P00533
1106,1074,P00533
1106,1034,P00533
1106,1096,P00533
1106,1111,P00533
1106,1066,P00533
1106,1097,P00533
1106,1085,P00533
1106,1072,P00533
1106,366,P00533
1106,363,P00533
1106,993,P00533
1106,1031,P00533
1106,1087,P00533
1106,1003,P00533
1106,1040,P00533
1106,1084,P00533
1106,1098,P00533
1106,1081,P00533
1106,99,P00533
1106,1010,P00533
1106,1078,P00533
1106,1027,P00533
1106,1113,P00533
1106,1114,P00533
1106,978,P00533
1106,359,P00533
1106,1082,P00533
1106,1065,P00533
1106,1056,P00533
1106,1033,P00533
1106,1095,P00533
1106,3157,P00533
1106,1029,P00533
1106,364,P00533
1106,1071,P00533
1106,1070,P00533
1106,1019,P00533
1106,986,P00533
1106,1050,P00533
1106,977,P00533
1106,1024,P00533
1106,1112,P00533
1106,1060,P00533
1106,1013,P00533
1106,1109,P00533
1106,1080,P00533
1106,1043,P00533
1106,991,P00533
1106,1105,P00533
1107,3160,P00533
1107,1016,P00533
1107,1074,P00533
1107,1034,P00533
1107,1096,P00533
1107,1111,P00533
1107,1066,P00533
1107,1097,P00533
1107,1085,P00533
1107,1072,P00533
1107,366,P00533
1107,363,P00533
1107,993,P00533
1107,1031,P00533
1107,1087,P00533
1107,1003,P00533
1107,1040,P00533
1107,1084,P00533
1107,1098,P00533
1107,1081,P00533
1107,99,P00533
1107,1010,P00533
1107,1078,P00533
1107,1027,P00533
1107,1113,P00533
1107,1114,P00533
1107,978,P00533
1107,359,P00533
1107,1082,P00533
1107,1065,P00533
1107,1056,P00533
1107,1033,P00533
1107,1095,P00533
1107,3157,P00533
1107,1029,P00533
1107,364,P00533
1107,1071,P00533
1107,1070,P00533
1107,1019,P00533
1107,986,P00533
1107,1050,P00533
1107,977,P00533
1107,1024,P00533
1107,1112,P00533
1107,1060,P00533
1107,1013,P00533
1107,1109,P00533
1107,1080,P00533
1107,1043,P00533
1107,991,P00533
1107,1105,P00533
1108,3160,P00533
1108,1016,P00533
1108,1074,P00533
1108,1034,P00533
1108,1096,P00533
1108,1111,P00533
1108,1066,P00533
1108,1097,P00533
1108,1085,P00533
1108,1072,P00533
1108,366,P00533
1108,363,P00533
1108,993,P00533
1108,1031,P00533
1108,1087,P00533
1108,1003,P00533
1108,1040,P00533
1108,1084,P00533
1108,1098,P00533
1108,1081,P00533
1108,99,P00533
1108,1010,P00533
1108,1078,P00533
1108,1027,P00533
1108,1113,P00533
1108,1114,P00533
1108,978,P00533
1108,359,P00533
1108,1082,P00533
1108,1065,P00533
1108,1056,P00533
1108,1033,P00533
1108,1095,P00533
1108,3157,P00533
1108,1029,P00533
1108,364,P00533
1108,1071,P00533
1108,1070,P00533
1108,1019,P00533
1108,986,P00533
1108,1050,P00533
1108,977,P00533
1108,1024,P00533
1108,1112,P00533
1108,1060,P00533
1108,1013,P00533
1108,1109,P00533
1108,1080,P00533
1108,1043,P00533
1108,991,P00533
1108,1105,P00533
3156,3160,P00533
3156,1016,P00533
3156,1074,P00533
3156,1034,P00533
3156,1096,P00533
3156,1111,P00533
3156,1066,P00533
3156,1097,P00533
3156,1085,P00533
3156,1072,P00533
3156,366,P00533
3156,363,P00533
3156,993,P00533
3156,1031,P00533
3156,1087,P00533
3156,1003,P00533
3156,1040,P00533
3156,1084,P00533
3156,1098,P00533
3156,1081,P00533
3156,99,P00533
3156,1010,P00533
3156,1078,P00533
3156,1027,P00533
3156,1113,P00533
3156,1114,P00533
3156,978,P00533
3156,359,P00533
3156,1082,P00533
3156,1065,P00533
3156,1056,P00533
3156,1033,P00533
3156,1095,P00533
3156,3157,P00533
3156,1029,P00533
3156,364,P00533
3156,1071,P00533
3156,1070,P00533
3156,1019,P00533
3156,986,P00533
3156,1050,P00533
3156,977,P00533
3156,1024,P00533
3156,1112,P00533
3156,1060,P00533
3156,1013,P00533
3156,1109,P00533
3156,1080,P00533
3156,1043,P00533
3156,991,P00533
3156,1105,P00533
1110,3160,P00533
1110,1016,P00533
1110,1074,P00533
1110,1034,P00533
1110,1096,P00533
1110,1111,P00533
1110,1066,P00533
1110,1097,P00533
1110,1085,P00533
1110,1072,P00533
1110,366,P00533
1110,363,P00533
1110,993,P00533
1110,1031,P00533
1110,1087,P00533
1110,1003,P00533
1110,1040,P00533
1110,1084,P00533
1110,1098,P00533
1110,1081,P00533
1110,99,P00533
1110,1010,P00533
1110,1078,P00533
1110,1027,P00533
1110,1113,P00533
1110,1114,P00533
1110,978,P00533
1110,359,P00533
1110,1082,P00533
1110,1065,P00533
1110,1056,P00533
1110,1033,P00533
1110,1095,P00533
1110,3157,P00533
1110,1029,P00533
1110,364,P00533
1110,1071,P00533
1110,1070,P00533
1110,1019,P00533
1110,986,P00533
1110,1050,P00533
1110,977,P00533
1110,1024,P00533
1110,1112,P00533
1110,1060,P00533
1110,1013,P00533
1110,1109,P00533
1110,1080,P00533
1110,1043,P00533
1110,991,P00533
1110,1105,P00533
3158,3160,P00533
3158,1016,P00533
3158,1074,P00533
3158,1034,P00533
3158,1096,P00533
3158,1111,P00533
3158,1066,P00533
3158,1097,P00533
3158,1085,P00533
3158,1072,P00533
3158,366,P00533
3158,363,P00533
3158,993,P00533
3158,1031,P00533
3158,1087,P00533
3158,1003,P00533
3158,1040,P00533
3158,1084,P00533
3158,1098,P00533
3158,1081,P00533
3158,99,P00533
3158,1010,P00533
3158,1078,P00533
3158,1027,P00533
3158,1113,P00533
3158,1114,P00533
3158,978,P00533
3158,359,P00533
3158,1082,P00533
3158,1065,P00533
3158,1056,P00533
3158,1033,P00533
3158,1095,P00533
3158,3157,P00533
3158,1029,P00533
3158,364,P00533
3158,1071,P00533
3158,1070,P00533
3158,1019,P00533
3158,986,P00533
3158,1050,P00533
3158,977,P00533
3158,1024,P00533
3158,1112,P00533
3158,1060,P00533
3158,1013,P00533
3158,1109,P00533
3158,1080,P00533
3158,1043,P00533
3158,991,P00533
3158,1105,P00533
3159,3160,P00533
3159,1016,P00533
3159,1074,P00533
3159,1034,P00533
3159,1096,P00533
3159,1111,P00533
3159,1066,P00533
3159,1097,P00533
3159,1085,P00533
3159,1072,P00533
3159,366,P00533
3159,363,P00533
3159,993,P00533
3159,1031,P00533
3159,1087,P00533
3159,1003,P00533
3159,1040,P00533
3159,1084,P00533
3159,1098,P00533
3159,1081,P00533
3159,99,P00533
3159,1010,P00533
3159,1078,P00533
3159,1027,P00533
3159,1113,P00533
3159,1114,P00533
3159,978,P00533
3159,359,P00533
3159,1082,P00533
3159,1065,P00533
3159,1056,P00533
3159,1033,P00533
3159,1095,P00533
3159,3157,P00533
3159,1029,P00533
3159,364,P00533
3159,1071,P00533
3159,1070,P00533
3159,1019,P00533
3159,986,P00533
3159,1050,P00533
3159,977,P00533
3159,1024,P00533
3159,1112,P00533
3159,1060,P00533
3159,1013,P00533
3159,1109,P00533
3159,1080,P00533
3159,1043,P00533
3159,991,P00533
3159,1105,P00533
3161,3160,P00533
3161,1016,P00533
3161,1074,P00533
3161,1034,P00533
3161,1096,P00533
3161,1111,P00533
3161,1066,P00533
3161,1097,P00533
3161,1085,P00533
3161,1072,P00533
3161,366,P00533
3161,363,P00533
3161,993,P00533
3161,1031,P00533
3161,1087,P00533
3161,1003,P00533
3161,1040,P00533
3161,1084,P00533
3161,1098,P00533
3161,1081,P00533
3161,99,P00533
3161,1010,P00533
3161,1078,P00533
3161,1027,P00533
3161,1113,P00533
3161,1114,P00533
3161,978,P00533
3161,359,P00533
3161,1082,P00533
3161,1065,P00533
3161,1056,P00533
3161,1033,P00533
3161,1095,P00533
3161,3157,P00533
3161,1029,P00533
3161,364,P00533
3161,1071,P00533
3161,1070,P00533
3161,1019,P00533
3161,986,P00533
3161,1050,P00533
3161,977,P00533
3161,1024,P00533
3161,1112,P00533
3161,1060,P00533
3161,1013,P00533
3161,1109,P00533
3161,1080,P00533
3161,1043,P00533
3161,991,P00533
3161,1105,P00533
3155,3160,P00533
3155,1016,P00533
3155,1074,P00533
3155,1034,P00533
3155,1096,P00533
3155,1111,P00533
3155,1066,P00533
3155,1097,P00533
3155,1085,P00533
3155,1072,P00533
3155,366,P00533
3155,363,P00533
3155,993,P00533
3155,1031,P00533
3155,1087,P00533
3155,1003,P00533
3155,1040,P00533
3155,1084,P00533
3155,1098,P00533
3155,1081,P00533
3155,99,P00533
3155,1010,P00533
3155,1078,P00533
3155,1027,P00533
3155,1113,P00533
3155,1114,P00533
3155,978,P00533
3155,359,P00533
3155,1082,P00533
3155,1065,P00533
3155,1056,P00533
3155,1033,P00533
3155,1095,P00533
3155,3157,P00533
3155,1029,P00533
3155,364,P00533
3155,1071,P00533
3155,1070,P00533
3155,1019,P00533
3155,986,P00533
3155,1050,P00533
3155,977,P00533
3155,1024,P00533
3155,1112,P00533
3155,1060,P00533
3155,1013,P00533
3155,1109,P00533
3155,1080,P00533
3155,1043,P00533
3155,991,P00533
3155,1105,P00533
1115,3160,P00533
1115,1016,P00533
1115,1074,P00533
1115,1034,P00533
1115,1096,P00533
1115,1111,P00533
1115,1066,P00533
1115,1097,P00533
1115,1085,P00533
1115,1072,P00533
1115,366,P00533
1115,363,P00533
1115,993,P00533
1115,1031,P00533
1115,1087,P00533
1115,1003,P00533
1115,1040,P00533
1115,1084,P00533
1115,1098,P00533
1115,1081,P00533
1115,99,P00533
1115,1010,P00533
1115,1078,P00533
1115,1027,P00533
1115,1113,P00533
1115,1114,P00533
1115,978,P00533
1115,359,P00533
1115,1082,P00533
1115,1065,P00533
1115,1056,P00533
1115,1033,P00533
1115,1095,P00533
1115,3157,P00533
1115,1029,P00533
1115,364,P00533
1115,1071,P00533
1115,1070,P00533
1115,1019,P00533
1115,986,P00533
1115,1050,P00533
1115,977,P00533
1115,1024,P00533
1115,1112,P00533
1115,1060,P00533
1115,1013,P00533
1115,1109,P00533
1115,1080,P00533
1115,1043,P00533
1115,991,P00533
1115,1105,P00533
1116,3160,P00533
1116,1016,P00533
1116,1074,P00533
1116,1034,P00533
1116,1096,P00533
1116,1111,P00533
1116,1066,P00533
1116,1097,P00533
1116,1085,P00533
1116,1072,P00533
1116,366,P00533
1116,363,P00533
1116,993,P00533
1116,1031,P00533
1116,1087,P00533
1116,1003,P00533
1116,1040,P00533
1116,1084,P00533
1116,1098,P00533
1116,1081,P00533
1116,99,P00533
1116,1010,P00533
1116,1078,P00533
1116,1027,P00533
1116,1113,P00533
1116,1114,P00533
1116,978,P00533
1116,359,P00533
1116,1082,P00533
1116,1065,P00533
1116,1056,P00533
1116,1033,P00533
1116,1095,P00533
1116,3157,P00533
1116,1029,P00533
1116,364,P00533
1116,1071,P00533
1116,1070,P00533
1116,1019,P00533
1116,986,P00533
1116,1050,P00533
1116,977,P00533
1116,1024,P00533
1116,1112,P00533
1116,1060,P00533
1116,1013,P00533
1116,1109,P00533
1116,1080,P00533
1116,1043,P00533
1116,991,P00533
1116,1105,P00533
1117,3160,P00533
1117,1016,P00533
1117,1074,P00533
1117,1034,P00533
1117,1096,P00533
1117,1111,P00533
1117,1066,P00533
1117,1097,P00533
1117,1085,P00533
1117,1072,P00533
1117,366,P00533
1117,363,P00533
1117,993,P00533
1117,1031,P00533
1117,1087,P00533
1117,1003,P00533
1117,1040,P00533
1117,1084,P00533
1117,1098,P00533
1117,1081,P00533
1117,99,P00533
1117,1010,P00533
1117,1078,P00533
1117,1027,P00533
1117,1113,P00533
1117,1114,P00533
1117,978,P00533
1117,359,P00533
1117,1082,P00533
1117,1065,P00533
1117,1056,P00533
1117,1033,P00533
1117,1095,P00533
1117,3157,P00533
1117,1029,P00533
1117,364,P00533
1117,1071,P00533
1117,1070,P00533
1117,1019,P00533
1117,986,P00533
1117,1050,P00533
1117,977,P00533
1117,1024,P00533
1117,1112,P00533
1117,1060,P00533
1117,1013,P00533
1117,1109,P00533
1117,1080,P00533
1117,1043,P00533
1117,991,P00533
1117,1105,P00533
1118,3160,P00533
1118,1016,P00533
1118,1074,P00533
1118,1034,P00533
1118,1096,P00533
1118,1111,P00533
1118,1066,P00533
1118,1097,P00533
1118,1085,P00533
1118,1072,P00533
1118,366,P00533
1118,363,P00533
1118,993,P00533
1118,1031,P00533
1118,1087,P00533
1118,1003,P00533
1118,1040,P00533
1118,1084,P00533
1118,1098,P00533
1118,1081,P00533
1118,99,P00533
1118,1010,P00533
1118,1078,P00533
1118,1027,P00533
1118,1113,P00533
1118,1114,P00533
1118,978,P00533
1118,359,P00533
1118,1082,P00533
1118,1065,P00533
1118,1056,P00533
1118,1033,P00533
1118,1095,P00533
1118,3157,P00533
1118,1029,P00533
1118,364,P00533
1118,1071,P00533
1118,1070,P00533
1118,1019,P00533
1118,986,P00533
1118,1050,P00533
1118,977,P00533
1118,1024,P00533
1118,1112,P00533
1118,1060,P00533
1118,1013,P00533
1118,1109,P00533
1118,1080,P00533
1118,1043,P00533
1118,991,P00533
1118,1105,P00533
1119,3160,P00533
1119,1016,P00533
1119,1074,P00533
1119,1034,P00533
1119,1096,P00533
1119,1111,P00533
1119,1066,P00533
1119,1097,P00533
1119,1085,P00533
1119,1072,P00533
1119,366,P00533
1119,363,P00533
1119,993,P00533
1119,1031,P00533
1119,1087,P00533
1119,1003,P00533
1119,1040,P00533
1119,1084,P00533
1119,1098,P00533
1119,1081,P00533
1119,99,P00533
1119,1010,P00533
1119,1078,P00533
1119,1027,P00533
1119,1113,P00533
1119,1114,P00533
1119,978,P00533
1119,359,P00533
1119,1082,P00533
1119,1065,P00533
1119,1056,P00533
1119,1033,P00533
1119,1095,P00533
1119,3157,P00533
1119,1029,P00533
1119,364,P00533
1119,1071,P00533
1119,1070,P00533
1119,1019,P00533
1119,986,P00533
1119,1050,P00533
1119,977,P00533
1119,1024,P00533
1119,1112,P00533
1119,1060,P00533
1119,1013,P00533
1119,1109,P00533
1119,1080,P00533
1119,1043,P00533
1119,991,P00533
1119,1105,P00533
3168,3160,P00533
3168,1016,P00533
3168,1074,P00533
3168,1034,P00533
3168,1096,P00533
3168,1111,P00533
3168,1066,P00533
3168,1097,P00533
3168,1085,P00533
3168,1072,P00533
3168,366,P00533
3168,363,P00533
3168,993,P00533
3168,1031,P00533
3168,1087,P00533
3168,1003,P00533
3168,1040,P00533
3168,1084,P00533
3168,1098,P00533
3168,1081,P00533
3168,99,P00533
3168,1010,P00533
3168,1078,P00533
3168,1027,P00533
3168,1113,P00533
3168,1114,P00533
3168,978,P00533
3168,359,P00533
3168,1082,P00533
3168,1065,P00533
3168,1056,P00533
3168,1033,P00533
3168,1095,P00533
3168,3157,P00533
3168,1029,P00533
3168,364,P00533
3168,1071,P00533
3168,1070,P00533
3168,1019,P00533
3168,986,P00533
3168,1050,P00533
3168,977,P00533
3168,1024,P00533
3168,1112,P00533
3168,1060,P00533
3168,1013,P00533
3168,1109,P00533
3168,1080,P00533
3168,1043,P00533
3168,991,P00533
3168,1105,P00533
100,3160,P00533
100,1016,P00533
100,1074,P00533
100,1034,P00533
100,1096,P00533
100,1111,P00533
100,1066,P00533
100,1097,P00533
100,1085,P00533
100,1072,P00533
100,366,P00533
100,363,P00533
100,993,P00533
100,1031,P00533
100,1087,P00533
100,1003,P00533
100,1040,P00533
100,1084,P00533
100,1098,P00533
100,1081,P00533
100,99,P00533
100,1010,P00533
100,1078,P00533
100,1027,P00533
100,1113,P00533
100,1114,P00533
100,978,P00533
100,359,P00533
100,1082,P00533
100,1065,P00533
100,1056,P00533
100,1033,P00533
100,1095,P00533
100,3157,P00533
100,1029,P00533
100,364,P00533
100,1071,P00533
100,1070,P00533
100,1019,P00533
100,986,P00533
100,1050,P00533
100,977,P00533
100,1024,P00533
100,1112,P00533
100,1060,P00533
100,1013,P00533
100,1109,P00533
100,1080,P00533
100,1043,P00533
100,991,P00533
100,1105,P00533
101,3160,P00533
101,1016,P00533
101,1074,P00533
101,1034,P00533
101,1096,P00533
101,1111,P00533
101,1066,P00533
101,1097,P00533
101,1085,P00533
101,1072,P00533
101,366,P00533
101,363,P00533
101,993,P00533
101,1031,P00533
101,1087,P00533
101,1003,P00533
101,1040,P00533
101,1084,P00533
101,1098,P00533
101,1081,P00533
101,99,P00533
101,1010,P00533
101,1078,P00533
101,1027,P00533
101,1113,P00533
101,1114,P00533
101,978,P00533
101,359,P00533
101,1082,P00533
101,1065,P00533
101,1056,P00533
101,1033,P00533
101,1095,P00533
101,3157,P00533
101,1029,P00533
101,364,P00533
101,1071,P00533
101,1070,P00533
101,1019,P00533
101,986,P00533
101,1050,P00533
101,977,P00533
101,1024,P00533
101,1112,P00533
101,1060,P00533
101,1013,P00533
101,1109,P00533
101,1080,P00533
101,1043,P00533
101,991,P00533
101,1105,P00533
3258,3160,P00533
3258,1016,P00533
3258,1074,P00533
3258,1034,P00533
3258,1096,P00533
3258,1111,P00533
3258,1066,P00533
3258,1097,P00533
3258,1085,P00533
3258,1072,P00533
3258,366,P00533
3258,363,P00533
3258,993,P00533
3258,1031,P00533
3258,1087,P00533
3258,1003,P00533
3258,1040,P00533
3258,1084,P00533
3258,1098,P00533
3258,1081,P00533
3258,99,P00533
3258,1010,P00533
3258,1078,P00533
3258,1027,P00533
3258,1113,P00533
3258,1114,P00533
3258,978,P00533
3258,359,P00533
3258,1082,P00533
3258,1065,P00533
3258,1056,P00533
3258,1033,P00533
3258,1095,P00533
3258,3157,P00533
3258,1029,P00533
3258,364,P00533
3258,1071,P00533
3258,1070,P00533
3258,1019,P00533
3258,986,P00533
3258,1050,P00533
3258,977,P00533
3258,1024,P00533
3258,1112,P00533
3258,1060,P00533
3258,1013,P00533
3258,1109,P00533
3258,1080,P00533
3258,1043,P00533
3258,991,P00533
3258,1105,P00533
358,3160,P00533
358,1016,P00533
358,1074,P00533
358,1034,P00533
358,1096,P00533
358,1111,P00533
358,1066,P00533
358,1097,P00533
358,1085,P00533
358,1072,P00533
358,366,P00533
358,363,P00533
358,993,P00533
358,1031,P00533
358,1087,P00533
358,1003,P00533
358,1040,P00533
358,1084,P00533
358,1098,P00533
358,1081,P00533
358,99,P00533
358,1010,P00533
358,1078,P00533
358,1027,P00533
358,1113,P00533
358,1114,P00533
358,978,P00533
358,359,P00533
358,1082,P00533
358,1065,P00533
358,1056,P00533
358,1033,P00533
358,1095,P00533
358,3157,P00533
358,1029,P00533
358,364,P00533
358,1071,P00533
358,1070,P00533
358,1019,P00533
358,986,P00533
358,1050,P00533
358,977,P00533
358,1024,P00533
358,1112,P00533
358,1060,P00533
358,1013,P00533
358,1109,P00533
358,1080,P00533
358,1043,P00533
358,991,P00533
358,1105,P00533
360,3160,P00533
360,1016,P00533
360,1074,P00533
360,1034,P00533
360,1096,P00533
360,1111,P00533
360,1066,P00533
360,1097,P00533
360,1085,P00533
360,1072,P00533
360,366,P00533
360,363,P00533
360,993,P00533
360,1031,P00533
360,1087,P00533
360,1003,P00533
360,1040,P00533
360,1084,P00533
360,1098,P00533
360,1081,P00533
360,99,P00533
360,1010,P00533
360,1078,P00533
360,1027,P00533
360,1113,P00533
360,1114,P00533
360,978,P00533
360,359,P00533
360,1082,P00533
360,1065,P00533
360,1056,P00533
360,1033,P00533
360,1095,P00533
360,3157,P00533
360,1029,P00533
360,364,P00533
360,1071,P00533
360,1070,P00533
360,1019,P00533
360,986,P00533
360,1050,P00533
360,977,P00533
360,1024,P00533
360,1112,P00533
360,1060,P00533
360,1013,P00533
360,1109,P00533
360,1080,P00533
360,1043,P00533
360,991,P00533
360,1105,P00533
361,3160,P00533
361,1016,P00533
361,1074,P00533
361,1034,P00533
361,1096,P00533
361,1111,P00533
361,1066,P00533
361,1097,P00533
361,1085,P00533
361,1072,P00533
361,366,P00533
361,363,P00533
361,993,P00533
361,1031,P00533
361,1087,P00533
361,1003,P00533
361,1040,P00533
361,1084,P00533
361,1098,P00533
361,1081,P00533
361,99,P00533
361,1010,P00533
361,1078,P00533
361,1027,P00533
361,1113,P00533
361,1114,P00533
361,978,P00533
361,359,P00533
361,1082,P00533
361,1065,P00533
361,1056,P00533
361,1033,P00533
361,1095,P00533
361,3157,P00533
361,1029,P00533
361,364,P00533
361,1071,P00533
361,1070,P00533
361,1019,P00533
361,986,P00533
361,1050,P00533
361,977,P00533
361,1024,P00533
361,1112,P00533
361,1060,P00533
361,1013,P00533
361,1109,P00533
361,1080,P00533
361,1043,P00533
361,991,P00533
361,1105,P00533
362,3160,P00533
362,1016,P00533
362,1074,P00533
362,1034,P00533
362,1096,P00533
362,1111,P00533
362,1066,P00533
362,1097,P00533
362,1085,P00533
362,1072,P00533
362,366,P00533
362,363,P00533
362,993,P00533
362,1031,P00533
362,1087,P00533
362,1003,P00533
362,1040,P00533
362,1084,P00533
362,1098,P00533
362,1081,P00533
362,99,P00533
362,1010,P00533
362,1078,P00533
362,1027,P00533
362,1113,P00533
362,1114,P00533
362,978,P00533
362,359,P00533
362,1082,P00533
362,1065,P00533
362,1056,P00533
362,1033,P00533
362,1095,P00533
362,3157,P00533
362,1029,P00533
362,364,P00533
362,1071,P00533
362,1070,P00533
362,1019,P00533
362,986,P00533
362,1050,P00533
362,977,P00533
362,1024,P00533
362,1112,P00533
362,1060,P00533
362,1013,P00533
362,1109,P00533
362,1080,P00533
362,1043,P00533
362,991,P00533
362,1105,P00533
365,3160,P00533
365,1016,P00533
365,1074,P00533
365,1034,P00533
365,1096,P00533
365,1111,P00533
365,1066,P00533
365,1097,P00533
365,1085,P00533
365,1072,P00533
365,366,P00533
365,363,P00533
365,993,P00533
365,1031,P00533
365,1087,P00533
365,1003,P00533
365,1040,P00533
365,1084,P00533
365,1098,P00533
365,1081,P00533
365,99,P00533
365,1010,P00533
365,1078,P00533
365,1027,P00533
365,1113,P00533
365,1114,P00533
365,978,P00533
365,359,P00533
365,1082,P00533
365,1065,P00533
365,1056,P00533
365,1033,P00533
365,1095,P00533
365,3157,P00533
365,1029,P00533
365,364,P00533
365,1071,P00533
365,1070,P00533
365,1019,P00533
365,986,P00533
365,1050,P00533
365,977,P00533
365,1024,P00533
365,1112,P00533
365,1060,P00533
365,1013,P00533
365,1109,P00533
365,1080,P00533
365,1043,P00533
365,991,P00533
365,1105,P00533
367,3160,P00533
367,1016,P00533
367,1074,P00533
367,1034,P00533
367,1096,P00533
367,1111,P00533
367,1066,P00533
367,1097,P00533
367,1085,P00533
367,1072,P00533
367,366,P00533
367,363,P00533
367,993,P00533
367,1031,P00533
367,1087,P00533
367,1003,P00533
367,1040,P00533
367,1084,P00533
367,1098,P00533
367,1081,P00533
367,99,P00533
367,1010,P00533
367,1078,P00533
367,1027,P00533
367,1113,P00533
367,1114,P00533
367,978,P00533
367,359,P00533
367,1082,P00533
367,1065,P00533
367,1056,P00533
367,1033,P00533
367,1095,P00533
367,3157,P00533
367,1029,P00533
367,364,P00533
367,1071,P00533
367,1070,P00533
367,1019,P00533
367,986,P00533
367,1050,P00533
367,977,P00533
367,1024,P00533
367,1112,P00533
367,1060,P00533
367,1013,P00533
367,1109,P00533
367,1080,P00533
367,1043,P00533
367,991,P00533
367,1105,P00533
3504,3160,P00533
3504,1016,P00533
3504,1074,P00533
3504,1034,P00533
3504,1096,P00533
3504,1111,P00533
3504,1066,P00533
3504,1097,P00533
3504,1085,P00533
3504,1072,P00533
3504,366,P00533
3504,363,P00533
3504,993,P00533
3504,1031,P00533
3504,1087,P00533
3504,1003,P00533
3504,1040,P00533
3504,1084,P00533
3504,1098,P00533
3504,1081,P00533
3504,99,P00533
3504,1010,P00533
3504,1078,P00533
3504,1027,P00533
3504,1113,P00533
3504,1114,P00533
3504,978,P00533
3504,359,P00533
3504,1082,P00533
3504,1065,P00533
3504,1056,P00533
3504,1033,P00533
3504,1095,P00533
3504,3157,P00533
3504,1029,P00533
3504,364,P00533
3504,1071,P00533
3504,1070,P00533
3504,1019,P00533
3504,986,P00533
3504,1050,P00533
3504,977,P00533
3504,1024,P00533
3504,1112,P00533
3504,1060,P00533
3504,1013,P00533
3504,1109,P00533
3504,1080,P00533
3504,1043,P00533
3504,991,P00533
3504,1105,P00533
975,3160,P00533
975,1016,P00533
975,1074,P00533
975,1034,P00533
975,1096,P00533
975,1111,P00533
975,1066,P00533
975,1097,P00533
975,1085,P00533
975,1072,P00533
975,366,P00533
975,363,P00533
975,993,P00533
975,1031,P00533
975,1087,P00533
975,1003,P00533
975,1040,P00533
975,1084,P00533
975,1098,P00533
975,1081,P00533
975,99,P00533
975,1010,P00533
975,1078,P00533
975,1027,P00533
975,1113,P00533
975,1114,P00533
975,978,P00533
975,359,P00533
975,1082,P00533
975,1065,P00533
975,1056,P00533
975,1033,P00533
975,1095,P00533
975,3157,P00533
975,1029,P00533
975,364,P00533
975,1071,P00533
975,1070,P00533
975,1019,P00533
975,986,P00533
975,1050,P00533
975,977,P00533
975,1024,P00533
975,1112,P00533
975,1060,P00533
975,1013,P00533
975,1109,P00533
975,1080,P00533
975,1043,P00533
975,991,P00533
975,1105,P00533
976,3160,P00533
976,1016,P00533
976,1074,P00533
976,1034,P00533
976,1096,P00533
976,1111,P00533
976,1066,P00533
976,1097,P00533
976,1085,P00533
976,1072,P00533
976,366,P00533
976,363,P00533
976,993,P00533
976,1031,P00533
976,1087,P00533
976,1003,P00533
976,1040,P00533
976,1084,P00533
976,1098,P00533
976,1081,P00533
976,99,P00533
976,1010,P00533
976,1078,P00533
976,1027,P00533
976,1113,P00533
976,1114,P00533
976,978,P00533
976,359,P00533
976,1082,P00533
976,1065,P00533
976,1056,P00533
976,1033,P00533
976,1095,P00533
976,3157,P00533
976,1029,P00533
976,364,P00533
976,1071,P00533
976,1070,P00533
976,1019,P00533
976,986,P00533
976,1050,P00533
976,977,P00533
976,1024,P00533
976,1112,P00533
976,1060,P00533
976,1013,P00533
976,1109,P00533
976,1080,P00533
976,1043,P00533
976,991,P00533
976,1105,P00533
979,3160,P00533
979,1016,P00533
979,1074,P00533
979,1034,P00533
979,1096,P00533
979,1111,P00533
979,1066,P00533
979,1097,P00533
979,1085,P00533
979,1072,P00533
979,366,P00533
979,363,P00533
979,993,P00533
979,1031,P00533
979,1087,P00533
979,1003,P00533
979,1040,P00533
979,1084,P00533
979,1098,P00533
979,1081,P00533
979,99,P00533
979,1010,P00533
979,1078,P00533
979,1027,P00533
979,1113,P00533
979,1114,P00533
979,978,P00533
979,359,P00533
979,1082,P00533
979,1065,P00533
979,1056,P00533
979,1033,P00533
979,1095,P00533
979,3157,P00533
979,1029,P00533
979,364,P00533
979,1071,P00533
979,1070,P00533
979,1019,P00533
979,986,P00533
979,1050,P00533
979,977,P00533
979,1024,P00533
979,1112,P00533
979,1060,P00533
979,1013,P00533
979,1109,P00533
979,1080,P00533
979,1043,P00533
979,991,P00533
979,1105,P00533
980,3160,P00533
980,1016,P00533
980,1074,P00533
980,1034,P00533
980,1096,P00533
980,1111,P00533
980,1066,P00533
980,1097,P00533
980,1085,P00533
980,1072,P00533
980,366,P00533
980,363,P00533
980,993,P00533
980,1031,P00533
980,1087,P00533
980,1003,P00533
980,1040,P00533
980,1084,P00533
980,1098,P00533
980,1081,P00533
980,99,P00533
980,1010,P00533
980,1078,P00533
980,1027,P00533
980,1113,P00533
980,1114,P00533
980,978,P00533
980,359,P00533
980,1082,P00533
980,1065,P00533
980,1056,P00533
980,1033,P00533
980,1095,P00533
980,3157,P00533
980,1029,P00533
980,364,P00533
980,1071,P00533
980,1070,P00533
980,1019,P00533
980,986,P00533
980,1050,P00533
980,977,P00533
980,1024,P00533
980,1112,P00533
980,1060,P00533
980,1013,P00533
980,1109,P00533
980,1080,P00533
980,1043,P00533
980,991,P00533
980,1105,P00533
981,3160,P00533
981,1016,P00533
981,1074,P00533
981,1034,P00533
981,1096,P00533
981,1111,P00533
981,1066,P00533
981,1097,P00533
981,1085,P00533
981,1072,P00533
981,366,P00533
981,363,P00533
981,993,P00533
981,1031,P00533
981,1087,P00533
981,1003,P00533
981,1040,P00533
981,1084,P00533
981,1098,P00533
981,1081,P00533
981,99,P00533
981,1010,P00533
981,1078,P00533
981,1027,P00533
981,1113,P00533
981,1114,P00533
981,978,P00533
981,359,P00533
981,1082,P00533
981,1065,P00533
981,1056,P00533
981,1033,P00533
981,1095,P00533
981,3157,P00533
981,1029,P00533
981,364,P00533
981,1071,P00533
981,1070,P00533
981,1019,P00533
981,986,P00533
981,1050,P00533
981,977,P00533
981,1024,P00533
981,1112,P00533
981,1060,P00533
981,1013,P00533
981,1109,P00533
981,1080,P00533
981,1043,P00533
981,991,P00533
981,1105,P00533
982,3160,P00533
982,1016,P00533
982,1074,P00533
982,1034,P00533
982,1096,P00533
982,1111,P00533
982,1066,P00533
982,1097,P00533
982,1085,P00533
982,1072,P00533
982,366,P00533
982,363,P00533
982,993,P00533
982,1031,P00533
982,1087,P00533
982,1003,P00533
982,1040,P00533
982,1084,P00533
982,1098,P00533
982,1081,P00533
982,99,P00533
982,1010,P00533
982,1078,P00533
982,1027,P00533
982,1113,P00533
982,1114,P00533
982,978,P00533
982,359,P00533
982,1082,P00533
982,1065,P00533
982,1056,P00533
982,1033,P00533
982,1095,P00533
982,3157,P00533
982,1029,P00533
982,364,P00533
982,1071,P00533
982,1070,P00533
982,1019,P00533
982,986,P00533
982,1050,P00533
982,977,P00533
982,1024,P00533
982,1112,P00533
982,1060,P00533
982,1013,P00533
982,1109,P00533
982,1080,P00533
982,1043,P00533
982,991,P00533
982,1105,P00533
983,3160,P00533
983,1016,P00533
983,1074,P00533
983,1034,P00533
983,1096,P00533
983,1111,P00533
983,1066,P00533
983,1097,P00533
983,1085,P00533
983,1072,P00533
983,366,P00533
983,363,P00533
983,993,P00533
983,1031,P00533
983,1087,P00533
983,1003,P00533
983,1040,P00533
983,1084,P00533
983,1098,P00533
983,1081,P00533
983,99,P00533
983,1010,P00533
983,1078,P00533
983,1027,P00533
983,1113,P00533
983,1114,P00533
983,978,P00533
983,359,P00533
983,1082,P00533
983,1065,P00533
983,1056,P00533
983,1033,P00533
983,1095,P00533
983,3157,P00533
983,1029,P00533
983,364,P00533
983,1071,P00533
983,1070,P00533
983,1019,P00533
983,986,P00533
983,1050,P00533
983,977,P00533
983,1024,P00533
983,1112,P00533
983,1060,P00533
983,1013,P00533
983,1109,P00533
983,1080,P00533
983,1043,P00533
983,991,P00533
983,1105,P00533
984,3160,P00533
984,1016,P00533
984,1074,P00533
984,1034,P00533
984,1096,P00533
984,1111,P00533
984,1066,P00533
984,1097,P00533
984,1085,P00533
984,1072,P00533
984,366,P00533
984,363,P00533
984,993,P00533
984,1031,P00533
984,1087,P00533
984,1003,P00533
984,1040,P00533
984,1084,P00533
984,1098,P00533
984,1081,P00533
984,99,P00533
984,1010,P00533
984,1078,P00533
984,1027,P00533
984,1113,P00533
984,1114,P00533
984,978,P00533
984,359,P00533
984,1082,P00533
984,1065,P00533
984,1056,P00533
984,1033,P00533
984,1095,P00533
984,3157,P00533
984,1029,P00533
984,364,P00533
984,1071,P00533
984,1070,P00533
984,1019,P00533
984,986,P00533
984,1050,P00533
984,977,P00533
984,1024,P00533
984,1112,P00533
984,1060,P00533
984,1013,P00533
984,1109,P00533
984,1080,P00533
984,1043,P00533
984,991,P00533
984,1105,P00533
985,3160,P00533
985,1016,P00533
985,1074,P00533
985,1034,P00533
985,1096,P00533
985,1111,P00533
985,1066,P00533
985,1097,P00533
985,1085,P00533
985,1072,P00533
985,366,P00533
985,363,P00533
985,993,P00533
985,1031,P00533
985,1087,P00533
985,1003,P00533
985,1040,P00533
985,1084,P00533
985,1098,P00533
985,1081,P00533
985,99,P00533
985,1010,P00533
985,1078,P00533
985,1027,P00533
985,1113,P00533
985,1114,P00533
985,978,P00533
985,359,P00533
985,1082,P00533
985,1065,P00533
985,1056,P00533
985,1033,P00533
985,1095,P00533
985,3157,P00533
985,1029,P00533
985,364,P00533
985,1071,P00533
985,1070,P00533
985,1019,P00533
985,986,P00533
985,1050,P00533
985,977,P00533
985,1024,P00533
985,1112,P00533
985,1060,P00533
985,1013,P00533
985,1109,P00533
985,1080,P00533
985,1043,P00533
985,991,P00533
985,1105,P00533
987,3160,P00533
987,1016,P00533
987,1074,P00533
987,1034,P00533
987,1096,P00533
987,1111,P00533
987,1066,P00533
987,1097,P00533
987,1085,P00533
987,1072,P00533
987,366,P00533
987,363,P00533
987,993,P00533
987,1031,P00533
987,1087,P00533
987,1003,P00533
987,1040,P00533
987,1084,P00533
987,1098,P00533
987,1081,P00533
987,99,P00533
987,1010,P00533
987,1078,P00533
987,1027,P00533
987,1113,P00533
987,1114,P00533
987,978,P00533
987,359,P00533
987,1082,P00533
987,1065,P00533
987,1056,P00533
987,1033,P00533
987,1095,P00533
987,3157,P00533
987,1029,P00533
987,364,P00533
987,1071,P00533
987,1070,P00533
987,1019,P00533
987,986,P00533
987,1050,P00533
987,977,P00533
987,1024,P00533
987,1112,P00533
987,1060,P00533
987,1013,P00533
987,1109,P00533
987,1080,P00533
987,1043,P00533
987,991,P00533
987,1105,P00533
988,3160,P00533
988,1016,P00533
988,1074,P00533
988,1034,P00533
988,1096,P00533
988,1111,P00533
988,1066,P00533
988,1097,P00533
988,1085,P00533
988,1072,P00533
988,366,P00533
988,363,P00533
988,993,P00533
988,1031,P00533
988,1087,P00533
988,1003,P00533
988,1040,P00533
988,1084,P00533
988,1098,P00533
988,1081,P00533
988,99,P00533
988,1010,P00533
988,1078,P00533
988,1027,P00533
988,1113,P00533
988,1114,P00533
988,978,P00533
988,359,P00533
988,1082,P00533
988,1065,P00533
988,1056,P00533
988,1033,P00533
988,1095,P00533
988,3157,P00533
988,1029,P00533
988,364,P00533
988,1071,P00533
988,1070,P00533
988,1019,P00533
988,986,P00533
988,1050,P00533
988,977,P00533
988,1024,P00533
988,1112,P00533
988,1060,P00533
988,1013,P00533
988,1109,P00533
988,1080,P00533
988,1043,P00533
988,991,P00533
988,1105,P00533
989,3160,P00533
989,1016,P00533
989,1074,P00533
989,1034,P00533
989,1096,P00533
989,1111,P00533
989,1066,P00533
989,1097,P00533
989,1085,P00533
989,1072,P00533
989,366,P00533
989,363,P00533
989,993,P00533
989,1031,P00533
989,1087,P00533
989,1003,P00533
989,1040,P00533
989,1084,P00533
989,1098,P00533
989,1081,P00533
989,99,P00533
989,1010,P00533
989,1078,P00533
989,1027,P00533
989,1113,P00533
989,1114,P00533
989,978,P00533
989,359,P00533
989,1082,P00533
989,1065,P00533
989,1056,P00533
989,1033,P00533
989,1095,P00533
989,3157,P00533
989,1029,P00533
989,364,P00533
989,1071,P00533
989,1070,P00533
989,1019,P00533
989,986,P00533
989,1050,P00533
989,977,P00533
989,1024,P00533
989,1112,P00533
989,1060,P00533
989,1013,P00533
989,1109,P00533
989,1080,P00533
989,1043,P00533
989,991,P00533
989,1105,P00533
990,3160,P00533
990,1016,P00533
990,1074,P00533
990,1034,P00533
990,1096,P00533
990,1111,P00533
990,1066,P00533
990,1097,P00533
990,1085,P00533
990,1072,P00533
990,366,P00533
990,363,P00533
990,993,P00533
990,1031,P00533
990,1087,P00533
990,1003,P00533
990,1040,P00533
990,1084,P00533
990,1098,P00533
990,1081,P00533
990,99,P00533
990,1010,P00533
990,1078,P00533
990,1027,P00533
990,1113,P00533
990,1114,P00533
990,978,P00533
990,359,P00533
990,1082,P00533
990,1065,P00533
990,1056,P00533
990,1033,P00533
990,1095,P00533
990,3157,P00533
990,1029,P00533
990,364,P00533
990,1071,P00533
990,1070,P00533
990,1019,P00533
990,986,P00533
990,1050,P00533
990,977,P00533
990,1024,P00533
990,1112,P00533
990,1060,P00533
990,1013,P00533
990,1109,P00533
990,1080,P00533
990,1043,P00533
990,991,P00533
990,1105,P00533
992,3160,P00533
992,1016,P00533
992,1074,P00533
992,1034,P00533
992,1096,P00533
992,1111,P00533
992,1066,P00533
992,1097,P00533
992,1085,P00533
992,1072,P00533
992,366,P00533
992,363,P00533
992,993,P00533
992,1031,P00533
992,1087,P00533
992,1003,P00533
992,1040,P00533
992,1084,P00533
992,1098,P00533
992,1081,P00533
992,99,P00533
992,1010,P00533
992,1078,P00533
992,1027,P00533
992,1113,P00533
992,1114,P00533
992,978,P00533
992,359,P00533
992,1082,P00533
992,1065,P00533
992,1056,P00533
992,1033,P00533
992,1095,P00533
992,3157,P00533
992,1029,P00533
992,364,P00533
992,1071,P00533
992,1070,P00533
992,1019,P00533
992,986,P00533
992,1050,P00533
992,977,P00533
992,1024,P00533
992,1112,P00533
992,1060,P00533
992,1013,P00533
992,1109,P00533
992,1080,P00533
992,1043,P00533
992,991,P00533
992,1105,P00533
994,3160,P00533
994,1016,P00533
994,1074,P00533
994,1034,P00533
994,1096,P00533
994,1111,P00533
994,1066,P00533
994,1097,P00533
994,1085,P00533
994,1072,P00533
994,366,P00533
994,363,P00533
994,993,P00533
994,1031,P00533
994,1087,P00533
994,1003,P00533
994,1040,P00533
994,1084,P00533
994,1098,P00533
994,1081,P00533
994,99,P00533
994,1010,P00533
994,1078,P00533
994,1027,P00533
994,1113,P00533
994,1114,P00533
994,978,P00533
994,359,P00533
994,1082,P00533
994,1065,P00533
994,1056,P00533
994,1033,P00533
994,1095,P00533
994,3157,P00533
994,1029,P00533
994,364,P00533
994,1071,P00533
994,1070,P00533
994,1019,P00533
994,986,P00533
994,1050,P00533
994,977,P00533
994,1024,P00533
994,1112,P00533
994,1060,P00533
994,1013,P00533
994,1109,P00533
994,1080,P00533
994,1043,P00533
994,991,P00533
994,1105,P00533
995,3160,P00533
995,1016,P00533
995,1074,P00533
995,1034,P00533
995,1096,P00533
995,1111,P00533
995,1066,P00533
995,1097,P00533
995,1085,P00533
995,1072,P00533
995,366,P00533
995,363,P00533
995,993,P00533
995,1031,P00533
995,1087,P00533
995,1003,P00533
995,1040,P00533
995,1084,P00533
995,1098,P00533
995,1081,P00533
995,99,P00533
995,1010,P00533
995,1078,P00533
995,1027,P00533
995,1113,P00533
995,1114,P00533
995,978,P00533
995,359,P00533
995,1082,P00533
995,1065,P00533
995,1056,P00533
995,1033,P00533
995,1095,P00533
995,3157,P00533
995,1029,P00533
995,364,P00533
995,1071,P00533
995,1070,P00533
995,1019,P00533
995,986,P00533
995,1050,P00533
995,977,P00533
995,1024,P00533
995,1112,P00533
995,1060,P00533
995,1013,P00533
995,1109,P00533
995,1080,P00533
995,1043,P00533
995,991,P00533
995,1105,P00533
996,3160,P00533
996,1016,P00533
996,1074,P00533
996,1034,P00533
996,1096,P00533
996,1111,P00533
996,1066,P00533
996,1097,P00533
996,1085,P00533
996,1072,P00533
996,366,P00533
996,363,P00533
996,993,P00533
996,1031,P00533
996,1087,P00533
996,1003,P00533
996,1040,P00533
996,1084,P00533
996,1098,P00533
996,1081,P00533
996,99,P00533
996,1010,P00533
996,1078,P00533
996,1027,P00533
996,1113,P00533
996,1114,P00533
996,978,P00533
996,359,P00533
996,1082,P00533
996,1065,P00533
996,1056,P00533
996,1033,P00533
996,1095,P00533
996,3157,P00533
996,1029,P00533
996,364,P00533
996,1071,P00533
996,1070,P00533
996,1019,P00533
996,986,P00533
996,1050,P00533
996,977,P00533
996,1024,P00533
996,1112,P00533
996,1060,P00533
996,1013,P00533
996,1109,P00533
996,1080,P00533
996,1043,P00533
996,991,P00533
996,1105,P00533
997,3160,P00533
997,1016,P00533
997,1074,P00533
997,1034,P00533
997,1096,P00533
997,1111,P00533
997,1066,P00533
997,1097,P00533
997,1085,P00533
997,1072,P00533
997,366,P00533
997,363,P00533
997,993,P00533
997,1031,P00533
997,1087,P00533
997,1003,P00533
997,1040,P00533
997,1084,P00533
997,1098,P00533
997,1081,P00533
997,99,P00533
997,1010,P00533
997,1078,P00533
997,1027,P00533
997,1113,P00533
997,1114,P00533
997,978,P00533
997,359,P00533
997,1082,P00533
997,1065,P00533
997,1056,P00533
997,1033,P00533
997,1095,P00533
997,3157,P00533
997,1029,P00533
997,364,P00533
997,1071,P00533
997,1070,P00533
997,1019,P00533
997,986,P00533
997,1050,P00533
997,977,P00533
997,1024,P00533
997,1112,P00533
997,1060,P00533
997,1013,P00533
997,1109,P00533
997,1080,P00533
997,1043,P00533
997,991,P00533
997,1105,P00533
998,3160,P00533
998,1016,P00533
998,1074,P00533
998,1034,P00533
998,1096,P00533
998,1111,P00533
998,1066,P00533
998,1097,P00533
998,1085,P00533
998,1072,P00533
998,366,P00533
998,363,P00533
998,993,P00533
998,1031,P00533
998,1087,P00533
998,1003,P00533
998,1040,P00533
998,1084,P00533
998,1098,P00533
998,1081,P00533
998,99,P00533
998,1010,P00533
998,1078,P00533
998,1027,P00533
998,1113,P00533
998,1114,P00533
998,978,P00533
998,359,P00533
998,1082,P00533
998,1065,P00533
998,1056,P00533
998,1033,P00533
998,1095,P00533
998,3157,P00533
998,1029,P00533
998,364,P00533
998,1071,P00533
998,1070,P00533
998,1019,P00533
998,986,P00533
998,1050,P00533
998,977,P00533
998,1024,P00533
998,1112,P00533
998,1060,P00533
998,1013,P00533
998,1109,P00533
998,1080,P00533
998,1043,P00533
998,991,P00533
998,1105,P00533
999,3160,P00533
999,1016,P00533
999,1074,P00533
999,1034,P00533
999,1096,P00533
999,1111,P00533
999,1066,P00533
999,1097,P00533
999,1085,P00533
999,1072,P00533
999,366,P00533
999,363,P00533
999,993,P00533
999,1031,P00533
999,1087,P00533
999,1003,P00533
999,1040,P00533
999,1084,P00533
999,1098,P00533
999,1081,P00533
999,99,P00533
999,1010,P00533
999,1078,P00533
999,1027,P00533
999,1113,P00533
999,1114,P00533
999,978,P00533
999,359,P00533
999,1082,P00533
999,1065,P00533
999,1056,P00533
999,1033,P00533
999,1095,P00533
999,3157,P00533
999,1029,P00533
999,364,P00533
999,1071,P00533
999,1070,P00533
999,1019,P00533
999,986,P00533
999,1050,P00533
999,977,P00533
999,1024,P00533
999,1112,P00533
999,1060,P00533
999,1013,P00533
999,1109,P00533
999,1080,P00533
999,1043,P00533
999,991,P00533
999,1105,P00533
1000,3160,P00533
1000,1016,P00533
1000,1074,P00533
1000,1034,P00533
1000,1096,P00533
1000,1111,P00533
1000,1066,P00533
1000,1097,P00533
1000,1085,P00533
1000,1072,P00533
1000,366,P00533
1000,363,P00533
1000,993,P00533
1000,1031,P00533
1000,1087,P00533
1000,1003,P00533
1000,1040,P00533
1000,1084,P00533
1000,1098,P00533
1000,1081,P00533
1000,99,P00533
1000,1010,P00533
1000,1078,P00533
1000,1027,P00533
1000,1113,P00533
1000,1114,P00533
1000,978,P00533
1000,359,P00533
1000,1082,P00533
1000,1065,P00533
1000,1056,P00533
1000,1033,P00533
1000,1095,P00533
1000,3157,P00533
1000,1029,P00533
1000,364,P00533
1000,1071,P00533
1000,1070,P00533
1000,1019,P00533
1000,986,P00533
1000,1050,P00533
1000,977,P00533
1000,1024,P00533
1000,1112,P00533
1000,1060,P00533
1000,1013,P00533
1000,1109,P00533
1000,1080,P00533
1000,1043,P00533
1000,991,P00533
1000,1105,P00533
1001,3160,P00533
1001,1016,P00533
1001,1074,P00533
1001,1034,P00533
1001,1096,P00533
1001,1111,P00533
1001,1066,P00533
1001,1097,P00533
1001,1085,P00533
1001,1072,P00533
1001,366,P00533
1001,363,P00533
1001,993,P00533
1001,1031,P00533
1001,1087,P00533
1001,1003,P00533
1001,1040,P00533
1001,1084,P00533
1001,1098,P00533
1001,1081,P00533
1001,99,P00533
1001,1010,P00533
1001,1078,P00533
1001,1027,P00533
1001,1113,P00533
1001,1114,P00533
1001,978,P00533
1001,359,P00533
1001,1082,P00533
1001,1065,P00533
1001,1056,P00533
1001,1033,P00533
1001,1095,P00533
1001,3157,P00533
1001,1029,P00533
1001,364,P00533
1001,1071,P00533
1001,1070,P00533
1001,1019,P00533
1001,986,P00533
1001,1050,P00533
1001,977,P00533
1001,1024,P00533
1001,1112,P00533
1001,1060,P00533
1001,1013,P00533
1001,1109,P00533
1001,1080,P00533
1001,1043,P00533
1001,991,P00533
1001,1105,P00533
1002,3160,P00533
1002,1016,P00533
1002,1074,P00533
1002,1034,P00533
1002,1096,P00533
1002,1111,P00533
1002,1066,P00533
1002,1097,P00533
1002,1085,P00533
1002,1072,P00533
1002,366,P00533
1002,363,P00533
1002,993,P00533
1002,1031,P00533
1002,1087,P00533
1002,1003,P00533
1002,1040,P00533
1002,1084,P00533
1002,1098,P00533
1002,1081,P00533
1002,99,P00533
1002,1010,P00533
1002,1078,P00533
1002,1027,P00533
1002,1113,P00533
1002,1114,P00533
1002,978,P00533
1002,359,P00533
1002,1082,P00533
1002,1065,P00533
1002,1056,P00533
1002,1033,P00533
1002,1095,P00533
1002,3157,P00533
1002,1029,P00533
1002,364,P00533
1002,1071,P00533
1002,1070,P00533
1002,1019,P00533
1002,986,P00533
1002,1050,P00533
1002,977,P00533
1002,1024,P00533
1002,1112,P00533
1002,1060,P00533
1002,1013,P00533
1002,1109,P00533
1002,1080,P00533
1002,1043,P00533
1002,991,P00533
1002,1105,P00533
1004,3160,P00533
1004,1016,P00533
1004,1074,P00533
1004,1034,P00533
1004,1096,P00533
1004,1111,P00533
1004,1066,P00533
1004,1097,P00533
1004,1085,P00533
1004,1072,P00533
1004,366,P00533
1004,363,P00533
1004,993,P00533
1004,1031,P00533
1004,1087,P00533
1004,1003,P00533
1004,1040,P00533
1004,1084,P00533
1004,1098,P00533
1004,1081,P00533
1004,99,P00533
1004,1010,P00533
1004,1078,P00533
1004,1027,P00533
1004,1113,P00533
1004,1114,P00533
1004,978,P00533
1004,359,P00533
1004,1082,P00533
1004,1065,P00533
1004,1056,P00533
1004,1033,P00533
1004,1095,P00533
1004,3157,P00533
1004,1029,P00533
1004,364,P00533
1004,1071,P00533
1004,1070,P00533
1004,1019,P00533
1004,986,P00533
1004,1050,P00533
1004,977,P00533
1004,1024,P00533
1004,1112,P00533
1004,1060,P00533
1004,1013,P00533
1004,1109,P00533
1004,1080,P00533
1004,1043,P00533
1004,991,P00533
1004,1105,P00533
1005,3160,P00533
1005,1016,P00533
1005,1074,P00533
1005,1034,P00533
1005,1096,P00533
1005,1111,P00533
1005,1066,P00533
1005,1097,P00533
1005,1085,P00533
1005,1072,P00533
1005,366,P00533
1005,363,P00533
1005,993,P00533
1005,1031,P00533
1005,1087,P00533
1005,1003,P00533
1005,1040,P00533
1005,1084,P00533
1005,1098,P00533
1005,1081,P00533
1005,99,P00533
1005,1010,P00533
1005,1078,P00533
1005,1027,P00533
1005,1113,P00533
1005,1114,P00533
1005,978,P00533
1005,359,P00533
1005,1082,P00533
1005,1065,P00533
1005,1056,P00533
1005,1033,P00533
1005,1095,P00533
1005,3157,P00533
1005,1029,P00533
1005,364,P00533
1005,1071,P00533
1005,1070,P00533
1005,1019,P00533
1005,986,P00533
1005,1050,P00533
1005,977,P00533
1005,1024,P00533
1005,1112,P00533
1005,1060,P00533
1005,1013,P00533
1005,1109,P00533
1005,1080,P00533
1005,1043,P00533
1005,991,P00533
1005,1105,P00533
1006,3160,P00533
1006,1016,P00533
1006,1074,P00533
1006,1034,P00533
1006,1096,P00533
1006,1111,P00533
1006,1066,P00533
1006,1097,P00533
1006,1085,P00533
1006,1072,P00533
1006,366,P00533
1006,363,P00533
1006,993,P00533
1006,1031,P00533
1006,1087,P00533
1006,1003,P00533
1006,1040,P00533
1006,1084,P00533
1006,1098,P00533
1006,1081,P00533
1006,99,P00533
1006,1010,P00533
1006,1078,P00533
1006,1027,P00533
1006,1113,P00533
1006,1114,P00533
1006,978,P00533
1006,359,P00533
1006,1082,P00533
1006,1065,P00533
1006,1056,P00533
1006,1033,P00533
1006,1095,P00533
1006,3157,P00533
1006,1029,P00533
1006,364,P00533
1006,1071,P00533
1006,1070,P00533
1006,1019,P00533
1006,986,P00533
1006,1050,P00533
1006,977,P00533
1006,1024,P00533
1006,1112,P00533
1006,1060,P00533
1006,1013,P00533
1006,1109,P00533
1006,1080,P00533
1006,1043,P00533
1006,991,P00533
1006,1105,P00533
1007,3160,P00533
1007,1016,P00533
1007,1074,P00533
1007,1034,P00533
1007,1096,P00533
1007,1111,P00533
1007,1066,P00533
1007,1097,P00533
1007,1085,P00533
1007,1072,P00533
1007,366,P00533
1007,363,P00533
1007,993,P00533
1007,1031,P00533
1007,1087,P00533
1007,1003,P00533
1007,1040,P00533
1007,1084,P00533
1007,1098,P00533
1007,1081,P00533
1007,99,P00533
1007,1010,P00533
1007,1078,P00533
1007,1027,P00533
1007,1113,P00533
1007,1114,P00533
1007,978,P00533
1007,359,P00533
1007,1082,P00533
1007,1065,P00533
1007,1056,P00533
1007,1033,P00533
1007,1095,P00533
1007,3157,P00533
1007,1029,P00533
1007,364,P00533
1007,1071,P00533
1007,1070,P00533
1007,1019,P00533
1007,986,P00533
1007,1050,P00533
1007,977,P00533
1007,1024,P00533
1007,1112,P00533
1007,1060,P00533
1007,1013,P00533
1007,1109,P00533
1007,1080,P00533
1007,1043,P00533
1007,991,P00533
1007,1105,P00533
1008,3160,P00533
1008,1016,P00533
1008,1074,P00533
1008,1034,P00533
1008,1096,P00533
1008,1111,P00533
1008,1066,P00533
1008,1097,P00533
1008,1085,P00533
1008,1072,P00533
1008,366,P00533
1008,363,P00533
1008,993,P00533
1008,1031,P00533
1008,1087,P00533
1008,1003,P00533
1008,1040,P00533
1008,1084,P00533
1008,1098,P00533
1008,1081,P00533
1008,99,P00533
1008,1010,P00533
1008,1078,P00533
1008,1027,P00533
1008,1113,P00533
1008,1114,P00533
1008,978,P00533
1008,359,P00533
1008,1082,P00533
1008,1065,P00533
1008,1056,P00533
1008,1033,P00533
1008,1095,P00533
1008,3157,P00533
1008,1029,P00533
1008,364,P00533
1008,1071,P00533
1008,1070,P00533
1008,1019,P00533
1008,986,P00533
1008,1050,P00533
1008,977,P00533
1008,1024,P00533
1008,1112,P00533
1008,1060,P00533
1008,1013,P00533
1008,1109,P00533
1008,1080,P00533
1008,1043,P00533
1008,991,P00533
1008,1105,P00533
1009,3160,P00533
1009,1016,P00533
1009,1074,P00533
1009,1034,P00533
1009,1096,P00533
1009,1111,P00533
1009,1066,P00533
1009,1097,P00533
1009,1085,P00533
1009,1072,P00533
1009,366,P00533
1009,363,P00533
1009,993,P00533
1009,1031,P00533
1009,1087,P00533
1009,1003,P00533
1009,1040,P00533
1009,1084,P00533
1009,1098,P00533
1009,1081,P00533
1009,99,P00533
1009,1010,P00533
1009,1078,P00533
1009,1027,P00533
1009,1113,P00533
1009,1114,P00533
1009,978,P00533
1009,359,P00533
1009,1082,P00533
1009,1065,P00533
1009,1056,P00533
1009,1033,P00533
1009,1095,P00533
1009,3157,P00533
1009,1029,P00533
1009,364,P00533
1009,1071,P00533
1009,1070,P00533
1009,1019,P00533
1009,986,P00533
1009,1050,P00533
1009,977,P00533
1009,1024,P00533
1009,1112,P00533
1009,1060,P00533
1009,1013,P00533
1009,1109,P00533
1009,1080,P00533
1009,1043,P00533
1009,991,P00533
1009,1105,P00533
1011,3160,P00533
1011,1016,P00533
1011,1074,P00533
1011,1034,P00533
1011,1096,P00533
1011,1111,P00533
1011,1066,P00533
1011,1097,P00533
1011,1085,P00533
1011,1072,P00533
1011,366,P00533
1011,363,P00533
1011,993,P00533
1011,1031,P00533
1011,1087,P00533
1011,1003,P00533
1011,1040,P00533
1011,1084,P00533
1011,1098,P00533
1011,1081,P00533
1011,99,P00533
1011,1010,P00533
1011,1078,P00533
1011,1027,P00533
1011,1113,P00533
1011,1114,P00533
1011,978,P00533
1011,359,P00533
1011,1082,P00533
1011,1065,P00533
1011,1056,P00533
1011,1033,P00533
1011,1095,P00533
1011,3157,P00533
1011,1029,P00533
1011,364,P00533
1011,1071,P00533
1011,1070,P00533
1011,1019,P00533
1011,986,P00533
1011,1050,P00533
1011,977,P00533
1011,1024,P00533
1011,1112,P00533
1011,1060,P00533
1011,1013,P00533
1011,1109,P00533
1011,1080,P00533
1011,1043,P00533
1011,991,P00533
1011,1105,P00533
1012,3160,P00533
1012,1016,P00533
1012,1074,P00533
1012,1034,P00533
1012,1096,P00533
1012,1111,P00533
1012,1066,P00533
1012,1097,P00533
1012,1085,P00533
1012,1072,P00533
1012,366,P00533
1012,363,P00533
1012,993,P00533
1012,1031,P00533
1012,1087,P00533
1012,1003,P00533
1012,1040,P00533
1012,1084,P00533
1012,1098,P00533
1012,1081,P00533
1012,99,P00533
1012,1010,P00533
1012,1078,P00533
1012,1027,P00533
1012,1113,P00533
1012,1114,P00533
1012,978,P00533
1012,359,P00533
1012,1082,P00533
1012,1065,P00533
1012,1056,P00533
1012,1033,P00533
1012,1095,P00533
1012,3157,P00533
1012,1029,P00533
1012,364,P00533
1012,1071,P00533
1012,1070,P00533
1012,1019,P00533
1012,986,P00533
1012,1050,P00533
1012,977,P00533
1012,1024,P00533
1012,1112,P00533
1012,1060,P00533
1012,1013,P00533
1012,1109,P00533
1012,1080,P00533
1012,1043,P00533
1012,991,P00533
1012,1105,P00533
1014,3160,P00533
1014,1016,P00533
1014,1074,P00533
1014,1034,P00533
1014,1096,P00533
1014,1111,P00533
1014,1066,P00533
1014,1097,P00533
1014,1085,P00533
1014,1072,P00533
1014,366,P00533
1014,363,P00533
1014,993,P00533
1014,1031,P00533
1014,1087,P00533
1014,1003,P00533
1014,1040,P00533
1014,1084,P00533
1014,1098,P00533
1014,1081,P00533
1014,99,P00533
1014,1010,P00533
1014,1078,P00533
1014,1027,P00533
1014,1113,P00533
1014,1114,P00533
1014,978,P00533
1014,359,P00533
1014,1082,P00533
1014,1065,P00533
1014,1056,P00533
1014,1033,P00533
1014,1095,P00533
1014,3157,P00533
1014,1029,P00533
1014,364,P00533
1014,1071,P00533
1014,1070,P00533
1014,1019,P00533
1014,986,P00533
1014,1050,P00533
1014,977,P00533
1014,1024,P00533
1014,1112,P00533
1014,1060,P00533
1014,1013,P00533
1014,1109,P00533
1014,1080,P00533
1014,1043,P00533
1014,991,P00533
1014,1105,P00533
1015,3160,P00533
1015,1016,P00533
1015,1074,P00533
1015,1034,P00533
1015,1096,P00533
1015,1111,P00533
1015,1066,P00533
1015,1097,P00533
1015,1085,P00533
1015,1072,P00533
1015,366,P00533
1015,363,P00533
1015,993,P00533
1015,1031,P00533
1015,1087,P00533
1015,1003,P00533
1015,1040,P00533
1015,1084,P00533
1015,1098,P00533
1015,1081,P00533
1015,99,P00533
1015,1010,P00533
1015,1078,P00533
1015,1027,P00533
1015,1113,P00533
1015,1114,P00533
1015,978,P00533
1015,359,P00533
1015,1082,P00533
1015,1065,P00533
1015,1056,P00533
1015,1033,P00533
1015,1095,P00533
1015,3157,P00533
1015,1029,P00533
1015,364,P00533
1015,1071,P00533
1015,1070,P00533
1015,1019,P00533
1015,986,P00533
1015,1050,P00533
1015,977,P00533
1015,1024,P00533
1015,1112,P00533
1015,1060,P00533
1015,1013,P00533
1015,1109,P00533
1015,1080,P00533
1015,1043,P00533
1015,991,P00533
1015,1105,P00533
1017,3160,P00533
1017,1016,P00533
1017,1074,P00533
1017,1034,P00533
1017,1096,P00533
1017,1111,P00533
1017,1066,P00533
1017,1097,P00533
1017,1085,P00533
1017,1072,P00533
1017,366,P00533
1017,363,P00533
1017,993,P00533
1017,1031,P00533
1017,1087,P00533
1017,1003,P00533
1017,1040,P00533
1017,1084,P00533
1017,1098,P00533
1017,1081,P00533
1017,99,P00533
1017,1010,P00533
1017,1078,P00533
1017,1027,P00533
1017,1113,P00533
1017,1114,P00533
1017,978,P00533
1017,359,P00533
1017,1082,P00533
1017,1065,P00533
1017,1056,P00533
1017,1033,P00533
1017,1095,P00533
1017,3157,P00533
1017,1029,P00533
1017,364,P00533
1017,1071,P00533
1017,1070,P00533
1017,1019,P00533
1017,986,P00533
1017,1050,P00533
1017,977,P00533
1017,1024,P00533
1017,1112,P00533
1017,1060,P00533
1017,1013,P00533
1017,1109,P00533
1017,1080,P00533
1017,1043,P00533
1017,991,P00533
1017,1105,P00533
1018,3160,P00533
1018,1016,P00533
1018,1074,P00533
1018,1034,P00533
1018,1096,P00533
1018,1111,P00533
1018,1066,P00533
1018,1097,P00533
1018,1085,P00533
1018,1072,P00533
1018,366,P00533
1018,363,P00533
1018,993,P00533
1018,1031,P00533
1018,1087,P00533
1018,1003,P00533
1018,1040,P00533
1018,1084,P00533
1018,1098,P00533
1018,1081,P00533
1018,99,P00533
1018,1010,P00533
1018,1078,P00533
1018,1027,P00533
1018,1113,P00533
1018,1114,P00533
1018,978,P00533
1018,359,P00533
1018,1082,P00533
1018,1065,P00533
1018,1056,P00533
1018,1033,P00533
1018,1095,P00533
1018,3157,P00533
1018,1029,P00533
1018,364,P00533
1018,1071,P00533
1018,1070,P00533
1018,1019,P00533
1018,986,P00533
1018,1050,P00533
1018,977,P00533
1018,1024,P00533
1018,1112,P00533
1018,1060,P00533
1018,1013,P00533
1018,1109,P00533
1018,1080,P00533
1018,1043,P00533
1018,991,P00533
1018,1105,P00533
1020,3160,P00533
1020,1016,P00533
1020,1074,P00533
1020,1034,P00533
1020,1096,P00533
1020,1111,P00533
1020,1066,P00533
1020,1097,P00533
1020,1085,P00533
1020,1072,P00533
1020,366,P00533
1020,363,P00533
1020,993,P00533
1020,1031,P00533
1020,1087,P00533
1020,1003,P00533
1020,1040,P00533
1020,1084,P00533
1020,1098,P00533
1020,1081,P00533
1020,99,P00533
1020,1010,P00533
1020,1078,P00533
1020,1027,P00533
1020,1113,P00533
1020,1114,P00533
1020,978,P00533
1020,359,P00533
1020,1082,P00533
1020,1065,P00533
1020,1056,P00533
1020,1033,P00533
1020,1095,P00533
1020,3157,P00533
1020,1029,P00533
1020,364,P00533
1020,1071,P00533
1020,1070,P00533
1020,1019,P00533
1020,986,P00533
1020,1050,P00533
1020,977,P00533
1020,1024,P00533
1020,1112,P00533
1020,1060,P00533
1020,1013,P00533
1020,1109,P00533
1020,1080,P00533
1020,1043,P00533
1020,991,P00533
1020,1105,P00533
1021,3160,P00533
1021,1016,P00533
1021,1074,P00533
1021,1034,P00533
1021,1096,P00533
1021,1111,P00533
1021,1066,P00533
1021,1097,P00533
1021,1085,P00533
1021,1072,P00533
1021,366,P00533
1021,363,P00533
1021,993,P00533
1021,1031,P00533
1021,1087,P00533
1021,1003,P00533
1021,1040,P00533
1021,1084,P00533
1021,1098,P00533
1021,1081,P00533
1021,99,P00533
1021,1010,P00533
1021,1078,P00533
1021,1027,P00533
1021,1113,P00533
1021,1114,P00533
1021,978,P00533
1021,359,P00533
1021,1082,P00533
1021,1065,P00533
1021,1056,P00533
1021,1033,P00533
1021,1095,P00533
1021,3157,P00533
1021,1029,P00533
1021,364,P00533
1021,1071,P00533
1021,1070,P00533
1021,1019,P00533
1021,986,P00533
1021,1050,P00533
1021,977,P00533
1021,1024,P00533
1021,1112,P00533
1021,1060,P00533
1021,1013,P00533
1021,1109,P00533
1021,1080,P00533
1021,1043,P00533
1021,991,P00533
1021,1105,P00533
1022,3160,P00533
1022,1016,P00533
1022,1074,P00533
1022,1034,P00533
1022,1096,P00533
1022,1111,P00533
1022,1066,P00533
1022,1097,P00533
1022,1085,P00533
1022,1072,P00533
1022,366,P00533
1022,363,P00533
1022,993,P00533
1022,1031,P00533
1022,1087,P00533
1022,1003,P00533
1022,1040,P00533
1022,1084,P00533
1022,1098,P00533
1022,1081,P00533
1022,99,P00533
1022,1010,P00533
1022,1078,P00533
1022,1027,P00533
1022,1113,P00533
1022,1114,P00533
1022,978,P00533
1022,359,P00533
1022,1082,P00533
1022,1065,P00533
1022,1056,P00533
1022,1033,P00533
1022,1095,P00533
1022,3157,P00533
1022,1029,P00533
1022,364,P00533
1022,1071,P00533
1022,1070,P00533
1022,1019,P00533
1022,986,P00533
1022,1050,P00533
1022,977,P00533
1022,1024,P00533
1022,1112,P00533
1022,1060,P00533
1022,1013,P00533
1022,1109,P00533
1022,1080,P00533
1022,1043,P00533
1022,991,P00533
1022,1105,P00533
1023,3160,P00533
1023,1016,P00533
1023,1074,P00533
1023,1034,P00533
1023,1096,P00533
1023,1111,P00533
1023,1066,P00533
1023,1097,P00533
1023,1085,P00533
1023,1072,P00533
1023,366,P00533
1023,363,P00533
1023,993,P00533
1023,1031,P00533
1023,1087,P00533
1023,1003,P00533
1023,1040,P00533
1023,1084,P00533
1023,1098,P00533
1023,1081,P00533
1023,99,P00533
1023,1010,P00533
1023,1078,P00533
1023,1027,P00533
1023,1113,P00533
1023,1114,P00533
1023,978,P00533
1023,359,P00533
1023,1082,P00533
1023,1065,P00533
1023,1056,P00533
1023,1033,P00533
1023,1095,P00533
1023,3157,P00533
1023,1029,P00533
1023,364,P00533
1023,1071,P00533
1023,1070,P00533
1023,1019,P00533
1023,986,P00533
1023,1050,P00533
1023,977,P00533
1023,1024,P00533
1023,1112,P00533
1023,1060,P00533
1023,1013,P00533
1023,1109,P00533
1023,1080,P00533
1023,1043,P00533
1023,991,P00533
1023,1105,P00533
